scenario,population,replicate,social_mode,rewiring,unique_policy_count,policy_entropy,policy_hamming_mean,policy_hamming_visit_weighted_mean,visited_state_fraction,total_training_state_visits,total_rewires,mean_rewires_per_agent,mean_prediction_error,visibility_gini,max_visibility_degree,max_visibility_share,reciprocity,degree_assortativity,policy_low_scarce,training_visit_fraction_scarce,policy_low_moderate,training_visit_fraction_moderate,policy_low_abundant,training_visit_fraction_abundant,training_visit_fraction_social_mostly_high,training_visit_fraction_social_mixed,training_visit_fraction_social_mostly_low,policy_low_scarce_mostly_high,training_visit_fraction_scarce_mostly_high,policy_low_scarce_mixed,training_visit_fraction_scarce_mixed,policy_low_scarce_mostly_low,training_visit_fraction_scarce_mostly_low,policy_low_moderate_mostly_high,training_visit_fraction_moderate_mostly_high,policy_low_moderate_mixed,training_visit_fraction_moderate_mixed,policy_low_moderate_mostly_low,training_visit_fraction_moderate_mostly_low,policy_low_abundant_mostly_high,training_visit_fraction_abundant_mostly_high,policy_low_abundant_mixed,training_visit_fraction_abundant_mixed,policy_low_abundant_mostly_low,training_visit_fraction_abundant_mostly_low
uniform_high,64,0,fixed,prediction_error,57,0.959609960926232,0.4713955026455027,0.48182828311011905,0.6666666666666666,320000,207,3.234375,0.2110946221462155,0.372802734375,10,0.0390625,0.0546875,0.08462162572108774,0.4010416666666667,0.9955687500000001,0.3125,0.00443125,0.4791666666666667,0.0,0.5281125,0.32948125,0.14240624999999998,0.375,0.52633125,0.390625,0.32795625,0.4375,0.14128125,0.34375,0.00178125,0.34375,0.001525,0.25,0.001125,0.46875,0.0,0.578125,0.0,0.390625,0.0
patchy_high,64,0,fixed,prediction_error,57,0.9615758137964493,0.4640652557319223,0.43680381944444446,0.6666666666666666,320000,172,2.6875,0.19611071161003368,0.3790283203125,14,0.0546875,0.0546875,0.11587683614394029,0.328125,0.9959187500000001,0.3385416666666667,0.00408125,0.4791666666666667,0.0,0.58493125,0.29800625000000003,0.1170625,0.328125,0.5834,0.265625,0.2964125,0.390625,0.11610625,0.328125,0.00153125,0.359375,0.00159375,0.328125,0.00095625,0.46875,0.0,0.578125,0.0,0.390625,0.0
split_high_low,64,0,fixed,prediction_error,58,0.96875,0.468805114638448,0.4166076233878968,0.6666666666666666,320000,171,2.671875,0.19483208036622235,0.3643798828125,14,0.0546875,0.0703125,0.12245963901082711,0.34375,0.9815375000000001,0.375,0.0184625,0.4791666666666667,0.0,0.607390625,0.28689375,0.105715625,0.265625,0.598575,0.296875,0.280646875,0.46875,0.102315625,0.3125,0.008815625,0.453125,0.006246875,0.359375,0.0034,0.46875,0.0,0.578125,0.0,0.390625,0.0
uniform_high,64,1,fixed,prediction_error,58,0.96875,0.46819885361552027,0.47623142361111115,0.6666666666666666,320000,243,3.796875,0.22906354907327942,0.4136962890625,11,0.04296875,0.046875,0.16065428744998397,0.40625,0.9951812499999999,0.296875,0.00481875,0.4895833333333333,0.0,0.439275,0.3526375,0.2080875,0.328125,0.4371625,0.5,0.35086875,0.390625,0.20715,0.3125,0.0021125,0.25,0.00176875,0.328125,0.0009375,0.421875,0.0,0.515625,0.0,0.53125,0.0
patchy_high,64,1,fixed,prediction_error,59,0.9739583333333334,0.45954585537918874,0.4756371155753969,0.6666666666666666,320000,238,3.71875,0.22644669357285274,0.4017333984375,12,0.046875,0.1015625,-0.01856420573849145,0.375,0.9956656250000001,0.2708333333333333,0.004334375,0.4895833333333333,0.0,0.43945625,0.35444375,0.2061,0.40625,0.437740625,0.34375,0.35276875,0.375,0.20515625,0.28125,0.001715625,0.25,0.001675,0.28125,0.00094375,0.421875,0.0,0.515625,0.0,0.53125,0.0
split_high_low,64,1,fixed,prediction_error,55,0.9511591471297827,0.47514329805996475,0.46863277684771826,0.6666666666666666,320000,205,3.203125,0.20967923719871318,0.400146484375,12,0.046875,0.0625,-0.0029186414714226067,0.40625,0.99576875,0.328125,0.00423125,0.4895833333333333,0.0,0.51885625,0.332940625,0.148203125,0.328125,0.516946875,0.390625,0.33134375,0.5,0.147478125,0.390625,0.001909375,0.328125,0.001596875,0.265625,0.000725,0.421875,0.0,0.515625,0.0,0.53125,0.0
uniform_high,64,2,fixed,prediction_error,54,0.9479166666666666,0.46378968253968256,0.4561368505084325,0.6666666666666666,320000,203,3.171875,0.21427505363420182,0.3531494140625,12,0.046875,0.0703125,0.06597735762810293,0.3645833333333333,0.9958906249999999,0.3489583333333333,0.004109375,0.5,0.0,0.5094093749999999,0.329334375,0.16125625,0.328125,0.507675,0.328125,0.32775,0.4375,0.160465625,0.359375,0.001734375,0.1875,0.001584375,0.5,0.000790625,0.578125,0.0,0.515625,0.0,0.40625,0.0
patchy_high,64,2,fixed,prediction_error,53,0.9387766275928987,0.46930114638447973,0.4625565150669643,0.6666666666666666,320000,213,3.328125,0.21287225776158963,0.423828125,12,0.046875,0.0234375,-0.015546054095634669,0.3697916666666667,0.99585625,0.3541666666666667,0.00414375,0.5,0.0,0.5096375000000001,0.33189062500000005,0.15847187499999998,0.375,0.507890625,0.296875,0.33028125,0.4375,0.157684375,0.34375,0.001746875,0.234375,0.001609375,0.484375,0.0007875,0.578125,0.0,0.515625,0.0,0.40625,0.0
split_high_low,64,2,fixed,prediction_error,60,0.9791666666666666,0.4790013227513228,0.4726950210813492,0.6666666666666666,320000,211,3.296875,0.21276978100869942,0.4512939453125,13,0.05078125,0.0546875,0.15552524746778426,0.4166666666666667,0.99456875,0.359375,0.0054312499999999994,0.5,0.0,0.5162687499999999,0.33220625,0.151525,0.328125,0.51373125,0.421875,0.330184375,0.5,0.150653125,0.40625,0.0025375,0.25,0.002021875,0.421875,0.000871875,0.578125,0.0,0.515625,0.0,0.40625,0.0
uniform_high,64,3,fixed,prediction_error,60,0.9772008137964493,0.45546737213403876,0.41020582217261903,0.6666666666666666,320000,154,2.40625,0.18772610259547023,0.3453369140625,10,0.0390625,0.09375,0.021287896683824806,0.34375,0.995584375,0.3177083333333333,0.004415625,0.4739583333333333,0.0,0.64389375,0.265846875,0.090259375,0.265625,0.641896875,0.28125,0.264271875,0.484375,0.089415625,0.28125,0.001996875,0.296875,0.001575,0.375,0.00084375,0.59375,0.0,0.4375,0.0,0.390625,0.0
patchy_high,64,3,fixed,prediction_error,56,0.956367480463116,0.4581679894179895,0.3884864226810516,0.6666666666666666,320000,152,2.375,0.18862499601162946,0.3289794921875,11,0.04296875,0.0625,-0.005760208232434357,0.3645833333333333,0.9956250000000001,0.3333333333333333,0.004375,0.4739583333333333,0.0,0.6304031250000001,0.27288125,0.096715625,0.203125,0.628503125,0.390625,0.27129375,0.5,0.095828125,0.34375,0.0019,0.25,0.0015875,0.40625,0.0008875,0.59375,0.0,0.4375,0.0,0.390625,0.0
split_high_low,64,3,fixed,prediction_error,59,0.9739583333333334,0.4672067901234568,0.428327335999504,0.6666666666666666,320000,145,2.265625,0.1807871927085961,0.348876953125,13,0.05078125,0.0546875,-0.023243123399908742,0.359375,0.948271875,0.3489583333333333,0.051728125,0.4739583333333333,0.0,0.6645,0.256559375,0.07894062499999999,0.265625,0.634775,0.40625,0.24193125,0.40625,0.071565625,0.34375,0.029725,0.265625,0.014628125,0.4375,0.007375,0.59375,0.0,0.4375,0.0,0.390625,0.0
uniform_high,64,4,fixed,prediction_error,52,0.9335682942595653,0.4422949735449736,0.2840079396081349,0.6666666666666666,320000,102,1.59375,0.13157408470448118,0.348388671875,11,0.04296875,0.0859375,-0.07235480721259495,0.24479166666666666,0.9956125,0.359375,0.0043875,0.4739583333333333,0.0,0.8580625,0.121446875,0.020490625000000002,0.15625,0.855990625,0.234375,0.119875,0.34375,0.019746875,0.34375,0.002071875,0.28125,0.001571875,0.453125,0.00074375,0.453125,0.0,0.46875,0.0,0.5,0.0
patchy_high,64,4,fixed,prediction_error,54,0.9459508137964493,0.44229497354497355,0.28443569103422617,0.6666666666666666,320000,81,1.265625,0.12777438129300928,0.3616943359375,13,0.05078125,0.1015625,-0.03227879405959884,0.2552083333333333,0.995721875,0.3489583333333333,0.004278125,0.4739583333333333,0.0,0.856684375,0.122559375,0.02075625,0.15625,0.85498125,0.234375,0.12080625,0.375,0.019934375,0.34375,0.001703125,0.265625,0.001753125,0.4375,0.000821875,0.453125,0.0,0.46875,0.0,0.5,0.0
split_high_low,64,4,fixed,prediction_error,55,0.9511591471297827,0.46753747795414463,0.38763503534226185,0.6666666666666666,320000,175,2.734375,0.17172454252490676,0.400146484375,11,0.04296875,0.0546875,0.0013934972961872779,0.3072916666666667,0.962740625,0.4010416666666667,0.037259375000000004,0.4739583333333333,0.0,0.718715625,0.21979375,0.061490625,0.234375,0.6986625,0.296875,0.206978125,0.390625,0.0571,0.4375,0.020053125,0.28125,0.012815625,0.484375,0.004390625,0.453125,0.0,0.46875,0.0,0.5,0.0
uniform_high,64,5,fixed,prediction_error,56,0.953125,0.46412037037037035,0.4172733289930556,0.6666666666666666,320000,183,2.859375,0.18673120132648993,0.3939208984375,13,0.05078125,0.0703125,0.018371402714843055,0.328125,0.9957375,0.3229166666666667,0.0042625,0.5104166666666666,0.0,0.652309375,0.263896875,0.08379375,0.265625,0.650571875,0.328125,0.262390625,0.390625,0.082775,0.296875,0.0017375,0.3125,0.00150625,0.359375,0.00101875,0.53125,0.0,0.484375,0.0,0.515625,0.0
patchy_high,64,5,fixed,prediction_error,57,0.9583333333333334,0.46081349206349204,0.39857237258184525,0.6666666666666666,320000,200,3.125,0.19069463357788066,0.4295654296875,15,0.05859375,0.046875,-0.051388881034139106,0.3020833333333333,0.9958093750000001,0.3385416666666667,0.004190625,0.5104166666666666,0.0,0.627146875,0.275465625,0.0973875,0.25,0.6253875,0.28125,0.27398125,0.375,0.096440625,0.296875,0.001759375,0.34375,0.001484375,0.375,0.000946875,0.53125,0.0,0.484375,0.0,0.515625,0.0
split_high_low,64,5,fixed,prediction_error,58,0.96875,0.4721671075837743,0.44720803881448407,0.6666666666666666,320000,198,3.09375,0.19113817598214633,0.4197998046875,13,0.05078125,0.046875,-0.001203052757774392,0.3333333333333333,0.9966062499999999,0.3489583333333333,0.00339375,0.5104166666666666,0.0,0.6387625,0.269234375,0.092003125,0.3125,0.637396875,0.375,0.267975,0.3125,0.091234375,0.328125,0.001365625,0.328125,0.001259375,0.390625,0.00076875,0.53125,0.0,0.484375,0.0,0.515625,0.0
uniform_high,64,6,fixed,prediction_error,58,0.96875,0.46130952380952384,0.3149805850074404,0.6666666666666666,320000,139,2.171875,0.16713811738223905,0.35595703125,13,0.05078125,0.1015625,-0.012864080866928472,0.2708333333333333,0.9958,0.4114583333333333,0.0042,0.484375,0.0,0.730234375,0.21821875,0.051546875,0.15625,0.72853125,0.3125,0.21660625,0.34375,0.0506625,0.421875,0.001703125,0.40625,0.0016125,0.40625,0.000884375,0.4375,0.0,0.53125,0.0,0.484375,0.0
patchy_high,64,6,fixed,prediction_error,59,0.9700266275928987,0.4607583774250441,0.30421641090029766,0.6666666666666666,320000,135,2.109375,0.16171171427364484,0.3370361328125,12,0.046875,0.0859375,-0.05567159534111171,0.296875,0.9956468749999999,0.4166666666666667,0.004353124999999999,0.484375,0.0,0.7355937499999999,0.21791875,0.0464875,0.15625,0.733815625,0.25,0.2162375,0.484375,0.04559375,0.453125,0.001778125,0.390625,0.00168125,0.40625,0.00089375,0.4375,0.0,0.53125,0.0,0.484375,0.0
split_high_low,64,6,fixed,prediction_error,59,0.971992480463116,0.48660714285714285,0.440420935639881,0.6666666666666666,320000,186,2.90625,0.1942574976059536,0.3759765625,13,0.05078125,0.109375,0.0814970174202498,0.3645833333333333,0.98890625,0.4166666666666667,0.01109375,0.484375,0.0,0.5955,0.29769375000000003,0.10680624999999999,0.28125,0.588075,0.375,0.295009375,0.4375,0.105821875,0.4375,0.007425,0.390625,0.002684375,0.421875,0.000984375,0.4375,0.0,0.53125,0.0,0.484375,0.0
uniform_high,64,7,fixed,prediction_error,53,0.9427083333333334,0.45056216931216925,0.36959383835565474,0.6666666666666666,320000,170,2.65625,0.18531064502650368,0.4097900390625,11,0.04296875,0.09375,0.018615701335055954,0.25,0.9956531249999999,0.3645833333333333,0.004346875,0.4739583333333333,0.0,0.619375,0.28085,0.099775,0.234375,0.617825,0.234375,0.27923125,0.28125,0.098596875,0.359375,0.00155,0.375,0.00161875,0.359375,0.001178125,0.53125,0.0,0.484375,0.0,0.40625,0.0
patchy_high,64,7,fixed,prediction_error,60,0.9791666666666666,0.4744268077601411,0.4223997442336309,0.6666666666666666,320000,151,2.359375,0.1824797831467445,0.4056396484375,11,0.04296875,0.0546875,-0.12245426381388388,0.3489583333333333,0.996275,0.3645833333333333,0.003725,0.4739583333333333,0.0,0.640125,0.27150625,0.08836875,0.265625,0.638890625,0.34375,0.270128125,0.4375,0.08725625,0.359375,0.001234375,0.359375,0.001378125,0.375,0.0011125,0.53125,0.0,0.484375,0.0,0.40625,0.0
split_high_low,64,7,fixed,prediction_error,61,0.984375,0.4853395061728395,0.4457080295138889,0.6666666666666666,320000,171,2.671875,0.1875503059842975,0.35888671875,11,0.04296875,0.078125,0.03676678886165816,0.359375,0.961325,0.4166666666666667,0.038674999999999994,0.4739583333333333,0.0,0.61196875,0.27679375,0.1112375,0.296875,0.592434375,0.359375,0.264290625,0.421875,0.1046,0.390625,0.019534375,0.453125,0.012503125,0.40625,0.0066375,0.53125,0.0,0.484375,0.0,0.40625,0.0
uniform_high,64,8,fixed,prediction_error,52,0.931602441389348,0.4327050264550264,0.32317801804315477,0.6666666666666666,320000,136,2.125,0.15789507743317055,0.39013671875,14,0.0546875,0.0546875,0.029695410630884402,0.2552083333333333,0.981578125,0.3020833333333333,0.018421875,0.5416666666666666,0.0,0.7624593749999999,0.19344999999999998,0.044090624999999994,0.171875,0.747675,0.296875,0.190528125,0.296875,0.043375,0.3125,0.014784375,0.203125,0.002921875,0.390625,0.000715625,0.5625,0.0,0.5625,0.0,0.5,0.0
patchy_high,64,8,fixed,prediction_error,57,0.9615758137964493,0.4332561728395062,0.30703368210565474,0.6666666666666666,320000,144,2.25,0.16640051283632984,0.3411865234375,10,0.0390625,0.046875,0.03138107416521115,0.24479166666666666,0.96868125,0.3125,0.03131875,0.5416666666666666,0.0,0.740153125,0.20874375,0.051103125,0.15625,0.714265625,0.265625,0.204203125,0.3125,0.0502125,0.28125,0.0258875,0.265625,0.004540625,0.390625,0.000890625,0.5625,0.0,0.5625,0.0,0.5,0.0
split_high_low,64,8,fixed,prediction_error,51,0.9303258137964493,0.4254850088183421,0.25944333302331346,0.6666666666666666,320000,90,1.40625,0.13871436620177474,0.3397216796875,11,0.04296875,0.0390625,-0.0020478197363057397,0.21875,0.9951125,0.3333333333333333,0.0048875,0.5416666666666666,0.0,0.8149718749999999,0.15485000000000002,0.030178125,0.140625,0.812046875,0.171875,0.15349375,0.34375,0.029571875,0.3125,0.002925,0.265625,0.00135625,0.421875,0.00060625,0.5625,0.0,0.5625,0.0,0.5,0.0
uniform_high,64,9,fixed,prediction_error,55,0.9491932942595653,0.4443342151675485,0.251489017547123,0.6666666666666666,320000,107,1.671875,0.1468746805114082,0.305419921875,11,0.04296875,0.046875,0.022207857332478226,0.3072916666666667,0.99576875,0.3385416666666667,0.00423125,0.4895833333333333,0.0,0.7953125,0.17055937499999999,0.034128124999999995,0.109375,0.793459375,0.328125,0.1689625,0.484375,0.033346875,0.375,0.001853125,0.234375,0.001596875,0.40625,0.00078125,0.515625,0.0,0.4375,0.0,0.515625,0.0
patchy_high,64,9,fixed,prediction_error,55,0.9511591471297827,0.4458774250440917,0.3372133417038691,0.6666666666666666,320000,109,1.703125,0.14640711048476748,0.3697509765625,13,0.05078125,0.0625,0.030250582310511472,0.2708333333333333,0.99589375,0.34375,0.00410625,0.4895833333333333,0.0,0.80266875,0.165046875,0.032284375,0.203125,0.8008125,0.21875,0.163490625,0.390625,0.031590625,0.390625,0.00185625,0.234375,0.00155625,0.40625,0.00069375,0.515625,0.0,0.4375,0.0,0.515625,0.0
split_high_low,64,9,fixed,prediction_error,56,0.9583333333333334,0.46875,0.41804269438244046,0.6666666666666666,320000,149,2.328125,0.16593692161424212,0.3983154296875,11,0.04296875,0.0859375,0.02939363329736939,0.328125,0.975478125,0.3645833333333333,0.024521875,0.4895833333333333,0.0,0.70565,0.224234375,0.070115625,0.265625,0.692921875,0.359375,0.2163625,0.359375,0.06619375,0.421875,0.012728125,0.25,0.007871875,0.421875,0.003921875,0.515625,0.0,0.4375,0.0,0.515625,0.0
uniform_high,64,10,fixed,prediction_error,55,0.953125,0.4407517636684304,0.3341256339905754,0.6666666666666666,320000,137,2.140625,0.1600992294644423,0.4527587890625,14,0.0546875,0.109375,0.10909255789526949,0.3125,0.9953875000000001,0.3020833333333333,0.0046125,0.5364583333333334,0.0,0.74209375,0.209971875,0.047934375,0.1875,0.7406,0.25,0.20816875,0.5,0.04661875,0.328125,0.00149375,0.21875,0.001803125,0.359375,0.001315625,0.59375,0.0,0.5,0.0,0.515625,0.0
patchy_high,64,10,fixed,prediction_error,60,0.9791666666666666,0.4548611111111111,0.357284134734623,0.6666666666666666,320000,152,2.375,0.16805335706978652,0.4599609375,14,0.0546875,0.046875,-0.010174371189023595,0.3229166666666667,0.99579375,0.3229166666666667,0.00420625,0.5364583333333334,0.0,0.698675,0.2325875,0.0687375,0.1875,0.697340625,0.34375,0.230915625,0.4375,0.0675375,0.375,0.001334375,0.265625,0.001671875,0.328125,0.0012,0.59375,0.0,0.5,0.0,0.515625,0.0
split_high_low,64,10,fixed,prediction_error,57,0.9635416666666666,0.4617504409171076,0.3766908823164683,0.6666666666666666,320000,134,2.09375,0.16507178833074543,0.42431640625,12,0.046875,0.125,0.05850070039430944,0.2864583333333333,0.9849562500000001,0.3958333333333333,0.015043750000000002,0.5364583333333334,0.0,0.7263343750000001,0.215553125,0.0581125,0.21875,0.718825,0.34375,0.21035,0.296875,0.05578125,0.375,0.007509375,0.3125,0.005203125,0.5,0.00233125,0.59375,0.0,0.5,0.0,0.515625,0.0
uniform_high,64,11,fixed,prediction_error,54,0.943984960926232,0.4469797178130511,0.4102668371775794,0.6666666666666666,320000,202,3.15625,0.19020773741352037,0.3564453125,12,0.046875,0.046875,0.043668052707204946,0.3072916666666667,0.9959468749999999,0.28125,0.0040531249999999994,0.5364583333333334,0.0,0.606046875,0.2896125,0.104340625,0.25,0.60415625,0.34375,0.2881625,0.328125,0.103628125,0.265625,0.001890625,0.25,0.00145,0.328125,0.0007125,0.515625,0.0,0.515625,0.0,0.578125,0.0
patchy_high,64,11,fixed,prediction_error,58,0.96875,0.4508928571428571,0.46412528366815475,0.6666666666666666,320000,234,3.65625,0.2061834634505057,0.4368896484375,12,0.046875,0.03125,0.10592253294480977,0.3333333333333333,0.994328125,0.28125,0.005671875,0.5364583333333334,0.0,0.531003125,0.328009375,0.1409875,0.390625,0.52849375,0.375,0.325871875,0.234375,0.1399625,0.328125,0.002509375,0.234375,0.0021375,0.28125,0.001025,0.515625,0.0,0.515625,0.0,0.578125,0.0
split_high_low,64,11,fixed,prediction_error,60,0.9791666666666666,0.47348985890652556,0.49306128472222227,0.6666666666666666,320000,289,4.515625,0.22759758198554708,0.4500732421875,11,0.04296875,0.0546875,0.13315062044011353,0.453125,0.996509375,0.296875,0.0034906250000000002,0.5364583333333334,0.0,0.43545937500000004,0.35674687499999996,0.20779375,0.484375,0.43413125,0.359375,0.3553125,0.515625,0.207065625,0.328125,0.001328125,0.296875,0.001434375,0.265625,0.000728125,0.515625,0.0,0.515625,0.0,0.578125,0.0
uniform_high,64,12,fixed,prediction_error,59,0.9739583333333334,0.45563271604938266,0.3067932074652778,0.6666666666666666,320000,132,2.0625,0.16173000779363667,0.3607177734375,10,0.0390625,0.0625,0.06526380845278504,0.28125,0.995778125,0.3854166666666667,0.004221875,0.5364583333333334,0.0,0.76975,0.188025,0.042225000000000006,0.15625,0.7680375,0.296875,0.186559375,0.390625,0.04118125,0.421875,0.0017125,0.359375,0.001465625,0.375,0.00104375,0.4375,0.0,0.578125,0.0,0.59375,0.0
patchy_high,64,12,fixed,prediction_error,54,0.943984960926232,0.4583884479717813,0.38543804253472225,0.6666666666666666,320000,120,1.875,0.15342537757991492,0.3486328125,10,0.0390625,0.0625,-0.030215437816593565,0.2760416666666667,0.994521875,0.3802083333333333,0.005478125,0.5364583333333334,0.0,0.811784375,0.15992187500000002,0.02829375,0.25,0.809171875,0.265625,0.1581625,0.3125,0.0271875,0.4375,0.0026125,0.34375,0.001759375,0.359375,0.00110625,0.4375,0.0,0.578125,0.0,0.59375,0.0
split_high_low,64,12,fixed,prediction_error,59,0.971992480463116,0.4808752204585538,0.45301739676339287,0.6666666666666666,320000,156,2.4375,0.18064077884314725,0.3848876953125,12,0.046875,0.03125,-0.017713946918254633,0.3697916666666667,0.9294250000000001,0.4114583333333333,0.070575,0.5364583333333334,0.0,0.648809375,0.26841875000000004,0.082771875,0.34375,0.599921875,0.28125,0.251609375,0.484375,0.07789375,0.46875,0.0488875,0.390625,0.016809375,0.375,0.004878125,0.4375,0.0,0.578125,0.0,0.59375,0.0
uniform_high,64,13,fixed,prediction_error,58,0.96875,0.4593805114638448,0.4385708984375,0.6666666666666666,320000,204,3.1875,0.18534480400647063,0.384765625,16,0.0625,0.0703125,0.1842599422750543,0.3177083333333333,0.9956625,0.3125,0.0043375,0.53125,0.0,0.627665625,0.277225,0.09510937500000001,0.328125,0.625971875,0.28125,0.275621875,0.34375,0.09406875,0.328125,0.00169375,0.265625,0.001603125,0.34375,0.001040625,0.5,0.0,0.546875,0.0,0.546875,0.0
patchy_high,64,13,fixed,prediction_error,60,0.9791666666666666,0.47150573192239853,0.4312922433035714,0.6666666666666666,320000,197,3.078125,0.18548944999871608,0.3812255859375,15,0.05859375,0.046875,-0.04077746046171577,0.359375,0.9956437499999999,0.3333333333333333,0.004356250000000001,0.53125,0.0,0.62695,0.276821875,0.09622812500000001,0.265625,0.625265625,0.40625,0.275225,0.40625,0.095153125,0.359375,0.001684375,0.3125,0.001596875,0.328125,0.001075,0.5,0.0,0.546875,0.0,0.546875,0.0
split_high_low,64,13,fixed,prediction_error,59,0.9739583333333334,0.47321428571428564,0.4159681346106151,0.6666666666666666,320000,209,3.265625,0.19114294188330355,0.4403076171875,13,0.05078125,0.0703125,0.10378954371881634,0.3385416666666667,0.974240625,0.3697916666666667,0.025759375,0.53125,0.0,0.5921375,0.2981625,0.10969999999999999,0.234375,0.579565625,0.421875,0.28915,0.359375,0.105525,0.34375,0.012571875,0.359375,0.0090125,0.40625,0.004175,0.5,0.0,0.546875,0.0,0.546875,0.0
uniform_high,64,14,fixed,prediction_error,54,0.943984960926232,0.47277336860670194,0.476778267609127,0.6666666666666666,320000,227,3.546875,0.22268658991757545,0.41943359375,14,0.0546875,0.0234375,-0.05876898573997513,0.3697916666666667,0.99546875,0.34375,0.0045312500000000006,0.546875,0.0,0.47071875,0.341271875,0.188009375,0.390625,0.46893125,0.390625,0.33955,0.328125,0.1869875,0.3125,0.0017875,0.296875,0.001721875,0.421875,0.001021875,0.453125,0.0,0.59375,0.0,0.59375,0.0
patchy_high,64,14,fixed,prediction_error,58,0.96875,0.4760802469135802,0.4855437701512897,0.6666666666666666,320000,211,3.296875,0.214391843491102,0.3695068359375,10,0.0390625,0.0703125,0.1474190315906702,0.421875,0.9952375000000001,0.34375,0.0047625,0.546875,0.0,0.50615,0.3340375,0.1598125,0.375,0.504178125,0.40625,0.33215,0.484375,0.158909375,0.28125,0.001971875,0.28125,0.0018875,0.46875,0.000903125,0.453125,0.0,0.59375,0.0,0.59375,0.0
split_high_low,64,14,fixed,prediction_error,56,0.956367480463116,0.4661596119929453,0.42594331287202386,0.6666666666666666,320000,198,3.09375,0.20152419358091733,0.41015625,11,0.04296875,0.0546875,0.006875238727711583,0.3229166666666667,0.958825,0.4114583333333333,0.041174999999999996,0.546875,0.0,0.56188125,0.31536875000000003,0.12275,0.3125,0.53400625,0.25,0.30575,0.40625,0.11906875,0.28125,0.027875,0.40625,0.00961875,0.546875,0.00368125,0.453125,0.0,0.59375,0.0,0.59375,0.0
uniform_high,64,15,fixed,prediction_error,58,0.96875,0.4623015873015873,0.41978575458829365,0.6666666666666666,320000,150,2.34375,0.17579103473924915,0.370849609375,12,0.046875,0.0625,0.00811037683861777,0.328125,0.9955343750000001,0.34375,0.004465625,0.515625,0.0,0.675978125,0.252190625,0.07183125,0.28125,0.674296875,0.296875,0.250321875,0.40625,0.070915625,0.421875,0.00168125,0.21875,0.00186875,0.390625,0.000915625,0.53125,0.0,0.5625,0.0,0.453125,0.0
patchy_high,64,15,fixed,prediction_error,53,0.9387766275928987,0.43926366843033515,0.3138525530133928,0.6666666666666666,320000,147,2.296875,0.1757386867785597,0.35595703125,10,0.0390625,0.0703125,0.0879410590520588,0.2760416666666667,0.9956343750000001,0.34375,0.004365625,0.515625,0.0,0.67079375,0.254621875,0.07458437500000001,0.15625,0.669265625,0.25,0.252778125,0.421875,0.073590625,0.4375,0.001528125,0.1875,0.00184375,0.40625,0.00099375,0.53125,0.0,0.5625,0.0,0.453125,0.0
split_high_low,64,15,fixed,prediction_error,54,0.9479166666666666,0.4610890652557319,0.4213926618303572,0.6666666666666666,320000,198,3.09375,0.20389921035120978,0.380615234375,11,0.04296875,0.0234375,0.003679841516318527,0.3125,0.9626718750000001,0.359375,0.037328125,0.515625,0.0,0.554721875,0.31430312499999996,0.13097499999999998,0.3125,0.53323125,0.234375,0.302696875,0.390625,0.12674375,0.421875,0.021490625,0.234375,0.01160625,0.421875,0.00423125,0.53125,0.0,0.5625,0.0,0.453125,0.0
uniform_high,64,16,fixed,prediction_error,60,0.9772008137964493,0.45866402116402116,0.3950437065972222,0.6666666666666666,320000,178,2.78125,0.1754583604188697,0.374755859375,11,0.04296875,0.046875,-0.023296972421686154,0.3229166666666667,0.9958125,0.3333333333333333,0.0041875,0.5,0.0,0.64843125,0.26570937499999997,0.085859375,0.234375,0.646565625,0.3125,0.264296875,0.421875,0.08495,0.3125,0.001865625,0.296875,0.0014125,0.390625,0.000909375,0.4375,0.0,0.453125,0.0,0.609375,0.0
patchy_high,64,16,fixed,prediction_error,60,0.9772008137964493,0.45800264550264547,0.42906562810019844,0.6666666666666666,320000,178,2.78125,0.17542795247490658,0.3914794921875,13,0.05078125,0.0546875,0.023870133641512227,0.3333333333333333,0.9954375,0.3125,0.0045625,0.5,0.0,0.671075,0.25269375,0.07623125,0.296875,0.6689625,0.296875,0.25110625,0.40625,0.07536875,0.265625,0.0021125,0.296875,0.0015875,0.375,0.0008625,0.4375,0.0,0.453125,0.0,0.609375,0.0
split_high_low,64,16,fixed,prediction_error,58,0.96875,0.48412698412698413,0.48955432632688495,0.6666666666666666,320000,246,3.84375,0.21250606292004157,0.474365234375,13,0.05078125,0.0625,0.07904300447484185,0.4114583333333333,0.9859718749999999,0.359375,0.014028124999999999,0.5,0.0,0.520640625,0.33100624999999995,0.148353125,0.390625,0.51356875,0.4375,0.32623125,0.40625,0.146171875,0.328125,0.007071875,0.34375,0.004775,0.40625,0.00218125,0.4375,0.0,0.453125,0.0,0.609375,0.0
uniform_high,64,17,fixed,prediction_error,60,0.9791666666666666,0.478560405643739,0.4500496946304564,0.6666666666666666,320000,235,3.671875,0.20470899659956907,0.476806640625,14,0.0546875,0.0546875,0.03294725416044504,0.3697916666666667,0.992646875,0.359375,0.007353125,0.4947916666666667,0.0,0.5615749999999999,0.3103375,0.1280875,0.296875,0.5576125,0.375,0.307896875,0.4375,0.1271375,0.328125,0.0039625,0.359375,0.002440625,0.390625,0.00095,0.4375,0.0,0.5625,0.0,0.484375,0.0
patchy_high,64,17,fixed,prediction_error,58,0.9667841471297827,0.47023809523809523,0.41286551184275794,0.6666666666666666,320000,220,3.4375,0.19202649643542297,0.381591796875,11,0.04296875,0.0703125,0.004887476678452817,0.3333333333333333,0.994978125,0.3697916666666667,0.005021874999999999,0.4947916666666667,0.0,0.5928781249999999,0.29456875000000005,0.11255312499999999,0.265625,0.590475,0.28125,0.292934375,0.453125,0.11156875,0.375,0.002403125,0.328125,0.001634375,0.40625,0.000984375,0.4375,0.0,0.5625,0.0,0.484375,0.0
split_high_low,64,17,fixed,prediction_error,56,0.9583333333333334,0.49007936507936506,0.4691103980654761,0.8888888888888888,320000,232,3.625,0.2029340270381315,0.43798828125,12,0.046875,0.1015625,0.04948510444188889,0.4114583333333333,0.9800374999999999,0.3958333333333333,0.01995,0.4947916666666667,1.2499999999999999e-05,0.5625468749999999,0.3118875,0.125565625,0.328125,0.5489875,0.40625,0.3067875,0.5,0.1242625,0.40625,0.01355,0.390625,0.005096875,0.390625,0.001303125,0.4375,9.375e-06,0.5625,3.125e-06,0.484375,0.0
uniform_high,64,18,fixed,prediction_error,55,0.9479166666666666,0.4435074955908289,0.4253025359623016,0.6666666666666666,320000,210,3.28125,0.20553972483165223,0.37158203125,11,0.04296875,0.109375,-0.03254562579996639,0.3177083333333333,0.9959874999999999,0.2760416666666667,0.0040125000000000004,0.5052083333333334,0.0,0.554165625,0.309740625,0.13609375,0.265625,0.552265625,0.359375,0.308278125,0.328125,0.13544375,0.296875,0.0019,0.1875,0.0014625,0.34375,0.00065,0.515625,0.0,0.40625,0.0,0.59375,0.0
patchy_high,64,18,fixed,prediction_error,57,0.9615758137964493,0.44775132275132273,0.4499775328621031,0.6666666666666666,320000,209,3.265625,0.2089113876593731,0.3895263671875,12,0.046875,0.0859375,-0.02932434142051967,0.375,0.9959437499999999,0.265625,0.00405625,0.5052083333333334,0.0,0.5351875,0.321665625,0.143146875,0.3125,0.53325625,0.328125,0.320278125,0.484375,0.142409375,0.234375,0.00193125,0.1875,0.0013875,0.375,0.0007375,0.515625,0.0,0.40625,0.0,0.59375,0.0
split_high_low,64,18,fixed,prediction_error,55,0.953125,0.4499559082892416,0.4245501767113095,0.6666666666666666,320000,180,2.8125,0.18482942011896766,0.41552734375,15,0.05859375,0.0625,0.12873995586318504,0.3333333333333333,0.9954156249999999,0.2864583333333333,0.004584375,0.5052083333333334,0.0,0.61400625,0.28521875,0.10077499999999999,0.265625,0.611675,0.359375,0.283628125,0.375,0.1001125,0.25,0.00233125,0.234375,0.001590625,0.375,0.0006625,0.515625,0.0,0.40625,0.0,0.59375,0.0
uniform_high,64,19,fixed,prediction_error,58,0.9667841471297827,0.4603725749559083,0.47549125279017856,0.6666666666666666,320000,221,3.453125,0.22202006303067762,0.37451171875,11,0.04296875,0.0625,0.037629923369112264,0.3802083333333333,0.996103125,0.2916666666666667,0.0038968749999999997,0.59375,0.0,0.48352500000000004,0.34095,0.17552500000000001,0.375,0.482059375,0.359375,0.33944375,0.40625,0.1746,0.328125,0.001465625,0.21875,0.00150625,0.328125,0.000925,0.59375,0.0,0.5625,0.0,0.625,0.0
patchy_high,64,19,fixed,prediction_error,54,0.9459508137964493,0.4698522927689594,0.4870675533234128,0.6666666666666666,320000,234,3.65625,0.2244895930102497,0.4332275390625,12,0.046875,0.0546875,0.06575221685177855,0.421875,0.995803125,0.3125,0.004196875,0.59375,0.0,0.45735000000000003,0.34854375000000004,0.19410625,0.359375,0.4558375,0.46875,0.346884375,0.4375,0.19308125,0.390625,0.0015125,0.25,0.001659375,0.296875,0.001025,0.59375,0.0,0.5625,0.0,0.625,0.0
split_high_low,64,19,fixed,prediction_error,54,0.943984960926232,0.45673500881834217,0.43485911303323416,0.6666666666666666,320000,163,2.546875,0.1832708000670074,0.3377685546875,13,0.05078125,0.0546875,-0.014715258401082532,0.3333333333333333,0.9715187500000001,0.328125,0.02848125,0.59375,0.0,0.63689375,0.26945625,0.09365,0.3125,0.619215625,0.28125,0.261421875,0.40625,0.09088125,0.390625,0.017678125,0.21875,0.008034375,0.375,0.00276875,0.59375,0.0,0.5625,0.0,0.625,0.0
uniform_high,64,20,fixed,prediction_error,55,0.9479166666666666,0.43557098765432095,0.34985773189484126,0.6666666666666666,320000,151,2.359375,0.1685919242310879,0.4053955078125,16,0.0625,0.046875,0.055684295958014544,0.2864583333333333,0.996078125,0.28125,0.003921875,0.5,0.0,0.699403125,0.231278125,0.06931875,0.1875,0.697959375,0.3125,0.2297875,0.359375,0.06833125,0.234375,0.00144375,0.25,0.001490625,0.359375,0.0009875,0.421875,0.0,0.59375,0.0,0.484375,0.0
patchy_high,64,20,fixed,prediction_error,51,0.925117480463116,0.4289021164021164,0.3863476903521825,0.6666666666666666,320000,136,2.125,0.1624202376996428,0.3936767578125,15,0.05859375,0.0546875,0.0514538347158359,0.25,0.9960625,0.2916666666666667,0.0039375,0.5,0.0,0.744003125,0.205009375,0.0509875,0.265625,0.742534375,0.21875,0.2035,0.265625,0.050028125,0.21875,0.00146875,0.265625,0.001509375,0.390625,0.000959375,0.421875,0.0,0.59375,0.0,0.484375,0.0
split_high_low,64,20,fixed,prediction_error,57,0.9635416666666666,0.47751322751322756,0.4803117125496032,0.6666666666666666,320000,242,3.78125,0.2175179931823279,0.4530029296875,14,0.0546875,0.046875,0.05310479738042061,0.4166666666666667,0.96691875,0.34375,0.03308125,0.5,0.0,0.49224375000000004,0.33998125,0.167775,0.359375,0.47760625,0.40625,0.32825625,0.484375,0.16105625,0.25,0.0146375,0.34375,0.011725,0.4375,0.00671875,0.421875,0.0,0.59375,0.0,0.484375,0.0
uniform_high,64,21,fixed,prediction_error,57,0.9615758137964493,0.4539241622574956,0.4663094478546627,0.6666666666666666,320000,255,3.984375,0.21650029888018985,0.4586181640625,19,0.07421875,0.0703125,0.10817824317450252,0.3697916666666667,0.996040625,0.296875,0.003959375,0.5520833333333334,0.0,0.49993125,0.3389375,0.16113125,0.34375,0.498309375,0.359375,0.33736875,0.40625,0.1603625,0.234375,0.001621875,0.21875,0.00156875,0.4375,0.00076875,0.53125,0.0,0.671875,0.0,0.453125,0.0
patchy_high,64,21,fixed,prediction_error,58,0.9667841471297827,0.454971340388007,0.45734427548363094,0.6666666666666666,320000,265,4.140625,0.2159800556805449,0.433349609375,11,0.04296875,0.0234375,0.07432593145730138,0.359375,0.996228125,0.3020833333333333,0.003771875,0.5520833333333334,0.0,0.499925,0.334725,0.16535,0.3125,0.498309375,0.375,0.333346875,0.390625,0.164571875,0.234375,0.001615625,0.25,0.001378125,0.421875,0.000778125,0.53125,0.0,0.671875,0.0,0.453125,0.0
split_high_low,64,21,fixed,prediction_error,57,0.9635416666666666,0.48070987654320985,0.4935443948412698,0.6666666666666666,320000,229,3.578125,0.2042742655177273,0.3939208984375,12,0.046875,0.0703125,0.08856184593563006,0.40625,0.980721875,0.3645833333333333,0.019278125,0.5520833333333334,0.0,0.5743375000000001,0.30926875,0.11639375,0.4375,0.565353125,0.40625,0.302475,0.375,0.11289375,0.3125,0.008984375,0.375,0.00679375,0.40625,0.0035,0.53125,0.0,0.671875,0.0,0.453125,0.0
uniform_high,64,22,fixed,prediction_error,54,0.9420191080560146,0.44681437389770723,0.3739889493427579,0.6666666666666666,320000,139,2.171875,0.16303768053352735,0.3416748046875,11,0.04296875,0.09375,0.09900650913655011,0.28125,0.995459375,0.3489583333333333,0.0045406249999999995,0.4479166666666667,0.0,0.7223875000000001,0.215690625,0.061921874999999994,0.21875,0.720490625,0.328125,0.214078125,0.296875,0.060890625,0.359375,0.001896875,0.375,0.0016125,0.3125,0.00103125,0.28125,0.0,0.515625,0.0,0.546875,0.0
patchy_high,64,22,fixed,prediction_error,53,0.940742480463116,0.43518518518518523,0.272051750062004,0.6666666666666666,320000,131,2.046875,0.16295976243725008,0.3751220703125,11,0.04296875,0.0546875,0.06754392400616688,0.2604166666666667,0.995809375,0.3541666666666667,0.004190625,0.4479166666666667,0.0,0.743725,0.20216875,0.054106249999999995,0.125,0.7421,0.265625,0.200578125,0.390625,0.05313125,0.375,0.001625,0.34375,0.001590625,0.34375,0.000975,0.28125,0.0,0.515625,0.0,0.546875,0.0
split_high_low,64,22,fixed,prediction_error,57,0.9615758137964493,0.45916005291005296,0.40948076326884925,0.6666666666666666,320000,178,2.78125,0.19069552340077423,0.419677734375,13,0.05078125,0.0859375,0.047672838491252964,0.296875,0.98143125,0.3958333333333333,0.01856875,0.4479166666666667,0.0,0.61315,0.285203125,0.10164687500000001,0.28125,0.603478125,0.25,0.27889375,0.359375,0.099059375,0.390625,0.009671875,0.4375,0.006309375,0.359375,0.0025875,0.28125,0.0,0.515625,0.0,0.546875,0.0
uniform_high,64,23,fixed,prediction_error,56,0.9583333333333334,0.4568452380952381,0.4493225074404762,0.6666666666666666,320000,234,3.65625,0.22354695854419482,0.4300537109375,11,0.04296875,0.0390625,0.009863025389948276,0.3541666666666667,0.9957375,0.2864583333333333,0.0042625,0.5,0.0,0.4636,0.3455625,0.19083750000000002,0.296875,0.46200625,0.34375,0.3439125,0.421875,0.18981875,0.25,0.00159375,0.234375,0.00165,0.375,0.00101875,0.4375,0.0,0.53125,0.0,0.53125,0.0
patchy_high,64,23,fixed,prediction_error,58,0.9667841471297827,0.46841931216931215,0.45432794363839285,0.6666666666666666,320000,235,3.671875,0.21537402679404483,0.4100341796875,11,0.04296875,0.0625,0.13067848053531808,0.3489583333333333,0.99561875,0.3229166666666667,0.00438125,0.5,0.0,0.516103125,0.33275,0.151146875,0.3125,0.5142625,0.375,0.331053125,0.359375,0.150303125,0.28125,0.001840625,0.3125,0.001696875,0.375,0.00084375,0.4375,0.0,0.53125,0.0,0.53125,0.0
split_high_low,64,23,fixed,prediction_error,56,0.9583333333333334,0.4468694885361552,0.28096399429563496,0.6666666666666666,320000,143,2.234375,0.16514880542828525,0.3724365234375,12,0.046875,0.0703125,-0.0017222388538896084,0.2916666666666667,0.99393125,0.34375,0.00606875,0.5,0.0,0.7231156249999999,0.214103125,0.06278125,0.125,0.7207625,0.28125,0.211815625,0.46875,0.061353125,0.34375,0.002353125,0.3125,0.0022875,0.375,0.001428125,0.4375,0.0,0.53125,0.0,0.53125,0.0
uniform_high,64,24,fixed,prediction_error,54,0.9479166666666666,0.4507275132275132,0.3593662589905754,0.6666666666666666,320000,126,1.96875,0.15399363046465064,0.3807373046875,10,0.0390625,0.0625,0.07236748750358982,0.296875,0.99574375,0.3541666666666667,0.00425625,0.4739583333333333,0.0,0.77443125,0.187740625,0.037828125,0.21875,0.77261875,0.25,0.186265625,0.421875,0.036859375,0.453125,0.0018125,0.203125,0.001475,0.40625,0.00096875,0.515625,0.0,0.484375,0.0,0.421875,0.0
patchy_high,64,24,fixed,prediction_error,58,0.9635416666666666,0.46130952380952384,0.3716866195436508,0.6666666666666666,320000,138,2.15625,0.15817891590040062,0.3692626953125,11,0.04296875,0.0546875,-0.01621511155413393,0.296875,0.9957874999999999,0.375,0.0042125,0.4739583333333333,0.0,0.7457874999999999,0.204746875,0.049465625,0.21875,0.744059375,0.3125,0.2032375,0.359375,0.048490625,0.40625,0.001728125,0.265625,0.001509375,0.453125,0.000975,0.515625,0.0,0.484375,0.0,0.421875,0.0
split_high_low,64,24,fixed,prediction_error,56,0.9583333333333334,0.45882936507936506,0.3922376116071429,0.6666666666666666,320000,144,2.25,0.1682509616572331,0.2935791015625,10,0.0390625,0.078125,-0.012509842341577107,0.28125,0.99518125,0.4270833333333333,0.00481875,0.4739583333333333,0.0,0.7022343750000001,0.2303875,0.067378125,0.28125,0.6999125,0.1875,0.228578125,0.375,0.066690625,0.53125,0.002321875,0.28125,0.001809375,0.46875,0.0006875,0.515625,0.0,0.484375,0.0,0.421875,0.0
uniform_high,64,25,fixed,prediction_error,56,0.9583333333333334,0.47067901234567905,0.45147874503968255,0.6666666666666666,320000,237,3.703125,0.22267393401830332,0.4180908203125,12,0.046875,0.0625,-0.007347453292745144,0.359375,0.99525,0.3541666666666667,0.00475,0.4427083333333333,0.0,0.48395625000000003,0.34083125,0.17521250000000002,0.3125,0.481934375,0.328125,0.339040625,0.4375,0.174275,0.296875,0.002021875,0.3125,0.001790625,0.453125,0.0009375,0.515625,0.0,0.40625,0.0,0.40625,0.0
patchy_high,64,25,fixed,prediction_error,59,0.9739583333333334,0.46582892416225746,0.4661068374875993,0.6666666666666666,320000,239,3.734375,0.22146527301485391,0.452880859375,14,0.0546875,0.015625,0.11828998800176632,0.375,0.9954093750000002,0.3177083333333333,0.004590625,0.4427083333333333,0.0,0.48761875,0.33887812500000003,0.173503125,0.390625,0.485796875,0.296875,0.337046875,0.4375,0.172565625,0.265625,0.001821875,0.28125,0.00183125,0.40625,0.0009375,0.515625,0.0,0.40625,0.0,0.40625,0.0
split_high_low,64,25,fixed,prediction_error,58,0.96875,0.4697971781305115,0.43512326078869046,0.6666666666666666,320000,171,2.671875,0.179599646847463,0.4071044921875,12,0.046875,0.0625,0.12905184410083945,0.390625,0.9631375,0.34375,0.0368625,0.4427083333333333,0.0,0.6787156249999999,0.25266875,0.068615625,0.28125,0.657790625,0.390625,0.24150625,0.5,0.063840625,0.28125,0.020925,0.296875,0.0111625,0.453125,0.004775,0.515625,0.0,0.40625,0.0,0.40625,0.0
uniform_high,64,26,fixed,prediction_error,60,0.9791666666666666,0.4670965608465608,0.4610552920386905,0.6666666666666666,320000,212,3.3125,0.19880331194233583,0.392822265625,12,0.046875,0.046875,0.0316657531491174,0.3489583333333333,0.99475625,0.3177083333333333,0.00524375,0.453125,0.0,0.5760625,0.30085,0.1230875,0.34375,0.573453125,0.359375,0.2990375,0.34375,0.122265625,0.359375,0.002609375,0.265625,0.0018125,0.328125,0.000821875,0.46875,0.0,0.46875,0.0,0.421875,0.0
patchy_high,64,26,fixed,prediction_error,58,0.9667841471297827,0.45265652557319225,0.4326610506572421,0.6666666666666666,320000,186,2.90625,0.18257058795293143,0.4464111328125,14,0.0546875,0.0546875,0.149801683372815,0.328125,0.9949,0.3072916666666667,0.0051,0.453125,0.0,0.626828125,0.273103125,0.10006875,0.375,0.624146875,0.1875,0.2714375,0.421875,0.099315625,0.359375,0.00268125,0.25,0.001665625,0.3125,0.000753125,0.46875,0.0,0.46875,0.0,0.421875,0.0
split_high_low,64,26,fixed,prediction_error,60,0.9772008137964493,0.47134038800705463,0.458532579985119,0.6666666666666666,320000,203,3.171875,0.19400935136608785,0.425537109375,11,0.04296875,0.078125,0.08233821848190061,0.3854166666666667,0.9841749999999999,0.3177083333333333,0.015825000000000002,0.453125,0.0,0.5850687499999999,0.303721875,0.11120937500000001,0.3125,0.572425,0.390625,0.301234375,0.453125,0.110515625,0.375,0.01264375,0.28125,0.0024875,0.296875,0.00069375,0.46875,0.0,0.46875,0.0,0.421875,0.0
uniform_high,64,27,fixed,prediction_error,56,0.956367480463116,0.4478615520282187,0.37536656591021833,0.6666666666666666,320000,165,2.578125,0.17215182096596077,0.3787841796875,11,0.04296875,0.0703125,-0.020454334150532032,0.2760416666666667,0.99565625,0.3385416666666667,0.0043437499999999995,0.5104166666666666,0.0,0.691696875,0.23601250000000001,0.072290625,0.234375,0.689446875,0.25,0.23470625,0.34375,0.071503125,0.234375,0.00225,0.359375,0.00130625,0.421875,0.0007875,0.421875,0.0,0.546875,0.0,0.5625,0.0
patchy_high,64,27,fixed,prediction_error,53,0.940742480463116,0.4317129629629629,0.3416433237227182,0.6666666666666666,320000,159,2.484375,0.1678240544471836,0.368408203125,12,0.046875,0.0859375,0.08891110865465762,0.22916666666666666,0.995990625,0.3385416666666667,0.004009375,0.5104166666666666,0.0,0.6850937500000001,0.24066875,0.0742375,0.234375,0.68320625,0.140625,0.23936875,0.3125,0.073415625,0.265625,0.0018875,0.328125,0.0013,0.421875,0.000821875,0.421875,0.0,0.546875,0.0,0.5625,0.0
split_high_low,64,27,fixed,prediction_error,56,0.956367480463116,0.4652777777777778,0.41896651940724206,0.6666666666666666,320000,186,2.90625,0.19296939075277125,0.4256591796875,12,0.046875,0.046875,-0.02075201388981584,0.3072916666666667,0.9937375,0.3697916666666667,0.0062625,0.5104166666666666,0.0,0.595353125,0.303765625,0.10088125,0.3125,0.592828125,0.234375,0.301384375,0.375,0.099525,0.359375,0.002525,0.328125,0.00238125,0.421875,0.00135625,0.421875,0.0,0.546875,0.0,0.5625,0.0
uniform_high,64,28,fixed,prediction_error,59,0.9739583333333334,0.4715057319223986,0.4078163411458333,0.6666666666666666,320000,133,2.078125,0.17499074941494858,0.3212890625,11,0.04296875,0.0859375,0.13960174084479704,0.3229166666666667,0.99598125,0.3697916666666667,0.00401875,0.5416666666666666,0.0,0.6920125,0.23684375,0.07114374999999999,0.25,0.69053125,0.359375,0.2352125,0.359375,0.0702375,0.375,0.00148125,0.328125,0.00163125,0.40625,0.00090625,0.53125,0.0,0.546875,0.0,0.546875,0.0
patchy_high,64,28,fixed,prediction_error,57,0.9615758137964493,0.4756393298059965,0.41860643291170635,0.6666666666666666,320000,120,1.875,0.16475896868823592,0.38330078125,13,0.05078125,0.0625,0.0319522898736463,0.3333333333333333,0.9960687500000001,0.3854166666666667,0.003931250000000001,0.5416666666666666,0.0,0.716065625,0.22133125,0.062603125,0.265625,0.714540625,0.375,0.219859375,0.359375,0.06166875,0.453125,0.001525,0.328125,0.001471875,0.375,0.000934375,0.53125,0.0,0.546875,0.0,0.546875,0.0
split_high_low,64,28,fixed,prediction_error,57,0.9615758137964493,0.48897707231040566,0.4659192925347222,0.6666666666666666,320000,173,2.703125,0.20329325569650808,0.3858642578125,13,0.05078125,0.1328125,0.057322682099719406,0.359375,0.965746875,0.421875,0.034253125,0.5416666666666666,0.0,0.56820625,0.3019125,0.12988125,0.34375,0.551309375,0.375,0.28983125,0.359375,0.12460625,0.40625,0.016896875,0.4375,0.01208125,0.421875,0.005275,0.53125,0.0,0.546875,0.0,0.546875,0.0
uniform_high,64,29,fixed,prediction_error,59,0.971992480463116,0.46505731922398597,0.45160830388144846,0.6666666666666666,320000,165,2.578125,0.18247646947307877,0.4510498046875,14,0.0546875,0.0703125,0.023507974073077996,0.3697916666666667,0.9964937500000001,0.34375,0.00350625,0.421875,0.0,0.654396875,0.26447499999999996,0.081128125,0.3125,0.652853125,0.375,0.26313125,0.421875,0.080509375,0.21875,0.00154375,0.3125,0.00134375,0.5,0.00061875,0.4375,0.0,0.40625,0.0,0.421875,0.0
patchy_high,64,29,fixed,prediction_error,55,0.9417590417276034,0.46472663139329806,0.454172798859127,0.6666666666666666,320000,191,2.984375,0.19389466061244465,0.4083251953125,13,0.05078125,0.1171875,-0.01337793473472139,0.3541666666666667,0.9965968749999999,0.359375,0.003403125,0.421875,0.0,0.621903125,0.281440625,0.09665625,0.328125,0.620590625,0.34375,0.279971875,0.390625,0.096034375,0.234375,0.0013125,0.3125,0.00146875,0.53125,0.000621875,0.4375,0.0,0.40625,0.0,0.421875,0.0
split_high_low,64,29,fixed,prediction_error,54,0.9427083333333334,0.4496803350970018,0.37521597222222225,0.6666666666666666,320000,156,2.4375,0.1690710199950472,0.3291015625,9,0.03515625,0.0390625,0.0363503065545955,0.3125,0.9940656250000001,0.3541666666666667,0.005934375,0.421875,0.0,0.7000562499999999,0.2313125,0.06863125,0.21875,0.697178125,0.296875,0.229215625,0.421875,0.067671875,0.203125,0.002878125,0.34375,0.002096875,0.515625,0.000959375,0.4375,0.0,0.40625,0.0,0.421875,0.0
uniform_high,64,30,fixed,prediction_error,57,0.9635416666666666,0.47619047619047616,0.45932182539682537,0.6666666666666666,320000,215,3.359375,0.1994430586506389,0.4169921875,11,0.04296875,0.0625,0.03931147983897128,0.3697916666666667,0.9957718750000001,0.359375,0.004228125,0.5,0.0,0.5858156250000001,0.297159375,0.117025,0.328125,0.58396875,0.359375,0.2955625,0.421875,0.116240625,0.328125,0.001846875,0.296875,0.001596875,0.453125,0.000784375,0.5,0.0,0.578125,0.0,0.421875,0.0
patchy_high,64,30,fixed,prediction_error,58,0.9667841471297827,0.4734898589065256,0.47275200892857144,0.6666666666666666,320000,220,3.4375,0.19875820082732026,0.4530029296875,13,0.05078125,0.046875,0.04280228342811277,0.3489583333333333,0.9954531250000002,0.3541666666666667,0.004546875000000001,0.5,0.0,0.5781812500000001,0.30760312500000003,0.114215625,0.40625,0.576196875,0.34375,0.305990625,0.296875,0.113265625,0.328125,0.001984375,0.34375,0.0016125,0.390625,0.00095,0.5,0.0,0.578125,0.0,0.421875,0.0
split_high_low,64,30,fixed,prediction_error,60,0.9791666666666666,0.486221340388007,0.4979432074652778,0.6666666666666666,320000,264,4.125,0.2343173489499669,0.4144287109375,12,0.046875,0.0625,0.12274454354926184,0.4375,0.996071875,0.3541666666666667,0.003928125,0.5,0.0,0.39931875,0.362746875,0.237934375,0.40625,0.397428125,0.453125,0.3614125,0.453125,0.23723125,0.3125,0.001890625,0.328125,0.001334375,0.421875,0.000703125,0.5,0.0,0.578125,0.0,0.421875,0.0
uniform_high,64,31,fixed,prediction_error,58,0.96875,0.4611992945326278,0.47499663628472216,0.6666666666666666,320000,234,3.65625,0.2234157288975413,0.39990234375,13,0.05078125,0.03125,0.13710845445311462,0.3802083333333333,0.995815625,0.2760416666666667,0.004184375000000001,0.4895833333333333,0.0,0.44008437499999997,0.351890625,0.208025,0.359375,0.438409375,0.375,0.350290625,0.40625,0.207115625,0.25,0.001675,0.21875,0.0016,0.359375,0.000909375,0.515625,0.0,0.46875,0.0,0.484375,0.0
patchy_high,64,31,fixed,prediction_error,59,0.9739583333333334,0.46241181657848324,0.48208353639632934,0.6666666666666666,320000,234,3.65625,0.22482984610073764,0.3934326171875,11,0.04296875,0.0859375,0.16753417784078634,0.40625,0.9954250000000001,0.2708333333333333,0.004575,0.4895833333333333,0.0,0.457871875,0.34573125000000005,0.196396875,0.390625,0.4558375,0.359375,0.34414375,0.46875,0.19544375,0.265625,0.002034375,0.203125,0.0015875,0.34375,0.000953125,0.515625,0.0,0.46875,0.0,0.484375,0.0
split_high_low,64,31,fixed,prediction_error,61,0.984375,0.4708443562610229,0.4794147290426587,0.6666666666666666,320000,253,3.953125,0.22816621725565395,0.428466796875,14,0.0546875,0.0625,0.054323227871749744,0.4114583333333333,0.98133125,0.3125,0.018668749999999998,0.4895833333333333,0.0,0.43701249999999997,0.3578625,0.205125,0.484375,0.42771875,0.3125,0.35161875,0.4375,0.20199375,0.359375,0.00929375,0.203125,0.00624375,0.375,0.00313125,0.515625,0.0,0.46875,0.0,0.484375,0.0
uniform_high,64,32,fixed,prediction_error,60,0.9791666666666666,0.44868827160493824,0.3262487072172619,0.6666666666666666,320000,79,1.234375,0.1379465446886252,0.3232421875,10,0.0390625,0.0546875,0.0503700627611373,0.25,0.996028125,0.359375,0.003971875,0.4895833333333333,0.0,0.822359375,0.1466125,0.031028125,0.1875,0.82021875,0.265625,0.1453875,0.296875,0.030421875,0.390625,0.002140625,0.296875,0.001225,0.390625,0.00060625,0.453125,0.0,0.53125,0.0,0.484375,0.0
patchy_high,64,32,fixed,prediction_error,52,0.9355341471297827,0.44918430335097004,0.3358482421875,0.6666666666666666,320000,88,1.375,0.1401065395018031,0.3173828125,11,0.04296875,0.0703125,-0.006647870425698247,0.2708333333333333,0.99670625,0.3333333333333333,0.00329375,0.4895833333333333,0.0,0.80573125,0.162196875,0.032071875,0.1875,0.80419375,0.328125,0.16103125,0.296875,0.03148125,0.3125,0.0015375,0.296875,0.001165625,0.390625,0.000590625,0.453125,0.0,0.53125,0.0,0.484375,0.0
split_high_low,64,32,fixed,prediction_error,58,0.9667841471297827,0.4546957671957672,0.36009697730654755,0.6666666666666666,320000,110,1.71875,0.15820025895473389,0.3553466796875,12,0.046875,0.046875,0.07560743440923012,0.28125,0.9740156249999999,0.34375,0.025984374999999997,0.4895833333333333,0.0,0.74775,0.202246875,0.050003125,0.203125,0.7282375,0.328125,0.197359375,0.3125,0.04841875,0.28125,0.0195125,0.359375,0.0048875,0.390625,0.001584375,0.453125,0.0,0.53125,0.0,0.484375,0.0
uniform_high,64,33,fixed,prediction_error,53,0.940742480463116,0.45701058201058203,0.46865259176587304,0.6666666666666666,320000,219,3.421875,0.2110195123960606,0.4112548828125,11,0.04296875,0.0546875,0.20166447012043046,0.3645833333333333,0.995759375,0.3177083333333333,0.004240625,0.4010416666666667,0.0,0.532075,0.32289375,0.14503125,0.359375,0.53019375,0.359375,0.3213125,0.375,0.144253125,0.203125,0.00188125,0.28125,0.00158125,0.46875,0.000778125,0.375,0.0,0.375,0.0,0.453125,0.0
patchy_high,64,33,fixed,prediction_error,61,0.984375,0.45442019400352734,0.47409030412946435,0.6666666666666666,320000,222,3.46875,0.21006401489157533,0.4603271484375,13,0.05078125,0.0546875,0.052066658584952324,0.3854166666666667,0.995584375,0.3020833333333333,0.004415625,0.4010416666666667,0.0,0.521846875,0.322340625,0.15581250000000002,0.34375,0.519721875,0.4375,0.32083125,0.375,0.15503125,0.203125,0.002125,0.234375,0.001509375,0.46875,0.00078125,0.375,0.0,0.375,0.0,0.453125,0.0
split_high_low,64,33,fixed,prediction_error,54,0.9459508137964493,0.4351851851851852,0.33059602244543657,0.6666666666666666,320000,145,2.265625,0.16986692743981202,0.399658203125,12,0.046875,0.09375,0.01109328414731377,0.2552083333333333,0.9917562500000001,0.34375,0.00824375,0.4010416666666667,0.0,0.689815625,0.23791250000000003,0.072271875,0.1875,0.68529375,0.21875,0.2352625,0.359375,0.0712,0.265625,0.004521875,0.3125,0.00265,0.453125,0.001071875,0.375,0.0,0.375,0.0,0.453125,0.0
uniform_high,64,34,fixed,prediction_error,60,0.9791666666666666,0.47459215167548496,0.4685928695436508,0.6666666666666666,320000,209,3.265625,0.21037257994817715,0.442626953125,13,0.05078125,0.078125,-0.028809790779630588,0.40625,0.97149375,0.328125,0.028506249999999997,0.5,0.0,0.52196875,0.3294875,0.14854375,0.421875,0.50873125,0.28125,0.3199625,0.515625,0.1428,0.3125,0.0132375,0.3125,0.009525,0.359375,0.00574375,0.46875,0.0,0.484375,0.0,0.546875,0.0
patchy_high,64,34,fixed,prediction_error,57,0.9635416666666666,0.4734347442680776,0.4521181299603175,0.6666666666666666,320000,214,3.34375,0.21013050047243015,0.47705078125,13,0.05078125,0.046875,0.03394110499941684,0.3541666666666667,0.994984375,0.34375,0.005015625,0.5,0.0,0.5285124999999999,0.33503125,0.13645625,0.296875,0.525734375,0.40625,0.333509375,0.359375,0.135740625,0.296875,0.002778125,0.328125,0.001521875,0.40625,0.000715625,0.46875,0.0,0.484375,0.0,0.546875,0.0
split_high_low,64,34,fixed,prediction_error,60,0.9791666666666666,0.4740961199294533,0.41223396577380955,0.6666666666666666,320000,178,2.78125,0.1904254919099488,0.42041015625,10,0.0390625,0.15625,0.07109227391659739,0.3489583333333333,0.9659625000000001,0.3697916666666667,0.0340375,0.5,0.0,0.638871875,0.270034375,0.09109374999999999,0.234375,0.618753125,0.421875,0.259571875,0.390625,0.0876375,0.34375,0.02011875,0.328125,0.0104625,0.4375,0.00345625,0.46875,0.0,0.484375,0.0,0.546875,0.0
uniform_high,64,35,fixed,prediction_error,58,0.96875,0.44642857142857145,0.41927706163194445,0.6666666666666666,320000,199,3.109375,0.19239090234673412,0.4456787109375,12,0.046875,0.078125,0.09666732684948415,0.3125,0.9958218750000001,0.28125,0.0041781249999999995,0.46875,0.0,0.6106718750000001,0.28636875,0.102959375,0.265625,0.608646875,0.34375,0.284821875,0.328125,0.102353125,0.265625,0.002025,0.25,0.001546875,0.328125,0.00060625,0.375,0.0,0.5,0.0,0.53125,0.0
patchy_high,64,35,fixed,prediction_error,57,0.9635416666666666,0.4535934744268077,0.42895437593005953,0.6666666666666666,320000,205,3.203125,0.1942265675803055,0.42578125,14,0.0546875,0.0859375,0.14456698608253668,0.3072916666666667,0.995859375,0.3072916666666667,0.004140624999999999,0.46875,0.0,0.608796875,0.28385937499999997,0.10734374999999999,0.296875,0.606653125,0.3125,0.282425,0.3125,0.10678125,0.3125,0.00214375,0.28125,0.001434375,0.328125,0.0005625,0.375,0.0,0.5,0.0,0.53125,0.0
split_high_low,64,35,fixed,prediction_error,57,0.9635416666666666,0.4642857142857143,0.44812239893353173,0.6666666666666666,320000,167,2.609375,0.17466524972743672,0.4356689453125,15,0.05859375,0.0703125,0.03502012495320366,0.3125,0.969684375,0.3541666666666667,0.030315625000000002,0.46875,0.0,0.672278125,0.25151875,0.076203125,0.359375,0.652496875,0.265625,0.243875,0.3125,0.0733125,0.390625,0.01978125,0.3125,0.00764375,0.359375,0.002890625,0.375,0.0,0.5,0.0,0.53125,0.0
uniform_high,64,36,fixed,prediction_error,56,0.9511591471297827,0.46097883597883593,0.41147878999255955,0.6666666666666666,320000,182,2.84375,0.18639306316639978,0.331787109375,10,0.0390625,0.0390625,0.0879096194169557,0.3489583333333333,0.996209375,0.3229166666666667,0.0037906249999999997,0.4947916666666667,0.0,0.62560625,0.27994375,0.09445,0.25,0.6239375,0.328125,0.2786,0.46875,0.093671875,0.296875,0.00166875,0.25,0.00134375,0.421875,0.000778125,0.515625,0.0,0.4375,0.0,0.53125,0.0
patchy_high,64,36,fixed,prediction_error,55,0.947227441389348,0.45078262786596124,0.40316856243799604,0.6666666666666666,320000,185,2.890625,0.18817333604290543,0.4031982421875,12,0.046875,0.0703125,0.1283572577677986,0.3489583333333333,0.996459375,0.296875,0.0035406249999999995,0.4947916666666667,0.0,0.608896875,0.288221875,0.10288125,0.234375,0.607559375,0.328125,0.2868,0.484375,0.1021,0.25,0.0013375,0.21875,0.001421875,0.421875,0.00078125,0.515625,0.0,0.4375,0.0,0.53125,0.0
split_high_low,64,36,fixed,prediction_error,57,0.959609960926232,0.46968694885361545,0.43279695715525796,0.6666666666666666,320000,190,2.96875,0.20063246386478695,0.38232421875,13,0.05078125,0.03125,0.14476107772421326,0.3177083333333333,0.9746750000000001,0.3645833333333333,0.025325,0.4947916666666667,0.0,0.56903125,0.3050875,0.12588125,0.296875,0.555346875,0.3125,0.296559375,0.34375,0.12276875,0.34375,0.013684375,0.3125,0.008528125,0.4375,0.0031125,0.515625,0.0,0.4375,0.0,0.53125,0.0
uniform_high,64,37,fixed,prediction_error,56,0.956367480463116,0.4798831569664903,0.49387424665178564,0.6666666666666666,320000,211,3.296875,0.19397976350440502,0.3797607421875,11,0.04296875,0.0625,0.13443194560730673,0.421875,0.9948562499999999,0.328125,0.00514375,0.4739583333333333,0.0,0.5952156249999999,0.29892187499999995,0.1058625,0.40625,0.59324375,0.46875,0.2968625,0.390625,0.10475,0.296875,0.001971875,0.328125,0.002059375,0.359375,0.0011125,0.546875,0.0,0.46875,0.0,0.40625,0.0
patchy_high,64,37,fixed,prediction_error,58,0.96875,0.47988315696649025,0.4858379851810516,0.6666666666666666,320000,227,3.546875,0.2060914345278424,0.4283447265625,12,0.046875,0.0390625,0.07689559540307563,0.4166666666666667,0.9936625,0.3333333333333333,0.0063375,0.4739583333333333,0.0,0.543053125,0.317003125,0.13994374999999998,0.375,0.5407625,0.421875,0.31445,0.453125,0.13845,0.3125,0.002290625,0.296875,0.002553125,0.390625,0.00149375,0.546875,0.0,0.46875,0.0,0.40625,0.0
split_high_low,64,37,fixed,prediction_error,60,0.9791666666666666,0.4819775132275132,0.4667029777405754,0.6666666666666666,320000,236,3.6875,0.2185393839969516,0.431884765625,13,0.05078125,0.0703125,0.0937588908234518,0.3854166666666667,0.99563125,0.375,0.00436875,0.4739583333333333,0.0,0.4951375,0.342065625,0.16279687499999998,0.3125,0.493615625,0.46875,0.34031875,0.375,0.161696875,0.375,0.001521875,0.328125,0.001746875,0.421875,0.0011,0.546875,0.0,0.46875,0.0,0.40625,0.0
uniform_high,64,38,fixed,prediction_error,56,0.9583333333333334,0.43005952380952384,0.33843098028273805,0.6666666666666666,320000,154,2.40625,0.16941554618369117,0.362060546875,12,0.046875,0.0703125,0.0005368131986358317,0.25,0.9964625,0.296875,0.0035375,0.5520833333333334,0.0,0.71550625,0.2161125,0.06838125,0.1875,0.71399375,0.28125,0.21478125,0.28125,0.0676875,0.28125,0.0015125,0.21875,0.00133125,0.390625,0.00069375,0.59375,0.0,0.5625,0.0,0.5,0.0
patchy_high,64,38,fixed,prediction_error,54,0.940742480463116,0.41517857142857145,0.29782627728174604,0.6666666666666666,320000,156,2.4375,0.16728951800008132,0.368896484375,11,0.04296875,0.078125,0.010008832733732756,0.22395833333333334,0.9966125,0.2916666666666667,0.0033875000000000003,0.5520833333333334,0.0,0.7190937500000001,0.224025,0.05688125,0.15625,0.717584375,0.234375,0.222771875,0.28125,0.05625625,0.28125,0.001509375,0.171875,0.001253125,0.421875,0.000625,0.59375,0.0,0.5625,0.0,0.5,0.0
split_high_low,64,38,fixed,prediction_error,58,0.9667841471297827,0.44582231040564374,0.36924113188244045,0.6666666666666666,320000,145,2.265625,0.16085589277856638,0.3363037109375,12,0.046875,0.0703125,0.10758975045380169,0.3125,0.9948593750000001,0.3489583333333333,0.005140625,0.5520833333333334,0.0,0.7312625,0.21437499999999998,0.0543625,0.21875,0.728265625,0.28125,0.2127875,0.4375,0.05380625,0.296875,0.002996875,0.203125,0.0015875,0.546875,0.00055625,0.59375,0.0,0.5625,0.0,0.5,0.0
uniform_high,64,39,fixed,prediction_error,57,0.9615758137964493,0.4593805114638448,0.42524357638888893,0.6666666666666666,320000,234,3.65625,0.20166433765383251,0.44140625,11,0.04296875,0.0859375,0.03280954817144716,0.34375,0.99555,0.3020833333333333,0.00445,0.515625,0.0,0.5794250000000001,0.30888750000000004,0.11168750000000001,0.25,0.577346875,0.40625,0.307346875,0.375,0.11085625,0.28125,0.002078125,0.3125,0.001540625,0.3125,0.00083125,0.5625,0.0,0.4375,0.0,0.546875,0.0
patchy_high,64,39,fixed,prediction_error,55,0.953125,0.4695767195767196,0.4710890671502977,0.6666666666666666,320000,231,3.609375,0.19994552942205548,0.408935546875,13,0.05078125,0.09375,-0.02076126560426426,0.40625,0.9956843750000001,0.3177083333333333,0.004315625,0.515625,0.0,0.5862437500000001,0.30198125000000003,0.111775,0.421875,0.5843,0.28125,0.3004375,0.515625,0.110946875,0.3125,0.00194375,0.265625,0.00154375,0.375,0.000828125,0.5625,0.0,0.4375,0.0,0.546875,0.0
split_high_low,64,39,fixed,prediction_error,56,0.9583333333333334,0.4637345679012346,0.408663529265873,0.6666666666666666,320000,226,3.53125,0.1959154318770226,0.404052734375,13,0.05078125,0.046875,0.05103108341106927,0.296875,0.9957531249999999,0.3645833333333333,0.004246875,0.515625,0.0,0.586621875,0.29816875,0.115209375,0.28125,0.584890625,0.25,0.296475,0.359375,0.1143875,0.375,0.00173125,0.34375,0.00169375,0.375,0.000821875,0.5625,0.0,0.4375,0.0,0.546875,0.0
uniform_high,64,40,fixed,prediction_error,55,0.953125,0.47078924162257496,0.4125881711929563,0.6666666666666666,320000,182,2.84375,0.19962111826536444,0.353515625,9,0.03515625,0.09375,0.13001167476876616,0.328125,0.995440625,0.3697916666666667,0.004559374999999999,0.4791666666666667,0.0,0.5994,0.289775,0.11082499999999999,0.25,0.597803125,0.328125,0.287975,0.40625,0.1096625,0.328125,0.001596875,0.34375,0.0018,0.4375,0.0011625,0.4375,0.0,0.46875,0.0,0.53125,0.0
patchy_high,64,40,fixed,prediction_error,61,0.984375,0.4660493827160494,0.44111845083085316,0.6666666666666666,320000,178,2.78125,0.19981636391588267,0.4222412109375,13,0.05078125,0.0703125,0.01453024946527684,0.3229166666666667,0.9958562500000001,0.34375,0.00414375,0.4791666666666667,0.0,0.5957687500000001,0.298940625,0.105290625,0.3125,0.5941625,0.328125,0.29739375,0.328125,0.1043,0.265625,0.00160625,0.34375,0.001546875,0.421875,0.000990625,0.4375,0.0,0.46875,0.0,0.53125,0.0
split_high_low,64,40,fixed,prediction_error,56,0.9544016275928987,0.4641203703703704,0.3744186771453372,0.6666666666666666,320000,157,2.453125,0.18583440276264437,0.3665771484375,10,0.0390625,0.140625,-0.022150639414462808,0.3020833333333333,0.99546875,0.390625,0.00453125,0.4791666666666667,0.0,0.6043,0.291290625,0.104409375,0.234375,0.60268125,0.21875,0.289625,0.453125,0.1031625,0.375,0.00161875,0.390625,0.001665625,0.40625,0.001246875,0.4375,0.0,0.46875,0.0,0.53125,0.0
uniform_high,64,41,fixed,prediction_error,60,0.9791666666666666,0.46781305114638444,0.45252300037202386,0.6666666666666666,320000,205,3.203125,0.1951992722785991,0.3719482421875,13,0.05078125,0.0625,0.17345641238453752,0.3697916666666667,0.9963218750000001,0.3177083333333333,0.003678125,0.5625,0.0,0.59826875,0.29078125000000005,0.11095,0.3125,0.5966375,0.359375,0.2893625,0.4375,0.110321875,0.3125,0.00163125,0.265625,0.00141875,0.375,0.000628125,0.59375,0.0,0.546875,0.0,0.546875,0.0
patchy_high,64,41,fixed,prediction_error,58,0.9667841471297827,0.47078924162257496,0.47077890159970237,0.6666666666666666,320000,236,3.6875,0.2014088910943287,0.425537109375,12,0.046875,0.046875,0.05479454796449988,0.375,0.9964,0.3229166666666667,0.0036,0.5625,0.0,0.5679093749999999,0.30738125,0.12470937500000001,0.34375,0.56628125,0.421875,0.305984375,0.359375,0.124134375,0.296875,0.001628125,0.28125,0.001396875,0.390625,0.000575,0.59375,0.0,0.546875,0.0,0.546875,0.0
split_high_low,64,41,fixed,prediction_error,57,0.9635416666666666,0.4675374779541447,0.43909468160962306,0.6666666666666666,320000,255,3.984375,0.20643161138412347,0.340087890625,14,0.0546875,0.0390625,-0.026193780424863495,0.3385416666666667,0.97433125,0.34375,0.025668749999999997,0.5625,0.0,0.547875,0.31326875000000004,0.13885625000000001,0.28125,0.537096875,0.375,0.304225,0.359375,0.133009375,0.296875,0.010778125,0.3125,0.00904375,0.421875,0.005846875,0.59375,0.0,0.546875,0.0,0.546875,0.0
uniform_high,64,42,fixed,prediction_error,57,0.9635416666666666,0.4547508818342152,0.43068240637400795,0.6666666666666666,320000,162,2.53125,0.18662755208049311,0.446533203125,15,0.05859375,0.0546875,0.12716244791031728,0.3333333333333333,0.9962031250000001,0.296875,0.003796875,0.4479166666666667,0.0,0.615690625,0.28364375000000003,0.10066562500000001,0.296875,0.614328125,0.296875,0.282178125,0.40625,0.099696875,0.359375,0.0013625,0.28125,0.001465625,0.25,0.00096875,0.390625,0.0,0.453125,0.0,0.5,0.0
patchy_high,64,42,fixed,prediction_error,54,0.9459508137964493,0.46130952380952384,0.442266300843254,0.6666666666666666,320000,175,2.734375,0.19067043226563424,0.3955078125,13,0.05078125,0.0859375,0.09724671453202563,0.34375,0.9960156250000001,0.3125,0.003984375,0.4479166666666667,0.0,0.596559375,0.292825,0.110615625,0.328125,0.595015625,0.28125,0.29134375,0.421875,0.10965625,0.34375,0.00154375,0.328125,0.00148125,0.265625,0.000959375,0.390625,0.0,0.453125,0.0,0.5,0.0
split_high_low,64,42,fixed,prediction_error,56,0.9583333333333334,0.4580577601410935,0.39930384734623015,0.6666666666666666,320000,163,2.546875,0.18013535495286853,0.435302734375,16,0.0625,0.1171875,0.09027862605119513,0.2760416666666667,0.99528125,0.3645833333333333,0.00471875,0.4479166666666667,0.0,0.627621875,0.277328125,0.09505,0.265625,0.62558125,0.265625,0.275584375,0.296875,0.094115625,0.375,0.002040625,0.375,0.00174375,0.34375,0.000934375,0.390625,0.0,0.453125,0.0,0.5,0.0
uniform_high,64,43,fixed,prediction_error,56,0.9583333333333334,0.4457120811287478,0.3597850601438492,0.6666666666666666,320000,154,2.40625,0.18166528564743684,0.39013671875,12,0.046875,0.0546875,-0.12037320494365537,0.265625,0.996290625,0.328125,0.003709375,0.4635416666666667,0.0,0.685175,0.241796875,0.073028125,0.21875,0.6837875,0.234375,0.240346875,0.34375,0.07215625,0.3125,0.0013875,0.34375,0.00145,0.328125,0.000871875,0.484375,0.0,0.390625,0.0,0.515625,0.0
patchy_high,64,43,fixed,prediction_error,58,0.96875,0.4607583774250441,0.44153191809275794,0.6666666666666666,320000,153,2.390625,0.18114813187357381,0.3175048828125,12,0.046875,0.078125,-0.012533466557577108,0.3333333333333333,0.996165625,0.3072916666666667,0.003834375,0.4635416666666667,0.0,0.677765625,0.250728125,0.07150625,0.3125,0.676296875,0.328125,0.249234375,0.359375,0.070634375,0.296875,0.00146875,0.296875,0.00149375,0.328125,0.000871875,0.484375,0.0,0.390625,0.0,0.515625,0.0
split_high_low,64,43,fixed,prediction_error,53,0.9387766275928987,0.4577821869488536,0.3634036597842262,0.6666666666666666,320000,155,2.421875,0.18311839234649208,0.357177734375,12,0.046875,0.0859375,0.09428688784766752,0.3072916666666667,0.9932968750000001,0.3541666666666667,0.006703125,0.4635416666666667,0.0,0.66823125,0.2541625,0.07760625,0.203125,0.6649125,0.28125,0.25196875,0.4375,0.076415625,0.296875,0.00331875,0.40625,0.00219375,0.359375,0.001190625,0.484375,0.0,0.390625,0.0,0.515625,0.0
uniform_high,64,44,fixed,prediction_error,55,0.953125,0.4503417107583774,0.364654056609623,0.6666666666666666,320000,210,3.28125,0.18822040431503875,0.3897705078125,17,0.06640625,0.0546875,0.08347901852642678,0.3020833333333333,0.9961499999999999,0.34375,0.00385,0.4947916666666667,0.0,0.66165625,0.25670937499999996,0.081634375,0.21875,0.659978125,0.234375,0.255225,0.453125,0.080946875,0.390625,0.001678125,0.234375,0.001484375,0.40625,0.0006875,0.53125,0.0,0.546875,0.0,0.40625,0.0
patchy_high,64,44,fixed,prediction_error,54,0.9479166666666666,0.43711419753086417,0.2725954985119048,0.6666666666666666,320000,193,3.015625,0.17947557072916706,0.361083984375,10,0.0390625,0.0546875,0.0026111875343257495,0.28125,0.996203125,0.3333333333333333,0.003796875,0.4947916666666667,0.0,0.684234375,0.2386625,0.077103125,0.109375,0.68275625,0.28125,0.237096875,0.453125,0.07635,0.40625,0.001478125,0.234375,0.001565625,0.359375,0.000753125,0.53125,0.0,0.546875,0.0,0.40625,0.0
split_high_low,64,44,fixed,prediction_error,60,0.9791666666666666,0.4749228395061728,0.4673668666294643,0.6666666666666666,320000,235,3.671875,0.20370202329746567,0.3817138671875,10,0.0390625,0.0546875,0.1497571449052206,0.390625,0.9824656249999999,0.3489583333333333,0.017534375,0.4947916666666667,0.0,0.54920625,0.31777812499999997,0.133015625,0.34375,0.54073125,0.359375,0.311484375,0.46875,0.13025,0.453125,0.008475,0.25,0.00629375,0.34375,0.002765625,0.53125,0.0,0.546875,0.0,0.40625,0.0
uniform_high,64,45,fixed,prediction_error,52,0.928359960926232,0.45023148148148145,0.416867097594246,0.6666666666666666,320000,224,3.5,0.20681609839693924,0.3944091796875,13,0.05078125,0.0703125,0.06962337040881185,0.3072916666666667,0.99573125,0.3072916666666667,0.00426875,0.5052083333333334,0.0,0.55556875,0.316171875,0.128259375,0.265625,0.5537375,0.3125,0.31449375,0.34375,0.1275,0.265625,0.00183125,0.21875,0.001678125,0.4375,0.000759375,0.5,0.0,0.546875,0.0,0.46875,0.0
patchy_high,64,45,fixed,prediction_error,57,0.9635416666666666,0.456955467372134,0.44341816561259917,0.6666666666666666,320000,225,3.515625,0.21311244348079472,0.4326171875,14,0.0546875,0.046875,0.03713452208914323,0.3385416666666667,0.9958406249999999,0.3072916666666667,0.004159375,0.5052083333333334,0.0,0.516071875,0.330765625,0.1531625,0.421875,0.51425625,0.21875,0.329203125,0.375,0.15238125,0.265625,0.001815625,0.265625,0.0015625,0.390625,0.00078125,0.5,0.0,0.546875,0.0,0.46875,0.0
split_high_low,64,45,fixed,prediction_error,59,0.9700266275928987,0.4688602292768959,0.4266282118055556,0.6666666666666666,320000,218,3.40625,0.2027900982885566,0.4029541015625,13,0.05078125,0.0859375,0.09902325268671056,0.3229166666666667,0.9737156250000001,0.3645833333333333,0.026284375000000002,0.5052083333333334,0.0,0.551240625,0.3179875,0.130771875,0.3125,0.534621875,0.25,0.31093125,0.40625,0.1281625,0.34375,0.01661875,0.3125,0.00705625,0.4375,0.002609375,0.5,0.0,0.546875,0.0,0.46875,0.0
uniform_high,64,46,fixed,prediction_error,55,0.9459508137964493,0.4466490299823633,0.35961883525545635,0.6666666666666666,320000,174,2.71875,0.1889764158383137,0.3890380859375,16,0.0625,0.03125,0.0265591826954583,0.296875,0.99609375,0.3072916666666667,0.00390625,0.4895833333333333,0.0,0.6348531249999999,0.2684125,0.096734375,0.203125,0.6331625,0.25,0.266946875,0.4375,0.095984375,0.328125,0.001690625,0.3125,0.001465625,0.28125,0.00075,0.4375,0.0,0.515625,0.0,0.515625,0.0
patchy_high,64,46,fixed,prediction_error,56,0.956367480463116,0.4555224867724868,0.39426915302579363,0.6666666666666666,320000,174,2.71875,0.18462703405362374,0.3782958984375,11,0.04296875,0.0703125,0.06520524727742491,0.3229166666666667,0.9960156250000001,0.3072916666666667,0.003984375,0.4895833333333333,0.0,0.6567125,0.26000625,0.08328125,0.234375,0.654896875,0.3125,0.2585125,0.421875,0.08260625,0.359375,0.001815625,0.265625,0.00149375,0.296875,0.000675,0.4375,0.0,0.515625,0.0,0.515625,0.0
split_high_low,64,46,fixed,prediction_error,60,0.9791666666666666,0.46941137566137564,0.4413033544146825,0.6666666666666666,320000,190,2.96875,0.19544692204814687,0.4381103515625,15,0.05859375,0.0390625,0.06768900846960056,0.3385416666666667,0.9822687499999999,0.3333333333333333,0.01773125,0.4895833333333333,0.0,0.60843125,0.2934,0.09816875,0.3125,0.59834375,0.3125,0.2877625,0.390625,0.0961625,0.34375,0.0100875,0.3125,0.0056375,0.34375,0.00200625,0.4375,0.0,0.515625,0.0,0.515625,0.0
uniform_high,64,47,fixed,prediction_error,57,0.9635416666666666,0.4616402116402117,0.4234878100198413,0.6666666666666666,320000,183,2.859375,0.18130911623989265,0.4149169921875,12,0.046875,0.0546875,0.04014045608051046,0.3333333333333333,0.9960156250000001,0.328125,0.003984375,0.5364583333333334,0.0,0.6670250000000001,0.249825,0.08315,0.296875,0.66533125,0.265625,0.2482375,0.4375,0.082446875,0.265625,0.00169375,0.3125,0.0015875,0.40625,0.000703125,0.546875,0.0,0.5,0.0,0.5625,0.0
patchy_high,64,47,fixed,prediction_error,59,0.9739583333333334,0.45397927689594353,0.40646803695436506,0.6666666666666666,320000,185,2.890625,0.1765085190196378,0.3656005859375,13,0.05078125,0.046875,0.04910072685934375,0.2916666666666667,0.9960249999999999,0.3333333333333333,0.003975,0.5364583333333334,0.0,0.671109375,0.250384375,0.07850625,0.265625,0.669296875,0.296875,0.248815625,0.3125,0.0779125,0.25,0.0018125,0.3125,0.00156875,0.4375,0.00059375,0.546875,0.0,0.5,0.0,0.5625,0.0
split_high_low,64,47,fixed,prediction_error,56,0.9583333333333334,0.4631834215167549,0.3818393229166666,0.6666666666666666,320000,164,2.5625,0.16897220364467636,0.4052734375,10,0.0390625,0.0859375,0.00432099506344096,0.328125,0.9819218749999999,0.3541666666666667,0.018078125,0.5364583333333334,0.0,0.72679375,0.212546875,0.060659374999999995,0.21875,0.7183125,0.359375,0.206378125,0.40625,0.05723125,0.25,0.00848125,0.359375,0.00616875,0.453125,0.003428125,0.546875,0.0,0.5,0.0,0.5625,0.0
uniform_high,64,48,fixed,prediction_error,51,0.928359960926232,0.46026234567901236,0.360987003968254,0.6666666666666666,320000,148,2.3125,0.16764824739760187,0.404052734375,14,0.0546875,0.09375,0.09948448269955155,0.3541666666666667,0.99635625,0.3854166666666667,0.0036437500000000003,0.5260416666666666,0.0,0.714546875,0.22253437499999998,0.06291875,0.203125,0.713315625,0.296875,0.22099375,0.5625,0.062046875,0.359375,0.00123125,0.28125,0.001540625,0.515625,0.000871875,0.5625,0.0,0.5625,0.0,0.453125,0.0
patchy_high,64,48,fixed,prediction_error,59,0.971992480463116,0.4541997354497354,0.3498257300967262,0.6666666666666666,320000,135,2.109375,0.16083736757182576,0.3555908203125,15,0.05859375,0.046875,0.10602991134993567,0.328125,0.9962906250000001,0.3489583333333333,0.003709375,0.5260416666666666,0.0,0.74629375,0.19869375,0.0550125,0.1875,0.74475,0.34375,0.19720625,0.453125,0.054334375,0.296875,0.00154375,0.25,0.0014875,0.5,0.000678125,0.5625,0.0,0.5625,0.0,0.453125,0.0
split_high_low,64,48,fixed,prediction_error,58,0.96875,0.47293871252204583,0.43538192274305554,0.6666666666666666,320000,180,2.8125,0.19105148405686523,0.418212890625,13,0.05078125,0.0546875,-0.0008593853113644443,0.3177083333333333,0.9926312499999999,0.4010416666666667,0.00736875,0.5260416666666666,0.0,0.6231249999999999,0.28065625,0.09621874999999999,0.3125,0.619684375,0.296875,0.278034375,0.34375,0.0949125,0.34375,0.003440625,0.359375,0.002621875,0.5,0.00130625,0.5625,0.0,0.5625,0.0,0.453125,0.0
uniform_high,64,49,fixed,prediction_error,54,0.9459508137964493,0.4431768077601411,0.48196390283978174,0.6666666666666666,320000,200,3.125,0.20882899074326228,0.37744140625,11,0.04296875,0.0390625,-0.008482229508151265,0.3958333333333333,0.996521875,0.24479166666666666,0.003478125,0.4479166666666667,0.0,0.543921875,0.3153125,0.140765625,0.375,0.54223125,0.40625,0.314071875,0.40625,0.14021875,0.1875,0.001690625,0.15625,0.001240625,0.390625,0.000546875,0.4375,0.0,0.546875,0.0,0.359375,0.0
patchy_high,64,49,fixed,prediction_error,59,0.971992480463116,0.4426807760141093,0.4689437096974206,0.6666666666666666,320000,206,3.21875,0.21437060527112162,0.3988037109375,11,0.04296875,0.0625,0.08927249100445628,0.3802083333333333,0.996475,0.2552083333333333,0.0035250000000000004,0.4479166666666667,0.0,0.51469375,0.327878125,0.157428125,0.328125,0.51301875,0.4375,0.326565625,0.375,0.156890625,0.1875,0.001675,0.171875,0.0013125,0.40625,0.0005375,0.4375,0.0,0.546875,0.0,0.359375,0.0
split_high_low,64,49,fixed,prediction_error,57,0.9635416666666666,0.46467151675485013,0.48581820591517855,0.6666666666666666,320000,204,3.1875,0.21103028864900522,0.394775390625,17,0.06640625,0.09375,0.15624512327081036,0.4010416666666667,0.978121875,0.3125,0.021878125,0.4479166666666667,0.0,0.50715,0.33201562500000004,0.160834375,0.4375,0.49490625,0.359375,0.324975,0.40625,0.158240625,0.296875,0.01224375,0.203125,0.007040625,0.4375,0.00259375,0.4375,0.0,0.546875,0.0,0.359375,0.0
uniform_high,64,50,fixed,prediction_error,57,0.9635416666666666,0.42884700176366847,0.13975922774057536,0.6666666666666666,320000,59,0.921875,0.10515875102239468,0.4215087890625,14,0.0546875,0.078125,-0.03637419449811124,0.22395833333333334,0.9965624999999999,0.390625,0.0034375,0.4947916666666667,0.0,0.9171843749999999,0.07354374999999999,0.009271874999999999,0.0625,0.91598125,0.21875,0.07224375,0.390625,0.0083375,0.5,0.001203125,0.28125,0.0013,0.390625,0.000934375,0.53125,0.0,0.53125,0.0,0.421875,0.0
patchy_high,64,50,fixed,prediction_error,58,0.96875,0.43209876543209874,0.08942852492559523,0.6666666666666666,320000,64,1.0,0.10622264607557655,0.3651123046875,15,0.05859375,0.046875,-0.0031127163031836502,0.24479166666666666,0.996,0.40625,0.004,0.4947916666666667,0.0,0.9241687500000001,0.067590625,0.008240625,0.03125,0.92251875,0.28125,0.0661875,0.421875,0.00729375,0.53125,0.00165,0.296875,0.001403125,0.390625,0.000946875,0.53125,0.0,0.53125,0.0,0.421875,0.0
split_high_low,64,50,fixed,prediction_error,57,0.9615758137964493,0.4580026455026455,0.34185174851190475,0.6666666666666666,320000,156,2.4375,0.16978829730715264,0.4425048828125,16,0.0625,0.078125,0.009526874099963441,0.2760416666666667,0.9826625,0.4583333333333333,0.0173375,0.4947916666666667,0.0,0.69905625,0.238578125,0.062365625,0.203125,0.687690625,0.203125,0.23400625,0.421875,0.060965625,0.515625,0.011365625,0.328125,0.004571875,0.53125,0.0014,0.53125,0.0,0.53125,0.0,0.421875,0.0
uniform_high,64,51,fixed,prediction_error,53,0.9375,0.42272927689594353,0.33958723183283734,0.6666666666666666,320000,267,4.171875,0.20439961019993938,0.3724365234375,14,0.0546875,0.0859375,-0.01512875541795909,0.2760416666666667,0.9953687499999999,0.2604166666666667,0.00463125,0.5052083333333334,0.0,0.551434375,0.322003125,0.1265625,0.171875,0.5497875,0.234375,0.320153125,0.421875,0.125428125,0.28125,0.001646875,0.171875,0.00185,0.328125,0.001134375,0.5625,0.0,0.515625,0.0,0.4375,0.0
patchy_high,64,51,fixed,prediction_error,56,0.9583333333333334,0.45899470899470896,0.4301092401413691,0.6666666666666666,320000,283,4.421875,0.20986725002997586,0.49462890625,14,0.0546875,0.109375,-0.013686095466030992,0.3541666666666667,0.99525625,0.3072916666666667,0.00474375,0.5052083333333334,0.0,0.514309375,0.32983125,0.155859375,0.28125,0.512690625,0.296875,0.327971875,0.484375,0.15459375,0.296875,0.00161875,0.25,0.001859375,0.375,0.001265625,0.5625,0.0,0.515625,0.0,0.4375,0.0
split_high_low,64,51,fixed,prediction_error,55,0.9511591471297827,0.46610449735449727,0.465131205047123,0.6666666666666666,320000,290,4.53125,0.2193717467354824,0.447265625,15,0.05859375,0.046875,0.048782703445506254,0.3958333333333333,0.9916499999999999,0.3020833333333333,0.00835,0.5052083333333334,0.0,0.4746625,0.34853125,0.17680625,0.40625,0.470375,0.28125,0.346003125,0.5,0.175271875,0.265625,0.0042875,0.296875,0.002528125,0.34375,0.001534375,0.5625,0.0,0.515625,0.0,0.4375,0.0
uniform_high,64,52,fixed,prediction_error,56,0.9583333333333334,0.45778218694885364,0.4004455884176587,0.6666666666666666,320000,214,3.34375,0.19080535578851232,0.397705078125,11,0.04296875,0.0859375,-0.0518135660340565,0.3177083333333333,0.9956281250000001,0.34375,0.004371875,0.484375,0.0,0.613828125,0.28492187500000005,0.10125,0.234375,0.611903125,0.328125,0.283265625,0.390625,0.100459375,0.328125,0.001925,0.25,0.00165625,0.453125,0.000790625,0.46875,0.0,0.578125,0.0,0.40625,0.0
patchy_high,64,52,fixed,prediction_error,57,0.9635416666666666,0.45783730158730157,0.40157549448164687,0.6666666666666666,320000,216,3.375,0.18919386299806146,0.41162109375,13,0.05078125,0.0703125,-0.014571637897035567,0.3541666666666667,0.9958312500000001,0.34375,0.00416875,0.484375,0.0,0.6233062500000001,0.2830625,0.09363125,0.234375,0.62169375,0.328125,0.281428125,0.5,0.092709375,0.375,0.0016125,0.203125,0.001634375,0.453125,0.000921875,0.46875,0.0,0.578125,0.0,0.40625,0.0
split_high_low,64,52,fixed,prediction_error,59,0.9739583333333334,0.47525352733686066,0.4419588665674603,0.6666666666666666,320000,247,3.859375,0.2065889970444485,0.4189453125,18,0.0703125,0.0703125,-0.0288465149861587,0.3802083333333333,0.993090625,0.3802083333333333,0.006909375,0.484375,0.0,0.5454,0.324,0.13060000000000002,0.28125,0.54219375,0.359375,0.321315625,0.5,0.12958125,0.359375,0.00320625,0.296875,0.002684375,0.484375,0.00101875,0.46875,0.0,0.578125,0.0,0.40625,0.0
uniform_high,64,53,fixed,prediction_error,59,0.9739583333333334,0.4642857142857143,0.4616180540054564,0.6666666666666666,320000,183,2.859375,0.18612832092138296,0.429931640625,12,0.046875,0.046875,0.03425026678195696,0.3697916666666667,0.9957,0.3020833333333333,0.0043,0.4947916666666667,0.0,0.6223531250000001,0.28225625,0.09539062499999999,0.34375,0.620746875,0.34375,0.28058125,0.421875,0.094371875,0.3125,0.00160625,0.203125,0.001675,0.390625,0.00101875,0.5,0.0,0.53125,0.0,0.453125,0.0
patchy_high,64,53,fixed,prediction_error,58,0.96875,0.4756393298059965,0.4719342199900793,0.6666666666666666,320000,201,3.140625,0.20204141329351571,0.3753662109375,11,0.04296875,0.09375,0.03571821389901668,0.390625,0.9959781249999999,0.3333333333333333,0.004021875,0.4947916666666667,0.0,0.5790656249999999,0.29947500000000005,0.121459375,0.359375,0.57751875,0.359375,0.2979125,0.453125,0.120546875,0.390625,0.001546875,0.234375,0.0015625,0.375,0.0009125,0.5,0.0,0.53125,0.0,0.453125,0.0
split_high_low,64,53,fixed,prediction_error,57,0.9635416666666666,0.4720017636684303,0.4314901785714286,0.6666666666666666,320000,184,2.875,0.18933323297383942,0.4647216796875,13,0.05078125,0.078125,0.13752287473766367,0.34375,0.9944,0.359375,0.0056,0.4947916666666667,0.0,0.615865625,0.28829374999999996,0.095840625,0.296875,0.61266875,0.296875,0.286615625,0.4375,0.095115625,0.34375,0.003196875,0.296875,0.001678125,0.4375,0.000725,0.5,0.0,0.53125,0.0,0.453125,0.0
uniform_high,64,54,fixed,prediction_error,54,0.9459508137964493,0.4566247795414462,0.3179058950272817,0.6666666666666666,320000,107,1.671875,0.15385203769080816,0.38720703125,13,0.05078125,0.046875,0.10129723893372858,0.3072916666666667,0.9966093749999999,0.3489583333333333,0.003390625,0.515625,0.0,0.7738062499999999,0.1818875,0.04430625,0.15625,0.77245,0.421875,0.180565625,0.34375,0.04359375,0.3125,0.00135625,0.34375,0.001321875,0.390625,0.0007125,0.578125,0.0,0.5,0.0,0.46875,0.0
patchy_high,64,54,fixed,prediction_error,58,0.96875,0.45805776014109345,0.3964380859375,0.6666666666666666,320000,108,1.6875,0.15700789833504783,0.3404541015625,12,0.046875,0.03125,0.0012466491120618343,0.296875,0.9964000000000001,0.3385416666666667,0.0036000000000000003,0.515625,0.0,0.76235625,0.192934375,0.044709375,0.25,0.7606875,0.328125,0.19166875,0.3125,0.04404375,0.265625,0.00166875,0.359375,0.001265625,0.390625,0.000665625,0.578125,0.0,0.5,0.0,0.46875,0.0
split_high_low,64,54,fixed,prediction_error,53,0.940742480463116,0.4587191358024691,0.38221007254464284,0.6666666666666666,320000,107,1.671875,0.15702167812880258,0.3673095703125,15,0.05859375,0.078125,0.07389559991133202,0.296875,0.9948625000000001,0.3489583333333333,0.0051375,0.515625,0.0,0.7122937500000001,0.224709375,0.06299687500000001,0.234375,0.71006875,0.28125,0.222696875,0.375,0.062096875,0.328125,0.002225,0.296875,0.0020125,0.421875,0.0009,0.578125,0.0,0.5,0.0,0.46875,0.0
uniform_high,64,55,fixed,prediction_error,54,0.9459508137964493,0.45001102292768963,0.4233914357018849,0.6666666666666666,320000,174,2.71875,0.19183905407539714,0.3719482421875,12,0.046875,0.09375,0.18695813827534555,0.3333333333333333,0.9964374999999999,0.28125,0.0035625,0.5260416666666666,0.0,0.60260625,0.29405,0.10334375000000001,0.265625,0.60119375,0.34375,0.292659375,0.390625,0.102584375,0.28125,0.0014125,0.1875,0.001390625,0.375,0.000759375,0.5,0.0,0.5625,0.0,0.515625,0.0
patchy_high,64,55,fixed,prediction_error,53,0.940742480463116,0.4351851851851852,0.37317156343005947,0.6666666666666666,320000,162,2.53125,0.18551993238499975,0.315185546875,11,0.04296875,0.0546875,-0.004031572240238884,0.28125,0.9961937499999999,0.2760416666666667,0.0038062499999999997,0.5260416666666666,0.0,0.6181,0.28315312499999995,0.098746875,0.203125,0.6164,0.328125,0.2817375,0.3125,0.09805625,0.28125,0.0017,0.1875,0.001415625,0.359375,0.000690625,0.5,0.0,0.5625,0.0,0.515625,0.0
split_high_low,64,55,fixed,prediction_error,56,0.956367480463116,0.4572861552028219,0.45050004185267856,0.6666666666666666,320000,196,3.0625,0.20025343656820616,0.3228759765625,11,0.04296875,0.046875,-0.017434349169477694,0.34375,0.9732125,0.3020833333333333,0.026787500000000002,0.5260416666666666,0.0,0.58625625,0.3043,0.10944375,0.390625,0.5677375,0.25,0.298459375,0.390625,0.107015625,0.25,0.01851875,0.25,0.005840625,0.40625,0.002428125,0.5,0.0,0.5625,0.0,0.515625,0.0
uniform_high,64,56,fixed,prediction_error,53,0.9387766275928987,0.4395943562610229,0.3175617668030754,0.6666666666666666,320000,127,1.984375,0.14999378929712348,0.358154296875,11,0.04296875,0.078125,0.006474882349379679,0.2864583333333333,0.996515625,0.296875,0.003484375,0.4479166666666667,0.0,0.7554875,0.1972,0.0473125,0.15625,0.75415625,0.375,0.195790625,0.328125,0.04656875,0.25,0.00133125,0.328125,0.001409375,0.3125,0.00074375,0.421875,0.0,0.421875,0.0,0.5,0.0
patchy_high,64,56,fixed,prediction_error,59,0.9739583333333334,0.4424052028218695,0.3429866768973215,0.6666666666666666,320000,144,2.25,0.15794297249733613,0.37548828125,11,0.04296875,0.0703125,-0.09824500676717156,0.3072916666666667,0.9962375,0.2916666666666667,0.0037625000000000002,0.4479166666666667,0.0,0.742725,0.20572500000000002,0.05155,0.1875,0.741140625,0.296875,0.204325,0.4375,0.050771875,0.234375,0.001584375,0.328125,0.0014,0.3125,0.000778125,0.421875,0.0,0.421875,0.0,0.5,0.0
split_high_low,64,56,fixed,prediction_error,60,0.9772008137964493,0.45370370370370366,0.39105897817460317,0.6666666666666666,320000,166,2.59375,0.17094002398987002,0.34228515625,10,0.0390625,0.0390625,0.07767713354130089,0.3177083333333333,0.9607093750000001,0.3177083333333333,0.039290625,0.4479166666666667,0.0,0.719646875,0.221275,0.059078125,0.234375,0.695003125,0.328125,0.2101625,0.390625,0.05554375,0.265625,0.02464375,0.421875,0.0111125,0.265625,0.003534375,0.421875,0.0,0.421875,0.0,0.5,0.0
uniform_high,64,57,fixed,prediction_error,59,0.9739583333333334,0.4767416225749559,0.4616546750992064,0.6666666666666666,320000,209,3.265625,0.19694580631029196,0.4559326171875,15,0.05859375,0.078125,0.030387385178164313,0.375,0.9955031249999999,0.34375,0.004496875,0.4583333333333333,0.0,0.589234375,0.297646875,0.11311875,0.328125,0.587621875,0.375,0.2958625,0.421875,0.11201875,0.34375,0.0016125,0.328125,0.001784375,0.359375,0.0011,0.421875,0.0,0.421875,0.0,0.53125,0.0
patchy_high,64,57,fixed,prediction_error,61,0.984375,0.4685295414462081,0.42908897569444443,0.6666666666666666,320000,199,3.109375,0.1975576875681947,0.397216796875,10,0.0390625,0.0546875,0.023010175756011966,0.3385416666666667,0.99545,0.34375,0.00455,0.4583333333333333,0.0,0.5904375000000001,0.298846875,0.110715625,0.265625,0.5886875,0.375,0.29709375,0.375,0.10966875,0.375,0.00175,0.3125,0.001753125,0.34375,0.001046875,0.421875,0.0,0.421875,0.0,0.53125,0.0
split_high_low,64,57,fixed,prediction_error,61,0.984375,0.46053791887125217,0.36225090835813495,0.6666666666666666,320000,153,2.390625,0.16305966443131947,0.39501953125,12,0.046875,0.078125,0.08841838199590803,0.3020833333333333,0.995046875,0.375,0.004953125,0.4583333333333333,0.0,0.7459,0.203396875,0.050703124999999995,0.21875,0.743403125,0.25,0.201846875,0.4375,0.049796875,0.375,0.002496875,0.328125,0.00155,0.421875,0.00090625,0.421875,0.0,0.421875,0.0,0.53125,0.0
uniform_high,64,58,fixed,prediction_error,55,0.9459508137964493,0.44582231040564374,0.33294007161458333,0.6666666666666666,320000,184,2.875,0.1948643308747978,0.4149169921875,13,0.05078125,0.03125,0.08160637110297211,0.2604166666666667,0.990775,0.3489583333333333,0.009225,0.5104166666666666,0.0,0.625471875,0.277878125,0.09665,0.171875,0.620978125,0.25,0.27484375,0.359375,0.094953125,0.34375,0.00449375,0.34375,0.003034375,0.359375,0.001696875,0.5625,0.0,0.40625,0.0,0.5625,0.0
patchy_high,64,58,fixed,prediction_error,59,0.9739583333333334,0.4515542328042328,0.37426442677331345,0.6666666666666666,320000,192,3.0,0.1986758371443148,0.3826904296875,14,0.0546875,0.1015625,0.01131594284826526,0.296875,0.9892562500000001,0.3333333333333333,0.010743750000000002,0.5104166666666666,0.0,0.5958687500000001,0.293553125,0.110578125,0.21875,0.590303125,0.25,0.290290625,0.421875,0.1086625,0.359375,0.005565625,0.296875,0.0032625,0.34375,0.001915625,0.5625,0.0,0.40625,0.0,0.5625,0.0
split_high_low,64,58,fixed,prediction_error,58,0.9667841471297827,0.4712301587301587,0.4246511687748016,0.6666666666666666,320000,178,2.78125,0.18747491856633677,0.355224609375,12,0.046875,0.0703125,0.13886034429652042,0.3177083333333333,0.95385,0.4010416666666667,0.04615,0.5104166666666666,0.0,0.622259375,0.27930625000000003,0.09843437499999999,0.3125,0.597515625,0.234375,0.2637625,0.40625,0.092571875,0.390625,0.02474375,0.375,0.01554375,0.4375,0.0058625,0.5625,0.0,0.40625,0.0,0.5625,0.0
uniform_high,64,59,fixed,prediction_error,60,0.9791666666666666,0.453042328042328,0.3909864412822421,0.6666666666666666,320000,195,3.046875,0.19950406808708543,0.425048828125,13,0.05078125,0.078125,0.04203551756517149,0.34375,0.995965625,0.3177083333333333,0.004034375,0.4427083333333333,0.0,0.5979625000000001,0.291890625,0.110146875,0.21875,0.59626875,0.3125,0.290328125,0.5,0.10936875,0.234375,0.00169375,0.296875,0.0015625,0.421875,0.000778125,0.421875,0.0,0.4375,0.0,0.46875,0.0
patchy_high,64,59,fixed,prediction_error,56,0.956367480463116,0.45265652557319225,0.38861168309771826,0.6666666666666666,320000,192,3.0,0.19604818771509908,0.38818359375,13,0.05078125,0.0390625,0.005685071108261687,0.3072916666666667,0.99555,0.328125,0.00445,0.4427083333333333,0.0,0.6166031249999999,0.28609375000000004,0.09730312499999999,0.21875,0.614634375,0.328125,0.284365625,0.375,0.09655,0.234375,0.00196875,0.3125,0.001728125,0.4375,0.000753125,0.421875,0.0,0.4375,0.0,0.46875,0.0
split_high_low,64,59,fixed,prediction_error,57,0.9635416666666666,0.46494708994708994,0.41619222005208334,0.6666666666666666,320000,169,2.640625,0.18429521710069363,0.4619140625,14,0.0546875,0.0625,0.0753269811711844,0.3385416666666667,0.9567125000000001,0.3541666666666667,0.0432875,0.4427083333333333,0.0,0.645746875,0.26813750000000003,0.086115625,0.265625,0.61823125,0.3125,0.2556875,0.4375,0.08279375,0.265625,0.027515625,0.328125,0.01245,0.46875,0.003321875,0.421875,0.0,0.4375,0.0,0.46875,0.0
uniform_high,64,60,fixed,prediction_error,57,0.9615758137964493,0.4583333333333333,0.4025340355282738,0.6666666666666666,320000,165,2.578125,0.1795374604787777,0.3973388671875,11,0.04296875,0.015625,-0.020544443416812247,0.3229166666666667,0.9956625,0.3229166666666667,0.0043375,0.5104166666666666,0.0,0.6801312500000001,0.2494875,0.07038125,0.25,0.678521875,0.3125,0.247721875,0.40625,0.06941875,0.328125,0.001609375,0.28125,0.001765625,0.359375,0.0009625,0.484375,0.0,0.4375,0.0,0.609375,0.0
patchy_high,64,60,fixed,prediction_error,57,0.9615758137964493,0.44279100529100535,0.3528375372023809,0.6666666666666666,320000,184,2.875,0.1903480797410546,0.4296875,12,0.046875,0.0703125,0.18626151269571237,0.28125,0.995521875,0.3125,0.004478125,0.5104166666666666,0.0,0.6351343749999999,0.269484375,0.09538125,0.1875,0.633634375,0.28125,0.2676,0.375,0.0942875,0.34375,0.0015,0.25,0.001884375,0.34375,0.00109375,0.484375,0.0,0.4375,0.0,0.609375,0.0
split_high_low,64,60,fixed,prediction_error,55,0.9491932942595653,0.4564043209876543,0.3858634998139881,0.6666666666666666,320000,141,2.203125,0.16652150865623644,0.34326171875,13,0.05078125,0.0234375,0.08266345419921216,0.3020833333333333,0.995425,0.359375,0.004575,0.5104166666666666,0.0,0.6941781250000001,0.2320375,0.073784375,0.25,0.692340625,0.234375,0.230275,0.421875,0.072809375,0.421875,0.0018375,0.265625,0.0017625,0.390625,0.000975,0.484375,0.0,0.4375,0.0,0.609375,0.0
uniform_high,64,61,fixed,prediction_error,56,0.9583333333333334,0.4575066137566137,0.4332906079489087,0.6666666666666666,320000,177,2.765625,0.19015344814824092,0.3837890625,14,0.0546875,0.0625,-0.009217921705797168,0.3229166666666667,0.99573125,0.328125,0.00426875,0.5,0.0,0.6018343749999999,0.28985625,0.108309375,0.3125,0.600346875,0.28125,0.288184375,0.375,0.1072,0.375,0.0014875,0.21875,0.001671875,0.390625,0.001109375,0.5625,0.0,0.390625,0.0,0.546875,0.0
patchy_high,64,61,fixed,prediction_error,56,0.9544016275928987,0.4521604938271605,0.4184523328993056,0.6666666666666666,320000,173,2.703125,0.18393170320334107,0.374755859375,10,0.0390625,0.09375,-0.02597063483659469,0.3177083333333333,0.9960000000000001,0.328125,0.004,0.5,0.0,0.606215625,0.28690625000000003,0.10687812499999999,0.28125,0.6047375,0.28125,0.28536875,0.390625,0.10589375,0.359375,0.001478125,0.1875,0.0015375,0.4375,0.000984375,0.5625,0.0,0.390625,0.0,0.546875,0.0
split_high_low,64,61,fixed,prediction_error,53,0.9375,0.4697420634920635,0.44677223462301585,0.6666666666666666,320000,208,3.25,0.2037963165528651,0.40478515625,13,0.05078125,0.0703125,0.12769493242234864,0.34375,0.9661124999999999,0.3697916666666667,0.0338875,0.5,0.0,0.554915625,0.30796875,0.137115625,0.328125,0.53386875,0.296875,0.298990625,0.40625,0.133253125,0.375,0.021046875,0.265625,0.008978125,0.46875,0.0038625,0.5625,0.0,0.390625,0.0,0.546875,0.0
uniform_high,64,62,fixed,prediction_error,52,0.931602441389348,0.4479717813051146,0.3844346958705357,0.6666666666666666,320000,151,2.359375,0.1723791130661267,0.3494873046875,11,0.04296875,0.046875,0.05835131936295442,0.3020833333333333,0.995728125,0.328125,0.004271875,0.4322916666666667,0.0,0.703346875,0.233996875,0.06265625,0.25,0.701271875,0.234375,0.232446875,0.421875,0.062009375,0.28125,0.002075,0.28125,0.00155,0.421875,0.000646875,0.515625,0.0,0.40625,0.0,0.375,0.0
patchy_high,64,62,fixed,prediction_error,56,0.956367480463116,0.4351851851851852,0.3413292488219246,0.6666666666666666,320000,146,2.28125,0.17299890730434908,0.3094482421875,11,0.04296875,0.0625,-0.0036712738243544654,0.24479166666666666,0.9961562500000001,0.3333333333333333,0.00384375,0.4322916666666667,0.0,0.6887593750000001,0.238971875,0.07226875,0.203125,0.68705625,0.21875,0.23744375,0.3125,0.07165625,0.296875,0.001703125,0.28125,0.001528125,0.421875,0.0006125,0.515625,0.0,0.40625,0.0,0.375,0.0
split_high_low,64,62,fixed,prediction_error,62,0.987617480463116,0.4675925925925926,0.4314327365451389,0.6666666666666666,320000,186,2.90625,0.20109470522758577,0.3951416015625,13,0.05078125,0.1171875,0.08565557668469627,0.3229166666666667,0.9669531250000001,0.3697916666666667,0.033046874999999996,0.4322916666666667,0.0,0.5594531250000001,0.31086874999999997,0.129678125,0.3125,0.54575625,0.265625,0.2986,0.390625,0.122596875,0.375,0.013696875,0.34375,0.01226875,0.390625,0.00708125,0.515625,0.0,0.40625,0.0,0.375,0.0
uniform_high,64,63,fixed,prediction_error,60,0.9772008137964493,0.4684744268077602,0.4636975926959325,0.6666666666666666,320000,209,3.265625,0.20166021364640022,0.34814453125,11,0.04296875,0.0625,0.0828654298144929,0.3541666666666667,0.996034375,0.3177083333333333,0.0039656249999999995,0.4947916666666667,0.0,0.5696625,0.307828125,0.122509375,0.34375,0.5677,0.375,0.30645625,0.34375,0.121878125,0.296875,0.0019625,0.296875,0.001371875,0.359375,0.00063125,0.5625,0.0,0.4375,0.0,0.484375,0.0
patchy_high,64,63,fixed,prediction_error,57,0.9635416666666666,0.4629629629629629,0.45913117094494044,0.6666666666666666,320000,211,3.296875,0.20244774155359846,0.4083251953125,12,0.046875,0.0703125,0.018962126137879304,0.3489583333333333,0.9962656249999999,0.3020833333333333,0.0037343750000000003,0.4947916666666667,0.0,0.5762625,0.30329375,0.12044374999999999,0.359375,0.5743125,0.3125,0.302071875,0.375,0.11988125,0.265625,0.00195,0.296875,0.001221875,0.34375,0.0005625,0.5625,0.0,0.4375,0.0,0.484375,0.0
split_high_low,64,63,fixed,prediction_error,56,0.9583333333333334,0.4669312169312169,0.42157302827380955,0.6666666666666666,320000,186,2.90625,0.18812939901970693,0.3582763671875,12,0.046875,0.03125,0.045568371761440386,0.3697916666666667,0.99668125,0.3229166666666667,0.00331875,0.4947916666666667,0.0,0.6076,0.28854375000000004,0.10385625000000001,0.25,0.60613125,0.375,0.28726875,0.484375,0.10328125,0.328125,0.00146875,0.296875,0.001275,0.34375,0.000575,0.5625,0.0,0.4375,0.0,0.484375,0.0
uniform_high,64,64,fixed,prediction_error,55,0.9511591471297827,0.4124228395061728,0.15418175378224205,0.6666666666666666,320000,77,1.203125,0.12163124001957686,0.34130859375,9,0.03515625,0.078125,-0.05806787313861092,0.23958333333333334,0.99695,0.3020833333333333,0.0030499999999999998,0.5677083333333334,0.0,0.888290625,0.09662812500000001,0.01508125,0.0625,0.886775,0.296875,0.0954875,0.359375,0.0146875,0.359375,0.001515625,0.1875,0.001140625,0.359375,0.00039375,0.625,0.0,0.625,0.0,0.453125,0.0
patchy_high,64,64,fixed,prediction_error,51,0.9270833333333334,0.40465167548500885,0.1391009719122024,0.6666666666666666,320000,94,1.46875,0.13561284323814743,0.38916015625,12,0.046875,0.0390625,0.01484537961369506,0.21875,0.9971937499999999,0.3072916666666667,0.00280625,0.5677083333333334,0.0,0.8476968749999999,0.129025,0.023278124999999997,0.046875,0.846484375,0.265625,0.1278875,0.34375,0.022821875,0.359375,0.0012125,0.171875,0.0011375,0.390625,0.00045625,0.625,0.0,0.625,0.0,0.453125,0.0
split_high_low,64,64,fixed,prediction_error,57,0.9635416666666666,0.43242945326278664,0.25619605344742064,0.6666666666666666,320000,97,1.515625,0.14053363723057102,0.367919921875,12,0.046875,0.0546875,0.09237747848198803,0.2708333333333333,0.9869781249999999,0.3385416666666667,0.013021874999999999,0.5677083333333334,0.0,0.8221562499999999,0.14624375,0.0316,0.125,0.813140625,0.25,0.1429375,0.4375,0.0309,0.3125,0.009015625,0.265625,0.00330625,0.4375,0.0007,0.625,0.0,0.625,0.0,0.453125,0.0
uniform_high,64,65,fixed,prediction_error,57,0.9615758137964493,0.45789241622574955,0.42662007533482144,0.6666666666666666,320000,196,3.0625,0.19064122279663842,0.3577880859375,14,0.0546875,0.0625,0.037969565352286225,0.3229166666666667,0.9959374999999999,0.328125,0.0040625,0.5677083333333334,0.0,0.613478125,0.281353125,0.10516875,0.296875,0.6119125,0.28125,0.279784375,0.390625,0.104240625,0.296875,0.001565625,0.296875,0.00156875,0.390625,0.000928125,0.640625,0.0,0.578125,0.0,0.484375,0.0
patchy_high,64,65,fixed,prediction_error,59,0.971992480463116,0.46445105820105814,0.46907024739583336,0.6666666666666666,320000,205,3.203125,0.19062380258616018,0.40380859375,11,0.04296875,0.046875,0.021684678465589417,0.3541666666666667,0.99610625,0.3229166666666667,0.00389375,0.5677083333333334,0.0,0.608203125,0.288946875,0.10285000000000001,0.375,0.6068,0.34375,0.287359375,0.34375,0.101946875,0.265625,0.001403125,0.3125,0.0015875,0.390625,0.000903125,0.640625,0.0,0.578125,0.0,0.484375,0.0
split_high_low,64,65,fixed,prediction_error,56,0.956367480463116,0.47404100529100535,0.4645611979166667,0.6666666666666666,320000,220,3.4375,0.19769751854558,0.4345703125,13,0.05078125,0.109375,0.12420644519284861,0.3697916666666667,0.98674375,0.359375,0.013256249999999999,0.5677083333333334,0.0,0.578309375,0.3065625,0.115128125,0.359375,0.570503125,0.328125,0.30260625,0.421875,0.113634375,0.28125,0.00780625,0.390625,0.00395625,0.40625,0.00149375,0.640625,0.0,0.578125,0.0,0.484375,0.0
uniform_high,64,66,fixed,prediction_error,55,0.953125,0.45397927689594353,0.3947958875868056,0.6666666666666666,320000,203,3.171875,0.19627767407531366,0.4151611328125,14,0.0546875,0.015625,0.036090710713675096,0.3229166666666667,0.9964593750000001,0.3385416666666667,0.003540625,0.4166666666666667,0.0,0.6019156250000001,0.294271875,0.1038125,0.21875,0.6005875,0.34375,0.292803125,0.40625,0.10306875,0.359375,0.001328125,0.25,0.00146875,0.40625,0.00074375,0.328125,0.0,0.5,0.0,0.421875,0.0
patchy_high,64,66,fixed,prediction_error,56,0.956367480463116,0.45436507936507936,0.39982843036954363,0.6666666666666666,320000,211,3.296875,0.19984234502485415,0.421142578125,13,0.05078125,0.046875,0.018206486815377062,0.328125,0.996109375,0.3385416666666667,0.003890625,0.4166666666666667,0.0,0.587821875,0.29896875,0.113209375,0.25,0.586396875,0.265625,0.29733125,0.46875,0.11238125,0.375,0.001425,0.28125,0.0016375,0.359375,0.000828125,0.328125,0.0,0.5,0.0,0.421875,0.0
split_high_low,64,66,fixed,prediction_error,56,0.956367480463116,0.4562940917107584,0.4073937298487103,0.6666666666666666,320000,219,3.421875,0.20376035849561402,0.3782958984375,11,0.04296875,0.0546875,0.024722654964175233,0.3020833333333333,0.9885531249999999,0.3489583333333333,0.011446875,0.4166666666666667,0.0,0.5383125,0.323290625,0.138396875,0.25,0.533790625,0.296875,0.318875,0.359375,0.1358875,0.34375,0.004521875,0.328125,0.004415625,0.375,0.002509375,0.328125,0.0,0.5,0.0,0.421875,0.0
uniform_high,64,67,fixed,prediction_error,50,0.9231516275928987,0.4280202821869489,0.3091450505332341,0.6666666666666666,320000,113,1.765625,0.14639572921447733,0.36279296875,11,0.04296875,0.0625,0.01950344823211121,0.296875,0.99633125,0.3072916666666667,0.0036687499999999997,0.4583333333333333,0.0,0.80135625,0.16409374999999998,0.034550000000000004,0.171875,0.799609375,0.234375,0.16271875,0.484375,0.034003125,0.203125,0.001746875,0.21875,0.001375,0.5,0.000546875,0.421875,0.0,0.453125,0.0,0.5,0.0
patchy_high,64,67,fixed,prediction_error,51,0.9199091471297827,0.41242283950617287,0.27148707527281746,0.6666666666666666,320000,115,1.796875,0.14798368824995872,0.35107421875,11,0.04296875,0.0625,0.08002665782457699,0.21875,0.99596875,0.3072916666666667,0.00403125,0.4583333333333333,0.0,0.7975875,0.166921875,0.035490625000000005,0.140625,0.795546875,0.234375,0.165540625,0.28125,0.03488125,0.21875,0.002040625,0.203125,0.00138125,0.5,0.000609375,0.421875,0.0,0.453125,0.0,0.5,0.0
split_high_low,64,67,fixed,prediction_error,58,0.9667841471297827,0.46235670194003525,0.4333118489583333,0.6666666666666666,320000,210,3.28125,0.19557250538762716,0.4189453125,11,0.04296875,0.0859375,0.1687150581077184,0.375,0.9631875,0.359375,0.036812500000000005,0.4583333333333333,0.0,0.6102375,0.28644375,0.10331875,0.28125,0.5862125,0.34375,0.277221875,0.5,0.099753125,0.265625,0.024025,0.25,0.009221875,0.5625,0.003565625,0.421875,0.0,0.453125,0.0,0.5,0.0
uniform_high,64,68,fixed,prediction_error,54,0.9479166666666666,0.4603725749559083,0.4401829349578373,0.6666666666666666,320000,199,3.109375,0.21733085735599084,0.380126953125,13,0.05078125,0.0546875,-0.007782311457430932,0.3177083333333333,0.995115625,0.3333333333333333,0.004884375,0.4791666666666667,0.0,0.5128312500000001,0.32995625,0.1572125,0.3125,0.51065,0.328125,0.32815,0.3125,0.156315625,0.28125,0.00218125,0.265625,0.00180625,0.453125,0.000896875,0.4375,0.0,0.46875,0.0,0.53125,0.0
patchy_high,64,68,fixed,prediction_error,60,0.9791666666666666,0.47277336860670194,0.47318764260912693,0.6666666666666666,320000,206,3.21875,0.2205814661889467,0.4051513671875,12,0.046875,0.0859375,0.05340346199476996,0.3802083333333333,0.9949343749999999,0.3489583333333333,0.005065625,0.4791666666666667,0.0,0.496753125,0.33560625,0.167640625,0.375,0.494571875,0.34375,0.33365625,0.421875,0.16670625,0.296875,0.00218125,0.25,0.00195,0.5,0.000934375,0.4375,0.0,0.46875,0.0,0.53125,0.0
split_high_low,64,68,fixed,prediction_error,55,0.9511591471297827,0.4520502645502646,0.3792644174727182,0.6666666666666666,320000,114,1.78125,0.16328268726957934,0.348876953125,12,0.046875,0.0625,0.025878375604198728,0.28125,0.9956468749999999,0.3645833333333333,0.004353125,0.4791666666666667,0.0,0.730378125,0.213996875,0.055625,0.25,0.72846875,0.21875,0.212434375,0.375,0.05474375,0.328125,0.001909375,0.265625,0.0015625,0.5,0.00088125,0.4375,0.0,0.46875,0.0,0.53125,0.0
uniform_high,64,69,fixed,prediction_error,57,0.9615758137964493,0.4652777777777778,0.4019126968625992,0.6666666666666666,320000,114,1.78125,0.16205764148556603,0.3167724609375,12,0.046875,0.0625,-0.09421359666898918,0.3177083333333333,0.996553125,0.3645833333333333,0.003446875,0.546875,0.0,0.72840625,0.21713125,0.054462500000000004,0.265625,0.7270875,0.265625,0.215746875,0.421875,0.05371875,0.390625,0.00131875,0.34375,0.001384375,0.359375,0.00074375,0.609375,0.0,0.46875,0.0,0.5625,0.0
patchy_high,64,69,fixed,prediction_error,56,0.9544016275928987,0.46015211640211645,0.4090784071180556,0.6666666666666666,320000,119,1.859375,0.16126801208274724,0.3138427734375,11,0.04296875,0.0546875,0.013729721451564975,0.3177083333333333,0.9962,0.328125,0.0038000000000000004,0.546875,0.0,0.73961875,0.204225,0.056156250000000005,0.265625,0.73815625,0.3125,0.202815625,0.375,0.055228125,0.328125,0.0014625,0.3125,0.001409375,0.34375,0.000928125,0.609375,0.0,0.46875,0.0,0.5625,0.0
split_high_low,64,69,fixed,prediction_error,56,0.9583333333333334,0.46500220458553787,0.43823557477678576,0.6666666666666666,320000,148,2.3125,0.17639937657777313,0.354736328125,10,0.0390625,0.0703125,0.07138457351837865,0.3229166666666667,0.9961375000000001,0.34375,0.0038625,0.546875,0.0,0.6365343750000001,0.27028125,0.093184375,0.296875,0.63508125,0.375,0.26884375,0.296875,0.0922125,0.3125,0.001453125,0.375,0.0014375,0.34375,0.000971875,0.609375,0.0,0.46875,0.0,0.5625,0.0
uniform_high,64,70,fixed,prediction_error,57,0.9583333333333334,0.4486331569664903,0.3740021236359127,0.6666666666666666,320000,146,2.28125,0.1716094205533306,0.358642578125,11,0.04296875,0.09375,-0.004303190317311994,0.3177083333333333,0.9957375,0.3177083333333333,0.0042625,0.46875,0.0,0.71308125,0.22509062500000002,0.061828125000000005,0.21875,0.7115,0.296875,0.2234625,0.4375,0.060775,0.453125,0.00158125,0.21875,0.001628125,0.28125,0.001053125,0.421875,0.0,0.453125,0.0,0.53125,0.0
patchy_high,64,70,fixed,prediction_error,56,0.9583333333333334,0.44664902998236333,0.29924178292410714,0.6666666666666666,320000,154,2.40625,0.1749363861357109,0.350830078125,13,0.05078125,0.0859375,-0.04575473143566241,0.3072916666666667,0.995575,0.3385416666666667,0.004425,0.46875,0.0,0.703396875,0.226315625,0.0702875,0.125,0.7014875,0.375,0.22475625,0.421875,0.06933125,0.453125,0.001909375,0.25,0.001559375,0.3125,0.00095625,0.421875,0.0,0.453125,0.0,0.53125,0.0
split_high_low,64,70,fixed,prediction_error,55,0.953125,0.46571869488536155,0.3947783203125,0.6666666666666666,320000,136,2.125,0.16457340829481254,0.340576171875,10,0.0390625,0.0625,0.05141843279514838,0.3333333333333333,0.966265625,0.375,0.033734375,0.46875,0.0,0.72795,0.21849375,0.05355625,0.234375,0.703509375,0.34375,0.210978125,0.421875,0.051778125,0.453125,0.024440625,0.234375,0.007515625,0.4375,0.001778125,0.421875,0.0,0.453125,0.0,0.53125,0.0
uniform_high,64,71,fixed,prediction_error,59,0.9739583333333334,0.4721671075837743,0.49684368489583336,0.6666666666666666,320000,270,4.21875,0.2370972306889865,0.3929443359375,17,0.06640625,0.0625,0.0014896824296890161,0.4270833333333333,0.995578125,0.296875,0.0044218750000000005,0.4583333333333333,0.0,0.382284375,0.36628125,0.251434375,0.4375,0.380390625,0.421875,0.3646625,0.421875,0.250525,0.28125,0.00189375,0.234375,0.00161875,0.375,0.000909375,0.453125,0.0,0.421875,0.0,0.5,0.0
patchy_high,64,71,fixed,prediction_error,57,0.9615758137964493,0.46946649029982357,0.5065269112723214,0.6666666666666666,320000,259,4.046875,0.2353638538774565,0.3885498046875,12,0.046875,0.0390625,0.00791261061495683,0.484375,0.99549375,0.2760416666666667,0.00450625,0.4583333333333333,0.0,0.376178125,0.3680375,0.25578437499999995,0.5,0.374271875,0.46875,0.36630625,0.484375,0.254915625,0.234375,0.00190625,0.234375,0.00173125,0.359375,0.00086875,0.453125,0.0,0.421875,0.0,0.5,0.0
split_high_low,64,71,fixed,prediction_error,57,0.9615758137964493,0.480379188712522,0.4527821304563492,0.6666666666666666,320000,225,3.515625,0.20779154531101676,0.3582763671875,11,0.04296875,0.0625,0.1068346515126937,0.3802083333333333,0.9292031249999999,0.3697916666666667,0.070796875,0.4583333333333333,0.0,0.5309875,0.325571875,0.143440625,0.28125,0.49164375,0.421875,0.303009375,0.4375,0.13455,0.40625,0.03934375,0.3125,0.0225625,0.390625,0.008890625,0.453125,0.0,0.421875,0.0,0.5,0.0
uniform_high,64,72,fixed,prediction_error,59,0.9739583333333334,0.4767967372134039,0.465453605530754,0.6666666666666666,320000,200,3.125,0.2124548540440972,0.3790283203125,12,0.046875,0.0625,0.09486137669003414,0.3854166666666667,0.99543125,0.3385416666666667,0.00456875,0.5,0.0,0.5174968750000001,0.3355375,0.14696562500000002,0.328125,0.51546875,0.375,0.333803125,0.453125,0.146159375,0.390625,0.002028125,0.25,0.001734375,0.375,0.00080625,0.5,0.0,0.484375,0.0,0.515625,0.0
patchy_high,64,72,fixed,prediction_error,61,0.984375,0.4710648148148148,0.47967607111855154,0.6666666666666666,320000,201,3.140625,0.21499255674910636,0.431884765625,13,0.05078125,0.0703125,0.069081754842375,0.3854166666666667,0.995740625,0.3072916666666667,0.004259375,0.5,0.0,0.494821875,0.33759687499999996,0.16758125000000001,0.375,0.492975,0.390625,0.335921875,0.390625,0.16684375,0.34375,0.001846875,0.21875,0.001675,0.359375,0.0007375,0.5,0.0,0.484375,0.0,0.515625,0.0
split_high_low,64,72,fixed,prediction_error,60,0.9791666666666666,0.48291446208112876,0.4854225415426587,0.6666666666666666,320000,200,3.125,0.2091334054095239,0.37353515625,11,0.04296875,0.078125,0.0452791210622437,0.4114583333333333,0.9742124999999999,0.3385416666666667,0.025787499999999998,0.5,0.0,0.5307624999999999,0.32583749999999995,0.1434,0.390625,0.518884375,0.390625,0.316846875,0.453125,0.13848125,0.34375,0.011878125,0.28125,0.008990625,0.390625,0.00491875,0.5,0.0,0.484375,0.0,0.515625,0.0
uniform_high,64,73,fixed,prediction_error,56,0.956367480463116,0.45243606701940037,0.38304283699156744,0.6666666666666666,320000,140,2.1875,0.18253079971606956,0.410400390625,16,0.0625,0.0703125,0.12582263047867542,0.3020833333333333,0.9957,0.328125,0.0043,0.5104166666666666,0.0,0.664678125,0.25341250000000004,0.08190937499999999,0.234375,0.663025,0.265625,0.251803125,0.40625,0.080871875,0.3125,0.001653125,0.28125,0.001609375,0.390625,0.0010375,0.5625,0.0,0.40625,0.0,0.5625,0.0
patchy_high,64,73,fixed,prediction_error,60,0.9772008137964493,0.46671075837742504,0.43433356894841274,0.6666666666666666,320000,130,2.03125,0.17602130708188274,0.3907470703125,9,0.03515625,0.046875,-0.01655545775253338,0.4010416666666667,0.9956218750000001,0.3385416666666667,0.004378125,0.5104166666666666,0.0,0.70130625,0.232315625,0.06637812500000001,0.296875,0.699734375,0.328125,0.23055,0.578125,0.0653375,0.3125,0.001571875,0.28125,0.001765625,0.421875,0.001040625,0.5625,0.0,0.40625,0.0,0.5625,0.0
split_high_low,64,73,fixed,prediction_error,59,0.9739583333333334,0.4696318342151675,0.41967946428571434,0.6666666666666666,320000,139,2.171875,0.18026096787673418,0.4111328125,13,0.05078125,0.0390625,0.10967291683467248,0.3854166666666667,0.963890625,0.3385416666666667,0.036109375,0.5104166666666666,0.0,0.6554593750000001,0.260903125,0.0836375,0.25,0.63169375,0.390625,0.2515,0.515625,0.080696875,0.34375,0.023765625,0.328125,0.009403125,0.34375,0.002940625,0.5625,0.0,0.40625,0.0,0.5625,0.0
uniform_high,64,74,fixed,prediction_error,55,0.953125,0.4313822751322751,0.27767128751240083,0.6666666666666666,320000,136,2.125,0.17522266754655924,0.3465576171875,16,0.0625,0.0546875,0.06291549023462024,0.24479166666666666,0.99633125,0.3333333333333333,0.00366875,0.4895833333333333,0.0,0.6868562500000001,0.24854375,0.0646,0.140625,0.68524375,0.1875,0.247165625,0.40625,0.063921875,0.359375,0.0016125,0.234375,0.001378125,0.40625,0.000678125,0.515625,0.0,0.515625,0.0,0.4375,0.0
patchy_high,64,74,fixed,prediction_error,56,0.9583333333333334,0.45425485008818345,0.36373354414682535,0.6666666666666666,320000,117,1.828125,0.16763458195744368,0.3409423828125,10,0.0390625,0.03125,0.011658855445948,0.3020833333333333,0.9962718749999999,0.3333333333333333,0.003728125,0.4895833333333333,0.0,0.718640625,0.224165625,0.05719375,0.21875,0.716946875,0.25,0.2228125,0.4375,0.0565125,0.34375,0.00169375,0.28125,0.001353125,0.375,0.00068125,0.515625,0.0,0.515625,0.0,0.4375,0.0
split_high_low,64,74,fixed,prediction_error,56,0.9583333333333334,0.44235008818342153,0.33256973741319446,0.6666666666666666,320000,129,2.015625,0.16735166567158508,0.3697509765625,12,0.046875,0.0703125,0.09532175636004134,0.265625,0.98751875,0.328125,0.01248125,0.4895833333333333,0.0,0.7194843750000001,0.222409375,0.058106250000000005,0.1875,0.712496875,0.234375,0.218278125,0.375,0.05674375,0.359375,0.0069875,0.234375,0.00413125,0.390625,0.0013625,0.515625,0.0,0.515625,0.0,0.4375,0.0
uniform_high,64,75,fixed,prediction_error,56,0.956367480463116,0.4488536155202822,0.3915153955853175,0.6666666666666666,320000,183,2.859375,0.18119795234153807,0.3975830078125,12,0.046875,0.0390625,-0.024833492929677372,0.3072916666666667,0.9965343750000001,0.3385416666666667,0.0034656250000000004,0.40625,0.0,0.6670125,0.25825,0.0747375,0.265625,0.665678125,0.21875,0.256940625,0.4375,0.073915625,0.28125,0.001334375,0.296875,0.001309375,0.4375,0.000821875,0.40625,0.0,0.453125,0.0,0.359375,0.0
patchy_high,64,75,fixed,prediction_error,59,0.971992480463116,0.4650573192239859,0.441010576326885,0.6666666666666666,320000,165,2.578125,0.17708709910719914,0.3646240234375,11,0.04296875,0.0546875,-0.10073901002499742,0.3697916666666667,0.99675,0.3385416666666667,0.0032500000000000003,0.40625,0.0,0.6940125,0.241946875,0.064040625,0.3125,0.692765625,0.3125,0.24070625,0.484375,0.063278125,0.296875,0.001246875,0.296875,0.001240625,0.421875,0.0007625,0.40625,0.0,0.453125,0.0,0.359375,0.0
split_high_low,64,75,fixed,prediction_error,56,0.9583333333333334,0.437555114638448,0.37192815600198414,0.6666666666666666,320000,142,2.21875,0.16055356590494918,0.3857421875,13,0.05078125,0.03125,-0.041810007226613946,0.2604166666666667,0.9964062499999999,0.328125,0.0035937499999999997,0.40625,0.0,0.723378125,0.21471875,0.061903125,0.234375,0.722046875,0.25,0.21326875,0.296875,0.061090625,0.28125,0.00133125,0.265625,0.00145,0.4375,0.0008125,0.40625,0.0,0.453125,0.0,0.359375,0.0
uniform_high,64,76,fixed,prediction_error,56,0.9544016275928987,0.4731040564373898,0.48847790953621034,0.6666666666666666,320000,229,3.578125,0.20911056164720343,0.4342041015625,12,0.046875,0.0625,0.07863956624346534,0.4166666666666667,0.9961375,0.3072916666666667,0.0038625,0.5677083333333334,0.0,0.520484375,0.328484375,0.15103125,0.390625,0.518615625,0.40625,0.3271,0.453125,0.150421875,0.28125,0.00186875,0.28125,0.001384375,0.359375,0.000609375,0.53125,0.0,0.578125,0.0,0.59375,0.0
patchy_high,64,76,fixed,prediction_error,60,0.9791666666666666,0.46919091710758376,0.45590245535714286,0.6666666666666666,320000,225,3.515625,0.20479889650591176,0.339111328125,10,0.0390625,0.09375,0.10960590306354252,0.390625,0.99610625,0.328125,0.0038937500000000005,0.5677083333333334,0.0,0.541390625,0.322909375,0.1357,0.328125,0.53959375,0.328125,0.321409375,0.515625,0.135103125,0.328125,0.001796875,0.265625,0.0015,0.390625,0.000596875,0.53125,0.0,0.578125,0.0,0.59375,0.0
split_high_low,64,76,fixed,prediction_error,60,0.9791666666666666,0.47944223985890655,0.4815917751736111,0.6666666666666666,320000,256,4.0,0.22273045991075657,0.406494140625,10,0.0390625,0.0390625,-0.024440118692131606,0.421875,0.977434375,0.3489583333333333,0.022565625000000002,0.5677083333333334,0.0,0.467284375,0.348921875,0.18379375,0.390625,0.456990625,0.359375,0.340896875,0.515625,0.179546875,0.28125,0.01029375,0.34375,0.008025,0.421875,0.004246875,0.53125,0.0,0.578125,0.0,0.59375,0.0
uniform_high,64,77,fixed,prediction_error,56,0.9544016275928987,0.47288359788359785,0.5004338975694445,0.6666666666666666,320000,266,4.15625,0.2259924640058901,0.5205078125,17,0.06640625,0.0625,0.1640167520901926,0.4427083333333333,0.9955125,0.3020833333333333,0.0044875,0.4947916666666667,0.0,0.44638750000000005,0.35146875,0.20214374999999998,0.484375,0.4446125,0.421875,0.34984375,0.421875,0.20105625,0.265625,0.001775,0.234375,0.001625,0.40625,0.0010875,0.546875,0.0,0.515625,0.0,0.421875,0.0
patchy_high,64,77,fixed,prediction_error,54,0.9459508137964493,0.46687610229276894,0.4924782862103174,0.6666666666666666,320000,258,4.03125,0.22796969176218052,0.4622802734375,13,0.05078125,0.0546875,0.10829958219838252,0.421875,0.995634375,0.2864583333333333,0.004365625,0.4947916666666667,0.0,0.439425,0.35617187499999997,0.204403125,0.421875,0.43761875,0.390625,0.3546375,0.453125,0.203378125,0.234375,0.00180625,0.234375,0.001534375,0.390625,0.001025,0.546875,0.0,0.515625,0.0,0.421875,0.0
split_high_low,64,77,fixed,prediction_error,59,0.9739583333333334,0.47371031746031744,0.4407975399925595,0.6666666666666666,320000,216,3.375,0.19909952833289918,0.50244140625,14,0.0546875,0.0390625,0.010346617813370288,0.3802083333333333,0.99615625,0.359375,0.00384375,0.4947916666666667,0.0,0.5775218750000001,0.30751562499999996,0.1149625,0.265625,0.5756875,0.46875,0.30619375,0.40625,0.114275,0.328125,0.001834375,0.28125,0.001321875,0.46875,0.0006875,0.546875,0.0,0.515625,0.0,0.421875,0.0
uniform_high,64,78,fixed,prediction_error,62,0.9895833333333334,0.46781305114638444,0.4523716486855159,0.6666666666666666,320000,238,3.71875,0.21574086355959227,0.3984375,13,0.05078125,0.0546875,0.020433058044000967,0.3802083333333333,0.99601875,0.3125,0.00398125,0.515625,0.0,0.5001375,0.334296875,0.165565625,0.296875,0.498403125,0.359375,0.332828125,0.484375,0.1647875,0.265625,0.001734375,0.3125,0.00146875,0.359375,0.000778125,0.484375,0.0,0.484375,0.0,0.578125,0.0
patchy_high,64,78,fixed,prediction_error,58,0.96875,0.4650022045855379,0.46093379371279763,0.6666666666666666,320000,219,3.421875,0.21007588746998504,0.3966064453125,14,0.0546875,0.078125,-0.0020884259109565195,0.4270833333333333,0.9962218749999999,0.2916666666666667,0.003778125,0.515625,0.0,0.518578125,0.3295375,0.15188437500000002,0.296875,0.516996875,0.4375,0.328109375,0.546875,0.151115625,0.234375,0.00158125,0.296875,0.001428125,0.34375,0.00076875,0.484375,0.0,0.484375,0.0,0.578125,0.0
split_high_low,64,78,fixed,prediction_error,59,0.9739583333333334,0.4775683421516755,0.4645905040922619,0.6666666666666666,320000,235,3.671875,0.21461059749059694,0.42822265625,12,0.046875,0.0703125,0.08554718005327312,0.4270833333333333,0.981040625,0.3645833333333333,0.018959375,0.515625,0.0,0.4777375,0.346384375,0.175878125,0.359375,0.470375,0.328125,0.339546875,0.59375,0.17111875,0.28125,0.0073625,0.359375,0.0068375,0.453125,0.004759375,0.484375,0.0,0.484375,0.0,0.578125,0.0
uniform_high,64,79,fixed,prediction_error,52,0.9355341471297827,0.4551917989417989,0.3964881107390873,0.6666666666666666,320000,204,3.1875,0.1975862734076505,0.458740234375,12,0.046875,0.0859375,0.028288585852394244,0.3020833333333333,0.995209375,0.3385416666666667,0.004790625,0.5416666666666666,0.0,0.60520625,0.286453125,0.108340625,0.234375,0.60276875,0.3125,0.284778125,0.359375,0.1076625,0.296875,0.0024375,0.28125,0.001675,0.4375,0.000678125,0.546875,0.0,0.609375,0.0,0.46875,0.0
patchy_high,64,79,fixed,prediction_error,58,0.96875,0.4470899470899471,0.3772144794766865,0.6666666666666666,320000,214,3.34375,0.2013041746433663,0.4638671875,11,0.04296875,0.0546875,0.07962297395981749,0.2604166666666667,0.9954874999999999,0.34375,0.0045125,0.5416666666666666,0.0,0.5902062499999999,0.3005375,0.10925625,0.25,0.587903125,0.21875,0.298953125,0.3125,0.10863125,0.34375,0.002303125,0.296875,0.001584375,0.390625,0.000625,0.546875,0.0,0.609375,0.0,0.46875,0.0
split_high_low,64,79,fixed,prediction_error,53,0.9387766275928987,0.4689704585537919,0.44230573381696436,0.6666666666666666,320000,199,3.109375,0.19176743592363873,0.4107666015625,10,0.0390625,0.0625,0.11759739075595713,0.3177083333333333,0.958171875,0.3645833333333333,0.041828125,0.5416666666666666,0.0,0.619190625,0.28424062499999997,0.09656875,0.328125,0.59118125,0.296875,0.273425,0.328125,0.093565625,0.375,0.028009375,0.328125,0.010815625,0.390625,0.003003125,0.546875,0.0,0.609375,0.0,0.46875,0.0
uniform_high,64,80,fixed,prediction_error,54,0.943984960926232,0.44157848324514987,0.3583263315352182,0.6666666666666666,320000,167,2.609375,0.17619043256451666,0.380615234375,13,0.05078125,0.0703125,-0.049241316124575135,0.28125,0.987015625,0.3229166666666667,0.012984375000000001,0.4895833333333333,0.0,0.68379375,0.24159999999999998,0.07460625,0.21875,0.675028125,0.21875,0.23836875,0.40625,0.07361875,0.234375,0.008765625,0.3125,0.00323125,0.421875,0.0009875,0.546875,0.0,0.53125,0.0,0.390625,0.0
patchy_high,64,80,fixed,prediction_error,51,0.9263941080560146,0.43810626102292766,0.3319774305555555,0.6666666666666666,320000,141,2.203125,0.15993394687232998,0.37109375,15,0.05859375,0.09375,0.04211543737044513,0.265625,0.9954124999999999,0.3229166666666667,0.0045875,0.4895833333333333,0.0,0.7468343749999999,0.205421875,0.04774375,0.1875,0.744734375,0.25,0.203703125,0.359375,0.046975,0.25,0.0021,0.28125,0.00171875,0.4375,0.00076875,0.546875,0.0,0.53125,0.0,0.390625,0.0
split_high_low,64,80,fixed,prediction_error,54,0.943984960926232,0.47872574955908287,0.48322709728422614,0.6666666666666666,320000,204,3.1875,0.19482494451950932,0.3970947265625,11,0.04296875,0.046875,-0.012414455144079907,0.40625,0.935025,0.3541666666666667,0.064975,0.4895833333333333,0.0,0.5952812500000001,0.293653125,0.111065625,0.484375,0.547665625,0.328125,0.280078125,0.40625,0.10728125,0.265625,0.047615625,0.390625,0.013575,0.40625,0.003784375,0.546875,0.0,0.53125,0.0,0.390625,0.0
uniform_high,64,81,fixed,prediction_error,54,0.943984960926232,0.4520502645502646,0.3892287047371032,0.6666666666666666,320000,162,2.53125,0.17541078441204283,0.3480224609375,10,0.0390625,0.0703125,0.07650354586990968,0.28125,0.99581875,0.328125,0.00418125,0.5052083333333334,0.0,0.683678125,0.248146875,0.06817500000000001,0.265625,0.68220625,0.21875,0.246571875,0.359375,0.067040625,0.328125,0.001471875,0.34375,0.001575,0.3125,0.001134375,0.546875,0.0,0.515625,0.0,0.453125,0.0
patchy_high,64,81,fixed,prediction_error,54,0.9427083333333334,0.4465939153439153,0.3239822188120039,0.6666666666666666,320000,192,3.0,0.18773637236257046,0.3626708984375,12,0.046875,0.0703125,0.0006298079522423668,0.265625,0.9959031249999999,0.3385416666666667,0.004096875,0.5052083333333334,0.0,0.643490625,0.2711,0.085409375,0.15625,0.64211875,0.28125,0.26944375,0.359375,0.084340625,0.34375,0.001371875,0.375,0.00165625,0.296875,0.00106875,0.546875,0.0,0.515625,0.0,0.453125,0.0
split_high_low,64,81,fixed,prediction_error,56,0.956367480463116,0.4631834215167549,0.38377608661954365,0.6666666666666666,320000,199,3.109375,0.19211842478452476,0.3931884765625,14,0.0546875,0.0625,0.04651356801630458,0.3020833333333333,0.96765,0.3697916666666667,0.032350000000000004,0.5052083333333334,0.0,0.6292625,0.274534375,0.096203125,0.21875,0.612853125,0.296875,0.26375625,0.390625,0.091040625,0.328125,0.016409375,0.453125,0.010778125,0.328125,0.0051625,0.546875,0.0,0.515625,0.0,0.453125,0.0
uniform_high,64,82,fixed,prediction_error,54,0.943984960926232,0.45679012345679015,0.4337134703621032,0.6666666666666666,320000,225,3.515625,0.21857795366574242,0.4495849609375,15,0.05859375,0.0859375,-0.012322301429354872,0.3541666666666667,0.995565625,0.3020833333333333,0.004434375,0.5,0.0,0.488265625,0.340390625,0.17134375000000002,0.296875,0.486065625,0.28125,0.33888125,0.484375,0.17061875,0.3125,0.0022,0.203125,0.001509375,0.390625,0.000725,0.46875,0.0,0.5,0.0,0.53125,0.0
patchy_high,64,82,fixed,prediction_error,51,0.9231516275928987,0.474537037037037,0.4659643647693453,0.6666666666666666,320000,225,3.515625,0.21683448031052752,0.3992919921875,12,0.046875,0.0625,0.08495678330429607,0.3802083333333333,0.9957718750000001,0.328125,0.004228125,0.5,0.0,0.49141250000000003,0.33705312499999995,0.171534375,0.34375,0.489390625,0.34375,0.335565625,0.453125,0.170815625,0.34375,0.002021875,0.265625,0.0014875,0.375,0.00071875,0.46875,0.0,0.5,0.0,0.53125,0.0
split_high_low,64,82,fixed,prediction_error,60,0.9791666666666666,0.47608024691358025,0.48719002666170635,0.6666666666666666,320000,245,3.828125,0.2191634405032383,0.3778076171875,11,0.04296875,0.046875,0.032807338654140754,0.4010416666666667,0.9872281249999999,0.328125,0.012771874999999999,0.5,0.0,0.47630625,0.344096875,0.179596875,0.390625,0.471546875,0.4375,0.339459375,0.375,0.176221875,0.359375,0.004759375,0.21875,0.0046375,0.40625,0.003375,0.46875,0.0,0.5,0.0,0.53125,0.0
uniform_high,64,83,fixed,prediction_error,57,0.9635416666666666,0.46208112874779533,0.4643160109747024,0.6666666666666666,320000,227,3.546875,0.20438760632840008,0.3974609375,15,0.05859375,0.046875,0.10518034702771303,0.3802083333333333,0.995378125,0.3177083333333333,0.004621875,0.59375,0.0,0.542165625,0.320975,0.136859375,0.34375,0.54020625,0.34375,0.319215625,0.453125,0.13595625,0.28125,0.001959375,0.28125,0.001759375,0.390625,0.000903125,0.65625,0.0,0.484375,0.0,0.640625,0.0
patchy_high,64,83,fixed,prediction_error,55,0.9491932942595653,0.4652777777777778,0.4705059089781746,0.6666666666666666,320000,243,3.796875,0.21795297765586233,0.4090576171875,15,0.05859375,0.046875,0.021486392382256834,0.3854166666666667,0.995359375,0.3229166666666667,0.004640625000000001,0.59375,0.0,0.4829625,0.34440625,0.17263124999999999,0.359375,0.480971875,0.34375,0.342628125,0.453125,0.171759375,0.296875,0.001990625,0.296875,0.001778125,0.375,0.000871875,0.65625,0.0,0.484375,0.0,0.640625,0.0
split_high_low,64,83,fixed,prediction_error,59,0.9739583333333334,0.4740961199294533,0.4794102818080357,0.6666666666666666,320000,252,3.9375,0.22687312958887806,0.4134521484375,13,0.05078125,0.0390625,0.09695061173377126,0.4166666666666667,0.99191875,0.3541666666666667,0.00808125,0.59375,0.0,0.44202187499999995,0.35946875,0.198509375,0.328125,0.438678125,0.484375,0.356296875,0.4375,0.19694375,0.296875,0.00334375,0.34375,0.003171875,0.421875,0.001565625,0.65625,0.0,0.484375,0.0,0.640625,0.0
uniform_high,64,84,fixed,prediction_error,55,0.9459508137964493,0.45960097001763667,0.383045560515873,0.6666666666666666,320000,169,2.640625,0.18148603996981816,0.4010009765625,12,0.046875,0.0703125,0.011391382024809904,0.3072916666666667,0.9960687500000001,0.3489583333333333,0.003931250000000001,0.515625,0.0,0.667728125,0.2528875,0.079384375,0.21875,0.6662,0.328125,0.251409375,0.375,0.078459375,0.328125,0.001528125,0.28125,0.001478125,0.4375,0.000925,0.453125,0.0,0.515625,0.0,0.578125,0.0
patchy_high,64,84,fixed,prediction_error,58,0.96875,0.4641203703703704,0.4331371140252976,0.6666666666666666,320000,201,3.140625,0.19806290219254097,0.3782958984375,12,0.046875,0.0703125,0.09185311573176186,0.3489583333333333,0.996296875,0.328125,0.003703125,0.515625,0.0,0.593915625,0.291925,0.11415937500000001,0.296875,0.592321875,0.296875,0.29058125,0.453125,0.11339375,0.328125,0.00159375,0.25,0.00134375,0.40625,0.000765625,0.453125,0.0,0.515625,0.0,0.578125,0.0
split_high_low,64,84,fixed,prediction_error,56,0.956367480463116,0.47293871252204583,0.4340479135664682,0.6666666666666666,320000,202,3.15625,0.19772012201177935,0.41162109375,14,0.0546875,0.078125,0.050806827855331575,0.3489583333333333,0.993534375,0.359375,0.006465624999999999,0.515625,0.0,0.58919375,0.29799375,0.11281250000000001,0.265625,0.58618125,0.421875,0.295646875,0.359375,0.11170625,0.375,0.0030125,0.296875,0.002346875,0.40625,0.00110625,0.453125,0.0,0.515625,0.0,0.578125,0.0
uniform_high,64,85,fixed,prediction_error,60,0.9791666666666666,0.4748677248677248,0.46198710007440474,0.6666666666666666,320000,193,3.015625,0.1960791896886687,0.4654541015625,15,0.05859375,0.0546875,0.0565195281754095,0.375,0.996403125,0.3333333333333333,0.003596875,0.5208333333333334,0.0,0.5806687500000001,0.300475,0.11885625,0.328125,0.579165625,0.375,0.299171875,0.421875,0.118065625,0.34375,0.001503125,0.28125,0.001303125,0.375,0.000790625,0.515625,0.0,0.578125,0.0,0.46875,0.0
patchy_high,64,85,fixed,prediction_error,59,0.9739583333333334,0.46935626102292766,0.4346528072296627,0.6666666666666666,320000,195,3.046875,0.19897112267224482,0.42724609375,12,0.046875,0.0859375,-0.028347248956797105,0.328125,0.996340625,0.3489583333333333,0.003659375,0.5208333333333334,0.0,0.566584375,0.304478125,0.12893749999999998,0.296875,0.56519375,0.3125,0.30306875,0.375,0.128078125,0.3125,0.001390625,0.34375,0.001409375,0.390625,0.000859375,0.515625,0.0,0.578125,0.0,0.46875,0.0
split_high_low,64,85,fixed,prediction_error,53,0.9427083333333334,0.47189153439153436,0.4128424944196428,0.6666666666666666,320000,183,2.859375,0.1851780671098576,0.435791015625,12,0.046875,0.0390625,0.10648118811620082,0.3802083333333333,0.97561875,0.3697916666666667,0.024381249999999997,0.5208333333333334,0.0,0.647021875,0.269775,0.08320312499999999,0.25,0.6343375,0.34375,0.26158125,0.546875,0.0797,0.359375,0.012684375,0.296875,0.00819375,0.453125,0.003503125,0.515625,0.0,0.578125,0.0,0.46875,0.0
uniform_high,64,86,fixed,prediction_error,53,0.928359960926232,0.45667989417989424,0.4332289031498016,0.6666666666666666,320000,213,3.328125,0.20533862294597607,0.4051513671875,12,0.046875,0.0546875,0.03561611327456488,0.3125,0.9961625000000001,0.3229166666666667,0.0038374999999999998,0.4375,0.0,0.5518875000000001,0.31419375,0.13391875,0.296875,0.550384375,0.328125,0.312746875,0.3125,0.13303125,0.359375,0.001503125,0.234375,0.001446875,0.375,0.0008875,0.484375,0.0,0.40625,0.0,0.421875,0.0
patchy_high,64,86,fixed,prediction_error,56,0.956367480463116,0.46285273368606705,0.4651330868675595,0.6666666666666666,320000,201,3.140625,0.1980424846826828,0.3858642578125,16,0.0625,0.046875,0.007094862362897173,0.3541666666666667,0.9958499999999999,0.3125,0.00415,0.4375,0.0,0.5844625,0.29285937500000003,0.122678125,0.390625,0.582621875,0.296875,0.29139375,0.375,0.121834375,0.328125,0.001840625,0.234375,0.001465625,0.375,0.00084375,0.484375,0.0,0.40625,0.0,0.421875,0.0
split_high_low,64,86,fixed,prediction_error,58,0.96875,0.47348985890652556,0.41987340184771826,0.6666666666666666,320000,162,2.53125,0.18000120058366353,0.4112548828125,11,0.04296875,0.0625,0.07160667689103971,0.3697916666666667,0.9605875,0.3645833333333333,0.039412499999999996,0.4375,0.0,0.6807062500000001,0.247284375,0.072009375,0.25,0.656815625,0.4375,0.2359375,0.421875,0.067834375,0.359375,0.023890625,0.296875,0.011346875,0.4375,0.004175,0.484375,0.0,0.40625,0.0,0.421875,0.0
uniform_high,64,87,fixed,prediction_error,56,0.9583333333333334,0.4644510582010582,0.4160355329241071,0.6666666666666666,320000,187,2.921875,0.1911412785084844,0.3956298828125,11,0.04296875,0.0703125,-0.0874154389840864,0.3229166666666667,0.9962125,0.3333333333333333,0.0037875,0.5052083333333334,0.0,0.6197906249999999,0.287784375,0.09242500000000001,0.265625,0.618209375,0.3125,0.28635625,0.390625,0.091646875,0.296875,0.00158125,0.390625,0.001428125,0.3125,0.000778125,0.515625,0.0,0.46875,0.0,0.53125,0.0
patchy_high,64,87,fixed,prediction_error,55,0.9491932942595653,0.4475859788359788,0.3770578745039682,0.6666666666666666,320000,177,2.765625,0.1883063209250257,0.3291015625,10,0.0390625,0.078125,0.0426338209274795,0.2864583333333333,0.995915625,0.328125,0.004084375,0.5052083333333334,0.0,0.6383249999999999,0.26869062499999996,0.09298437500000001,0.265625,0.63649375,0.171875,0.26725625,0.421875,0.092165625,0.328125,0.00183125,0.390625,0.001434375,0.265625,0.00081875,0.515625,0.0,0.46875,0.0,0.53125,0.0
split_high_low,64,87,fixed,prediction_error,57,0.9583333333333334,0.47045855379188706,0.3784290767609127,0.6666666666666666,320000,176,2.75,0.1888052612693056,0.399658203125,15,0.05859375,0.03125,0.02617722845693112,0.34375,0.99169375,0.390625,0.00830625,0.5052083333333334,0.0,0.63255625,0.28344375,0.08399999999999999,0.203125,0.628284375,0.328125,0.28065,0.5,0.082759375,0.453125,0.004271875,0.40625,0.00279375,0.3125,0.001240625,0.515625,0.0,0.46875,0.0,0.53125,0.0
uniform_high,64,88,fixed,prediction_error,54,0.943984960926232,0.43601190476190477,0.3082819723462302,0.6666666666666666,320000,125,1.953125,0.13978634429654724,0.4046630859375,13,0.05078125,0.0625,-0.10306811375133415,0.23958333333333334,0.9958593750000001,0.3177083333333333,0.004140625,0.4791666666666667,0.0,0.8118531250000001,0.15319062500000002,0.03495625,0.171875,0.810334375,0.25,0.151528125,0.296875,0.033996875,0.375,0.00151875,0.265625,0.0016625,0.3125,0.000959375,0.484375,0.0,0.46875,0.0,0.484375,0.0
patchy_high,64,88,fixed,prediction_error,58,0.9667841471297827,0.43628747795414463,0.3539401165674604,0.6666666666666666,320000,119,1.859375,0.14422101904057433,0.3843994140625,11,0.04296875,0.0546875,0.021129221982791383,0.23958333333333334,0.9959125000000001,0.3125,0.0040875,0.4791666666666667,0.0,0.80871875,0.15816875000000002,0.0331125,0.21875,0.80715625,0.25,0.156565625,0.25,0.032190625,0.375,0.0015625,0.265625,0.001603125,0.296875,0.000921875,0.484375,0.0,0.46875,0.0,0.484375,0.0
split_high_low,64,88,fixed,prediction_error,52,0.9355341471297827,0.44990079365079366,0.3598801804315477,0.6666666666666666,320000,153,2.390625,0.1653479274986576,0.431640625,12,0.046875,0.046875,0.0074987160959664925,0.265625,0.95634375,0.34375,0.04365625,0.4791666666666667,0.0,0.7062375000000001,0.23156875,0.06219375,0.21875,0.6761,0.21875,0.22096875,0.359375,0.059275,0.390625,0.0301375,0.34375,0.0106,0.296875,0.00291875,0.484375,0.0,0.46875,0.0,0.484375,0.0
uniform_high,64,89,fixed,prediction_error,53,0.9355341471297827,0.44031084656084657,0.3331013966393849,0.6666666666666666,320000,162,2.53125,0.1803044778685939,0.3133544921875,11,0.04296875,0.09375,0.11936932119709617,0.265625,0.9968125,0.328125,0.0031875,0.5260416666666666,0.0,0.6618875,0.26020625,0.07790625000000001,0.1875,0.660603125,0.21875,0.258890625,0.390625,0.07731875,0.28125,0.001284375,0.265625,0.001315625,0.4375,0.0005875,0.515625,0.0,0.5,0.0,0.5625,0.0
patchy_high,64,89,fixed,prediction_error,56,0.9544016275928987,0.4619708994708994,0.41848896949404757,0.6666666666666666,320000,141,2.203125,0.17037376834275877,0.39208984375,15,0.05859375,0.046875,0.09325016407808807,0.34375,0.9968125,0.3177083333333333,0.0031875000000000002,0.5260416666666666,0.0,0.7076625,0.231246875,0.061090624999999996,0.265625,0.706371875,0.359375,0.230003125,0.40625,0.0604375,0.265625,0.001290625,0.265625,0.00124375,0.421875,0.000653125,0.515625,0.0,0.5,0.0,0.5625,0.0
split_high_low,64,89,fixed,prediction_error,55,0.9511591471297827,0.4676477072310406,0.4155718486483135,0.6666666666666666,320000,158,2.46875,0.18527629853197886,0.37158203125,11,0.04296875,0.09375,-0.0010709429836023427,0.359375,0.9652937500000001,0.3489583333333333,0.03470625,0.5260416666666666,0.0,0.6446968750000001,0.26915312500000005,0.08615,0.25,0.62311875,0.359375,0.259184375,0.46875,0.082990625,0.3125,0.021578125,0.265625,0.00996875,0.46875,0.003159375,0.515625,0.0,0.5,0.0,0.5625,0.0
uniform_high,64,90,fixed,prediction_error,57,0.9615758137964493,0.47172619047619047,0.4766263129340278,0.6666666666666666,320000,195,3.046875,0.2096220114658085,0.3616943359375,12,0.046875,0.0859375,-0.01781538020037553,0.4270833333333333,0.9961031250000001,0.3020833333333333,0.0038968749999999997,0.4947916666666667,0.0,0.505153125,0.328609375,0.1662375,0.328125,0.50366875,0.46875,0.3271,0.484375,0.165334375,0.28125,0.001484375,0.265625,0.001509375,0.359375,0.000903125,0.5625,0.0,0.453125,0.0,0.46875,0.0
patchy_high,64,90,fixed,prediction_error,55,0.9511591471297827,0.474481922398589,0.4674705031622024,0.6666666666666666,320000,212,3.3125,0.21304130160749524,0.3668212890625,13,0.05078125,0.0390625,-0.017220359175856764,0.4114583333333333,0.995996875,0.328125,0.004003125,0.4947916666666667,0.0,0.48538125,0.34190312500000003,0.17271562499999998,0.328125,0.483990625,0.375,0.340365625,0.53125,0.171640625,0.28125,0.001390625,0.3125,0.0015375,0.390625,0.001075,0.5625,0.0,0.453125,0.0,0.46875,0.0
split_high_low,64,90,fixed,prediction_error,55,0.953125,0.4759700176366843,0.4195254448784722,0.6666666666666666,320000,172,2.6875,0.19324867728202322,0.3720703125,11,0.04296875,0.03125,0.057192897485388215,0.390625,0.9896499999999999,0.375,0.01035,0.4947916666666667,0.0,0.60133125,0.2901625,0.10850625,0.25,0.595790625,0.359375,0.286665625,0.5625,0.10719375,0.359375,0.005540625,0.359375,0.003496875,0.40625,0.0013125,0.5625,0.0,0.453125,0.0,0.46875,0.0
uniform_high,64,91,fixed,prediction_error,54,0.9479166666666666,0.44819223985890644,0.37441854693700394,0.6666666666666666,320000,146,2.28125,0.1646421246991293,0.386474609375,12,0.046875,0.0703125,0.06694014588138486,0.28125,0.99668125,0.3125,0.0033187499999999997,0.5104166666666666,0.0,0.7214062499999999,0.219309375,0.059284375,0.234375,0.72029375,0.25,0.217978125,0.359375,0.058409375,0.28125,0.0011125,0.359375,0.00133125,0.296875,0.000875,0.53125,0.0,0.53125,0.0,0.46875,0.0
patchy_high,64,91,fixed,prediction_error,53,0.940742480463116,0.45023148148148145,0.3875648716517857,0.6666666666666666,320000,150,2.34375,0.16669275399334474,0.360595703125,12,0.046875,0.078125,-0.05690104069731687,0.3020833333333333,0.996696875,0.296875,0.0033031250000000005,0.5104166666666666,0.0,0.7071406250000001,0.232290625,0.060568750000000005,0.234375,0.7060625,0.3125,0.230859375,0.359375,0.059775,0.3125,0.001078125,0.328125,0.00143125,0.25,0.00079375,0.53125,0.0,0.53125,0.0,0.46875,0.0
split_high_low,64,91,fixed,prediction_error,54,0.9385165612644876,0.4688602292768959,0.42884751674107147,0.6666666666666666,320000,169,2.640625,0.17603307164912324,0.41796875,12,0.046875,0.078125,0.1127456995422623,0.34375,0.9963656249999999,0.328125,0.0036343749999999996,0.5104166666666666,0.0,0.672375,0.248021875,0.079603125,0.28125,0.67103125,0.34375,0.246571875,0.40625,0.0787625,0.328125,0.00134375,0.34375,0.00145,0.3125,0.000840625,0.53125,0.0,0.53125,0.0,0.46875,0.0
uniform_high,64,92,fixed,prediction_error,54,0.943984960926232,0.4704585537918871,0.4607615497891865,0.6666666666666666,320000,246,3.84375,0.2241456939284256,0.358642578125,12,0.046875,0.0546875,0.14717357650432797,0.359375,0.99516875,0.3229166666666667,0.0048312500000000005,0.515625,0.0,0.45010312500000005,0.35351875,0.196378125,0.34375,0.44823125,0.328125,0.35166875,0.40625,0.19526875,0.296875,0.001871875,0.296875,0.00185,0.375,0.001109375,0.515625,0.0,0.46875,0.0,0.5625,0.0
patchy_high,64,92,fixed,prediction_error,55,0.9491932942595653,0.4642305996472663,0.4414908156622024,0.6666666666666666,320000,249,3.890625,0.22523797042052363,0.497314453125,14,0.0546875,0.0703125,-0.0362703682220489,0.3333333333333333,0.994721875,0.3229166666666667,0.005278125,0.515625,0.0,0.450384375,0.351175,0.19844062499999998,0.3125,0.44826875,0.296875,0.349209375,0.390625,0.19724375,0.375,0.002115625,0.265625,0.001965625,0.328125,0.001196875,0.515625,0.0,0.46875,0.0,0.5625,0.0
split_high_low,64,92,fixed,prediction_error,59,0.9739583333333334,0.47178130511463845,0.42234465835813495,0.6666666666666666,320000,179,2.796875,0.1883644734977381,0.3544921875,10,0.0390625,0.0625,0.05088271500242381,0.3229166666666667,0.9935562499999999,0.3697916666666667,0.00644375,0.515625,0.0,0.612871875,0.28416250000000004,0.10296562499999999,0.28125,0.609371875,0.296875,0.282215625,0.390625,0.10196875,0.40625,0.0035,0.328125,0.001946875,0.375,0.000996875,0.515625,0.0,0.46875,0.0,0.5625,0.0
uniform_high,64,93,fixed,prediction_error,55,0.9491932942595653,0.45397927689594353,0.42051061042906734,0.6666666666666666,320000,155,2.421875,0.18168752515006364,0.39453125,14,0.0546875,0.109375,0.10190663677331224,0.3645833333333333,0.9966124999999999,0.2760416666666667,0.0033875,0.4895833333333333,0.0,0.66845625,0.25451562499999997,0.07702812499999999,0.265625,0.66694375,0.34375,0.253196875,0.484375,0.076471875,0.25,0.0015125,0.25,0.00131875,0.328125,0.00055625,0.4375,0.0,0.5,0.0,0.53125,0.0
patchy_high,64,93,fixed,prediction_error,58,0.96875,0.44736552028218696,0.40983029048859126,0.6666666666666666,320000,165,2.578125,0.183579724059157,0.40771484375,12,0.046875,0.0390625,0.1280065609291139,0.3333333333333333,0.9967124999999999,0.2760416666666667,0.0032875,0.4895833333333333,0.0,0.6444093750000001,0.264015625,0.09157499999999999,0.265625,0.64299375,0.28125,0.26270625,0.453125,0.0910125,0.265625,0.001415625,0.21875,0.001309375,0.34375,0.0005625,0.4375,0.0,0.5,0.0,0.53125,0.0
split_high_low,64,93,fixed,prediction_error,55,0.9491932942595653,0.4659391534391534,0.4391918743799603,0.6666666666666666,320000,152,2.375,0.17989056752305865,0.370361328125,13,0.05078125,0.0546875,0.02103181682754089,0.3541666666666667,0.9528937500000001,0.3125,0.04710625,0.4895833333333333,0.0,0.669146875,0.249215625,0.0816375,0.296875,0.6387125,0.359375,0.23669375,0.40625,0.0774875,0.28125,0.030434375,0.28125,0.012521875,0.375,0.00415,0.4375,0.0,0.5,0.0,0.53125,0.0
uniform_high,64,94,fixed,prediction_error,53,0.940742480463116,0.4749228395061728,0.46241809740823414,0.6666666666666666,320000,205,3.203125,0.19198677617622223,0.43310546875,14,0.0546875,0.1015625,-0.013541448691650908,0.3697916666666667,0.9954687500000001,0.34375,0.0045312500000000006,0.53125,0.0,0.59373125,0.289921875,0.116346875,0.359375,0.592159375,0.3125,0.287946875,0.4375,0.1153625,0.421875,0.001571875,0.3125,0.001975,0.296875,0.000984375,0.5625,0.0,0.5,0.0,0.53125,0.0
patchy_high,64,94,fixed,prediction_error,52,0.9355341471297827,0.4610890652557319,0.4043877914186508,0.6666666666666666,320000,194,3.03125,0.18485128701398423,0.456298828125,16,0.0625,0.0859375,0.05604469366154405,0.3125,0.9949999999999999,0.34375,0.005,0.53125,0.0,0.5754031249999999,0.299025,0.125571875,0.265625,0.5737625,0.25,0.2969,0.421875,0.1243375,0.40625,0.001640625,0.3125,0.002125,0.3125,0.001234375,0.5625,0.0,0.5,0.0,0.53125,0.0
split_high_low,64,94,fixed,prediction_error,57,0.9615758137964493,0.4720568783068783,0.4123176246279762,1.0,320000,208,3.25,0.18971814275535065,0.47314453125,18,0.0703125,0.0625,0.02392919429637944,0.328125,0.988278125,0.3854166666666667,0.01165625,0.53125,6.5625e-05,0.619840625,0.28112812500000006,0.09903125,0.28125,0.61356875,0.25,0.27735625,0.453125,0.097353125,0.375,0.006228125,0.421875,0.003753125,0.359375,0.001675,0.5625,4.375e-05,0.5,1.875e-05,0.53125,3.125e-06
uniform_high,64,95,fixed,prediction_error,56,0.956367480463116,0.44372795414462085,0.35620328621031744,0.6666666666666666,320000,162,2.53125,0.16906983766790346,0.3831787109375,12,0.046875,0.1015625,0.14512390571862085,0.3125,0.996434375,0.3177083333333333,0.0035656250000000002,0.5104166666666666,0.0,0.70646875,0.225915625,0.067615625,0.203125,0.705096875,0.265625,0.22455,0.46875,0.0667875,0.40625,0.001371875,0.234375,0.001365625,0.3125,0.000828125,0.4375,0.0,0.640625,0.0,0.453125,0.0
patchy_high,64,95,fixed,prediction_error,56,0.956367480463116,0.4593253968253968,0.4206525995163691,0.6666666666666666,320000,141,2.203125,0.16384637773307112,0.3323974609375,14,0.0546875,0.0546875,0.09651631402065046,0.3125,0.99648125,0.34375,0.00351875,0.5104166666666666,0.0,0.7344499999999999,0.21396874999999999,0.05158125,0.28125,0.733240625,0.328125,0.212596875,0.328125,0.05064375,0.421875,0.001209375,0.296875,0.001371875,0.3125,0.0009375,0.4375,0.0,0.640625,0.0,0.453125,0.0
split_high_low,64,95,fixed,prediction_error,56,0.956367480463116,0.4584435626102292,0.38835252511160717,0.6666666666666666,320000,193,3.015625,0.18965733316871472,0.380615234375,10,0.0390625,0.046875,0.026655239443502284,0.2916666666666667,0.9959406249999999,0.3854166666666667,0.004059375,0.5104166666666666,0.0,0.61904375,0.27742812499999997,0.103528125,0.234375,0.617296875,0.28125,0.275871875,0.359375,0.102771875,0.484375,0.001746875,0.3125,0.00155625,0.359375,0.00075625,0.4375,0.0,0.640625,0.0,0.453125,0.0
uniform_high,64,96,fixed,prediction_error,53,0.9427083333333334,0.455081569664903,0.38688400452628974,0.6666666666666666,320000,119,1.859375,0.15440211207499907,0.3502197265625,11,0.04296875,0.046875,0.036117131450274634,0.296875,0.99531875,0.3489583333333333,0.00468125,0.5052083333333334,0.0,0.765884375,0.187653125,0.0464625,0.234375,0.764246875,0.359375,0.1857625,0.296875,0.045309375,0.375,0.0016375,0.3125,0.001890625,0.359375,0.001153125,0.640625,0.0,0.484375,0.0,0.390625,0.0
patchy_high,64,96,fixed,prediction_error,56,0.9491932942595653,0.4496803350970018,0.3605995938740079,0.6666666666666666,320000,129,2.015625,0.15465166275294928,0.34619140625,11,0.04296875,0.0625,0.07277615121131471,0.2864583333333333,0.9961062500000001,0.3489583333333333,0.0038937499999999996,0.5052083333333334,0.0,0.756990625,0.194809375,0.0482,0.21875,0.755659375,0.25,0.19325,0.390625,0.047196875,0.375,0.00133125,0.296875,0.001559375,0.375,0.001003125,0.640625,0.0,0.484375,0.0,0.390625,0.0
split_high_low,64,96,fixed,prediction_error,58,0.96875,0.46748236331569665,0.4159660745287698,0.6666666666666666,320000,176,2.75,0.17790449437032824,0.3756103515625,14,0.0546875,0.09375,0.054251009461763804,0.3385416666666667,0.9957312500000001,0.375,0.00426875,0.5052083333333334,0.0,0.65319375,0.25914375,0.0876625,0.265625,0.651559375,0.3125,0.25746875,0.4375,0.086703125,0.328125,0.001634375,0.359375,0.001675,0.4375,0.000959375,0.640625,0.0,0.484375,0.0,0.390625,0.0
uniform_high,64,97,fixed,prediction_error,61,0.984375,0.4732694003527337,0.46045195932539684,0.6666666666666666,320000,224,3.5,0.22086424890154932,0.4268798828125,13,0.05078125,0.078125,0.05886347358215929,0.359375,0.9949718750000001,0.3385416666666667,0.005028125,0.453125,0.0,0.47852187500000004,0.3462875,0.17519062500000002,0.3125,0.47671875,0.40625,0.34438125,0.359375,0.173871875,0.296875,0.001803125,0.328125,0.00190625,0.390625,0.00131875,0.4375,0.0,0.46875,0.0,0.453125,0.0
patchy_high,64,97,fixed,prediction_error,59,0.9739583333333334,0.4661044973544974,0.4274445374503969,0.6666666666666666,320000,220,3.4375,0.21340214722373546,0.40673828125,16,0.0625,0.0859375,0.019520385541191,0.4010416666666667,0.994975,0.328125,0.005025,0.453125,0.0,0.511471875,0.327734375,0.16079374999999999,0.234375,0.5097,0.40625,0.32583125,0.5625,0.15944375,0.28125,0.001771875,0.3125,0.001903125,0.390625,0.00135,0.4375,0.0,0.46875,0.0,0.453125,0.0
split_high_low,64,97,fixed,prediction_error,61,0.984375,0.476576278659612,0.4512033017113095,0.6666666666666666,320000,202,3.15625,0.19747130988627334,0.3885498046875,12,0.046875,0.0390625,0.07842728293211154,0.375,0.99144375,0.3541666666666667,0.00855625,0.453125,0.0,0.57606875,0.303325,0.12060625,0.296875,0.5725375,0.390625,0.3001875,0.4375,0.11871875,0.296875,0.00353125,0.328125,0.0031375,0.4375,0.0018875,0.4375,0.0,0.46875,0.0,0.453125,0.0
uniform_high,64,98,fixed,prediction_error,53,0.9335682942595653,0.46566358024691357,0.47704154265873017,0.6666666666666666,320000,202,3.15625,0.21171785050317762,0.3858642578125,15,0.05859375,0.09375,0.17336756161627082,0.390625,0.994840625,0.296875,0.005159375,0.484375,0.0,0.513671875,0.32568125,0.160646875,0.359375,0.51141875,0.390625,0.323790625,0.421875,0.15963125,0.234375,0.002253125,0.328125,0.001890625,0.328125,0.001015625,0.375,0.0,0.515625,0.0,0.5625,0.0
patchy_high,64,98,fixed,prediction_error,55,0.9511591471297827,0.4616402116402117,0.4742778025793651,0.6666666666666666,320000,197,3.078125,0.21693563058047932,0.38623046875,10,0.0390625,0.078125,0.06426125498996803,0.375,0.995065625,0.2864583333333333,0.004934375,0.484375,0.0,0.49200937499999997,0.338465625,0.169525,0.375,0.4899125,0.359375,0.336578125,0.390625,0.168575,0.265625,0.002096875,0.28125,0.0018875,0.3125,0.00095,0.375,0.0,0.515625,0.0,0.5625,0.0
split_high_low,64,98,fixed,prediction_error,58,0.96875,0.46654541446208114,0.4343102198040675,0.6666666666666666,320000,215,3.359375,0.21595546796354936,0.4290771484375,12,0.046875,0.0078125,-0.010079422686133576,0.3697916666666667,0.9776,0.3385416666666667,0.0224,0.484375,0.0,0.520746875,0.32844375000000003,0.150809375,0.28125,0.508465625,0.3125,0.32123125,0.515625,0.147903125,0.328125,0.01228125,0.375,0.0072125,0.3125,0.00290625,0.375,0.0,0.515625,0.0,0.5625,0.0
uniform_high,64,99,fixed,prediction_error,60,0.9791666666666666,0.46312830687830686,0.40624678354414684,0.6666666666666666,320000,193,3.015625,0.1910807589137034,0.410400390625,10,0.0390625,0.0625,0.013669328147815638,0.3229166666666667,0.9961218749999999,0.3385416666666667,0.0038781249999999996,0.4895833333333333,0.0,0.5874531249999999,0.29653124999999997,0.116015625,0.234375,0.5858125,0.34375,0.295028125,0.390625,0.11528125,0.328125,0.001640625,0.265625,0.001503125,0.421875,0.000734375,0.46875,0.0,0.5,0.0,0.5,0.0
patchy_high,64,99,fixed,prediction_error,54,0.940742480463116,0.4646715167548501,0.4228096788194444,0.6666666666666666,320000,195,3.046875,0.1964061795813815,0.402587890625,14,0.0546875,0.125,0.04606546498346379,0.34375,0.99576875,0.3385416666666667,0.00423125,0.4895833333333333,0.0,0.576903125,0.296353125,0.12674375,0.28125,0.574934375,0.28125,0.294840625,0.46875,0.12599375,0.3125,0.00196875,0.265625,0.0015125,0.4375,0.00075,0.46875,0.0,0.5,0.0,0.5,0.0
split_high_low,64,99,fixed,prediction_error,62,0.9895833333333334,0.49151234567901236,0.472047904265873,0.6666666666666666,320000,214,3.34375,0.20833481247272698,0.357177734375,10,0.0390625,0.0546875,0.021139032389286227,0.3854166666666667,0.992553125,0.40625,0.007446875,0.4895833333333333,0.0,0.5551125,0.31475625,0.13013125,0.359375,0.55091875,0.359375,0.31259375,0.4375,0.129040625,0.375,0.00419375,0.4375,0.0021625,0.40625,0.001090625,0.46875,0.0,0.5,0.0,0.5,0.0
