scenario,population,treatment,matched,time,metric,mean,n
uniform_high,32,R1,False,1,visibility_gini,0.249755859375,10.0
uniform_high,32,R1,False,50,visibility_gini,0.2484375,10.0
uniform_high,32,R1,False,100,visibility_gini,0.246875,10.0
uniform_high,32,R1,False,150,visibility_gini,0.247412109375,10.0
uniform_high,32,R1,False,200,visibility_gini,0.2484375,10.0
uniform_high,32,R1,False,250,visibility_gini,0.250927734375,10.0
uniform_high,32,R1,False,300,visibility_gini,0.25068359375,10.0
uniform_high,32,R1,False,350,visibility_gini,0.25009765625,10.0
uniform_high,32,R1,False,400,visibility_gini,0.252978515625,10.0
uniform_high,32,R1,False,450,visibility_gini,0.253759765625,10.0
uniform_high,32,R1,False,500,visibility_gini,0.253857421875,10.0
uniform_high,32,R1,False,550,visibility_gini,0.255078125,10.0
uniform_high,32,R1,False,600,visibility_gini,0.256396484375,10.0
uniform_high,32,R1,False,650,visibility_gini,0.257373046875,10.0
uniform_high,32,R1,False,700,visibility_gini,0.25771484375,10.0
uniform_high,32,R1,False,750,visibility_gini,0.257763671875,10.0
uniform_high,32,R1,False,800,visibility_gini,0.25869140625,10.0
uniform_high,32,R1,False,850,visibility_gini,0.2609375,10.0
uniform_high,32,R1,False,900,visibility_gini,0.2623046875,10.0
uniform_high,32,R1,False,950,visibility_gini,0.26162109375,10.0
uniform_high,32,R1,False,1000,visibility_gini,0.263525390625,10.0
uniform_high,32,R1,False,1050,visibility_gini,0.265283203125,10.0
uniform_high,32,R1,False,1100,visibility_gini,0.263720703125,10.0
uniform_high,32,R1,False,1150,visibility_gini,0.264404296875,10.0
uniform_high,32,R1,False,1200,visibility_gini,0.264404296875,10.0
uniform_high,32,R1,False,1250,visibility_gini,0.266748046875,10.0
uniform_high,32,R1,False,1300,visibility_gini,0.2673828125,10.0
uniform_high,32,R1,False,1350,visibility_gini,0.268359375,10.0
uniform_high,32,R1,False,1400,visibility_gini,0.2701171875,10.0
uniform_high,32,R1,False,1450,visibility_gini,0.271337890625,10.0
uniform_high,32,R1,False,1500,visibility_gini,0.274609375,10.0
uniform_high,32,R1,False,1550,visibility_gini,0.273974609375,10.0
uniform_high,32,R1,False,1600,visibility_gini,0.273974609375,10.0
uniform_high,32,R1,False,1650,visibility_gini,0.27578125,10.0
uniform_high,32,R1,False,1700,visibility_gini,0.275390625,10.0
uniform_high,32,R1,False,1750,visibility_gini,0.275048828125,10.0
uniform_high,32,R1,False,1800,visibility_gini,0.274267578125,10.0
uniform_high,32,R1,False,1850,visibility_gini,0.27568359375,10.0
uniform_high,32,R1,False,1900,visibility_gini,0.276904296875,10.0
uniform_high,32,R1,False,1950,visibility_gini,0.281005859375,10.0
uniform_high,32,R1,False,2000,visibility_gini,0.281201171875,10.0
uniform_high,32,R1,False,2050,visibility_gini,0.28017578125,10.0
uniform_high,32,R1,False,2100,visibility_gini,0.28017578125,10.0
uniform_high,32,R1,False,2150,visibility_gini,0.281298828125,10.0
uniform_high,32,R1,False,2200,visibility_gini,0.280224609375,10.0
uniform_high,32,R1,False,2250,visibility_gini,0.27958984375,10.0
uniform_high,32,R1,False,2300,visibility_gini,0.27900390625,10.0
uniform_high,32,R1,False,2350,visibility_gini,0.280322265625,10.0
uniform_high,32,R1,False,2400,visibility_gini,0.280322265625,10.0
uniform_high,32,R1,False,2450,visibility_gini,0.281591796875,10.0
uniform_high,32,R1,False,2500,visibility_gini,0.2814453125,10.0
uniform_high,32,R1,False,2550,visibility_gini,0.2814453125,10.0
uniform_high,32,R1,False,2600,visibility_gini,0.28251953125,10.0
uniform_high,32,R1,False,2650,visibility_gini,0.281640625,10.0
uniform_high,32,R1,False,2700,visibility_gini,0.282080078125,10.0
uniform_high,32,R1,False,2750,visibility_gini,0.2841796875,10.0
uniform_high,32,R1,False,2800,visibility_gini,0.28466796875,10.0
uniform_high,32,R1,False,2850,visibility_gini,0.285693359375,10.0
uniform_high,32,R1,False,2900,visibility_gini,0.284765625,10.0
uniform_high,32,R1,False,2950,visibility_gini,0.28603515625,10.0
uniform_high,32,R1,False,3000,visibility_gini,0.28603515625,10.0
uniform_high,32,R1,False,3050,visibility_gini,0.284619140625,10.0
uniform_high,32,R1,False,3100,visibility_gini,0.283056640625,10.0
uniform_high,32,R1,False,3150,visibility_gini,0.283837890625,10.0
uniform_high,32,R1,False,3200,visibility_gini,0.28515625,10.0
uniform_high,32,R1,False,3250,visibility_gini,0.284765625,10.0
uniform_high,32,R1,False,3300,visibility_gini,0.283544921875,10.0
uniform_high,32,R1,False,3350,visibility_gini,0.2822265625,10.0
uniform_high,32,R1,False,3400,visibility_gini,0.2822265625,10.0
uniform_high,32,R1,False,3450,visibility_gini,0.2818359375,10.0
uniform_high,32,R1,False,3500,visibility_gini,0.2818359375,10.0
uniform_high,32,R1,False,3550,visibility_gini,0.280712890625,10.0
uniform_high,32,R1,False,3600,visibility_gini,0.280712890625,10.0
uniform_high,32,R1,False,3650,visibility_gini,0.27998046875,10.0
uniform_high,32,R1,False,3700,visibility_gini,0.27998046875,10.0
uniform_high,32,R1,False,3750,visibility_gini,0.27998046875,10.0
uniform_high,32,R1,False,3800,visibility_gini,0.27998046875,10.0
uniform_high,32,R1,False,3850,visibility_gini,0.280078125,10.0
uniform_high,32,R1,False,3900,visibility_gini,0.280078125,10.0
uniform_high,32,R1,False,3950,visibility_gini,0.280078125,10.0
uniform_high,32,R1,False,4000,visibility_gini,0.280078125,10.0
uniform_high,32,R1,False,4050,visibility_gini,0.280078125,10.0
uniform_high,32,R1,False,4100,visibility_gini,0.27939453125,10.0
uniform_high,32,R1,False,4150,visibility_gini,0.27939453125,10.0
uniform_high,32,R1,False,4200,visibility_gini,0.27939453125,10.0
uniform_high,32,R1,False,4250,visibility_gini,0.27861328125,10.0
uniform_high,32,R1,False,4300,visibility_gini,0.279296875,10.0
uniform_high,32,R1,False,4350,visibility_gini,0.27880859375,10.0
uniform_high,32,R1,False,4400,visibility_gini,0.27880859375,10.0
uniform_high,32,R1,False,4450,visibility_gini,0.278564453125,10.0
uniform_high,32,R1,False,4500,visibility_gini,0.278564453125,10.0
uniform_high,32,R1,False,4550,visibility_gini,0.278564453125,10.0
uniform_high,32,R1,False,4600,visibility_gini,0.278564453125,10.0
uniform_high,32,R1,False,4650,visibility_gini,0.278515625,10.0
uniform_high,32,R1,False,4700,visibility_gini,0.278515625,10.0
uniform_high,32,R1,False,4750,visibility_gini,0.278515625,10.0
uniform_high,32,R1,False,4800,visibility_gini,0.278515625,10.0
uniform_high,32,R1,False,4850,visibility_gini,0.278369140625,10.0
uniform_high,32,R1,False,4900,visibility_gini,0.27890625,10.0
uniform_high,32,R1,False,4950,visibility_gini,0.27890625,10.0
uniform_high,32,R1,False,5000,visibility_gini,0.280029296875,10.0
uniform_high,32,R1,False,1,low_extraction_rate,0.50625,10.0
uniform_high,32,R1,False,50,low_extraction_rate,0.3375,10.0
uniform_high,32,R1,False,100,low_extraction_rate,0.321875,10.0
uniform_high,32,R1,False,150,low_extraction_rate,0.35,10.0
uniform_high,32,R1,False,200,low_extraction_rate,0.265625,10.0
uniform_high,32,R1,False,250,low_extraction_rate,0.2625,10.0
uniform_high,32,R1,False,300,low_extraction_rate,0.2,10.0
uniform_high,32,R1,False,350,low_extraction_rate,0.24375,10.0
uniform_high,32,R1,False,400,low_extraction_rate,0.228125,10.0
uniform_high,32,R1,False,450,low_extraction_rate,0.228125,10.0
uniform_high,32,R1,False,500,low_extraction_rate,0.225,10.0
uniform_high,32,R1,False,550,low_extraction_rate,0.171875,10.0
uniform_high,32,R1,False,600,low_extraction_rate,0.20625,10.0
uniform_high,32,R1,False,650,low_extraction_rate,0.23125,10.0
uniform_high,32,R1,False,700,low_extraction_rate,0.2,10.0
uniform_high,32,R1,False,750,low_extraction_rate,0.190625,10.0
uniform_high,32,R1,False,800,low_extraction_rate,0.1875,10.0
uniform_high,32,R1,False,850,low_extraction_rate,0.146875,10.0
uniform_high,32,R1,False,900,low_extraction_rate,0.165625,10.0
uniform_high,32,R1,False,950,low_extraction_rate,0.178125,10.0
uniform_high,32,R1,False,1000,low_extraction_rate,0.171875,10.0
uniform_high,32,R1,False,1050,low_extraction_rate,0.15625,10.0
uniform_high,32,R1,False,1100,low_extraction_rate,0.15,10.0
uniform_high,32,R1,False,1150,low_extraction_rate,0.16875,10.0
uniform_high,32,R1,False,1200,low_extraction_rate,0.134375,10.0
uniform_high,32,R1,False,1250,low_extraction_rate,0.175,10.0
uniform_high,32,R1,False,1300,low_extraction_rate,0.175,10.0
uniform_high,32,R1,False,1350,low_extraction_rate,0.171875,10.0
uniform_high,32,R1,False,1400,low_extraction_rate,0.134375,10.0
uniform_high,32,R1,False,1450,low_extraction_rate,0.146875,10.0
uniform_high,32,R1,False,1500,low_extraction_rate,0.159375,10.0
uniform_high,32,R1,False,1550,low_extraction_rate,0.121875,10.0
uniform_high,32,R1,False,1600,low_extraction_rate,0.15,10.0
uniform_high,32,R1,False,1650,low_extraction_rate,0.115625,10.0
uniform_high,32,R1,False,1700,low_extraction_rate,0.1125,10.0
uniform_high,32,R1,False,1750,low_extraction_rate,0.109375,10.0
uniform_high,32,R1,False,1800,low_extraction_rate,0.128125,10.0
uniform_high,32,R1,False,1850,low_extraction_rate,0.121875,10.0
uniform_high,32,R1,False,1900,low_extraction_rate,0.128125,10.0
uniform_high,32,R1,False,1950,low_extraction_rate,0.1,10.0
uniform_high,32,R1,False,2000,low_extraction_rate,0.115625,10.0
uniform_high,32,R1,False,2050,low_extraction_rate,0.109375,10.0
uniform_high,32,R1,False,2100,low_extraction_rate,0.109375,10.0
uniform_high,32,R1,False,2150,low_extraction_rate,0.09375,10.0
uniform_high,32,R1,False,2200,low_extraction_rate,0.11875,10.0
uniform_high,32,R1,False,2250,low_extraction_rate,0.109375,10.0
uniform_high,32,R1,False,2300,low_extraction_rate,0.071875,10.0
uniform_high,32,R1,False,2350,low_extraction_rate,0.096875,10.0
uniform_high,32,R1,False,2400,low_extraction_rate,0.090625,10.0
uniform_high,32,R1,False,2450,low_extraction_rate,0.09375,10.0
uniform_high,32,R1,False,2500,low_extraction_rate,0.084375,10.0
uniform_high,32,R1,False,2550,low_extraction_rate,0.075,10.0
uniform_high,32,R1,False,2600,low_extraction_rate,0.1,10.0
uniform_high,32,R1,False,2650,low_extraction_rate,0.08125,10.0
uniform_high,32,R1,False,2700,low_extraction_rate,0.0875,10.0
uniform_high,32,R1,False,2750,low_extraction_rate,0.075,10.0
uniform_high,32,R1,False,2800,low_extraction_rate,0.1,10.0
uniform_high,32,R1,False,2850,low_extraction_rate,0.090625,10.0
uniform_high,32,R1,False,2900,low_extraction_rate,0.090625,10.0
uniform_high,32,R1,False,2950,low_extraction_rate,0.075,10.0
uniform_high,32,R1,False,3000,low_extraction_rate,0.08125,10.0
uniform_high,32,R1,False,3050,low_extraction_rate,0.09375,10.0
uniform_high,32,R1,False,3100,low_extraction_rate,0.090625,10.0
uniform_high,32,R1,False,3150,low_extraction_rate,0.071875,10.0
uniform_high,32,R1,False,3200,low_extraction_rate,0.09375,10.0
uniform_high,32,R1,False,3250,low_extraction_rate,0.084375,10.0
uniform_high,32,R1,False,3300,low_extraction_rate,0.10625,10.0
uniform_high,32,R1,False,3350,low_extraction_rate,0.08125,10.0
uniform_high,32,R1,False,3400,low_extraction_rate,0.075,10.0
uniform_high,32,R1,False,3450,low_extraction_rate,0.084375,10.0
uniform_high,32,R1,False,3500,low_extraction_rate,0.084375,10.0
uniform_high,32,R1,False,3550,low_extraction_rate,0.075,10.0
uniform_high,32,R1,False,3600,low_extraction_rate,0.0875,10.0
uniform_high,32,R1,False,3650,low_extraction_rate,0.096875,10.0
uniform_high,32,R1,False,3700,low_extraction_rate,0.065625,10.0
uniform_high,32,R1,False,3750,low_extraction_rate,0.084375,10.0
uniform_high,32,R1,False,3800,low_extraction_rate,0.09375,10.0
uniform_high,32,R1,False,3850,low_extraction_rate,0.075,10.0
uniform_high,32,R1,False,3900,low_extraction_rate,0.05,10.0
uniform_high,32,R1,False,3950,low_extraction_rate,0.06875,10.0
uniform_high,32,R1,False,4000,low_extraction_rate,0.065625,10.0
uniform_high,32,R1,False,4050,low_extraction_rate,0.0625,10.0
uniform_high,32,R1,False,4100,low_extraction_rate,0.090625,10.0
uniform_high,32,R1,False,4150,low_extraction_rate,0.078125,10.0
uniform_high,32,R1,False,4200,low_extraction_rate,0.059375,10.0
uniform_high,32,R1,False,4250,low_extraction_rate,0.08125,10.0
uniform_high,32,R1,False,4300,low_extraction_rate,0.071875,10.0
uniform_high,32,R1,False,4350,low_extraction_rate,0.065625,10.0
uniform_high,32,R1,False,4400,low_extraction_rate,0.0625,10.0
uniform_high,32,R1,False,4450,low_extraction_rate,0.053125,10.0
uniform_high,32,R1,False,4500,low_extraction_rate,0.065625,10.0
uniform_high,32,R1,False,4550,low_extraction_rate,0.08125,10.0
uniform_high,32,R1,False,4600,low_extraction_rate,0.075,10.0
uniform_high,32,R1,False,4650,low_extraction_rate,0.065625,10.0
uniform_high,32,R1,False,4700,low_extraction_rate,0.065625,10.0
uniform_high,32,R1,False,4750,low_extraction_rate,0.084375,10.0
uniform_high,32,R1,False,4800,low_extraction_rate,0.053125,10.0
uniform_high,32,R1,False,4850,low_extraction_rate,0.075,10.0
uniform_high,32,R1,False,4900,low_extraction_rate,0.06875,10.0
uniform_high,32,R1,False,4950,low_extraction_rate,0.0625,10.0
uniform_high,32,R1,False,5000,low_extraction_rate,0.06875,10.0
uniform_high,32,R1,True,1,visibility_gini,0.249755859375,10.0
uniform_high,32,R1,True,50,visibility_gini,0.251171875,10.0
uniform_high,32,R1,True,100,visibility_gini,0.25107421875,10.0
uniform_high,32,R1,True,150,visibility_gini,0.252978515625,10.0
uniform_high,32,R1,True,200,visibility_gini,0.254736328125,10.0
uniform_high,32,R1,True,250,visibility_gini,0.25771484375,10.0
uniform_high,32,R1,True,300,visibility_gini,0.2599609375,10.0
uniform_high,32,R1,True,350,visibility_gini,0.261083984375,10.0
uniform_high,32,R1,True,400,visibility_gini,0.26318359375,10.0
uniform_high,32,R1,True,450,visibility_gini,0.265234375,10.0
uniform_high,32,R1,True,500,visibility_gini,0.26591796875,10.0
uniform_high,32,R1,True,550,visibility_gini,0.265966796875,10.0
uniform_high,32,R1,True,600,visibility_gini,0.267333984375,10.0
uniform_high,32,R1,True,650,visibility_gini,0.265673828125,10.0
uniform_high,32,R1,True,700,visibility_gini,0.267578125,10.0
uniform_high,32,R1,True,750,visibility_gini,0.268017578125,10.0
uniform_high,32,R1,True,800,visibility_gini,0.2697265625,10.0
uniform_high,32,R1,True,850,visibility_gini,0.270458984375,10.0
uniform_high,32,R1,True,900,visibility_gini,0.268896484375,10.0
uniform_high,32,R1,True,950,visibility_gini,0.270458984375,10.0
uniform_high,32,R1,True,1000,visibility_gini,0.27265625,10.0
uniform_high,32,R1,True,1050,visibility_gini,0.274267578125,10.0
uniform_high,32,R1,True,1100,visibility_gini,0.273486328125,10.0
uniform_high,32,R1,True,1150,visibility_gini,0.274267578125,10.0
uniform_high,32,R1,True,1200,visibility_gini,0.274462890625,10.0
uniform_high,32,R1,True,1250,visibility_gini,0.275634765625,10.0
uniform_high,32,R1,True,1300,visibility_gini,0.2767578125,10.0
uniform_high,32,R1,True,1350,visibility_gini,0.276708984375,10.0
uniform_high,32,R1,True,1400,visibility_gini,0.276708984375,10.0
uniform_high,32,R1,True,1450,visibility_gini,0.275537109375,10.0
uniform_high,32,R1,True,1500,visibility_gini,0.27470703125,10.0
uniform_high,32,R1,True,1550,visibility_gini,0.274853515625,10.0
uniform_high,32,R1,True,1600,visibility_gini,0.275341796875,10.0
uniform_high,32,R1,True,1650,visibility_gini,0.275634765625,10.0
uniform_high,32,R1,True,1700,visibility_gini,0.275732421875,10.0
uniform_high,32,R1,True,1750,visibility_gini,0.2763671875,10.0
uniform_high,32,R1,True,1800,visibility_gini,0.27587890625,10.0
uniform_high,32,R1,True,1850,visibility_gini,0.27568359375,10.0
uniform_high,32,R1,True,1900,visibility_gini,0.276416015625,10.0
uniform_high,32,R1,True,1950,visibility_gini,0.277978515625,10.0
uniform_high,32,R1,True,2000,visibility_gini,0.277099609375,10.0
uniform_high,32,R1,True,2050,visibility_gini,0.277685546875,10.0
uniform_high,32,R1,True,2100,visibility_gini,0.27890625,10.0
uniform_high,32,R1,True,2150,visibility_gini,0.27783203125,10.0
uniform_high,32,R1,True,2200,visibility_gini,0.2779296875,10.0
uniform_high,32,R1,True,2250,visibility_gini,0.278466796875,10.0
uniform_high,32,R1,True,2300,visibility_gini,0.2775390625,10.0
uniform_high,32,R1,True,2350,visibility_gini,0.28037109375,10.0
uniform_high,32,R1,True,2400,visibility_gini,0.280615234375,10.0
uniform_high,32,R1,True,2450,visibility_gini,0.28173828125,10.0
uniform_high,32,R1,True,2500,visibility_gini,0.282421875,10.0
uniform_high,32,R1,True,2550,visibility_gini,0.282421875,10.0
uniform_high,32,R1,True,2600,visibility_gini,0.281298828125,10.0
uniform_high,32,R1,True,2650,visibility_gini,0.2837890625,10.0
uniform_high,32,R1,True,2700,visibility_gini,0.283203125,10.0
uniform_high,32,R1,True,2750,visibility_gini,0.285888671875,10.0
uniform_high,32,R1,True,2800,visibility_gini,0.287060546875,10.0
uniform_high,32,R1,True,2850,visibility_gini,0.28740234375,10.0
uniform_high,32,R1,True,2900,visibility_gini,0.28798828125,10.0
uniform_high,32,R1,True,2950,visibility_gini,0.2875,10.0
uniform_high,32,R1,True,3000,visibility_gini,0.287744140625,10.0
uniform_high,32,R1,True,3050,visibility_gini,0.287939453125,10.0
uniform_high,32,R1,True,3100,visibility_gini,0.2892578125,10.0
uniform_high,32,R1,True,3150,visibility_gini,0.289453125,10.0
uniform_high,32,R1,True,3200,visibility_gini,0.289453125,10.0
uniform_high,32,R1,True,3250,visibility_gini,0.290673828125,10.0
uniform_high,32,R1,True,3300,visibility_gini,0.290625,10.0
uniform_high,32,R1,True,3350,visibility_gini,0.29140625,10.0
uniform_high,32,R1,True,3400,visibility_gini,0.28984375,10.0
uniform_high,32,R1,True,3450,visibility_gini,0.288818359375,10.0
uniform_high,32,R1,True,3500,visibility_gini,0.288818359375,10.0
uniform_high,32,R1,True,3550,visibility_gini,0.289111328125,10.0
uniform_high,32,R1,True,3600,visibility_gini,0.289111328125,10.0
uniform_high,32,R1,True,3650,visibility_gini,0.28974609375,10.0
uniform_high,32,R1,True,3700,visibility_gini,0.28974609375,10.0
uniform_high,32,R1,True,3750,visibility_gini,0.28974609375,10.0
uniform_high,32,R1,True,3800,visibility_gini,0.28974609375,10.0
uniform_high,32,R1,True,3850,visibility_gini,0.288671875,10.0
uniform_high,32,R1,True,3900,visibility_gini,0.288671875,10.0
uniform_high,32,R1,True,3950,visibility_gini,0.288671875,10.0
uniform_high,32,R1,True,4000,visibility_gini,0.288671875,10.0
uniform_high,32,R1,True,4050,visibility_gini,0.288671875,10.0
uniform_high,32,R1,True,4100,visibility_gini,0.288671875,10.0
uniform_high,32,R1,True,4150,visibility_gini,0.288671875,10.0
uniform_high,32,R1,True,4200,visibility_gini,0.288671875,10.0
uniform_high,32,R1,True,4250,visibility_gini,0.2888671875,10.0
uniform_high,32,R1,True,4300,visibility_gini,0.289892578125,10.0
uniform_high,32,R1,True,4350,visibility_gini,0.2908203125,10.0
uniform_high,32,R1,True,4400,visibility_gini,0.2908203125,10.0
uniform_high,32,R1,True,4450,visibility_gini,0.290673828125,10.0
uniform_high,32,R1,True,4500,visibility_gini,0.291455078125,10.0
uniform_high,32,R1,True,4550,visibility_gini,0.291455078125,10.0
uniform_high,32,R1,True,4600,visibility_gini,0.291455078125,10.0
uniform_high,32,R1,True,4650,visibility_gini,0.290673828125,10.0
uniform_high,32,R1,True,4700,visibility_gini,0.290673828125,10.0
uniform_high,32,R1,True,4750,visibility_gini,0.290673828125,10.0
uniform_high,32,R1,True,4800,visibility_gini,0.290966796875,10.0
uniform_high,32,R1,True,4850,visibility_gini,0.291357421875,10.0
uniform_high,32,R1,True,4900,visibility_gini,0.29228515625,10.0
uniform_high,32,R1,True,4950,visibility_gini,0.291650390625,10.0
uniform_high,32,R1,True,5000,visibility_gini,0.291845703125,10.0
uniform_high,32,R1,True,1,low_extraction_rate,0.50625,10.0
uniform_high,32,R1,True,50,low_extraction_rate,0.3375,10.0
uniform_high,32,R1,True,100,low_extraction_rate,0.315625,10.0
uniform_high,32,R1,True,150,low_extraction_rate,0.340625,10.0
uniform_high,32,R1,True,200,low_extraction_rate,0.278125,10.0
uniform_high,32,R1,True,250,low_extraction_rate,0.29375,10.0
uniform_high,32,R1,True,300,low_extraction_rate,0.190625,10.0
uniform_high,32,R1,True,350,low_extraction_rate,0.265625,10.0
uniform_high,32,R1,True,400,low_extraction_rate,0.225,10.0
uniform_high,32,R1,True,450,low_extraction_rate,0.228125,10.0
uniform_high,32,R1,True,500,low_extraction_rate,0.2,10.0
uniform_high,32,R1,True,550,low_extraction_rate,0.178125,10.0
uniform_high,32,R1,True,600,low_extraction_rate,0.209375,10.0
uniform_high,32,R1,True,650,low_extraction_rate,0.203125,10.0
uniform_high,32,R1,True,700,low_extraction_rate,0.175,10.0
uniform_high,32,R1,True,750,low_extraction_rate,0.196875,10.0
uniform_high,32,R1,True,800,low_extraction_rate,0.18125,10.0
uniform_high,32,R1,True,850,low_extraction_rate,0.15625,10.0
uniform_high,32,R1,True,900,low_extraction_rate,0.18125,10.0
uniform_high,32,R1,True,950,low_extraction_rate,0.175,10.0
uniform_high,32,R1,True,1000,low_extraction_rate,0.165625,10.0
uniform_high,32,R1,True,1050,low_extraction_rate,0.15625,10.0
uniform_high,32,R1,True,1100,low_extraction_rate,0.153125,10.0
uniform_high,32,R1,True,1150,low_extraction_rate,0.16875,10.0
uniform_high,32,R1,True,1200,low_extraction_rate,0.140625,10.0
uniform_high,32,R1,True,1250,low_extraction_rate,0.165625,10.0
uniform_high,32,R1,True,1300,low_extraction_rate,0.153125,10.0
uniform_high,32,R1,True,1350,low_extraction_rate,0.14375,10.0
uniform_high,32,R1,True,1400,low_extraction_rate,0.13125,10.0
uniform_high,32,R1,True,1450,low_extraction_rate,0.115625,10.0
uniform_high,32,R1,True,1500,low_extraction_rate,0.14375,10.0
uniform_high,32,R1,True,1550,low_extraction_rate,0.153125,10.0
uniform_high,32,R1,True,1600,low_extraction_rate,0.128125,10.0
uniform_high,32,R1,True,1650,low_extraction_rate,0.121875,10.0
uniform_high,32,R1,True,1700,low_extraction_rate,0.1,10.0
uniform_high,32,R1,True,1750,low_extraction_rate,0.13125,10.0
uniform_high,32,R1,True,1800,low_extraction_rate,0.096875,10.0
uniform_high,32,R1,True,1850,low_extraction_rate,0.115625,10.0
uniform_high,32,R1,True,1900,low_extraction_rate,0.103125,10.0
uniform_high,32,R1,True,1950,low_extraction_rate,0.090625,10.0
uniform_high,32,R1,True,2000,low_extraction_rate,0.1,10.0
uniform_high,32,R1,True,2050,low_extraction_rate,0.115625,10.0
uniform_high,32,R1,True,2100,low_extraction_rate,0.08125,10.0
uniform_high,32,R1,True,2150,low_extraction_rate,0.11875,10.0
uniform_high,32,R1,True,2200,low_extraction_rate,0.096875,10.0
uniform_high,32,R1,True,2250,low_extraction_rate,0.1,10.0
uniform_high,32,R1,True,2300,low_extraction_rate,0.09375,10.0
uniform_high,32,R1,True,2350,low_extraction_rate,0.09375,10.0
uniform_high,32,R1,True,2400,low_extraction_rate,0.1125,10.0
uniform_high,32,R1,True,2450,low_extraction_rate,0.084375,10.0
uniform_high,32,R1,True,2500,low_extraction_rate,0.084375,10.0
uniform_high,32,R1,True,2550,low_extraction_rate,0.065625,10.0
uniform_high,32,R1,True,2600,low_extraction_rate,0.075,10.0
uniform_high,32,R1,True,2650,low_extraction_rate,0.096875,10.0
uniform_high,32,R1,True,2700,low_extraction_rate,0.0875,10.0
uniform_high,32,R1,True,2750,low_extraction_rate,0.0875,10.0
uniform_high,32,R1,True,2800,low_extraction_rate,0.0875,10.0
uniform_high,32,R1,True,2850,low_extraction_rate,0.1,10.0
uniform_high,32,R1,True,2900,low_extraction_rate,0.084375,10.0
uniform_high,32,R1,True,2950,low_extraction_rate,0.078125,10.0
uniform_high,32,R1,True,3000,low_extraction_rate,0.065625,10.0
uniform_high,32,R1,True,3050,low_extraction_rate,0.08125,10.0
uniform_high,32,R1,True,3100,low_extraction_rate,0.084375,10.0
uniform_high,32,R1,True,3150,low_extraction_rate,0.075,10.0
uniform_high,32,R1,True,3200,low_extraction_rate,0.078125,10.0
uniform_high,32,R1,True,3250,low_extraction_rate,0.065625,10.0
uniform_high,32,R1,True,3300,low_extraction_rate,0.065625,10.0
uniform_high,32,R1,True,3350,low_extraction_rate,0.09375,10.0
uniform_high,32,R1,True,3400,low_extraction_rate,0.09375,10.0
uniform_high,32,R1,True,3450,low_extraction_rate,0.09375,10.0
uniform_high,32,R1,True,3500,low_extraction_rate,0.0875,10.0
uniform_high,32,R1,True,3550,low_extraction_rate,0.078125,10.0
uniform_high,32,R1,True,3600,low_extraction_rate,0.078125,10.0
uniform_high,32,R1,True,3650,low_extraction_rate,0.078125,10.0
uniform_high,32,R1,True,3700,low_extraction_rate,0.059375,10.0
uniform_high,32,R1,True,3750,low_extraction_rate,0.06875,10.0
uniform_high,32,R1,True,3800,low_extraction_rate,0.05625,10.0
uniform_high,32,R1,True,3850,low_extraction_rate,0.05625,10.0
uniform_high,32,R1,True,3900,low_extraction_rate,0.053125,10.0
uniform_high,32,R1,True,3950,low_extraction_rate,0.1,10.0
uniform_high,32,R1,True,4000,low_extraction_rate,0.05625,10.0
uniform_high,32,R1,True,4050,low_extraction_rate,0.065625,10.0
uniform_high,32,R1,True,4100,low_extraction_rate,0.071875,10.0
uniform_high,32,R1,True,4150,low_extraction_rate,0.06875,10.0
uniform_high,32,R1,True,4200,low_extraction_rate,0.065625,10.0
uniform_high,32,R1,True,4250,low_extraction_rate,0.0625,10.0
uniform_high,32,R1,True,4300,low_extraction_rate,0.0625,10.0
uniform_high,32,R1,True,4350,low_extraction_rate,0.059375,10.0
uniform_high,32,R1,True,4400,low_extraction_rate,0.05625,10.0
uniform_high,32,R1,True,4450,low_extraction_rate,0.075,10.0
uniform_high,32,R1,True,4500,low_extraction_rate,0.071875,10.0
uniform_high,32,R1,True,4550,low_extraction_rate,0.090625,10.0
uniform_high,32,R1,True,4600,low_extraction_rate,0.05625,10.0
uniform_high,32,R1,True,4650,low_extraction_rate,0.05625,10.0
uniform_high,32,R1,True,4700,low_extraction_rate,0.065625,10.0
uniform_high,32,R1,True,4750,low_extraction_rate,0.071875,10.0
uniform_high,32,R1,True,4800,low_extraction_rate,0.0625,10.0
uniform_high,32,R1,True,4850,low_extraction_rate,0.065625,10.0
uniform_high,32,R1,True,4900,low_extraction_rate,0.071875,10.0
uniform_high,32,R1,True,4950,low_extraction_rate,0.05625,10.0
uniform_high,32,R1,True,5000,low_extraction_rate,0.065625,10.0
uniform_high,32,R2,False,1,visibility_gini,0.249755859375,10.0
uniform_high,32,R2,False,50,visibility_gini,0.24970703125,10.0
uniform_high,32,R2,False,100,visibility_gini,0.24814453125,10.0
uniform_high,32,R2,False,150,visibility_gini,0.24912109375,10.0
uniform_high,32,R2,False,200,visibility_gini,0.251416015625,10.0
uniform_high,32,R2,False,250,visibility_gini,0.25439453125,10.0
uniform_high,32,R2,False,300,visibility_gini,0.253662109375,10.0
uniform_high,32,R2,False,350,visibility_gini,0.251171875,10.0
uniform_high,32,R2,False,400,visibility_gini,0.25419921875,10.0
uniform_high,32,R2,False,450,visibility_gini,0.256982421875,10.0
uniform_high,32,R2,False,500,visibility_gini,0.256103515625,10.0
uniform_high,32,R2,False,550,visibility_gini,0.2568359375,10.0
uniform_high,32,R2,False,600,visibility_gini,0.257275390625,10.0
uniform_high,32,R2,False,650,visibility_gini,0.255419921875,10.0
uniform_high,32,R2,False,700,visibility_gini,0.25654296875,10.0
uniform_high,32,R2,False,750,visibility_gini,0.25634765625,10.0
uniform_high,32,R2,False,800,visibility_gini,0.258642578125,10.0
uniform_high,32,R2,False,850,visibility_gini,0.2625,10.0
uniform_high,32,R2,False,900,visibility_gini,0.264794921875,10.0
uniform_high,32,R2,False,950,visibility_gini,0.2654296875,10.0
uniform_high,32,R2,False,1000,visibility_gini,0.266552734375,10.0
uniform_high,32,R2,False,1050,visibility_gini,0.26708984375,10.0
uniform_high,32,R2,False,1100,visibility_gini,0.267529296875,10.0
uniform_high,32,R2,False,1150,visibility_gini,0.2703125,10.0
uniform_high,32,R2,False,1200,visibility_gini,0.271630859375,10.0
uniform_high,32,R2,False,1250,visibility_gini,0.2708984375,10.0
uniform_high,32,R2,False,1300,visibility_gini,0.272119140625,10.0
uniform_high,32,R2,False,1350,visibility_gini,0.273583984375,10.0
uniform_high,32,R2,False,1400,visibility_gini,0.275146484375,10.0
uniform_high,32,R2,False,1450,visibility_gini,0.275146484375,10.0
uniform_high,32,R2,False,1500,visibility_gini,0.27734375,10.0
uniform_high,32,R2,False,1550,visibility_gini,0.27734375,10.0
uniform_high,32,R2,False,1600,visibility_gini,0.275390625,10.0
uniform_high,32,R2,False,1650,visibility_gini,0.27646484375,10.0
uniform_high,32,R2,False,1700,visibility_gini,0.27548828125,10.0
uniform_high,32,R2,False,1750,visibility_gini,0.277978515625,10.0
uniform_high,32,R2,False,1800,visibility_gini,0.27939453125,10.0
uniform_high,32,R2,False,1850,visibility_gini,0.280810546875,10.0
uniform_high,32,R2,False,1900,visibility_gini,0.28203125,10.0
uniform_high,32,R2,False,1950,visibility_gini,0.281884765625,10.0
uniform_high,32,R2,False,2000,visibility_gini,0.28056640625,10.0
uniform_high,32,R2,False,2050,visibility_gini,0.279833984375,10.0
uniform_high,32,R2,False,2100,visibility_gini,0.28076171875,10.0
uniform_high,32,R2,False,2150,visibility_gini,0.281787109375,10.0
uniform_high,32,R2,False,2200,visibility_gini,0.2830078125,10.0
uniform_high,32,R2,False,2250,visibility_gini,0.28310546875,10.0
uniform_high,32,R2,False,2300,visibility_gini,0.284228515625,10.0
uniform_high,32,R2,False,2350,visibility_gini,0.28466796875,10.0
uniform_high,32,R2,False,2400,visibility_gini,0.287158203125,10.0
uniform_high,32,R2,False,2450,visibility_gini,0.287841796875,10.0
uniform_high,32,R2,False,2500,visibility_gini,0.287841796875,10.0
uniform_high,32,R2,False,2550,visibility_gini,0.287841796875,10.0
uniform_high,32,R2,False,2600,visibility_gini,0.2865234375,10.0
uniform_high,32,R2,False,2650,visibility_gini,0.2875,10.0
uniform_high,32,R2,False,2700,visibility_gini,0.286181640625,10.0
uniform_high,32,R2,False,2750,visibility_gini,0.288330078125,10.0
uniform_high,32,R2,False,2800,visibility_gini,0.290625,10.0
uniform_high,32,R2,False,2850,visibility_gini,0.291845703125,10.0
uniform_high,32,R2,False,2900,visibility_gini,0.29111328125,10.0
uniform_high,32,R2,False,2950,visibility_gini,0.2904296875,10.0
uniform_high,32,R2,False,3000,visibility_gini,0.290087890625,10.0
uniform_high,32,R2,False,3050,visibility_gini,0.28974609375,10.0
uniform_high,32,R2,False,3100,visibility_gini,0.290771484375,10.0
uniform_high,32,R2,False,3150,visibility_gini,0.2904296875,10.0
uniform_high,32,R2,False,3200,visibility_gini,0.288525390625,10.0
uniform_high,32,R2,False,3250,visibility_gini,0.287744140625,10.0
uniform_high,32,R2,False,3300,visibility_gini,0.288818359375,10.0
uniform_high,32,R2,False,3350,visibility_gini,0.287744140625,10.0
uniform_high,32,R2,False,3400,visibility_gini,0.2880859375,10.0
uniform_high,32,R2,False,3450,visibility_gini,0.286474609375,10.0
uniform_high,32,R2,False,3500,visibility_gini,0.286474609375,10.0
uniform_high,32,R2,False,3550,visibility_gini,0.287548828125,10.0
uniform_high,32,R2,False,3600,visibility_gini,0.287548828125,10.0
uniform_high,32,R2,False,3650,visibility_gini,0.286376953125,10.0
uniform_high,32,R2,False,3700,visibility_gini,0.2857421875,10.0
uniform_high,32,R2,False,3750,visibility_gini,0.2857421875,10.0
uniform_high,32,R2,False,3800,visibility_gini,0.2857421875,10.0
uniform_high,32,R2,False,3850,visibility_gini,0.285302734375,10.0
uniform_high,32,R2,False,3900,visibility_gini,0.285302734375,10.0
uniform_high,32,R2,False,3950,visibility_gini,0.28466796875,10.0
uniform_high,32,R2,False,4000,visibility_gini,0.28466796875,10.0
uniform_high,32,R2,False,4050,visibility_gini,0.28466796875,10.0
uniform_high,32,R2,False,4100,visibility_gini,0.285498046875,10.0
uniform_high,32,R2,False,4150,visibility_gini,0.2849609375,10.0
uniform_high,32,R2,False,4200,visibility_gini,0.286328125,10.0
uniform_high,32,R2,False,4250,visibility_gini,0.285595703125,10.0
uniform_high,32,R2,False,4300,visibility_gini,0.2857421875,10.0
uniform_high,32,R2,False,4350,visibility_gini,0.2853515625,10.0
uniform_high,32,R2,False,4400,visibility_gini,0.285693359375,10.0
uniform_high,32,R2,False,4450,visibility_gini,0.28505859375,10.0
uniform_high,32,R2,False,4500,visibility_gini,0.28505859375,10.0
uniform_high,32,R2,False,4550,visibility_gini,0.28486328125,10.0
uniform_high,32,R2,False,4600,visibility_gini,0.28486328125,10.0
uniform_high,32,R2,False,4650,visibility_gini,0.28486328125,10.0
uniform_high,32,R2,False,4700,visibility_gini,0.28486328125,10.0
uniform_high,32,R2,False,4750,visibility_gini,0.28486328125,10.0
uniform_high,32,R2,False,4800,visibility_gini,0.28466796875,10.0
uniform_high,32,R2,False,4850,visibility_gini,0.28466796875,10.0
uniform_high,32,R2,False,4900,visibility_gini,0.28505859375,10.0
uniform_high,32,R2,False,4950,visibility_gini,0.2849609375,10.0
uniform_high,32,R2,False,5000,visibility_gini,0.284228515625,10.0
uniform_high,32,R2,False,1,low_extraction_rate,0.50625,10.0
uniform_high,32,R2,False,50,low_extraction_rate,0.3375,10.0
uniform_high,32,R2,False,100,low_extraction_rate,0.325,10.0
uniform_high,32,R2,False,150,low_extraction_rate,0.3375,10.0
uniform_high,32,R2,False,200,low_extraction_rate,0.259375,10.0
uniform_high,32,R2,False,250,low_extraction_rate,0.278125,10.0
uniform_high,32,R2,False,300,low_extraction_rate,0.2125,10.0
uniform_high,32,R2,False,350,low_extraction_rate,0.259375,10.0
uniform_high,32,R2,False,400,low_extraction_rate,0.25625,10.0
uniform_high,32,R2,False,450,low_extraction_rate,0.23125,10.0
uniform_high,32,R2,False,500,low_extraction_rate,0.215625,10.0
uniform_high,32,R2,False,550,low_extraction_rate,0.178125,10.0
uniform_high,32,R2,False,600,low_extraction_rate,0.2125,10.0
uniform_high,32,R2,False,650,low_extraction_rate,0.23125,10.0
uniform_high,32,R2,False,700,low_extraction_rate,0.184375,10.0
uniform_high,32,R2,False,750,low_extraction_rate,0.196875,10.0
uniform_high,32,R2,False,800,low_extraction_rate,0.18125,10.0
uniform_high,32,R2,False,850,low_extraction_rate,0.153125,10.0
uniform_high,32,R2,False,900,low_extraction_rate,0.18125,10.0
uniform_high,32,R2,False,950,low_extraction_rate,0.178125,10.0
uniform_high,32,R2,False,1000,low_extraction_rate,0.171875,10.0
uniform_high,32,R2,False,1050,low_extraction_rate,0.14375,10.0
uniform_high,32,R2,False,1100,low_extraction_rate,0.15625,10.0
uniform_high,32,R2,False,1150,low_extraction_rate,0.15625,10.0
uniform_high,32,R2,False,1200,low_extraction_rate,0.14375,10.0
uniform_high,32,R2,False,1250,low_extraction_rate,0.19375,10.0
uniform_high,32,R2,False,1300,low_extraction_rate,0.178125,10.0
uniform_high,32,R2,False,1350,low_extraction_rate,0.1875,10.0
uniform_high,32,R2,False,1400,low_extraction_rate,0.125,10.0
uniform_high,32,R2,False,1450,low_extraction_rate,0.13125,10.0
uniform_high,32,R2,False,1500,low_extraction_rate,0.13125,10.0
uniform_high,32,R2,False,1550,low_extraction_rate,0.1625,10.0
uniform_high,32,R2,False,1600,low_extraction_rate,0.14375,10.0
uniform_high,32,R2,False,1650,low_extraction_rate,0.14375,10.0
uniform_high,32,R2,False,1700,low_extraction_rate,0.125,10.0
uniform_high,32,R2,False,1750,low_extraction_rate,0.096875,10.0
uniform_high,32,R2,False,1800,low_extraction_rate,0.159375,10.0
uniform_high,32,R2,False,1850,low_extraction_rate,0.121875,10.0
uniform_high,32,R2,False,1900,low_extraction_rate,0.128125,10.0
uniform_high,32,R2,False,1950,low_extraction_rate,0.1,10.0
uniform_high,32,R2,False,2000,low_extraction_rate,0.125,10.0
uniform_high,32,R2,False,2050,low_extraction_rate,0.071875,10.0
uniform_high,32,R2,False,2100,low_extraction_rate,0.103125,10.0
uniform_high,32,R2,False,2150,low_extraction_rate,0.1125,10.0
uniform_high,32,R2,False,2200,low_extraction_rate,0.109375,10.0
uniform_high,32,R2,False,2250,low_extraction_rate,0.096875,10.0
uniform_high,32,R2,False,2300,low_extraction_rate,0.084375,10.0
uniform_high,32,R2,False,2350,low_extraction_rate,0.11875,10.0
uniform_high,32,R2,False,2400,low_extraction_rate,0.103125,10.0
uniform_high,32,R2,False,2450,low_extraction_rate,0.078125,10.0
uniform_high,32,R2,False,2500,low_extraction_rate,0.10625,10.0
uniform_high,32,R2,False,2550,low_extraction_rate,0.090625,10.0
uniform_high,32,R2,False,2600,low_extraction_rate,0.10625,10.0
uniform_high,32,R2,False,2650,low_extraction_rate,0.090625,10.0
uniform_high,32,R2,False,2700,low_extraction_rate,0.078125,10.0
uniform_high,32,R2,False,2750,low_extraction_rate,0.075,10.0
uniform_high,32,R2,False,2800,low_extraction_rate,0.1125,10.0
uniform_high,32,R2,False,2850,low_extraction_rate,0.09375,10.0
uniform_high,32,R2,False,2900,low_extraction_rate,0.06875,10.0
uniform_high,32,R2,False,2950,low_extraction_rate,0.08125,10.0
uniform_high,32,R2,False,3000,low_extraction_rate,0.08125,10.0
uniform_high,32,R2,False,3050,low_extraction_rate,0.115625,10.0
uniform_high,32,R2,False,3100,low_extraction_rate,0.1125,10.0
uniform_high,32,R2,False,3150,low_extraction_rate,0.096875,10.0
uniform_high,32,R2,False,3200,low_extraction_rate,0.103125,10.0
uniform_high,32,R2,False,3250,low_extraction_rate,0.08125,10.0
uniform_high,32,R2,False,3300,low_extraction_rate,0.1,10.0
uniform_high,32,R2,False,3350,low_extraction_rate,0.096875,10.0
uniform_high,32,R2,False,3400,low_extraction_rate,0.0875,10.0
uniform_high,32,R2,False,3450,low_extraction_rate,0.0625,10.0
uniform_high,32,R2,False,3500,low_extraction_rate,0.065625,10.0
uniform_high,32,R2,False,3550,low_extraction_rate,0.065625,10.0
uniform_high,32,R2,False,3600,low_extraction_rate,0.084375,10.0
uniform_high,32,R2,False,3650,low_extraction_rate,0.09375,10.0
uniform_high,32,R2,False,3700,low_extraction_rate,0.065625,10.0
uniform_high,32,R2,False,3750,low_extraction_rate,0.075,10.0
uniform_high,32,R2,False,3800,low_extraction_rate,0.0625,10.0
uniform_high,32,R2,False,3850,low_extraction_rate,0.05625,10.0
uniform_high,32,R2,False,3900,low_extraction_rate,0.053125,10.0
uniform_high,32,R2,False,3950,low_extraction_rate,0.08125,10.0
uniform_high,32,R2,False,4000,low_extraction_rate,0.06875,10.0
uniform_high,32,R2,False,4050,low_extraction_rate,0.065625,10.0
uniform_high,32,R2,False,4100,low_extraction_rate,0.075,10.0
uniform_high,32,R2,False,4150,low_extraction_rate,0.071875,10.0
uniform_high,32,R2,False,4200,low_extraction_rate,0.08125,10.0
uniform_high,32,R2,False,4250,low_extraction_rate,0.053125,10.0
uniform_high,32,R2,False,4300,low_extraction_rate,0.071875,10.0
uniform_high,32,R2,False,4350,low_extraction_rate,0.05625,10.0
uniform_high,32,R2,False,4400,low_extraction_rate,0.046875,10.0
uniform_high,32,R2,False,4450,low_extraction_rate,0.06875,10.0
uniform_high,32,R2,False,4500,low_extraction_rate,0.04375,10.0
uniform_high,32,R2,False,4550,low_extraction_rate,0.059375,10.0
uniform_high,32,R2,False,4600,low_extraction_rate,0.059375,10.0
uniform_high,32,R2,False,4650,low_extraction_rate,0.065625,10.0
uniform_high,32,R2,False,4700,low_extraction_rate,0.075,10.0
uniform_high,32,R2,False,4750,low_extraction_rate,0.0625,10.0
uniform_high,32,R2,False,4800,low_extraction_rate,0.075,10.0
uniform_high,32,R2,False,4850,low_extraction_rate,0.059375,10.0
uniform_high,32,R2,False,4900,low_extraction_rate,0.046875,10.0
uniform_high,32,R2,False,4950,low_extraction_rate,0.046875,10.0
uniform_high,32,R2,False,5000,low_extraction_rate,0.08125,10.0
uniform_high,32,R2,True,1,visibility_gini,0.249755859375,10.0
uniform_high,32,R2,True,50,visibility_gini,0.2501953125,10.0
uniform_high,32,R2,True,100,visibility_gini,0.249609375,10.0
uniform_high,32,R2,True,150,visibility_gini,0.2515625,10.0
uniform_high,32,R2,True,200,visibility_gini,0.2533203125,10.0
uniform_high,32,R2,True,250,visibility_gini,0.253857421875,10.0
uniform_high,32,R2,True,300,visibility_gini,0.255810546875,10.0
uniform_high,32,R2,True,350,visibility_gini,0.2564453125,10.0
uniform_high,32,R2,True,400,visibility_gini,0.259375,10.0
uniform_high,32,R2,True,450,visibility_gini,0.258837890625,10.0
uniform_high,32,R2,True,500,visibility_gini,0.25888671875,10.0
uniform_high,32,R2,True,550,visibility_gini,0.260107421875,10.0
uniform_high,32,R2,True,600,visibility_gini,0.262255859375,10.0
uniform_high,32,R2,True,650,visibility_gini,0.262353515625,10.0
uniform_high,32,R2,True,700,visibility_gini,0.265478515625,10.0
uniform_high,32,R2,True,750,visibility_gini,0.26552734375,10.0
uniform_high,32,R2,True,800,visibility_gini,0.267578125,10.0
uniform_high,32,R2,True,850,visibility_gini,0.271337890625,10.0
uniform_high,32,R2,True,900,visibility_gini,0.272412109375,10.0
uniform_high,32,R2,True,950,visibility_gini,0.270263671875,10.0
uniform_high,32,R2,True,1000,visibility_gini,0.270556640625,10.0
uniform_high,32,R2,True,1050,visibility_gini,0.270263671875,10.0
uniform_high,32,R2,True,1100,visibility_gini,0.269970703125,10.0
uniform_high,32,R2,True,1150,visibility_gini,0.269873046875,10.0
uniform_high,32,R2,True,1200,visibility_gini,0.271826171875,10.0
uniform_high,32,R2,True,1250,visibility_gini,0.271337890625,10.0
uniform_high,32,R2,True,1300,visibility_gini,0.269287109375,10.0
uniform_high,32,R2,True,1350,visibility_gini,0.270654296875,10.0
uniform_high,32,R2,True,1400,visibility_gini,0.270947265625,10.0
uniform_high,32,R2,True,1450,visibility_gini,0.271044921875,10.0
uniform_high,32,R2,True,1500,visibility_gini,0.270654296875,10.0
uniform_high,32,R2,True,1550,visibility_gini,0.270654296875,10.0
uniform_high,32,R2,True,1600,visibility_gini,0.2693359375,10.0
uniform_high,32,R2,True,1650,visibility_gini,0.2693359375,10.0
uniform_high,32,R2,True,1700,visibility_gini,0.2677734375,10.0
uniform_high,32,R2,True,1750,visibility_gini,0.266845703125,10.0
uniform_high,32,R2,True,1800,visibility_gini,0.270263671875,10.0
uniform_high,32,R2,True,1850,visibility_gini,0.269873046875,10.0
uniform_high,32,R2,True,1900,visibility_gini,0.27080078125,10.0
uniform_high,32,R2,True,1950,visibility_gini,0.270751953125,10.0
uniform_high,32,R2,True,2000,visibility_gini,0.27138671875,10.0
uniform_high,32,R2,True,2050,visibility_gini,0.27255859375,10.0
uniform_high,32,R2,True,2100,visibility_gini,0.27294921875,10.0
uniform_high,32,R2,True,2150,visibility_gini,0.2734375,10.0
uniform_high,32,R2,True,2200,visibility_gini,0.2740234375,10.0
uniform_high,32,R2,True,2250,visibility_gini,0.27529296875,10.0
uniform_high,32,R2,True,2300,visibility_gini,0.2751953125,10.0
uniform_high,32,R2,True,2350,visibility_gini,0.2751953125,10.0
uniform_high,32,R2,True,2400,visibility_gini,0.275732421875,10.0
uniform_high,32,R2,True,2450,visibility_gini,0.277001953125,10.0
uniform_high,32,R2,True,2500,visibility_gini,0.277001953125,10.0
uniform_high,32,R2,True,2550,visibility_gini,0.276025390625,10.0
uniform_high,32,R2,True,2600,visibility_gini,0.275341796875,10.0
uniform_high,32,R2,True,2650,visibility_gini,0.274609375,10.0
uniform_high,32,R2,True,2700,visibility_gini,0.276416015625,10.0
uniform_high,32,R2,True,2750,visibility_gini,0.276708984375,10.0
uniform_high,32,R2,True,2800,visibility_gini,0.2759765625,10.0
uniform_high,32,R2,True,2850,visibility_gini,0.27568359375,10.0
uniform_high,32,R2,True,2900,visibility_gini,0.275146484375,10.0
uniform_high,32,R2,True,2950,visibility_gini,0.275244140625,10.0
uniform_high,32,R2,True,3000,visibility_gini,0.275,10.0
uniform_high,32,R2,True,3050,visibility_gini,0.275,10.0
uniform_high,32,R2,True,3100,visibility_gini,0.276025390625,10.0
uniform_high,32,R2,True,3150,visibility_gini,0.277099609375,10.0
uniform_high,32,R2,True,3200,visibility_gini,0.276953125,10.0
uniform_high,32,R2,True,3250,visibility_gini,0.277783203125,10.0
uniform_high,32,R2,True,3300,visibility_gini,0.277783203125,10.0
uniform_high,32,R2,True,3350,visibility_gini,0.27880859375,10.0
uniform_high,32,R2,True,3400,visibility_gini,0.27978515625,10.0
uniform_high,32,R2,True,3450,visibility_gini,0.280859375,10.0
uniform_high,32,R2,True,3500,visibility_gini,0.280859375,10.0
uniform_high,32,R2,True,3550,visibility_gini,0.2830078125,10.0
uniform_high,32,R2,True,3600,visibility_gini,0.2830078125,10.0
uniform_high,32,R2,True,3650,visibility_gini,0.2849609375,10.0
uniform_high,32,R2,True,3700,visibility_gini,0.285498046875,10.0
uniform_high,32,R2,True,3750,visibility_gini,0.285498046875,10.0
uniform_high,32,R2,True,3800,visibility_gini,0.285498046875,10.0
uniform_high,32,R2,True,3850,visibility_gini,0.285595703125,10.0
uniform_high,32,R2,True,3900,visibility_gini,0.285595703125,10.0
uniform_high,32,R2,True,3950,visibility_gini,0.28603515625,10.0
uniform_high,32,R2,True,4000,visibility_gini,0.28603515625,10.0
uniform_high,32,R2,True,4050,visibility_gini,0.28603515625,10.0
uniform_high,32,R2,True,4100,visibility_gini,0.28603515625,10.0
uniform_high,32,R2,True,4150,visibility_gini,0.286376953125,10.0
uniform_high,32,R2,True,4200,visibility_gini,0.286376953125,10.0
uniform_high,32,R2,True,4250,visibility_gini,0.287060546875,10.0
uniform_high,32,R2,True,4300,visibility_gini,0.28740234375,10.0
uniform_high,32,R2,True,4350,visibility_gini,0.28681640625,10.0
uniform_high,32,R2,True,4400,visibility_gini,0.286328125,10.0
uniform_high,32,R2,True,4450,visibility_gini,0.285986328125,10.0
uniform_high,32,R2,True,4500,visibility_gini,0.285986328125,10.0
uniform_high,32,R2,True,4550,visibility_gini,0.286767578125,10.0
uniform_high,32,R2,True,4600,visibility_gini,0.286767578125,10.0
uniform_high,32,R2,True,4650,visibility_gini,0.286767578125,10.0
uniform_high,32,R2,True,4700,visibility_gini,0.286767578125,10.0
uniform_high,32,R2,True,4750,visibility_gini,0.286767578125,10.0
uniform_high,32,R2,True,4800,visibility_gini,0.28759765625,10.0
uniform_high,32,R2,True,4850,visibility_gini,0.28759765625,10.0
uniform_high,32,R2,True,4900,visibility_gini,0.287646484375,10.0
uniform_high,32,R2,True,4950,visibility_gini,0.288232421875,10.0
uniform_high,32,R2,True,5000,visibility_gini,0.28896484375,10.0
uniform_high,32,R2,True,1,low_extraction_rate,0.50625,10.0
uniform_high,32,R2,True,50,low_extraction_rate,0.3375,10.0
uniform_high,32,R2,True,100,low_extraction_rate,0.3125,10.0
uniform_high,32,R2,True,150,low_extraction_rate,0.35,10.0
uniform_high,32,R2,True,200,low_extraction_rate,0.275,10.0
uniform_high,32,R2,True,250,low_extraction_rate,0.296875,10.0
uniform_high,32,R2,True,300,low_extraction_rate,0.203125,10.0
uniform_high,32,R2,True,350,low_extraction_rate,0.25,10.0
uniform_high,32,R2,True,400,low_extraction_rate,0.20625,10.0
uniform_high,32,R2,True,450,low_extraction_rate,0.225,10.0
uniform_high,32,R2,True,500,low_extraction_rate,0.209375,10.0
uniform_high,32,R2,True,550,low_extraction_rate,0.184375,10.0
uniform_high,32,R2,True,600,low_extraction_rate,0.184375,10.0
uniform_high,32,R2,True,650,low_extraction_rate,0.2,10.0
uniform_high,32,R2,True,700,low_extraction_rate,0.19375,10.0
uniform_high,32,R2,True,750,low_extraction_rate,0.190625,10.0
uniform_high,32,R2,True,800,low_extraction_rate,0.19375,10.0
uniform_high,32,R2,True,850,low_extraction_rate,0.178125,10.0
uniform_high,32,R2,True,900,low_extraction_rate,0.1625,10.0
uniform_high,32,R2,True,950,low_extraction_rate,0.165625,10.0
uniform_high,32,R2,True,1000,low_extraction_rate,0.159375,10.0
uniform_high,32,R2,True,1050,low_extraction_rate,0.16875,10.0
uniform_high,32,R2,True,1100,low_extraction_rate,0.14375,10.0
uniform_high,32,R2,True,1150,low_extraction_rate,0.140625,10.0
uniform_high,32,R2,True,1200,low_extraction_rate,0.140625,10.0
uniform_high,32,R2,True,1250,low_extraction_rate,0.15,10.0
uniform_high,32,R2,True,1300,low_extraction_rate,0.16875,10.0
uniform_high,32,R2,True,1350,low_extraction_rate,0.14375,10.0
uniform_high,32,R2,True,1400,low_extraction_rate,0.14375,10.0
uniform_high,32,R2,True,1450,low_extraction_rate,0.134375,10.0
uniform_high,32,R2,True,1500,low_extraction_rate,0.159375,10.0
uniform_high,32,R2,True,1550,low_extraction_rate,0.153125,10.0
uniform_high,32,R2,True,1600,low_extraction_rate,0.128125,10.0
uniform_high,32,R2,True,1650,low_extraction_rate,0.121875,10.0
uniform_high,32,R2,True,1700,low_extraction_rate,0.121875,10.0
uniform_high,32,R2,True,1750,low_extraction_rate,0.1125,10.0
uniform_high,32,R2,True,1800,low_extraction_rate,0.103125,10.0
uniform_high,32,R2,True,1850,low_extraction_rate,0.096875,10.0
uniform_high,32,R2,True,1900,low_extraction_rate,0.103125,10.0
uniform_high,32,R2,True,1950,low_extraction_rate,0.109375,10.0
uniform_high,32,R2,True,2000,low_extraction_rate,0.09375,10.0
uniform_high,32,R2,True,2050,low_extraction_rate,0.109375,10.0
uniform_high,32,R2,True,2100,low_extraction_rate,0.109375,10.0
uniform_high,32,R2,True,2150,low_extraction_rate,0.0875,10.0
uniform_high,32,R2,True,2200,low_extraction_rate,0.128125,10.0
uniform_high,32,R2,True,2250,low_extraction_rate,0.1125,10.0
uniform_high,32,R2,True,2300,low_extraction_rate,0.084375,10.0
uniform_high,32,R2,True,2350,low_extraction_rate,0.090625,10.0
uniform_high,32,R2,True,2400,low_extraction_rate,0.109375,10.0
uniform_high,32,R2,True,2450,low_extraction_rate,0.090625,10.0
uniform_high,32,R2,True,2500,low_extraction_rate,0.09375,10.0
uniform_high,32,R2,True,2550,low_extraction_rate,0.096875,10.0
uniform_high,32,R2,True,2600,low_extraction_rate,0.0875,10.0
uniform_high,32,R2,True,2650,low_extraction_rate,0.090625,10.0
uniform_high,32,R2,True,2700,low_extraction_rate,0.078125,10.0
uniform_high,32,R2,True,2750,low_extraction_rate,0.08125,10.0
uniform_high,32,R2,True,2800,low_extraction_rate,0.075,10.0
uniform_high,32,R2,True,2850,low_extraction_rate,0.08125,10.0
uniform_high,32,R2,True,2900,low_extraction_rate,0.06875,10.0
uniform_high,32,R2,True,2950,low_extraction_rate,0.06875,10.0
uniform_high,32,R2,True,3000,low_extraction_rate,0.0875,10.0
uniform_high,32,R2,True,3050,low_extraction_rate,0.084375,10.0
uniform_high,32,R2,True,3100,low_extraction_rate,0.0875,10.0
uniform_high,32,R2,True,3150,low_extraction_rate,0.078125,10.0
uniform_high,32,R2,True,3200,low_extraction_rate,0.075,10.0
uniform_high,32,R2,True,3250,low_extraction_rate,0.075,10.0
uniform_high,32,R2,True,3300,low_extraction_rate,0.0625,10.0
uniform_high,32,R2,True,3350,low_extraction_rate,0.065625,10.0
uniform_high,32,R2,True,3400,low_extraction_rate,0.075,10.0
uniform_high,32,R2,True,3450,low_extraction_rate,0.084375,10.0
uniform_high,32,R2,True,3500,low_extraction_rate,0.075,10.0
uniform_high,32,R2,True,3550,low_extraction_rate,0.065625,10.0
uniform_high,32,R2,True,3600,low_extraction_rate,0.0875,10.0
uniform_high,32,R2,True,3650,low_extraction_rate,0.08125,10.0
uniform_high,32,R2,True,3700,low_extraction_rate,0.075,10.0
uniform_high,32,R2,True,3750,low_extraction_rate,0.071875,10.0
uniform_high,32,R2,True,3800,low_extraction_rate,0.053125,10.0
uniform_high,32,R2,True,3850,low_extraction_rate,0.05625,10.0
uniform_high,32,R2,True,3900,low_extraction_rate,0.053125,10.0
uniform_high,32,R2,True,3950,low_extraction_rate,0.06875,10.0
uniform_high,32,R2,True,4000,low_extraction_rate,0.075,10.0
uniform_high,32,R2,True,4050,low_extraction_rate,0.065625,10.0
uniform_high,32,R2,True,4100,low_extraction_rate,0.06875,10.0
uniform_high,32,R2,True,4150,low_extraction_rate,0.071875,10.0
uniform_high,32,R2,True,4200,low_extraction_rate,0.071875,10.0
uniform_high,32,R2,True,4250,low_extraction_rate,0.065625,10.0
uniform_high,32,R2,True,4300,low_extraction_rate,0.084375,10.0
uniform_high,32,R2,True,4350,low_extraction_rate,0.075,10.0
uniform_high,32,R2,True,4400,low_extraction_rate,0.065625,10.0
uniform_high,32,R2,True,4450,low_extraction_rate,0.0625,10.0
uniform_high,32,R2,True,4500,low_extraction_rate,0.0625,10.0
uniform_high,32,R2,True,4550,low_extraction_rate,0.075,10.0
uniform_high,32,R2,True,4600,low_extraction_rate,0.0625,10.0
uniform_high,32,R2,True,4650,low_extraction_rate,0.071875,10.0
uniform_high,32,R2,True,4700,low_extraction_rate,0.0625,10.0
uniform_high,32,R2,True,4750,low_extraction_rate,0.0625,10.0
uniform_high,32,R2,True,4800,low_extraction_rate,0.059375,10.0
uniform_high,32,R2,True,4850,low_extraction_rate,0.065625,10.0
uniform_high,32,R2,True,4900,low_extraction_rate,0.05625,10.0
uniform_high,32,R2,True,4950,low_extraction_rate,0.046875,10.0
uniform_high,32,R2,True,5000,low_extraction_rate,0.0625,10.0
uniform_high,32,R3,False,1,visibility_gini,0.249755859375,10.0
uniform_high,32,R3,False,50,visibility_gini,0.24970703125,10.0
uniform_high,32,R3,False,100,visibility_gini,0.24873046875,10.0
uniform_high,32,R3,False,150,visibility_gini,0.24912109375,10.0
uniform_high,32,R3,False,200,visibility_gini,0.250048828125,10.0
uniform_high,32,R3,False,250,visibility_gini,0.250732421875,10.0
uniform_high,32,R3,False,300,visibility_gini,0.25107421875,10.0
uniform_high,32,R3,False,350,visibility_gini,0.249609375,10.0
uniform_high,32,R3,False,400,visibility_gini,0.250390625,10.0
uniform_high,32,R3,False,450,visibility_gini,0.251904296875,10.0
uniform_high,32,R3,False,500,visibility_gini,0.251220703125,10.0
uniform_high,32,R3,False,550,visibility_gini,0.2517578125,10.0
uniform_high,32,R3,False,600,visibility_gini,0.251318359375,10.0
uniform_high,32,R3,False,650,visibility_gini,0.25224609375,10.0
uniform_high,32,R3,False,700,visibility_gini,0.25185546875,10.0
uniform_high,32,R3,False,750,visibility_gini,0.252294921875,10.0
uniform_high,32,R3,False,800,visibility_gini,0.25107421875,10.0
uniform_high,32,R3,False,850,visibility_gini,0.250732421875,10.0
uniform_high,32,R3,False,900,visibility_gini,0.2509765625,10.0
uniform_high,32,R3,False,950,visibility_gini,0.2529296875,10.0
uniform_high,32,R3,False,1000,visibility_gini,0.251513671875,10.0
uniform_high,32,R3,False,1050,visibility_gini,0.25068359375,10.0
uniform_high,32,R3,False,1100,visibility_gini,0.248974609375,10.0
uniform_high,32,R3,False,1150,visibility_gini,0.249169921875,10.0
uniform_high,32,R3,False,1200,visibility_gini,0.2490234375,10.0
uniform_high,32,R3,False,1250,visibility_gini,0.2501953125,10.0
uniform_high,32,R3,False,1300,visibility_gini,0.24921875,10.0
uniform_high,32,R3,False,1350,visibility_gini,0.2484375,10.0
uniform_high,32,R3,False,1400,visibility_gini,0.248583984375,10.0
uniform_high,32,R3,False,1450,visibility_gini,0.2484375,10.0
uniform_high,32,R3,False,1500,visibility_gini,0.250244140625,10.0
uniform_high,32,R3,False,1550,visibility_gini,0.2490234375,10.0
uniform_high,32,R3,False,1600,visibility_gini,0.249658203125,10.0
uniform_high,32,R3,False,1650,visibility_gini,0.24970703125,10.0
uniform_high,32,R3,False,1700,visibility_gini,0.2490234375,10.0
uniform_high,32,R3,False,1750,visibility_gini,0.247998046875,10.0
uniform_high,32,R3,False,1800,visibility_gini,0.245947265625,10.0
uniform_high,32,R3,False,1850,visibility_gini,0.24443359375,10.0
uniform_high,32,R3,False,1900,visibility_gini,0.244580078125,10.0
uniform_high,32,R3,False,1950,visibility_gini,0.245361328125,10.0
uniform_high,32,R3,False,2000,visibility_gini,0.245361328125,10.0
uniform_high,32,R3,False,2050,visibility_gini,0.245361328125,10.0
uniform_high,32,R3,False,2100,visibility_gini,0.244091796875,10.0
uniform_high,32,R3,False,2150,visibility_gini,0.244580078125,10.0
uniform_high,32,R3,False,2200,visibility_gini,0.24345703125,10.0
uniform_high,32,R3,False,2250,visibility_gini,0.2443359375,10.0
uniform_high,32,R3,False,2300,visibility_gini,0.24560546875,10.0
uniform_high,32,R3,False,2350,visibility_gini,0.24423828125,10.0
uniform_high,32,R3,False,2400,visibility_gini,0.2431640625,10.0
uniform_high,32,R3,False,2450,visibility_gini,0.243994140625,10.0
uniform_high,32,R3,False,2500,visibility_gini,0.246044921875,10.0
uniform_high,32,R3,False,2550,visibility_gini,0.246435546875,10.0
uniform_high,32,R3,False,2600,visibility_gini,0.249658203125,10.0
uniform_high,32,R3,False,2650,visibility_gini,0.250732421875,10.0
uniform_high,32,R3,False,2700,visibility_gini,0.2501953125,10.0
uniform_high,32,R3,False,2750,visibility_gini,0.250634765625,10.0
uniform_high,32,R3,False,2800,visibility_gini,0.25302734375,10.0
uniform_high,32,R3,False,2850,visibility_gini,0.252197265625,10.0
uniform_high,32,R3,False,2900,visibility_gini,0.252197265625,10.0
uniform_high,32,R3,False,2950,visibility_gini,0.250341796875,10.0
uniform_high,32,R3,False,3000,visibility_gini,0.250634765625,10.0
uniform_high,32,R3,False,3050,visibility_gini,0.24990234375,10.0
uniform_high,32,R3,False,3100,visibility_gini,0.248583984375,10.0
uniform_high,32,R3,False,3150,visibility_gini,0.248583984375,10.0
uniform_high,32,R3,False,3200,visibility_gini,0.248583984375,10.0
uniform_high,32,R3,False,3250,visibility_gini,0.248388671875,10.0
uniform_high,32,R3,False,3300,visibility_gini,0.248388671875,10.0
uniform_high,32,R3,False,3350,visibility_gini,0.24794921875,10.0
uniform_high,32,R3,False,3400,visibility_gini,0.24794921875,10.0
uniform_high,32,R3,False,3450,visibility_gini,0.24833984375,10.0
uniform_high,32,R3,False,3500,visibility_gini,0.247705078125,10.0
uniform_high,32,R3,False,3550,visibility_gini,0.247021484375,10.0
uniform_high,32,R3,False,3600,visibility_gini,0.247265625,10.0
uniform_high,32,R3,False,3650,visibility_gini,0.247265625,10.0
uniform_high,32,R3,False,3700,visibility_gini,0.247265625,10.0
uniform_high,32,R3,False,3750,visibility_gini,0.246484375,10.0
uniform_high,32,R3,False,3800,visibility_gini,0.245654296875,10.0
uniform_high,32,R3,False,3850,visibility_gini,0.245654296875,10.0
uniform_high,32,R3,False,3900,visibility_gini,0.246630859375,10.0
uniform_high,32,R3,False,3950,visibility_gini,0.2466796875,10.0
uniform_high,32,R3,False,4000,visibility_gini,0.2466796875,10.0
uniform_high,32,R3,False,4050,visibility_gini,0.2466796875,10.0
uniform_high,32,R3,False,4100,visibility_gini,0.246435546875,10.0
uniform_high,32,R3,False,4150,visibility_gini,0.244775390625,10.0
uniform_high,32,R3,False,4200,visibility_gini,0.244775390625,10.0
uniform_high,32,R3,False,4250,visibility_gini,0.244775390625,10.0
uniform_high,32,R3,False,4300,visibility_gini,0.244775390625,10.0
uniform_high,32,R3,False,4350,visibility_gini,0.244775390625,10.0
uniform_high,32,R3,False,4400,visibility_gini,0.244775390625,10.0
uniform_high,32,R3,False,4450,visibility_gini,0.243896484375,10.0
uniform_high,32,R3,False,4500,visibility_gini,0.243408203125,10.0
uniform_high,32,R3,False,4550,visibility_gini,0.24384765625,10.0
uniform_high,32,R3,False,4600,visibility_gini,0.24384765625,10.0
uniform_high,32,R3,False,4650,visibility_gini,0.24384765625,10.0
uniform_high,32,R3,False,4700,visibility_gini,0.24384765625,10.0
uniform_high,32,R3,False,4750,visibility_gini,0.24384765625,10.0
uniform_high,32,R3,False,4800,visibility_gini,0.244775390625,10.0
uniform_high,32,R3,False,4850,visibility_gini,0.244775390625,10.0
uniform_high,32,R3,False,4900,visibility_gini,0.244775390625,10.0
uniform_high,32,R3,False,4950,visibility_gini,0.244775390625,10.0
uniform_high,32,R3,False,5000,visibility_gini,0.244775390625,10.0
uniform_high,32,R3,False,1,low_extraction_rate,0.50625,10.0
uniform_high,32,R3,False,50,low_extraction_rate,0.3375,10.0
uniform_high,32,R3,False,100,low_extraction_rate,0.325,10.0
uniform_high,32,R3,False,150,low_extraction_rate,0.3375,10.0
uniform_high,32,R3,False,200,low_extraction_rate,0.278125,10.0
uniform_high,32,R3,False,250,low_extraction_rate,0.275,10.0
uniform_high,32,R3,False,300,low_extraction_rate,0.234375,10.0
uniform_high,32,R3,False,350,low_extraction_rate,0.25625,10.0
uniform_high,32,R3,False,400,low_extraction_rate,0.2875,10.0
uniform_high,32,R3,False,450,low_extraction_rate,0.23125,10.0
uniform_high,32,R3,False,500,low_extraction_rate,0.228125,10.0
uniform_high,32,R3,False,550,low_extraction_rate,0.190625,10.0
uniform_high,32,R3,False,600,low_extraction_rate,0.221875,10.0
uniform_high,32,R3,False,650,low_extraction_rate,0.203125,10.0
uniform_high,32,R3,False,700,low_extraction_rate,0.19375,10.0
uniform_high,32,R3,False,750,low_extraction_rate,0.196875,10.0
uniform_high,32,R3,False,800,low_extraction_rate,0.19375,10.0
uniform_high,32,R3,False,850,low_extraction_rate,0.178125,10.0
uniform_high,32,R3,False,900,low_extraction_rate,0.175,10.0
uniform_high,32,R3,False,950,low_extraction_rate,0.2,10.0
uniform_high,32,R3,False,1000,low_extraction_rate,0.1625,10.0
uniform_high,32,R3,False,1050,low_extraction_rate,0.14375,10.0
uniform_high,32,R3,False,1100,low_extraction_rate,0.14375,10.0
uniform_high,32,R3,False,1150,low_extraction_rate,0.175,10.0
uniform_high,32,R3,False,1200,low_extraction_rate,0.15625,10.0
uniform_high,32,R3,False,1250,low_extraction_rate,0.18125,10.0
uniform_high,32,R3,False,1300,low_extraction_rate,0.171875,10.0
uniform_high,32,R3,False,1350,low_extraction_rate,0.15625,10.0
uniform_high,32,R3,False,1400,low_extraction_rate,0.128125,10.0
uniform_high,32,R3,False,1450,low_extraction_rate,0.146875,10.0
uniform_high,32,R3,False,1500,low_extraction_rate,0.146875,10.0
uniform_high,32,R3,False,1550,low_extraction_rate,0.121875,10.0
uniform_high,32,R3,False,1600,low_extraction_rate,0.15625,10.0
uniform_high,32,R3,False,1650,low_extraction_rate,0.134375,10.0
uniform_high,32,R3,False,1700,low_extraction_rate,0.08125,10.0
uniform_high,32,R3,False,1750,low_extraction_rate,0.1,10.0
uniform_high,32,R3,False,1800,low_extraction_rate,0.096875,10.0
uniform_high,32,R3,False,1850,low_extraction_rate,0.125,10.0
uniform_high,32,R3,False,1900,low_extraction_rate,0.1375,10.0
uniform_high,32,R3,False,1950,low_extraction_rate,0.1125,10.0
uniform_high,32,R3,False,2000,low_extraction_rate,0.103125,10.0
uniform_high,32,R3,False,2050,low_extraction_rate,0.084375,10.0
uniform_high,32,R3,False,2100,low_extraction_rate,0.13125,10.0
uniform_high,32,R3,False,2150,low_extraction_rate,0.115625,10.0
uniform_high,32,R3,False,2200,low_extraction_rate,0.125,10.0
uniform_high,32,R3,False,2250,low_extraction_rate,0.071875,10.0
uniform_high,32,R3,False,2300,low_extraction_rate,0.10625,10.0
uniform_high,32,R3,False,2350,low_extraction_rate,0.1,10.0
uniform_high,32,R3,False,2400,low_extraction_rate,0.125,10.0
uniform_high,32,R3,False,2450,low_extraction_rate,0.109375,10.0
uniform_high,32,R3,False,2500,low_extraction_rate,0.1,10.0
uniform_high,32,R3,False,2550,low_extraction_rate,0.090625,10.0
uniform_high,32,R3,False,2600,low_extraction_rate,0.09375,10.0
uniform_high,32,R3,False,2650,low_extraction_rate,0.0875,10.0
uniform_high,32,R3,False,2700,low_extraction_rate,0.075,10.0
uniform_high,32,R3,False,2750,low_extraction_rate,0.08125,10.0
uniform_high,32,R3,False,2800,low_extraction_rate,0.065625,10.0
uniform_high,32,R3,False,2850,low_extraction_rate,0.09375,10.0
uniform_high,32,R3,False,2900,low_extraction_rate,0.06875,10.0
uniform_high,32,R3,False,2950,low_extraction_rate,0.096875,10.0
uniform_high,32,R3,False,3000,low_extraction_rate,0.1125,10.0
uniform_high,32,R3,False,3050,low_extraction_rate,0.0875,10.0
uniform_high,32,R3,False,3100,low_extraction_rate,0.09375,10.0
uniform_high,32,R3,False,3150,low_extraction_rate,0.078125,10.0
uniform_high,32,R3,False,3200,low_extraction_rate,0.1,10.0
uniform_high,32,R3,False,3250,low_extraction_rate,0.071875,10.0
uniform_high,32,R3,False,3300,low_extraction_rate,0.084375,10.0
uniform_high,32,R3,False,3350,low_extraction_rate,0.090625,10.0
uniform_high,32,R3,False,3400,low_extraction_rate,0.09375,10.0
uniform_high,32,R3,False,3450,low_extraction_rate,0.09375,10.0
uniform_high,32,R3,False,3500,low_extraction_rate,0.071875,10.0
uniform_high,32,R3,False,3550,low_extraction_rate,0.084375,10.0
uniform_high,32,R3,False,3600,low_extraction_rate,0.1,10.0
uniform_high,32,R3,False,3650,low_extraction_rate,0.09375,10.0
uniform_high,32,R3,False,3700,low_extraction_rate,0.0625,10.0
uniform_high,32,R3,False,3750,low_extraction_rate,0.075,10.0
uniform_high,32,R3,False,3800,low_extraction_rate,0.0625,10.0
uniform_high,32,R3,False,3850,low_extraction_rate,0.065625,10.0
uniform_high,32,R3,False,3900,low_extraction_rate,0.06875,10.0
uniform_high,32,R3,False,3950,low_extraction_rate,0.084375,10.0
uniform_high,32,R3,False,4000,low_extraction_rate,0.078125,10.0
uniform_high,32,R3,False,4050,low_extraction_rate,0.05625,10.0
uniform_high,32,R3,False,4100,low_extraction_rate,0.071875,10.0
uniform_high,32,R3,False,4150,low_extraction_rate,0.06875,10.0
uniform_high,32,R3,False,4200,low_extraction_rate,0.078125,10.0
uniform_high,32,R3,False,4250,low_extraction_rate,0.0625,10.0
uniform_high,32,R3,False,4300,low_extraction_rate,0.075,10.0
uniform_high,32,R3,False,4350,low_extraction_rate,0.078125,10.0
uniform_high,32,R3,False,4400,low_extraction_rate,0.065625,10.0
uniform_high,32,R3,False,4450,low_extraction_rate,0.059375,10.0
uniform_high,32,R3,False,4500,low_extraction_rate,0.046875,10.0
uniform_high,32,R3,False,4550,low_extraction_rate,0.071875,10.0
uniform_high,32,R3,False,4600,low_extraction_rate,0.046875,10.0
uniform_high,32,R3,False,4650,low_extraction_rate,0.046875,10.0
uniform_high,32,R3,False,4700,low_extraction_rate,0.053125,10.0
uniform_high,32,R3,False,4750,low_extraction_rate,0.040625,10.0
uniform_high,32,R3,False,4800,low_extraction_rate,0.046875,10.0
uniform_high,32,R3,False,4850,low_extraction_rate,0.05625,10.0
uniform_high,32,R3,False,4900,low_extraction_rate,0.05,10.0
uniform_high,32,R3,False,4950,low_extraction_rate,0.040625,10.0
uniform_high,32,R3,False,5000,low_extraction_rate,0.05625,10.0
uniform_high,32,R3,True,1,visibility_gini,0.249755859375,10.0
uniform_high,32,R3,True,50,visibility_gini,0.2501953125,10.0
uniform_high,32,R3,True,100,visibility_gini,0.2498046875,10.0
uniform_high,32,R3,True,150,visibility_gini,0.248046875,10.0
uniform_high,32,R3,True,200,visibility_gini,0.25048828125,10.0
uniform_high,32,R3,True,250,visibility_gini,0.247998046875,10.0
uniform_high,32,R3,True,300,visibility_gini,0.249462890625,10.0
uniform_high,32,R3,True,350,visibility_gini,0.251904296875,10.0
uniform_high,32,R3,True,400,visibility_gini,0.249609375,10.0
uniform_high,32,R3,True,450,visibility_gini,0.248486328125,10.0
uniform_high,32,R3,True,500,visibility_gini,0.24794921875,10.0
uniform_high,32,R3,True,550,visibility_gini,0.248046875,10.0
uniform_high,32,R3,True,600,visibility_gini,0.247802734375,10.0
uniform_high,32,R3,True,650,visibility_gini,0.24892578125,10.0
uniform_high,32,R3,True,700,visibility_gini,0.24921875,10.0
uniform_high,32,R3,True,750,visibility_gini,0.248486328125,10.0
uniform_high,32,R3,True,800,visibility_gini,0.25126953125,10.0
uniform_high,32,R3,True,850,visibility_gini,0.248291015625,10.0
uniform_high,32,R3,True,900,visibility_gini,0.245849609375,10.0
uniform_high,32,R3,True,950,visibility_gini,0.24580078125,10.0
uniform_high,32,R3,True,1000,visibility_gini,0.243994140625,10.0
uniform_high,32,R3,True,1050,visibility_gini,0.2431640625,10.0
uniform_high,32,R3,True,1100,visibility_gini,0.240771484375,10.0
uniform_high,32,R3,True,1150,visibility_gini,0.24248046875,10.0
uniform_high,32,R3,True,1200,visibility_gini,0.24296875,10.0
uniform_high,32,R3,True,1250,visibility_gini,0.240966796875,10.0
uniform_high,32,R3,True,1300,visibility_gini,0.242041015625,10.0
uniform_high,32,R3,True,1350,visibility_gini,0.244287109375,10.0
uniform_high,32,R3,True,1400,visibility_gini,0.24482421875,10.0
uniform_high,32,R3,True,1450,visibility_gini,0.24482421875,10.0
uniform_high,32,R3,True,1500,visibility_gini,0.24384765625,10.0
uniform_high,32,R3,True,1550,visibility_gini,0.24482421875,10.0
uniform_high,32,R3,True,1600,visibility_gini,0.243603515625,10.0
uniform_high,32,R3,True,1650,visibility_gini,0.245849609375,10.0
uniform_high,32,R3,True,1700,visibility_gini,0.244677734375,10.0
uniform_high,32,R3,True,1750,visibility_gini,0.2486328125,10.0
uniform_high,32,R3,True,1800,visibility_gini,0.25009765625,10.0
uniform_high,32,R3,True,1850,visibility_gini,0.250537109375,10.0
uniform_high,32,R3,True,1900,visibility_gini,0.250341796875,10.0
uniform_high,32,R3,True,1950,visibility_gini,0.252880859375,10.0
uniform_high,32,R3,True,2000,visibility_gini,0.252880859375,10.0
uniform_high,32,R3,True,2050,visibility_gini,0.252880859375,10.0
uniform_high,32,R3,True,2100,visibility_gini,0.253564453125,10.0
uniform_high,32,R3,True,2150,visibility_gini,0.253076171875,10.0
uniform_high,32,R3,True,2200,visibility_gini,0.253076171875,10.0
uniform_high,32,R3,True,2250,visibility_gini,0.253857421875,10.0
uniform_high,32,R3,True,2300,visibility_gini,0.253173828125,10.0
uniform_high,32,R3,True,2350,visibility_gini,0.253369140625,10.0
uniform_high,32,R3,True,2400,visibility_gini,0.254443359375,10.0
uniform_high,32,R3,True,2450,visibility_gini,0.254443359375,10.0
uniform_high,32,R3,True,2500,visibility_gini,0.25166015625,10.0
uniform_high,32,R3,True,2550,visibility_gini,0.2521484375,10.0
uniform_high,32,R3,True,2600,visibility_gini,0.252880859375,10.0
uniform_high,32,R3,True,2650,visibility_gini,0.253662109375,10.0
uniform_high,32,R3,True,2700,visibility_gini,0.253662109375,10.0
uniform_high,32,R3,True,2750,visibility_gini,0.25546875,10.0
uniform_high,32,R3,True,2800,visibility_gini,0.25517578125,10.0
uniform_high,32,R3,True,2850,visibility_gini,0.25595703125,10.0
uniform_high,32,R3,True,2900,visibility_gini,0.25595703125,10.0
uniform_high,32,R3,True,2950,visibility_gini,0.2572265625,10.0
uniform_high,32,R3,True,3000,visibility_gini,0.2576171875,10.0
uniform_high,32,R3,True,3050,visibility_gini,0.257958984375,10.0
uniform_high,32,R3,True,3100,visibility_gini,0.258154296875,10.0
uniform_high,32,R3,True,3150,visibility_gini,0.258154296875,10.0
uniform_high,32,R3,True,3200,visibility_gini,0.258154296875,10.0
uniform_high,32,R3,True,3250,visibility_gini,0.258349609375,10.0
uniform_high,32,R3,True,3300,visibility_gini,0.2580078125,10.0
uniform_high,32,R3,True,3350,visibility_gini,0.258251953125,10.0
uniform_high,32,R3,True,3400,visibility_gini,0.25888671875,10.0
uniform_high,32,R3,True,3450,visibility_gini,0.25927734375,10.0
uniform_high,32,R3,True,3500,visibility_gini,0.25908203125,10.0
uniform_high,32,R3,True,3550,visibility_gini,0.25869140625,10.0
uniform_high,32,R3,True,3600,visibility_gini,0.25986328125,10.0
uniform_high,32,R3,True,3650,visibility_gini,0.25986328125,10.0
uniform_high,32,R3,True,3700,visibility_gini,0.25986328125,10.0
uniform_high,32,R3,True,3750,visibility_gini,0.259521484375,10.0
uniform_high,32,R3,True,3800,visibility_gini,0.259521484375,10.0
uniform_high,32,R3,True,3850,visibility_gini,0.259521484375,10.0
uniform_high,32,R3,True,3900,visibility_gini,0.259228515625,10.0
uniform_high,32,R3,True,3950,visibility_gini,0.260400390625,10.0
uniform_high,32,R3,True,4000,visibility_gini,0.259228515625,10.0
uniform_high,32,R3,True,4050,visibility_gini,0.259228515625,10.0
uniform_high,32,R3,True,4100,visibility_gini,0.25986328125,10.0
uniform_high,32,R3,True,4150,visibility_gini,0.26201171875,10.0
uniform_high,32,R3,True,4200,visibility_gini,0.26201171875,10.0
uniform_high,32,R3,True,4250,visibility_gini,0.26201171875,10.0
uniform_high,32,R3,True,4300,visibility_gini,0.26201171875,10.0
uniform_high,32,R3,True,4350,visibility_gini,0.26201171875,10.0
uniform_high,32,R3,True,4400,visibility_gini,0.26201171875,10.0
uniform_high,32,R3,True,4450,visibility_gini,0.26201171875,10.0
uniform_high,32,R3,True,4500,visibility_gini,0.262158203125,10.0
uniform_high,32,R3,True,4550,visibility_gini,0.26142578125,10.0
uniform_high,32,R3,True,4600,visibility_gini,0.26142578125,10.0
uniform_high,32,R3,True,4650,visibility_gini,0.26142578125,10.0
uniform_high,32,R3,True,4700,visibility_gini,0.26142578125,10.0
uniform_high,32,R3,True,4750,visibility_gini,0.26142578125,10.0
uniform_high,32,R3,True,4800,visibility_gini,0.260986328125,10.0
uniform_high,32,R3,True,4850,visibility_gini,0.260986328125,10.0
uniform_high,32,R3,True,4900,visibility_gini,0.260986328125,10.0
uniform_high,32,R3,True,4950,visibility_gini,0.260986328125,10.0
uniform_high,32,R3,True,5000,visibility_gini,0.260986328125,10.0
uniform_high,32,R3,True,1,low_extraction_rate,0.50625,10.0
uniform_high,32,R3,True,50,low_extraction_rate,0.3375,10.0
uniform_high,32,R3,True,100,low_extraction_rate,0.3125,10.0
uniform_high,32,R3,True,150,low_extraction_rate,0.34375,10.0
uniform_high,32,R3,True,200,low_extraction_rate,0.265625,10.0
uniform_high,32,R3,True,250,low_extraction_rate,0.284375,10.0
uniform_high,32,R3,True,300,low_extraction_rate,0.228125,10.0
uniform_high,32,R3,True,350,low_extraction_rate,0.24375,10.0
uniform_high,32,R3,True,400,low_extraction_rate,0.234375,10.0
uniform_high,32,R3,True,450,low_extraction_rate,0.1875,10.0
uniform_high,32,R3,True,500,low_extraction_rate,0.190625,10.0
uniform_high,32,R3,True,550,low_extraction_rate,0.1875,10.0
uniform_high,32,R3,True,600,low_extraction_rate,0.184375,10.0
uniform_high,32,R3,True,650,low_extraction_rate,0.196875,10.0
uniform_high,32,R3,True,700,low_extraction_rate,0.171875,10.0
uniform_high,32,R3,True,750,low_extraction_rate,0.184375,10.0
uniform_high,32,R3,True,800,low_extraction_rate,0.18125,10.0
uniform_high,32,R3,True,850,low_extraction_rate,0.159375,10.0
uniform_high,32,R3,True,900,low_extraction_rate,0.165625,10.0
uniform_high,32,R3,True,950,low_extraction_rate,0.171875,10.0
uniform_high,32,R3,True,1000,low_extraction_rate,0.171875,10.0
uniform_high,32,R3,True,1050,low_extraction_rate,0.15,10.0
uniform_high,32,R3,True,1100,low_extraction_rate,0.1625,10.0
uniform_high,32,R3,True,1150,low_extraction_rate,0.128125,10.0
uniform_high,32,R3,True,1200,low_extraction_rate,0.15625,10.0
uniform_high,32,R3,True,1250,low_extraction_rate,0.1375,10.0
uniform_high,32,R3,True,1300,low_extraction_rate,0.178125,10.0
uniform_high,32,R3,True,1350,low_extraction_rate,0.134375,10.0
uniform_high,32,R3,True,1400,low_extraction_rate,0.1375,10.0
uniform_high,32,R3,True,1450,low_extraction_rate,0.121875,10.0
uniform_high,32,R3,True,1500,low_extraction_rate,0.14375,10.0
uniform_high,32,R3,True,1550,low_extraction_rate,0.1375,10.0
uniform_high,32,R3,True,1600,low_extraction_rate,0.134375,10.0
uniform_high,32,R3,True,1650,low_extraction_rate,0.140625,10.0
uniform_high,32,R3,True,1700,low_extraction_rate,0.109375,10.0
uniform_high,32,R3,True,1750,low_extraction_rate,0.121875,10.0
uniform_high,32,R3,True,1800,low_extraction_rate,0.115625,10.0
uniform_high,32,R3,True,1850,low_extraction_rate,0.096875,10.0
uniform_high,32,R3,True,1900,low_extraction_rate,0.11875,10.0
uniform_high,32,R3,True,1950,low_extraction_rate,0.09375,10.0
uniform_high,32,R3,True,2000,low_extraction_rate,0.128125,10.0
uniform_high,32,R3,True,2050,low_extraction_rate,0.1125,10.0
uniform_high,32,R3,True,2100,low_extraction_rate,0.11875,10.0
uniform_high,32,R3,True,2150,low_extraction_rate,0.096875,10.0
uniform_high,32,R3,True,2200,low_extraction_rate,0.1125,10.0
uniform_high,32,R3,True,2250,low_extraction_rate,0.0875,10.0
uniform_high,32,R3,True,2300,low_extraction_rate,0.06875,10.0
uniform_high,32,R3,True,2350,low_extraction_rate,0.0875,10.0
uniform_high,32,R3,True,2400,low_extraction_rate,0.078125,10.0
uniform_high,32,R3,True,2450,low_extraction_rate,0.084375,10.0
uniform_high,32,R3,True,2500,low_extraction_rate,0.071875,10.0
uniform_high,32,R3,True,2550,low_extraction_rate,0.065625,10.0
uniform_high,32,R3,True,2600,low_extraction_rate,0.09375,10.0
uniform_high,32,R3,True,2650,low_extraction_rate,0.1,10.0
uniform_high,32,R3,True,2700,low_extraction_rate,0.115625,10.0
uniform_high,32,R3,True,2750,low_extraction_rate,0.075,10.0
uniform_high,32,R3,True,2800,low_extraction_rate,0.08125,10.0
uniform_high,32,R3,True,2850,low_extraction_rate,0.1125,10.0
uniform_high,32,R3,True,2900,low_extraction_rate,0.065625,10.0
uniform_high,32,R3,True,2950,low_extraction_rate,0.08125,10.0
uniform_high,32,R3,True,3000,low_extraction_rate,0.090625,10.0
uniform_high,32,R3,True,3050,low_extraction_rate,0.10625,10.0
uniform_high,32,R3,True,3100,low_extraction_rate,0.0875,10.0
uniform_high,32,R3,True,3150,low_extraction_rate,0.065625,10.0
uniform_high,32,R3,True,3200,low_extraction_rate,0.09375,10.0
uniform_high,32,R3,True,3250,low_extraction_rate,0.075,10.0
uniform_high,32,R3,True,3300,low_extraction_rate,0.075,10.0
uniform_high,32,R3,True,3350,low_extraction_rate,0.09375,10.0
uniform_high,32,R3,True,3400,low_extraction_rate,0.0875,10.0
uniform_high,32,R3,True,3450,low_extraction_rate,0.09375,10.0
uniform_high,32,R3,True,3500,low_extraction_rate,0.078125,10.0
uniform_high,32,R3,True,3550,low_extraction_rate,0.065625,10.0
uniform_high,32,R3,True,3600,low_extraction_rate,0.08125,10.0
uniform_high,32,R3,True,3650,low_extraction_rate,0.09375,10.0
uniform_high,32,R3,True,3700,low_extraction_rate,0.065625,10.0
uniform_high,32,R3,True,3750,low_extraction_rate,0.065625,10.0
uniform_high,32,R3,True,3800,low_extraction_rate,0.05625,10.0
uniform_high,32,R3,True,3850,low_extraction_rate,0.04375,10.0
uniform_high,32,R3,True,3900,low_extraction_rate,0.065625,10.0
uniform_high,32,R3,True,3950,low_extraction_rate,0.06875,10.0
uniform_high,32,R3,True,4000,low_extraction_rate,0.06875,10.0
uniform_high,32,R3,True,4050,low_extraction_rate,0.05625,10.0
uniform_high,32,R3,True,4100,low_extraction_rate,0.08125,10.0
uniform_high,32,R3,True,4150,low_extraction_rate,0.059375,10.0
uniform_high,32,R3,True,4200,low_extraction_rate,0.071875,10.0
uniform_high,32,R3,True,4250,low_extraction_rate,0.075,10.0
uniform_high,32,R3,True,4300,low_extraction_rate,0.09375,10.0
uniform_high,32,R3,True,4350,low_extraction_rate,0.084375,10.0
uniform_high,32,R3,True,4400,low_extraction_rate,0.059375,10.0
uniform_high,32,R3,True,4450,low_extraction_rate,0.06875,10.0
uniform_high,32,R3,True,4500,low_extraction_rate,0.065625,10.0
uniform_high,32,R3,True,4550,low_extraction_rate,0.0625,10.0
uniform_high,32,R3,True,4600,low_extraction_rate,0.078125,10.0
uniform_high,32,R3,True,4650,low_extraction_rate,0.05,10.0
uniform_high,32,R3,True,4700,low_extraction_rate,0.065625,10.0
uniform_high,32,R3,True,4750,low_extraction_rate,0.053125,10.0
uniform_high,32,R3,True,4800,low_extraction_rate,0.0625,10.0
uniform_high,32,R3,True,4850,low_extraction_rate,0.06875,10.0
uniform_high,32,R3,True,4900,low_extraction_rate,0.075,10.0
uniform_high,32,R3,True,4950,low_extraction_rate,0.053125,10.0
uniform_high,32,R3,True,5000,low_extraction_rate,0.075,10.0
patchy_high,32,R1,False,1,visibility_gini,0.249755859375,10.0
patchy_high,32,R1,False,50,visibility_gini,0.249072265625,10.0
patchy_high,32,R1,False,100,visibility_gini,0.249169921875,10.0
patchy_high,32,R1,False,150,visibility_gini,0.250048828125,10.0
patchy_high,32,R1,False,200,visibility_gini,0.249755859375,10.0
patchy_high,32,R1,False,250,visibility_gini,0.2517578125,10.0
patchy_high,32,R1,False,300,visibility_gini,0.251513671875,10.0
patchy_high,32,R1,False,350,visibility_gini,0.25126953125,10.0
patchy_high,32,R1,False,400,visibility_gini,0.25400390625,10.0
patchy_high,32,R1,False,450,visibility_gini,0.2556640625,10.0
patchy_high,32,R1,False,500,visibility_gini,0.258203125,10.0
patchy_high,32,R1,False,550,visibility_gini,0.258447265625,10.0
patchy_high,32,R1,False,600,visibility_gini,0.259326171875,10.0
patchy_high,32,R1,False,650,visibility_gini,0.259228515625,10.0
patchy_high,32,R1,False,700,visibility_gini,0.260986328125,10.0
patchy_high,32,R1,False,750,visibility_gini,0.263720703125,10.0
patchy_high,32,R1,False,800,visibility_gini,0.262841796875,10.0
patchy_high,32,R1,False,850,visibility_gini,0.269287109375,10.0
patchy_high,32,R1,False,900,visibility_gini,0.27177734375,10.0
patchy_high,32,R1,False,950,visibility_gini,0.273779296875,10.0
patchy_high,32,R1,False,1000,visibility_gini,0.27421875,10.0
patchy_high,32,R1,False,1050,visibility_gini,0.274609375,10.0
patchy_high,32,R1,False,1100,visibility_gini,0.273095703125,10.0
patchy_high,32,R1,False,1150,visibility_gini,0.271533203125,10.0
patchy_high,32,R1,False,1200,visibility_gini,0.272802734375,10.0
patchy_high,32,R1,False,1250,visibility_gini,0.272216796875,10.0
patchy_high,32,R1,False,1300,visibility_gini,0.273193359375,10.0
patchy_high,32,R1,False,1350,visibility_gini,0.27626953125,10.0
patchy_high,32,R1,False,1400,visibility_gini,0.279150390625,10.0
patchy_high,32,R1,False,1450,visibility_gini,0.281689453125,10.0
patchy_high,32,R1,False,1500,visibility_gini,0.2810546875,10.0
patchy_high,32,R1,False,1550,visibility_gini,0.280078125,10.0
patchy_high,32,R1,False,1600,visibility_gini,0.28251953125,10.0
patchy_high,32,R1,False,1650,visibility_gini,0.28115234375,10.0
patchy_high,32,R1,False,1700,visibility_gini,0.283056640625,10.0
patchy_high,32,R1,False,1750,visibility_gini,0.28642578125,10.0
patchy_high,32,R1,False,1800,visibility_gini,0.286083984375,10.0
patchy_high,32,R1,False,1850,visibility_gini,0.287109375,10.0
patchy_high,32,R1,False,1900,visibility_gini,0.288916015625,10.0
patchy_high,32,R1,False,1950,visibility_gini,0.289794921875,10.0
patchy_high,32,R1,False,2000,visibility_gini,0.289453125,10.0
patchy_high,32,R1,False,2050,visibility_gini,0.288818359375,10.0
patchy_high,32,R1,False,2100,visibility_gini,0.28974609375,10.0
patchy_high,32,R1,False,2150,visibility_gini,0.290185546875,10.0
patchy_high,32,R1,False,2200,visibility_gini,0.29130859375,10.0
patchy_high,32,R1,False,2250,visibility_gini,0.292529296875,10.0
patchy_high,32,R1,False,2300,visibility_gini,0.29365234375,10.0
patchy_high,32,R1,False,2350,visibility_gini,0.29404296875,10.0
patchy_high,32,R1,False,2400,visibility_gini,0.29404296875,10.0
patchy_high,32,R1,False,2450,visibility_gini,0.29462890625,10.0
patchy_high,32,R1,False,2500,visibility_gini,0.294287109375,10.0
patchy_high,32,R1,False,2550,visibility_gini,0.294287109375,10.0
patchy_high,32,R1,False,2600,visibility_gini,0.294287109375,10.0
patchy_high,32,R1,False,2650,visibility_gini,0.294287109375,10.0
patchy_high,32,R1,False,2700,visibility_gini,0.29384765625,10.0
patchy_high,32,R1,False,2750,visibility_gini,0.295654296875,10.0
patchy_high,32,R1,False,2800,visibility_gini,0.295947265625,10.0
patchy_high,32,R1,False,2850,visibility_gini,0.296337890625,10.0
patchy_high,32,R1,False,2900,visibility_gini,0.29794921875,10.0
patchy_high,32,R1,False,2950,visibility_gini,0.29794921875,10.0
patchy_high,32,R1,False,3000,visibility_gini,0.297265625,10.0
patchy_high,32,R1,False,3050,visibility_gini,0.299365234375,10.0
patchy_high,32,R1,False,3100,visibility_gini,0.299072265625,10.0
patchy_high,32,R1,False,3150,visibility_gini,0.300390625,10.0
patchy_high,32,R1,False,3200,visibility_gini,0.3029296875,10.0
patchy_high,32,R1,False,3250,visibility_gini,0.3029296875,10.0
patchy_high,32,R1,False,3300,visibility_gini,0.30263671875,10.0
patchy_high,32,R1,False,3350,visibility_gini,0.30263671875,10.0
patchy_high,32,R1,False,3400,visibility_gini,0.301611328125,10.0
patchy_high,32,R1,False,3450,visibility_gini,0.3009765625,10.0
patchy_high,32,R1,False,3500,visibility_gini,0.301025390625,10.0
patchy_high,32,R1,False,3550,visibility_gini,0.30322265625,10.0
patchy_high,32,R1,False,3600,visibility_gini,0.30322265625,10.0
patchy_high,32,R1,False,3650,visibility_gini,0.30341796875,10.0
patchy_high,32,R1,False,3700,visibility_gini,0.3033203125,10.0
patchy_high,32,R1,False,3750,visibility_gini,0.3033203125,10.0
patchy_high,32,R1,False,3800,visibility_gini,0.3033203125,10.0
patchy_high,32,R1,False,3850,visibility_gini,0.3033203125,10.0
patchy_high,32,R1,False,3900,visibility_gini,0.3041015625,10.0
patchy_high,32,R1,False,3950,visibility_gini,0.3041015625,10.0
patchy_high,32,R1,False,4000,visibility_gini,0.304736328125,10.0
patchy_high,32,R1,False,4050,visibility_gini,0.304541015625,10.0
patchy_high,32,R1,False,4100,visibility_gini,0.30478515625,10.0
patchy_high,32,R1,False,4150,visibility_gini,0.304541015625,10.0
patchy_high,32,R1,False,4200,visibility_gini,0.304541015625,10.0
patchy_high,32,R1,False,4250,visibility_gini,0.304541015625,10.0
patchy_high,32,R1,False,4300,visibility_gini,0.304833984375,10.0
patchy_high,32,R1,False,4350,visibility_gini,0.304736328125,10.0
patchy_high,32,R1,False,4400,visibility_gini,0.304736328125,10.0
patchy_high,32,R1,False,4450,visibility_gini,0.304736328125,10.0
patchy_high,32,R1,False,4500,visibility_gini,0.304736328125,10.0
patchy_high,32,R1,False,4550,visibility_gini,0.3052734375,10.0
patchy_high,32,R1,False,4600,visibility_gini,0.305419921875,10.0
patchy_high,32,R1,False,4650,visibility_gini,0.305419921875,10.0
patchy_high,32,R1,False,4700,visibility_gini,0.305419921875,10.0
patchy_high,32,R1,False,4750,visibility_gini,0.305419921875,10.0
patchy_high,32,R1,False,4800,visibility_gini,0.305419921875,10.0
patchy_high,32,R1,False,4850,visibility_gini,0.305419921875,10.0
patchy_high,32,R1,False,4900,visibility_gini,0.305419921875,10.0
patchy_high,32,R1,False,4950,visibility_gini,0.305419921875,10.0
patchy_high,32,R1,False,5000,visibility_gini,0.30556640625,10.0
patchy_high,32,R1,False,1,low_extraction_rate,0.50625,10.0
patchy_high,32,R1,False,50,low_extraction_rate,0.365625,10.0
patchy_high,32,R1,False,100,low_extraction_rate,0.334375,10.0
patchy_high,32,R1,False,150,low_extraction_rate,0.334375,10.0
patchy_high,32,R1,False,200,low_extraction_rate,0.315625,10.0
patchy_high,32,R1,False,250,low_extraction_rate,0.2625,10.0
patchy_high,32,R1,False,300,low_extraction_rate,0.20625,10.0
patchy_high,32,R1,False,350,low_extraction_rate,0.24375,10.0
patchy_high,32,R1,False,400,low_extraction_rate,0.25,10.0
patchy_high,32,R1,False,450,low_extraction_rate,0.2375,10.0
patchy_high,32,R1,False,500,low_extraction_rate,0.209375,10.0
patchy_high,32,R1,False,550,low_extraction_rate,0.221875,10.0
patchy_high,32,R1,False,600,low_extraction_rate,0.246875,10.0
patchy_high,32,R1,False,650,low_extraction_rate,0.240625,10.0
patchy_high,32,R1,False,700,low_extraction_rate,0.21875,10.0
patchy_high,32,R1,False,750,low_extraction_rate,0.21875,10.0
patchy_high,32,R1,False,800,low_extraction_rate,0.203125,10.0
patchy_high,32,R1,False,850,low_extraction_rate,0.178125,10.0
patchy_high,32,R1,False,900,low_extraction_rate,0.1625,10.0
patchy_high,32,R1,False,950,low_extraction_rate,0.184375,10.0
patchy_high,32,R1,False,1000,low_extraction_rate,0.146875,10.0
patchy_high,32,R1,False,1050,low_extraction_rate,0.15,10.0
patchy_high,32,R1,False,1100,low_extraction_rate,0.140625,10.0
patchy_high,32,R1,False,1150,low_extraction_rate,0.146875,10.0
patchy_high,32,R1,False,1200,low_extraction_rate,0.178125,10.0
patchy_high,32,R1,False,1250,low_extraction_rate,0.175,10.0
patchy_high,32,R1,False,1300,low_extraction_rate,0.18125,10.0
patchy_high,32,R1,False,1350,low_extraction_rate,0.171875,10.0
patchy_high,32,R1,False,1400,low_extraction_rate,0.140625,10.0
patchy_high,32,R1,False,1450,low_extraction_rate,0.171875,10.0
patchy_high,32,R1,False,1500,low_extraction_rate,0.153125,10.0
patchy_high,32,R1,False,1550,low_extraction_rate,0.1375,10.0
patchy_high,32,R1,False,1600,low_extraction_rate,0.18125,10.0
patchy_high,32,R1,False,1650,low_extraction_rate,0.128125,10.0
patchy_high,32,R1,False,1700,low_extraction_rate,0.115625,10.0
patchy_high,32,R1,False,1750,low_extraction_rate,0.140625,10.0
patchy_high,32,R1,False,1800,low_extraction_rate,0.109375,10.0
patchy_high,32,R1,False,1850,low_extraction_rate,0.10625,10.0
patchy_high,32,R1,False,1900,low_extraction_rate,0.115625,10.0
patchy_high,32,R1,False,1950,low_extraction_rate,0.1,10.0
patchy_high,32,R1,False,2000,low_extraction_rate,0.096875,10.0
patchy_high,32,R1,False,2050,low_extraction_rate,0.084375,10.0
patchy_high,32,R1,False,2100,low_extraction_rate,0.090625,10.0
patchy_high,32,R1,False,2150,low_extraction_rate,0.11875,10.0
patchy_high,32,R1,False,2200,low_extraction_rate,0.128125,10.0
patchy_high,32,R1,False,2250,low_extraction_rate,0.1125,10.0
patchy_high,32,R1,False,2300,low_extraction_rate,0.115625,10.0
patchy_high,32,R1,False,2350,low_extraction_rate,0.109375,10.0
patchy_high,32,R1,False,2400,low_extraction_rate,0.109375,10.0
patchy_high,32,R1,False,2450,low_extraction_rate,0.096875,10.0
patchy_high,32,R1,False,2500,low_extraction_rate,0.10625,10.0
patchy_high,32,R1,False,2550,low_extraction_rate,0.103125,10.0
patchy_high,32,R1,False,2600,low_extraction_rate,0.09375,10.0
patchy_high,32,R1,False,2650,low_extraction_rate,0.09375,10.0
patchy_high,32,R1,False,2700,low_extraction_rate,0.1,10.0
patchy_high,32,R1,False,2750,low_extraction_rate,0.071875,10.0
patchy_high,32,R1,False,2800,low_extraction_rate,0.096875,10.0
patchy_high,32,R1,False,2850,low_extraction_rate,0.11875,10.0
patchy_high,32,R1,False,2900,low_extraction_rate,0.090625,10.0
patchy_high,32,R1,False,2950,low_extraction_rate,0.06875,10.0
patchy_high,32,R1,False,3000,low_extraction_rate,0.1125,10.0
patchy_high,32,R1,False,3050,low_extraction_rate,0.096875,10.0
patchy_high,32,R1,False,3100,low_extraction_rate,0.090625,10.0
patchy_high,32,R1,False,3150,low_extraction_rate,0.065625,10.0
patchy_high,32,R1,False,3200,low_extraction_rate,0.11875,10.0
patchy_high,32,R1,False,3250,low_extraction_rate,0.075,10.0
patchy_high,32,R1,False,3300,low_extraction_rate,0.084375,10.0
patchy_high,32,R1,False,3350,low_extraction_rate,0.084375,10.0
patchy_high,32,R1,False,3400,low_extraction_rate,0.109375,10.0
patchy_high,32,R1,False,3450,low_extraction_rate,0.1,10.0
patchy_high,32,R1,False,3500,low_extraction_rate,0.096875,10.0
patchy_high,32,R1,False,3550,low_extraction_rate,0.08125,10.0
patchy_high,32,R1,False,3600,low_extraction_rate,0.090625,10.0
patchy_high,32,R1,False,3650,low_extraction_rate,0.109375,10.0
patchy_high,32,R1,False,3700,low_extraction_rate,0.0875,10.0
patchy_high,32,R1,False,3750,low_extraction_rate,0.090625,10.0
patchy_high,32,R1,False,3800,low_extraction_rate,0.065625,10.0
patchy_high,32,R1,False,3850,low_extraction_rate,0.075,10.0
patchy_high,32,R1,False,3900,low_extraction_rate,0.075,10.0
patchy_high,32,R1,False,3950,low_extraction_rate,0.071875,10.0
patchy_high,32,R1,False,4000,low_extraction_rate,0.065625,10.0
patchy_high,32,R1,False,4050,low_extraction_rate,0.06875,10.0
patchy_high,32,R1,False,4100,low_extraction_rate,0.071875,10.0
patchy_high,32,R1,False,4150,low_extraction_rate,0.071875,10.0
patchy_high,32,R1,False,4200,low_extraction_rate,0.06875,10.0
patchy_high,32,R1,False,4250,low_extraction_rate,0.075,10.0
patchy_high,32,R1,False,4300,low_extraction_rate,0.08125,10.0
patchy_high,32,R1,False,4350,low_extraction_rate,0.065625,10.0
patchy_high,32,R1,False,4400,low_extraction_rate,0.053125,10.0
patchy_high,32,R1,False,4450,low_extraction_rate,0.084375,10.0
patchy_high,32,R1,False,4500,low_extraction_rate,0.08125,10.0
patchy_high,32,R1,False,4550,low_extraction_rate,0.071875,10.0
patchy_high,32,R1,False,4600,low_extraction_rate,0.05,10.0
patchy_high,32,R1,False,4650,low_extraction_rate,0.071875,10.0
patchy_high,32,R1,False,4700,low_extraction_rate,0.0625,10.0
patchy_high,32,R1,False,4750,low_extraction_rate,0.05625,10.0
patchy_high,32,R1,False,4800,low_extraction_rate,0.05,10.0
patchy_high,32,R1,False,4850,low_extraction_rate,0.0625,10.0
patchy_high,32,R1,False,4900,low_extraction_rate,0.065625,10.0
patchy_high,32,R1,False,4950,low_extraction_rate,0.065625,10.0
patchy_high,32,R1,False,5000,low_extraction_rate,0.05,10.0
patchy_high,32,R1,True,1,visibility_gini,0.249755859375,10.0
patchy_high,32,R1,True,50,visibility_gini,0.251611328125,10.0
patchy_high,32,R1,True,100,visibility_gini,0.251806640625,10.0
patchy_high,32,R1,True,150,visibility_gini,0.253125,10.0
patchy_high,32,R1,True,200,visibility_gini,0.256689453125,10.0
patchy_high,32,R1,True,250,visibility_gini,0.25673828125,10.0
patchy_high,32,R1,True,300,visibility_gini,0.256982421875,10.0
patchy_high,32,R1,True,350,visibility_gini,0.25615234375,10.0
patchy_high,32,R1,True,400,visibility_gini,0.255615234375,10.0
patchy_high,32,R1,True,450,visibility_gini,0.2587890625,10.0
patchy_high,32,R1,True,500,visibility_gini,0.260888671875,10.0
patchy_high,32,R1,True,550,visibility_gini,0.25947265625,10.0
patchy_high,32,R1,True,600,visibility_gini,0.260400390625,10.0
patchy_high,32,R1,True,650,visibility_gini,0.259912109375,10.0
patchy_high,32,R1,True,700,visibility_gini,0.26240234375,10.0
patchy_high,32,R1,True,750,visibility_gini,0.26552734375,10.0
patchy_high,32,R1,True,800,visibility_gini,0.265234375,10.0
patchy_high,32,R1,True,850,visibility_gini,0.267431640625,10.0
patchy_high,32,R1,True,900,visibility_gini,0.266650390625,10.0
patchy_high,32,R1,True,950,visibility_gini,0.269873046875,10.0
patchy_high,32,R1,True,1000,visibility_gini,0.270068359375,10.0
patchy_high,32,R1,True,1050,visibility_gini,0.267724609375,10.0
patchy_high,32,R1,True,1100,visibility_gini,0.267822265625,10.0
patchy_high,32,R1,True,1150,visibility_gini,0.267578125,10.0
patchy_high,32,R1,True,1200,visibility_gini,0.2666015625,10.0
patchy_high,32,R1,True,1250,visibility_gini,0.26826171875,10.0
patchy_high,32,R1,True,1300,visibility_gini,0.26767578125,10.0
patchy_high,32,R1,True,1350,visibility_gini,0.269140625,10.0
patchy_high,32,R1,True,1400,visibility_gini,0.27001953125,10.0
patchy_high,32,R1,True,1450,visibility_gini,0.27119140625,10.0
patchy_high,32,R1,True,1500,visibility_gini,0.271826171875,10.0
patchy_high,32,R1,True,1550,visibility_gini,0.270849609375,10.0
patchy_high,32,R1,True,1600,visibility_gini,0.271875,10.0
patchy_high,32,R1,True,1650,visibility_gini,0.273388671875,10.0
patchy_high,32,R1,True,1700,visibility_gini,0.2734375,10.0
patchy_high,32,R1,True,1750,visibility_gini,0.274560546875,10.0
patchy_high,32,R1,True,1800,visibility_gini,0.275341796875,10.0
patchy_high,32,R1,True,1850,visibility_gini,0.27548828125,10.0
patchy_high,32,R1,True,1900,visibility_gini,0.27548828125,10.0
patchy_high,32,R1,True,1950,visibility_gini,0.276025390625,10.0
patchy_high,32,R1,True,2000,visibility_gini,0.27626953125,10.0
patchy_high,32,R1,True,2050,visibility_gini,0.277880859375,10.0
patchy_high,32,R1,True,2100,visibility_gini,0.27958984375,10.0
patchy_high,32,R1,True,2150,visibility_gini,0.280712890625,10.0
patchy_high,32,R1,True,2200,visibility_gini,0.28349609375,10.0
patchy_high,32,R1,True,2250,visibility_gini,0.2837890625,10.0
patchy_high,32,R1,True,2300,visibility_gini,0.285107421875,10.0
patchy_high,32,R1,True,2350,visibility_gini,0.284765625,10.0
patchy_high,32,R1,True,2400,visibility_gini,0.2845703125,10.0
patchy_high,32,R1,True,2450,visibility_gini,0.2849609375,10.0
patchy_high,32,R1,True,2500,visibility_gini,0.283447265625,10.0
patchy_high,32,R1,True,2550,visibility_gini,0.283447265625,10.0
patchy_high,32,R1,True,2600,visibility_gini,0.283447265625,10.0
patchy_high,32,R1,True,2650,visibility_gini,0.283447265625,10.0
patchy_high,32,R1,True,2700,visibility_gini,0.28310546875,10.0
patchy_high,32,R1,True,2750,visibility_gini,0.28388671875,10.0
patchy_high,32,R1,True,2800,visibility_gini,0.28388671875,10.0
patchy_high,32,R1,True,2850,visibility_gini,0.285986328125,10.0
patchy_high,32,R1,True,2900,visibility_gini,0.2865234375,10.0
patchy_high,32,R1,True,2950,visibility_gini,0.2865234375,10.0
patchy_high,32,R1,True,3000,visibility_gini,0.287255859375,10.0
patchy_high,32,R1,True,3050,visibility_gini,0.287841796875,10.0
patchy_high,32,R1,True,3100,visibility_gini,0.287744140625,10.0
patchy_high,32,R1,True,3150,visibility_gini,0.289990234375,10.0
patchy_high,32,R1,True,3200,visibility_gini,0.288330078125,10.0
patchy_high,32,R1,True,3250,visibility_gini,0.288330078125,10.0
patchy_high,32,R1,True,3300,visibility_gini,0.28935546875,10.0
patchy_high,32,R1,True,3350,visibility_gini,0.28935546875,10.0
patchy_high,32,R1,True,3400,visibility_gini,0.289990234375,10.0
patchy_high,32,R1,True,3450,visibility_gini,0.29072265625,10.0
patchy_high,32,R1,True,3500,visibility_gini,0.29072265625,10.0
patchy_high,32,R1,True,3550,visibility_gini,0.29072265625,10.0
patchy_high,32,R1,True,3600,visibility_gini,0.29072265625,10.0
patchy_high,32,R1,True,3650,visibility_gini,0.291845703125,10.0
patchy_high,32,R1,True,3700,visibility_gini,0.292578125,10.0
patchy_high,32,R1,True,3750,visibility_gini,0.292578125,10.0
patchy_high,32,R1,True,3800,visibility_gini,0.292578125,10.0
patchy_high,32,R1,True,3850,visibility_gini,0.292578125,10.0
patchy_high,32,R1,True,3900,visibility_gini,0.29287109375,10.0
patchy_high,32,R1,True,3950,visibility_gini,0.29287109375,10.0
patchy_high,32,R1,True,4000,visibility_gini,0.29287109375,10.0
patchy_high,32,R1,True,4050,visibility_gini,0.293505859375,10.0
patchy_high,32,R1,True,4100,visibility_gini,0.29287109375,10.0
patchy_high,32,R1,True,4150,visibility_gini,0.293212890625,10.0
patchy_high,32,R1,True,4200,visibility_gini,0.293212890625,10.0
patchy_high,32,R1,True,4250,visibility_gini,0.293212890625,10.0
patchy_high,32,R1,True,4300,visibility_gini,0.2935546875,10.0
patchy_high,32,R1,True,4350,visibility_gini,0.294091796875,10.0
patchy_high,32,R1,True,4400,visibility_gini,0.294091796875,10.0
patchy_high,32,R1,True,4450,visibility_gini,0.294091796875,10.0
patchy_high,32,R1,True,4500,visibility_gini,0.294091796875,10.0
patchy_high,32,R1,True,4550,visibility_gini,0.294384765625,10.0
patchy_high,32,R1,True,4600,visibility_gini,0.294580078125,10.0
patchy_high,32,R1,True,4650,visibility_gini,0.294580078125,10.0
patchy_high,32,R1,True,4700,visibility_gini,0.294580078125,10.0
patchy_high,32,R1,True,4750,visibility_gini,0.294580078125,10.0
patchy_high,32,R1,True,4800,visibility_gini,0.2943359375,10.0
patchy_high,32,R1,True,4850,visibility_gini,0.29423828125,10.0
patchy_high,32,R1,True,4900,visibility_gini,0.29423828125,10.0
patchy_high,32,R1,True,4950,visibility_gini,0.29521484375,10.0
patchy_high,32,R1,True,5000,visibility_gini,0.295654296875,10.0
patchy_high,32,R1,True,1,low_extraction_rate,0.50625,10.0
patchy_high,32,R1,True,50,low_extraction_rate,0.365625,10.0
patchy_high,32,R1,True,100,low_extraction_rate,0.33125,10.0
patchy_high,32,R1,True,150,low_extraction_rate,0.340625,10.0
patchy_high,32,R1,True,200,low_extraction_rate,0.309375,10.0
patchy_high,32,R1,True,250,low_extraction_rate,0.240625,10.0
patchy_high,32,R1,True,300,low_extraction_rate,0.178125,10.0
patchy_high,32,R1,True,350,low_extraction_rate,0.221875,10.0
patchy_high,32,R1,True,400,low_extraction_rate,0.24375,10.0
patchy_high,32,R1,True,450,low_extraction_rate,0.234375,10.0
patchy_high,32,R1,True,500,low_extraction_rate,0.2125,10.0
patchy_high,32,R1,True,550,low_extraction_rate,0.1875,10.0
patchy_high,32,R1,True,600,low_extraction_rate,0.21875,10.0
patchy_high,32,R1,True,650,low_extraction_rate,0.221875,10.0
patchy_high,32,R1,True,700,low_extraction_rate,0.228125,10.0
patchy_high,32,R1,True,750,low_extraction_rate,0.2,10.0
patchy_high,32,R1,True,800,low_extraction_rate,0.175,10.0
patchy_high,32,R1,True,850,low_extraction_rate,0.19375,10.0
patchy_high,32,R1,True,900,low_extraction_rate,0.196875,10.0
patchy_high,32,R1,True,950,low_extraction_rate,0.209375,10.0
patchy_high,32,R1,True,1000,low_extraction_rate,0.165625,10.0
patchy_high,32,R1,True,1050,low_extraction_rate,0.140625,10.0
patchy_high,32,R1,True,1100,low_extraction_rate,0.159375,10.0
patchy_high,32,R1,True,1150,low_extraction_rate,0.171875,10.0
patchy_high,32,R1,True,1200,low_extraction_rate,0.15625,10.0
patchy_high,32,R1,True,1250,low_extraction_rate,0.18125,10.0
patchy_high,32,R1,True,1300,low_extraction_rate,0.159375,10.0
patchy_high,32,R1,True,1350,low_extraction_rate,0.153125,10.0
patchy_high,32,R1,True,1400,low_extraction_rate,0.125,10.0
patchy_high,32,R1,True,1450,low_extraction_rate,0.1375,10.0
patchy_high,32,R1,True,1500,low_extraction_rate,0.18125,10.0
patchy_high,32,R1,True,1550,low_extraction_rate,0.13125,10.0
patchy_high,32,R1,True,1600,low_extraction_rate,0.1625,10.0
patchy_high,32,R1,True,1650,low_extraction_rate,0.146875,10.0
patchy_high,32,R1,True,1700,low_extraction_rate,0.14375,10.0
patchy_high,32,R1,True,1750,low_extraction_rate,0.13125,10.0
patchy_high,32,R1,True,1800,low_extraction_rate,0.090625,10.0
patchy_high,32,R1,True,1850,low_extraction_rate,0.134375,10.0
patchy_high,32,R1,True,1900,low_extraction_rate,0.121875,10.0
patchy_high,32,R1,True,1950,low_extraction_rate,0.115625,10.0
patchy_high,32,R1,True,2000,low_extraction_rate,0.103125,10.0
patchy_high,32,R1,True,2050,low_extraction_rate,0.1125,10.0
patchy_high,32,R1,True,2100,low_extraction_rate,0.109375,10.0
patchy_high,32,R1,True,2150,low_extraction_rate,0.10625,10.0
patchy_high,32,R1,True,2200,low_extraction_rate,0.134375,10.0
patchy_high,32,R1,True,2250,low_extraction_rate,0.09375,10.0
patchy_high,32,R1,True,2300,low_extraction_rate,0.096875,10.0
patchy_high,32,R1,True,2350,low_extraction_rate,0.1125,10.0
patchy_high,32,R1,True,2400,low_extraction_rate,0.109375,10.0
patchy_high,32,R1,True,2450,low_extraction_rate,0.090625,10.0
patchy_high,32,R1,True,2500,low_extraction_rate,0.090625,10.0
patchy_high,32,R1,True,2550,low_extraction_rate,0.090625,10.0
patchy_high,32,R1,True,2600,low_extraction_rate,0.090625,10.0
patchy_high,32,R1,True,2650,low_extraction_rate,0.103125,10.0
patchy_high,32,R1,True,2700,low_extraction_rate,0.090625,10.0
patchy_high,32,R1,True,2750,low_extraction_rate,0.084375,10.0
patchy_high,32,R1,True,2800,low_extraction_rate,0.0875,10.0
patchy_high,32,R1,True,2850,low_extraction_rate,0.10625,10.0
patchy_high,32,R1,True,2900,low_extraction_rate,0.11875,10.0
patchy_high,32,R1,True,2950,low_extraction_rate,0.08125,10.0
patchy_high,32,R1,True,3000,low_extraction_rate,0.090625,10.0
patchy_high,32,R1,True,3050,low_extraction_rate,0.1,10.0
patchy_high,32,R1,True,3100,low_extraction_rate,0.0875,10.0
patchy_high,32,R1,True,3150,low_extraction_rate,0.09375,10.0
patchy_high,32,R1,True,3200,low_extraction_rate,0.075,10.0
patchy_high,32,R1,True,3250,low_extraction_rate,0.090625,10.0
patchy_high,32,R1,True,3300,low_extraction_rate,0.06875,10.0
patchy_high,32,R1,True,3350,low_extraction_rate,0.084375,10.0
patchy_high,32,R1,True,3400,low_extraction_rate,0.096875,10.0
patchy_high,32,R1,True,3450,low_extraction_rate,0.084375,10.0
patchy_high,32,R1,True,3500,low_extraction_rate,0.084375,10.0
patchy_high,32,R1,True,3550,low_extraction_rate,0.084375,10.0
patchy_high,32,R1,True,3600,low_extraction_rate,0.078125,10.0
patchy_high,32,R1,True,3650,low_extraction_rate,0.1125,10.0
patchy_high,32,R1,True,3700,low_extraction_rate,0.08125,10.0
patchy_high,32,R1,True,3750,low_extraction_rate,0.078125,10.0
patchy_high,32,R1,True,3800,low_extraction_rate,0.084375,10.0
patchy_high,32,R1,True,3850,low_extraction_rate,0.065625,10.0
patchy_high,32,R1,True,3900,low_extraction_rate,0.065625,10.0
patchy_high,32,R1,True,3950,low_extraction_rate,0.0875,10.0
patchy_high,32,R1,True,4000,low_extraction_rate,0.08125,10.0
patchy_high,32,R1,True,4050,low_extraction_rate,0.071875,10.0
patchy_high,32,R1,True,4100,low_extraction_rate,0.0625,10.0
patchy_high,32,R1,True,4150,low_extraction_rate,0.08125,10.0
patchy_high,32,R1,True,4200,low_extraction_rate,0.078125,10.0
patchy_high,32,R1,True,4250,low_extraction_rate,0.075,10.0
patchy_high,32,R1,True,4300,low_extraction_rate,0.09375,10.0
patchy_high,32,R1,True,4350,low_extraction_rate,0.078125,10.0
patchy_high,32,R1,True,4400,low_extraction_rate,0.053125,10.0
patchy_high,32,R1,True,4450,low_extraction_rate,0.065625,10.0
patchy_high,32,R1,True,4500,low_extraction_rate,0.06875,10.0
patchy_high,32,R1,True,4550,low_extraction_rate,0.1,10.0
patchy_high,32,R1,True,4600,low_extraction_rate,0.06875,10.0
patchy_high,32,R1,True,4650,low_extraction_rate,0.075,10.0
patchy_high,32,R1,True,4700,low_extraction_rate,0.0875,10.0
patchy_high,32,R1,True,4750,low_extraction_rate,0.071875,10.0
patchy_high,32,R1,True,4800,low_extraction_rate,0.046875,10.0
patchy_high,32,R1,True,4850,low_extraction_rate,0.071875,10.0
patchy_high,32,R1,True,4900,low_extraction_rate,0.059375,10.0
patchy_high,32,R1,True,4950,low_extraction_rate,0.071875,10.0
patchy_high,32,R1,True,5000,low_extraction_rate,0.078125,10.0
patchy_high,32,R2,False,1,visibility_gini,0.249755859375,10.0
patchy_high,32,R2,False,50,visibility_gini,0.24873046875,10.0
patchy_high,32,R2,False,100,visibility_gini,0.247412109375,10.0
patchy_high,32,R2,False,150,visibility_gini,0.248291015625,10.0
patchy_high,32,R2,False,200,visibility_gini,0.2478515625,10.0
patchy_high,32,R2,False,250,visibility_gini,0.248974609375,10.0
patchy_high,32,R2,False,300,visibility_gini,0.24853515625,10.0
patchy_high,32,R2,False,350,visibility_gini,0.2486328125,10.0
patchy_high,32,R2,False,400,visibility_gini,0.2498046875,10.0
patchy_high,32,R2,False,450,visibility_gini,0.252978515625,10.0
patchy_high,32,R2,False,500,visibility_gini,0.2552734375,10.0
patchy_high,32,R2,False,550,visibility_gini,0.256982421875,10.0
patchy_high,32,R2,False,600,visibility_gini,0.2544921875,10.0
patchy_high,32,R2,False,650,visibility_gini,0.254931640625,10.0
patchy_high,32,R2,False,700,visibility_gini,0.25751953125,10.0
patchy_high,32,R2,False,750,visibility_gini,0.2619140625,10.0
patchy_high,32,R2,False,800,visibility_gini,0.263525390625,10.0
patchy_high,32,R2,False,850,visibility_gini,0.265283203125,10.0
patchy_high,32,R2,False,900,visibility_gini,0.269287109375,10.0
patchy_high,32,R2,False,950,visibility_gini,0.270263671875,10.0
patchy_high,32,R2,False,1000,visibility_gini,0.272412109375,10.0
patchy_high,32,R2,False,1050,visibility_gini,0.2708984375,10.0
patchy_high,32,R2,False,1100,visibility_gini,0.270849609375,10.0
patchy_high,32,R2,False,1150,visibility_gini,0.269970703125,10.0
patchy_high,32,R2,False,1200,visibility_gini,0.268505859375,10.0
patchy_high,32,R2,False,1250,visibility_gini,0.2724609375,10.0
patchy_high,32,R2,False,1300,visibility_gini,0.27470703125,10.0
patchy_high,32,R2,False,1350,visibility_gini,0.275537109375,10.0
patchy_high,32,R2,False,1400,visibility_gini,0.276806640625,10.0
patchy_high,32,R2,False,1450,visibility_gini,0.27666015625,10.0
patchy_high,32,R2,False,1500,visibility_gini,0.278857421875,10.0
patchy_high,32,R2,False,1550,visibility_gini,0.2806640625,10.0
patchy_high,32,R2,False,1600,visibility_gini,0.281103515625,10.0
patchy_high,32,R2,False,1650,visibility_gini,0.28076171875,10.0
patchy_high,32,R2,False,1700,visibility_gini,0.281494140625,10.0
patchy_high,32,R2,False,1750,visibility_gini,0.282373046875,10.0
patchy_high,32,R2,False,1800,visibility_gini,0.2853515625,10.0
patchy_high,32,R2,False,1850,visibility_gini,0.285205078125,10.0
patchy_high,32,R2,False,1900,visibility_gini,0.285205078125,10.0
patchy_high,32,R2,False,1950,visibility_gini,0.284326171875,10.0
patchy_high,32,R2,False,2000,visibility_gini,0.282373046875,10.0
patchy_high,32,R2,False,2050,visibility_gini,0.28271484375,10.0
patchy_high,32,R2,False,2100,visibility_gini,0.28271484375,10.0
patchy_high,32,R2,False,2150,visibility_gini,0.28271484375,10.0
patchy_high,32,R2,False,2200,visibility_gini,0.282958984375,10.0
patchy_high,32,R2,False,2250,visibility_gini,0.284130859375,10.0
patchy_high,32,R2,False,2300,visibility_gini,0.286669921875,10.0
patchy_high,32,R2,False,2350,visibility_gini,0.287158203125,10.0
patchy_high,32,R2,False,2400,visibility_gini,0.288671875,10.0
patchy_high,32,R2,False,2450,visibility_gini,0.288134765625,10.0
patchy_high,32,R2,False,2500,visibility_gini,0.287255859375,10.0
patchy_high,32,R2,False,2550,visibility_gini,0.288330078125,10.0
patchy_high,32,R2,False,2600,visibility_gini,0.288720703125,10.0
patchy_high,32,R2,False,2650,visibility_gini,0.289990234375,10.0
patchy_high,32,R2,False,2700,visibility_gini,0.29208984375,10.0
patchy_high,32,R2,False,2750,visibility_gini,0.291845703125,10.0
patchy_high,32,R2,False,2800,visibility_gini,0.291845703125,10.0
patchy_high,32,R2,False,2850,visibility_gini,0.29169921875,10.0
patchy_high,32,R2,False,2900,visibility_gini,0.29140625,10.0
patchy_high,32,R2,False,2950,visibility_gini,0.292333984375,10.0
patchy_high,32,R2,False,3000,visibility_gini,0.292578125,10.0
patchy_high,32,R2,False,3050,visibility_gini,0.291845703125,10.0
patchy_high,32,R2,False,3100,visibility_gini,0.291455078125,10.0
patchy_high,32,R2,False,3150,visibility_gini,0.29111328125,10.0
patchy_high,32,R2,False,3200,visibility_gini,0.29228515625,10.0
patchy_high,32,R2,False,3250,visibility_gini,0.29228515625,10.0
patchy_high,32,R2,False,3300,visibility_gini,0.292578125,10.0
patchy_high,32,R2,False,3350,visibility_gini,0.291796875,10.0
patchy_high,32,R2,False,3400,visibility_gini,0.29130859375,10.0
patchy_high,32,R2,False,3450,visibility_gini,0.29072265625,10.0
patchy_high,32,R2,False,3500,visibility_gini,0.29072265625,10.0
patchy_high,32,R2,False,3550,visibility_gini,0.289404296875,10.0
patchy_high,32,R2,False,3600,visibility_gini,0.289404296875,10.0
patchy_high,32,R2,False,3650,visibility_gini,0.289404296875,10.0
patchy_high,32,R2,False,3700,visibility_gini,0.28974609375,10.0
patchy_high,32,R2,False,3750,visibility_gini,0.28974609375,10.0
patchy_high,32,R2,False,3800,visibility_gini,0.289453125,10.0
patchy_high,32,R2,False,3850,visibility_gini,0.289794921875,10.0
patchy_high,32,R2,False,3900,visibility_gini,0.289794921875,10.0
patchy_high,32,R2,False,3950,visibility_gini,0.289794921875,10.0
patchy_high,32,R2,False,4000,visibility_gini,0.289794921875,10.0
patchy_high,32,R2,False,4050,visibility_gini,0.29033203125,10.0
patchy_high,32,R2,False,4100,visibility_gini,0.29091796875,10.0
patchy_high,32,R2,False,4150,visibility_gini,0.290625,10.0
patchy_high,32,R2,False,4200,visibility_gini,0.290625,10.0
patchy_high,32,R2,False,4250,visibility_gini,0.290234375,10.0
patchy_high,32,R2,False,4300,visibility_gini,0.290185546875,10.0
patchy_high,32,R2,False,4350,visibility_gini,0.290185546875,10.0
patchy_high,32,R2,False,4400,visibility_gini,0.288330078125,10.0
patchy_high,32,R2,False,4450,visibility_gini,0.288330078125,10.0
patchy_high,32,R2,False,4500,visibility_gini,0.288330078125,10.0
patchy_high,32,R2,False,4550,visibility_gini,0.288330078125,10.0
patchy_high,32,R2,False,4600,visibility_gini,0.28779296875,10.0
patchy_high,32,R2,False,4650,visibility_gini,0.28828125,10.0
patchy_high,32,R2,False,4700,visibility_gini,0.287744140625,10.0
patchy_high,32,R2,False,4750,visibility_gini,0.2875,10.0
patchy_high,32,R2,False,4800,visibility_gini,0.287158203125,10.0
patchy_high,32,R2,False,4850,visibility_gini,0.28818359375,10.0
patchy_high,32,R2,False,4900,visibility_gini,0.28701171875,10.0
patchy_high,32,R2,False,4950,visibility_gini,0.287939453125,10.0
patchy_high,32,R2,False,5000,visibility_gini,0.2880859375,10.0
patchy_high,32,R2,False,1,low_extraction_rate,0.50625,10.0
patchy_high,32,R2,False,50,low_extraction_rate,0.365625,10.0
patchy_high,32,R2,False,100,low_extraction_rate,0.334375,10.0
patchy_high,32,R2,False,150,low_extraction_rate,0.34375,10.0
patchy_high,32,R2,False,200,low_extraction_rate,0.30625,10.0
patchy_high,32,R2,False,250,low_extraction_rate,0.26875,10.0
patchy_high,32,R2,False,300,low_extraction_rate,0.221875,10.0
patchy_high,32,R2,False,350,low_extraction_rate,0.259375,10.0
patchy_high,32,R2,False,400,low_extraction_rate,0.253125,10.0
patchy_high,32,R2,False,450,low_extraction_rate,0.240625,10.0
patchy_high,32,R2,False,500,low_extraction_rate,0.190625,10.0
patchy_high,32,R2,False,550,low_extraction_rate,0.20625,10.0
patchy_high,32,R2,False,600,low_extraction_rate,0.221875,10.0
patchy_high,32,R2,False,650,low_extraction_rate,0.2,10.0
patchy_high,32,R2,False,700,low_extraction_rate,0.225,10.0
patchy_high,32,R2,False,750,low_extraction_rate,0.23125,10.0
patchy_high,32,R2,False,800,low_extraction_rate,0.20625,10.0
patchy_high,32,R2,False,850,low_extraction_rate,0.171875,10.0
patchy_high,32,R2,False,900,low_extraction_rate,0.23125,10.0
patchy_high,32,R2,False,950,low_extraction_rate,0.175,10.0
patchy_high,32,R2,False,1000,low_extraction_rate,0.18125,10.0
patchy_high,32,R2,False,1050,low_extraction_rate,0.184375,10.0
patchy_high,32,R2,False,1100,low_extraction_rate,0.18125,10.0
patchy_high,32,R2,False,1150,low_extraction_rate,0.18125,10.0
patchy_high,32,R2,False,1200,low_extraction_rate,0.171875,10.0
patchy_high,32,R2,False,1250,low_extraction_rate,0.2,10.0
patchy_high,32,R2,False,1300,low_extraction_rate,0.18125,10.0
patchy_high,32,R2,False,1350,low_extraction_rate,0.1625,10.0
patchy_high,32,R2,False,1400,low_extraction_rate,0.1375,10.0
patchy_high,32,R2,False,1450,low_extraction_rate,0.1375,10.0
patchy_high,32,R2,False,1500,low_extraction_rate,0.16875,10.0
patchy_high,32,R2,False,1550,low_extraction_rate,0.13125,10.0
patchy_high,32,R2,False,1600,low_extraction_rate,0.1625,10.0
patchy_high,32,R2,False,1650,low_extraction_rate,0.1375,10.0
patchy_high,32,R2,False,1700,low_extraction_rate,0.146875,10.0
patchy_high,32,R2,False,1750,low_extraction_rate,0.11875,10.0
patchy_high,32,R2,False,1800,low_extraction_rate,0.11875,10.0
patchy_high,32,R2,False,1850,low_extraction_rate,0.140625,10.0
patchy_high,32,R2,False,1900,low_extraction_rate,0.14375,10.0
patchy_high,32,R2,False,1950,low_extraction_rate,0.121875,10.0
patchy_high,32,R2,False,2000,low_extraction_rate,0.109375,10.0
patchy_high,32,R2,False,2050,low_extraction_rate,0.0875,10.0
patchy_high,32,R2,False,2100,low_extraction_rate,0.096875,10.0
patchy_high,32,R2,False,2150,low_extraction_rate,0.121875,10.0
patchy_high,32,R2,False,2200,low_extraction_rate,0.125,10.0
patchy_high,32,R2,False,2250,low_extraction_rate,0.084375,10.0
patchy_high,32,R2,False,2300,low_extraction_rate,0.109375,10.0
patchy_high,32,R2,False,2350,low_extraction_rate,0.1125,10.0
patchy_high,32,R2,False,2400,low_extraction_rate,0.11875,10.0
patchy_high,32,R2,False,2450,low_extraction_rate,0.096875,10.0
patchy_high,32,R2,False,2500,low_extraction_rate,0.084375,10.0
patchy_high,32,R2,False,2550,low_extraction_rate,0.125,10.0
patchy_high,32,R2,False,2600,low_extraction_rate,0.096875,10.0
patchy_high,32,R2,False,2650,low_extraction_rate,0.10625,10.0
patchy_high,32,R2,False,2700,low_extraction_rate,0.096875,10.0
patchy_high,32,R2,False,2750,low_extraction_rate,0.08125,10.0
patchy_high,32,R2,False,2800,low_extraction_rate,0.084375,10.0
patchy_high,32,R2,False,2850,low_extraction_rate,0.128125,10.0
patchy_high,32,R2,False,2900,low_extraction_rate,0.096875,10.0
patchy_high,32,R2,False,2950,low_extraction_rate,0.05,10.0
patchy_high,32,R2,False,3000,low_extraction_rate,0.0875,10.0
patchy_high,32,R2,False,3050,low_extraction_rate,0.109375,10.0
patchy_high,32,R2,False,3100,low_extraction_rate,0.096875,10.0
patchy_high,32,R2,False,3150,low_extraction_rate,0.075,10.0
patchy_high,32,R2,False,3200,low_extraction_rate,0.06875,10.0
patchy_high,32,R2,False,3250,low_extraction_rate,0.084375,10.0
patchy_high,32,R2,False,3300,low_extraction_rate,0.06875,10.0
patchy_high,32,R2,False,3350,low_extraction_rate,0.090625,10.0
patchy_high,32,R2,False,3400,low_extraction_rate,0.078125,10.0
patchy_high,32,R2,False,3450,low_extraction_rate,0.065625,10.0
patchy_high,32,R2,False,3500,low_extraction_rate,0.11875,10.0
patchy_high,32,R2,False,3550,low_extraction_rate,0.06875,10.0
patchy_high,32,R2,False,3600,low_extraction_rate,0.09375,10.0
patchy_high,32,R2,False,3650,low_extraction_rate,0.103125,10.0
patchy_high,32,R2,False,3700,low_extraction_rate,0.1,10.0
patchy_high,32,R2,False,3750,low_extraction_rate,0.078125,10.0
patchy_high,32,R2,False,3800,low_extraction_rate,0.0625,10.0
patchy_high,32,R2,False,3850,low_extraction_rate,0.071875,10.0
patchy_high,32,R2,False,3900,low_extraction_rate,0.075,10.0
patchy_high,32,R2,False,3950,low_extraction_rate,0.084375,10.0
patchy_high,32,R2,False,4000,low_extraction_rate,0.078125,10.0
patchy_high,32,R2,False,4050,low_extraction_rate,0.078125,10.0
patchy_high,32,R2,False,4100,low_extraction_rate,0.08125,10.0
patchy_high,32,R2,False,4150,low_extraction_rate,0.06875,10.0
patchy_high,32,R2,False,4200,low_extraction_rate,0.0875,10.0
patchy_high,32,R2,False,4250,low_extraction_rate,0.084375,10.0
patchy_high,32,R2,False,4300,low_extraction_rate,0.075,10.0
patchy_high,32,R2,False,4350,low_extraction_rate,0.075,10.0
patchy_high,32,R2,False,4400,low_extraction_rate,0.0625,10.0
patchy_high,32,R2,False,4450,low_extraction_rate,0.05625,10.0
patchy_high,32,R2,False,4500,low_extraction_rate,0.084375,10.0
patchy_high,32,R2,False,4550,low_extraction_rate,0.078125,10.0
patchy_high,32,R2,False,4600,low_extraction_rate,0.075,10.0
patchy_high,32,R2,False,4650,low_extraction_rate,0.065625,10.0
patchy_high,32,R2,False,4700,low_extraction_rate,0.075,10.0
patchy_high,32,R2,False,4750,low_extraction_rate,0.06875,10.0
patchy_high,32,R2,False,4800,low_extraction_rate,0.065625,10.0
patchy_high,32,R2,False,4850,low_extraction_rate,0.075,10.0
patchy_high,32,R2,False,4900,low_extraction_rate,0.06875,10.0
patchy_high,32,R2,False,4950,low_extraction_rate,0.05625,10.0
patchy_high,32,R2,False,5000,low_extraction_rate,0.06875,10.0
patchy_high,32,R2,True,1,visibility_gini,0.249755859375,10.0
patchy_high,32,R2,True,50,visibility_gini,0.2501953125,10.0
patchy_high,32,R2,True,100,visibility_gini,0.250439453125,10.0
patchy_high,32,R2,True,150,visibility_gini,0.2517578125,10.0
patchy_high,32,R2,True,200,visibility_gini,0.255322265625,10.0
patchy_high,32,R2,True,250,visibility_gini,0.254833984375,10.0
patchy_high,32,R2,True,300,visibility_gini,0.253955078125,10.0
patchy_high,32,R2,True,350,visibility_gini,0.25478515625,10.0
patchy_high,32,R2,True,400,visibility_gini,0.25458984375,10.0
patchy_high,32,R2,True,450,visibility_gini,0.25546875,10.0
patchy_high,32,R2,True,500,visibility_gini,0.258642578125,10.0
patchy_high,32,R2,True,550,visibility_gini,0.259326171875,10.0
patchy_high,32,R2,True,600,visibility_gini,0.26171875,10.0
patchy_high,32,R2,True,650,visibility_gini,0.2615234375,10.0
patchy_high,32,R2,True,700,visibility_gini,0.2642578125,10.0
patchy_high,32,R2,True,750,visibility_gini,0.265576171875,10.0
patchy_high,32,R2,True,800,visibility_gini,0.266796875,10.0
patchy_high,32,R2,True,850,visibility_gini,0.26875,10.0
patchy_high,32,R2,True,900,visibility_gini,0.27001953125,10.0
patchy_high,32,R2,True,950,visibility_gini,0.26943359375,10.0
patchy_high,32,R2,True,1000,visibility_gini,0.271435546875,10.0
patchy_high,32,R2,True,1050,visibility_gini,0.271044921875,10.0
patchy_high,32,R2,True,1100,visibility_gini,0.269970703125,10.0
patchy_high,32,R2,True,1150,visibility_gini,0.27138671875,10.0
patchy_high,32,R2,True,1200,visibility_gini,0.2724609375,10.0
patchy_high,32,R2,True,1250,visibility_gini,0.27431640625,10.0
patchy_high,32,R2,True,1300,visibility_gini,0.277001953125,10.0
patchy_high,32,R2,True,1350,visibility_gini,0.276123046875,10.0
patchy_high,32,R2,True,1400,visibility_gini,0.275439453125,10.0
patchy_high,32,R2,True,1450,visibility_gini,0.27607421875,10.0
patchy_high,32,R2,True,1500,visibility_gini,0.276318359375,10.0
patchy_high,32,R2,True,1550,visibility_gini,0.277294921875,10.0
patchy_high,32,R2,True,1600,visibility_gini,0.277734375,10.0
patchy_high,32,R2,True,1650,visibility_gini,0.278564453125,10.0
patchy_high,32,R2,True,1700,visibility_gini,0.279541015625,10.0
patchy_high,32,R2,True,1750,visibility_gini,0.28017578125,10.0
patchy_high,32,R2,True,1800,visibility_gini,0.280859375,10.0
patchy_high,32,R2,True,1850,visibility_gini,0.281005859375,10.0
patchy_high,32,R2,True,1900,visibility_gini,0.280712890625,10.0
patchy_high,32,R2,True,1950,visibility_gini,0.281640625,10.0
patchy_high,32,R2,True,2000,visibility_gini,0.2822265625,10.0
patchy_high,32,R2,True,2050,visibility_gini,0.28271484375,10.0
patchy_high,32,R2,True,2100,visibility_gini,0.28271484375,10.0
patchy_high,32,R2,True,2150,visibility_gini,0.2830078125,10.0
patchy_high,32,R2,True,2200,visibility_gini,0.283642578125,10.0
patchy_high,32,R2,True,2250,visibility_gini,0.2818359375,10.0
patchy_high,32,R2,True,2300,visibility_gini,0.28251953125,10.0
patchy_high,32,R2,True,2350,visibility_gini,0.282666015625,10.0
patchy_high,32,R2,True,2400,visibility_gini,0.282470703125,10.0
patchy_high,32,R2,True,2450,visibility_gini,0.282958984375,10.0
patchy_high,32,R2,True,2500,visibility_gini,0.2833984375,10.0
patchy_high,32,R2,True,2550,visibility_gini,0.282470703125,10.0
patchy_high,32,R2,True,2600,visibility_gini,0.2826171875,10.0
patchy_high,32,R2,True,2650,visibility_gini,0.282470703125,10.0
patchy_high,32,R2,True,2700,visibility_gini,0.283349609375,10.0
patchy_high,32,R2,True,2750,visibility_gini,0.2833984375,10.0
patchy_high,32,R2,True,2800,visibility_gini,0.2833984375,10.0
patchy_high,32,R2,True,2850,visibility_gini,0.282568359375,10.0
patchy_high,32,R2,True,2900,visibility_gini,0.282275390625,10.0
patchy_high,32,R2,True,2950,visibility_gini,0.282080078125,10.0
patchy_high,32,R2,True,3000,visibility_gini,0.283056640625,10.0
patchy_high,32,R2,True,3050,visibility_gini,0.28408203125,10.0
patchy_high,32,R2,True,3100,visibility_gini,0.284375,10.0
patchy_high,32,R2,True,3150,visibility_gini,0.285205078125,10.0
patchy_high,32,R2,True,3200,visibility_gini,0.285009765625,10.0
patchy_high,32,R2,True,3250,visibility_gini,0.285009765625,10.0
patchy_high,32,R2,True,3300,visibility_gini,0.285009765625,10.0
patchy_high,32,R2,True,3350,visibility_gini,0.284228515625,10.0
patchy_high,32,R2,True,3400,visibility_gini,0.285107421875,10.0
patchy_high,32,R2,True,3450,visibility_gini,0.28408203125,10.0
patchy_high,32,R2,True,3500,visibility_gini,0.2859375,10.0
patchy_high,32,R2,True,3550,visibility_gini,0.2873046875,10.0
patchy_high,32,R2,True,3600,visibility_gini,0.2873046875,10.0
patchy_high,32,R2,True,3650,visibility_gini,0.2873046875,10.0
patchy_high,32,R2,True,3700,visibility_gini,0.28759765625,10.0
patchy_high,32,R2,True,3750,visibility_gini,0.28759765625,10.0
patchy_high,32,R2,True,3800,visibility_gini,0.28701171875,10.0
patchy_high,32,R2,True,3850,visibility_gini,0.28701171875,10.0
patchy_high,32,R2,True,3900,visibility_gini,0.28681640625,10.0
patchy_high,32,R2,True,3950,visibility_gini,0.28681640625,10.0
patchy_high,32,R2,True,4000,visibility_gini,0.28681640625,10.0
patchy_high,32,R2,True,4050,visibility_gini,0.28818359375,10.0
patchy_high,32,R2,True,4100,visibility_gini,0.287548828125,10.0
patchy_high,32,R2,True,4150,visibility_gini,0.2876953125,10.0
patchy_high,32,R2,True,4200,visibility_gini,0.2876953125,10.0
patchy_high,32,R2,True,4250,visibility_gini,0.28662109375,10.0
patchy_high,32,R2,True,4300,visibility_gini,0.286962890625,10.0
patchy_high,32,R2,True,4350,visibility_gini,0.286962890625,10.0
patchy_high,32,R2,True,4400,visibility_gini,0.286767578125,10.0
patchy_high,32,R2,True,4450,visibility_gini,0.286767578125,10.0
patchy_high,32,R2,True,4500,visibility_gini,0.286767578125,10.0
patchy_high,32,R2,True,4550,visibility_gini,0.286767578125,10.0
patchy_high,32,R2,True,4600,visibility_gini,0.2853515625,10.0
patchy_high,32,R2,True,4650,visibility_gini,0.2849609375,10.0
patchy_high,32,R2,True,4700,visibility_gini,0.285302734375,10.0
patchy_high,32,R2,True,4750,visibility_gini,0.28564453125,10.0
patchy_high,32,R2,True,4800,visibility_gini,0.286181640625,10.0
patchy_high,32,R2,True,4850,visibility_gini,0.288525390625,10.0
patchy_high,32,R2,True,4900,visibility_gini,0.28955078125,10.0
patchy_high,32,R2,True,4950,visibility_gini,0.290234375,10.0
patchy_high,32,R2,True,5000,visibility_gini,0.289208984375,10.0
patchy_high,32,R2,True,1,low_extraction_rate,0.50625,10.0
patchy_high,32,R2,True,50,low_extraction_rate,0.365625,10.0
patchy_high,32,R2,True,100,low_extraction_rate,0.33125,10.0
patchy_high,32,R2,True,150,low_extraction_rate,0.340625,10.0
patchy_high,32,R2,True,200,low_extraction_rate,0.303125,10.0
patchy_high,32,R2,True,250,low_extraction_rate,0.2625,10.0
patchy_high,32,R2,True,300,low_extraction_rate,0.1875,10.0
patchy_high,32,R2,True,350,low_extraction_rate,0.253125,10.0
patchy_high,32,R2,True,400,low_extraction_rate,0.2625,10.0
patchy_high,32,R2,True,450,low_extraction_rate,0.24375,10.0
patchy_high,32,R2,True,500,low_extraction_rate,0.21875,10.0
patchy_high,32,R2,True,550,low_extraction_rate,0.175,10.0
patchy_high,32,R2,True,600,low_extraction_rate,0.240625,10.0
patchy_high,32,R2,True,650,low_extraction_rate,0.259375,10.0
patchy_high,32,R2,True,700,low_extraction_rate,0.225,10.0
patchy_high,32,R2,True,750,low_extraction_rate,0.240625,10.0
patchy_high,32,R2,True,800,low_extraction_rate,0.175,10.0
patchy_high,32,R2,True,850,low_extraction_rate,0.178125,10.0
patchy_high,32,R2,True,900,low_extraction_rate,0.19375,10.0
patchy_high,32,R2,True,950,low_extraction_rate,0.175,10.0
patchy_high,32,R2,True,1000,low_extraction_rate,0.13125,10.0
patchy_high,32,R2,True,1050,low_extraction_rate,0.196875,10.0
patchy_high,32,R2,True,1100,low_extraction_rate,0.153125,10.0
patchy_high,32,R2,True,1150,low_extraction_rate,0.1375,10.0
patchy_high,32,R2,True,1200,low_extraction_rate,0.14375,10.0
patchy_high,32,R2,True,1250,low_extraction_rate,0.184375,10.0
patchy_high,32,R2,True,1300,low_extraction_rate,0.153125,10.0
patchy_high,32,R2,True,1350,low_extraction_rate,0.16875,10.0
patchy_high,32,R2,True,1400,low_extraction_rate,0.11875,10.0
patchy_high,32,R2,True,1450,low_extraction_rate,0.11875,10.0
patchy_high,32,R2,True,1500,low_extraction_rate,0.159375,10.0
patchy_high,32,R2,True,1550,low_extraction_rate,0.14375,10.0
patchy_high,32,R2,True,1600,low_extraction_rate,0.159375,10.0
patchy_high,32,R2,True,1650,low_extraction_rate,0.128125,10.0
patchy_high,32,R2,True,1700,low_extraction_rate,0.128125,10.0
patchy_high,32,R2,True,1750,low_extraction_rate,0.1375,10.0
patchy_high,32,R2,True,1800,low_extraction_rate,0.103125,10.0
patchy_high,32,R2,True,1850,low_extraction_rate,0.10625,10.0
patchy_high,32,R2,True,1900,low_extraction_rate,0.1125,10.0
patchy_high,32,R2,True,1950,low_extraction_rate,0.1375,10.0
patchy_high,32,R2,True,2000,low_extraction_rate,0.103125,10.0
patchy_high,32,R2,True,2050,low_extraction_rate,0.090625,10.0
patchy_high,32,R2,True,2100,low_extraction_rate,0.1125,10.0
patchy_high,32,R2,True,2150,low_extraction_rate,0.09375,10.0
patchy_high,32,R2,True,2200,low_extraction_rate,0.15625,10.0
patchy_high,32,R2,True,2250,low_extraction_rate,0.078125,10.0
patchy_high,32,R2,True,2300,low_extraction_rate,0.109375,10.0
patchy_high,32,R2,True,2350,low_extraction_rate,0.11875,10.0
patchy_high,32,R2,True,2400,low_extraction_rate,0.1125,10.0
patchy_high,32,R2,True,2450,low_extraction_rate,0.090625,10.0
patchy_high,32,R2,True,2500,low_extraction_rate,0.103125,10.0
patchy_high,32,R2,True,2550,low_extraction_rate,0.090625,10.0
patchy_high,32,R2,True,2600,low_extraction_rate,0.078125,10.0
patchy_high,32,R2,True,2650,low_extraction_rate,0.1,10.0
patchy_high,32,R2,True,2700,low_extraction_rate,0.078125,10.0
patchy_high,32,R2,True,2750,low_extraction_rate,0.09375,10.0
patchy_high,32,R2,True,2800,low_extraction_rate,0.059375,10.0
patchy_high,32,R2,True,2850,low_extraction_rate,0.084375,10.0
patchy_high,32,R2,True,2900,low_extraction_rate,0.09375,10.0
patchy_high,32,R2,True,2950,low_extraction_rate,0.0625,10.0
patchy_high,32,R2,True,3000,low_extraction_rate,0.08125,10.0
patchy_high,32,R2,True,3050,low_extraction_rate,0.0875,10.0
patchy_high,32,R2,True,3100,low_extraction_rate,0.103125,10.0
patchy_high,32,R2,True,3150,low_extraction_rate,0.096875,10.0
patchy_high,32,R2,True,3200,low_extraction_rate,0.1,10.0
patchy_high,32,R2,True,3250,low_extraction_rate,0.0875,10.0
patchy_high,32,R2,True,3300,low_extraction_rate,0.08125,10.0
patchy_high,32,R2,True,3350,low_extraction_rate,0.071875,10.0
patchy_high,32,R2,True,3400,low_extraction_rate,0.090625,10.0
patchy_high,32,R2,True,3450,low_extraction_rate,0.075,10.0
patchy_high,32,R2,True,3500,low_extraction_rate,0.0625,10.0
patchy_high,32,R2,True,3550,low_extraction_rate,0.08125,10.0
patchy_high,32,R2,True,3600,low_extraction_rate,0.075,10.0
patchy_high,32,R2,True,3650,low_extraction_rate,0.084375,10.0
patchy_high,32,R2,True,3700,low_extraction_rate,0.0625,10.0
patchy_high,32,R2,True,3750,low_extraction_rate,0.075,10.0
patchy_high,32,R2,True,3800,low_extraction_rate,0.075,10.0
patchy_high,32,R2,True,3850,low_extraction_rate,0.084375,10.0
patchy_high,32,R2,True,3900,low_extraction_rate,0.0625,10.0
patchy_high,32,R2,True,3950,low_extraction_rate,0.08125,10.0
patchy_high,32,R2,True,4000,low_extraction_rate,0.053125,10.0
patchy_high,32,R2,True,4050,low_extraction_rate,0.078125,10.0
patchy_high,32,R2,True,4100,low_extraction_rate,0.0625,10.0
patchy_high,32,R2,True,4150,low_extraction_rate,0.078125,10.0
patchy_high,32,R2,True,4200,low_extraction_rate,0.075,10.0
patchy_high,32,R2,True,4250,low_extraction_rate,0.059375,10.0
patchy_high,32,R2,True,4300,low_extraction_rate,0.084375,10.0
patchy_high,32,R2,True,4350,low_extraction_rate,0.065625,10.0
patchy_high,32,R2,True,4400,low_extraction_rate,0.059375,10.0
patchy_high,32,R2,True,4450,low_extraction_rate,0.071875,10.0
patchy_high,32,R2,True,4500,low_extraction_rate,0.071875,10.0
patchy_high,32,R2,True,4550,low_extraction_rate,0.084375,10.0
patchy_high,32,R2,True,4600,low_extraction_rate,0.059375,10.0
patchy_high,32,R2,True,4650,low_extraction_rate,0.053125,10.0
patchy_high,32,R2,True,4700,low_extraction_rate,0.05,10.0
patchy_high,32,R2,True,4750,low_extraction_rate,0.059375,10.0
patchy_high,32,R2,True,4800,low_extraction_rate,0.053125,10.0
patchy_high,32,R2,True,4850,low_extraction_rate,0.059375,10.0
patchy_high,32,R2,True,4900,low_extraction_rate,0.046875,10.0
patchy_high,32,R2,True,4950,low_extraction_rate,0.06875,10.0
patchy_high,32,R2,True,5000,low_extraction_rate,0.059375,10.0
patchy_high,32,R3,False,1,visibility_gini,0.249755859375,10.0
patchy_high,32,R3,False,50,visibility_gini,0.2490234375,10.0
patchy_high,32,R3,False,100,visibility_gini,0.247021484375,10.0
patchy_high,32,R3,False,150,visibility_gini,0.248876953125,10.0
patchy_high,32,R3,False,200,visibility_gini,0.2505859375,10.0
patchy_high,32,R3,False,250,visibility_gini,0.248779296875,10.0
patchy_high,32,R3,False,300,visibility_gini,0.2458984375,10.0
patchy_high,32,R3,False,350,visibility_gini,0.246533203125,10.0
patchy_high,32,R3,False,400,visibility_gini,0.2466796875,10.0
patchy_high,32,R3,False,450,visibility_gini,0.248095703125,10.0
patchy_high,32,R3,False,500,visibility_gini,0.2490234375,10.0
patchy_high,32,R3,False,550,visibility_gini,0.248291015625,10.0
patchy_high,32,R3,False,600,visibility_gini,0.246923828125,10.0
patchy_high,32,R3,False,650,visibility_gini,0.247412109375,10.0
patchy_high,32,R3,False,700,visibility_gini,0.248291015625,10.0
patchy_high,32,R3,False,750,visibility_gini,0.2470703125,10.0
patchy_high,32,R3,False,800,visibility_gini,0.245068359375,10.0
patchy_high,32,R3,False,850,visibility_gini,0.248291015625,10.0
patchy_high,32,R3,False,900,visibility_gini,0.248095703125,10.0
patchy_high,32,R3,False,950,visibility_gini,0.250244140625,10.0
patchy_high,32,R3,False,1000,visibility_gini,0.25146484375,10.0
patchy_high,32,R3,False,1050,visibility_gini,0.252685546875,10.0
patchy_high,32,R3,False,1100,visibility_gini,0.253662109375,10.0
patchy_high,32,R3,False,1150,visibility_gini,0.255517578125,10.0
patchy_high,32,R3,False,1200,visibility_gini,0.255712890625,10.0
patchy_high,32,R3,False,1250,visibility_gini,0.256591796875,10.0
patchy_high,32,R3,False,1300,visibility_gini,0.25576171875,10.0
patchy_high,32,R3,False,1350,visibility_gini,0.259423828125,10.0
patchy_high,32,R3,False,1400,visibility_gini,0.259375,10.0
patchy_high,32,R3,False,1450,visibility_gini,0.2580078125,10.0
patchy_high,32,R3,False,1500,visibility_gini,0.259423828125,10.0
patchy_high,32,R3,False,1550,visibility_gini,0.25859375,10.0
patchy_high,32,R3,False,1600,visibility_gini,0.25810546875,10.0
patchy_high,32,R3,False,1650,visibility_gini,0.256884765625,10.0
patchy_high,32,R3,False,1700,visibility_gini,0.2568359375,10.0
patchy_high,32,R3,False,1750,visibility_gini,0.257861328125,10.0
patchy_high,32,R3,False,1800,visibility_gini,0.257958984375,10.0
patchy_high,32,R3,False,1850,visibility_gini,0.25830078125,10.0
patchy_high,32,R3,False,1900,visibility_gini,0.25810546875,10.0
patchy_high,32,R3,False,1950,visibility_gini,0.257861328125,10.0
patchy_high,32,R3,False,2000,visibility_gini,0.25732421875,10.0
patchy_high,32,R3,False,2050,visibility_gini,0.2546875,10.0
patchy_high,32,R3,False,2100,visibility_gini,0.2546875,10.0
patchy_high,32,R3,False,2150,visibility_gini,0.255419921875,10.0
patchy_high,32,R3,False,2200,visibility_gini,0.255859375,10.0
patchy_high,32,R3,False,2250,visibility_gini,0.255859375,10.0
patchy_high,32,R3,False,2300,visibility_gini,0.255859375,10.0
patchy_high,32,R3,False,2350,visibility_gini,0.25703125,10.0
patchy_high,32,R3,False,2400,visibility_gini,0.256005859375,10.0
patchy_high,32,R3,False,2450,visibility_gini,0.256005859375,10.0
patchy_high,32,R3,False,2500,visibility_gini,0.25546875,10.0
patchy_high,32,R3,False,2550,visibility_gini,0.256201171875,10.0
patchy_high,32,R3,False,2600,visibility_gini,0.256201171875,10.0
patchy_high,32,R3,False,2650,visibility_gini,0.2564453125,10.0
patchy_high,32,R3,False,2700,visibility_gini,0.2564453125,10.0
patchy_high,32,R3,False,2750,visibility_gini,0.257080078125,10.0
patchy_high,32,R3,False,2800,visibility_gini,0.257373046875,10.0
patchy_high,32,R3,False,2850,visibility_gini,0.25751953125,10.0
patchy_high,32,R3,False,2900,visibility_gini,0.25791015625,10.0
patchy_high,32,R3,False,2950,visibility_gini,0.25771484375,10.0
patchy_high,32,R3,False,3000,visibility_gini,0.25771484375,10.0
patchy_high,32,R3,False,3050,visibility_gini,0.25791015625,10.0
patchy_high,32,R3,False,3100,visibility_gini,0.257470703125,10.0
patchy_high,32,R3,False,3150,visibility_gini,0.257470703125,10.0
patchy_high,32,R3,False,3200,visibility_gini,0.2578125,10.0
patchy_high,32,R3,False,3250,visibility_gini,0.2578125,10.0
patchy_high,32,R3,False,3300,visibility_gini,0.254931640625,10.0
patchy_high,32,R3,False,3350,visibility_gini,0.255908203125,10.0
patchy_high,32,R3,False,3400,visibility_gini,0.256884765625,10.0
patchy_high,32,R3,False,3450,visibility_gini,0.25732421875,10.0
patchy_high,32,R3,False,3500,visibility_gini,0.257373046875,10.0
patchy_high,32,R3,False,3550,visibility_gini,0.25791015625,10.0
patchy_high,32,R3,False,3600,visibility_gini,0.25791015625,10.0
patchy_high,32,R3,False,3650,visibility_gini,0.25908203125,10.0
patchy_high,32,R3,False,3700,visibility_gini,0.258251953125,10.0
patchy_high,32,R3,False,3750,visibility_gini,0.258251953125,10.0
patchy_high,32,R3,False,3800,visibility_gini,0.257568359375,10.0
patchy_high,32,R3,False,3850,visibility_gini,0.257568359375,10.0
patchy_high,32,R3,False,3900,visibility_gini,0.257568359375,10.0
patchy_high,32,R3,False,3950,visibility_gini,0.257568359375,10.0
patchy_high,32,R3,False,4000,visibility_gini,0.257568359375,10.0
patchy_high,32,R3,False,4050,visibility_gini,0.257568359375,10.0
patchy_high,32,R3,False,4100,visibility_gini,0.257568359375,10.0
patchy_high,32,R3,False,4150,visibility_gini,0.257568359375,10.0
patchy_high,32,R3,False,4200,visibility_gini,0.256982421875,10.0
patchy_high,32,R3,False,4250,visibility_gini,0.2560546875,10.0
patchy_high,32,R3,False,4300,visibility_gini,0.2560546875,10.0
patchy_high,32,R3,False,4350,visibility_gini,0.256396484375,10.0
patchy_high,32,R3,False,4400,visibility_gini,0.256396484375,10.0
patchy_high,32,R3,False,4450,visibility_gini,0.256396484375,10.0
patchy_high,32,R3,False,4500,visibility_gini,0.256396484375,10.0
patchy_high,32,R3,False,4550,visibility_gini,0.256689453125,10.0
patchy_high,32,R3,False,4600,visibility_gini,0.25654296875,10.0
patchy_high,32,R3,False,4650,visibility_gini,0.256103515625,10.0
patchy_high,32,R3,False,4700,visibility_gini,0.255908203125,10.0
patchy_high,32,R3,False,4750,visibility_gini,0.255908203125,10.0
patchy_high,32,R3,False,4800,visibility_gini,0.255908203125,10.0
patchy_high,32,R3,False,4850,visibility_gini,0.25625,10.0
patchy_high,32,R3,False,4900,visibility_gini,0.255908203125,10.0
patchy_high,32,R3,False,4950,visibility_gini,0.2548828125,10.0
patchy_high,32,R3,False,5000,visibility_gini,0.255322265625,10.0
patchy_high,32,R3,False,1,low_extraction_rate,0.50625,10.0
patchy_high,32,R3,False,50,low_extraction_rate,0.365625,10.0
patchy_high,32,R3,False,100,low_extraction_rate,0.334375,10.0
patchy_high,32,R3,False,150,low_extraction_rate,0.340625,10.0
patchy_high,32,R3,False,200,low_extraction_rate,0.309375,10.0
patchy_high,32,R3,False,250,low_extraction_rate,0.271875,10.0
patchy_high,32,R3,False,300,low_extraction_rate,0.20625,10.0
patchy_high,32,R3,False,350,low_extraction_rate,0.2375,10.0
patchy_high,32,R3,False,400,low_extraction_rate,0.246875,10.0
patchy_high,32,R3,False,450,low_extraction_rate,0.24375,10.0
patchy_high,32,R3,False,500,low_extraction_rate,0.246875,10.0
patchy_high,32,R3,False,550,low_extraction_rate,0.215625,10.0
patchy_high,32,R3,False,600,low_extraction_rate,0.203125,10.0
patchy_high,32,R3,False,650,low_extraction_rate,0.23125,10.0
patchy_high,32,R3,False,700,low_extraction_rate,0.246875,10.0
patchy_high,32,R3,False,750,low_extraction_rate,0.23125,10.0
patchy_high,32,R3,False,800,low_extraction_rate,0.20625,10.0
patchy_high,32,R3,False,850,low_extraction_rate,0.171875,10.0
patchy_high,32,R3,False,900,low_extraction_rate,0.190625,10.0
patchy_high,32,R3,False,950,low_extraction_rate,0.175,10.0
patchy_high,32,R3,False,1000,low_extraction_rate,0.171875,10.0
patchy_high,32,R3,False,1050,low_extraction_rate,0.196875,10.0
patchy_high,32,R3,False,1100,low_extraction_rate,0.159375,10.0
patchy_high,32,R3,False,1150,low_extraction_rate,0.171875,10.0
patchy_high,32,R3,False,1200,low_extraction_rate,0.14375,10.0
patchy_high,32,R3,False,1250,low_extraction_rate,0.16875,10.0
patchy_high,32,R3,False,1300,low_extraction_rate,0.18125,10.0
patchy_high,32,R3,False,1350,low_extraction_rate,0.16875,10.0
patchy_high,32,R3,False,1400,low_extraction_rate,0.153125,10.0
patchy_high,32,R3,False,1450,low_extraction_rate,0.128125,10.0
patchy_high,32,R3,False,1500,low_extraction_rate,0.190625,10.0
patchy_high,32,R3,False,1550,low_extraction_rate,0.13125,10.0
patchy_high,32,R3,False,1600,low_extraction_rate,0.178125,10.0
patchy_high,32,R3,False,1650,low_extraction_rate,0.146875,10.0
patchy_high,32,R3,False,1700,low_extraction_rate,0.109375,10.0
patchy_high,32,R3,False,1750,low_extraction_rate,0.115625,10.0
patchy_high,32,R3,False,1800,low_extraction_rate,0.11875,10.0
patchy_high,32,R3,False,1850,low_extraction_rate,0.115625,10.0
patchy_high,32,R3,False,1900,low_extraction_rate,0.096875,10.0
patchy_high,32,R3,False,1950,low_extraction_rate,0.109375,10.0
patchy_high,32,R3,False,2000,low_extraction_rate,0.11875,10.0
patchy_high,32,R3,False,2050,low_extraction_rate,0.125,10.0
patchy_high,32,R3,False,2100,low_extraction_rate,0.109375,10.0
patchy_high,32,R3,False,2150,low_extraction_rate,0.11875,10.0
patchy_high,32,R3,False,2200,low_extraction_rate,0.13125,10.0
patchy_high,32,R3,False,2250,low_extraction_rate,0.0875,10.0
patchy_high,32,R3,False,2300,low_extraction_rate,0.10625,10.0
patchy_high,32,R3,False,2350,low_extraction_rate,0.103125,10.0
patchy_high,32,R3,False,2400,low_extraction_rate,0.103125,10.0
patchy_high,32,R3,False,2450,low_extraction_rate,0.096875,10.0
patchy_high,32,R3,False,2500,low_extraction_rate,0.103125,10.0
patchy_high,32,R3,False,2550,low_extraction_rate,0.096875,10.0
patchy_high,32,R3,False,2600,low_extraction_rate,0.11875,10.0
patchy_high,32,R3,False,2650,low_extraction_rate,0.096875,10.0
patchy_high,32,R3,False,2700,low_extraction_rate,0.090625,10.0
patchy_high,32,R3,False,2750,low_extraction_rate,0.06875,10.0
patchy_high,32,R3,False,2800,low_extraction_rate,0.0875,10.0
patchy_high,32,R3,False,2850,low_extraction_rate,0.0875,10.0
patchy_high,32,R3,False,2900,low_extraction_rate,0.096875,10.0
patchy_high,32,R3,False,2950,low_extraction_rate,0.071875,10.0
patchy_high,32,R3,False,3000,low_extraction_rate,0.084375,10.0
patchy_high,32,R3,False,3050,low_extraction_rate,0.090625,10.0
patchy_high,32,R3,False,3100,low_extraction_rate,0.071875,10.0
patchy_high,32,R3,False,3150,low_extraction_rate,0.09375,10.0
patchy_high,32,R3,False,3200,low_extraction_rate,0.1,10.0
patchy_high,32,R3,False,3250,low_extraction_rate,0.096875,10.0
patchy_high,32,R3,False,3300,low_extraction_rate,0.121875,10.0
patchy_high,32,R3,False,3350,low_extraction_rate,0.103125,10.0
patchy_high,32,R3,False,3400,low_extraction_rate,0.09375,10.0
patchy_high,32,R3,False,3450,low_extraction_rate,0.090625,10.0
patchy_high,32,R3,False,3500,low_extraction_rate,0.09375,10.0
patchy_high,32,R3,False,3550,low_extraction_rate,0.06875,10.0
patchy_high,32,R3,False,3600,low_extraction_rate,0.103125,10.0
patchy_high,32,R3,False,3650,low_extraction_rate,0.084375,10.0
patchy_high,32,R3,False,3700,low_extraction_rate,0.059375,10.0
patchy_high,32,R3,False,3750,low_extraction_rate,0.06875,10.0
patchy_high,32,R3,False,3800,low_extraction_rate,0.071875,10.0
patchy_high,32,R3,False,3850,low_extraction_rate,0.065625,10.0
patchy_high,32,R3,False,3900,low_extraction_rate,0.078125,10.0
patchy_high,32,R3,False,3950,low_extraction_rate,0.06875,10.0
patchy_high,32,R3,False,4000,low_extraction_rate,0.06875,10.0
patchy_high,32,R3,False,4050,low_extraction_rate,0.059375,10.0
patchy_high,32,R3,False,4100,low_extraction_rate,0.065625,10.0
patchy_high,32,R3,False,4150,low_extraction_rate,0.071875,10.0
patchy_high,32,R3,False,4200,low_extraction_rate,0.078125,10.0
patchy_high,32,R3,False,4250,low_extraction_rate,0.071875,10.0
patchy_high,32,R3,False,4300,low_extraction_rate,0.08125,10.0
patchy_high,32,R3,False,4350,low_extraction_rate,0.071875,10.0
patchy_high,32,R3,False,4400,low_extraction_rate,0.059375,10.0
patchy_high,32,R3,False,4450,low_extraction_rate,0.0625,10.0
patchy_high,32,R3,False,4500,low_extraction_rate,0.059375,10.0
patchy_high,32,R3,False,4550,low_extraction_rate,0.065625,10.0
patchy_high,32,R3,False,4600,low_extraction_rate,0.065625,10.0
patchy_high,32,R3,False,4650,low_extraction_rate,0.053125,10.0
patchy_high,32,R3,False,4700,low_extraction_rate,0.065625,10.0
patchy_high,32,R3,False,4750,low_extraction_rate,0.071875,10.0
patchy_high,32,R3,False,4800,low_extraction_rate,0.065625,10.0
patchy_high,32,R3,False,4850,low_extraction_rate,0.06875,10.0
patchy_high,32,R3,False,4900,low_extraction_rate,0.059375,10.0
patchy_high,32,R3,False,4950,low_extraction_rate,0.065625,10.0
patchy_high,32,R3,False,5000,low_extraction_rate,0.06875,10.0
patchy_high,32,R3,True,1,visibility_gini,0.249755859375,10.0
patchy_high,32,R3,True,50,visibility_gini,0.2501953125,10.0
patchy_high,32,R3,True,100,visibility_gini,0.248876953125,10.0
patchy_high,32,R3,True,150,visibility_gini,0.24853515625,10.0
patchy_high,32,R3,True,200,visibility_gini,0.2517578125,10.0
patchy_high,32,R3,True,250,visibility_gini,0.25107421875,10.0
patchy_high,32,R3,True,300,visibility_gini,0.25009765625,10.0
patchy_high,32,R3,True,350,visibility_gini,0.251123046875,10.0
patchy_high,32,R3,True,400,visibility_gini,0.252734375,10.0
patchy_high,32,R3,True,450,visibility_gini,0.252734375,10.0
patchy_high,32,R3,True,500,visibility_gini,0.25048828125,10.0
patchy_high,32,R3,True,550,visibility_gini,0.24931640625,10.0
patchy_high,32,R3,True,600,visibility_gini,0.251611328125,10.0
patchy_high,32,R3,True,650,visibility_gini,0.252392578125,10.0
patchy_high,32,R3,True,700,visibility_gini,0.252880859375,10.0
patchy_high,32,R3,True,750,visibility_gini,0.2546875,10.0
patchy_high,32,R3,True,800,visibility_gini,0.25224609375,10.0
patchy_high,32,R3,True,850,visibility_gini,0.253466796875,10.0
patchy_high,32,R3,True,900,visibility_gini,0.252294921875,10.0
patchy_high,32,R3,True,950,visibility_gini,0.251025390625,10.0
patchy_high,32,R3,True,1000,visibility_gini,0.2517578125,10.0
patchy_high,32,R3,True,1050,visibility_gini,0.250048828125,10.0
patchy_high,32,R3,True,1100,visibility_gini,0.253076171875,10.0
patchy_high,32,R3,True,1150,visibility_gini,0.25576171875,10.0
patchy_high,32,R3,True,1200,visibility_gini,0.255224609375,10.0
patchy_high,32,R3,True,1250,visibility_gini,0.2548828125,10.0
patchy_high,32,R3,True,1300,visibility_gini,0.257373046875,10.0
patchy_high,32,R3,True,1350,visibility_gini,0.258740234375,10.0
patchy_high,32,R3,True,1400,visibility_gini,0.259130859375,10.0
patchy_high,32,R3,True,1450,visibility_gini,0.256884765625,10.0
patchy_high,32,R3,True,1500,visibility_gini,0.25751953125,10.0
patchy_high,32,R3,True,1550,visibility_gini,0.25849609375,10.0
patchy_high,32,R3,True,1600,visibility_gini,0.257666015625,10.0
patchy_high,32,R3,True,1650,visibility_gini,0.2587890625,10.0
patchy_high,32,R3,True,1700,visibility_gini,0.256982421875,10.0
patchy_high,32,R3,True,1750,visibility_gini,0.25693359375,10.0
patchy_high,32,R3,True,1800,visibility_gini,0.256640625,10.0
patchy_high,32,R3,True,1850,visibility_gini,0.25654296875,10.0
patchy_high,32,R3,True,1900,visibility_gini,0.2556640625,10.0
patchy_high,32,R3,True,1950,visibility_gini,0.2533203125,10.0
patchy_high,32,R3,True,2000,visibility_gini,0.253076171875,10.0
patchy_high,32,R3,True,2050,visibility_gini,0.252783203125,10.0
patchy_high,32,R3,True,2100,visibility_gini,0.252783203125,10.0
patchy_high,32,R3,True,2150,visibility_gini,0.251025390625,10.0
patchy_high,32,R3,True,2200,visibility_gini,0.25322265625,10.0
patchy_high,32,R3,True,2250,visibility_gini,0.25322265625,10.0
patchy_high,32,R3,True,2300,visibility_gini,0.25322265625,10.0
patchy_high,32,R3,True,2350,visibility_gini,0.2525390625,10.0
patchy_high,32,R3,True,2400,visibility_gini,0.253955078125,10.0
patchy_high,32,R3,True,2450,visibility_gini,0.254833984375,10.0
patchy_high,32,R3,True,2500,visibility_gini,0.25693359375,10.0
patchy_high,32,R3,True,2550,visibility_gini,0.256640625,10.0
patchy_high,32,R3,True,2600,visibility_gini,0.256640625,10.0
patchy_high,32,R3,True,2650,visibility_gini,0.256640625,10.0
patchy_high,32,R3,True,2700,visibility_gini,0.256640625,10.0
patchy_high,32,R3,True,2750,visibility_gini,0.255810546875,10.0
patchy_high,32,R3,True,2800,visibility_gini,0.2564453125,10.0
patchy_high,32,R3,True,2850,visibility_gini,0.257421875,10.0
patchy_high,32,R3,True,2900,visibility_gini,0.257421875,10.0
patchy_high,32,R3,True,2950,visibility_gini,0.257080078125,10.0
patchy_high,32,R3,True,3000,visibility_gini,0.257080078125,10.0
patchy_high,32,R3,True,3050,visibility_gini,0.256103515625,10.0
patchy_high,32,R3,True,3100,visibility_gini,0.256103515625,10.0
patchy_high,32,R3,True,3150,visibility_gini,0.256103515625,10.0
patchy_high,32,R3,True,3200,visibility_gini,0.2568359375,10.0
patchy_high,32,R3,True,3250,visibility_gini,0.2568359375,10.0
patchy_high,32,R3,True,3300,visibility_gini,0.25791015625,10.0
patchy_high,32,R3,True,3350,visibility_gini,0.2576171875,10.0
patchy_high,32,R3,True,3400,visibility_gini,0.259716796875,10.0
patchy_high,32,R3,True,3450,visibility_gini,0.2595703125,10.0
patchy_high,32,R3,True,3500,visibility_gini,0.260400390625,10.0
patchy_high,32,R3,True,3550,visibility_gini,0.259619140625,10.0
patchy_high,32,R3,True,3600,visibility_gini,0.259619140625,10.0
patchy_high,32,R3,True,3650,visibility_gini,0.259619140625,10.0
patchy_high,32,R3,True,3700,visibility_gini,0.260693359375,10.0
patchy_high,32,R3,True,3750,visibility_gini,0.260693359375,10.0
patchy_high,32,R3,True,3800,visibility_gini,0.26103515625,10.0
patchy_high,32,R3,True,3850,visibility_gini,0.26103515625,10.0
patchy_high,32,R3,True,3900,visibility_gini,0.26103515625,10.0
patchy_high,32,R3,True,3950,visibility_gini,0.26103515625,10.0
patchy_high,32,R3,True,4000,visibility_gini,0.26103515625,10.0
patchy_high,32,R3,True,4050,visibility_gini,0.26103515625,10.0
patchy_high,32,R3,True,4100,visibility_gini,0.26103515625,10.0
patchy_high,32,R3,True,4150,visibility_gini,0.26103515625,10.0
patchy_high,32,R3,True,4200,visibility_gini,0.261181640625,10.0
patchy_high,32,R3,True,4250,visibility_gini,0.26005859375,10.0
patchy_high,32,R3,True,4300,visibility_gini,0.26005859375,10.0
patchy_high,32,R3,True,4350,visibility_gini,0.261328125,10.0
patchy_high,32,R3,True,4400,visibility_gini,0.261328125,10.0
patchy_high,32,R3,True,4450,visibility_gini,0.261328125,10.0
patchy_high,32,R3,True,4500,visibility_gini,0.261328125,10.0
patchy_high,32,R3,True,4550,visibility_gini,0.261328125,10.0
patchy_high,32,R3,True,4600,visibility_gini,0.2603515625,10.0
patchy_high,32,R3,True,4650,visibility_gini,0.259912109375,10.0
patchy_high,32,R3,True,4700,visibility_gini,0.2603515625,10.0
patchy_high,32,R3,True,4750,visibility_gini,0.2603515625,10.0
patchy_high,32,R3,True,4800,visibility_gini,0.2595703125,10.0
patchy_high,32,R3,True,4850,visibility_gini,0.2580078125,10.0
patchy_high,32,R3,True,4900,visibility_gini,0.259228515625,10.0
patchy_high,32,R3,True,4950,visibility_gini,0.258837890625,10.0
patchy_high,32,R3,True,5000,visibility_gini,0.258837890625,10.0
patchy_high,32,R3,True,1,low_extraction_rate,0.50625,10.0
patchy_high,32,R3,True,50,low_extraction_rate,0.365625,10.0
patchy_high,32,R3,True,100,low_extraction_rate,0.33125,10.0
patchy_high,32,R3,True,150,low_extraction_rate,0.346875,10.0
patchy_high,32,R3,True,200,low_extraction_rate,0.296875,10.0
patchy_high,32,R3,True,250,low_extraction_rate,0.271875,10.0
patchy_high,32,R3,True,300,low_extraction_rate,0.221875,10.0
patchy_high,32,R3,True,350,low_extraction_rate,0.25,10.0
patchy_high,32,R3,True,400,low_extraction_rate,0.265625,10.0
patchy_high,32,R3,True,450,low_extraction_rate,0.25625,10.0
patchy_high,32,R3,True,500,low_extraction_rate,0.234375,10.0
patchy_high,32,R3,True,550,low_extraction_rate,0.215625,10.0
patchy_high,32,R3,True,600,low_extraction_rate,0.2125,10.0
patchy_high,32,R3,True,650,low_extraction_rate,0.21875,10.0
patchy_high,32,R3,True,700,low_extraction_rate,0.24375,10.0
patchy_high,32,R3,True,750,low_extraction_rate,0.221875,10.0
patchy_high,32,R3,True,800,low_extraction_rate,0.228125,10.0
patchy_high,32,R3,True,850,low_extraction_rate,0.1875,10.0
patchy_high,32,R3,True,900,low_extraction_rate,0.19375,10.0
patchy_high,32,R3,True,950,low_extraction_rate,0.20625,10.0
patchy_high,32,R3,True,1000,low_extraction_rate,0.171875,10.0
patchy_high,32,R3,True,1050,low_extraction_rate,0.178125,10.0
patchy_high,32,R3,True,1100,low_extraction_rate,0.1625,10.0
patchy_high,32,R3,True,1150,low_extraction_rate,0.1375,10.0
patchy_high,32,R3,True,1200,low_extraction_rate,0.1375,10.0
patchy_high,32,R3,True,1250,low_extraction_rate,0.1625,10.0
patchy_high,32,R3,True,1300,low_extraction_rate,0.1625,10.0
patchy_high,32,R3,True,1350,low_extraction_rate,0.15,10.0
patchy_high,32,R3,True,1400,low_extraction_rate,0.1375,10.0
patchy_high,32,R3,True,1450,low_extraction_rate,0.165625,10.0
patchy_high,32,R3,True,1500,low_extraction_rate,0.159375,10.0
patchy_high,32,R3,True,1550,low_extraction_rate,0.146875,10.0
patchy_high,32,R3,True,1600,low_extraction_rate,0.178125,10.0
patchy_high,32,R3,True,1650,low_extraction_rate,0.1375,10.0
patchy_high,32,R3,True,1700,low_extraction_rate,0.121875,10.0
patchy_high,32,R3,True,1750,low_extraction_rate,0.153125,10.0
patchy_high,32,R3,True,1800,low_extraction_rate,0.11875,10.0
patchy_high,32,R3,True,1850,low_extraction_rate,0.109375,10.0
patchy_high,32,R3,True,1900,low_extraction_rate,0.125,10.0
patchy_high,32,R3,True,1950,low_extraction_rate,0.11875,10.0
patchy_high,32,R3,True,2000,low_extraction_rate,0.134375,10.0
patchy_high,32,R3,True,2050,low_extraction_rate,0.1,10.0
patchy_high,32,R3,True,2100,low_extraction_rate,0.1125,10.0
patchy_high,32,R3,True,2150,low_extraction_rate,0.096875,10.0
patchy_high,32,R3,True,2200,low_extraction_rate,0.146875,10.0
patchy_high,32,R3,True,2250,low_extraction_rate,0.1,10.0
patchy_high,32,R3,True,2300,low_extraction_rate,0.096875,10.0
patchy_high,32,R3,True,2350,low_extraction_rate,0.109375,10.0
patchy_high,32,R3,True,2400,low_extraction_rate,0.1125,10.0
patchy_high,32,R3,True,2450,low_extraction_rate,0.084375,10.0
patchy_high,32,R3,True,2500,low_extraction_rate,0.115625,10.0
patchy_high,32,R3,True,2550,low_extraction_rate,0.11875,10.0
patchy_high,32,R3,True,2600,low_extraction_rate,0.10625,10.0
patchy_high,32,R3,True,2650,low_extraction_rate,0.103125,10.0
patchy_high,32,R3,True,2700,low_extraction_rate,0.0875,10.0
patchy_high,32,R3,True,2750,low_extraction_rate,0.09375,10.0
patchy_high,32,R3,True,2800,low_extraction_rate,0.090625,10.0
patchy_high,32,R3,True,2850,low_extraction_rate,0.1125,10.0
patchy_high,32,R3,True,2900,low_extraction_rate,0.078125,10.0
patchy_high,32,R3,True,2950,low_extraction_rate,0.08125,10.0
patchy_high,32,R3,True,3000,low_extraction_rate,0.1,10.0
patchy_high,32,R3,True,3050,low_extraction_rate,0.10625,10.0
patchy_high,32,R3,True,3100,low_extraction_rate,0.096875,10.0
patchy_high,32,R3,True,3150,low_extraction_rate,0.08125,10.0
patchy_high,32,R3,True,3200,low_extraction_rate,0.1,10.0
patchy_high,32,R3,True,3250,low_extraction_rate,0.09375,10.0
patchy_high,32,R3,True,3300,low_extraction_rate,0.09375,10.0
patchy_high,32,R3,True,3350,low_extraction_rate,0.090625,10.0
patchy_high,32,R3,True,3400,low_extraction_rate,0.090625,10.0
patchy_high,32,R3,True,3450,low_extraction_rate,0.078125,10.0
patchy_high,32,R3,True,3500,low_extraction_rate,0.071875,10.0
patchy_high,32,R3,True,3550,low_extraction_rate,0.0625,10.0
patchy_high,32,R3,True,3600,low_extraction_rate,0.0625,10.0
patchy_high,32,R3,True,3650,low_extraction_rate,0.09375,10.0
patchy_high,32,R3,True,3700,low_extraction_rate,0.059375,10.0
patchy_high,32,R3,True,3750,low_extraction_rate,0.084375,10.0
patchy_high,32,R3,True,3800,low_extraction_rate,0.078125,10.0
patchy_high,32,R3,True,3850,low_extraction_rate,0.09375,10.0
patchy_high,32,R3,True,3900,low_extraction_rate,0.065625,10.0
patchy_high,32,R3,True,3950,low_extraction_rate,0.071875,10.0
patchy_high,32,R3,True,4000,low_extraction_rate,0.0625,10.0
patchy_high,32,R3,True,4050,low_extraction_rate,0.071875,10.0
patchy_high,32,R3,True,4100,low_extraction_rate,0.08125,10.0
patchy_high,32,R3,True,4150,low_extraction_rate,0.075,10.0
patchy_high,32,R3,True,4200,low_extraction_rate,0.06875,10.0
patchy_high,32,R3,True,4250,low_extraction_rate,0.053125,10.0
patchy_high,32,R3,True,4300,low_extraction_rate,0.075,10.0
patchy_high,32,R3,True,4350,low_extraction_rate,0.059375,10.0
patchy_high,32,R3,True,4400,low_extraction_rate,0.071875,10.0
patchy_high,32,R3,True,4450,low_extraction_rate,0.065625,10.0
patchy_high,32,R3,True,4500,low_extraction_rate,0.08125,10.0
patchy_high,32,R3,True,4550,low_extraction_rate,0.09375,10.0
patchy_high,32,R3,True,4600,low_extraction_rate,0.059375,10.0
patchy_high,32,R3,True,4650,low_extraction_rate,0.065625,10.0
patchy_high,32,R3,True,4700,low_extraction_rate,0.065625,10.0
patchy_high,32,R3,True,4750,low_extraction_rate,0.0625,10.0
patchy_high,32,R3,True,4800,low_extraction_rate,0.06875,10.0
patchy_high,32,R3,True,4850,low_extraction_rate,0.06875,10.0
patchy_high,32,R3,True,4900,low_extraction_rate,0.075,10.0
patchy_high,32,R3,True,4950,low_extraction_rate,0.065625,10.0
patchy_high,32,R3,True,5000,low_extraction_rate,0.0625,10.0
split_high_low,32,R1,False,1,visibility_gini,0.249755859375,10.0
split_high_low,32,R1,False,50,visibility_gini,0.2513671875,10.0
split_high_low,32,R1,False,100,visibility_gini,0.250048828125,10.0
split_high_low,32,R1,False,150,visibility_gini,0.2521484375,10.0
split_high_low,32,R1,False,200,visibility_gini,0.25341796875,10.0
split_high_low,32,R1,False,250,visibility_gini,0.2546875,10.0
split_high_low,32,R1,False,300,visibility_gini,0.255078125,10.0
split_high_low,32,R1,False,350,visibility_gini,0.25478515625,10.0
split_high_low,32,R1,False,400,visibility_gini,0.254052734375,10.0
split_high_low,32,R1,False,450,visibility_gini,0.25595703125,10.0
split_high_low,32,R1,False,500,visibility_gini,0.25654296875,10.0
split_high_low,32,R1,False,550,visibility_gini,0.257763671875,10.0
split_high_low,32,R1,False,600,visibility_gini,0.25927734375,10.0
split_high_low,32,R1,False,650,visibility_gini,0.260107421875,10.0
split_high_low,32,R1,False,700,visibility_gini,0.261865234375,10.0
split_high_low,32,R1,False,750,visibility_gini,0.26572265625,10.0
split_high_low,32,R1,False,800,visibility_gini,0.264599609375,10.0
split_high_low,32,R1,False,850,visibility_gini,0.266748046875,10.0
split_high_low,32,R1,False,900,visibility_gini,0.27021484375,10.0
split_high_low,32,R1,False,950,visibility_gini,0.272216796875,10.0
split_high_low,32,R1,False,1000,visibility_gini,0.274462890625,10.0
split_high_low,32,R1,False,1050,visibility_gini,0.275732421875,10.0
split_high_low,32,R1,False,1100,visibility_gini,0.275830078125,10.0
split_high_low,32,R1,False,1150,visibility_gini,0.2736328125,10.0
split_high_low,32,R1,False,1200,visibility_gini,0.271875,10.0
split_high_low,32,R1,False,1250,visibility_gini,0.2708984375,10.0
split_high_low,32,R1,False,1300,visibility_gini,0.271240234375,10.0
split_high_low,32,R1,False,1350,visibility_gini,0.270751953125,10.0
split_high_low,32,R1,False,1400,visibility_gini,0.271240234375,10.0
split_high_low,32,R1,False,1450,visibility_gini,0.272412109375,10.0
split_high_low,32,R1,False,1500,visibility_gini,0.27255859375,10.0
split_high_low,32,R1,False,1550,visibility_gini,0.273583984375,10.0
split_high_low,32,R1,False,1600,visibility_gini,0.271142578125,10.0
split_high_low,32,R1,False,1650,visibility_gini,0.273193359375,10.0
split_high_low,32,R1,False,1700,visibility_gini,0.273388671875,10.0
split_high_low,32,R1,False,1750,visibility_gini,0.274072265625,10.0
split_high_low,32,R1,False,1800,visibility_gini,0.273388671875,10.0
split_high_low,32,R1,False,1850,visibility_gini,0.27353515625,10.0
split_high_low,32,R1,False,1900,visibility_gini,0.27294921875,10.0
split_high_low,32,R1,False,1950,visibility_gini,0.275244140625,10.0
split_high_low,32,R1,False,2000,visibility_gini,0.2748046875,10.0
split_high_low,32,R1,False,2050,visibility_gini,0.276220703125,10.0
split_high_low,32,R1,False,2100,visibility_gini,0.2759765625,10.0
split_high_low,32,R1,False,2150,visibility_gini,0.2736328125,10.0
split_high_low,32,R1,False,2200,visibility_gini,0.275390625,10.0
split_high_low,32,R1,False,2250,visibility_gini,0.275634765625,10.0
split_high_low,32,R1,False,2300,visibility_gini,0.276708984375,10.0
split_high_low,32,R1,False,2350,visibility_gini,0.27705078125,10.0
split_high_low,32,R1,False,2400,visibility_gini,0.276416015625,10.0
split_high_low,32,R1,False,2450,visibility_gini,0.277490234375,10.0
split_high_low,32,R1,False,2500,visibility_gini,0.278125,10.0
split_high_low,32,R1,False,2550,visibility_gini,0.28076171875,10.0
split_high_low,32,R1,False,2600,visibility_gini,0.284033203125,10.0
split_high_low,32,R1,False,2650,visibility_gini,0.28388671875,10.0
split_high_low,32,R1,False,2700,visibility_gini,0.284521484375,10.0
split_high_low,32,R1,False,2750,visibility_gini,0.28525390625,10.0
split_high_low,32,R1,False,2800,visibility_gini,0.28525390625,10.0
split_high_low,32,R1,False,2850,visibility_gini,0.285107421875,10.0
split_high_low,32,R1,False,2900,visibility_gini,0.285400390625,10.0
split_high_low,32,R1,False,2950,visibility_gini,0.285400390625,10.0
split_high_low,32,R1,False,3000,visibility_gini,0.28818359375,10.0
split_high_low,32,R1,False,3050,visibility_gini,0.288330078125,10.0
split_high_low,32,R1,False,3100,visibility_gini,0.287841796875,10.0
split_high_low,32,R1,False,3150,visibility_gini,0.287255859375,10.0
split_high_low,32,R1,False,3200,visibility_gini,0.287255859375,10.0
split_high_low,32,R1,False,3250,visibility_gini,0.287939453125,10.0
split_high_low,32,R1,False,3300,visibility_gini,0.287939453125,10.0
split_high_low,32,R1,False,3350,visibility_gini,0.28837890625,10.0
split_high_low,32,R1,False,3400,visibility_gini,0.289794921875,10.0
split_high_low,32,R1,False,3450,visibility_gini,0.28818359375,10.0
split_high_low,32,R1,False,3500,visibility_gini,0.28837890625,10.0
split_high_low,32,R1,False,3550,visibility_gini,0.28896484375,10.0
split_high_low,32,R1,False,3600,visibility_gini,0.289453125,10.0
split_high_low,32,R1,False,3650,visibility_gini,0.2896484375,10.0
split_high_low,32,R1,False,3700,visibility_gini,0.2896484375,10.0
split_high_low,32,R1,False,3750,visibility_gini,0.2900390625,10.0
split_high_low,32,R1,False,3800,visibility_gini,0.290869140625,10.0
split_high_low,32,R1,False,3850,visibility_gini,0.29091796875,10.0
split_high_low,32,R1,False,3900,visibility_gini,0.2912109375,10.0
split_high_low,32,R1,False,3950,visibility_gini,0.29169921875,10.0
split_high_low,32,R1,False,4000,visibility_gini,0.291748046875,10.0
split_high_low,32,R1,False,4050,visibility_gini,0.291748046875,10.0
split_high_low,32,R1,False,4100,visibility_gini,0.29072265625,10.0
split_high_low,32,R1,False,4150,visibility_gini,0.290869140625,10.0
split_high_low,32,R1,False,4200,visibility_gini,0.289013671875,10.0
split_high_low,32,R1,False,4250,visibility_gini,0.289306640625,10.0
split_high_low,32,R1,False,4300,visibility_gini,0.290869140625,10.0
split_high_low,32,R1,False,4350,visibility_gini,0.2919921875,10.0
split_high_low,32,R1,False,4400,visibility_gini,0.29345703125,10.0
split_high_low,32,R1,False,4450,visibility_gini,0.293017578125,10.0
split_high_low,32,R1,False,4500,visibility_gini,0.29345703125,10.0
split_high_low,32,R1,False,4550,visibility_gini,0.294775390625,10.0
split_high_low,32,R1,False,4600,visibility_gini,0.29541015625,10.0
split_high_low,32,R1,False,4650,visibility_gini,0.295849609375,10.0
split_high_low,32,R1,False,4700,visibility_gini,0.294921875,10.0
split_high_low,32,R1,False,4750,visibility_gini,0.295166015625,10.0
split_high_low,32,R1,False,4800,visibility_gini,0.29599609375,10.0
split_high_low,32,R1,False,4850,visibility_gini,0.297509765625,10.0
split_high_low,32,R1,False,4900,visibility_gini,0.298388671875,10.0
split_high_low,32,R1,False,4950,visibility_gini,0.299755859375,10.0
split_high_low,32,R1,False,5000,visibility_gini,0.300439453125,10.0
split_high_low,32,R1,False,1,low_extraction_rate,0.50625,10.0
split_high_low,32,R1,False,50,low_extraction_rate,0.31875,10.0
split_high_low,32,R1,False,100,low_extraction_rate,0.278125,10.0
split_high_low,32,R1,False,150,low_extraction_rate,0.278125,10.0
split_high_low,32,R1,False,200,low_extraction_rate,0.25625,10.0
split_high_low,32,R1,False,250,low_extraction_rate,0.265625,10.0
split_high_low,32,R1,False,300,low_extraction_rate,0.240625,10.0
split_high_low,32,R1,False,350,low_extraction_rate,0.25,10.0
split_high_low,32,R1,False,400,low_extraction_rate,0.26875,10.0
split_high_low,32,R1,False,450,low_extraction_rate,0.2625,10.0
split_high_low,32,R1,False,500,low_extraction_rate,0.225,10.0
split_high_low,32,R1,False,550,low_extraction_rate,0.23125,10.0
split_high_low,32,R1,False,600,low_extraction_rate,0.25625,10.0
split_high_low,32,R1,False,650,low_extraction_rate,0.253125,10.0
split_high_low,32,R1,False,700,low_extraction_rate,0.21875,10.0
split_high_low,32,R1,False,750,low_extraction_rate,0.23125,10.0
split_high_low,32,R1,False,800,low_extraction_rate,0.203125,10.0
split_high_low,32,R1,False,850,low_extraction_rate,0.196875,10.0
split_high_low,32,R1,False,900,low_extraction_rate,0.190625,10.0
split_high_low,32,R1,False,950,low_extraction_rate,0.221875,10.0
split_high_low,32,R1,False,1000,low_extraction_rate,0.215625,10.0
split_high_low,32,R1,False,1050,low_extraction_rate,0.2375,10.0
split_high_low,32,R1,False,1100,low_extraction_rate,0.196875,10.0
split_high_low,32,R1,False,1150,low_extraction_rate,0.203125,10.0
split_high_low,32,R1,False,1200,low_extraction_rate,0.18125,10.0
split_high_low,32,R1,False,1250,low_extraction_rate,0.24375,10.0
split_high_low,32,R1,False,1300,low_extraction_rate,0.20625,10.0
split_high_low,32,R1,False,1350,low_extraction_rate,0.228125,10.0
split_high_low,32,R1,False,1400,low_extraction_rate,0.16875,10.0
split_high_low,32,R1,False,1450,low_extraction_rate,0.20625,10.0
split_high_low,32,R1,False,1500,low_extraction_rate,0.221875,10.0
split_high_low,32,R1,False,1550,low_extraction_rate,0.15625,10.0
split_high_low,32,R1,False,1600,low_extraction_rate,0.1875,10.0
split_high_low,32,R1,False,1650,low_extraction_rate,0.1875,10.0
split_high_low,32,R1,False,1700,low_extraction_rate,0.1625,10.0
split_high_low,32,R1,False,1750,low_extraction_rate,0.19375,10.0
split_high_low,32,R1,False,1800,low_extraction_rate,0.18125,10.0
split_high_low,32,R1,False,1850,low_extraction_rate,0.196875,10.0
split_high_low,32,R1,False,1900,low_extraction_rate,0.1625,10.0
split_high_low,32,R1,False,1950,low_extraction_rate,0.165625,10.0
split_high_low,32,R1,False,2000,low_extraction_rate,0.1625,10.0
split_high_low,32,R1,False,2050,low_extraction_rate,0.196875,10.0
split_high_low,32,R1,False,2100,low_extraction_rate,0.178125,10.0
split_high_low,32,R1,False,2150,low_extraction_rate,0.18125,10.0
split_high_low,32,R1,False,2200,low_extraction_rate,0.184375,10.0
split_high_low,32,R1,False,2250,low_extraction_rate,0.165625,10.0
split_high_low,32,R1,False,2300,low_extraction_rate,0.13125,10.0
split_high_low,32,R1,False,2350,low_extraction_rate,0.16875,10.0
split_high_low,32,R1,False,2400,low_extraction_rate,0.15625,10.0
split_high_low,32,R1,False,2450,low_extraction_rate,0.153125,10.0
split_high_low,32,R1,False,2500,low_extraction_rate,0.171875,10.0
split_high_low,32,R1,False,2550,low_extraction_rate,0.159375,10.0
split_high_low,32,R1,False,2600,low_extraction_rate,0.159375,10.0
split_high_low,32,R1,False,2650,low_extraction_rate,0.1625,10.0
split_high_low,32,R1,False,2700,low_extraction_rate,0.15,10.0
split_high_low,32,R1,False,2750,low_extraction_rate,0.140625,10.0
split_high_low,32,R1,False,2800,low_extraction_rate,0.178125,10.0
split_high_low,32,R1,False,2850,low_extraction_rate,0.1625,10.0
split_high_low,32,R1,False,2900,low_extraction_rate,0.15625,10.0
split_high_low,32,R1,False,2950,low_extraction_rate,0.146875,10.0
split_high_low,32,R1,False,3000,low_extraction_rate,0.16875,10.0
split_high_low,32,R1,False,3050,low_extraction_rate,0.171875,10.0
split_high_low,32,R1,False,3100,low_extraction_rate,0.196875,10.0
split_high_low,32,R1,False,3150,low_extraction_rate,0.15625,10.0
split_high_low,32,R1,False,3200,low_extraction_rate,0.171875,10.0
split_high_low,32,R1,False,3250,low_extraction_rate,0.159375,10.0
split_high_low,32,R1,False,3300,low_extraction_rate,0.175,10.0
split_high_low,32,R1,False,3350,low_extraction_rate,0.1625,10.0
split_high_low,32,R1,False,3400,low_extraction_rate,0.165625,10.0
split_high_low,32,R1,False,3450,low_extraction_rate,0.15625,10.0
split_high_low,32,R1,False,3500,low_extraction_rate,0.15625,10.0
split_high_low,32,R1,False,3550,low_extraction_rate,0.15625,10.0
split_high_low,32,R1,False,3600,low_extraction_rate,0.153125,10.0
split_high_low,32,R1,False,3650,low_extraction_rate,0.153125,10.0
split_high_low,32,R1,False,3700,low_extraction_rate,0.15625,10.0
split_high_low,32,R1,False,3750,low_extraction_rate,0.134375,10.0
split_high_low,32,R1,False,3800,low_extraction_rate,0.121875,10.0
split_high_low,32,R1,False,3850,low_extraction_rate,0.11875,10.0
split_high_low,32,R1,False,3900,low_extraction_rate,0.109375,10.0
split_high_low,32,R1,False,3950,low_extraction_rate,0.140625,10.0
split_high_low,32,R1,False,4000,low_extraction_rate,0.134375,10.0
split_high_low,32,R1,False,4050,low_extraction_rate,0.153125,10.0
split_high_low,32,R1,False,4100,low_extraction_rate,0.153125,10.0
split_high_low,32,R1,False,4150,low_extraction_rate,0.165625,10.0
split_high_low,32,R1,False,4200,low_extraction_rate,0.134375,10.0
split_high_low,32,R1,False,4250,low_extraction_rate,0.128125,10.0
split_high_low,32,R1,False,4300,low_extraction_rate,0.128125,10.0
split_high_low,32,R1,False,4350,low_extraction_rate,0.159375,10.0
split_high_low,32,R1,False,4400,low_extraction_rate,0.134375,10.0
split_high_low,32,R1,False,4450,low_extraction_rate,0.140625,10.0
split_high_low,32,R1,False,4500,low_extraction_rate,0.14375,10.0
split_high_low,32,R1,False,4550,low_extraction_rate,0.14375,10.0
split_high_low,32,R1,False,4600,low_extraction_rate,0.115625,10.0
split_high_low,32,R1,False,4650,low_extraction_rate,0.125,10.0
split_high_low,32,R1,False,4700,low_extraction_rate,0.140625,10.0
split_high_low,32,R1,False,4750,low_extraction_rate,0.146875,10.0
split_high_low,32,R1,False,4800,low_extraction_rate,0.128125,10.0
split_high_low,32,R1,False,4850,low_extraction_rate,0.146875,10.0
split_high_low,32,R1,False,4900,low_extraction_rate,0.11875,10.0
split_high_low,32,R1,False,4950,low_extraction_rate,0.125,10.0
split_high_low,32,R1,False,5000,low_extraction_rate,0.125,10.0
split_high_low,32,R1,True,1,visibility_gini,0.249755859375,10.0
split_high_low,32,R1,True,50,visibility_gini,0.25068359375,10.0
split_high_low,32,R1,True,100,visibility_gini,0.252294921875,10.0
split_high_low,32,R1,True,150,visibility_gini,0.252880859375,10.0
split_high_low,32,R1,True,200,visibility_gini,0.254638671875,10.0
split_high_low,32,R1,True,250,visibility_gini,0.2552734375,10.0
split_high_low,32,R1,True,300,visibility_gini,0.255908203125,10.0
split_high_low,32,R1,True,350,visibility_gini,0.255712890625,10.0
split_high_low,32,R1,True,400,visibility_gini,0.255078125,10.0
split_high_low,32,R1,True,450,visibility_gini,0.255810546875,10.0
split_high_low,32,R1,True,500,visibility_gini,0.256982421875,10.0
split_high_low,32,R1,True,550,visibility_gini,0.25703125,10.0
split_high_low,32,R1,True,600,visibility_gini,0.26015625,10.0
split_high_low,32,R1,True,650,visibility_gini,0.258740234375,10.0
split_high_low,32,R1,True,700,visibility_gini,0.261767578125,10.0
split_high_low,32,R1,True,750,visibility_gini,0.266796875,10.0
split_high_low,32,R1,True,800,visibility_gini,0.267041015625,10.0
split_high_low,32,R1,True,850,visibility_gini,0.265234375,10.0
split_high_low,32,R1,True,900,visibility_gini,0.26796875,10.0
split_high_low,32,R1,True,950,visibility_gini,0.26845703125,10.0
split_high_low,32,R1,True,1000,visibility_gini,0.2703125,10.0
split_high_low,32,R1,True,1050,visibility_gini,0.27197265625,10.0
split_high_low,32,R1,True,1100,visibility_gini,0.274267578125,10.0
split_high_low,32,R1,True,1150,visibility_gini,0.270361328125,10.0
split_high_low,32,R1,True,1200,visibility_gini,0.271044921875,10.0
split_high_low,32,R1,True,1250,visibility_gini,0.2755859375,10.0
split_high_low,32,R1,True,1300,visibility_gini,0.274755859375,10.0
split_high_low,32,R1,True,1350,visibility_gini,0.275,10.0
split_high_low,32,R1,True,1400,visibility_gini,0.2779296875,10.0
split_high_low,32,R1,True,1450,visibility_gini,0.273974609375,10.0
split_high_low,32,R1,True,1500,visibility_gini,0.274853515625,10.0
split_high_low,32,R1,True,1550,visibility_gini,0.27763671875,10.0
split_high_low,32,R1,True,1600,visibility_gini,0.275537109375,10.0
split_high_low,32,R1,True,1650,visibility_gini,0.2775390625,10.0
split_high_low,32,R1,True,1700,visibility_gini,0.278173828125,10.0
split_high_low,32,R1,True,1750,visibility_gini,0.281396484375,10.0
split_high_low,32,R1,True,1800,visibility_gini,0.28154296875,10.0
split_high_low,32,R1,True,1850,visibility_gini,0.281494140625,10.0
split_high_low,32,R1,True,1900,visibility_gini,0.280859375,10.0
split_high_low,32,R1,True,1950,visibility_gini,0.282177734375,10.0
split_high_low,32,R1,True,2000,visibility_gini,0.2818359375,10.0
split_high_low,32,R1,True,2050,visibility_gini,0.284228515625,10.0
split_high_low,32,R1,True,2100,visibility_gini,0.28505859375,10.0
split_high_low,32,R1,True,2150,visibility_gini,0.284716796875,10.0
split_high_low,32,R1,True,2200,visibility_gini,0.28759765625,10.0
split_high_low,32,R1,True,2250,visibility_gini,0.285546875,10.0
split_high_low,32,R1,True,2300,visibility_gini,0.285009765625,10.0
split_high_low,32,R1,True,2350,visibility_gini,0.2861328125,10.0
split_high_low,32,R1,True,2400,visibility_gini,0.286767578125,10.0
split_high_low,32,R1,True,2450,visibility_gini,0.288134765625,10.0
split_high_low,32,R1,True,2500,visibility_gini,0.290087890625,10.0
split_high_low,32,R1,True,2550,visibility_gini,0.28984375,10.0
split_high_low,32,R1,True,2600,visibility_gini,0.2912109375,10.0
split_high_low,32,R1,True,2650,visibility_gini,0.29326171875,10.0
split_high_low,32,R1,True,2700,visibility_gini,0.294140625,10.0
split_high_low,32,R1,True,2750,visibility_gini,0.294970703125,10.0
split_high_low,32,R1,True,2800,visibility_gini,0.294970703125,10.0
split_high_low,32,R1,True,2850,visibility_gini,0.295263671875,10.0
split_high_low,32,R1,True,2900,visibility_gini,0.295166015625,10.0
split_high_low,32,R1,True,2950,visibility_gini,0.295166015625,10.0
split_high_low,32,R1,True,3000,visibility_gini,0.296435546875,10.0
split_high_low,32,R1,True,3050,visibility_gini,0.29814453125,10.0
split_high_low,32,R1,True,3100,visibility_gini,0.2982421875,10.0
split_high_low,32,R1,True,3150,visibility_gini,0.29833984375,10.0
split_high_low,32,R1,True,3200,visibility_gini,0.29833984375,10.0
split_high_low,32,R1,True,3250,visibility_gini,0.298583984375,10.0
split_high_low,32,R1,True,3300,visibility_gini,0.298583984375,10.0
split_high_low,32,R1,True,3350,visibility_gini,0.30029296875,10.0
split_high_low,32,R1,True,3400,visibility_gini,0.29951171875,10.0
split_high_low,32,R1,True,3450,visibility_gini,0.300341796875,10.0
split_high_low,32,R1,True,3500,visibility_gini,0.298681640625,10.0
split_high_low,32,R1,True,3550,visibility_gini,0.2986328125,10.0
split_high_low,32,R1,True,3600,visibility_gini,0.299267578125,10.0
split_high_low,32,R1,True,3650,visibility_gini,0.298828125,10.0
split_high_low,32,R1,True,3700,visibility_gini,0.29912109375,10.0
split_high_low,32,R1,True,3750,visibility_gini,0.298974609375,10.0
split_high_low,32,R1,True,3800,visibility_gini,0.298974609375,10.0
split_high_low,32,R1,True,3850,visibility_gini,0.30009765625,10.0
split_high_low,32,R1,True,3900,visibility_gini,0.299609375,10.0
split_high_low,32,R1,True,3950,visibility_gini,0.299560546875,10.0
split_high_low,32,R1,True,4000,visibility_gini,0.300537109375,10.0
split_high_low,32,R1,True,4050,visibility_gini,0.300537109375,10.0
split_high_low,32,R1,True,4100,visibility_gini,0.30166015625,10.0
split_high_low,32,R1,True,4150,visibility_gini,0.304248046875,10.0
split_high_low,32,R1,True,4200,visibility_gini,0.302734375,10.0
split_high_low,32,R1,True,4250,visibility_gini,0.30302734375,10.0
split_high_low,32,R1,True,4300,visibility_gini,0.302490234375,10.0
split_high_low,32,R1,True,4350,visibility_gini,0.300927734375,10.0
split_high_low,32,R1,True,4400,visibility_gini,0.3037109375,10.0
split_high_low,32,R1,True,4450,visibility_gini,0.305029296875,10.0
split_high_low,32,R1,True,4500,visibility_gini,0.305322265625,10.0
split_high_low,32,R1,True,4550,visibility_gini,0.306494140625,10.0
split_high_low,32,R1,True,4600,visibility_gini,0.306298828125,10.0
split_high_low,32,R1,True,4650,visibility_gini,0.30556640625,10.0
split_high_low,32,R1,True,4700,visibility_gini,0.306982421875,10.0
split_high_low,32,R1,True,4750,visibility_gini,0.307470703125,10.0
split_high_low,32,R1,True,4800,visibility_gini,0.309423828125,10.0
split_high_low,32,R1,True,4850,visibility_gini,0.310693359375,10.0
split_high_low,32,R1,True,4900,visibility_gini,0.311083984375,10.0
split_high_low,32,R1,True,4950,visibility_gini,0.31328125,10.0
split_high_low,32,R1,True,5000,visibility_gini,0.31357421875,10.0
split_high_low,32,R1,True,1,low_extraction_rate,0.50625,10.0
split_high_low,32,R1,True,50,low_extraction_rate,0.31875,10.0
split_high_low,32,R1,True,100,low_extraction_rate,0.290625,10.0
split_high_low,32,R1,True,150,low_extraction_rate,0.278125,10.0
split_high_low,32,R1,True,200,low_extraction_rate,0.246875,10.0
split_high_low,32,R1,True,250,low_extraction_rate,0.278125,10.0
split_high_low,32,R1,True,300,low_extraction_rate,0.225,10.0
split_high_low,32,R1,True,350,low_extraction_rate,0.25,10.0
split_high_low,32,R1,True,400,low_extraction_rate,0.221875,10.0
split_high_low,32,R1,True,450,low_extraction_rate,0.24375,10.0
split_high_low,32,R1,True,500,low_extraction_rate,0.225,10.0
split_high_low,32,R1,True,550,low_extraction_rate,0.19375,10.0
split_high_low,32,R1,True,600,low_extraction_rate,0.25,10.0
split_high_low,32,R1,True,650,low_extraction_rate,0.215625,10.0
split_high_low,32,R1,True,700,low_extraction_rate,0.196875,10.0
split_high_low,32,R1,True,750,low_extraction_rate,0.215625,10.0
split_high_low,32,R1,True,800,low_extraction_rate,0.16875,10.0
split_high_low,32,R1,True,850,low_extraction_rate,0.228125,10.0
split_high_low,32,R1,True,900,low_extraction_rate,0.1875,10.0
split_high_low,32,R1,True,950,low_extraction_rate,0.209375,10.0
split_high_low,32,R1,True,1000,low_extraction_rate,0.178125,10.0
split_high_low,32,R1,True,1050,low_extraction_rate,0.19375,10.0
split_high_low,32,R1,True,1100,low_extraction_rate,0.18125,10.0
split_high_low,32,R1,True,1150,low_extraction_rate,0.18125,10.0
split_high_low,32,R1,True,1200,low_extraction_rate,0.20625,10.0
split_high_low,32,R1,True,1250,low_extraction_rate,0.259375,10.0
split_high_low,32,R1,True,1300,low_extraction_rate,0.221875,10.0
split_high_low,32,R1,True,1350,low_extraction_rate,0.1875,10.0
split_high_low,32,R1,True,1400,low_extraction_rate,0.20625,10.0
split_high_low,32,R1,True,1450,low_extraction_rate,0.2125,10.0
split_high_low,32,R1,True,1500,low_extraction_rate,0.21875,10.0
split_high_low,32,R1,True,1550,low_extraction_rate,0.175,10.0
split_high_low,32,R1,True,1600,low_extraction_rate,0.19375,10.0
split_high_low,32,R1,True,1650,low_extraction_rate,0.15625,10.0
split_high_low,32,R1,True,1700,low_extraction_rate,0.178125,10.0
split_high_low,32,R1,True,1750,low_extraction_rate,0.140625,10.0
split_high_low,32,R1,True,1800,low_extraction_rate,0.175,10.0
split_high_low,32,R1,True,1850,low_extraction_rate,0.178125,10.0
split_high_low,32,R1,True,1900,low_extraction_rate,0.18125,10.0
split_high_low,32,R1,True,1950,low_extraction_rate,0.153125,10.0
split_high_low,32,R1,True,2000,low_extraction_rate,0.146875,10.0
split_high_low,32,R1,True,2050,low_extraction_rate,0.175,10.0
split_high_low,32,R1,True,2100,low_extraction_rate,0.184375,10.0
split_high_low,32,R1,True,2150,low_extraction_rate,0.178125,10.0
split_high_low,32,R1,True,2200,low_extraction_rate,0.159375,10.0
split_high_low,32,R1,True,2250,low_extraction_rate,0.153125,10.0
split_high_low,32,R1,True,2300,low_extraction_rate,0.159375,10.0
split_high_low,32,R1,True,2350,low_extraction_rate,0.1875,10.0
split_high_low,32,R1,True,2400,low_extraction_rate,0.14375,10.0
split_high_low,32,R1,True,2450,low_extraction_rate,0.146875,10.0
split_high_low,32,R1,True,2500,low_extraction_rate,0.19375,10.0
split_high_low,32,R1,True,2550,low_extraction_rate,0.14375,10.0
split_high_low,32,R1,True,2600,low_extraction_rate,0.15,10.0
split_high_low,32,R1,True,2650,low_extraction_rate,0.146875,10.0
split_high_low,32,R1,True,2700,low_extraction_rate,0.1375,10.0
split_high_low,32,R1,True,2750,low_extraction_rate,0.15,10.0
split_high_low,32,R1,True,2800,low_extraction_rate,0.1625,10.0
split_high_low,32,R1,True,2850,low_extraction_rate,0.14375,10.0
split_high_low,32,R1,True,2900,low_extraction_rate,0.140625,10.0
split_high_low,32,R1,True,2950,low_extraction_rate,0.1,10.0
split_high_low,32,R1,True,3000,low_extraction_rate,0.15,10.0
split_high_low,32,R1,True,3050,low_extraction_rate,0.15,10.0
split_high_low,32,R1,True,3100,low_extraction_rate,0.159375,10.0
split_high_low,32,R1,True,3150,low_extraction_rate,0.1375,10.0
split_high_low,32,R1,True,3200,low_extraction_rate,0.16875,10.0
split_high_low,32,R1,True,3250,low_extraction_rate,0.128125,10.0
split_high_low,32,R1,True,3300,low_extraction_rate,0.14375,10.0
split_high_low,32,R1,True,3350,low_extraction_rate,0.146875,10.0
split_high_low,32,R1,True,3400,low_extraction_rate,0.1375,10.0
split_high_low,32,R1,True,3450,low_extraction_rate,0.14375,10.0
split_high_low,32,R1,True,3500,low_extraction_rate,0.125,10.0
split_high_low,32,R1,True,3550,low_extraction_rate,0.146875,10.0
split_high_low,32,R1,True,3600,low_extraction_rate,0.140625,10.0
split_high_low,32,R1,True,3650,low_extraction_rate,0.1375,10.0
split_high_low,32,R1,True,3700,low_extraction_rate,0.13125,10.0
split_high_low,32,R1,True,3750,low_extraction_rate,0.178125,10.0
split_high_low,32,R1,True,3800,low_extraction_rate,0.1375,10.0
split_high_low,32,R1,True,3850,low_extraction_rate,0.140625,10.0
split_high_low,32,R1,True,3900,low_extraction_rate,0.13125,10.0
split_high_low,32,R1,True,3950,low_extraction_rate,0.15625,10.0
split_high_low,32,R1,True,4000,low_extraction_rate,0.14375,10.0
split_high_low,32,R1,True,4050,low_extraction_rate,0.15,10.0
split_high_low,32,R1,True,4100,low_extraction_rate,0.146875,10.0
split_high_low,32,R1,True,4150,low_extraction_rate,0.15625,10.0
split_high_low,32,R1,True,4200,low_extraction_rate,0.153125,10.0
split_high_low,32,R1,True,4250,low_extraction_rate,0.165625,10.0
split_high_low,32,R1,True,4300,low_extraction_rate,0.140625,10.0
split_high_low,32,R1,True,4350,low_extraction_rate,0.159375,10.0
split_high_low,32,R1,True,4400,low_extraction_rate,0.140625,10.0
split_high_low,32,R1,True,4450,low_extraction_rate,0.140625,10.0
split_high_low,32,R1,True,4500,low_extraction_rate,0.178125,10.0
split_high_low,32,R1,True,4550,low_extraction_rate,0.140625,10.0
split_high_low,32,R1,True,4600,low_extraction_rate,0.15625,10.0
split_high_low,32,R1,True,4650,low_extraction_rate,0.15625,10.0
split_high_low,32,R1,True,4700,low_extraction_rate,0.15625,10.0
split_high_low,32,R1,True,4750,low_extraction_rate,0.15625,10.0
split_high_low,32,R1,True,4800,low_extraction_rate,0.146875,10.0
split_high_low,32,R1,True,4850,low_extraction_rate,0.153125,10.0
split_high_low,32,R1,True,4900,low_extraction_rate,0.140625,10.0
split_high_low,32,R1,True,4950,low_extraction_rate,0.109375,10.0
split_high_low,32,R1,True,5000,low_extraction_rate,0.18125,10.0
split_high_low,32,R2,False,1,visibility_gini,0.249755859375,10.0
split_high_low,32,R2,False,50,visibility_gini,0.25087890625,10.0
split_high_low,32,R2,False,100,visibility_gini,0.2505859375,10.0
split_high_low,32,R2,False,150,visibility_gini,0.25302734375,10.0
split_high_low,32,R2,False,200,visibility_gini,0.255078125,10.0
split_high_low,32,R2,False,250,visibility_gini,0.252978515625,10.0
split_high_low,32,R2,False,300,visibility_gini,0.25185546875,10.0
split_high_low,32,R2,False,350,visibility_gini,0.252001953125,10.0
split_high_low,32,R2,False,400,visibility_gini,0.254296875,10.0
split_high_low,32,R2,False,450,visibility_gini,0.25546875,10.0
split_high_low,32,R2,False,500,visibility_gini,0.25439453125,10.0
split_high_low,32,R2,False,550,visibility_gini,0.254931640625,10.0
split_high_low,32,R2,False,600,visibility_gini,0.258837890625,10.0
split_high_low,32,R2,False,650,visibility_gini,0.25751953125,10.0
split_high_low,32,R2,False,700,visibility_gini,0.2564453125,10.0
split_high_low,32,R2,False,750,visibility_gini,0.259423828125,10.0
split_high_low,32,R2,False,800,visibility_gini,0.259912109375,10.0
split_high_low,32,R2,False,850,visibility_gini,0.26240234375,10.0
split_high_low,32,R2,False,900,visibility_gini,0.2607421875,10.0
split_high_low,32,R2,False,950,visibility_gini,0.25986328125,10.0
split_high_low,32,R2,False,1000,visibility_gini,0.261376953125,10.0
split_high_low,32,R2,False,1050,visibility_gini,0.261083984375,10.0
split_high_low,32,R2,False,1100,visibility_gini,0.261328125,10.0
split_high_low,32,R2,False,1150,visibility_gini,0.25986328125,10.0
split_high_low,32,R2,False,1200,visibility_gini,0.26103515625,10.0
split_high_low,32,R2,False,1250,visibility_gini,0.2609375,10.0
split_high_low,32,R2,False,1300,visibility_gini,0.2607421875,10.0
split_high_low,32,R2,False,1350,visibility_gini,0.2626953125,10.0
split_high_low,32,R2,False,1400,visibility_gini,0.26484375,10.0
split_high_low,32,R2,False,1450,visibility_gini,0.2646484375,10.0
split_high_low,32,R2,False,1500,visibility_gini,0.263818359375,10.0
split_high_low,32,R2,False,1550,visibility_gini,0.264794921875,10.0
split_high_low,32,R2,False,1600,visibility_gini,0.26455078125,10.0
split_high_low,32,R2,False,1650,visibility_gini,0.266796875,10.0
split_high_low,32,R2,False,1700,visibility_gini,0.2681640625,10.0
split_high_low,32,R2,False,1750,visibility_gini,0.267578125,10.0
split_high_low,32,R2,False,1800,visibility_gini,0.266845703125,10.0
split_high_low,32,R2,False,1850,visibility_gini,0.265966796875,10.0
split_high_low,32,R2,False,1900,visibility_gini,0.268359375,10.0
split_high_low,32,R2,False,1950,visibility_gini,0.26650390625,10.0
split_high_low,32,R2,False,2000,visibility_gini,0.267529296875,10.0
split_high_low,32,R2,False,2050,visibility_gini,0.2681640625,10.0
split_high_low,32,R2,False,2100,visibility_gini,0.270068359375,10.0
split_high_low,32,R2,False,2150,visibility_gini,0.270751953125,10.0
split_high_low,32,R2,False,2200,visibility_gini,0.270654296875,10.0
split_high_low,32,R2,False,2250,visibility_gini,0.271044921875,10.0
split_high_low,32,R2,False,2300,visibility_gini,0.273583984375,10.0
split_high_low,32,R2,False,2350,visibility_gini,0.276904296875,10.0
split_high_low,32,R2,False,2400,visibility_gini,0.278173828125,10.0
split_high_low,32,R2,False,2450,visibility_gini,0.279248046875,10.0
split_high_low,32,R2,False,2500,visibility_gini,0.281005859375,10.0
split_high_low,32,R2,False,2550,visibility_gini,0.280029296875,10.0
split_high_low,32,R2,False,2600,visibility_gini,0.27939453125,10.0
split_high_low,32,R2,False,2650,visibility_gini,0.27744140625,10.0
split_high_low,32,R2,False,2700,visibility_gini,0.277734375,10.0
split_high_low,32,R2,False,2750,visibility_gini,0.27841796875,10.0
split_high_low,32,R2,False,2800,visibility_gini,0.280810546875,10.0
split_high_low,32,R2,False,2850,visibility_gini,0.279736328125,10.0
split_high_low,32,R2,False,2900,visibility_gini,0.2791015625,10.0
split_high_low,32,R2,False,2950,visibility_gini,0.27861328125,10.0
split_high_low,32,R2,False,3000,visibility_gini,0.27861328125,10.0
split_high_low,32,R2,False,3050,visibility_gini,0.27861328125,10.0
split_high_low,32,R2,False,3100,visibility_gini,0.277978515625,10.0
split_high_low,32,R2,False,3150,visibility_gini,0.277880859375,10.0
split_high_low,32,R2,False,3200,visibility_gini,0.27705078125,10.0
split_high_low,32,R2,False,3250,visibility_gini,0.277099609375,10.0
split_high_low,32,R2,False,3300,visibility_gini,0.277587890625,10.0
split_high_low,32,R2,False,3350,visibility_gini,0.277587890625,10.0
split_high_low,32,R2,False,3400,visibility_gini,0.27802734375,10.0
split_high_low,32,R2,False,3450,visibility_gini,0.2783203125,10.0
split_high_low,32,R2,False,3500,visibility_gini,0.279150390625,10.0
split_high_low,32,R2,False,3550,visibility_gini,0.279443359375,10.0
split_high_low,32,R2,False,3600,visibility_gini,0.28046875,10.0
split_high_low,32,R2,False,3650,visibility_gini,0.281689453125,10.0
split_high_low,32,R2,False,3700,visibility_gini,0.282958984375,10.0
split_high_low,32,R2,False,3750,visibility_gini,0.28349609375,10.0
split_high_low,32,R2,False,3800,visibility_gini,0.28271484375,10.0
split_high_low,32,R2,False,3850,visibility_gini,0.283251953125,10.0
split_high_low,32,R2,False,3900,visibility_gini,0.283984375,10.0
split_high_low,32,R2,False,3950,visibility_gini,0.28388671875,10.0
split_high_low,32,R2,False,4000,visibility_gini,0.283203125,10.0
split_high_low,32,R2,False,4050,visibility_gini,0.283203125,10.0
split_high_low,32,R2,False,4100,visibility_gini,0.28583984375,10.0
split_high_low,32,R2,False,4150,visibility_gini,0.286669921875,10.0
split_high_low,32,R2,False,4200,visibility_gini,0.28701171875,10.0
split_high_low,32,R2,False,4250,visibility_gini,0.28662109375,10.0
split_high_low,32,R2,False,4300,visibility_gini,0.28818359375,10.0
split_high_low,32,R2,False,4350,visibility_gini,0.2880859375,10.0
split_high_low,32,R2,False,4400,visibility_gini,0.28701171875,10.0
split_high_low,32,R2,False,4450,visibility_gini,0.290234375,10.0
split_high_low,32,R2,False,4500,visibility_gini,0.29189453125,10.0
split_high_low,32,R2,False,4550,visibility_gini,0.29140625,10.0
split_high_low,32,R2,False,4600,visibility_gini,0.2912109375,10.0
split_high_low,32,R2,False,4650,visibility_gini,0.2912109375,10.0
split_high_low,32,R2,False,4700,visibility_gini,0.292041015625,10.0
split_high_low,32,R2,False,4750,visibility_gini,0.291650390625,10.0
split_high_low,32,R2,False,4800,visibility_gini,0.291259765625,10.0
split_high_low,32,R2,False,4850,visibility_gini,0.291015625,10.0
split_high_low,32,R2,False,4900,visibility_gini,0.291015625,10.0
split_high_low,32,R2,False,4950,visibility_gini,0.291015625,10.0
split_high_low,32,R2,False,5000,visibility_gini,0.291064453125,10.0
split_high_low,32,R2,False,1,low_extraction_rate,0.50625,10.0
split_high_low,32,R2,False,50,low_extraction_rate,0.31875,10.0
split_high_low,32,R2,False,100,low_extraction_rate,0.284375,10.0
split_high_low,32,R2,False,150,low_extraction_rate,0.275,10.0
split_high_low,32,R2,False,200,low_extraction_rate,0.25,10.0
split_high_low,32,R2,False,250,low_extraction_rate,0.265625,10.0
split_high_low,32,R2,False,300,low_extraction_rate,0.25,10.0
split_high_low,32,R2,False,350,low_extraction_rate,0.234375,10.0
split_high_low,32,R2,False,400,low_extraction_rate,0.234375,10.0
split_high_low,32,R2,False,450,low_extraction_rate,0.25625,10.0
split_high_low,32,R2,False,500,low_extraction_rate,0.246875,10.0
split_high_low,32,R2,False,550,low_extraction_rate,0.228125,10.0
split_high_low,32,R2,False,600,low_extraction_rate,0.25625,10.0
split_high_low,32,R2,False,650,low_extraction_rate,0.2375,10.0
split_high_low,32,R2,False,700,low_extraction_rate,0.203125,10.0
split_high_low,32,R2,False,750,low_extraction_rate,0.209375,10.0
split_high_low,32,R2,False,800,low_extraction_rate,0.190625,10.0
split_high_low,32,R2,False,850,low_extraction_rate,0.21875,10.0
split_high_low,32,R2,False,900,low_extraction_rate,0.196875,10.0
split_high_low,32,R2,False,950,low_extraction_rate,0.2,10.0
split_high_low,32,R2,False,1000,low_extraction_rate,0.25,10.0
split_high_low,32,R2,False,1050,low_extraction_rate,0.196875,10.0
split_high_low,32,R2,False,1100,low_extraction_rate,0.18125,10.0
split_high_low,32,R2,False,1150,low_extraction_rate,0.178125,10.0
split_high_low,32,R2,False,1200,low_extraction_rate,0.175,10.0
split_high_low,32,R2,False,1250,low_extraction_rate,0.228125,10.0
split_high_low,32,R2,False,1300,low_extraction_rate,0.20625,10.0
split_high_low,32,R2,False,1350,low_extraction_rate,0.2125,10.0
split_high_low,32,R2,False,1400,low_extraction_rate,0.18125,10.0
split_high_low,32,R2,False,1450,low_extraction_rate,0.1875,10.0
split_high_low,32,R2,False,1500,low_extraction_rate,0.2125,10.0
split_high_low,32,R2,False,1550,low_extraction_rate,0.15625,10.0
split_high_low,32,R2,False,1600,low_extraction_rate,0.203125,10.0
split_high_low,32,R2,False,1650,low_extraction_rate,0.171875,10.0
split_high_low,32,R2,False,1700,low_extraction_rate,0.15,10.0
split_high_low,32,R2,False,1750,low_extraction_rate,0.153125,10.0
split_high_low,32,R2,False,1800,low_extraction_rate,0.175,10.0
split_high_low,32,R2,False,1850,low_extraction_rate,0.190625,10.0
split_high_low,32,R2,False,1900,low_extraction_rate,0.153125,10.0
split_high_low,32,R2,False,1950,low_extraction_rate,0.134375,10.0
split_high_low,32,R2,False,2000,low_extraction_rate,0.178125,10.0
split_high_low,32,R2,False,2050,low_extraction_rate,0.209375,10.0
split_high_low,32,R2,False,2100,low_extraction_rate,0.153125,10.0
split_high_low,32,R2,False,2150,low_extraction_rate,0.1625,10.0
split_high_low,32,R2,False,2200,low_extraction_rate,0.1875,10.0
split_high_low,32,R2,False,2250,low_extraction_rate,0.15,10.0
split_high_low,32,R2,False,2300,low_extraction_rate,0.165625,10.0
split_high_low,32,R2,False,2350,low_extraction_rate,0.159375,10.0
split_high_low,32,R2,False,2400,low_extraction_rate,0.184375,10.0
split_high_low,32,R2,False,2450,low_extraction_rate,0.175,10.0
split_high_low,32,R2,False,2500,low_extraction_rate,0.15625,10.0
split_high_low,32,R2,False,2550,low_extraction_rate,0.1375,10.0
split_high_low,32,R2,False,2600,low_extraction_rate,0.178125,10.0
split_high_low,32,R2,False,2650,low_extraction_rate,0.190625,10.0
split_high_low,32,R2,False,2700,low_extraction_rate,0.178125,10.0
split_high_low,32,R2,False,2750,low_extraction_rate,0.175,10.0
split_high_low,32,R2,False,2800,low_extraction_rate,0.165625,10.0
split_high_low,32,R2,False,2850,low_extraction_rate,0.18125,10.0
split_high_low,32,R2,False,2900,low_extraction_rate,0.153125,10.0
split_high_low,32,R2,False,2950,low_extraction_rate,0.165625,10.0
split_high_low,32,R2,False,3000,low_extraction_rate,0.165625,10.0
split_high_low,32,R2,False,3050,low_extraction_rate,0.1875,10.0
split_high_low,32,R2,False,3100,low_extraction_rate,0.2125,10.0
split_high_low,32,R2,False,3150,low_extraction_rate,0.165625,10.0
split_high_low,32,R2,False,3200,low_extraction_rate,0.18125,10.0
split_high_low,32,R2,False,3250,low_extraction_rate,0.16875,10.0
split_high_low,32,R2,False,3300,low_extraction_rate,0.18125,10.0
split_high_low,32,R2,False,3350,low_extraction_rate,0.16875,10.0
split_high_low,32,R2,False,3400,low_extraction_rate,0.146875,10.0
split_high_low,32,R2,False,3450,low_extraction_rate,0.184375,10.0
split_high_low,32,R2,False,3500,low_extraction_rate,0.178125,10.0
split_high_low,32,R2,False,3550,low_extraction_rate,0.15625,10.0
split_high_low,32,R2,False,3600,low_extraction_rate,0.15,10.0
split_high_low,32,R2,False,3650,low_extraction_rate,0.14375,10.0
split_high_low,32,R2,False,3700,low_extraction_rate,0.14375,10.0
split_high_low,32,R2,False,3750,low_extraction_rate,0.1375,10.0
split_high_low,32,R2,False,3800,low_extraction_rate,0.159375,10.0
split_high_low,32,R2,False,3850,low_extraction_rate,0.140625,10.0
split_high_low,32,R2,False,3900,low_extraction_rate,0.140625,10.0
split_high_low,32,R2,False,3950,low_extraction_rate,0.128125,10.0
split_high_low,32,R2,False,4000,low_extraction_rate,0.175,10.0
split_high_low,32,R2,False,4050,low_extraction_rate,0.140625,10.0
split_high_low,32,R2,False,4100,low_extraction_rate,0.184375,10.0
split_high_low,32,R2,False,4150,low_extraction_rate,0.1625,10.0
split_high_low,32,R2,False,4200,low_extraction_rate,0.165625,10.0
split_high_low,32,R2,False,4250,low_extraction_rate,0.13125,10.0
split_high_low,32,R2,False,4300,low_extraction_rate,0.159375,10.0
split_high_low,32,R2,False,4350,low_extraction_rate,0.14375,10.0
split_high_low,32,R2,False,4400,low_extraction_rate,0.140625,10.0
split_high_low,32,R2,False,4450,low_extraction_rate,0.15625,10.0
split_high_low,32,R2,False,4500,low_extraction_rate,0.159375,10.0
split_high_low,32,R2,False,4550,low_extraction_rate,0.15625,10.0
split_high_low,32,R2,False,4600,low_extraction_rate,0.109375,10.0
split_high_low,32,R2,False,4650,low_extraction_rate,0.146875,10.0
split_high_low,32,R2,False,4700,low_extraction_rate,0.134375,10.0
split_high_low,32,R2,False,4750,low_extraction_rate,0.13125,10.0
split_high_low,32,R2,False,4800,low_extraction_rate,0.128125,10.0
split_high_low,32,R2,False,4850,low_extraction_rate,0.13125,10.0
split_high_low,32,R2,False,4900,low_extraction_rate,0.13125,10.0
split_high_low,32,R2,False,4950,low_extraction_rate,0.140625,10.0
split_high_low,32,R2,False,5000,low_extraction_rate,0.128125,10.0
split_high_low,32,R2,True,1,visibility_gini,0.249755859375,10.0
split_high_low,32,R2,True,50,visibility_gini,0.249267578125,10.0
split_high_low,32,R2,True,100,visibility_gini,0.25087890625,10.0
split_high_low,32,R2,True,150,visibility_gini,0.25068359375,10.0
split_high_low,32,R2,True,200,visibility_gini,0.251513671875,10.0
split_high_low,32,R2,True,250,visibility_gini,0.25341796875,10.0
split_high_low,32,R2,True,300,visibility_gini,0.25205078125,10.0
split_high_low,32,R2,True,350,visibility_gini,0.2515625,10.0
split_high_low,32,R2,True,400,visibility_gini,0.251806640625,10.0
split_high_low,32,R2,True,450,visibility_gini,0.25322265625,10.0
split_high_low,32,R2,True,500,visibility_gini,0.252978515625,10.0
split_high_low,32,R2,True,550,visibility_gini,0.254296875,10.0
split_high_low,32,R2,True,600,visibility_gini,0.258154296875,10.0
split_high_low,32,R2,True,650,visibility_gini,0.255859375,10.0
split_high_low,32,R2,True,700,visibility_gini,0.25830078125,10.0
split_high_low,32,R2,True,750,visibility_gini,0.2619140625,10.0
split_high_low,32,R2,True,800,visibility_gini,0.263623046875,10.0
split_high_low,32,R2,True,850,visibility_gini,0.263623046875,10.0
split_high_low,32,R2,True,900,visibility_gini,0.26298828125,10.0
split_high_low,32,R2,True,950,visibility_gini,0.262109375,10.0
split_high_low,32,R2,True,1000,visibility_gini,0.263037109375,10.0
split_high_low,32,R2,True,1050,visibility_gini,0.2607421875,10.0
split_high_low,32,R2,True,1100,visibility_gini,0.26025390625,10.0
split_high_low,32,R2,True,1150,visibility_gini,0.260498046875,10.0
split_high_low,32,R2,True,1200,visibility_gini,0.262646484375,10.0
split_high_low,32,R2,True,1250,visibility_gini,0.2640625,10.0
split_high_low,32,R2,True,1300,visibility_gini,0.26318359375,10.0
split_high_low,32,R2,True,1350,visibility_gini,0.265576171875,10.0
split_high_low,32,R2,True,1400,visibility_gini,0.264501953125,10.0
split_high_low,32,R2,True,1450,visibility_gini,0.2626953125,10.0
split_high_low,32,R2,True,1500,visibility_gini,0.26328125,10.0
split_high_low,32,R2,True,1550,visibility_gini,0.263037109375,10.0
split_high_low,32,R2,True,1600,visibility_gini,0.26259765625,10.0
split_high_low,32,R2,True,1650,visibility_gini,0.264599609375,10.0
split_high_low,32,R2,True,1700,visibility_gini,0.26416015625,10.0
split_high_low,32,R2,True,1750,visibility_gini,0.26337890625,10.0
split_high_low,32,R2,True,1800,visibility_gini,0.263134765625,10.0
split_high_low,32,R2,True,1850,visibility_gini,0.262939453125,10.0
split_high_low,32,R2,True,1900,visibility_gini,0.26572265625,10.0
split_high_low,32,R2,True,1950,visibility_gini,0.2638671875,10.0
split_high_low,32,R2,True,2000,visibility_gini,0.2650390625,10.0
split_high_low,32,R2,True,2050,visibility_gini,0.2646484375,10.0
split_high_low,32,R2,True,2100,visibility_gini,0.26494140625,10.0
split_high_low,32,R2,True,2150,visibility_gini,0.26396484375,10.0
split_high_low,32,R2,True,2200,visibility_gini,0.26396484375,10.0
split_high_low,32,R2,True,2250,visibility_gini,0.264501953125,10.0
split_high_low,32,R2,True,2300,visibility_gini,0.265478515625,10.0
split_high_low,32,R2,True,2350,visibility_gini,0.26728515625,10.0
split_high_low,32,R2,True,2400,visibility_gini,0.26904296875,10.0
split_high_low,32,R2,True,2450,visibility_gini,0.26767578125,10.0
split_high_low,32,R2,True,2500,visibility_gini,0.268310546875,10.0
split_high_low,32,R2,True,2550,visibility_gini,0.26953125,10.0
split_high_low,32,R2,True,2600,visibility_gini,0.2705078125,10.0
split_high_low,32,R2,True,2650,visibility_gini,0.270849609375,10.0
split_high_low,32,R2,True,2700,visibility_gini,0.272021484375,10.0
split_high_low,32,R2,True,2750,visibility_gini,0.2708984375,10.0
split_high_low,32,R2,True,2800,visibility_gini,0.269580078125,10.0
split_high_low,32,R2,True,2850,visibility_gini,0.271728515625,10.0
split_high_low,32,R2,True,2900,visibility_gini,0.273876953125,10.0
split_high_low,32,R2,True,2950,visibility_gini,0.27353515625,10.0
split_high_low,32,R2,True,3000,visibility_gini,0.27353515625,10.0
split_high_low,32,R2,True,3050,visibility_gini,0.27353515625,10.0
split_high_low,32,R2,True,3100,visibility_gini,0.273046875,10.0
split_high_low,32,R2,True,3150,visibility_gini,0.27216796875,10.0
split_high_low,32,R2,True,3200,visibility_gini,0.27060546875,10.0
split_high_low,32,R2,True,3250,visibility_gini,0.271240234375,10.0
split_high_low,32,R2,True,3300,visibility_gini,0.272021484375,10.0
split_high_low,32,R2,True,3350,visibility_gini,0.272021484375,10.0
split_high_low,32,R2,True,3400,visibility_gini,0.27392578125,10.0
split_high_low,32,R2,True,3450,visibility_gini,0.275537109375,10.0
split_high_low,32,R2,True,3500,visibility_gini,0.275537109375,10.0
split_high_low,32,R2,True,3550,visibility_gini,0.276708984375,10.0
split_high_low,32,R2,True,3600,visibility_gini,0.276611328125,10.0
split_high_low,32,R2,True,3650,visibility_gini,0.279248046875,10.0
split_high_low,32,R2,True,3700,visibility_gini,0.278662109375,10.0
split_high_low,32,R2,True,3750,visibility_gini,0.278173828125,10.0
split_high_low,32,R2,True,3800,visibility_gini,0.27802734375,10.0
split_high_low,32,R2,True,3850,visibility_gini,0.278173828125,10.0
split_high_low,32,R2,True,3900,visibility_gini,0.277490234375,10.0
split_high_low,32,R2,True,3950,visibility_gini,0.277392578125,10.0
split_high_low,32,R2,True,4000,visibility_gini,0.27919921875,10.0
split_high_low,32,R2,True,4050,visibility_gini,0.27919921875,10.0
split_high_low,32,R2,True,4100,visibility_gini,0.278515625,10.0
split_high_low,32,R2,True,4150,visibility_gini,0.2787109375,10.0
split_high_low,32,R2,True,4200,visibility_gini,0.279541015625,10.0
split_high_low,32,R2,True,4250,visibility_gini,0.278466796875,10.0
split_high_low,32,R2,True,4300,visibility_gini,0.279052734375,10.0
split_high_low,32,R2,True,4350,visibility_gini,0.278564453125,10.0
split_high_low,32,R2,True,4400,visibility_gini,0.279296875,10.0
split_high_low,32,R2,True,4450,visibility_gini,0.27744140625,10.0
split_high_low,32,R2,True,4500,visibility_gini,0.27705078125,10.0
split_high_low,32,R2,True,4550,visibility_gini,0.276708984375,10.0
split_high_low,32,R2,True,4600,visibility_gini,0.276220703125,10.0
split_high_low,32,R2,True,4650,visibility_gini,0.276220703125,10.0
split_high_low,32,R2,True,4700,visibility_gini,0.275927734375,10.0
split_high_low,32,R2,True,4750,visibility_gini,0.2759765625,10.0
split_high_low,32,R2,True,4800,visibility_gini,0.275732421875,10.0
split_high_low,32,R2,True,4850,visibility_gini,0.276123046875,10.0
split_high_low,32,R2,True,4900,visibility_gini,0.276123046875,10.0
split_high_low,32,R2,True,4950,visibility_gini,0.276123046875,10.0
split_high_low,32,R2,True,5000,visibility_gini,0.27734375,10.0
split_high_low,32,R2,True,1,low_extraction_rate,0.50625,10.0
split_high_low,32,R2,True,50,low_extraction_rate,0.31875,10.0
split_high_low,32,R2,True,100,low_extraction_rate,0.303125,10.0
split_high_low,32,R2,True,150,low_extraction_rate,0.278125,10.0
split_high_low,32,R2,True,200,low_extraction_rate,0.25,10.0
split_high_low,32,R2,True,250,low_extraction_rate,0.29375,10.0
split_high_low,32,R2,True,300,low_extraction_rate,0.23125,10.0
split_high_low,32,R2,True,350,low_extraction_rate,0.2625,10.0
split_high_low,32,R2,True,400,low_extraction_rate,0.234375,10.0
split_high_low,32,R2,True,450,low_extraction_rate,0.24375,10.0
split_high_low,32,R2,True,500,low_extraction_rate,0.2375,10.0
split_high_low,32,R2,True,550,low_extraction_rate,0.184375,10.0
split_high_low,32,R2,True,600,low_extraction_rate,0.215625,10.0
split_high_low,32,R2,True,650,low_extraction_rate,0.228125,10.0
split_high_low,32,R2,True,700,low_extraction_rate,0.178125,10.0
split_high_low,32,R2,True,750,low_extraction_rate,0.2,10.0
split_high_low,32,R2,True,800,low_extraction_rate,0.184375,10.0
split_high_low,32,R2,True,850,low_extraction_rate,0.228125,10.0
split_high_low,32,R2,True,900,low_extraction_rate,0.190625,10.0
split_high_low,32,R2,True,950,low_extraction_rate,0.20625,10.0
split_high_low,32,R2,True,1000,low_extraction_rate,0.24375,10.0
split_high_low,32,R2,True,1050,low_extraction_rate,0.2125,10.0
split_high_low,32,R2,True,1100,low_extraction_rate,0.171875,10.0
split_high_low,32,R2,True,1150,low_extraction_rate,0.2125,10.0
split_high_low,32,R2,True,1200,low_extraction_rate,0.196875,10.0
split_high_low,32,R2,True,1250,low_extraction_rate,0.20625,10.0
split_high_low,32,R2,True,1300,low_extraction_rate,0.2,10.0
split_high_low,32,R2,True,1350,low_extraction_rate,0.2125,10.0
split_high_low,32,R2,True,1400,low_extraction_rate,0.165625,10.0
split_high_low,32,R2,True,1450,low_extraction_rate,0.171875,10.0
split_high_low,32,R2,True,1500,low_extraction_rate,0.196875,10.0
split_high_low,32,R2,True,1550,low_extraction_rate,0.184375,10.0
split_high_low,32,R2,True,1600,low_extraction_rate,0.215625,10.0
split_high_low,32,R2,True,1650,low_extraction_rate,0.2125,10.0
split_high_low,32,R2,True,1700,low_extraction_rate,0.153125,10.0
split_high_low,32,R2,True,1750,low_extraction_rate,0.165625,10.0
split_high_low,32,R2,True,1800,low_extraction_rate,0.2125,10.0
split_high_low,32,R2,True,1850,low_extraction_rate,0.215625,10.0
split_high_low,32,R2,True,1900,low_extraction_rate,0.190625,10.0
split_high_low,32,R2,True,1950,low_extraction_rate,0.18125,10.0
split_high_low,32,R2,True,2000,low_extraction_rate,0.165625,10.0
split_high_low,32,R2,True,2050,low_extraction_rate,0.18125,10.0
split_high_low,32,R2,True,2100,low_extraction_rate,0.175,10.0
split_high_low,32,R2,True,2150,low_extraction_rate,0.165625,10.0
split_high_low,32,R2,True,2200,low_extraction_rate,0.165625,10.0
split_high_low,32,R2,True,2250,low_extraction_rate,0.1625,10.0
split_high_low,32,R2,True,2300,low_extraction_rate,0.171875,10.0
split_high_low,32,R2,True,2350,low_extraction_rate,0.175,10.0
split_high_low,32,R2,True,2400,low_extraction_rate,0.20625,10.0
split_high_low,32,R2,True,2450,low_extraction_rate,0.140625,10.0
split_high_low,32,R2,True,2500,low_extraction_rate,0.175,10.0
split_high_low,32,R2,True,2550,low_extraction_rate,0.190625,10.0
split_high_low,32,R2,True,2600,low_extraction_rate,0.153125,10.0
split_high_low,32,R2,True,2650,low_extraction_rate,0.184375,10.0
split_high_low,32,R2,True,2700,low_extraction_rate,0.165625,10.0
split_high_low,32,R2,True,2750,low_extraction_rate,0.125,10.0
split_high_low,32,R2,True,2800,low_extraction_rate,0.175,10.0
split_high_low,32,R2,True,2850,low_extraction_rate,0.1875,10.0
split_high_low,32,R2,True,2900,low_extraction_rate,0.159375,10.0
split_high_low,32,R2,True,2950,low_extraction_rate,0.153125,10.0
split_high_low,32,R2,True,3000,low_extraction_rate,0.134375,10.0
split_high_low,32,R2,True,3050,low_extraction_rate,0.140625,10.0
split_high_low,32,R2,True,3100,low_extraction_rate,0.159375,10.0
split_high_low,32,R2,True,3150,low_extraction_rate,0.153125,10.0
split_high_low,32,R2,True,3200,low_extraction_rate,0.159375,10.0
split_high_low,32,R2,True,3250,low_extraction_rate,0.146875,10.0
split_high_low,32,R2,True,3300,low_extraction_rate,0.1375,10.0
split_high_low,32,R2,True,3350,low_extraction_rate,0.140625,10.0
split_high_low,32,R2,True,3400,low_extraction_rate,0.128125,10.0
split_high_low,32,R2,True,3450,low_extraction_rate,0.1625,10.0
split_high_low,32,R2,True,3500,low_extraction_rate,0.153125,10.0
split_high_low,32,R2,True,3550,low_extraction_rate,0.1625,10.0
split_high_low,32,R2,True,3600,low_extraction_rate,0.1375,10.0
split_high_low,32,R2,True,3650,low_extraction_rate,0.125,10.0
split_high_low,32,R2,True,3700,low_extraction_rate,0.159375,10.0
split_high_low,32,R2,True,3750,low_extraction_rate,0.146875,10.0
split_high_low,32,R2,True,3800,low_extraction_rate,0.178125,10.0
split_high_low,32,R2,True,3850,low_extraction_rate,0.153125,10.0
split_high_low,32,R2,True,3900,low_extraction_rate,0.146875,10.0
split_high_low,32,R2,True,3950,low_extraction_rate,0.15,10.0
split_high_low,32,R2,True,4000,low_extraction_rate,0.14375,10.0
split_high_low,32,R2,True,4050,low_extraction_rate,0.13125,10.0
split_high_low,32,R2,True,4100,low_extraction_rate,0.1875,10.0
split_high_low,32,R2,True,4150,low_extraction_rate,0.153125,10.0
split_high_low,32,R2,True,4200,low_extraction_rate,0.15,10.0
split_high_low,32,R2,True,4250,low_extraction_rate,0.16875,10.0
split_high_low,32,R2,True,4300,low_extraction_rate,0.153125,10.0
split_high_low,32,R2,True,4350,low_extraction_rate,0.171875,10.0
split_high_low,32,R2,True,4400,low_extraction_rate,0.140625,10.0
split_high_low,32,R2,True,4450,low_extraction_rate,0.14375,10.0
split_high_low,32,R2,True,4500,low_extraction_rate,0.13125,10.0
split_high_low,32,R2,True,4550,low_extraction_rate,0.15,10.0
split_high_low,32,R2,True,4600,low_extraction_rate,0.13125,10.0
split_high_low,32,R2,True,4650,low_extraction_rate,0.153125,10.0
split_high_low,32,R2,True,4700,low_extraction_rate,0.134375,10.0
split_high_low,32,R2,True,4750,low_extraction_rate,0.15,10.0
split_high_low,32,R2,True,4800,low_extraction_rate,0.16875,10.0
split_high_low,32,R2,True,4850,low_extraction_rate,0.15625,10.0
split_high_low,32,R2,True,4900,low_extraction_rate,0.1375,10.0
split_high_low,32,R2,True,4950,low_extraction_rate,0.15,10.0
split_high_low,32,R2,True,5000,low_extraction_rate,0.134375,10.0
split_high_low,32,R3,False,1,visibility_gini,0.249755859375,10.0
split_high_low,32,R3,False,50,visibility_gini,0.25048828125,10.0
split_high_low,32,R3,False,100,visibility_gini,0.249462890625,10.0
split_high_low,32,R3,False,150,visibility_gini,0.249609375,10.0
split_high_low,32,R3,False,200,visibility_gini,0.25146484375,10.0
split_high_low,32,R3,False,250,visibility_gini,0.24951171875,10.0
split_high_low,32,R3,False,300,visibility_gini,0.24697265625,10.0
split_high_low,32,R3,False,350,visibility_gini,0.2451171875,10.0
split_high_low,32,R3,False,400,visibility_gini,0.24296875,10.0
split_high_low,32,R3,False,450,visibility_gini,0.24658203125,10.0
split_high_low,32,R3,False,500,visibility_gini,0.246142578125,10.0
split_high_low,32,R3,False,550,visibility_gini,0.245947265625,10.0
split_high_low,32,R3,False,600,visibility_gini,0.246826171875,10.0
split_high_low,32,R3,False,650,visibility_gini,0.24580078125,10.0
split_high_low,32,R3,False,700,visibility_gini,0.247802734375,10.0
split_high_low,32,R3,False,750,visibility_gini,0.2458984375,10.0
split_high_low,32,R3,False,800,visibility_gini,0.24501953125,10.0
split_high_low,32,R3,False,850,visibility_gini,0.243310546875,10.0
split_high_low,32,R3,False,900,visibility_gini,0.2443359375,10.0
split_high_low,32,R3,False,950,visibility_gini,0.24296875,10.0
split_high_low,32,R3,False,1000,visibility_gini,0.243359375,10.0
split_high_low,32,R3,False,1050,visibility_gini,0.242529296875,10.0
split_high_low,32,R3,False,1100,visibility_gini,0.24296875,10.0
split_high_low,32,R3,False,1150,visibility_gini,0.242578125,10.0
split_high_low,32,R3,False,1200,visibility_gini,0.24111328125,10.0
split_high_low,32,R3,False,1250,visibility_gini,0.24453125,10.0
split_high_low,32,R3,False,1300,visibility_gini,0.24384765625,10.0
split_high_low,32,R3,False,1350,visibility_gini,0.24462890625,10.0
split_high_low,32,R3,False,1400,visibility_gini,0.244384765625,10.0
split_high_low,32,R3,False,1450,visibility_gini,0.244873046875,10.0
split_high_low,32,R3,False,1500,visibility_gini,0.24462890625,10.0
split_high_low,32,R3,False,1550,visibility_gini,0.244189453125,10.0
split_high_low,32,R3,False,1600,visibility_gini,0.246826171875,10.0
split_high_low,32,R3,False,1650,visibility_gini,0.248486328125,10.0
split_high_low,32,R3,False,1700,visibility_gini,0.249755859375,10.0
split_high_low,32,R3,False,1750,visibility_gini,0.250146484375,10.0
split_high_low,32,R3,False,1800,visibility_gini,0.24873046875,10.0
split_high_low,32,R3,False,1850,visibility_gini,0.24921875,10.0
split_high_low,32,R3,False,1900,visibility_gini,0.24716796875,10.0
split_high_low,32,R3,False,1950,visibility_gini,0.248291015625,10.0
split_high_low,32,R3,False,2000,visibility_gini,0.245361328125,10.0
split_high_low,32,R3,False,2050,visibility_gini,0.24677734375,10.0
split_high_low,32,R3,False,2100,visibility_gini,0.246142578125,10.0
split_high_low,32,R3,False,2150,visibility_gini,0.246875,10.0
split_high_low,32,R3,False,2200,visibility_gini,0.249267578125,10.0
split_high_low,32,R3,False,2250,visibility_gini,0.249755859375,10.0
split_high_low,32,R3,False,2300,visibility_gini,0.254052734375,10.0
split_high_low,32,R3,False,2350,visibility_gini,0.253759765625,10.0
split_high_low,32,R3,False,2400,visibility_gini,0.2533203125,10.0
split_high_low,32,R3,False,2450,visibility_gini,0.252880859375,10.0
split_high_low,32,R3,False,2500,visibility_gini,0.25400390625,10.0
split_high_low,32,R3,False,2550,visibility_gini,0.256689453125,10.0
split_high_low,32,R3,False,2600,visibility_gini,0.256103515625,10.0
split_high_low,32,R3,False,2650,visibility_gini,0.256201171875,10.0
split_high_low,32,R3,False,2700,visibility_gini,0.256201171875,10.0
split_high_low,32,R3,False,2750,visibility_gini,0.256494140625,10.0
split_high_low,32,R3,False,2800,visibility_gini,0.25400390625,10.0
split_high_low,32,R3,False,2850,visibility_gini,0.254638671875,10.0
split_high_low,32,R3,False,2900,visibility_gini,0.254443359375,10.0
split_high_low,32,R3,False,2950,visibility_gini,0.255859375,10.0
split_high_low,32,R3,False,3000,visibility_gini,0.254638671875,10.0
split_high_low,32,R3,False,3050,visibility_gini,0.25380859375,10.0
split_high_low,32,R3,False,3100,visibility_gini,0.256201171875,10.0
split_high_low,32,R3,False,3150,visibility_gini,0.256396484375,10.0
split_high_low,32,R3,False,3200,visibility_gini,0.255615234375,10.0
split_high_low,32,R3,False,3250,visibility_gini,0.254248046875,10.0
split_high_low,32,R3,False,3300,visibility_gini,0.25380859375,10.0
split_high_low,32,R3,False,3350,visibility_gini,0.254931640625,10.0
split_high_low,32,R3,False,3400,visibility_gini,0.25595703125,10.0
split_high_low,32,R3,False,3450,visibility_gini,0.255615234375,10.0
split_high_low,32,R3,False,3500,visibility_gini,0.254931640625,10.0
split_high_low,32,R3,False,3550,visibility_gini,0.25380859375,10.0
split_high_low,32,R3,False,3600,visibility_gini,0.25576171875,10.0
split_high_low,32,R3,False,3650,visibility_gini,0.254541015625,10.0
split_high_low,32,R3,False,3700,visibility_gini,0.253759765625,10.0
split_high_low,32,R3,False,3750,visibility_gini,0.252490234375,10.0
split_high_low,32,R3,False,3800,visibility_gini,0.253369140625,10.0
split_high_low,32,R3,False,3850,visibility_gini,0.252783203125,10.0
split_high_low,32,R3,False,3900,visibility_gini,0.25439453125,10.0
split_high_low,32,R3,False,3950,visibility_gini,0.255029296875,10.0
split_high_low,32,R3,False,4000,visibility_gini,0.255029296875,10.0
split_high_low,32,R3,False,4050,visibility_gini,0.256005859375,10.0
split_high_low,32,R3,False,4100,visibility_gini,0.253955078125,10.0
split_high_low,32,R3,False,4150,visibility_gini,0.254541015625,10.0
split_high_low,32,R3,False,4200,visibility_gini,0.254248046875,10.0
split_high_low,32,R3,False,4250,visibility_gini,0.255322265625,10.0
split_high_low,32,R3,False,4300,visibility_gini,0.25517578125,10.0
split_high_low,32,R3,False,4350,visibility_gini,0.254638671875,10.0
split_high_low,32,R3,False,4400,visibility_gini,0.254638671875,10.0
split_high_low,32,R3,False,4450,visibility_gini,0.255517578125,10.0
split_high_low,32,R3,False,4500,visibility_gini,0.256591796875,10.0
split_high_low,32,R3,False,4550,visibility_gini,0.254638671875,10.0
split_high_low,32,R3,False,4600,visibility_gini,0.255419921875,10.0
split_high_low,32,R3,False,4650,visibility_gini,0.257373046875,10.0
split_high_low,32,R3,False,4700,visibility_gini,0.25771484375,10.0
split_high_low,32,R3,False,4750,visibility_gini,0.25810546875,10.0
split_high_low,32,R3,False,4800,visibility_gini,0.256005859375,10.0
split_high_low,32,R3,False,4850,visibility_gini,0.256005859375,10.0
split_high_low,32,R3,False,4900,visibility_gini,0.25615234375,10.0
split_high_low,32,R3,False,4950,visibility_gini,0.2568359375,10.0
split_high_low,32,R3,False,5000,visibility_gini,0.255029296875,10.0
split_high_low,32,R3,False,1,low_extraction_rate,0.50625,10.0
split_high_low,32,R3,False,50,low_extraction_rate,0.31875,10.0
split_high_low,32,R3,False,100,low_extraction_rate,0.2875,10.0
split_high_low,32,R3,False,150,low_extraction_rate,0.284375,10.0
split_high_low,32,R3,False,200,low_extraction_rate,0.2625,10.0
split_high_low,32,R3,False,250,low_extraction_rate,0.2625,10.0
split_high_low,32,R3,False,300,low_extraction_rate,0.25625,10.0
split_high_low,32,R3,False,350,low_extraction_rate,0.2625,10.0
split_high_low,32,R3,False,400,low_extraction_rate,0.21875,10.0
split_high_low,32,R3,False,450,low_extraction_rate,0.225,10.0
split_high_low,32,R3,False,500,low_extraction_rate,0.228125,10.0
split_high_low,32,R3,False,550,low_extraction_rate,0.221875,10.0
split_high_low,32,R3,False,600,low_extraction_rate,0.30625,10.0
split_high_low,32,R3,False,650,low_extraction_rate,0.2625,10.0
split_high_low,32,R3,False,700,low_extraction_rate,0.21875,10.0
split_high_low,32,R3,False,750,low_extraction_rate,0.234375,10.0
split_high_low,32,R3,False,800,low_extraction_rate,0.21875,10.0
split_high_low,32,R3,False,850,low_extraction_rate,0.196875,10.0
split_high_low,32,R3,False,900,low_extraction_rate,0.215625,10.0
split_high_low,32,R3,False,950,low_extraction_rate,0.24375,10.0
split_high_low,32,R3,False,1000,low_extraction_rate,0.2,10.0
split_high_low,32,R3,False,1050,low_extraction_rate,0.21875,10.0
split_high_low,32,R3,False,1100,low_extraction_rate,0.2125,10.0
split_high_low,32,R3,False,1150,low_extraction_rate,0.246875,10.0
split_high_low,32,R3,False,1200,low_extraction_rate,0.2125,10.0
split_high_low,32,R3,False,1250,low_extraction_rate,0.2125,10.0
split_high_low,32,R3,False,1300,low_extraction_rate,0.24375,10.0
split_high_low,32,R3,False,1350,low_extraction_rate,0.221875,10.0
split_high_low,32,R3,False,1400,low_extraction_rate,0.23125,10.0
split_high_low,32,R3,False,1450,low_extraction_rate,0.184375,10.0
split_high_low,32,R3,False,1500,low_extraction_rate,0.221875,10.0
split_high_low,32,R3,False,1550,low_extraction_rate,0.18125,10.0
split_high_low,32,R3,False,1600,low_extraction_rate,0.215625,10.0
split_high_low,32,R3,False,1650,low_extraction_rate,0.2125,10.0
split_high_low,32,R3,False,1700,low_extraction_rate,0.15,10.0
split_high_low,32,R3,False,1750,low_extraction_rate,0.14375,10.0
split_high_low,32,R3,False,1800,low_extraction_rate,0.165625,10.0
split_high_low,32,R3,False,1850,low_extraction_rate,0.175,10.0
split_high_low,32,R3,False,1900,low_extraction_rate,0.175,10.0
split_high_low,32,R3,False,1950,low_extraction_rate,0.15,10.0
split_high_low,32,R3,False,2000,low_extraction_rate,0.2,10.0
split_high_low,32,R3,False,2050,low_extraction_rate,0.175,10.0
split_high_low,32,R3,False,2100,low_extraction_rate,0.20625,10.0
split_high_low,32,R3,False,2150,low_extraction_rate,0.196875,10.0
split_high_low,32,R3,False,2200,low_extraction_rate,0.165625,10.0
split_high_low,32,R3,False,2250,low_extraction_rate,0.16875,10.0
split_high_low,32,R3,False,2300,low_extraction_rate,0.165625,10.0
split_high_low,32,R3,False,2350,low_extraction_rate,0.16875,10.0
split_high_low,32,R3,False,2400,low_extraction_rate,0.175,10.0
split_high_low,32,R3,False,2450,low_extraction_rate,0.171875,10.0
split_high_low,32,R3,False,2500,low_extraction_rate,0.165625,10.0
split_high_low,32,R3,False,2550,low_extraction_rate,0.146875,10.0
split_high_low,32,R3,False,2600,low_extraction_rate,0.1625,10.0
split_high_low,32,R3,False,2650,low_extraction_rate,0.1625,10.0
split_high_low,32,R3,False,2700,low_extraction_rate,0.14375,10.0
split_high_low,32,R3,False,2750,low_extraction_rate,0.146875,10.0
split_high_low,32,R3,False,2800,low_extraction_rate,0.171875,10.0
split_high_low,32,R3,False,2850,low_extraction_rate,0.15625,10.0
split_high_low,32,R3,False,2900,low_extraction_rate,0.146875,10.0
split_high_low,32,R3,False,2950,low_extraction_rate,0.153125,10.0
split_high_low,32,R3,False,3000,low_extraction_rate,0.159375,10.0
split_high_low,32,R3,False,3050,low_extraction_rate,0.16875,10.0
split_high_low,32,R3,False,3100,low_extraction_rate,0.153125,10.0
split_high_low,32,R3,False,3150,low_extraction_rate,0.14375,10.0
split_high_low,32,R3,False,3200,low_extraction_rate,0.171875,10.0
split_high_low,32,R3,False,3250,low_extraction_rate,0.146875,10.0
split_high_low,32,R3,False,3300,low_extraction_rate,0.134375,10.0
split_high_low,32,R3,False,3350,low_extraction_rate,0.178125,10.0
split_high_low,32,R3,False,3400,low_extraction_rate,0.159375,10.0
split_high_low,32,R3,False,3450,low_extraction_rate,0.153125,10.0
split_high_low,32,R3,False,3500,low_extraction_rate,0.16875,10.0
split_high_low,32,R3,False,3550,low_extraction_rate,0.1625,10.0
split_high_low,32,R3,False,3600,low_extraction_rate,0.134375,10.0
split_high_low,32,R3,False,3650,low_extraction_rate,0.16875,10.0
split_high_low,32,R3,False,3700,low_extraction_rate,0.146875,10.0
split_high_low,32,R3,False,3750,low_extraction_rate,0.18125,10.0
split_high_low,32,R3,False,3800,low_extraction_rate,0.146875,10.0
split_high_low,32,R3,False,3850,low_extraction_rate,0.134375,10.0
split_high_low,32,R3,False,3900,low_extraction_rate,0.15625,10.0
split_high_low,32,R3,False,3950,low_extraction_rate,0.175,10.0
split_high_low,32,R3,False,4000,low_extraction_rate,0.146875,10.0
split_high_low,32,R3,False,4050,low_extraction_rate,0.125,10.0
split_high_low,32,R3,False,4100,low_extraction_rate,0.134375,10.0
split_high_low,32,R3,False,4150,low_extraction_rate,0.1625,10.0
split_high_low,32,R3,False,4200,low_extraction_rate,0.125,10.0
split_high_low,32,R3,False,4250,low_extraction_rate,0.146875,10.0
split_high_low,32,R3,False,4300,low_extraction_rate,0.153125,10.0
split_high_low,32,R3,False,4350,low_extraction_rate,0.15,10.0
split_high_low,32,R3,False,4400,low_extraction_rate,0.121875,10.0
split_high_low,32,R3,False,4450,low_extraction_rate,0.13125,10.0
split_high_low,32,R3,False,4500,low_extraction_rate,0.14375,10.0
split_high_low,32,R3,False,4550,low_extraction_rate,0.153125,10.0
split_high_low,32,R3,False,4600,low_extraction_rate,0.153125,10.0
split_high_low,32,R3,False,4650,low_extraction_rate,0.146875,10.0
split_high_low,32,R3,False,4700,low_extraction_rate,0.140625,10.0
split_high_low,32,R3,False,4750,low_extraction_rate,0.153125,10.0
split_high_low,32,R3,False,4800,low_extraction_rate,0.153125,10.0
split_high_low,32,R3,False,4850,low_extraction_rate,0.140625,10.0
split_high_low,32,R3,False,4900,low_extraction_rate,0.128125,10.0
split_high_low,32,R3,False,4950,low_extraction_rate,0.125,10.0
split_high_low,32,R3,False,5000,low_extraction_rate,0.140625,10.0
split_high_low,32,R3,True,1,visibility_gini,0.249755859375,10.0
split_high_low,32,R3,True,50,visibility_gini,0.248876953125,10.0
split_high_low,32,R3,True,100,visibility_gini,0.2498046875,10.0
split_high_low,32,R3,True,150,visibility_gini,0.24921875,10.0
split_high_low,32,R3,True,200,visibility_gini,0.248095703125,10.0
split_high_low,32,R3,True,250,visibility_gini,0.24921875,10.0
split_high_low,32,R3,True,300,visibility_gini,0.246240234375,10.0
split_high_low,32,R3,True,350,visibility_gini,0.24619140625,10.0
split_high_low,32,R3,True,400,visibility_gini,0.2466796875,10.0
split_high_low,32,R3,True,450,visibility_gini,0.248779296875,10.0
split_high_low,32,R3,True,500,visibility_gini,0.24755859375,10.0
split_high_low,32,R3,True,550,visibility_gini,0.24775390625,10.0
split_high_low,32,R3,True,600,visibility_gini,0.24765625,10.0
split_high_low,32,R3,True,650,visibility_gini,0.246826171875,10.0
split_high_low,32,R3,True,700,visibility_gini,0.246240234375,10.0
split_high_low,32,R3,True,750,visibility_gini,0.2478515625,10.0
split_high_low,32,R3,True,800,visibility_gini,0.247607421875,10.0
split_high_low,32,R3,True,850,visibility_gini,0.2498046875,10.0
split_high_low,32,R3,True,900,visibility_gini,0.247607421875,10.0
split_high_low,32,R3,True,950,visibility_gini,0.246826171875,10.0
split_high_low,32,R3,True,1000,visibility_gini,0.24814453125,10.0
split_high_low,32,R3,True,1050,visibility_gini,0.248876953125,10.0
split_high_low,32,R3,True,1100,visibility_gini,0.248046875,10.0
split_high_low,32,R3,True,1150,visibility_gini,0.248486328125,10.0
split_high_low,32,R3,True,1200,visibility_gini,0.248388671875,10.0
split_high_low,32,R3,True,1250,visibility_gini,0.247265625,10.0
split_high_low,32,R3,True,1300,visibility_gini,0.2486328125,10.0
split_high_low,32,R3,True,1350,visibility_gini,0.250048828125,10.0
split_high_low,32,R3,True,1400,visibility_gini,0.251318359375,10.0
split_high_low,32,R3,True,1450,visibility_gini,0.24892578125,10.0
split_high_low,32,R3,True,1500,visibility_gini,0.2490234375,10.0
split_high_low,32,R3,True,1550,visibility_gini,0.24873046875,10.0
split_high_low,32,R3,True,1600,visibility_gini,0.250341796875,10.0
split_high_low,32,R3,True,1650,visibility_gini,0.248681640625,10.0
split_high_low,32,R3,True,1700,visibility_gini,0.24970703125,10.0
split_high_low,32,R3,True,1750,visibility_gini,0.2498046875,10.0
split_high_low,32,R3,True,1800,visibility_gini,0.25,10.0
split_high_low,32,R3,True,1850,visibility_gini,0.2498046875,10.0
split_high_low,32,R3,True,1900,visibility_gini,0.248681640625,10.0
split_high_low,32,R3,True,1950,visibility_gini,0.254150390625,10.0
split_high_low,32,R3,True,2000,visibility_gini,0.249658203125,10.0
split_high_low,32,R3,True,2050,visibility_gini,0.24619140625,10.0
split_high_low,32,R3,True,2100,visibility_gini,0.2451171875,10.0
split_high_low,32,R3,True,2150,visibility_gini,0.244580078125,10.0
split_high_low,32,R3,True,2200,visibility_gini,0.24384765625,10.0
split_high_low,32,R3,True,2250,visibility_gini,0.24384765625,10.0
split_high_low,32,R3,True,2300,visibility_gini,0.244775390625,10.0
split_high_low,32,R3,True,2350,visibility_gini,0.244580078125,10.0
split_high_low,32,R3,True,2400,visibility_gini,0.243994140625,10.0
split_high_low,32,R3,True,2450,visibility_gini,0.2453125,10.0
split_high_low,32,R3,True,2500,visibility_gini,0.244921875,10.0
split_high_low,32,R3,True,2550,visibility_gini,0.24580078125,10.0
split_high_low,32,R3,True,2600,visibility_gini,0.246240234375,10.0
split_high_low,32,R3,True,2650,visibility_gini,0.246044921875,10.0
split_high_low,32,R3,True,2700,visibility_gini,0.245654296875,10.0
split_high_low,32,R3,True,2750,visibility_gini,0.244873046875,10.0
split_high_low,32,R3,True,2800,visibility_gini,0.24306640625,10.0
split_high_low,32,R3,True,2850,visibility_gini,0.24052734375,10.0
split_high_low,32,R3,True,2900,visibility_gini,0.24091796875,10.0
split_high_low,32,R3,True,2950,visibility_gini,0.2408203125,10.0
split_high_low,32,R3,True,3000,visibility_gini,0.23876953125,10.0
split_high_low,32,R3,True,3050,visibility_gini,0.2373046875,10.0
split_high_low,32,R3,True,3100,visibility_gini,0.238134765625,10.0
split_high_low,32,R3,True,3150,visibility_gini,0.2392578125,10.0
split_high_low,32,R3,True,3200,visibility_gini,0.239404296875,10.0
split_high_low,32,R3,True,3250,visibility_gini,0.23828125,10.0
split_high_low,32,R3,True,3300,visibility_gini,0.238818359375,10.0
split_high_low,32,R3,True,3350,visibility_gini,0.239306640625,10.0
split_high_low,32,R3,True,3400,visibility_gini,0.238916015625,10.0
split_high_low,32,R3,True,3450,visibility_gini,0.238671875,10.0
split_high_low,32,R3,True,3500,visibility_gini,0.239794921875,10.0
split_high_low,32,R3,True,3550,visibility_gini,0.241015625,10.0
split_high_low,32,R3,True,3600,visibility_gini,0.240966796875,10.0
split_high_low,32,R3,True,3650,visibility_gini,0.242724609375,10.0
split_high_low,32,R3,True,3700,visibility_gini,0.244140625,10.0
split_high_low,32,R3,True,3750,visibility_gini,0.245751953125,10.0
split_high_low,32,R3,True,3800,visibility_gini,0.244775390625,10.0
split_high_low,32,R3,True,3850,visibility_gini,0.2458984375,10.0
split_high_low,32,R3,True,3900,visibility_gini,0.248291015625,10.0
split_high_low,32,R3,True,3950,visibility_gini,0.250390625,10.0
split_high_low,32,R3,True,4000,visibility_gini,0.250390625,10.0
split_high_low,32,R3,True,4050,visibility_gini,0.25087890625,10.0
split_high_low,32,R3,True,4100,visibility_gini,0.251611328125,10.0
split_high_low,32,R3,True,4150,visibility_gini,0.2515625,10.0
split_high_low,32,R3,True,4200,visibility_gini,0.2521484375,10.0
split_high_low,32,R3,True,4250,visibility_gini,0.25302734375,10.0
split_high_low,32,R3,True,4300,visibility_gini,0.25478515625,10.0
split_high_low,32,R3,True,4350,visibility_gini,0.25478515625,10.0
split_high_low,32,R3,True,4400,visibility_gini,0.2546875,10.0
split_high_low,32,R3,True,4450,visibility_gini,0.256201171875,10.0
split_high_low,32,R3,True,4500,visibility_gini,0.254541015625,10.0
split_high_low,32,R3,True,4550,visibility_gini,0.251806640625,10.0
split_high_low,32,R3,True,4600,visibility_gini,0.25146484375,10.0
split_high_low,32,R3,True,4650,visibility_gini,0.25107421875,10.0
split_high_low,32,R3,True,4700,visibility_gini,0.25166015625,10.0
split_high_low,32,R3,True,4750,visibility_gini,0.250390625,10.0
split_high_low,32,R3,True,4800,visibility_gini,0.252392578125,10.0
split_high_low,32,R3,True,4850,visibility_gini,0.252392578125,10.0
split_high_low,32,R3,True,4900,visibility_gini,0.25166015625,10.0
split_high_low,32,R3,True,4950,visibility_gini,0.251806640625,10.0
split_high_low,32,R3,True,5000,visibility_gini,0.25244140625,10.0
split_high_low,32,R3,True,1,low_extraction_rate,0.50625,10.0
split_high_low,32,R3,True,50,low_extraction_rate,0.31875,10.0
split_high_low,32,R3,True,100,low_extraction_rate,0.296875,10.0
split_high_low,32,R3,True,150,low_extraction_rate,0.26875,10.0
split_high_low,32,R3,True,200,low_extraction_rate,0.25625,10.0
split_high_low,32,R3,True,250,low_extraction_rate,0.265625,10.0
split_high_low,32,R3,True,300,low_extraction_rate,0.228125,10.0
split_high_low,32,R3,True,350,low_extraction_rate,0.246875,10.0
split_high_low,32,R3,True,400,low_extraction_rate,0.221875,10.0
split_high_low,32,R3,True,450,low_extraction_rate,0.2125,10.0
split_high_low,32,R3,True,500,low_extraction_rate,0.228125,10.0
split_high_low,32,R3,True,550,low_extraction_rate,0.225,10.0
split_high_low,32,R3,True,600,low_extraction_rate,0.253125,10.0
split_high_low,32,R3,True,650,low_extraction_rate,0.234375,10.0
split_high_low,32,R3,True,700,low_extraction_rate,0.225,10.0
split_high_low,32,R3,True,750,low_extraction_rate,0.221875,10.0
split_high_low,32,R3,True,800,low_extraction_rate,0.209375,10.0
split_high_low,32,R3,True,850,low_extraction_rate,0.21875,10.0
split_high_low,32,R3,True,900,low_extraction_rate,0.178125,10.0
split_high_low,32,R3,True,950,low_extraction_rate,0.21875,10.0
split_high_low,32,R3,True,1000,low_extraction_rate,0.2125,10.0
split_high_low,32,R3,True,1050,low_extraction_rate,0.184375,10.0
split_high_low,32,R3,True,1100,low_extraction_rate,0.203125,10.0
split_high_low,32,R3,True,1150,low_extraction_rate,0.175,10.0
split_high_low,32,R3,True,1200,low_extraction_rate,0.18125,10.0
split_high_low,32,R3,True,1250,low_extraction_rate,0.228125,10.0
split_high_low,32,R3,True,1300,low_extraction_rate,0.23125,10.0
split_high_low,32,R3,True,1350,low_extraction_rate,0.225,10.0
split_high_low,32,R3,True,1400,low_extraction_rate,0.2125,10.0
split_high_low,32,R3,True,1450,low_extraction_rate,0.165625,10.0
split_high_low,32,R3,True,1500,low_extraction_rate,0.228125,10.0
split_high_low,32,R3,True,1550,low_extraction_rate,0.1875,10.0
split_high_low,32,R3,True,1600,low_extraction_rate,0.184375,10.0
split_high_low,32,R3,True,1650,low_extraction_rate,0.20625,10.0
split_high_low,32,R3,True,1700,low_extraction_rate,0.178125,10.0
split_high_low,32,R3,True,1750,low_extraction_rate,0.14375,10.0
split_high_low,32,R3,True,1800,low_extraction_rate,0.171875,10.0
split_high_low,32,R3,True,1850,low_extraction_rate,0.175,10.0
split_high_low,32,R3,True,1900,low_extraction_rate,0.215625,10.0
split_high_low,32,R3,True,1950,low_extraction_rate,0.178125,10.0
split_high_low,32,R3,True,2000,low_extraction_rate,0.159375,10.0
split_high_low,32,R3,True,2050,low_extraction_rate,0.171875,10.0
split_high_low,32,R3,True,2100,low_extraction_rate,0.175,10.0
split_high_low,32,R3,True,2150,low_extraction_rate,0.15,10.0
split_high_low,32,R3,True,2200,low_extraction_rate,0.171875,10.0
split_high_low,32,R3,True,2250,low_extraction_rate,0.171875,10.0
split_high_low,32,R3,True,2300,low_extraction_rate,0.134375,10.0
split_high_low,32,R3,True,2350,low_extraction_rate,0.190625,10.0
split_high_low,32,R3,True,2400,low_extraction_rate,0.171875,10.0
split_high_low,32,R3,True,2450,low_extraction_rate,0.15625,10.0
split_high_low,32,R3,True,2500,low_extraction_rate,0.16875,10.0
split_high_low,32,R3,True,2550,low_extraction_rate,0.140625,10.0
split_high_low,32,R3,True,2600,low_extraction_rate,0.15,10.0
split_high_low,32,R3,True,2650,low_extraction_rate,0.18125,10.0
split_high_low,32,R3,True,2700,low_extraction_rate,0.134375,10.0
split_high_low,32,R3,True,2750,low_extraction_rate,0.1625,10.0
split_high_low,32,R3,True,2800,low_extraction_rate,0.1625,10.0
split_high_low,32,R3,True,2850,low_extraction_rate,0.2,10.0
split_high_low,32,R3,True,2900,low_extraction_rate,0.178125,10.0
split_high_low,32,R3,True,2950,low_extraction_rate,0.1625,10.0
split_high_low,32,R3,True,3000,low_extraction_rate,0.184375,10.0
split_high_low,32,R3,True,3050,low_extraction_rate,0.21875,10.0
split_high_low,32,R3,True,3100,low_extraction_rate,0.1625,10.0
split_high_low,32,R3,True,3150,low_extraction_rate,0.178125,10.0
split_high_low,32,R3,True,3200,low_extraction_rate,0.15625,10.0
split_high_low,32,R3,True,3250,low_extraction_rate,0.18125,10.0
split_high_low,32,R3,True,3300,low_extraction_rate,0.1875,10.0
split_high_low,32,R3,True,3350,low_extraction_rate,0.18125,10.0
split_high_low,32,R3,True,3400,low_extraction_rate,0.16875,10.0
split_high_low,32,R3,True,3450,low_extraction_rate,0.184375,10.0
split_high_low,32,R3,True,3500,low_extraction_rate,0.171875,10.0
split_high_low,32,R3,True,3550,low_extraction_rate,0.16875,10.0
split_high_low,32,R3,True,3600,low_extraction_rate,0.14375,10.0
split_high_low,32,R3,True,3650,low_extraction_rate,0.171875,10.0
split_high_low,32,R3,True,3700,low_extraction_rate,0.2,10.0
split_high_low,32,R3,True,3750,low_extraction_rate,0.11875,10.0
split_high_low,32,R3,True,3800,low_extraction_rate,0.190625,10.0
split_high_low,32,R3,True,3850,low_extraction_rate,0.1625,10.0
split_high_low,32,R3,True,3900,low_extraction_rate,0.15625,10.0
split_high_low,32,R3,True,3950,low_extraction_rate,0.165625,10.0
split_high_low,32,R3,True,4000,low_extraction_rate,0.184375,10.0
split_high_low,32,R3,True,4050,low_extraction_rate,0.16875,10.0
split_high_low,32,R3,True,4100,low_extraction_rate,0.15625,10.0
split_high_low,32,R3,True,4150,low_extraction_rate,0.165625,10.0
split_high_low,32,R3,True,4200,low_extraction_rate,0.1625,10.0
split_high_low,32,R3,True,4250,low_extraction_rate,0.1625,10.0
split_high_low,32,R3,True,4300,low_extraction_rate,0.171875,10.0
split_high_low,32,R3,True,4350,low_extraction_rate,0.159375,10.0
split_high_low,32,R3,True,4400,low_extraction_rate,0.140625,10.0
split_high_low,32,R3,True,4450,low_extraction_rate,0.159375,10.0
split_high_low,32,R3,True,4500,low_extraction_rate,0.165625,10.0
split_high_low,32,R3,True,4550,low_extraction_rate,0.165625,10.0
split_high_low,32,R3,True,4600,low_extraction_rate,0.1375,10.0
split_high_low,32,R3,True,4650,low_extraction_rate,0.1625,10.0
split_high_low,32,R3,True,4700,low_extraction_rate,0.159375,10.0
split_high_low,32,R3,True,4750,low_extraction_rate,0.1375,10.0
split_high_low,32,R3,True,4800,low_extraction_rate,0.115625,10.0
split_high_low,32,R3,True,4850,low_extraction_rate,0.153125,10.0
split_high_low,32,R3,True,4900,low_extraction_rate,0.1625,10.0
split_high_low,32,R3,True,4950,low_extraction_rate,0.14375,10.0
split_high_low,32,R3,True,5000,low_extraction_rate,0.1375,10.0
uniform_high,64,R1,False,1,visibility_gini,0.27061767578125,10.0
uniform_high,64,R1,False,50,visibility_gini,0.273779296875,10.0
uniform_high,64,R1,False,100,visibility_gini,0.276611328125,10.0
uniform_high,64,R1,False,150,visibility_gini,0.2762939453125,10.0
uniform_high,64,R1,False,200,visibility_gini,0.278125,10.0
uniform_high,64,R1,False,250,visibility_gini,0.280517578125,10.0
uniform_high,64,R1,False,300,visibility_gini,0.28154296875,10.0
uniform_high,64,R1,False,350,visibility_gini,0.283056640625,10.0
uniform_high,64,R1,False,400,visibility_gini,0.28616943359375,10.0
uniform_high,64,R1,False,450,visibility_gini,0.2862548828125,10.0
uniform_high,64,R1,False,500,visibility_gini,0.287841796875,10.0
uniform_high,64,R1,False,550,visibility_gini,0.290625,10.0
uniform_high,64,R1,False,600,visibility_gini,0.291650390625,10.0
uniform_high,64,R1,False,650,visibility_gini,0.29290771484375,10.0
uniform_high,64,R1,False,700,visibility_gini,0.293115234375,10.0
uniform_high,64,R1,False,750,visibility_gini,0.297705078125,10.0
uniform_high,64,R1,False,800,visibility_gini,0.29801025390625,10.0
uniform_high,64,R1,False,850,visibility_gini,0.299365234375,10.0
uniform_high,64,R1,False,900,visibility_gini,0.30185546875,10.0
uniform_high,64,R1,False,950,visibility_gini,0.303759765625,10.0
uniform_high,64,R1,False,1000,visibility_gini,0.3026123046875,10.0
uniform_high,64,R1,False,1050,visibility_gini,0.30115966796875,10.0
uniform_high,64,R1,False,1100,visibility_gini,0.30123291015625,10.0
uniform_high,64,R1,False,1150,visibility_gini,0.30394287109375,10.0
uniform_high,64,R1,False,1200,visibility_gini,0.30679931640625,10.0
uniform_high,64,R1,False,1250,visibility_gini,0.30823974609375,10.0
uniform_high,64,R1,False,1300,visibility_gini,0.30938720703125,10.0
uniform_high,64,R1,False,1350,visibility_gini,0.31187744140625,10.0
uniform_high,64,R1,False,1400,visibility_gini,0.31441650390625,10.0
uniform_high,64,R1,False,1450,visibility_gini,0.317626953125,10.0
uniform_high,64,R1,False,1500,visibility_gini,0.31947021484375,10.0
uniform_high,64,R1,False,1550,visibility_gini,0.32266845703125,10.0
uniform_high,64,R1,False,1600,visibility_gini,0.3235107421875,10.0
uniform_high,64,R1,False,1650,visibility_gini,0.324267578125,10.0
uniform_high,64,R1,False,1700,visibility_gini,0.32572021484375,10.0
uniform_high,64,R1,False,1750,visibility_gini,0.32822265625,10.0
uniform_high,64,R1,False,1800,visibility_gini,0.3337646484375,10.0
uniform_high,64,R1,False,1850,visibility_gini,0.33651123046875,10.0
uniform_high,64,R1,False,1900,visibility_gini,0.33841552734375,10.0
uniform_high,64,R1,False,1950,visibility_gini,0.33944091796875,10.0
uniform_high,64,R1,False,2000,visibility_gini,0.34202880859375,10.0
uniform_high,64,R1,False,2050,visibility_gini,0.34188232421875,10.0
uniform_high,64,R1,False,2100,visibility_gini,0.34481201171875,10.0
uniform_high,64,R1,False,2150,visibility_gini,0.34547119140625,10.0
uniform_high,64,R1,False,2200,visibility_gini,0.346484375,10.0
uniform_high,64,R1,False,2250,visibility_gini,0.34786376953125,10.0
uniform_high,64,R1,False,2300,visibility_gini,0.351171875,10.0
uniform_high,64,R1,False,2350,visibility_gini,0.35238037109375,10.0
uniform_high,64,R1,False,2400,visibility_gini,0.35250244140625,10.0
uniform_high,64,R1,False,2450,visibility_gini,0.35396728515625,10.0
uniform_high,64,R1,False,2500,visibility_gini,0.35628662109375,10.0
uniform_high,64,R1,False,2550,visibility_gini,0.3574462890625,10.0
uniform_high,64,R1,False,2600,visibility_gini,0.35682373046875,10.0
uniform_high,64,R1,False,2650,visibility_gini,0.35885009765625,10.0
uniform_high,64,R1,False,2700,visibility_gini,0.3595703125,10.0
uniform_high,64,R1,False,2750,visibility_gini,0.35931396484375,10.0
uniform_high,64,R1,False,2800,visibility_gini,0.3608154296875,10.0
uniform_high,64,R1,False,2850,visibility_gini,0.3618408203125,10.0
uniform_high,64,R1,False,2900,visibility_gini,0.36295166015625,10.0
uniform_high,64,R1,False,2950,visibility_gini,0.3640625,10.0
uniform_high,64,R1,False,3000,visibility_gini,0.3656005859375,10.0
uniform_high,64,R1,False,3050,visibility_gini,0.36666259765625,10.0
uniform_high,64,R1,False,3100,visibility_gini,0.3680419921875,10.0
uniform_high,64,R1,False,3150,visibility_gini,0.3681884765625,10.0
uniform_high,64,R1,False,3200,visibility_gini,0.36695556640625,10.0
uniform_high,64,R1,False,3250,visibility_gini,0.3673583984375,10.0
uniform_high,64,R1,False,3300,visibility_gini,0.36973876953125,10.0
uniform_high,64,R1,False,3350,visibility_gini,0.37310791015625,10.0
uniform_high,64,R1,False,3400,visibility_gini,0.3738037109375,10.0
uniform_high,64,R1,False,3450,visibility_gini,0.37474365234375,10.0
uniform_high,64,R1,False,3500,visibility_gini,0.37706298828125,10.0
uniform_high,64,R1,False,3550,visibility_gini,0.3795654296875,10.0
uniform_high,64,R1,False,3600,visibility_gini,0.38079833984375,10.0
uniform_high,64,R1,False,3650,visibility_gini,0.38133544921875,10.0
uniform_high,64,R1,False,3700,visibility_gini,0.38157958984375,10.0
uniform_high,64,R1,False,3750,visibility_gini,0.3833251953125,10.0
uniform_high,64,R1,False,3800,visibility_gini,0.38419189453125,10.0
uniform_high,64,R1,False,3850,visibility_gini,0.38485107421875,10.0
uniform_high,64,R1,False,3900,visibility_gini,0.38341064453125,10.0
uniform_high,64,R1,False,3950,visibility_gini,0.383251953125,10.0
uniform_high,64,R1,False,4000,visibility_gini,0.38267822265625,10.0
uniform_high,64,R1,False,4050,visibility_gini,0.3830078125,10.0
uniform_high,64,R1,False,4100,visibility_gini,0.38460693359375,10.0
uniform_high,64,R1,False,4150,visibility_gini,0.38538818359375,10.0
uniform_high,64,R1,False,4200,visibility_gini,0.383837890625,10.0
uniform_high,64,R1,False,4250,visibility_gini,0.38466796875,10.0
uniform_high,64,R1,False,4300,visibility_gini,0.3865234375,10.0
uniform_high,64,R1,False,4350,visibility_gini,0.3870361328125,10.0
uniform_high,64,R1,False,4400,visibility_gini,0.388232421875,10.0
uniform_high,64,R1,False,4450,visibility_gini,0.3885009765625,10.0
uniform_high,64,R1,False,4500,visibility_gini,0.3890625,10.0
uniform_high,64,R1,False,4550,visibility_gini,0.39072265625,10.0
uniform_high,64,R1,False,4600,visibility_gini,0.39189453125,10.0
uniform_high,64,R1,False,4650,visibility_gini,0.39356689453125,10.0
uniform_high,64,R1,False,4700,visibility_gini,0.39317626953125,10.0
uniform_high,64,R1,False,4750,visibility_gini,0.3955078125,10.0
uniform_high,64,R1,False,4800,visibility_gini,0.3958984375,10.0
uniform_high,64,R1,False,4850,visibility_gini,0.39757080078125,10.0
uniform_high,64,R1,False,4900,visibility_gini,0.39874267578125,10.0
uniform_high,64,R1,False,4950,visibility_gini,0.3995849609375,10.0
uniform_high,64,R1,False,5000,visibility_gini,0.401220703125,10.0
uniform_high,64,R1,False,1,low_extraction_rate,0.4734375,10.0
uniform_high,64,R1,False,50,low_extraction_rate,0.3453125,10.0
uniform_high,64,R1,False,100,low_extraction_rate,0.2640625,10.0
uniform_high,64,R1,False,150,low_extraction_rate,0.25625,10.0
uniform_high,64,R1,False,200,low_extraction_rate,0.2421875,10.0
uniform_high,64,R1,False,250,low_extraction_rate,0.2875,10.0
uniform_high,64,R1,False,300,low_extraction_rate,0.28125,10.0
uniform_high,64,R1,False,350,low_extraction_rate,0.3109375,10.0
uniform_high,64,R1,False,400,low_extraction_rate,0.3234375,10.0
uniform_high,64,R1,False,450,low_extraction_rate,0.3296875,10.0
uniform_high,64,R1,False,500,low_extraction_rate,0.309375,10.0
uniform_high,64,R1,False,550,low_extraction_rate,0.353125,10.0
uniform_high,64,R1,False,600,low_extraction_rate,0.290625,10.0
uniform_high,64,R1,False,650,low_extraction_rate,0.3359375,10.0
uniform_high,64,R1,False,700,low_extraction_rate,0.365625,10.0
uniform_high,64,R1,False,750,low_extraction_rate,0.353125,10.0
uniform_high,64,R1,False,800,low_extraction_rate,0.3234375,10.0
uniform_high,64,R1,False,850,low_extraction_rate,0.3453125,10.0
uniform_high,64,R1,False,900,low_extraction_rate,0.3296875,10.0
uniform_high,64,R1,False,950,low_extraction_rate,0.35625,10.0
uniform_high,64,R1,False,1000,low_extraction_rate,0.3671875,10.0
uniform_high,64,R1,False,1050,low_extraction_rate,0.34375,10.0
uniform_high,64,R1,False,1100,low_extraction_rate,0.3640625,10.0
uniform_high,64,R1,False,1150,low_extraction_rate,0.3609375,10.0
uniform_high,64,R1,False,1200,low_extraction_rate,0.3359375,10.0
uniform_high,64,R1,False,1250,low_extraction_rate,0.3765625,10.0
uniform_high,64,R1,False,1300,low_extraction_rate,0.346875,10.0
uniform_high,64,R1,False,1350,low_extraction_rate,0.334375,10.0
uniform_high,64,R1,False,1400,low_extraction_rate,0.34375,10.0
uniform_high,64,R1,False,1450,low_extraction_rate,0.3515625,10.0
uniform_high,64,R1,False,1500,low_extraction_rate,0.346875,10.0
uniform_high,64,R1,False,1550,low_extraction_rate,0.3375,10.0
uniform_high,64,R1,False,1600,low_extraction_rate,0.36875,10.0
uniform_high,64,R1,False,1650,low_extraction_rate,0.3375,10.0
uniform_high,64,R1,False,1700,low_extraction_rate,0.328125,10.0
uniform_high,64,R1,False,1750,low_extraction_rate,0.3234375,10.0
uniform_high,64,R1,False,1800,low_extraction_rate,0.33125,10.0
uniform_high,64,R1,False,1850,low_extraction_rate,0.3359375,10.0
uniform_high,64,R1,False,1900,low_extraction_rate,0.334375,10.0
uniform_high,64,R1,False,1950,low_extraction_rate,0.33125,10.0
uniform_high,64,R1,False,2000,low_extraction_rate,0.3375,10.0
uniform_high,64,R1,False,2050,low_extraction_rate,0.271875,10.0
uniform_high,64,R1,False,2100,low_extraction_rate,0.325,10.0
uniform_high,64,R1,False,2150,low_extraction_rate,0.303125,10.0
uniform_high,64,R1,False,2200,low_extraction_rate,0.2984375,10.0
uniform_high,64,R1,False,2250,low_extraction_rate,0.303125,10.0
uniform_high,64,R1,False,2300,low_extraction_rate,0.2828125,10.0
uniform_high,64,R1,False,2350,low_extraction_rate,0.3046875,10.0
uniform_high,64,R1,False,2400,low_extraction_rate,0.3109375,10.0
uniform_high,64,R1,False,2450,low_extraction_rate,0.321875,10.0
uniform_high,64,R1,False,2500,low_extraction_rate,0.3078125,10.0
uniform_high,64,R1,False,2550,low_extraction_rate,0.2796875,10.0
uniform_high,64,R1,False,2600,low_extraction_rate,0.2859375,10.0
uniform_high,64,R1,False,2650,low_extraction_rate,0.2765625,10.0
uniform_high,64,R1,False,2700,low_extraction_rate,0.30625,10.0
uniform_high,64,R1,False,2750,low_extraction_rate,0.284375,10.0
uniform_high,64,R1,False,2800,low_extraction_rate,0.29375,10.0
uniform_high,64,R1,False,2850,low_extraction_rate,0.2828125,10.0
uniform_high,64,R1,False,2900,low_extraction_rate,0.2953125,10.0
uniform_high,64,R1,False,2950,low_extraction_rate,0.2640625,10.0
uniform_high,64,R1,False,3000,low_extraction_rate,0.296875,10.0
uniform_high,64,R1,False,3050,low_extraction_rate,0.2953125,10.0
uniform_high,64,R1,False,3100,low_extraction_rate,0.2890625,10.0
uniform_high,64,R1,False,3150,low_extraction_rate,0.2984375,10.0
uniform_high,64,R1,False,3200,low_extraction_rate,0.29375,10.0
uniform_high,64,R1,False,3250,low_extraction_rate,0.309375,10.0
uniform_high,64,R1,False,3300,low_extraction_rate,0.3140625,10.0
uniform_high,64,R1,False,3350,low_extraction_rate,0.3140625,10.0
uniform_high,64,R1,False,3400,low_extraction_rate,0.3078125,10.0
uniform_high,64,R1,False,3450,low_extraction_rate,0.2890625,10.0
uniform_high,64,R1,False,3500,low_extraction_rate,0.2671875,10.0
uniform_high,64,R1,False,3550,low_extraction_rate,0.2796875,10.0
uniform_high,64,R1,False,3600,low_extraction_rate,0.28125,10.0
uniform_high,64,R1,False,3650,low_extraction_rate,0.2703125,10.0
uniform_high,64,R1,False,3700,low_extraction_rate,0.29375,10.0
uniform_high,64,R1,False,3750,low_extraction_rate,0.2890625,10.0
uniform_high,64,R1,False,3800,low_extraction_rate,0.2828125,10.0
uniform_high,64,R1,False,3850,low_extraction_rate,0.259375,10.0
uniform_high,64,R1,False,3900,low_extraction_rate,0.28125,10.0
uniform_high,64,R1,False,3950,low_extraction_rate,0.2890625,10.0
uniform_high,64,R1,False,4000,low_extraction_rate,0.28125,10.0
uniform_high,64,R1,False,4050,low_extraction_rate,0.290625,10.0
uniform_high,64,R1,False,4100,low_extraction_rate,0.2796875,10.0
uniform_high,64,R1,False,4150,low_extraction_rate,0.2796875,10.0
uniform_high,64,R1,False,4200,low_extraction_rate,0.284375,10.0
uniform_high,64,R1,False,4250,low_extraction_rate,0.2828125,10.0
uniform_high,64,R1,False,4300,low_extraction_rate,0.2671875,10.0
uniform_high,64,R1,False,4350,low_extraction_rate,0.2734375,10.0
uniform_high,64,R1,False,4400,low_extraction_rate,0.275,10.0
uniform_high,64,R1,False,4450,low_extraction_rate,0.2703125,10.0
uniform_high,64,R1,False,4500,low_extraction_rate,0.2765625,10.0
uniform_high,64,R1,False,4550,low_extraction_rate,0.275,10.0
uniform_high,64,R1,False,4600,low_extraction_rate,0.2859375,10.0
uniform_high,64,R1,False,4650,low_extraction_rate,0.2609375,10.0
uniform_high,64,R1,False,4700,low_extraction_rate,0.2828125,10.0
uniform_high,64,R1,False,4750,low_extraction_rate,0.2671875,10.0
uniform_high,64,R1,False,4800,low_extraction_rate,0.278125,10.0
uniform_high,64,R1,False,4850,low_extraction_rate,0.2578125,10.0
uniform_high,64,R1,False,4900,low_extraction_rate,0.2671875,10.0
uniform_high,64,R1,False,4950,low_extraction_rate,0.275,10.0
uniform_high,64,R1,False,5000,low_extraction_rate,0.265625,10.0
uniform_high,64,R1,True,1,visibility_gini,0.27061767578125,10.0
uniform_high,64,R1,True,50,visibility_gini,0.273486328125,10.0
uniform_high,64,R1,True,100,visibility_gini,0.2758544921875,10.0
uniform_high,64,R1,True,150,visibility_gini,0.27821044921875,10.0
uniform_high,64,R1,True,200,visibility_gini,0.277880859375,10.0
uniform_high,64,R1,True,250,visibility_gini,0.27939453125,10.0
uniform_high,64,R1,True,300,visibility_gini,0.280859375,10.0
uniform_high,64,R1,True,350,visibility_gini,0.28231201171875,10.0
uniform_high,64,R1,True,400,visibility_gini,0.28341064453125,10.0
uniform_high,64,R1,True,450,visibility_gini,0.2854248046875,10.0
uniform_high,64,R1,True,500,visibility_gini,0.2860107421875,10.0
uniform_high,64,R1,True,550,visibility_gini,0.28919677734375,10.0
uniform_high,64,R1,True,600,visibility_gini,0.2903564453125,10.0
uniform_high,64,R1,True,650,visibility_gini,0.29423828125,10.0
uniform_high,64,R1,True,700,visibility_gini,0.2961181640625,10.0
uniform_high,64,R1,True,750,visibility_gini,0.29892578125,10.0
uniform_high,64,R1,True,800,visibility_gini,0.30208740234375,10.0
uniform_high,64,R1,True,850,visibility_gini,0.30391845703125,10.0
uniform_high,64,R1,True,900,visibility_gini,0.30626220703125,10.0
uniform_high,64,R1,True,950,visibility_gini,0.30831298828125,10.0
uniform_high,64,R1,True,1000,visibility_gini,0.31153564453125,10.0
uniform_high,64,R1,True,1050,visibility_gini,0.31456298828125,10.0
uniform_high,64,R1,True,1100,visibility_gini,0.3140625,10.0
uniform_high,64,R1,True,1150,visibility_gini,0.31751708984375,10.0
uniform_high,64,R1,True,1200,visibility_gini,0.3186279296875,10.0
uniform_high,64,R1,True,1250,visibility_gini,0.3190185546875,10.0
uniform_high,64,R1,True,1300,visibility_gini,0.32315673828125,10.0
uniform_high,64,R1,True,1350,visibility_gini,0.32490234375,10.0
uniform_high,64,R1,True,1400,visibility_gini,0.32686767578125,10.0
uniform_high,64,R1,True,1450,visibility_gini,0.32852783203125,10.0
uniform_high,64,R1,True,1500,visibility_gini,0.32882080078125,10.0
uniform_high,64,R1,True,1550,visibility_gini,0.330908203125,10.0
uniform_high,64,R1,True,1600,visibility_gini,0.331591796875,10.0
uniform_high,64,R1,True,1650,visibility_gini,0.33201904296875,10.0
uniform_high,64,R1,True,1700,visibility_gini,0.33331298828125,10.0
uniform_high,64,R1,True,1750,visibility_gini,0.338037109375,10.0
uniform_high,64,R1,True,1800,visibility_gini,0.3408935546875,10.0
uniform_high,64,R1,True,1850,visibility_gini,0.34228515625,10.0
uniform_high,64,R1,True,1900,visibility_gini,0.3421875,10.0
uniform_high,64,R1,True,1950,visibility_gini,0.3416015625,10.0
uniform_high,64,R1,True,2000,visibility_gini,0.3451416015625,10.0
uniform_high,64,R1,True,2050,visibility_gini,0.34537353515625,10.0
uniform_high,64,R1,True,2100,visibility_gini,0.34671630859375,10.0
uniform_high,64,R1,True,2150,visibility_gini,0.34847412109375,10.0
uniform_high,64,R1,True,2200,visibility_gini,0.3513916015625,10.0
uniform_high,64,R1,True,2250,visibility_gini,0.35301513671875,10.0
uniform_high,64,R1,True,2300,visibility_gini,0.35445556640625,10.0
uniform_high,64,R1,True,2350,visibility_gini,0.35496826171875,10.0
uniform_high,64,R1,True,2400,visibility_gini,0.35782470703125,10.0
uniform_high,64,R1,True,2450,visibility_gini,0.35943603515625,10.0
uniform_high,64,R1,True,2500,visibility_gini,0.36190185546875,10.0
uniform_high,64,R1,True,2550,visibility_gini,0.36529541015625,10.0
uniform_high,64,R1,True,2600,visibility_gini,0.36707763671875,10.0
uniform_high,64,R1,True,2650,visibility_gini,0.36968994140625,10.0
uniform_high,64,R1,True,2700,visibility_gini,0.3721923828125,10.0
uniform_high,64,R1,True,2750,visibility_gini,0.37352294921875,10.0
uniform_high,64,R1,True,2800,visibility_gini,0.37406005859375,10.0
uniform_high,64,R1,True,2850,visibility_gini,0.37305908203125,10.0
uniform_high,64,R1,True,2900,visibility_gini,0.372607421875,10.0
uniform_high,64,R1,True,2950,visibility_gini,0.373681640625,10.0
uniform_high,64,R1,True,3000,visibility_gini,0.3744384765625,10.0
uniform_high,64,R1,True,3050,visibility_gini,0.3753662109375,10.0
uniform_high,64,R1,True,3100,visibility_gini,0.37655029296875,10.0
uniform_high,64,R1,True,3150,visibility_gini,0.37705078125,10.0
uniform_high,64,R1,True,3200,visibility_gini,0.37894287109375,10.0
uniform_high,64,R1,True,3250,visibility_gini,0.37830810546875,10.0
uniform_high,64,R1,True,3300,visibility_gini,0.37857666015625,10.0
uniform_high,64,R1,True,3350,visibility_gini,0.380615234375,10.0
uniform_high,64,R1,True,3400,visibility_gini,0.3825439453125,10.0
uniform_high,64,R1,True,3450,visibility_gini,0.3829833984375,10.0
uniform_high,64,R1,True,3500,visibility_gini,0.38402099609375,10.0
uniform_high,64,R1,True,3550,visibility_gini,0.385693359375,10.0
uniform_high,64,R1,True,3600,visibility_gini,0.38511962890625,10.0
uniform_high,64,R1,True,3650,visibility_gini,0.38570556640625,10.0
uniform_high,64,R1,True,3700,visibility_gini,0.38590087890625,10.0
uniform_high,64,R1,True,3750,visibility_gini,0.38756103515625,10.0
uniform_high,64,R1,True,3800,visibility_gini,0.38916015625,10.0
uniform_high,64,R1,True,3850,visibility_gini,0.39073486328125,10.0
uniform_high,64,R1,True,3900,visibility_gini,0.3915283203125,10.0
uniform_high,64,R1,True,3950,visibility_gini,0.39151611328125,10.0
uniform_high,64,R1,True,4000,visibility_gini,0.392236328125,10.0
uniform_high,64,R1,True,4050,visibility_gini,0.39278564453125,10.0
uniform_high,64,R1,True,4100,visibility_gini,0.39422607421875,10.0
uniform_high,64,R1,True,4150,visibility_gini,0.39361572265625,10.0
uniform_high,64,R1,True,4200,visibility_gini,0.39287109375,10.0
uniform_high,64,R1,True,4250,visibility_gini,0.394384765625,10.0
uniform_high,64,R1,True,4300,visibility_gini,0.39373779296875,10.0
uniform_high,64,R1,True,4350,visibility_gini,0.39365234375,10.0
uniform_high,64,R1,True,4400,visibility_gini,0.39365234375,10.0
uniform_high,64,R1,True,4450,visibility_gini,0.3942626953125,10.0
uniform_high,64,R1,True,4500,visibility_gini,0.39583740234375,10.0
uniform_high,64,R1,True,4550,visibility_gini,0.3973388671875,10.0
uniform_high,64,R1,True,4600,visibility_gini,0.3972900390625,10.0
uniform_high,64,R1,True,4650,visibility_gini,0.39857177734375,10.0
uniform_high,64,R1,True,4700,visibility_gini,0.39827880859375,10.0
uniform_high,64,R1,True,4750,visibility_gini,0.3988037109375,10.0
uniform_high,64,R1,True,4800,visibility_gini,0.39989013671875,10.0
uniform_high,64,R1,True,4850,visibility_gini,0.4008056640625,10.0
uniform_high,64,R1,True,4900,visibility_gini,0.40147705078125,10.0
uniform_high,64,R1,True,4950,visibility_gini,0.4013916015625,10.0
uniform_high,64,R1,True,5000,visibility_gini,0.40146484375,10.0
uniform_high,64,R1,True,1,low_extraction_rate,0.4734375,10.0
uniform_high,64,R1,True,50,low_extraction_rate,0.3453125,10.0
uniform_high,64,R1,True,100,low_extraction_rate,0.2640625,10.0
uniform_high,64,R1,True,150,low_extraction_rate,0.259375,10.0
uniform_high,64,R1,True,200,low_extraction_rate,0.2359375,10.0
uniform_high,64,R1,True,250,low_extraction_rate,0.29375,10.0
uniform_high,64,R1,True,300,low_extraction_rate,0.2796875,10.0
uniform_high,64,R1,True,350,low_extraction_rate,0.309375,10.0
uniform_high,64,R1,True,400,low_extraction_rate,0.2953125,10.0
uniform_high,64,R1,True,450,low_extraction_rate,0.325,10.0
uniform_high,64,R1,True,500,low_extraction_rate,0.315625,10.0
uniform_high,64,R1,True,550,low_extraction_rate,0.3015625,10.0
uniform_high,64,R1,True,600,low_extraction_rate,0.2875,10.0
uniform_high,64,R1,True,650,low_extraction_rate,0.3296875,10.0
uniform_high,64,R1,True,700,low_extraction_rate,0.3546875,10.0
uniform_high,64,R1,True,750,low_extraction_rate,0.34375,10.0
uniform_high,64,R1,True,800,low_extraction_rate,0.3515625,10.0
uniform_high,64,R1,True,850,low_extraction_rate,0.359375,10.0
uniform_high,64,R1,True,900,low_extraction_rate,0.3609375,10.0
uniform_high,64,R1,True,950,low_extraction_rate,0.31875,10.0
uniform_high,64,R1,True,1000,low_extraction_rate,0.3609375,10.0
uniform_high,64,R1,True,1050,low_extraction_rate,0.334375,10.0
uniform_high,64,R1,True,1100,low_extraction_rate,0.31875,10.0
uniform_high,64,R1,True,1150,low_extraction_rate,0.3640625,10.0
uniform_high,64,R1,True,1200,low_extraction_rate,0.3234375,10.0
uniform_high,64,R1,True,1250,low_extraction_rate,0.378125,10.0
uniform_high,64,R1,True,1300,low_extraction_rate,0.35,10.0
uniform_high,64,R1,True,1350,low_extraction_rate,0.3328125,10.0
uniform_high,64,R1,True,1400,low_extraction_rate,0.3359375,10.0
uniform_high,64,R1,True,1450,low_extraction_rate,0.328125,10.0
uniform_high,64,R1,True,1500,low_extraction_rate,0.35,10.0
uniform_high,64,R1,True,1550,low_extraction_rate,0.3265625,10.0
uniform_high,64,R1,True,1600,low_extraction_rate,0.334375,10.0
uniform_high,64,R1,True,1650,low_extraction_rate,0.375,10.0
uniform_high,64,R1,True,1700,low_extraction_rate,0.30625,10.0
uniform_high,64,R1,True,1750,low_extraction_rate,0.3203125,10.0
uniform_high,64,R1,True,1800,low_extraction_rate,0.334375,10.0
uniform_high,64,R1,True,1850,low_extraction_rate,0.3234375,10.0
uniform_high,64,R1,True,1900,low_extraction_rate,0.278125,10.0
uniform_high,64,R1,True,1950,low_extraction_rate,0.303125,10.0
uniform_high,64,R1,True,2000,low_extraction_rate,0.3265625,10.0
uniform_high,64,R1,True,2050,low_extraction_rate,0.28125,10.0
uniform_high,64,R1,True,2100,low_extraction_rate,0.271875,10.0
uniform_high,64,R1,True,2150,low_extraction_rate,0.3140625,10.0
uniform_high,64,R1,True,2200,low_extraction_rate,0.33125,10.0
uniform_high,64,R1,True,2250,low_extraction_rate,0.3390625,10.0
uniform_high,64,R1,True,2300,low_extraction_rate,0.3078125,10.0
uniform_high,64,R1,True,2350,low_extraction_rate,0.2921875,10.0
uniform_high,64,R1,True,2400,low_extraction_rate,0.2984375,10.0
uniform_high,64,R1,True,2450,low_extraction_rate,0.30625,10.0
uniform_high,64,R1,True,2500,low_extraction_rate,0.28125,10.0
uniform_high,64,R1,True,2550,low_extraction_rate,0.2859375,10.0
uniform_high,64,R1,True,2600,low_extraction_rate,0.278125,10.0
uniform_high,64,R1,True,2650,low_extraction_rate,0.328125,10.0
uniform_high,64,R1,True,2700,low_extraction_rate,0.303125,10.0
uniform_high,64,R1,True,2750,low_extraction_rate,0.2640625,10.0
uniform_high,64,R1,True,2800,low_extraction_rate,0.296875,10.0
uniform_high,64,R1,True,2850,low_extraction_rate,0.271875,10.0
uniform_high,64,R1,True,2900,low_extraction_rate,0.2734375,10.0
uniform_high,64,R1,True,2950,low_extraction_rate,0.303125,10.0
uniform_high,64,R1,True,3000,low_extraction_rate,0.29375,10.0
uniform_high,64,R1,True,3050,low_extraction_rate,0.3140625,10.0
uniform_high,64,R1,True,3100,low_extraction_rate,0.3078125,10.0
uniform_high,64,R1,True,3150,low_extraction_rate,0.296875,10.0
uniform_high,64,R1,True,3200,low_extraction_rate,0.3015625,10.0
uniform_high,64,R1,True,3250,low_extraction_rate,0.2953125,10.0
uniform_high,64,R1,True,3300,low_extraction_rate,0.290625,10.0
uniform_high,64,R1,True,3350,low_extraction_rate,0.3046875,10.0
uniform_high,64,R1,True,3400,low_extraction_rate,0.290625,10.0
uniform_high,64,R1,True,3450,low_extraction_rate,0.2984375,10.0
uniform_high,64,R1,True,3500,low_extraction_rate,0.2796875,10.0
uniform_high,64,R1,True,3550,low_extraction_rate,0.2734375,10.0
uniform_high,64,R1,True,3600,low_extraction_rate,0.2671875,10.0
uniform_high,64,R1,True,3650,low_extraction_rate,0.28125,10.0
uniform_high,64,R1,True,3700,low_extraction_rate,0.296875,10.0
uniform_high,64,R1,True,3750,low_extraction_rate,0.2609375,10.0
uniform_high,64,R1,True,3800,low_extraction_rate,0.275,10.0
uniform_high,64,R1,True,3850,low_extraction_rate,0.3078125,10.0
uniform_high,64,R1,True,3900,low_extraction_rate,0.284375,10.0
uniform_high,64,R1,True,3950,low_extraction_rate,0.2953125,10.0
uniform_high,64,R1,True,4000,low_extraction_rate,0.2703125,10.0
uniform_high,64,R1,True,4050,low_extraction_rate,0.2734375,10.0
uniform_high,64,R1,True,4100,low_extraction_rate,0.2859375,10.0
uniform_high,64,R1,True,4150,low_extraction_rate,0.2765625,10.0
uniform_high,64,R1,True,4200,low_extraction_rate,0.3140625,10.0
uniform_high,64,R1,True,4250,low_extraction_rate,0.278125,10.0
uniform_high,64,R1,True,4300,low_extraction_rate,0.2703125,10.0
uniform_high,64,R1,True,4350,low_extraction_rate,0.29375,10.0
uniform_high,64,R1,True,4400,low_extraction_rate,0.2796875,10.0
uniform_high,64,R1,True,4450,low_extraction_rate,0.2671875,10.0
uniform_high,64,R1,True,4500,low_extraction_rate,0.2875,10.0
uniform_high,64,R1,True,4550,low_extraction_rate,0.2859375,10.0
uniform_high,64,R1,True,4600,low_extraction_rate,0.290625,10.0
uniform_high,64,R1,True,4650,low_extraction_rate,0.3,10.0
uniform_high,64,R1,True,4700,low_extraction_rate,0.2859375,10.0
uniform_high,64,R1,True,4750,low_extraction_rate,0.25,10.0
uniform_high,64,R1,True,4800,low_extraction_rate,0.3109375,10.0
uniform_high,64,R1,True,4850,low_extraction_rate,0.2625,10.0
uniform_high,64,R1,True,4900,low_extraction_rate,0.2671875,10.0
uniform_high,64,R1,True,4950,low_extraction_rate,0.2609375,10.0
uniform_high,64,R1,True,5000,low_extraction_rate,0.2734375,10.0
uniform_high,64,R2,False,1,visibility_gini,0.27061767578125,10.0
uniform_high,64,R2,False,50,visibility_gini,0.2736572265625,10.0
uniform_high,64,R2,False,100,visibility_gini,0.27529296875,10.0
uniform_high,64,R2,False,150,visibility_gini,0.27625732421875,10.0
uniform_high,64,R2,False,200,visibility_gini,0.2787353515625,10.0
uniform_high,64,R2,False,250,visibility_gini,0.2790283203125,10.0
uniform_high,64,R2,False,300,visibility_gini,0.27928466796875,10.0
uniform_high,64,R2,False,350,visibility_gini,0.278515625,10.0
uniform_high,64,R2,False,400,visibility_gini,0.28203125,10.0
uniform_high,64,R2,False,450,visibility_gini,0.28216552734375,10.0
uniform_high,64,R2,False,500,visibility_gini,0.28155517578125,10.0
uniform_high,64,R2,False,550,visibility_gini,0.282373046875,10.0
uniform_high,64,R2,False,600,visibility_gini,0.2865966796875,10.0
uniform_high,64,R2,False,650,visibility_gini,0.2891357421875,10.0
uniform_high,64,R2,False,700,visibility_gini,0.2907470703125,10.0
uniform_high,64,R2,False,750,visibility_gini,0.29188232421875,10.0
uniform_high,64,R2,False,800,visibility_gini,0.29095458984375,10.0
uniform_high,64,R2,False,850,visibility_gini,0.29393310546875,10.0
uniform_high,64,R2,False,900,visibility_gini,0.294140625,10.0
uniform_high,64,R2,False,950,visibility_gini,0.294677734375,10.0
uniform_high,64,R2,False,1000,visibility_gini,0.2971923828125,10.0
uniform_high,64,R2,False,1050,visibility_gini,0.2978759765625,10.0
uniform_high,64,R2,False,1100,visibility_gini,0.29798583984375,10.0
uniform_high,64,R2,False,1150,visibility_gini,0.29986572265625,10.0
uniform_high,64,R2,False,1200,visibility_gini,0.30150146484375,10.0
uniform_high,64,R2,False,1250,visibility_gini,0.30220947265625,10.0
uniform_high,64,R2,False,1300,visibility_gini,0.304345703125,10.0
uniform_high,64,R2,False,1350,visibility_gini,0.30316162109375,10.0
uniform_high,64,R2,False,1400,visibility_gini,0.30291748046875,10.0
uniform_high,64,R2,False,1450,visibility_gini,0.303662109375,10.0
uniform_high,64,R2,False,1500,visibility_gini,0.3049072265625,10.0
uniform_high,64,R2,False,1550,visibility_gini,0.30400390625,10.0
uniform_high,64,R2,False,1600,visibility_gini,0.3045654296875,10.0
uniform_high,64,R2,False,1650,visibility_gini,0.30634765625,10.0
uniform_high,64,R2,False,1700,visibility_gini,0.3070556640625,10.0
uniform_high,64,R2,False,1750,visibility_gini,0.309521484375,10.0
uniform_high,64,R2,False,1800,visibility_gini,0.3093994140625,10.0
uniform_high,64,R2,False,1850,visibility_gini,0.30972900390625,10.0
uniform_high,64,R2,False,1900,visibility_gini,0.3127197265625,10.0
uniform_high,64,R2,False,1950,visibility_gini,0.312646484375,10.0
uniform_high,64,R2,False,2000,visibility_gini,0.3126953125,10.0
uniform_high,64,R2,False,2050,visibility_gini,0.3119873046875,10.0
uniform_high,64,R2,False,2100,visibility_gini,0.31328125,10.0
uniform_high,64,R2,False,2150,visibility_gini,0.31334228515625,10.0
uniform_high,64,R2,False,2200,visibility_gini,0.3138916015625,10.0
uniform_high,64,R2,False,2250,visibility_gini,0.3156005859375,10.0
uniform_high,64,R2,False,2300,visibility_gini,0.31700439453125,10.0
uniform_high,64,R2,False,2350,visibility_gini,0.31788330078125,10.0
uniform_high,64,R2,False,2400,visibility_gini,0.31846923828125,10.0
uniform_high,64,R2,False,2450,visibility_gini,0.32181396484375,10.0
uniform_high,64,R2,False,2500,visibility_gini,0.321337890625,10.0
uniform_high,64,R2,False,2550,visibility_gini,0.32218017578125,10.0
uniform_high,64,R2,False,2600,visibility_gini,0.323046875,10.0
uniform_high,64,R2,False,2650,visibility_gini,0.32586669921875,10.0
uniform_high,64,R2,False,2700,visibility_gini,0.3257080078125,10.0
uniform_high,64,R2,False,2750,visibility_gini,0.32388916015625,10.0
uniform_high,64,R2,False,2800,visibility_gini,0.32440185546875,10.0
uniform_high,64,R2,False,2850,visibility_gini,0.325244140625,10.0
uniform_high,64,R2,False,2900,visibility_gini,0.3265869140625,10.0
uniform_high,64,R2,False,2950,visibility_gini,0.32655029296875,10.0
uniform_high,64,R2,False,3000,visibility_gini,0.32713623046875,10.0
uniform_high,64,R2,False,3050,visibility_gini,0.3258056640625,10.0
uniform_high,64,R2,False,3100,visibility_gini,0.329150390625,10.0
uniform_high,64,R2,False,3150,visibility_gini,0.32901611328125,10.0
uniform_high,64,R2,False,3200,visibility_gini,0.3298583984375,10.0
uniform_high,64,R2,False,3250,visibility_gini,0.3298583984375,10.0
uniform_high,64,R2,False,3300,visibility_gini,0.3314453125,10.0
uniform_high,64,R2,False,3350,visibility_gini,0.3328369140625,10.0
uniform_high,64,R2,False,3400,visibility_gini,0.33282470703125,10.0
uniform_high,64,R2,False,3450,visibility_gini,0.333447265625,10.0
uniform_high,64,R2,False,3500,visibility_gini,0.33489990234375,10.0
uniform_high,64,R2,False,3550,visibility_gini,0.3356689453125,10.0
uniform_high,64,R2,False,3600,visibility_gini,0.33680419921875,10.0
uniform_high,64,R2,False,3650,visibility_gini,0.33809814453125,10.0
uniform_high,64,R2,False,3700,visibility_gini,0.33931884765625,10.0
uniform_high,64,R2,False,3750,visibility_gini,0.3403076171875,10.0
uniform_high,64,R2,False,3800,visibility_gini,0.341552734375,10.0
uniform_high,64,R2,False,3850,visibility_gini,0.3425537109375,10.0
uniform_high,64,R2,False,3900,visibility_gini,0.343798828125,10.0
uniform_high,64,R2,False,3950,visibility_gini,0.34510498046875,10.0
uniform_high,64,R2,False,4000,visibility_gini,0.34503173828125,10.0
uniform_high,64,R2,False,4050,visibility_gini,0.345166015625,10.0
uniform_high,64,R2,False,4100,visibility_gini,0.346240234375,10.0
uniform_high,64,R2,False,4150,visibility_gini,0.3478759765625,10.0
uniform_high,64,R2,False,4200,visibility_gini,0.349169921875,10.0
uniform_high,64,R2,False,4250,visibility_gini,0.349560546875,10.0
uniform_high,64,R2,False,4300,visibility_gini,0.34979248046875,10.0
uniform_high,64,R2,False,4350,visibility_gini,0.3519775390625,10.0
uniform_high,64,R2,False,4400,visibility_gini,0.3534912109375,10.0
uniform_high,64,R2,False,4450,visibility_gini,0.35411376953125,10.0
uniform_high,64,R2,False,4500,visibility_gini,0.35531005859375,10.0
uniform_high,64,R2,False,4550,visibility_gini,0.35526123046875,10.0
uniform_high,64,R2,False,4600,visibility_gini,0.35616455078125,10.0
uniform_high,64,R2,False,4650,visibility_gini,0.3564697265625,10.0
uniform_high,64,R2,False,4700,visibility_gini,0.35653076171875,10.0
uniform_high,64,R2,False,4750,visibility_gini,0.3561767578125,10.0
uniform_high,64,R2,False,4800,visibility_gini,0.35648193359375,10.0
uniform_high,64,R2,False,4850,visibility_gini,0.35767822265625,10.0
uniform_high,64,R2,False,4900,visibility_gini,0.35849609375,10.0
uniform_high,64,R2,False,4950,visibility_gini,0.35970458984375,10.0
uniform_high,64,R2,False,5000,visibility_gini,0.35963134765625,10.0
uniform_high,64,R2,False,1,low_extraction_rate,0.4734375,10.0
uniform_high,64,R2,False,50,low_extraction_rate,0.3453125,10.0
uniform_high,64,R2,False,100,low_extraction_rate,0.2625,10.0
uniform_high,64,R2,False,150,low_extraction_rate,0.259375,10.0
uniform_high,64,R2,False,200,low_extraction_rate,0.2515625,10.0
uniform_high,64,R2,False,250,low_extraction_rate,0.284375,10.0
uniform_high,64,R2,False,300,low_extraction_rate,0.265625,10.0
uniform_high,64,R2,False,350,low_extraction_rate,0.296875,10.0
uniform_high,64,R2,False,400,low_extraction_rate,0.3,10.0
uniform_high,64,R2,False,450,low_extraction_rate,0.3203125,10.0
uniform_high,64,R2,False,500,low_extraction_rate,0.3203125,10.0
uniform_high,64,R2,False,550,low_extraction_rate,0.309375,10.0
uniform_high,64,R2,False,600,low_extraction_rate,0.3234375,10.0
uniform_high,64,R2,False,650,low_extraction_rate,0.3328125,10.0
uniform_high,64,R2,False,700,low_extraction_rate,0.3609375,10.0
uniform_high,64,R2,False,750,low_extraction_rate,0.3453125,10.0
uniform_high,64,R2,False,800,low_extraction_rate,0.3421875,10.0
uniform_high,64,R2,False,850,low_extraction_rate,0.371875,10.0
uniform_high,64,R2,False,900,low_extraction_rate,0.3671875,10.0
uniform_high,64,R2,False,950,low_extraction_rate,0.33125,10.0
uniform_high,64,R2,False,1000,low_extraction_rate,0.31875,10.0
uniform_high,64,R2,False,1050,low_extraction_rate,0.3109375,10.0
uniform_high,64,R2,False,1100,low_extraction_rate,0.353125,10.0
uniform_high,64,R2,False,1150,low_extraction_rate,0.3765625,10.0
uniform_high,64,R2,False,1200,low_extraction_rate,0.3359375,10.0
uniform_high,64,R2,False,1250,low_extraction_rate,0.3453125,10.0
uniform_high,64,R2,False,1300,low_extraction_rate,0.36875,10.0
uniform_high,64,R2,False,1350,low_extraction_rate,0.3296875,10.0
uniform_high,64,R2,False,1400,low_extraction_rate,0.29375,10.0
uniform_high,64,R2,False,1450,low_extraction_rate,0.3296875,10.0
uniform_high,64,R2,False,1500,low_extraction_rate,0.35625,10.0
uniform_high,64,R2,False,1550,low_extraction_rate,0.3359375,10.0
uniform_high,64,R2,False,1600,low_extraction_rate,0.346875,10.0
uniform_high,64,R2,False,1650,low_extraction_rate,0.334375,10.0
uniform_high,64,R2,False,1700,low_extraction_rate,0.296875,10.0
uniform_high,64,R2,False,1750,low_extraction_rate,0.325,10.0
uniform_high,64,R2,False,1800,low_extraction_rate,0.28125,10.0
uniform_high,64,R2,False,1850,low_extraction_rate,0.2953125,10.0
uniform_high,64,R2,False,1900,low_extraction_rate,0.33125,10.0
uniform_high,64,R2,False,1950,low_extraction_rate,0.30625,10.0
uniform_high,64,R2,False,2000,low_extraction_rate,0.3015625,10.0
uniform_high,64,R2,False,2050,low_extraction_rate,0.31875,10.0
uniform_high,64,R2,False,2100,low_extraction_rate,0.31875,10.0
uniform_high,64,R2,False,2150,low_extraction_rate,0.2765625,10.0
uniform_high,64,R2,False,2200,low_extraction_rate,0.315625,10.0
uniform_high,64,R2,False,2250,low_extraction_rate,0.3171875,10.0
uniform_high,64,R2,False,2300,low_extraction_rate,0.2875,10.0
uniform_high,64,R2,False,2350,low_extraction_rate,0.3046875,10.0
uniform_high,64,R2,False,2400,low_extraction_rate,0.3140625,10.0
uniform_high,64,R2,False,2450,low_extraction_rate,0.3234375,10.0
uniform_high,64,R2,False,2500,low_extraction_rate,0.2984375,10.0
uniform_high,64,R2,False,2550,low_extraction_rate,0.2828125,10.0
uniform_high,64,R2,False,2600,low_extraction_rate,0.278125,10.0
uniform_high,64,R2,False,2650,low_extraction_rate,0.325,10.0
uniform_high,64,R2,False,2700,low_extraction_rate,0.284375,10.0
uniform_high,64,R2,False,2750,low_extraction_rate,0.3,10.0
uniform_high,64,R2,False,2800,low_extraction_rate,0.28125,10.0
uniform_high,64,R2,False,2850,low_extraction_rate,0.2703125,10.0
uniform_high,64,R2,False,2900,low_extraction_rate,0.309375,10.0
uniform_high,64,R2,False,2950,low_extraction_rate,0.3109375,10.0
uniform_high,64,R2,False,3000,low_extraction_rate,0.2578125,10.0
uniform_high,64,R2,False,3050,low_extraction_rate,0.2859375,10.0
uniform_high,64,R2,False,3100,low_extraction_rate,0.296875,10.0
uniform_high,64,R2,False,3150,low_extraction_rate,0.2890625,10.0
uniform_high,64,R2,False,3200,low_extraction_rate,0.29375,10.0
uniform_high,64,R2,False,3250,low_extraction_rate,0.2890625,10.0
uniform_high,64,R2,False,3300,low_extraction_rate,0.28125,10.0
uniform_high,64,R2,False,3350,low_extraction_rate,0.33125,10.0
uniform_high,64,R2,False,3400,low_extraction_rate,0.284375,10.0
uniform_high,64,R2,False,3450,low_extraction_rate,0.29375,10.0
uniform_high,64,R2,False,3500,low_extraction_rate,0.2859375,10.0
uniform_high,64,R2,False,3550,low_extraction_rate,0.2578125,10.0
uniform_high,64,R2,False,3600,low_extraction_rate,0.2796875,10.0
uniform_high,64,R2,False,3650,low_extraction_rate,0.2734375,10.0
uniform_high,64,R2,False,3700,low_extraction_rate,0.2671875,10.0
uniform_high,64,R2,False,3750,low_extraction_rate,0.2796875,10.0
uniform_high,64,R2,False,3800,low_extraction_rate,0.26875,10.0
uniform_high,64,R2,False,3850,low_extraction_rate,0.2859375,10.0
uniform_high,64,R2,False,3900,low_extraction_rate,0.2859375,10.0
uniform_high,64,R2,False,3950,low_extraction_rate,0.2796875,10.0
uniform_high,64,R2,False,4000,low_extraction_rate,0.2890625,10.0
uniform_high,64,R2,False,4050,low_extraction_rate,0.2546875,10.0
uniform_high,64,R2,False,4100,low_extraction_rate,0.2625,10.0
uniform_high,64,R2,False,4150,low_extraction_rate,0.259375,10.0
uniform_high,64,R2,False,4200,low_extraction_rate,0.278125,10.0
uniform_high,64,R2,False,4250,low_extraction_rate,0.271875,10.0
uniform_high,64,R2,False,4300,low_extraction_rate,0.271875,10.0
uniform_high,64,R2,False,4350,low_extraction_rate,0.3,10.0
uniform_high,64,R2,False,4400,low_extraction_rate,0.2453125,10.0
uniform_high,64,R2,False,4450,low_extraction_rate,0.275,10.0
uniform_high,64,R2,False,4500,low_extraction_rate,0.26875,10.0
uniform_high,64,R2,False,4550,low_extraction_rate,0.2625,10.0
uniform_high,64,R2,False,4600,low_extraction_rate,0.2640625,10.0
uniform_high,64,R2,False,4650,low_extraction_rate,0.24375,10.0
uniform_high,64,R2,False,4700,low_extraction_rate,0.2625,10.0
uniform_high,64,R2,False,4750,low_extraction_rate,0.2734375,10.0
uniform_high,64,R2,False,4800,low_extraction_rate,0.2765625,10.0
uniform_high,64,R2,False,4850,low_extraction_rate,0.2625,10.0
uniform_high,64,R2,False,4900,low_extraction_rate,0.2484375,10.0
uniform_high,64,R2,False,4950,low_extraction_rate,0.2828125,10.0
uniform_high,64,R2,False,5000,low_extraction_rate,0.2625,10.0
uniform_high,64,R2,True,1,visibility_gini,0.27061767578125,10.0
uniform_high,64,R2,True,50,visibility_gini,0.27264404296875,10.0
uniform_high,64,R2,True,100,visibility_gini,0.2740966796875,10.0
uniform_high,64,R2,True,150,visibility_gini,0.27584228515625,10.0
uniform_high,64,R2,True,200,visibility_gini,0.27808837890625,10.0
uniform_high,64,R2,True,250,visibility_gini,0.2785400390625,10.0
uniform_high,64,R2,True,300,visibility_gini,0.27919921875,10.0
uniform_high,64,R2,True,350,visibility_gini,0.281982421875,10.0
uniform_high,64,R2,True,400,visibility_gini,0.2835693359375,10.0
uniform_high,64,R2,True,450,visibility_gini,0.28330078125,10.0
uniform_high,64,R2,True,500,visibility_gini,0.28472900390625,10.0
uniform_high,64,R2,True,550,visibility_gini,0.2874267578125,10.0
uniform_high,64,R2,True,600,visibility_gini,0.29190673828125,10.0
uniform_high,64,R2,True,650,visibility_gini,0.29366455078125,10.0
uniform_high,64,R2,True,700,visibility_gini,0.29248046875,10.0
uniform_high,64,R2,True,750,visibility_gini,0.2933349609375,10.0
uniform_high,64,R2,True,800,visibility_gini,0.29295654296875,10.0
uniform_high,64,R2,True,850,visibility_gini,0.2955078125,10.0
uniform_high,64,R2,True,900,visibility_gini,0.29808349609375,10.0
uniform_high,64,R2,True,950,visibility_gini,0.29937744140625,10.0
uniform_high,64,R2,True,1000,visibility_gini,0.300341796875,10.0
uniform_high,64,R2,True,1050,visibility_gini,0.30142822265625,10.0
uniform_high,64,R2,True,1100,visibility_gini,0.30267333984375,10.0
uniform_high,64,R2,True,1150,visibility_gini,0.30411376953125,10.0
uniform_high,64,R2,True,1200,visibility_gini,0.3052978515625,10.0
uniform_high,64,R2,True,1250,visibility_gini,0.30501708984375,10.0
uniform_high,64,R2,True,1300,visibility_gini,0.30684814453125,10.0
uniform_high,64,R2,True,1350,visibility_gini,0.30997314453125,10.0
uniform_high,64,R2,True,1400,visibility_gini,0.30992431640625,10.0
uniform_high,64,R2,True,1450,visibility_gini,0.31044921875,10.0
uniform_high,64,R2,True,1500,visibility_gini,0.31146240234375,10.0
uniform_high,64,R2,True,1550,visibility_gini,0.313037109375,10.0
uniform_high,64,R2,True,1600,visibility_gini,0.3155517578125,10.0
uniform_high,64,R2,True,1650,visibility_gini,0.3149658203125,10.0
uniform_high,64,R2,True,1700,visibility_gini,0.31217041015625,10.0
uniform_high,64,R2,True,1750,visibility_gini,0.3137939453125,10.0
uniform_high,64,R2,True,1800,visibility_gini,0.31539306640625,10.0
uniform_high,64,R2,True,1850,visibility_gini,0.3176025390625,10.0
uniform_high,64,R2,True,1900,visibility_gini,0.319921875,10.0
uniform_high,64,R2,True,1950,visibility_gini,0.3212890625,10.0
uniform_high,64,R2,True,2000,visibility_gini,0.322265625,10.0
uniform_high,64,R2,True,2050,visibility_gini,0.32113037109375,10.0
uniform_high,64,R2,True,2100,visibility_gini,0.32265625,10.0
uniform_high,64,R2,True,2150,visibility_gini,0.323193359375,10.0
uniform_high,64,R2,True,2200,visibility_gini,0.3234130859375,10.0
uniform_high,64,R2,True,2250,visibility_gini,0.3248779296875,10.0
uniform_high,64,R2,True,2300,visibility_gini,0.32552490234375,10.0
uniform_high,64,R2,True,2350,visibility_gini,0.32513427734375,10.0
uniform_high,64,R2,True,2400,visibility_gini,0.32562255859375,10.0
uniform_high,64,R2,True,2450,visibility_gini,0.3288818359375,10.0
uniform_high,64,R2,True,2500,visibility_gini,0.32889404296875,10.0
uniform_high,64,R2,True,2550,visibility_gini,0.33001708984375,10.0
uniform_high,64,R2,True,2600,visibility_gini,0.33070068359375,10.0
uniform_high,64,R2,True,2650,visibility_gini,0.329443359375,10.0
uniform_high,64,R2,True,2700,visibility_gini,0.32957763671875,10.0
uniform_high,64,R2,True,2750,visibility_gini,0.33048095703125,10.0
uniform_high,64,R2,True,2800,visibility_gini,0.3308349609375,10.0
uniform_high,64,R2,True,2850,visibility_gini,0.33258056640625,10.0
uniform_high,64,R2,True,2900,visibility_gini,0.334814453125,10.0
uniform_high,64,R2,True,2950,visibility_gini,0.33524169921875,10.0
uniform_high,64,R2,True,3000,visibility_gini,0.33582763671875,10.0
uniform_high,64,R2,True,3050,visibility_gini,0.33529052734375,10.0
uniform_high,64,R2,True,3100,visibility_gini,0.33494873046875,10.0
uniform_high,64,R2,True,3150,visibility_gini,0.336279296875,10.0
uniform_high,64,R2,True,3200,visibility_gini,0.33671875,10.0
uniform_high,64,R2,True,3250,visibility_gini,0.33670654296875,10.0
uniform_high,64,R2,True,3300,visibility_gini,0.33616943359375,10.0
uniform_high,64,R2,True,3350,visibility_gini,0.33507080078125,10.0
uniform_high,64,R2,True,3400,visibility_gini,0.33541259765625,10.0
uniform_high,64,R2,True,3450,visibility_gini,0.33572998046875,10.0
uniform_high,64,R2,True,3500,visibility_gini,0.33643798828125,10.0
uniform_high,64,R2,True,3550,visibility_gini,0.3354736328125,10.0
uniform_high,64,R2,True,3600,visibility_gini,0.335498046875,10.0
uniform_high,64,R2,True,3650,visibility_gini,0.33629150390625,10.0
uniform_high,64,R2,True,3700,visibility_gini,0.33643798828125,10.0
uniform_high,64,R2,True,3750,visibility_gini,0.3361328125,10.0
uniform_high,64,R2,True,3800,visibility_gini,0.3367919921875,10.0
uniform_high,64,R2,True,3850,visibility_gini,0.33809814453125,10.0
uniform_high,64,R2,True,3900,visibility_gini,0.33887939453125,10.0
uniform_high,64,R2,True,3950,visibility_gini,0.3389404296875,10.0
uniform_high,64,R2,True,4000,visibility_gini,0.33809814453125,10.0
uniform_high,64,R2,True,4050,visibility_gini,0.33743896484375,10.0
uniform_high,64,R2,True,4100,visibility_gini,0.3379150390625,10.0
uniform_high,64,R2,True,4150,visibility_gini,0.33670654296875,10.0
uniform_high,64,R2,True,4200,visibility_gini,0.33746337890625,10.0
uniform_high,64,R2,True,4250,visibility_gini,0.33739013671875,10.0
uniform_high,64,R2,True,4300,visibility_gini,0.3377685546875,10.0
uniform_high,64,R2,True,4350,visibility_gini,0.33973388671875,10.0
uniform_high,64,R2,True,4400,visibility_gini,0.34122314453125,10.0
uniform_high,64,R2,True,4450,visibility_gini,0.343505859375,10.0
uniform_high,64,R2,True,4500,visibility_gini,0.34447021484375,10.0
uniform_high,64,R2,True,4550,visibility_gini,0.3455078125,10.0
uniform_high,64,R2,True,4600,visibility_gini,0.34698486328125,10.0
uniform_high,64,R2,True,4650,visibility_gini,0.34573974609375,10.0
uniform_high,64,R2,True,4700,visibility_gini,0.34569091796875,10.0
uniform_high,64,R2,True,4750,visibility_gini,0.34654541015625,10.0
uniform_high,64,R2,True,4800,visibility_gini,0.3453125,10.0
uniform_high,64,R2,True,4850,visibility_gini,0.34456787109375,10.0
uniform_high,64,R2,True,4900,visibility_gini,0.346728515625,10.0
uniform_high,64,R2,True,4950,visibility_gini,0.3469482421875,10.0
uniform_high,64,R2,True,5000,visibility_gini,0.346923828125,10.0
uniform_high,64,R2,True,1,low_extraction_rate,0.4734375,10.0
uniform_high,64,R2,True,50,low_extraction_rate,0.3453125,10.0
uniform_high,64,R2,True,100,low_extraction_rate,0.2609375,10.0
uniform_high,64,R2,True,150,low_extraction_rate,0.253125,10.0
uniform_high,64,R2,True,200,low_extraction_rate,0.23125,10.0
uniform_high,64,R2,True,250,low_extraction_rate,0.2875,10.0
uniform_high,64,R2,True,300,low_extraction_rate,0.2625,10.0
uniform_high,64,R2,True,350,low_extraction_rate,0.284375,10.0
uniform_high,64,R2,True,400,low_extraction_rate,0.3171875,10.0
uniform_high,64,R2,True,450,low_extraction_rate,0.3375,10.0
uniform_high,64,R2,True,500,low_extraction_rate,0.3125,10.0
uniform_high,64,R2,True,550,low_extraction_rate,0.3203125,10.0
uniform_high,64,R2,True,600,low_extraction_rate,0.296875,10.0
uniform_high,64,R2,True,650,low_extraction_rate,0.334375,10.0
uniform_high,64,R2,True,700,low_extraction_rate,0.359375,10.0
uniform_high,64,R2,True,750,low_extraction_rate,0.3578125,10.0
uniform_high,64,R2,True,800,low_extraction_rate,0.315625,10.0
uniform_high,64,R2,True,850,low_extraction_rate,0.3296875,10.0
uniform_high,64,R2,True,900,low_extraction_rate,0.378125,10.0
uniform_high,64,R2,True,950,low_extraction_rate,0.346875,10.0
uniform_high,64,R2,True,1000,low_extraction_rate,0.3625,10.0
uniform_high,64,R2,True,1050,low_extraction_rate,0.321875,10.0
uniform_high,64,R2,True,1100,low_extraction_rate,0.359375,10.0
uniform_high,64,R2,True,1150,low_extraction_rate,0.3828125,10.0
uniform_high,64,R2,True,1200,low_extraction_rate,0.3140625,10.0
uniform_high,64,R2,True,1250,low_extraction_rate,0.3546875,10.0
uniform_high,64,R2,True,1300,low_extraction_rate,0.3390625,10.0
uniform_high,64,R2,True,1350,low_extraction_rate,0.3640625,10.0
uniform_high,64,R2,True,1400,low_extraction_rate,0.3046875,10.0
uniform_high,64,R2,True,1450,low_extraction_rate,0.321875,10.0
uniform_high,64,R2,True,1500,low_extraction_rate,0.3515625,10.0
uniform_high,64,R2,True,1550,low_extraction_rate,0.3203125,10.0
uniform_high,64,R2,True,1600,low_extraction_rate,0.3234375,10.0
uniform_high,64,R2,True,1650,low_extraction_rate,0.3640625,10.0
uniform_high,64,R2,True,1700,low_extraction_rate,0.2859375,10.0
uniform_high,64,R2,True,1750,low_extraction_rate,0.3375,10.0
uniform_high,64,R2,True,1800,low_extraction_rate,0.2921875,10.0
uniform_high,64,R2,True,1850,low_extraction_rate,0.3203125,10.0
uniform_high,64,R2,True,1900,low_extraction_rate,0.3140625,10.0
uniform_high,64,R2,True,1950,low_extraction_rate,0.3234375,10.0
uniform_high,64,R2,True,2000,low_extraction_rate,0.3359375,10.0
uniform_high,64,R2,True,2050,low_extraction_rate,0.2984375,10.0
uniform_high,64,R2,True,2100,low_extraction_rate,0.321875,10.0
uniform_high,64,R2,True,2150,low_extraction_rate,0.309375,10.0
uniform_high,64,R2,True,2200,low_extraction_rate,0.2890625,10.0
uniform_high,64,R2,True,2250,low_extraction_rate,0.2875,10.0
uniform_high,64,R2,True,2300,low_extraction_rate,0.2953125,10.0
uniform_high,64,R2,True,2350,low_extraction_rate,0.3171875,10.0
uniform_high,64,R2,True,2400,low_extraction_rate,0.2859375,10.0
uniform_high,64,R2,True,2450,low_extraction_rate,0.30625,10.0
uniform_high,64,R2,True,2500,low_extraction_rate,0.3046875,10.0
uniform_high,64,R2,True,2550,low_extraction_rate,0.2734375,10.0
uniform_high,64,R2,True,2600,low_extraction_rate,0.2890625,10.0
uniform_high,64,R2,True,2650,low_extraction_rate,0.321875,10.0
uniform_high,64,R2,True,2700,low_extraction_rate,0.3125,10.0
uniform_high,64,R2,True,2750,low_extraction_rate,0.303125,10.0
uniform_high,64,R2,True,2800,low_extraction_rate,0.303125,10.0
uniform_high,64,R2,True,2850,low_extraction_rate,0.28125,10.0
uniform_high,64,R2,True,2900,low_extraction_rate,0.3234375,10.0
uniform_high,64,R2,True,2950,low_extraction_rate,0.290625,10.0
uniform_high,64,R2,True,3000,low_extraction_rate,0.29375,10.0
uniform_high,64,R2,True,3050,low_extraction_rate,0.2890625,10.0
uniform_high,64,R2,True,3100,low_extraction_rate,0.30625,10.0
uniform_high,64,R2,True,3150,low_extraction_rate,0.2890625,10.0
uniform_high,64,R2,True,3200,low_extraction_rate,0.3109375,10.0
uniform_high,64,R2,True,3250,low_extraction_rate,0.29375,10.0
uniform_high,64,R2,True,3300,low_extraction_rate,0.30625,10.0
uniform_high,64,R2,True,3350,low_extraction_rate,0.2828125,10.0
uniform_high,64,R2,True,3400,low_extraction_rate,0.2953125,10.0
uniform_high,64,R2,True,3450,low_extraction_rate,0.3078125,10.0
uniform_high,64,R2,True,3500,low_extraction_rate,0.3171875,10.0
uniform_high,64,R2,True,3550,low_extraction_rate,0.29375,10.0
uniform_high,64,R2,True,3600,low_extraction_rate,0.28125,10.0
uniform_high,64,R2,True,3650,low_extraction_rate,0.271875,10.0
uniform_high,64,R2,True,3700,low_extraction_rate,0.2921875,10.0
uniform_high,64,R2,True,3750,low_extraction_rate,0.2515625,10.0
uniform_high,64,R2,True,3800,low_extraction_rate,0.2484375,10.0
uniform_high,64,R2,True,3850,low_extraction_rate,0.2765625,10.0
uniform_high,64,R2,True,3900,low_extraction_rate,0.2921875,10.0
uniform_high,64,R2,True,3950,low_extraction_rate,0.2734375,10.0
uniform_high,64,R2,True,4000,low_extraction_rate,0.284375,10.0
uniform_high,64,R2,True,4050,low_extraction_rate,0.2796875,10.0
uniform_high,64,R2,True,4100,low_extraction_rate,0.271875,10.0
uniform_high,64,R2,True,4150,low_extraction_rate,0.2625,10.0
uniform_high,64,R2,True,4200,low_extraction_rate,0.2625,10.0
uniform_high,64,R2,True,4250,low_extraction_rate,0.28125,10.0
uniform_high,64,R2,True,4300,low_extraction_rate,0.278125,10.0
uniform_high,64,R2,True,4350,low_extraction_rate,0.296875,10.0
uniform_high,64,R2,True,4400,low_extraction_rate,0.2734375,10.0
uniform_high,64,R2,True,4450,low_extraction_rate,0.278125,10.0
uniform_high,64,R2,True,4500,low_extraction_rate,0.2828125,10.0
uniform_high,64,R2,True,4550,low_extraction_rate,0.2609375,10.0
uniform_high,64,R2,True,4600,low_extraction_rate,0.2796875,10.0
uniform_high,64,R2,True,4650,low_extraction_rate,0.2734375,10.0
uniform_high,64,R2,True,4700,low_extraction_rate,0.284375,10.0
uniform_high,64,R2,True,4750,low_extraction_rate,0.275,10.0
uniform_high,64,R2,True,4800,low_extraction_rate,0.2828125,10.0
uniform_high,64,R2,True,4850,low_extraction_rate,0.29375,10.0
uniform_high,64,R2,True,4900,low_extraction_rate,0.26875,10.0
uniform_high,64,R2,True,4950,low_extraction_rate,0.2765625,10.0
uniform_high,64,R2,True,5000,low_extraction_rate,0.2734375,10.0
uniform_high,64,R3,False,1,visibility_gini,0.27061767578125,10.0
uniform_high,64,R3,False,50,visibility_gini,0.272509765625,10.0
uniform_high,64,R3,False,100,visibility_gini,0.27352294921875,10.0
uniform_high,64,R3,False,150,visibility_gini,0.271923828125,10.0
uniform_high,64,R3,False,200,visibility_gini,0.27113037109375,10.0
uniform_high,64,R3,False,250,visibility_gini,0.26844482421875,10.0
uniform_high,64,R3,False,300,visibility_gini,0.26796875,10.0
uniform_high,64,R3,False,350,visibility_gini,0.26845703125,10.0
uniform_high,64,R3,False,400,visibility_gini,0.268408203125,10.0
uniform_high,64,R3,False,450,visibility_gini,0.266748046875,10.0
uniform_high,64,R3,False,500,visibility_gini,0.26641845703125,10.0
uniform_high,64,R3,False,550,visibility_gini,0.26763916015625,10.0
uniform_high,64,R3,False,600,visibility_gini,0.26585693359375,10.0
uniform_high,64,R3,False,650,visibility_gini,0.26812744140625,10.0
uniform_high,64,R3,False,700,visibility_gini,0.26793212890625,10.0
uniform_high,64,R3,False,750,visibility_gini,0.27193603515625,10.0
uniform_high,64,R3,False,800,visibility_gini,0.272412109375,10.0
uniform_high,64,R3,False,850,visibility_gini,0.27210693359375,10.0
uniform_high,64,R3,False,900,visibility_gini,0.273828125,10.0
uniform_high,64,R3,False,950,visibility_gini,0.27362060546875,10.0
uniform_high,64,R3,False,1000,visibility_gini,0.274560546875,10.0
uniform_high,64,R3,False,1050,visibility_gini,0.2727294921875,10.0
uniform_high,64,R3,False,1100,visibility_gini,0.274169921875,10.0
uniform_high,64,R3,False,1150,visibility_gini,0.275146484375,10.0
uniform_high,64,R3,False,1200,visibility_gini,0.277099609375,10.0
uniform_high,64,R3,False,1250,visibility_gini,0.279638671875,10.0
uniform_high,64,R3,False,1300,visibility_gini,0.2793212890625,10.0
uniform_high,64,R3,False,1350,visibility_gini,0.2802490234375,10.0
uniform_high,64,R3,False,1400,visibility_gini,0.27962646484375,10.0
uniform_high,64,R3,False,1450,visibility_gini,0.27830810546875,10.0
uniform_high,64,R3,False,1500,visibility_gini,0.27503662109375,10.0
uniform_high,64,R3,False,1550,visibility_gini,0.2752197265625,10.0
uniform_high,64,R3,False,1600,visibility_gini,0.27774658203125,10.0
uniform_high,64,R3,False,1650,visibility_gini,0.27821044921875,10.0
uniform_high,64,R3,False,1700,visibility_gini,0.27872314453125,10.0
uniform_high,64,R3,False,1750,visibility_gini,0.28060302734375,10.0
uniform_high,64,R3,False,1800,visibility_gini,0.28302001953125,10.0
uniform_high,64,R3,False,1850,visibility_gini,0.281591796875,10.0
uniform_high,64,R3,False,1900,visibility_gini,0.28006591796875,10.0
uniform_high,64,R3,False,1950,visibility_gini,0.2787841796875,10.0
uniform_high,64,R3,False,2000,visibility_gini,0.28121337890625,10.0
uniform_high,64,R3,False,2050,visibility_gini,0.27996826171875,10.0
uniform_high,64,R3,False,2100,visibility_gini,0.27857666015625,10.0
uniform_high,64,R3,False,2150,visibility_gini,0.27813720703125,10.0
uniform_high,64,R3,False,2200,visibility_gini,0.27786865234375,10.0
uniform_high,64,R3,False,2250,visibility_gini,0.278662109375,10.0
uniform_high,64,R3,False,2300,visibility_gini,0.28006591796875,10.0
uniform_high,64,R3,False,2350,visibility_gini,0.27884521484375,10.0
uniform_high,64,R3,False,2400,visibility_gini,0.278564453125,10.0
uniform_high,64,R3,False,2450,visibility_gini,0.28028564453125,10.0
uniform_high,64,R3,False,2500,visibility_gini,0.28026123046875,10.0
uniform_high,64,R3,False,2550,visibility_gini,0.2824462890625,10.0
uniform_high,64,R3,False,2600,visibility_gini,0.2821533203125,10.0
uniform_high,64,R3,False,2650,visibility_gini,0.281689453125,10.0
uniform_high,64,R3,False,2700,visibility_gini,0.28199462890625,10.0
uniform_high,64,R3,False,2750,visibility_gini,0.28214111328125,10.0
uniform_high,64,R3,False,2800,visibility_gini,0.2814208984375,10.0
uniform_high,64,R3,False,2850,visibility_gini,0.2818359375,10.0
uniform_high,64,R3,False,2900,visibility_gini,0.28226318359375,10.0
uniform_high,64,R3,False,2950,visibility_gini,0.2837646484375,10.0
uniform_high,64,R3,False,3000,visibility_gini,0.2830322265625,10.0
uniform_high,64,R3,False,3050,visibility_gini,0.28271484375,10.0
uniform_high,64,R3,False,3100,visibility_gini,0.283349609375,10.0
uniform_high,64,R3,False,3150,visibility_gini,0.2828857421875,10.0
uniform_high,64,R3,False,3200,visibility_gini,0.28138427734375,10.0
uniform_high,64,R3,False,3250,visibility_gini,0.28109130859375,10.0
uniform_high,64,R3,False,3300,visibility_gini,0.28018798828125,10.0
uniform_high,64,R3,False,3350,visibility_gini,0.28067626953125,10.0
uniform_high,64,R3,False,3400,visibility_gini,0.28006591796875,10.0
uniform_high,64,R3,False,3450,visibility_gini,0.2796142578125,10.0
uniform_high,64,R3,False,3500,visibility_gini,0.27933349609375,10.0
uniform_high,64,R3,False,3550,visibility_gini,0.2797119140625,10.0
uniform_high,64,R3,False,3600,visibility_gini,0.281494140625,10.0
uniform_high,64,R3,False,3650,visibility_gini,0.28245849609375,10.0
uniform_high,64,R3,False,3700,visibility_gini,0.28197021484375,10.0
uniform_high,64,R3,False,3750,visibility_gini,0.28212890625,10.0
uniform_high,64,R3,False,3800,visibility_gini,0.28084716796875,10.0
uniform_high,64,R3,False,3850,visibility_gini,0.2814208984375,10.0
uniform_high,64,R3,False,3900,visibility_gini,0.2822021484375,10.0
uniform_high,64,R3,False,3950,visibility_gini,0.281201171875,10.0
uniform_high,64,R3,False,4000,visibility_gini,0.28114013671875,10.0
uniform_high,64,R3,False,4050,visibility_gini,0.2816162109375,10.0
uniform_high,64,R3,False,4100,visibility_gini,0.2806396484375,10.0
uniform_high,64,R3,False,4150,visibility_gini,0.28076171875,10.0
uniform_high,64,R3,False,4200,visibility_gini,0.28148193359375,10.0
uniform_high,64,R3,False,4250,visibility_gini,0.28287353515625,10.0
uniform_high,64,R3,False,4300,visibility_gini,0.28226318359375,10.0
uniform_high,64,R3,False,4350,visibility_gini,0.281689453125,10.0
uniform_high,64,R3,False,4400,visibility_gini,0.28187255859375,10.0
uniform_high,64,R3,False,4450,visibility_gini,0.281640625,10.0
uniform_high,64,R3,False,4500,visibility_gini,0.2827392578125,10.0
uniform_high,64,R3,False,4550,visibility_gini,0.27978515625,10.0
uniform_high,64,R3,False,4600,visibility_gini,0.28050537109375,10.0
uniform_high,64,R3,False,4650,visibility_gini,0.2807861328125,10.0
uniform_high,64,R3,False,4700,visibility_gini,0.28092041015625,10.0
uniform_high,64,R3,False,4750,visibility_gini,0.28048095703125,10.0
uniform_high,64,R3,False,4800,visibility_gini,0.28128662109375,10.0
uniform_high,64,R3,False,4850,visibility_gini,0.2831787109375,10.0
uniform_high,64,R3,False,4900,visibility_gini,0.28226318359375,10.0
uniform_high,64,R3,False,4950,visibility_gini,0.28297119140625,10.0
uniform_high,64,R3,False,5000,visibility_gini,0.28299560546875,10.0
uniform_high,64,R3,False,1,low_extraction_rate,0.4734375,10.0
uniform_high,64,R3,False,50,low_extraction_rate,0.3453125,10.0
uniform_high,64,R3,False,100,low_extraction_rate,0.2640625,10.0
uniform_high,64,R3,False,150,low_extraction_rate,0.253125,10.0
uniform_high,64,R3,False,200,low_extraction_rate,0.2359375,10.0
uniform_high,64,R3,False,250,low_extraction_rate,0.2875,10.0
uniform_high,64,R3,False,300,low_extraction_rate,0.253125,10.0
uniform_high,64,R3,False,350,low_extraction_rate,0.3109375,10.0
uniform_high,64,R3,False,400,low_extraction_rate,0.3046875,10.0
uniform_high,64,R3,False,450,low_extraction_rate,0.35,10.0
uniform_high,64,R3,False,500,low_extraction_rate,0.3265625,10.0
uniform_high,64,R3,False,550,low_extraction_rate,0.3109375,10.0
uniform_high,64,R3,False,600,low_extraction_rate,0.3203125,10.0
uniform_high,64,R3,False,650,low_extraction_rate,0.334375,10.0
uniform_high,64,R3,False,700,low_extraction_rate,0.334375,10.0
uniform_high,64,R3,False,750,low_extraction_rate,0.3390625,10.0
uniform_high,64,R3,False,800,low_extraction_rate,0.328125,10.0
uniform_high,64,R3,False,850,low_extraction_rate,0.3296875,10.0
uniform_high,64,R3,False,900,low_extraction_rate,0.353125,10.0
uniform_high,64,R3,False,950,low_extraction_rate,0.325,10.0
uniform_high,64,R3,False,1000,low_extraction_rate,0.365625,10.0
uniform_high,64,R3,False,1050,low_extraction_rate,0.3359375,10.0
uniform_high,64,R3,False,1100,low_extraction_rate,0.3296875,10.0
uniform_high,64,R3,False,1150,low_extraction_rate,0.3421875,10.0
uniform_high,64,R3,False,1200,low_extraction_rate,0.3234375,10.0
uniform_high,64,R3,False,1250,low_extraction_rate,0.359375,10.0
uniform_high,64,R3,False,1300,low_extraction_rate,0.3640625,10.0
uniform_high,64,R3,False,1350,low_extraction_rate,0.371875,10.0
uniform_high,64,R3,False,1400,low_extraction_rate,0.3359375,10.0
uniform_high,64,R3,False,1450,low_extraction_rate,0.371875,10.0
uniform_high,64,R3,False,1500,low_extraction_rate,0.371875,10.0
uniform_high,64,R3,False,1550,low_extraction_rate,0.334375,10.0
uniform_high,64,R3,False,1600,low_extraction_rate,0.33125,10.0
uniform_high,64,R3,False,1650,low_extraction_rate,0.346875,10.0
uniform_high,64,R3,False,1700,low_extraction_rate,0.321875,10.0
uniform_high,64,R3,False,1750,low_extraction_rate,0.36875,10.0
uniform_high,64,R3,False,1800,low_extraction_rate,0.35625,10.0
uniform_high,64,R3,False,1850,low_extraction_rate,0.3234375,10.0
uniform_high,64,R3,False,1900,low_extraction_rate,0.309375,10.0
uniform_high,64,R3,False,1950,low_extraction_rate,0.321875,10.0
uniform_high,64,R3,False,2000,low_extraction_rate,0.3390625,10.0
uniform_high,64,R3,False,2050,low_extraction_rate,0.315625,10.0
uniform_high,64,R3,False,2100,low_extraction_rate,0.328125,10.0
uniform_high,64,R3,False,2150,low_extraction_rate,0.30625,10.0
uniform_high,64,R3,False,2200,low_extraction_rate,0.30625,10.0
uniform_high,64,R3,False,2250,low_extraction_rate,0.31875,10.0
uniform_high,64,R3,False,2300,low_extraction_rate,0.2984375,10.0
uniform_high,64,R3,False,2350,low_extraction_rate,0.3296875,10.0
uniform_high,64,R3,False,2400,low_extraction_rate,0.296875,10.0
uniform_high,64,R3,False,2450,low_extraction_rate,0.2875,10.0
uniform_high,64,R3,False,2500,low_extraction_rate,0.29375,10.0
uniform_high,64,R3,False,2550,low_extraction_rate,0.315625,10.0
uniform_high,64,R3,False,2600,low_extraction_rate,0.3046875,10.0
uniform_high,64,R3,False,2650,low_extraction_rate,0.3296875,10.0
uniform_high,64,R3,False,2700,low_extraction_rate,0.325,10.0
uniform_high,64,R3,False,2750,low_extraction_rate,0.3015625,10.0
uniform_high,64,R3,False,2800,low_extraction_rate,0.3,10.0
uniform_high,64,R3,False,2850,low_extraction_rate,0.284375,10.0
uniform_high,64,R3,False,2900,low_extraction_rate,0.2625,10.0
uniform_high,64,R3,False,2950,low_extraction_rate,0.2828125,10.0
uniform_high,64,R3,False,3000,low_extraction_rate,0.2984375,10.0
uniform_high,64,R3,False,3050,low_extraction_rate,0.303125,10.0
uniform_high,64,R3,False,3100,low_extraction_rate,0.290625,10.0
uniform_high,64,R3,False,3150,low_extraction_rate,0.3296875,10.0
uniform_high,64,R3,False,3200,low_extraction_rate,0.2890625,10.0
uniform_high,64,R3,False,3250,low_extraction_rate,0.3046875,10.0
uniform_high,64,R3,False,3300,low_extraction_rate,0.2875,10.0
uniform_high,64,R3,False,3350,low_extraction_rate,0.30625,10.0
uniform_high,64,R3,False,3400,low_extraction_rate,0.26875,10.0
uniform_high,64,R3,False,3450,low_extraction_rate,0.275,10.0
uniform_high,64,R3,False,3500,low_extraction_rate,0.2671875,10.0
uniform_high,64,R3,False,3550,low_extraction_rate,0.28125,10.0
uniform_high,64,R3,False,3600,low_extraction_rate,0.2703125,10.0
uniform_high,64,R3,False,3650,low_extraction_rate,0.303125,10.0
uniform_high,64,R3,False,3700,low_extraction_rate,0.2671875,10.0
uniform_high,64,R3,False,3750,low_extraction_rate,0.2890625,10.0
uniform_high,64,R3,False,3800,low_extraction_rate,0.2765625,10.0
uniform_high,64,R3,False,3850,low_extraction_rate,0.3,10.0
uniform_high,64,R3,False,3900,low_extraction_rate,0.30625,10.0
uniform_high,64,R3,False,3950,low_extraction_rate,0.2828125,10.0
uniform_high,64,R3,False,4000,low_extraction_rate,0.3046875,10.0
uniform_high,64,R3,False,4050,low_extraction_rate,0.2828125,10.0
uniform_high,64,R3,False,4100,low_extraction_rate,0.3046875,10.0
uniform_high,64,R3,False,4150,low_extraction_rate,0.2734375,10.0
uniform_high,64,R3,False,4200,low_extraction_rate,0.278125,10.0
uniform_high,64,R3,False,4250,low_extraction_rate,0.309375,10.0
uniform_high,64,R3,False,4300,low_extraction_rate,0.275,10.0
uniform_high,64,R3,False,4350,low_extraction_rate,0.2578125,10.0
uniform_high,64,R3,False,4400,low_extraction_rate,0.2765625,10.0
uniform_high,64,R3,False,4450,low_extraction_rate,0.25625,10.0
uniform_high,64,R3,False,4500,low_extraction_rate,0.2953125,10.0
uniform_high,64,R3,False,4550,low_extraction_rate,0.2890625,10.0
uniform_high,64,R3,False,4600,low_extraction_rate,0.2671875,10.0
uniform_high,64,R3,False,4650,low_extraction_rate,0.2765625,10.0
uniform_high,64,R3,False,4700,low_extraction_rate,0.2765625,10.0
uniform_high,64,R3,False,4750,low_extraction_rate,0.2640625,10.0
uniform_high,64,R3,False,4800,low_extraction_rate,0.2953125,10.0
uniform_high,64,R3,False,4850,low_extraction_rate,0.278125,10.0
uniform_high,64,R3,False,4900,low_extraction_rate,0.2546875,10.0
uniform_high,64,R3,False,4950,low_extraction_rate,0.2484375,10.0
uniform_high,64,R3,False,5000,low_extraction_rate,0.275,10.0
uniform_high,64,R3,True,1,visibility_gini,0.27061767578125,10.0
uniform_high,64,R3,True,50,visibility_gini,0.27049560546875,10.0
uniform_high,64,R3,True,100,visibility_gini,0.26954345703125,10.0
uniform_high,64,R3,True,150,visibility_gini,0.26990966796875,10.0
uniform_high,64,R3,True,200,visibility_gini,0.27003173828125,10.0
uniform_high,64,R3,True,250,visibility_gini,0.2712646484375,10.0
uniform_high,64,R3,True,300,visibility_gini,0.27032470703125,10.0
uniform_high,64,R3,True,350,visibility_gini,0.27110595703125,10.0
uniform_high,64,R3,True,400,visibility_gini,0.27193603515625,10.0
uniform_high,64,R3,True,450,visibility_gini,0.27203369140625,10.0
uniform_high,64,R3,True,500,visibility_gini,0.27215576171875,10.0
uniform_high,64,R3,True,550,visibility_gini,0.271337890625,10.0
uniform_high,64,R3,True,600,visibility_gini,0.27315673828125,10.0
uniform_high,64,R3,True,650,visibility_gini,0.27340087890625,10.0
uniform_high,64,R3,True,700,visibility_gini,0.27196044921875,10.0
uniform_high,64,R3,True,750,visibility_gini,0.27078857421875,10.0
uniform_high,64,R3,True,800,visibility_gini,0.27242431640625,10.0
uniform_high,64,R3,True,850,visibility_gini,0.27310791015625,10.0
uniform_high,64,R3,True,900,visibility_gini,0.27147216796875,10.0
uniform_high,64,R3,True,950,visibility_gini,0.2708251953125,10.0
uniform_high,64,R3,True,1000,visibility_gini,0.26881103515625,10.0
uniform_high,64,R3,True,1050,visibility_gini,0.26845703125,10.0
uniform_high,64,R3,True,1100,visibility_gini,0.27081298828125,10.0
uniform_high,64,R3,True,1150,visibility_gini,0.27042236328125,10.0
uniform_high,64,R3,True,1200,visibility_gini,0.27158203125,10.0
uniform_high,64,R3,True,1250,visibility_gini,0.275146484375,10.0
uniform_high,64,R3,True,1300,visibility_gini,0.2735107421875,10.0
uniform_high,64,R3,True,1350,visibility_gini,0.27244873046875,10.0
uniform_high,64,R3,True,1400,visibility_gini,0.27293701171875,10.0
uniform_high,64,R3,True,1450,visibility_gini,0.27303466796875,10.0
uniform_high,64,R3,True,1500,visibility_gini,0.2748291015625,10.0
uniform_high,64,R3,True,1550,visibility_gini,0.276611328125,10.0
uniform_high,64,R3,True,1600,visibility_gini,0.27574462890625,10.0
uniform_high,64,R3,True,1650,visibility_gini,0.27650146484375,10.0
uniform_high,64,R3,True,1700,visibility_gini,0.27662353515625,10.0
uniform_high,64,R3,True,1750,visibility_gini,0.2764404296875,10.0
uniform_high,64,R3,True,1800,visibility_gini,0.27735595703125,10.0
uniform_high,64,R3,True,1850,visibility_gini,0.27734375,10.0
uniform_high,64,R3,True,1900,visibility_gini,0.2739990234375,10.0
uniform_high,64,R3,True,1950,visibility_gini,0.27427978515625,10.0
uniform_high,64,R3,True,2000,visibility_gini,0.2748291015625,10.0
uniform_high,64,R3,True,2050,visibility_gini,0.2756103515625,10.0
uniform_high,64,R3,True,2100,visibility_gini,0.2771484375,10.0
uniform_high,64,R3,True,2150,visibility_gini,0.27559814453125,10.0
uniform_high,64,R3,True,2200,visibility_gini,0.274462890625,10.0
uniform_high,64,R3,True,2250,visibility_gini,0.2720947265625,10.0
uniform_high,64,R3,True,2300,visibility_gini,0.271826171875,10.0
uniform_high,64,R3,True,2350,visibility_gini,0.2732177734375,10.0
uniform_high,64,R3,True,2400,visibility_gini,0.27237548828125,10.0
uniform_high,64,R3,True,2450,visibility_gini,0.27230224609375,10.0
uniform_high,64,R3,True,2500,visibility_gini,0.27139892578125,10.0
uniform_high,64,R3,True,2550,visibility_gini,0.27156982421875,10.0
uniform_high,64,R3,True,2600,visibility_gini,0.27099609375,10.0
uniform_high,64,R3,True,2650,visibility_gini,0.27081298828125,10.0
uniform_high,64,R3,True,2700,visibility_gini,0.27020263671875,10.0
uniform_high,64,R3,True,2750,visibility_gini,0.2687255859375,10.0
uniform_high,64,R3,True,2800,visibility_gini,0.268310546875,10.0
uniform_high,64,R3,True,2850,visibility_gini,0.27012939453125,10.0
uniform_high,64,R3,True,2900,visibility_gini,0.27025146484375,10.0
uniform_high,64,R3,True,2950,visibility_gini,0.27027587890625,10.0
uniform_high,64,R3,True,3000,visibility_gini,0.2692138671875,10.0
uniform_high,64,R3,True,3050,visibility_gini,0.2684326171875,10.0
uniform_high,64,R3,True,3100,visibility_gini,0.26761474609375,10.0
uniform_high,64,R3,True,3150,visibility_gini,0.26796875,10.0
uniform_high,64,R3,True,3200,visibility_gini,0.26619873046875,10.0
uniform_high,64,R3,True,3250,visibility_gini,0.265478515625,10.0
uniform_high,64,R3,True,3300,visibility_gini,0.26566162109375,10.0
uniform_high,64,R3,True,3350,visibility_gini,0.265478515625,10.0
uniform_high,64,R3,True,3400,visibility_gini,0.267724609375,10.0
uniform_high,64,R3,True,3450,visibility_gini,0.265771484375,10.0
uniform_high,64,R3,True,3500,visibility_gini,0.26710205078125,10.0
uniform_high,64,R3,True,3550,visibility_gini,0.2673828125,10.0
uniform_high,64,R3,True,3600,visibility_gini,0.26561279296875,10.0
uniform_high,64,R3,True,3650,visibility_gini,0.26751708984375,10.0
uniform_high,64,R3,True,3700,visibility_gini,0.2689208984375,10.0
uniform_high,64,R3,True,3750,visibility_gini,0.268359375,10.0
uniform_high,64,R3,True,3800,visibility_gini,0.2685302734375,10.0
uniform_high,64,R3,True,3850,visibility_gini,0.2692138671875,10.0
uniform_high,64,R3,True,3900,visibility_gini,0.26953125,10.0
uniform_high,64,R3,True,3950,visibility_gini,0.26995849609375,10.0
uniform_high,64,R3,True,4000,visibility_gini,0.26951904296875,10.0
uniform_high,64,R3,True,4050,visibility_gini,0.2685302734375,10.0
uniform_high,64,R3,True,4100,visibility_gini,0.2672607421875,10.0
uniform_high,64,R3,True,4150,visibility_gini,0.2680908203125,10.0
uniform_high,64,R3,True,4200,visibility_gini,0.26851806640625,10.0
uniform_high,64,R3,True,4250,visibility_gini,0.26890869140625,10.0
uniform_high,64,R3,True,4300,visibility_gini,0.26988525390625,10.0
uniform_high,64,R3,True,4350,visibility_gini,0.26971435546875,10.0
uniform_high,64,R3,True,4400,visibility_gini,0.26988525390625,10.0
uniform_high,64,R3,True,4450,visibility_gini,0.26968994140625,10.0
uniform_high,64,R3,True,4500,visibility_gini,0.26949462890625,10.0
uniform_high,64,R3,True,4550,visibility_gini,0.2698486328125,10.0
uniform_high,64,R3,True,4600,visibility_gini,0.269677734375,10.0
uniform_high,64,R3,True,4650,visibility_gini,0.2697021484375,10.0
uniform_high,64,R3,True,4700,visibility_gini,0.2681640625,10.0
uniform_high,64,R3,True,4750,visibility_gini,0.26951904296875,10.0
uniform_high,64,R3,True,4800,visibility_gini,0.26953125,10.0
uniform_high,64,R3,True,4850,visibility_gini,0.2701904296875,10.0
uniform_high,64,R3,True,4900,visibility_gini,0.27000732421875,10.0
uniform_high,64,R3,True,4950,visibility_gini,0.26875,10.0
uniform_high,64,R3,True,5000,visibility_gini,0.26802978515625,10.0
uniform_high,64,R3,True,1,low_extraction_rate,0.4734375,10.0
uniform_high,64,R3,True,50,low_extraction_rate,0.3453125,10.0
uniform_high,64,R3,True,100,low_extraction_rate,0.26875,10.0
uniform_high,64,R3,True,150,low_extraction_rate,0.253125,10.0
uniform_high,64,R3,True,200,low_extraction_rate,0.234375,10.0
uniform_high,64,R3,True,250,low_extraction_rate,0.2734375,10.0
uniform_high,64,R3,True,300,low_extraction_rate,0.2578125,10.0
uniform_high,64,R3,True,350,low_extraction_rate,0.29375,10.0
uniform_high,64,R3,True,400,low_extraction_rate,0.2890625,10.0
uniform_high,64,R3,True,450,low_extraction_rate,0.31875,10.0
uniform_high,64,R3,True,500,low_extraction_rate,0.34375,10.0
uniform_high,64,R3,True,550,low_extraction_rate,0.33125,10.0
uniform_high,64,R3,True,600,low_extraction_rate,0.31875,10.0
uniform_high,64,R3,True,650,low_extraction_rate,0.3578125,10.0
uniform_high,64,R3,True,700,low_extraction_rate,0.3640625,10.0
uniform_high,64,R3,True,750,low_extraction_rate,0.3140625,10.0
uniform_high,64,R3,True,800,low_extraction_rate,0.3296875,10.0
uniform_high,64,R3,True,850,low_extraction_rate,0.3390625,10.0
uniform_high,64,R3,True,900,low_extraction_rate,0.3546875,10.0
uniform_high,64,R3,True,950,low_extraction_rate,0.3328125,10.0
uniform_high,64,R3,True,1000,low_extraction_rate,0.3625,10.0
uniform_high,64,R3,True,1050,low_extraction_rate,0.3484375,10.0
uniform_high,64,R3,True,1100,low_extraction_rate,0.3203125,10.0
uniform_high,64,R3,True,1150,low_extraction_rate,0.359375,10.0
uniform_high,64,R3,True,1200,low_extraction_rate,0.3203125,10.0
uniform_high,64,R3,True,1250,low_extraction_rate,0.3546875,10.0
uniform_high,64,R3,True,1300,low_extraction_rate,0.353125,10.0
uniform_high,64,R3,True,1350,low_extraction_rate,0.3359375,10.0
uniform_high,64,R3,True,1400,low_extraction_rate,0.3265625,10.0
uniform_high,64,R3,True,1450,low_extraction_rate,0.3375,10.0
uniform_high,64,R3,True,1500,low_extraction_rate,0.33125,10.0
uniform_high,64,R3,True,1550,low_extraction_rate,0.3625,10.0
uniform_high,64,R3,True,1600,low_extraction_rate,0.3359375,10.0
uniform_high,64,R3,True,1650,low_extraction_rate,0.33125,10.0
uniform_high,64,R3,True,1700,low_extraction_rate,0.31875,10.0
uniform_high,64,R3,True,1750,low_extraction_rate,0.3265625,10.0
uniform_high,64,R3,True,1800,low_extraction_rate,0.315625,10.0
uniform_high,64,R3,True,1850,low_extraction_rate,0.3328125,10.0
uniform_high,64,R3,True,1900,low_extraction_rate,0.3234375,10.0
uniform_high,64,R3,True,1950,low_extraction_rate,0.30625,10.0
uniform_high,64,R3,True,2000,low_extraction_rate,0.3328125,10.0
uniform_high,64,R3,True,2050,low_extraction_rate,0.3234375,10.0
uniform_high,64,R3,True,2100,low_extraction_rate,0.328125,10.0
uniform_high,64,R3,True,2150,low_extraction_rate,0.30625,10.0
uniform_high,64,R3,True,2200,low_extraction_rate,0.3328125,10.0
uniform_high,64,R3,True,2250,low_extraction_rate,0.328125,10.0
uniform_high,64,R3,True,2300,low_extraction_rate,0.3265625,10.0
uniform_high,64,R3,True,2350,low_extraction_rate,0.290625,10.0
uniform_high,64,R3,True,2400,low_extraction_rate,0.3171875,10.0
uniform_high,64,R3,True,2450,low_extraction_rate,0.303125,10.0
uniform_high,64,R3,True,2500,low_extraction_rate,0.2875,10.0
uniform_high,64,R3,True,2550,low_extraction_rate,0.3,10.0
uniform_high,64,R3,True,2600,low_extraction_rate,0.3078125,10.0
uniform_high,64,R3,True,2650,low_extraction_rate,0.296875,10.0
uniform_high,64,R3,True,2700,low_extraction_rate,0.3046875,10.0
uniform_high,64,R3,True,2750,low_extraction_rate,0.303125,10.0
uniform_high,64,R3,True,2800,low_extraction_rate,0.2921875,10.0
uniform_high,64,R3,True,2850,low_extraction_rate,0.2984375,10.0
uniform_high,64,R3,True,2900,low_extraction_rate,0.296875,10.0
uniform_high,64,R3,True,2950,low_extraction_rate,0.2796875,10.0
uniform_high,64,R3,True,3000,low_extraction_rate,0.3,10.0
uniform_high,64,R3,True,3050,low_extraction_rate,0.3171875,10.0
uniform_high,64,R3,True,3100,low_extraction_rate,0.3015625,10.0
uniform_high,64,R3,True,3150,low_extraction_rate,0.290625,10.0
uniform_high,64,R3,True,3200,low_extraction_rate,0.290625,10.0
uniform_high,64,R3,True,3250,low_extraction_rate,0.2953125,10.0
uniform_high,64,R3,True,3300,low_extraction_rate,0.28125,10.0
uniform_high,64,R3,True,3350,low_extraction_rate,0.2734375,10.0
uniform_high,64,R3,True,3400,low_extraction_rate,0.2640625,10.0
uniform_high,64,R3,True,3450,low_extraction_rate,0.3015625,10.0
uniform_high,64,R3,True,3500,low_extraction_rate,0.2828125,10.0
uniform_high,64,R3,True,3550,low_extraction_rate,0.29375,10.0
uniform_high,64,R3,True,3600,low_extraction_rate,0.2734375,10.0
uniform_high,64,R3,True,3650,low_extraction_rate,0.2875,10.0
uniform_high,64,R3,True,3700,low_extraction_rate,0.275,10.0
uniform_high,64,R3,True,3750,low_extraction_rate,0.2796875,10.0
uniform_high,64,R3,True,3800,low_extraction_rate,0.2703125,10.0
uniform_high,64,R3,True,3850,low_extraction_rate,0.271875,10.0
uniform_high,64,R3,True,3900,low_extraction_rate,0.2953125,10.0
uniform_high,64,R3,True,3950,low_extraction_rate,0.3046875,10.0
uniform_high,64,R3,True,4000,low_extraction_rate,0.296875,10.0
uniform_high,64,R3,True,4050,low_extraction_rate,0.271875,10.0
uniform_high,64,R3,True,4100,low_extraction_rate,0.29375,10.0
uniform_high,64,R3,True,4150,low_extraction_rate,0.275,10.0
uniform_high,64,R3,True,4200,low_extraction_rate,0.265625,10.0
uniform_high,64,R3,True,4250,low_extraction_rate,0.296875,10.0
uniform_high,64,R3,True,4300,low_extraction_rate,0.296875,10.0
uniform_high,64,R3,True,4350,low_extraction_rate,0.2921875,10.0
uniform_high,64,R3,True,4400,low_extraction_rate,0.2703125,10.0
uniform_high,64,R3,True,4450,low_extraction_rate,0.246875,10.0
uniform_high,64,R3,True,4500,low_extraction_rate,0.265625,10.0
uniform_high,64,R3,True,4550,low_extraction_rate,0.284375,10.0
uniform_high,64,R3,True,4600,low_extraction_rate,0.265625,10.0
uniform_high,64,R3,True,4650,low_extraction_rate,0.2703125,10.0
uniform_high,64,R3,True,4700,low_extraction_rate,0.25625,10.0
uniform_high,64,R3,True,4750,low_extraction_rate,0.2625,10.0
uniform_high,64,R3,True,4800,low_extraction_rate,0.284375,10.0
uniform_high,64,R3,True,4850,low_extraction_rate,0.28125,10.0
uniform_high,64,R3,True,4900,low_extraction_rate,0.2828125,10.0
uniform_high,64,R3,True,4950,low_extraction_rate,0.25,10.0
uniform_high,64,R3,True,5000,low_extraction_rate,0.2515625,10.0
patchy_high,64,R1,False,1,visibility_gini,0.27061767578125,10.0
patchy_high,64,R1,False,50,visibility_gini,0.27227783203125,10.0
patchy_high,64,R1,False,100,visibility_gini,0.2741943359375,10.0
patchy_high,64,R1,False,150,visibility_gini,0.2763671875,10.0
patchy_high,64,R1,False,200,visibility_gini,0.27803955078125,10.0
patchy_high,64,R1,False,250,visibility_gini,0.27874755859375,10.0
patchy_high,64,R1,False,300,visibility_gini,0.2814697265625,10.0
patchy_high,64,R1,False,350,visibility_gini,0.28458251953125,10.0
patchy_high,64,R1,False,400,visibility_gini,0.2855712890625,10.0
patchy_high,64,R1,False,450,visibility_gini,0.28629150390625,10.0
patchy_high,64,R1,False,500,visibility_gini,0.28746337890625,10.0
patchy_high,64,R1,False,550,visibility_gini,0.28824462890625,10.0
patchy_high,64,R1,False,600,visibility_gini,0.2904296875,10.0
patchy_high,64,R1,False,650,visibility_gini,0.2888916015625,10.0
patchy_high,64,R1,False,700,visibility_gini,0.29342041015625,10.0
patchy_high,64,R1,False,750,visibility_gini,0.29442138671875,10.0
patchy_high,64,R1,False,800,visibility_gini,0.29576416015625,10.0
patchy_high,64,R1,False,850,visibility_gini,0.29681396484375,10.0
patchy_high,64,R1,False,900,visibility_gini,0.29814453125,10.0
patchy_high,64,R1,False,950,visibility_gini,0.30135498046875,10.0
patchy_high,64,R1,False,1000,visibility_gini,0.30223388671875,10.0
patchy_high,64,R1,False,1050,visibility_gini,0.3058349609375,10.0
patchy_high,64,R1,False,1100,visibility_gini,0.30694580078125,10.0
patchy_high,64,R1,False,1150,visibility_gini,0.3078125,10.0
patchy_high,64,R1,False,1200,visibility_gini,0.31165771484375,10.0
patchy_high,64,R1,False,1250,visibility_gini,0.3150634765625,10.0
patchy_high,64,R1,False,1300,visibility_gini,0.31541748046875,10.0
patchy_high,64,R1,False,1350,visibility_gini,0.31820068359375,10.0
patchy_high,64,R1,False,1400,visibility_gini,0.3187744140625,10.0
patchy_high,64,R1,False,1450,visibility_gini,0.32276611328125,10.0
patchy_high,64,R1,False,1500,visibility_gini,0.32440185546875,10.0
patchy_high,64,R1,False,1550,visibility_gini,0.32525634765625,10.0
patchy_high,64,R1,False,1600,visibility_gini,0.326953125,10.0
patchy_high,64,R1,False,1650,visibility_gini,0.3283935546875,10.0
patchy_high,64,R1,False,1700,visibility_gini,0.3296630859375,10.0
patchy_high,64,R1,False,1750,visibility_gini,0.331591796875,10.0
patchy_high,64,R1,False,1800,visibility_gini,0.33292236328125,10.0
patchy_high,64,R1,False,1850,visibility_gini,0.33585205078125,10.0
patchy_high,64,R1,False,1900,visibility_gini,0.3367431640625,10.0
patchy_high,64,R1,False,1950,visibility_gini,0.3371826171875,10.0
patchy_high,64,R1,False,2000,visibility_gini,0.33953857421875,10.0
patchy_high,64,R1,False,2050,visibility_gini,0.3427001953125,10.0
patchy_high,64,R1,False,2100,visibility_gini,0.343994140625,10.0
patchy_high,64,R1,False,2150,visibility_gini,0.34664306640625,10.0
patchy_high,64,R1,False,2200,visibility_gini,0.34691162109375,10.0
patchy_high,64,R1,False,2250,visibility_gini,0.3470458984375,10.0
patchy_high,64,R1,False,2300,visibility_gini,0.347900390625,10.0
patchy_high,64,R1,False,2350,visibility_gini,0.35,10.0
patchy_high,64,R1,False,2400,visibility_gini,0.35322265625,10.0
patchy_high,64,R1,False,2450,visibility_gini,0.35601806640625,10.0
patchy_high,64,R1,False,2500,visibility_gini,0.35784912109375,10.0
patchy_high,64,R1,False,2550,visibility_gini,0.356396484375,10.0
patchy_high,64,R1,False,2600,visibility_gini,0.35782470703125,10.0
patchy_high,64,R1,False,2650,visibility_gini,0.36068115234375,10.0
patchy_high,64,R1,False,2700,visibility_gini,0.36201171875,10.0
patchy_high,64,R1,False,2750,visibility_gini,0.36309814453125,10.0
patchy_high,64,R1,False,2800,visibility_gini,0.36336669921875,10.0
patchy_high,64,R1,False,2850,visibility_gini,0.3646484375,10.0
patchy_high,64,R1,False,2900,visibility_gini,0.36597900390625,10.0
patchy_high,64,R1,False,2950,visibility_gini,0.36717529296875,10.0
patchy_high,64,R1,False,3000,visibility_gini,0.36673583984375,10.0
patchy_high,64,R1,False,3050,visibility_gini,0.36763916015625,10.0
patchy_high,64,R1,False,3100,visibility_gini,0.36990966796875,10.0
patchy_high,64,R1,False,3150,visibility_gini,0.3693115234375,10.0
patchy_high,64,R1,False,3200,visibility_gini,0.36893310546875,10.0
patchy_high,64,R1,False,3250,visibility_gini,0.37213134765625,10.0
patchy_high,64,R1,False,3300,visibility_gini,0.37301025390625,10.0
patchy_high,64,R1,False,3350,visibility_gini,0.37244873046875,10.0
patchy_high,64,R1,False,3400,visibility_gini,0.37308349609375,10.0
patchy_high,64,R1,False,3450,visibility_gini,0.37540283203125,10.0
patchy_high,64,R1,False,3500,visibility_gini,0.37574462890625,10.0
patchy_high,64,R1,False,3550,visibility_gini,0.37684326171875,10.0
patchy_high,64,R1,False,3600,visibility_gini,0.37685546875,10.0
patchy_high,64,R1,False,3650,visibility_gini,0.3784423828125,10.0
patchy_high,64,R1,False,3700,visibility_gini,0.3793701171875,10.0
patchy_high,64,R1,False,3750,visibility_gini,0.38228759765625,10.0
patchy_high,64,R1,False,3800,visibility_gini,0.38460693359375,10.0
patchy_high,64,R1,False,3850,visibility_gini,0.383740234375,10.0
patchy_high,64,R1,False,3900,visibility_gini,0.38497314453125,10.0
patchy_high,64,R1,False,3950,visibility_gini,0.3859130859375,10.0
patchy_high,64,R1,False,4000,visibility_gini,0.386767578125,10.0
patchy_high,64,R1,False,4050,visibility_gini,0.38748779296875,10.0
patchy_high,64,R1,False,4100,visibility_gini,0.38916015625,10.0
patchy_high,64,R1,False,4150,visibility_gini,0.38897705078125,10.0
patchy_high,64,R1,False,4200,visibility_gini,0.39019775390625,10.0
patchy_high,64,R1,False,4250,visibility_gini,0.39000244140625,10.0
patchy_high,64,R1,False,4300,visibility_gini,0.39156494140625,10.0
patchy_high,64,R1,False,4350,visibility_gini,0.390625,10.0
patchy_high,64,R1,False,4400,visibility_gini,0.391259765625,10.0
patchy_high,64,R1,False,4450,visibility_gini,0.3919189453125,10.0
patchy_high,64,R1,False,4500,visibility_gini,0.39049072265625,10.0
patchy_high,64,R1,False,4550,visibility_gini,0.392626953125,10.0
patchy_high,64,R1,False,4600,visibility_gini,0.3947265625,10.0
patchy_high,64,R1,False,4650,visibility_gini,0.39381103515625,10.0
patchy_high,64,R1,False,4700,visibility_gini,0.39534912109375,10.0
patchy_high,64,R1,False,4750,visibility_gini,0.39566650390625,10.0
patchy_high,64,R1,False,4800,visibility_gini,0.39552001953125,10.0
patchy_high,64,R1,False,4850,visibility_gini,0.3961669921875,10.0
patchy_high,64,R1,False,4900,visibility_gini,0.397265625,10.0
patchy_high,64,R1,False,4950,visibility_gini,0.39722900390625,10.0
patchy_high,64,R1,False,5000,visibility_gini,0.39915771484375,10.0
patchy_high,64,R1,False,1,low_extraction_rate,0.4734375,10.0
patchy_high,64,R1,False,50,low_extraction_rate,0.3125,10.0
patchy_high,64,R1,False,100,low_extraction_rate,0.253125,10.0
patchy_high,64,R1,False,150,low_extraction_rate,0.253125,10.0
patchy_high,64,R1,False,200,low_extraction_rate,0.2359375,10.0
patchy_high,64,R1,False,250,low_extraction_rate,0.28125,10.0
patchy_high,64,R1,False,300,low_extraction_rate,0.259375,10.0
patchy_high,64,R1,False,350,low_extraction_rate,0.2875,10.0
patchy_high,64,R1,False,400,low_extraction_rate,0.309375,10.0
patchy_high,64,R1,False,450,low_extraction_rate,0.328125,10.0
patchy_high,64,R1,False,500,low_extraction_rate,0.3484375,10.0
patchy_high,64,R1,False,550,low_extraction_rate,0.321875,10.0
patchy_high,64,R1,False,600,low_extraction_rate,0.3109375,10.0
patchy_high,64,R1,False,650,low_extraction_rate,0.36875,10.0
patchy_high,64,R1,False,700,low_extraction_rate,0.340625,10.0
patchy_high,64,R1,False,750,low_extraction_rate,0.3265625,10.0
patchy_high,64,R1,False,800,low_extraction_rate,0.315625,10.0
patchy_high,64,R1,False,850,low_extraction_rate,0.34375,10.0
patchy_high,64,R1,False,900,low_extraction_rate,0.359375,10.0
patchy_high,64,R1,False,950,low_extraction_rate,0.346875,10.0
patchy_high,64,R1,False,1000,low_extraction_rate,0.3484375,10.0
patchy_high,64,R1,False,1050,low_extraction_rate,0.359375,10.0
patchy_high,64,R1,False,1100,low_extraction_rate,0.3484375,10.0
patchy_high,64,R1,False,1150,low_extraction_rate,0.3375,10.0
patchy_high,64,R1,False,1200,low_extraction_rate,0.3375,10.0
patchy_high,64,R1,False,1250,low_extraction_rate,0.35,10.0
patchy_high,64,R1,False,1300,low_extraction_rate,0.35625,10.0
patchy_high,64,R1,False,1350,low_extraction_rate,0.3484375,10.0
patchy_high,64,R1,False,1400,low_extraction_rate,0.340625,10.0
patchy_high,64,R1,False,1450,low_extraction_rate,0.31875,10.0
patchy_high,64,R1,False,1500,low_extraction_rate,0.30625,10.0
patchy_high,64,R1,False,1550,low_extraction_rate,0.3328125,10.0
patchy_high,64,R1,False,1600,low_extraction_rate,0.3421875,10.0
patchy_high,64,R1,False,1650,low_extraction_rate,0.3328125,10.0
patchy_high,64,R1,False,1700,low_extraction_rate,0.2890625,10.0
patchy_high,64,R1,False,1750,low_extraction_rate,0.334375,10.0
patchy_high,64,R1,False,1800,low_extraction_rate,0.3265625,10.0
patchy_high,64,R1,False,1850,low_extraction_rate,0.3234375,10.0
patchy_high,64,R1,False,1900,low_extraction_rate,0.3296875,10.0
patchy_high,64,R1,False,1950,low_extraction_rate,0.3296875,10.0
patchy_high,64,R1,False,2000,low_extraction_rate,0.334375,10.0
patchy_high,64,R1,False,2050,low_extraction_rate,0.3328125,10.0
patchy_high,64,R1,False,2100,low_extraction_rate,0.328125,10.0
patchy_high,64,R1,False,2150,low_extraction_rate,0.30625,10.0
patchy_high,64,R1,False,2200,low_extraction_rate,0.3078125,10.0
patchy_high,64,R1,False,2250,low_extraction_rate,0.3390625,10.0
patchy_high,64,R1,False,2300,low_extraction_rate,0.31875,10.0
patchy_high,64,R1,False,2350,low_extraction_rate,0.30625,10.0
patchy_high,64,R1,False,2400,low_extraction_rate,0.303125,10.0
patchy_high,64,R1,False,2450,low_extraction_rate,0.296875,10.0
patchy_high,64,R1,False,2500,low_extraction_rate,0.290625,10.0
patchy_high,64,R1,False,2550,low_extraction_rate,0.3203125,10.0
patchy_high,64,R1,False,2600,low_extraction_rate,0.29375,10.0
patchy_high,64,R1,False,2650,low_extraction_rate,0.284375,10.0
patchy_high,64,R1,False,2700,low_extraction_rate,0.29375,10.0
patchy_high,64,R1,False,2750,low_extraction_rate,0.2859375,10.0
patchy_high,64,R1,False,2800,low_extraction_rate,0.31875,10.0
patchy_high,64,R1,False,2850,low_extraction_rate,0.2859375,10.0
patchy_high,64,R1,False,2900,low_extraction_rate,0.2953125,10.0
patchy_high,64,R1,False,2950,low_extraction_rate,0.2625,10.0
patchy_high,64,R1,False,3000,low_extraction_rate,0.278125,10.0
patchy_high,64,R1,False,3050,low_extraction_rate,0.2578125,10.0
patchy_high,64,R1,False,3100,low_extraction_rate,0.296875,10.0
patchy_high,64,R1,False,3150,low_extraction_rate,0.2890625,10.0
patchy_high,64,R1,False,3200,low_extraction_rate,0.30625,10.0
patchy_high,64,R1,False,3250,low_extraction_rate,0.296875,10.0
patchy_high,64,R1,False,3300,low_extraction_rate,0.29375,10.0
patchy_high,64,R1,False,3350,low_extraction_rate,0.3046875,10.0
patchy_high,64,R1,False,3400,low_extraction_rate,0.2984375,10.0
patchy_high,64,R1,False,3450,low_extraction_rate,0.253125,10.0
patchy_high,64,R1,False,3500,low_extraction_rate,0.2515625,10.0
patchy_high,64,R1,False,3550,low_extraction_rate,0.28125,10.0
patchy_high,64,R1,False,3600,low_extraction_rate,0.2734375,10.0
patchy_high,64,R1,False,3650,low_extraction_rate,0.2765625,10.0
patchy_high,64,R1,False,3700,low_extraction_rate,0.2765625,10.0
patchy_high,64,R1,False,3750,low_extraction_rate,0.240625,10.0
patchy_high,64,R1,False,3800,low_extraction_rate,0.25625,10.0
patchy_high,64,R1,False,3850,low_extraction_rate,0.2640625,10.0
patchy_high,64,R1,False,3900,low_extraction_rate,0.284375,10.0
patchy_high,64,R1,False,3950,low_extraction_rate,0.28125,10.0
patchy_high,64,R1,False,4000,low_extraction_rate,0.28125,10.0
patchy_high,64,R1,False,4050,low_extraction_rate,0.2765625,10.0
patchy_high,64,R1,False,4100,low_extraction_rate,0.278125,10.0
patchy_high,64,R1,False,4150,low_extraction_rate,0.271875,10.0
patchy_high,64,R1,False,4200,low_extraction_rate,0.2828125,10.0
patchy_high,64,R1,False,4250,low_extraction_rate,0.2546875,10.0
patchy_high,64,R1,False,4300,low_extraction_rate,0.2875,10.0
patchy_high,64,R1,False,4350,low_extraction_rate,0.284375,10.0
patchy_high,64,R1,False,4400,low_extraction_rate,0.2875,10.0
patchy_high,64,R1,False,4450,low_extraction_rate,0.2625,10.0
patchy_high,64,R1,False,4500,low_extraction_rate,0.28125,10.0
patchy_high,64,R1,False,4550,low_extraction_rate,0.2765625,10.0
patchy_high,64,R1,False,4600,low_extraction_rate,0.25,10.0
patchy_high,64,R1,False,4650,low_extraction_rate,0.2390625,10.0
patchy_high,64,R1,False,4700,low_extraction_rate,0.2765625,10.0
patchy_high,64,R1,False,4750,low_extraction_rate,0.271875,10.0
patchy_high,64,R1,False,4800,low_extraction_rate,0.24375,10.0
patchy_high,64,R1,False,4850,low_extraction_rate,0.2484375,10.0
patchy_high,64,R1,False,4900,low_extraction_rate,0.246875,10.0
patchy_high,64,R1,False,4950,low_extraction_rate,0.253125,10.0
patchy_high,64,R1,False,5000,low_extraction_rate,0.2609375,10.0
patchy_high,64,R1,True,1,visibility_gini,0.27061767578125,10.0
patchy_high,64,R1,True,50,visibility_gini,0.27532958984375,10.0
patchy_high,64,R1,True,100,visibility_gini,0.2765625,10.0
patchy_high,64,R1,True,150,visibility_gini,0.27840576171875,10.0
patchy_high,64,R1,True,200,visibility_gini,0.2791748046875,10.0
patchy_high,64,R1,True,250,visibility_gini,0.2794677734375,10.0
patchy_high,64,R1,True,300,visibility_gini,0.28006591796875,10.0
patchy_high,64,R1,True,350,visibility_gini,0.281787109375,10.0
patchy_high,64,R1,True,400,visibility_gini,0.2832763671875,10.0
patchy_high,64,R1,True,450,visibility_gini,0.2864501953125,10.0
patchy_high,64,R1,True,500,visibility_gini,0.2894775390625,10.0
patchy_high,64,R1,True,550,visibility_gini,0.2915283203125,10.0
patchy_high,64,R1,True,600,visibility_gini,0.294384765625,10.0
patchy_high,64,R1,True,650,visibility_gini,0.2953125,10.0
patchy_high,64,R1,True,700,visibility_gini,0.29835205078125,10.0
patchy_high,64,R1,True,750,visibility_gini,0.29886474609375,10.0
patchy_high,64,R1,True,800,visibility_gini,0.30093994140625,10.0
patchy_high,64,R1,True,850,visibility_gini,0.3020263671875,10.0
patchy_high,64,R1,True,900,visibility_gini,0.30150146484375,10.0
patchy_high,64,R1,True,950,visibility_gini,0.303076171875,10.0
patchy_high,64,R1,True,1000,visibility_gini,0.303466796875,10.0
patchy_high,64,R1,True,1050,visibility_gini,0.30479736328125,10.0
patchy_high,64,R1,True,1100,visibility_gini,0.3071533203125,10.0
patchy_high,64,R1,True,1150,visibility_gini,0.3102294921875,10.0
patchy_high,64,R1,True,1200,visibility_gini,0.3108154296875,10.0
patchy_high,64,R1,True,1250,visibility_gini,0.313818359375,10.0
patchy_high,64,R1,True,1300,visibility_gini,0.31485595703125,10.0
patchy_high,64,R1,True,1350,visibility_gini,0.31575927734375,10.0
patchy_high,64,R1,True,1400,visibility_gini,0.31749267578125,10.0
patchy_high,64,R1,True,1450,visibility_gini,0.31904296875,10.0
patchy_high,64,R1,True,1500,visibility_gini,0.32130126953125,10.0
patchy_high,64,R1,True,1550,visibility_gini,0.3229248046875,10.0
patchy_high,64,R1,True,1600,visibility_gini,0.32265625,10.0
patchy_high,64,R1,True,1650,visibility_gini,0.32430419921875,10.0
patchy_high,64,R1,True,1700,visibility_gini,0.32625732421875,10.0
patchy_high,64,R1,True,1750,visibility_gini,0.32733154296875,10.0
patchy_high,64,R1,True,1800,visibility_gini,0.33153076171875,10.0
patchy_high,64,R1,True,1850,visibility_gini,0.3357666015625,10.0
patchy_high,64,R1,True,1900,visibility_gini,0.33651123046875,10.0
patchy_high,64,R1,True,1950,visibility_gini,0.33865966796875,10.0
patchy_high,64,R1,True,2000,visibility_gini,0.3418701171875,10.0
patchy_high,64,R1,True,2050,visibility_gini,0.3438232421875,10.0
patchy_high,64,R1,True,2100,visibility_gini,0.34468994140625,10.0
patchy_high,64,R1,True,2150,visibility_gini,0.346923828125,10.0
patchy_high,64,R1,True,2200,visibility_gini,0.3485107421875,10.0
patchy_high,64,R1,True,2250,visibility_gini,0.347802734375,10.0
patchy_high,64,R1,True,2300,visibility_gini,0.3513671875,10.0
patchy_high,64,R1,True,2350,visibility_gini,0.354052734375,10.0
patchy_high,64,R1,True,2400,visibility_gini,0.3569091796875,10.0
patchy_high,64,R1,True,2450,visibility_gini,0.35860595703125,10.0
patchy_high,64,R1,True,2500,visibility_gini,0.3591064453125,10.0
patchy_high,64,R1,True,2550,visibility_gini,0.36031494140625,10.0
patchy_high,64,R1,True,2600,visibility_gini,0.35936279296875,10.0
patchy_high,64,R1,True,2650,visibility_gini,0.3599609375,10.0
patchy_high,64,R1,True,2700,visibility_gini,0.3613037109375,10.0
patchy_high,64,R1,True,2750,visibility_gini,0.36402587890625,10.0
patchy_high,64,R1,True,2800,visibility_gini,0.365771484375,10.0
patchy_high,64,R1,True,2850,visibility_gini,0.36580810546875,10.0
patchy_high,64,R1,True,2900,visibility_gini,0.36519775390625,10.0
patchy_high,64,R1,True,2950,visibility_gini,0.36622314453125,10.0
patchy_high,64,R1,True,3000,visibility_gini,0.3668701171875,10.0
patchy_high,64,R1,True,3050,visibility_gini,0.3682373046875,10.0
patchy_high,64,R1,True,3100,visibility_gini,0.3707763671875,10.0
patchy_high,64,R1,True,3150,visibility_gini,0.37142333984375,10.0
patchy_high,64,R1,True,3200,visibility_gini,0.37159423828125,10.0
patchy_high,64,R1,True,3250,visibility_gini,0.37210693359375,10.0
patchy_high,64,R1,True,3300,visibility_gini,0.37294921875,10.0
patchy_high,64,R1,True,3350,visibility_gini,0.37508544921875,10.0
patchy_high,64,R1,True,3400,visibility_gini,0.375927734375,10.0
patchy_high,64,R1,True,3450,visibility_gini,0.3767822265625,10.0
patchy_high,64,R1,True,3500,visibility_gini,0.37789306640625,10.0
patchy_high,64,R1,True,3550,visibility_gini,0.37890625,10.0
patchy_high,64,R1,True,3600,visibility_gini,0.3802978515625,10.0
patchy_high,64,R1,True,3650,visibility_gini,0.380908203125,10.0
patchy_high,64,R1,True,3700,visibility_gini,0.38206787109375,10.0
patchy_high,64,R1,True,3750,visibility_gini,0.38165283203125,10.0
patchy_high,64,R1,True,3800,visibility_gini,0.38182373046875,10.0
patchy_high,64,R1,True,3850,visibility_gini,0.38359375,10.0
patchy_high,64,R1,True,3900,visibility_gini,0.3844970703125,10.0
patchy_high,64,R1,True,3950,visibility_gini,0.38675537109375,10.0
patchy_high,64,R1,True,4000,visibility_gini,0.387255859375,10.0
patchy_high,64,R1,True,4050,visibility_gini,0.3890625,10.0
patchy_high,64,R1,True,4100,visibility_gini,0.38851318359375,10.0
patchy_high,64,R1,True,4150,visibility_gini,0.3889404296875,10.0
patchy_high,64,R1,True,4200,visibility_gini,0.39083251953125,10.0
patchy_high,64,R1,True,4250,visibility_gini,0.39112548828125,10.0
patchy_high,64,R1,True,4300,visibility_gini,0.39395751953125,10.0
patchy_high,64,R1,True,4350,visibility_gini,0.394970703125,10.0
patchy_high,64,R1,True,4400,visibility_gini,0.39605712890625,10.0
patchy_high,64,R1,True,4450,visibility_gini,0.395654296875,10.0
patchy_high,64,R1,True,4500,visibility_gini,0.3945068359375,10.0
patchy_high,64,R1,True,4550,visibility_gini,0.39403076171875,10.0
patchy_high,64,R1,True,4600,visibility_gini,0.3936767578125,10.0
patchy_high,64,R1,True,4650,visibility_gini,0.39466552734375,10.0
patchy_high,64,R1,True,4700,visibility_gini,0.3953369140625,10.0
patchy_high,64,R1,True,4750,visibility_gini,0.39515380859375,10.0
patchy_high,64,R1,True,4800,visibility_gini,0.3951416015625,10.0
patchy_high,64,R1,True,4850,visibility_gini,0.3954833984375,10.0
patchy_high,64,R1,True,4900,visibility_gini,0.39500732421875,10.0
patchy_high,64,R1,True,4950,visibility_gini,0.3954345703125,10.0
patchy_high,64,R1,True,5000,visibility_gini,0.396875,10.0
patchy_high,64,R1,True,1,low_extraction_rate,0.4734375,10.0
patchy_high,64,R1,True,50,low_extraction_rate,0.3125,10.0
patchy_high,64,R1,True,100,low_extraction_rate,0.25625,10.0
patchy_high,64,R1,True,150,low_extraction_rate,0.24375,10.0
patchy_high,64,R1,True,200,low_extraction_rate,0.2140625,10.0
patchy_high,64,R1,True,250,low_extraction_rate,0.2671875,10.0
patchy_high,64,R1,True,300,low_extraction_rate,0.26875,10.0
patchy_high,64,R1,True,350,low_extraction_rate,0.3171875,10.0
patchy_high,64,R1,True,400,low_extraction_rate,0.3078125,10.0
patchy_high,64,R1,True,450,low_extraction_rate,0.3171875,10.0
patchy_high,64,R1,True,500,low_extraction_rate,0.3375,10.0
patchy_high,64,R1,True,550,low_extraction_rate,0.296875,10.0
patchy_high,64,R1,True,600,low_extraction_rate,0.3296875,10.0
patchy_high,64,R1,True,650,low_extraction_rate,0.3484375,10.0
patchy_high,64,R1,True,700,low_extraction_rate,0.3703125,10.0
patchy_high,64,R1,True,750,low_extraction_rate,0.3125,10.0
patchy_high,64,R1,True,800,low_extraction_rate,0.334375,10.0
patchy_high,64,R1,True,850,low_extraction_rate,0.371875,10.0
patchy_high,64,R1,True,900,low_extraction_rate,0.34375,10.0
patchy_high,64,R1,True,950,low_extraction_rate,0.340625,10.0
patchy_high,64,R1,True,1000,low_extraction_rate,0.3515625,10.0
patchy_high,64,R1,True,1050,low_extraction_rate,0.3328125,10.0
patchy_high,64,R1,True,1100,low_extraction_rate,0.3234375,10.0
patchy_high,64,R1,True,1150,low_extraction_rate,0.334375,10.0
patchy_high,64,R1,True,1200,low_extraction_rate,0.3421875,10.0
patchy_high,64,R1,True,1250,low_extraction_rate,0.3421875,10.0
patchy_high,64,R1,True,1300,low_extraction_rate,0.3359375,10.0
patchy_high,64,R1,True,1350,low_extraction_rate,0.3515625,10.0
patchy_high,64,R1,True,1400,low_extraction_rate,0.3578125,10.0
patchy_high,64,R1,True,1450,low_extraction_rate,0.3078125,10.0
patchy_high,64,R1,True,1500,low_extraction_rate,0.3375,10.0
patchy_high,64,R1,True,1550,low_extraction_rate,0.315625,10.0
patchy_high,64,R1,True,1600,low_extraction_rate,0.29375,10.0
patchy_high,64,R1,True,1650,low_extraction_rate,0.325,10.0
patchy_high,64,R1,True,1700,low_extraction_rate,0.334375,10.0
patchy_high,64,R1,True,1750,low_extraction_rate,0.3171875,10.0
patchy_high,64,R1,True,1800,low_extraction_rate,0.3140625,10.0
patchy_high,64,R1,True,1850,low_extraction_rate,0.3390625,10.0
patchy_high,64,R1,True,1900,low_extraction_rate,0.2875,10.0
patchy_high,64,R1,True,1950,low_extraction_rate,0.3328125,10.0
patchy_high,64,R1,True,2000,low_extraction_rate,0.3359375,10.0
patchy_high,64,R1,True,2050,low_extraction_rate,0.2953125,10.0
patchy_high,64,R1,True,2100,low_extraction_rate,0.3078125,10.0
patchy_high,64,R1,True,2150,low_extraction_rate,0.3125,10.0
patchy_high,64,R1,True,2200,low_extraction_rate,0.31875,10.0
patchy_high,64,R1,True,2250,low_extraction_rate,0.2921875,10.0
patchy_high,64,R1,True,2300,low_extraction_rate,0.3203125,10.0
patchy_high,64,R1,True,2350,low_extraction_rate,0.2921875,10.0
patchy_high,64,R1,True,2400,low_extraction_rate,0.3109375,10.0
patchy_high,64,R1,True,2450,low_extraction_rate,0.3078125,10.0
patchy_high,64,R1,True,2500,low_extraction_rate,0.2953125,10.0
patchy_high,64,R1,True,2550,low_extraction_rate,0.3078125,10.0
patchy_high,64,R1,True,2600,low_extraction_rate,0.2921875,10.0
patchy_high,64,R1,True,2650,low_extraction_rate,0.31875,10.0
patchy_high,64,R1,True,2700,low_extraction_rate,0.3140625,10.0
patchy_high,64,R1,True,2750,low_extraction_rate,0.2828125,10.0
patchy_high,64,R1,True,2800,low_extraction_rate,0.30625,10.0
patchy_high,64,R1,True,2850,low_extraction_rate,0.2953125,10.0
patchy_high,64,R1,True,2900,low_extraction_rate,0.284375,10.0
patchy_high,64,R1,True,2950,low_extraction_rate,0.290625,10.0
patchy_high,64,R1,True,3000,low_extraction_rate,0.28125,10.0
patchy_high,64,R1,True,3050,low_extraction_rate,0.328125,10.0
patchy_high,64,R1,True,3100,low_extraction_rate,0.296875,10.0
patchy_high,64,R1,True,3150,low_extraction_rate,0.2671875,10.0
patchy_high,64,R1,True,3200,low_extraction_rate,0.30625,10.0
patchy_high,64,R1,True,3250,low_extraction_rate,0.296875,10.0
patchy_high,64,R1,True,3300,low_extraction_rate,0.26875,10.0
patchy_high,64,R1,True,3350,low_extraction_rate,0.3,10.0
patchy_high,64,R1,True,3400,low_extraction_rate,0.2703125,10.0
patchy_high,64,R1,True,3450,low_extraction_rate,0.2984375,10.0
patchy_high,64,R1,True,3500,low_extraction_rate,0.2890625,10.0
patchy_high,64,R1,True,3550,low_extraction_rate,0.290625,10.0
patchy_high,64,R1,True,3600,low_extraction_rate,0.3078125,10.0
patchy_high,64,R1,True,3650,low_extraction_rate,0.2765625,10.0
patchy_high,64,R1,True,3700,low_extraction_rate,0.2765625,10.0
patchy_high,64,R1,True,3750,low_extraction_rate,0.3,10.0
patchy_high,64,R1,True,3800,low_extraction_rate,0.2828125,10.0
patchy_high,64,R1,True,3850,low_extraction_rate,0.2734375,10.0
patchy_high,64,R1,True,3900,low_extraction_rate,0.31875,10.0
patchy_high,64,R1,True,3950,low_extraction_rate,0.2828125,10.0
patchy_high,64,R1,True,4000,low_extraction_rate,0.3125,10.0
patchy_high,64,R1,True,4050,low_extraction_rate,0.296875,10.0
patchy_high,64,R1,True,4100,low_extraction_rate,0.296875,10.0
patchy_high,64,R1,True,4150,low_extraction_rate,0.26875,10.0
patchy_high,64,R1,True,4200,low_extraction_rate,0.271875,10.0
patchy_high,64,R1,True,4250,low_extraction_rate,0.28125,10.0
patchy_high,64,R1,True,4300,low_extraction_rate,0.275,10.0
patchy_high,64,R1,True,4350,low_extraction_rate,0.2796875,10.0
patchy_high,64,R1,True,4400,low_extraction_rate,0.265625,10.0
patchy_high,64,R1,True,4450,low_extraction_rate,0.2875,10.0
patchy_high,64,R1,True,4500,low_extraction_rate,0.2765625,10.0
patchy_high,64,R1,True,4550,low_extraction_rate,0.265625,10.0
patchy_high,64,R1,True,4600,low_extraction_rate,0.296875,10.0
patchy_high,64,R1,True,4650,low_extraction_rate,0.3109375,10.0
patchy_high,64,R1,True,4700,low_extraction_rate,0.28125,10.0
patchy_high,64,R1,True,4750,low_extraction_rate,0.2734375,10.0
patchy_high,64,R1,True,4800,low_extraction_rate,0.265625,10.0
patchy_high,64,R1,True,4850,low_extraction_rate,0.2390625,10.0
patchy_high,64,R1,True,4900,low_extraction_rate,0.284375,10.0
patchy_high,64,R1,True,4950,low_extraction_rate,0.2515625,10.0
patchy_high,64,R1,True,5000,low_extraction_rate,0.2515625,10.0
patchy_high,64,R2,False,1,visibility_gini,0.27061767578125,10.0
patchy_high,64,R2,False,50,visibility_gini,0.2721435546875,10.0
patchy_high,64,R2,False,100,visibility_gini,0.2741943359375,10.0
patchy_high,64,R2,False,150,visibility_gini,0.27569580078125,10.0
patchy_high,64,R2,False,200,visibility_gini,0.27652587890625,10.0
patchy_high,64,R2,False,250,visibility_gini,0.2783203125,10.0
patchy_high,64,R2,False,300,visibility_gini,0.27965087890625,10.0
patchy_high,64,R2,False,350,visibility_gini,0.27969970703125,10.0
patchy_high,64,R2,False,400,visibility_gini,0.2812255859375,10.0
patchy_high,64,R2,False,450,visibility_gini,0.28402099609375,10.0
patchy_high,64,R2,False,500,visibility_gini,0.28531494140625,10.0
patchy_high,64,R2,False,550,visibility_gini,0.288134765625,10.0
patchy_high,64,R2,False,600,visibility_gini,0.28917236328125,10.0
patchy_high,64,R2,False,650,visibility_gini,0.29091796875,10.0
patchy_high,64,R2,False,700,visibility_gini,0.2914306640625,10.0
patchy_high,64,R2,False,750,visibility_gini,0.29437255859375,10.0
patchy_high,64,R2,False,800,visibility_gini,0.29371337890625,10.0
patchy_high,64,R2,False,850,visibility_gini,0.2947998046875,10.0
patchy_high,64,R2,False,900,visibility_gini,0.29564208984375,10.0
patchy_high,64,R2,False,950,visibility_gini,0.29638671875,10.0
patchy_high,64,R2,False,1000,visibility_gini,0.29765625,10.0
patchy_high,64,R2,False,1050,visibility_gini,0.29796142578125,10.0
patchy_high,64,R2,False,1100,visibility_gini,0.29947509765625,10.0
patchy_high,64,R2,False,1150,visibility_gini,0.30006103515625,10.0
patchy_high,64,R2,False,1200,visibility_gini,0.30228271484375,10.0
patchy_high,64,R2,False,1250,visibility_gini,0.30400390625,10.0
patchy_high,64,R2,False,1300,visibility_gini,0.304248046875,10.0
patchy_high,64,R2,False,1350,visibility_gini,0.30545654296875,10.0
patchy_high,64,R2,False,1400,visibility_gini,0.3064208984375,10.0
patchy_high,64,R2,False,1450,visibility_gini,0.3086181640625,10.0
patchy_high,64,R2,False,1500,visibility_gini,0.3114013671875,10.0
patchy_high,64,R2,False,1550,visibility_gini,0.3122802734375,10.0
patchy_high,64,R2,False,1600,visibility_gini,0.313134765625,10.0
patchy_high,64,R2,False,1650,visibility_gini,0.31236572265625,10.0
patchy_high,64,R2,False,1700,visibility_gini,0.3125244140625,10.0
patchy_high,64,R2,False,1750,visibility_gini,0.31328125,10.0
patchy_high,64,R2,False,1800,visibility_gini,0.3151611328125,10.0
patchy_high,64,R2,False,1850,visibility_gini,0.31658935546875,10.0
patchy_high,64,R2,False,1900,visibility_gini,0.32078857421875,10.0
patchy_high,64,R2,False,1950,visibility_gini,0.32269287109375,10.0
patchy_high,64,R2,False,2000,visibility_gini,0.32310791015625,10.0
patchy_high,64,R2,False,2050,visibility_gini,0.32655029296875,10.0
patchy_high,64,R2,False,2100,visibility_gini,0.3243896484375,10.0
patchy_high,64,R2,False,2150,visibility_gini,0.32413330078125,10.0
patchy_high,64,R2,False,2200,visibility_gini,0.325341796875,10.0
patchy_high,64,R2,False,2250,visibility_gini,0.32657470703125,10.0
patchy_high,64,R2,False,2300,visibility_gini,0.32724609375,10.0
patchy_high,64,R2,False,2350,visibility_gini,0.32779541015625,10.0
patchy_high,64,R2,False,2400,visibility_gini,0.3286376953125,10.0
patchy_high,64,R2,False,2450,visibility_gini,0.32850341796875,10.0
patchy_high,64,R2,False,2500,visibility_gini,0.32886962890625,10.0
patchy_high,64,R2,False,2550,visibility_gini,0.32850341796875,10.0
patchy_high,64,R2,False,2600,visibility_gini,0.33182373046875,10.0
patchy_high,64,R2,False,2650,visibility_gini,0.334375,10.0
patchy_high,64,R2,False,2700,visibility_gini,0.3342529296875,10.0
patchy_high,64,R2,False,2750,visibility_gini,0.33555908203125,10.0
patchy_high,64,R2,False,2800,visibility_gini,0.3365966796875,10.0
patchy_high,64,R2,False,2850,visibility_gini,0.33828125,10.0
patchy_high,64,R2,False,2900,visibility_gini,0.3384521484375,10.0
patchy_high,64,R2,False,2950,visibility_gini,0.3419189453125,10.0
patchy_high,64,R2,False,3000,visibility_gini,0.341796875,10.0
patchy_high,64,R2,False,3050,visibility_gini,0.34014892578125,10.0
patchy_high,64,R2,False,3100,visibility_gini,0.34111328125,10.0
patchy_high,64,R2,False,3150,visibility_gini,0.34022216796875,10.0
patchy_high,64,R2,False,3200,visibility_gini,0.33975830078125,10.0
patchy_high,64,R2,False,3250,visibility_gini,0.3392822265625,10.0
patchy_high,64,R2,False,3300,visibility_gini,0.34049072265625,10.0
patchy_high,64,R2,False,3350,visibility_gini,0.34229736328125,10.0
patchy_high,64,R2,False,3400,visibility_gini,0.34315185546875,10.0
patchy_high,64,R2,False,3450,visibility_gini,0.3432861328125,10.0
patchy_high,64,R2,False,3500,visibility_gini,0.34449462890625,10.0
patchy_high,64,R2,False,3550,visibility_gini,0.34556884765625,10.0
patchy_high,64,R2,False,3600,visibility_gini,0.34610595703125,10.0
patchy_high,64,R2,False,3650,visibility_gini,0.3479248046875,10.0
patchy_high,64,R2,False,3700,visibility_gini,0.34853515625,10.0
patchy_high,64,R2,False,3750,visibility_gini,0.34891357421875,10.0
patchy_high,64,R2,False,3800,visibility_gini,0.34945068359375,10.0
patchy_high,64,R2,False,3850,visibility_gini,0.3501953125,10.0
patchy_high,64,R2,False,3900,visibility_gini,0.3517578125,10.0
patchy_high,64,R2,False,3950,visibility_gini,0.3525146484375,10.0
patchy_high,64,R2,False,4000,visibility_gini,0.35184326171875,10.0
patchy_high,64,R2,False,4050,visibility_gini,0.352490234375,10.0
patchy_high,64,R2,False,4100,visibility_gini,0.35087890625,10.0
patchy_high,64,R2,False,4150,visibility_gini,0.35155029296875,10.0
patchy_high,64,R2,False,4200,visibility_gini,0.35147705078125,10.0
patchy_high,64,R2,False,4250,visibility_gini,0.35145263671875,10.0
patchy_high,64,R2,False,4300,visibility_gini,0.3511474609375,10.0
patchy_high,64,R2,False,4350,visibility_gini,0.35159912109375,10.0
patchy_high,64,R2,False,4400,visibility_gini,0.35208740234375,10.0
patchy_high,64,R2,False,4450,visibility_gini,0.3529296875,10.0
patchy_high,64,R2,False,4500,visibility_gini,0.35426025390625,10.0
patchy_high,64,R2,False,4550,visibility_gini,0.35416259765625,10.0
patchy_high,64,R2,False,4600,visibility_gini,0.3541015625,10.0
patchy_high,64,R2,False,4650,visibility_gini,0.3552978515625,10.0
patchy_high,64,R2,False,4700,visibility_gini,0.3557373046875,10.0
patchy_high,64,R2,False,4750,visibility_gini,0.3556396484375,10.0
patchy_high,64,R2,False,4800,visibility_gini,0.3568603515625,10.0
patchy_high,64,R2,False,4850,visibility_gini,0.35714111328125,10.0
patchy_high,64,R2,False,4900,visibility_gini,0.3580078125,10.0
patchy_high,64,R2,False,4950,visibility_gini,0.3586181640625,10.0
patchy_high,64,R2,False,5000,visibility_gini,0.360205078125,10.0
patchy_high,64,R2,False,1,low_extraction_rate,0.4734375,10.0
patchy_high,64,R2,False,50,low_extraction_rate,0.3125,10.0
patchy_high,64,R2,False,100,low_extraction_rate,0.253125,10.0
patchy_high,64,R2,False,150,low_extraction_rate,0.25625,10.0
patchy_high,64,R2,False,200,low_extraction_rate,0.2375,10.0
patchy_high,64,R2,False,250,low_extraction_rate,0.2796875,10.0
patchy_high,64,R2,False,300,low_extraction_rate,0.2671875,10.0
patchy_high,64,R2,False,350,low_extraction_rate,0.3078125,10.0
patchy_high,64,R2,False,400,low_extraction_rate,0.3078125,10.0
patchy_high,64,R2,False,450,low_extraction_rate,0.325,10.0
patchy_high,64,R2,False,500,low_extraction_rate,0.3390625,10.0
patchy_high,64,R2,False,550,low_extraction_rate,0.325,10.0
patchy_high,64,R2,False,600,low_extraction_rate,0.3546875,10.0
patchy_high,64,R2,False,650,low_extraction_rate,0.3453125,10.0
patchy_high,64,R2,False,700,low_extraction_rate,0.3453125,10.0
patchy_high,64,R2,False,750,low_extraction_rate,0.353125,10.0
patchy_high,64,R2,False,800,low_extraction_rate,0.3203125,10.0
patchy_high,64,R2,False,850,low_extraction_rate,0.3640625,10.0
patchy_high,64,R2,False,900,low_extraction_rate,0.35,10.0
patchy_high,64,R2,False,950,low_extraction_rate,0.3203125,10.0
patchy_high,64,R2,False,1000,low_extraction_rate,0.3828125,10.0
patchy_high,64,R2,False,1050,low_extraction_rate,0.35625,10.0
patchy_high,64,R2,False,1100,low_extraction_rate,0.3296875,10.0
patchy_high,64,R2,False,1150,low_extraction_rate,0.359375,10.0
patchy_high,64,R2,False,1200,low_extraction_rate,0.334375,10.0
patchy_high,64,R2,False,1250,low_extraction_rate,0.353125,10.0
patchy_high,64,R2,False,1300,low_extraction_rate,0.3265625,10.0
patchy_high,64,R2,False,1350,low_extraction_rate,0.3296875,10.0
patchy_high,64,R2,False,1400,low_extraction_rate,0.3234375,10.0
patchy_high,64,R2,False,1450,low_extraction_rate,0.346875,10.0
patchy_high,64,R2,False,1500,low_extraction_rate,0.346875,10.0
patchy_high,64,R2,False,1550,low_extraction_rate,0.3390625,10.0
patchy_high,64,R2,False,1600,low_extraction_rate,0.3359375,10.0
patchy_high,64,R2,False,1650,low_extraction_rate,0.3546875,10.0
patchy_high,64,R2,False,1700,low_extraction_rate,0.34375,10.0
patchy_high,64,R2,False,1750,low_extraction_rate,0.3359375,10.0
patchy_high,64,R2,False,1800,low_extraction_rate,0.3265625,10.0
patchy_high,64,R2,False,1850,low_extraction_rate,0.340625,10.0
patchy_high,64,R2,False,1900,low_extraction_rate,0.328125,10.0
patchy_high,64,R2,False,1950,low_extraction_rate,0.3109375,10.0
patchy_high,64,R2,False,2000,low_extraction_rate,0.3421875,10.0
patchy_high,64,R2,False,2050,low_extraction_rate,0.2765625,10.0
patchy_high,64,R2,False,2100,low_extraction_rate,0.3359375,10.0
patchy_high,64,R2,False,2150,low_extraction_rate,0.31875,10.0
patchy_high,64,R2,False,2200,low_extraction_rate,0.3140625,10.0
patchy_high,64,R2,False,2250,low_extraction_rate,0.309375,10.0
patchy_high,64,R2,False,2300,low_extraction_rate,0.2984375,10.0
patchy_high,64,R2,False,2350,low_extraction_rate,0.3171875,10.0
patchy_high,64,R2,False,2400,low_extraction_rate,0.309375,10.0
patchy_high,64,R2,False,2450,low_extraction_rate,0.3140625,10.0
patchy_high,64,R2,False,2500,low_extraction_rate,0.2796875,10.0
patchy_high,64,R2,False,2550,low_extraction_rate,0.2625,10.0
patchy_high,64,R2,False,2600,low_extraction_rate,0.2984375,10.0
patchy_high,64,R2,False,2650,low_extraction_rate,0.3046875,10.0
patchy_high,64,R2,False,2700,low_extraction_rate,0.29375,10.0
patchy_high,64,R2,False,2750,low_extraction_rate,0.3171875,10.0
patchy_high,64,R2,False,2800,low_extraction_rate,0.303125,10.0
patchy_high,64,R2,False,2850,low_extraction_rate,0.309375,10.0
patchy_high,64,R2,False,2900,low_extraction_rate,0.28125,10.0
patchy_high,64,R2,False,2950,low_extraction_rate,0.28125,10.0
patchy_high,64,R2,False,3000,low_extraction_rate,0.290625,10.0
patchy_high,64,R2,False,3050,low_extraction_rate,0.278125,10.0
patchy_high,64,R2,False,3100,low_extraction_rate,0.2578125,10.0
patchy_high,64,R2,False,3150,low_extraction_rate,0.2921875,10.0
patchy_high,64,R2,False,3200,low_extraction_rate,0.278125,10.0
patchy_high,64,R2,False,3250,low_extraction_rate,0.2953125,10.0
patchy_high,64,R2,False,3300,low_extraction_rate,0.29375,10.0
patchy_high,64,R2,False,3350,low_extraction_rate,0.3046875,10.0
patchy_high,64,R2,False,3400,low_extraction_rate,0.2796875,10.0
patchy_high,64,R2,False,3450,low_extraction_rate,0.28125,10.0
patchy_high,64,R2,False,3500,low_extraction_rate,0.271875,10.0
patchy_high,64,R2,False,3550,low_extraction_rate,0.265625,10.0
patchy_high,64,R2,False,3600,low_extraction_rate,0.271875,10.0
patchy_high,64,R2,False,3650,low_extraction_rate,0.271875,10.0
patchy_high,64,R2,False,3700,low_extraction_rate,0.2890625,10.0
patchy_high,64,R2,False,3750,low_extraction_rate,0.2859375,10.0
patchy_high,64,R2,False,3800,low_extraction_rate,0.2953125,10.0
patchy_high,64,R2,False,3850,low_extraction_rate,0.25625,10.0
patchy_high,64,R2,False,3900,low_extraction_rate,0.296875,10.0
patchy_high,64,R2,False,3950,low_extraction_rate,0.2671875,10.0
patchy_high,64,R2,False,4000,low_extraction_rate,0.2734375,10.0
patchy_high,64,R2,False,4050,low_extraction_rate,0.2796875,10.0
patchy_high,64,R2,False,4100,low_extraction_rate,0.2890625,10.0
patchy_high,64,R2,False,4150,low_extraction_rate,0.284375,10.0
patchy_high,64,R2,False,4200,low_extraction_rate,0.2796875,10.0
patchy_high,64,R2,False,4250,low_extraction_rate,0.25625,10.0
patchy_high,64,R2,False,4300,low_extraction_rate,0.2859375,10.0
patchy_high,64,R2,False,4350,low_extraction_rate,0.2859375,10.0
patchy_high,64,R2,False,4400,low_extraction_rate,0.3,10.0
patchy_high,64,R2,False,4450,low_extraction_rate,0.2890625,10.0
patchy_high,64,R2,False,4500,low_extraction_rate,0.2859375,10.0
patchy_high,64,R2,False,4550,low_extraction_rate,0.3,10.0
patchy_high,64,R2,False,4600,low_extraction_rate,0.271875,10.0
patchy_high,64,R2,False,4650,low_extraction_rate,0.2890625,10.0
patchy_high,64,R2,False,4700,low_extraction_rate,0.2796875,10.0
patchy_high,64,R2,False,4750,low_extraction_rate,0.271875,10.0
patchy_high,64,R2,False,4800,low_extraction_rate,0.284375,10.0
patchy_high,64,R2,False,4850,low_extraction_rate,0.2625,10.0
patchy_high,64,R2,False,4900,low_extraction_rate,0.25,10.0
patchy_high,64,R2,False,4950,low_extraction_rate,0.259375,10.0
patchy_high,64,R2,False,5000,low_extraction_rate,0.2625,10.0
patchy_high,64,R2,True,1,visibility_gini,0.27061767578125,10.0
patchy_high,64,R2,True,50,visibility_gini,0.27427978515625,10.0
patchy_high,64,R2,True,100,visibility_gini,0.2748779296875,10.0
patchy_high,64,R2,True,150,visibility_gini,0.27667236328125,10.0
patchy_high,64,R2,True,200,visibility_gini,0.277294921875,10.0
patchy_high,64,R2,True,250,visibility_gini,0.27657470703125,10.0
patchy_high,64,R2,True,300,visibility_gini,0.2779296875,10.0
patchy_high,64,R2,True,350,visibility_gini,0.27750244140625,10.0
patchy_high,64,R2,True,400,visibility_gini,0.278857421875,10.0
patchy_high,64,R2,True,450,visibility_gini,0.2798095703125,10.0
patchy_high,64,R2,True,500,visibility_gini,0.28167724609375,10.0
patchy_high,64,R2,True,550,visibility_gini,0.28502197265625,10.0
patchy_high,64,R2,True,600,visibility_gini,0.2881103515625,10.0
patchy_high,64,R2,True,650,visibility_gini,0.2888427734375,10.0
patchy_high,64,R2,True,700,visibility_gini,0.29102783203125,10.0
patchy_high,64,R2,True,750,visibility_gini,0.2906494140625,10.0
patchy_high,64,R2,True,800,visibility_gini,0.29356689453125,10.0
patchy_high,64,R2,True,850,visibility_gini,0.29405517578125,10.0
patchy_high,64,R2,True,900,visibility_gini,0.296142578125,10.0
patchy_high,64,R2,True,950,visibility_gini,0.297412109375,10.0
patchy_high,64,R2,True,1000,visibility_gini,0.2966064453125,10.0
patchy_high,64,R2,True,1050,visibility_gini,0.29927978515625,10.0
patchy_high,64,R2,True,1100,visibility_gini,0.30052490234375,10.0
patchy_high,64,R2,True,1150,visibility_gini,0.3016357421875,10.0
patchy_high,64,R2,True,1200,visibility_gini,0.3032470703125,10.0
patchy_high,64,R2,True,1250,visibility_gini,0.304931640625,10.0
patchy_high,64,R2,True,1300,visibility_gini,0.30689697265625,10.0
patchy_high,64,R2,True,1350,visibility_gini,0.30921630859375,10.0
patchy_high,64,R2,True,1400,visibility_gini,0.3086669921875,10.0
patchy_high,64,R2,True,1450,visibility_gini,0.310888671875,10.0
patchy_high,64,R2,True,1500,visibility_gini,0.3115234375,10.0
patchy_high,64,R2,True,1550,visibility_gini,0.31243896484375,10.0
patchy_high,64,R2,True,1600,visibility_gini,0.31187744140625,10.0
patchy_high,64,R2,True,1650,visibility_gini,0.314697265625,10.0
patchy_high,64,R2,True,1700,visibility_gini,0.31646728515625,10.0
patchy_high,64,R2,True,1750,visibility_gini,0.3165283203125,10.0
patchy_high,64,R2,True,1800,visibility_gini,0.31641845703125,10.0
patchy_high,64,R2,True,1850,visibility_gini,0.32103271484375,10.0
patchy_high,64,R2,True,1900,visibility_gini,0.3232666015625,10.0
patchy_high,64,R2,True,1950,visibility_gini,0.324951171875,10.0
patchy_high,64,R2,True,2000,visibility_gini,0.32459716796875,10.0
patchy_high,64,R2,True,2050,visibility_gini,0.32572021484375,10.0
patchy_high,64,R2,True,2100,visibility_gini,0.32867431640625,10.0
patchy_high,64,R2,True,2150,visibility_gini,0.3279541015625,10.0
patchy_high,64,R2,True,2200,visibility_gini,0.3287109375,10.0
patchy_high,64,R2,True,2250,visibility_gini,0.32811279296875,10.0
patchy_high,64,R2,True,2300,visibility_gini,0.33057861328125,10.0
patchy_high,64,R2,True,2350,visibility_gini,0.331689453125,10.0
patchy_high,64,R2,True,2400,visibility_gini,0.3313232421875,10.0
patchy_high,64,R2,True,2450,visibility_gini,0.330908203125,10.0
patchy_high,64,R2,True,2500,visibility_gini,0.33099365234375,10.0
patchy_high,64,R2,True,2550,visibility_gini,0.33529052734375,10.0
patchy_high,64,R2,True,2600,visibility_gini,0.33583984375,10.0
patchy_high,64,R2,True,2650,visibility_gini,0.33533935546875,10.0
patchy_high,64,R2,True,2700,visibility_gini,0.3349609375,10.0
patchy_high,64,R2,True,2750,visibility_gini,0.33653564453125,10.0
patchy_high,64,R2,True,2800,visibility_gini,0.33677978515625,10.0
patchy_high,64,R2,True,2850,visibility_gini,0.337158203125,10.0
patchy_high,64,R2,True,2900,visibility_gini,0.33580322265625,10.0
patchy_high,64,R2,True,2950,visibility_gini,0.33955078125,10.0
patchy_high,64,R2,True,3000,visibility_gini,0.3410888671875,10.0
patchy_high,64,R2,True,3050,visibility_gini,0.34273681640625,10.0
patchy_high,64,R2,True,3100,visibility_gini,0.3424072265625,10.0
patchy_high,64,R2,True,3150,visibility_gini,0.34185791015625,10.0
patchy_high,64,R2,True,3200,visibility_gini,0.34146728515625,10.0
patchy_high,64,R2,True,3250,visibility_gini,0.3410888671875,10.0
patchy_high,64,R2,True,3300,visibility_gini,0.343896484375,10.0
patchy_high,64,R2,True,3350,visibility_gini,0.34429931640625,10.0
patchy_high,64,R2,True,3400,visibility_gini,0.34322509765625,10.0
patchy_high,64,R2,True,3450,visibility_gini,0.34344482421875,10.0
patchy_high,64,R2,True,3500,visibility_gini,0.342626953125,10.0
patchy_high,64,R2,True,3550,visibility_gini,0.34317626953125,10.0
patchy_high,64,R2,True,3600,visibility_gini,0.34444580078125,10.0
patchy_high,64,R2,True,3650,visibility_gini,0.3445556640625,10.0
patchy_high,64,R2,True,3700,visibility_gini,0.3437255859375,10.0
patchy_high,64,R2,True,3750,visibility_gini,0.34468994140625,10.0
patchy_high,64,R2,True,3800,visibility_gini,0.3447998046875,10.0
patchy_high,64,R2,True,3850,visibility_gini,0.3465576171875,10.0
patchy_high,64,R2,True,3900,visibility_gini,0.34671630859375,10.0
patchy_high,64,R2,True,3950,visibility_gini,0.34891357421875,10.0
patchy_high,64,R2,True,4000,visibility_gini,0.34815673828125,10.0
patchy_high,64,R2,True,4050,visibility_gini,0.3484619140625,10.0
patchy_high,64,R2,True,4100,visibility_gini,0.34681396484375,10.0
patchy_high,64,R2,True,4150,visibility_gini,0.34630126953125,10.0
patchy_high,64,R2,True,4200,visibility_gini,0.34761962890625,10.0
patchy_high,64,R2,True,4250,visibility_gini,0.34937744140625,10.0
patchy_high,64,R2,True,4300,visibility_gini,0.34793701171875,10.0
patchy_high,64,R2,True,4350,visibility_gini,0.34755859375,10.0
patchy_high,64,R2,True,4400,visibility_gini,0.34759521484375,10.0
patchy_high,64,R2,True,4450,visibility_gini,0.34739990234375,10.0
patchy_high,64,R2,True,4500,visibility_gini,0.3486328125,10.0
patchy_high,64,R2,True,4550,visibility_gini,0.349609375,10.0
patchy_high,64,R2,True,4600,visibility_gini,0.35079345703125,10.0
patchy_high,64,R2,True,4650,visibility_gini,0.35166015625,10.0
patchy_high,64,R2,True,4700,visibility_gini,0.3519287109375,10.0
patchy_high,64,R2,True,4750,visibility_gini,0.35233154296875,10.0
patchy_high,64,R2,True,4800,visibility_gini,0.35216064453125,10.0
patchy_high,64,R2,True,4850,visibility_gini,0.35169677734375,10.0
patchy_high,64,R2,True,4900,visibility_gini,0.35360107421875,10.0
patchy_high,64,R2,True,4950,visibility_gini,0.35404052734375,10.0
patchy_high,64,R2,True,5000,visibility_gini,0.35399169921875,10.0
patchy_high,64,R2,True,1,low_extraction_rate,0.4734375,10.0
patchy_high,64,R2,True,50,low_extraction_rate,0.3125,10.0
patchy_high,64,R2,True,100,low_extraction_rate,0.25625,10.0
patchy_high,64,R2,True,150,low_extraction_rate,0.24375,10.0
patchy_high,64,R2,True,200,low_extraction_rate,0.225,10.0
patchy_high,64,R2,True,250,low_extraction_rate,0.2671875,10.0
patchy_high,64,R2,True,300,low_extraction_rate,0.2625,10.0
patchy_high,64,R2,True,350,low_extraction_rate,0.2921875,10.0
patchy_high,64,R2,True,400,low_extraction_rate,0.3203125,10.0
patchy_high,64,R2,True,450,low_extraction_rate,0.3234375,10.0
patchy_high,64,R2,True,500,low_extraction_rate,0.346875,10.0
patchy_high,64,R2,True,550,low_extraction_rate,0.35,10.0
patchy_high,64,R2,True,600,low_extraction_rate,0.3078125,10.0
patchy_high,64,R2,True,650,low_extraction_rate,0.346875,10.0
patchy_high,64,R2,True,700,low_extraction_rate,0.3296875,10.0
patchy_high,64,R2,True,750,low_extraction_rate,0.3125,10.0
patchy_high,64,R2,True,800,low_extraction_rate,0.321875,10.0
patchy_high,64,R2,True,850,low_extraction_rate,0.325,10.0
patchy_high,64,R2,True,900,low_extraction_rate,0.3421875,10.0
patchy_high,64,R2,True,950,low_extraction_rate,0.3515625,10.0
patchy_high,64,R2,True,1000,low_extraction_rate,0.328125,10.0
patchy_high,64,R2,True,1050,low_extraction_rate,0.3234375,10.0
patchy_high,64,R2,True,1100,low_extraction_rate,0.3375,10.0
patchy_high,64,R2,True,1150,low_extraction_rate,0.325,10.0
patchy_high,64,R2,True,1200,low_extraction_rate,0.340625,10.0
patchy_high,64,R2,True,1250,low_extraction_rate,0.340625,10.0
patchy_high,64,R2,True,1300,low_extraction_rate,0.3296875,10.0
patchy_high,64,R2,True,1350,low_extraction_rate,0.3171875,10.0
patchy_high,64,R2,True,1400,low_extraction_rate,0.3578125,10.0
patchy_high,64,R2,True,1450,low_extraction_rate,0.321875,10.0
patchy_high,64,R2,True,1500,low_extraction_rate,0.3609375,10.0
patchy_high,64,R2,True,1550,low_extraction_rate,0.3375,10.0
patchy_high,64,R2,True,1600,low_extraction_rate,0.340625,10.0
patchy_high,64,R2,True,1650,low_extraction_rate,0.359375,10.0
patchy_high,64,R2,True,1700,low_extraction_rate,0.309375,10.0
patchy_high,64,R2,True,1750,low_extraction_rate,0.315625,10.0
patchy_high,64,R2,True,1800,low_extraction_rate,0.315625,10.0
patchy_high,64,R2,True,1850,low_extraction_rate,0.340625,10.0
patchy_high,64,R2,True,1900,low_extraction_rate,0.2828125,10.0
patchy_high,64,R2,True,1950,low_extraction_rate,0.3265625,10.0
patchy_high,64,R2,True,2000,low_extraction_rate,0.3375,10.0
patchy_high,64,R2,True,2050,low_extraction_rate,0.29375,10.0
patchy_high,64,R2,True,2100,low_extraction_rate,0.3078125,10.0
patchy_high,64,R2,True,2150,low_extraction_rate,0.3046875,10.0
patchy_high,64,R2,True,2200,low_extraction_rate,0.3421875,10.0
patchy_high,64,R2,True,2250,low_extraction_rate,0.2875,10.0
patchy_high,64,R2,True,2300,low_extraction_rate,0.26875,10.0
patchy_high,64,R2,True,2350,low_extraction_rate,0.309375,10.0
patchy_high,64,R2,True,2400,low_extraction_rate,0.28125,10.0
patchy_high,64,R2,True,2450,low_extraction_rate,0.3171875,10.0
patchy_high,64,R2,True,2500,low_extraction_rate,0.2890625,10.0
patchy_high,64,R2,True,2550,low_extraction_rate,0.2609375,10.0
patchy_high,64,R2,True,2600,low_extraction_rate,0.2984375,10.0
patchy_high,64,R2,True,2650,low_extraction_rate,0.3078125,10.0
patchy_high,64,R2,True,2700,low_extraction_rate,0.29375,10.0
patchy_high,64,R2,True,2750,low_extraction_rate,0.265625,10.0
patchy_high,64,R2,True,2800,low_extraction_rate,0.296875,10.0
patchy_high,64,R2,True,2850,low_extraction_rate,0.296875,10.0
patchy_high,64,R2,True,2900,low_extraction_rate,0.3,10.0
patchy_high,64,R2,True,2950,low_extraction_rate,0.2984375,10.0
patchy_high,64,R2,True,3000,low_extraction_rate,0.275,10.0
patchy_high,64,R2,True,3050,low_extraction_rate,0.290625,10.0
patchy_high,64,R2,True,3100,low_extraction_rate,0.3046875,10.0
patchy_high,64,R2,True,3150,low_extraction_rate,0.265625,10.0
patchy_high,64,R2,True,3200,low_extraction_rate,0.271875,10.0
patchy_high,64,R2,True,3250,low_extraction_rate,0.290625,10.0
patchy_high,64,R2,True,3300,low_extraction_rate,0.275,10.0
patchy_high,64,R2,True,3350,low_extraction_rate,0.2890625,10.0
patchy_high,64,R2,True,3400,low_extraction_rate,0.2703125,10.0
patchy_high,64,R2,True,3450,low_extraction_rate,0.2984375,10.0
patchy_high,64,R2,True,3500,low_extraction_rate,0.2765625,10.0
patchy_high,64,R2,True,3550,low_extraction_rate,0.284375,10.0
patchy_high,64,R2,True,3600,low_extraction_rate,0.2671875,10.0
patchy_high,64,R2,True,3650,low_extraction_rate,0.2828125,10.0
patchy_high,64,R2,True,3700,low_extraction_rate,0.26875,10.0
patchy_high,64,R2,True,3750,low_extraction_rate,0.2890625,10.0
patchy_high,64,R2,True,3800,low_extraction_rate,0.2765625,10.0
patchy_high,64,R2,True,3850,low_extraction_rate,0.2640625,10.0
patchy_high,64,R2,True,3900,low_extraction_rate,0.2703125,10.0
patchy_high,64,R2,True,3950,low_extraction_rate,0.296875,10.0
patchy_high,64,R2,True,4000,low_extraction_rate,0.2859375,10.0
patchy_high,64,R2,True,4050,low_extraction_rate,0.2875,10.0
patchy_high,64,R2,True,4100,low_extraction_rate,0.2484375,10.0
patchy_high,64,R2,True,4150,low_extraction_rate,0.26875,10.0
patchy_high,64,R2,True,4200,low_extraction_rate,0.265625,10.0
patchy_high,64,R2,True,4250,low_extraction_rate,0.26875,10.0
patchy_high,64,R2,True,4300,low_extraction_rate,0.2796875,10.0
patchy_high,64,R2,True,4350,low_extraction_rate,0.2625,10.0
patchy_high,64,R2,True,4400,low_extraction_rate,0.2640625,10.0
patchy_high,64,R2,True,4450,low_extraction_rate,0.2796875,10.0
patchy_high,64,R2,True,4500,low_extraction_rate,0.278125,10.0
patchy_high,64,R2,True,4550,low_extraction_rate,0.2953125,10.0
patchy_high,64,R2,True,4600,low_extraction_rate,0.2796875,10.0
patchy_high,64,R2,True,4650,low_extraction_rate,0.2640625,10.0
patchy_high,64,R2,True,4700,low_extraction_rate,0.28125,10.0
patchy_high,64,R2,True,4750,low_extraction_rate,0.25625,10.0
patchy_high,64,R2,True,4800,low_extraction_rate,0.25625,10.0
patchy_high,64,R2,True,4850,low_extraction_rate,0.2609375,10.0
patchy_high,64,R2,True,4900,low_extraction_rate,0.2734375,10.0
patchy_high,64,R2,True,4950,low_extraction_rate,0.2796875,10.0
patchy_high,64,R2,True,5000,low_extraction_rate,0.2890625,10.0
patchy_high,64,R3,False,1,visibility_gini,0.27061767578125,10.0
patchy_high,64,R3,False,50,visibility_gini,0.2723388671875,10.0
patchy_high,64,R3,False,100,visibility_gini,0.27315673828125,10.0
patchy_high,64,R3,False,150,visibility_gini,0.273046875,10.0
patchy_high,64,R3,False,200,visibility_gini,0.27197265625,10.0
patchy_high,64,R3,False,250,visibility_gini,0.27347412109375,10.0
patchy_high,64,R3,False,300,visibility_gini,0.27410888671875,10.0
patchy_high,64,R3,False,350,visibility_gini,0.2740478515625,10.0
patchy_high,64,R3,False,400,visibility_gini,0.27315673828125,10.0
patchy_high,64,R3,False,450,visibility_gini,0.27166748046875,10.0
patchy_high,64,R3,False,500,visibility_gini,0.2726318359375,10.0
patchy_high,64,R3,False,550,visibility_gini,0.27313232421875,10.0
patchy_high,64,R3,False,600,visibility_gini,0.27086181640625,10.0
patchy_high,64,R3,False,650,visibility_gini,0.27119140625,10.0
patchy_high,64,R3,False,700,visibility_gini,0.2709716796875,10.0
patchy_high,64,R3,False,750,visibility_gini,0.270458984375,10.0
patchy_high,64,R3,False,800,visibility_gini,0.26920166015625,10.0
patchy_high,64,R3,False,850,visibility_gini,0.26812744140625,10.0
patchy_high,64,R3,False,900,visibility_gini,0.26942138671875,10.0
patchy_high,64,R3,False,950,visibility_gini,0.26773681640625,10.0
patchy_high,64,R3,False,1000,visibility_gini,0.26932373046875,10.0
patchy_high,64,R3,False,1050,visibility_gini,0.27237548828125,10.0
patchy_high,64,R3,False,1100,visibility_gini,0.26929931640625,10.0
patchy_high,64,R3,False,1150,visibility_gini,0.26815185546875,10.0
patchy_high,64,R3,False,1200,visibility_gini,0.2677978515625,10.0
patchy_high,64,R3,False,1250,visibility_gini,0.2685302734375,10.0
patchy_high,64,R3,False,1300,visibility_gini,0.26810302734375,10.0
patchy_high,64,R3,False,1350,visibility_gini,0.26658935546875,10.0
patchy_high,64,R3,False,1400,visibility_gini,0.2669677734375,10.0
patchy_high,64,R3,False,1450,visibility_gini,0.26688232421875,10.0
patchy_high,64,R3,False,1500,visibility_gini,0.26839599609375,10.0
patchy_high,64,R3,False,1550,visibility_gini,0.26666259765625,10.0
patchy_high,64,R3,False,1600,visibility_gini,0.27020263671875,10.0
patchy_high,64,R3,False,1650,visibility_gini,0.2683837890625,10.0
patchy_high,64,R3,False,1700,visibility_gini,0.2683349609375,10.0
patchy_high,64,R3,False,1750,visibility_gini,0.26859130859375,10.0
patchy_high,64,R3,False,1800,visibility_gini,0.26876220703125,10.0
patchy_high,64,R3,False,1850,visibility_gini,0.2696533203125,10.0
patchy_high,64,R3,False,1900,visibility_gini,0.27030029296875,10.0
patchy_high,64,R3,False,1950,visibility_gini,0.27193603515625,10.0
patchy_high,64,R3,False,2000,visibility_gini,0.27039794921875,10.0
patchy_high,64,R3,False,2050,visibility_gini,0.26973876953125,10.0
patchy_high,64,R3,False,2100,visibility_gini,0.27120361328125,10.0
patchy_high,64,R3,False,2150,visibility_gini,0.2699462890625,10.0
patchy_high,64,R3,False,2200,visibility_gini,0.26986083984375,10.0
patchy_high,64,R3,False,2250,visibility_gini,0.2694580078125,10.0
patchy_high,64,R3,False,2300,visibility_gini,0.26920166015625,10.0
patchy_high,64,R3,False,2350,visibility_gini,0.26722412109375,10.0
patchy_high,64,R3,False,2400,visibility_gini,0.26778564453125,10.0
patchy_high,64,R3,False,2450,visibility_gini,0.2640869140625,10.0
patchy_high,64,R3,False,2500,visibility_gini,0.26104736328125,10.0
patchy_high,64,R3,False,2550,visibility_gini,0.2623779296875,10.0
patchy_high,64,R3,False,2600,visibility_gini,0.26278076171875,10.0
patchy_high,64,R3,False,2650,visibility_gini,0.2645751953125,10.0
patchy_high,64,R3,False,2700,visibility_gini,0.2648681640625,10.0
patchy_high,64,R3,False,2750,visibility_gini,0.26622314453125,10.0
patchy_high,64,R3,False,2800,visibility_gini,0.2652587890625,10.0
patchy_high,64,R3,False,2850,visibility_gini,0.264306640625,10.0
patchy_high,64,R3,False,2900,visibility_gini,0.26456298828125,10.0
patchy_high,64,R3,False,2950,visibility_gini,0.26578369140625,10.0
patchy_high,64,R3,False,3000,visibility_gini,0.2669189453125,10.0
patchy_high,64,R3,False,3050,visibility_gini,0.2662353515625,10.0
patchy_high,64,R3,False,3100,visibility_gini,0.26724853515625,10.0
patchy_high,64,R3,False,3150,visibility_gini,0.2680908203125,10.0
patchy_high,64,R3,False,3200,visibility_gini,0.267626953125,10.0
patchy_high,64,R3,False,3250,visibility_gini,0.26708984375,10.0
patchy_high,64,R3,False,3300,visibility_gini,0.269140625,10.0
patchy_high,64,R3,False,3350,visibility_gini,0.2691162109375,10.0
patchy_high,64,R3,False,3400,visibility_gini,0.2694580078125,10.0
patchy_high,64,R3,False,3450,visibility_gini,0.270068359375,10.0
patchy_high,64,R3,False,3500,visibility_gini,0.2714111328125,10.0
patchy_high,64,R3,False,3550,visibility_gini,0.27398681640625,10.0
patchy_high,64,R3,False,3600,visibility_gini,0.27822265625,10.0
patchy_high,64,R3,False,3650,visibility_gini,0.2783447265625,10.0
patchy_high,64,R3,False,3700,visibility_gini,0.27724609375,10.0
patchy_high,64,R3,False,3750,visibility_gini,0.27786865234375,10.0
patchy_high,64,R3,False,3800,visibility_gini,0.27763671875,10.0
patchy_high,64,R3,False,3850,visibility_gini,0.27744140625,10.0
patchy_high,64,R3,False,3900,visibility_gini,0.27701416015625,10.0
patchy_high,64,R3,False,3950,visibility_gini,0.277001953125,10.0
patchy_high,64,R3,False,4000,visibility_gini,0.27701416015625,10.0
patchy_high,64,R3,False,4050,visibility_gini,0.276025390625,10.0
patchy_high,64,R3,False,4100,visibility_gini,0.27550048828125,10.0
patchy_high,64,R3,False,4150,visibility_gini,0.27498779296875,10.0
patchy_high,64,R3,False,4200,visibility_gini,0.27630615234375,10.0
patchy_high,64,R3,False,4250,visibility_gini,0.2769775390625,10.0
patchy_high,64,R3,False,4300,visibility_gini,0.27802734375,10.0
patchy_high,64,R3,False,4350,visibility_gini,0.2768798828125,10.0
patchy_high,64,R3,False,4400,visibility_gini,0.27642822265625,10.0
patchy_high,64,R3,False,4450,visibility_gini,0.2775390625,10.0
patchy_high,64,R3,False,4500,visibility_gini,0.278369140625,10.0
patchy_high,64,R3,False,4550,visibility_gini,0.27633056640625,10.0
patchy_high,64,R3,False,4600,visibility_gini,0.276953125,10.0
patchy_high,64,R3,False,4650,visibility_gini,0.278125,10.0
patchy_high,64,R3,False,4700,visibility_gini,0.27757568359375,10.0
patchy_high,64,R3,False,4750,visibility_gini,0.27783203125,10.0
patchy_high,64,R3,False,4800,visibility_gini,0.2775146484375,10.0
patchy_high,64,R3,False,4850,visibility_gini,0.27921142578125,10.0
patchy_high,64,R3,False,4900,visibility_gini,0.2797119140625,10.0
patchy_high,64,R3,False,4950,visibility_gini,0.280419921875,10.0
patchy_high,64,R3,False,5000,visibility_gini,0.280712890625,10.0
patchy_high,64,R3,False,1,low_extraction_rate,0.4734375,10.0
patchy_high,64,R3,False,50,low_extraction_rate,0.3125,10.0
patchy_high,64,R3,False,100,low_extraction_rate,0.253125,10.0
patchy_high,64,R3,False,150,low_extraction_rate,0.2484375,10.0
patchy_high,64,R3,False,200,low_extraction_rate,0.23125,10.0
patchy_high,64,R3,False,250,low_extraction_rate,0.2671875,10.0
patchy_high,64,R3,False,300,low_extraction_rate,0.265625,10.0
patchy_high,64,R3,False,350,low_extraction_rate,0.315625,10.0
patchy_high,64,R3,False,400,low_extraction_rate,0.3140625,10.0
patchy_high,64,R3,False,450,low_extraction_rate,0.325,10.0
patchy_high,64,R3,False,500,low_extraction_rate,0.3484375,10.0
patchy_high,64,R3,False,550,low_extraction_rate,0.3421875,10.0
patchy_high,64,R3,False,600,low_extraction_rate,0.3171875,10.0
patchy_high,64,R3,False,650,low_extraction_rate,0.353125,10.0
patchy_high,64,R3,False,700,low_extraction_rate,0.378125,10.0
patchy_high,64,R3,False,750,low_extraction_rate,0.3359375,10.0
patchy_high,64,R3,False,800,low_extraction_rate,0.359375,10.0
patchy_high,64,R3,False,850,low_extraction_rate,0.3421875,10.0
patchy_high,64,R3,False,900,low_extraction_rate,0.3703125,10.0
patchy_high,64,R3,False,950,low_extraction_rate,0.3625,10.0
patchy_high,64,R3,False,1000,low_extraction_rate,0.3421875,10.0
patchy_high,64,R3,False,1050,low_extraction_rate,0.33125,10.0
patchy_high,64,R3,False,1100,low_extraction_rate,0.3265625,10.0
patchy_high,64,R3,False,1150,low_extraction_rate,0.38125,10.0
patchy_high,64,R3,False,1200,low_extraction_rate,0.2890625,10.0
patchy_high,64,R3,False,1250,low_extraction_rate,0.3390625,10.0
patchy_high,64,R3,False,1300,low_extraction_rate,0.3171875,10.0
patchy_high,64,R3,False,1350,low_extraction_rate,0.340625,10.0
patchy_high,64,R3,False,1400,low_extraction_rate,0.3765625,10.0
patchy_high,64,R3,False,1450,low_extraction_rate,0.340625,10.0
patchy_high,64,R3,False,1500,low_extraction_rate,0.3328125,10.0
patchy_high,64,R3,False,1550,low_extraction_rate,0.325,10.0
patchy_high,64,R3,False,1600,low_extraction_rate,0.3625,10.0
patchy_high,64,R3,False,1650,low_extraction_rate,0.346875,10.0
patchy_high,64,R3,False,1700,low_extraction_rate,0.3296875,10.0
patchy_high,64,R3,False,1750,low_extraction_rate,0.2859375,10.0
patchy_high,64,R3,False,1800,low_extraction_rate,0.3203125,10.0
patchy_high,64,R3,False,1850,low_extraction_rate,0.2953125,10.0
patchy_high,64,R3,False,1900,low_extraction_rate,0.315625,10.0
patchy_high,64,R3,False,1950,low_extraction_rate,0.309375,10.0
patchy_high,64,R3,False,2000,low_extraction_rate,0.3296875,10.0
patchy_high,64,R3,False,2050,low_extraction_rate,0.3296875,10.0
patchy_high,64,R3,False,2100,low_extraction_rate,0.33125,10.0
patchy_high,64,R3,False,2150,low_extraction_rate,0.296875,10.0
patchy_high,64,R3,False,2200,low_extraction_rate,0.2921875,10.0
patchy_high,64,R3,False,2250,low_extraction_rate,0.2890625,10.0
patchy_high,64,R3,False,2300,low_extraction_rate,0.30625,10.0
patchy_high,64,R3,False,2350,low_extraction_rate,0.3171875,10.0
patchy_high,64,R3,False,2400,low_extraction_rate,0.33125,10.0
patchy_high,64,R3,False,2450,low_extraction_rate,0.2953125,10.0
patchy_high,64,R3,False,2500,low_extraction_rate,0.3015625,10.0
patchy_high,64,R3,False,2550,low_extraction_rate,0.290625,10.0
patchy_high,64,R3,False,2600,low_extraction_rate,0.3171875,10.0
patchy_high,64,R3,False,2650,low_extraction_rate,0.2765625,10.0
patchy_high,64,R3,False,2700,low_extraction_rate,0.278125,10.0
patchy_high,64,R3,False,2750,low_extraction_rate,0.3,10.0
patchy_high,64,R3,False,2800,low_extraction_rate,0.3109375,10.0
patchy_high,64,R3,False,2850,low_extraction_rate,0.3140625,10.0
patchy_high,64,R3,False,2900,low_extraction_rate,0.3015625,10.0
patchy_high,64,R3,False,2950,low_extraction_rate,0.2890625,10.0
patchy_high,64,R3,False,3000,low_extraction_rate,0.303125,10.0
patchy_high,64,R3,False,3050,low_extraction_rate,0.303125,10.0
patchy_high,64,R3,False,3100,low_extraction_rate,0.2828125,10.0
patchy_high,64,R3,False,3150,low_extraction_rate,0.2984375,10.0
patchy_high,64,R3,False,3200,low_extraction_rate,0.3078125,10.0
patchy_high,64,R3,False,3250,low_extraction_rate,0.2859375,10.0
patchy_high,64,R3,False,3300,low_extraction_rate,0.275,10.0
patchy_high,64,R3,False,3350,low_extraction_rate,0.28125,10.0
patchy_high,64,R3,False,3400,low_extraction_rate,0.275,10.0
patchy_high,64,R3,False,3450,low_extraction_rate,0.3125,10.0
patchy_high,64,R3,False,3500,low_extraction_rate,0.2828125,10.0
patchy_high,64,R3,False,3550,low_extraction_rate,0.2859375,10.0
patchy_high,64,R3,False,3600,low_extraction_rate,0.28125,10.0
patchy_high,64,R3,False,3650,low_extraction_rate,0.3046875,10.0
patchy_high,64,R3,False,3700,low_extraction_rate,0.2828125,10.0
patchy_high,64,R3,False,3750,low_extraction_rate,0.3046875,10.0
patchy_high,64,R3,False,3800,low_extraction_rate,0.2953125,10.0
patchy_high,64,R3,False,3850,low_extraction_rate,0.2625,10.0
patchy_high,64,R3,False,3900,low_extraction_rate,0.2734375,10.0
patchy_high,64,R3,False,3950,low_extraction_rate,0.2796875,10.0
patchy_high,64,R3,False,4000,low_extraction_rate,0.296875,10.0
patchy_high,64,R3,False,4050,low_extraction_rate,0.2640625,10.0
patchy_high,64,R3,False,4100,low_extraction_rate,0.2796875,10.0
patchy_high,64,R3,False,4150,low_extraction_rate,0.2875,10.0
patchy_high,64,R3,False,4200,low_extraction_rate,0.2765625,10.0
patchy_high,64,R3,False,4250,low_extraction_rate,0.2703125,10.0
patchy_high,64,R3,False,4300,low_extraction_rate,0.29375,10.0
patchy_high,64,R3,False,4350,low_extraction_rate,0.29375,10.0
patchy_high,64,R3,False,4400,low_extraction_rate,0.2890625,10.0
patchy_high,64,R3,False,4450,low_extraction_rate,0.265625,10.0
patchy_high,64,R3,False,4500,low_extraction_rate,0.2671875,10.0
patchy_high,64,R3,False,4550,low_extraction_rate,0.271875,10.0
patchy_high,64,R3,False,4600,low_extraction_rate,0.2640625,10.0
patchy_high,64,R3,False,4650,low_extraction_rate,0.2828125,10.0
patchy_high,64,R3,False,4700,low_extraction_rate,0.28125,10.0
patchy_high,64,R3,False,4750,low_extraction_rate,0.2921875,10.0
patchy_high,64,R3,False,4800,low_extraction_rate,0.2703125,10.0
patchy_high,64,R3,False,4850,low_extraction_rate,0.240625,10.0
patchy_high,64,R3,False,4900,low_extraction_rate,0.2640625,10.0
patchy_high,64,R3,False,4950,low_extraction_rate,0.2828125,10.0
patchy_high,64,R3,False,5000,low_extraction_rate,0.2765625,10.0
patchy_high,64,R3,True,1,visibility_gini,0.27061767578125,10.0
patchy_high,64,R3,True,50,visibility_gini,0.27138671875,10.0
patchy_high,64,R3,True,100,visibility_gini,0.2713623046875,10.0
patchy_high,64,R3,True,150,visibility_gini,0.2720947265625,10.0
patchy_high,64,R3,True,200,visibility_gini,0.2703125,10.0
patchy_high,64,R3,True,250,visibility_gini,0.2688720703125,10.0
patchy_high,64,R3,True,300,visibility_gini,0.26885986328125,10.0
patchy_high,64,R3,True,350,visibility_gini,0.266943359375,10.0
patchy_high,64,R3,True,400,visibility_gini,0.2663818359375,10.0
patchy_high,64,R3,True,450,visibility_gini,0.2670654296875,10.0
patchy_high,64,R3,True,500,visibility_gini,0.26859130859375,10.0
patchy_high,64,R3,True,550,visibility_gini,0.2680419921875,10.0
patchy_high,64,R3,True,600,visibility_gini,0.26732177734375,10.0
patchy_high,64,R3,True,650,visibility_gini,0.26724853515625,10.0
patchy_high,64,R3,True,700,visibility_gini,0.26544189453125,10.0
patchy_high,64,R3,True,750,visibility_gini,0.2645751953125,10.0
patchy_high,64,R3,True,800,visibility_gini,0.26337890625,10.0
patchy_high,64,R3,True,850,visibility_gini,0.26358642578125,10.0
patchy_high,64,R3,True,900,visibility_gini,0.2638671875,10.0
patchy_high,64,R3,True,950,visibility_gini,0.26468505859375,10.0
patchy_high,64,R3,True,1000,visibility_gini,0.26370849609375,10.0
patchy_high,64,R3,True,1050,visibility_gini,0.2645751953125,10.0
patchy_high,64,R3,True,1100,visibility_gini,0.26463623046875,10.0
patchy_high,64,R3,True,1150,visibility_gini,0.26597900390625,10.0
patchy_high,64,R3,True,1200,visibility_gini,0.26602783203125,10.0
patchy_high,64,R3,True,1250,visibility_gini,0.264697265625,10.0
patchy_high,64,R3,True,1300,visibility_gini,0.26656494140625,10.0
patchy_high,64,R3,True,1350,visibility_gini,0.265380859375,10.0
patchy_high,64,R3,True,1400,visibility_gini,0.26458740234375,10.0
patchy_high,64,R3,True,1450,visibility_gini,0.26302490234375,10.0
patchy_high,64,R3,True,1500,visibility_gini,0.26357421875,10.0
patchy_high,64,R3,True,1550,visibility_gini,0.263330078125,10.0
patchy_high,64,R3,True,1600,visibility_gini,0.261865234375,10.0
patchy_high,64,R3,True,1650,visibility_gini,0.259814453125,10.0
patchy_high,64,R3,True,1700,visibility_gini,0.25863037109375,10.0
patchy_high,64,R3,True,1750,visibility_gini,0.25994873046875,10.0
patchy_high,64,R3,True,1800,visibility_gini,0.2593994140625,10.0
patchy_high,64,R3,True,1850,visibility_gini,0.25780029296875,10.0
patchy_high,64,R3,True,1900,visibility_gini,0.2563720703125,10.0
patchy_high,64,R3,True,1950,visibility_gini,0.25535888671875,10.0
patchy_high,64,R3,True,2000,visibility_gini,0.25631103515625,10.0
patchy_high,64,R3,True,2050,visibility_gini,0.25643310546875,10.0
patchy_high,64,R3,True,2100,visibility_gini,0.25753173828125,10.0
patchy_high,64,R3,True,2150,visibility_gini,0.2596923828125,10.0
patchy_high,64,R3,True,2200,visibility_gini,0.26048583984375,10.0
patchy_high,64,R3,True,2250,visibility_gini,0.2597412109375,10.0
patchy_high,64,R3,True,2300,visibility_gini,0.25880126953125,10.0
patchy_high,64,R3,True,2350,visibility_gini,0.2581787109375,10.0
patchy_high,64,R3,True,2400,visibility_gini,0.2601318359375,10.0
patchy_high,64,R3,True,2450,visibility_gini,0.2606689453125,10.0
patchy_high,64,R3,True,2500,visibility_gini,0.26180419921875,10.0
patchy_high,64,R3,True,2550,visibility_gini,0.26148681640625,10.0
patchy_high,64,R3,True,2600,visibility_gini,0.2618408203125,10.0
patchy_high,64,R3,True,2650,visibility_gini,0.261279296875,10.0
patchy_high,64,R3,True,2700,visibility_gini,0.2601806640625,10.0
patchy_high,64,R3,True,2750,visibility_gini,0.25709228515625,10.0
patchy_high,64,R3,True,2800,visibility_gini,0.258447265625,10.0
patchy_high,64,R3,True,2850,visibility_gini,0.25892333984375,10.0
patchy_high,64,R3,True,2900,visibility_gini,0.25823974609375,10.0
patchy_high,64,R3,True,2950,visibility_gini,0.2579833984375,10.0
patchy_high,64,R3,True,3000,visibility_gini,0.25892333984375,10.0
patchy_high,64,R3,True,3050,visibility_gini,0.25924072265625,10.0
patchy_high,64,R3,True,3100,visibility_gini,0.2572509765625,10.0
patchy_high,64,R3,True,3150,visibility_gini,0.25802001953125,10.0
patchy_high,64,R3,True,3200,visibility_gini,0.26002197265625,10.0
patchy_high,64,R3,True,3250,visibility_gini,0.25863037109375,10.0
patchy_high,64,R3,True,3300,visibility_gini,0.25997314453125,10.0
patchy_high,64,R3,True,3350,visibility_gini,0.26080322265625,10.0
patchy_high,64,R3,True,3400,visibility_gini,0.26011962890625,10.0
patchy_high,64,R3,True,3450,visibility_gini,0.25897216796875,10.0
patchy_high,64,R3,True,3500,visibility_gini,0.25848388671875,10.0
patchy_high,64,R3,True,3550,visibility_gini,0.25831298828125,10.0
patchy_high,64,R3,True,3600,visibility_gini,0.25882568359375,10.0
patchy_high,64,R3,True,3650,visibility_gini,0.26109619140625,10.0
patchy_high,64,R3,True,3700,visibility_gini,0.26131591796875,10.0
patchy_high,64,R3,True,3750,visibility_gini,0.26099853515625,10.0
patchy_high,64,R3,True,3800,visibility_gini,0.26263427734375,10.0
patchy_high,64,R3,True,3850,visibility_gini,0.26256103515625,10.0
patchy_high,64,R3,True,3900,visibility_gini,0.2635986328125,10.0
patchy_high,64,R3,True,3950,visibility_gini,0.26263427734375,10.0
patchy_high,64,R3,True,4000,visibility_gini,0.2629150390625,10.0
patchy_high,64,R3,True,4050,visibility_gini,0.26279296875,10.0
patchy_high,64,R3,True,4100,visibility_gini,0.2621337890625,10.0
patchy_high,64,R3,True,4150,visibility_gini,0.26160888671875,10.0
patchy_high,64,R3,True,4200,visibility_gini,0.2612060546875,10.0
patchy_high,64,R3,True,4250,visibility_gini,0.261279296875,10.0
patchy_high,64,R3,True,4300,visibility_gini,0.26068115234375,10.0
patchy_high,64,R3,True,4350,visibility_gini,0.26107177734375,10.0
patchy_high,64,R3,True,4400,visibility_gini,0.2626220703125,10.0
patchy_high,64,R3,True,4450,visibility_gini,0.26177978515625,10.0
patchy_high,64,R3,True,4500,visibility_gini,0.26038818359375,10.0
patchy_high,64,R3,True,4550,visibility_gini,0.2591064453125,10.0
patchy_high,64,R3,True,4600,visibility_gini,0.25885009765625,10.0
patchy_high,64,R3,True,4650,visibility_gini,0.26007080078125,10.0
patchy_high,64,R3,True,4700,visibility_gini,0.25927734375,10.0
patchy_high,64,R3,True,4750,visibility_gini,0.259716796875,10.0
patchy_high,64,R3,True,4800,visibility_gini,0.25906982421875,10.0
patchy_high,64,R3,True,4850,visibility_gini,0.2599609375,10.0
patchy_high,64,R3,True,4900,visibility_gini,0.26182861328125,10.0
patchy_high,64,R3,True,4950,visibility_gini,0.2613525390625,10.0
patchy_high,64,R3,True,5000,visibility_gini,0.26241455078125,10.0
patchy_high,64,R3,True,1,low_extraction_rate,0.4734375,10.0
patchy_high,64,R3,True,50,low_extraction_rate,0.3125,10.0
patchy_high,64,R3,True,100,low_extraction_rate,0.2578125,10.0
patchy_high,64,R3,True,150,low_extraction_rate,0.2515625,10.0
patchy_high,64,R3,True,200,low_extraction_rate,0.228125,10.0
patchy_high,64,R3,True,250,low_extraction_rate,0.2859375,10.0
patchy_high,64,R3,True,300,low_extraction_rate,0.265625,10.0
patchy_high,64,R3,True,350,low_extraction_rate,0.3296875,10.0
patchy_high,64,R3,True,400,low_extraction_rate,0.315625,10.0
patchy_high,64,R3,True,450,low_extraction_rate,0.3359375,10.0
patchy_high,64,R3,True,500,low_extraction_rate,0.3421875,10.0
patchy_high,64,R3,True,550,low_extraction_rate,0.3328125,10.0
patchy_high,64,R3,True,600,low_extraction_rate,0.3515625,10.0
patchy_high,64,R3,True,650,low_extraction_rate,0.33125,10.0
patchy_high,64,R3,True,700,low_extraction_rate,0.3703125,10.0
patchy_high,64,R3,True,750,low_extraction_rate,0.33125,10.0
patchy_high,64,R3,True,800,low_extraction_rate,0.328125,10.0
patchy_high,64,R3,True,850,low_extraction_rate,0.3296875,10.0
patchy_high,64,R3,True,900,low_extraction_rate,0.334375,10.0
patchy_high,64,R3,True,950,low_extraction_rate,0.35,10.0
patchy_high,64,R3,True,1000,low_extraction_rate,0.34375,10.0
patchy_high,64,R3,True,1050,low_extraction_rate,0.35625,10.0
patchy_high,64,R3,True,1100,low_extraction_rate,0.3640625,10.0
patchy_high,64,R3,True,1150,low_extraction_rate,0.33125,10.0
patchy_high,64,R3,True,1200,low_extraction_rate,0.3296875,10.0
patchy_high,64,R3,True,1250,low_extraction_rate,0.3421875,10.0
patchy_high,64,R3,True,1300,low_extraction_rate,0.3375,10.0
patchy_high,64,R3,True,1350,low_extraction_rate,0.375,10.0
patchy_high,64,R3,True,1400,low_extraction_rate,0.34375,10.0
patchy_high,64,R3,True,1450,low_extraction_rate,0.3328125,10.0
patchy_high,64,R3,True,1500,low_extraction_rate,0.340625,10.0
patchy_high,64,R3,True,1550,low_extraction_rate,0.3296875,10.0
patchy_high,64,R3,True,1600,low_extraction_rate,0.334375,10.0
patchy_high,64,R3,True,1650,low_extraction_rate,0.325,10.0
patchy_high,64,R3,True,1700,low_extraction_rate,0.2984375,10.0
patchy_high,64,R3,True,1750,low_extraction_rate,0.309375,10.0
patchy_high,64,R3,True,1800,low_extraction_rate,0.346875,10.0
patchy_high,64,R3,True,1850,low_extraction_rate,0.325,10.0
patchy_high,64,R3,True,1900,low_extraction_rate,0.3046875,10.0
patchy_high,64,R3,True,1950,low_extraction_rate,0.3328125,10.0
patchy_high,64,R3,True,2000,low_extraction_rate,0.33125,10.0
patchy_high,64,R3,True,2050,low_extraction_rate,0.3109375,10.0
patchy_high,64,R3,True,2100,low_extraction_rate,0.3046875,10.0
patchy_high,64,R3,True,2150,low_extraction_rate,0.3046875,10.0
patchy_high,64,R3,True,2200,low_extraction_rate,0.325,10.0
patchy_high,64,R3,True,2250,low_extraction_rate,0.325,10.0
patchy_high,64,R3,True,2300,low_extraction_rate,0.3125,10.0
patchy_high,64,R3,True,2350,low_extraction_rate,0.3,10.0
patchy_high,64,R3,True,2400,low_extraction_rate,0.309375,10.0
patchy_high,64,R3,True,2450,low_extraction_rate,0.309375,10.0
patchy_high,64,R3,True,2500,low_extraction_rate,0.3109375,10.0
patchy_high,64,R3,True,2550,low_extraction_rate,0.2921875,10.0
patchy_high,64,R3,True,2600,low_extraction_rate,0.278125,10.0
patchy_high,64,R3,True,2650,low_extraction_rate,0.275,10.0
patchy_high,64,R3,True,2700,low_extraction_rate,0.2890625,10.0
patchy_high,64,R3,True,2750,low_extraction_rate,0.2671875,10.0
patchy_high,64,R3,True,2800,low_extraction_rate,0.296875,10.0
patchy_high,64,R3,True,2850,low_extraction_rate,0.3125,10.0
patchy_high,64,R3,True,2900,low_extraction_rate,0.2859375,10.0
patchy_high,64,R3,True,2950,low_extraction_rate,0.2671875,10.0
patchy_high,64,R3,True,3000,low_extraction_rate,0.2671875,10.0
patchy_high,64,R3,True,3050,low_extraction_rate,0.2890625,10.0
patchy_high,64,R3,True,3100,low_extraction_rate,0.30625,10.0
patchy_high,64,R3,True,3150,low_extraction_rate,0.33125,10.0
patchy_high,64,R3,True,3200,low_extraction_rate,0.303125,10.0
patchy_high,64,R3,True,3250,low_extraction_rate,0.2890625,10.0
patchy_high,64,R3,True,3300,low_extraction_rate,0.278125,10.0
patchy_high,64,R3,True,3350,low_extraction_rate,0.3046875,10.0
patchy_high,64,R3,True,3400,low_extraction_rate,0.2625,10.0
patchy_high,64,R3,True,3450,low_extraction_rate,0.296875,10.0
patchy_high,64,R3,True,3500,low_extraction_rate,0.2828125,10.0
patchy_high,64,R3,True,3550,low_extraction_rate,0.290625,10.0
patchy_high,64,R3,True,3600,low_extraction_rate,0.2671875,10.0
patchy_high,64,R3,True,3650,low_extraction_rate,0.29375,10.0
patchy_high,64,R3,True,3700,low_extraction_rate,0.26875,10.0
patchy_high,64,R3,True,3750,low_extraction_rate,0.26875,10.0
patchy_high,64,R3,True,3800,low_extraction_rate,0.2953125,10.0
patchy_high,64,R3,True,3850,low_extraction_rate,0.278125,10.0
patchy_high,64,R3,True,3900,low_extraction_rate,0.2859375,10.0
patchy_high,64,R3,True,3950,low_extraction_rate,0.2875,10.0
patchy_high,64,R3,True,4000,low_extraction_rate,0.26875,10.0
patchy_high,64,R3,True,4050,low_extraction_rate,0.271875,10.0
patchy_high,64,R3,True,4100,low_extraction_rate,0.2953125,10.0
patchy_high,64,R3,True,4150,low_extraction_rate,0.246875,10.0
patchy_high,64,R3,True,4200,low_extraction_rate,0.25625,10.0
patchy_high,64,R3,True,4250,low_extraction_rate,0.2765625,10.0
patchy_high,64,R3,True,4300,low_extraction_rate,0.2375,10.0
patchy_high,64,R3,True,4350,low_extraction_rate,0.2625,10.0
patchy_high,64,R3,True,4400,low_extraction_rate,0.2828125,10.0
patchy_high,64,R3,True,4450,low_extraction_rate,0.2859375,10.0
patchy_high,64,R3,True,4500,low_extraction_rate,0.30625,10.0
patchy_high,64,R3,True,4550,low_extraction_rate,0.2546875,10.0
patchy_high,64,R3,True,4600,low_extraction_rate,0.2859375,10.0
patchy_high,64,R3,True,4650,low_extraction_rate,0.2671875,10.0
patchy_high,64,R3,True,4700,low_extraction_rate,0.25625,10.0
patchy_high,64,R3,True,4750,low_extraction_rate,0.2734375,10.0
patchy_high,64,R3,True,4800,low_extraction_rate,0.284375,10.0
patchy_high,64,R3,True,4850,low_extraction_rate,0.2953125,10.0
patchy_high,64,R3,True,4900,low_extraction_rate,0.25625,10.0
patchy_high,64,R3,True,4950,low_extraction_rate,0.2375,10.0
patchy_high,64,R3,True,5000,low_extraction_rate,0.2578125,10.0
split_high_low,64,R1,False,1,visibility_gini,0.27061767578125,10.0
split_high_low,64,R1,False,50,visibility_gini,0.272265625,10.0
split_high_low,64,R1,False,100,visibility_gini,0.27403564453125,10.0
split_high_low,64,R1,False,150,visibility_gini,0.2743408203125,10.0
split_high_low,64,R1,False,200,visibility_gini,0.27769775390625,10.0
split_high_low,64,R1,False,250,visibility_gini,0.27828369140625,10.0
split_high_low,64,R1,False,300,visibility_gini,0.280029296875,10.0
split_high_low,64,R1,False,350,visibility_gini,0.2837646484375,10.0
split_high_low,64,R1,False,400,visibility_gini,0.28702392578125,10.0
split_high_low,64,R1,False,450,visibility_gini,0.2879150390625,10.0
split_high_low,64,R1,False,500,visibility_gini,0.28948974609375,10.0
split_high_low,64,R1,False,550,visibility_gini,0.29217529296875,10.0
split_high_low,64,R1,False,600,visibility_gini,0.29427490234375,10.0
split_high_low,64,R1,False,650,visibility_gini,0.2966064453125,10.0
split_high_low,64,R1,False,700,visibility_gini,0.29908447265625,10.0
split_high_low,64,R1,False,750,visibility_gini,0.2999267578125,10.0
split_high_low,64,R1,False,800,visibility_gini,0.30106201171875,10.0
split_high_low,64,R1,False,850,visibility_gini,0.30260009765625,10.0
split_high_low,64,R1,False,900,visibility_gini,0.304638671875,10.0
split_high_low,64,R1,False,950,visibility_gini,0.3067138671875,10.0
split_high_low,64,R1,False,1000,visibility_gini,0.3095947265625,10.0
split_high_low,64,R1,False,1050,visibility_gini,0.30933837890625,10.0
split_high_low,64,R1,False,1100,visibility_gini,0.3093017578125,10.0
split_high_low,64,R1,False,1150,visibility_gini,0.310986328125,10.0
split_high_low,64,R1,False,1200,visibility_gini,0.3119140625,10.0
split_high_low,64,R1,False,1250,visibility_gini,0.317822265625,10.0
split_high_low,64,R1,False,1300,visibility_gini,0.31868896484375,10.0
split_high_low,64,R1,False,1350,visibility_gini,0.32288818359375,10.0
split_high_low,64,R1,False,1400,visibility_gini,0.32427978515625,10.0
split_high_low,64,R1,False,1450,visibility_gini,0.32542724609375,10.0
split_high_low,64,R1,False,1500,visibility_gini,0.32493896484375,10.0
split_high_low,64,R1,False,1550,visibility_gini,0.3262939453125,10.0
split_high_low,64,R1,False,1600,visibility_gini,0.32596435546875,10.0
split_high_low,64,R1,False,1650,visibility_gini,0.32620849609375,10.0
split_high_low,64,R1,False,1700,visibility_gini,0.32664794921875,10.0
split_high_low,64,R1,False,1750,visibility_gini,0.32724609375,10.0
split_high_low,64,R1,False,1800,visibility_gini,0.32852783203125,10.0
split_high_low,64,R1,False,1850,visibility_gini,0.3309326171875,10.0
split_high_low,64,R1,False,1900,visibility_gini,0.3313232421875,10.0
split_high_low,64,R1,False,1950,visibility_gini,0.33358154296875,10.0
split_high_low,64,R1,False,2000,visibility_gini,0.33544921875,10.0
split_high_low,64,R1,False,2050,visibility_gini,0.33828125,10.0
split_high_low,64,R1,False,2100,visibility_gini,0.33997802734375,10.0
split_high_low,64,R1,False,2150,visibility_gini,0.3429931640625,10.0
split_high_low,64,R1,False,2200,visibility_gini,0.34390869140625,10.0
split_high_low,64,R1,False,2250,visibility_gini,0.347265625,10.0
split_high_low,64,R1,False,2300,visibility_gini,0.3480224609375,10.0
split_high_low,64,R1,False,2350,visibility_gini,0.34892578125,10.0
split_high_low,64,R1,False,2400,visibility_gini,0.3514404296875,10.0
split_high_low,64,R1,False,2450,visibility_gini,0.35107421875,10.0
split_high_low,64,R1,False,2500,visibility_gini,0.35299072265625,10.0
split_high_low,64,R1,False,2550,visibility_gini,0.35665283203125,10.0
split_high_low,64,R1,False,2600,visibility_gini,0.35767822265625,10.0
split_high_low,64,R1,False,2650,visibility_gini,0.35867919921875,10.0
split_high_low,64,R1,False,2700,visibility_gini,0.36021728515625,10.0
split_high_low,64,R1,False,2750,visibility_gini,0.36290283203125,10.0
split_high_low,64,R1,False,2800,visibility_gini,0.36558837890625,10.0
split_high_low,64,R1,False,2850,visibility_gini,0.3668701171875,10.0
split_high_low,64,R1,False,2900,visibility_gini,0.36558837890625,10.0
split_high_low,64,R1,False,2950,visibility_gini,0.36824951171875,10.0
split_high_low,64,R1,False,3000,visibility_gini,0.36785888671875,10.0
split_high_low,64,R1,False,3050,visibility_gini,0.3686279296875,10.0
split_high_low,64,R1,False,3100,visibility_gini,0.36781005859375,10.0
split_high_low,64,R1,False,3150,visibility_gini,0.369384765625,10.0
split_high_low,64,R1,False,3200,visibility_gini,0.36893310546875,10.0
split_high_low,64,R1,False,3250,visibility_gini,0.36990966796875,10.0
split_high_low,64,R1,False,3300,visibility_gini,0.37099609375,10.0
split_high_low,64,R1,False,3350,visibility_gini,0.3705322265625,10.0
split_high_low,64,R1,False,3400,visibility_gini,0.37174072265625,10.0
split_high_low,64,R1,False,3450,visibility_gini,0.371337890625,10.0
split_high_low,64,R1,False,3500,visibility_gini,0.372509765625,10.0
split_high_low,64,R1,False,3550,visibility_gini,0.373046875,10.0
split_high_low,64,R1,False,3600,visibility_gini,0.3747802734375,10.0
split_high_low,64,R1,False,3650,visibility_gini,0.375341796875,10.0
split_high_low,64,R1,False,3700,visibility_gini,0.3759765625,10.0
split_high_low,64,R1,False,3750,visibility_gini,0.37747802734375,10.0
split_high_low,64,R1,False,3800,visibility_gini,0.37957763671875,10.0
split_high_low,64,R1,False,3850,visibility_gini,0.3807861328125,10.0
split_high_low,64,R1,False,3900,visibility_gini,0.38238525390625,10.0
split_high_low,64,R1,False,3950,visibility_gini,0.38150634765625,10.0
split_high_low,64,R1,False,4000,visibility_gini,0.38265380859375,10.0
split_high_low,64,R1,False,4050,visibility_gini,0.38328857421875,10.0
split_high_low,64,R1,False,4100,visibility_gini,0.38287353515625,10.0
split_high_low,64,R1,False,4150,visibility_gini,0.3847900390625,10.0
split_high_low,64,R1,False,4200,visibility_gini,0.38675537109375,10.0
split_high_low,64,R1,False,4250,visibility_gini,0.38800048828125,10.0
split_high_low,64,R1,False,4300,visibility_gini,0.39259033203125,10.0
split_high_low,64,R1,False,4350,visibility_gini,0.39239501953125,10.0
split_high_low,64,R1,False,4400,visibility_gini,0.39378662109375,10.0
split_high_low,64,R1,False,4450,visibility_gini,0.39510498046875,10.0
split_high_low,64,R1,False,4500,visibility_gini,0.3948486328125,10.0
split_high_low,64,R1,False,4550,visibility_gini,0.39530029296875,10.0
split_high_low,64,R1,False,4600,visibility_gini,0.39635009765625,10.0
split_high_low,64,R1,False,4650,visibility_gini,0.39578857421875,10.0
split_high_low,64,R1,False,4700,visibility_gini,0.396826171875,10.0
split_high_low,64,R1,False,4750,visibility_gini,0.39857177734375,10.0
split_high_low,64,R1,False,4800,visibility_gini,0.39913330078125,10.0
split_high_low,64,R1,False,4850,visibility_gini,0.40025634765625,10.0
split_high_low,64,R1,False,4900,visibility_gini,0.40076904296875,10.0
split_high_low,64,R1,False,4950,visibility_gini,0.4030029296875,10.0
split_high_low,64,R1,False,5000,visibility_gini,0.4037109375,10.0
split_high_low,64,R1,False,1,low_extraction_rate,0.4734375,10.0
split_high_low,64,R1,False,50,low_extraction_rate,0.34375,10.0
split_high_low,64,R1,False,100,low_extraction_rate,0.3140625,10.0
split_high_low,64,R1,False,150,low_extraction_rate,0.2921875,10.0
split_high_low,64,R1,False,200,low_extraction_rate,0.30625,10.0
split_high_low,64,R1,False,250,low_extraction_rate,0.309375,10.0
split_high_low,64,R1,False,300,low_extraction_rate,0.296875,10.0
split_high_low,64,R1,False,350,low_extraction_rate,0.33125,10.0
split_high_low,64,R1,False,400,low_extraction_rate,0.3453125,10.0
split_high_low,64,R1,False,450,low_extraction_rate,0.325,10.0
split_high_low,64,R1,False,500,low_extraction_rate,0.359375,10.0
split_high_low,64,R1,False,550,low_extraction_rate,0.3703125,10.0
split_high_low,64,R1,False,600,low_extraction_rate,0.3203125,10.0
split_high_low,64,R1,False,650,low_extraction_rate,0.359375,10.0
split_high_low,64,R1,False,700,low_extraction_rate,0.353125,10.0
split_high_low,64,R1,False,750,low_extraction_rate,0.321875,10.0
split_high_low,64,R1,False,800,low_extraction_rate,0.334375,10.0
split_high_low,64,R1,False,850,low_extraction_rate,0.3421875,10.0
split_high_low,64,R1,False,900,low_extraction_rate,0.359375,10.0
split_high_low,64,R1,False,950,low_extraction_rate,0.3390625,10.0
split_high_low,64,R1,False,1000,low_extraction_rate,0.3578125,10.0
split_high_low,64,R1,False,1050,low_extraction_rate,0.3421875,10.0
split_high_low,64,R1,False,1100,low_extraction_rate,0.3546875,10.0
split_high_low,64,R1,False,1150,low_extraction_rate,0.346875,10.0
split_high_low,64,R1,False,1200,low_extraction_rate,0.3578125,10.0
split_high_low,64,R1,False,1250,low_extraction_rate,0.3203125,10.0
split_high_low,64,R1,False,1300,low_extraction_rate,0.346875,10.0
split_high_low,64,R1,False,1350,low_extraction_rate,0.340625,10.0
split_high_low,64,R1,False,1400,low_extraction_rate,0.3390625,10.0
split_high_low,64,R1,False,1450,low_extraction_rate,0.3140625,10.0
split_high_low,64,R1,False,1500,low_extraction_rate,0.3359375,10.0
split_high_low,64,R1,False,1550,low_extraction_rate,0.3453125,10.0
split_high_low,64,R1,False,1600,low_extraction_rate,0.31875,10.0
split_high_low,64,R1,False,1650,low_extraction_rate,0.328125,10.0
split_high_low,64,R1,False,1700,low_extraction_rate,0.315625,10.0
split_high_low,64,R1,False,1750,low_extraction_rate,0.325,10.0
split_high_low,64,R1,False,1800,low_extraction_rate,0.3125,10.0
split_high_low,64,R1,False,1850,low_extraction_rate,0.30625,10.0
split_high_low,64,R1,False,1900,low_extraction_rate,0.29375,10.0
split_high_low,64,R1,False,1950,low_extraction_rate,0.284375,10.0
split_high_low,64,R1,False,2000,low_extraction_rate,0.30625,10.0
split_high_low,64,R1,False,2050,low_extraction_rate,0.2796875,10.0
split_high_low,64,R1,False,2100,low_extraction_rate,0.2984375,10.0
split_high_low,64,R1,False,2150,low_extraction_rate,0.3125,10.0
split_high_low,64,R1,False,2200,low_extraction_rate,0.2765625,10.0
split_high_low,64,R1,False,2250,low_extraction_rate,0.30625,10.0
split_high_low,64,R1,False,2300,low_extraction_rate,0.3046875,10.0
split_high_low,64,R1,False,2350,low_extraction_rate,0.296875,10.0
split_high_low,64,R1,False,2400,low_extraction_rate,0.3265625,10.0
split_high_low,64,R1,False,2450,low_extraction_rate,0.303125,10.0
split_high_low,64,R1,False,2500,low_extraction_rate,0.2890625,10.0
split_high_low,64,R1,False,2550,low_extraction_rate,0.3015625,10.0
split_high_low,64,R1,False,2600,low_extraction_rate,0.303125,10.0
split_high_low,64,R1,False,2650,low_extraction_rate,0.2625,10.0
split_high_low,64,R1,False,2700,low_extraction_rate,0.3015625,10.0
split_high_low,64,R1,False,2750,low_extraction_rate,0.2890625,10.0
split_high_low,64,R1,False,2800,low_extraction_rate,0.3125,10.0
split_high_low,64,R1,False,2850,low_extraction_rate,0.309375,10.0
split_high_low,64,R1,False,2900,low_extraction_rate,0.2703125,10.0
split_high_low,64,R1,False,2950,low_extraction_rate,0.2921875,10.0
split_high_low,64,R1,False,3000,low_extraction_rate,0.2953125,10.0
split_high_low,64,R1,False,3050,low_extraction_rate,0.303125,10.0
split_high_low,64,R1,False,3100,low_extraction_rate,0.296875,10.0
split_high_low,64,R1,False,3150,low_extraction_rate,0.2640625,10.0
split_high_low,64,R1,False,3200,low_extraction_rate,0.2703125,10.0
split_high_low,64,R1,False,3250,low_extraction_rate,0.2671875,10.0
split_high_low,64,R1,False,3300,low_extraction_rate,0.265625,10.0
split_high_low,64,R1,False,3350,low_extraction_rate,0.309375,10.0
split_high_low,64,R1,False,3400,low_extraction_rate,0.3078125,10.0
split_high_low,64,R1,False,3450,low_extraction_rate,0.284375,10.0
split_high_low,64,R1,False,3500,low_extraction_rate,0.2703125,10.0
split_high_low,64,R1,False,3550,low_extraction_rate,0.3,10.0
split_high_low,64,R1,False,3600,low_extraction_rate,0.303125,10.0
split_high_low,64,R1,False,3650,low_extraction_rate,0.2796875,10.0
split_high_low,64,R1,False,3700,low_extraction_rate,0.26875,10.0
split_high_low,64,R1,False,3750,low_extraction_rate,0.2546875,10.0
split_high_low,64,R1,False,3800,low_extraction_rate,0.28125,10.0
split_high_low,64,R1,False,3850,low_extraction_rate,0.278125,10.0
split_high_low,64,R1,False,3900,low_extraction_rate,0.265625,10.0
split_high_low,64,R1,False,3950,low_extraction_rate,0.265625,10.0
split_high_low,64,R1,False,4000,low_extraction_rate,0.275,10.0
split_high_low,64,R1,False,4050,low_extraction_rate,0.2703125,10.0
split_high_low,64,R1,False,4100,low_extraction_rate,0.2703125,10.0
split_high_low,64,R1,False,4150,low_extraction_rate,0.2828125,10.0
split_high_low,64,R1,False,4200,low_extraction_rate,0.2828125,10.0
split_high_low,64,R1,False,4250,low_extraction_rate,0.2734375,10.0
split_high_low,64,R1,False,4300,low_extraction_rate,0.25625,10.0
split_high_low,64,R1,False,4350,low_extraction_rate,0.2359375,10.0
split_high_low,64,R1,False,4400,low_extraction_rate,0.26875,10.0
split_high_low,64,R1,False,4450,low_extraction_rate,0.278125,10.0
split_high_low,64,R1,False,4500,low_extraction_rate,0.26875,10.0
split_high_low,64,R1,False,4550,low_extraction_rate,0.271875,10.0
split_high_low,64,R1,False,4600,low_extraction_rate,0.2640625,10.0
split_high_low,64,R1,False,4650,low_extraction_rate,0.2546875,10.0
split_high_low,64,R1,False,4700,low_extraction_rate,0.2578125,10.0
split_high_low,64,R1,False,4750,low_extraction_rate,0.246875,10.0
split_high_low,64,R1,False,4800,low_extraction_rate,0.2546875,10.0
split_high_low,64,R1,False,4850,low_extraction_rate,0.2609375,10.0
split_high_low,64,R1,False,4900,low_extraction_rate,0.2578125,10.0
split_high_low,64,R1,False,4950,low_extraction_rate,0.2875,10.0
split_high_low,64,R1,False,5000,low_extraction_rate,0.25,10.0
split_high_low,64,R1,True,1,visibility_gini,0.27061767578125,10.0
split_high_low,64,R1,True,50,visibility_gini,0.27257080078125,10.0
split_high_low,64,R1,True,100,visibility_gini,0.27340087890625,10.0
split_high_low,64,R1,True,150,visibility_gini,0.27354736328125,10.0
split_high_low,64,R1,True,200,visibility_gini,0.27637939453125,10.0
split_high_low,64,R1,True,250,visibility_gini,0.278515625,10.0
split_high_low,64,R1,True,300,visibility_gini,0.2821044921875,10.0
split_high_low,64,R1,True,350,visibility_gini,0.2837890625,10.0
split_high_low,64,R1,True,400,visibility_gini,0.28565673828125,10.0
split_high_low,64,R1,True,450,visibility_gini,0.28616943359375,10.0
split_high_low,64,R1,True,500,visibility_gini,0.29105224609375,10.0
split_high_low,64,R1,True,550,visibility_gini,0.29183349609375,10.0
split_high_low,64,R1,True,600,visibility_gini,0.291259765625,10.0
split_high_low,64,R1,True,650,visibility_gini,0.29322509765625,10.0
split_high_low,64,R1,True,700,visibility_gini,0.29512939453125,10.0
split_high_low,64,R1,True,750,visibility_gini,0.29735107421875,10.0
split_high_low,64,R1,True,800,visibility_gini,0.30018310546875,10.0
split_high_low,64,R1,True,850,visibility_gini,0.3005859375,10.0
split_high_low,64,R1,True,900,visibility_gini,0.30028076171875,10.0
split_high_low,64,R1,True,950,visibility_gini,0.30411376953125,10.0
split_high_low,64,R1,True,1000,visibility_gini,0.3050048828125,10.0
split_high_low,64,R1,True,1050,visibility_gini,0.30537109375,10.0
split_high_low,64,R1,True,1100,visibility_gini,0.30550537109375,10.0
split_high_low,64,R1,True,1150,visibility_gini,0.307666015625,10.0
split_high_low,64,R1,True,1200,visibility_gini,0.30789794921875,10.0
split_high_low,64,R1,True,1250,visibility_gini,0.31014404296875,10.0
split_high_low,64,R1,True,1300,visibility_gini,0.31201171875,10.0
split_high_low,64,R1,True,1350,visibility_gini,0.31221923828125,10.0
split_high_low,64,R1,True,1400,visibility_gini,0.31424560546875,10.0
split_high_low,64,R1,True,1450,visibility_gini,0.3155029296875,10.0
split_high_low,64,R1,True,1500,visibility_gini,0.31778564453125,10.0
split_high_low,64,R1,True,1550,visibility_gini,0.317431640625,10.0
split_high_low,64,R1,True,1600,visibility_gini,0.31795654296875,10.0
split_high_low,64,R1,True,1650,visibility_gini,0.31956787109375,10.0
split_high_low,64,R1,True,1700,visibility_gini,0.32034912109375,10.0
split_high_low,64,R1,True,1750,visibility_gini,0.3218017578125,10.0
split_high_low,64,R1,True,1800,visibility_gini,0.3218994140625,10.0
split_high_low,64,R1,True,1850,visibility_gini,0.3231201171875,10.0
split_high_low,64,R1,True,1900,visibility_gini,0.3232421875,10.0
split_high_low,64,R1,True,1950,visibility_gini,0.32459716796875,10.0
split_high_low,64,R1,True,2000,visibility_gini,0.32464599609375,10.0
split_high_low,64,R1,True,2050,visibility_gini,0.32603759765625,10.0
split_high_low,64,R1,True,2100,visibility_gini,0.32637939453125,10.0
split_high_low,64,R1,True,2150,visibility_gini,0.32742919921875,10.0
split_high_low,64,R1,True,2200,visibility_gini,0.32923583984375,10.0
split_high_low,64,R1,True,2250,visibility_gini,0.32999267578125,10.0
split_high_low,64,R1,True,2300,visibility_gini,0.32955322265625,10.0
split_high_low,64,R1,True,2350,visibility_gini,0.33243408203125,10.0
split_high_low,64,R1,True,2400,visibility_gini,0.3329833984375,10.0
split_high_low,64,R1,True,2450,visibility_gini,0.33365478515625,10.0
split_high_low,64,R1,True,2500,visibility_gini,0.33480224609375,10.0
split_high_low,64,R1,True,2550,visibility_gini,0.3343505859375,10.0
split_high_low,64,R1,True,2600,visibility_gini,0.334521484375,10.0
split_high_low,64,R1,True,2650,visibility_gini,0.3360595703125,10.0
split_high_low,64,R1,True,2700,visibility_gini,0.3379638671875,10.0
split_high_low,64,R1,True,2750,visibility_gini,0.33900146484375,10.0
split_high_low,64,R1,True,2800,visibility_gini,0.33966064453125,10.0
split_high_low,64,R1,True,2850,visibility_gini,0.3391845703125,10.0
split_high_low,64,R1,True,2900,visibility_gini,0.3404296875,10.0
split_high_low,64,R1,True,2950,visibility_gini,0.34169921875,10.0
split_high_low,64,R1,True,3000,visibility_gini,0.3420166015625,10.0
split_high_low,64,R1,True,3050,visibility_gini,0.34322509765625,10.0
split_high_low,64,R1,True,3100,visibility_gini,0.34317626953125,10.0
split_high_low,64,R1,True,3150,visibility_gini,0.34588623046875,10.0
split_high_low,64,R1,True,3200,visibility_gini,0.3468017578125,10.0
split_high_low,64,R1,True,3250,visibility_gini,0.34864501953125,10.0
split_high_low,64,R1,True,3300,visibility_gini,0.35040283203125,10.0
split_high_low,64,R1,True,3350,visibility_gini,0.35152587890625,10.0
split_high_low,64,R1,True,3400,visibility_gini,0.3516357421875,10.0
split_high_low,64,R1,True,3450,visibility_gini,0.35299072265625,10.0
split_high_low,64,R1,True,3500,visibility_gini,0.354296875,10.0
split_high_low,64,R1,True,3550,visibility_gini,0.35472412109375,10.0
split_high_low,64,R1,True,3600,visibility_gini,0.35526123046875,10.0
split_high_low,64,R1,True,3650,visibility_gini,0.355810546875,10.0
split_high_low,64,R1,True,3700,visibility_gini,0.3564697265625,10.0
split_high_low,64,R1,True,3750,visibility_gini,0.35592041015625,10.0
split_high_low,64,R1,True,3800,visibility_gini,0.35811767578125,10.0
split_high_low,64,R1,True,3850,visibility_gini,0.3587890625,10.0
split_high_low,64,R1,True,3900,visibility_gini,0.3589111328125,10.0
split_high_low,64,R1,True,3950,visibility_gini,0.35986328125,10.0
split_high_low,64,R1,True,4000,visibility_gini,0.3599609375,10.0
split_high_low,64,R1,True,4050,visibility_gini,0.3601806640625,10.0
split_high_low,64,R1,True,4100,visibility_gini,0.36148681640625,10.0
split_high_low,64,R1,True,4150,visibility_gini,0.3627685546875,10.0
split_high_low,64,R1,True,4200,visibility_gini,0.364697265625,10.0
split_high_low,64,R1,True,4250,visibility_gini,0.3658935546875,10.0
split_high_low,64,R1,True,4300,visibility_gini,0.36710205078125,10.0
split_high_low,64,R1,True,4350,visibility_gini,0.368701171875,10.0
split_high_low,64,R1,True,4400,visibility_gini,0.3687744140625,10.0
split_high_low,64,R1,True,4450,visibility_gini,0.36951904296875,10.0
split_high_low,64,R1,True,4500,visibility_gini,0.36949462890625,10.0
split_high_low,64,R1,True,4550,visibility_gini,0.36982421875,10.0
split_high_low,64,R1,True,4600,visibility_gini,0.3713623046875,10.0
split_high_low,64,R1,True,4650,visibility_gini,0.3718994140625,10.0
split_high_low,64,R1,True,4700,visibility_gini,0.3721435546875,10.0
split_high_low,64,R1,True,4750,visibility_gini,0.37239990234375,10.0
split_high_low,64,R1,True,4800,visibility_gini,0.37354736328125,10.0
split_high_low,64,R1,True,4850,visibility_gini,0.3725341796875,10.0
split_high_low,64,R1,True,4900,visibility_gini,0.3718505859375,10.0
split_high_low,64,R1,True,4950,visibility_gini,0.37344970703125,10.0
split_high_low,64,R1,True,5000,visibility_gini,0.3737060546875,10.0
split_high_low,64,R1,True,1,low_extraction_rate,0.4734375,10.0
split_high_low,64,R1,True,50,low_extraction_rate,0.34375,10.0
split_high_low,64,R1,True,100,low_extraction_rate,0.3234375,10.0
split_high_low,64,R1,True,150,low_extraction_rate,0.3125,10.0
split_high_low,64,R1,True,200,low_extraction_rate,0.321875,10.0
split_high_low,64,R1,True,250,low_extraction_rate,0.315625,10.0
split_high_low,64,R1,True,300,low_extraction_rate,0.325,10.0
split_high_low,64,R1,True,350,low_extraction_rate,0.35,10.0
split_high_low,64,R1,True,400,low_extraction_rate,0.3421875,10.0
split_high_low,64,R1,True,450,low_extraction_rate,0.35625,10.0
split_high_low,64,R1,True,500,low_extraction_rate,0.365625,10.0
split_high_low,64,R1,True,550,low_extraction_rate,0.334375,10.0
split_high_low,64,R1,True,600,low_extraction_rate,0.340625,10.0
split_high_low,64,R1,True,650,low_extraction_rate,0.35,10.0
split_high_low,64,R1,True,700,low_extraction_rate,0.3734375,10.0
split_high_low,64,R1,True,750,low_extraction_rate,0.3234375,10.0
split_high_low,64,R1,True,800,low_extraction_rate,0.3171875,10.0
split_high_low,64,R1,True,850,low_extraction_rate,0.328125,10.0
split_high_low,64,R1,True,900,low_extraction_rate,0.3328125,10.0
split_high_low,64,R1,True,950,low_extraction_rate,0.3453125,10.0
split_high_low,64,R1,True,1000,low_extraction_rate,0.325,10.0
split_high_low,64,R1,True,1050,low_extraction_rate,0.3046875,10.0
split_high_low,64,R1,True,1100,low_extraction_rate,0.3171875,10.0
split_high_low,64,R1,True,1150,low_extraction_rate,0.31875,10.0
split_high_low,64,R1,True,1200,low_extraction_rate,0.3046875,10.0
split_high_low,64,R1,True,1250,low_extraction_rate,0.3703125,10.0
split_high_low,64,R1,True,1300,low_extraction_rate,0.3390625,10.0
split_high_low,64,R1,True,1350,low_extraction_rate,0.3328125,10.0
split_high_low,64,R1,True,1400,low_extraction_rate,0.309375,10.0
split_high_low,64,R1,True,1450,low_extraction_rate,0.328125,10.0
split_high_low,64,R1,True,1500,low_extraction_rate,0.3421875,10.0
split_high_low,64,R1,True,1550,low_extraction_rate,0.3359375,10.0
split_high_low,64,R1,True,1600,low_extraction_rate,0.3328125,10.0
split_high_low,64,R1,True,1650,low_extraction_rate,0.3546875,10.0
split_high_low,64,R1,True,1700,low_extraction_rate,0.3140625,10.0
split_high_low,64,R1,True,1750,low_extraction_rate,0.3015625,10.0
split_high_low,64,R1,True,1800,low_extraction_rate,0.303125,10.0
split_high_low,64,R1,True,1850,low_extraction_rate,0.328125,10.0
split_high_low,64,R1,True,1900,low_extraction_rate,0.3078125,10.0
split_high_low,64,R1,True,1950,low_extraction_rate,0.3234375,10.0
split_high_low,64,R1,True,2000,low_extraction_rate,0.2921875,10.0
split_high_low,64,R1,True,2050,low_extraction_rate,0.321875,10.0
split_high_low,64,R1,True,2100,low_extraction_rate,0.3328125,10.0
split_high_low,64,R1,True,2150,low_extraction_rate,0.2984375,10.0
split_high_low,64,R1,True,2200,low_extraction_rate,0.3171875,10.0
split_high_low,64,R1,True,2250,low_extraction_rate,0.30625,10.0
split_high_low,64,R1,True,2300,low_extraction_rate,0.3078125,10.0
split_high_low,64,R1,True,2350,low_extraction_rate,0.284375,10.0
split_high_low,64,R1,True,2400,low_extraction_rate,0.3109375,10.0
split_high_low,64,R1,True,2450,low_extraction_rate,0.2765625,10.0
split_high_low,64,R1,True,2500,low_extraction_rate,0.2703125,10.0
split_high_low,64,R1,True,2550,low_extraction_rate,0.296875,10.0
split_high_low,64,R1,True,2600,low_extraction_rate,0.321875,10.0
split_high_low,64,R1,True,2650,low_extraction_rate,0.3125,10.0
split_high_low,64,R1,True,2700,low_extraction_rate,0.2984375,10.0
split_high_low,64,R1,True,2750,low_extraction_rate,0.284375,10.0
split_high_low,64,R1,True,2800,low_extraction_rate,0.28125,10.0
split_high_low,64,R1,True,2850,low_extraction_rate,0.296875,10.0
split_high_low,64,R1,True,2900,low_extraction_rate,0.29375,10.0
split_high_low,64,R1,True,2950,low_extraction_rate,0.28125,10.0
split_high_low,64,R1,True,3000,low_extraction_rate,0.3,10.0
split_high_low,64,R1,True,3050,low_extraction_rate,0.290625,10.0
split_high_low,64,R1,True,3100,low_extraction_rate,0.278125,10.0
split_high_low,64,R1,True,3150,low_extraction_rate,0.2546875,10.0
split_high_low,64,R1,True,3200,low_extraction_rate,0.26875,10.0
split_high_low,64,R1,True,3250,low_extraction_rate,0.3109375,10.0
split_high_low,64,R1,True,3300,low_extraction_rate,0.2859375,10.0
split_high_low,64,R1,True,3350,low_extraction_rate,0.2828125,10.0
split_high_low,64,R1,True,3400,low_extraction_rate,0.2984375,10.0
split_high_low,64,R1,True,3450,low_extraction_rate,0.28125,10.0
split_high_low,64,R1,True,3500,low_extraction_rate,0.3109375,10.0
split_high_low,64,R1,True,3550,low_extraction_rate,0.2890625,10.0
split_high_low,64,R1,True,3600,low_extraction_rate,0.2546875,10.0
split_high_low,64,R1,True,3650,low_extraction_rate,0.2828125,10.0
split_high_low,64,R1,True,3700,low_extraction_rate,0.2640625,10.0
split_high_low,64,R1,True,3750,low_extraction_rate,0.3,10.0
split_high_low,64,R1,True,3800,low_extraction_rate,0.2859375,10.0
split_high_low,64,R1,True,3850,low_extraction_rate,0.271875,10.0
split_high_low,64,R1,True,3900,low_extraction_rate,0.28125,10.0
split_high_low,64,R1,True,3950,low_extraction_rate,0.2796875,10.0
split_high_low,64,R1,True,4000,low_extraction_rate,0.290625,10.0
split_high_low,64,R1,True,4050,low_extraction_rate,0.2875,10.0
split_high_low,64,R1,True,4100,low_extraction_rate,0.2765625,10.0
split_high_low,64,R1,True,4150,low_extraction_rate,0.2875,10.0
split_high_low,64,R1,True,4200,low_extraction_rate,0.2625,10.0
split_high_low,64,R1,True,4250,low_extraction_rate,0.2859375,10.0
split_high_low,64,R1,True,4300,low_extraction_rate,0.2609375,10.0
split_high_low,64,R1,True,4350,low_extraction_rate,0.28125,10.0
split_high_low,64,R1,True,4400,low_extraction_rate,0.2578125,10.0
split_high_low,64,R1,True,4450,low_extraction_rate,0.2328125,10.0
split_high_low,64,R1,True,4500,low_extraction_rate,0.2625,10.0
split_high_low,64,R1,True,4550,low_extraction_rate,0.2765625,10.0
split_high_low,64,R1,True,4600,low_extraction_rate,0.2671875,10.0
split_high_low,64,R1,True,4650,low_extraction_rate,0.2703125,10.0
split_high_low,64,R1,True,4700,low_extraction_rate,0.2515625,10.0
split_high_low,64,R1,True,4750,low_extraction_rate,0.2578125,10.0
split_high_low,64,R1,True,4800,low_extraction_rate,0.275,10.0
split_high_low,64,R1,True,4850,low_extraction_rate,0.240625,10.0
split_high_low,64,R1,True,4900,low_extraction_rate,0.259375,10.0
split_high_low,64,R1,True,4950,low_extraction_rate,0.25,10.0
split_high_low,64,R1,True,5000,low_extraction_rate,0.2484375,10.0
split_high_low,64,R2,False,1,visibility_gini,0.27061767578125,10.0
split_high_low,64,R2,False,50,visibility_gini,0.2710205078125,10.0
split_high_low,64,R2,False,100,visibility_gini,0.2720947265625,10.0
split_high_low,64,R2,False,150,visibility_gini,0.27314453125,10.0
split_high_low,64,R2,False,200,visibility_gini,0.274853515625,10.0
split_high_low,64,R2,False,250,visibility_gini,0.27607421875,10.0
split_high_low,64,R2,False,300,visibility_gini,0.2764892578125,10.0
split_high_low,64,R2,False,350,visibility_gini,0.2770263671875,10.0
split_high_low,64,R2,False,400,visibility_gini,0.27869873046875,10.0
split_high_low,64,R2,False,450,visibility_gini,0.28037109375,10.0
split_high_low,64,R2,False,500,visibility_gini,0.28170166015625,10.0
split_high_low,64,R2,False,550,visibility_gini,0.28359375,10.0
split_high_low,64,R2,False,600,visibility_gini,0.28446044921875,10.0
split_high_low,64,R2,False,650,visibility_gini,0.28558349609375,10.0
split_high_low,64,R2,False,700,visibility_gini,0.2874267578125,10.0
split_high_low,64,R2,False,750,visibility_gini,0.2873291015625,10.0
split_high_low,64,R2,False,800,visibility_gini,0.28900146484375,10.0
split_high_low,64,R2,False,850,visibility_gini,0.290185546875,10.0
split_high_low,64,R2,False,900,visibility_gini,0.29068603515625,10.0
split_high_low,64,R2,False,950,visibility_gini,0.29144287109375,10.0
split_high_low,64,R2,False,1000,visibility_gini,0.29271240234375,10.0
split_high_low,64,R2,False,1050,visibility_gini,0.29295654296875,10.0
split_high_low,64,R2,False,1100,visibility_gini,0.29267578125,10.0
split_high_low,64,R2,False,1150,visibility_gini,0.2939453125,10.0
split_high_low,64,R2,False,1200,visibility_gini,0.2972900390625,10.0
split_high_low,64,R2,False,1250,visibility_gini,0.2975341796875,10.0
split_high_low,64,R2,False,1300,visibility_gini,0.29964599609375,10.0
split_high_low,64,R2,False,1350,visibility_gini,0.3035888671875,10.0
split_high_low,64,R2,False,1400,visibility_gini,0.305126953125,10.0
split_high_low,64,R2,False,1450,visibility_gini,0.30804443359375,10.0
split_high_low,64,R2,False,1500,visibility_gini,0.30799560546875,10.0
split_high_low,64,R2,False,1550,visibility_gini,0.3098876953125,10.0
split_high_low,64,R2,False,1600,visibility_gini,0.3127685546875,10.0
split_high_low,64,R2,False,1650,visibility_gini,0.3137939453125,10.0
split_high_low,64,R2,False,1700,visibility_gini,0.3149169921875,10.0
split_high_low,64,R2,False,1750,visibility_gini,0.314697265625,10.0
split_high_low,64,R2,False,1800,visibility_gini,0.31527099609375,10.0
split_high_low,64,R2,False,1850,visibility_gini,0.31685791015625,10.0
split_high_low,64,R2,False,1900,visibility_gini,0.3173583984375,10.0
split_high_low,64,R2,False,1950,visibility_gini,0.320263671875,10.0
split_high_low,64,R2,False,2000,visibility_gini,0.320654296875,10.0
split_high_low,64,R2,False,2050,visibility_gini,0.3212646484375,10.0
split_high_low,64,R2,False,2100,visibility_gini,0.32108154296875,10.0
split_high_low,64,R2,False,2150,visibility_gini,0.32177734375,10.0
split_high_low,64,R2,False,2200,visibility_gini,0.3236328125,10.0
split_high_low,64,R2,False,2250,visibility_gini,0.3252685546875,10.0
split_high_low,64,R2,False,2300,visibility_gini,0.325634765625,10.0
split_high_low,64,R2,False,2350,visibility_gini,0.32833251953125,10.0
split_high_low,64,R2,False,2400,visibility_gini,0.3290283203125,10.0
split_high_low,64,R2,False,2450,visibility_gini,0.3325439453125,10.0
split_high_low,64,R2,False,2500,visibility_gini,0.33194580078125,10.0
split_high_low,64,R2,False,2550,visibility_gini,0.33267822265625,10.0
split_high_low,64,R2,False,2600,visibility_gini,0.3348388671875,10.0
split_high_low,64,R2,False,2650,visibility_gini,0.33614501953125,10.0
split_high_low,64,R2,False,2700,visibility_gini,0.33646240234375,10.0
split_high_low,64,R2,False,2750,visibility_gini,0.33670654296875,10.0
split_high_low,64,R2,False,2800,visibility_gini,0.33726806640625,10.0
split_high_low,64,R2,False,2850,visibility_gini,0.3380126953125,10.0
split_high_low,64,R2,False,2900,visibility_gini,0.3391357421875,10.0
split_high_low,64,R2,False,2950,visibility_gini,0.3391357421875,10.0
split_high_low,64,R2,False,3000,visibility_gini,0.33990478515625,10.0
split_high_low,64,R2,False,3050,visibility_gini,0.3402099609375,10.0
split_high_low,64,R2,False,3100,visibility_gini,0.34127197265625,10.0
split_high_low,64,R2,False,3150,visibility_gini,0.3425537109375,10.0
split_high_low,64,R2,False,3200,visibility_gini,0.34300537109375,10.0
split_high_low,64,R2,False,3250,visibility_gini,0.34439697265625,10.0
split_high_low,64,R2,False,3300,visibility_gini,0.34444580078125,10.0
split_high_low,64,R2,False,3350,visibility_gini,0.34599609375,10.0
split_high_low,64,R2,False,3400,visibility_gini,0.34708251953125,10.0
split_high_low,64,R2,False,3450,visibility_gini,0.3487548828125,10.0
split_high_low,64,R2,False,3500,visibility_gini,0.34912109375,10.0
split_high_low,64,R2,False,3550,visibility_gini,0.3497802734375,10.0
split_high_low,64,R2,False,3600,visibility_gini,0.35150146484375,10.0
split_high_low,64,R2,False,3650,visibility_gini,0.35262451171875,10.0
split_high_low,64,R2,False,3700,visibility_gini,0.35458984375,10.0
split_high_low,64,R2,False,3750,visibility_gini,0.3558349609375,10.0
split_high_low,64,R2,False,3800,visibility_gini,0.35775146484375,10.0
split_high_low,64,R2,False,3850,visibility_gini,0.3603271484375,10.0
split_high_low,64,R2,False,3900,visibility_gini,0.35936279296875,10.0
split_high_low,64,R2,False,3950,visibility_gini,0.3591064453125,10.0
split_high_low,64,R2,False,4000,visibility_gini,0.36083984375,10.0
split_high_low,64,R2,False,4050,visibility_gini,0.36143798828125,10.0
split_high_low,64,R2,False,4100,visibility_gini,0.3622802734375,10.0
split_high_low,64,R2,False,4150,visibility_gini,0.3634033203125,10.0
split_high_low,64,R2,False,4200,visibility_gini,0.3641845703125,10.0
split_high_low,64,R2,False,4250,visibility_gini,0.367431640625,10.0
split_high_low,64,R2,False,4300,visibility_gini,0.36815185546875,10.0
split_high_low,64,R2,False,4350,visibility_gini,0.36998291015625,10.0
split_high_low,64,R2,False,4400,visibility_gini,0.37095947265625,10.0
split_high_low,64,R2,False,4450,visibility_gini,0.36983642578125,10.0
split_high_low,64,R2,False,4500,visibility_gini,0.371240234375,10.0
split_high_low,64,R2,False,4550,visibility_gini,0.37149658203125,10.0
split_high_low,64,R2,False,4600,visibility_gini,0.37310791015625,10.0
split_high_low,64,R2,False,4650,visibility_gini,0.37276611328125,10.0
split_high_low,64,R2,False,4700,visibility_gini,0.3727294921875,10.0
split_high_low,64,R2,False,4750,visibility_gini,0.373388671875,10.0
split_high_low,64,R2,False,4800,visibility_gini,0.375244140625,10.0
split_high_low,64,R2,False,4850,visibility_gini,0.376904296875,10.0
split_high_low,64,R2,False,4900,visibility_gini,0.3784912109375,10.0
split_high_low,64,R2,False,4950,visibility_gini,0.3793701171875,10.0
split_high_low,64,R2,False,5000,visibility_gini,0.3780517578125,10.0
split_high_low,64,R2,False,1,low_extraction_rate,0.4734375,10.0
split_high_low,64,R2,False,50,low_extraction_rate,0.34375,10.0
split_high_low,64,R2,False,100,low_extraction_rate,0.3171875,10.0
split_high_low,64,R2,False,150,low_extraction_rate,0.296875,10.0
split_high_low,64,R2,False,200,low_extraction_rate,0.3046875,10.0
split_high_low,64,R2,False,250,low_extraction_rate,0.3078125,10.0
split_high_low,64,R2,False,300,low_extraction_rate,0.290625,10.0
split_high_low,64,R2,False,350,low_extraction_rate,0.3234375,10.0
split_high_low,64,R2,False,400,low_extraction_rate,0.353125,10.0
split_high_low,64,R2,False,450,low_extraction_rate,0.31875,10.0
split_high_low,64,R2,False,500,low_extraction_rate,0.340625,10.0
split_high_low,64,R2,False,550,low_extraction_rate,0.31875,10.0
split_high_low,64,R2,False,600,low_extraction_rate,0.3265625,10.0
split_high_low,64,R2,False,650,low_extraction_rate,0.3671875,10.0
split_high_low,64,R2,False,700,low_extraction_rate,0.3375,10.0
split_high_low,64,R2,False,750,low_extraction_rate,0.315625,10.0
split_high_low,64,R2,False,800,low_extraction_rate,0.3375,10.0
split_high_low,64,R2,False,850,low_extraction_rate,0.3296875,10.0
split_high_low,64,R2,False,900,low_extraction_rate,0.359375,10.0
split_high_low,64,R2,False,950,low_extraction_rate,0.325,10.0
split_high_low,64,R2,False,1000,low_extraction_rate,0.35,10.0
split_high_low,64,R2,False,1050,low_extraction_rate,0.3015625,10.0
split_high_low,64,R2,False,1100,low_extraction_rate,0.328125,10.0
split_high_low,64,R2,False,1150,low_extraction_rate,0.3140625,10.0
split_high_low,64,R2,False,1200,low_extraction_rate,0.33125,10.0
split_high_low,64,R2,False,1250,low_extraction_rate,0.3328125,10.0
split_high_low,64,R2,False,1300,low_extraction_rate,0.3375,10.0
split_high_low,64,R2,False,1350,low_extraction_rate,0.3703125,10.0
split_high_low,64,R2,False,1400,low_extraction_rate,0.3359375,10.0
split_high_low,64,R2,False,1450,low_extraction_rate,0.3125,10.0
split_high_low,64,R2,False,1500,low_extraction_rate,0.3125,10.0
split_high_low,64,R2,False,1550,low_extraction_rate,0.321875,10.0
split_high_low,64,R2,False,1600,low_extraction_rate,0.3265625,10.0
split_high_low,64,R2,False,1650,low_extraction_rate,0.3625,10.0
split_high_low,64,R2,False,1700,low_extraction_rate,0.325,10.0
split_high_low,64,R2,False,1750,low_extraction_rate,0.2984375,10.0
split_high_low,64,R2,False,1800,low_extraction_rate,0.325,10.0
split_high_low,64,R2,False,1850,low_extraction_rate,0.3640625,10.0
split_high_low,64,R2,False,1900,low_extraction_rate,0.325,10.0
split_high_low,64,R2,False,1950,low_extraction_rate,0.31875,10.0
split_high_low,64,R2,False,2000,low_extraction_rate,0.325,10.0
split_high_low,64,R2,False,2050,low_extraction_rate,0.2796875,10.0
split_high_low,64,R2,False,2100,low_extraction_rate,0.2890625,10.0
split_high_low,64,R2,False,2150,low_extraction_rate,0.325,10.0
split_high_low,64,R2,False,2200,low_extraction_rate,0.3140625,10.0
split_high_low,64,R2,False,2250,low_extraction_rate,0.31875,10.0
split_high_low,64,R2,False,2300,low_extraction_rate,0.29375,10.0
split_high_low,64,R2,False,2350,low_extraction_rate,0.30625,10.0
split_high_low,64,R2,False,2400,low_extraction_rate,0.303125,10.0
split_high_low,64,R2,False,2450,low_extraction_rate,0.3046875,10.0
split_high_low,64,R2,False,2500,low_extraction_rate,0.3,10.0
split_high_low,64,R2,False,2550,low_extraction_rate,0.2890625,10.0
split_high_low,64,R2,False,2600,low_extraction_rate,0.28125,10.0
split_high_low,64,R2,False,2650,low_extraction_rate,0.30625,10.0
split_high_low,64,R2,False,2700,low_extraction_rate,0.2625,10.0
split_high_low,64,R2,False,2750,low_extraction_rate,0.2984375,10.0
split_high_low,64,R2,False,2800,low_extraction_rate,0.2671875,10.0
split_high_low,64,R2,False,2850,low_extraction_rate,0.2890625,10.0
split_high_low,64,R2,False,2900,low_extraction_rate,0.296875,10.0
split_high_low,64,R2,False,2950,low_extraction_rate,0.29375,10.0
split_high_low,64,R2,False,3000,low_extraction_rate,0.2796875,10.0
split_high_low,64,R2,False,3050,low_extraction_rate,0.2734375,10.0
split_high_low,64,R2,False,3100,low_extraction_rate,0.2875,10.0
split_high_low,64,R2,False,3150,low_extraction_rate,0.2890625,10.0
split_high_low,64,R2,False,3200,low_extraction_rate,0.2875,10.0
split_high_low,64,R2,False,3250,low_extraction_rate,0.25625,10.0
split_high_low,64,R2,False,3300,low_extraction_rate,0.271875,10.0
split_high_low,64,R2,False,3350,low_extraction_rate,0.29375,10.0
split_high_low,64,R2,False,3400,low_extraction_rate,0.271875,10.0
split_high_low,64,R2,False,3450,low_extraction_rate,0.2734375,10.0
split_high_low,64,R2,False,3500,low_extraction_rate,0.3,10.0
split_high_low,64,R2,False,3550,low_extraction_rate,0.2953125,10.0
split_high_low,64,R2,False,3600,low_extraction_rate,0.253125,10.0
split_high_low,64,R2,False,3650,low_extraction_rate,0.271875,10.0
split_high_low,64,R2,False,3700,low_extraction_rate,0.2578125,10.0
split_high_low,64,R2,False,3750,low_extraction_rate,0.284375,10.0
split_high_low,64,R2,False,3800,low_extraction_rate,0.2609375,10.0
split_high_low,64,R2,False,3850,low_extraction_rate,0.2578125,10.0
split_high_low,64,R2,False,3900,low_extraction_rate,0.25625,10.0
split_high_low,64,R2,False,3950,low_extraction_rate,0.2859375,10.0
split_high_low,64,R2,False,4000,low_extraction_rate,0.290625,10.0
split_high_low,64,R2,False,4050,low_extraction_rate,0.2703125,10.0
split_high_low,64,R2,False,4100,low_extraction_rate,0.26875,10.0
split_high_low,64,R2,False,4150,low_extraction_rate,0.275,10.0
split_high_low,64,R2,False,4200,low_extraction_rate,0.2890625,10.0
split_high_low,64,R2,False,4250,low_extraction_rate,0.25625,10.0
split_high_low,64,R2,False,4300,low_extraction_rate,0.259375,10.0
split_high_low,64,R2,False,4350,low_extraction_rate,0.3,10.0
split_high_low,64,R2,False,4400,low_extraction_rate,0.2640625,10.0
split_high_low,64,R2,False,4450,low_extraction_rate,0.25625,10.0
split_high_low,64,R2,False,4500,low_extraction_rate,0.26875,10.0
split_high_low,64,R2,False,4550,low_extraction_rate,0.275,10.0
split_high_low,64,R2,False,4600,low_extraction_rate,0.2890625,10.0
split_high_low,64,R2,False,4650,low_extraction_rate,0.2921875,10.0
split_high_low,64,R2,False,4700,low_extraction_rate,0.2703125,10.0
split_high_low,64,R2,False,4750,low_extraction_rate,0.265625,10.0
split_high_low,64,R2,False,4800,low_extraction_rate,0.2703125,10.0
split_high_low,64,R2,False,4850,low_extraction_rate,0.2671875,10.0
split_high_low,64,R2,False,4900,low_extraction_rate,0.2703125,10.0
split_high_low,64,R2,False,4950,low_extraction_rate,0.2578125,10.0
split_high_low,64,R2,False,5000,low_extraction_rate,0.2734375,10.0
split_high_low,64,R2,True,1,visibility_gini,0.27061767578125,10.0
split_high_low,64,R2,True,50,visibility_gini,0.2718017578125,10.0
split_high_low,64,R2,True,100,visibility_gini,0.27283935546875,10.0
split_high_low,64,R2,True,150,visibility_gini,0.27276611328125,10.0
split_high_low,64,R2,True,200,visibility_gini,0.27547607421875,10.0
split_high_low,64,R2,True,250,visibility_gini,0.27645263671875,10.0
split_high_low,64,R2,True,300,visibility_gini,0.277685546875,10.0
split_high_low,64,R2,True,350,visibility_gini,0.27838134765625,10.0
split_high_low,64,R2,True,400,visibility_gini,0.2798095703125,10.0
split_high_low,64,R2,True,450,visibility_gini,0.27967529296875,10.0
split_high_low,64,R2,True,500,visibility_gini,0.28255615234375,10.0
split_high_low,64,R2,True,550,visibility_gini,0.28511962890625,10.0
split_high_low,64,R2,True,600,visibility_gini,0.28446044921875,10.0
split_high_low,64,R2,True,650,visibility_gini,0.2880126953125,10.0
split_high_low,64,R2,True,700,visibility_gini,0.29036865234375,10.0
split_high_low,64,R2,True,750,visibility_gini,0.29078369140625,10.0
split_high_low,64,R2,True,800,visibility_gini,0.2901123046875,10.0
split_high_low,64,R2,True,850,visibility_gini,0.28792724609375,10.0
split_high_low,64,R2,True,900,visibility_gini,0.29132080078125,10.0
split_high_low,64,R2,True,950,visibility_gini,0.291015625,10.0
split_high_low,64,R2,True,1000,visibility_gini,0.28956298828125,10.0
split_high_low,64,R2,True,1050,visibility_gini,0.28831787109375,10.0
split_high_low,64,R2,True,1100,visibility_gini,0.28817138671875,10.0
split_high_low,64,R2,True,1150,visibility_gini,0.28814697265625,10.0
split_high_low,64,R2,True,1200,visibility_gini,0.29058837890625,10.0
split_high_low,64,R2,True,1250,visibility_gini,0.2919189453125,10.0
split_high_low,64,R2,True,1300,visibility_gini,0.29266357421875,10.0
split_high_low,64,R2,True,1350,visibility_gini,0.29464111328125,10.0
split_high_low,64,R2,True,1400,visibility_gini,0.29473876953125,10.0
split_high_low,64,R2,True,1450,visibility_gini,0.29339599609375,10.0
split_high_low,64,R2,True,1500,visibility_gini,0.2952392578125,10.0
split_high_low,64,R2,True,1550,visibility_gini,0.2948486328125,10.0
split_high_low,64,R2,True,1600,visibility_gini,0.297412109375,10.0
split_high_low,64,R2,True,1650,visibility_gini,0.2970703125,10.0
split_high_low,64,R2,True,1700,visibility_gini,0.29649658203125,10.0
split_high_low,64,R2,True,1750,visibility_gini,0.29774169921875,10.0
split_high_low,64,R2,True,1800,visibility_gini,0.29923095703125,10.0
split_high_low,64,R2,True,1850,visibility_gini,0.30006103515625,10.0
split_high_low,64,R2,True,1900,visibility_gini,0.29969482421875,10.0
split_high_low,64,R2,True,1950,visibility_gini,0.303076171875,10.0
split_high_low,64,R2,True,2000,visibility_gini,0.306591796875,10.0
split_high_low,64,R2,True,2050,visibility_gini,0.30643310546875,10.0
split_high_low,64,R2,True,2100,visibility_gini,0.306787109375,10.0
split_high_low,64,R2,True,2150,visibility_gini,0.3077880859375,10.0
split_high_low,64,R2,True,2200,visibility_gini,0.30770263671875,10.0
split_high_low,64,R2,True,2250,visibility_gini,0.312255859375,10.0
split_high_low,64,R2,True,2300,visibility_gini,0.3130859375,10.0
split_high_low,64,R2,True,2350,visibility_gini,0.3150390625,10.0
split_high_low,64,R2,True,2400,visibility_gini,0.31417236328125,10.0
split_high_low,64,R2,True,2450,visibility_gini,0.3158203125,10.0
split_high_low,64,R2,True,2500,visibility_gini,0.31614990234375,10.0
split_high_low,64,R2,True,2550,visibility_gini,0.3171875,10.0
split_high_low,64,R2,True,2600,visibility_gini,0.31917724609375,10.0
split_high_low,64,R2,True,2650,visibility_gini,0.3189453125,10.0
split_high_low,64,R2,True,2700,visibility_gini,0.3200439453125,10.0
split_high_low,64,R2,True,2750,visibility_gini,0.32109375,10.0
split_high_low,64,R2,True,2800,visibility_gini,0.3211669921875,10.0
split_high_low,64,R2,True,2850,visibility_gini,0.32486572265625,10.0
split_high_low,64,R2,True,2900,visibility_gini,0.32723388671875,10.0
split_high_low,64,R2,True,2950,visibility_gini,0.3291015625,10.0
split_high_low,64,R2,True,3000,visibility_gini,0.32803955078125,10.0
split_high_low,64,R2,True,3050,visibility_gini,0.3273681640625,10.0
split_high_low,64,R2,True,3100,visibility_gini,0.3283447265625,10.0
split_high_low,64,R2,True,3150,visibility_gini,0.326611328125,10.0
split_high_low,64,R2,True,3200,visibility_gini,0.32657470703125,10.0
split_high_low,64,R2,True,3250,visibility_gini,0.32703857421875,10.0
split_high_low,64,R2,True,3300,visibility_gini,0.32806396484375,10.0
split_high_low,64,R2,True,3350,visibility_gini,0.32904052734375,10.0
split_high_low,64,R2,True,3400,visibility_gini,0.32691650390625,10.0
split_high_low,64,R2,True,3450,visibility_gini,0.32763671875,10.0
split_high_low,64,R2,True,3500,visibility_gini,0.3283935546875,10.0
split_high_low,64,R2,True,3550,visibility_gini,0.32857666015625,10.0
split_high_low,64,R2,True,3600,visibility_gini,0.33074951171875,10.0
split_high_low,64,R2,True,3650,visibility_gini,0.33021240234375,10.0
split_high_low,64,R2,True,3700,visibility_gini,0.3291748046875,10.0
split_high_low,64,R2,True,3750,visibility_gini,0.32900390625,10.0
split_high_low,64,R2,True,3800,visibility_gini,0.32943115234375,10.0
split_high_low,64,R2,True,3850,visibility_gini,0.32982177734375,10.0
split_high_low,64,R2,True,3900,visibility_gini,0.33179931640625,10.0
split_high_low,64,R2,True,3950,visibility_gini,0.33204345703125,10.0
split_high_low,64,R2,True,4000,visibility_gini,0.33316650390625,10.0
split_high_low,64,R2,True,4050,visibility_gini,0.3334716796875,10.0
split_high_low,64,R2,True,4100,visibility_gini,0.3341796875,10.0
split_high_low,64,R2,True,4150,visibility_gini,0.3355712890625,10.0
split_high_low,64,R2,True,4200,visibility_gini,0.33651123046875,10.0
split_high_low,64,R2,True,4250,visibility_gini,0.3365966796875,10.0
split_high_low,64,R2,True,4300,visibility_gini,0.33714599609375,10.0
split_high_low,64,R2,True,4350,visibility_gini,0.33883056640625,10.0
split_high_low,64,R2,True,4400,visibility_gini,0.3388427734375,10.0
split_high_low,64,R2,True,4450,visibility_gini,0.34122314453125,10.0
split_high_low,64,R2,True,4500,visibility_gini,0.34215087890625,10.0
split_high_low,64,R2,True,4550,visibility_gini,0.34130859375,10.0
split_high_low,64,R2,True,4600,visibility_gini,0.3411376953125,10.0
split_high_low,64,R2,True,4650,visibility_gini,0.3396484375,10.0
split_high_low,64,R2,True,4700,visibility_gini,0.34019775390625,10.0
split_high_low,64,R2,True,4750,visibility_gini,0.34100341796875,10.0
split_high_low,64,R2,True,4800,visibility_gini,0.34190673828125,10.0
split_high_low,64,R2,True,4850,visibility_gini,0.34169921875,10.0
split_high_low,64,R2,True,4900,visibility_gini,0.342919921875,10.0
split_high_low,64,R2,True,4950,visibility_gini,0.3412353515625,10.0
split_high_low,64,R2,True,5000,visibility_gini,0.3426025390625,10.0
split_high_low,64,R2,True,1,low_extraction_rate,0.4734375,10.0
split_high_low,64,R2,True,50,low_extraction_rate,0.34375,10.0
split_high_low,64,R2,True,100,low_extraction_rate,0.3265625,10.0
split_high_low,64,R2,True,150,low_extraction_rate,0.325,10.0
split_high_low,64,R2,True,200,low_extraction_rate,0.33125,10.0
split_high_low,64,R2,True,250,low_extraction_rate,0.31875,10.0
split_high_low,64,R2,True,300,low_extraction_rate,0.315625,10.0
split_high_low,64,R2,True,350,low_extraction_rate,0.346875,10.0
split_high_low,64,R2,True,400,low_extraction_rate,0.3296875,10.0
split_high_low,64,R2,True,450,low_extraction_rate,0.3453125,10.0
split_high_low,64,R2,True,500,low_extraction_rate,0.334375,10.0
split_high_low,64,R2,True,550,low_extraction_rate,0.365625,10.0
split_high_low,64,R2,True,600,low_extraction_rate,0.309375,10.0
split_high_low,64,R2,True,650,low_extraction_rate,0.3453125,10.0
split_high_low,64,R2,True,700,low_extraction_rate,0.3578125,10.0
split_high_low,64,R2,True,750,low_extraction_rate,0.340625,10.0
split_high_low,64,R2,True,800,low_extraction_rate,0.309375,10.0
split_high_low,64,R2,True,850,low_extraction_rate,0.3328125,10.0
split_high_low,64,R2,True,900,low_extraction_rate,0.321875,10.0
split_high_low,64,R2,True,950,low_extraction_rate,0.3265625,10.0
split_high_low,64,R2,True,1000,low_extraction_rate,0.3640625,10.0
split_high_low,64,R2,True,1050,low_extraction_rate,0.3234375,10.0
split_high_low,64,R2,True,1100,low_extraction_rate,0.3109375,10.0
split_high_low,64,R2,True,1150,low_extraction_rate,0.3625,10.0
split_high_low,64,R2,True,1200,low_extraction_rate,0.3453125,10.0
split_high_low,64,R2,True,1250,low_extraction_rate,0.3671875,10.0
split_high_low,64,R2,True,1300,low_extraction_rate,0.3359375,10.0
split_high_low,64,R2,True,1350,low_extraction_rate,0.3453125,10.0
split_high_low,64,R2,True,1400,low_extraction_rate,0.3203125,10.0
split_high_low,64,R2,True,1450,low_extraction_rate,0.340625,10.0
split_high_low,64,R2,True,1500,low_extraction_rate,0.3359375,10.0
split_high_low,64,R2,True,1550,low_extraction_rate,0.3078125,10.0
split_high_low,64,R2,True,1600,low_extraction_rate,0.29375,10.0
split_high_low,64,R2,True,1650,low_extraction_rate,0.359375,10.0
split_high_low,64,R2,True,1700,low_extraction_rate,0.3296875,10.0
split_high_low,64,R2,True,1750,low_extraction_rate,0.29375,10.0
split_high_low,64,R2,True,1800,low_extraction_rate,0.3125,10.0
split_high_low,64,R2,True,1850,low_extraction_rate,0.34375,10.0
split_high_low,64,R2,True,1900,low_extraction_rate,0.29375,10.0
split_high_low,64,R2,True,1950,low_extraction_rate,0.33125,10.0
split_high_low,64,R2,True,2000,low_extraction_rate,0.2890625,10.0
split_high_low,64,R2,True,2050,low_extraction_rate,0.28125,10.0
split_high_low,64,R2,True,2100,low_extraction_rate,0.2765625,10.0
split_high_low,64,R2,True,2150,low_extraction_rate,0.284375,10.0
split_high_low,64,R2,True,2200,low_extraction_rate,0.3140625,10.0
split_high_low,64,R2,True,2250,low_extraction_rate,0.3078125,10.0
split_high_low,64,R2,True,2300,low_extraction_rate,0.3,10.0
split_high_low,64,R2,True,2350,low_extraction_rate,0.3046875,10.0
split_high_low,64,R2,True,2400,low_extraction_rate,0.3203125,10.0
split_high_low,64,R2,True,2450,low_extraction_rate,0.309375,10.0
split_high_low,64,R2,True,2500,low_extraction_rate,0.2890625,10.0
split_high_low,64,R2,True,2550,low_extraction_rate,0.2875,10.0
split_high_low,64,R2,True,2600,low_extraction_rate,0.2796875,10.0
split_high_low,64,R2,True,2650,low_extraction_rate,0.2890625,10.0
split_high_low,64,R2,True,2700,low_extraction_rate,0.3015625,10.0
split_high_low,64,R2,True,2750,low_extraction_rate,0.265625,10.0
split_high_low,64,R2,True,2800,low_extraction_rate,0.30625,10.0
split_high_low,64,R2,True,2850,low_extraction_rate,0.29375,10.0
split_high_low,64,R2,True,2900,low_extraction_rate,0.275,10.0
split_high_low,64,R2,True,2950,low_extraction_rate,0.2703125,10.0
split_high_low,64,R2,True,3000,low_extraction_rate,0.2828125,10.0
split_high_low,64,R2,True,3050,low_extraction_rate,0.2796875,10.0
split_high_low,64,R2,True,3100,low_extraction_rate,0.3265625,10.0
split_high_low,64,R2,True,3150,low_extraction_rate,0.2875,10.0
split_high_low,64,R2,True,3200,low_extraction_rate,0.278125,10.0
split_high_low,64,R2,True,3250,low_extraction_rate,0.2796875,10.0
split_high_low,64,R2,True,3300,low_extraction_rate,0.2609375,10.0
split_high_low,64,R2,True,3350,low_extraction_rate,0.275,10.0
split_high_low,64,R2,True,3400,low_extraction_rate,0.271875,10.0
split_high_low,64,R2,True,3450,low_extraction_rate,0.2703125,10.0
split_high_low,64,R2,True,3500,low_extraction_rate,0.2828125,10.0
split_high_low,64,R2,True,3550,low_extraction_rate,0.28125,10.0
split_high_low,64,R2,True,3600,low_extraction_rate,0.2828125,10.0
split_high_low,64,R2,True,3650,low_extraction_rate,0.2921875,10.0
split_high_low,64,R2,True,3700,low_extraction_rate,0.284375,10.0
split_high_low,64,R2,True,3750,low_extraction_rate,0.2625,10.0
split_high_low,64,R2,True,3800,low_extraction_rate,0.259375,10.0
split_high_low,64,R2,True,3850,low_extraction_rate,0.2703125,10.0
split_high_low,64,R2,True,3900,low_extraction_rate,0.2703125,10.0
split_high_low,64,R2,True,3950,low_extraction_rate,0.28125,10.0
split_high_low,64,R2,True,4000,low_extraction_rate,0.265625,10.0
split_high_low,64,R2,True,4050,low_extraction_rate,0.271875,10.0
split_high_low,64,R2,True,4100,low_extraction_rate,0.290625,10.0
split_high_low,64,R2,True,4150,low_extraction_rate,0.2828125,10.0
split_high_low,64,R2,True,4200,low_extraction_rate,0.2890625,10.0
split_high_low,64,R2,True,4250,low_extraction_rate,0.2484375,10.0
split_high_low,64,R2,True,4300,low_extraction_rate,0.278125,10.0
split_high_low,64,R2,True,4350,low_extraction_rate,0.3015625,10.0
split_high_low,64,R2,True,4400,low_extraction_rate,0.2734375,10.0
split_high_low,64,R2,True,4450,low_extraction_rate,0.25625,10.0
split_high_low,64,R2,True,4500,low_extraction_rate,0.2734375,10.0
split_high_low,64,R2,True,4550,low_extraction_rate,0.2671875,10.0
split_high_low,64,R2,True,4600,low_extraction_rate,0.265625,10.0
split_high_low,64,R2,True,4650,low_extraction_rate,0.240625,10.0
split_high_low,64,R2,True,4700,low_extraction_rate,0.275,10.0
split_high_low,64,R2,True,4750,low_extraction_rate,0.2609375,10.0
split_high_low,64,R2,True,4800,low_extraction_rate,0.2421875,10.0
split_high_low,64,R2,True,4850,low_extraction_rate,0.2640625,10.0
split_high_low,64,R2,True,4900,low_extraction_rate,0.29375,10.0
split_high_low,64,R2,True,4950,low_extraction_rate,0.2515625,10.0
split_high_low,64,R2,True,5000,low_extraction_rate,0.2671875,10.0
split_high_low,64,R3,False,1,visibility_gini,0.27061767578125,10.0
split_high_low,64,R3,False,50,visibility_gini,0.26907958984375,10.0
split_high_low,64,R3,False,100,visibility_gini,0.2708251953125,10.0
split_high_low,64,R3,False,150,visibility_gini,0.271240234375,10.0
split_high_low,64,R3,False,200,visibility_gini,0.2710205078125,10.0
split_high_low,64,R3,False,250,visibility_gini,0.27073974609375,10.0
split_high_low,64,R3,False,300,visibility_gini,0.27259521484375,10.0
split_high_low,64,R3,False,350,visibility_gini,0.27215576171875,10.0
split_high_low,64,R3,False,400,visibility_gini,0.27147216796875,10.0
split_high_low,64,R3,False,450,visibility_gini,0.2704833984375,10.0
split_high_low,64,R3,False,500,visibility_gini,0.2673583984375,10.0
split_high_low,64,R3,False,550,visibility_gini,0.26627197265625,10.0
split_high_low,64,R3,False,600,visibility_gini,0.26461181640625,10.0
split_high_low,64,R3,False,650,visibility_gini,0.2644775390625,10.0
split_high_low,64,R3,False,700,visibility_gini,0.26739501953125,10.0
split_high_low,64,R3,False,750,visibility_gini,0.267529296875,10.0
split_high_low,64,R3,False,800,visibility_gini,0.2659912109375,10.0
split_high_low,64,R3,False,850,visibility_gini,0.268212890625,10.0
split_high_low,64,R3,False,900,visibility_gini,0.267626953125,10.0
split_high_low,64,R3,False,950,visibility_gini,0.2665771484375,10.0
split_high_low,64,R3,False,1000,visibility_gini,0.266162109375,10.0
split_high_low,64,R3,False,1050,visibility_gini,0.26512451171875,10.0
split_high_low,64,R3,False,1100,visibility_gini,0.26641845703125,10.0
split_high_low,64,R3,False,1150,visibility_gini,0.26629638671875,10.0
split_high_low,64,R3,False,1200,visibility_gini,0.27083740234375,10.0
split_high_low,64,R3,False,1250,visibility_gini,0.2697021484375,10.0
split_high_low,64,R3,False,1300,visibility_gini,0.268798828125,10.0
split_high_low,64,R3,False,1350,visibility_gini,0.268896484375,10.0
split_high_low,64,R3,False,1400,visibility_gini,0.2708251953125,10.0
split_high_low,64,R3,False,1450,visibility_gini,0.27325439453125,10.0
split_high_low,64,R3,False,1500,visibility_gini,0.27255859375,10.0
split_high_low,64,R3,False,1550,visibility_gini,0.27159423828125,10.0
split_high_low,64,R3,False,1600,visibility_gini,0.27318115234375,10.0
split_high_low,64,R3,False,1650,visibility_gini,0.2739013671875,10.0
split_high_low,64,R3,False,1700,visibility_gini,0.276416015625,10.0
split_high_low,64,R3,False,1750,visibility_gini,0.27510986328125,10.0
split_high_low,64,R3,False,1800,visibility_gini,0.272216796875,10.0
split_high_low,64,R3,False,1850,visibility_gini,0.2724609375,10.0
split_high_low,64,R3,False,1900,visibility_gini,0.2721435546875,10.0
split_high_low,64,R3,False,1950,visibility_gini,0.27135009765625,10.0
split_high_low,64,R3,False,2000,visibility_gini,0.2712646484375,10.0
split_high_low,64,R3,False,2050,visibility_gini,0.27054443359375,10.0
split_high_low,64,R3,False,2100,visibility_gini,0.26690673828125,10.0
split_high_low,64,R3,False,2150,visibility_gini,0.271435546875,10.0
split_high_low,64,R3,False,2200,visibility_gini,0.2681884765625,10.0
split_high_low,64,R3,False,2250,visibility_gini,0.26883544921875,10.0
split_high_low,64,R3,False,2300,visibility_gini,0.26995849609375,10.0
split_high_low,64,R3,False,2350,visibility_gini,0.26939697265625,10.0
split_high_low,64,R3,False,2400,visibility_gini,0.272119140625,10.0
split_high_low,64,R3,False,2450,visibility_gini,0.27366943359375,10.0
split_high_low,64,R3,False,2500,visibility_gini,0.2724609375,10.0
split_high_low,64,R3,False,2550,visibility_gini,0.27198486328125,10.0
split_high_low,64,R3,False,2600,visibility_gini,0.2732666015625,10.0
split_high_low,64,R3,False,2650,visibility_gini,0.2716552734375,10.0
split_high_low,64,R3,False,2700,visibility_gini,0.27242431640625,10.0
split_high_low,64,R3,False,2750,visibility_gini,0.2717529296875,10.0
split_high_low,64,R3,False,2800,visibility_gini,0.27257080078125,10.0
split_high_low,64,R3,False,2850,visibility_gini,0.27393798828125,10.0
split_high_low,64,R3,False,2900,visibility_gini,0.2730224609375,10.0
split_high_low,64,R3,False,2950,visibility_gini,0.271630859375,10.0
split_high_low,64,R3,False,3000,visibility_gini,0.27396240234375,10.0
split_high_low,64,R3,False,3050,visibility_gini,0.27547607421875,10.0
split_high_low,64,R3,False,3100,visibility_gini,0.27513427734375,10.0
split_high_low,64,R3,False,3150,visibility_gini,0.27684326171875,10.0
split_high_low,64,R3,False,3200,visibility_gini,0.27559814453125,10.0
split_high_low,64,R3,False,3250,visibility_gini,0.273876953125,10.0
split_high_low,64,R3,False,3300,visibility_gini,0.2755859375,10.0
split_high_low,64,R3,False,3350,visibility_gini,0.27529296875,10.0
split_high_low,64,R3,False,3400,visibility_gini,0.2757568359375,10.0
split_high_low,64,R3,False,3450,visibility_gini,0.2759033203125,10.0
split_high_low,64,R3,False,3500,visibility_gini,0.27496337890625,10.0
split_high_low,64,R3,False,3550,visibility_gini,0.2734619140625,10.0
split_high_low,64,R3,False,3600,visibility_gini,0.27432861328125,10.0
split_high_low,64,R3,False,3650,visibility_gini,0.2744873046875,10.0
split_high_low,64,R3,False,3700,visibility_gini,0.2745849609375,10.0
split_high_low,64,R3,False,3750,visibility_gini,0.27415771484375,10.0
split_high_low,64,R3,False,3800,visibility_gini,0.27344970703125,10.0
split_high_low,64,R3,False,3850,visibility_gini,0.274365234375,10.0
split_high_low,64,R3,False,3900,visibility_gini,0.27713623046875,10.0
split_high_low,64,R3,False,3950,visibility_gini,0.2766845703125,10.0
split_high_low,64,R3,False,4000,visibility_gini,0.27855224609375,10.0
split_high_low,64,R3,False,4050,visibility_gini,0.277783203125,10.0
split_high_low,64,R3,False,4100,visibility_gini,0.27779541015625,10.0
split_high_low,64,R3,False,4150,visibility_gini,0.277783203125,10.0
split_high_low,64,R3,False,4200,visibility_gini,0.27738037109375,10.0
split_high_low,64,R3,False,4250,visibility_gini,0.2782470703125,10.0
split_high_low,64,R3,False,4300,visibility_gini,0.2786865234375,10.0
split_high_low,64,R3,False,4350,visibility_gini,0.279345703125,10.0
split_high_low,64,R3,False,4400,visibility_gini,0.27896728515625,10.0
split_high_low,64,R3,False,4450,visibility_gini,0.2790771484375,10.0
split_high_low,64,R3,False,4500,visibility_gini,0.27947998046875,10.0
split_high_low,64,R3,False,4550,visibility_gini,0.28070068359375,10.0
split_high_low,64,R3,False,4600,visibility_gini,0.27855224609375,10.0
split_high_low,64,R3,False,4650,visibility_gini,0.2788330078125,10.0
split_high_low,64,R3,False,4700,visibility_gini,0.2778076171875,10.0
split_high_low,64,R3,False,4750,visibility_gini,0.27745361328125,10.0
split_high_low,64,R3,False,4800,visibility_gini,0.27618408203125,10.0
split_high_low,64,R3,False,4850,visibility_gini,0.2761474609375,10.0
split_high_low,64,R3,False,4900,visibility_gini,0.2771484375,10.0
split_high_low,64,R3,False,4950,visibility_gini,0.2773193359375,10.0
split_high_low,64,R3,False,5000,visibility_gini,0.276416015625,10.0
split_high_low,64,R3,False,1,low_extraction_rate,0.4734375,10.0
split_high_low,64,R3,False,50,low_extraction_rate,0.34375,10.0
split_high_low,64,R3,False,100,low_extraction_rate,0.3203125,10.0
split_high_low,64,R3,False,150,low_extraction_rate,0.328125,10.0
split_high_low,64,R3,False,200,low_extraction_rate,0.303125,10.0
split_high_low,64,R3,False,250,low_extraction_rate,0.3140625,10.0
split_high_low,64,R3,False,300,low_extraction_rate,0.2984375,10.0
split_high_low,64,R3,False,350,low_extraction_rate,0.325,10.0
split_high_low,64,R3,False,400,low_extraction_rate,0.3203125,10.0
split_high_low,64,R3,False,450,low_extraction_rate,0.3375,10.0
split_high_low,64,R3,False,500,low_extraction_rate,0.35,10.0
split_high_low,64,R3,False,550,low_extraction_rate,0.340625,10.0
split_high_low,64,R3,False,600,low_extraction_rate,0.3390625,10.0
split_high_low,64,R3,False,650,low_extraction_rate,0.365625,10.0
split_high_low,64,R3,False,700,low_extraction_rate,0.3625,10.0
split_high_low,64,R3,False,750,low_extraction_rate,0.3546875,10.0
split_high_low,64,R3,False,800,low_extraction_rate,0.3296875,10.0
split_high_low,64,R3,False,850,low_extraction_rate,0.3265625,10.0
split_high_low,64,R3,False,900,low_extraction_rate,0.35625,10.0
split_high_low,64,R3,False,950,low_extraction_rate,0.3421875,10.0
split_high_low,64,R3,False,1000,low_extraction_rate,0.35625,10.0
split_high_low,64,R3,False,1050,low_extraction_rate,0.321875,10.0
split_high_low,64,R3,False,1100,low_extraction_rate,0.3109375,10.0
split_high_low,64,R3,False,1150,low_extraction_rate,0.3453125,10.0
split_high_low,64,R3,False,1200,low_extraction_rate,0.31875,10.0
split_high_low,64,R3,False,1250,low_extraction_rate,0.3515625,10.0
split_high_low,64,R3,False,1300,low_extraction_rate,0.3125,10.0
split_high_low,64,R3,False,1350,low_extraction_rate,0.34375,10.0
split_high_low,64,R3,False,1400,low_extraction_rate,0.334375,10.0
split_high_low,64,R3,False,1450,low_extraction_rate,0.3125,10.0
split_high_low,64,R3,False,1500,low_extraction_rate,0.3265625,10.0
split_high_low,64,R3,False,1550,low_extraction_rate,0.328125,10.0
split_high_low,64,R3,False,1600,low_extraction_rate,0.3,10.0
split_high_low,64,R3,False,1650,low_extraction_rate,0.325,10.0
split_high_low,64,R3,False,1700,low_extraction_rate,0.34375,10.0
split_high_low,64,R3,False,1750,low_extraction_rate,0.3109375,10.0
split_high_low,64,R3,False,1800,low_extraction_rate,0.271875,10.0
split_high_low,64,R3,False,1850,low_extraction_rate,0.2921875,10.0
split_high_low,64,R3,False,1900,low_extraction_rate,0.2984375,10.0
split_high_low,64,R3,False,1950,low_extraction_rate,0.3328125,10.0
split_high_low,64,R3,False,2000,low_extraction_rate,0.3171875,10.0
split_high_low,64,R3,False,2050,low_extraction_rate,0.2890625,10.0
split_high_low,64,R3,False,2100,low_extraction_rate,0.3125,10.0
split_high_low,64,R3,False,2150,low_extraction_rate,0.3125,10.0
split_high_low,64,R3,False,2200,low_extraction_rate,0.3,10.0
split_high_low,64,R3,False,2250,low_extraction_rate,0.2859375,10.0
split_high_low,64,R3,False,2300,low_extraction_rate,0.2859375,10.0
split_high_low,64,R3,False,2350,low_extraction_rate,0.3015625,10.0
split_high_low,64,R3,False,2400,low_extraction_rate,0.30625,10.0
split_high_low,64,R3,False,2450,low_extraction_rate,0.275,10.0
split_high_low,64,R3,False,2500,low_extraction_rate,0.2890625,10.0
split_high_low,64,R3,False,2550,low_extraction_rate,0.2921875,10.0
split_high_low,64,R3,False,2600,low_extraction_rate,0.290625,10.0
split_high_low,64,R3,False,2650,low_extraction_rate,0.2765625,10.0
split_high_low,64,R3,False,2700,low_extraction_rate,0.284375,10.0
split_high_low,64,R3,False,2750,low_extraction_rate,0.3125,10.0
split_high_low,64,R3,False,2800,low_extraction_rate,0.278125,10.0
split_high_low,64,R3,False,2850,low_extraction_rate,0.3046875,10.0
split_high_low,64,R3,False,2900,low_extraction_rate,0.3,10.0
split_high_low,64,R3,False,2950,low_extraction_rate,0.278125,10.0
split_high_low,64,R3,False,3000,low_extraction_rate,0.290625,10.0
split_high_low,64,R3,False,3050,low_extraction_rate,0.2890625,10.0
split_high_low,64,R3,False,3100,low_extraction_rate,0.3015625,10.0
split_high_low,64,R3,False,3150,low_extraction_rate,0.2953125,10.0
split_high_low,64,R3,False,3200,low_extraction_rate,0.296875,10.0
split_high_low,64,R3,False,3250,low_extraction_rate,0.2734375,10.0
split_high_low,64,R3,False,3300,low_extraction_rate,0.290625,10.0
split_high_low,64,R3,False,3350,low_extraction_rate,0.2796875,10.0
split_high_low,64,R3,False,3400,low_extraction_rate,0.2578125,10.0
split_high_low,64,R3,False,3450,low_extraction_rate,0.2828125,10.0
split_high_low,64,R3,False,3500,low_extraction_rate,0.2671875,10.0
split_high_low,64,R3,False,3550,low_extraction_rate,0.2546875,10.0
split_high_low,64,R3,False,3600,low_extraction_rate,0.2703125,10.0
split_high_low,64,R3,False,3650,low_extraction_rate,0.2515625,10.0
split_high_low,64,R3,False,3700,low_extraction_rate,0.26875,10.0
split_high_low,64,R3,False,3750,low_extraction_rate,0.2625,10.0
split_high_low,64,R3,False,3800,low_extraction_rate,0.2890625,10.0
split_high_low,64,R3,False,3850,low_extraction_rate,0.2546875,10.0
split_high_low,64,R3,False,3900,low_extraction_rate,0.28125,10.0
split_high_low,64,R3,False,3950,low_extraction_rate,0.259375,10.0
split_high_low,64,R3,False,4000,low_extraction_rate,0.2625,10.0
split_high_low,64,R3,False,4050,low_extraction_rate,0.2625,10.0
split_high_low,64,R3,False,4100,low_extraction_rate,0.25,10.0
split_high_low,64,R3,False,4150,low_extraction_rate,0.2546875,10.0
split_high_low,64,R3,False,4200,low_extraction_rate,0.2484375,10.0
split_high_low,64,R3,False,4250,low_extraction_rate,0.2625,10.0
split_high_low,64,R3,False,4300,low_extraction_rate,0.2765625,10.0
split_high_low,64,R3,False,4350,low_extraction_rate,0.2703125,10.0
split_high_low,64,R3,False,4400,low_extraction_rate,0.2578125,10.0
split_high_low,64,R3,False,4450,low_extraction_rate,0.2546875,10.0
split_high_low,64,R3,False,4500,low_extraction_rate,0.2703125,10.0
split_high_low,64,R3,False,4550,low_extraction_rate,0.2671875,10.0
split_high_low,64,R3,False,4600,low_extraction_rate,0.2578125,10.0
split_high_low,64,R3,False,4650,low_extraction_rate,0.2515625,10.0
split_high_low,64,R3,False,4700,low_extraction_rate,0.2484375,10.0
split_high_low,64,R3,False,4750,low_extraction_rate,0.2328125,10.0
split_high_low,64,R3,False,4800,low_extraction_rate,0.2359375,10.0
split_high_low,64,R3,False,4850,low_extraction_rate,0.2390625,10.0
split_high_low,64,R3,False,4900,low_extraction_rate,0.271875,10.0
split_high_low,64,R3,False,4950,low_extraction_rate,0.2734375,10.0
split_high_low,64,R3,False,5000,low_extraction_rate,0.2828125,10.0
split_high_low,64,R3,True,1,visibility_gini,0.27061767578125,10.0
split_high_low,64,R3,True,50,visibility_gini,0.2707763671875,10.0
split_high_low,64,R3,True,100,visibility_gini,0.2720947265625,10.0
split_high_low,64,R3,True,150,visibility_gini,0.2711181640625,10.0
split_high_low,64,R3,True,200,visibility_gini,0.27149658203125,10.0
split_high_low,64,R3,True,250,visibility_gini,0.2722900390625,10.0
split_high_low,64,R3,True,300,visibility_gini,0.27183837890625,10.0
split_high_low,64,R3,True,350,visibility_gini,0.26842041015625,10.0
split_high_low,64,R3,True,400,visibility_gini,0.26661376953125,10.0
split_high_low,64,R3,True,450,visibility_gini,0.2668212890625,10.0
split_high_low,64,R3,True,500,visibility_gini,0.26392822265625,10.0
split_high_low,64,R3,True,550,visibility_gini,0.26309814453125,10.0
split_high_low,64,R3,True,600,visibility_gini,0.263427734375,10.0
split_high_low,64,R3,True,650,visibility_gini,0.2655517578125,10.0
split_high_low,64,R3,True,700,visibility_gini,0.26571044921875,10.0
split_high_low,64,R3,True,750,visibility_gini,0.2656005859375,10.0
split_high_low,64,R3,True,800,visibility_gini,0.26632080078125,10.0
split_high_low,64,R3,True,850,visibility_gini,0.26829833984375,10.0
split_high_low,64,R3,True,900,visibility_gini,0.26787109375,10.0
split_high_low,64,R3,True,950,visibility_gini,0.26693115234375,10.0
split_high_low,64,R3,True,1000,visibility_gini,0.26671142578125,10.0
split_high_low,64,R3,True,1050,visibility_gini,0.26641845703125,10.0
split_high_low,64,R3,True,1100,visibility_gini,0.265625,10.0
split_high_low,64,R3,True,1150,visibility_gini,0.2643310546875,10.0
split_high_low,64,R3,True,1200,visibility_gini,0.26458740234375,10.0
split_high_low,64,R3,True,1250,visibility_gini,0.26707763671875,10.0
split_high_low,64,R3,True,1300,visibility_gini,0.26788330078125,10.0
split_high_low,64,R3,True,1350,visibility_gini,0.265771484375,10.0
split_high_low,64,R3,True,1400,visibility_gini,0.2661376953125,10.0
split_high_low,64,R3,True,1450,visibility_gini,0.26539306640625,10.0
split_high_low,64,R3,True,1500,visibility_gini,0.26209716796875,10.0
split_high_low,64,R3,True,1550,visibility_gini,0.26092529296875,10.0
split_high_low,64,R3,True,1600,visibility_gini,0.2603515625,10.0
split_high_low,64,R3,True,1650,visibility_gini,0.261376953125,10.0
split_high_low,64,R3,True,1700,visibility_gini,0.26322021484375,10.0
split_high_low,64,R3,True,1750,visibility_gini,0.26357421875,10.0
split_high_low,64,R3,True,1800,visibility_gini,0.26429443359375,10.0
split_high_low,64,R3,True,1850,visibility_gini,0.2631103515625,10.0
split_high_low,64,R3,True,1900,visibility_gini,0.26290283203125,10.0
split_high_low,64,R3,True,1950,visibility_gini,0.26396484375,10.0
split_high_low,64,R3,True,2000,visibility_gini,0.26507568359375,10.0
split_high_low,64,R3,True,2050,visibility_gini,0.2658935546875,10.0
split_high_low,64,R3,True,2100,visibility_gini,0.2665283203125,10.0
split_high_low,64,R3,True,2150,visibility_gini,0.26708984375,10.0
split_high_low,64,R3,True,2200,visibility_gini,0.2668701171875,10.0
split_high_low,64,R3,True,2250,visibility_gini,0.268408203125,10.0
split_high_low,64,R3,True,2300,visibility_gini,0.26566162109375,10.0
split_high_low,64,R3,True,2350,visibility_gini,0.2652099609375,10.0
split_high_low,64,R3,True,2400,visibility_gini,0.26617431640625,10.0
split_high_low,64,R3,True,2450,visibility_gini,0.26610107421875,10.0
split_high_low,64,R3,True,2500,visibility_gini,0.26632080078125,10.0
split_high_low,64,R3,True,2550,visibility_gini,0.2654052734375,10.0
split_high_low,64,R3,True,2600,visibility_gini,0.26761474609375,10.0
split_high_low,64,R3,True,2650,visibility_gini,0.26846923828125,10.0
split_high_low,64,R3,True,2700,visibility_gini,0.268212890625,10.0
split_high_low,64,R3,True,2750,visibility_gini,0.26737060546875,10.0
split_high_low,64,R3,True,2800,visibility_gini,0.2679443359375,10.0
split_high_low,64,R3,True,2850,visibility_gini,0.26734619140625,10.0
split_high_low,64,R3,True,2900,visibility_gini,0.26806640625,10.0
split_high_low,64,R3,True,2950,visibility_gini,0.26741943359375,10.0
split_high_low,64,R3,True,3000,visibility_gini,0.26678466796875,10.0
split_high_low,64,R3,True,3050,visibility_gini,0.2671875,10.0
split_high_low,64,R3,True,3100,visibility_gini,0.26708984375,10.0
split_high_low,64,R3,True,3150,visibility_gini,0.26795654296875,10.0
split_high_low,64,R3,True,3200,visibility_gini,0.26925048828125,10.0
split_high_low,64,R3,True,3250,visibility_gini,0.2677490234375,10.0
split_high_low,64,R3,True,3300,visibility_gini,0.26663818359375,10.0
split_high_low,64,R3,True,3350,visibility_gini,0.26531982421875,10.0
split_high_low,64,R3,True,3400,visibility_gini,0.2646484375,10.0
split_high_low,64,R3,True,3450,visibility_gini,0.26573486328125,10.0
split_high_low,64,R3,True,3500,visibility_gini,0.26566162109375,10.0
split_high_low,64,R3,True,3550,visibility_gini,0.26561279296875,10.0
split_high_low,64,R3,True,3600,visibility_gini,0.2662841796875,10.0
split_high_low,64,R3,True,3650,visibility_gini,0.265283203125,10.0
split_high_low,64,R3,True,3700,visibility_gini,0.26326904296875,10.0
split_high_low,64,R3,True,3750,visibility_gini,0.26373291015625,10.0
split_high_low,64,R3,True,3800,visibility_gini,0.264306640625,10.0
split_high_low,64,R3,True,3850,visibility_gini,0.26307373046875,10.0
split_high_low,64,R3,True,3900,visibility_gini,0.2647705078125,10.0
split_high_low,64,R3,True,3950,visibility_gini,0.265185546875,10.0
split_high_low,64,R3,True,4000,visibility_gini,0.2650146484375,10.0
split_high_low,64,R3,True,4050,visibility_gini,0.26514892578125,10.0
split_high_low,64,R3,True,4100,visibility_gini,0.26522216796875,10.0
split_high_low,64,R3,True,4150,visibility_gini,0.263916015625,10.0
split_high_low,64,R3,True,4200,visibility_gini,0.26263427734375,10.0
split_high_low,64,R3,True,4250,visibility_gini,0.2625,10.0
split_high_low,64,R3,True,4300,visibility_gini,0.26375732421875,10.0
split_high_low,64,R3,True,4350,visibility_gini,0.26446533203125,10.0
split_high_low,64,R3,True,4400,visibility_gini,0.2638671875,10.0
split_high_low,64,R3,True,4450,visibility_gini,0.26392822265625,10.0
split_high_low,64,R3,True,4500,visibility_gini,0.262109375,10.0
split_high_low,64,R3,True,4550,visibility_gini,0.263232421875,10.0
split_high_low,64,R3,True,4600,visibility_gini,0.26153564453125,10.0
split_high_low,64,R3,True,4650,visibility_gini,0.26112060546875,10.0
split_high_low,64,R3,True,4700,visibility_gini,0.261376953125,10.0
split_high_low,64,R3,True,4750,visibility_gini,0.26217041015625,10.0
split_high_low,64,R3,True,4800,visibility_gini,0.263232421875,10.0
split_high_low,64,R3,True,4850,visibility_gini,0.2636474609375,10.0
split_high_low,64,R3,True,4900,visibility_gini,0.2635498046875,10.0
split_high_low,64,R3,True,4950,visibility_gini,0.26392822265625,10.0
split_high_low,64,R3,True,5000,visibility_gini,0.26383056640625,10.0
split_high_low,64,R3,True,1,low_extraction_rate,0.4734375,10.0
split_high_low,64,R3,True,50,low_extraction_rate,0.34375,10.0
split_high_low,64,R3,True,100,low_extraction_rate,0.33125,10.0
split_high_low,64,R3,True,150,low_extraction_rate,0.3109375,10.0
split_high_low,64,R3,True,200,low_extraction_rate,0.30625,10.0
split_high_low,64,R3,True,250,low_extraction_rate,0.3328125,10.0
split_high_low,64,R3,True,300,low_extraction_rate,0.3171875,10.0
split_high_low,64,R3,True,350,low_extraction_rate,0.3203125,10.0
split_high_low,64,R3,True,400,low_extraction_rate,0.325,10.0
split_high_low,64,R3,True,450,low_extraction_rate,0.3328125,10.0
split_high_low,64,R3,True,500,low_extraction_rate,0.3703125,10.0
split_high_low,64,R3,True,550,low_extraction_rate,0.3515625,10.0
split_high_low,64,R3,True,600,low_extraction_rate,0.340625,10.0
split_high_low,64,R3,True,650,low_extraction_rate,0.3703125,10.0
split_high_low,64,R3,True,700,low_extraction_rate,0.34375,10.0
split_high_low,64,R3,True,750,low_extraction_rate,0.346875,10.0
split_high_low,64,R3,True,800,low_extraction_rate,0.3265625,10.0
split_high_low,64,R3,True,850,low_extraction_rate,0.3296875,10.0
split_high_low,64,R3,True,900,low_extraction_rate,0.34375,10.0
split_high_low,64,R3,True,950,low_extraction_rate,0.31875,10.0
split_high_low,64,R3,True,1000,low_extraction_rate,0.35625,10.0
split_high_low,64,R3,True,1050,low_extraction_rate,0.3296875,10.0
split_high_low,64,R3,True,1100,low_extraction_rate,0.3359375,10.0
split_high_low,64,R3,True,1150,low_extraction_rate,0.334375,10.0
split_high_low,64,R3,True,1200,low_extraction_rate,0.328125,10.0
split_high_low,64,R3,True,1250,low_extraction_rate,0.38125,10.0
split_high_low,64,R3,True,1300,low_extraction_rate,0.321875,10.0
split_high_low,64,R3,True,1350,low_extraction_rate,0.3453125,10.0
split_high_low,64,R3,True,1400,low_extraction_rate,0.35625,10.0
split_high_low,64,R3,True,1450,low_extraction_rate,0.315625,10.0
split_high_low,64,R3,True,1500,low_extraction_rate,0.3296875,10.0
split_high_low,64,R3,True,1550,low_extraction_rate,0.334375,10.0
split_high_low,64,R3,True,1600,low_extraction_rate,0.3203125,10.0
split_high_low,64,R3,True,1650,low_extraction_rate,0.34375,10.0
split_high_low,64,R3,True,1700,low_extraction_rate,0.346875,10.0
split_high_low,64,R3,True,1750,low_extraction_rate,0.3,10.0
split_high_low,64,R3,True,1800,low_extraction_rate,0.309375,10.0
split_high_low,64,R3,True,1850,low_extraction_rate,0.30625,10.0
split_high_low,64,R3,True,1900,low_extraction_rate,0.3265625,10.0
split_high_low,64,R3,True,1950,low_extraction_rate,0.3328125,10.0
split_high_low,64,R3,True,2000,low_extraction_rate,0.3140625,10.0
split_high_low,64,R3,True,2050,low_extraction_rate,0.3015625,10.0
split_high_low,64,R3,True,2100,low_extraction_rate,0.315625,10.0
split_high_low,64,R3,True,2150,low_extraction_rate,0.2890625,10.0
split_high_low,64,R3,True,2200,low_extraction_rate,0.31875,10.0
split_high_low,64,R3,True,2250,low_extraction_rate,0.303125,10.0
split_high_low,64,R3,True,2300,low_extraction_rate,0.2890625,10.0
split_high_low,64,R3,True,2350,low_extraction_rate,0.3125,10.0
split_high_low,64,R3,True,2400,low_extraction_rate,0.3,10.0
split_high_low,64,R3,True,2450,low_extraction_rate,0.2953125,10.0
split_high_low,64,R3,True,2500,low_extraction_rate,0.271875,10.0
split_high_low,64,R3,True,2550,low_extraction_rate,0.271875,10.0
split_high_low,64,R3,True,2600,low_extraction_rate,0.2796875,10.0
split_high_low,64,R3,True,2650,low_extraction_rate,0.2640625,10.0
split_high_low,64,R3,True,2700,low_extraction_rate,0.3,10.0
split_high_low,64,R3,True,2750,low_extraction_rate,0.2875,10.0
split_high_low,64,R3,True,2800,low_extraction_rate,0.303125,10.0
split_high_low,64,R3,True,2850,low_extraction_rate,0.3015625,10.0
split_high_low,64,R3,True,2900,low_extraction_rate,0.2984375,10.0
split_high_low,64,R3,True,2950,low_extraction_rate,0.26875,10.0
split_high_low,64,R3,True,3000,low_extraction_rate,0.271875,10.0
split_high_low,64,R3,True,3050,low_extraction_rate,0.2828125,10.0
split_high_low,64,R3,True,3100,low_extraction_rate,0.2953125,10.0
split_high_low,64,R3,True,3150,low_extraction_rate,0.2859375,10.0
split_high_low,64,R3,True,3200,low_extraction_rate,0.3046875,10.0
split_high_low,64,R3,True,3250,low_extraction_rate,0.265625,10.0
split_high_low,64,R3,True,3300,low_extraction_rate,0.309375,10.0
split_high_low,64,R3,True,3350,low_extraction_rate,0.296875,10.0
split_high_low,64,R3,True,3400,low_extraction_rate,0.2796875,10.0
split_high_low,64,R3,True,3450,low_extraction_rate,0.2859375,10.0
split_high_low,64,R3,True,3500,low_extraction_rate,0.284375,10.0
split_high_low,64,R3,True,3550,low_extraction_rate,0.265625,10.0
split_high_low,64,R3,True,3600,low_extraction_rate,0.2796875,10.0
split_high_low,64,R3,True,3650,low_extraction_rate,0.3109375,10.0
split_high_low,64,R3,True,3700,low_extraction_rate,0.2890625,10.0
split_high_low,64,R3,True,3750,low_extraction_rate,0.2671875,10.0
split_high_low,64,R3,True,3800,low_extraction_rate,0.246875,10.0
split_high_low,64,R3,True,3850,low_extraction_rate,0.275,10.0
split_high_low,64,R3,True,3900,low_extraction_rate,0.2734375,10.0
split_high_low,64,R3,True,3950,low_extraction_rate,0.2734375,10.0
split_high_low,64,R3,True,4000,low_extraction_rate,0.265625,10.0
split_high_low,64,R3,True,4050,low_extraction_rate,0.2734375,10.0
split_high_low,64,R3,True,4100,low_extraction_rate,0.2875,10.0
split_high_low,64,R3,True,4150,low_extraction_rate,0.2796875,10.0
split_high_low,64,R3,True,4200,low_extraction_rate,0.2515625,10.0
split_high_low,64,R3,True,4250,low_extraction_rate,0.2734375,10.0
split_high_low,64,R3,True,4300,low_extraction_rate,0.3125,10.0
split_high_low,64,R3,True,4350,low_extraction_rate,0.2703125,10.0
split_high_low,64,R3,True,4400,low_extraction_rate,0.2703125,10.0
split_high_low,64,R3,True,4450,low_extraction_rate,0.265625,10.0
split_high_low,64,R3,True,4500,low_extraction_rate,0.2671875,10.0
split_high_low,64,R3,True,4550,low_extraction_rate,0.3,10.0
split_high_low,64,R3,True,4600,low_extraction_rate,0.2890625,10.0
split_high_low,64,R3,True,4650,low_extraction_rate,0.2609375,10.0
split_high_low,64,R3,True,4700,low_extraction_rate,0.2875,10.0
split_high_low,64,R3,True,4750,low_extraction_rate,0.28125,10.0
split_high_low,64,R3,True,4800,low_extraction_rate,0.2609375,10.0
split_high_low,64,R3,True,4850,low_extraction_rate,0.29375,10.0
split_high_low,64,R3,True,4900,low_extraction_rate,0.2828125,10.0
split_high_low,64,R3,True,4950,low_extraction_rate,0.26875,10.0
split_high_low,64,R3,True,5000,low_extraction_rate,0.2796875,10.0
