scenario,population,replicate,time,rewiring,rewire_theta,rewire_every,base_seed,social_network,social_k,training_steps,target_rewires,successful_rewires
uniform_high,32,0,50,random_matched,1.0,50,42,random_k,4,5000,0,0
uniform_high,32,0,100,random_matched,1.0,50,42,random_k,4,5000,0,0
uniform_high,32,0,150,random_matched,1.0,50,42,random_k,4,5000,1,1
uniform_high,32,0,200,random_matched,1.0,50,42,random_k,4,5000,0,0
uniform_high,32,0,250,random_matched,1.0,50,42,random_k,4,5000,0,0
uniform_high,32,0,300,random_matched,1.0,50,42,random_k,4,5000,0,0
uniform_high,32,0,350,random_matched,1.0,50,42,random_k,4,5000,2,2
uniform_high,32,0,400,random_matched,1.0,50,42,random_k,4,5000,1,1
uniform_high,32,0,450,random_matched,1.0,50,42,random_k,4,5000,0,0
uniform_high,32,0,500,random_matched,1.0,50,42,random_k,4,5000,1,1
uniform_high,32,0,550,random_matched,1.0,50,42,random_k,4,5000,1,1
uniform_high,32,0,600,random_matched,1.0,50,42,random_k,4,5000,0,0
uniform_high,32,0,650,random_matched,1.0,50,42,random_k,4,5000,0,0
uniform_high,32,0,700,random_matched,1.0,50,42,random_k,4,5000,1,1
uniform_high,32,0,750,random_matched,1.0,50,42,random_k,4,5000,0,0
uniform_high,32,0,800,random_matched,1.0,50,42,random_k,4,5000,1,1
uniform_high,32,0,850,random_matched,1.0,50,42,random_k,4,5000,1,1
uniform_high,32,0,900,random_matched,1.0,50,42,random_k,4,5000,0,0
uniform_high,32,0,950,random_matched,1.0,50,42,random_k,4,5000,0,0
uniform_high,32,0,1000,random_matched,1.0,50,42,random_k,4,5000,1,1
uniform_high,32,0,1050,random_matched,1.0,50,42,random_k,4,5000,0,0
uniform_high,32,0,1100,random_matched,1.0,50,42,random_k,4,5000,1,1
uniform_high,32,0,1150,random_matched,1.0,50,42,random_k,4,5000,0,0
uniform_high,32,0,1200,random_matched,1.0,50,42,random_k,4,5000,0,0
uniform_high,32,0,1250,random_matched,1.0,50,42,random_k,4,5000,0,0
uniform_high,32,0,1300,random_matched,1.0,50,42,random_k,4,5000,1,1
uniform_high,32,0,1350,random_matched,1.0,50,42,random_k,4,5000,0,0
uniform_high,32,0,1400,random_matched,1.0,50,42,random_k,4,5000,0,0
uniform_high,32,0,1450,random_matched,1.0,50,42,random_k,4,5000,0,0
uniform_high,32,0,1500,random_matched,1.0,50,42,random_k,4,5000,0,0
uniform_high,32,0,1550,random_matched,1.0,50,42,random_k,4,5000,2,2
uniform_high,32,0,1600,random_matched,1.0,50,42,random_k,4,5000,0,0
uniform_high,32,0,1650,random_matched,1.0,50,42,random_k,4,5000,1,1
uniform_high,32,0,1700,random_matched,1.0,50,42,random_k,4,5000,0,0
uniform_high,32,0,1750,random_matched,1.0,50,42,random_k,4,5000,0,0
uniform_high,32,0,1800,random_matched,1.0,50,42,random_k,4,5000,0,0
uniform_high,32,0,1850,random_matched,1.0,50,42,random_k,4,5000,0,0
uniform_high,32,0,1900,random_matched,1.0,50,42,random_k,4,5000,0,0
uniform_high,32,0,1950,random_matched,1.0,50,42,random_k,4,5000,0,0
uniform_high,32,0,2000,random_matched,1.0,50,42,random_k,4,5000,0,0
uniform_high,32,0,2050,random_matched,1.0,50,42,random_k,4,5000,0,0
uniform_high,32,0,2100,random_matched,1.0,50,42,random_k,4,5000,0,0
uniform_high,32,0,2150,random_matched,1.0,50,42,random_k,4,5000,0,0
uniform_high,32,0,2200,random_matched,1.0,50,42,random_k,4,5000,0,0
uniform_high,32,0,2250,random_matched,1.0,50,42,random_k,4,5000,0,0
uniform_high,32,0,2300,random_matched,1.0,50,42,random_k,4,5000,0,0
uniform_high,32,0,2350,random_matched,1.0,50,42,random_k,4,5000,0,0
uniform_high,32,0,2400,random_matched,1.0,50,42,random_k,4,5000,0,0
uniform_high,32,0,2450,random_matched,1.0,50,42,random_k,4,5000,0,0
uniform_high,32,0,2500,random_matched,1.0,50,42,random_k,4,5000,1,1
uniform_high,32,0,2550,random_matched,1.0,50,42,random_k,4,5000,1,1
uniform_high,32,0,2600,random_matched,1.0,50,42,random_k,4,5000,0,0
uniform_high,32,0,2650,random_matched,1.0,50,42,random_k,4,5000,0,0
uniform_high,32,0,2700,random_matched,1.0,50,42,random_k,4,5000,0,0
uniform_high,32,0,2750,random_matched,1.0,50,42,random_k,4,5000,1,1
uniform_high,32,0,2800,random_matched,1.0,50,42,random_k,4,5000,0,0
uniform_high,32,0,2850,random_matched,1.0,50,42,random_k,4,5000,0,0
uniform_high,32,0,2900,random_matched,1.0,50,42,random_k,4,5000,0,0
uniform_high,32,0,2950,random_matched,1.0,50,42,random_k,4,5000,0,0
uniform_high,32,0,3000,random_matched,1.0,50,42,random_k,4,5000,0,0
uniform_high,32,0,3050,random_matched,1.0,50,42,random_k,4,5000,0,0
uniform_high,32,0,3100,random_matched,1.0,50,42,random_k,4,5000,0,0
uniform_high,32,0,3150,random_matched,1.0,50,42,random_k,4,5000,0,0
uniform_high,32,0,3200,random_matched,1.0,50,42,random_k,4,5000,0,0
uniform_high,32,0,3250,random_matched,1.0,50,42,random_k,4,5000,0,0
uniform_high,32,0,3300,random_matched,1.0,50,42,random_k,4,5000,0,0
uniform_high,32,0,3350,random_matched,1.0,50,42,random_k,4,5000,1,1
uniform_high,32,0,3400,random_matched,1.0,50,42,random_k,4,5000,0,0
uniform_high,32,0,3450,random_matched,1.0,50,42,random_k,4,5000,0,0
uniform_high,32,0,3500,random_matched,1.0,50,42,random_k,4,5000,0,0
uniform_high,32,0,3550,random_matched,1.0,50,42,random_k,4,5000,0,0
uniform_high,32,0,3600,random_matched,1.0,50,42,random_k,4,5000,0,0
uniform_high,32,0,3650,random_matched,1.0,50,42,random_k,4,5000,0,0
uniform_high,32,0,3700,random_matched,1.0,50,42,random_k,4,5000,0,0
uniform_high,32,0,3750,random_matched,1.0,50,42,random_k,4,5000,0,0
uniform_high,32,0,3800,random_matched,1.0,50,42,random_k,4,5000,0,0
uniform_high,32,0,3850,random_matched,1.0,50,42,random_k,4,5000,0,0
uniform_high,32,0,3900,random_matched,1.0,50,42,random_k,4,5000,0,0
uniform_high,32,0,3950,random_matched,1.0,50,42,random_k,4,5000,1,1
uniform_high,32,0,4000,random_matched,1.0,50,42,random_k,4,5000,0,0
uniform_high,32,0,4050,random_matched,1.0,50,42,random_k,4,5000,0,0
uniform_high,32,0,4100,random_matched,1.0,50,42,random_k,4,5000,0,0
uniform_high,32,0,4150,random_matched,1.0,50,42,random_k,4,5000,1,1
uniform_high,32,0,4200,random_matched,1.0,50,42,random_k,4,5000,0,0
uniform_high,32,0,4250,random_matched,1.0,50,42,random_k,4,5000,0,0
uniform_high,32,0,4300,random_matched,1.0,50,42,random_k,4,5000,0,0
uniform_high,32,0,4350,random_matched,1.0,50,42,random_k,4,5000,0,0
uniform_high,32,0,4400,random_matched,1.0,50,42,random_k,4,5000,0,0
uniform_high,32,0,4450,random_matched,1.0,50,42,random_k,4,5000,0,0
uniform_high,32,0,4500,random_matched,1.0,50,42,random_k,4,5000,0,0
uniform_high,32,0,4550,random_matched,1.0,50,42,random_k,4,5000,0,0
uniform_high,32,0,4600,random_matched,1.0,50,42,random_k,4,5000,0,0
uniform_high,32,0,4650,random_matched,1.0,50,42,random_k,4,5000,0,0
uniform_high,32,0,4700,random_matched,1.0,50,42,random_k,4,5000,0,0
uniform_high,32,0,4750,random_matched,1.0,50,42,random_k,4,5000,0,0
uniform_high,32,0,4800,random_matched,1.0,50,42,random_k,4,5000,0,0
uniform_high,32,0,4850,random_matched,1.0,50,42,random_k,4,5000,0,0
uniform_high,32,0,4900,random_matched,1.0,50,42,random_k,4,5000,0,0
uniform_high,32,0,4950,random_matched,1.0,50,42,random_k,4,5000,0,0
uniform_high,32,0,5000,random_matched,1.0,50,42,random_k,4,5000,0,0
uniform_high,64,0,50,random_matched,1.0,50,42,random_k,4,5000,1,1
uniform_high,64,0,100,random_matched,1.0,50,42,random_k,4,5000,3,3
uniform_high,64,0,150,random_matched,1.0,50,42,random_k,4,5000,0,0
uniform_high,64,0,200,random_matched,1.0,50,42,random_k,4,5000,0,0
uniform_high,64,0,250,random_matched,1.0,50,42,random_k,4,5000,1,1
uniform_high,64,0,300,random_matched,1.0,50,42,random_k,4,5000,4,4
uniform_high,64,0,350,random_matched,1.0,50,42,random_k,4,5000,0,0
uniform_high,64,0,400,random_matched,1.0,50,42,random_k,4,5000,4,4
uniform_high,64,0,450,random_matched,1.0,50,42,random_k,4,5000,2,2
uniform_high,64,0,500,random_matched,1.0,50,42,random_k,4,5000,2,2
uniform_high,64,0,550,random_matched,1.0,50,42,random_k,4,5000,2,2
uniform_high,64,0,600,random_matched,1.0,50,42,random_k,4,5000,2,2
uniform_high,64,0,650,random_matched,1.0,50,42,random_k,4,5000,4,4
uniform_high,64,0,700,random_matched,1.0,50,42,random_k,4,5000,5,5
uniform_high,64,0,750,random_matched,1.0,50,42,random_k,4,5000,1,1
uniform_high,64,0,800,random_matched,1.0,50,42,random_k,4,5000,6,6
uniform_high,64,0,850,random_matched,1.0,50,42,random_k,4,5000,2,2
uniform_high,64,0,900,random_matched,1.0,50,42,random_k,4,5000,1,1
uniform_high,64,0,950,random_matched,1.0,50,42,random_k,4,5000,2,2
uniform_high,64,0,1000,random_matched,1.0,50,42,random_k,4,5000,2,2
uniform_high,64,0,1050,random_matched,1.0,50,42,random_k,4,5000,2,2
uniform_high,64,0,1100,random_matched,1.0,50,42,random_k,4,5000,4,4
uniform_high,64,0,1150,random_matched,1.0,50,42,random_k,4,5000,3,3
uniform_high,64,0,1200,random_matched,1.0,50,42,random_k,4,5000,2,2
uniform_high,64,0,1250,random_matched,1.0,50,42,random_k,4,5000,2,2
uniform_high,64,0,1300,random_matched,1.0,50,42,random_k,4,5000,0,0
uniform_high,64,0,1350,random_matched,1.0,50,42,random_k,4,5000,0,0
uniform_high,64,0,1400,random_matched,1.0,50,42,random_k,4,5000,0,0
uniform_high,64,0,1450,random_matched,1.0,50,42,random_k,4,5000,2,2
uniform_high,64,0,1500,random_matched,1.0,50,42,random_k,4,5000,2,2
uniform_high,64,0,1550,random_matched,1.0,50,42,random_k,4,5000,3,3
uniform_high,64,0,1600,random_matched,1.0,50,42,random_k,4,5000,2,2
uniform_high,64,0,1650,random_matched,1.0,50,42,random_k,4,5000,4,4
uniform_high,64,0,1700,random_matched,1.0,50,42,random_k,4,5000,4,4
uniform_high,64,0,1750,random_matched,1.0,50,42,random_k,4,5000,1,1
uniform_high,64,0,1800,random_matched,1.0,50,42,random_k,4,5000,2,2
uniform_high,64,0,1850,random_matched,1.0,50,42,random_k,4,5000,2,2
uniform_high,64,0,1900,random_matched,1.0,50,42,random_k,4,5000,5,5
uniform_high,64,0,1950,random_matched,1.0,50,42,random_k,4,5000,2,2
uniform_high,64,0,2000,random_matched,1.0,50,42,random_k,4,5000,2,2
uniform_high,64,0,2050,random_matched,1.0,50,42,random_k,4,5000,2,2
uniform_high,64,0,2100,random_matched,1.0,50,42,random_k,4,5000,2,2
uniform_high,64,0,2150,random_matched,1.0,50,42,random_k,4,5000,0,0
uniform_high,64,0,2200,random_matched,1.0,50,42,random_k,4,5000,1,1
uniform_high,64,0,2250,random_matched,1.0,50,42,random_k,4,5000,1,1
uniform_high,64,0,2300,random_matched,1.0,50,42,random_k,4,5000,1,1
uniform_high,64,0,2350,random_matched,1.0,50,42,random_k,4,5000,4,4
uniform_high,64,0,2400,random_matched,1.0,50,42,random_k,4,5000,4,4
uniform_high,64,0,2450,random_matched,1.0,50,42,random_k,4,5000,2,2
uniform_high,64,0,2500,random_matched,1.0,50,42,random_k,4,5000,2,2
uniform_high,64,0,2550,random_matched,1.0,50,42,random_k,4,5000,5,5
uniform_high,64,0,2600,random_matched,1.0,50,42,random_k,4,5000,2,2
uniform_high,64,0,2650,random_matched,1.0,50,42,random_k,4,5000,2,2
uniform_high,64,0,2700,random_matched,1.0,50,42,random_k,4,5000,1,1
uniform_high,64,0,2750,random_matched,1.0,50,42,random_k,4,5000,2,2
uniform_high,64,0,2800,random_matched,1.0,50,42,random_k,4,5000,1,1
uniform_high,64,0,2850,random_matched,1.0,50,42,random_k,4,5000,1,1
uniform_high,64,0,2900,random_matched,1.0,50,42,random_k,4,5000,1,1
uniform_high,64,0,2950,random_matched,1.0,50,42,random_k,4,5000,1,1
uniform_high,64,0,3000,random_matched,1.0,50,42,random_k,4,5000,0,0
uniform_high,64,0,3050,random_matched,1.0,50,42,random_k,4,5000,1,1
uniform_high,64,0,3100,random_matched,1.0,50,42,random_k,4,5000,2,2
uniform_high,64,0,3150,random_matched,1.0,50,42,random_k,4,5000,3,3
uniform_high,64,0,3200,random_matched,1.0,50,42,random_k,4,5000,2,2
uniform_high,64,0,3250,random_matched,1.0,50,42,random_k,4,5000,0,0
uniform_high,64,0,3300,random_matched,1.0,50,42,random_k,4,5000,0,0
uniform_high,64,0,3350,random_matched,1.0,50,42,random_k,4,5000,2,2
uniform_high,64,0,3400,random_matched,1.0,50,42,random_k,4,5000,0,0
uniform_high,64,0,3450,random_matched,1.0,50,42,random_k,4,5000,2,2
uniform_high,64,0,3500,random_matched,1.0,50,42,random_k,4,5000,1,1
uniform_high,64,0,3550,random_matched,1.0,50,42,random_k,4,5000,1,1
uniform_high,64,0,3600,random_matched,1.0,50,42,random_k,4,5000,1,1
uniform_high,64,0,3650,random_matched,1.0,50,42,random_k,4,5000,0,0
uniform_high,64,0,3700,random_matched,1.0,50,42,random_k,4,5000,1,1
uniform_high,64,0,3750,random_matched,1.0,50,42,random_k,4,5000,2,2
uniform_high,64,0,3800,random_matched,1.0,50,42,random_k,4,5000,0,0
uniform_high,64,0,3850,random_matched,1.0,50,42,random_k,4,5000,0,0
uniform_high,64,0,3900,random_matched,1.0,50,42,random_k,4,5000,0,0
uniform_high,64,0,3950,random_matched,1.0,50,42,random_k,4,5000,0,0
uniform_high,64,0,4000,random_matched,1.0,50,42,random_k,4,5000,0,0
uniform_high,64,0,4050,random_matched,1.0,50,42,random_k,4,5000,0,0
uniform_high,64,0,4100,random_matched,1.0,50,42,random_k,4,5000,0,0
uniform_high,64,0,4150,random_matched,1.0,50,42,random_k,4,5000,1,1
uniform_high,64,0,4200,random_matched,1.0,50,42,random_k,4,5000,0,0
uniform_high,64,0,4250,random_matched,1.0,50,42,random_k,4,5000,1,1
uniform_high,64,0,4300,random_matched,1.0,50,42,random_k,4,5000,0,0
uniform_high,64,0,4350,random_matched,1.0,50,42,random_k,4,5000,0,0
uniform_high,64,0,4400,random_matched,1.0,50,42,random_k,4,5000,1,1
uniform_high,64,0,4450,random_matched,1.0,50,42,random_k,4,5000,1,1
uniform_high,64,0,4500,random_matched,1.0,50,42,random_k,4,5000,0,0
uniform_high,64,0,4550,random_matched,1.0,50,42,random_k,4,5000,0,0
uniform_high,64,0,4600,random_matched,1.0,50,42,random_k,4,5000,1,1
uniform_high,64,0,4650,random_matched,1.0,50,42,random_k,4,5000,0,0
uniform_high,64,0,4700,random_matched,1.0,50,42,random_k,4,5000,1,1
uniform_high,64,0,4750,random_matched,1.0,50,42,random_k,4,5000,1,1
uniform_high,64,0,4800,random_matched,1.0,50,42,random_k,4,5000,0,0
uniform_high,64,0,4850,random_matched,1.0,50,42,random_k,4,5000,0,0
uniform_high,64,0,4900,random_matched,1.0,50,42,random_k,4,5000,2,2
uniform_high,64,0,4950,random_matched,1.0,50,42,random_k,4,5000,1,1
uniform_high,64,0,5000,random_matched,1.0,50,42,random_k,4,5000,2,2
patchy_high,32,0,50,random_matched,1.0,50,42,random_k,4,5000,0,0
patchy_high,32,0,100,random_matched,1.0,50,42,random_k,4,5000,0,0
patchy_high,32,0,150,random_matched,1.0,50,42,random_k,4,5000,1,1
patchy_high,32,0,200,random_matched,1.0,50,42,random_k,4,5000,0,0
patchy_high,32,0,250,random_matched,1.0,50,42,random_k,4,5000,0,0
patchy_high,32,0,300,random_matched,1.0,50,42,random_k,4,5000,2,2
patchy_high,32,0,350,random_matched,1.0,50,42,random_k,4,5000,0,0
patchy_high,32,0,400,random_matched,1.0,50,42,random_k,4,5000,1,1
patchy_high,32,0,450,random_matched,1.0,50,42,random_k,4,5000,0,0
patchy_high,32,0,500,random_matched,1.0,50,42,random_k,4,5000,2,2
patchy_high,32,0,550,random_matched,1.0,50,42,random_k,4,5000,0,0
patchy_high,32,0,600,random_matched,1.0,50,42,random_k,4,5000,0,0
patchy_high,32,0,650,random_matched,1.0,50,42,random_k,4,5000,1,1
patchy_high,32,0,700,random_matched,1.0,50,42,random_k,4,5000,1,1
patchy_high,32,0,750,random_matched,1.0,50,42,random_k,4,5000,1,1
patchy_high,32,0,800,random_matched,1.0,50,42,random_k,4,5000,1,1
patchy_high,32,0,850,random_matched,1.0,50,42,random_k,4,5000,1,1
patchy_high,32,0,900,random_matched,1.0,50,42,random_k,4,5000,0,0
patchy_high,32,0,950,random_matched,1.0,50,42,random_k,4,5000,0,0
patchy_high,32,0,1000,random_matched,1.0,50,42,random_k,4,5000,0,0
patchy_high,32,0,1050,random_matched,1.0,50,42,random_k,4,5000,1,1
patchy_high,32,0,1100,random_matched,1.0,50,42,random_k,4,5000,0,0
patchy_high,32,0,1150,random_matched,1.0,50,42,random_k,4,5000,0,0
patchy_high,32,0,1200,random_matched,1.0,50,42,random_k,4,5000,2,2
patchy_high,32,0,1250,random_matched,1.0,50,42,random_k,4,5000,0,0
patchy_high,32,0,1300,random_matched,1.0,50,42,random_k,4,5000,0,0
patchy_high,32,0,1350,random_matched,1.0,50,42,random_k,4,5000,1,1
patchy_high,32,0,1400,random_matched,1.0,50,42,random_k,4,5000,0,0
patchy_high,32,0,1450,random_matched,1.0,50,42,random_k,4,5000,0,0
patchy_high,32,0,1500,random_matched,1.0,50,42,random_k,4,5000,0,0
patchy_high,32,0,1550,random_matched,1.0,50,42,random_k,4,5000,0,0
patchy_high,32,0,1600,random_matched,1.0,50,42,random_k,4,5000,2,2
patchy_high,32,0,1650,random_matched,1.0,50,42,random_k,4,5000,1,1
patchy_high,32,0,1700,random_matched,1.0,50,42,random_k,4,5000,0,0
patchy_high,32,0,1750,random_matched,1.0,50,42,random_k,4,5000,0,0
patchy_high,32,0,1800,random_matched,1.0,50,42,random_k,4,5000,0,0
patchy_high,32,0,1850,random_matched,1.0,50,42,random_k,4,5000,0,0
patchy_high,32,0,1900,random_matched,1.0,50,42,random_k,4,5000,1,1
patchy_high,32,0,1950,random_matched,1.0,50,42,random_k,4,5000,0,0
patchy_high,32,0,2000,random_matched,1.0,50,42,random_k,4,5000,0,0
patchy_high,32,0,2050,random_matched,1.0,50,42,random_k,4,5000,0,0
patchy_high,32,0,2100,random_matched,1.0,50,42,random_k,4,5000,0,0
patchy_high,32,0,2150,random_matched,1.0,50,42,random_k,4,5000,1,1
patchy_high,32,0,2200,random_matched,1.0,50,42,random_k,4,5000,0,0
patchy_high,32,0,2250,random_matched,1.0,50,42,random_k,4,5000,0,0
patchy_high,32,0,2300,random_matched,1.0,50,42,random_k,4,5000,0,0
patchy_high,32,0,2350,random_matched,1.0,50,42,random_k,4,5000,0,0
patchy_high,32,0,2400,random_matched,1.0,50,42,random_k,4,5000,1,1
patchy_high,32,0,2450,random_matched,1.0,50,42,random_k,4,5000,0,0
patchy_high,32,0,2500,random_matched,1.0,50,42,random_k,4,5000,0,0
patchy_high,32,0,2550,random_matched,1.0,50,42,random_k,4,5000,0,0
patchy_high,32,0,2600,random_matched,1.0,50,42,random_k,4,5000,0,0
patchy_high,32,0,2650,random_matched,1.0,50,42,random_k,4,5000,0,0
patchy_high,32,0,2700,random_matched,1.0,50,42,random_k,4,5000,0,0
patchy_high,32,0,2750,random_matched,1.0,50,42,random_k,4,5000,0,0
patchy_high,32,0,2800,random_matched,1.0,50,42,random_k,4,5000,0,0
patchy_high,32,0,2850,random_matched,1.0,50,42,random_k,4,5000,0,0
patchy_high,32,0,2900,random_matched,1.0,50,42,random_k,4,5000,0,0
patchy_high,32,0,2950,random_matched,1.0,50,42,random_k,4,5000,0,0
patchy_high,32,0,3000,random_matched,1.0,50,42,random_k,4,5000,0,0
patchy_high,32,0,3050,random_matched,1.0,50,42,random_k,4,5000,0,0
patchy_high,32,0,3100,random_matched,1.0,50,42,random_k,4,5000,0,0
patchy_high,32,0,3150,random_matched,1.0,50,42,random_k,4,5000,0,0
patchy_high,32,0,3200,random_matched,1.0,50,42,random_k,4,5000,1,1
patchy_high,32,0,3250,random_matched,1.0,50,42,random_k,4,5000,0,0
patchy_high,32,0,3300,random_matched,1.0,50,42,random_k,4,5000,0,0
patchy_high,32,0,3350,random_matched,1.0,50,42,random_k,4,5000,0,0
patchy_high,32,0,3400,random_matched,1.0,50,42,random_k,4,5000,0,0
patchy_high,32,0,3450,random_matched,1.0,50,42,random_k,4,5000,1,1
patchy_high,32,0,3500,random_matched,1.0,50,42,random_k,4,5000,0,0
patchy_high,32,0,3550,random_matched,1.0,50,42,random_k,4,5000,1,1
patchy_high,32,0,3600,random_matched,1.0,50,42,random_k,4,5000,0,0
patchy_high,32,0,3650,random_matched,1.0,50,42,random_k,4,5000,0,0
patchy_high,32,0,3700,random_matched,1.0,50,42,random_k,4,5000,0,0
patchy_high,32,0,3750,random_matched,1.0,50,42,random_k,4,5000,0,0
patchy_high,32,0,3800,random_matched,1.0,50,42,random_k,4,5000,0,0
patchy_high,32,0,3850,random_matched,1.0,50,42,random_k,4,5000,0,0
patchy_high,32,0,3900,random_matched,1.0,50,42,random_k,4,5000,0,0
patchy_high,32,0,3950,random_matched,1.0,50,42,random_k,4,5000,0,0
patchy_high,32,0,4000,random_matched,1.0,50,42,random_k,4,5000,0,0
patchy_high,32,0,4050,random_matched,1.0,50,42,random_k,4,5000,0,0
patchy_high,32,0,4100,random_matched,1.0,50,42,random_k,4,5000,0,0
patchy_high,32,0,4150,random_matched,1.0,50,42,random_k,4,5000,0,0
patchy_high,32,0,4200,random_matched,1.0,50,42,random_k,4,5000,0,0
patchy_high,32,0,4250,random_matched,1.0,50,42,random_k,4,5000,0,0
patchy_high,32,0,4300,random_matched,1.0,50,42,random_k,4,5000,0,0
patchy_high,32,0,4350,random_matched,1.0,50,42,random_k,4,5000,0,0
patchy_high,32,0,4400,random_matched,1.0,50,42,random_k,4,5000,0,0
patchy_high,32,0,4450,random_matched,1.0,50,42,random_k,4,5000,0,0
patchy_high,32,0,4500,random_matched,1.0,50,42,random_k,4,5000,0,0
patchy_high,32,0,4550,random_matched,1.0,50,42,random_k,4,5000,0,0
patchy_high,32,0,4600,random_matched,1.0,50,42,random_k,4,5000,0,0
patchy_high,32,0,4650,random_matched,1.0,50,42,random_k,4,5000,0,0
patchy_high,32,0,4700,random_matched,1.0,50,42,random_k,4,5000,0,0
patchy_high,32,0,4750,random_matched,1.0,50,42,random_k,4,5000,0,0
patchy_high,32,0,4800,random_matched,1.0,50,42,random_k,4,5000,0,0
patchy_high,32,0,4850,random_matched,1.0,50,42,random_k,4,5000,1,1
patchy_high,32,0,4900,random_matched,1.0,50,42,random_k,4,5000,0,0
patchy_high,32,0,4950,random_matched,1.0,50,42,random_k,4,5000,0,0
patchy_high,32,0,5000,random_matched,1.0,50,42,random_k,4,5000,0,0
patchy_high,64,0,50,random_matched,1.0,50,42,random_k,4,5000,1,1
patchy_high,64,0,100,random_matched,1.0,50,42,random_k,4,5000,3,3
patchy_high,64,0,150,random_matched,1.0,50,42,random_k,4,5000,0,0
patchy_high,64,0,200,random_matched,1.0,50,42,random_k,4,5000,1,1
patchy_high,64,0,250,random_matched,1.0,50,42,random_k,4,5000,2,2
patchy_high,64,0,300,random_matched,1.0,50,42,random_k,4,5000,2,2
patchy_high,64,0,350,random_matched,1.0,50,42,random_k,4,5000,3,3
patchy_high,64,0,400,random_matched,1.0,50,42,random_k,4,5000,2,2
patchy_high,64,0,450,random_matched,1.0,50,42,random_k,4,5000,1,1
patchy_high,64,0,500,random_matched,1.0,50,42,random_k,4,5000,2,2
patchy_high,64,0,550,random_matched,1.0,50,42,random_k,4,5000,2,2
patchy_high,64,0,600,random_matched,1.0,50,42,random_k,4,5000,2,2
patchy_high,64,0,650,random_matched,1.0,50,42,random_k,4,5000,4,4
patchy_high,64,0,700,random_matched,1.0,50,42,random_k,4,5000,5,5
patchy_high,64,0,750,random_matched,1.0,50,42,random_k,4,5000,2,2
patchy_high,64,0,800,random_matched,1.0,50,42,random_k,4,5000,6,6
patchy_high,64,0,850,random_matched,1.0,50,42,random_k,4,5000,1,1
patchy_high,64,0,900,random_matched,1.0,50,42,random_k,4,5000,2,2
patchy_high,64,0,950,random_matched,1.0,50,42,random_k,4,5000,3,3
patchy_high,64,0,1000,random_matched,1.0,50,42,random_k,4,5000,1,1
patchy_high,64,0,1050,random_matched,1.0,50,42,random_k,4,5000,4,4
patchy_high,64,0,1100,random_matched,1.0,50,42,random_k,4,5000,3,3
patchy_high,64,0,1150,random_matched,1.0,50,42,random_k,4,5000,3,3
patchy_high,64,0,1200,random_matched,1.0,50,42,random_k,4,5000,2,2
patchy_high,64,0,1250,random_matched,1.0,50,42,random_k,4,5000,0,0
patchy_high,64,0,1300,random_matched,1.0,50,42,random_k,4,5000,0,0
patchy_high,64,0,1350,random_matched,1.0,50,42,random_k,4,5000,0,0
patchy_high,64,0,1400,random_matched,1.0,50,42,random_k,4,5000,2,2
patchy_high,64,0,1450,random_matched,1.0,50,42,random_k,4,5000,2,2
patchy_high,64,0,1500,random_matched,1.0,50,42,random_k,4,5000,2,2
patchy_high,64,0,1550,random_matched,1.0,50,42,random_k,4,5000,4,4
patchy_high,64,0,1600,random_matched,1.0,50,42,random_k,4,5000,3,3
patchy_high,64,0,1650,random_matched,1.0,50,42,random_k,4,5000,4,4
patchy_high,64,0,1700,random_matched,1.0,50,42,random_k,4,5000,2,2
patchy_high,64,0,1750,random_matched,1.0,50,42,random_k,4,5000,3,3
patchy_high,64,0,1800,random_matched,1.0,50,42,random_k,4,5000,0,0
patchy_high,64,0,1850,random_matched,1.0,50,42,random_k,4,5000,5,5
patchy_high,64,0,1900,random_matched,1.0,50,42,random_k,4,5000,2,2
patchy_high,64,0,1950,random_matched,1.0,50,42,random_k,4,5000,2,2
patchy_high,64,0,2000,random_matched,1.0,50,42,random_k,4,5000,2,2
patchy_high,64,0,2050,random_matched,1.0,50,42,random_k,4,5000,0,0
patchy_high,64,0,2100,random_matched,1.0,50,42,random_k,4,5000,2,2
patchy_high,64,0,2150,random_matched,1.0,50,42,random_k,4,5000,0,0
patchy_high,64,0,2200,random_matched,1.0,50,42,random_k,4,5000,1,1
patchy_high,64,0,2250,random_matched,1.0,50,42,random_k,4,5000,0,0
patchy_high,64,0,2300,random_matched,1.0,50,42,random_k,4,5000,1,1
patchy_high,64,0,2350,random_matched,1.0,50,42,random_k,4,5000,1,1
patchy_high,64,0,2400,random_matched,1.0,50,42,random_k,4,5000,4,4
patchy_high,64,0,2450,random_matched,1.0,50,42,random_k,4,5000,5,5
patchy_high,64,0,2500,random_matched,1.0,50,42,random_k,4,5000,2,2
patchy_high,64,0,2550,random_matched,1.0,50,42,random_k,4,5000,6,6
patchy_high,64,0,2600,random_matched,1.0,50,42,random_k,4,5000,2,2
patchy_high,64,0,2650,random_matched,1.0,50,42,random_k,4,5000,3,3
patchy_high,64,0,2700,random_matched,1.0,50,42,random_k,4,5000,0,0
patchy_high,64,0,2750,random_matched,1.0,50,42,random_k,4,5000,2,2
patchy_high,64,0,2800,random_matched,1.0,50,42,random_k,4,5000,1,1
patchy_high,64,0,2850,random_matched,1.0,50,42,random_k,4,5000,2,2
patchy_high,64,0,2900,random_matched,1.0,50,42,random_k,4,5000,1,1
patchy_high,64,0,2950,random_matched,1.0,50,42,random_k,4,5000,1,1
patchy_high,64,0,3000,random_matched,1.0,50,42,random_k,4,5000,1,1
patchy_high,64,0,3050,random_matched,1.0,50,42,random_k,4,5000,1,1
patchy_high,64,0,3100,random_matched,1.0,50,42,random_k,4,5000,3,3
patchy_high,64,0,3150,random_matched,1.0,50,42,random_k,4,5000,2,2
patchy_high,64,0,3200,random_matched,1.0,50,42,random_k,4,5000,0,0
patchy_high,64,0,3250,random_matched,1.0,50,42,random_k,4,5000,0,0
patchy_high,64,0,3300,random_matched,1.0,50,42,random_k,4,5000,2,2
patchy_high,64,0,3350,random_matched,1.0,50,42,random_k,4,5000,0,0
patchy_high,64,0,3400,random_matched,1.0,50,42,random_k,4,5000,2,2
patchy_high,64,0,3450,random_matched,1.0,50,42,random_k,4,5000,2,2
patchy_high,64,0,3500,random_matched,1.0,50,42,random_k,4,5000,1,1
patchy_high,64,0,3550,random_matched,1.0,50,42,random_k,4,5000,0,0
patchy_high,64,0,3600,random_matched,1.0,50,42,random_k,4,5000,1,1
patchy_high,64,0,3650,random_matched,1.0,50,42,random_k,4,5000,0,0
patchy_high,64,0,3700,random_matched,1.0,50,42,random_k,4,5000,2,2
patchy_high,64,0,3750,random_matched,1.0,50,42,random_k,4,5000,0,0
patchy_high,64,0,3800,random_matched,1.0,50,42,random_k,4,5000,0,0
patchy_high,64,0,3850,random_matched,1.0,50,42,random_k,4,5000,0,0
patchy_high,64,0,3900,random_matched,1.0,50,42,random_k,4,5000,1,1
patchy_high,64,0,3950,random_matched,1.0,50,42,random_k,4,5000,1,1
patchy_high,64,0,4000,random_matched,1.0,50,42,random_k,4,5000,0,0
patchy_high,64,0,4050,random_matched,1.0,50,42,random_k,4,5000,1,1
patchy_high,64,0,4100,random_matched,1.0,50,42,random_k,4,5000,1,1
patchy_high,64,0,4150,random_matched,1.0,50,42,random_k,4,5000,0,0
patchy_high,64,0,4200,random_matched,1.0,50,42,random_k,4,5000,1,1
patchy_high,64,0,4250,random_matched,1.0,50,42,random_k,4,5000,1,1
patchy_high,64,0,4300,random_matched,1.0,50,42,random_k,4,5000,1,1
patchy_high,64,0,4350,random_matched,1.0,50,42,random_k,4,5000,0,0
patchy_high,64,0,4400,random_matched,1.0,50,42,random_k,4,5000,2,2
patchy_high,64,0,4450,random_matched,1.0,50,42,random_k,4,5000,0,0
patchy_high,64,0,4500,random_matched,1.0,50,42,random_k,4,5000,4,4
patchy_high,64,0,4550,random_matched,1.0,50,42,random_k,4,5000,2,2
patchy_high,64,0,4600,random_matched,1.0,50,42,random_k,4,5000,0,0
patchy_high,64,0,4650,random_matched,1.0,50,42,random_k,4,5000,0,0
patchy_high,64,0,4700,random_matched,1.0,50,42,random_k,4,5000,0,0
patchy_high,64,0,4750,random_matched,1.0,50,42,random_k,4,5000,1,1
patchy_high,64,0,4800,random_matched,1.0,50,42,random_k,4,5000,1,1
patchy_high,64,0,4850,random_matched,1.0,50,42,random_k,4,5000,0,0
patchy_high,64,0,4900,random_matched,1.0,50,42,random_k,4,5000,0,0
patchy_high,64,0,4950,random_matched,1.0,50,42,random_k,4,5000,1,1
patchy_high,64,0,5000,random_matched,1.0,50,42,random_k,4,5000,3,3
split_high_low,32,0,50,random_matched,1.0,50,42,random_k,4,5000,0,0
split_high_low,32,0,100,random_matched,1.0,50,42,random_k,4,5000,0,0
split_high_low,32,0,150,random_matched,1.0,50,42,random_k,4,5000,1,1
split_high_low,32,0,200,random_matched,1.0,50,42,random_k,4,5000,0,0
split_high_low,32,0,250,random_matched,1.0,50,42,random_k,4,5000,2,2
split_high_low,32,0,300,random_matched,1.0,50,42,random_k,4,5000,0,0
split_high_low,32,0,350,random_matched,1.0,50,42,random_k,4,5000,1,1
split_high_low,32,0,400,random_matched,1.0,50,42,random_k,4,5000,0,0
split_high_low,32,0,450,random_matched,1.0,50,42,random_k,4,5000,1,1
split_high_low,32,0,500,random_matched,1.0,50,42,random_k,4,5000,1,1
split_high_low,32,0,550,random_matched,1.0,50,42,random_k,4,5000,0,0
split_high_low,32,0,600,random_matched,1.0,50,42,random_k,4,5000,1,1
split_high_low,32,0,650,random_matched,1.0,50,42,random_k,4,5000,1,1
split_high_low,32,0,700,random_matched,1.0,50,42,random_k,4,5000,1,1
split_high_low,32,0,750,random_matched,1.0,50,42,random_k,4,5000,1,1
split_high_low,32,0,800,random_matched,1.0,50,42,random_k,4,5000,1,1
split_high_low,32,0,850,random_matched,1.0,50,42,random_k,4,5000,0,0
split_high_low,32,0,900,random_matched,1.0,50,42,random_k,4,5000,0,0
split_high_low,32,0,950,random_matched,1.0,50,42,random_k,4,5000,0,0
split_high_low,32,0,1000,random_matched,1.0,50,42,random_k,4,5000,0,0
split_high_low,32,0,1050,random_matched,1.0,50,42,random_k,4,5000,1,1
split_high_low,32,0,1100,random_matched,1.0,50,42,random_k,4,5000,0,0
split_high_low,32,0,1150,random_matched,1.0,50,42,random_k,4,5000,0,0
split_high_low,32,0,1200,random_matched,1.0,50,42,random_k,4,5000,2,2
split_high_low,32,0,1250,random_matched,1.0,50,42,random_k,4,5000,0,0
split_high_low,32,0,1300,random_matched,1.0,50,42,random_k,4,5000,0,0
split_high_low,32,0,1350,random_matched,1.0,50,42,random_k,4,5000,1,1
split_high_low,32,0,1400,random_matched,1.0,50,42,random_k,4,5000,0,0
split_high_low,32,0,1450,random_matched,1.0,50,42,random_k,4,5000,0,0
split_high_low,32,0,1500,random_matched,1.0,50,42,random_k,4,5000,0,0
split_high_low,32,0,1550,random_matched,1.0,50,42,random_k,4,5000,0,0
split_high_low,32,0,1600,random_matched,1.0,50,42,random_k,4,5000,3,3
split_high_low,32,0,1650,random_matched,1.0,50,42,random_k,4,5000,0,0
split_high_low,32,0,1700,random_matched,1.0,50,42,random_k,4,5000,1,1
split_high_low,32,0,1750,random_matched,1.0,50,42,random_k,4,5000,0,0
split_high_low,32,0,1800,random_matched,1.0,50,42,random_k,4,5000,0,0
split_high_low,32,0,1850,random_matched,1.0,50,42,random_k,4,5000,0,0
split_high_low,32,0,1900,random_matched,1.0,50,42,random_k,4,5000,0,0
split_high_low,32,0,1950,random_matched,1.0,50,42,random_k,4,5000,0,0
split_high_low,32,0,2000,random_matched,1.0,50,42,random_k,4,5000,1,1
split_high_low,32,0,2050,random_matched,1.0,50,42,random_k,4,5000,1,1
split_high_low,32,0,2100,random_matched,1.0,50,42,random_k,4,5000,0,0
split_high_low,32,0,2150,random_matched,1.0,50,42,random_k,4,5000,0,0
split_high_low,32,0,2200,random_matched,1.0,50,42,random_k,4,5000,0,0
split_high_low,32,0,2250,random_matched,1.0,50,42,random_k,4,5000,1,1
split_high_low,32,0,2300,random_matched,1.0,50,42,random_k,4,5000,1,1
split_high_low,32,0,2350,random_matched,1.0,50,42,random_k,4,5000,1,1
split_high_low,32,0,2400,random_matched,1.0,50,42,random_k,4,5000,0,0
split_high_low,32,0,2450,random_matched,1.0,50,42,random_k,4,5000,0,0
split_high_low,32,0,2500,random_matched,1.0,50,42,random_k,4,5000,0,0
split_high_low,32,0,2550,random_matched,1.0,50,42,random_k,4,5000,0,0
split_high_low,32,0,2600,random_matched,1.0,50,42,random_k,4,5000,0,0
split_high_low,32,0,2650,random_matched,1.0,50,42,random_k,4,5000,0,0
split_high_low,32,0,2700,random_matched,1.0,50,42,random_k,4,5000,0,0
split_high_low,32,0,2750,random_matched,1.0,50,42,random_k,4,5000,1,1
split_high_low,32,0,2800,random_matched,1.0,50,42,random_k,4,5000,0,0
split_high_low,32,0,2850,random_matched,1.0,50,42,random_k,4,5000,1,1
split_high_low,32,0,2900,random_matched,1.0,50,42,random_k,4,5000,0,0
split_high_low,32,0,2950,random_matched,1.0,50,42,random_k,4,5000,0,0
split_high_low,32,0,3000,random_matched,1.0,50,42,random_k,4,5000,0,0
split_high_low,32,0,3050,random_matched,1.0,50,42,random_k,4,5000,0,0
split_high_low,32,0,3100,random_matched,1.0,50,42,random_k,4,5000,0,0
split_high_low,32,0,3150,random_matched,1.0,50,42,random_k,4,5000,0,0
split_high_low,32,0,3200,random_matched,1.0,50,42,random_k,4,5000,0,0
split_high_low,32,0,3250,random_matched,1.0,50,42,random_k,4,5000,0,0
split_high_low,32,0,3300,random_matched,1.0,50,42,random_k,4,5000,0,0
split_high_low,32,0,3350,random_matched,1.0,50,42,random_k,4,5000,0,0
split_high_low,32,0,3400,random_matched,1.0,50,42,random_k,4,5000,0,0
split_high_low,32,0,3450,random_matched,1.0,50,42,random_k,4,5000,0,0
split_high_low,32,0,3500,random_matched,1.0,50,42,random_k,4,5000,0,0
split_high_low,32,0,3550,random_matched,1.0,50,42,random_k,4,5000,1,1
split_high_low,32,0,3600,random_matched,1.0,50,42,random_k,4,5000,0,0
split_high_low,32,0,3650,random_matched,1.0,50,42,random_k,4,5000,0,0
split_high_low,32,0,3700,random_matched,1.0,50,42,random_k,4,5000,1,1
split_high_low,32,0,3750,random_matched,1.0,50,42,random_k,4,5000,0,0
split_high_low,32,0,3800,random_matched,1.0,50,42,random_k,4,5000,0,0
split_high_low,32,0,3850,random_matched,1.0,50,42,random_k,4,5000,0,0
split_high_low,32,0,3900,random_matched,1.0,50,42,random_k,4,5000,0,0
split_high_low,32,0,3950,random_matched,1.0,50,42,random_k,4,5000,0,0
split_high_low,32,0,4000,random_matched,1.0,50,42,random_k,4,5000,0,0
split_high_low,32,0,4050,random_matched,1.0,50,42,random_k,4,5000,0,0
split_high_low,32,0,4100,random_matched,1.0,50,42,random_k,4,5000,0,0
split_high_low,32,0,4150,random_matched,1.0,50,42,random_k,4,5000,0,0
split_high_low,32,0,4200,random_matched,1.0,50,42,random_k,4,5000,1,1
split_high_low,32,0,4250,random_matched,1.0,50,42,random_k,4,5000,0,0
split_high_low,32,0,4300,random_matched,1.0,50,42,random_k,4,5000,0,0
split_high_low,32,0,4350,random_matched,1.0,50,42,random_k,4,5000,0,0
split_high_low,32,0,4400,random_matched,1.0,50,42,random_k,4,5000,0,0
split_high_low,32,0,4450,random_matched,1.0,50,42,random_k,4,5000,0,0
split_high_low,32,0,4500,random_matched,1.0,50,42,random_k,4,5000,0,0
split_high_low,32,0,4550,random_matched,1.0,50,42,random_k,4,5000,0,0
split_high_low,32,0,4600,random_matched,1.0,50,42,random_k,4,5000,0,0
split_high_low,32,0,4650,random_matched,1.0,50,42,random_k,4,5000,0,0
split_high_low,32,0,4700,random_matched,1.0,50,42,random_k,4,5000,0,0
split_high_low,32,0,4750,random_matched,1.0,50,42,random_k,4,5000,0,0
split_high_low,32,0,4800,random_matched,1.0,50,42,random_k,4,5000,0,0
split_high_low,32,0,4850,random_matched,1.0,50,42,random_k,4,5000,0,0
split_high_low,32,0,4900,random_matched,1.0,50,42,random_k,4,5000,0,0
split_high_low,32,0,4950,random_matched,1.0,50,42,random_k,4,5000,1,1
split_high_low,32,0,5000,random_matched,1.0,50,42,random_k,4,5000,0,0
split_high_low,64,0,50,random_matched,1.0,50,42,random_k,4,5000,1,1
split_high_low,64,0,100,random_matched,1.0,50,42,random_k,4,5000,3,3
split_high_low,64,0,150,random_matched,1.0,50,42,random_k,4,5000,0,0
split_high_low,64,0,200,random_matched,1.0,50,42,random_k,4,5000,1,1
split_high_low,64,0,250,random_matched,1.0,50,42,random_k,4,5000,4,4
split_high_low,64,0,300,random_matched,1.0,50,42,random_k,4,5000,1,1
split_high_low,64,0,350,random_matched,1.0,50,42,random_k,4,5000,3,3
split_high_low,64,0,400,random_matched,1.0,50,42,random_k,4,5000,1,1
split_high_low,64,0,450,random_matched,1.0,50,42,random_k,4,5000,1,1
split_high_low,64,0,500,random_matched,1.0,50,42,random_k,4,5000,2,2
split_high_low,64,0,550,random_matched,1.0,50,42,random_k,4,5000,3,3
split_high_low,64,0,600,random_matched,1.0,50,42,random_k,4,5000,1,1
split_high_low,64,0,650,random_matched,1.0,50,42,random_k,4,5000,3,3
split_high_low,64,0,700,random_matched,1.0,50,42,random_k,4,5000,6,6
split_high_low,64,0,750,random_matched,1.0,50,42,random_k,4,5000,2,2
split_high_low,64,0,800,random_matched,1.0,50,42,random_k,4,5000,4,4
split_high_low,64,0,850,random_matched,1.0,50,42,random_k,4,5000,3,3
split_high_low,64,0,900,random_matched,1.0,50,42,random_k,4,5000,1,1
split_high_low,64,0,950,random_matched,1.0,50,42,random_k,4,5000,3,3
split_high_low,64,0,1000,random_matched,1.0,50,42,random_k,4,5000,1,1
split_high_low,64,0,1050,random_matched,1.0,50,42,random_k,4,5000,2,2
split_high_low,64,0,1100,random_matched,1.0,50,42,random_k,4,5000,4,4
split_high_low,64,0,1150,random_matched,1.0,50,42,random_k,4,5000,3,3
split_high_low,64,0,1200,random_matched,1.0,50,42,random_k,4,5000,2,2
split_high_low,64,0,1250,random_matched,1.0,50,42,random_k,4,5000,2,2
split_high_low,64,0,1300,random_matched,1.0,50,42,random_k,4,5000,0,0
split_high_low,64,0,1350,random_matched,1.0,50,42,random_k,4,5000,0,0
split_high_low,64,0,1400,random_matched,1.0,50,42,random_k,4,5000,0,0
split_high_low,64,0,1450,random_matched,1.0,50,42,random_k,4,5000,0,0
split_high_low,64,0,1500,random_matched,1.0,50,42,random_k,4,5000,2,2
split_high_low,64,0,1550,random_matched,1.0,50,42,random_k,4,5000,2,2
split_high_low,64,0,1600,random_matched,1.0,50,42,random_k,4,5000,2,2
split_high_low,64,0,1650,random_matched,1.0,50,42,random_k,4,5000,3,3
split_high_low,64,0,1700,random_matched,1.0,50,42,random_k,4,5000,4,4
split_high_low,64,0,1750,random_matched,1.0,50,42,random_k,4,5000,2,2
split_high_low,64,0,1800,random_matched,1.0,50,42,random_k,4,5000,2,2
split_high_low,64,0,1850,random_matched,1.0,50,42,random_k,4,5000,1,1
split_high_low,64,0,1900,random_matched,1.0,50,42,random_k,4,5000,2,2
split_high_low,64,0,1950,random_matched,1.0,50,42,random_k,4,5000,0,0
split_high_low,64,0,2000,random_matched,1.0,50,42,random_k,4,5000,2,2
split_high_low,64,0,2050,random_matched,1.0,50,42,random_k,4,5000,1,1
split_high_low,64,0,2100,random_matched,1.0,50,42,random_k,4,5000,4,4
split_high_low,64,0,2150,random_matched,1.0,50,42,random_k,4,5000,2,2
split_high_low,64,0,2200,random_matched,1.0,50,42,random_k,4,5000,1,1
split_high_low,64,0,2250,random_matched,1.0,50,42,random_k,4,5000,3,3
split_high_low,64,0,2300,random_matched,1.0,50,42,random_k,4,5000,0,0
split_high_low,64,0,2350,random_matched,1.0,50,42,random_k,4,5000,1,1
split_high_low,64,0,2400,random_matched,1.0,50,42,random_k,4,5000,1,1
split_high_low,64,0,2450,random_matched,1.0,50,42,random_k,4,5000,0,0
split_high_low,64,0,2500,random_matched,1.0,50,42,random_k,4,5000,1,1
split_high_low,64,0,2550,random_matched,1.0,50,42,random_k,4,5000,1,1
split_high_low,64,0,2600,random_matched,1.0,50,42,random_k,4,5000,0,0
split_high_low,64,0,2650,random_matched,1.0,50,42,random_k,4,5000,1,1
split_high_low,64,0,2700,random_matched,1.0,50,42,random_k,4,5000,3,3
split_high_low,64,0,2750,random_matched,1.0,50,42,random_k,4,5000,3,3
split_high_low,64,0,2800,random_matched,1.0,50,42,random_k,4,5000,0,0
split_high_low,64,0,2850,random_matched,1.0,50,42,random_k,4,5000,3,3
split_high_low,64,0,2900,random_matched,1.0,50,42,random_k,4,5000,1,1
split_high_low,64,0,2950,random_matched,1.0,50,42,random_k,4,5000,0,0
split_high_low,64,0,3000,random_matched,1.0,50,42,random_k,4,5000,1,1
split_high_low,64,0,3050,random_matched,1.0,50,42,random_k,4,5000,2,2
split_high_low,64,0,3100,random_matched,1.0,50,42,random_k,4,5000,3,3
split_high_low,64,0,3150,random_matched,1.0,50,42,random_k,4,5000,1,1
split_high_low,64,0,3200,random_matched,1.0,50,42,random_k,4,5000,2,2
split_high_low,64,0,3250,random_matched,1.0,50,42,random_k,4,5000,1,1
split_high_low,64,0,3300,random_matched,1.0,50,42,random_k,4,5000,0,0
split_high_low,64,0,3350,random_matched,1.0,50,42,random_k,4,5000,2,2
split_high_low,64,0,3400,random_matched,1.0,50,42,random_k,4,5000,0,0
split_high_low,64,0,3450,random_matched,1.0,50,42,random_k,4,5000,3,3
split_high_low,64,0,3500,random_matched,1.0,50,42,random_k,4,5000,0,0
split_high_low,64,0,3550,random_matched,1.0,50,42,random_k,4,5000,2,2
split_high_low,64,0,3600,random_matched,1.0,50,42,random_k,4,5000,0,0
split_high_low,64,0,3650,random_matched,1.0,50,42,random_k,4,5000,1,1
split_high_low,64,0,3700,random_matched,1.0,50,42,random_k,4,5000,0,0
split_high_low,64,0,3750,random_matched,1.0,50,42,random_k,4,5000,0,0
split_high_low,64,0,3800,random_matched,1.0,50,42,random_k,4,5000,0,0
split_high_low,64,0,3850,random_matched,1.0,50,42,random_k,4,5000,1,1
split_high_low,64,0,3900,random_matched,1.0,50,42,random_k,4,5000,0,0
split_high_low,64,0,3950,random_matched,1.0,50,42,random_k,4,5000,1,1
split_high_low,64,0,4000,random_matched,1.0,50,42,random_k,4,5000,2,2
split_high_low,64,0,4050,random_matched,1.0,50,42,random_k,4,5000,1,1
split_high_low,64,0,4100,random_matched,1.0,50,42,random_k,4,5000,2,2
split_high_low,64,0,4150,random_matched,1.0,50,42,random_k,4,5000,1,1
split_high_low,64,0,4200,random_matched,1.0,50,42,random_k,4,5000,0,0
split_high_low,64,0,4250,random_matched,1.0,50,42,random_k,4,5000,1,1
split_high_low,64,0,4300,random_matched,1.0,50,42,random_k,4,5000,0,0
split_high_low,64,0,4350,random_matched,1.0,50,42,random_k,4,5000,1,1
split_high_low,64,0,4400,random_matched,1.0,50,42,random_k,4,5000,0,0
split_high_low,64,0,4450,random_matched,1.0,50,42,random_k,4,5000,0,0
split_high_low,64,0,4500,random_matched,1.0,50,42,random_k,4,5000,2,2
split_high_low,64,0,4550,random_matched,1.0,50,42,random_k,4,5000,2,2
split_high_low,64,0,4600,random_matched,1.0,50,42,random_k,4,5000,1,1
split_high_low,64,0,4650,random_matched,1.0,50,42,random_k,4,5000,1,1
split_high_low,64,0,4700,random_matched,1.0,50,42,random_k,4,5000,0,0
split_high_low,64,0,4750,random_matched,1.0,50,42,random_k,4,5000,0,0
split_high_low,64,0,4800,random_matched,1.0,50,42,random_k,4,5000,1,1
split_high_low,64,0,4850,random_matched,1.0,50,42,random_k,4,5000,1,1
split_high_low,64,0,4900,random_matched,1.0,50,42,random_k,4,5000,0,0
split_high_low,64,0,4950,random_matched,1.0,50,42,random_k,4,5000,0,0
split_high_low,64,0,5000,random_matched,1.0,50,42,random_k,4,5000,0,0
uniform_high,32,1,50,random_matched,1.0,50,42,random_k,4,5000,0,0
uniform_high,32,1,100,random_matched,1.0,50,42,random_k,4,5000,1,1
uniform_high,32,1,150,random_matched,1.0,50,42,random_k,4,5000,0,0
uniform_high,32,1,200,random_matched,1.0,50,42,random_k,4,5000,0,0
uniform_high,32,1,250,random_matched,1.0,50,42,random_k,4,5000,0,0
uniform_high,32,1,300,random_matched,1.0,50,42,random_k,4,5000,0,0
uniform_high,32,1,350,random_matched,1.0,50,42,random_k,4,5000,0,0
uniform_high,32,1,400,random_matched,1.0,50,42,random_k,4,5000,1,1
uniform_high,32,1,450,random_matched,1.0,50,42,random_k,4,5000,0,0
uniform_high,32,1,500,random_matched,1.0,50,42,random_k,4,5000,0,0
uniform_high,32,1,550,random_matched,1.0,50,42,random_k,4,5000,0,0
uniform_high,32,1,600,random_matched,1.0,50,42,random_k,4,5000,0,0
uniform_high,32,1,650,random_matched,1.0,50,42,random_k,4,5000,0,0
uniform_high,32,1,700,random_matched,1.0,50,42,random_k,4,5000,0,0
uniform_high,32,1,750,random_matched,1.0,50,42,random_k,4,5000,0,0
uniform_high,32,1,800,random_matched,1.0,50,42,random_k,4,5000,0,0
uniform_high,32,1,850,random_matched,1.0,50,42,random_k,4,5000,0,0
uniform_high,32,1,900,random_matched,1.0,50,42,random_k,4,5000,2,2
uniform_high,32,1,950,random_matched,1.0,50,42,random_k,4,5000,0,0
uniform_high,32,1,1000,random_matched,1.0,50,42,random_k,4,5000,0,0
uniform_high,32,1,1050,random_matched,1.0,50,42,random_k,4,5000,0,0
uniform_high,32,1,1100,random_matched,1.0,50,42,random_k,4,5000,0,0
uniform_high,32,1,1150,random_matched,1.0,50,42,random_k,4,5000,0,0
uniform_high,32,1,1200,random_matched,1.0,50,42,random_k,4,5000,1,1
uniform_high,32,1,1250,random_matched,1.0,50,42,random_k,4,5000,1,1
uniform_high,32,1,1300,random_matched,1.0,50,42,random_k,4,5000,0,0
uniform_high,32,1,1350,random_matched,1.0,50,42,random_k,4,5000,2,2
uniform_high,32,1,1400,random_matched,1.0,50,42,random_k,4,5000,0,0
uniform_high,32,1,1450,random_matched,1.0,50,42,random_k,4,5000,0,0
uniform_high,32,1,1500,random_matched,1.0,50,42,random_k,4,5000,0,0
uniform_high,32,1,1550,random_matched,1.0,50,42,random_k,4,5000,1,1
uniform_high,32,1,1600,random_matched,1.0,50,42,random_k,4,5000,0,0
uniform_high,32,1,1650,random_matched,1.0,50,42,random_k,4,5000,0,0
uniform_high,32,1,1700,random_matched,1.0,50,42,random_k,4,5000,0,0
uniform_high,32,1,1750,random_matched,1.0,50,42,random_k,4,5000,0,0
uniform_high,32,1,1800,random_matched,1.0,50,42,random_k,4,5000,0,0
uniform_high,32,1,1850,random_matched,1.0,50,42,random_k,4,5000,0,0
uniform_high,32,1,1900,random_matched,1.0,50,42,random_k,4,5000,0,0
uniform_high,32,1,1950,random_matched,1.0,50,42,random_k,4,5000,0,0
uniform_high,32,1,2000,random_matched,1.0,50,42,random_k,4,5000,0,0
uniform_high,32,1,2050,random_matched,1.0,50,42,random_k,4,5000,0,0
uniform_high,32,1,2100,random_matched,1.0,50,42,random_k,4,5000,0,0
uniform_high,32,1,2150,random_matched,1.0,50,42,random_k,4,5000,0,0
uniform_high,32,1,2200,random_matched,1.0,50,42,random_k,4,5000,2,2
uniform_high,32,1,2250,random_matched,1.0,50,42,random_k,4,5000,0,0
uniform_high,32,1,2300,random_matched,1.0,50,42,random_k,4,5000,0,0
uniform_high,32,1,2350,random_matched,1.0,50,42,random_k,4,5000,0,0
uniform_high,32,1,2400,random_matched,1.0,50,42,random_k,4,5000,0,0
uniform_high,32,1,2450,random_matched,1.0,50,42,random_k,4,5000,0,0
uniform_high,32,1,2500,random_matched,1.0,50,42,random_k,4,5000,0,0
uniform_high,32,1,2550,random_matched,1.0,50,42,random_k,4,5000,0,0
uniform_high,32,1,2600,random_matched,1.0,50,42,random_k,4,5000,0,0
uniform_high,32,1,2650,random_matched,1.0,50,42,random_k,4,5000,0,0
uniform_high,32,1,2700,random_matched,1.0,50,42,random_k,4,5000,0,0
uniform_high,32,1,2750,random_matched,1.0,50,42,random_k,4,5000,0,0
uniform_high,32,1,2800,random_matched,1.0,50,42,random_k,4,5000,0,0
uniform_high,32,1,2850,random_matched,1.0,50,42,random_k,4,5000,2,2
uniform_high,32,1,2900,random_matched,1.0,50,42,random_k,4,5000,0,0
uniform_high,32,1,2950,random_matched,1.0,50,42,random_k,4,5000,0,0
uniform_high,32,1,3000,random_matched,1.0,50,42,random_k,4,5000,1,1
uniform_high,32,1,3050,random_matched,1.0,50,42,random_k,4,5000,0,0
uniform_high,32,1,3100,random_matched,1.0,50,42,random_k,4,5000,0,0
uniform_high,32,1,3150,random_matched,1.0,50,42,random_k,4,5000,0,0
uniform_high,32,1,3200,random_matched,1.0,50,42,random_k,4,5000,0,0
uniform_high,32,1,3250,random_matched,1.0,50,42,random_k,4,5000,0,0
uniform_high,32,1,3300,random_matched,1.0,50,42,random_k,4,5000,0,0
uniform_high,32,1,3350,random_matched,1.0,50,42,random_k,4,5000,0,0
uniform_high,32,1,3400,random_matched,1.0,50,42,random_k,4,5000,0,0
uniform_high,32,1,3450,random_matched,1.0,50,42,random_k,4,5000,0,0
uniform_high,32,1,3500,random_matched,1.0,50,42,random_k,4,5000,0,0
uniform_high,32,1,3550,random_matched,1.0,50,42,random_k,4,5000,0,0
uniform_high,32,1,3600,random_matched,1.0,50,42,random_k,4,5000,0,0
uniform_high,32,1,3650,random_matched,1.0,50,42,random_k,4,5000,0,0
uniform_high,32,1,3700,random_matched,1.0,50,42,random_k,4,5000,0,0
uniform_high,32,1,3750,random_matched,1.0,50,42,random_k,4,5000,0,0
uniform_high,32,1,3800,random_matched,1.0,50,42,random_k,4,5000,0,0
uniform_high,32,1,3850,random_matched,1.0,50,42,random_k,4,5000,0,0
uniform_high,32,1,3900,random_matched,1.0,50,42,random_k,4,5000,0,0
uniform_high,32,1,3950,random_matched,1.0,50,42,random_k,4,5000,0,0
uniform_high,32,1,4000,random_matched,1.0,50,42,random_k,4,5000,0,0
uniform_high,32,1,4050,random_matched,1.0,50,42,random_k,4,5000,0,0
uniform_high,32,1,4100,random_matched,1.0,50,42,random_k,4,5000,0,0
uniform_high,32,1,4150,random_matched,1.0,50,42,random_k,4,5000,0,0
uniform_high,32,1,4200,random_matched,1.0,50,42,random_k,4,5000,0,0
uniform_high,32,1,4250,random_matched,1.0,50,42,random_k,4,5000,0,0
uniform_high,32,1,4300,random_matched,1.0,50,42,random_k,4,5000,0,0
uniform_high,32,1,4350,random_matched,1.0,50,42,random_k,4,5000,0,0
uniform_high,32,1,4400,random_matched,1.0,50,42,random_k,4,5000,0,0
uniform_high,32,1,4450,random_matched,1.0,50,42,random_k,4,5000,0,0
uniform_high,32,1,4500,random_matched,1.0,50,42,random_k,4,5000,0,0
uniform_high,32,1,4550,random_matched,1.0,50,42,random_k,4,5000,0,0
uniform_high,32,1,4600,random_matched,1.0,50,42,random_k,4,5000,0,0
uniform_high,32,1,4650,random_matched,1.0,50,42,random_k,4,5000,0,0
uniform_high,32,1,4700,random_matched,1.0,50,42,random_k,4,5000,0,0
uniform_high,32,1,4750,random_matched,1.0,50,42,random_k,4,5000,0,0
uniform_high,32,1,4800,random_matched,1.0,50,42,random_k,4,5000,0,0
uniform_high,32,1,4850,random_matched,1.0,50,42,random_k,4,5000,0,0
uniform_high,32,1,4900,random_matched,1.0,50,42,random_k,4,5000,0,0
uniform_high,32,1,4950,random_matched,1.0,50,42,random_k,4,5000,0,0
uniform_high,32,1,5000,random_matched,1.0,50,42,random_k,4,5000,0,0
uniform_high,64,1,50,random_matched,1.0,50,42,random_k,4,5000,1,1
uniform_high,64,1,100,random_matched,1.0,50,42,random_k,4,5000,0,0
uniform_high,64,1,150,random_matched,1.0,50,42,random_k,4,5000,2,2
uniform_high,64,1,200,random_matched,1.0,50,42,random_k,4,5000,1,1
uniform_high,64,1,250,random_matched,1.0,50,42,random_k,4,5000,0,0
uniform_high,64,1,300,random_matched,1.0,50,42,random_k,4,5000,1,1
uniform_high,64,1,350,random_matched,1.0,50,42,random_k,4,5000,4,4
uniform_high,64,1,400,random_matched,1.0,50,42,random_k,4,5000,1,1
uniform_high,64,1,450,random_matched,1.0,50,42,random_k,4,5000,3,3
uniform_high,64,1,500,random_matched,1.0,50,42,random_k,4,5000,1,1
uniform_high,64,1,550,random_matched,1.0,50,42,random_k,4,5000,2,2
uniform_high,64,1,600,random_matched,1.0,50,42,random_k,4,5000,4,4
uniform_high,64,1,650,random_matched,1.0,50,42,random_k,4,5000,2,2
uniform_high,64,1,700,random_matched,1.0,50,42,random_k,4,5000,1,1
uniform_high,64,1,750,random_matched,1.0,50,42,random_k,4,5000,5,5
uniform_high,64,1,800,random_matched,1.0,50,42,random_k,4,5000,1,1
uniform_high,64,1,850,random_matched,1.0,50,42,random_k,4,5000,2,2
uniform_high,64,1,900,random_matched,1.0,50,42,random_k,4,5000,2,2
uniform_high,64,1,950,random_matched,1.0,50,42,random_k,4,5000,2,2
uniform_high,64,1,1000,random_matched,1.0,50,42,random_k,4,5000,4,4
uniform_high,64,1,1050,random_matched,1.0,50,42,random_k,4,5000,0,0
uniform_high,64,1,1100,random_matched,1.0,50,42,random_k,4,5000,1,1
uniform_high,64,1,1150,random_matched,1.0,50,42,random_k,4,5000,3,3
uniform_high,64,1,1200,random_matched,1.0,50,42,random_k,4,5000,4,4
uniform_high,64,1,1250,random_matched,1.0,50,42,random_k,4,5000,1,1
uniform_high,64,1,1300,random_matched,1.0,50,42,random_k,4,5000,2,2
uniform_high,64,1,1350,random_matched,1.0,50,42,random_k,4,5000,3,3
uniform_high,64,1,1400,random_matched,1.0,50,42,random_k,4,5000,1,1
uniform_high,64,1,1450,random_matched,1.0,50,42,random_k,4,5000,0,0
uniform_high,64,1,1500,random_matched,1.0,50,42,random_k,4,5000,2,2
uniform_high,64,1,1550,random_matched,1.0,50,42,random_k,4,5000,2,2
uniform_high,64,1,1600,random_matched,1.0,50,42,random_k,4,5000,2,2
uniform_high,64,1,1650,random_matched,1.0,50,42,random_k,4,5000,2,2
uniform_high,64,1,1700,random_matched,1.0,50,42,random_k,4,5000,0,0
uniform_high,64,1,1750,random_matched,1.0,50,42,random_k,4,5000,2,2
uniform_high,64,1,1800,random_matched,1.0,50,42,random_k,4,5000,4,4
uniform_high,64,1,1850,random_matched,1.0,50,42,random_k,4,5000,1,1
uniform_high,64,1,1900,random_matched,1.0,50,42,random_k,4,5000,2,2
uniform_high,64,1,1950,random_matched,1.0,50,42,random_k,4,5000,4,4
uniform_high,64,1,2000,random_matched,1.0,50,42,random_k,4,5000,1,1
uniform_high,64,1,2050,random_matched,1.0,50,42,random_k,4,5000,3,3
uniform_high,64,1,2100,random_matched,1.0,50,42,random_k,4,5000,2,2
uniform_high,64,1,2150,random_matched,1.0,50,42,random_k,4,5000,1,1
uniform_high,64,1,2200,random_matched,1.0,50,42,random_k,4,5000,1,1
uniform_high,64,1,2250,random_matched,1.0,50,42,random_k,4,5000,0,0
uniform_high,64,1,2300,random_matched,1.0,50,42,random_k,4,5000,1,1
uniform_high,64,1,2350,random_matched,1.0,50,42,random_k,4,5000,4,4
uniform_high,64,1,2400,random_matched,1.0,50,42,random_k,4,5000,2,2
uniform_high,64,1,2450,random_matched,1.0,50,42,random_k,4,5000,3,3
uniform_high,64,1,2500,random_matched,1.0,50,42,random_k,4,5000,1,1
uniform_high,64,1,2550,random_matched,1.0,50,42,random_k,4,5000,7,7
uniform_high,64,1,2600,random_matched,1.0,50,42,random_k,4,5000,1,1
uniform_high,64,1,2650,random_matched,1.0,50,42,random_k,4,5000,0,0
uniform_high,64,1,2700,random_matched,1.0,50,42,random_k,4,5000,4,4
uniform_high,64,1,2750,random_matched,1.0,50,42,random_k,4,5000,2,2
uniform_high,64,1,2800,random_matched,1.0,50,42,random_k,4,5000,2,2
uniform_high,64,1,2850,random_matched,1.0,50,42,random_k,4,5000,3,3
uniform_high,64,1,2900,random_matched,1.0,50,42,random_k,4,5000,1,1
uniform_high,64,1,2950,random_matched,1.0,50,42,random_k,4,5000,2,2
uniform_high,64,1,3000,random_matched,1.0,50,42,random_k,4,5000,2,2
uniform_high,64,1,3050,random_matched,1.0,50,42,random_k,4,5000,1,1
uniform_high,64,1,3100,random_matched,1.0,50,42,random_k,4,5000,1,1
uniform_high,64,1,3150,random_matched,1.0,50,42,random_k,4,5000,2,2
uniform_high,64,1,3200,random_matched,1.0,50,42,random_k,4,5000,3,3
uniform_high,64,1,3250,random_matched,1.0,50,42,random_k,4,5000,3,3
uniform_high,64,1,3300,random_matched,1.0,50,42,random_k,4,5000,0,0
uniform_high,64,1,3350,random_matched,1.0,50,42,random_k,4,5000,5,5
uniform_high,64,1,3400,random_matched,1.0,50,42,random_k,4,5000,1,1
uniform_high,64,1,3450,random_matched,1.0,50,42,random_k,4,5000,1,1
uniform_high,64,1,3500,random_matched,1.0,50,42,random_k,4,5000,0,0
uniform_high,64,1,3550,random_matched,1.0,50,42,random_k,4,5000,0,0
uniform_high,64,1,3600,random_matched,1.0,50,42,random_k,4,5000,2,2
uniform_high,64,1,3650,random_matched,1.0,50,42,random_k,4,5000,0,0
uniform_high,64,1,3700,random_matched,1.0,50,42,random_k,4,5000,1,1
uniform_high,64,1,3750,random_matched,1.0,50,42,random_k,4,5000,2,2
uniform_high,64,1,3800,random_matched,1.0,50,42,random_k,4,5000,3,3
uniform_high,64,1,3850,random_matched,1.0,50,42,random_k,4,5000,2,2
uniform_high,64,1,3900,random_matched,1.0,50,42,random_k,4,5000,1,1
uniform_high,64,1,3950,random_matched,1.0,50,42,random_k,4,5000,5,5
uniform_high,64,1,4000,random_matched,1.0,50,42,random_k,4,5000,2,2
uniform_high,64,1,4050,random_matched,1.0,50,42,random_k,4,5000,2,2
uniform_high,64,1,4100,random_matched,1.0,50,42,random_k,4,5000,1,1
uniform_high,64,1,4150,random_matched,1.0,50,42,random_k,4,5000,0,0
uniform_high,64,1,4200,random_matched,1.0,50,42,random_k,4,5000,1,1
uniform_high,64,1,4250,random_matched,1.0,50,42,random_k,4,5000,2,2
uniform_high,64,1,4300,random_matched,1.0,50,42,random_k,4,5000,0,0
uniform_high,64,1,4350,random_matched,1.0,50,42,random_k,4,5000,0,0
uniform_high,64,1,4400,random_matched,1.0,50,42,random_k,4,5000,0,0
uniform_high,64,1,4450,random_matched,1.0,50,42,random_k,4,5000,1,1
uniform_high,64,1,4500,random_matched,1.0,50,42,random_k,4,5000,1,1
uniform_high,64,1,4550,random_matched,1.0,50,42,random_k,4,5000,3,3
uniform_high,64,1,4600,random_matched,1.0,50,42,random_k,4,5000,4,4
uniform_high,64,1,4650,random_matched,1.0,50,42,random_k,4,5000,3,3
uniform_high,64,1,4700,random_matched,1.0,50,42,random_k,4,5000,3,3
uniform_high,64,1,4750,random_matched,1.0,50,42,random_k,4,5000,2,2
uniform_high,64,1,4800,random_matched,1.0,50,42,random_k,4,5000,0,0
uniform_high,64,1,4850,random_matched,1.0,50,42,random_k,4,5000,2,2
uniform_high,64,1,4900,random_matched,1.0,50,42,random_k,4,5000,2,2
uniform_high,64,1,4950,random_matched,1.0,50,42,random_k,4,5000,3,3
uniform_high,64,1,5000,random_matched,1.0,50,42,random_k,4,5000,0,0
patchy_high,32,1,50,random_matched,1.0,50,42,random_k,4,5000,1,1
patchy_high,32,1,100,random_matched,1.0,50,42,random_k,4,5000,0,0
patchy_high,32,1,150,random_matched,1.0,50,42,random_k,4,5000,0,0
patchy_high,32,1,200,random_matched,1.0,50,42,random_k,4,5000,0,0
patchy_high,32,1,250,random_matched,1.0,50,42,random_k,4,5000,0,0
patchy_high,32,1,300,random_matched,1.0,50,42,random_k,4,5000,1,1
patchy_high,32,1,350,random_matched,1.0,50,42,random_k,4,5000,0,0
patchy_high,32,1,400,random_matched,1.0,50,42,random_k,4,5000,0,0
patchy_high,32,1,450,random_matched,1.0,50,42,random_k,4,5000,0,0
patchy_high,32,1,500,random_matched,1.0,50,42,random_k,4,5000,0,0
patchy_high,32,1,550,random_matched,1.0,50,42,random_k,4,5000,0,0
patchy_high,32,1,600,random_matched,1.0,50,42,random_k,4,5000,0,0
patchy_high,32,1,650,random_matched,1.0,50,42,random_k,4,5000,0,0
patchy_high,32,1,700,random_matched,1.0,50,42,random_k,4,5000,2,2
patchy_high,32,1,750,random_matched,1.0,50,42,random_k,4,5000,0,0
patchy_high,32,1,800,random_matched,1.0,50,42,random_k,4,5000,0,0
patchy_high,32,1,850,random_matched,1.0,50,42,random_k,4,5000,0,0
patchy_high,32,1,900,random_matched,1.0,50,42,random_k,4,5000,2,2
patchy_high,32,1,950,random_matched,1.0,50,42,random_k,4,5000,1,1
patchy_high,32,1,1000,random_matched,1.0,50,42,random_k,4,5000,1,1
patchy_high,32,1,1050,random_matched,1.0,50,42,random_k,4,5000,0,0
patchy_high,32,1,1100,random_matched,1.0,50,42,random_k,4,5000,0,0
patchy_high,32,1,1150,random_matched,1.0,50,42,random_k,4,5000,0,0
patchy_high,32,1,1200,random_matched,1.0,50,42,random_k,4,5000,0,0
patchy_high,32,1,1250,random_matched,1.0,50,42,random_k,4,5000,0,0
patchy_high,32,1,1300,random_matched,1.0,50,42,random_k,4,5000,0,0
patchy_high,32,1,1350,random_matched,1.0,50,42,random_k,4,5000,2,2
patchy_high,32,1,1400,random_matched,1.0,50,42,random_k,4,5000,1,1
patchy_high,32,1,1450,random_matched,1.0,50,42,random_k,4,5000,0,0
patchy_high,32,1,1500,random_matched,1.0,50,42,random_k,4,5000,0,0
patchy_high,32,1,1550,random_matched,1.0,50,42,random_k,4,5000,0,0
patchy_high,32,1,1600,random_matched,1.0,50,42,random_k,4,5000,0,0
patchy_high,32,1,1650,random_matched,1.0,50,42,random_k,4,5000,0,0
patchy_high,32,1,1700,random_matched,1.0,50,42,random_k,4,5000,0,0
patchy_high,32,1,1750,random_matched,1.0,50,42,random_k,4,5000,0,0
patchy_high,32,1,1800,random_matched,1.0,50,42,random_k,4,5000,0,0
patchy_high,32,1,1850,random_matched,1.0,50,42,random_k,4,5000,2,2
patchy_high,32,1,1900,random_matched,1.0,50,42,random_k,4,5000,0,0
patchy_high,32,1,1950,random_matched,1.0,50,42,random_k,4,5000,0,0
patchy_high,32,1,2000,random_matched,1.0,50,42,random_k,4,5000,0,0
patchy_high,32,1,2050,random_matched,1.0,50,42,random_k,4,5000,0,0
patchy_high,32,1,2100,random_matched,1.0,50,42,random_k,4,5000,0,0
patchy_high,32,1,2150,random_matched,1.0,50,42,random_k,4,5000,0,0
patchy_high,32,1,2200,random_matched,1.0,50,42,random_k,4,5000,1,1
patchy_high,32,1,2250,random_matched,1.0,50,42,random_k,4,5000,0,0
patchy_high,32,1,2300,random_matched,1.0,50,42,random_k,4,5000,0,0
patchy_high,32,1,2350,random_matched,1.0,50,42,random_k,4,5000,0,0
patchy_high,32,1,2400,random_matched,1.0,50,42,random_k,4,5000,0,0
patchy_high,32,1,2450,random_matched,1.0,50,42,random_k,4,5000,0,0
patchy_high,32,1,2500,random_matched,1.0,50,42,random_k,4,5000,0,0
patchy_high,32,1,2550,random_matched,1.0,50,42,random_k,4,5000,0,0
patchy_high,32,1,2600,random_matched,1.0,50,42,random_k,4,5000,0,0
patchy_high,32,1,2650,random_matched,1.0,50,42,random_k,4,5000,0,0
patchy_high,32,1,2700,random_matched,1.0,50,42,random_k,4,5000,0,0
patchy_high,32,1,2750,random_matched,1.0,50,42,random_k,4,5000,0,0
patchy_high,32,1,2800,random_matched,1.0,50,42,random_k,4,5000,0,0
patchy_high,32,1,2850,random_matched,1.0,50,42,random_k,4,5000,0,0
patchy_high,32,1,2900,random_matched,1.0,50,42,random_k,4,5000,0,0
patchy_high,32,1,2950,random_matched,1.0,50,42,random_k,4,5000,0,0
patchy_high,32,1,3000,random_matched,1.0,50,42,random_k,4,5000,0,0
patchy_high,32,1,3050,random_matched,1.0,50,42,random_k,4,5000,0,0
patchy_high,32,1,3100,random_matched,1.0,50,42,random_k,4,5000,0,0
patchy_high,32,1,3150,random_matched,1.0,50,42,random_k,4,5000,0,0
patchy_high,32,1,3200,random_matched,1.0,50,42,random_k,4,5000,0,0
patchy_high,32,1,3250,random_matched,1.0,50,42,random_k,4,5000,0,0
patchy_high,32,1,3300,random_matched,1.0,50,42,random_k,4,5000,0,0
patchy_high,32,1,3350,random_matched,1.0,50,42,random_k,4,5000,0,0
patchy_high,32,1,3400,random_matched,1.0,50,42,random_k,4,5000,0,0
patchy_high,32,1,3450,random_matched,1.0,50,42,random_k,4,5000,0,0
patchy_high,32,1,3500,random_matched,1.0,50,42,random_k,4,5000,0,0
patchy_high,32,1,3550,random_matched,1.0,50,42,random_k,4,5000,0,0
patchy_high,32,1,3600,random_matched,1.0,50,42,random_k,4,5000,0,0
patchy_high,32,1,3650,random_matched,1.0,50,42,random_k,4,5000,0,0
patchy_high,32,1,3700,random_matched,1.0,50,42,random_k,4,5000,0,0
patchy_high,32,1,3750,random_matched,1.0,50,42,random_k,4,5000,0,0
patchy_high,32,1,3800,random_matched,1.0,50,42,random_k,4,5000,0,0
patchy_high,32,1,3850,random_matched,1.0,50,42,random_k,4,5000,0,0
patchy_high,32,1,3900,random_matched,1.0,50,42,random_k,4,5000,0,0
patchy_high,32,1,3950,random_matched,1.0,50,42,random_k,4,5000,0,0
patchy_high,32,1,4000,random_matched,1.0,50,42,random_k,4,5000,0,0
patchy_high,32,1,4050,random_matched,1.0,50,42,random_k,4,5000,0,0
patchy_high,32,1,4100,random_matched,1.0,50,42,random_k,4,5000,0,0
patchy_high,32,1,4150,random_matched,1.0,50,42,random_k,4,5000,0,0
patchy_high,32,1,4200,random_matched,1.0,50,42,random_k,4,5000,0,0
patchy_high,32,1,4250,random_matched,1.0,50,42,random_k,4,5000,0,0
patchy_high,32,1,4300,random_matched,1.0,50,42,random_k,4,5000,0,0
patchy_high,32,1,4350,random_matched,1.0,50,42,random_k,4,5000,0,0
patchy_high,32,1,4400,random_matched,1.0,50,42,random_k,4,5000,0,0
patchy_high,32,1,4450,random_matched,1.0,50,42,random_k,4,5000,0,0
patchy_high,32,1,4500,random_matched,1.0,50,42,random_k,4,5000,0,0
patchy_high,32,1,4550,random_matched,1.0,50,42,random_k,4,5000,0,0
patchy_high,32,1,4600,random_matched,1.0,50,42,random_k,4,5000,0,0
patchy_high,32,1,4650,random_matched,1.0,50,42,random_k,4,5000,0,0
patchy_high,32,1,4700,random_matched,1.0,50,42,random_k,4,5000,0,0
patchy_high,32,1,4750,random_matched,1.0,50,42,random_k,4,5000,0,0
patchy_high,32,1,4800,random_matched,1.0,50,42,random_k,4,5000,0,0
patchy_high,32,1,4850,random_matched,1.0,50,42,random_k,4,5000,0,0
patchy_high,32,1,4900,random_matched,1.0,50,42,random_k,4,5000,0,0
patchy_high,32,1,4950,random_matched,1.0,50,42,random_k,4,5000,0,0
patchy_high,32,1,5000,random_matched,1.0,50,42,random_k,4,5000,0,0
patchy_high,64,1,50,random_matched,1.0,50,42,random_k,4,5000,1,1
patchy_high,64,1,100,random_matched,1.0,50,42,random_k,4,5000,0,0
patchy_high,64,1,150,random_matched,1.0,50,42,random_k,4,5000,1,1
patchy_high,64,1,200,random_matched,1.0,50,42,random_k,4,5000,1,1
patchy_high,64,1,250,random_matched,1.0,50,42,random_k,4,5000,1,1
patchy_high,64,1,300,random_matched,1.0,50,42,random_k,4,5000,0,0
patchy_high,64,1,350,random_matched,1.0,50,42,random_k,4,5000,5,5
patchy_high,64,1,400,random_matched,1.0,50,42,random_k,4,5000,1,1
patchy_high,64,1,450,random_matched,1.0,50,42,random_k,4,5000,3,3
patchy_high,64,1,500,random_matched,1.0,50,42,random_k,4,5000,1,1
patchy_high,64,1,550,random_matched,1.0,50,42,random_k,4,5000,2,2
patchy_high,64,1,600,random_matched,1.0,50,42,random_k,4,5000,3,3
patchy_high,64,1,650,random_matched,1.0,50,42,random_k,4,5000,3,3
patchy_high,64,1,700,random_matched,1.0,50,42,random_k,4,5000,3,3
patchy_high,64,1,750,random_matched,1.0,50,42,random_k,4,5000,3,3
patchy_high,64,1,800,random_matched,1.0,50,42,random_k,4,5000,1,1
patchy_high,64,1,850,random_matched,1.0,50,42,random_k,4,5000,3,3
patchy_high,64,1,900,random_matched,1.0,50,42,random_k,4,5000,1,1
patchy_high,64,1,950,random_matched,1.0,50,42,random_k,4,5000,2,2
patchy_high,64,1,1000,random_matched,1.0,50,42,random_k,4,5000,1,1
patchy_high,64,1,1050,random_matched,1.0,50,42,random_k,4,5000,3,3
patchy_high,64,1,1100,random_matched,1.0,50,42,random_k,4,5000,1,1
patchy_high,64,1,1150,random_matched,1.0,50,42,random_k,4,5000,4,4
patchy_high,64,1,1200,random_matched,1.0,50,42,random_k,4,5000,2,2
patchy_high,64,1,1250,random_matched,1.0,50,42,random_k,4,5000,2,2
patchy_high,64,1,1300,random_matched,1.0,50,42,random_k,4,5000,2,2
patchy_high,64,1,1350,random_matched,1.0,50,42,random_k,4,5000,2,2
patchy_high,64,1,1400,random_matched,1.0,50,42,random_k,4,5000,2,2
patchy_high,64,1,1450,random_matched,1.0,50,42,random_k,4,5000,2,2
patchy_high,64,1,1500,random_matched,1.0,50,42,random_k,4,5000,2,2
patchy_high,64,1,1550,random_matched,1.0,50,42,random_k,4,5000,2,2
patchy_high,64,1,1600,random_matched,1.0,50,42,random_k,4,5000,2,2
patchy_high,64,1,1650,random_matched,1.0,50,42,random_k,4,5000,0,0
patchy_high,64,1,1700,random_matched,1.0,50,42,random_k,4,5000,3,3
patchy_high,64,1,1750,random_matched,1.0,50,42,random_k,4,5000,3,3
patchy_high,64,1,1800,random_matched,1.0,50,42,random_k,4,5000,4,4
patchy_high,64,1,1850,random_matched,1.0,50,42,random_k,4,5000,3,3
patchy_high,64,1,1900,random_matched,1.0,50,42,random_k,4,5000,3,3
patchy_high,64,1,1950,random_matched,1.0,50,42,random_k,4,5000,1,1
patchy_high,64,1,2000,random_matched,1.0,50,42,random_k,4,5000,3,3
patchy_high,64,1,2050,random_matched,1.0,50,42,random_k,4,5000,1,1
patchy_high,64,1,2100,random_matched,1.0,50,42,random_k,4,5000,1,1
patchy_high,64,1,2150,random_matched,1.0,50,42,random_k,4,5000,2,2
patchy_high,64,1,2200,random_matched,1.0,50,42,random_k,4,5000,2,2
patchy_high,64,1,2250,random_matched,1.0,50,42,random_k,4,5000,5,5
patchy_high,64,1,2300,random_matched,1.0,50,42,random_k,4,5000,3,3
patchy_high,64,1,2350,random_matched,1.0,50,42,random_k,4,5000,6,6
patchy_high,64,1,2400,random_matched,1.0,50,42,random_k,4,5000,0,0
patchy_high,64,1,2450,random_matched,1.0,50,42,random_k,4,5000,1,1
patchy_high,64,1,2500,random_matched,1.0,50,42,random_k,4,5000,5,5
patchy_high,64,1,2550,random_matched,1.0,50,42,random_k,4,5000,3,3
patchy_high,64,1,2600,random_matched,1.0,50,42,random_k,4,5000,1,1
patchy_high,64,1,2650,random_matched,1.0,50,42,random_k,4,5000,2,2
patchy_high,64,1,2700,random_matched,1.0,50,42,random_k,4,5000,1,1
patchy_high,64,1,2750,random_matched,1.0,50,42,random_k,4,5000,3,3
patchy_high,64,1,2800,random_matched,1.0,50,42,random_k,4,5000,1,1
patchy_high,64,1,2850,random_matched,1.0,50,42,random_k,4,5000,1,1
patchy_high,64,1,2900,random_matched,1.0,50,42,random_k,4,5000,2,2
patchy_high,64,1,2950,random_matched,1.0,50,42,random_k,4,5000,5,5
patchy_high,64,1,3000,random_matched,1.0,50,42,random_k,4,5000,1,1
patchy_high,64,1,3050,random_matched,1.0,50,42,random_k,4,5000,2,2
patchy_high,64,1,3100,random_matched,1.0,50,42,random_k,4,5000,3,3
patchy_high,64,1,3150,random_matched,1.0,50,42,random_k,4,5000,2,2
patchy_high,64,1,3200,random_matched,1.0,50,42,random_k,4,5000,0,0
patchy_high,64,1,3250,random_matched,1.0,50,42,random_k,4,5000,1,1
patchy_high,64,1,3300,random_matched,1.0,50,42,random_k,4,5000,1,1
patchy_high,64,1,3350,random_matched,1.0,50,42,random_k,4,5000,3,3
patchy_high,64,1,3400,random_matched,1.0,50,42,random_k,4,5000,3,3
patchy_high,64,1,3450,random_matched,1.0,50,42,random_k,4,5000,2,2
patchy_high,64,1,3500,random_matched,1.0,50,42,random_k,4,5000,5,5
patchy_high,64,1,3550,random_matched,1.0,50,42,random_k,4,5000,1,1
patchy_high,64,1,3600,random_matched,1.0,50,42,random_k,4,5000,4,4
patchy_high,64,1,3650,random_matched,1.0,50,42,random_k,4,5000,1,1
patchy_high,64,1,3700,random_matched,1.0,50,42,random_k,4,5000,1,1
patchy_high,64,1,3750,random_matched,1.0,50,42,random_k,4,5000,2,2
patchy_high,64,1,3800,random_matched,1.0,50,42,random_k,4,5000,0,0
patchy_high,64,1,3850,random_matched,1.0,50,42,random_k,4,5000,0,0
patchy_high,64,1,3900,random_matched,1.0,50,42,random_k,4,5000,1,1
patchy_high,64,1,3950,random_matched,1.0,50,42,random_k,4,5000,1,1
patchy_high,64,1,4000,random_matched,1.0,50,42,random_k,4,5000,3,3
patchy_high,64,1,4050,random_matched,1.0,50,42,random_k,4,5000,2,2
patchy_high,64,1,4100,random_matched,1.0,50,42,random_k,4,5000,4,4
patchy_high,64,1,4150,random_matched,1.0,50,42,random_k,4,5000,2,2
patchy_high,64,1,4200,random_matched,1.0,50,42,random_k,4,5000,4,4
patchy_high,64,1,4250,random_matched,1.0,50,42,random_k,4,5000,1,1
patchy_high,64,1,4300,random_matched,1.0,50,42,random_k,4,5000,6,6
patchy_high,64,1,4350,random_matched,1.0,50,42,random_k,4,5000,2,2
patchy_high,64,1,4400,random_matched,1.0,50,42,random_k,4,5000,1,1
patchy_high,64,1,4450,random_matched,1.0,50,42,random_k,4,5000,1,1
patchy_high,64,1,4500,random_matched,1.0,50,42,random_k,4,5000,2,2
patchy_high,64,1,4550,random_matched,1.0,50,42,random_k,4,5000,0,0
patchy_high,64,1,4600,random_matched,1.0,50,42,random_k,4,5000,0,0
patchy_high,64,1,4650,random_matched,1.0,50,42,random_k,4,5000,5,5
patchy_high,64,1,4700,random_matched,1.0,50,42,random_k,4,5000,3,3
patchy_high,64,1,4750,random_matched,1.0,50,42,random_k,4,5000,3,3
patchy_high,64,1,4800,random_matched,1.0,50,42,random_k,4,5000,2,2
patchy_high,64,1,4850,random_matched,1.0,50,42,random_k,4,5000,1,1
patchy_high,64,1,4900,random_matched,1.0,50,42,random_k,4,5000,1,1
patchy_high,64,1,4950,random_matched,1.0,50,42,random_k,4,5000,1,1
patchy_high,64,1,5000,random_matched,1.0,50,42,random_k,4,5000,0,0
split_high_low,32,1,50,random_matched,1.0,50,42,random_k,4,5000,1,1
split_high_low,32,1,100,random_matched,1.0,50,42,random_k,4,5000,0,0
split_high_low,32,1,150,random_matched,1.0,50,42,random_k,4,5000,0,0
split_high_low,32,1,200,random_matched,1.0,50,42,random_k,4,5000,0,0
split_high_low,32,1,250,random_matched,1.0,50,42,random_k,4,5000,1,1
split_high_low,32,1,300,random_matched,1.0,50,42,random_k,4,5000,0,0
split_high_low,32,1,350,random_matched,1.0,50,42,random_k,4,5000,0,0
split_high_low,32,1,400,random_matched,1.0,50,42,random_k,4,5000,0,0
split_high_low,32,1,450,random_matched,1.0,50,42,random_k,4,5000,0,0
split_high_low,32,1,500,random_matched,1.0,50,42,random_k,4,5000,0,0
split_high_low,32,1,550,random_matched,1.0,50,42,random_k,4,5000,0,0
split_high_low,32,1,600,random_matched,1.0,50,42,random_k,4,5000,0,0
split_high_low,32,1,650,random_matched,1.0,50,42,random_k,4,5000,0,0
split_high_low,32,1,700,random_matched,1.0,50,42,random_k,4,5000,0,0
split_high_low,32,1,750,random_matched,1.0,50,42,random_k,4,5000,1,1
split_high_low,32,1,800,random_matched,1.0,50,42,random_k,4,5000,1,1
split_high_low,32,1,850,random_matched,1.0,50,42,random_k,4,5000,0,0
split_high_low,32,1,900,random_matched,1.0,50,42,random_k,4,5000,0,0
split_high_low,32,1,950,random_matched,1.0,50,42,random_k,4,5000,0,0
split_high_low,32,1,1000,random_matched,1.0,50,42,random_k,4,5000,2,2
split_high_low,32,1,1050,random_matched,1.0,50,42,random_k,4,5000,0,0
split_high_low,32,1,1100,random_matched,1.0,50,42,random_k,4,5000,0,0
split_high_low,32,1,1150,random_matched,1.0,50,42,random_k,4,5000,1,1
split_high_low,32,1,1200,random_matched,1.0,50,42,random_k,4,5000,1,1
split_high_low,32,1,1250,random_matched,1.0,50,42,random_k,4,5000,0,0
split_high_low,32,1,1300,random_matched,1.0,50,42,random_k,4,5000,0,0
split_high_low,32,1,1350,random_matched,1.0,50,42,random_k,4,5000,1,1
split_high_low,32,1,1400,random_matched,1.0,50,42,random_k,4,5000,2,2
split_high_low,32,1,1450,random_matched,1.0,50,42,random_k,4,5000,0,0
split_high_low,32,1,1500,random_matched,1.0,50,42,random_k,4,5000,0,0
split_high_low,32,1,1550,random_matched,1.0,50,42,random_k,4,5000,0,0
split_high_low,32,1,1600,random_matched,1.0,50,42,random_k,4,5000,0,0
split_high_low,32,1,1650,random_matched,1.0,50,42,random_k,4,5000,1,1
split_high_low,32,1,1700,random_matched,1.0,50,42,random_k,4,5000,1,1
split_high_low,32,1,1750,random_matched,1.0,50,42,random_k,4,5000,0,0
split_high_low,32,1,1800,random_matched,1.0,50,42,random_k,4,5000,0,0
split_high_low,32,1,1850,random_matched,1.0,50,42,random_k,4,5000,0,0
split_high_low,32,1,1900,random_matched,1.0,50,42,random_k,4,5000,0,0
split_high_low,32,1,1950,random_matched,1.0,50,42,random_k,4,5000,0,0
split_high_low,32,1,2000,random_matched,1.0,50,42,random_k,4,5000,0,0
split_high_low,32,1,2050,random_matched,1.0,50,42,random_k,4,5000,0,0
split_high_low,32,1,2100,random_matched,1.0,50,42,random_k,4,5000,0,0
split_high_low,32,1,2150,random_matched,1.0,50,42,random_k,4,5000,1,1
split_high_low,32,1,2200,random_matched,1.0,50,42,random_k,4,5000,0,0
split_high_low,32,1,2250,random_matched,1.0,50,42,random_k,4,5000,0,0
split_high_low,32,1,2300,random_matched,1.0,50,42,random_k,4,5000,0,0
split_high_low,32,1,2350,random_matched,1.0,50,42,random_k,4,5000,0,0
split_high_low,32,1,2400,random_matched,1.0,50,42,random_k,4,5000,0,0
split_high_low,32,1,2450,random_matched,1.0,50,42,random_k,4,5000,0,0
split_high_low,32,1,2500,random_matched,1.0,50,42,random_k,4,5000,0,0
split_high_low,32,1,2550,random_matched,1.0,50,42,random_k,4,5000,0,0
split_high_low,32,1,2600,random_matched,1.0,50,42,random_k,4,5000,0,0
split_high_low,32,1,2650,random_matched,1.0,50,42,random_k,4,5000,0,0
split_high_low,32,1,2700,random_matched,1.0,50,42,random_k,4,5000,0,0
split_high_low,32,1,2750,random_matched,1.0,50,42,random_k,4,5000,0,0
split_high_low,32,1,2800,random_matched,1.0,50,42,random_k,4,5000,0,0
split_high_low,32,1,2850,random_matched,1.0,50,42,random_k,4,5000,0,0
split_high_low,32,1,2900,random_matched,1.0,50,42,random_k,4,5000,0,0
split_high_low,32,1,2950,random_matched,1.0,50,42,random_k,4,5000,0,0
split_high_low,32,1,3000,random_matched,1.0,50,42,random_k,4,5000,0,0
split_high_low,32,1,3050,random_matched,1.0,50,42,random_k,4,5000,0,0
split_high_low,32,1,3100,random_matched,1.0,50,42,random_k,4,5000,0,0
split_high_low,32,1,3150,random_matched,1.0,50,42,random_k,4,5000,0,0
split_high_low,32,1,3200,random_matched,1.0,50,42,random_k,4,5000,0,0
split_high_low,32,1,3250,random_matched,1.0,50,42,random_k,4,5000,0,0
split_high_low,32,1,3300,random_matched,1.0,50,42,random_k,4,5000,0,0
split_high_low,32,1,3350,random_matched,1.0,50,42,random_k,4,5000,0,0
split_high_low,32,1,3400,random_matched,1.0,50,42,random_k,4,5000,0,0
split_high_low,32,1,3450,random_matched,1.0,50,42,random_k,4,5000,0,0
split_high_low,32,1,3500,random_matched,1.0,50,42,random_k,4,5000,0,0
split_high_low,32,1,3550,random_matched,1.0,50,42,random_k,4,5000,0,0
split_high_low,32,1,3600,random_matched,1.0,50,42,random_k,4,5000,0,0
split_high_low,32,1,3650,random_matched,1.0,50,42,random_k,4,5000,0,0
split_high_low,32,1,3700,random_matched,1.0,50,42,random_k,4,5000,0,0
split_high_low,32,1,3750,random_matched,1.0,50,42,random_k,4,5000,0,0
split_high_low,32,1,3800,random_matched,1.0,50,42,random_k,4,5000,0,0
split_high_low,32,1,3850,random_matched,1.0,50,42,random_k,4,5000,0,0
split_high_low,32,1,3900,random_matched,1.0,50,42,random_k,4,5000,0,0
split_high_low,32,1,3950,random_matched,1.0,50,42,random_k,4,5000,0,0
split_high_low,32,1,4000,random_matched,1.0,50,42,random_k,4,5000,0,0
split_high_low,32,1,4050,random_matched,1.0,50,42,random_k,4,5000,0,0
split_high_low,32,1,4100,random_matched,1.0,50,42,random_k,4,5000,0,0
split_high_low,32,1,4150,random_matched,1.0,50,42,random_k,4,5000,0,0
split_high_low,32,1,4200,random_matched,1.0,50,42,random_k,4,5000,0,0
split_high_low,32,1,4250,random_matched,1.0,50,42,random_k,4,5000,0,0
split_high_low,32,1,4300,random_matched,1.0,50,42,random_k,4,5000,0,0
split_high_low,32,1,4350,random_matched,1.0,50,42,random_k,4,5000,0,0
split_high_low,32,1,4400,random_matched,1.0,50,42,random_k,4,5000,0,0
split_high_low,32,1,4450,random_matched,1.0,50,42,random_k,4,5000,0,0
split_high_low,32,1,4500,random_matched,1.0,50,42,random_k,4,5000,0,0
split_high_low,32,1,4550,random_matched,1.0,50,42,random_k,4,5000,0,0
split_high_low,32,1,4600,random_matched,1.0,50,42,random_k,4,5000,0,0
split_high_low,32,1,4650,random_matched,1.0,50,42,random_k,4,5000,0,0
split_high_low,32,1,4700,random_matched,1.0,50,42,random_k,4,5000,0,0
split_high_low,32,1,4750,random_matched,1.0,50,42,random_k,4,5000,0,0
split_high_low,32,1,4800,random_matched,1.0,50,42,random_k,4,5000,0,0
split_high_low,32,1,4850,random_matched,1.0,50,42,random_k,4,5000,0,0
split_high_low,32,1,4900,random_matched,1.0,50,42,random_k,4,5000,0,0
split_high_low,32,1,4950,random_matched,1.0,50,42,random_k,4,5000,0,0
split_high_low,32,1,5000,random_matched,1.0,50,42,random_k,4,5000,0,0
split_high_low,64,1,50,random_matched,1.0,50,42,random_k,4,5000,1,1
split_high_low,64,1,100,random_matched,1.0,50,42,random_k,4,5000,3,3
split_high_low,64,1,150,random_matched,1.0,50,42,random_k,4,5000,0,0
split_high_low,64,1,200,random_matched,1.0,50,42,random_k,4,5000,2,2
split_high_low,64,1,250,random_matched,1.0,50,42,random_k,4,5000,1,1
split_high_low,64,1,300,random_matched,1.0,50,42,random_k,4,5000,2,2
split_high_low,64,1,350,random_matched,1.0,50,42,random_k,4,5000,4,4
split_high_low,64,1,400,random_matched,1.0,50,42,random_k,4,5000,0,0
split_high_low,64,1,450,random_matched,1.0,50,42,random_k,4,5000,1,1
split_high_low,64,1,500,random_matched,1.0,50,42,random_k,4,5000,3,3
split_high_low,64,1,550,random_matched,1.0,50,42,random_k,4,5000,5,5
split_high_low,64,1,600,random_matched,1.0,50,42,random_k,4,5000,0,0
split_high_low,64,1,650,random_matched,1.0,50,42,random_k,4,5000,3,3
split_high_low,64,1,700,random_matched,1.0,50,42,random_k,4,5000,3,3
split_high_low,64,1,750,random_matched,1.0,50,42,random_k,4,5000,3,3
split_high_low,64,1,800,random_matched,1.0,50,42,random_k,4,5000,2,2
split_high_low,64,1,850,random_matched,1.0,50,42,random_k,4,5000,0,0
split_high_low,64,1,900,random_matched,1.0,50,42,random_k,4,5000,1,1
split_high_low,64,1,950,random_matched,1.0,50,42,random_k,4,5000,2,2
split_high_low,64,1,1000,random_matched,1.0,50,42,random_k,4,5000,3,3
split_high_low,64,1,1050,random_matched,1.0,50,42,random_k,4,5000,1,1
split_high_low,64,1,1100,random_matched,1.0,50,42,random_k,4,5000,1,1
split_high_low,64,1,1150,random_matched,1.0,50,42,random_k,4,5000,4,4
split_high_low,64,1,1200,random_matched,1.0,50,42,random_k,4,5000,2,2
split_high_low,64,1,1250,random_matched,1.0,50,42,random_k,4,5000,1,1
split_high_low,64,1,1300,random_matched,1.0,50,42,random_k,4,5000,2,2
split_high_low,64,1,1350,random_matched,1.0,50,42,random_k,4,5000,2,2
split_high_low,64,1,1400,random_matched,1.0,50,42,random_k,4,5000,1,1
split_high_low,64,1,1450,random_matched,1.0,50,42,random_k,4,5000,1,1
split_high_low,64,1,1500,random_matched,1.0,50,42,random_k,4,5000,2,2
split_high_low,64,1,1550,random_matched,1.0,50,42,random_k,4,5000,2,2
split_high_low,64,1,1600,random_matched,1.0,50,42,random_k,4,5000,1,1
split_high_low,64,1,1650,random_matched,1.0,50,42,random_k,4,5000,1,1
split_high_low,64,1,1700,random_matched,1.0,50,42,random_k,4,5000,2,2
split_high_low,64,1,1750,random_matched,1.0,50,42,random_k,4,5000,0,0
split_high_low,64,1,1800,random_matched,1.0,50,42,random_k,4,5000,0,0
split_high_low,64,1,1850,random_matched,1.0,50,42,random_k,4,5000,1,1
split_high_low,64,1,1900,random_matched,1.0,50,42,random_k,4,5000,2,2
split_high_low,64,1,1950,random_matched,1.0,50,42,random_k,4,5000,3,3
split_high_low,64,1,2000,random_matched,1.0,50,42,random_k,4,5000,1,1
split_high_low,64,1,2050,random_matched,1.0,50,42,random_k,4,5000,0,0
split_high_low,64,1,2100,random_matched,1.0,50,42,random_k,4,5000,5,5
split_high_low,64,1,2150,random_matched,1.0,50,42,random_k,4,5000,1,1
split_high_low,64,1,2200,random_matched,1.0,50,42,random_k,4,5000,3,3
split_high_low,64,1,2250,random_matched,1.0,50,42,random_k,4,5000,2,2
split_high_low,64,1,2300,random_matched,1.0,50,42,random_k,4,5000,2,2
split_high_low,64,1,2350,random_matched,1.0,50,42,random_k,4,5000,0,0
split_high_low,64,1,2400,random_matched,1.0,50,42,random_k,4,5000,1,1
split_high_low,64,1,2450,random_matched,1.0,50,42,random_k,4,5000,1,1
split_high_low,64,1,2500,random_matched,1.0,50,42,random_k,4,5000,0,0
split_high_low,64,1,2550,random_matched,1.0,50,42,random_k,4,5000,3,3
split_high_low,64,1,2600,random_matched,1.0,50,42,random_k,4,5000,1,1
split_high_low,64,1,2650,random_matched,1.0,50,42,random_k,4,5000,2,2
split_high_low,64,1,2700,random_matched,1.0,50,42,random_k,4,5000,3,3
split_high_low,64,1,2750,random_matched,1.0,50,42,random_k,4,5000,3,3
split_high_low,64,1,2800,random_matched,1.0,50,42,random_k,4,5000,6,6
split_high_low,64,1,2850,random_matched,1.0,50,42,random_k,4,5000,0,0
split_high_low,64,1,2900,random_matched,1.0,50,42,random_k,4,5000,0,0
split_high_low,64,1,2950,random_matched,1.0,50,42,random_k,4,5000,4,4
split_high_low,64,1,3000,random_matched,1.0,50,42,random_k,4,5000,3,3
split_high_low,64,1,3050,random_matched,1.0,50,42,random_k,4,5000,1,1
split_high_low,64,1,3100,random_matched,1.0,50,42,random_k,4,5000,2,2
split_high_low,64,1,3150,random_matched,1.0,50,42,random_k,4,5000,2,2
split_high_low,64,1,3200,random_matched,1.0,50,42,random_k,4,5000,0,0
split_high_low,64,1,3250,random_matched,1.0,50,42,random_k,4,5000,1,1
split_high_low,64,1,3300,random_matched,1.0,50,42,random_k,4,5000,2,2
split_high_low,64,1,3350,random_matched,1.0,50,42,random_k,4,5000,1,1
split_high_low,64,1,3400,random_matched,1.0,50,42,random_k,4,5000,1,1
split_high_low,64,1,3450,random_matched,1.0,50,42,random_k,4,5000,1,1
split_high_low,64,1,3500,random_matched,1.0,50,42,random_k,4,5000,2,2
split_high_low,64,1,3550,random_matched,1.0,50,42,random_k,4,5000,3,3
split_high_low,64,1,3600,random_matched,1.0,50,42,random_k,4,5000,2,2
split_high_low,64,1,3650,random_matched,1.0,50,42,random_k,4,5000,1,1
split_high_low,64,1,3700,random_matched,1.0,50,42,random_k,4,5000,0,0
split_high_low,64,1,3750,random_matched,1.0,50,42,random_k,4,5000,2,2
split_high_low,64,1,3800,random_matched,1.0,50,42,random_k,4,5000,3,3
split_high_low,64,1,3850,random_matched,1.0,50,42,random_k,4,5000,0,0
split_high_low,64,1,3900,random_matched,1.0,50,42,random_k,4,5000,2,2
split_high_low,64,1,3950,random_matched,1.0,50,42,random_k,4,5000,0,0
split_high_low,64,1,4000,random_matched,1.0,50,42,random_k,4,5000,0,0
split_high_low,64,1,4050,random_matched,1.0,50,42,random_k,4,5000,0,0
split_high_low,64,1,4100,random_matched,1.0,50,42,random_k,4,5000,2,2
split_high_low,64,1,4150,random_matched,1.0,50,42,random_k,4,5000,0,0
split_high_low,64,1,4200,random_matched,1.0,50,42,random_k,4,5000,1,1
split_high_low,64,1,4250,random_matched,1.0,50,42,random_k,4,5000,1,1
split_high_low,64,1,4300,random_matched,1.0,50,42,random_k,4,5000,3,3
split_high_low,64,1,4350,random_matched,1.0,50,42,random_k,4,5000,1,1
split_high_low,64,1,4400,random_matched,1.0,50,42,random_k,4,5000,1,1
split_high_low,64,1,4450,random_matched,1.0,50,42,random_k,4,5000,2,2
split_high_low,64,1,4500,random_matched,1.0,50,42,random_k,4,5000,3,3
split_high_low,64,1,4550,random_matched,1.0,50,42,random_k,4,5000,2,2
split_high_low,64,1,4600,random_matched,1.0,50,42,random_k,4,5000,1,1
split_high_low,64,1,4650,random_matched,1.0,50,42,random_k,4,5000,2,2
split_high_low,64,1,4700,random_matched,1.0,50,42,random_k,4,5000,1,1
split_high_low,64,1,4750,random_matched,1.0,50,42,random_k,4,5000,0,0
split_high_low,64,1,4800,random_matched,1.0,50,42,random_k,4,5000,1,1
split_high_low,64,1,4850,random_matched,1.0,50,42,random_k,4,5000,0,0
split_high_low,64,1,4900,random_matched,1.0,50,42,random_k,4,5000,0,0
split_high_low,64,1,4950,random_matched,1.0,50,42,random_k,4,5000,1,1
split_high_low,64,1,5000,random_matched,1.0,50,42,random_k,4,5000,2,2
uniform_high,32,2,50,random_matched,1.0,50,42,random_k,4,5000,0,0
uniform_high,32,2,100,random_matched,1.0,50,42,random_k,4,5000,0,0
uniform_high,32,2,150,random_matched,1.0,50,42,random_k,4,5000,0,0
uniform_high,32,2,200,random_matched,1.0,50,42,random_k,4,5000,0,0
uniform_high,32,2,250,random_matched,1.0,50,42,random_k,4,5000,1,1
uniform_high,32,2,300,random_matched,1.0,50,42,random_k,4,5000,2,2
uniform_high,32,2,350,random_matched,1.0,50,42,random_k,4,5000,0,0
uniform_high,32,2,400,random_matched,1.0,50,42,random_k,4,5000,1,1
uniform_high,32,2,450,random_matched,1.0,50,42,random_k,4,5000,0,0
uniform_high,32,2,500,random_matched,1.0,50,42,random_k,4,5000,3,3
uniform_high,32,2,550,random_matched,1.0,50,42,random_k,4,5000,0,0
uniform_high,32,2,600,random_matched,1.0,50,42,random_k,4,5000,0,0
uniform_high,32,2,650,random_matched,1.0,50,42,random_k,4,5000,1,1
uniform_high,32,2,700,random_matched,1.0,50,42,random_k,4,5000,4,4
uniform_high,32,2,750,random_matched,1.0,50,42,random_k,4,5000,0,0
uniform_high,32,2,800,random_matched,1.0,50,42,random_k,4,5000,0,0
uniform_high,32,2,850,random_matched,1.0,50,42,random_k,4,5000,0,0
uniform_high,32,2,900,random_matched,1.0,50,42,random_k,4,5000,1,1
uniform_high,32,2,950,random_matched,1.0,50,42,random_k,4,5000,0,0
uniform_high,32,2,1000,random_matched,1.0,50,42,random_k,4,5000,0,0
uniform_high,32,2,1050,random_matched,1.0,50,42,random_k,4,5000,0,0
uniform_high,32,2,1100,random_matched,1.0,50,42,random_k,4,5000,0,0
uniform_high,32,2,1150,random_matched,1.0,50,42,random_k,4,5000,0,0
uniform_high,32,2,1200,random_matched,1.0,50,42,random_k,4,5000,0,0
uniform_high,32,2,1250,random_matched,1.0,50,42,random_k,4,5000,0,0
uniform_high,32,2,1300,random_matched,1.0,50,42,random_k,4,5000,0,0
uniform_high,32,2,1350,random_matched,1.0,50,42,random_k,4,5000,1,1
uniform_high,32,2,1400,random_matched,1.0,50,42,random_k,4,5000,0,0
uniform_high,32,2,1450,random_matched,1.0,50,42,random_k,4,5000,0,0
uniform_high,32,2,1500,random_matched,1.0,50,42,random_k,4,5000,0,0
uniform_high,32,2,1550,random_matched,1.0,50,42,random_k,4,5000,0,0
uniform_high,32,2,1600,random_matched,1.0,50,42,random_k,4,5000,0,0
uniform_high,32,2,1650,random_matched,1.0,50,42,random_k,4,5000,0,0
uniform_high,32,2,1700,random_matched,1.0,50,42,random_k,4,5000,0,0
uniform_high,32,2,1750,random_matched,1.0,50,42,random_k,4,5000,0,0
uniform_high,32,2,1800,random_matched,1.0,50,42,random_k,4,5000,0,0
uniform_high,32,2,1850,random_matched,1.0,50,42,random_k,4,5000,1,1
uniform_high,32,2,1900,random_matched,1.0,50,42,random_k,4,5000,1,1
uniform_high,32,2,1950,random_matched,1.0,50,42,random_k,4,5000,0,0
uniform_high,32,2,2000,random_matched,1.0,50,42,random_k,4,5000,0,0
uniform_high,32,2,2050,random_matched,1.0,50,42,random_k,4,5000,0,0
uniform_high,32,2,2100,random_matched,1.0,50,42,random_k,4,5000,0,0
uniform_high,32,2,2150,random_matched,1.0,50,42,random_k,4,5000,0,0
uniform_high,32,2,2200,random_matched,1.0,50,42,random_k,4,5000,0,0
uniform_high,32,2,2250,random_matched,1.0,50,42,random_k,4,5000,0,0
uniform_high,32,2,2300,random_matched,1.0,50,42,random_k,4,5000,0,0
uniform_high,32,2,2350,random_matched,1.0,50,42,random_k,4,5000,0,0
uniform_high,32,2,2400,random_matched,1.0,50,42,random_k,4,5000,0,0
uniform_high,32,2,2450,random_matched,1.0,50,42,random_k,4,5000,0,0
uniform_high,32,2,2500,random_matched,1.0,50,42,random_k,4,5000,0,0
uniform_high,32,2,2550,random_matched,1.0,50,42,random_k,4,5000,0,0
uniform_high,32,2,2600,random_matched,1.0,50,42,random_k,4,5000,0,0
uniform_high,32,2,2650,random_matched,1.0,50,42,random_k,4,5000,0,0
uniform_high,32,2,2700,random_matched,1.0,50,42,random_k,4,5000,0,0
uniform_high,32,2,2750,random_matched,1.0,50,42,random_k,4,5000,0,0
uniform_high,32,2,2800,random_matched,1.0,50,42,random_k,4,5000,0,0
uniform_high,32,2,2850,random_matched,1.0,50,42,random_k,4,5000,0,0
uniform_high,32,2,2900,random_matched,1.0,50,42,random_k,4,5000,0,0
uniform_high,32,2,2950,random_matched,1.0,50,42,random_k,4,5000,0,0
uniform_high,32,2,3000,random_matched,1.0,50,42,random_k,4,5000,0,0
uniform_high,32,2,3050,random_matched,1.0,50,42,random_k,4,5000,0,0
uniform_high,32,2,3100,random_matched,1.0,50,42,random_k,4,5000,0,0
uniform_high,32,2,3150,random_matched,1.0,50,42,random_k,4,5000,0,0
uniform_high,32,2,3200,random_matched,1.0,50,42,random_k,4,5000,0,0
uniform_high,32,2,3250,random_matched,1.0,50,42,random_k,4,5000,0,0
uniform_high,32,2,3300,random_matched,1.0,50,42,random_k,4,5000,0,0
uniform_high,32,2,3350,random_matched,1.0,50,42,random_k,4,5000,0,0
uniform_high,32,2,3400,random_matched,1.0,50,42,random_k,4,5000,0,0
uniform_high,32,2,3450,random_matched,1.0,50,42,random_k,4,5000,0,0
uniform_high,32,2,3500,random_matched,1.0,50,42,random_k,4,5000,0,0
uniform_high,32,2,3550,random_matched,1.0,50,42,random_k,4,5000,0,0
uniform_high,32,2,3600,random_matched,1.0,50,42,random_k,4,5000,0,0
uniform_high,32,2,3650,random_matched,1.0,50,42,random_k,4,5000,0,0
uniform_high,32,2,3700,random_matched,1.0,50,42,random_k,4,5000,0,0
uniform_high,32,2,3750,random_matched,1.0,50,42,random_k,4,5000,0,0
uniform_high,32,2,3800,random_matched,1.0,50,42,random_k,4,5000,0,0
uniform_high,32,2,3850,random_matched,1.0,50,42,random_k,4,5000,0,0
uniform_high,32,2,3900,random_matched,1.0,50,42,random_k,4,5000,0,0
uniform_high,32,2,3950,random_matched,1.0,50,42,random_k,4,5000,0,0
uniform_high,32,2,4000,random_matched,1.0,50,42,random_k,4,5000,0,0
uniform_high,32,2,4050,random_matched,1.0,50,42,random_k,4,5000,0,0
uniform_high,32,2,4100,random_matched,1.0,50,42,random_k,4,5000,0,0
uniform_high,32,2,4150,random_matched,1.0,50,42,random_k,4,5000,0,0
uniform_high,32,2,4200,random_matched,1.0,50,42,random_k,4,5000,0,0
uniform_high,32,2,4250,random_matched,1.0,50,42,random_k,4,5000,0,0
uniform_high,32,2,4300,random_matched,1.0,50,42,random_k,4,5000,0,0
uniform_high,32,2,4350,random_matched,1.0,50,42,random_k,4,5000,0,0
uniform_high,32,2,4400,random_matched,1.0,50,42,random_k,4,5000,0,0
uniform_high,32,2,4450,random_matched,1.0,50,42,random_k,4,5000,0,0
uniform_high,32,2,4500,random_matched,1.0,50,42,random_k,4,5000,0,0
uniform_high,32,2,4550,random_matched,1.0,50,42,random_k,4,5000,0,0
uniform_high,32,2,4600,random_matched,1.0,50,42,random_k,4,5000,0,0
uniform_high,32,2,4650,random_matched,1.0,50,42,random_k,4,5000,0,0
uniform_high,32,2,4700,random_matched,1.0,50,42,random_k,4,5000,0,0
uniform_high,32,2,4750,random_matched,1.0,50,42,random_k,4,5000,0,0
uniform_high,32,2,4800,random_matched,1.0,50,42,random_k,4,5000,0,0
uniform_high,32,2,4850,random_matched,1.0,50,42,random_k,4,5000,0,0
uniform_high,32,2,4900,random_matched,1.0,50,42,random_k,4,5000,0,0
uniform_high,32,2,4950,random_matched,1.0,50,42,random_k,4,5000,0,0
uniform_high,32,2,5000,random_matched,1.0,50,42,random_k,4,5000,0,0
uniform_high,64,2,50,random_matched,1.0,50,42,random_k,4,5000,3,3
uniform_high,64,2,100,random_matched,1.0,50,42,random_k,4,5000,3,3
uniform_high,64,2,150,random_matched,1.0,50,42,random_k,4,5000,0,0
uniform_high,64,2,200,random_matched,1.0,50,42,random_k,4,5000,3,3
uniform_high,64,2,250,random_matched,1.0,50,42,random_k,4,5000,1,1
uniform_high,64,2,300,random_matched,1.0,50,42,random_k,4,5000,2,2
uniform_high,64,2,350,random_matched,1.0,50,42,random_k,4,5000,3,3
uniform_high,64,2,400,random_matched,1.0,50,42,random_k,4,5000,1,1
uniform_high,64,2,450,random_matched,1.0,50,42,random_k,4,5000,1,1
uniform_high,64,2,500,random_matched,1.0,50,42,random_k,4,5000,2,2
uniform_high,64,2,550,random_matched,1.0,50,42,random_k,4,5000,4,4
uniform_high,64,2,600,random_matched,1.0,50,42,random_k,4,5000,1,1
uniform_high,64,2,650,random_matched,1.0,50,42,random_k,4,5000,2,2
uniform_high,64,2,700,random_matched,1.0,50,42,random_k,4,5000,3,3
uniform_high,64,2,750,random_matched,1.0,50,42,random_k,4,5000,2,2
uniform_high,64,2,800,random_matched,1.0,50,42,random_k,4,5000,3,3
uniform_high,64,2,850,random_matched,1.0,50,42,random_k,4,5000,2,2
uniform_high,64,2,900,random_matched,1.0,50,42,random_k,4,5000,2,2
uniform_high,64,2,950,random_matched,1.0,50,42,random_k,4,5000,0,0
uniform_high,64,2,1000,random_matched,1.0,50,42,random_k,4,5000,2,2
uniform_high,64,2,1050,random_matched,1.0,50,42,random_k,4,5000,2,2
uniform_high,64,2,1100,random_matched,1.0,50,42,random_k,4,5000,3,3
uniform_high,64,2,1150,random_matched,1.0,50,42,random_k,4,5000,1,1
uniform_high,64,2,1200,random_matched,1.0,50,42,random_k,4,5000,3,3
uniform_high,64,2,1250,random_matched,1.0,50,42,random_k,4,5000,1,1
uniform_high,64,2,1300,random_matched,1.0,50,42,random_k,4,5000,1,1
uniform_high,64,2,1350,random_matched,1.0,50,42,random_k,4,5000,1,1
uniform_high,64,2,1400,random_matched,1.0,50,42,random_k,4,5000,2,2
uniform_high,64,2,1450,random_matched,1.0,50,42,random_k,4,5000,3,3
uniform_high,64,2,1500,random_matched,1.0,50,42,random_k,4,5000,1,1
uniform_high,64,2,1550,random_matched,1.0,50,42,random_k,4,5000,3,3
uniform_high,64,2,1600,random_matched,1.0,50,42,random_k,4,5000,4,4
uniform_high,64,2,1650,random_matched,1.0,50,42,random_k,4,5000,1,1
uniform_high,64,2,1700,random_matched,1.0,50,42,random_k,4,5000,2,2
uniform_high,64,2,1750,random_matched,1.0,50,42,random_k,4,5000,3,3
uniform_high,64,2,1800,random_matched,1.0,50,42,random_k,4,5000,2,2
uniform_high,64,2,1850,random_matched,1.0,50,42,random_k,4,5000,0,0
uniform_high,64,2,1900,random_matched,1.0,50,42,random_k,4,5000,2,2
uniform_high,64,2,1950,random_matched,1.0,50,42,random_k,4,5000,0,0
uniform_high,64,2,2000,random_matched,1.0,50,42,random_k,4,5000,2,2
uniform_high,64,2,2050,random_matched,1.0,50,42,random_k,4,5000,3,3
uniform_high,64,2,2100,random_matched,1.0,50,42,random_k,4,5000,4,4
uniform_high,64,2,2150,random_matched,1.0,50,42,random_k,4,5000,0,0
uniform_high,64,2,2200,random_matched,1.0,50,42,random_k,4,5000,1,1
uniform_high,64,2,2250,random_matched,1.0,50,42,random_k,4,5000,1,1
uniform_high,64,2,2300,random_matched,1.0,50,42,random_k,4,5000,2,2
uniform_high,64,2,2350,random_matched,1.0,50,42,random_k,4,5000,0,0
uniform_high,64,2,2400,random_matched,1.0,50,42,random_k,4,5000,1,1
uniform_high,64,2,2450,random_matched,1.0,50,42,random_k,4,5000,5,5
uniform_high,64,2,2500,random_matched,1.0,50,42,random_k,4,5000,1,1
uniform_high,64,2,2550,random_matched,1.0,50,42,random_k,4,5000,2,2
uniform_high,64,2,2600,random_matched,1.0,50,42,random_k,4,5000,2,2
uniform_high,64,2,2650,random_matched,1.0,50,42,random_k,4,5000,3,3
uniform_high,64,2,2700,random_matched,1.0,50,42,random_k,4,5000,2,2
uniform_high,64,2,2750,random_matched,1.0,50,42,random_k,4,5000,1,1
uniform_high,64,2,2800,random_matched,1.0,50,42,random_k,4,5000,0,0
uniform_high,64,2,2850,random_matched,1.0,50,42,random_k,4,5000,0,0
uniform_high,64,2,2900,random_matched,1.0,50,42,random_k,4,5000,2,2
uniform_high,64,2,2950,random_matched,1.0,50,42,random_k,4,5000,3,3
uniform_high,64,2,3000,random_matched,1.0,50,42,random_k,4,5000,3,3
uniform_high,64,2,3050,random_matched,1.0,50,42,random_k,4,5000,1,1
uniform_high,64,2,3100,random_matched,1.0,50,42,random_k,4,5000,4,4
uniform_high,64,2,3150,random_matched,1.0,50,42,random_k,4,5000,0,0
uniform_high,64,2,3200,random_matched,1.0,50,42,random_k,4,5000,4,4
uniform_high,64,2,3250,random_matched,1.0,50,42,random_k,4,5000,2,2
uniform_high,64,2,3300,random_matched,1.0,50,42,random_k,4,5000,0,0
uniform_high,64,2,3350,random_matched,1.0,50,42,random_k,4,5000,1,1
uniform_high,64,2,3400,random_matched,1.0,50,42,random_k,4,5000,0,0
uniform_high,64,2,3450,random_matched,1.0,50,42,random_k,4,5000,3,3
uniform_high,64,2,3500,random_matched,1.0,50,42,random_k,4,5000,2,2
uniform_high,64,2,3550,random_matched,1.0,50,42,random_k,4,5000,2,2
uniform_high,64,2,3600,random_matched,1.0,50,42,random_k,4,5000,2,2
uniform_high,64,2,3650,random_matched,1.0,50,42,random_k,4,5000,0,0
uniform_high,64,2,3700,random_matched,1.0,50,42,random_k,4,5000,0,0
uniform_high,64,2,3750,random_matched,1.0,50,42,random_k,4,5000,0,0
uniform_high,64,2,3800,random_matched,1.0,50,42,random_k,4,5000,0,0
uniform_high,64,2,3850,random_matched,1.0,50,42,random_k,4,5000,2,2
uniform_high,64,2,3900,random_matched,1.0,50,42,random_k,4,5000,0,0
uniform_high,64,2,3950,random_matched,1.0,50,42,random_k,4,5000,0,0
uniform_high,64,2,4000,random_matched,1.0,50,42,random_k,4,5000,1,1
uniform_high,64,2,4050,random_matched,1.0,50,42,random_k,4,5000,1,1
uniform_high,64,2,4100,random_matched,1.0,50,42,random_k,4,5000,0,0
uniform_high,64,2,4150,random_matched,1.0,50,42,random_k,4,5000,1,1
uniform_high,64,2,4200,random_matched,1.0,50,42,random_k,4,5000,4,4
uniform_high,64,2,4250,random_matched,1.0,50,42,random_k,4,5000,0,0
uniform_high,64,2,4300,random_matched,1.0,50,42,random_k,4,5000,0,0
uniform_high,64,2,4350,random_matched,1.0,50,42,random_k,4,5000,1,1
uniform_high,64,2,4400,random_matched,1.0,50,42,random_k,4,5000,1,1
uniform_high,64,2,4450,random_matched,1.0,50,42,random_k,4,5000,1,1
uniform_high,64,2,4500,random_matched,1.0,50,42,random_k,4,5000,1,1
uniform_high,64,2,4550,random_matched,1.0,50,42,random_k,4,5000,0,0
uniform_high,64,2,4600,random_matched,1.0,50,42,random_k,4,5000,2,2
uniform_high,64,2,4650,random_matched,1.0,50,42,random_k,4,5000,2,2
uniform_high,64,2,4700,random_matched,1.0,50,42,random_k,4,5000,0,0
uniform_high,64,2,4750,random_matched,1.0,50,42,random_k,4,5000,1,1
uniform_high,64,2,4800,random_matched,1.0,50,42,random_k,4,5000,0,0
uniform_high,64,2,4850,random_matched,1.0,50,42,random_k,4,5000,3,3
uniform_high,64,2,4900,random_matched,1.0,50,42,random_k,4,5000,1,1
uniform_high,64,2,4950,random_matched,1.0,50,42,random_k,4,5000,3,3
uniform_high,64,2,5000,random_matched,1.0,50,42,random_k,4,5000,0,0
patchy_high,32,2,50,random_matched,1.0,50,42,random_k,4,5000,0,0
patchy_high,32,2,100,random_matched,1.0,50,42,random_k,4,5000,0,0
patchy_high,32,2,150,random_matched,1.0,50,42,random_k,4,5000,0,0
patchy_high,32,2,200,random_matched,1.0,50,42,random_k,4,5000,0,0
patchy_high,32,2,250,random_matched,1.0,50,42,random_k,4,5000,1,1
patchy_high,32,2,300,random_matched,1.0,50,42,random_k,4,5000,0,0
patchy_high,32,2,350,random_matched,1.0,50,42,random_k,4,5000,1,1
patchy_high,32,2,400,random_matched,1.0,50,42,random_k,4,5000,1,1
patchy_high,32,2,450,random_matched,1.0,50,42,random_k,4,5000,0,0
patchy_high,32,2,500,random_matched,1.0,50,42,random_k,4,5000,0,0
patchy_high,32,2,550,random_matched,1.0,50,42,random_k,4,5000,0,0
patchy_high,32,2,600,random_matched,1.0,50,42,random_k,4,5000,1,1
patchy_high,32,2,650,random_matched,1.0,50,42,random_k,4,5000,0,0
patchy_high,32,2,700,random_matched,1.0,50,42,random_k,4,5000,3,3
patchy_high,32,2,750,random_matched,1.0,50,42,random_k,4,5000,0,0
patchy_high,32,2,800,random_matched,1.0,50,42,random_k,4,5000,0,0
patchy_high,32,2,850,random_matched,1.0,50,42,random_k,4,5000,1,1
patchy_high,32,2,900,random_matched,1.0,50,42,random_k,4,5000,2,2
patchy_high,32,2,950,random_matched,1.0,50,42,random_k,4,5000,2,2
patchy_high,32,2,1000,random_matched,1.0,50,42,random_k,4,5000,0,0
patchy_high,32,2,1050,random_matched,1.0,50,42,random_k,4,5000,1,1
patchy_high,32,2,1100,random_matched,1.0,50,42,random_k,4,5000,0,0
patchy_high,32,2,1150,random_matched,1.0,50,42,random_k,4,5000,0,0
patchy_high,32,2,1200,random_matched,1.0,50,42,random_k,4,5000,0,0
patchy_high,32,2,1250,random_matched,1.0,50,42,random_k,4,5000,0,0
patchy_high,32,2,1300,random_matched,1.0,50,42,random_k,4,5000,0,0
patchy_high,32,2,1350,random_matched,1.0,50,42,random_k,4,5000,0,0
patchy_high,32,2,1400,random_matched,1.0,50,42,random_k,4,5000,0,0
patchy_high,32,2,1450,random_matched,1.0,50,42,random_k,4,5000,0,0
patchy_high,32,2,1500,random_matched,1.0,50,42,random_k,4,5000,0,0
patchy_high,32,2,1550,random_matched,1.0,50,42,random_k,4,5000,0,0
patchy_high,32,2,1600,random_matched,1.0,50,42,random_k,4,5000,0,0
patchy_high,32,2,1650,random_matched,1.0,50,42,random_k,4,5000,0,0
patchy_high,32,2,1700,random_matched,1.0,50,42,random_k,4,5000,0,0
patchy_high,32,2,1750,random_matched,1.0,50,42,random_k,4,5000,1,1
patchy_high,32,2,1800,random_matched,1.0,50,42,random_k,4,5000,0,0
patchy_high,32,2,1850,random_matched,1.0,50,42,random_k,4,5000,0,0
patchy_high,32,2,1900,random_matched,1.0,50,42,random_k,4,5000,0,0
patchy_high,32,2,1950,random_matched,1.0,50,42,random_k,4,5000,0,0
patchy_high,32,2,2000,random_matched,1.0,50,42,random_k,4,5000,0,0
patchy_high,32,2,2050,random_matched,1.0,50,42,random_k,4,5000,1,1
patchy_high,32,2,2100,random_matched,1.0,50,42,random_k,4,5000,0,0
patchy_high,32,2,2150,random_matched,1.0,50,42,random_k,4,5000,0,0
patchy_high,32,2,2200,random_matched,1.0,50,42,random_k,4,5000,0,0
patchy_high,32,2,2250,random_matched,1.0,50,42,random_k,4,5000,0,0
patchy_high,32,2,2300,random_matched,1.0,50,42,random_k,4,5000,0,0
patchy_high,32,2,2350,random_matched,1.0,50,42,random_k,4,5000,1,1
patchy_high,32,2,2400,random_matched,1.0,50,42,random_k,4,5000,0,0
patchy_high,32,2,2450,random_matched,1.0,50,42,random_k,4,5000,0,0
patchy_high,32,2,2500,random_matched,1.0,50,42,random_k,4,5000,0,0
patchy_high,32,2,2550,random_matched,1.0,50,42,random_k,4,5000,0,0
patchy_high,32,2,2600,random_matched,1.0,50,42,random_k,4,5000,0,0
patchy_high,32,2,2650,random_matched,1.0,50,42,random_k,4,5000,0,0
patchy_high,32,2,2700,random_matched,1.0,50,42,random_k,4,5000,0,0
patchy_high,32,2,2750,random_matched,1.0,50,42,random_k,4,5000,0,0
patchy_high,32,2,2800,random_matched,1.0,50,42,random_k,4,5000,0,0
patchy_high,32,2,2850,random_matched,1.0,50,42,random_k,4,5000,0,0
patchy_high,32,2,2900,random_matched,1.0,50,42,random_k,4,5000,0,0
patchy_high,32,2,2950,random_matched,1.0,50,42,random_k,4,5000,0,0
patchy_high,32,2,3000,random_matched,1.0,50,42,random_k,4,5000,0,0
patchy_high,32,2,3050,random_matched,1.0,50,42,random_k,4,5000,0,0
patchy_high,32,2,3100,random_matched,1.0,50,42,random_k,4,5000,0,0
patchy_high,32,2,3150,random_matched,1.0,50,42,random_k,4,5000,0,0
patchy_high,32,2,3200,random_matched,1.0,50,42,random_k,4,5000,0,0
patchy_high,32,2,3250,random_matched,1.0,50,42,random_k,4,5000,0,0
patchy_high,32,2,3300,random_matched,1.0,50,42,random_k,4,5000,0,0
patchy_high,32,2,3350,random_matched,1.0,50,42,random_k,4,5000,0,0
patchy_high,32,2,3400,random_matched,1.0,50,42,random_k,4,5000,0,0
patchy_high,32,2,3450,random_matched,1.0,50,42,random_k,4,5000,0,0
patchy_high,32,2,3500,random_matched,1.0,50,42,random_k,4,5000,0,0
patchy_high,32,2,3550,random_matched,1.0,50,42,random_k,4,5000,0,0
patchy_high,32,2,3600,random_matched,1.0,50,42,random_k,4,5000,0,0
patchy_high,32,2,3650,random_matched,1.0,50,42,random_k,4,5000,0,0
patchy_high,32,2,3700,random_matched,1.0,50,42,random_k,4,5000,0,0
patchy_high,32,2,3750,random_matched,1.0,50,42,random_k,4,5000,0,0
patchy_high,32,2,3800,random_matched,1.0,50,42,random_k,4,5000,0,0
patchy_high,32,2,3850,random_matched,1.0,50,42,random_k,4,5000,0,0
patchy_high,32,2,3900,random_matched,1.0,50,42,random_k,4,5000,0,0
patchy_high,32,2,3950,random_matched,1.0,50,42,random_k,4,5000,0,0
patchy_high,32,2,4000,random_matched,1.0,50,42,random_k,4,5000,0,0
patchy_high,32,2,4050,random_matched,1.0,50,42,random_k,4,5000,0,0
patchy_high,32,2,4100,random_matched,1.0,50,42,random_k,4,5000,0,0
patchy_high,32,2,4150,random_matched,1.0,50,42,random_k,4,5000,0,0
patchy_high,32,2,4200,random_matched,1.0,50,42,random_k,4,5000,0,0
patchy_high,32,2,4250,random_matched,1.0,50,42,random_k,4,5000,0,0
patchy_high,32,2,4300,random_matched,1.0,50,42,random_k,4,5000,0,0
patchy_high,32,2,4350,random_matched,1.0,50,42,random_k,4,5000,0,0
patchy_high,32,2,4400,random_matched,1.0,50,42,random_k,4,5000,0,0
patchy_high,32,2,4450,random_matched,1.0,50,42,random_k,4,5000,0,0
patchy_high,32,2,4500,random_matched,1.0,50,42,random_k,4,5000,0,0
patchy_high,32,2,4550,random_matched,1.0,50,42,random_k,4,5000,0,0
patchy_high,32,2,4600,random_matched,1.0,50,42,random_k,4,5000,0,0
patchy_high,32,2,4650,random_matched,1.0,50,42,random_k,4,5000,0,0
patchy_high,32,2,4700,random_matched,1.0,50,42,random_k,4,5000,0,0
patchy_high,32,2,4750,random_matched,1.0,50,42,random_k,4,5000,0,0
patchy_high,32,2,4800,random_matched,1.0,50,42,random_k,4,5000,0,0
patchy_high,32,2,4850,random_matched,1.0,50,42,random_k,4,5000,0,0
patchy_high,32,2,4900,random_matched,1.0,50,42,random_k,4,5000,0,0
patchy_high,32,2,4950,random_matched,1.0,50,42,random_k,4,5000,0,0
patchy_high,32,2,5000,random_matched,1.0,50,42,random_k,4,5000,0,0
patchy_high,64,2,50,random_matched,1.0,50,42,random_k,4,5000,5,5
patchy_high,64,2,100,random_matched,1.0,50,42,random_k,4,5000,1,1
patchy_high,64,2,150,random_matched,1.0,50,42,random_k,4,5000,3,3
patchy_high,64,2,200,random_matched,1.0,50,42,random_k,4,5000,0,0
patchy_high,64,2,250,random_matched,1.0,50,42,random_k,4,5000,0,0
patchy_high,64,2,300,random_matched,1.0,50,42,random_k,4,5000,3,3
patchy_high,64,2,350,random_matched,1.0,50,42,random_k,4,5000,3,3
patchy_high,64,2,400,random_matched,1.0,50,42,random_k,4,5000,1,1
patchy_high,64,2,450,random_matched,1.0,50,42,random_k,4,5000,2,2
patchy_high,64,2,500,random_matched,1.0,50,42,random_k,4,5000,2,2
patchy_high,64,2,550,random_matched,1.0,50,42,random_k,4,5000,3,3
patchy_high,64,2,600,random_matched,1.0,50,42,random_k,4,5000,1,1
patchy_high,64,2,650,random_matched,1.0,50,42,random_k,4,5000,2,2
patchy_high,64,2,700,random_matched,1.0,50,42,random_k,4,5000,3,3
patchy_high,64,2,750,random_matched,1.0,50,42,random_k,4,5000,2,2
patchy_high,64,2,800,random_matched,1.0,50,42,random_k,4,5000,4,4
patchy_high,64,2,850,random_matched,1.0,50,42,random_k,4,5000,1,1
patchy_high,64,2,900,random_matched,1.0,50,42,random_k,4,5000,2,2
patchy_high,64,2,950,random_matched,1.0,50,42,random_k,4,5000,0,0
patchy_high,64,2,1000,random_matched,1.0,50,42,random_k,4,5000,2,2
patchy_high,64,2,1050,random_matched,1.0,50,42,random_k,4,5000,3,3
patchy_high,64,2,1100,random_matched,1.0,50,42,random_k,4,5000,3,3
patchy_high,64,2,1150,random_matched,1.0,50,42,random_k,4,5000,3,3
patchy_high,64,2,1200,random_matched,1.0,50,42,random_k,4,5000,0,0
patchy_high,64,2,1250,random_matched,1.0,50,42,random_k,4,5000,2,2
patchy_high,64,2,1300,random_matched,1.0,50,42,random_k,4,5000,0,0
patchy_high,64,2,1350,random_matched,1.0,50,42,random_k,4,5000,3,3
patchy_high,64,2,1400,random_matched,1.0,50,42,random_k,4,5000,3,3
patchy_high,64,2,1450,random_matched,1.0,50,42,random_k,4,5000,1,1
patchy_high,64,2,1500,random_matched,1.0,50,42,random_k,4,5000,2,2
patchy_high,64,2,1550,random_matched,1.0,50,42,random_k,4,5000,5,5
patchy_high,64,2,1600,random_matched,1.0,50,42,random_k,4,5000,1,1
patchy_high,64,2,1650,random_matched,1.0,50,42,random_k,4,5000,1,1
patchy_high,64,2,1700,random_matched,1.0,50,42,random_k,4,5000,2,2
patchy_high,64,2,1750,random_matched,1.0,50,42,random_k,4,5000,3,3
patchy_high,64,2,1800,random_matched,1.0,50,42,random_k,4,5000,2,2
patchy_high,64,2,1850,random_matched,1.0,50,42,random_k,4,5000,1,1
patchy_high,64,2,1900,random_matched,1.0,50,42,random_k,4,5000,3,3
patchy_high,64,2,1950,random_matched,1.0,50,42,random_k,4,5000,6,6
patchy_high,64,2,2000,random_matched,1.0,50,42,random_k,4,5000,0,0
patchy_high,64,2,2050,random_matched,1.0,50,42,random_k,4,5000,2,2
patchy_high,64,2,2100,random_matched,1.0,50,42,random_k,4,5000,2,2
patchy_high,64,2,2150,random_matched,1.0,50,42,random_k,4,5000,0,0
patchy_high,64,2,2200,random_matched,1.0,50,42,random_k,4,5000,6,6
patchy_high,64,2,2250,random_matched,1.0,50,42,random_k,4,5000,0,0
patchy_high,64,2,2300,random_matched,1.0,50,42,random_k,4,5000,2,2
patchy_high,64,2,2350,random_matched,1.0,50,42,random_k,4,5000,1,1
patchy_high,64,2,2400,random_matched,1.0,50,42,random_k,4,5000,2,2
patchy_high,64,2,2450,random_matched,1.0,50,42,random_k,4,5000,3,3
patchy_high,64,2,2500,random_matched,1.0,50,42,random_k,4,5000,1,1
patchy_high,64,2,2550,random_matched,1.0,50,42,random_k,4,5000,2,2
patchy_high,64,2,2600,random_matched,1.0,50,42,random_k,4,5000,0,0
patchy_high,64,2,2650,random_matched,1.0,50,42,random_k,4,5000,2,2
patchy_high,64,2,2700,random_matched,1.0,50,42,random_k,4,5000,3,3
patchy_high,64,2,2750,random_matched,1.0,50,42,random_k,4,5000,2,2
patchy_high,64,2,2800,random_matched,1.0,50,42,random_k,4,5000,2,2
patchy_high,64,2,2850,random_matched,1.0,50,42,random_k,4,5000,3,3
patchy_high,64,2,2900,random_matched,1.0,50,42,random_k,4,5000,2,2
patchy_high,64,2,2950,random_matched,1.0,50,42,random_k,4,5000,5,5
patchy_high,64,2,3000,random_matched,1.0,50,42,random_k,4,5000,0,0
patchy_high,64,2,3050,random_matched,1.0,50,42,random_k,4,5000,1,1
patchy_high,64,2,3100,random_matched,1.0,50,42,random_k,4,5000,3,3
patchy_high,64,2,3150,random_matched,1.0,50,42,random_k,4,5000,1,1
patchy_high,64,2,3200,random_matched,1.0,50,42,random_k,4,5000,3,3
patchy_high,64,2,3250,random_matched,1.0,50,42,random_k,4,5000,2,2
patchy_high,64,2,3300,random_matched,1.0,50,42,random_k,4,5000,0,0
patchy_high,64,2,3350,random_matched,1.0,50,42,random_k,4,5000,0,0
patchy_high,64,2,3400,random_matched,1.0,50,42,random_k,4,5000,2,2
patchy_high,64,2,3450,random_matched,1.0,50,42,random_k,4,5000,0,0
patchy_high,64,2,3500,random_matched,1.0,50,42,random_k,4,5000,0,0
patchy_high,64,2,3550,random_matched,1.0,50,42,random_k,4,5000,0,0
patchy_high,64,2,3600,random_matched,1.0,50,42,random_k,4,5000,2,2
patchy_high,64,2,3650,random_matched,1.0,50,42,random_k,4,5000,0,0
patchy_high,64,2,3700,random_matched,1.0,50,42,random_k,4,5000,5,5
patchy_high,64,2,3750,random_matched,1.0,50,42,random_k,4,5000,1,1
patchy_high,64,2,3800,random_matched,1.0,50,42,random_k,4,5000,1,1
patchy_high,64,2,3850,random_matched,1.0,50,42,random_k,4,5000,0,0
patchy_high,64,2,3900,random_matched,1.0,50,42,random_k,4,5000,2,2
patchy_high,64,2,3950,random_matched,1.0,50,42,random_k,4,5000,0,0
patchy_high,64,2,4000,random_matched,1.0,50,42,random_k,4,5000,3,3
patchy_high,64,2,4050,random_matched,1.0,50,42,random_k,4,5000,1,1
patchy_high,64,2,4100,random_matched,1.0,50,42,random_k,4,5000,0,0
patchy_high,64,2,4150,random_matched,1.0,50,42,random_k,4,5000,1,1
patchy_high,64,2,4200,random_matched,1.0,50,42,random_k,4,5000,0,0
patchy_high,64,2,4250,random_matched,1.0,50,42,random_k,4,5000,3,3
patchy_high,64,2,4300,random_matched,1.0,50,42,random_k,4,5000,1,1
patchy_high,64,2,4350,random_matched,1.0,50,42,random_k,4,5000,2,2
patchy_high,64,2,4400,random_matched,1.0,50,42,random_k,4,5000,3,3
patchy_high,64,2,4450,random_matched,1.0,50,42,random_k,4,5000,1,1
patchy_high,64,2,4500,random_matched,1.0,50,42,random_k,4,5000,2,2
patchy_high,64,2,4550,random_matched,1.0,50,42,random_k,4,5000,0,0
patchy_high,64,2,4600,random_matched,1.0,50,42,random_k,4,5000,2,2
patchy_high,64,2,4650,random_matched,1.0,50,42,random_k,4,5000,1,1
patchy_high,64,2,4700,random_matched,1.0,50,42,random_k,4,5000,1,1
patchy_high,64,2,4750,random_matched,1.0,50,42,random_k,4,5000,2,2
patchy_high,64,2,4800,random_matched,1.0,50,42,random_k,4,5000,1,1
patchy_high,64,2,4850,random_matched,1.0,50,42,random_k,4,5000,2,2
patchy_high,64,2,4900,random_matched,1.0,50,42,random_k,4,5000,0,0
patchy_high,64,2,4950,random_matched,1.0,50,42,random_k,4,5000,1,1
patchy_high,64,2,5000,random_matched,1.0,50,42,random_k,4,5000,3,3
split_high_low,32,2,50,random_matched,1.0,50,42,random_k,4,5000,0,0
split_high_low,32,2,100,random_matched,1.0,50,42,random_k,4,5000,0,0
split_high_low,32,2,150,random_matched,1.0,50,42,random_k,4,5000,1,1
split_high_low,32,2,200,random_matched,1.0,50,42,random_k,4,5000,2,2
split_high_low,32,2,250,random_matched,1.0,50,42,random_k,4,5000,0,0
split_high_low,32,2,300,random_matched,1.0,50,42,random_k,4,5000,0,0
split_high_low,32,2,350,random_matched,1.0,50,42,random_k,4,5000,1,1
split_high_low,32,2,400,random_matched,1.0,50,42,random_k,4,5000,1,1
split_high_low,32,2,450,random_matched,1.0,50,42,random_k,4,5000,2,2
split_high_low,32,2,500,random_matched,1.0,50,42,random_k,4,5000,0,0
split_high_low,32,2,550,random_matched,1.0,50,42,random_k,4,5000,0,0
split_high_low,32,2,600,random_matched,1.0,50,42,random_k,4,5000,2,2
split_high_low,32,2,650,random_matched,1.0,50,42,random_k,4,5000,1,1
split_high_low,32,2,700,random_matched,1.0,50,42,random_k,4,5000,2,2
split_high_low,32,2,750,random_matched,1.0,50,42,random_k,4,5000,1,1
split_high_low,32,2,800,random_matched,1.0,50,42,random_k,4,5000,0,0
split_high_low,32,2,850,random_matched,1.0,50,42,random_k,4,5000,0,0
split_high_low,32,2,900,random_matched,1.0,50,42,random_k,4,5000,0,0
split_high_low,32,2,950,random_matched,1.0,50,42,random_k,4,5000,0,0
split_high_low,32,2,1000,random_matched,1.0,50,42,random_k,4,5000,0,0
split_high_low,32,2,1050,random_matched,1.0,50,42,random_k,4,5000,0,0
split_high_low,32,2,1100,random_matched,1.0,50,42,random_k,4,5000,0,0
split_high_low,32,2,1150,random_matched,1.0,50,42,random_k,4,5000,0,0
split_high_low,32,2,1200,random_matched,1.0,50,42,random_k,4,5000,1,1
split_high_low,32,2,1250,random_matched,1.0,50,42,random_k,4,5000,2,2
split_high_low,32,2,1300,random_matched,1.0,50,42,random_k,4,5000,0,0
split_high_low,32,2,1350,random_matched,1.0,50,42,random_k,4,5000,0,0
split_high_low,32,2,1400,random_matched,1.0,50,42,random_k,4,5000,0,0
split_high_low,32,2,1450,random_matched,1.0,50,42,random_k,4,5000,0,0
split_high_low,32,2,1500,random_matched,1.0,50,42,random_k,4,5000,0,0
split_high_low,32,2,1550,random_matched,1.0,50,42,random_k,4,5000,0,0
split_high_low,32,2,1600,random_matched,1.0,50,42,random_k,4,5000,0,0
split_high_low,32,2,1650,random_matched,1.0,50,42,random_k,4,5000,0,0
split_high_low,32,2,1700,random_matched,1.0,50,42,random_k,4,5000,1,1
split_high_low,32,2,1750,random_matched,1.0,50,42,random_k,4,5000,1,1
split_high_low,32,2,1800,random_matched,1.0,50,42,random_k,4,5000,0,0
split_high_low,32,2,1850,random_matched,1.0,50,42,random_k,4,5000,0,0
split_high_low,32,2,1900,random_matched,1.0,50,42,random_k,4,5000,2,2
split_high_low,32,2,1950,random_matched,1.0,50,42,random_k,4,5000,0,0
split_high_low,32,2,2000,random_matched,1.0,50,42,random_k,4,5000,0,0
split_high_low,32,2,2050,random_matched,1.0,50,42,random_k,4,5000,1,1
split_high_low,32,2,2100,random_matched,1.0,50,42,random_k,4,5000,0,0
split_high_low,32,2,2150,random_matched,1.0,50,42,random_k,4,5000,0,0
split_high_low,32,2,2200,random_matched,1.0,50,42,random_k,4,5000,0,0
split_high_low,32,2,2250,random_matched,1.0,50,42,random_k,4,5000,0,0
split_high_low,32,2,2300,random_matched,1.0,50,42,random_k,4,5000,1,1
split_high_low,32,2,2350,random_matched,1.0,50,42,random_k,4,5000,0,0
split_high_low,32,2,2400,random_matched,1.0,50,42,random_k,4,5000,0,0
split_high_low,32,2,2450,random_matched,1.0,50,42,random_k,4,5000,0,0
split_high_low,32,2,2500,random_matched,1.0,50,42,random_k,4,5000,0,0
split_high_low,32,2,2550,random_matched,1.0,50,42,random_k,4,5000,0,0
split_high_low,32,2,2600,random_matched,1.0,50,42,random_k,4,5000,0,0
split_high_low,32,2,2650,random_matched,1.0,50,42,random_k,4,5000,0,0
split_high_low,32,2,2700,random_matched,1.0,50,42,random_k,4,5000,0,0
split_high_low,32,2,2750,random_matched,1.0,50,42,random_k,4,5000,0,0
split_high_low,32,2,2800,random_matched,1.0,50,42,random_k,4,5000,0,0
split_high_low,32,2,2850,random_matched,1.0,50,42,random_k,4,5000,0,0
split_high_low,32,2,2900,random_matched,1.0,50,42,random_k,4,5000,0,0
split_high_low,32,2,2950,random_matched,1.0,50,42,random_k,4,5000,1,1
split_high_low,32,2,3000,random_matched,1.0,50,42,random_k,4,5000,0,0
split_high_low,32,2,3050,random_matched,1.0,50,42,random_k,4,5000,0,0
split_high_low,32,2,3100,random_matched,1.0,50,42,random_k,4,5000,0,0
split_high_low,32,2,3150,random_matched,1.0,50,42,random_k,4,5000,0,0
split_high_low,32,2,3200,random_matched,1.0,50,42,random_k,4,5000,1,1
split_high_low,32,2,3250,random_matched,1.0,50,42,random_k,4,5000,1,1
split_high_low,32,2,3300,random_matched,1.0,50,42,random_k,4,5000,0,0
split_high_low,32,2,3350,random_matched,1.0,50,42,random_k,4,5000,0,0
split_high_low,32,2,3400,random_matched,1.0,50,42,random_k,4,5000,0,0
split_high_low,32,2,3450,random_matched,1.0,50,42,random_k,4,5000,0,0
split_high_low,32,2,3500,random_matched,1.0,50,42,random_k,4,5000,0,0
split_high_low,32,2,3550,random_matched,1.0,50,42,random_k,4,5000,0,0
split_high_low,32,2,3600,random_matched,1.0,50,42,random_k,4,5000,0,0
split_high_low,32,2,3650,random_matched,1.0,50,42,random_k,4,5000,0,0
split_high_low,32,2,3700,random_matched,1.0,50,42,random_k,4,5000,0,0
split_high_low,32,2,3750,random_matched,1.0,50,42,random_k,4,5000,0,0
split_high_low,32,2,3800,random_matched,1.0,50,42,random_k,4,5000,0,0
split_high_low,32,2,3850,random_matched,1.0,50,42,random_k,4,5000,0,0
split_high_low,32,2,3900,random_matched,1.0,50,42,random_k,4,5000,0,0
split_high_low,32,2,3950,random_matched,1.0,50,42,random_k,4,5000,0,0
split_high_low,32,2,4000,random_matched,1.0,50,42,random_k,4,5000,0,0
split_high_low,32,2,4050,random_matched,1.0,50,42,random_k,4,5000,0,0
split_high_low,32,2,4100,random_matched,1.0,50,42,random_k,4,5000,0,0
split_high_low,32,2,4150,random_matched,1.0,50,42,random_k,4,5000,0,0
split_high_low,32,2,4200,random_matched,1.0,50,42,random_k,4,5000,0,0
split_high_low,32,2,4250,random_matched,1.0,50,42,random_k,4,5000,0,0
split_high_low,32,2,4300,random_matched,1.0,50,42,random_k,4,5000,0,0
split_high_low,32,2,4350,random_matched,1.0,50,42,random_k,4,5000,0,0
split_high_low,32,2,4400,random_matched,1.0,50,42,random_k,4,5000,0,0
split_high_low,32,2,4450,random_matched,1.0,50,42,random_k,4,5000,0,0
split_high_low,32,2,4500,random_matched,1.0,50,42,random_k,4,5000,0,0
split_high_low,32,2,4550,random_matched,1.0,50,42,random_k,4,5000,1,1
split_high_low,32,2,4600,random_matched,1.0,50,42,random_k,4,5000,0,0
split_high_low,32,2,4650,random_matched,1.0,50,42,random_k,4,5000,0,0
split_high_low,32,2,4700,random_matched,1.0,50,42,random_k,4,5000,0,0
split_high_low,32,2,4750,random_matched,1.0,50,42,random_k,4,5000,0,0
split_high_low,32,2,4800,random_matched,1.0,50,42,random_k,4,5000,0,0
split_high_low,32,2,4850,random_matched,1.0,50,42,random_k,4,5000,0,0
split_high_low,32,2,4900,random_matched,1.0,50,42,random_k,4,5000,0,0
split_high_low,32,2,4950,random_matched,1.0,50,42,random_k,4,5000,0,0
split_high_low,32,2,5000,random_matched,1.0,50,42,random_k,4,5000,0,0
split_high_low,64,2,50,random_matched,1.0,50,42,random_k,4,5000,3,3
split_high_low,64,2,100,random_matched,1.0,50,42,random_k,4,5000,3,3
split_high_low,64,2,150,random_matched,1.0,50,42,random_k,4,5000,0,0
split_high_low,64,2,200,random_matched,1.0,50,42,random_k,4,5000,3,3
split_high_low,64,2,250,random_matched,1.0,50,42,random_k,4,5000,1,1
split_high_low,64,2,300,random_matched,1.0,50,42,random_k,4,5000,2,2
split_high_low,64,2,350,random_matched,1.0,50,42,random_k,4,5000,3,3
split_high_low,64,2,400,random_matched,1.0,50,42,random_k,4,5000,1,1
split_high_low,64,2,450,random_matched,1.0,50,42,random_k,4,5000,1,1
split_high_low,64,2,500,random_matched,1.0,50,42,random_k,4,5000,2,2
split_high_low,64,2,550,random_matched,1.0,50,42,random_k,4,5000,1,1
split_high_low,64,2,600,random_matched,1.0,50,42,random_k,4,5000,4,4
split_high_low,64,2,650,random_matched,1.0,50,42,random_k,4,5000,0,0
split_high_low,64,2,700,random_matched,1.0,50,42,random_k,4,5000,2,2
split_high_low,64,2,750,random_matched,1.0,50,42,random_k,4,5000,3,3
split_high_low,64,2,800,random_matched,1.0,50,42,random_k,4,5000,2,2
split_high_low,64,2,850,random_matched,1.0,50,42,random_k,4,5000,3,3
split_high_low,64,2,900,random_matched,1.0,50,42,random_k,4,5000,2,2
split_high_low,64,2,950,random_matched,1.0,50,42,random_k,4,5000,2,2
split_high_low,64,2,1000,random_matched,1.0,50,42,random_k,4,5000,0,0
split_high_low,64,2,1050,random_matched,1.0,50,42,random_k,4,5000,1,1
split_high_low,64,2,1100,random_matched,1.0,50,42,random_k,4,5000,1,1
split_high_low,64,2,1150,random_matched,1.0,50,42,random_k,4,5000,2,2
split_high_low,64,2,1200,random_matched,1.0,50,42,random_k,4,5000,3,3
split_high_low,64,2,1250,random_matched,1.0,50,42,random_k,4,5000,1,1
split_high_low,64,2,1300,random_matched,1.0,50,42,random_k,4,5000,3,3
split_high_low,64,2,1350,random_matched,1.0,50,42,random_k,4,5000,1,1
split_high_low,64,2,1400,random_matched,1.0,50,42,random_k,4,5000,1,1
split_high_low,64,2,1450,random_matched,1.0,50,42,random_k,4,5000,2,2
split_high_low,64,2,1500,random_matched,1.0,50,42,random_k,4,5000,4,4
split_high_low,64,2,1550,random_matched,1.0,50,42,random_k,4,5000,1,1
split_high_low,64,2,1600,random_matched,1.0,50,42,random_k,4,5000,3,3
split_high_low,64,2,1650,random_matched,1.0,50,42,random_k,4,5000,4,4
split_high_low,64,2,1700,random_matched,1.0,50,42,random_k,4,5000,1,1
split_high_low,64,2,1750,random_matched,1.0,50,42,random_k,4,5000,1,1
split_high_low,64,2,1800,random_matched,1.0,50,42,random_k,4,5000,2,2
split_high_low,64,2,1850,random_matched,1.0,50,42,random_k,4,5000,2,2
split_high_low,64,2,1900,random_matched,1.0,50,42,random_k,4,5000,2,2
split_high_low,64,2,1950,random_matched,1.0,50,42,random_k,4,5000,2,2
split_high_low,64,2,2000,random_matched,1.0,50,42,random_k,4,5000,0,0
split_high_low,64,2,2050,random_matched,1.0,50,42,random_k,4,5000,4,4
split_high_low,64,2,2100,random_matched,1.0,50,42,random_k,4,5000,5,5
split_high_low,64,2,2150,random_matched,1.0,50,42,random_k,4,5000,0,0
split_high_low,64,2,2200,random_matched,1.0,50,42,random_k,4,5000,1,1
split_high_low,64,2,2250,random_matched,1.0,50,42,random_k,4,5000,1,1
split_high_low,64,2,2300,random_matched,1.0,50,42,random_k,4,5000,2,2
split_high_low,64,2,2350,random_matched,1.0,50,42,random_k,4,5000,2,2
split_high_low,64,2,2400,random_matched,1.0,50,42,random_k,4,5000,4,4
split_high_low,64,2,2450,random_matched,1.0,50,42,random_k,4,5000,1,1
split_high_low,64,2,2500,random_matched,1.0,50,42,random_k,4,5000,1,1
split_high_low,64,2,2550,random_matched,1.0,50,42,random_k,4,5000,1,1
split_high_low,64,2,2600,random_matched,1.0,50,42,random_k,4,5000,2,2
split_high_low,64,2,2650,random_matched,1.0,50,42,random_k,4,5000,3,3
split_high_low,64,2,2700,random_matched,1.0,50,42,random_k,4,5000,2,2
split_high_low,64,2,2750,random_matched,1.0,50,42,random_k,4,5000,1,1
split_high_low,64,2,2800,random_matched,1.0,50,42,random_k,4,5000,0,0
split_high_low,64,2,2850,random_matched,1.0,50,42,random_k,4,5000,2,2
split_high_low,64,2,2900,random_matched,1.0,50,42,random_k,4,5000,0,0
split_high_low,64,2,2950,random_matched,1.0,50,42,random_k,4,5000,3,3
split_high_low,64,2,3000,random_matched,1.0,50,42,random_k,4,5000,3,3
split_high_low,64,2,3050,random_matched,1.0,50,42,random_k,4,5000,3,3
split_high_low,64,2,3100,random_matched,1.0,50,42,random_k,4,5000,2,2
split_high_low,64,2,3150,random_matched,1.0,50,42,random_k,4,5000,4,4
split_high_low,64,2,3200,random_matched,1.0,50,42,random_k,4,5000,2,2
split_high_low,64,2,3250,random_matched,1.0,50,42,random_k,4,5000,1,1
split_high_low,64,2,3300,random_matched,1.0,50,42,random_k,4,5000,3,3
split_high_low,64,2,3350,random_matched,1.0,50,42,random_k,4,5000,1,1
split_high_low,64,2,3400,random_matched,1.0,50,42,random_k,4,5000,2,2
split_high_low,64,2,3450,random_matched,1.0,50,42,random_k,4,5000,3,3
split_high_low,64,2,3500,random_matched,1.0,50,42,random_k,4,5000,0,0
split_high_low,64,2,3550,random_matched,1.0,50,42,random_k,4,5000,0,0
split_high_low,64,2,3600,random_matched,1.0,50,42,random_k,4,5000,0,0
split_high_low,64,2,3650,random_matched,1.0,50,42,random_k,4,5000,0,0
split_high_low,64,2,3700,random_matched,1.0,50,42,random_k,4,5000,2,2
split_high_low,64,2,3750,random_matched,1.0,50,42,random_k,4,5000,0,0
split_high_low,64,2,3800,random_matched,1.0,50,42,random_k,4,5000,0,0
split_high_low,64,2,3850,random_matched,1.0,50,42,random_k,4,5000,2,2
split_high_low,64,2,3900,random_matched,1.0,50,42,random_k,4,5000,1,1
split_high_low,64,2,3950,random_matched,1.0,50,42,random_k,4,5000,4,4
split_high_low,64,2,4000,random_matched,1.0,50,42,random_k,4,5000,2,2
split_high_low,64,2,4050,random_matched,1.0,50,42,random_k,4,5000,1,1
split_high_low,64,2,4100,random_matched,1.0,50,42,random_k,4,5000,1,1
split_high_low,64,2,4150,random_matched,1.0,50,42,random_k,4,5000,0,0
split_high_low,64,2,4200,random_matched,1.0,50,42,random_k,4,5000,4,4
split_high_low,64,2,4250,random_matched,1.0,50,42,random_k,4,5000,0,0
split_high_low,64,2,4300,random_matched,1.0,50,42,random_k,4,5000,1,1
split_high_low,64,2,4350,random_matched,1.0,50,42,random_k,4,5000,0,0
split_high_low,64,2,4400,random_matched,1.0,50,42,random_k,4,5000,3,3
split_high_low,64,2,4450,random_matched,1.0,50,42,random_k,4,5000,3,3
split_high_low,64,2,4500,random_matched,1.0,50,42,random_k,4,5000,1,1
split_high_low,64,2,4550,random_matched,1.0,50,42,random_k,4,5000,3,3
split_high_low,64,2,4600,random_matched,1.0,50,42,random_k,4,5000,1,1
split_high_low,64,2,4650,random_matched,1.0,50,42,random_k,4,5000,1,1
split_high_low,64,2,4700,random_matched,1.0,50,42,random_k,4,5000,0,0
split_high_low,64,2,4750,random_matched,1.0,50,42,random_k,4,5000,2,2
split_high_low,64,2,4800,random_matched,1.0,50,42,random_k,4,5000,2,2
split_high_low,64,2,4850,random_matched,1.0,50,42,random_k,4,5000,2,2
split_high_low,64,2,4900,random_matched,1.0,50,42,random_k,4,5000,2,2
split_high_low,64,2,4950,random_matched,1.0,50,42,random_k,4,5000,1,1
split_high_low,64,2,5000,random_matched,1.0,50,42,random_k,4,5000,1,1
uniform_high,32,3,50,random_matched,1.0,50,42,random_k,4,5000,1,1
uniform_high,32,3,100,random_matched,1.0,50,42,random_k,4,5000,0,0
uniform_high,32,3,150,random_matched,1.0,50,42,random_k,4,5000,1,1
uniform_high,32,3,200,random_matched,1.0,50,42,random_k,4,5000,1,1
uniform_high,32,3,250,random_matched,1.0,50,42,random_k,4,5000,1,1
uniform_high,32,3,300,random_matched,1.0,50,42,random_k,4,5000,0,0
uniform_high,32,3,350,random_matched,1.0,50,42,random_k,4,5000,0,0
uniform_high,32,3,400,random_matched,1.0,50,42,random_k,4,5000,0,0
uniform_high,32,3,450,random_matched,1.0,50,42,random_k,4,5000,2,2
uniform_high,32,3,500,random_matched,1.0,50,42,random_k,4,5000,0,0
uniform_high,32,3,550,random_matched,1.0,50,42,random_k,4,5000,0,0
uniform_high,32,3,600,random_matched,1.0,50,42,random_k,4,5000,0,0
uniform_high,32,3,650,random_matched,1.0,50,42,random_k,4,5000,0,0
uniform_high,32,3,700,random_matched,1.0,50,42,random_k,4,5000,0,0
uniform_high,32,3,750,random_matched,1.0,50,42,random_k,4,5000,1,1
uniform_high,32,3,800,random_matched,1.0,50,42,random_k,4,5000,0,0
uniform_high,32,3,850,random_matched,1.0,50,42,random_k,4,5000,0,0
uniform_high,32,3,900,random_matched,1.0,50,42,random_k,4,5000,1,1
uniform_high,32,3,950,random_matched,1.0,50,42,random_k,4,5000,0,0
uniform_high,32,3,1000,random_matched,1.0,50,42,random_k,4,5000,0,0
uniform_high,32,3,1050,random_matched,1.0,50,42,random_k,4,5000,1,1
uniform_high,32,3,1100,random_matched,1.0,50,42,random_k,4,5000,2,2
uniform_high,32,3,1150,random_matched,1.0,50,42,random_k,4,5000,1,1
uniform_high,32,3,1200,random_matched,1.0,50,42,random_k,4,5000,0,0
uniform_high,32,3,1250,random_matched,1.0,50,42,random_k,4,5000,0,0
uniform_high,32,3,1300,random_matched,1.0,50,42,random_k,4,5000,0,0
uniform_high,32,3,1350,random_matched,1.0,50,42,random_k,4,5000,0,0
uniform_high,32,3,1400,random_matched,1.0,50,42,random_k,4,5000,0,0
uniform_high,32,3,1450,random_matched,1.0,50,42,random_k,4,5000,0,0
uniform_high,32,3,1500,random_matched,1.0,50,42,random_k,4,5000,0,0
uniform_high,32,3,1550,random_matched,1.0,50,42,random_k,4,5000,1,1
uniform_high,32,3,1600,random_matched,1.0,50,42,random_k,4,5000,0,0
uniform_high,32,3,1650,random_matched,1.0,50,42,random_k,4,5000,0,0
uniform_high,32,3,1700,random_matched,1.0,50,42,random_k,4,5000,0,0
uniform_high,32,3,1750,random_matched,1.0,50,42,random_k,4,5000,0,0
uniform_high,32,3,1800,random_matched,1.0,50,42,random_k,4,5000,1,1
uniform_high,32,3,1850,random_matched,1.0,50,42,random_k,4,5000,0,0
uniform_high,32,3,1900,random_matched,1.0,50,42,random_k,4,5000,0,0
uniform_high,32,3,1950,random_matched,1.0,50,42,random_k,4,5000,0,0
uniform_high,32,3,2000,random_matched,1.0,50,42,random_k,4,5000,0,0
uniform_high,32,3,2050,random_matched,1.0,50,42,random_k,4,5000,0,0
uniform_high,32,3,2100,random_matched,1.0,50,42,random_k,4,5000,0,0
uniform_high,32,3,2150,random_matched,1.0,50,42,random_k,4,5000,1,1
uniform_high,32,3,2200,random_matched,1.0,50,42,random_k,4,5000,0,0
uniform_high,32,3,2250,random_matched,1.0,50,42,random_k,4,5000,0,0
uniform_high,32,3,2300,random_matched,1.0,50,42,random_k,4,5000,0,0
uniform_high,32,3,2350,random_matched,1.0,50,42,random_k,4,5000,0,0
uniform_high,32,3,2400,random_matched,1.0,50,42,random_k,4,5000,0,0
uniform_high,32,3,2450,random_matched,1.0,50,42,random_k,4,5000,0,0
uniform_high,32,3,2500,random_matched,1.0,50,42,random_k,4,5000,0,0
uniform_high,32,3,2550,random_matched,1.0,50,42,random_k,4,5000,0,0
uniform_high,32,3,2600,random_matched,1.0,50,42,random_k,4,5000,0,0
uniform_high,32,3,2650,random_matched,1.0,50,42,random_k,4,5000,0,0
uniform_high,32,3,2700,random_matched,1.0,50,42,random_k,4,5000,0,0
uniform_high,32,3,2750,random_matched,1.0,50,42,random_k,4,5000,0,0
uniform_high,32,3,2800,random_matched,1.0,50,42,random_k,4,5000,0,0
uniform_high,32,3,2850,random_matched,1.0,50,42,random_k,4,5000,1,1
uniform_high,32,3,2900,random_matched,1.0,50,42,random_k,4,5000,0,0
uniform_high,32,3,2950,random_matched,1.0,50,42,random_k,4,5000,0,0
uniform_high,32,3,3000,random_matched,1.0,50,42,random_k,4,5000,0,0
uniform_high,32,3,3050,random_matched,1.0,50,42,random_k,4,5000,0,0
uniform_high,32,3,3100,random_matched,1.0,50,42,random_k,4,5000,0,0
uniform_high,32,3,3150,random_matched,1.0,50,42,random_k,4,5000,0,0
uniform_high,32,3,3200,random_matched,1.0,50,42,random_k,4,5000,0,0
uniform_high,32,3,3250,random_matched,1.0,50,42,random_k,4,5000,0,0
uniform_high,32,3,3300,random_matched,1.0,50,42,random_k,4,5000,0,0
uniform_high,32,3,3350,random_matched,1.0,50,42,random_k,4,5000,0,0
uniform_high,32,3,3400,random_matched,1.0,50,42,random_k,4,5000,0,0
uniform_high,32,3,3450,random_matched,1.0,50,42,random_k,4,5000,0,0
uniform_high,32,3,3500,random_matched,1.0,50,42,random_k,4,5000,0,0
uniform_high,32,3,3550,random_matched,1.0,50,42,random_k,4,5000,0,0
uniform_high,32,3,3600,random_matched,1.0,50,42,random_k,4,5000,0,0
uniform_high,32,3,3650,random_matched,1.0,50,42,random_k,4,5000,0,0
uniform_high,32,3,3700,random_matched,1.0,50,42,random_k,4,5000,0,0
uniform_high,32,3,3750,random_matched,1.0,50,42,random_k,4,5000,0,0
uniform_high,32,3,3800,random_matched,1.0,50,42,random_k,4,5000,0,0
uniform_high,32,3,3850,random_matched,1.0,50,42,random_k,4,5000,0,0
uniform_high,32,3,3900,random_matched,1.0,50,42,random_k,4,5000,0,0
uniform_high,32,3,3950,random_matched,1.0,50,42,random_k,4,5000,0,0
uniform_high,32,3,4000,random_matched,1.0,50,42,random_k,4,5000,0,0
uniform_high,32,3,4050,random_matched,1.0,50,42,random_k,4,5000,0,0
uniform_high,32,3,4100,random_matched,1.0,50,42,random_k,4,5000,0,0
uniform_high,32,3,4150,random_matched,1.0,50,42,random_k,4,5000,0,0
uniform_high,32,3,4200,random_matched,1.0,50,42,random_k,4,5000,0,0
uniform_high,32,3,4250,random_matched,1.0,50,42,random_k,4,5000,0,0
uniform_high,32,3,4300,random_matched,1.0,50,42,random_k,4,5000,0,0
uniform_high,32,3,4350,random_matched,1.0,50,42,random_k,4,5000,0,0
uniform_high,32,3,4400,random_matched,1.0,50,42,random_k,4,5000,0,0
uniform_high,32,3,4450,random_matched,1.0,50,42,random_k,4,5000,0,0
uniform_high,32,3,4500,random_matched,1.0,50,42,random_k,4,5000,0,0
uniform_high,32,3,4550,random_matched,1.0,50,42,random_k,4,5000,0,0
uniform_high,32,3,4600,random_matched,1.0,50,42,random_k,4,5000,0,0
uniform_high,32,3,4650,random_matched,1.0,50,42,random_k,4,5000,0,0
uniform_high,32,3,4700,random_matched,1.0,50,42,random_k,4,5000,0,0
uniform_high,32,3,4750,random_matched,1.0,50,42,random_k,4,5000,0,0
uniform_high,32,3,4800,random_matched,1.0,50,42,random_k,4,5000,0,0
uniform_high,32,3,4850,random_matched,1.0,50,42,random_k,4,5000,0,0
uniform_high,32,3,4900,random_matched,1.0,50,42,random_k,4,5000,0,0
uniform_high,32,3,4950,random_matched,1.0,50,42,random_k,4,5000,0,0
uniform_high,32,3,5000,random_matched,1.0,50,42,random_k,4,5000,0,0
uniform_high,64,3,50,random_matched,1.0,50,42,random_k,4,5000,1,1
uniform_high,64,3,100,random_matched,1.0,50,42,random_k,4,5000,0,0
uniform_high,64,3,150,random_matched,1.0,50,42,random_k,4,5000,3,3
uniform_high,64,3,200,random_matched,1.0,50,42,random_k,4,5000,2,2
uniform_high,64,3,250,random_matched,1.0,50,42,random_k,4,5000,1,1
uniform_high,64,3,300,random_matched,1.0,50,42,random_k,4,5000,1,1
uniform_high,64,3,350,random_matched,1.0,50,42,random_k,4,5000,0,0
uniform_high,64,3,400,random_matched,1.0,50,42,random_k,4,5000,1,1
uniform_high,64,3,450,random_matched,1.0,50,42,random_k,4,5000,2,2
uniform_high,64,3,500,random_matched,1.0,50,42,random_k,4,5000,1,1
uniform_high,64,3,550,random_matched,1.0,50,42,random_k,4,5000,1,1
uniform_high,64,3,600,random_matched,1.0,50,42,random_k,4,5000,2,2
uniform_high,64,3,650,random_matched,1.0,50,42,random_k,4,5000,1,1
uniform_high,64,3,700,random_matched,1.0,50,42,random_k,4,5000,2,2
uniform_high,64,3,750,random_matched,1.0,50,42,random_k,4,5000,3,3
uniform_high,64,3,800,random_matched,1.0,50,42,random_k,4,5000,2,2
uniform_high,64,3,850,random_matched,1.0,50,42,random_k,4,5000,1,1
uniform_high,64,3,900,random_matched,1.0,50,42,random_k,4,5000,3,3
uniform_high,64,3,950,random_matched,1.0,50,42,random_k,4,5000,6,6
uniform_high,64,3,1000,random_matched,1.0,50,42,random_k,4,5000,5,5
uniform_high,64,3,1050,random_matched,1.0,50,42,random_k,4,5000,1,1
uniform_high,64,3,1100,random_matched,1.0,50,42,random_k,4,5000,3,3
uniform_high,64,3,1150,random_matched,1.0,50,42,random_k,4,5000,1,1
uniform_high,64,3,1200,random_matched,1.0,50,42,random_k,4,5000,1,1
uniform_high,64,3,1250,random_matched,1.0,50,42,random_k,4,5000,2,2
uniform_high,64,3,1300,random_matched,1.0,50,42,random_k,4,5000,3,3
uniform_high,64,3,1350,random_matched,1.0,50,42,random_k,4,5000,2,2
uniform_high,64,3,1400,random_matched,1.0,50,42,random_k,4,5000,5,5
uniform_high,64,3,1450,random_matched,1.0,50,42,random_k,4,5000,0,0
uniform_high,64,3,1500,random_matched,1.0,50,42,random_k,4,5000,4,4
uniform_high,64,3,1550,random_matched,1.0,50,42,random_k,4,5000,3,3
uniform_high,64,3,1600,random_matched,1.0,50,42,random_k,4,5000,2,2
uniform_high,64,3,1650,random_matched,1.0,50,42,random_k,4,5000,3,3
uniform_high,64,3,1700,random_matched,1.0,50,42,random_k,4,5000,3,3
uniform_high,64,3,1750,random_matched,1.0,50,42,random_k,4,5000,2,2
uniform_high,64,3,1800,random_matched,1.0,50,42,random_k,4,5000,0,0
uniform_high,64,3,1850,random_matched,1.0,50,42,random_k,4,5000,0,0
uniform_high,64,3,1900,random_matched,1.0,50,42,random_k,4,5000,1,1
uniform_high,64,3,1950,random_matched,1.0,50,42,random_k,4,5000,3,3
uniform_high,64,3,2000,random_matched,1.0,50,42,random_k,4,5000,5,5
uniform_high,64,3,2050,random_matched,1.0,50,42,random_k,4,5000,1,1
uniform_high,64,3,2100,random_matched,1.0,50,42,random_k,4,5000,2,2
uniform_high,64,3,2150,random_matched,1.0,50,42,random_k,4,5000,2,2
uniform_high,64,3,2200,random_matched,1.0,50,42,random_k,4,5000,2,2
uniform_high,64,3,2250,random_matched,1.0,50,42,random_k,4,5000,4,4
uniform_high,64,3,2300,random_matched,1.0,50,42,random_k,4,5000,2,2
uniform_high,64,3,2350,random_matched,1.0,50,42,random_k,4,5000,2,2
uniform_high,64,3,2400,random_matched,1.0,50,42,random_k,4,5000,1,1
uniform_high,64,3,2450,random_matched,1.0,50,42,random_k,4,5000,5,5
uniform_high,64,3,2500,random_matched,1.0,50,42,random_k,4,5000,1,1
uniform_high,64,3,2550,random_matched,1.0,50,42,random_k,4,5000,3,3
uniform_high,64,3,2600,random_matched,1.0,50,42,random_k,4,5000,1,1
uniform_high,64,3,2650,random_matched,1.0,50,42,random_k,4,5000,2,2
uniform_high,64,3,2700,random_matched,1.0,50,42,random_k,4,5000,1,1
uniform_high,64,3,2750,random_matched,1.0,50,42,random_k,4,5000,3,3
uniform_high,64,3,2800,random_matched,1.0,50,42,random_k,4,5000,2,2
uniform_high,64,3,2850,random_matched,1.0,50,42,random_k,4,5000,2,2
uniform_high,64,3,2900,random_matched,1.0,50,42,random_k,4,5000,2,2
uniform_high,64,3,2950,random_matched,1.0,50,42,random_k,4,5000,3,3
uniform_high,64,3,3000,random_matched,1.0,50,42,random_k,4,5000,1,1
uniform_high,64,3,3050,random_matched,1.0,50,42,random_k,4,5000,1,1
uniform_high,64,3,3100,random_matched,1.0,50,42,random_k,4,5000,1,1
uniform_high,64,3,3150,random_matched,1.0,50,42,random_k,4,5000,3,3
uniform_high,64,3,3200,random_matched,1.0,50,42,random_k,4,5000,1,1
uniform_high,64,3,3250,random_matched,1.0,50,42,random_k,4,5000,2,2
uniform_high,64,3,3300,random_matched,1.0,50,42,random_k,4,5000,0,0
uniform_high,64,3,3350,random_matched,1.0,50,42,random_k,4,5000,2,2
uniform_high,64,3,3400,random_matched,1.0,50,42,random_k,4,5000,2,2
uniform_high,64,3,3450,random_matched,1.0,50,42,random_k,4,5000,2,2
uniform_high,64,3,3500,random_matched,1.0,50,42,random_k,4,5000,1,1
uniform_high,64,3,3550,random_matched,1.0,50,42,random_k,4,5000,0,0
uniform_high,64,3,3600,random_matched,1.0,50,42,random_k,4,5000,0,0
uniform_high,64,3,3650,random_matched,1.0,50,42,random_k,4,5000,2,2
uniform_high,64,3,3700,random_matched,1.0,50,42,random_k,4,5000,1,1
uniform_high,64,3,3750,random_matched,1.0,50,42,random_k,4,5000,3,3
uniform_high,64,3,3800,random_matched,1.0,50,42,random_k,4,5000,1,1
uniform_high,64,3,3850,random_matched,1.0,50,42,random_k,4,5000,1,1
uniform_high,64,3,3900,random_matched,1.0,50,42,random_k,4,5000,5,5
uniform_high,64,3,3950,random_matched,1.0,50,42,random_k,4,5000,2,2
uniform_high,64,3,4000,random_matched,1.0,50,42,random_k,4,5000,0,0
uniform_high,64,3,4050,random_matched,1.0,50,42,random_k,4,5000,2,2
uniform_high,64,3,4100,random_matched,1.0,50,42,random_k,4,5000,3,3
uniform_high,64,3,4150,random_matched,1.0,50,42,random_k,4,5000,0,0
uniform_high,64,3,4200,random_matched,1.0,50,42,random_k,4,5000,4,4
uniform_high,64,3,4250,random_matched,1.0,50,42,random_k,4,5000,0,0
uniform_high,64,3,4300,random_matched,1.0,50,42,random_k,4,5000,2,2
uniform_high,64,3,4350,random_matched,1.0,50,42,random_k,4,5000,2,2
uniform_high,64,3,4400,random_matched,1.0,50,42,random_k,4,5000,1,1
uniform_high,64,3,4450,random_matched,1.0,50,42,random_k,4,5000,3,3
uniform_high,64,3,4500,random_matched,1.0,50,42,random_k,4,5000,0,0
uniform_high,64,3,4550,random_matched,1.0,50,42,random_k,4,5000,1,1
uniform_high,64,3,4600,random_matched,1.0,50,42,random_k,4,5000,1,1
uniform_high,64,3,4650,random_matched,1.0,50,42,random_k,4,5000,1,1
uniform_high,64,3,4700,random_matched,1.0,50,42,random_k,4,5000,1,1
uniform_high,64,3,4750,random_matched,1.0,50,42,random_k,4,5000,1,1
uniform_high,64,3,4800,random_matched,1.0,50,42,random_k,4,5000,1,1
uniform_high,64,3,4850,random_matched,1.0,50,42,random_k,4,5000,0,0
uniform_high,64,3,4900,random_matched,1.0,50,42,random_k,4,5000,1,1
uniform_high,64,3,4950,random_matched,1.0,50,42,random_k,4,5000,0,0
uniform_high,64,3,5000,random_matched,1.0,50,42,random_k,4,5000,2,2
patchy_high,32,3,50,random_matched,1.0,50,42,random_k,4,5000,1,1
patchy_high,32,3,100,random_matched,1.0,50,42,random_k,4,5000,0,0
patchy_high,32,3,150,random_matched,1.0,50,42,random_k,4,5000,0,0
patchy_high,32,3,200,random_matched,1.0,50,42,random_k,4,5000,0,0
patchy_high,32,3,250,random_matched,1.0,50,42,random_k,4,5000,2,2
patchy_high,32,3,300,random_matched,1.0,50,42,random_k,4,5000,1,1
patchy_high,32,3,350,random_matched,1.0,50,42,random_k,4,5000,0,0
patchy_high,32,3,400,random_matched,1.0,50,42,random_k,4,5000,0,0
patchy_high,32,3,450,random_matched,1.0,50,42,random_k,4,5000,0,0
patchy_high,32,3,500,random_matched,1.0,50,42,random_k,4,5000,0,0
patchy_high,32,3,550,random_matched,1.0,50,42,random_k,4,5000,0,0
patchy_high,32,3,600,random_matched,1.0,50,42,random_k,4,5000,2,2
patchy_high,32,3,650,random_matched,1.0,50,42,random_k,4,5000,0,0
patchy_high,32,3,700,random_matched,1.0,50,42,random_k,4,5000,0,0
patchy_high,32,3,750,random_matched,1.0,50,42,random_k,4,5000,0,0
patchy_high,32,3,800,random_matched,1.0,50,42,random_k,4,5000,0,0
patchy_high,32,3,850,random_matched,1.0,50,42,random_k,4,5000,0,0
patchy_high,32,3,900,random_matched,1.0,50,42,random_k,4,5000,0,0
patchy_high,32,3,950,random_matched,1.0,50,42,random_k,4,5000,1,1
patchy_high,32,3,1000,random_matched,1.0,50,42,random_k,4,5000,0,0
patchy_high,32,3,1050,random_matched,1.0,50,42,random_k,4,5000,0,0
patchy_high,32,3,1100,random_matched,1.0,50,42,random_k,4,5000,0,0
patchy_high,32,3,1150,random_matched,1.0,50,42,random_k,4,5000,1,1
patchy_high,32,3,1200,random_matched,1.0,50,42,random_k,4,5000,0,0
patchy_high,32,3,1250,random_matched,1.0,50,42,random_k,4,5000,1,1
patchy_high,32,3,1300,random_matched,1.0,50,42,random_k,4,5000,3,3
patchy_high,32,3,1350,random_matched,1.0,50,42,random_k,4,5000,0,0
patchy_high,32,3,1400,random_matched,1.0,50,42,random_k,4,5000,0,0
patchy_high,32,3,1450,random_matched,1.0,50,42,random_k,4,5000,1,1
patchy_high,32,3,1500,random_matched,1.0,50,42,random_k,4,5000,0,0
patchy_high,32,3,1550,random_matched,1.0,50,42,random_k,4,5000,0,0
patchy_high,32,3,1600,random_matched,1.0,50,42,random_k,4,5000,0,0
patchy_high,32,3,1650,random_matched,1.0,50,42,random_k,4,5000,0,0
patchy_high,32,3,1700,random_matched,1.0,50,42,random_k,4,5000,0,0
patchy_high,32,3,1750,random_matched,1.0,50,42,random_k,4,5000,0,0
patchy_high,32,3,1800,random_matched,1.0,50,42,random_k,4,5000,1,1
patchy_high,32,3,1850,random_matched,1.0,50,42,random_k,4,5000,0,0
patchy_high,32,3,1900,random_matched,1.0,50,42,random_k,4,5000,0,0
patchy_high,32,3,1950,random_matched,1.0,50,42,random_k,4,5000,0,0
patchy_high,32,3,2000,random_matched,1.0,50,42,random_k,4,5000,0,0
patchy_high,32,3,2050,random_matched,1.0,50,42,random_k,4,5000,1,1
patchy_high,32,3,2100,random_matched,1.0,50,42,random_k,4,5000,0,0
patchy_high,32,3,2150,random_matched,1.0,50,42,random_k,4,5000,0,0
patchy_high,32,3,2200,random_matched,1.0,50,42,random_k,4,5000,0,0
patchy_high,32,3,2250,random_matched,1.0,50,42,random_k,4,5000,0,0
patchy_high,32,3,2300,random_matched,1.0,50,42,random_k,4,5000,0,0
patchy_high,32,3,2350,random_matched,1.0,50,42,random_k,4,5000,0,0
patchy_high,32,3,2400,random_matched,1.0,50,42,random_k,4,5000,0,0
patchy_high,32,3,2450,random_matched,1.0,50,42,random_k,4,5000,0,0
patchy_high,32,3,2500,random_matched,1.0,50,42,random_k,4,5000,0,0
patchy_high,32,3,2550,random_matched,1.0,50,42,random_k,4,5000,0,0
patchy_high,32,3,2600,random_matched,1.0,50,42,random_k,4,5000,0,0
patchy_high,32,3,2650,random_matched,1.0,50,42,random_k,4,5000,1,1
patchy_high,32,3,2700,random_matched,1.0,50,42,random_k,4,5000,0,0
patchy_high,32,3,2750,random_matched,1.0,50,42,random_k,4,5000,0,0
patchy_high,32,3,2800,random_matched,1.0,50,42,random_k,4,5000,0,0
patchy_high,32,3,2850,random_matched,1.0,50,42,random_k,4,5000,0,0
patchy_high,32,3,2900,random_matched,1.0,50,42,random_k,4,5000,0,0
patchy_high,32,3,2950,random_matched,1.0,50,42,random_k,4,5000,0,0
patchy_high,32,3,3000,random_matched,1.0,50,42,random_k,4,5000,0,0
patchy_high,32,3,3050,random_matched,1.0,50,42,random_k,4,5000,0,0
patchy_high,32,3,3100,random_matched,1.0,50,42,random_k,4,5000,0,0
patchy_high,32,3,3150,random_matched,1.0,50,42,random_k,4,5000,0,0
patchy_high,32,3,3200,random_matched,1.0,50,42,random_k,4,5000,0,0
patchy_high,32,3,3250,random_matched,1.0,50,42,random_k,4,5000,0,0
patchy_high,32,3,3300,random_matched,1.0,50,42,random_k,4,5000,0,0
patchy_high,32,3,3350,random_matched,1.0,50,42,random_k,4,5000,0,0
patchy_high,32,3,3400,random_matched,1.0,50,42,random_k,4,5000,0,0
patchy_high,32,3,3450,random_matched,1.0,50,42,random_k,4,5000,0,0
patchy_high,32,3,3500,random_matched,1.0,50,42,random_k,4,5000,0,0
patchy_high,32,3,3550,random_matched,1.0,50,42,random_k,4,5000,0,0
patchy_high,32,3,3600,random_matched,1.0,50,42,random_k,4,5000,0,0
patchy_high,32,3,3650,random_matched,1.0,50,42,random_k,4,5000,0,0
patchy_high,32,3,3700,random_matched,1.0,50,42,random_k,4,5000,0,0
patchy_high,32,3,3750,random_matched,1.0,50,42,random_k,4,5000,0,0
patchy_high,32,3,3800,random_matched,1.0,50,42,random_k,4,5000,0,0
patchy_high,32,3,3850,random_matched,1.0,50,42,random_k,4,5000,0,0
patchy_high,32,3,3900,random_matched,1.0,50,42,random_k,4,5000,0,0
patchy_high,32,3,3950,random_matched,1.0,50,42,random_k,4,5000,0,0
patchy_high,32,3,4000,random_matched,1.0,50,42,random_k,4,5000,0,0
patchy_high,32,3,4050,random_matched,1.0,50,42,random_k,4,5000,0,0
patchy_high,32,3,4100,random_matched,1.0,50,42,random_k,4,5000,0,0
patchy_high,32,3,4150,random_matched,1.0,50,42,random_k,4,5000,0,0
patchy_high,32,3,4200,random_matched,1.0,50,42,random_k,4,5000,0,0
patchy_high,32,3,4250,random_matched,1.0,50,42,random_k,4,5000,0,0
patchy_high,32,3,4300,random_matched,1.0,50,42,random_k,4,5000,0,0
patchy_high,32,3,4350,random_matched,1.0,50,42,random_k,4,5000,0,0
patchy_high,32,3,4400,random_matched,1.0,50,42,random_k,4,5000,0,0
patchy_high,32,3,4450,random_matched,1.0,50,42,random_k,4,5000,0,0
patchy_high,32,3,4500,random_matched,1.0,50,42,random_k,4,5000,0,0
patchy_high,32,3,4550,random_matched,1.0,50,42,random_k,4,5000,0,0
patchy_high,32,3,4600,random_matched,1.0,50,42,random_k,4,5000,0,0
patchy_high,32,3,4650,random_matched,1.0,50,42,random_k,4,5000,0,0
patchy_high,32,3,4700,random_matched,1.0,50,42,random_k,4,5000,0,0
patchy_high,32,3,4750,random_matched,1.0,50,42,random_k,4,5000,0,0
patchy_high,32,3,4800,random_matched,1.0,50,42,random_k,4,5000,0,0
patchy_high,32,3,4850,random_matched,1.0,50,42,random_k,4,5000,0,0
patchy_high,32,3,4900,random_matched,1.0,50,42,random_k,4,5000,0,0
patchy_high,32,3,4950,random_matched,1.0,50,42,random_k,4,5000,0,0
patchy_high,32,3,5000,random_matched,1.0,50,42,random_k,4,5000,0,0
patchy_high,64,3,50,random_matched,1.0,50,42,random_k,4,5000,0,0
patchy_high,64,3,100,random_matched,1.0,50,42,random_k,4,5000,1,1
patchy_high,64,3,150,random_matched,1.0,50,42,random_k,4,5000,0,0
patchy_high,64,3,200,random_matched,1.0,50,42,random_k,4,5000,0,0
patchy_high,64,3,250,random_matched,1.0,50,42,random_k,4,5000,3,3
patchy_high,64,3,300,random_matched,1.0,50,42,random_k,4,5000,2,2
patchy_high,64,3,350,random_matched,1.0,50,42,random_k,4,5000,1,1
patchy_high,64,3,400,random_matched,1.0,50,42,random_k,4,5000,1,1
patchy_high,64,3,450,random_matched,1.0,50,42,random_k,4,5000,0,0
patchy_high,64,3,500,random_matched,1.0,50,42,random_k,4,5000,1,1
patchy_high,64,3,550,random_matched,1.0,50,42,random_k,4,5000,0,0
patchy_high,64,3,600,random_matched,1.0,50,42,random_k,4,5000,3,3
patchy_high,64,3,650,random_matched,1.0,50,42,random_k,4,5000,1,1
patchy_high,64,3,700,random_matched,1.0,50,42,random_k,4,5000,0,0
patchy_high,64,3,750,random_matched,1.0,50,42,random_k,4,5000,3,3
patchy_high,64,3,800,random_matched,1.0,50,42,random_k,4,5000,2,2
patchy_high,64,3,850,random_matched,1.0,50,42,random_k,4,5000,1,1
patchy_high,64,3,900,random_matched,1.0,50,42,random_k,4,5000,2,2
patchy_high,64,3,950,random_matched,1.0,50,42,random_k,4,5000,2,2
patchy_high,64,3,1000,random_matched,1.0,50,42,random_k,4,5000,3,3
patchy_high,64,3,1050,random_matched,1.0,50,42,random_k,4,5000,4,4
patchy_high,64,3,1100,random_matched,1.0,50,42,random_k,4,5000,7,7
patchy_high,64,3,1150,random_matched,1.0,50,42,random_k,4,5000,1,1
patchy_high,64,3,1200,random_matched,1.0,50,42,random_k,4,5000,3,3
patchy_high,64,3,1250,random_matched,1.0,50,42,random_k,4,5000,2,2
patchy_high,64,3,1300,random_matched,1.0,50,42,random_k,4,5000,1,1
patchy_high,64,3,1350,random_matched,1.0,50,42,random_k,4,5000,1,1
patchy_high,64,3,1400,random_matched,1.0,50,42,random_k,4,5000,1,1
patchy_high,64,3,1450,random_matched,1.0,50,42,random_k,4,5000,4,4
patchy_high,64,3,1500,random_matched,1.0,50,42,random_k,4,5000,1,1
patchy_high,64,3,1550,random_matched,1.0,50,42,random_k,4,5000,2,2
patchy_high,64,3,1600,random_matched,1.0,50,42,random_k,4,5000,3,3
patchy_high,64,3,1650,random_matched,1.0,50,42,random_k,4,5000,1,1
patchy_high,64,3,1700,random_matched,1.0,50,42,random_k,4,5000,3,3
patchy_high,64,3,1750,random_matched,1.0,50,42,random_k,4,5000,3,3
patchy_high,64,3,1800,random_matched,1.0,50,42,random_k,4,5000,3,3
patchy_high,64,3,1850,random_matched,1.0,50,42,random_k,4,5000,2,2
patchy_high,64,3,1900,random_matched,1.0,50,42,random_k,4,5000,1,1
patchy_high,64,3,1950,random_matched,1.0,50,42,random_k,4,5000,2,2
patchy_high,64,3,2000,random_matched,1.0,50,42,random_k,4,5000,1,1
patchy_high,64,3,2050,random_matched,1.0,50,42,random_k,4,5000,1,1
patchy_high,64,3,2100,random_matched,1.0,50,42,random_k,4,5000,0,0
patchy_high,64,3,2150,random_matched,1.0,50,42,random_k,4,5000,0,0
patchy_high,64,3,2200,random_matched,1.0,50,42,random_k,4,5000,4,4
patchy_high,64,3,2250,random_matched,1.0,50,42,random_k,4,5000,3,3
patchy_high,64,3,2300,random_matched,1.0,50,42,random_k,4,5000,3,3
patchy_high,64,3,2350,random_matched,1.0,50,42,random_k,4,5000,1,1
patchy_high,64,3,2400,random_matched,1.0,50,42,random_k,4,5000,1,1
patchy_high,64,3,2450,random_matched,1.0,50,42,random_k,4,5000,2,2
patchy_high,64,3,2500,random_matched,1.0,50,42,random_k,4,5000,1,1
patchy_high,64,3,2550,random_matched,1.0,50,42,random_k,4,5000,2,2
patchy_high,64,3,2600,random_matched,1.0,50,42,random_k,4,5000,3,3
patchy_high,64,3,2650,random_matched,1.0,50,42,random_k,4,5000,2,2
patchy_high,64,3,2700,random_matched,1.0,50,42,random_k,4,5000,0,0
patchy_high,64,3,2750,random_matched,1.0,50,42,random_k,4,5000,2,2
patchy_high,64,3,2800,random_matched,1.0,50,42,random_k,4,5000,3,3
patchy_high,64,3,2850,random_matched,1.0,50,42,random_k,4,5000,3,3
patchy_high,64,3,2900,random_matched,1.0,50,42,random_k,4,5000,2,2
patchy_high,64,3,2950,random_matched,1.0,50,42,random_k,4,5000,1,1
patchy_high,64,3,3000,random_matched,1.0,50,42,random_k,4,5000,2,2
patchy_high,64,3,3050,random_matched,1.0,50,42,random_k,4,5000,0,0
patchy_high,64,3,3100,random_matched,1.0,50,42,random_k,4,5000,1,1
patchy_high,64,3,3150,random_matched,1.0,50,42,random_k,4,5000,2,2
patchy_high,64,3,3200,random_matched,1.0,50,42,random_k,4,5000,3,3
patchy_high,64,3,3250,random_matched,1.0,50,42,random_k,4,5000,2,2
patchy_high,64,3,3300,random_matched,1.0,50,42,random_k,4,5000,2,2
patchy_high,64,3,3350,random_matched,1.0,50,42,random_k,4,5000,1,1
patchy_high,64,3,3400,random_matched,1.0,50,42,random_k,4,5000,1,1
patchy_high,64,3,3450,random_matched,1.0,50,42,random_k,4,5000,3,3
patchy_high,64,3,3500,random_matched,1.0,50,42,random_k,4,5000,1,1
patchy_high,64,3,3550,random_matched,1.0,50,42,random_k,4,5000,1,1
patchy_high,64,3,3600,random_matched,1.0,50,42,random_k,4,5000,1,1
patchy_high,64,3,3650,random_matched,1.0,50,42,random_k,4,5000,3,3
patchy_high,64,3,3700,random_matched,1.0,50,42,random_k,4,5000,2,2
patchy_high,64,3,3750,random_matched,1.0,50,42,random_k,4,5000,1,1
patchy_high,64,3,3800,random_matched,1.0,50,42,random_k,4,5000,0,0
patchy_high,64,3,3850,random_matched,1.0,50,42,random_k,4,5000,2,2
patchy_high,64,3,3900,random_matched,1.0,50,42,random_k,4,5000,3,3
patchy_high,64,3,3950,random_matched,1.0,50,42,random_k,4,5000,1,1
patchy_high,64,3,4000,random_matched,1.0,50,42,random_k,4,5000,1,1
patchy_high,64,3,4050,random_matched,1.0,50,42,random_k,4,5000,2,2
patchy_high,64,3,4100,random_matched,1.0,50,42,random_k,4,5000,0,0
patchy_high,64,3,4150,random_matched,1.0,50,42,random_k,4,5000,3,3
patchy_high,64,3,4200,random_matched,1.0,50,42,random_k,4,5000,1,1
patchy_high,64,3,4250,random_matched,1.0,50,42,random_k,4,5000,3,3
patchy_high,64,3,4300,random_matched,1.0,50,42,random_k,4,5000,3,3
patchy_high,64,3,4350,random_matched,1.0,50,42,random_k,4,5000,3,3
patchy_high,64,3,4400,random_matched,1.0,50,42,random_k,4,5000,0,0
patchy_high,64,3,4450,random_matched,1.0,50,42,random_k,4,5000,3,3
patchy_high,64,3,4500,random_matched,1.0,50,42,random_k,4,5000,2,2
patchy_high,64,3,4550,random_matched,1.0,50,42,random_k,4,5000,1,1
patchy_high,64,3,4600,random_matched,1.0,50,42,random_k,4,5000,0,0
patchy_high,64,3,4650,random_matched,1.0,50,42,random_k,4,5000,3,3
patchy_high,64,3,4700,random_matched,1.0,50,42,random_k,4,5000,1,1
patchy_high,64,3,4750,random_matched,1.0,50,42,random_k,4,5000,2,2
patchy_high,64,3,4800,random_matched,1.0,50,42,random_k,4,5000,1,1
patchy_high,64,3,4850,random_matched,1.0,50,42,random_k,4,5000,2,2
patchy_high,64,3,4900,random_matched,1.0,50,42,random_k,4,5000,2,2
patchy_high,64,3,4950,random_matched,1.0,50,42,random_k,4,5000,1,1
patchy_high,64,3,5000,random_matched,1.0,50,42,random_k,4,5000,2,2
split_high_low,32,3,50,random_matched,1.0,50,42,random_k,4,5000,0,0
split_high_low,32,3,100,random_matched,1.0,50,42,random_k,4,5000,1,1
split_high_low,32,3,150,random_matched,1.0,50,42,random_k,4,5000,0,0
split_high_low,32,3,200,random_matched,1.0,50,42,random_k,4,5000,1,1
split_high_low,32,3,250,random_matched,1.0,50,42,random_k,4,5000,1,1
split_high_low,32,3,300,random_matched,1.0,50,42,random_k,4,5000,1,1
split_high_low,32,3,350,random_matched,1.0,50,42,random_k,4,5000,0,0
split_high_low,32,3,400,random_matched,1.0,50,42,random_k,4,5000,0,0
split_high_low,32,3,450,random_matched,1.0,50,42,random_k,4,5000,0,0
split_high_low,32,3,500,random_matched,1.0,50,42,random_k,4,5000,2,2
split_high_low,32,3,550,random_matched,1.0,50,42,random_k,4,5000,0,0
split_high_low,32,3,600,random_matched,1.0,50,42,random_k,4,5000,0,0
split_high_low,32,3,650,random_matched,1.0,50,42,random_k,4,5000,0,0
split_high_low,32,3,700,random_matched,1.0,50,42,random_k,4,5000,0,0
split_high_low,32,3,750,random_matched,1.0,50,42,random_k,4,5000,1,1
split_high_low,32,3,800,random_matched,1.0,50,42,random_k,4,5000,1,1
split_high_low,32,3,850,random_matched,1.0,50,42,random_k,4,5000,2,2
split_high_low,32,3,900,random_matched,1.0,50,42,random_k,4,5000,2,2
split_high_low,32,3,950,random_matched,1.0,50,42,random_k,4,5000,0,0
split_high_low,32,3,1000,random_matched,1.0,50,42,random_k,4,5000,1,1
split_high_low,32,3,1050,random_matched,1.0,50,42,random_k,4,5000,0,0
split_high_low,32,3,1100,random_matched,1.0,50,42,random_k,4,5000,0,0
split_high_low,32,3,1150,random_matched,1.0,50,42,random_k,4,5000,1,1
split_high_low,32,3,1200,random_matched,1.0,50,42,random_k,4,5000,1,1
split_high_low,32,3,1250,random_matched,1.0,50,42,random_k,4,5000,1,1
split_high_low,32,3,1300,random_matched,1.0,50,42,random_k,4,5000,1,1
split_high_low,32,3,1350,random_matched,1.0,50,42,random_k,4,5000,1,1
split_high_low,32,3,1400,random_matched,1.0,50,42,random_k,4,5000,1,1
split_high_low,32,3,1450,random_matched,1.0,50,42,random_k,4,5000,2,2
split_high_low,32,3,1500,random_matched,1.0,50,42,random_k,4,5000,1,1
split_high_low,32,3,1550,random_matched,1.0,50,42,random_k,4,5000,0,0
split_high_low,32,3,1600,random_matched,1.0,50,42,random_k,4,5000,1,1
split_high_low,32,3,1650,random_matched,1.0,50,42,random_k,4,5000,1,1
split_high_low,32,3,1700,random_matched,1.0,50,42,random_k,4,5000,0,0
split_high_low,32,3,1750,random_matched,1.0,50,42,random_k,4,5000,0,0
split_high_low,32,3,1800,random_matched,1.0,50,42,random_k,4,5000,0,0
split_high_low,32,3,1850,random_matched,1.0,50,42,random_k,4,5000,0,0
split_high_low,32,3,1900,random_matched,1.0,50,42,random_k,4,5000,2,2
split_high_low,32,3,1950,random_matched,1.0,50,42,random_k,4,5000,2,2
split_high_low,32,3,2000,random_matched,1.0,50,42,random_k,4,5000,1,1
split_high_low,32,3,2050,random_matched,1.0,50,42,random_k,4,5000,0,0
split_high_low,32,3,2100,random_matched,1.0,50,42,random_k,4,5000,0,0
split_high_low,32,3,2150,random_matched,1.0,50,42,random_k,4,5000,2,2
split_high_low,32,3,2200,random_matched,1.0,50,42,random_k,4,5000,1,1
split_high_low,32,3,2250,random_matched,1.0,50,42,random_k,4,5000,0,0
split_high_low,32,3,2300,random_matched,1.0,50,42,random_k,4,5000,1,1
split_high_low,32,3,2350,random_matched,1.0,50,42,random_k,4,5000,1,1
split_high_low,32,3,2400,random_matched,1.0,50,42,random_k,4,5000,0,0
split_high_low,32,3,2450,random_matched,1.0,50,42,random_k,4,5000,0,0
split_high_low,32,3,2500,random_matched,1.0,50,42,random_k,4,5000,0,0
split_high_low,32,3,2550,random_matched,1.0,50,42,random_k,4,5000,0,0
split_high_low,32,3,2600,random_matched,1.0,50,42,random_k,4,5000,0,0
split_high_low,32,3,2650,random_matched,1.0,50,42,random_k,4,5000,2,2
split_high_low,32,3,2700,random_matched,1.0,50,42,random_k,4,5000,0,0
split_high_low,32,3,2750,random_matched,1.0,50,42,random_k,4,5000,0,0
split_high_low,32,3,2800,random_matched,1.0,50,42,random_k,4,5000,0,0
split_high_low,32,3,2850,random_matched,1.0,50,42,random_k,4,5000,1,1
split_high_low,32,3,2900,random_matched,1.0,50,42,random_k,4,5000,0,0
split_high_low,32,3,2950,random_matched,1.0,50,42,random_k,4,5000,0,0
split_high_low,32,3,3000,random_matched,1.0,50,42,random_k,4,5000,1,1
split_high_low,32,3,3050,random_matched,1.0,50,42,random_k,4,5000,0,0
split_high_low,32,3,3100,random_matched,1.0,50,42,random_k,4,5000,1,1
split_high_low,32,3,3150,random_matched,1.0,50,42,random_k,4,5000,0,0
split_high_low,32,3,3200,random_matched,1.0,50,42,random_k,4,5000,1,1
split_high_low,32,3,3250,random_matched,1.0,50,42,random_k,4,5000,1,1
split_high_low,32,3,3300,random_matched,1.0,50,42,random_k,4,5000,0,0
split_high_low,32,3,3350,random_matched,1.0,50,42,random_k,4,5000,0,0
split_high_low,32,3,3400,random_matched,1.0,50,42,random_k,4,5000,0,0
split_high_low,32,3,3450,random_matched,1.0,50,42,random_k,4,5000,0,0
split_high_low,32,3,3500,random_matched,1.0,50,42,random_k,4,5000,0,0
split_high_low,32,3,3550,random_matched,1.0,50,42,random_k,4,5000,0,0
split_high_low,32,3,3600,random_matched,1.0,50,42,random_k,4,5000,0,0
split_high_low,32,3,3650,random_matched,1.0,50,42,random_k,4,5000,1,1
split_high_low,32,3,3700,random_matched,1.0,50,42,random_k,4,5000,0,0
split_high_low,32,3,3750,random_matched,1.0,50,42,random_k,4,5000,1,1
split_high_low,32,3,3800,random_matched,1.0,50,42,random_k,4,5000,1,1
split_high_low,32,3,3850,random_matched,1.0,50,42,random_k,4,5000,1,1
split_high_low,32,3,3900,random_matched,1.0,50,42,random_k,4,5000,0,0
split_high_low,32,3,3950,random_matched,1.0,50,42,random_k,4,5000,0,0
split_high_low,32,3,4000,random_matched,1.0,50,42,random_k,4,5000,0,0
split_high_low,32,3,4050,random_matched,1.0,50,42,random_k,4,5000,0,0
split_high_low,32,3,4100,random_matched,1.0,50,42,random_k,4,5000,0,0
split_high_low,32,3,4150,random_matched,1.0,50,42,random_k,4,5000,0,0
split_high_low,32,3,4200,random_matched,1.0,50,42,random_k,4,5000,0,0
split_high_low,32,3,4250,random_matched,1.0,50,42,random_k,4,5000,0,0
split_high_low,32,3,4300,random_matched,1.0,50,42,random_k,4,5000,0,0
split_high_low,32,3,4350,random_matched,1.0,50,42,random_k,4,5000,0,0
split_high_low,32,3,4400,random_matched,1.0,50,42,random_k,4,5000,0,0
split_high_low,32,3,4450,random_matched,1.0,50,42,random_k,4,5000,0,0
split_high_low,32,3,4500,random_matched,1.0,50,42,random_k,4,5000,0,0
split_high_low,32,3,4550,random_matched,1.0,50,42,random_k,4,5000,0,0
split_high_low,32,3,4600,random_matched,1.0,50,42,random_k,4,5000,0,0
split_high_low,32,3,4650,random_matched,1.0,50,42,random_k,4,5000,0,0
split_high_low,32,3,4700,random_matched,1.0,50,42,random_k,4,5000,0,0
split_high_low,32,3,4750,random_matched,1.0,50,42,random_k,4,5000,0,0
split_high_low,32,3,4800,random_matched,1.0,50,42,random_k,4,5000,0,0
split_high_low,32,3,4850,random_matched,1.0,50,42,random_k,4,5000,0,0
split_high_low,32,3,4900,random_matched,1.0,50,42,random_k,4,5000,0,0
split_high_low,32,3,4950,random_matched,1.0,50,42,random_k,4,5000,0,0
split_high_low,32,3,5000,random_matched,1.0,50,42,random_k,4,5000,0,0
split_high_low,64,3,50,random_matched,1.0,50,42,random_k,4,5000,0,0
split_high_low,64,3,100,random_matched,1.0,50,42,random_k,4,5000,1,1
split_high_low,64,3,150,random_matched,1.0,50,42,random_k,4,5000,0,0
split_high_low,64,3,200,random_matched,1.0,50,42,random_k,4,5000,2,2
split_high_low,64,3,250,random_matched,1.0,50,42,random_k,4,5000,3,3
split_high_low,64,3,300,random_matched,1.0,50,42,random_k,4,5000,1,1
split_high_low,64,3,350,random_matched,1.0,50,42,random_k,4,5000,1,1
split_high_low,64,3,400,random_matched,1.0,50,42,random_k,4,5000,0,0
split_high_low,64,3,450,random_matched,1.0,50,42,random_k,4,5000,1,1
split_high_low,64,3,500,random_matched,1.0,50,42,random_k,4,5000,1,1
split_high_low,64,3,550,random_matched,1.0,50,42,random_k,4,5000,2,2
split_high_low,64,3,600,random_matched,1.0,50,42,random_k,4,5000,1,1
split_high_low,64,3,650,random_matched,1.0,50,42,random_k,4,5000,0,0
split_high_low,64,3,700,random_matched,1.0,50,42,random_k,4,5000,3,3
split_high_low,64,3,750,random_matched,1.0,50,42,random_k,4,5000,2,2
split_high_low,64,3,800,random_matched,1.0,50,42,random_k,4,5000,3,3
split_high_low,64,3,850,random_matched,1.0,50,42,random_k,4,5000,2,2
split_high_low,64,3,900,random_matched,1.0,50,42,random_k,4,5000,2,2
split_high_low,64,3,950,random_matched,1.0,50,42,random_k,4,5000,5,5
split_high_low,64,3,1000,random_matched,1.0,50,42,random_k,4,5000,5,5
split_high_low,64,3,1050,random_matched,1.0,50,42,random_k,4,5000,3,3
split_high_low,64,3,1100,random_matched,1.0,50,42,random_k,4,5000,3,3
split_high_low,64,3,1150,random_matched,1.0,50,42,random_k,4,5000,2,2
split_high_low,64,3,1200,random_matched,1.0,50,42,random_k,4,5000,1,1
split_high_low,64,3,1250,random_matched,1.0,50,42,random_k,4,5000,0,0
split_high_low,64,3,1300,random_matched,1.0,50,42,random_k,4,5000,2,2
split_high_low,64,3,1350,random_matched,1.0,50,42,random_k,4,5000,5,5
split_high_low,64,3,1400,random_matched,1.0,50,42,random_k,4,5000,0,0
split_high_low,64,3,1450,random_matched,1.0,50,42,random_k,4,5000,5,5
split_high_low,64,3,1500,random_matched,1.0,50,42,random_k,4,5000,0,0
split_high_low,64,3,1550,random_matched,1.0,50,42,random_k,4,5000,3,3
split_high_low,64,3,1600,random_matched,1.0,50,42,random_k,4,5000,1,1
split_high_low,64,3,1650,random_matched,1.0,50,42,random_k,4,5000,4,4
split_high_low,64,3,1700,random_matched,1.0,50,42,random_k,4,5000,3,3
split_high_low,64,3,1750,random_matched,1.0,50,42,random_k,4,5000,3,3
split_high_low,64,3,1800,random_matched,1.0,50,42,random_k,4,5000,2,2
split_high_low,64,3,1850,random_matched,1.0,50,42,random_k,4,5000,1,1
split_high_low,64,3,1900,random_matched,1.0,50,42,random_k,4,5000,0,0
split_high_low,64,3,1950,random_matched,1.0,50,42,random_k,4,5000,0,0
split_high_low,64,3,2000,random_matched,1.0,50,42,random_k,4,5000,3,3
split_high_low,64,3,2050,random_matched,1.0,50,42,random_k,4,5000,1,1
split_high_low,64,3,2100,random_matched,1.0,50,42,random_k,4,5000,4,4
split_high_low,64,3,2150,random_matched,1.0,50,42,random_k,4,5000,3,3
split_high_low,64,3,2200,random_matched,1.0,50,42,random_k,4,5000,1,1
split_high_low,64,3,2250,random_matched,1.0,50,42,random_k,4,5000,2,2
split_high_low,64,3,2300,random_matched,1.0,50,42,random_k,4,5000,1,1
split_high_low,64,3,2350,random_matched,1.0,50,42,random_k,4,5000,1,1
split_high_low,64,3,2400,random_matched,1.0,50,42,random_k,4,5000,2,2
split_high_low,64,3,2450,random_matched,1.0,50,42,random_k,4,5000,3,3
split_high_low,64,3,2500,random_matched,1.0,50,42,random_k,4,5000,1,1
split_high_low,64,3,2550,random_matched,1.0,50,42,random_k,4,5000,2,2
split_high_low,64,3,2600,random_matched,1.0,50,42,random_k,4,5000,5,5
split_high_low,64,3,2650,random_matched,1.0,50,42,random_k,4,5000,1,1
split_high_low,64,3,2700,random_matched,1.0,50,42,random_k,4,5000,2,2
split_high_low,64,3,2750,random_matched,1.0,50,42,random_k,4,5000,3,3
split_high_low,64,3,2800,random_matched,1.0,50,42,random_k,4,5000,2,2
split_high_low,64,3,2850,random_matched,1.0,50,42,random_k,4,5000,4,4
split_high_low,64,3,2900,random_matched,1.0,50,42,random_k,4,5000,1,1
split_high_low,64,3,2950,random_matched,1.0,50,42,random_k,4,5000,3,3
split_high_low,64,3,3000,random_matched,1.0,50,42,random_k,4,5000,1,1
split_high_low,64,3,3050,random_matched,1.0,50,42,random_k,4,5000,3,3
split_high_low,64,3,3100,random_matched,1.0,50,42,random_k,4,5000,2,2
split_high_low,64,3,3150,random_matched,1.0,50,42,random_k,4,5000,2,2
split_high_low,64,3,3200,random_matched,1.0,50,42,random_k,4,5000,3,3
split_high_low,64,3,3250,random_matched,1.0,50,42,random_k,4,5000,0,0
split_high_low,64,3,3300,random_matched,1.0,50,42,random_k,4,5000,2,2
split_high_low,64,3,3350,random_matched,1.0,50,42,random_k,4,5000,1,1
split_high_low,64,3,3400,random_matched,1.0,50,42,random_k,4,5000,4,4
split_high_low,64,3,3450,random_matched,1.0,50,42,random_k,4,5000,0,0
split_high_low,64,3,3500,random_matched,1.0,50,42,random_k,4,5000,3,3
split_high_low,64,3,3550,random_matched,1.0,50,42,random_k,4,5000,0,0
split_high_low,64,3,3600,random_matched,1.0,50,42,random_k,4,5000,2,2
split_high_low,64,3,3650,random_matched,1.0,50,42,random_k,4,5000,4,4
split_high_low,64,3,3700,random_matched,1.0,50,42,random_k,4,5000,4,4
split_high_low,64,3,3750,random_matched,1.0,50,42,random_k,4,5000,3,3
split_high_low,64,3,3800,random_matched,1.0,50,42,random_k,4,5000,2,2
split_high_low,64,3,3850,random_matched,1.0,50,42,random_k,4,5000,0,0
split_high_low,64,3,3900,random_matched,1.0,50,42,random_k,4,5000,5,5
split_high_low,64,3,3950,random_matched,1.0,50,42,random_k,4,5000,1,1
split_high_low,64,3,4000,random_matched,1.0,50,42,random_k,4,5000,2,2
split_high_low,64,3,4050,random_matched,1.0,50,42,random_k,4,5000,2,2
split_high_low,64,3,4100,random_matched,1.0,50,42,random_k,4,5000,1,1
split_high_low,64,3,4150,random_matched,1.0,50,42,random_k,4,5000,2,2
split_high_low,64,3,4200,random_matched,1.0,50,42,random_k,4,5000,3,3
split_high_low,64,3,4250,random_matched,1.0,50,42,random_k,4,5000,1,1
split_high_low,64,3,4300,random_matched,1.0,50,42,random_k,4,5000,2,2
split_high_low,64,3,4350,random_matched,1.0,50,42,random_k,4,5000,3,3
split_high_low,64,3,4400,random_matched,1.0,50,42,random_k,4,5000,1,1
split_high_low,64,3,4450,random_matched,1.0,50,42,random_k,4,5000,1,1
split_high_low,64,3,4500,random_matched,1.0,50,42,random_k,4,5000,0,0
split_high_low,64,3,4550,random_matched,1.0,50,42,random_k,4,5000,3,3
split_high_low,64,3,4600,random_matched,1.0,50,42,random_k,4,5000,1,1
split_high_low,64,3,4650,random_matched,1.0,50,42,random_k,4,5000,2,2
split_high_low,64,3,4700,random_matched,1.0,50,42,random_k,4,5000,0,0
split_high_low,64,3,4750,random_matched,1.0,50,42,random_k,4,5000,1,1
split_high_low,64,3,4800,random_matched,1.0,50,42,random_k,4,5000,1,1
split_high_low,64,3,4850,random_matched,1.0,50,42,random_k,4,5000,2,2
split_high_low,64,3,4900,random_matched,1.0,50,42,random_k,4,5000,1,1
split_high_low,64,3,4950,random_matched,1.0,50,42,random_k,4,5000,1,1
split_high_low,64,3,5000,random_matched,1.0,50,42,random_k,4,5000,0,0
uniform_high,32,4,50,random_matched,1.0,50,42,random_k,4,5000,0,0
uniform_high,32,4,100,random_matched,1.0,50,42,random_k,4,5000,1,1
uniform_high,32,4,150,random_matched,1.0,50,42,random_k,4,5000,0,0
uniform_high,32,4,200,random_matched,1.0,50,42,random_k,4,5000,1,1
uniform_high,32,4,250,random_matched,1.0,50,42,random_k,4,5000,1,1
uniform_high,32,4,300,random_matched,1.0,50,42,random_k,4,5000,1,1
uniform_high,32,4,350,random_matched,1.0,50,42,random_k,4,5000,1,1
uniform_high,32,4,400,random_matched,1.0,50,42,random_k,4,5000,2,2
uniform_high,32,4,450,random_matched,1.0,50,42,random_k,4,5000,1,1
uniform_high,32,4,500,random_matched,1.0,50,42,random_k,4,5000,1,1
uniform_high,32,4,550,random_matched,1.0,50,42,random_k,4,5000,1,1
uniform_high,32,4,600,random_matched,1.0,50,42,random_k,4,5000,0,0
uniform_high,32,4,650,random_matched,1.0,50,42,random_k,4,5000,1,1
uniform_high,32,4,700,random_matched,1.0,50,42,random_k,4,5000,2,2
uniform_high,32,4,750,random_matched,1.0,50,42,random_k,4,5000,0,0
uniform_high,32,4,800,random_matched,1.0,50,42,random_k,4,5000,2,2
uniform_high,32,4,850,random_matched,1.0,50,42,random_k,4,5000,1,1
uniform_high,32,4,900,random_matched,1.0,50,42,random_k,4,5000,1,1
uniform_high,32,4,950,random_matched,1.0,50,42,random_k,4,5000,1,1
uniform_high,32,4,1000,random_matched,1.0,50,42,random_k,4,5000,0,0
uniform_high,32,4,1050,random_matched,1.0,50,42,random_k,4,5000,1,1
uniform_high,32,4,1100,random_matched,1.0,50,42,random_k,4,5000,1,1
uniform_high,32,4,1150,random_matched,1.0,50,42,random_k,4,5000,1,1
uniform_high,32,4,1200,random_matched,1.0,50,42,random_k,4,5000,1,1
uniform_high,32,4,1250,random_matched,1.0,50,42,random_k,4,5000,1,1
uniform_high,32,4,1300,random_matched,1.0,50,42,random_k,4,5000,1,1
uniform_high,32,4,1350,random_matched,1.0,50,42,random_k,4,5000,1,1
uniform_high,32,4,1400,random_matched,1.0,50,42,random_k,4,5000,2,2
uniform_high,32,4,1450,random_matched,1.0,50,42,random_k,4,5000,0,0
uniform_high,32,4,1500,random_matched,1.0,50,42,random_k,4,5000,0,0
uniform_high,32,4,1550,random_matched,1.0,50,42,random_k,4,5000,1,1
uniform_high,32,4,1600,random_matched,1.0,50,42,random_k,4,5000,0,0
uniform_high,32,4,1650,random_matched,1.0,50,42,random_k,4,5000,0,0
uniform_high,32,4,1700,random_matched,1.0,50,42,random_k,4,5000,0,0
uniform_high,32,4,1750,random_matched,1.0,50,42,random_k,4,5000,1,1
uniform_high,32,4,1800,random_matched,1.0,50,42,random_k,4,5000,1,1
uniform_high,32,4,1850,random_matched,1.0,50,42,random_k,4,5000,0,0
uniform_high,32,4,1900,random_matched,1.0,50,42,random_k,4,5000,2,2
uniform_high,32,4,1950,random_matched,1.0,50,42,random_k,4,5000,0,0
uniform_high,32,4,2000,random_matched,1.0,50,42,random_k,4,5000,0,0
uniform_high,32,4,2050,random_matched,1.0,50,42,random_k,4,5000,0,0
uniform_high,32,4,2100,random_matched,1.0,50,42,random_k,4,5000,0,0
uniform_high,32,4,2150,random_matched,1.0,50,42,random_k,4,5000,0,0
uniform_high,32,4,2200,random_matched,1.0,50,42,random_k,4,5000,0,0
uniform_high,32,4,2250,random_matched,1.0,50,42,random_k,4,5000,0,0
uniform_high,32,4,2300,random_matched,1.0,50,42,random_k,4,5000,0,0
uniform_high,32,4,2350,random_matched,1.0,50,42,random_k,4,5000,2,2
uniform_high,32,4,2400,random_matched,1.0,50,42,random_k,4,5000,1,1
uniform_high,32,4,2450,random_matched,1.0,50,42,random_k,4,5000,0,0
uniform_high,32,4,2500,random_matched,1.0,50,42,random_k,4,5000,0,0
uniform_high,32,4,2550,random_matched,1.0,50,42,random_k,4,5000,1,1
uniform_high,32,4,2600,random_matched,1.0,50,42,random_k,4,5000,1,1
uniform_high,32,4,2650,random_matched,1.0,50,42,random_k,4,5000,1,1
uniform_high,32,4,2700,random_matched,1.0,50,42,random_k,4,5000,1,1
uniform_high,32,4,2750,random_matched,1.0,50,42,random_k,4,5000,1,1
uniform_high,32,4,2800,random_matched,1.0,50,42,random_k,4,5000,2,2
uniform_high,32,4,2850,random_matched,1.0,50,42,random_k,4,5000,0,0
uniform_high,32,4,2900,random_matched,1.0,50,42,random_k,4,5000,0,0
uniform_high,32,4,2950,random_matched,1.0,50,42,random_k,4,5000,1,1
uniform_high,32,4,3000,random_matched,1.0,50,42,random_k,4,5000,0,0
uniform_high,32,4,3050,random_matched,1.0,50,42,random_k,4,5000,1,1
uniform_high,32,4,3100,random_matched,1.0,50,42,random_k,4,5000,0,0
uniform_high,32,4,3150,random_matched,1.0,50,42,random_k,4,5000,0,0
uniform_high,32,4,3200,random_matched,1.0,50,42,random_k,4,5000,0,0
uniform_high,32,4,3250,random_matched,1.0,50,42,random_k,4,5000,0,0
uniform_high,32,4,3300,random_matched,1.0,50,42,random_k,4,5000,0,0
uniform_high,32,4,3350,random_matched,1.0,50,42,random_k,4,5000,0,0
uniform_high,32,4,3400,random_matched,1.0,50,42,random_k,4,5000,0,0
uniform_high,32,4,3450,random_matched,1.0,50,42,random_k,4,5000,0,0
uniform_high,32,4,3500,random_matched,1.0,50,42,random_k,4,5000,1,1
uniform_high,32,4,3550,random_matched,1.0,50,42,random_k,4,5000,2,2
uniform_high,32,4,3600,random_matched,1.0,50,42,random_k,4,5000,2,2
uniform_high,32,4,3650,random_matched,1.0,50,42,random_k,4,5000,0,0
uniform_high,32,4,3700,random_matched,1.0,50,42,random_k,4,5000,0,0
uniform_high,32,4,3750,random_matched,1.0,50,42,random_k,4,5000,0,0
uniform_high,32,4,3800,random_matched,1.0,50,42,random_k,4,5000,0,0
uniform_high,32,4,3850,random_matched,1.0,50,42,random_k,4,5000,0,0
uniform_high,32,4,3900,random_matched,1.0,50,42,random_k,4,5000,0,0
uniform_high,32,4,3950,random_matched,1.0,50,42,random_k,4,5000,1,1
uniform_high,32,4,4000,random_matched,1.0,50,42,random_k,4,5000,0,0
uniform_high,32,4,4050,random_matched,1.0,50,42,random_k,4,5000,0,0
uniform_high,32,4,4100,random_matched,1.0,50,42,random_k,4,5000,0,0
uniform_high,32,4,4150,random_matched,1.0,50,42,random_k,4,5000,0,0
uniform_high,32,4,4200,random_matched,1.0,50,42,random_k,4,5000,0,0
uniform_high,32,4,4250,random_matched,1.0,50,42,random_k,4,5000,0,0
uniform_high,32,4,4300,random_matched,1.0,50,42,random_k,4,5000,0,0
uniform_high,32,4,4350,random_matched,1.0,50,42,random_k,4,5000,0,0
uniform_high,32,4,4400,random_matched,1.0,50,42,random_k,4,5000,0,0
uniform_high,32,4,4450,random_matched,1.0,50,42,random_k,4,5000,0,0
uniform_high,32,4,4500,random_matched,1.0,50,42,random_k,4,5000,0,0
uniform_high,32,4,4550,random_matched,1.0,50,42,random_k,4,5000,0,0
uniform_high,32,4,4600,random_matched,1.0,50,42,random_k,4,5000,0,0
uniform_high,32,4,4650,random_matched,1.0,50,42,random_k,4,5000,0,0
uniform_high,32,4,4700,random_matched,1.0,50,42,random_k,4,5000,0,0
uniform_high,32,4,4750,random_matched,1.0,50,42,random_k,4,5000,0,0
uniform_high,32,4,4800,random_matched,1.0,50,42,random_k,4,5000,0,0
uniform_high,32,4,4850,random_matched,1.0,50,42,random_k,4,5000,0,0
uniform_high,32,4,4900,random_matched,1.0,50,42,random_k,4,5000,0,0
uniform_high,32,4,4950,random_matched,1.0,50,42,random_k,4,5000,0,0
uniform_high,32,4,5000,random_matched,1.0,50,42,random_k,4,5000,0,0
uniform_high,64,4,50,random_matched,1.0,50,42,random_k,4,5000,0,0
uniform_high,64,4,100,random_matched,1.0,50,42,random_k,4,5000,2,2
uniform_high,64,4,150,random_matched,1.0,50,42,random_k,4,5000,2,2
uniform_high,64,4,200,random_matched,1.0,50,42,random_k,4,5000,0,0
uniform_high,64,4,250,random_matched,1.0,50,42,random_k,4,5000,1,1
uniform_high,64,4,300,random_matched,1.0,50,42,random_k,4,5000,0,0
uniform_high,64,4,350,random_matched,1.0,50,42,random_k,4,5000,2,2
uniform_high,64,4,400,random_matched,1.0,50,42,random_k,4,5000,1,1
uniform_high,64,4,450,random_matched,1.0,50,42,random_k,4,5000,2,2
uniform_high,64,4,500,random_matched,1.0,50,42,random_k,4,5000,2,2
uniform_high,64,4,550,random_matched,1.0,50,42,random_k,4,5000,2,2
uniform_high,64,4,600,random_matched,1.0,50,42,random_k,4,5000,0,0
uniform_high,64,4,650,random_matched,1.0,50,42,random_k,4,5000,2,2
uniform_high,64,4,700,random_matched,1.0,50,42,random_k,4,5000,1,1
uniform_high,64,4,750,random_matched,1.0,50,42,random_k,4,5000,3,3
uniform_high,64,4,800,random_matched,1.0,50,42,random_k,4,5000,2,2
uniform_high,64,4,850,random_matched,1.0,50,42,random_k,4,5000,1,1
uniform_high,64,4,900,random_matched,1.0,50,42,random_k,4,5000,1,1
uniform_high,64,4,950,random_matched,1.0,50,42,random_k,4,5000,0,0
uniform_high,64,4,1000,random_matched,1.0,50,42,random_k,4,5000,1,1
uniform_high,64,4,1050,random_matched,1.0,50,42,random_k,4,5000,0,0
uniform_high,64,4,1100,random_matched,1.0,50,42,random_k,4,5000,1,1
uniform_high,64,4,1150,random_matched,1.0,50,42,random_k,4,5000,0,0
uniform_high,64,4,1200,random_matched,1.0,50,42,random_k,4,5000,2,2
uniform_high,64,4,1250,random_matched,1.0,50,42,random_k,4,5000,2,2
uniform_high,64,4,1300,random_matched,1.0,50,42,random_k,4,5000,4,4
uniform_high,64,4,1350,random_matched,1.0,50,42,random_k,4,5000,1,1
uniform_high,64,4,1400,random_matched,1.0,50,42,random_k,4,5000,0,0
uniform_high,64,4,1450,random_matched,1.0,50,42,random_k,4,5000,1,1
uniform_high,64,4,1500,random_matched,1.0,50,42,random_k,4,5000,4,4
uniform_high,64,4,1550,random_matched,1.0,50,42,random_k,4,5000,0,0
uniform_high,64,4,1600,random_matched,1.0,50,42,random_k,4,5000,2,2
uniform_high,64,4,1650,random_matched,1.0,50,42,random_k,4,5000,1,1
uniform_high,64,4,1700,random_matched,1.0,50,42,random_k,4,5000,1,1
uniform_high,64,4,1750,random_matched,1.0,50,42,random_k,4,5000,1,1
uniform_high,64,4,1800,random_matched,1.0,50,42,random_k,4,5000,1,1
uniform_high,64,4,1850,random_matched,1.0,50,42,random_k,4,5000,1,1
uniform_high,64,4,1900,random_matched,1.0,50,42,random_k,4,5000,2,2
uniform_high,64,4,1950,random_matched,1.0,50,42,random_k,4,5000,0,0
uniform_high,64,4,2000,random_matched,1.0,50,42,random_k,4,5000,1,1
uniform_high,64,4,2050,random_matched,1.0,50,42,random_k,4,5000,3,3
uniform_high,64,4,2100,random_matched,1.0,50,42,random_k,4,5000,0,0
uniform_high,64,4,2150,random_matched,1.0,50,42,random_k,4,5000,1,1
uniform_high,64,4,2200,random_matched,1.0,50,42,random_k,4,5000,1,1
uniform_high,64,4,2250,random_matched,1.0,50,42,random_k,4,5000,0,0
uniform_high,64,4,2300,random_matched,1.0,50,42,random_k,4,5000,0,0
uniform_high,64,4,2350,random_matched,1.0,50,42,random_k,4,5000,0,0
uniform_high,64,4,2400,random_matched,1.0,50,42,random_k,4,5000,0,0
uniform_high,64,4,2450,random_matched,1.0,50,42,random_k,4,5000,1,1
uniform_high,64,4,2500,random_matched,1.0,50,42,random_k,4,5000,2,2
uniform_high,64,4,2550,random_matched,1.0,50,42,random_k,4,5000,0,0
uniform_high,64,4,2600,random_matched,1.0,50,42,random_k,4,5000,1,1
uniform_high,64,4,2650,random_matched,1.0,50,42,random_k,4,5000,1,1
uniform_high,64,4,2700,random_matched,1.0,50,42,random_k,4,5000,0,0
uniform_high,64,4,2750,random_matched,1.0,50,42,random_k,4,5000,1,1
uniform_high,64,4,2800,random_matched,1.0,50,42,random_k,4,5000,0,0
uniform_high,64,4,2850,random_matched,1.0,50,42,random_k,4,5000,1,1
uniform_high,64,4,2900,random_matched,1.0,50,42,random_k,4,5000,2,2
uniform_high,64,4,2950,random_matched,1.0,50,42,random_k,4,5000,2,2
uniform_high,64,4,3000,random_matched,1.0,50,42,random_k,4,5000,0,0
uniform_high,64,4,3050,random_matched,1.0,50,42,random_k,4,5000,1,1
uniform_high,64,4,3100,random_matched,1.0,50,42,random_k,4,5000,0,0
uniform_high,64,4,3150,random_matched,1.0,50,42,random_k,4,5000,1,1
uniform_high,64,4,3200,random_matched,1.0,50,42,random_k,4,5000,1,1
uniform_high,64,4,3250,random_matched,1.0,50,42,random_k,4,5000,3,3
uniform_high,64,4,3300,random_matched,1.0,50,42,random_k,4,5000,2,2
uniform_high,64,4,3350,random_matched,1.0,50,42,random_k,4,5000,3,3
uniform_high,64,4,3400,random_matched,1.0,50,42,random_k,4,5000,2,2
uniform_high,64,4,3450,random_matched,1.0,50,42,random_k,4,5000,1,1
uniform_high,64,4,3500,random_matched,1.0,50,42,random_k,4,5000,0,0
uniform_high,64,4,3550,random_matched,1.0,50,42,random_k,4,5000,1,1
uniform_high,64,4,3600,random_matched,1.0,50,42,random_k,4,5000,2,2
uniform_high,64,4,3650,random_matched,1.0,50,42,random_k,4,5000,1,1
uniform_high,64,4,3700,random_matched,1.0,50,42,random_k,4,5000,0,0
uniform_high,64,4,3750,random_matched,1.0,50,42,random_k,4,5000,1,1
uniform_high,64,4,3800,random_matched,1.0,50,42,random_k,4,5000,1,1
uniform_high,64,4,3850,random_matched,1.0,50,42,random_k,4,5000,2,2
uniform_high,64,4,3900,random_matched,1.0,50,42,random_k,4,5000,0,0
uniform_high,64,4,3950,random_matched,1.0,50,42,random_k,4,5000,1,1
uniform_high,64,4,4000,random_matched,1.0,50,42,random_k,4,5000,0,0
uniform_high,64,4,4050,random_matched,1.0,50,42,random_k,4,5000,0,0
uniform_high,64,4,4100,random_matched,1.0,50,42,random_k,4,5000,3,3
uniform_high,64,4,4150,random_matched,1.0,50,42,random_k,4,5000,3,3
uniform_high,64,4,4200,random_matched,1.0,50,42,random_k,4,5000,1,1
uniform_high,64,4,4250,random_matched,1.0,50,42,random_k,4,5000,0,0
uniform_high,64,4,4300,random_matched,1.0,50,42,random_k,4,5000,1,1
uniform_high,64,4,4350,random_matched,1.0,50,42,random_k,4,5000,0,0
uniform_high,64,4,4400,random_matched,1.0,50,42,random_k,4,5000,0,0
uniform_high,64,4,4450,random_matched,1.0,50,42,random_k,4,5000,0,0
uniform_high,64,4,4500,random_matched,1.0,50,42,random_k,4,5000,0,0
uniform_high,64,4,4550,random_matched,1.0,50,42,random_k,4,5000,1,1
uniform_high,64,4,4600,random_matched,1.0,50,42,random_k,4,5000,1,1
uniform_high,64,4,4650,random_matched,1.0,50,42,random_k,4,5000,1,1
uniform_high,64,4,4700,random_matched,1.0,50,42,random_k,4,5000,0,0
uniform_high,64,4,4750,random_matched,1.0,50,42,random_k,4,5000,2,2
uniform_high,64,4,4800,random_matched,1.0,50,42,random_k,4,5000,3,3
uniform_high,64,4,4850,random_matched,1.0,50,42,random_k,4,5000,1,1
uniform_high,64,4,4900,random_matched,1.0,50,42,random_k,4,5000,2,2
uniform_high,64,4,4950,random_matched,1.0,50,42,random_k,4,5000,3,3
uniform_high,64,4,5000,random_matched,1.0,50,42,random_k,4,5000,0,0
patchy_high,32,4,50,random_matched,1.0,50,42,random_k,4,5000,0,0
patchy_high,32,4,100,random_matched,1.0,50,42,random_k,4,5000,1,1
patchy_high,32,4,150,random_matched,1.0,50,42,random_k,4,5000,0,0
patchy_high,32,4,200,random_matched,1.0,50,42,random_k,4,5000,1,1
patchy_high,32,4,250,random_matched,1.0,50,42,random_k,4,5000,1,1
patchy_high,32,4,300,random_matched,1.0,50,42,random_k,4,5000,0,0
patchy_high,32,4,350,random_matched,1.0,50,42,random_k,4,5000,1,1
patchy_high,32,4,400,random_matched,1.0,50,42,random_k,4,5000,1,1
patchy_high,32,4,450,random_matched,1.0,50,42,random_k,4,5000,0,0
patchy_high,32,4,500,random_matched,1.0,50,42,random_k,4,5000,2,2
patchy_high,32,4,550,random_matched,1.0,50,42,random_k,4,5000,0,0
patchy_high,32,4,600,random_matched,1.0,50,42,random_k,4,5000,1,1
patchy_high,32,4,650,random_matched,1.0,50,42,random_k,4,5000,0,0
patchy_high,32,4,700,random_matched,1.0,50,42,random_k,4,5000,0,0
patchy_high,32,4,750,random_matched,1.0,50,42,random_k,4,5000,2,2
patchy_high,32,4,800,random_matched,1.0,50,42,random_k,4,5000,0,0
patchy_high,32,4,850,random_matched,1.0,50,42,random_k,4,5000,2,2
patchy_high,32,4,900,random_matched,1.0,50,42,random_k,4,5000,1,1
patchy_high,32,4,950,random_matched,1.0,50,42,random_k,4,5000,0,0
patchy_high,32,4,1000,random_matched,1.0,50,42,random_k,4,5000,2,2
patchy_high,32,4,1050,random_matched,1.0,50,42,random_k,4,5000,0,0
patchy_high,32,4,1100,random_matched,1.0,50,42,random_k,4,5000,0,0
patchy_high,32,4,1150,random_matched,1.0,50,42,random_k,4,5000,2,2
patchy_high,32,4,1200,random_matched,1.0,50,42,random_k,4,5000,0,0
patchy_high,32,4,1250,random_matched,1.0,50,42,random_k,4,5000,1,1
patchy_high,32,4,1300,random_matched,1.0,50,42,random_k,4,5000,0,0
patchy_high,32,4,1350,random_matched,1.0,50,42,random_k,4,5000,1,1
patchy_high,32,4,1400,random_matched,1.0,50,42,random_k,4,5000,0,0
patchy_high,32,4,1450,random_matched,1.0,50,42,random_k,4,5000,0,0
patchy_high,32,4,1500,random_matched,1.0,50,42,random_k,4,5000,1,1
patchy_high,32,4,1550,random_matched,1.0,50,42,random_k,4,5000,0,0
patchy_high,32,4,1600,random_matched,1.0,50,42,random_k,4,5000,1,1
patchy_high,32,4,1650,random_matched,1.0,50,42,random_k,4,5000,0,0
patchy_high,32,4,1700,random_matched,1.0,50,42,random_k,4,5000,0,0
patchy_high,32,4,1750,random_matched,1.0,50,42,random_k,4,5000,1,1
patchy_high,32,4,1800,random_matched,1.0,50,42,random_k,4,5000,1,1
patchy_high,32,4,1850,random_matched,1.0,50,42,random_k,4,5000,0,0
patchy_high,32,4,1900,random_matched,1.0,50,42,random_k,4,5000,1,1
patchy_high,32,4,1950,random_matched,1.0,50,42,random_k,4,5000,3,3
patchy_high,32,4,2000,random_matched,1.0,50,42,random_k,4,5000,0,0
patchy_high,32,4,2050,random_matched,1.0,50,42,random_k,4,5000,0,0
patchy_high,32,4,2100,random_matched,1.0,50,42,random_k,4,5000,0,0
patchy_high,32,4,2150,random_matched,1.0,50,42,random_k,4,5000,0,0
patchy_high,32,4,2200,random_matched,1.0,50,42,random_k,4,5000,1,1
patchy_high,32,4,2250,random_matched,1.0,50,42,random_k,4,5000,0,0
patchy_high,32,4,2300,random_matched,1.0,50,42,random_k,4,5000,0,0
patchy_high,32,4,2350,random_matched,1.0,50,42,random_k,4,5000,0,0
patchy_high,32,4,2400,random_matched,1.0,50,42,random_k,4,5000,0,0
patchy_high,32,4,2450,random_matched,1.0,50,42,random_k,4,5000,1,1
patchy_high,32,4,2500,random_matched,1.0,50,42,random_k,4,5000,1,1
patchy_high,32,4,2550,random_matched,1.0,50,42,random_k,4,5000,2,2
patchy_high,32,4,2600,random_matched,1.0,50,42,random_k,4,5000,0,0
patchy_high,32,4,2650,random_matched,1.0,50,42,random_k,4,5000,0,0
patchy_high,32,4,2700,random_matched,1.0,50,42,random_k,4,5000,0,0
patchy_high,32,4,2750,random_matched,1.0,50,42,random_k,4,5000,0,0
patchy_high,32,4,2800,random_matched,1.0,50,42,random_k,4,5000,0,0
patchy_high,32,4,2850,random_matched,1.0,50,42,random_k,4,5000,0,0
patchy_high,32,4,2900,random_matched,1.0,50,42,random_k,4,5000,0,0
patchy_high,32,4,2950,random_matched,1.0,50,42,random_k,4,5000,0,0
patchy_high,32,4,3000,random_matched,1.0,50,42,random_k,4,5000,0,0
patchy_high,32,4,3050,random_matched,1.0,50,42,random_k,4,5000,0,0
patchy_high,32,4,3100,random_matched,1.0,50,42,random_k,4,5000,0,0
patchy_high,32,4,3150,random_matched,1.0,50,42,random_k,4,5000,0,0
patchy_high,32,4,3200,random_matched,1.0,50,42,random_k,4,5000,0,0
patchy_high,32,4,3250,random_matched,1.0,50,42,random_k,4,5000,0,0
patchy_high,32,4,3300,random_matched,1.0,50,42,random_k,4,5000,0,0
patchy_high,32,4,3350,random_matched,1.0,50,42,random_k,4,5000,2,2
patchy_high,32,4,3400,random_matched,1.0,50,42,random_k,4,5000,0,0
patchy_high,32,4,3450,random_matched,1.0,50,42,random_k,4,5000,0,0
patchy_high,32,4,3500,random_matched,1.0,50,42,random_k,4,5000,0,0
patchy_high,32,4,3550,random_matched,1.0,50,42,random_k,4,5000,1,1
patchy_high,32,4,3600,random_matched,1.0,50,42,random_k,4,5000,0,0
patchy_high,32,4,3650,random_matched,1.0,50,42,random_k,4,5000,0,0
patchy_high,32,4,3700,random_matched,1.0,50,42,random_k,4,5000,0,0
patchy_high,32,4,3750,random_matched,1.0,50,42,random_k,4,5000,0,0
patchy_high,32,4,3800,random_matched,1.0,50,42,random_k,4,5000,0,0
patchy_high,32,4,3850,random_matched,1.0,50,42,random_k,4,5000,0,0
patchy_high,32,4,3900,random_matched,1.0,50,42,random_k,4,5000,0,0
patchy_high,32,4,3950,random_matched,1.0,50,42,random_k,4,5000,0,0
patchy_high,32,4,4000,random_matched,1.0,50,42,random_k,4,5000,0,0
patchy_high,32,4,4050,random_matched,1.0,50,42,random_k,4,5000,0,0
patchy_high,32,4,4100,random_matched,1.0,50,42,random_k,4,5000,0,0
patchy_high,32,4,4150,random_matched,1.0,50,42,random_k,4,5000,0,0
patchy_high,32,4,4200,random_matched,1.0,50,42,random_k,4,5000,2,2
patchy_high,32,4,4250,random_matched,1.0,50,42,random_k,4,5000,0,0
patchy_high,32,4,4300,random_matched,1.0,50,42,random_k,4,5000,0,0
patchy_high,32,4,4350,random_matched,1.0,50,42,random_k,4,5000,0,0
patchy_high,32,4,4400,random_matched,1.0,50,42,random_k,4,5000,0,0
patchy_high,32,4,4450,random_matched,1.0,50,42,random_k,4,5000,0,0
patchy_high,32,4,4500,random_matched,1.0,50,42,random_k,4,5000,0,0
patchy_high,32,4,4550,random_matched,1.0,50,42,random_k,4,5000,0,0
patchy_high,32,4,4600,random_matched,1.0,50,42,random_k,4,5000,1,1
patchy_high,32,4,4650,random_matched,1.0,50,42,random_k,4,5000,0,0
patchy_high,32,4,4700,random_matched,1.0,50,42,random_k,4,5000,0,0
patchy_high,32,4,4750,random_matched,1.0,50,42,random_k,4,5000,0,0
patchy_high,32,4,4800,random_matched,1.0,50,42,random_k,4,5000,0,0
patchy_high,32,4,4850,random_matched,1.0,50,42,random_k,4,5000,0,0
patchy_high,32,4,4900,random_matched,1.0,50,42,random_k,4,5000,1,1
patchy_high,32,4,4950,random_matched,1.0,50,42,random_k,4,5000,0,0
patchy_high,32,4,5000,random_matched,1.0,50,42,random_k,4,5000,0,0
patchy_high,64,4,50,random_matched,1.0,50,42,random_k,4,5000,2,2
patchy_high,64,4,100,random_matched,1.0,50,42,random_k,4,5000,2,2
patchy_high,64,4,150,random_matched,1.0,50,42,random_k,4,5000,0,0
patchy_high,64,4,200,random_matched,1.0,50,42,random_k,4,5000,0,0
patchy_high,64,4,250,random_matched,1.0,50,42,random_k,4,5000,1,1
patchy_high,64,4,300,random_matched,1.0,50,42,random_k,4,5000,2,2
patchy_high,64,4,350,random_matched,1.0,50,42,random_k,4,5000,1,1
patchy_high,64,4,400,random_matched,1.0,50,42,random_k,4,5000,2,2
patchy_high,64,4,450,random_matched,1.0,50,42,random_k,4,5000,2,2
patchy_high,64,4,500,random_matched,1.0,50,42,random_k,4,5000,2,2
patchy_high,64,4,550,random_matched,1.0,50,42,random_k,4,5000,0,0
patchy_high,64,4,600,random_matched,1.0,50,42,random_k,4,5000,2,2
patchy_high,64,4,650,random_matched,1.0,50,42,random_k,4,5000,0,0
patchy_high,64,4,700,random_matched,1.0,50,42,random_k,4,5000,0,0
patchy_high,64,4,750,random_matched,1.0,50,42,random_k,4,5000,4,4
patchy_high,64,4,800,random_matched,1.0,50,42,random_k,4,5000,2,2
patchy_high,64,4,850,random_matched,1.0,50,42,random_k,4,5000,1,1
patchy_high,64,4,900,random_matched,1.0,50,42,random_k,4,5000,1,1
patchy_high,64,4,950,random_matched,1.0,50,42,random_k,4,5000,1,1
patchy_high,64,4,1000,random_matched,1.0,50,42,random_k,4,5000,1,1
patchy_high,64,4,1050,random_matched,1.0,50,42,random_k,4,5000,0,0
patchy_high,64,4,1100,random_matched,1.0,50,42,random_k,4,5000,2,2
patchy_high,64,4,1150,random_matched,1.0,50,42,random_k,4,5000,1,1
patchy_high,64,4,1200,random_matched,1.0,50,42,random_k,4,5000,4,4
patchy_high,64,4,1250,random_matched,1.0,50,42,random_k,4,5000,2,2
patchy_high,64,4,1300,random_matched,1.0,50,42,random_k,4,5000,0,0
patchy_high,64,4,1350,random_matched,1.0,50,42,random_k,4,5000,2,2
patchy_high,64,4,1400,random_matched,1.0,50,42,random_k,4,5000,3,3
patchy_high,64,4,1450,random_matched,1.0,50,42,random_k,4,5000,1,1
patchy_high,64,4,1500,random_matched,1.0,50,42,random_k,4,5000,2,2
patchy_high,64,4,1550,random_matched,1.0,50,42,random_k,4,5000,2,2
patchy_high,64,4,1600,random_matched,1.0,50,42,random_k,4,5000,2,2
patchy_high,64,4,1650,random_matched,1.0,50,42,random_k,4,5000,0,0
patchy_high,64,4,1700,random_matched,1.0,50,42,random_k,4,5000,0,0
patchy_high,64,4,1750,random_matched,1.0,50,42,random_k,4,5000,2,2
patchy_high,64,4,1800,random_matched,1.0,50,42,random_k,4,5000,3,3
patchy_high,64,4,1850,random_matched,1.0,50,42,random_k,4,5000,1,1
patchy_high,64,4,1900,random_matched,1.0,50,42,random_k,4,5000,0,0
patchy_high,64,4,1950,random_matched,1.0,50,42,random_k,4,5000,1,1
patchy_high,64,4,2000,random_matched,1.0,50,42,random_k,4,5000,1,1
patchy_high,64,4,2050,random_matched,1.0,50,42,random_k,4,5000,0,0
patchy_high,64,4,2100,random_matched,1.0,50,42,random_k,4,5000,0,0
patchy_high,64,4,2150,random_matched,1.0,50,42,random_k,4,5000,0,0
patchy_high,64,4,2200,random_matched,1.0,50,42,random_k,4,5000,1,1
patchy_high,64,4,2250,random_matched,1.0,50,42,random_k,4,5000,2,2
patchy_high,64,4,2300,random_matched,1.0,50,42,random_k,4,5000,0,0
patchy_high,64,4,2350,random_matched,1.0,50,42,random_k,4,5000,1,1
patchy_high,64,4,2400,random_matched,1.0,50,42,random_k,4,5000,1,1
patchy_high,64,4,2450,random_matched,1.0,50,42,random_k,4,5000,1,1
patchy_high,64,4,2500,random_matched,1.0,50,42,random_k,4,5000,0,0
patchy_high,64,4,2550,random_matched,1.0,50,42,random_k,4,5000,2,2
patchy_high,64,4,2600,random_matched,1.0,50,42,random_k,4,5000,1,1
patchy_high,64,4,2650,random_matched,1.0,50,42,random_k,4,5000,2,2
patchy_high,64,4,2700,random_matched,1.0,50,42,random_k,4,5000,1,1
patchy_high,64,4,2750,random_matched,1.0,50,42,random_k,4,5000,1,1
patchy_high,64,4,2800,random_matched,1.0,50,42,random_k,4,5000,0,0
patchy_high,64,4,2850,random_matched,1.0,50,42,random_k,4,5000,2,2
patchy_high,64,4,2900,random_matched,1.0,50,42,random_k,4,5000,2,2
patchy_high,64,4,2950,random_matched,1.0,50,42,random_k,4,5000,3,3
patchy_high,64,4,3000,random_matched,1.0,50,42,random_k,4,5000,4,4
patchy_high,64,4,3050,random_matched,1.0,50,42,random_k,4,5000,1,1
patchy_high,64,4,3100,random_matched,1.0,50,42,random_k,4,5000,0,0
patchy_high,64,4,3150,random_matched,1.0,50,42,random_k,4,5000,2,2
patchy_high,64,4,3200,random_matched,1.0,50,42,random_k,4,5000,2,2
patchy_high,64,4,3250,random_matched,1.0,50,42,random_k,4,5000,1,1
patchy_high,64,4,3300,random_matched,1.0,50,42,random_k,4,5000,1,1
patchy_high,64,4,3350,random_matched,1.0,50,42,random_k,4,5000,2,2
patchy_high,64,4,3400,random_matched,1.0,50,42,random_k,4,5000,0,0
patchy_high,64,4,3450,random_matched,1.0,50,42,random_k,4,5000,1,1
patchy_high,64,4,3500,random_matched,1.0,50,42,random_k,4,5000,0,0
patchy_high,64,4,3550,random_matched,1.0,50,42,random_k,4,5000,3,3
patchy_high,64,4,3600,random_matched,1.0,50,42,random_k,4,5000,3,3
patchy_high,64,4,3650,random_matched,1.0,50,42,random_k,4,5000,1,1
patchy_high,64,4,3700,random_matched,1.0,50,42,random_k,4,5000,1,1
patchy_high,64,4,3750,random_matched,1.0,50,42,random_k,4,5000,0,0
patchy_high,64,4,3800,random_matched,1.0,50,42,random_k,4,5000,0,0
patchy_high,64,4,3850,random_matched,1.0,50,42,random_k,4,5000,0,0
patchy_high,64,4,3900,random_matched,1.0,50,42,random_k,4,5000,2,2
patchy_high,64,4,3950,random_matched,1.0,50,42,random_k,4,5000,1,1
patchy_high,64,4,4000,random_matched,1.0,50,42,random_k,4,5000,0,0
patchy_high,64,4,4050,random_matched,1.0,50,42,random_k,4,5000,1,1
patchy_high,64,4,4100,random_matched,1.0,50,42,random_k,4,5000,4,4
patchy_high,64,4,4150,random_matched,1.0,50,42,random_k,4,5000,1,1
patchy_high,64,4,4200,random_matched,1.0,50,42,random_k,4,5000,3,3
patchy_high,64,4,4250,random_matched,1.0,50,42,random_k,4,5000,2,2
patchy_high,64,4,4300,random_matched,1.0,50,42,random_k,4,5000,0,0
patchy_high,64,4,4350,random_matched,1.0,50,42,random_k,4,5000,0,0
patchy_high,64,4,4400,random_matched,1.0,50,42,random_k,4,5000,2,2
patchy_high,64,4,4450,random_matched,1.0,50,42,random_k,4,5000,0,0
patchy_high,64,4,4500,random_matched,1.0,50,42,random_k,4,5000,1,1
patchy_high,64,4,4550,random_matched,1.0,50,42,random_k,4,5000,0,0
patchy_high,64,4,4600,random_matched,1.0,50,42,random_k,4,5000,1,1
patchy_high,64,4,4650,random_matched,1.0,50,42,random_k,4,5000,1,1
patchy_high,64,4,4700,random_matched,1.0,50,42,random_k,4,5000,1,1
patchy_high,64,4,4750,random_matched,1.0,50,42,random_k,4,5000,0,0
patchy_high,64,4,4800,random_matched,1.0,50,42,random_k,4,5000,0,0
patchy_high,64,4,4850,random_matched,1.0,50,42,random_k,4,5000,1,1
patchy_high,64,4,4900,random_matched,1.0,50,42,random_k,4,5000,1,1
patchy_high,64,4,4950,random_matched,1.0,50,42,random_k,4,5000,2,2
patchy_high,64,4,5000,random_matched,1.0,50,42,random_k,4,5000,1,1
split_high_low,32,4,50,random_matched,1.0,50,42,random_k,4,5000,0,0
split_high_low,32,4,100,random_matched,1.0,50,42,random_k,4,5000,1,1
split_high_low,32,4,150,random_matched,1.0,50,42,random_k,4,5000,1,1
split_high_low,32,4,200,random_matched,1.0,50,42,random_k,4,5000,0,0
split_high_low,32,4,250,random_matched,1.0,50,42,random_k,4,5000,1,1
split_high_low,32,4,300,random_matched,1.0,50,42,random_k,4,5000,1,1
split_high_low,32,4,350,random_matched,1.0,50,42,random_k,4,5000,1,1
split_high_low,32,4,400,random_matched,1.0,50,42,random_k,4,5000,0,0
split_high_low,32,4,450,random_matched,1.0,50,42,random_k,4,5000,1,1
split_high_low,32,4,500,random_matched,1.0,50,42,random_k,4,5000,1,1
split_high_low,32,4,550,random_matched,1.0,50,42,random_k,4,5000,1,1
split_high_low,32,4,600,random_matched,1.0,50,42,random_k,4,5000,0,0
split_high_low,32,4,650,random_matched,1.0,50,42,random_k,4,5000,2,2
split_high_low,32,4,700,random_matched,1.0,50,42,random_k,4,5000,0,0
split_high_low,32,4,750,random_matched,1.0,50,42,random_k,4,5000,0,0
split_high_low,32,4,800,random_matched,1.0,50,42,random_k,4,5000,0,0
split_high_low,32,4,850,random_matched,1.0,50,42,random_k,4,5000,2,2
split_high_low,32,4,900,random_matched,1.0,50,42,random_k,4,5000,1,1
split_high_low,32,4,950,random_matched,1.0,50,42,random_k,4,5000,2,2
split_high_low,32,4,1000,random_matched,1.0,50,42,random_k,4,5000,0,0
split_high_low,32,4,1050,random_matched,1.0,50,42,random_k,4,5000,0,0
split_high_low,32,4,1100,random_matched,1.0,50,42,random_k,4,5000,2,2
split_high_low,32,4,1150,random_matched,1.0,50,42,random_k,4,5000,0,0
split_high_low,32,4,1200,random_matched,1.0,50,42,random_k,4,5000,0,0
split_high_low,32,4,1250,random_matched,1.0,50,42,random_k,4,5000,1,1
split_high_low,32,4,1300,random_matched,1.0,50,42,random_k,4,5000,0,0
split_high_low,32,4,1350,random_matched,1.0,50,42,random_k,4,5000,0,0
split_high_low,32,4,1400,random_matched,1.0,50,42,random_k,4,5000,1,1
split_high_low,32,4,1450,random_matched,1.0,50,42,random_k,4,5000,1,1
split_high_low,32,4,1500,random_matched,1.0,50,42,random_k,4,5000,0,0
split_high_low,32,4,1550,random_matched,1.0,50,42,random_k,4,5000,0,0
split_high_low,32,4,1600,random_matched,1.0,50,42,random_k,4,5000,1,1
split_high_low,32,4,1650,random_matched,1.0,50,42,random_k,4,5000,0,0
split_high_low,32,4,1700,random_matched,1.0,50,42,random_k,4,5000,2,2
split_high_low,32,4,1750,random_matched,1.0,50,42,random_k,4,5000,0,0
split_high_low,32,4,1800,random_matched,1.0,50,42,random_k,4,5000,1,1
split_high_low,32,4,1850,random_matched,1.0,50,42,random_k,4,5000,0,0
split_high_low,32,4,1900,random_matched,1.0,50,42,random_k,4,5000,0,0
split_high_low,32,4,1950,random_matched,1.0,50,42,random_k,4,5000,0,0
split_high_low,32,4,2000,random_matched,1.0,50,42,random_k,4,5000,3,3
split_high_low,32,4,2050,random_matched,1.0,50,42,random_k,4,5000,0,0
split_high_low,32,4,2100,random_matched,1.0,50,42,random_k,4,5000,0,0
split_high_low,32,4,2150,random_matched,1.0,50,42,random_k,4,5000,0,0
split_high_low,32,4,2200,random_matched,1.0,50,42,random_k,4,5000,0,0
split_high_low,32,4,2250,random_matched,1.0,50,42,random_k,4,5000,0,0
split_high_low,32,4,2300,random_matched,1.0,50,42,random_k,4,5000,1,1
split_high_low,32,4,2350,random_matched,1.0,50,42,random_k,4,5000,0,0
split_high_low,32,4,2400,random_matched,1.0,50,42,random_k,4,5000,0,0
split_high_low,32,4,2450,random_matched,1.0,50,42,random_k,4,5000,1,1
split_high_low,32,4,2500,random_matched,1.0,50,42,random_k,4,5000,1,1
split_high_low,32,4,2550,random_matched,1.0,50,42,random_k,4,5000,1,1
split_high_low,32,4,2600,random_matched,1.0,50,42,random_k,4,5000,1,1
split_high_low,32,4,2650,random_matched,1.0,50,42,random_k,4,5000,0,0
split_high_low,32,4,2700,random_matched,1.0,50,42,random_k,4,5000,0,0
split_high_low,32,4,2750,random_matched,1.0,50,42,random_k,4,5000,0,0
split_high_low,32,4,2800,random_matched,1.0,50,42,random_k,4,5000,0,0
split_high_low,32,4,2850,random_matched,1.0,50,42,random_k,4,5000,0,0
split_high_low,32,4,2900,random_matched,1.0,50,42,random_k,4,5000,0,0
split_high_low,32,4,2950,random_matched,1.0,50,42,random_k,4,5000,0,0
split_high_low,32,4,3000,random_matched,1.0,50,42,random_k,4,5000,0,0
split_high_low,32,4,3050,random_matched,1.0,50,42,random_k,4,5000,0,0
split_high_low,32,4,3100,random_matched,1.0,50,42,random_k,4,5000,0,0
split_high_low,32,4,3150,random_matched,1.0,50,42,random_k,4,5000,0,0
split_high_low,32,4,3200,random_matched,1.0,50,42,random_k,4,5000,0,0
split_high_low,32,4,3250,random_matched,1.0,50,42,random_k,4,5000,2,2
split_high_low,32,4,3300,random_matched,1.0,50,42,random_k,4,5000,0,0
split_high_low,32,4,3350,random_matched,1.0,50,42,random_k,4,5000,1,1
split_high_low,32,4,3400,random_matched,1.0,50,42,random_k,4,5000,0,0
split_high_low,32,4,3450,random_matched,1.0,50,42,random_k,4,5000,0,0
split_high_low,32,4,3500,random_matched,1.0,50,42,random_k,4,5000,0,0
split_high_low,32,4,3550,random_matched,1.0,50,42,random_k,4,5000,0,0
split_high_low,32,4,3600,random_matched,1.0,50,42,random_k,4,5000,1,1
split_high_low,32,4,3650,random_matched,1.0,50,42,random_k,4,5000,1,1
split_high_low,32,4,3700,random_matched,1.0,50,42,random_k,4,5000,0,0
split_high_low,32,4,3750,random_matched,1.0,50,42,random_k,4,5000,0,0
split_high_low,32,4,3800,random_matched,1.0,50,42,random_k,4,5000,1,1
split_high_low,32,4,3850,random_matched,1.0,50,42,random_k,4,5000,0,0
split_high_low,32,4,3900,random_matched,1.0,50,42,random_k,4,5000,1,1
split_high_low,32,4,3950,random_matched,1.0,50,42,random_k,4,5000,2,2
split_high_low,32,4,4000,random_matched,1.0,50,42,random_k,4,5000,0,0
split_high_low,32,4,4050,random_matched,1.0,50,42,random_k,4,5000,1,1
split_high_low,32,4,4100,random_matched,1.0,50,42,random_k,4,5000,2,2
split_high_low,32,4,4150,random_matched,1.0,50,42,random_k,4,5000,0,0
split_high_low,32,4,4200,random_matched,1.0,50,42,random_k,4,5000,0,0
split_high_low,32,4,4250,random_matched,1.0,50,42,random_k,4,5000,0,0
split_high_low,32,4,4300,random_matched,1.0,50,42,random_k,4,5000,0,0
split_high_low,32,4,4350,random_matched,1.0,50,42,random_k,4,5000,0,0
split_high_low,32,4,4400,random_matched,1.0,50,42,random_k,4,5000,0,0
split_high_low,32,4,4450,random_matched,1.0,50,42,random_k,4,5000,0,0
split_high_low,32,4,4500,random_matched,1.0,50,42,random_k,4,5000,0,0
split_high_low,32,4,4550,random_matched,1.0,50,42,random_k,4,5000,0,0
split_high_low,32,4,4600,random_matched,1.0,50,42,random_k,4,5000,0,0
split_high_low,32,4,4650,random_matched,1.0,50,42,random_k,4,5000,4,4
split_high_low,32,4,4700,random_matched,1.0,50,42,random_k,4,5000,0,0
split_high_low,32,4,4750,random_matched,1.0,50,42,random_k,4,5000,0,0
split_high_low,32,4,4800,random_matched,1.0,50,42,random_k,4,5000,1,1
split_high_low,32,4,4850,random_matched,1.0,50,42,random_k,4,5000,0,0
split_high_low,32,4,4900,random_matched,1.0,50,42,random_k,4,5000,1,1
split_high_low,32,4,4950,random_matched,1.0,50,42,random_k,4,5000,0,0
split_high_low,32,4,5000,random_matched,1.0,50,42,random_k,4,5000,0,0
split_high_low,64,4,50,random_matched,1.0,50,42,random_k,4,5000,0,0
split_high_low,64,4,100,random_matched,1.0,50,42,random_k,4,5000,3,3
split_high_low,64,4,150,random_matched,1.0,50,42,random_k,4,5000,1,1
split_high_low,64,4,200,random_matched,1.0,50,42,random_k,4,5000,0,0
split_high_low,64,4,250,random_matched,1.0,50,42,random_k,4,5000,1,1
split_high_low,64,4,300,random_matched,1.0,50,42,random_k,4,5000,2,2
split_high_low,64,4,350,random_matched,1.0,50,42,random_k,4,5000,1,1
split_high_low,64,4,400,random_matched,1.0,50,42,random_k,4,5000,2,2
split_high_low,64,4,450,random_matched,1.0,50,42,random_k,4,5000,2,2
split_high_low,64,4,500,random_matched,1.0,50,42,random_k,4,5000,2,2
split_high_low,64,4,550,random_matched,1.0,50,42,random_k,4,5000,2,2
split_high_low,64,4,600,random_matched,1.0,50,42,random_k,4,5000,0,0
split_high_low,64,4,650,random_matched,1.0,50,42,random_k,4,5000,1,1
split_high_low,64,4,700,random_matched,1.0,50,42,random_k,4,5000,3,3
split_high_low,64,4,750,random_matched,1.0,50,42,random_k,4,5000,2,2
split_high_low,64,4,800,random_matched,1.0,50,42,random_k,4,5000,1,1
split_high_low,64,4,850,random_matched,1.0,50,42,random_k,4,5000,1,1
split_high_low,64,4,900,random_matched,1.0,50,42,random_k,4,5000,1,1
split_high_low,64,4,950,random_matched,1.0,50,42,random_k,4,5000,1,1
split_high_low,64,4,1000,random_matched,1.0,50,42,random_k,4,5000,2,2
split_high_low,64,4,1050,random_matched,1.0,50,42,random_k,4,5000,2,2
split_high_low,64,4,1100,random_matched,1.0,50,42,random_k,4,5000,3,3
split_high_low,64,4,1150,random_matched,1.0,50,42,random_k,4,5000,2,2
split_high_low,64,4,1200,random_matched,1.0,50,42,random_k,4,5000,0,0
split_high_low,64,4,1250,random_matched,1.0,50,42,random_k,4,5000,3,3
split_high_low,64,4,1300,random_matched,1.0,50,42,random_k,4,5000,2,2
split_high_low,64,4,1350,random_matched,1.0,50,42,random_k,4,5000,3,3
split_high_low,64,4,1400,random_matched,1.0,50,42,random_k,4,5000,1,1
split_high_low,64,4,1450,random_matched,1.0,50,42,random_k,4,5000,2,2
split_high_low,64,4,1500,random_matched,1.0,50,42,random_k,4,5000,1,1
split_high_low,64,4,1550,random_matched,1.0,50,42,random_k,4,5000,2,2
split_high_low,64,4,1600,random_matched,1.0,50,42,random_k,4,5000,0,0
split_high_low,64,4,1650,random_matched,1.0,50,42,random_k,4,5000,1,1
split_high_low,64,4,1700,random_matched,1.0,50,42,random_k,4,5000,3,3
split_high_low,64,4,1750,random_matched,1.0,50,42,random_k,4,5000,0,0
split_high_low,64,4,1800,random_matched,1.0,50,42,random_k,4,5000,2,2
split_high_low,64,4,1850,random_matched,1.0,50,42,random_k,4,5000,0,0
split_high_low,64,4,1900,random_matched,1.0,50,42,random_k,4,5000,0,0
split_high_low,64,4,1950,random_matched,1.0,50,42,random_k,4,5000,0,0
split_high_low,64,4,2000,random_matched,1.0,50,42,random_k,4,5000,3,3
split_high_low,64,4,2050,random_matched,1.0,50,42,random_k,4,5000,0,0
split_high_low,64,4,2100,random_matched,1.0,50,42,random_k,4,5000,1,1
split_high_low,64,4,2150,random_matched,1.0,50,42,random_k,4,5000,2,2
split_high_low,64,4,2200,random_matched,1.0,50,42,random_k,4,5000,0,0
split_high_low,64,4,2250,random_matched,1.0,50,42,random_k,4,5000,2,2
split_high_low,64,4,2300,random_matched,1.0,50,42,random_k,4,5000,1,1
split_high_low,64,4,2350,random_matched,1.0,50,42,random_k,4,5000,2,2
split_high_low,64,4,2400,random_matched,1.0,50,42,random_k,4,5000,1,1
split_high_low,64,4,2450,random_matched,1.0,50,42,random_k,4,5000,1,1
split_high_low,64,4,2500,random_matched,1.0,50,42,random_k,4,5000,1,1
split_high_low,64,4,2550,random_matched,1.0,50,42,random_k,4,5000,3,3
split_high_low,64,4,2600,random_matched,1.0,50,42,random_k,4,5000,2,2
split_high_low,64,4,2650,random_matched,1.0,50,42,random_k,4,5000,5,5
split_high_low,64,4,2700,random_matched,1.0,50,42,random_k,4,5000,1,1
split_high_low,64,4,2750,random_matched,1.0,50,42,random_k,4,5000,0,0
split_high_low,64,4,2800,random_matched,1.0,50,42,random_k,4,5000,0,0
split_high_low,64,4,2850,random_matched,1.0,50,42,random_k,4,5000,4,4
split_high_low,64,4,2900,random_matched,1.0,50,42,random_k,4,5000,0,0
split_high_low,64,4,2950,random_matched,1.0,50,42,random_k,4,5000,2,2
split_high_low,64,4,3000,random_matched,1.0,50,42,random_k,4,5000,2,2
split_high_low,64,4,3050,random_matched,1.0,50,42,random_k,4,5000,1,1
split_high_low,64,4,3100,random_matched,1.0,50,42,random_k,4,5000,0,0
split_high_low,64,4,3150,random_matched,1.0,50,42,random_k,4,5000,0,0
split_high_low,64,4,3200,random_matched,1.0,50,42,random_k,4,5000,6,6
split_high_low,64,4,3250,random_matched,1.0,50,42,random_k,4,5000,0,0
split_high_low,64,4,3300,random_matched,1.0,50,42,random_k,4,5000,1,1
split_high_low,64,4,3350,random_matched,1.0,50,42,random_k,4,5000,1,1
split_high_low,64,4,3400,random_matched,1.0,50,42,random_k,4,5000,0,0
split_high_low,64,4,3450,random_matched,1.0,50,42,random_k,4,5000,0,0
split_high_low,64,4,3500,random_matched,1.0,50,42,random_k,4,5000,0,0
split_high_low,64,4,3550,random_matched,1.0,50,42,random_k,4,5000,2,2
split_high_low,64,4,3600,random_matched,1.0,50,42,random_k,4,5000,1,1
split_high_low,64,4,3650,random_matched,1.0,50,42,random_k,4,5000,0,0
split_high_low,64,4,3700,random_matched,1.0,50,42,random_k,4,5000,1,1
split_high_low,64,4,3750,random_matched,1.0,50,42,random_k,4,5000,4,4
split_high_low,64,4,3800,random_matched,1.0,50,42,random_k,4,5000,1,1
split_high_low,64,4,3850,random_matched,1.0,50,42,random_k,4,5000,0,0
split_high_low,64,4,3900,random_matched,1.0,50,42,random_k,4,5000,3,3
split_high_low,64,4,3950,random_matched,1.0,50,42,random_k,4,5000,1,1
split_high_low,64,4,4000,random_matched,1.0,50,42,random_k,4,5000,1,1
split_high_low,64,4,4050,random_matched,1.0,50,42,random_k,4,5000,0,0
split_high_low,64,4,4100,random_matched,1.0,50,42,random_k,4,5000,2,2
split_high_low,64,4,4150,random_matched,1.0,50,42,random_k,4,5000,0,0
split_high_low,64,4,4200,random_matched,1.0,50,42,random_k,4,5000,1,1
split_high_low,64,4,4250,random_matched,1.0,50,42,random_k,4,5000,1,1
split_high_low,64,4,4300,random_matched,1.0,50,42,random_k,4,5000,1,1
split_high_low,64,4,4350,random_matched,1.0,50,42,random_k,4,5000,1,1
split_high_low,64,4,4400,random_matched,1.0,50,42,random_k,4,5000,0,0
split_high_low,64,4,4450,random_matched,1.0,50,42,random_k,4,5000,1,1
split_high_low,64,4,4500,random_matched,1.0,50,42,random_k,4,5000,1,1
split_high_low,64,4,4550,random_matched,1.0,50,42,random_k,4,5000,1,1
split_high_low,64,4,4600,random_matched,1.0,50,42,random_k,4,5000,2,2
split_high_low,64,4,4650,random_matched,1.0,50,42,random_k,4,5000,2,2
split_high_low,64,4,4700,random_matched,1.0,50,42,random_k,4,5000,0,0
split_high_low,64,4,4750,random_matched,1.0,50,42,random_k,4,5000,1,1
split_high_low,64,4,4800,random_matched,1.0,50,42,random_k,4,5000,1,1
split_high_low,64,4,4850,random_matched,1.0,50,42,random_k,4,5000,0,0
split_high_low,64,4,4900,random_matched,1.0,50,42,random_k,4,5000,1,1
split_high_low,64,4,4950,random_matched,1.0,50,42,random_k,4,5000,1,1
split_high_low,64,4,5000,random_matched,1.0,50,42,random_k,4,5000,1,1
uniform_high,32,5,50,random_matched,1.0,50,42,random_k,4,5000,0,0
uniform_high,32,5,100,random_matched,1.0,50,42,random_k,4,5000,0,0
uniform_high,32,5,150,random_matched,1.0,50,42,random_k,4,5000,0,0
uniform_high,32,5,200,random_matched,1.0,50,42,random_k,4,5000,1,1
uniform_high,32,5,250,random_matched,1.0,50,42,random_k,4,5000,0,0
uniform_high,32,5,300,random_matched,1.0,50,42,random_k,4,5000,1,1
uniform_high,32,5,350,random_matched,1.0,50,42,random_k,4,5000,1,1
uniform_high,32,5,400,random_matched,1.0,50,42,random_k,4,5000,1,1
uniform_high,32,5,450,random_matched,1.0,50,42,random_k,4,5000,0,0
uniform_high,32,5,500,random_matched,1.0,50,42,random_k,4,5000,0,0
uniform_high,32,5,550,random_matched,1.0,50,42,random_k,4,5000,0,0
uniform_high,32,5,600,random_matched,1.0,50,42,random_k,4,5000,0,0
uniform_high,32,5,650,random_matched,1.0,50,42,random_k,4,5000,1,1
uniform_high,32,5,700,random_matched,1.0,50,42,random_k,4,5000,0,0
uniform_high,32,5,750,random_matched,1.0,50,42,random_k,4,5000,0,0
uniform_high,32,5,800,random_matched,1.0,50,42,random_k,4,5000,2,2
uniform_high,32,5,850,random_matched,1.0,50,42,random_k,4,5000,0,0
uniform_high,32,5,900,random_matched,1.0,50,42,random_k,4,5000,0,0
uniform_high,32,5,950,random_matched,1.0,50,42,random_k,4,5000,1,1
uniform_high,32,5,1000,random_matched,1.0,50,42,random_k,4,5000,1,1
uniform_high,32,5,1050,random_matched,1.0,50,42,random_k,4,5000,1,1
uniform_high,32,5,1100,random_matched,1.0,50,42,random_k,4,5000,0,0
uniform_high,32,5,1150,random_matched,1.0,50,42,random_k,4,5000,0,0
uniform_high,32,5,1200,random_matched,1.0,50,42,random_k,4,5000,0,0
uniform_high,32,5,1250,random_matched,1.0,50,42,random_k,4,5000,1,1
uniform_high,32,5,1300,random_matched,1.0,50,42,random_k,4,5000,1,1
uniform_high,32,5,1350,random_matched,1.0,50,42,random_k,4,5000,0,0
uniform_high,32,5,1400,random_matched,1.0,50,42,random_k,4,5000,0,0
uniform_high,32,5,1450,random_matched,1.0,50,42,random_k,4,5000,0,0
uniform_high,32,5,1500,random_matched,1.0,50,42,random_k,4,5000,2,2
uniform_high,32,5,1550,random_matched,1.0,50,42,random_k,4,5000,0,0
uniform_high,32,5,1600,random_matched,1.0,50,42,random_k,4,5000,1,1
uniform_high,32,5,1650,random_matched,1.0,50,42,random_k,4,5000,0,0
uniform_high,32,5,1700,random_matched,1.0,50,42,random_k,4,5000,0,0
uniform_high,32,5,1750,random_matched,1.0,50,42,random_k,4,5000,0,0
uniform_high,32,5,1800,random_matched,1.0,50,42,random_k,4,5000,0,0
uniform_high,32,5,1850,random_matched,1.0,50,42,random_k,4,5000,0,0
uniform_high,32,5,1900,random_matched,1.0,50,42,random_k,4,5000,0,0
uniform_high,32,5,1950,random_matched,1.0,50,42,random_k,4,5000,0,0
uniform_high,32,5,2000,random_matched,1.0,50,42,random_k,4,5000,0,0
uniform_high,32,5,2050,random_matched,1.0,50,42,random_k,4,5000,0,0
uniform_high,32,5,2100,random_matched,1.0,50,42,random_k,4,5000,2,2
uniform_high,32,5,2150,random_matched,1.0,50,42,random_k,4,5000,0,0
uniform_high,32,5,2200,random_matched,1.0,50,42,random_k,4,5000,0,0
uniform_high,32,5,2250,random_matched,1.0,50,42,random_k,4,5000,1,1
uniform_high,32,5,2300,random_matched,1.0,50,42,random_k,4,5000,0,0
uniform_high,32,5,2350,random_matched,1.0,50,42,random_k,4,5000,0,0
uniform_high,32,5,2400,random_matched,1.0,50,42,random_k,4,5000,0,0
uniform_high,32,5,2450,random_matched,1.0,50,42,random_k,4,5000,0,0
uniform_high,32,5,2500,random_matched,1.0,50,42,random_k,4,5000,0,0
uniform_high,32,5,2550,random_matched,1.0,50,42,random_k,4,5000,0,0
uniform_high,32,5,2600,random_matched,1.0,50,42,random_k,4,5000,0,0
uniform_high,32,5,2650,random_matched,1.0,50,42,random_k,4,5000,0,0
uniform_high,32,5,2700,random_matched,1.0,50,42,random_k,4,5000,0,0
uniform_high,32,5,2750,random_matched,1.0,50,42,random_k,4,5000,0,0
uniform_high,32,5,2800,random_matched,1.0,50,42,random_k,4,5000,0,0
uniform_high,32,5,2850,random_matched,1.0,50,42,random_k,4,5000,1,1
uniform_high,32,5,2900,random_matched,1.0,50,42,random_k,4,5000,0,0
uniform_high,32,5,2950,random_matched,1.0,50,42,random_k,4,5000,0,0
uniform_high,32,5,3000,random_matched,1.0,50,42,random_k,4,5000,0,0
uniform_high,32,5,3050,random_matched,1.0,50,42,random_k,4,5000,0,0
uniform_high,32,5,3100,random_matched,1.0,50,42,random_k,4,5000,0,0
uniform_high,32,5,3150,random_matched,1.0,50,42,random_k,4,5000,0,0
uniform_high,32,5,3200,random_matched,1.0,50,42,random_k,4,5000,0,0
uniform_high,32,5,3250,random_matched,1.0,50,42,random_k,4,5000,0,0
uniform_high,32,5,3300,random_matched,1.0,50,42,random_k,4,5000,0,0
uniform_high,32,5,3350,random_matched,1.0,50,42,random_k,4,5000,0,0
uniform_high,32,5,3400,random_matched,1.0,50,42,random_k,4,5000,0,0
uniform_high,32,5,3450,random_matched,1.0,50,42,random_k,4,5000,0,0
uniform_high,32,5,3500,random_matched,1.0,50,42,random_k,4,5000,1,1
uniform_high,32,5,3550,random_matched,1.0,50,42,random_k,4,5000,0,0
uniform_high,32,5,3600,random_matched,1.0,50,42,random_k,4,5000,0,0
uniform_high,32,5,3650,random_matched,1.0,50,42,random_k,4,5000,0,0
uniform_high,32,5,3700,random_matched,1.0,50,42,random_k,4,5000,0,0
uniform_high,32,5,3750,random_matched,1.0,50,42,random_k,4,5000,0,0
uniform_high,32,5,3800,random_matched,1.0,50,42,random_k,4,5000,0,0
uniform_high,32,5,3850,random_matched,1.0,50,42,random_k,4,5000,0,0
uniform_high,32,5,3900,random_matched,1.0,50,42,random_k,4,5000,0,0
uniform_high,32,5,3950,random_matched,1.0,50,42,random_k,4,5000,0,0
uniform_high,32,5,4000,random_matched,1.0,50,42,random_k,4,5000,0,0
uniform_high,32,5,4050,random_matched,1.0,50,42,random_k,4,5000,0,0
uniform_high,32,5,4100,random_matched,1.0,50,42,random_k,4,5000,0,0
uniform_high,32,5,4150,random_matched,1.0,50,42,random_k,4,5000,0,0
uniform_high,32,5,4200,random_matched,1.0,50,42,random_k,4,5000,0,0
uniform_high,32,5,4250,random_matched,1.0,50,42,random_k,4,5000,0,0
uniform_high,32,5,4300,random_matched,1.0,50,42,random_k,4,5000,0,0
uniform_high,32,5,4350,random_matched,1.0,50,42,random_k,4,5000,0,0
uniform_high,32,5,4400,random_matched,1.0,50,42,random_k,4,5000,0,0
uniform_high,32,5,4450,random_matched,1.0,50,42,random_k,4,5000,0,0
uniform_high,32,5,4500,random_matched,1.0,50,42,random_k,4,5000,0,0
uniform_high,32,5,4550,random_matched,1.0,50,42,random_k,4,5000,0,0
uniform_high,32,5,4600,random_matched,1.0,50,42,random_k,4,5000,0,0
uniform_high,32,5,4650,random_matched,1.0,50,42,random_k,4,5000,0,0
uniform_high,32,5,4700,random_matched,1.0,50,42,random_k,4,5000,0,0
uniform_high,32,5,4750,random_matched,1.0,50,42,random_k,4,5000,0,0
uniform_high,32,5,4800,random_matched,1.0,50,42,random_k,4,5000,0,0
uniform_high,32,5,4850,random_matched,1.0,50,42,random_k,4,5000,0,0
uniform_high,32,5,4900,random_matched,1.0,50,42,random_k,4,5000,0,0
uniform_high,32,5,4950,random_matched,1.0,50,42,random_k,4,5000,0,0
uniform_high,32,5,5000,random_matched,1.0,50,42,random_k,4,5000,0,0
uniform_high,64,5,50,random_matched,1.0,50,42,random_k,4,5000,3,3
uniform_high,64,5,100,random_matched,1.0,50,42,random_k,4,5000,2,2
uniform_high,64,5,150,random_matched,1.0,50,42,random_k,4,5000,2,2
uniform_high,64,5,200,random_matched,1.0,50,42,random_k,4,5000,1,1
uniform_high,64,5,250,random_matched,1.0,50,42,random_k,4,5000,0,0
uniform_high,64,5,300,random_matched,1.0,50,42,random_k,4,5000,0,0
uniform_high,64,5,350,random_matched,1.0,50,42,random_k,4,5000,1,1
uniform_high,64,5,400,random_matched,1.0,50,42,random_k,4,5000,1,1
uniform_high,64,5,450,random_matched,1.0,50,42,random_k,4,5000,0,0
uniform_high,64,5,500,random_matched,1.0,50,42,random_k,4,5000,3,3
uniform_high,64,5,550,random_matched,1.0,50,42,random_k,4,5000,3,3
uniform_high,64,5,600,random_matched,1.0,50,42,random_k,4,5000,5,5
uniform_high,64,5,650,random_matched,1.0,50,42,random_k,4,5000,2,2
uniform_high,64,5,700,random_matched,1.0,50,42,random_k,4,5000,2,2
uniform_high,64,5,750,random_matched,1.0,50,42,random_k,4,5000,0,0
uniform_high,64,5,800,random_matched,1.0,50,42,random_k,4,5000,0,0
uniform_high,64,5,850,random_matched,1.0,50,42,random_k,4,5000,1,1
uniform_high,64,5,900,random_matched,1.0,50,42,random_k,4,5000,3,3
uniform_high,64,5,950,random_matched,1.0,50,42,random_k,4,5000,1,1
uniform_high,64,5,1000,random_matched,1.0,50,42,random_k,4,5000,1,1
uniform_high,64,5,1050,random_matched,1.0,50,42,random_k,4,5000,1,1
uniform_high,64,5,1100,random_matched,1.0,50,42,random_k,4,5000,2,2
uniform_high,64,5,1150,random_matched,1.0,50,42,random_k,4,5000,3,3
uniform_high,64,5,1200,random_matched,1.0,50,42,random_k,4,5000,1,1
uniform_high,64,5,1250,random_matched,1.0,50,42,random_k,4,5000,4,4
uniform_high,64,5,1300,random_matched,1.0,50,42,random_k,4,5000,0,0
uniform_high,64,5,1350,random_matched,1.0,50,42,random_k,4,5000,2,2
uniform_high,64,5,1400,random_matched,1.0,50,42,random_k,4,5000,2,2
uniform_high,64,5,1450,random_matched,1.0,50,42,random_k,4,5000,3,3
uniform_high,64,5,1500,random_matched,1.0,50,42,random_k,4,5000,7,7
uniform_high,64,5,1550,random_matched,1.0,50,42,random_k,4,5000,3,3
uniform_high,64,5,1600,random_matched,1.0,50,42,random_k,4,5000,1,1
uniform_high,64,5,1650,random_matched,1.0,50,42,random_k,4,5000,2,2
uniform_high,64,5,1700,random_matched,1.0,50,42,random_k,4,5000,1,1
uniform_high,64,5,1750,random_matched,1.0,50,42,random_k,4,5000,3,3
uniform_high,64,5,1800,random_matched,1.0,50,42,random_k,4,5000,3,3
uniform_high,64,5,1850,random_matched,1.0,50,42,random_k,4,5000,5,5
uniform_high,64,5,1900,random_matched,1.0,50,42,random_k,4,5000,3,3
uniform_high,64,5,1950,random_matched,1.0,50,42,random_k,4,5000,2,2
uniform_high,64,5,2000,random_matched,1.0,50,42,random_k,4,5000,3,3
uniform_high,64,5,2050,random_matched,1.0,50,42,random_k,4,5000,4,4
uniform_high,64,5,2100,random_matched,1.0,50,42,random_k,4,5000,1,1
uniform_high,64,5,2150,random_matched,1.0,50,42,random_k,4,5000,4,4
uniform_high,64,5,2200,random_matched,1.0,50,42,random_k,4,5000,4,4
uniform_high,64,5,2250,random_matched,1.0,50,42,random_k,4,5000,3,3
uniform_high,64,5,2300,random_matched,1.0,50,42,random_k,4,5000,2,2
uniform_high,64,5,2350,random_matched,1.0,50,42,random_k,4,5000,0,0
uniform_high,64,5,2400,random_matched,1.0,50,42,random_k,4,5000,0,0
uniform_high,64,5,2450,random_matched,1.0,50,42,random_k,4,5000,0,0
uniform_high,64,5,2500,random_matched,1.0,50,42,random_k,4,5000,3,3
uniform_high,64,5,2550,random_matched,1.0,50,42,random_k,4,5000,2,2
uniform_high,64,5,2600,random_matched,1.0,50,42,random_k,4,5000,0,0
uniform_high,64,5,2650,random_matched,1.0,50,42,random_k,4,5000,2,2
uniform_high,64,5,2700,random_matched,1.0,50,42,random_k,4,5000,0,0
uniform_high,64,5,2750,random_matched,1.0,50,42,random_k,4,5000,3,3
uniform_high,64,5,2800,random_matched,1.0,50,42,random_k,4,5000,4,4
uniform_high,64,5,2850,random_matched,1.0,50,42,random_k,4,5000,0,0
uniform_high,64,5,2900,random_matched,1.0,50,42,random_k,4,5000,2,2
uniform_high,64,5,2950,random_matched,1.0,50,42,random_k,4,5000,2,2
uniform_high,64,5,3000,random_matched,1.0,50,42,random_k,4,5000,0,0
uniform_high,64,5,3050,random_matched,1.0,50,42,random_k,4,5000,0,0
uniform_high,64,5,3100,random_matched,1.0,50,42,random_k,4,5000,2,2
uniform_high,64,5,3150,random_matched,1.0,50,42,random_k,4,5000,1,1
uniform_high,64,5,3200,random_matched,1.0,50,42,random_k,4,5000,1,1
uniform_high,64,5,3250,random_matched,1.0,50,42,random_k,4,5000,2,2
uniform_high,64,5,3300,random_matched,1.0,50,42,random_k,4,5000,2,2
uniform_high,64,5,3350,random_matched,1.0,50,42,random_k,4,5000,1,1
uniform_high,64,5,3400,random_matched,1.0,50,42,random_k,4,5000,0,0
uniform_high,64,5,3450,random_matched,1.0,50,42,random_k,4,5000,0,0
uniform_high,64,5,3500,random_matched,1.0,50,42,random_k,4,5000,0,0
uniform_high,64,5,3550,random_matched,1.0,50,42,random_k,4,5000,2,2
uniform_high,64,5,3600,random_matched,1.0,50,42,random_k,4,5000,2,2
uniform_high,64,5,3650,random_matched,1.0,50,42,random_k,4,5000,3,3
uniform_high,64,5,3700,random_matched,1.0,50,42,random_k,4,5000,0,0
uniform_high,64,5,3750,random_matched,1.0,50,42,random_k,4,5000,0,0
uniform_high,64,5,3800,random_matched,1.0,50,42,random_k,4,5000,2,2
uniform_high,64,5,3850,random_matched,1.0,50,42,random_k,4,5000,1,1
uniform_high,64,5,3900,random_matched,1.0,50,42,random_k,4,5000,0,0
uniform_high,64,5,3950,random_matched,1.0,50,42,random_k,4,5000,1,1
uniform_high,64,5,4000,random_matched,1.0,50,42,random_k,4,5000,1,1
uniform_high,64,5,4050,random_matched,1.0,50,42,random_k,4,5000,1,1
uniform_high,64,5,4100,random_matched,1.0,50,42,random_k,4,5000,1,1
uniform_high,64,5,4150,random_matched,1.0,50,42,random_k,4,5000,1,1
uniform_high,64,5,4200,random_matched,1.0,50,42,random_k,4,5000,0,0
uniform_high,64,5,4250,random_matched,1.0,50,42,random_k,4,5000,3,3
uniform_high,64,5,4300,random_matched,1.0,50,42,random_k,4,5000,1,1
uniform_high,64,5,4350,random_matched,1.0,50,42,random_k,4,5000,1,1
uniform_high,64,5,4400,random_matched,1.0,50,42,random_k,4,5000,2,2
uniform_high,64,5,4450,random_matched,1.0,50,42,random_k,4,5000,1,1
uniform_high,64,5,4500,random_matched,1.0,50,42,random_k,4,5000,3,3
uniform_high,64,5,4550,random_matched,1.0,50,42,random_k,4,5000,0,0
uniform_high,64,5,4600,random_matched,1.0,50,42,random_k,4,5000,2,2
uniform_high,64,5,4650,random_matched,1.0,50,42,random_k,4,5000,0,0
uniform_high,64,5,4700,random_matched,1.0,50,42,random_k,4,5000,2,2
uniform_high,64,5,4750,random_matched,1.0,50,42,random_k,4,5000,1,1
uniform_high,64,5,4800,random_matched,1.0,50,42,random_k,4,5000,0,0
uniform_high,64,5,4850,random_matched,1.0,50,42,random_k,4,5000,3,3
uniform_high,64,5,4900,random_matched,1.0,50,42,random_k,4,5000,1,1
uniform_high,64,5,4950,random_matched,1.0,50,42,random_k,4,5000,0,0
uniform_high,64,5,5000,random_matched,1.0,50,42,random_k,4,5000,0,0
patchy_high,32,5,50,random_matched,1.0,50,42,random_k,4,5000,0,0
patchy_high,32,5,100,random_matched,1.0,50,42,random_k,4,5000,0,0
patchy_high,32,5,150,random_matched,1.0,50,42,random_k,4,5000,0,0
patchy_high,32,5,200,random_matched,1.0,50,42,random_k,4,5000,1,1
patchy_high,32,5,250,random_matched,1.0,50,42,random_k,4,5000,1,1
patchy_high,32,5,300,random_matched,1.0,50,42,random_k,4,5000,1,1
patchy_high,32,5,350,random_matched,1.0,50,42,random_k,4,5000,1,1
patchy_high,32,5,400,random_matched,1.0,50,42,random_k,4,5000,0,0
patchy_high,32,5,450,random_matched,1.0,50,42,random_k,4,5000,0,0
patchy_high,32,5,500,random_matched,1.0,50,42,random_k,4,5000,1,1
patchy_high,32,5,550,random_matched,1.0,50,42,random_k,4,5000,0,0
patchy_high,32,5,600,random_matched,1.0,50,42,random_k,4,5000,0,0
patchy_high,32,5,650,random_matched,1.0,50,42,random_k,4,5000,0,0
patchy_high,32,5,700,random_matched,1.0,50,42,random_k,4,5000,2,2
patchy_high,32,5,750,random_matched,1.0,50,42,random_k,4,5000,1,1
patchy_high,32,5,800,random_matched,1.0,50,42,random_k,4,5000,2,2
patchy_high,32,5,850,random_matched,1.0,50,42,random_k,4,5000,0,0
patchy_high,32,5,900,random_matched,1.0,50,42,random_k,4,5000,1,1
patchy_high,32,5,950,random_matched,1.0,50,42,random_k,4,5000,2,2
patchy_high,32,5,1000,random_matched,1.0,50,42,random_k,4,5000,2,2
patchy_high,32,5,1050,random_matched,1.0,50,42,random_k,4,5000,0,0
patchy_high,32,5,1100,random_matched,1.0,50,42,random_k,4,5000,0,0
patchy_high,32,5,1150,random_matched,1.0,50,42,random_k,4,5000,2,2
patchy_high,32,5,1200,random_matched,1.0,50,42,random_k,4,5000,1,1
patchy_high,32,5,1250,random_matched,1.0,50,42,random_k,4,5000,0,0
patchy_high,32,5,1300,random_matched,1.0,50,42,random_k,4,5000,0,0
patchy_high,32,5,1350,random_matched,1.0,50,42,random_k,4,5000,0,0
patchy_high,32,5,1400,random_matched,1.0,50,42,random_k,4,5000,0,0
patchy_high,32,5,1450,random_matched,1.0,50,42,random_k,4,5000,0,0
patchy_high,32,5,1500,random_matched,1.0,50,42,random_k,4,5000,1,1
patchy_high,32,5,1550,random_matched,1.0,50,42,random_k,4,5000,0,0
patchy_high,32,5,1600,random_matched,1.0,50,42,random_k,4,5000,1,1
patchy_high,32,5,1650,random_matched,1.0,50,42,random_k,4,5000,0,0
patchy_high,32,5,1700,random_matched,1.0,50,42,random_k,4,5000,0,0
patchy_high,32,5,1750,random_matched,1.0,50,42,random_k,4,5000,0,0
patchy_high,32,5,1800,random_matched,1.0,50,42,random_k,4,5000,0,0
patchy_high,32,5,1850,random_matched,1.0,50,42,random_k,4,5000,0,0
patchy_high,32,5,1900,random_matched,1.0,50,42,random_k,4,5000,0,0
patchy_high,32,5,1950,random_matched,1.0,50,42,random_k,4,5000,0,0
patchy_high,32,5,2000,random_matched,1.0,50,42,random_k,4,5000,0,0
patchy_high,32,5,2050,random_matched,1.0,50,42,random_k,4,5000,0,0
patchy_high,32,5,2100,random_matched,1.0,50,42,random_k,4,5000,0,0
patchy_high,32,5,2150,random_matched,1.0,50,42,random_k,4,5000,1,1
patchy_high,32,5,2200,random_matched,1.0,50,42,random_k,4,5000,0,0
patchy_high,32,5,2250,random_matched,1.0,50,42,random_k,4,5000,0,0
patchy_high,32,5,2300,random_matched,1.0,50,42,random_k,4,5000,0,0
patchy_high,32,5,2350,random_matched,1.0,50,42,random_k,4,5000,0,0
patchy_high,32,5,2400,random_matched,1.0,50,42,random_k,4,5000,0,0
patchy_high,32,5,2450,random_matched,1.0,50,42,random_k,4,5000,0,0
patchy_high,32,5,2500,random_matched,1.0,50,42,random_k,4,5000,0,0
patchy_high,32,5,2550,random_matched,1.0,50,42,random_k,4,5000,0,0
patchy_high,32,5,2600,random_matched,1.0,50,42,random_k,4,5000,0,0
patchy_high,32,5,2650,random_matched,1.0,50,42,random_k,4,5000,0,0
patchy_high,32,5,2700,random_matched,1.0,50,42,random_k,4,5000,0,0
patchy_high,32,5,2750,random_matched,1.0,50,42,random_k,4,5000,0,0
patchy_high,32,5,2800,random_matched,1.0,50,42,random_k,4,5000,0,0
patchy_high,32,5,2850,random_matched,1.0,50,42,random_k,4,5000,0,0
patchy_high,32,5,2900,random_matched,1.0,50,42,random_k,4,5000,1,1
patchy_high,32,5,2950,random_matched,1.0,50,42,random_k,4,5000,0,0
patchy_high,32,5,3000,random_matched,1.0,50,42,random_k,4,5000,0,0
patchy_high,32,5,3050,random_matched,1.0,50,42,random_k,4,5000,0,0
patchy_high,32,5,3100,random_matched,1.0,50,42,random_k,4,5000,0,0
patchy_high,32,5,3150,random_matched,1.0,50,42,random_k,4,5000,0,0
patchy_high,32,5,3200,random_matched,1.0,50,42,random_k,4,5000,0,0
patchy_high,32,5,3250,random_matched,1.0,50,42,random_k,4,5000,0,0
patchy_high,32,5,3300,random_matched,1.0,50,42,random_k,4,5000,0,0
patchy_high,32,5,3350,random_matched,1.0,50,42,random_k,4,5000,0,0
patchy_high,32,5,3400,random_matched,1.0,50,42,random_k,4,5000,0,0
patchy_high,32,5,3450,random_matched,1.0,50,42,random_k,4,5000,0,0
patchy_high,32,5,3500,random_matched,1.0,50,42,random_k,4,5000,0,0
patchy_high,32,5,3550,random_matched,1.0,50,42,random_k,4,5000,0,0
patchy_high,32,5,3600,random_matched,1.0,50,42,random_k,4,5000,1,1
patchy_high,32,5,3650,random_matched,1.0,50,42,random_k,4,5000,0,0
patchy_high,32,5,3700,random_matched,1.0,50,42,random_k,4,5000,0,0
patchy_high,32,5,3750,random_matched,1.0,50,42,random_k,4,5000,0,0
patchy_high,32,5,3800,random_matched,1.0,50,42,random_k,4,5000,0,0
patchy_high,32,5,3850,random_matched,1.0,50,42,random_k,4,5000,0,0
patchy_high,32,5,3900,random_matched,1.0,50,42,random_k,4,5000,0,0
patchy_high,32,5,3950,random_matched,1.0,50,42,random_k,4,5000,0,0
patchy_high,32,5,4000,random_matched,1.0,50,42,random_k,4,5000,0,0
patchy_high,32,5,4050,random_matched,1.0,50,42,random_k,4,5000,0,0
patchy_high,32,5,4100,random_matched,1.0,50,42,random_k,4,5000,0,0
patchy_high,32,5,4150,random_matched,1.0,50,42,random_k,4,5000,0,0
patchy_high,32,5,4200,random_matched,1.0,50,42,random_k,4,5000,0,0
patchy_high,32,5,4250,random_matched,1.0,50,42,random_k,4,5000,0,0
patchy_high,32,5,4300,random_matched,1.0,50,42,random_k,4,5000,0,0
patchy_high,32,5,4350,random_matched,1.0,50,42,random_k,4,5000,0,0
patchy_high,32,5,4400,random_matched,1.0,50,42,random_k,4,5000,0,0
patchy_high,32,5,4450,random_matched,1.0,50,42,random_k,4,5000,0,0
patchy_high,32,5,4500,random_matched,1.0,50,42,random_k,4,5000,0,0
patchy_high,32,5,4550,random_matched,1.0,50,42,random_k,4,5000,0,0
patchy_high,32,5,4600,random_matched,1.0,50,42,random_k,4,5000,0,0
patchy_high,32,5,4650,random_matched,1.0,50,42,random_k,4,5000,0,0
patchy_high,32,5,4700,random_matched,1.0,50,42,random_k,4,5000,0,0
patchy_high,32,5,4750,random_matched,1.0,50,42,random_k,4,5000,0,0
patchy_high,32,5,4800,random_matched,1.0,50,42,random_k,4,5000,1,1
patchy_high,32,5,4850,random_matched,1.0,50,42,random_k,4,5000,0,0
patchy_high,32,5,4900,random_matched,1.0,50,42,random_k,4,5000,0,0
patchy_high,32,5,4950,random_matched,1.0,50,42,random_k,4,5000,0,0
patchy_high,32,5,5000,random_matched,1.0,50,42,random_k,4,5000,0,0
patchy_high,64,5,50,random_matched,1.0,50,42,random_k,4,5000,4,4
patchy_high,64,5,100,random_matched,1.0,50,42,random_k,4,5000,1,1
patchy_high,64,5,150,random_matched,1.0,50,42,random_k,4,5000,2,2
patchy_high,64,5,200,random_matched,1.0,50,42,random_k,4,5000,1,1
patchy_high,64,5,250,random_matched,1.0,50,42,random_k,4,5000,0,0
patchy_high,64,5,300,random_matched,1.0,50,42,random_k,4,5000,1,1
patchy_high,64,5,350,random_matched,1.0,50,42,random_k,4,5000,0,0
patchy_high,64,5,400,random_matched,1.0,50,42,random_k,4,5000,1,1
patchy_high,64,5,450,random_matched,1.0,50,42,random_k,4,5000,1,1
patchy_high,64,5,500,random_matched,1.0,50,42,random_k,4,5000,2,2
patchy_high,64,5,550,random_matched,1.0,50,42,random_k,4,5000,3,3
patchy_high,64,5,600,random_matched,1.0,50,42,random_k,4,5000,5,5
patchy_high,64,5,650,random_matched,1.0,50,42,random_k,4,5000,2,2
patchy_high,64,5,700,random_matched,1.0,50,42,random_k,4,5000,1,1
patchy_high,64,5,750,random_matched,1.0,50,42,random_k,4,5000,1,1
patchy_high,64,5,800,random_matched,1.0,50,42,random_k,4,5000,1,1
patchy_high,64,5,850,random_matched,1.0,50,42,random_k,4,5000,1,1
patchy_high,64,5,900,random_matched,1.0,50,42,random_k,4,5000,2,2
patchy_high,64,5,950,random_matched,1.0,50,42,random_k,4,5000,1,1
patchy_high,64,5,1000,random_matched,1.0,50,42,random_k,4,5000,1,1
patchy_high,64,5,1050,random_matched,1.0,50,42,random_k,4,5000,0,0
patchy_high,64,5,1100,random_matched,1.0,50,42,random_k,4,5000,2,2
patchy_high,64,5,1150,random_matched,1.0,50,42,random_k,4,5000,3,3
patchy_high,64,5,1200,random_matched,1.0,50,42,random_k,4,5000,1,1
patchy_high,64,5,1250,random_matched,1.0,50,42,random_k,4,5000,5,5
patchy_high,64,5,1300,random_matched,1.0,50,42,random_k,4,5000,0,0
patchy_high,64,5,1350,random_matched,1.0,50,42,random_k,4,5000,0,0
patchy_high,64,5,1400,random_matched,1.0,50,42,random_k,4,5000,2,2
patchy_high,64,5,1450,random_matched,1.0,50,42,random_k,4,5000,2,2
patchy_high,64,5,1500,random_matched,1.0,50,42,random_k,4,5000,3,3
patchy_high,64,5,1550,random_matched,1.0,50,42,random_k,4,5000,1,1
patchy_high,64,5,1600,random_matched,1.0,50,42,random_k,4,5000,8,8
patchy_high,64,5,1650,random_matched,1.0,50,42,random_k,4,5000,2,2
patchy_high,64,5,1700,random_matched,1.0,50,42,random_k,4,5000,0,0
patchy_high,64,5,1750,random_matched,1.0,50,42,random_k,4,5000,3,3
patchy_high,64,5,1800,random_matched,1.0,50,42,random_k,4,5000,3,3
patchy_high,64,5,1850,random_matched,1.0,50,42,random_k,4,5000,3,3
patchy_high,64,5,1900,random_matched,1.0,50,42,random_k,4,5000,3,3
patchy_high,64,5,1950,random_matched,1.0,50,42,random_k,4,5000,5,5
patchy_high,64,5,2000,random_matched,1.0,50,42,random_k,4,5000,2,2
patchy_high,64,5,2050,random_matched,1.0,50,42,random_k,4,5000,2,2
patchy_high,64,5,2100,random_matched,1.0,50,42,random_k,4,5000,5,5
patchy_high,64,5,2150,random_matched,1.0,50,42,random_k,4,5000,0,0
patchy_high,64,5,2200,random_matched,1.0,50,42,random_k,4,5000,1,1
patchy_high,64,5,2250,random_matched,1.0,50,42,random_k,4,5000,5,5
patchy_high,64,5,2300,random_matched,1.0,50,42,random_k,4,5000,4,4
patchy_high,64,5,2350,random_matched,1.0,50,42,random_k,4,5000,0,0
patchy_high,64,5,2400,random_matched,1.0,50,42,random_k,4,5000,2,2
patchy_high,64,5,2450,random_matched,1.0,50,42,random_k,4,5000,2,2
patchy_high,64,5,2500,random_matched,1.0,50,42,random_k,4,5000,0,0
patchy_high,64,5,2550,random_matched,1.0,50,42,random_k,4,5000,0,0
patchy_high,64,5,2600,random_matched,1.0,50,42,random_k,4,5000,0,0
patchy_high,64,5,2650,random_matched,1.0,50,42,random_k,4,5000,1,1
patchy_high,64,5,2700,random_matched,1.0,50,42,random_k,4,5000,1,1
patchy_high,64,5,2750,random_matched,1.0,50,42,random_k,4,5000,2,2
patchy_high,64,5,2800,random_matched,1.0,50,42,random_k,4,5000,1,1
patchy_high,64,5,2850,random_matched,1.0,50,42,random_k,4,5000,0,0
patchy_high,64,5,2900,random_matched,1.0,50,42,random_k,4,5000,2,2
patchy_high,64,5,2950,random_matched,1.0,50,42,random_k,4,5000,0,0
patchy_high,64,5,3000,random_matched,1.0,50,42,random_k,4,5000,3,3
patchy_high,64,5,3050,random_matched,1.0,50,42,random_k,4,5000,1,1
patchy_high,64,5,3100,random_matched,1.0,50,42,random_k,4,5000,3,3
patchy_high,64,5,3150,random_matched,1.0,50,42,random_k,4,5000,0,0
patchy_high,64,5,3200,random_matched,1.0,50,42,random_k,4,5000,2,2
patchy_high,64,5,3250,random_matched,1.0,50,42,random_k,4,5000,2,2
patchy_high,64,5,3300,random_matched,1.0,50,42,random_k,4,5000,0,0
patchy_high,64,5,3350,random_matched,1.0,50,42,random_k,4,5000,0,0
patchy_high,64,5,3400,random_matched,1.0,50,42,random_k,4,5000,2,2
patchy_high,64,5,3450,random_matched,1.0,50,42,random_k,4,5000,0,0
patchy_high,64,5,3500,random_matched,1.0,50,42,random_k,4,5000,2,2
patchy_high,64,5,3550,random_matched,1.0,50,42,random_k,4,5000,2,2
patchy_high,64,5,3600,random_matched,1.0,50,42,random_k,4,5000,3,3
patchy_high,64,5,3650,random_matched,1.0,50,42,random_k,4,5000,0,0
patchy_high,64,5,3700,random_matched,1.0,50,42,random_k,4,5000,0,0
patchy_high,64,5,3750,random_matched,1.0,50,42,random_k,4,5000,0,0
patchy_high,64,5,3800,random_matched,1.0,50,42,random_k,4,5000,0,0
patchy_high,64,5,3850,random_matched,1.0,50,42,random_k,4,5000,0,0
patchy_high,64,5,3900,random_matched,1.0,50,42,random_k,4,5000,0,0
patchy_high,64,5,3950,random_matched,1.0,50,42,random_k,4,5000,2,2
patchy_high,64,5,4000,random_matched,1.0,50,42,random_k,4,5000,0,0
patchy_high,64,5,4050,random_matched,1.0,50,42,random_k,4,5000,0,0
patchy_high,64,5,4100,random_matched,1.0,50,42,random_k,4,5000,2,2
patchy_high,64,5,4150,random_matched,1.0,50,42,random_k,4,5000,2,2
patchy_high,64,5,4200,random_matched,1.0,50,42,random_k,4,5000,1,1
patchy_high,64,5,4250,random_matched,1.0,50,42,random_k,4,5000,0,0
patchy_high,64,5,4300,random_matched,1.0,50,42,random_k,4,5000,1,1
patchy_high,64,5,4350,random_matched,1.0,50,42,random_k,4,5000,2,2
patchy_high,64,5,4400,random_matched,1.0,50,42,random_k,4,5000,0,0
patchy_high,64,5,4450,random_matched,1.0,50,42,random_k,4,5000,0,0
patchy_high,64,5,4500,random_matched,1.0,50,42,random_k,4,5000,2,2
patchy_high,64,5,4550,random_matched,1.0,50,42,random_k,4,5000,0,0
patchy_high,64,5,4600,random_matched,1.0,50,42,random_k,4,5000,1,1
patchy_high,64,5,4650,random_matched,1.0,50,42,random_k,4,5000,0,0
patchy_high,64,5,4700,random_matched,1.0,50,42,random_k,4,5000,0,0
patchy_high,64,5,4750,random_matched,1.0,50,42,random_k,4,5000,1,1
patchy_high,64,5,4800,random_matched,1.0,50,42,random_k,4,5000,0,0
patchy_high,64,5,4850,random_matched,1.0,50,42,random_k,4,5000,0,0
patchy_high,64,5,4900,random_matched,1.0,50,42,random_k,4,5000,0,0
patchy_high,64,5,4950,random_matched,1.0,50,42,random_k,4,5000,1,1
patchy_high,64,5,5000,random_matched,1.0,50,42,random_k,4,5000,2,2
split_high_low,32,5,50,random_matched,1.0,50,42,random_k,4,5000,0,0
split_high_low,32,5,100,random_matched,1.0,50,42,random_k,4,5000,0,0
split_high_low,32,5,150,random_matched,1.0,50,42,random_k,4,5000,0,0
split_high_low,32,5,200,random_matched,1.0,50,42,random_k,4,5000,0,0
split_high_low,32,5,250,random_matched,1.0,50,42,random_k,4,5000,2,2
split_high_low,32,5,300,random_matched,1.0,50,42,random_k,4,5000,2,2
split_high_low,32,5,350,random_matched,1.0,50,42,random_k,4,5000,0,0
split_high_low,32,5,400,random_matched,1.0,50,42,random_k,4,5000,0,0
split_high_low,32,5,450,random_matched,1.0,50,42,random_k,4,5000,0,0
split_high_low,32,5,500,random_matched,1.0,50,42,random_k,4,5000,0,0
split_high_low,32,5,550,random_matched,1.0,50,42,random_k,4,5000,1,1
split_high_low,32,5,600,random_matched,1.0,50,42,random_k,4,5000,0,0
split_high_low,32,5,650,random_matched,1.0,50,42,random_k,4,5000,0,0
split_high_low,32,5,700,random_matched,1.0,50,42,random_k,4,5000,0,0
split_high_low,32,5,750,random_matched,1.0,50,42,random_k,4,5000,0,0
split_high_low,32,5,800,random_matched,1.0,50,42,random_k,4,5000,0,0
split_high_low,32,5,850,random_matched,1.0,50,42,random_k,4,5000,2,2
split_high_low,32,5,900,random_matched,1.0,50,42,random_k,4,5000,0,0
split_high_low,32,5,950,random_matched,1.0,50,42,random_k,4,5000,0,0
split_high_low,32,5,1000,random_matched,1.0,50,42,random_k,4,5000,2,2
split_high_low,32,5,1050,random_matched,1.0,50,42,random_k,4,5000,0,0
split_high_low,32,5,1100,random_matched,1.0,50,42,random_k,4,5000,1,1
split_high_low,32,5,1150,random_matched,1.0,50,42,random_k,4,5000,0,0
split_high_low,32,5,1200,random_matched,1.0,50,42,random_k,4,5000,1,1
split_high_low,32,5,1250,random_matched,1.0,50,42,random_k,4,5000,0,0
split_high_low,32,5,1300,random_matched,1.0,50,42,random_k,4,5000,3,3
split_high_low,32,5,1350,random_matched,1.0,50,42,random_k,4,5000,1,1
split_high_low,32,5,1400,random_matched,1.0,50,42,random_k,4,5000,0,0
split_high_low,32,5,1450,random_matched,1.0,50,42,random_k,4,5000,0,0
split_high_low,32,5,1500,random_matched,1.0,50,42,random_k,4,5000,0,0
split_high_low,32,5,1550,random_matched,1.0,50,42,random_k,4,5000,0,0
split_high_low,32,5,1600,random_matched,1.0,50,42,random_k,4,5000,0,0
split_high_low,32,5,1650,random_matched,1.0,50,42,random_k,4,5000,0,0
split_high_low,32,5,1700,random_matched,1.0,50,42,random_k,4,5000,2,2
split_high_low,32,5,1750,random_matched,1.0,50,42,random_k,4,5000,0,0
split_high_low,32,5,1800,random_matched,1.0,50,42,random_k,4,5000,1,1
split_high_low,32,5,1850,random_matched,1.0,50,42,random_k,4,5000,0,0
split_high_low,32,5,1900,random_matched,1.0,50,42,random_k,4,5000,0,0
split_high_low,32,5,1950,random_matched,1.0,50,42,random_k,4,5000,1,1
split_high_low,32,5,2000,random_matched,1.0,50,42,random_k,4,5000,0,0
split_high_low,32,5,2050,random_matched,1.0,50,42,random_k,4,5000,0,0
split_high_low,32,5,2100,random_matched,1.0,50,42,random_k,4,5000,0,0
split_high_low,32,5,2150,random_matched,1.0,50,42,random_k,4,5000,1,1
split_high_low,32,5,2200,random_matched,1.0,50,42,random_k,4,5000,0,0
split_high_low,32,5,2250,random_matched,1.0,50,42,random_k,4,5000,0,0
split_high_low,32,5,2300,random_matched,1.0,50,42,random_k,4,5000,0,0
split_high_low,32,5,2350,random_matched,1.0,50,42,random_k,4,5000,0,0
split_high_low,32,5,2400,random_matched,1.0,50,42,random_k,4,5000,0,0
split_high_low,32,5,2450,random_matched,1.0,50,42,random_k,4,5000,0,0
split_high_low,32,5,2500,random_matched,1.0,50,42,random_k,4,5000,0,0
split_high_low,32,5,2550,random_matched,1.0,50,42,random_k,4,5000,0,0
split_high_low,32,5,2600,random_matched,1.0,50,42,random_k,4,5000,0,0
split_high_low,32,5,2650,random_matched,1.0,50,42,random_k,4,5000,0,0
split_high_low,32,5,2700,random_matched,1.0,50,42,random_k,4,5000,0,0
split_high_low,32,5,2750,random_matched,1.0,50,42,random_k,4,5000,0,0
split_high_low,32,5,2800,random_matched,1.0,50,42,random_k,4,5000,1,1
split_high_low,32,5,2850,random_matched,1.0,50,42,random_k,4,5000,0,0
split_high_low,32,5,2900,random_matched,1.0,50,42,random_k,4,5000,0,0
split_high_low,32,5,2950,random_matched,1.0,50,42,random_k,4,5000,0,0
split_high_low,32,5,3000,random_matched,1.0,50,42,random_k,4,5000,0,0
split_high_low,32,5,3050,random_matched,1.0,50,42,random_k,4,5000,0,0
split_high_low,32,5,3100,random_matched,1.0,50,42,random_k,4,5000,1,1
split_high_low,32,5,3150,random_matched,1.0,50,42,random_k,4,5000,0,0
split_high_low,32,5,3200,random_matched,1.0,50,42,random_k,4,5000,0,0
split_high_low,32,5,3250,random_matched,1.0,50,42,random_k,4,5000,0,0
split_high_low,32,5,3300,random_matched,1.0,50,42,random_k,4,5000,0,0
split_high_low,32,5,3350,random_matched,1.0,50,42,random_k,4,5000,0,0
split_high_low,32,5,3400,random_matched,1.0,50,42,random_k,4,5000,0,0
split_high_low,32,5,3450,random_matched,1.0,50,42,random_k,4,5000,1,1
split_high_low,32,5,3500,random_matched,1.0,50,42,random_k,4,5000,0,0
split_high_low,32,5,3550,random_matched,1.0,50,42,random_k,4,5000,0,0
split_high_low,32,5,3600,random_matched,1.0,50,42,random_k,4,5000,0,0
split_high_low,32,5,3650,random_matched,1.0,50,42,random_k,4,5000,0,0
split_high_low,32,5,3700,random_matched,1.0,50,42,random_k,4,5000,0,0
split_high_low,32,5,3750,random_matched,1.0,50,42,random_k,4,5000,0,0
split_high_low,32,5,3800,random_matched,1.0,50,42,random_k,4,5000,0,0
split_high_low,32,5,3850,random_matched,1.0,50,42,random_k,4,5000,0,0
split_high_low,32,5,3900,random_matched,1.0,50,42,random_k,4,5000,1,1
split_high_low,32,5,3950,random_matched,1.0,50,42,random_k,4,5000,0,0
split_high_low,32,5,4000,random_matched,1.0,50,42,random_k,4,5000,0,0
split_high_low,32,5,4050,random_matched,1.0,50,42,random_k,4,5000,0,0
split_high_low,32,5,4100,random_matched,1.0,50,42,random_k,4,5000,1,1
split_high_low,32,5,4150,random_matched,1.0,50,42,random_k,4,5000,1,1
split_high_low,32,5,4200,random_matched,1.0,50,42,random_k,4,5000,0,0
split_high_low,32,5,4250,random_matched,1.0,50,42,random_k,4,5000,0,0
split_high_low,32,5,4300,random_matched,1.0,50,42,random_k,4,5000,0,0
split_high_low,32,5,4350,random_matched,1.0,50,42,random_k,4,5000,0,0
split_high_low,32,5,4400,random_matched,1.0,50,42,random_k,4,5000,0,0
split_high_low,32,5,4450,random_matched,1.0,50,42,random_k,4,5000,0,0
split_high_low,32,5,4500,random_matched,1.0,50,42,random_k,4,5000,0,0
split_high_low,32,5,4550,random_matched,1.0,50,42,random_k,4,5000,0,0
split_high_low,32,5,4600,random_matched,1.0,50,42,random_k,4,5000,0,0
split_high_low,32,5,4650,random_matched,1.0,50,42,random_k,4,5000,0,0
split_high_low,32,5,4700,random_matched,1.0,50,42,random_k,4,5000,0,0
split_high_low,32,5,4750,random_matched,1.0,50,42,random_k,4,5000,1,1
split_high_low,32,5,4800,random_matched,1.0,50,42,random_k,4,5000,0,0
split_high_low,32,5,4850,random_matched,1.0,50,42,random_k,4,5000,0,0
split_high_low,32,5,4900,random_matched,1.0,50,42,random_k,4,5000,0,0
split_high_low,32,5,4950,random_matched,1.0,50,42,random_k,4,5000,0,0
split_high_low,32,5,5000,random_matched,1.0,50,42,random_k,4,5000,0,0
split_high_low,64,5,50,random_matched,1.0,50,42,random_k,4,5000,4,4
split_high_low,64,5,100,random_matched,1.0,50,42,random_k,4,5000,1,1
split_high_low,64,5,150,random_matched,1.0,50,42,random_k,4,5000,3,3
split_high_low,64,5,200,random_matched,1.0,50,42,random_k,4,5000,0,0
split_high_low,64,5,250,random_matched,1.0,50,42,random_k,4,5000,0,0
split_high_low,64,5,300,random_matched,1.0,50,42,random_k,4,5000,1,1
split_high_low,64,5,350,random_matched,1.0,50,42,random_k,4,5000,1,1
split_high_low,64,5,400,random_matched,1.0,50,42,random_k,4,5000,1,1
split_high_low,64,5,450,random_matched,1.0,50,42,random_k,4,5000,2,2
split_high_low,64,5,500,random_matched,1.0,50,42,random_k,4,5000,2,2
split_high_low,64,5,550,random_matched,1.0,50,42,random_k,4,5000,6,6
split_high_low,64,5,600,random_matched,1.0,50,42,random_k,4,5000,1,1
split_high_low,64,5,650,random_matched,1.0,50,42,random_k,4,5000,1,1
split_high_low,64,5,700,random_matched,1.0,50,42,random_k,4,5000,2,2
split_high_low,64,5,750,random_matched,1.0,50,42,random_k,4,5000,0,0
split_high_low,64,5,800,random_matched,1.0,50,42,random_k,4,5000,1,1
split_high_low,64,5,850,random_matched,1.0,50,42,random_k,4,5000,3,3
split_high_low,64,5,900,random_matched,1.0,50,42,random_k,4,5000,0,0
split_high_low,64,5,950,random_matched,1.0,50,42,random_k,4,5000,2,2
split_high_low,64,5,1000,random_matched,1.0,50,42,random_k,4,5000,0,0
split_high_low,64,5,1050,random_matched,1.0,50,42,random_k,4,5000,2,2
split_high_low,64,5,1100,random_matched,1.0,50,42,random_k,4,5000,2,2
split_high_low,64,5,1150,random_matched,1.0,50,42,random_k,4,5000,1,1
split_high_low,64,5,1200,random_matched,1.0,50,42,random_k,4,5000,1,1
split_high_low,64,5,1250,random_matched,1.0,50,42,random_k,4,5000,3,3
split_high_low,64,5,1300,random_matched,1.0,50,42,random_k,4,5000,2,2
split_high_low,64,5,1350,random_matched,1.0,50,42,random_k,4,5000,0,0
split_high_low,64,5,1400,random_matched,1.0,50,42,random_k,4,5000,2,2
split_high_low,64,5,1450,random_matched,1.0,50,42,random_k,4,5000,1,1
split_high_low,64,5,1500,random_matched,1.0,50,42,random_k,4,5000,4,4
split_high_low,64,5,1550,random_matched,1.0,50,42,random_k,4,5000,1,1
split_high_low,64,5,1600,random_matched,1.0,50,42,random_k,4,5000,4,4
split_high_low,64,5,1650,random_matched,1.0,50,42,random_k,4,5000,5,5
split_high_low,64,5,1700,random_matched,1.0,50,42,random_k,4,5000,1,1
split_high_low,64,5,1750,random_matched,1.0,50,42,random_k,4,5000,1,1
split_high_low,64,5,1800,random_matched,1.0,50,42,random_k,4,5000,2,2
split_high_low,64,5,1850,random_matched,1.0,50,42,random_k,4,5000,0,0
split_high_low,64,5,1900,random_matched,1.0,50,42,random_k,4,5000,3,3
split_high_low,64,5,1950,random_matched,1.0,50,42,random_k,4,5000,5,5
split_high_low,64,5,2000,random_matched,1.0,50,42,random_k,4,5000,3,3
split_high_low,64,5,2050,random_matched,1.0,50,42,random_k,4,5000,3,3
split_high_low,64,5,2100,random_matched,1.0,50,42,random_k,4,5000,2,2
split_high_low,64,5,2150,random_matched,1.0,50,42,random_k,4,5000,5,5
split_high_low,64,5,2200,random_matched,1.0,50,42,random_k,4,5000,2,2
split_high_low,64,5,2250,random_matched,1.0,50,42,random_k,4,5000,1,1
split_high_low,64,5,2300,random_matched,1.0,50,42,random_k,4,5000,2,2
split_high_low,64,5,2350,random_matched,1.0,50,42,random_k,4,5000,4,4
split_high_low,64,5,2400,random_matched,1.0,50,42,random_k,4,5000,2,2
split_high_low,64,5,2450,random_matched,1.0,50,42,random_k,4,5000,1,1
split_high_low,64,5,2500,random_matched,1.0,50,42,random_k,4,5000,2,2
split_high_low,64,5,2550,random_matched,1.0,50,42,random_k,4,5000,2,2
split_high_low,64,5,2600,random_matched,1.0,50,42,random_k,4,5000,0,0
split_high_low,64,5,2650,random_matched,1.0,50,42,random_k,4,5000,0,0
split_high_low,64,5,2700,random_matched,1.0,50,42,random_k,4,5000,0,0
split_high_low,64,5,2750,random_matched,1.0,50,42,random_k,4,5000,1,1
split_high_low,64,5,2800,random_matched,1.0,50,42,random_k,4,5000,2,2
split_high_low,64,5,2850,random_matched,1.0,50,42,random_k,4,5000,2,2
split_high_low,64,5,2900,random_matched,1.0,50,42,random_k,4,5000,0,0
split_high_low,64,5,2950,random_matched,1.0,50,42,random_k,4,5000,2,2
split_high_low,64,5,3000,random_matched,1.0,50,42,random_k,4,5000,1,1
split_high_low,64,5,3050,random_matched,1.0,50,42,random_k,4,5000,2,2
split_high_low,64,5,3100,random_matched,1.0,50,42,random_k,4,5000,3,3
split_high_low,64,5,3150,random_matched,1.0,50,42,random_k,4,5000,1,1
split_high_low,64,5,3200,random_matched,1.0,50,42,random_k,4,5000,2,2
split_high_low,64,5,3250,random_matched,1.0,50,42,random_k,4,5000,2,2
split_high_low,64,5,3300,random_matched,1.0,50,42,random_k,4,5000,0,0
split_high_low,64,5,3350,random_matched,1.0,50,42,random_k,4,5000,0,0
split_high_low,64,5,3400,random_matched,1.0,50,42,random_k,4,5000,0,0
split_high_low,64,5,3450,random_matched,1.0,50,42,random_k,4,5000,2,2
split_high_low,64,5,3500,random_matched,1.0,50,42,random_k,4,5000,1,1
split_high_low,64,5,3550,random_matched,1.0,50,42,random_k,4,5000,1,1
split_high_low,64,5,3600,random_matched,1.0,50,42,random_k,4,5000,2,2
split_high_low,64,5,3650,random_matched,1.0,50,42,random_k,4,5000,1,1
split_high_low,64,5,3700,random_matched,1.0,50,42,random_k,4,5000,2,2
split_high_low,64,5,3750,random_matched,1.0,50,42,random_k,4,5000,0,0
split_high_low,64,5,3800,random_matched,1.0,50,42,random_k,4,5000,0,0
split_high_low,64,5,3850,random_matched,1.0,50,42,random_k,4,5000,0,0
split_high_low,64,5,3900,random_matched,1.0,50,42,random_k,4,5000,0,0
split_high_low,64,5,3950,random_matched,1.0,50,42,random_k,4,5000,1,1
split_high_low,64,5,4000,random_matched,1.0,50,42,random_k,4,5000,1,1
split_high_low,64,5,4050,random_matched,1.0,50,42,random_k,4,5000,0,0
split_high_low,64,5,4100,random_matched,1.0,50,42,random_k,4,5000,0,0
split_high_low,64,5,4150,random_matched,1.0,50,42,random_k,4,5000,2,2
split_high_low,64,5,4200,random_matched,1.0,50,42,random_k,4,5000,2,2
split_high_low,64,5,4250,random_matched,1.0,50,42,random_k,4,5000,0,0
split_high_low,64,5,4300,random_matched,1.0,50,42,random_k,4,5000,1,1
split_high_low,64,5,4350,random_matched,1.0,50,42,random_k,4,5000,0,0
split_high_low,64,5,4400,random_matched,1.0,50,42,random_k,4,5000,1,1
split_high_low,64,5,4450,random_matched,1.0,50,42,random_k,4,5000,1,1
split_high_low,64,5,4500,random_matched,1.0,50,42,random_k,4,5000,1,1
split_high_low,64,5,4550,random_matched,1.0,50,42,random_k,4,5000,0,0
split_high_low,64,5,4600,random_matched,1.0,50,42,random_k,4,5000,0,0
split_high_low,64,5,4650,random_matched,1.0,50,42,random_k,4,5000,1,1
split_high_low,64,5,4700,random_matched,1.0,50,42,random_k,4,5000,0,0
split_high_low,64,5,4750,random_matched,1.0,50,42,random_k,4,5000,1,1
split_high_low,64,5,4800,random_matched,1.0,50,42,random_k,4,5000,0,0
split_high_low,64,5,4850,random_matched,1.0,50,42,random_k,4,5000,1,1
split_high_low,64,5,4900,random_matched,1.0,50,42,random_k,4,5000,0,0
split_high_low,64,5,4950,random_matched,1.0,50,42,random_k,4,5000,1,1
split_high_low,64,5,5000,random_matched,1.0,50,42,random_k,4,5000,0,0
uniform_high,32,6,50,random_matched,1.0,50,42,random_k,4,5000,0,0
uniform_high,32,6,100,random_matched,1.0,50,42,random_k,4,5000,1,1
uniform_high,32,6,150,random_matched,1.0,50,42,random_k,4,5000,0,0
uniform_high,32,6,200,random_matched,1.0,50,42,random_k,4,5000,1,1
uniform_high,32,6,250,random_matched,1.0,50,42,random_k,4,5000,1,1
uniform_high,32,6,300,random_matched,1.0,50,42,random_k,4,5000,1,1
uniform_high,32,6,350,random_matched,1.0,50,42,random_k,4,5000,1,1
uniform_high,32,6,400,random_matched,1.0,50,42,random_k,4,5000,1,1
uniform_high,32,6,450,random_matched,1.0,50,42,random_k,4,5000,2,2
uniform_high,32,6,500,random_matched,1.0,50,42,random_k,4,5000,0,0
uniform_high,32,6,550,random_matched,1.0,50,42,random_k,4,5000,0,0
uniform_high,32,6,600,random_matched,1.0,50,42,random_k,4,5000,0,0
uniform_high,32,6,650,random_matched,1.0,50,42,random_k,4,5000,0,0
uniform_high,32,6,700,random_matched,1.0,50,42,random_k,4,5000,2,2
uniform_high,32,6,750,random_matched,1.0,50,42,random_k,4,5000,1,1
uniform_high,32,6,800,random_matched,1.0,50,42,random_k,4,5000,2,2
uniform_high,32,6,850,random_matched,1.0,50,42,random_k,4,5000,1,1
uniform_high,32,6,900,random_matched,1.0,50,42,random_k,4,5000,0,0
uniform_high,32,6,950,random_matched,1.0,50,42,random_k,4,5000,1,1
uniform_high,32,6,1000,random_matched,1.0,50,42,random_k,4,5000,0,0
uniform_high,32,6,1050,random_matched,1.0,50,42,random_k,4,5000,0,0
uniform_high,32,6,1100,random_matched,1.0,50,42,random_k,4,5000,0,0
uniform_high,32,6,1150,random_matched,1.0,50,42,random_k,4,5000,2,2
uniform_high,32,6,1200,random_matched,1.0,50,42,random_k,4,5000,2,2
uniform_high,32,6,1250,random_matched,1.0,50,42,random_k,4,5000,1,1
uniform_high,32,6,1300,random_matched,1.0,50,42,random_k,4,5000,0,0
uniform_high,32,6,1350,random_matched,1.0,50,42,random_k,4,5000,2,2
uniform_high,32,6,1400,random_matched,1.0,50,42,random_k,4,5000,1,1
uniform_high,32,6,1450,random_matched,1.0,50,42,random_k,4,5000,0,0
uniform_high,32,6,1500,random_matched,1.0,50,42,random_k,4,5000,0,0
uniform_high,32,6,1550,random_matched,1.0,50,42,random_k,4,5000,0,0
uniform_high,32,6,1600,random_matched,1.0,50,42,random_k,4,5000,1,1
uniform_high,32,6,1650,random_matched,1.0,50,42,random_k,4,5000,0,0
uniform_high,32,6,1700,random_matched,1.0,50,42,random_k,4,5000,0,0
uniform_high,32,6,1750,random_matched,1.0,50,42,random_k,4,5000,2,2
uniform_high,32,6,1800,random_matched,1.0,50,42,random_k,4,5000,2,2
uniform_high,32,6,1850,random_matched,1.0,50,42,random_k,4,5000,0,0
uniform_high,32,6,1900,random_matched,1.0,50,42,random_k,4,5000,1,1
uniform_high,32,6,1950,random_matched,1.0,50,42,random_k,4,5000,0,0
uniform_high,32,6,2000,random_matched,1.0,50,42,random_k,4,5000,0,0
uniform_high,32,6,2050,random_matched,1.0,50,42,random_k,4,5000,0,0
uniform_high,32,6,2100,random_matched,1.0,50,42,random_k,4,5000,0,0
uniform_high,32,6,2150,random_matched,1.0,50,42,random_k,4,5000,0,0
uniform_high,32,6,2200,random_matched,1.0,50,42,random_k,4,5000,0,0
uniform_high,32,6,2250,random_matched,1.0,50,42,random_k,4,5000,0,0
uniform_high,32,6,2300,random_matched,1.0,50,42,random_k,4,5000,0,0
uniform_high,32,6,2350,random_matched,1.0,50,42,random_k,4,5000,0,0
uniform_high,32,6,2400,random_matched,1.0,50,42,random_k,4,5000,0,0
uniform_high,32,6,2450,random_matched,1.0,50,42,random_k,4,5000,1,1
uniform_high,32,6,2500,random_matched,1.0,50,42,random_k,4,5000,1,1
uniform_high,32,6,2550,random_matched,1.0,50,42,random_k,4,5000,0,0
uniform_high,32,6,2600,random_matched,1.0,50,42,random_k,4,5000,1,1
uniform_high,32,6,2650,random_matched,1.0,50,42,random_k,4,5000,0,0
uniform_high,32,6,2700,random_matched,1.0,50,42,random_k,4,5000,0,0
uniform_high,32,6,2750,random_matched,1.0,50,42,random_k,4,5000,0,0
uniform_high,32,6,2800,random_matched,1.0,50,42,random_k,4,5000,0,0
uniform_high,32,6,2850,random_matched,1.0,50,42,random_k,4,5000,0,0
uniform_high,32,6,2900,random_matched,1.0,50,42,random_k,4,5000,0,0
uniform_high,32,6,2950,random_matched,1.0,50,42,random_k,4,5000,0,0
uniform_high,32,6,3000,random_matched,1.0,50,42,random_k,4,5000,0,0
uniform_high,32,6,3050,random_matched,1.0,50,42,random_k,4,5000,0,0
uniform_high,32,6,3100,random_matched,1.0,50,42,random_k,4,5000,0,0
uniform_high,32,6,3150,random_matched,1.0,50,42,random_k,4,5000,0,0
uniform_high,32,6,3200,random_matched,1.0,50,42,random_k,4,5000,0,0
uniform_high,32,6,3250,random_matched,1.0,50,42,random_k,4,5000,0,0
uniform_high,32,6,3300,random_matched,1.0,50,42,random_k,4,5000,0,0
uniform_high,32,6,3350,random_matched,1.0,50,42,random_k,4,5000,0,0
uniform_high,32,6,3400,random_matched,1.0,50,42,random_k,4,5000,0,0
uniform_high,32,6,3450,random_matched,1.0,50,42,random_k,4,5000,0,0
uniform_high,32,6,3500,random_matched,1.0,50,42,random_k,4,5000,0,0
uniform_high,32,6,3550,random_matched,1.0,50,42,random_k,4,5000,0,0
uniform_high,32,6,3600,random_matched,1.0,50,42,random_k,4,5000,0,0
uniform_high,32,6,3650,random_matched,1.0,50,42,random_k,4,5000,0,0
uniform_high,32,6,3700,random_matched,1.0,50,42,random_k,4,5000,0,0
uniform_high,32,6,3750,random_matched,1.0,50,42,random_k,4,5000,1,1
uniform_high,32,6,3800,random_matched,1.0,50,42,random_k,4,5000,0,0
uniform_high,32,6,3850,random_matched,1.0,50,42,random_k,4,5000,0,0
uniform_high,32,6,3900,random_matched,1.0,50,42,random_k,4,5000,0,0
uniform_high,32,6,3950,random_matched,1.0,50,42,random_k,4,5000,0,0
uniform_high,32,6,4000,random_matched,1.0,50,42,random_k,4,5000,0,0
uniform_high,32,6,4050,random_matched,1.0,50,42,random_k,4,5000,0,0
uniform_high,32,6,4100,random_matched,1.0,50,42,random_k,4,5000,1,1
uniform_high,32,6,4150,random_matched,1.0,50,42,random_k,4,5000,1,1
uniform_high,32,6,4200,random_matched,1.0,50,42,random_k,4,5000,0,0
uniform_high,32,6,4250,random_matched,1.0,50,42,random_k,4,5000,0,0
uniform_high,32,6,4300,random_matched,1.0,50,42,random_k,4,5000,0,0
uniform_high,32,6,4350,random_matched,1.0,50,42,random_k,4,5000,0,0
uniform_high,32,6,4400,random_matched,1.0,50,42,random_k,4,5000,0,0
uniform_high,32,6,4450,random_matched,1.0,50,42,random_k,4,5000,0,0
uniform_high,32,6,4500,random_matched,1.0,50,42,random_k,4,5000,1,1
uniform_high,32,6,4550,random_matched,1.0,50,42,random_k,4,5000,0,0
uniform_high,32,6,4600,random_matched,1.0,50,42,random_k,4,5000,0,0
uniform_high,32,6,4650,random_matched,1.0,50,42,random_k,4,5000,0,0
uniform_high,32,6,4700,random_matched,1.0,50,42,random_k,4,5000,0,0
uniform_high,32,6,4750,random_matched,1.0,50,42,random_k,4,5000,0,0
uniform_high,32,6,4800,random_matched,1.0,50,42,random_k,4,5000,0,0
uniform_high,32,6,4850,random_matched,1.0,50,42,random_k,4,5000,0,0
uniform_high,32,6,4900,random_matched,1.0,50,42,random_k,4,5000,0,0
uniform_high,32,6,4950,random_matched,1.0,50,42,random_k,4,5000,0,0
uniform_high,32,6,5000,random_matched,1.0,50,42,random_k,4,5000,0,0
uniform_high,64,6,50,random_matched,1.0,50,42,random_k,4,5000,5,5
uniform_high,64,6,100,random_matched,1.0,50,42,random_k,4,5000,2,2
uniform_high,64,6,150,random_matched,1.0,50,42,random_k,4,5000,3,3
uniform_high,64,6,200,random_matched,1.0,50,42,random_k,4,5000,2,2
uniform_high,64,6,250,random_matched,1.0,50,42,random_k,4,5000,0,0
uniform_high,64,6,300,random_matched,1.0,50,42,random_k,4,5000,2,2
uniform_high,64,6,350,random_matched,1.0,50,42,random_k,4,5000,4,4
uniform_high,64,6,400,random_matched,1.0,50,42,random_k,4,5000,3,3
uniform_high,64,6,450,random_matched,1.0,50,42,random_k,4,5000,6,6
uniform_high,64,6,500,random_matched,1.0,50,42,random_k,4,5000,2,2
uniform_high,64,6,550,random_matched,1.0,50,42,random_k,4,5000,0,0
uniform_high,64,6,600,random_matched,1.0,50,42,random_k,4,5000,1,1
uniform_high,64,6,650,random_matched,1.0,50,42,random_k,4,5000,2,2
uniform_high,64,6,700,random_matched,1.0,50,42,random_k,4,5000,1,1
uniform_high,64,6,750,random_matched,1.0,50,42,random_k,4,5000,3,3
uniform_high,64,6,800,random_matched,1.0,50,42,random_k,4,5000,3,3
uniform_high,64,6,850,random_matched,1.0,50,42,random_k,4,5000,2,2
uniform_high,64,6,900,random_matched,1.0,50,42,random_k,4,5000,5,5
uniform_high,64,6,950,random_matched,1.0,50,42,random_k,4,5000,2,2
uniform_high,64,6,1000,random_matched,1.0,50,42,random_k,4,5000,1,1
uniform_high,64,6,1050,random_matched,1.0,50,42,random_k,4,5000,4,4
uniform_high,64,6,1100,random_matched,1.0,50,42,random_k,4,5000,1,1
uniform_high,64,6,1150,random_matched,1.0,50,42,random_k,4,5000,0,0
uniform_high,64,6,1200,random_matched,1.0,50,42,random_k,4,5000,1,1
uniform_high,64,6,1250,random_matched,1.0,50,42,random_k,4,5000,2,2
uniform_high,64,6,1300,random_matched,1.0,50,42,random_k,4,5000,2,2
uniform_high,64,6,1350,random_matched,1.0,50,42,random_k,4,5000,2,2
uniform_high,64,6,1400,random_matched,1.0,50,42,random_k,4,5000,6,6
uniform_high,64,6,1450,random_matched,1.0,50,42,random_k,4,5000,2,2
uniform_high,64,6,1500,random_matched,1.0,50,42,random_k,4,5000,0,0
uniform_high,64,6,1550,random_matched,1.0,50,42,random_k,4,5000,1,1
uniform_high,64,6,1600,random_matched,1.0,50,42,random_k,4,5000,4,4
uniform_high,64,6,1650,random_matched,1.0,50,42,random_k,4,5000,4,4
uniform_high,64,6,1700,random_matched,1.0,50,42,random_k,4,5000,7,7
uniform_high,64,6,1750,random_matched,1.0,50,42,random_k,4,5000,5,5
uniform_high,64,6,1800,random_matched,1.0,50,42,random_k,4,5000,6,6
uniform_high,64,6,1850,random_matched,1.0,50,42,random_k,4,5000,4,4
uniform_high,64,6,1900,random_matched,1.0,50,42,random_k,4,5000,1,1
uniform_high,64,6,1950,random_matched,1.0,50,42,random_k,4,5000,3,3
uniform_high,64,6,2000,random_matched,1.0,50,42,random_k,4,5000,2,2
uniform_high,64,6,2050,random_matched,1.0,50,42,random_k,4,5000,3,3
uniform_high,64,6,2100,random_matched,1.0,50,42,random_k,4,5000,3,3
uniform_high,64,6,2150,random_matched,1.0,50,42,random_k,4,5000,2,2
uniform_high,64,6,2200,random_matched,1.0,50,42,random_k,4,5000,2,2
uniform_high,64,6,2250,random_matched,1.0,50,42,random_k,4,5000,2,2
uniform_high,64,6,2300,random_matched,1.0,50,42,random_k,4,5000,2,2
uniform_high,64,6,2350,random_matched,1.0,50,42,random_k,4,5000,3,3
uniform_high,64,6,2400,random_matched,1.0,50,42,random_k,4,5000,3,3
uniform_high,64,6,2450,random_matched,1.0,50,42,random_k,4,5000,2,2
uniform_high,64,6,2500,random_matched,1.0,50,42,random_k,4,5000,2,2
uniform_high,64,6,2550,random_matched,1.0,50,42,random_k,4,5000,2,2
uniform_high,64,6,2600,random_matched,1.0,50,42,random_k,4,5000,2,2
uniform_high,64,6,2650,random_matched,1.0,50,42,random_k,4,5000,3,3
uniform_high,64,6,2700,random_matched,1.0,50,42,random_k,4,5000,2,2
uniform_high,64,6,2750,random_matched,1.0,50,42,random_k,4,5000,3,3
uniform_high,64,6,2800,random_matched,1.0,50,42,random_k,4,5000,1,1
uniform_high,64,6,2850,random_matched,1.0,50,42,random_k,4,5000,2,2
uniform_high,64,6,2900,random_matched,1.0,50,42,random_k,4,5000,2,2
uniform_high,64,6,2950,random_matched,1.0,50,42,random_k,4,5000,1,1
uniform_high,64,6,3000,random_matched,1.0,50,42,random_k,4,5000,3,3
uniform_high,64,6,3050,random_matched,1.0,50,42,random_k,4,5000,1,1
uniform_high,64,6,3100,random_matched,1.0,50,42,random_k,4,5000,0,0
uniform_high,64,6,3150,random_matched,1.0,50,42,random_k,4,5000,2,2
uniform_high,64,6,3200,random_matched,1.0,50,42,random_k,4,5000,4,4
uniform_high,64,6,3250,random_matched,1.0,50,42,random_k,4,5000,2,2
uniform_high,64,6,3300,random_matched,1.0,50,42,random_k,4,5000,1,1
uniform_high,64,6,3350,random_matched,1.0,50,42,random_k,4,5000,1,1
uniform_high,64,6,3400,random_matched,1.0,50,42,random_k,4,5000,1,1
uniform_high,64,6,3450,random_matched,1.0,50,42,random_k,4,5000,1,1
uniform_high,64,6,3500,random_matched,1.0,50,42,random_k,4,5000,1,1
uniform_high,64,6,3550,random_matched,1.0,50,42,random_k,4,5000,2,2
uniform_high,64,6,3600,random_matched,1.0,50,42,random_k,4,5000,3,3
uniform_high,64,6,3650,random_matched,1.0,50,42,random_k,4,5000,2,2
uniform_high,64,6,3700,random_matched,1.0,50,42,random_k,4,5000,3,3
uniform_high,64,6,3750,random_matched,1.0,50,42,random_k,4,5000,2,2
uniform_high,64,6,3800,random_matched,1.0,50,42,random_k,4,5000,0,0
uniform_high,64,6,3850,random_matched,1.0,50,42,random_k,4,5000,1,1
uniform_high,64,6,3900,random_matched,1.0,50,42,random_k,4,5000,3,3
uniform_high,64,6,3950,random_matched,1.0,50,42,random_k,4,5000,3,3
uniform_high,64,6,4000,random_matched,1.0,50,42,random_k,4,5000,0,0
uniform_high,64,6,4050,random_matched,1.0,50,42,random_k,4,5000,2,2
uniform_high,64,6,4100,random_matched,1.0,50,42,random_k,4,5000,3,3
uniform_high,64,6,4150,random_matched,1.0,50,42,random_k,4,5000,1,1
uniform_high,64,6,4200,random_matched,1.0,50,42,random_k,4,5000,0,0
uniform_high,64,6,4250,random_matched,1.0,50,42,random_k,4,5000,4,4
uniform_high,64,6,4300,random_matched,1.0,50,42,random_k,4,5000,3,3
uniform_high,64,6,4350,random_matched,1.0,50,42,random_k,4,5000,2,2
uniform_high,64,6,4400,random_matched,1.0,50,42,random_k,4,5000,2,2
uniform_high,64,6,4450,random_matched,1.0,50,42,random_k,4,5000,2,2
uniform_high,64,6,4500,random_matched,1.0,50,42,random_k,4,5000,0,0
uniform_high,64,6,4550,random_matched,1.0,50,42,random_k,4,5000,8,8
uniform_high,64,6,4600,random_matched,1.0,50,42,random_k,4,5000,3,3
uniform_high,64,6,4650,random_matched,1.0,50,42,random_k,4,5000,2,2
uniform_high,64,6,4700,random_matched,1.0,50,42,random_k,4,5000,3,3
uniform_high,64,6,4750,random_matched,1.0,50,42,random_k,4,5000,1,1
uniform_high,64,6,4800,random_matched,1.0,50,42,random_k,4,5000,0,0
uniform_high,64,6,4850,random_matched,1.0,50,42,random_k,4,5000,1,1
uniform_high,64,6,4900,random_matched,1.0,50,42,random_k,4,5000,1,1
uniform_high,64,6,4950,random_matched,1.0,50,42,random_k,4,5000,2,2
uniform_high,64,6,5000,random_matched,1.0,50,42,random_k,4,5000,2,2
patchy_high,32,6,50,random_matched,1.0,50,42,random_k,4,5000,0,0
patchy_high,32,6,100,random_matched,1.0,50,42,random_k,4,5000,1,1
patchy_high,32,6,150,random_matched,1.0,50,42,random_k,4,5000,0,0
patchy_high,32,6,200,random_matched,1.0,50,42,random_k,4,5000,0,0
patchy_high,32,6,250,random_matched,1.0,50,42,random_k,4,5000,1,1
patchy_high,32,6,300,random_matched,1.0,50,42,random_k,4,5000,1,1
patchy_high,32,6,350,random_matched,1.0,50,42,random_k,4,5000,1,1
patchy_high,32,6,400,random_matched,1.0,50,42,random_k,4,5000,1,1
patchy_high,32,6,450,random_matched,1.0,50,42,random_k,4,5000,1,1
patchy_high,32,6,500,random_matched,1.0,50,42,random_k,4,5000,1,1
patchy_high,32,6,550,random_matched,1.0,50,42,random_k,4,5000,1,1
patchy_high,32,6,600,random_matched,1.0,50,42,random_k,4,5000,0,0
patchy_high,32,6,650,random_matched,1.0,50,42,random_k,4,5000,0,0
patchy_high,32,6,700,random_matched,1.0,50,42,random_k,4,5000,1,1
patchy_high,32,6,750,random_matched,1.0,50,42,random_k,4,5000,2,2
patchy_high,32,6,800,random_matched,1.0,50,42,random_k,4,5000,1,1
patchy_high,32,6,850,random_matched,1.0,50,42,random_k,4,5000,2,2
patchy_high,32,6,900,random_matched,1.0,50,42,random_k,4,5000,0,0
patchy_high,32,6,950,random_matched,1.0,50,42,random_k,4,5000,0,0
patchy_high,32,6,1000,random_matched,1.0,50,42,random_k,4,5000,1,1
patchy_high,32,6,1050,random_matched,1.0,50,42,random_k,4,5000,1,1
patchy_high,32,6,1100,random_matched,1.0,50,42,random_k,4,5000,1,1
patchy_high,32,6,1150,random_matched,1.0,50,42,random_k,4,5000,2,2
patchy_high,32,6,1200,random_matched,1.0,50,42,random_k,4,5000,0,0
patchy_high,32,6,1250,random_matched,1.0,50,42,random_k,4,5000,1,1
patchy_high,32,6,1300,random_matched,1.0,50,42,random_k,4,5000,0,0
patchy_high,32,6,1350,random_matched,1.0,50,42,random_k,4,5000,2,2
patchy_high,32,6,1400,random_matched,1.0,50,42,random_k,4,5000,1,1
patchy_high,32,6,1450,random_matched,1.0,50,42,random_k,4,5000,0,0
patchy_high,32,6,1500,random_matched,1.0,50,42,random_k,4,5000,0,0
patchy_high,32,6,1550,random_matched,1.0,50,42,random_k,4,5000,0,0
patchy_high,32,6,1600,random_matched,1.0,50,42,random_k,4,5000,1,1
patchy_high,32,6,1650,random_matched,1.0,50,42,random_k,4,5000,2,2
patchy_high,32,6,1700,random_matched,1.0,50,42,random_k,4,5000,2,2
patchy_high,32,6,1750,random_matched,1.0,50,42,random_k,4,5000,0,0
patchy_high,32,6,1800,random_matched,1.0,50,42,random_k,4,5000,0,0
patchy_high,32,6,1850,random_matched,1.0,50,42,random_k,4,5000,1,1
patchy_high,32,6,1900,random_matched,1.0,50,42,random_k,4,5000,0,0
patchy_high,32,6,1950,random_matched,1.0,50,42,random_k,4,5000,0,0
patchy_high,32,6,2000,random_matched,1.0,50,42,random_k,4,5000,0,0
patchy_high,32,6,2050,random_matched,1.0,50,42,random_k,4,5000,0,0
patchy_high,32,6,2100,random_matched,1.0,50,42,random_k,4,5000,0,0
patchy_high,32,6,2150,random_matched,1.0,50,42,random_k,4,5000,0,0
patchy_high,32,6,2200,random_matched,1.0,50,42,random_k,4,5000,0,0
patchy_high,32,6,2250,random_matched,1.0,50,42,random_k,4,5000,0,0
patchy_high,32,6,2300,random_matched,1.0,50,42,random_k,4,5000,0,0
patchy_high,32,6,2350,random_matched,1.0,50,42,random_k,4,5000,1,1
patchy_high,32,6,2400,random_matched,1.0,50,42,random_k,4,5000,1,1
patchy_high,32,6,2450,random_matched,1.0,50,42,random_k,4,5000,0,0
patchy_high,32,6,2500,random_matched,1.0,50,42,random_k,4,5000,1,1
patchy_high,32,6,2550,random_matched,1.0,50,42,random_k,4,5000,0,0
patchy_high,32,6,2600,random_matched,1.0,50,42,random_k,4,5000,0,0
patchy_high,32,6,2650,random_matched,1.0,50,42,random_k,4,5000,0,0
patchy_high,32,6,2700,random_matched,1.0,50,42,random_k,4,5000,0,0
patchy_high,32,6,2750,random_matched,1.0,50,42,random_k,4,5000,0,0
patchy_high,32,6,2800,random_matched,1.0,50,42,random_k,4,5000,0,0
patchy_high,32,6,2850,random_matched,1.0,50,42,random_k,4,5000,0,0
patchy_high,32,6,2900,random_matched,1.0,50,42,random_k,4,5000,0,0
patchy_high,32,6,2950,random_matched,1.0,50,42,random_k,4,5000,0,0
patchy_high,32,6,3000,random_matched,1.0,50,42,random_k,4,5000,0,0
patchy_high,32,6,3050,random_matched,1.0,50,42,random_k,4,5000,0,0
patchy_high,32,6,3100,random_matched,1.0,50,42,random_k,4,5000,0,0
patchy_high,32,6,3150,random_matched,1.0,50,42,random_k,4,5000,0,0
patchy_high,32,6,3200,random_matched,1.0,50,42,random_k,4,5000,0,0
patchy_high,32,6,3250,random_matched,1.0,50,42,random_k,4,5000,0,0
patchy_high,32,6,3300,random_matched,1.0,50,42,random_k,4,5000,1,1
patchy_high,32,6,3350,random_matched,1.0,50,42,random_k,4,5000,0,0
patchy_high,32,6,3400,random_matched,1.0,50,42,random_k,4,5000,0,0
patchy_high,32,6,3450,random_matched,1.0,50,42,random_k,4,5000,0,0
patchy_high,32,6,3500,random_matched,1.0,50,42,random_k,4,5000,0,0
patchy_high,32,6,3550,random_matched,1.0,50,42,random_k,4,5000,0,0
patchy_high,32,6,3600,random_matched,1.0,50,42,random_k,4,5000,0,0
patchy_high,32,6,3650,random_matched,1.0,50,42,random_k,4,5000,1,1
patchy_high,32,6,3700,random_matched,1.0,50,42,random_k,4,5000,1,1
patchy_high,32,6,3750,random_matched,1.0,50,42,random_k,4,5000,0,0
patchy_high,32,6,3800,random_matched,1.0,50,42,random_k,4,5000,0,0
patchy_high,32,6,3850,random_matched,1.0,50,42,random_k,4,5000,0,0
patchy_high,32,6,3900,random_matched,1.0,50,42,random_k,4,5000,0,0
patchy_high,32,6,3950,random_matched,1.0,50,42,random_k,4,5000,0,0
patchy_high,32,6,4000,random_matched,1.0,50,42,random_k,4,5000,0,0
patchy_high,32,6,4050,random_matched,1.0,50,42,random_k,4,5000,0,0
patchy_high,32,6,4100,random_matched,1.0,50,42,random_k,4,5000,0,0
patchy_high,32,6,4150,random_matched,1.0,50,42,random_k,4,5000,0,0
patchy_high,32,6,4200,random_matched,1.0,50,42,random_k,4,5000,0,0
patchy_high,32,6,4250,random_matched,1.0,50,42,random_k,4,5000,1,1
patchy_high,32,6,4300,random_matched,1.0,50,42,random_k,4,5000,0,0
patchy_high,32,6,4350,random_matched,1.0,50,42,random_k,4,5000,0,0
patchy_high,32,6,4400,random_matched,1.0,50,42,random_k,4,5000,0,0
patchy_high,32,6,4450,random_matched,1.0,50,42,random_k,4,5000,0,0
patchy_high,32,6,4500,random_matched,1.0,50,42,random_k,4,5000,0,0
patchy_high,32,6,4550,random_matched,1.0,50,42,random_k,4,5000,1,1
patchy_high,32,6,4600,random_matched,1.0,50,42,random_k,4,5000,1,1
patchy_high,32,6,4650,random_matched,1.0,50,42,random_k,4,5000,1,1
patchy_high,32,6,4700,random_matched,1.0,50,42,random_k,4,5000,0,0
patchy_high,32,6,4750,random_matched,1.0,50,42,random_k,4,5000,0,0
patchy_high,32,6,4800,random_matched,1.0,50,42,random_k,4,5000,0,0
patchy_high,32,6,4850,random_matched,1.0,50,42,random_k,4,5000,0,0
patchy_high,32,6,4900,random_matched,1.0,50,42,random_k,4,5000,0,0
patchy_high,32,6,4950,random_matched,1.0,50,42,random_k,4,5000,1,1
patchy_high,32,6,5000,random_matched,1.0,50,42,random_k,4,5000,1,1
patchy_high,64,6,50,random_matched,1.0,50,42,random_k,4,5000,5,5
patchy_high,64,6,100,random_matched,1.0,50,42,random_k,4,5000,5,5
patchy_high,64,6,150,random_matched,1.0,50,42,random_k,4,5000,0,0
patchy_high,64,6,200,random_matched,1.0,50,42,random_k,4,5000,2,2
patchy_high,64,6,250,random_matched,1.0,50,42,random_k,4,5000,1,1
patchy_high,64,6,300,random_matched,1.0,50,42,random_k,4,5000,2,2
patchy_high,64,6,350,random_matched,1.0,50,42,random_k,4,5000,5,5
patchy_high,64,6,400,random_matched,1.0,50,42,random_k,4,5000,6,6
patchy_high,64,6,450,random_matched,1.0,50,42,random_k,4,5000,1,1
patchy_high,64,6,500,random_matched,1.0,50,42,random_k,4,5000,2,2
patchy_high,64,6,550,random_matched,1.0,50,42,random_k,4,5000,1,1
patchy_high,64,6,600,random_matched,1.0,50,42,random_k,4,5000,2,2
patchy_high,64,6,650,random_matched,1.0,50,42,random_k,4,5000,1,1
patchy_high,64,6,700,random_matched,1.0,50,42,random_k,4,5000,2,2
patchy_high,64,6,750,random_matched,1.0,50,42,random_k,4,5000,3,3
patchy_high,64,6,800,random_matched,1.0,50,42,random_k,4,5000,2,2
patchy_high,64,6,850,random_matched,1.0,50,42,random_k,4,5000,5,5
patchy_high,64,6,900,random_matched,1.0,50,42,random_k,4,5000,2,2
patchy_high,64,6,950,random_matched,1.0,50,42,random_k,4,5000,2,2
patchy_high,64,6,1000,random_matched,1.0,50,42,random_k,4,5000,4,4
patchy_high,64,6,1050,random_matched,1.0,50,42,random_k,4,5000,1,1
patchy_high,64,6,1100,random_matched,1.0,50,42,random_k,4,5000,1,1
patchy_high,64,6,1150,random_matched,1.0,50,42,random_k,4,5000,0,0
patchy_high,64,6,1200,random_matched,1.0,50,42,random_k,4,5000,3,3
patchy_high,64,6,1250,random_matched,1.0,50,42,random_k,4,5000,3,3
patchy_high,64,6,1300,random_matched,1.0,50,42,random_k,4,5000,1,1
patchy_high,64,6,1350,random_matched,1.0,50,42,random_k,4,5000,5,5
patchy_high,64,6,1400,random_matched,1.0,50,42,random_k,4,5000,2,2
patchy_high,64,6,1450,random_matched,1.0,50,42,random_k,4,5000,0,0
patchy_high,64,6,1500,random_matched,1.0,50,42,random_k,4,5000,2,2
patchy_high,64,6,1550,random_matched,1.0,50,42,random_k,4,5000,3,3
patchy_high,64,6,1600,random_matched,1.0,50,42,random_k,4,5000,5,5
patchy_high,64,6,1650,random_matched,1.0,50,42,random_k,4,5000,6,6
patchy_high,64,6,1700,random_matched,1.0,50,42,random_k,4,5000,4,4
patchy_high,64,6,1750,random_matched,1.0,50,42,random_k,4,5000,7,7
patchy_high,64,6,1800,random_matched,1.0,50,42,random_k,4,5000,4,4
patchy_high,64,6,1850,random_matched,1.0,50,42,random_k,4,5000,1,1
patchy_high,64,6,1900,random_matched,1.0,50,42,random_k,4,5000,3,3
patchy_high,64,6,1950,random_matched,1.0,50,42,random_k,4,5000,3,3
patchy_high,64,6,2000,random_matched,1.0,50,42,random_k,4,5000,3,3
patchy_high,64,6,2050,random_matched,1.0,50,42,random_k,4,5000,4,4
patchy_high,64,6,2100,random_matched,1.0,50,42,random_k,4,5000,2,2
patchy_high,64,6,2150,random_matched,1.0,50,42,random_k,4,5000,3,3
patchy_high,64,6,2200,random_matched,1.0,50,42,random_k,4,5000,4,4
patchy_high,64,6,2250,random_matched,1.0,50,42,random_k,4,5000,2,2
patchy_high,64,6,2300,random_matched,1.0,50,42,random_k,4,5000,3,3
patchy_high,64,6,2350,random_matched,1.0,50,42,random_k,4,5000,2,2
patchy_high,64,6,2400,random_matched,1.0,50,42,random_k,4,5000,3,3
patchy_high,64,6,2450,random_matched,1.0,50,42,random_k,4,5000,2,2
patchy_high,64,6,2500,random_matched,1.0,50,42,random_k,4,5000,2,2
patchy_high,64,6,2550,random_matched,1.0,50,42,random_k,4,5000,2,2
patchy_high,64,6,2600,random_matched,1.0,50,42,random_k,4,5000,4,4
patchy_high,64,6,2650,random_matched,1.0,50,42,random_k,4,5000,2,2
patchy_high,64,6,2700,random_matched,1.0,50,42,random_k,4,5000,2,2
patchy_high,64,6,2750,random_matched,1.0,50,42,random_k,4,5000,1,1
patchy_high,64,6,2800,random_matched,1.0,50,42,random_k,4,5000,3,3
patchy_high,64,6,2850,random_matched,1.0,50,42,random_k,4,5000,1,1
patchy_high,64,6,2900,random_matched,1.0,50,42,random_k,4,5000,0,0
patchy_high,64,6,2950,random_matched,1.0,50,42,random_k,4,5000,2,2
patchy_high,64,6,3000,random_matched,1.0,50,42,random_k,4,5000,4,4
patchy_high,64,6,3050,random_matched,1.0,50,42,random_k,4,5000,2,2
patchy_high,64,6,3100,random_matched,1.0,50,42,random_k,4,5000,1,1
patchy_high,64,6,3150,random_matched,1.0,50,42,random_k,4,5000,1,1
patchy_high,64,6,3200,random_matched,1.0,50,42,random_k,4,5000,2,2
patchy_high,64,6,3250,random_matched,1.0,50,42,random_k,4,5000,1,1
patchy_high,64,6,3300,random_matched,1.0,50,42,random_k,4,5000,2,2
patchy_high,64,6,3350,random_matched,1.0,50,42,random_k,4,5000,3,3
patchy_high,64,6,3400,random_matched,1.0,50,42,random_k,4,5000,2,2
patchy_high,64,6,3450,random_matched,1.0,50,42,random_k,4,5000,3,3
patchy_high,64,6,3500,random_matched,1.0,50,42,random_k,4,5000,2,2
patchy_high,64,6,3550,random_matched,1.0,50,42,random_k,4,5000,0,0
patchy_high,64,6,3600,random_matched,1.0,50,42,random_k,4,5000,2,2
patchy_high,64,6,3650,random_matched,1.0,50,42,random_k,4,5000,4,4
patchy_high,64,6,3700,random_matched,1.0,50,42,random_k,4,5000,1,1
patchy_high,64,6,3750,random_matched,1.0,50,42,random_k,4,5000,2,2
patchy_high,64,6,3800,random_matched,1.0,50,42,random_k,4,5000,2,2
patchy_high,64,6,3850,random_matched,1.0,50,42,random_k,4,5000,2,2
patchy_high,64,6,3900,random_matched,1.0,50,42,random_k,4,5000,0,0
patchy_high,64,6,3950,random_matched,1.0,50,42,random_k,4,5000,4,4
patchy_high,64,6,4000,random_matched,1.0,50,42,random_k,4,5000,3,3
patchy_high,64,6,4050,random_matched,1.0,50,42,random_k,4,5000,2,2
patchy_high,64,6,4100,random_matched,1.0,50,42,random_k,4,5000,3,3
patchy_high,64,6,4150,random_matched,1.0,50,42,random_k,4,5000,1,1
patchy_high,64,6,4200,random_matched,1.0,50,42,random_k,4,5000,6,6
patchy_high,64,6,4250,random_matched,1.0,50,42,random_k,4,5000,5,5
patchy_high,64,6,4300,random_matched,1.0,50,42,random_k,4,5000,2,2
patchy_high,64,6,4350,random_matched,1.0,50,42,random_k,4,5000,3,3
patchy_high,64,6,4400,random_matched,1.0,50,42,random_k,4,5000,1,1
patchy_high,64,6,4450,random_matched,1.0,50,42,random_k,4,5000,1,1
patchy_high,64,6,4500,random_matched,1.0,50,42,random_k,4,5000,0,0
patchy_high,64,6,4550,random_matched,1.0,50,42,random_k,4,5000,1,1
patchy_high,64,6,4600,random_matched,1.0,50,42,random_k,4,5000,2,2
patchy_high,64,6,4650,random_matched,1.0,50,42,random_k,4,5000,2,2
patchy_high,64,6,4700,random_matched,1.0,50,42,random_k,4,5000,1,1
patchy_high,64,6,4750,random_matched,1.0,50,42,random_k,4,5000,4,4
patchy_high,64,6,4800,random_matched,1.0,50,42,random_k,4,5000,3,3
patchy_high,64,6,4850,random_matched,1.0,50,42,random_k,4,5000,4,4
patchy_high,64,6,4900,random_matched,1.0,50,42,random_k,4,5000,3,3
patchy_high,64,6,4950,random_matched,1.0,50,42,random_k,4,5000,2,2
patchy_high,64,6,5000,random_matched,1.0,50,42,random_k,4,5000,2,2
split_high_low,32,6,50,random_matched,1.0,50,42,random_k,4,5000,1,1
split_high_low,32,6,100,random_matched,1.0,50,42,random_k,4,5000,0,0
split_high_low,32,6,150,random_matched,1.0,50,42,random_k,4,5000,0,0
split_high_low,32,6,200,random_matched,1.0,50,42,random_k,4,5000,1,1
split_high_low,32,6,250,random_matched,1.0,50,42,random_k,4,5000,0,0
split_high_low,32,6,300,random_matched,1.0,50,42,random_k,4,5000,1,1
split_high_low,32,6,350,random_matched,1.0,50,42,random_k,4,5000,0,0
split_high_low,32,6,400,random_matched,1.0,50,42,random_k,4,5000,2,2
split_high_low,32,6,450,random_matched,1.0,50,42,random_k,4,5000,1,1
split_high_low,32,6,500,random_matched,1.0,50,42,random_k,4,5000,0,0
split_high_low,32,6,550,random_matched,1.0,50,42,random_k,4,5000,2,2
split_high_low,32,6,600,random_matched,1.0,50,42,random_k,4,5000,0,0
split_high_low,32,6,650,random_matched,1.0,50,42,random_k,4,5000,1,1
split_high_low,32,6,700,random_matched,1.0,50,42,random_k,4,5000,1,1
split_high_low,32,6,750,random_matched,1.0,50,42,random_k,4,5000,1,1
split_high_low,32,6,800,random_matched,1.0,50,42,random_k,4,5000,0,0
split_high_low,32,6,850,random_matched,1.0,50,42,random_k,4,5000,2,2
split_high_low,32,6,900,random_matched,1.0,50,42,random_k,4,5000,1,1
split_high_low,32,6,950,random_matched,1.0,50,42,random_k,4,5000,0,0
split_high_low,32,6,1000,random_matched,1.0,50,42,random_k,4,5000,0,0
split_high_low,32,6,1050,random_matched,1.0,50,42,random_k,4,5000,0,0
split_high_low,32,6,1100,random_matched,1.0,50,42,random_k,4,5000,0,0
split_high_low,32,6,1150,random_matched,1.0,50,42,random_k,4,5000,1,1
split_high_low,32,6,1200,random_matched,1.0,50,42,random_k,4,5000,0,0
split_high_low,32,6,1250,random_matched,1.0,50,42,random_k,4,5000,2,2
split_high_low,32,6,1300,random_matched,1.0,50,42,random_k,4,5000,1,1
split_high_low,32,6,1350,random_matched,1.0,50,42,random_k,4,5000,1,1
split_high_low,32,6,1400,random_matched,1.0,50,42,random_k,4,5000,1,1
split_high_low,32,6,1450,random_matched,1.0,50,42,random_k,4,5000,0,0
split_high_low,32,6,1500,random_matched,1.0,50,42,random_k,4,5000,0,0
split_high_low,32,6,1550,random_matched,1.0,50,42,random_k,4,5000,0,0
split_high_low,32,6,1600,random_matched,1.0,50,42,random_k,4,5000,2,2
split_high_low,32,6,1650,random_matched,1.0,50,42,random_k,4,5000,0,0
split_high_low,32,6,1700,random_matched,1.0,50,42,random_k,4,5000,0,0
split_high_low,32,6,1750,random_matched,1.0,50,42,random_k,4,5000,1,1
split_high_low,32,6,1800,random_matched,1.0,50,42,random_k,4,5000,0,0
split_high_low,32,6,1850,random_matched,1.0,50,42,random_k,4,5000,0,0
split_high_low,32,6,1900,random_matched,1.0,50,42,random_k,4,5000,0,0
split_high_low,32,6,1950,random_matched,1.0,50,42,random_k,4,5000,0,0
split_high_low,32,6,2000,random_matched,1.0,50,42,random_k,4,5000,1,1
split_high_low,32,6,2050,random_matched,1.0,50,42,random_k,4,5000,0,0
split_high_low,32,6,2100,random_matched,1.0,50,42,random_k,4,5000,0,0
split_high_low,32,6,2150,random_matched,1.0,50,42,random_k,4,5000,0,0
split_high_low,32,6,2200,random_matched,1.0,50,42,random_k,4,5000,0,0
split_high_low,32,6,2250,random_matched,1.0,50,42,random_k,4,5000,1,1
split_high_low,32,6,2300,random_matched,1.0,50,42,random_k,4,5000,1,1
split_high_low,32,6,2350,random_matched,1.0,50,42,random_k,4,5000,2,2
split_high_low,32,6,2400,random_matched,1.0,50,42,random_k,4,5000,0,0
split_high_low,32,6,2450,random_matched,1.0,50,42,random_k,4,5000,0,0
split_high_low,32,6,2500,random_matched,1.0,50,42,random_k,4,5000,1,1
split_high_low,32,6,2550,random_matched,1.0,50,42,random_k,4,5000,0,0
split_high_low,32,6,2600,random_matched,1.0,50,42,random_k,4,5000,0,0
split_high_low,32,6,2650,random_matched,1.0,50,42,random_k,4,5000,0,0
split_high_low,32,6,2700,random_matched,1.0,50,42,random_k,4,5000,0,0
split_high_low,32,6,2750,random_matched,1.0,50,42,random_k,4,5000,0,0
split_high_low,32,6,2800,random_matched,1.0,50,42,random_k,4,5000,0,0
split_high_low,32,6,2850,random_matched,1.0,50,42,random_k,4,5000,1,1
split_high_low,32,6,2900,random_matched,1.0,50,42,random_k,4,5000,0,0
split_high_low,32,6,2950,random_matched,1.0,50,42,random_k,4,5000,2,2
split_high_low,32,6,3000,random_matched,1.0,50,42,random_k,4,5000,0,0
split_high_low,32,6,3050,random_matched,1.0,50,42,random_k,4,5000,0,0
split_high_low,32,6,3100,random_matched,1.0,50,42,random_k,4,5000,0,0
split_high_low,32,6,3150,random_matched,1.0,50,42,random_k,4,5000,0,0
split_high_low,32,6,3200,random_matched,1.0,50,42,random_k,4,5000,0,0
split_high_low,32,6,3250,random_matched,1.0,50,42,random_k,4,5000,0,0
split_high_low,32,6,3300,random_matched,1.0,50,42,random_k,4,5000,0,0
split_high_low,32,6,3350,random_matched,1.0,50,42,random_k,4,5000,0,0
split_high_low,32,6,3400,random_matched,1.0,50,42,random_k,4,5000,0,0
split_high_low,32,6,3450,random_matched,1.0,50,42,random_k,4,5000,0,0
split_high_low,32,6,3500,random_matched,1.0,50,42,random_k,4,5000,0,0
split_high_low,32,6,3550,random_matched,1.0,50,42,random_k,4,5000,0,0
split_high_low,32,6,3600,random_matched,1.0,50,42,random_k,4,5000,0,0
split_high_low,32,6,3650,random_matched,1.0,50,42,random_k,4,5000,0,0
split_high_low,32,6,3700,random_matched,1.0,50,42,random_k,4,5000,0,0
split_high_low,32,6,3750,random_matched,1.0,50,42,random_k,4,5000,0,0
split_high_low,32,6,3800,random_matched,1.0,50,42,random_k,4,5000,0,0
split_high_low,32,6,3850,random_matched,1.0,50,42,random_k,4,5000,0,0
split_high_low,32,6,3900,random_matched,1.0,50,42,random_k,4,5000,0,0
split_high_low,32,6,3950,random_matched,1.0,50,42,random_k,4,5000,0,0
split_high_low,32,6,4000,random_matched,1.0,50,42,random_k,4,5000,0,0
split_high_low,32,6,4050,random_matched,1.0,50,42,random_k,4,5000,0,0
split_high_low,32,6,4100,random_matched,1.0,50,42,random_k,4,5000,1,1
split_high_low,32,6,4150,random_matched,1.0,50,42,random_k,4,5000,0,0
split_high_low,32,6,4200,random_matched,1.0,50,42,random_k,4,5000,0,0
split_high_low,32,6,4250,random_matched,1.0,50,42,random_k,4,5000,0,0
split_high_low,32,6,4300,random_matched,1.0,50,42,random_k,4,5000,0,0
split_high_low,32,6,4350,random_matched,1.0,50,42,random_k,4,5000,1,1
split_high_low,32,6,4400,random_matched,1.0,50,42,random_k,4,5000,0,0
split_high_low,32,6,4450,random_matched,1.0,50,42,random_k,4,5000,1,1
split_high_low,32,6,4500,random_matched,1.0,50,42,random_k,4,5000,0,0
split_high_low,32,6,4550,random_matched,1.0,50,42,random_k,4,5000,0,0
split_high_low,32,6,4600,random_matched,1.0,50,42,random_k,4,5000,0,0
split_high_low,32,6,4650,random_matched,1.0,50,42,random_k,4,5000,0,0
split_high_low,32,6,4700,random_matched,1.0,50,42,random_k,4,5000,0,0
split_high_low,32,6,4750,random_matched,1.0,50,42,random_k,4,5000,0,0
split_high_low,32,6,4800,random_matched,1.0,50,42,random_k,4,5000,1,1
split_high_low,32,6,4850,random_matched,1.0,50,42,random_k,4,5000,0,0
split_high_low,32,6,4900,random_matched,1.0,50,42,random_k,4,5000,0,0
split_high_low,32,6,4950,random_matched,1.0,50,42,random_k,4,5000,0,0
split_high_low,32,6,5000,random_matched,1.0,50,42,random_k,4,5000,2,2
split_high_low,64,6,50,random_matched,1.0,50,42,random_k,4,5000,2,2
split_high_low,64,6,100,random_matched,1.0,50,42,random_k,4,5000,4,4
split_high_low,64,6,150,random_matched,1.0,50,42,random_k,4,5000,4,4
split_high_low,64,6,200,random_matched,1.0,50,42,random_k,4,5000,0,0
split_high_low,64,6,250,random_matched,1.0,50,42,random_k,4,5000,2,2
split_high_low,64,6,300,random_matched,1.0,50,42,random_k,4,5000,2,2
split_high_low,64,6,350,random_matched,1.0,50,42,random_k,4,5000,3,3
split_high_low,64,6,400,random_matched,1.0,50,42,random_k,4,5000,3,3
split_high_low,64,6,450,random_matched,1.0,50,42,random_k,4,5000,5,5
split_high_low,64,6,500,random_matched,1.0,50,42,random_k,4,5000,2,2
split_high_low,64,6,550,random_matched,1.0,50,42,random_k,4,5000,2,2
split_high_low,64,6,600,random_matched,1.0,50,42,random_k,4,5000,0,0
split_high_low,64,6,650,random_matched,1.0,50,42,random_k,4,5000,1,1
split_high_low,64,6,700,random_matched,1.0,50,42,random_k,4,5000,1,1
split_high_low,64,6,750,random_matched,1.0,50,42,random_k,4,5000,2,2
split_high_low,64,6,800,random_matched,1.0,50,42,random_k,4,5000,2,2
split_high_low,64,6,850,random_matched,1.0,50,42,random_k,4,5000,3,3
split_high_low,64,6,900,random_matched,1.0,50,42,random_k,4,5000,6,6
split_high_low,64,6,950,random_matched,1.0,50,42,random_k,4,5000,2,2
split_high_low,64,6,1000,random_matched,1.0,50,42,random_k,4,5000,2,2
split_high_low,64,6,1050,random_matched,1.0,50,42,random_k,4,5000,3,3
split_high_low,64,6,1100,random_matched,1.0,50,42,random_k,4,5000,3,3
split_high_low,64,6,1150,random_matched,1.0,50,42,random_k,4,5000,0,0
split_high_low,64,6,1200,random_matched,1.0,50,42,random_k,4,5000,1,1
split_high_low,64,6,1250,random_matched,1.0,50,42,random_k,4,5000,2,2
split_high_low,64,6,1300,random_matched,1.0,50,42,random_k,4,5000,4,4
split_high_low,64,6,1350,random_matched,1.0,50,42,random_k,4,5000,0,0
split_high_low,64,6,1400,random_matched,1.0,50,42,random_k,4,5000,5,5
split_high_low,64,6,1450,random_matched,1.0,50,42,random_k,4,5000,2,2
split_high_low,64,6,1500,random_matched,1.0,50,42,random_k,4,5000,1,1
split_high_low,64,6,1550,random_matched,1.0,50,42,random_k,4,5000,2,2
split_high_low,64,6,1600,random_matched,1.0,50,42,random_k,4,5000,4,4
split_high_low,64,6,1650,random_matched,1.0,50,42,random_k,4,5000,6,6
split_high_low,64,6,1700,random_matched,1.0,50,42,random_k,4,5000,7,7
split_high_low,64,6,1750,random_matched,1.0,50,42,random_k,4,5000,5,5
split_high_low,64,6,1800,random_matched,1.0,50,42,random_k,4,5000,7,7
split_high_low,64,6,1850,random_matched,1.0,50,42,random_k,4,5000,1,1
split_high_low,64,6,1900,random_matched,1.0,50,42,random_k,4,5000,3,3
split_high_low,64,6,1950,random_matched,1.0,50,42,random_k,4,5000,3,3
split_high_low,64,6,2000,random_matched,1.0,50,42,random_k,4,5000,3,3
split_high_low,64,6,2050,random_matched,1.0,50,42,random_k,4,5000,2,2
split_high_low,64,6,2100,random_matched,1.0,50,42,random_k,4,5000,2,2
split_high_low,64,6,2150,random_matched,1.0,50,42,random_k,4,5000,4,4
split_high_low,64,6,2200,random_matched,1.0,50,42,random_k,4,5000,2,2
split_high_low,64,6,2250,random_matched,1.0,50,42,random_k,4,5000,3,3
split_high_low,64,6,2300,random_matched,1.0,50,42,random_k,4,5000,2,2
split_high_low,64,6,2350,random_matched,1.0,50,42,random_k,4,5000,4,4
split_high_low,64,6,2400,random_matched,1.0,50,42,random_k,4,5000,3,3
split_high_low,64,6,2450,random_matched,1.0,50,42,random_k,4,5000,3,3
split_high_low,64,6,2500,random_matched,1.0,50,42,random_k,4,5000,2,2
split_high_low,64,6,2550,random_matched,1.0,50,42,random_k,4,5000,2,2
split_high_low,64,6,2600,random_matched,1.0,50,42,random_k,4,5000,5,5
split_high_low,64,6,2650,random_matched,1.0,50,42,random_k,4,5000,2,2
split_high_low,64,6,2700,random_matched,1.0,50,42,random_k,4,5000,2,2
split_high_low,64,6,2750,random_matched,1.0,50,42,random_k,4,5000,2,2
split_high_low,64,6,2800,random_matched,1.0,50,42,random_k,4,5000,2,2
split_high_low,64,6,2850,random_matched,1.0,50,42,random_k,4,5000,0,0
split_high_low,64,6,2900,random_matched,1.0,50,42,random_k,4,5000,4,4
split_high_low,64,6,2950,random_matched,1.0,50,42,random_k,4,5000,2,2
split_high_low,64,6,3000,random_matched,1.0,50,42,random_k,4,5000,2,2
split_high_low,64,6,3050,random_matched,1.0,50,42,random_k,4,5000,2,2
split_high_low,64,6,3100,random_matched,1.0,50,42,random_k,4,5000,0,0
split_high_low,64,6,3150,random_matched,1.0,50,42,random_k,4,5000,2,2
split_high_low,64,6,3200,random_matched,1.0,50,42,random_k,4,5000,3,3
split_high_low,64,6,3250,random_matched,1.0,50,42,random_k,4,5000,1,1
split_high_low,64,6,3300,random_matched,1.0,50,42,random_k,4,5000,4,4
split_high_low,64,6,3350,random_matched,1.0,50,42,random_k,4,5000,4,4
split_high_low,64,6,3400,random_matched,1.0,50,42,random_k,4,5000,1,1
split_high_low,64,6,3450,random_matched,1.0,50,42,random_k,4,5000,1,1
split_high_low,64,6,3500,random_matched,1.0,50,42,random_k,4,5000,1,1
split_high_low,64,6,3550,random_matched,1.0,50,42,random_k,4,5000,4,4
split_high_low,64,6,3600,random_matched,1.0,50,42,random_k,4,5000,1,1
split_high_low,64,6,3650,random_matched,1.0,50,42,random_k,4,5000,2,2
split_high_low,64,6,3700,random_matched,1.0,50,42,random_k,4,5000,2,2
split_high_low,64,6,3750,random_matched,1.0,50,42,random_k,4,5000,2,2
split_high_low,64,6,3800,random_matched,1.0,50,42,random_k,4,5000,1,1
split_high_low,64,6,3850,random_matched,1.0,50,42,random_k,4,5000,3,3
split_high_low,64,6,3900,random_matched,1.0,50,42,random_k,4,5000,5,5
split_high_low,64,6,3950,random_matched,1.0,50,42,random_k,4,5000,2,2
split_high_low,64,6,4000,random_matched,1.0,50,42,random_k,4,5000,2,2
split_high_low,64,6,4050,random_matched,1.0,50,42,random_k,4,5000,0,0
split_high_low,64,6,4100,random_matched,1.0,50,42,random_k,4,5000,9,9
split_high_low,64,6,4150,random_matched,1.0,50,42,random_k,4,5000,3,3
split_high_low,64,6,4200,random_matched,1.0,50,42,random_k,4,5000,3,3
split_high_low,64,6,4250,random_matched,1.0,50,42,random_k,4,5000,2,2
split_high_low,64,6,4300,random_matched,1.0,50,42,random_k,4,5000,0,0
split_high_low,64,6,4350,random_matched,1.0,50,42,random_k,4,5000,1,1
split_high_low,64,6,4400,random_matched,1.0,50,42,random_k,4,5000,1,1
split_high_low,64,6,4450,random_matched,1.0,50,42,random_k,4,5000,2,2
split_high_low,64,6,4500,random_matched,1.0,50,42,random_k,4,5000,2,2
split_high_low,64,6,4550,random_matched,1.0,50,42,random_k,4,5000,0,0
split_high_low,64,6,4600,random_matched,1.0,50,42,random_k,4,5000,4,4
split_high_low,64,6,4650,random_matched,1.0,50,42,random_k,4,5000,3,3
split_high_low,64,6,4700,random_matched,1.0,50,42,random_k,4,5000,5,5
split_high_low,64,6,4750,random_matched,1.0,50,42,random_k,4,5000,3,3
split_high_low,64,6,4800,random_matched,1.0,50,42,random_k,4,5000,2,2
split_high_low,64,6,4850,random_matched,1.0,50,42,random_k,4,5000,1,1
split_high_low,64,6,4900,random_matched,1.0,50,42,random_k,4,5000,1,1
split_high_low,64,6,4950,random_matched,1.0,50,42,random_k,4,5000,1,1
split_high_low,64,6,5000,random_matched,1.0,50,42,random_k,4,5000,1,1
uniform_high,32,7,50,random_matched,1.0,50,42,random_k,4,5000,0,0
uniform_high,32,7,100,random_matched,1.0,50,42,random_k,4,5000,0,0
uniform_high,32,7,150,random_matched,1.0,50,42,random_k,4,5000,3,3
uniform_high,32,7,200,random_matched,1.0,50,42,random_k,4,5000,0,0
uniform_high,32,7,250,random_matched,1.0,50,42,random_k,4,5000,1,1
uniform_high,32,7,300,random_matched,1.0,50,42,random_k,4,5000,0,0
uniform_high,32,7,350,random_matched,1.0,50,42,random_k,4,5000,1,1
uniform_high,32,7,400,random_matched,1.0,50,42,random_k,4,5000,0,0
uniform_high,32,7,450,random_matched,1.0,50,42,random_k,4,5000,0,0
uniform_high,32,7,500,random_matched,1.0,50,42,random_k,4,5000,0,0
uniform_high,32,7,550,random_matched,1.0,50,42,random_k,4,5000,0,0
uniform_high,32,7,600,random_matched,1.0,50,42,random_k,4,5000,1,1
uniform_high,32,7,650,random_matched,1.0,50,42,random_k,4,5000,1,1
uniform_high,32,7,700,random_matched,1.0,50,42,random_k,4,5000,1,1
uniform_high,32,7,750,random_matched,1.0,50,42,random_k,4,5000,0,0
uniform_high,32,7,800,random_matched,1.0,50,42,random_k,4,5000,2,2
uniform_high,32,7,850,random_matched,1.0,50,42,random_k,4,5000,0,0
uniform_high,32,7,900,random_matched,1.0,50,42,random_k,4,5000,0,0
uniform_high,32,7,950,random_matched,1.0,50,42,random_k,4,5000,1,1
uniform_high,32,7,1000,random_matched,1.0,50,42,random_k,4,5000,0,0
uniform_high,32,7,1050,random_matched,1.0,50,42,random_k,4,5000,0,0
uniform_high,32,7,1100,random_matched,1.0,50,42,random_k,4,5000,1,1
uniform_high,32,7,1150,random_matched,1.0,50,42,random_k,4,5000,0,0
uniform_high,32,7,1200,random_matched,1.0,50,42,random_k,4,5000,0,0
uniform_high,32,7,1250,random_matched,1.0,50,42,random_k,4,5000,0,0
uniform_high,32,7,1300,random_matched,1.0,50,42,random_k,4,5000,0,0
uniform_high,32,7,1350,random_matched,1.0,50,42,random_k,4,5000,1,1
uniform_high,32,7,1400,random_matched,1.0,50,42,random_k,4,5000,0,0
uniform_high,32,7,1450,random_matched,1.0,50,42,random_k,4,5000,0,0
uniform_high,32,7,1500,random_matched,1.0,50,42,random_k,4,5000,0,0
uniform_high,32,7,1550,random_matched,1.0,50,42,random_k,4,5000,0,0
uniform_high,32,7,1600,random_matched,1.0,50,42,random_k,4,5000,0,0
uniform_high,32,7,1650,random_matched,1.0,50,42,random_k,4,5000,0,0
uniform_high,32,7,1700,random_matched,1.0,50,42,random_k,4,5000,0,0
uniform_high,32,7,1750,random_matched,1.0,50,42,random_k,4,5000,0,0
uniform_high,32,7,1800,random_matched,1.0,50,42,random_k,4,5000,0,0
uniform_high,32,7,1850,random_matched,1.0,50,42,random_k,4,5000,0,0
uniform_high,32,7,1900,random_matched,1.0,50,42,random_k,4,5000,0,0
uniform_high,32,7,1950,random_matched,1.0,50,42,random_k,4,5000,0,0
uniform_high,32,7,2000,random_matched,1.0,50,42,random_k,4,5000,0,0
uniform_high,32,7,2050,random_matched,1.0,50,42,random_k,4,5000,0,0
uniform_high,32,7,2100,random_matched,1.0,50,42,random_k,4,5000,0,0
uniform_high,32,7,2150,random_matched,1.0,50,42,random_k,4,5000,0,0
uniform_high,32,7,2200,random_matched,1.0,50,42,random_k,4,5000,0,0
uniform_high,32,7,2250,random_matched,1.0,50,42,random_k,4,5000,0,0
uniform_high,32,7,2300,random_matched,1.0,50,42,random_k,4,5000,0,0
uniform_high,32,7,2350,random_matched,1.0,50,42,random_k,4,5000,0,0
uniform_high,32,7,2400,random_matched,1.0,50,42,random_k,4,5000,0,0
uniform_high,32,7,2450,random_matched,1.0,50,42,random_k,4,5000,0,0
uniform_high,32,7,2500,random_matched,1.0,50,42,random_k,4,5000,0,0
uniform_high,32,7,2550,random_matched,1.0,50,42,random_k,4,5000,0,0
uniform_high,32,7,2600,random_matched,1.0,50,42,random_k,4,5000,0,0
uniform_high,32,7,2650,random_matched,1.0,50,42,random_k,4,5000,0,0
uniform_high,32,7,2700,random_matched,1.0,50,42,random_k,4,5000,0,0
uniform_high,32,7,2750,random_matched,1.0,50,42,random_k,4,5000,0,0
uniform_high,32,7,2800,random_matched,1.0,50,42,random_k,4,5000,0,0
uniform_high,32,7,2850,random_matched,1.0,50,42,random_k,4,5000,0,0
uniform_high,32,7,2900,random_matched,1.0,50,42,random_k,4,5000,0,0
uniform_high,32,7,2950,random_matched,1.0,50,42,random_k,4,5000,0,0
uniform_high,32,7,3000,random_matched,1.0,50,42,random_k,4,5000,0,0
uniform_high,32,7,3050,random_matched,1.0,50,42,random_k,4,5000,0,0
uniform_high,32,7,3100,random_matched,1.0,50,42,random_k,4,5000,0,0
uniform_high,32,7,3150,random_matched,1.0,50,42,random_k,4,5000,0,0
uniform_high,32,7,3200,random_matched,1.0,50,42,random_k,4,5000,0,0
uniform_high,32,7,3250,random_matched,1.0,50,42,random_k,4,5000,0,0
uniform_high,32,7,3300,random_matched,1.0,50,42,random_k,4,5000,0,0
uniform_high,32,7,3350,random_matched,1.0,50,42,random_k,4,5000,0,0
uniform_high,32,7,3400,random_matched,1.0,50,42,random_k,4,5000,0,0
uniform_high,32,7,3450,random_matched,1.0,50,42,random_k,4,5000,0,0
uniform_high,32,7,3500,random_matched,1.0,50,42,random_k,4,5000,0,0
uniform_high,32,7,3550,random_matched,1.0,50,42,random_k,4,5000,0,0
uniform_high,32,7,3600,random_matched,1.0,50,42,random_k,4,5000,0,0
uniform_high,32,7,3650,random_matched,1.0,50,42,random_k,4,5000,0,0
uniform_high,32,7,3700,random_matched,1.0,50,42,random_k,4,5000,0,0
uniform_high,32,7,3750,random_matched,1.0,50,42,random_k,4,5000,0,0
uniform_high,32,7,3800,random_matched,1.0,50,42,random_k,4,5000,0,0
uniform_high,32,7,3850,random_matched,1.0,50,42,random_k,4,5000,0,0
uniform_high,32,7,3900,random_matched,1.0,50,42,random_k,4,5000,0,0
uniform_high,32,7,3950,random_matched,1.0,50,42,random_k,4,5000,0,0
uniform_high,32,7,4000,random_matched,1.0,50,42,random_k,4,5000,0,0
uniform_high,32,7,4050,random_matched,1.0,50,42,random_k,4,5000,0,0
uniform_high,32,7,4100,random_matched,1.0,50,42,random_k,4,5000,0,0
uniform_high,32,7,4150,random_matched,1.0,50,42,random_k,4,5000,0,0
uniform_high,32,7,4200,random_matched,1.0,50,42,random_k,4,5000,0,0
uniform_high,32,7,4250,random_matched,1.0,50,42,random_k,4,5000,0,0
uniform_high,32,7,4300,random_matched,1.0,50,42,random_k,4,5000,0,0
uniform_high,32,7,4350,random_matched,1.0,50,42,random_k,4,5000,0,0
uniform_high,32,7,4400,random_matched,1.0,50,42,random_k,4,5000,0,0
uniform_high,32,7,4450,random_matched,1.0,50,42,random_k,4,5000,0,0
uniform_high,32,7,4500,random_matched,1.0,50,42,random_k,4,5000,0,0
uniform_high,32,7,4550,random_matched,1.0,50,42,random_k,4,5000,1,1
uniform_high,32,7,4600,random_matched,1.0,50,42,random_k,4,5000,0,0
uniform_high,32,7,4650,random_matched,1.0,50,42,random_k,4,5000,0,0
uniform_high,32,7,4700,random_matched,1.0,50,42,random_k,4,5000,0,0
uniform_high,32,7,4750,random_matched,1.0,50,42,random_k,4,5000,0,0
uniform_high,32,7,4800,random_matched,1.0,50,42,random_k,4,5000,0,0
uniform_high,32,7,4850,random_matched,1.0,50,42,random_k,4,5000,0,0
uniform_high,32,7,4900,random_matched,1.0,50,42,random_k,4,5000,0,0
uniform_high,32,7,4950,random_matched,1.0,50,42,random_k,4,5000,0,0
uniform_high,32,7,5000,random_matched,1.0,50,42,random_k,4,5000,0,0
uniform_high,64,7,50,random_matched,1.0,50,42,random_k,4,5000,1,1
uniform_high,64,7,100,random_matched,1.0,50,42,random_k,4,5000,1,1
uniform_high,64,7,150,random_matched,1.0,50,42,random_k,4,5000,1,1
uniform_high,64,7,200,random_matched,1.0,50,42,random_k,4,5000,2,2
uniform_high,64,7,250,random_matched,1.0,50,42,random_k,4,5000,3,3
uniform_high,64,7,300,random_matched,1.0,50,42,random_k,4,5000,1,1
uniform_high,64,7,350,random_matched,1.0,50,42,random_k,4,5000,0,0
uniform_high,64,7,400,random_matched,1.0,50,42,random_k,4,5000,2,2
uniform_high,64,7,450,random_matched,1.0,50,42,random_k,4,5000,1,1
uniform_high,64,7,500,random_matched,1.0,50,42,random_k,4,5000,1,1
uniform_high,64,7,550,random_matched,1.0,50,42,random_k,4,5000,3,3
uniform_high,64,7,600,random_matched,1.0,50,42,random_k,4,5000,1,1
uniform_high,64,7,650,random_matched,1.0,50,42,random_k,4,5000,3,3
uniform_high,64,7,700,random_matched,1.0,50,42,random_k,4,5000,2,2
uniform_high,64,7,750,random_matched,1.0,50,42,random_k,4,5000,0,0
uniform_high,64,7,800,random_matched,1.0,50,42,random_k,4,5000,1,1
uniform_high,64,7,850,random_matched,1.0,50,42,random_k,4,5000,2,2
uniform_high,64,7,900,random_matched,1.0,50,42,random_k,4,5000,1,1
uniform_high,64,7,950,random_matched,1.0,50,42,random_k,4,5000,1,1
uniform_high,64,7,1000,random_matched,1.0,50,42,random_k,4,5000,2,2
uniform_high,64,7,1050,random_matched,1.0,50,42,random_k,4,5000,3,3
uniform_high,64,7,1100,random_matched,1.0,50,42,random_k,4,5000,1,1
uniform_high,64,7,1150,random_matched,1.0,50,42,random_k,4,5000,2,2
uniform_high,64,7,1200,random_matched,1.0,50,42,random_k,4,5000,5,5
uniform_high,64,7,1250,random_matched,1.0,50,42,random_k,4,5000,1,1
uniform_high,64,7,1300,random_matched,1.0,50,42,random_k,4,5000,0,0
uniform_high,64,7,1350,random_matched,1.0,50,42,random_k,4,5000,2,2
uniform_high,64,7,1400,random_matched,1.0,50,42,random_k,4,5000,1,1
uniform_high,64,7,1450,random_matched,1.0,50,42,random_k,4,5000,1,1
uniform_high,64,7,1500,random_matched,1.0,50,42,random_k,4,5000,7,7
uniform_high,64,7,1550,random_matched,1.0,50,42,random_k,4,5000,3,3
uniform_high,64,7,1600,random_matched,1.0,50,42,random_k,4,5000,4,4
uniform_high,64,7,1650,random_matched,1.0,50,42,random_k,4,5000,2,2
uniform_high,64,7,1700,random_matched,1.0,50,42,random_k,4,5000,0,0
uniform_high,64,7,1750,random_matched,1.0,50,42,random_k,4,5000,2,2
uniform_high,64,7,1800,random_matched,1.0,50,42,random_k,4,5000,1,1
uniform_high,64,7,1850,random_matched,1.0,50,42,random_k,4,5000,0,0
uniform_high,64,7,1900,random_matched,1.0,50,42,random_k,4,5000,3,3
uniform_high,64,7,1950,random_matched,1.0,50,42,random_k,4,5000,0,0
uniform_high,64,7,2000,random_matched,1.0,50,42,random_k,4,5000,3,3
uniform_high,64,7,2050,random_matched,1.0,50,42,random_k,4,5000,0,0
uniform_high,64,7,2100,random_matched,1.0,50,42,random_k,4,5000,0,0
uniform_high,64,7,2150,random_matched,1.0,50,42,random_k,4,5000,2,2
uniform_high,64,7,2200,random_matched,1.0,50,42,random_k,4,5000,2,2
uniform_high,64,7,2250,random_matched,1.0,50,42,random_k,4,5000,2,2
uniform_high,64,7,2300,random_matched,1.0,50,42,random_k,4,5000,1,1
uniform_high,64,7,2350,random_matched,1.0,50,42,random_k,4,5000,1,1
uniform_high,64,7,2400,random_matched,1.0,50,42,random_k,4,5000,1,1
uniform_high,64,7,2450,random_matched,1.0,50,42,random_k,4,5000,1,1
uniform_high,64,7,2500,random_matched,1.0,50,42,random_k,4,5000,1,1
uniform_high,64,7,2550,random_matched,1.0,50,42,random_k,4,5000,0,0
uniform_high,64,7,2600,random_matched,1.0,50,42,random_k,4,5000,0,0
uniform_high,64,7,2650,random_matched,1.0,50,42,random_k,4,5000,1,1
uniform_high,64,7,2700,random_matched,1.0,50,42,random_k,4,5000,2,2
uniform_high,64,7,2750,random_matched,1.0,50,42,random_k,4,5000,3,3
uniform_high,64,7,2800,random_matched,1.0,50,42,random_k,4,5000,1,1
uniform_high,64,7,2850,random_matched,1.0,50,42,random_k,4,5000,1,1
uniform_high,64,7,2900,random_matched,1.0,50,42,random_k,4,5000,2,2
uniform_high,64,7,2950,random_matched,1.0,50,42,random_k,4,5000,1,1
uniform_high,64,7,3000,random_matched,1.0,50,42,random_k,4,5000,0,0
uniform_high,64,7,3050,random_matched,1.0,50,42,random_k,4,5000,3,3
uniform_high,64,7,3100,random_matched,1.0,50,42,random_k,4,5000,1,1
uniform_high,64,7,3150,random_matched,1.0,50,42,random_k,4,5000,2,2
uniform_high,64,7,3200,random_matched,1.0,50,42,random_k,4,5000,1,1
uniform_high,64,7,3250,random_matched,1.0,50,42,random_k,4,5000,2,2
uniform_high,64,7,3300,random_matched,1.0,50,42,random_k,4,5000,1,1
uniform_high,64,7,3350,random_matched,1.0,50,42,random_k,4,5000,1,1
uniform_high,64,7,3400,random_matched,1.0,50,42,random_k,4,5000,3,3
uniform_high,64,7,3450,random_matched,1.0,50,42,random_k,4,5000,1,1
uniform_high,64,7,3500,random_matched,1.0,50,42,random_k,4,5000,0,0
uniform_high,64,7,3550,random_matched,1.0,50,42,random_k,4,5000,0,0
uniform_high,64,7,3600,random_matched,1.0,50,42,random_k,4,5000,0,0
uniform_high,64,7,3650,random_matched,1.0,50,42,random_k,4,5000,2,2
uniform_high,64,7,3700,random_matched,1.0,50,42,random_k,4,5000,1,1
uniform_high,64,7,3750,random_matched,1.0,50,42,random_k,4,5000,0,0
uniform_high,64,7,3800,random_matched,1.0,50,42,random_k,4,5000,0,0
uniform_high,64,7,3850,random_matched,1.0,50,42,random_k,4,5000,1,1
uniform_high,64,7,3900,random_matched,1.0,50,42,random_k,4,5000,0,0
uniform_high,64,7,3950,random_matched,1.0,50,42,random_k,4,5000,1,1
uniform_high,64,7,4000,random_matched,1.0,50,42,random_k,4,5000,0,0
uniform_high,64,7,4050,random_matched,1.0,50,42,random_k,4,5000,2,2
uniform_high,64,7,4100,random_matched,1.0,50,42,random_k,4,5000,1,1
uniform_high,64,7,4150,random_matched,1.0,50,42,random_k,4,5000,1,1
uniform_high,64,7,4200,random_matched,1.0,50,42,random_k,4,5000,0,0
uniform_high,64,7,4250,random_matched,1.0,50,42,random_k,4,5000,0,0
uniform_high,64,7,4300,random_matched,1.0,50,42,random_k,4,5000,1,1
uniform_high,64,7,4350,random_matched,1.0,50,42,random_k,4,5000,1,1
uniform_high,64,7,4400,random_matched,1.0,50,42,random_k,4,5000,2,2
uniform_high,64,7,4450,random_matched,1.0,50,42,random_k,4,5000,1,1
uniform_high,64,7,4500,random_matched,1.0,50,42,random_k,4,5000,0,0
uniform_high,64,7,4550,random_matched,1.0,50,42,random_k,4,5000,0,0
uniform_high,64,7,4600,random_matched,1.0,50,42,random_k,4,5000,0,0
uniform_high,64,7,4650,random_matched,1.0,50,42,random_k,4,5000,0,0
uniform_high,64,7,4700,random_matched,1.0,50,42,random_k,4,5000,1,1
uniform_high,64,7,4750,random_matched,1.0,50,42,random_k,4,5000,0,0
uniform_high,64,7,4800,random_matched,1.0,50,42,random_k,4,5000,0,0
uniform_high,64,7,4850,random_matched,1.0,50,42,random_k,4,5000,0,0
uniform_high,64,7,4900,random_matched,1.0,50,42,random_k,4,5000,1,1
uniform_high,64,7,4950,random_matched,1.0,50,42,random_k,4,5000,0,0
uniform_high,64,7,5000,random_matched,1.0,50,42,random_k,4,5000,0,0
patchy_high,32,7,50,random_matched,1.0,50,42,random_k,4,5000,0,0
patchy_high,32,7,100,random_matched,1.0,50,42,random_k,4,5000,1,1
patchy_high,32,7,150,random_matched,1.0,50,42,random_k,4,5000,2,2
patchy_high,32,7,200,random_matched,1.0,50,42,random_k,4,5000,1,1
patchy_high,32,7,250,random_matched,1.0,50,42,random_k,4,5000,1,1
patchy_high,32,7,300,random_matched,1.0,50,42,random_k,4,5000,0,0
patchy_high,32,7,350,random_matched,1.0,50,42,random_k,4,5000,1,1
patchy_high,32,7,400,random_matched,1.0,50,42,random_k,4,5000,4,4
patchy_high,32,7,450,random_matched,1.0,50,42,random_k,4,5000,0,0
patchy_high,32,7,500,random_matched,1.0,50,42,random_k,4,5000,1,1
patchy_high,32,7,550,random_matched,1.0,50,42,random_k,4,5000,0,0
patchy_high,32,7,600,random_matched,1.0,50,42,random_k,4,5000,0,0
patchy_high,32,7,650,random_matched,1.0,50,42,random_k,4,5000,1,1
patchy_high,32,7,700,random_matched,1.0,50,42,random_k,4,5000,0,0
patchy_high,32,7,750,random_matched,1.0,50,42,random_k,4,5000,0,0
patchy_high,32,7,800,random_matched,1.0,50,42,random_k,4,5000,0,0
patchy_high,32,7,850,random_matched,1.0,50,42,random_k,4,5000,0,0
patchy_high,32,7,900,random_matched,1.0,50,42,random_k,4,5000,1,1
patchy_high,32,7,950,random_matched,1.0,50,42,random_k,4,5000,0,0
patchy_high,32,7,1000,random_matched,1.0,50,42,random_k,4,5000,0,0
patchy_high,32,7,1050,random_matched,1.0,50,42,random_k,4,5000,0,0
patchy_high,32,7,1100,random_matched,1.0,50,42,random_k,4,5000,1,1
patchy_high,32,7,1150,random_matched,1.0,50,42,random_k,4,5000,1,1
patchy_high,32,7,1200,random_matched,1.0,50,42,random_k,4,5000,0,0
patchy_high,32,7,1250,random_matched,1.0,50,42,random_k,4,5000,0,0
patchy_high,32,7,1300,random_matched,1.0,50,42,random_k,4,5000,2,2
patchy_high,32,7,1350,random_matched,1.0,50,42,random_k,4,5000,1,1
patchy_high,32,7,1400,random_matched,1.0,50,42,random_k,4,5000,0,0
patchy_high,32,7,1450,random_matched,1.0,50,42,random_k,4,5000,1,1
patchy_high,32,7,1500,random_matched,1.0,50,42,random_k,4,5000,1,1
patchy_high,32,7,1550,random_matched,1.0,50,42,random_k,4,5000,0,0
patchy_high,32,7,1600,random_matched,1.0,50,42,random_k,4,5000,0,0
patchy_high,32,7,1650,random_matched,1.0,50,42,random_k,4,5000,0,0
patchy_high,32,7,1700,random_matched,1.0,50,42,random_k,4,5000,1,1
patchy_high,32,7,1750,random_matched,1.0,50,42,random_k,4,5000,2,2
patchy_high,32,7,1800,random_matched,1.0,50,42,random_k,4,5000,0,0
patchy_high,32,7,1850,random_matched,1.0,50,42,random_k,4,5000,0,0
patchy_high,32,7,1900,random_matched,1.0,50,42,random_k,4,5000,2,2
patchy_high,32,7,1950,random_matched,1.0,50,42,random_k,4,5000,0,0
patchy_high,32,7,2000,random_matched,1.0,50,42,random_k,4,5000,1,1
patchy_high,32,7,2050,random_matched,1.0,50,42,random_k,4,5000,0,0
patchy_high,32,7,2100,random_matched,1.0,50,42,random_k,4,5000,0,0
patchy_high,32,7,2150,random_matched,1.0,50,42,random_k,4,5000,0,0
patchy_high,32,7,2200,random_matched,1.0,50,42,random_k,4,5000,0,0
patchy_high,32,7,2250,random_matched,1.0,50,42,random_k,4,5000,0,0
patchy_high,32,7,2300,random_matched,1.0,50,42,random_k,4,5000,0,0
patchy_high,32,7,2350,random_matched,1.0,50,42,random_k,4,5000,0,0
patchy_high,32,7,2400,random_matched,1.0,50,42,random_k,4,5000,0,0
patchy_high,32,7,2450,random_matched,1.0,50,42,random_k,4,5000,0,0
patchy_high,32,7,2500,random_matched,1.0,50,42,random_k,4,5000,1,1
patchy_high,32,7,2550,random_matched,1.0,50,42,random_k,4,5000,0,0
patchy_high,32,7,2600,random_matched,1.0,50,42,random_k,4,5000,0,0
patchy_high,32,7,2650,random_matched,1.0,50,42,random_k,4,5000,0,0
patchy_high,32,7,2700,random_matched,1.0,50,42,random_k,4,5000,0,0
patchy_high,32,7,2750,random_matched,1.0,50,42,random_k,4,5000,0,0
patchy_high,32,7,2800,random_matched,1.0,50,42,random_k,4,5000,0,0
patchy_high,32,7,2850,random_matched,1.0,50,42,random_k,4,5000,0,0
patchy_high,32,7,2900,random_matched,1.0,50,42,random_k,4,5000,0,0
patchy_high,32,7,2950,random_matched,1.0,50,42,random_k,4,5000,0,0
patchy_high,32,7,3000,random_matched,1.0,50,42,random_k,4,5000,0,0
patchy_high,32,7,3050,random_matched,1.0,50,42,random_k,4,5000,0,0
patchy_high,32,7,3100,random_matched,1.0,50,42,random_k,4,5000,0,0
patchy_high,32,7,3150,random_matched,1.0,50,42,random_k,4,5000,0,0
patchy_high,32,7,3200,random_matched,1.0,50,42,random_k,4,5000,1,1
patchy_high,32,7,3250,random_matched,1.0,50,42,random_k,4,5000,0,0
patchy_high,32,7,3300,random_matched,1.0,50,42,random_k,4,5000,0,0
patchy_high,32,7,3350,random_matched,1.0,50,42,random_k,4,5000,0,0
patchy_high,32,7,3400,random_matched,1.0,50,42,random_k,4,5000,0,0
patchy_high,32,7,3450,random_matched,1.0,50,42,random_k,4,5000,0,0
patchy_high,32,7,3500,random_matched,1.0,50,42,random_k,4,5000,0,0
patchy_high,32,7,3550,random_matched,1.0,50,42,random_k,4,5000,1,1
patchy_high,32,7,3600,random_matched,1.0,50,42,random_k,4,5000,0,0
patchy_high,32,7,3650,random_matched,1.0,50,42,random_k,4,5000,0,0
patchy_high,32,7,3700,random_matched,1.0,50,42,random_k,4,5000,0,0
patchy_high,32,7,3750,random_matched,1.0,50,42,random_k,4,5000,0,0
patchy_high,32,7,3800,random_matched,1.0,50,42,random_k,4,5000,0,0
patchy_high,32,7,3850,random_matched,1.0,50,42,random_k,4,5000,0,0
patchy_high,32,7,3900,random_matched,1.0,50,42,random_k,4,5000,0,0
patchy_high,32,7,3950,random_matched,1.0,50,42,random_k,4,5000,0,0
patchy_high,32,7,4000,random_matched,1.0,50,42,random_k,4,5000,0,0
patchy_high,32,7,4050,random_matched,1.0,50,42,random_k,4,5000,0,0
patchy_high,32,7,4100,random_matched,1.0,50,42,random_k,4,5000,0,0
patchy_high,32,7,4150,random_matched,1.0,50,42,random_k,4,5000,0,0
patchy_high,32,7,4200,random_matched,1.0,50,42,random_k,4,5000,0,0
patchy_high,32,7,4250,random_matched,1.0,50,42,random_k,4,5000,0,0
patchy_high,32,7,4300,random_matched,1.0,50,42,random_k,4,5000,0,0
patchy_high,32,7,4350,random_matched,1.0,50,42,random_k,4,5000,1,1
patchy_high,32,7,4400,random_matched,1.0,50,42,random_k,4,5000,0,0
patchy_high,32,7,4450,random_matched,1.0,50,42,random_k,4,5000,0,0
patchy_high,32,7,4500,random_matched,1.0,50,42,random_k,4,5000,0,0
patchy_high,32,7,4550,random_matched,1.0,50,42,random_k,4,5000,1,1
patchy_high,32,7,4600,random_matched,1.0,50,42,random_k,4,5000,1,1
patchy_high,32,7,4650,random_matched,1.0,50,42,random_k,4,5000,0,0
patchy_high,32,7,4700,random_matched,1.0,50,42,random_k,4,5000,0,0
patchy_high,32,7,4750,random_matched,1.0,50,42,random_k,4,5000,0,0
patchy_high,32,7,4800,random_matched,1.0,50,42,random_k,4,5000,0,0
patchy_high,32,7,4850,random_matched,1.0,50,42,random_k,4,5000,0,0
patchy_high,32,7,4900,random_matched,1.0,50,42,random_k,4,5000,0,0
patchy_high,32,7,4950,random_matched,1.0,50,42,random_k,4,5000,0,0
patchy_high,32,7,5000,random_matched,1.0,50,42,random_k,4,5000,0,0
patchy_high,64,7,50,random_matched,1.0,50,42,random_k,4,5000,1,1
patchy_high,64,7,100,random_matched,1.0,50,42,random_k,4,5000,1,1
patchy_high,64,7,150,random_matched,1.0,50,42,random_k,4,5000,1,1
patchy_high,64,7,200,random_matched,1.0,50,42,random_k,4,5000,3,3
patchy_high,64,7,250,random_matched,1.0,50,42,random_k,4,5000,2,2
patchy_high,64,7,300,random_matched,1.0,50,42,random_k,4,5000,1,1
patchy_high,64,7,350,random_matched,1.0,50,42,random_k,4,5000,2,2
patchy_high,64,7,400,random_matched,1.0,50,42,random_k,4,5000,1,1
patchy_high,64,7,450,random_matched,1.0,50,42,random_k,4,5000,1,1
patchy_high,64,7,500,random_matched,1.0,50,42,random_k,4,5000,3,3
patchy_high,64,7,550,random_matched,1.0,50,42,random_k,4,5000,3,3
patchy_high,64,7,600,random_matched,1.0,50,42,random_k,4,5000,1,1
patchy_high,64,7,650,random_matched,1.0,50,42,random_k,4,5000,2,2
patchy_high,64,7,700,random_matched,1.0,50,42,random_k,4,5000,3,3
patchy_high,64,7,750,random_matched,1.0,50,42,random_k,4,5000,0,0
patchy_high,64,7,800,random_matched,1.0,50,42,random_k,4,5000,1,1
patchy_high,64,7,850,random_matched,1.0,50,42,random_k,4,5000,1,1
patchy_high,64,7,900,random_matched,1.0,50,42,random_k,4,5000,2,2
patchy_high,64,7,950,random_matched,1.0,50,42,random_k,4,5000,3,3
patchy_high,64,7,1000,random_matched,1.0,50,42,random_k,4,5000,2,2
patchy_high,64,7,1050,random_matched,1.0,50,42,random_k,4,5000,4,4
patchy_high,64,7,1100,random_matched,1.0,50,42,random_k,4,5000,2,2
patchy_high,64,7,1150,random_matched,1.0,50,42,random_k,4,5000,2,2
patchy_high,64,7,1200,random_matched,1.0,50,42,random_k,4,5000,2,2
patchy_high,64,7,1250,random_matched,1.0,50,42,random_k,4,5000,1,1
patchy_high,64,7,1300,random_matched,1.0,50,42,random_k,4,5000,3,3
patchy_high,64,7,1350,random_matched,1.0,50,42,random_k,4,5000,5,5
patchy_high,64,7,1400,random_matched,1.0,50,42,random_k,4,5000,5,5
patchy_high,64,7,1450,random_matched,1.0,50,42,random_k,4,5000,1,1
patchy_high,64,7,1500,random_matched,1.0,50,42,random_k,4,5000,2,2
patchy_high,64,7,1550,random_matched,1.0,50,42,random_k,4,5000,1,1
patchy_high,64,7,1600,random_matched,1.0,50,42,random_k,4,5000,1,1
patchy_high,64,7,1650,random_matched,1.0,50,42,random_k,4,5000,1,1
patchy_high,64,7,1700,random_matched,1.0,50,42,random_k,4,5000,3,3
patchy_high,64,7,1750,random_matched,1.0,50,42,random_k,4,5000,0,0
patchy_high,64,7,1800,random_matched,1.0,50,42,random_k,4,5000,0,0
patchy_high,64,7,1850,random_matched,1.0,50,42,random_k,4,5000,3,3
patchy_high,64,7,1900,random_matched,1.0,50,42,random_k,4,5000,0,0
patchy_high,64,7,1950,random_matched,1.0,50,42,random_k,4,5000,0,0
patchy_high,64,7,2000,random_matched,1.0,50,42,random_k,4,5000,2,2
patchy_high,64,7,2050,random_matched,1.0,50,42,random_k,4,5000,2,2
patchy_high,64,7,2100,random_matched,1.0,50,42,random_k,4,5000,2,2
patchy_high,64,7,2150,random_matched,1.0,50,42,random_k,4,5000,2,2
patchy_high,64,7,2200,random_matched,1.0,50,42,random_k,4,5000,0,0
patchy_high,64,7,2250,random_matched,1.0,50,42,random_k,4,5000,2,2
patchy_high,64,7,2300,random_matched,1.0,50,42,random_k,4,5000,1,1
patchy_high,64,7,2350,random_matched,1.0,50,42,random_k,4,5000,0,0
patchy_high,64,7,2400,random_matched,1.0,50,42,random_k,4,5000,0,0
patchy_high,64,7,2450,random_matched,1.0,50,42,random_k,4,5000,1,1
patchy_high,64,7,2500,random_matched,1.0,50,42,random_k,4,5000,3,3
patchy_high,64,7,2550,random_matched,1.0,50,42,random_k,4,5000,1,1
patchy_high,64,7,2600,random_matched,1.0,50,42,random_k,4,5000,1,1
patchy_high,64,7,2650,random_matched,1.0,50,42,random_k,4,5000,3,3
patchy_high,64,7,2700,random_matched,1.0,50,42,random_k,4,5000,2,2
patchy_high,64,7,2750,random_matched,1.0,50,42,random_k,4,5000,0,0
patchy_high,64,7,2800,random_matched,1.0,50,42,random_k,4,5000,3,3
patchy_high,64,7,2850,random_matched,1.0,50,42,random_k,4,5000,0,0
patchy_high,64,7,2900,random_matched,1.0,50,42,random_k,4,5000,3,3
patchy_high,64,7,2950,random_matched,1.0,50,42,random_k,4,5000,1,1
patchy_high,64,7,3000,random_matched,1.0,50,42,random_k,4,5000,1,1
patchy_high,64,7,3050,random_matched,1.0,50,42,random_k,4,5000,2,2
patchy_high,64,7,3100,random_matched,1.0,50,42,random_k,4,5000,2,2
patchy_high,64,7,3150,random_matched,1.0,50,42,random_k,4,5000,3,3
patchy_high,64,7,3200,random_matched,1.0,50,42,random_k,4,5000,0,0
patchy_high,64,7,3250,random_matched,1.0,50,42,random_k,4,5000,0,0
patchy_high,64,7,3300,random_matched,1.0,50,42,random_k,4,5000,0,0
patchy_high,64,7,3350,random_matched,1.0,50,42,random_k,4,5000,2,2
patchy_high,64,7,3400,random_matched,1.0,50,42,random_k,4,5000,1,1
patchy_high,64,7,3450,random_matched,1.0,50,42,random_k,4,5000,0,0
patchy_high,64,7,3500,random_matched,1.0,50,42,random_k,4,5000,1,1
patchy_high,64,7,3550,random_matched,1.0,50,42,random_k,4,5000,0,0
patchy_high,64,7,3600,random_matched,1.0,50,42,random_k,4,5000,1,1
patchy_high,64,7,3650,random_matched,1.0,50,42,random_k,4,5000,1,1
patchy_high,64,7,3700,random_matched,1.0,50,42,random_k,4,5000,1,1
patchy_high,64,7,3750,random_matched,1.0,50,42,random_k,4,5000,1,1
patchy_high,64,7,3800,random_matched,1.0,50,42,random_k,4,5000,1,1
patchy_high,64,7,3850,random_matched,1.0,50,42,random_k,4,5000,0,0
patchy_high,64,7,3900,random_matched,1.0,50,42,random_k,4,5000,1,1
patchy_high,64,7,3950,random_matched,1.0,50,42,random_k,4,5000,1,1
patchy_high,64,7,4000,random_matched,1.0,50,42,random_k,4,5000,3,3
patchy_high,64,7,4050,random_matched,1.0,50,42,random_k,4,5000,0,0
patchy_high,64,7,4100,random_matched,1.0,50,42,random_k,4,5000,0,0
patchy_high,64,7,4150,random_matched,1.0,50,42,random_k,4,5000,1,1
patchy_high,64,7,4200,random_matched,1.0,50,42,random_k,4,5000,0,0
patchy_high,64,7,4250,random_matched,1.0,50,42,random_k,4,5000,0,0
patchy_high,64,7,4300,random_matched,1.0,50,42,random_k,4,5000,0,0
patchy_high,64,7,4350,random_matched,1.0,50,42,random_k,4,5000,1,1
patchy_high,64,7,4400,random_matched,1.0,50,42,random_k,4,5000,0,0
patchy_high,64,7,4450,random_matched,1.0,50,42,random_k,4,5000,1,1
patchy_high,64,7,4500,random_matched,1.0,50,42,random_k,4,5000,0,0
patchy_high,64,7,4550,random_matched,1.0,50,42,random_k,4,5000,0,0
patchy_high,64,7,4600,random_matched,1.0,50,42,random_k,4,5000,1,1
patchy_high,64,7,4650,random_matched,1.0,50,42,random_k,4,5000,1,1
patchy_high,64,7,4700,random_matched,1.0,50,42,random_k,4,5000,3,3
patchy_high,64,7,4750,random_matched,1.0,50,42,random_k,4,5000,0,0
patchy_high,64,7,4800,random_matched,1.0,50,42,random_k,4,5000,2,2
patchy_high,64,7,4850,random_matched,1.0,50,42,random_k,4,5000,3,3
patchy_high,64,7,4900,random_matched,1.0,50,42,random_k,4,5000,2,2
patchy_high,64,7,4950,random_matched,1.0,50,42,random_k,4,5000,1,1
patchy_high,64,7,5000,random_matched,1.0,50,42,random_k,4,5000,0,0
split_high_low,32,7,50,random_matched,1.0,50,42,random_k,4,5000,0,0
split_high_low,32,7,100,random_matched,1.0,50,42,random_k,4,5000,0,0
split_high_low,32,7,150,random_matched,1.0,50,42,random_k,4,5000,0,0
split_high_low,32,7,200,random_matched,1.0,50,42,random_k,4,5000,2,2
split_high_low,32,7,250,random_matched,1.0,50,42,random_k,4,5000,1,1
split_high_low,32,7,300,random_matched,1.0,50,42,random_k,4,5000,1,1
split_high_low,32,7,350,random_matched,1.0,50,42,random_k,4,5000,0,0
split_high_low,32,7,400,random_matched,1.0,50,42,random_k,4,5000,1,1
split_high_low,32,7,450,random_matched,1.0,50,42,random_k,4,5000,0,0
split_high_low,32,7,500,random_matched,1.0,50,42,random_k,4,5000,2,2
split_high_low,32,7,550,random_matched,1.0,50,42,random_k,4,5000,1,1
split_high_low,32,7,600,random_matched,1.0,50,42,random_k,4,5000,1,1
split_high_low,32,7,650,random_matched,1.0,50,42,random_k,4,5000,1,1
split_high_low,32,7,700,random_matched,1.0,50,42,random_k,4,5000,1,1
split_high_low,32,7,750,random_matched,1.0,50,42,random_k,4,5000,1,1
split_high_low,32,7,800,random_matched,1.0,50,42,random_k,4,5000,0,0
split_high_low,32,7,850,random_matched,1.0,50,42,random_k,4,5000,0,0
split_high_low,32,7,900,random_matched,1.0,50,42,random_k,4,5000,0,0
split_high_low,32,7,950,random_matched,1.0,50,42,random_k,4,5000,1,1
split_high_low,32,7,1000,random_matched,1.0,50,42,random_k,4,5000,0,0
split_high_low,32,7,1050,random_matched,1.0,50,42,random_k,4,5000,0,0
split_high_low,32,7,1100,random_matched,1.0,50,42,random_k,4,5000,0,0
split_high_low,32,7,1150,random_matched,1.0,50,42,random_k,4,5000,1,1
split_high_low,32,7,1200,random_matched,1.0,50,42,random_k,4,5000,1,1
split_high_low,32,7,1250,random_matched,1.0,50,42,random_k,4,5000,0,0
split_high_low,32,7,1300,random_matched,1.0,50,42,random_k,4,5000,3,3
split_high_low,32,7,1350,random_matched,1.0,50,42,random_k,4,5000,1,1
split_high_low,32,7,1400,random_matched,1.0,50,42,random_k,4,5000,0,0
split_high_low,32,7,1450,random_matched,1.0,50,42,random_k,4,5000,1,1
split_high_low,32,7,1500,random_matched,1.0,50,42,random_k,4,5000,1,1
split_high_low,32,7,1550,random_matched,1.0,50,42,random_k,4,5000,0,0
split_high_low,32,7,1600,random_matched,1.0,50,42,random_k,4,5000,1,1
split_high_low,32,7,1650,random_matched,1.0,50,42,random_k,4,5000,1,1
split_high_low,32,7,1700,random_matched,1.0,50,42,random_k,4,5000,1,1
split_high_low,32,7,1750,random_matched,1.0,50,42,random_k,4,5000,1,1
split_high_low,32,7,1800,random_matched,1.0,50,42,random_k,4,5000,1,1
split_high_low,32,7,1850,random_matched,1.0,50,42,random_k,4,5000,0,0
split_high_low,32,7,1900,random_matched,1.0,50,42,random_k,4,5000,0,0
split_high_low,32,7,1950,random_matched,1.0,50,42,random_k,4,5000,1,1
split_high_low,32,7,2000,random_matched,1.0,50,42,random_k,4,5000,0,0
split_high_low,32,7,2050,random_matched,1.0,50,42,random_k,4,5000,1,1
split_high_low,32,7,2100,random_matched,1.0,50,42,random_k,4,5000,1,1
split_high_low,32,7,2150,random_matched,1.0,50,42,random_k,4,5000,1,1
split_high_low,32,7,2200,random_matched,1.0,50,42,random_k,4,5000,2,2
split_high_low,32,7,2250,random_matched,1.0,50,42,random_k,4,5000,0,0
split_high_low,32,7,2300,random_matched,1.0,50,42,random_k,4,5000,0,0
split_high_low,32,7,2350,random_matched,1.0,50,42,random_k,4,5000,0,0
split_high_low,32,7,2400,random_matched,1.0,50,42,random_k,4,5000,0,0
split_high_low,32,7,2450,random_matched,1.0,50,42,random_k,4,5000,0,0
split_high_low,32,7,2500,random_matched,1.0,50,42,random_k,4,5000,0,0
split_high_low,32,7,2550,random_matched,1.0,50,42,random_k,4,5000,1,1
split_high_low,32,7,2600,random_matched,1.0,50,42,random_k,4,5000,0,0
split_high_low,32,7,2650,random_matched,1.0,50,42,random_k,4,5000,0,0
split_high_low,32,7,2700,random_matched,1.0,50,42,random_k,4,5000,0,0
split_high_low,32,7,2750,random_matched,1.0,50,42,random_k,4,5000,0,0
split_high_low,32,7,2800,random_matched,1.0,50,42,random_k,4,5000,2,2
split_high_low,32,7,2850,random_matched,1.0,50,42,random_k,4,5000,1,1
split_high_low,32,7,2900,random_matched,1.0,50,42,random_k,4,5000,1,1
split_high_low,32,7,2950,random_matched,1.0,50,42,random_k,4,5000,1,1
split_high_low,32,7,3000,random_matched,1.0,50,42,random_k,4,5000,1,1
split_high_low,32,7,3050,random_matched,1.0,50,42,random_k,4,5000,2,2
split_high_low,32,7,3100,random_matched,1.0,50,42,random_k,4,5000,1,1
split_high_low,32,7,3150,random_matched,1.0,50,42,random_k,4,5000,0,0
split_high_low,32,7,3200,random_matched,1.0,50,42,random_k,4,5000,0,0
split_high_low,32,7,3250,random_matched,1.0,50,42,random_k,4,5000,0,0
split_high_low,32,7,3300,random_matched,1.0,50,42,random_k,4,5000,0,0
split_high_low,32,7,3350,random_matched,1.0,50,42,random_k,4,5000,2,2
split_high_low,32,7,3400,random_matched,1.0,50,42,random_k,4,5000,1,1
split_high_low,32,7,3450,random_matched,1.0,50,42,random_k,4,5000,0,0
split_high_low,32,7,3500,random_matched,1.0,50,42,random_k,4,5000,0,0
split_high_low,32,7,3550,random_matched,1.0,50,42,random_k,4,5000,0,0
split_high_low,32,7,3600,random_matched,1.0,50,42,random_k,4,5000,0,0
split_high_low,32,7,3650,random_matched,1.0,50,42,random_k,4,5000,0,0
split_high_low,32,7,3700,random_matched,1.0,50,42,random_k,4,5000,0,0
split_high_low,32,7,3750,random_matched,1.0,50,42,random_k,4,5000,1,1
split_high_low,32,7,3800,random_matched,1.0,50,42,random_k,4,5000,0,0
split_high_low,32,7,3850,random_matched,1.0,50,42,random_k,4,5000,1,1
split_high_low,32,7,3900,random_matched,1.0,50,42,random_k,4,5000,2,2
split_high_low,32,7,3950,random_matched,1.0,50,42,random_k,4,5000,0,0
split_high_low,32,7,4000,random_matched,1.0,50,42,random_k,4,5000,0,0
split_high_low,32,7,4050,random_matched,1.0,50,42,random_k,4,5000,0,0
split_high_low,32,7,4100,random_matched,1.0,50,42,random_k,4,5000,1,1
split_high_low,32,7,4150,random_matched,1.0,50,42,random_k,4,5000,1,1
split_high_low,32,7,4200,random_matched,1.0,50,42,random_k,4,5000,0,0
split_high_low,32,7,4250,random_matched,1.0,50,42,random_k,4,5000,0,0
split_high_low,32,7,4300,random_matched,1.0,50,42,random_k,4,5000,1,1
split_high_low,32,7,4350,random_matched,1.0,50,42,random_k,4,5000,0,0
split_high_low,32,7,4400,random_matched,1.0,50,42,random_k,4,5000,0,0
split_high_low,32,7,4450,random_matched,1.0,50,42,random_k,4,5000,2,2
split_high_low,32,7,4500,random_matched,1.0,50,42,random_k,4,5000,0,0
split_high_low,32,7,4550,random_matched,1.0,50,42,random_k,4,5000,1,1
split_high_low,32,7,4600,random_matched,1.0,50,42,random_k,4,5000,0,0
split_high_low,32,7,4650,random_matched,1.0,50,42,random_k,4,5000,0,0
split_high_low,32,7,4700,random_matched,1.0,50,42,random_k,4,5000,0,0
split_high_low,32,7,4750,random_matched,1.0,50,42,random_k,4,5000,0,0
split_high_low,32,7,4800,random_matched,1.0,50,42,random_k,4,5000,0,0
split_high_low,32,7,4850,random_matched,1.0,50,42,random_k,4,5000,0,0
split_high_low,32,7,4900,random_matched,1.0,50,42,random_k,4,5000,1,1
split_high_low,32,7,4950,random_matched,1.0,50,42,random_k,4,5000,1,1
split_high_low,32,7,5000,random_matched,1.0,50,42,random_k,4,5000,0,0
split_high_low,64,7,50,random_matched,1.0,50,42,random_k,4,5000,2,2
split_high_low,64,7,100,random_matched,1.0,50,42,random_k,4,5000,0,0
split_high_low,64,7,150,random_matched,1.0,50,42,random_k,4,5000,4,4
split_high_low,64,7,200,random_matched,1.0,50,42,random_k,4,5000,2,2
split_high_low,64,7,250,random_matched,1.0,50,42,random_k,4,5000,1,1
split_high_low,64,7,300,random_matched,1.0,50,42,random_k,4,5000,2,2
split_high_low,64,7,350,random_matched,1.0,50,42,random_k,4,5000,2,2
split_high_low,64,7,400,random_matched,1.0,50,42,random_k,4,5000,1,1
split_high_low,64,7,450,random_matched,1.0,50,42,random_k,4,5000,3,3
split_high_low,64,7,500,random_matched,1.0,50,42,random_k,4,5000,3,3
split_high_low,64,7,550,random_matched,1.0,50,42,random_k,4,5000,2,2
split_high_low,64,7,600,random_matched,1.0,50,42,random_k,4,5000,3,3
split_high_low,64,7,650,random_matched,1.0,50,42,random_k,4,5000,1,1
split_high_low,64,7,700,random_matched,1.0,50,42,random_k,4,5000,2,2
split_high_low,64,7,750,random_matched,1.0,50,42,random_k,4,5000,2,2
split_high_low,64,7,800,random_matched,1.0,50,42,random_k,4,5000,3,3
split_high_low,64,7,850,random_matched,1.0,50,42,random_k,4,5000,2,2
split_high_low,64,7,900,random_matched,1.0,50,42,random_k,4,5000,5,5
split_high_low,64,7,950,random_matched,1.0,50,42,random_k,4,5000,0,0
split_high_low,64,7,1000,random_matched,1.0,50,42,random_k,4,5000,1,1
split_high_low,64,7,1050,random_matched,1.0,50,42,random_k,4,5000,1,1
split_high_low,64,7,1100,random_matched,1.0,50,42,random_k,4,5000,2,2
split_high_low,64,7,1150,random_matched,1.0,50,42,random_k,4,5000,1,1
split_high_low,64,7,1200,random_matched,1.0,50,42,random_k,4,5000,3,3
split_high_low,64,7,1250,random_matched,1.0,50,42,random_k,4,5000,7,7
split_high_low,64,7,1300,random_matched,1.0,50,42,random_k,4,5000,3,3
split_high_low,64,7,1350,random_matched,1.0,50,42,random_k,4,5000,3,3
split_high_low,64,7,1400,random_matched,1.0,50,42,random_k,4,5000,0,0
split_high_low,64,7,1450,random_matched,1.0,50,42,random_k,4,5000,2,2
split_high_low,64,7,1500,random_matched,1.0,50,42,random_k,4,5000,1,1
split_high_low,64,7,1550,random_matched,1.0,50,42,random_k,4,5000,2,2
split_high_low,64,7,1600,random_matched,1.0,50,42,random_k,4,5000,1,1
split_high_low,64,7,1650,random_matched,1.0,50,42,random_k,4,5000,1,1
split_high_low,64,7,1700,random_matched,1.0,50,42,random_k,4,5000,2,2
split_high_low,64,7,1750,random_matched,1.0,50,42,random_k,4,5000,2,2
split_high_low,64,7,1800,random_matched,1.0,50,42,random_k,4,5000,2,2
split_high_low,64,7,1850,random_matched,1.0,50,42,random_k,4,5000,2,2
split_high_low,64,7,1900,random_matched,1.0,50,42,random_k,4,5000,2,2
split_high_low,64,7,1950,random_matched,1.0,50,42,random_k,4,5000,2,2
split_high_low,64,7,2000,random_matched,1.0,50,42,random_k,4,5000,1,1
split_high_low,64,7,2050,random_matched,1.0,50,42,random_k,4,5000,0,0
split_high_low,64,7,2100,random_matched,1.0,50,42,random_k,4,5000,0,0
split_high_low,64,7,2150,random_matched,1.0,50,42,random_k,4,5000,1,1
split_high_low,64,7,2200,random_matched,1.0,50,42,random_k,4,5000,2,2
split_high_low,64,7,2250,random_matched,1.0,50,42,random_k,4,5000,2,2
split_high_low,64,7,2300,random_matched,1.0,50,42,random_k,4,5000,2,2
split_high_low,64,7,2350,random_matched,1.0,50,42,random_k,4,5000,3,3
split_high_low,64,7,2400,random_matched,1.0,50,42,random_k,4,5000,1,1
split_high_low,64,7,2450,random_matched,1.0,50,42,random_k,4,5000,0,0
split_high_low,64,7,2500,random_matched,1.0,50,42,random_k,4,5000,3,3
split_high_low,64,7,2550,random_matched,1.0,50,42,random_k,4,5000,1,1
split_high_low,64,7,2600,random_matched,1.0,50,42,random_k,4,5000,3,3
split_high_low,64,7,2650,random_matched,1.0,50,42,random_k,4,5000,2,2
split_high_low,64,7,2700,random_matched,1.0,50,42,random_k,4,5000,1,1
split_high_low,64,7,2750,random_matched,1.0,50,42,random_k,4,5000,5,5
split_high_low,64,7,2800,random_matched,1.0,50,42,random_k,4,5000,0,0
split_high_low,64,7,2850,random_matched,1.0,50,42,random_k,4,5000,1,1
split_high_low,64,7,2900,random_matched,1.0,50,42,random_k,4,5000,1,1
split_high_low,64,7,2950,random_matched,1.0,50,42,random_k,4,5000,1,1
split_high_low,64,7,3000,random_matched,1.0,50,42,random_k,4,5000,1,1
split_high_low,64,7,3050,random_matched,1.0,50,42,random_k,4,5000,1,1
split_high_low,64,7,3100,random_matched,1.0,50,42,random_k,4,5000,2,2
split_high_low,64,7,3150,random_matched,1.0,50,42,random_k,4,5000,2,2
split_high_low,64,7,3200,random_matched,1.0,50,42,random_k,4,5000,0,0
split_high_low,64,7,3250,random_matched,1.0,50,42,random_k,4,5000,0,0
split_high_low,64,7,3300,random_matched,1.0,50,42,random_k,4,5000,1,1
split_high_low,64,7,3350,random_matched,1.0,50,42,random_k,4,5000,1,1
split_high_low,64,7,3400,random_matched,1.0,50,42,random_k,4,5000,2,2
split_high_low,64,7,3450,random_matched,1.0,50,42,random_k,4,5000,1,1
split_high_low,64,7,3500,random_matched,1.0,50,42,random_k,4,5000,1,1
split_high_low,64,7,3550,random_matched,1.0,50,42,random_k,4,5000,0,0
split_high_low,64,7,3600,random_matched,1.0,50,42,random_k,4,5000,0,0
split_high_low,64,7,3650,random_matched,1.0,50,42,random_k,4,5000,0,0
split_high_low,64,7,3700,random_matched,1.0,50,42,random_k,4,5000,0,0
split_high_low,64,7,3750,random_matched,1.0,50,42,random_k,4,5000,1,1
split_high_low,64,7,3800,random_matched,1.0,50,42,random_k,4,5000,0,0
split_high_low,64,7,3850,random_matched,1.0,50,42,random_k,4,5000,0,0
split_high_low,64,7,3900,random_matched,1.0,50,42,random_k,4,5000,1,1
split_high_low,64,7,3950,random_matched,1.0,50,42,random_k,4,5000,1,1
split_high_low,64,7,4000,random_matched,1.0,50,42,random_k,4,5000,4,4
split_high_low,64,7,4050,random_matched,1.0,50,42,random_k,4,5000,4,4
split_high_low,64,7,4100,random_matched,1.0,50,42,random_k,4,5000,1,1
split_high_low,64,7,4150,random_matched,1.0,50,42,random_k,4,5000,1,1
split_high_low,64,7,4200,random_matched,1.0,50,42,random_k,4,5000,4,4
split_high_low,64,7,4250,random_matched,1.0,50,42,random_k,4,5000,2,2
split_high_low,64,7,4300,random_matched,1.0,50,42,random_k,4,5000,2,2
split_high_low,64,7,4350,random_matched,1.0,50,42,random_k,4,5000,0,0
split_high_low,64,7,4400,random_matched,1.0,50,42,random_k,4,5000,0,0
split_high_low,64,7,4450,random_matched,1.0,50,42,random_k,4,5000,0,0
split_high_low,64,7,4500,random_matched,1.0,50,42,random_k,4,5000,1,1
split_high_low,64,7,4550,random_matched,1.0,50,42,random_k,4,5000,2,2
split_high_low,64,7,4600,random_matched,1.0,50,42,random_k,4,5000,2,2
split_high_low,64,7,4650,random_matched,1.0,50,42,random_k,4,5000,0,0
split_high_low,64,7,4700,random_matched,1.0,50,42,random_k,4,5000,0,0
split_high_low,64,7,4750,random_matched,1.0,50,42,random_k,4,5000,0,0
split_high_low,64,7,4800,random_matched,1.0,50,42,random_k,4,5000,0,0
split_high_low,64,7,4850,random_matched,1.0,50,42,random_k,4,5000,0,0
split_high_low,64,7,4900,random_matched,1.0,50,42,random_k,4,5000,0,0
split_high_low,64,7,4950,random_matched,1.0,50,42,random_k,4,5000,2,2
split_high_low,64,7,5000,random_matched,1.0,50,42,random_k,4,5000,1,1
uniform_high,32,8,50,random_matched,1.0,50,42,random_k,4,5000,1,1
uniform_high,32,8,100,random_matched,1.0,50,42,random_k,4,5000,2,2
uniform_high,32,8,150,random_matched,1.0,50,42,random_k,4,5000,1,1
uniform_high,32,8,200,random_matched,1.0,50,42,random_k,4,5000,0,0
uniform_high,32,8,250,random_matched,1.0,50,42,random_k,4,5000,1,1
uniform_high,32,8,300,random_matched,1.0,50,42,random_k,4,5000,0,0
uniform_high,32,8,350,random_matched,1.0,50,42,random_k,4,5000,2,2
uniform_high,32,8,400,random_matched,1.0,50,42,random_k,4,5000,2,2
uniform_high,32,8,450,random_matched,1.0,50,42,random_k,4,5000,0,0
uniform_high,32,8,500,random_matched,1.0,50,42,random_k,4,5000,2,2
uniform_high,32,8,550,random_matched,1.0,50,42,random_k,4,5000,0,0
uniform_high,32,8,600,random_matched,1.0,50,42,random_k,4,5000,0,0
uniform_high,32,8,650,random_matched,1.0,50,42,random_k,4,5000,0,0
uniform_high,32,8,700,random_matched,1.0,50,42,random_k,4,5000,0,0
uniform_high,32,8,750,random_matched,1.0,50,42,random_k,4,5000,1,1
uniform_high,32,8,800,random_matched,1.0,50,42,random_k,4,5000,0,0
uniform_high,32,8,850,random_matched,1.0,50,42,random_k,4,5000,3,3
uniform_high,32,8,900,random_matched,1.0,50,42,random_k,4,5000,4,4
uniform_high,32,8,950,random_matched,1.0,50,42,random_k,4,5000,0,0
uniform_high,32,8,1000,random_matched,1.0,50,42,random_k,4,5000,2,2
uniform_high,32,8,1050,random_matched,1.0,50,42,random_k,4,5000,0,0
uniform_high,32,8,1100,random_matched,1.0,50,42,random_k,4,5000,1,1
uniform_high,32,8,1150,random_matched,1.0,50,42,random_k,4,5000,1,1
uniform_high,32,8,1200,random_matched,1.0,50,42,random_k,4,5000,0,0
uniform_high,32,8,1250,random_matched,1.0,50,42,random_k,4,5000,1,1
uniform_high,32,8,1300,random_matched,1.0,50,42,random_k,4,5000,2,2
uniform_high,32,8,1350,random_matched,1.0,50,42,random_k,4,5000,1,1
uniform_high,32,8,1400,random_matched,1.0,50,42,random_k,4,5000,1,1
uniform_high,32,8,1450,random_matched,1.0,50,42,random_k,4,5000,1,1
uniform_high,32,8,1500,random_matched,1.0,50,42,random_k,4,5000,0,0
uniform_high,32,8,1550,random_matched,1.0,50,42,random_k,4,5000,1,1
uniform_high,32,8,1600,random_matched,1.0,50,42,random_k,4,5000,0,0
uniform_high,32,8,1650,random_matched,1.0,50,42,random_k,4,5000,1,1
uniform_high,32,8,1700,random_matched,1.0,50,42,random_k,4,5000,1,1
uniform_high,32,8,1750,random_matched,1.0,50,42,random_k,4,5000,1,1
uniform_high,32,8,1800,random_matched,1.0,50,42,random_k,4,5000,2,2
uniform_high,32,8,1850,random_matched,1.0,50,42,random_k,4,5000,0,0
uniform_high,32,8,1900,random_matched,1.0,50,42,random_k,4,5000,0,0
uniform_high,32,8,1950,random_matched,1.0,50,42,random_k,4,5000,2,2
uniform_high,32,8,2000,random_matched,1.0,50,42,random_k,4,5000,0,0
uniform_high,32,8,2050,random_matched,1.0,50,42,random_k,4,5000,0,0
uniform_high,32,8,2100,random_matched,1.0,50,42,random_k,4,5000,1,1
uniform_high,32,8,2150,random_matched,1.0,50,42,random_k,4,5000,0,0
uniform_high,32,8,2200,random_matched,1.0,50,42,random_k,4,5000,1,1
uniform_high,32,8,2250,random_matched,1.0,50,42,random_k,4,5000,0,0
uniform_high,32,8,2300,random_matched,1.0,50,42,random_k,4,5000,0,0
uniform_high,32,8,2350,random_matched,1.0,50,42,random_k,4,5000,1,1
uniform_high,32,8,2400,random_matched,1.0,50,42,random_k,4,5000,2,2
uniform_high,32,8,2450,random_matched,1.0,50,42,random_k,4,5000,0,0
uniform_high,32,8,2500,random_matched,1.0,50,42,random_k,4,5000,2,2
uniform_high,32,8,2550,random_matched,1.0,50,42,random_k,4,5000,0,0
uniform_high,32,8,2600,random_matched,1.0,50,42,random_k,4,5000,2,2
uniform_high,32,8,2650,random_matched,1.0,50,42,random_k,4,5000,0,0
uniform_high,32,8,2700,random_matched,1.0,50,42,random_k,4,5000,0,0
uniform_high,32,8,2750,random_matched,1.0,50,42,random_k,4,5000,0,0
uniform_high,32,8,2800,random_matched,1.0,50,42,random_k,4,5000,2,2
uniform_high,32,8,2850,random_matched,1.0,50,42,random_k,4,5000,1,1
uniform_high,32,8,2900,random_matched,1.0,50,42,random_k,4,5000,0,0
uniform_high,32,8,2950,random_matched,1.0,50,42,random_k,4,5000,0,0
uniform_high,32,8,3000,random_matched,1.0,50,42,random_k,4,5000,1,1
uniform_high,32,8,3050,random_matched,1.0,50,42,random_k,4,5000,0,0
uniform_high,32,8,3100,random_matched,1.0,50,42,random_k,4,5000,2,2
uniform_high,32,8,3150,random_matched,1.0,50,42,random_k,4,5000,0,0
uniform_high,32,8,3200,random_matched,1.0,50,42,random_k,4,5000,0,0
uniform_high,32,8,3250,random_matched,1.0,50,42,random_k,4,5000,1,1
uniform_high,32,8,3300,random_matched,1.0,50,42,random_k,4,5000,1,1
uniform_high,32,8,3350,random_matched,1.0,50,42,random_k,4,5000,1,1
uniform_high,32,8,3400,random_matched,1.0,50,42,random_k,4,5000,1,1
uniform_high,32,8,3450,random_matched,1.0,50,42,random_k,4,5000,2,2
uniform_high,32,8,3500,random_matched,1.0,50,42,random_k,4,5000,0,0
uniform_high,32,8,3550,random_matched,1.0,50,42,random_k,4,5000,0,0
uniform_high,32,8,3600,random_matched,1.0,50,42,random_k,4,5000,0,0
uniform_high,32,8,3650,random_matched,1.0,50,42,random_k,4,5000,0,0
uniform_high,32,8,3700,random_matched,1.0,50,42,random_k,4,5000,0,0
uniform_high,32,8,3750,random_matched,1.0,50,42,random_k,4,5000,0,0
uniform_high,32,8,3800,random_matched,1.0,50,42,random_k,4,5000,0,0
uniform_high,32,8,3850,random_matched,1.0,50,42,random_k,4,5000,0,0
uniform_high,32,8,3900,random_matched,1.0,50,42,random_k,4,5000,0,0
uniform_high,32,8,3950,random_matched,1.0,50,42,random_k,4,5000,0,0
uniform_high,32,8,4000,random_matched,1.0,50,42,random_k,4,5000,1,1
uniform_high,32,8,4050,random_matched,1.0,50,42,random_k,4,5000,0,0
uniform_high,32,8,4100,random_matched,1.0,50,42,random_k,4,5000,0,0
uniform_high,32,8,4150,random_matched,1.0,50,42,random_k,4,5000,1,1
uniform_high,32,8,4200,random_matched,1.0,50,42,random_k,4,5000,0,0
uniform_high,32,8,4250,random_matched,1.0,50,42,random_k,4,5000,0,0
uniform_high,32,8,4300,random_matched,1.0,50,42,random_k,4,5000,0,0
uniform_high,32,8,4350,random_matched,1.0,50,42,random_k,4,5000,0,0
uniform_high,32,8,4400,random_matched,1.0,50,42,random_k,4,5000,0,0
uniform_high,32,8,4450,random_matched,1.0,50,42,random_k,4,5000,0,0
uniform_high,32,8,4500,random_matched,1.0,50,42,random_k,4,5000,0,0
uniform_high,32,8,4550,random_matched,1.0,50,42,random_k,4,5000,0,0
uniform_high,32,8,4600,random_matched,1.0,50,42,random_k,4,5000,0,0
uniform_high,32,8,4650,random_matched,1.0,50,42,random_k,4,5000,0,0
uniform_high,32,8,4700,random_matched,1.0,50,42,random_k,4,5000,0,0
uniform_high,32,8,4750,random_matched,1.0,50,42,random_k,4,5000,0,0
uniform_high,32,8,4800,random_matched,1.0,50,42,random_k,4,5000,1,1
uniform_high,32,8,4850,random_matched,1.0,50,42,random_k,4,5000,0,0
uniform_high,32,8,4900,random_matched,1.0,50,42,random_k,4,5000,0,0
uniform_high,32,8,4950,random_matched,1.0,50,42,random_k,4,5000,0,0
uniform_high,32,8,5000,random_matched,1.0,50,42,random_k,4,5000,0,0
uniform_high,64,8,50,random_matched,1.0,50,42,random_k,4,5000,2,2
uniform_high,64,8,100,random_matched,1.0,50,42,random_k,4,5000,5,5
uniform_high,64,8,150,random_matched,1.0,50,42,random_k,4,5000,1,1
uniform_high,64,8,200,random_matched,1.0,50,42,random_k,4,5000,1,1
uniform_high,64,8,250,random_matched,1.0,50,42,random_k,4,5000,3,3
uniform_high,64,8,300,random_matched,1.0,50,42,random_k,4,5000,2,2
uniform_high,64,8,350,random_matched,1.0,50,42,random_k,4,5000,2,2
uniform_high,64,8,400,random_matched,1.0,50,42,random_k,4,5000,2,2
uniform_high,64,8,450,random_matched,1.0,50,42,random_k,4,5000,1,1
uniform_high,64,8,500,random_matched,1.0,50,42,random_k,4,5000,3,3
uniform_high,64,8,550,random_matched,1.0,50,42,random_k,4,5000,3,3
uniform_high,64,8,600,random_matched,1.0,50,42,random_k,4,5000,4,4
uniform_high,64,8,650,random_matched,1.0,50,42,random_k,4,5000,8,8
uniform_high,64,8,700,random_matched,1.0,50,42,random_k,4,5000,1,1
uniform_high,64,8,750,random_matched,1.0,50,42,random_k,4,5000,2,2
uniform_high,64,8,800,random_matched,1.0,50,42,random_k,4,5000,3,3
uniform_high,64,8,850,random_matched,1.0,50,42,random_k,4,5000,2,2
uniform_high,64,8,900,random_matched,1.0,50,42,random_k,4,5000,3,3
uniform_high,64,8,950,random_matched,1.0,50,42,random_k,4,5000,3,3
uniform_high,64,8,1000,random_matched,1.0,50,42,random_k,4,5000,3,3
uniform_high,64,8,1050,random_matched,1.0,50,42,random_k,4,5000,2,2
uniform_high,64,8,1100,random_matched,1.0,50,42,random_k,4,5000,6,6
uniform_high,64,8,1150,random_matched,1.0,50,42,random_k,4,5000,1,1
uniform_high,64,8,1200,random_matched,1.0,50,42,random_k,4,5000,2,2
uniform_high,64,8,1250,random_matched,1.0,50,42,random_k,4,5000,1,1
uniform_high,64,8,1300,random_matched,1.0,50,42,random_k,4,5000,4,4
uniform_high,64,8,1350,random_matched,1.0,50,42,random_k,4,5000,1,1
uniform_high,64,8,1400,random_matched,1.0,50,42,random_k,4,5000,3,3
uniform_high,64,8,1450,random_matched,1.0,50,42,random_k,4,5000,0,0
uniform_high,64,8,1500,random_matched,1.0,50,42,random_k,4,5000,2,2
uniform_high,64,8,1550,random_matched,1.0,50,42,random_k,4,5000,2,2
uniform_high,64,8,1600,random_matched,1.0,50,42,random_k,4,5000,3,3
uniform_high,64,8,1650,random_matched,1.0,50,42,random_k,4,5000,0,0
uniform_high,64,8,1700,random_matched,1.0,50,42,random_k,4,5000,2,2
uniform_high,64,8,1750,random_matched,1.0,50,42,random_k,4,5000,4,4
uniform_high,64,8,1800,random_matched,1.0,50,42,random_k,4,5000,2,2
uniform_high,64,8,1850,random_matched,1.0,50,42,random_k,4,5000,4,4
uniform_high,64,8,1900,random_matched,1.0,50,42,random_k,4,5000,2,2
uniform_high,64,8,1950,random_matched,1.0,50,42,random_k,4,5000,2,2
uniform_high,64,8,2000,random_matched,1.0,50,42,random_k,4,5000,6,6
uniform_high,64,8,2050,random_matched,1.0,50,42,random_k,4,5000,1,1
uniform_high,64,8,2100,random_matched,1.0,50,42,random_k,4,5000,3,3
uniform_high,64,8,2150,random_matched,1.0,50,42,random_k,4,5000,4,4
uniform_high,64,8,2200,random_matched,1.0,50,42,random_k,4,5000,1,1
uniform_high,64,8,2250,random_matched,1.0,50,42,random_k,4,5000,2,2
uniform_high,64,8,2300,random_matched,1.0,50,42,random_k,4,5000,2,2
uniform_high,64,8,2350,random_matched,1.0,50,42,random_k,4,5000,3,3
uniform_high,64,8,2400,random_matched,1.0,50,42,random_k,4,5000,0,0
uniform_high,64,8,2450,random_matched,1.0,50,42,random_k,4,5000,3,3
uniform_high,64,8,2500,random_matched,1.0,50,42,random_k,4,5000,2,2
uniform_high,64,8,2550,random_matched,1.0,50,42,random_k,4,5000,4,4
uniform_high,64,8,2600,random_matched,1.0,50,42,random_k,4,5000,4,4
uniform_high,64,8,2650,random_matched,1.0,50,42,random_k,4,5000,0,0
uniform_high,64,8,2700,random_matched,1.0,50,42,random_k,4,5000,2,2
uniform_high,64,8,2750,random_matched,1.0,50,42,random_k,4,5000,5,5
uniform_high,64,8,2800,random_matched,1.0,50,42,random_k,4,5000,1,1
uniform_high,64,8,2850,random_matched,1.0,50,42,random_k,4,5000,1,1
uniform_high,64,8,2900,random_matched,1.0,50,42,random_k,4,5000,4,4
uniform_high,64,8,2950,random_matched,1.0,50,42,random_k,4,5000,0,0
uniform_high,64,8,3000,random_matched,1.0,50,42,random_k,4,5000,4,4
uniform_high,64,8,3050,random_matched,1.0,50,42,random_k,4,5000,3,3
uniform_high,64,8,3100,random_matched,1.0,50,42,random_k,4,5000,0,0
uniform_high,64,8,3150,random_matched,1.0,50,42,random_k,4,5000,3,3
uniform_high,64,8,3200,random_matched,1.0,50,42,random_k,4,5000,2,2
uniform_high,64,8,3250,random_matched,1.0,50,42,random_k,4,5000,2,2
uniform_high,64,8,3300,random_matched,1.0,50,42,random_k,4,5000,5,5
uniform_high,64,8,3350,random_matched,1.0,50,42,random_k,4,5000,2,2
uniform_high,64,8,3400,random_matched,1.0,50,42,random_k,4,5000,2,2
uniform_high,64,8,3450,random_matched,1.0,50,42,random_k,4,5000,6,6
uniform_high,64,8,3500,random_matched,1.0,50,42,random_k,4,5000,1,1
uniform_high,64,8,3550,random_matched,1.0,50,42,random_k,4,5000,4,4
uniform_high,64,8,3600,random_matched,1.0,50,42,random_k,4,5000,2,2
uniform_high,64,8,3650,random_matched,1.0,50,42,random_k,4,5000,6,6
uniform_high,64,8,3700,random_matched,1.0,50,42,random_k,4,5000,4,4
uniform_high,64,8,3750,random_matched,1.0,50,42,random_k,4,5000,4,4
uniform_high,64,8,3800,random_matched,1.0,50,42,random_k,4,5000,2,2
uniform_high,64,8,3850,random_matched,1.0,50,42,random_k,4,5000,1,1
uniform_high,64,8,3900,random_matched,1.0,50,42,random_k,4,5000,1,1
uniform_high,64,8,3950,random_matched,1.0,50,42,random_k,4,5000,1,1
uniform_high,64,8,4000,random_matched,1.0,50,42,random_k,4,5000,4,4
uniform_high,64,8,4050,random_matched,1.0,50,42,random_k,4,5000,0,0
uniform_high,64,8,4100,random_matched,1.0,50,42,random_k,4,5000,4,4
uniform_high,64,8,4150,random_matched,1.0,50,42,random_k,4,5000,2,2
uniform_high,64,8,4200,random_matched,1.0,50,42,random_k,4,5000,1,1
uniform_high,64,8,4250,random_matched,1.0,50,42,random_k,4,5000,2,2
uniform_high,64,8,4300,random_matched,1.0,50,42,random_k,4,5000,4,4
uniform_high,64,8,4350,random_matched,1.0,50,42,random_k,4,5000,3,3
uniform_high,64,8,4400,random_matched,1.0,50,42,random_k,4,5000,2,2
uniform_high,64,8,4450,random_matched,1.0,50,42,random_k,4,5000,1,1
uniform_high,64,8,4500,random_matched,1.0,50,42,random_k,4,5000,2,2
uniform_high,64,8,4550,random_matched,1.0,50,42,random_k,4,5000,1,1
uniform_high,64,8,4600,random_matched,1.0,50,42,random_k,4,5000,1,1
uniform_high,64,8,4650,random_matched,1.0,50,42,random_k,4,5000,1,1
uniform_high,64,8,4700,random_matched,1.0,50,42,random_k,4,5000,2,2
uniform_high,64,8,4750,random_matched,1.0,50,42,random_k,4,5000,2,2
uniform_high,64,8,4800,random_matched,1.0,50,42,random_k,4,5000,3,3
uniform_high,64,8,4850,random_matched,1.0,50,42,random_k,4,5000,1,1
uniform_high,64,8,4900,random_matched,1.0,50,42,random_k,4,5000,2,2
uniform_high,64,8,4950,random_matched,1.0,50,42,random_k,4,5000,1,1
uniform_high,64,8,5000,random_matched,1.0,50,42,random_k,4,5000,2,2
patchy_high,32,8,50,random_matched,1.0,50,42,random_k,4,5000,1,1
patchy_high,32,8,100,random_matched,1.0,50,42,random_k,4,5000,3,3
patchy_high,32,8,150,random_matched,1.0,50,42,random_k,4,5000,0,0
patchy_high,32,8,200,random_matched,1.0,50,42,random_k,4,5000,1,1
patchy_high,32,8,250,random_matched,1.0,50,42,random_k,4,5000,0,0
patchy_high,32,8,300,random_matched,1.0,50,42,random_k,4,5000,1,1
patchy_high,32,8,350,random_matched,1.0,50,42,random_k,4,5000,2,2
patchy_high,32,8,400,random_matched,1.0,50,42,random_k,4,5000,1,1
patchy_high,32,8,450,random_matched,1.0,50,42,random_k,4,5000,1,1
patchy_high,32,8,500,random_matched,1.0,50,42,random_k,4,5000,1,1
patchy_high,32,8,550,random_matched,1.0,50,42,random_k,4,5000,0,0
patchy_high,32,8,600,random_matched,1.0,50,42,random_k,4,5000,0,0
patchy_high,32,8,650,random_matched,1.0,50,42,random_k,4,5000,0,0
patchy_high,32,8,700,random_matched,1.0,50,42,random_k,4,5000,0,0
patchy_high,32,8,750,random_matched,1.0,50,42,random_k,4,5000,1,1
patchy_high,32,8,800,random_matched,1.0,50,42,random_k,4,5000,0,0
patchy_high,32,8,850,random_matched,1.0,50,42,random_k,4,5000,2,2
patchy_high,32,8,900,random_matched,1.0,50,42,random_k,4,5000,3,3
patchy_high,32,8,950,random_matched,1.0,50,42,random_k,4,5000,2,2
patchy_high,32,8,1000,random_matched,1.0,50,42,random_k,4,5000,0,0
patchy_high,32,8,1050,random_matched,1.0,50,42,random_k,4,5000,2,2
patchy_high,32,8,1100,random_matched,1.0,50,42,random_k,4,5000,0,0
patchy_high,32,8,1150,random_matched,1.0,50,42,random_k,4,5000,0,0
patchy_high,32,8,1200,random_matched,1.0,50,42,random_k,4,5000,2,2
patchy_high,32,8,1250,random_matched,1.0,50,42,random_k,4,5000,0,0
patchy_high,32,8,1300,random_matched,1.0,50,42,random_k,4,5000,1,1
patchy_high,32,8,1350,random_matched,1.0,50,42,random_k,4,5000,3,3
patchy_high,32,8,1400,random_matched,1.0,50,42,random_k,4,5000,1,1
patchy_high,32,8,1450,random_matched,1.0,50,42,random_k,4,5000,1,1
patchy_high,32,8,1500,random_matched,1.0,50,42,random_k,4,5000,0,0
patchy_high,32,8,1550,random_matched,1.0,50,42,random_k,4,5000,1,1
patchy_high,32,8,1600,random_matched,1.0,50,42,random_k,4,5000,0,0
patchy_high,32,8,1650,random_matched,1.0,50,42,random_k,4,5000,2,2
patchy_high,32,8,1700,random_matched,1.0,50,42,random_k,4,5000,1,1
patchy_high,32,8,1750,random_matched,1.0,50,42,random_k,4,5000,1,1
patchy_high,32,8,1800,random_matched,1.0,50,42,random_k,4,5000,1,1
patchy_high,32,8,1850,random_matched,1.0,50,42,random_k,4,5000,0,0
patchy_high,32,8,1900,random_matched,1.0,50,42,random_k,4,5000,2,2
patchy_high,32,8,1950,random_matched,1.0,50,42,random_k,4,5000,1,1
patchy_high,32,8,2000,random_matched,1.0,50,42,random_k,4,5000,1,1
patchy_high,32,8,2050,random_matched,1.0,50,42,random_k,4,5000,0,0
patchy_high,32,8,2100,random_matched,1.0,50,42,random_k,4,5000,0,0
patchy_high,32,8,2150,random_matched,1.0,50,42,random_k,4,5000,1,1
patchy_high,32,8,2200,random_matched,1.0,50,42,random_k,4,5000,2,2
patchy_high,32,8,2250,random_matched,1.0,50,42,random_k,4,5000,0,0
patchy_high,32,8,2300,random_matched,1.0,50,42,random_k,4,5000,0,0
patchy_high,32,8,2350,random_matched,1.0,50,42,random_k,4,5000,1,1
patchy_high,32,8,2400,random_matched,1.0,50,42,random_k,4,5000,1,1
patchy_high,32,8,2450,random_matched,1.0,50,42,random_k,4,5000,0,0
patchy_high,32,8,2500,random_matched,1.0,50,42,random_k,4,5000,0,0
patchy_high,32,8,2550,random_matched,1.0,50,42,random_k,4,5000,2,2
patchy_high,32,8,2600,random_matched,1.0,50,42,random_k,4,5000,0,0
patchy_high,32,8,2650,random_matched,1.0,50,42,random_k,4,5000,0,0
patchy_high,32,8,2700,random_matched,1.0,50,42,random_k,4,5000,0,0
patchy_high,32,8,2750,random_matched,1.0,50,42,random_k,4,5000,2,2
patchy_high,32,8,2800,random_matched,1.0,50,42,random_k,4,5000,1,1
patchy_high,32,8,2850,random_matched,1.0,50,42,random_k,4,5000,1,1
patchy_high,32,8,2900,random_matched,1.0,50,42,random_k,4,5000,0,0
patchy_high,32,8,2950,random_matched,1.0,50,42,random_k,4,5000,1,1
patchy_high,32,8,3000,random_matched,1.0,50,42,random_k,4,5000,0,0
patchy_high,32,8,3050,random_matched,1.0,50,42,random_k,4,5000,0,0
patchy_high,32,8,3100,random_matched,1.0,50,42,random_k,4,5000,1,1
patchy_high,32,8,3150,random_matched,1.0,50,42,random_k,4,5000,0,0
patchy_high,32,8,3200,random_matched,1.0,50,42,random_k,4,5000,1,1
patchy_high,32,8,3250,random_matched,1.0,50,42,random_k,4,5000,0,0
patchy_high,32,8,3300,random_matched,1.0,50,42,random_k,4,5000,1,1
patchy_high,32,8,3350,random_matched,1.0,50,42,random_k,4,5000,0,0
patchy_high,32,8,3400,random_matched,1.0,50,42,random_k,4,5000,2,2
patchy_high,32,8,3450,random_matched,1.0,50,42,random_k,4,5000,0,0
patchy_high,32,8,3500,random_matched,1.0,50,42,random_k,4,5000,2,2
patchy_high,32,8,3550,random_matched,1.0,50,42,random_k,4,5000,0,0
patchy_high,32,8,3600,random_matched,1.0,50,42,random_k,4,5000,0,0
patchy_high,32,8,3650,random_matched,1.0,50,42,random_k,4,5000,0,0
patchy_high,32,8,3700,random_matched,1.0,50,42,random_k,4,5000,0,0
patchy_high,32,8,3750,random_matched,1.0,50,42,random_k,4,5000,0,0
patchy_high,32,8,3800,random_matched,1.0,50,42,random_k,4,5000,1,1
patchy_high,32,8,3850,random_matched,1.0,50,42,random_k,4,5000,1,1
patchy_high,32,8,3900,random_matched,1.0,50,42,random_k,4,5000,0,0
patchy_high,32,8,3950,random_matched,1.0,50,42,random_k,4,5000,0,0
patchy_high,32,8,4000,random_matched,1.0,50,42,random_k,4,5000,0,0
patchy_high,32,8,4050,random_matched,1.0,50,42,random_k,4,5000,0,0
patchy_high,32,8,4100,random_matched,1.0,50,42,random_k,4,5000,0,0
patchy_high,32,8,4150,random_matched,1.0,50,42,random_k,4,5000,0,0
patchy_high,32,8,4200,random_matched,1.0,50,42,random_k,4,5000,0,0
patchy_high,32,8,4250,random_matched,1.0,50,42,random_k,4,5000,0,0
patchy_high,32,8,4300,random_matched,1.0,50,42,random_k,4,5000,0,0
patchy_high,32,8,4350,random_matched,1.0,50,42,random_k,4,5000,1,1
patchy_high,32,8,4400,random_matched,1.0,50,42,random_k,4,5000,0,0
patchy_high,32,8,4450,random_matched,1.0,50,42,random_k,4,5000,0,0
patchy_high,32,8,4500,random_matched,1.0,50,42,random_k,4,5000,0,0
patchy_high,32,8,4550,random_matched,1.0,50,42,random_k,4,5000,0,0
patchy_high,32,8,4600,random_matched,1.0,50,42,random_k,4,5000,0,0
patchy_high,32,8,4650,random_matched,1.0,50,42,random_k,4,5000,1,1
patchy_high,32,8,4700,random_matched,1.0,50,42,random_k,4,5000,1,1
patchy_high,32,8,4750,random_matched,1.0,50,42,random_k,4,5000,0,0
patchy_high,32,8,4800,random_matched,1.0,50,42,random_k,4,5000,0,0
patchy_high,32,8,4850,random_matched,1.0,50,42,random_k,4,5000,0,0
patchy_high,32,8,4900,random_matched,1.0,50,42,random_k,4,5000,0,0
patchy_high,32,8,4950,random_matched,1.0,50,42,random_k,4,5000,0,0
patchy_high,32,8,5000,random_matched,1.0,50,42,random_k,4,5000,0,0
patchy_high,64,8,50,random_matched,1.0,50,42,random_k,4,5000,0,0
patchy_high,64,8,100,random_matched,1.0,50,42,random_k,4,5000,3,3
patchy_high,64,8,150,random_matched,1.0,50,42,random_k,4,5000,3,3
patchy_high,64,8,200,random_matched,1.0,50,42,random_k,4,5000,1,1
patchy_high,64,8,250,random_matched,1.0,50,42,random_k,4,5000,1,1
patchy_high,64,8,300,random_matched,1.0,50,42,random_k,4,5000,4,4
patchy_high,64,8,350,random_matched,1.0,50,42,random_k,4,5000,2,2
patchy_high,64,8,400,random_matched,1.0,50,42,random_k,4,5000,1,1
patchy_high,64,8,450,random_matched,1.0,50,42,random_k,4,5000,1,1
patchy_high,64,8,500,random_matched,1.0,50,42,random_k,4,5000,3,3
patchy_high,64,8,550,random_matched,1.0,50,42,random_k,4,5000,3,3
patchy_high,64,8,600,random_matched,1.0,50,42,random_k,4,5000,2,2
patchy_high,64,8,650,random_matched,1.0,50,42,random_k,4,5000,4,4
patchy_high,64,8,700,random_matched,1.0,50,42,random_k,4,5000,8,8
patchy_high,64,8,750,random_matched,1.0,50,42,random_k,4,5000,2,2
patchy_high,64,8,800,random_matched,1.0,50,42,random_k,4,5000,1,1
patchy_high,64,8,850,random_matched,1.0,50,42,random_k,4,5000,1,1
patchy_high,64,8,900,random_matched,1.0,50,42,random_k,4,5000,3,3
patchy_high,64,8,950,random_matched,1.0,50,42,random_k,4,5000,2,2
patchy_high,64,8,1000,random_matched,1.0,50,42,random_k,4,5000,2,2
patchy_high,64,8,1050,random_matched,1.0,50,42,random_k,4,5000,2,2
patchy_high,64,8,1100,random_matched,1.0,50,42,random_k,4,5000,4,4
patchy_high,64,8,1150,random_matched,1.0,50,42,random_k,4,5000,1,1
patchy_high,64,8,1200,random_matched,1.0,50,42,random_k,4,5000,2,2
patchy_high,64,8,1250,random_matched,1.0,50,42,random_k,4,5000,6,6
patchy_high,64,8,1300,random_matched,1.0,50,42,random_k,4,5000,0,0
patchy_high,64,8,1350,random_matched,1.0,50,42,random_k,4,5000,4,4
patchy_high,64,8,1400,random_matched,1.0,50,42,random_k,4,5000,1,1
patchy_high,64,8,1450,random_matched,1.0,50,42,random_k,4,5000,3,3
patchy_high,64,8,1500,random_matched,1.0,50,42,random_k,4,5000,3,3
patchy_high,64,8,1550,random_matched,1.0,50,42,random_k,4,5000,1,1
patchy_high,64,8,1600,random_matched,1.0,50,42,random_k,4,5000,2,2
patchy_high,64,8,1650,random_matched,1.0,50,42,random_k,4,5000,2,2
patchy_high,64,8,1700,random_matched,1.0,50,42,random_k,4,5000,3,3
patchy_high,64,8,1750,random_matched,1.0,50,42,random_k,4,5000,0,0
patchy_high,64,8,1800,random_matched,1.0,50,42,random_k,4,5000,6,6
patchy_high,64,8,1850,random_matched,1.0,50,42,random_k,4,5000,2,2
patchy_high,64,8,1900,random_matched,1.0,50,42,random_k,4,5000,4,4
patchy_high,64,8,1950,random_matched,1.0,50,42,random_k,4,5000,1,1
patchy_high,64,8,2000,random_matched,1.0,50,42,random_k,4,5000,1,1
patchy_high,64,8,2050,random_matched,1.0,50,42,random_k,4,5000,2,2
patchy_high,64,8,2100,random_matched,1.0,50,42,random_k,4,5000,6,6
patchy_high,64,8,2150,random_matched,1.0,50,42,random_k,4,5000,2,2
patchy_high,64,8,2200,random_matched,1.0,50,42,random_k,4,5000,2,2
patchy_high,64,8,2250,random_matched,1.0,50,42,random_k,4,5000,4,4
patchy_high,64,8,2300,random_matched,1.0,50,42,random_k,4,5000,1,1
patchy_high,64,8,2350,random_matched,1.0,50,42,random_k,4,5000,2,2
patchy_high,64,8,2400,random_matched,1.0,50,42,random_k,4,5000,2,2
patchy_high,64,8,2450,random_matched,1.0,50,42,random_k,4,5000,3,3
patchy_high,64,8,2500,random_matched,1.0,50,42,random_k,4,5000,1,1
patchy_high,64,8,2550,random_matched,1.0,50,42,random_k,4,5000,4,4
patchy_high,64,8,2600,random_matched,1.0,50,42,random_k,4,5000,3,3
patchy_high,64,8,2650,random_matched,1.0,50,42,random_k,4,5000,4,4
patchy_high,64,8,2700,random_matched,1.0,50,42,random_k,4,5000,1,1
patchy_high,64,8,2750,random_matched,1.0,50,42,random_k,4,5000,2,2
patchy_high,64,8,2800,random_matched,1.0,50,42,random_k,4,5000,3,3
patchy_high,64,8,2850,random_matched,1.0,50,42,random_k,4,5000,3,3
patchy_high,64,8,2900,random_matched,1.0,50,42,random_k,4,5000,0,0
patchy_high,64,8,2950,random_matched,1.0,50,42,random_k,4,5000,1,1
patchy_high,64,8,3000,random_matched,1.0,50,42,random_k,4,5000,4,4
patchy_high,64,8,3050,random_matched,1.0,50,42,random_k,4,5000,0,0
patchy_high,64,8,3100,random_matched,1.0,50,42,random_k,4,5000,4,4
patchy_high,64,8,3150,random_matched,1.0,50,42,random_k,4,5000,3,3
patchy_high,64,8,3200,random_matched,1.0,50,42,random_k,4,5000,0,0
patchy_high,64,8,3250,random_matched,1.0,50,42,random_k,4,5000,0,0
patchy_high,64,8,3300,random_matched,1.0,50,42,random_k,4,5000,4,4
patchy_high,64,8,3350,random_matched,1.0,50,42,random_k,4,5000,3,3
patchy_high,64,8,3400,random_matched,1.0,50,42,random_k,4,5000,4,4
patchy_high,64,8,3450,random_matched,1.0,50,42,random_k,4,5000,2,2
patchy_high,64,8,3500,random_matched,1.0,50,42,random_k,4,5000,3,3
patchy_high,64,8,3550,random_matched,1.0,50,42,random_k,4,5000,6,6
patchy_high,64,8,3600,random_matched,1.0,50,42,random_k,4,5000,3,3
patchy_high,64,8,3650,random_matched,1.0,50,42,random_k,4,5000,4,4
patchy_high,64,8,3700,random_matched,1.0,50,42,random_k,4,5000,6,6
patchy_high,64,8,3750,random_matched,1.0,50,42,random_k,4,5000,6,6
patchy_high,64,8,3800,random_matched,1.0,50,42,random_k,4,5000,4,4
patchy_high,64,8,3850,random_matched,1.0,50,42,random_k,4,5000,1,1
patchy_high,64,8,3900,random_matched,1.0,50,42,random_k,4,5000,1,1
patchy_high,64,8,3950,random_matched,1.0,50,42,random_k,4,5000,1,1
patchy_high,64,8,4000,random_matched,1.0,50,42,random_k,4,5000,2,2
patchy_high,64,8,4050,random_matched,1.0,50,42,random_k,4,5000,2,2
patchy_high,64,8,4100,random_matched,1.0,50,42,random_k,4,5000,2,2
patchy_high,64,8,4150,random_matched,1.0,50,42,random_k,4,5000,2,2
patchy_high,64,8,4200,random_matched,1.0,50,42,random_k,4,5000,3,3
patchy_high,64,8,4250,random_matched,1.0,50,42,random_k,4,5000,0,0
patchy_high,64,8,4300,random_matched,1.0,50,42,random_k,4,5000,4,4
patchy_high,64,8,4350,random_matched,1.0,50,42,random_k,4,5000,4,4
patchy_high,64,8,4400,random_matched,1.0,50,42,random_k,4,5000,2,2
patchy_high,64,8,4450,random_matched,1.0,50,42,random_k,4,5000,2,2
patchy_high,64,8,4500,random_matched,1.0,50,42,random_k,4,5000,2,2
patchy_high,64,8,4550,random_matched,1.0,50,42,random_k,4,5000,1,1
patchy_high,64,8,4600,random_matched,1.0,50,42,random_k,4,5000,1,1
patchy_high,64,8,4650,random_matched,1.0,50,42,random_k,4,5000,2,2
patchy_high,64,8,4700,random_matched,1.0,50,42,random_k,4,5000,1,1
patchy_high,64,8,4750,random_matched,1.0,50,42,random_k,4,5000,3,3
patchy_high,64,8,4800,random_matched,1.0,50,42,random_k,4,5000,3,3
patchy_high,64,8,4850,random_matched,1.0,50,42,random_k,4,5000,0,0
patchy_high,64,8,4900,random_matched,1.0,50,42,random_k,4,5000,2,2
patchy_high,64,8,4950,random_matched,1.0,50,42,random_k,4,5000,2,2
patchy_high,64,8,5000,random_matched,1.0,50,42,random_k,4,5000,4,4
split_high_low,32,8,50,random_matched,1.0,50,42,random_k,4,5000,1,1
split_high_low,32,8,100,random_matched,1.0,50,42,random_k,4,5000,1,1
split_high_low,32,8,150,random_matched,1.0,50,42,random_k,4,5000,2,2
split_high_low,32,8,200,random_matched,1.0,50,42,random_k,4,5000,1,1
split_high_low,32,8,250,random_matched,1.0,50,42,random_k,4,5000,2,2
split_high_low,32,8,300,random_matched,1.0,50,42,random_k,4,5000,1,1
split_high_low,32,8,350,random_matched,1.0,50,42,random_k,4,5000,1,1
split_high_low,32,8,400,random_matched,1.0,50,42,random_k,4,5000,2,2
split_high_low,32,8,450,random_matched,1.0,50,42,random_k,4,5000,0,0
split_high_low,32,8,500,random_matched,1.0,50,42,random_k,4,5000,0,0
split_high_low,32,8,550,random_matched,1.0,50,42,random_k,4,5000,1,1
split_high_low,32,8,600,random_matched,1.0,50,42,random_k,4,5000,0,0
split_high_low,32,8,650,random_matched,1.0,50,42,random_k,4,5000,5,5
split_high_low,32,8,700,random_matched,1.0,50,42,random_k,4,5000,1,1
split_high_low,32,8,750,random_matched,1.0,50,42,random_k,4,5000,1,1
split_high_low,32,8,800,random_matched,1.0,50,42,random_k,4,5000,2,2
split_high_low,32,8,850,random_matched,1.0,50,42,random_k,4,5000,0,0
split_high_low,32,8,900,random_matched,1.0,50,42,random_k,4,5000,0,0
split_high_low,32,8,950,random_matched,1.0,50,42,random_k,4,5000,2,2
split_high_low,32,8,1000,random_matched,1.0,50,42,random_k,4,5000,0,0
split_high_low,32,8,1050,random_matched,1.0,50,42,random_k,4,5000,4,4
split_high_low,32,8,1100,random_matched,1.0,50,42,random_k,4,5000,0,0
split_high_low,32,8,1150,random_matched,1.0,50,42,random_k,4,5000,1,1
split_high_low,32,8,1200,random_matched,1.0,50,42,random_k,4,5000,1,1
split_high_low,32,8,1250,random_matched,1.0,50,42,random_k,4,5000,1,1
split_high_low,32,8,1300,random_matched,1.0,50,42,random_k,4,5000,0,0
split_high_low,32,8,1350,random_matched,1.0,50,42,random_k,4,5000,2,2
split_high_low,32,8,1400,random_matched,1.0,50,42,random_k,4,5000,1,1
split_high_low,32,8,1450,random_matched,1.0,50,42,random_k,4,5000,2,2
split_high_low,32,8,1500,random_matched,1.0,50,42,random_k,4,5000,0,0
split_high_low,32,8,1550,random_matched,1.0,50,42,random_k,4,5000,0,0
split_high_low,32,8,1600,random_matched,1.0,50,42,random_k,4,5000,2,2
split_high_low,32,8,1650,random_matched,1.0,50,42,random_k,4,5000,0,0
split_high_low,32,8,1700,random_matched,1.0,50,42,random_k,4,5000,1,1
split_high_low,32,8,1750,random_matched,1.0,50,42,random_k,4,5000,0,0
split_high_low,32,8,1800,random_matched,1.0,50,42,random_k,4,5000,1,1
split_high_low,32,8,1850,random_matched,1.0,50,42,random_k,4,5000,0,0
split_high_low,32,8,1900,random_matched,1.0,50,42,random_k,4,5000,0,0
split_high_low,32,8,1950,random_matched,1.0,50,42,random_k,4,5000,0,0
split_high_low,32,8,2000,random_matched,1.0,50,42,random_k,4,5000,1,1
split_high_low,32,8,2050,random_matched,1.0,50,42,random_k,4,5000,2,2
split_high_low,32,8,2100,random_matched,1.0,50,42,random_k,4,5000,0,0
split_high_low,32,8,2150,random_matched,1.0,50,42,random_k,4,5000,0,0
split_high_low,32,8,2200,random_matched,1.0,50,42,random_k,4,5000,2,2
split_high_low,32,8,2250,random_matched,1.0,50,42,random_k,4,5000,1,1
split_high_low,32,8,2300,random_matched,1.0,50,42,random_k,4,5000,1,1
split_high_low,32,8,2350,random_matched,1.0,50,42,random_k,4,5000,0,0
split_high_low,32,8,2400,random_matched,1.0,50,42,random_k,4,5000,0,0
split_high_low,32,8,2450,random_matched,1.0,50,42,random_k,4,5000,1,1
split_high_low,32,8,2500,random_matched,1.0,50,42,random_k,4,5000,1,1
split_high_low,32,8,2550,random_matched,1.0,50,42,random_k,4,5000,1,1
split_high_low,32,8,2600,random_matched,1.0,50,42,random_k,4,5000,1,1
split_high_low,32,8,2650,random_matched,1.0,50,42,random_k,4,5000,2,2
split_high_low,32,8,2700,random_matched,1.0,50,42,random_k,4,5000,1,1
split_high_low,32,8,2750,random_matched,1.0,50,42,random_k,4,5000,1,1
split_high_low,32,8,2800,random_matched,1.0,50,42,random_k,4,5000,2,2
split_high_low,32,8,2850,random_matched,1.0,50,42,random_k,4,5000,2,2
split_high_low,32,8,2900,random_matched,1.0,50,42,random_k,4,5000,0,0
split_high_low,32,8,2950,random_matched,1.0,50,42,random_k,4,5000,0,0
split_high_low,32,8,3000,random_matched,1.0,50,42,random_k,4,5000,2,2
split_high_low,32,8,3050,random_matched,1.0,50,42,random_k,4,5000,0,0
split_high_low,32,8,3100,random_matched,1.0,50,42,random_k,4,5000,0,0
split_high_low,32,8,3150,random_matched,1.0,50,42,random_k,4,5000,1,1
split_high_low,32,8,3200,random_matched,1.0,50,42,random_k,4,5000,0,0
split_high_low,32,8,3250,random_matched,1.0,50,42,random_k,4,5000,2,2
split_high_low,32,8,3300,random_matched,1.0,50,42,random_k,4,5000,0,0
split_high_low,32,8,3350,random_matched,1.0,50,42,random_k,4,5000,0,0
split_high_low,32,8,3400,random_matched,1.0,50,42,random_k,4,5000,2,2
split_high_low,32,8,3450,random_matched,1.0,50,42,random_k,4,5000,0,0
split_high_low,32,8,3500,random_matched,1.0,50,42,random_k,4,5000,1,1
split_high_low,32,8,3550,random_matched,1.0,50,42,random_k,4,5000,1,1
split_high_low,32,8,3600,random_matched,1.0,50,42,random_k,4,5000,2,2
split_high_low,32,8,3650,random_matched,1.0,50,42,random_k,4,5000,0,0
split_high_low,32,8,3700,random_matched,1.0,50,42,random_k,4,5000,0,0
split_high_low,32,8,3750,random_matched,1.0,50,42,random_k,4,5000,2,2
split_high_low,32,8,3800,random_matched,1.0,50,42,random_k,4,5000,0,0
split_high_low,32,8,3850,random_matched,1.0,50,42,random_k,4,5000,1,1
split_high_low,32,8,3900,random_matched,1.0,50,42,random_k,4,5000,0,0
split_high_low,32,8,3950,random_matched,1.0,50,42,random_k,4,5000,2,2
split_high_low,32,8,4000,random_matched,1.0,50,42,random_k,4,5000,0,0
split_high_low,32,8,4050,random_matched,1.0,50,42,random_k,4,5000,3,3
split_high_low,32,8,4100,random_matched,1.0,50,42,random_k,4,5000,1,1
split_high_low,32,8,4150,random_matched,1.0,50,42,random_k,4,5000,2,2
split_high_low,32,8,4200,random_matched,1.0,50,42,random_k,4,5000,0,0
split_high_low,32,8,4250,random_matched,1.0,50,42,random_k,4,5000,0,0
split_high_low,32,8,4300,random_matched,1.0,50,42,random_k,4,5000,2,2
split_high_low,32,8,4350,random_matched,1.0,50,42,random_k,4,5000,0,0
split_high_low,32,8,4400,random_matched,1.0,50,42,random_k,4,5000,1,1
split_high_low,32,8,4450,random_matched,1.0,50,42,random_k,4,5000,1,1
split_high_low,32,8,4500,random_matched,1.0,50,42,random_k,4,5000,1,1
split_high_low,32,8,4550,random_matched,1.0,50,42,random_k,4,5000,0,0
split_high_low,32,8,4600,random_matched,1.0,50,42,random_k,4,5000,0,0
split_high_low,32,8,4650,random_matched,1.0,50,42,random_k,4,5000,1,1
split_high_low,32,8,4700,random_matched,1.0,50,42,random_k,4,5000,2,2
split_high_low,32,8,4750,random_matched,1.0,50,42,random_k,4,5000,0,0
split_high_low,32,8,4800,random_matched,1.0,50,42,random_k,4,5000,1,1
split_high_low,32,8,4850,random_matched,1.0,50,42,random_k,4,5000,0,0
split_high_low,32,8,4900,random_matched,1.0,50,42,random_k,4,5000,0,0
split_high_low,32,8,4950,random_matched,1.0,50,42,random_k,4,5000,1,1
split_high_low,32,8,5000,random_matched,1.0,50,42,random_k,4,5000,1,1
split_high_low,64,8,50,random_matched,1.0,50,42,random_k,4,5000,0,0
split_high_low,64,8,100,random_matched,1.0,50,42,random_k,4,5000,5,5
split_high_low,64,8,150,random_matched,1.0,50,42,random_k,4,5000,2,2
split_high_low,64,8,200,random_matched,1.0,50,42,random_k,4,5000,1,1
split_high_low,64,8,250,random_matched,1.0,50,42,random_k,4,5000,5,5
split_high_low,64,8,300,random_matched,1.0,50,42,random_k,4,5000,2,2
split_high_low,64,8,350,random_matched,1.0,50,42,random_k,4,5000,1,1
split_high_low,64,8,400,random_matched,1.0,50,42,random_k,4,5000,3,3
split_high_low,64,8,450,random_matched,1.0,50,42,random_k,4,5000,2,2
split_high_low,64,8,500,random_matched,1.0,50,42,random_k,4,5000,3,3
split_high_low,64,8,550,random_matched,1.0,50,42,random_k,4,5000,3,3
split_high_low,64,8,600,random_matched,1.0,50,42,random_k,4,5000,7,7
split_high_low,64,8,650,random_matched,1.0,50,42,random_k,4,5000,3,3
split_high_low,64,8,700,random_matched,1.0,50,42,random_k,4,5000,1,1
split_high_low,64,8,750,random_matched,1.0,50,42,random_k,4,5000,2,2
split_high_low,64,8,800,random_matched,1.0,50,42,random_k,4,5000,3,3
split_high_low,64,8,850,random_matched,1.0,50,42,random_k,4,5000,1,1
split_high_low,64,8,900,random_matched,1.0,50,42,random_k,4,5000,2,2
split_high_low,64,8,950,random_matched,1.0,50,42,random_k,4,5000,2,2
split_high_low,64,8,1000,random_matched,1.0,50,42,random_k,4,5000,2,2
split_high_low,64,8,1050,random_matched,1.0,50,42,random_k,4,5000,4,4
split_high_low,64,8,1100,random_matched,1.0,50,42,random_k,4,5000,0,0
split_high_low,64,8,1150,random_matched,1.0,50,42,random_k,4,5000,2,2
split_high_low,64,8,1200,random_matched,1.0,50,42,random_k,4,5000,6,6
split_high_low,64,8,1250,random_matched,1.0,50,42,random_k,4,5000,0,0
split_high_low,64,8,1300,random_matched,1.0,50,42,random_k,4,5000,4,4
split_high_low,64,8,1350,random_matched,1.0,50,42,random_k,4,5000,3,3
split_high_low,64,8,1400,random_matched,1.0,50,42,random_k,4,5000,1,1
split_high_low,64,8,1450,random_matched,1.0,50,42,random_k,4,5000,2,2
split_high_low,64,8,1500,random_matched,1.0,50,42,random_k,4,5000,2,2
split_high_low,64,8,1550,random_matched,1.0,50,42,random_k,4,5000,1,1
split_high_low,64,8,1600,random_matched,1.0,50,42,random_k,4,5000,1,1
split_high_low,64,8,1650,random_matched,1.0,50,42,random_k,4,5000,1,1
split_high_low,64,8,1700,random_matched,1.0,50,42,random_k,4,5000,4,4
split_high_low,64,8,1750,random_matched,1.0,50,42,random_k,4,5000,0,0
split_high_low,64,8,1800,random_matched,1.0,50,42,random_k,4,5000,5,5
split_high_low,64,8,1850,random_matched,1.0,50,42,random_k,4,5000,3,3
split_high_low,64,8,1900,random_matched,1.0,50,42,random_k,4,5000,3,3
split_high_low,64,8,1950,random_matched,1.0,50,42,random_k,4,5000,2,2
split_high_low,64,8,2000,random_matched,1.0,50,42,random_k,4,5000,1,1
split_high_low,64,8,2050,random_matched,1.0,50,42,random_k,4,5000,1,1
split_high_low,64,8,2100,random_matched,1.0,50,42,random_k,4,5000,5,5
split_high_low,64,8,2150,random_matched,1.0,50,42,random_k,4,5000,2,2
split_high_low,64,8,2200,random_matched,1.0,50,42,random_k,4,5000,2,2
split_high_low,64,8,2250,random_matched,1.0,50,42,random_k,4,5000,2,2
split_high_low,64,8,2300,random_matched,1.0,50,42,random_k,4,5000,4,4
split_high_low,64,8,2350,random_matched,1.0,50,42,random_k,4,5000,0,0
split_high_low,64,8,2400,random_matched,1.0,50,42,random_k,4,5000,1,1
split_high_low,64,8,2450,random_matched,1.0,50,42,random_k,4,5000,4,4
split_high_low,64,8,2500,random_matched,1.0,50,42,random_k,4,5000,1,1
split_high_low,64,8,2550,random_matched,1.0,50,42,random_k,4,5000,2,2
split_high_low,64,8,2600,random_matched,1.0,50,42,random_k,4,5000,3,3
split_high_low,64,8,2650,random_matched,1.0,50,42,random_k,4,5000,2,2
split_high_low,64,8,2700,random_matched,1.0,50,42,random_k,4,5000,3,3
split_high_low,64,8,2750,random_matched,1.0,50,42,random_k,4,5000,4,4
split_high_low,64,8,2800,random_matched,1.0,50,42,random_k,4,5000,1,1
split_high_low,64,8,2850,random_matched,1.0,50,42,random_k,4,5000,2,2
split_high_low,64,8,2900,random_matched,1.0,50,42,random_k,4,5000,1,1
split_high_low,64,8,2950,random_matched,1.0,50,42,random_k,4,5000,5,5
split_high_low,64,8,3000,random_matched,1.0,50,42,random_k,4,5000,0,0
split_high_low,64,8,3050,random_matched,1.0,50,42,random_k,4,5000,1,1
split_high_low,64,8,3100,random_matched,1.0,50,42,random_k,4,5000,3,3
split_high_low,64,8,3150,random_matched,1.0,50,42,random_k,4,5000,1,1
split_high_low,64,8,3200,random_matched,1.0,50,42,random_k,4,5000,1,1
split_high_low,64,8,3250,random_matched,1.0,50,42,random_k,4,5000,4,4
split_high_low,64,8,3300,random_matched,1.0,50,42,random_k,4,5000,1,1
split_high_low,64,8,3350,random_matched,1.0,50,42,random_k,4,5000,1,1
split_high_low,64,8,3400,random_matched,1.0,50,42,random_k,4,5000,0,0
split_high_low,64,8,3450,random_matched,1.0,50,42,random_k,4,5000,0,0
split_high_low,64,8,3500,random_matched,1.0,50,42,random_k,4,5000,4,4
split_high_low,64,8,3550,random_matched,1.0,50,42,random_k,4,5000,1,1
split_high_low,64,8,3600,random_matched,1.0,50,42,random_k,4,5000,2,2
split_high_low,64,8,3650,random_matched,1.0,50,42,random_k,4,5000,2,2
split_high_low,64,8,3700,random_matched,1.0,50,42,random_k,4,5000,3,3
split_high_low,64,8,3750,random_matched,1.0,50,42,random_k,4,5000,1,1
split_high_low,64,8,3800,random_matched,1.0,50,42,random_k,4,5000,3,3
split_high_low,64,8,3850,random_matched,1.0,50,42,random_k,4,5000,2,2
split_high_low,64,8,3900,random_matched,1.0,50,42,random_k,4,5000,4,4
split_high_low,64,8,3950,random_matched,1.0,50,42,random_k,4,5000,1,1
split_high_low,64,8,4000,random_matched,1.0,50,42,random_k,4,5000,3,3
split_high_low,64,8,4050,random_matched,1.0,50,42,random_k,4,5000,3,3
split_high_low,64,8,4100,random_matched,1.0,50,42,random_k,4,5000,4,4
split_high_low,64,8,4150,random_matched,1.0,50,42,random_k,4,5000,3,3
split_high_low,64,8,4200,random_matched,1.0,50,42,random_k,4,5000,4,4
split_high_low,64,8,4250,random_matched,1.0,50,42,random_k,4,5000,5,5
split_high_low,64,8,4300,random_matched,1.0,50,42,random_k,4,5000,1,1
split_high_low,64,8,4350,random_matched,1.0,50,42,random_k,4,5000,1,1
split_high_low,64,8,4400,random_matched,1.0,50,42,random_k,4,5000,0,0
split_high_low,64,8,4450,random_matched,1.0,50,42,random_k,4,5000,2,2
split_high_low,64,8,4500,random_matched,1.0,50,42,random_k,4,5000,3,3
split_high_low,64,8,4550,random_matched,1.0,50,42,random_k,4,5000,1,1
split_high_low,64,8,4600,random_matched,1.0,50,42,random_k,4,5000,2,2
split_high_low,64,8,4650,random_matched,1.0,50,42,random_k,4,5000,1,1
split_high_low,64,8,4700,random_matched,1.0,50,42,random_k,4,5000,2,2
split_high_low,64,8,4750,random_matched,1.0,50,42,random_k,4,5000,1,1
split_high_low,64,8,4800,random_matched,1.0,50,42,random_k,4,5000,0,0
split_high_low,64,8,4850,random_matched,1.0,50,42,random_k,4,5000,4,4
split_high_low,64,8,4900,random_matched,1.0,50,42,random_k,4,5000,2,2
split_high_low,64,8,4950,random_matched,1.0,50,42,random_k,4,5000,3,3
split_high_low,64,8,5000,random_matched,1.0,50,42,random_k,4,5000,1,1
uniform_high,32,9,50,random_matched,1.0,50,42,random_k,4,5000,0,0
uniform_high,32,9,100,random_matched,1.0,50,42,random_k,4,5000,0,0
uniform_high,32,9,150,random_matched,1.0,50,42,random_k,4,5000,2,2
uniform_high,32,9,200,random_matched,1.0,50,42,random_k,4,5000,1,1
uniform_high,32,9,250,random_matched,1.0,50,42,random_k,4,5000,1,1
uniform_high,32,9,300,random_matched,1.0,50,42,random_k,4,5000,0,0
uniform_high,32,9,350,random_matched,1.0,50,42,random_k,4,5000,0,0
uniform_high,32,9,400,random_matched,1.0,50,42,random_k,4,5000,0,0
uniform_high,32,9,450,random_matched,1.0,50,42,random_k,4,5000,1,1
uniform_high,32,9,500,random_matched,1.0,50,42,random_k,4,5000,0,0
uniform_high,32,9,550,random_matched,1.0,50,42,random_k,4,5000,0,0
uniform_high,32,9,600,random_matched,1.0,50,42,random_k,4,5000,0,0
uniform_high,32,9,650,random_matched,1.0,50,42,random_k,4,5000,1,1
uniform_high,32,9,700,random_matched,1.0,50,42,random_k,4,5000,1,1
uniform_high,32,9,750,random_matched,1.0,50,42,random_k,4,5000,1,1
uniform_high,32,9,800,random_matched,1.0,50,42,random_k,4,5000,0,0
uniform_high,32,9,850,random_matched,1.0,50,42,random_k,4,5000,0,0
uniform_high,32,9,900,random_matched,1.0,50,42,random_k,4,5000,1,1
uniform_high,32,9,950,random_matched,1.0,50,42,random_k,4,5000,1,1
uniform_high,32,9,1000,random_matched,1.0,50,42,random_k,4,5000,0,0
uniform_high,32,9,1050,random_matched,1.0,50,42,random_k,4,5000,2,2
uniform_high,32,9,1100,random_matched,1.0,50,42,random_k,4,5000,1,1
uniform_high,32,9,1150,random_matched,1.0,50,42,random_k,4,5000,0,0
uniform_high,32,9,1200,random_matched,1.0,50,42,random_k,4,5000,0,0
uniform_high,32,9,1250,random_matched,1.0,50,42,random_k,4,5000,1,1
uniform_high,32,9,1300,random_matched,1.0,50,42,random_k,4,5000,2,2
uniform_high,32,9,1350,random_matched,1.0,50,42,random_k,4,5000,1,1
uniform_high,32,9,1400,random_matched,1.0,50,42,random_k,4,5000,1,1
uniform_high,32,9,1450,random_matched,1.0,50,42,random_k,4,5000,1,1
uniform_high,32,9,1500,random_matched,1.0,50,42,random_k,4,5000,1,1
uniform_high,32,9,1550,random_matched,1.0,50,42,random_k,4,5000,0,0
uniform_high,32,9,1600,random_matched,1.0,50,42,random_k,4,5000,1,1
uniform_high,32,9,1650,random_matched,1.0,50,42,random_k,4,5000,0,0
uniform_high,32,9,1700,random_matched,1.0,50,42,random_k,4,5000,0,0
uniform_high,32,9,1750,random_matched,1.0,50,42,random_k,4,5000,1,1
uniform_high,32,9,1800,random_matched,1.0,50,42,random_k,4,5000,0,0
uniform_high,32,9,1850,random_matched,1.0,50,42,random_k,4,5000,2,2
uniform_high,32,9,1900,random_matched,1.0,50,42,random_k,4,5000,0,0
uniform_high,32,9,1950,random_matched,1.0,50,42,random_k,4,5000,3,3
uniform_high,32,9,2000,random_matched,1.0,50,42,random_k,4,5000,0,0
uniform_high,32,9,2050,random_matched,1.0,50,42,random_k,4,5000,0,0
uniform_high,32,9,2100,random_matched,1.0,50,42,random_k,4,5000,1,1
uniform_high,32,9,2150,random_matched,1.0,50,42,random_k,4,5000,0,0
uniform_high,32,9,2200,random_matched,1.0,50,42,random_k,4,5000,0,0
uniform_high,32,9,2250,random_matched,1.0,50,42,random_k,4,5000,0,0
uniform_high,32,9,2300,random_matched,1.0,50,42,random_k,4,5000,1,1
uniform_high,32,9,2350,random_matched,1.0,50,42,random_k,4,5000,0,0
uniform_high,32,9,2400,random_matched,1.0,50,42,random_k,4,5000,0,0
uniform_high,32,9,2450,random_matched,1.0,50,42,random_k,4,5000,0,0
uniform_high,32,9,2500,random_matched,1.0,50,42,random_k,4,5000,1,1
uniform_high,32,9,2550,random_matched,1.0,50,42,random_k,4,5000,0,0
uniform_high,32,9,2600,random_matched,1.0,50,42,random_k,4,5000,2,2
uniform_high,32,9,2650,random_matched,1.0,50,42,random_k,4,5000,0,0
uniform_high,32,9,2700,random_matched,1.0,50,42,random_k,4,5000,0,0
uniform_high,32,9,2750,random_matched,1.0,50,42,random_k,4,5000,0,0
uniform_high,32,9,2800,random_matched,1.0,50,42,random_k,4,5000,0,0
uniform_high,32,9,2850,random_matched,1.0,50,42,random_k,4,5000,0,0
uniform_high,32,9,2900,random_matched,1.0,50,42,random_k,4,5000,0,0
uniform_high,32,9,2950,random_matched,1.0,50,42,random_k,4,5000,1,1
uniform_high,32,9,3000,random_matched,1.0,50,42,random_k,4,5000,0,0
uniform_high,32,9,3050,random_matched,1.0,50,42,random_k,4,5000,0,0
uniform_high,32,9,3100,random_matched,1.0,50,42,random_k,4,5000,1,1
uniform_high,32,9,3150,random_matched,1.0,50,42,random_k,4,5000,0,0
uniform_high,32,9,3200,random_matched,1.0,50,42,random_k,4,5000,0,0
uniform_high,32,9,3250,random_matched,1.0,50,42,random_k,4,5000,0,0
uniform_high,32,9,3300,random_matched,1.0,50,42,random_k,4,5000,0,0
uniform_high,32,9,3350,random_matched,1.0,50,42,random_k,4,5000,0,0
uniform_high,32,9,3400,random_matched,1.0,50,42,random_k,4,5000,0,0
uniform_high,32,9,3450,random_matched,1.0,50,42,random_k,4,5000,0,0
uniform_high,32,9,3500,random_matched,1.0,50,42,random_k,4,5000,0,0
uniform_high,32,9,3550,random_matched,1.0,50,42,random_k,4,5000,0,0
uniform_high,32,9,3600,random_matched,1.0,50,42,random_k,4,5000,0,0
uniform_high,32,9,3650,random_matched,1.0,50,42,random_k,4,5000,0,0
uniform_high,32,9,3700,random_matched,1.0,50,42,random_k,4,5000,0,0
uniform_high,32,9,3750,random_matched,1.0,50,42,random_k,4,5000,0,0
uniform_high,32,9,3800,random_matched,1.0,50,42,random_k,4,5000,1,1
uniform_high,32,9,3850,random_matched,1.0,50,42,random_k,4,5000,0,0
uniform_high,32,9,3900,random_matched,1.0,50,42,random_k,4,5000,1,1
uniform_high,32,9,3950,random_matched,1.0,50,42,random_k,4,5000,0,0
uniform_high,32,9,4000,random_matched,1.0,50,42,random_k,4,5000,0,0
uniform_high,32,9,4050,random_matched,1.0,50,42,random_k,4,5000,0,0
uniform_high,32,9,4100,random_matched,1.0,50,42,random_k,4,5000,0,0
uniform_high,32,9,4150,random_matched,1.0,50,42,random_k,4,5000,0,0
uniform_high,32,9,4200,random_matched,1.0,50,42,random_k,4,5000,0,0
uniform_high,32,9,4250,random_matched,1.0,50,42,random_k,4,5000,0,0
uniform_high,32,9,4300,random_matched,1.0,50,42,random_k,4,5000,0,0
uniform_high,32,9,4350,random_matched,1.0,50,42,random_k,4,5000,0,0
uniform_high,32,9,4400,random_matched,1.0,50,42,random_k,4,5000,0,0
uniform_high,32,9,4450,random_matched,1.0,50,42,random_k,4,5000,1,1
uniform_high,32,9,4500,random_matched,1.0,50,42,random_k,4,5000,0,0
uniform_high,32,9,4550,random_matched,1.0,50,42,random_k,4,5000,0,0
uniform_high,32,9,4600,random_matched,1.0,50,42,random_k,4,5000,0,0
uniform_high,32,9,4650,random_matched,1.0,50,42,random_k,4,5000,0,0
uniform_high,32,9,4700,random_matched,1.0,50,42,random_k,4,5000,0,0
uniform_high,32,9,4750,random_matched,1.0,50,42,random_k,4,5000,0,0
uniform_high,32,9,4800,random_matched,1.0,50,42,random_k,4,5000,0,0
uniform_high,32,9,4850,random_matched,1.0,50,42,random_k,4,5000,0,0
uniform_high,32,9,4900,random_matched,1.0,50,42,random_k,4,5000,0,0
uniform_high,32,9,4950,random_matched,1.0,50,42,random_k,4,5000,0,0
uniform_high,32,9,5000,random_matched,1.0,50,42,random_k,4,5000,0,0
uniform_high,64,9,50,random_matched,1.0,50,42,random_k,4,5000,2,2
uniform_high,64,9,100,random_matched,1.0,50,42,random_k,4,5000,1,1
uniform_high,64,9,150,random_matched,1.0,50,42,random_k,4,5000,0,0
uniform_high,64,9,200,random_matched,1.0,50,42,random_k,4,5000,1,1
uniform_high,64,9,250,random_matched,1.0,50,42,random_k,4,5000,3,3
uniform_high,64,9,300,random_matched,1.0,50,42,random_k,4,5000,3,3
uniform_high,64,9,350,random_matched,1.0,50,42,random_k,4,5000,0,0
uniform_high,64,9,400,random_matched,1.0,50,42,random_k,4,5000,2,2
uniform_high,64,9,450,random_matched,1.0,50,42,random_k,4,5000,0,0
uniform_high,64,9,500,random_matched,1.0,50,42,random_k,4,5000,2,2
uniform_high,64,9,550,random_matched,1.0,50,42,random_k,4,5000,4,4
uniform_high,64,9,600,random_matched,1.0,50,42,random_k,4,5000,2,2
uniform_high,64,9,650,random_matched,1.0,50,42,random_k,4,5000,1,1
uniform_high,64,9,700,random_matched,1.0,50,42,random_k,4,5000,2,2
uniform_high,64,9,750,random_matched,1.0,50,42,random_k,4,5000,1,1
uniform_high,64,9,800,random_matched,1.0,50,42,random_k,4,5000,1,1
uniform_high,64,9,850,random_matched,1.0,50,42,random_k,4,5000,3,3
uniform_high,64,9,900,random_matched,1.0,50,42,random_k,4,5000,2,2
uniform_high,64,9,950,random_matched,1.0,50,42,random_k,4,5000,2,2
uniform_high,64,9,1000,random_matched,1.0,50,42,random_k,4,5000,3,3
uniform_high,64,9,1050,random_matched,1.0,50,42,random_k,4,5000,2,2
uniform_high,64,9,1100,random_matched,1.0,50,42,random_k,4,5000,1,1
uniform_high,64,9,1150,random_matched,1.0,50,42,random_k,4,5000,2,2
uniform_high,64,9,1200,random_matched,1.0,50,42,random_k,4,5000,4,4
uniform_high,64,9,1250,random_matched,1.0,50,42,random_k,4,5000,2,2
uniform_high,64,9,1300,random_matched,1.0,50,42,random_k,4,5000,3,3
uniform_high,64,9,1350,random_matched,1.0,50,42,random_k,4,5000,6,6
uniform_high,64,9,1400,random_matched,1.0,50,42,random_k,4,5000,1,1
uniform_high,64,9,1450,random_matched,1.0,50,42,random_k,4,5000,1,1
uniform_high,64,9,1500,random_matched,1.0,50,42,random_k,4,5000,3,3
uniform_high,64,9,1550,random_matched,1.0,50,42,random_k,4,5000,2,2
uniform_high,64,9,1600,random_matched,1.0,50,42,random_k,4,5000,1,1
uniform_high,64,9,1650,random_matched,1.0,50,42,random_k,4,5000,2,2
uniform_high,64,9,1700,random_matched,1.0,50,42,random_k,4,5000,1,1
uniform_high,64,9,1750,random_matched,1.0,50,42,random_k,4,5000,1,1
uniform_high,64,9,1800,random_matched,1.0,50,42,random_k,4,5000,3,3
uniform_high,64,9,1850,random_matched,1.0,50,42,random_k,4,5000,5,5
uniform_high,64,9,1900,random_matched,1.0,50,42,random_k,4,5000,4,4
uniform_high,64,9,1950,random_matched,1.0,50,42,random_k,4,5000,5,5
uniform_high,64,9,2000,random_matched,1.0,50,42,random_k,4,5000,1,1
uniform_high,64,9,2050,random_matched,1.0,50,42,random_k,4,5000,6,6
uniform_high,64,9,2100,random_matched,1.0,50,42,random_k,4,5000,2,2
uniform_high,64,9,2150,random_matched,1.0,50,42,random_k,4,5000,2,2
uniform_high,64,9,2200,random_matched,1.0,50,42,random_k,4,5000,1,1
uniform_high,64,9,2250,random_matched,1.0,50,42,random_k,4,5000,1,1
uniform_high,64,9,2300,random_matched,1.0,50,42,random_k,4,5000,2,2
uniform_high,64,9,2350,random_matched,1.0,50,42,random_k,4,5000,1,1
uniform_high,64,9,2400,random_matched,1.0,50,42,random_k,4,5000,1,1
uniform_high,64,9,2450,random_matched,1.0,50,42,random_k,4,5000,0,0
uniform_high,64,9,2500,random_matched,1.0,50,42,random_k,4,5000,1,1
uniform_high,64,9,2550,random_matched,1.0,50,42,random_k,4,5000,1,1
uniform_high,64,9,2600,random_matched,1.0,50,42,random_k,4,5000,0,0
uniform_high,64,9,2650,random_matched,1.0,50,42,random_k,4,5000,2,2
uniform_high,64,9,2700,random_matched,1.0,50,42,random_k,4,5000,1,1
uniform_high,64,9,2750,random_matched,1.0,50,42,random_k,4,5000,0,0
uniform_high,64,9,2800,random_matched,1.0,50,42,random_k,4,5000,0,0
uniform_high,64,9,2850,random_matched,1.0,50,42,random_k,4,5000,1,1
uniform_high,64,9,2900,random_matched,1.0,50,42,random_k,4,5000,1,1
uniform_high,64,9,2950,random_matched,1.0,50,42,random_k,4,5000,0,0
uniform_high,64,9,3000,random_matched,1.0,50,42,random_k,4,5000,0,0
uniform_high,64,9,3050,random_matched,1.0,50,42,random_k,4,5000,0,0
uniform_high,64,9,3100,random_matched,1.0,50,42,random_k,4,5000,0,0
uniform_high,64,9,3150,random_matched,1.0,50,42,random_k,4,5000,2,2
uniform_high,64,9,3200,random_matched,1.0,50,42,random_k,4,5000,2,2
uniform_high,64,9,3250,random_matched,1.0,50,42,random_k,4,5000,2,2
uniform_high,64,9,3300,random_matched,1.0,50,42,random_k,4,5000,0,0
uniform_high,64,9,3350,random_matched,1.0,50,42,random_k,4,5000,0,0
uniform_high,64,9,3400,random_matched,1.0,50,42,random_k,4,5000,0,0
uniform_high,64,9,3450,random_matched,1.0,50,42,random_k,4,5000,0,0
uniform_high,64,9,3500,random_matched,1.0,50,42,random_k,4,5000,1,1
uniform_high,64,9,3550,random_matched,1.0,50,42,random_k,4,5000,2,2
uniform_high,64,9,3600,random_matched,1.0,50,42,random_k,4,5000,0,0
uniform_high,64,9,3650,random_matched,1.0,50,42,random_k,4,5000,1,1
uniform_high,64,9,3700,random_matched,1.0,50,42,random_k,4,5000,1,1
uniform_high,64,9,3750,random_matched,1.0,50,42,random_k,4,5000,0,0
uniform_high,64,9,3800,random_matched,1.0,50,42,random_k,4,5000,1,1
uniform_high,64,9,3850,random_matched,1.0,50,42,random_k,4,5000,0,0
uniform_high,64,9,3900,random_matched,1.0,50,42,random_k,4,5000,1,1
uniform_high,64,9,3950,random_matched,1.0,50,42,random_k,4,5000,0,0
uniform_high,64,9,4000,random_matched,1.0,50,42,random_k,4,5000,1,1
uniform_high,64,9,4050,random_matched,1.0,50,42,random_k,4,5000,1,1
uniform_high,64,9,4100,random_matched,1.0,50,42,random_k,4,5000,1,1
uniform_high,64,9,4150,random_matched,1.0,50,42,random_k,4,5000,1,1
uniform_high,64,9,4200,random_matched,1.0,50,42,random_k,4,5000,6,6
uniform_high,64,9,4250,random_matched,1.0,50,42,random_k,4,5000,2,2
uniform_high,64,9,4300,random_matched,1.0,50,42,random_k,4,5000,0,0
uniform_high,64,9,4350,random_matched,1.0,50,42,random_k,4,5000,0,0
uniform_high,64,9,4400,random_matched,1.0,50,42,random_k,4,5000,0,0
uniform_high,64,9,4450,random_matched,1.0,50,42,random_k,4,5000,0,0
uniform_high,64,9,4500,random_matched,1.0,50,42,random_k,4,5000,0,0
uniform_high,64,9,4550,random_matched,1.0,50,42,random_k,4,5000,0,0
uniform_high,64,9,4600,random_matched,1.0,50,42,random_k,4,5000,1,1
uniform_high,64,9,4650,random_matched,1.0,50,42,random_k,4,5000,0,0
uniform_high,64,9,4700,random_matched,1.0,50,42,random_k,4,5000,0,0
uniform_high,64,9,4750,random_matched,1.0,50,42,random_k,4,5000,0,0
uniform_high,64,9,4800,random_matched,1.0,50,42,random_k,4,5000,1,1
uniform_high,64,9,4850,random_matched,1.0,50,42,random_k,4,5000,2,2
uniform_high,64,9,4900,random_matched,1.0,50,42,random_k,4,5000,1,1
uniform_high,64,9,4950,random_matched,1.0,50,42,random_k,4,5000,0,0
uniform_high,64,9,5000,random_matched,1.0,50,42,random_k,4,5000,0,0
patchy_high,32,9,50,random_matched,1.0,50,42,random_k,4,5000,0,0
patchy_high,32,9,100,random_matched,1.0,50,42,random_k,4,5000,0,0
patchy_high,32,9,150,random_matched,1.0,50,42,random_k,4,5000,2,2
patchy_high,32,9,200,random_matched,1.0,50,42,random_k,4,5000,1,1
patchy_high,32,9,250,random_matched,1.0,50,42,random_k,4,5000,0,0
patchy_high,32,9,300,random_matched,1.0,50,42,random_k,4,5000,1,1
patchy_high,32,9,350,random_matched,1.0,50,42,random_k,4,5000,0,0
patchy_high,32,9,400,random_matched,1.0,50,42,random_k,4,5000,0,0
patchy_high,32,9,450,random_matched,1.0,50,42,random_k,4,5000,0,0
patchy_high,32,9,500,random_matched,1.0,50,42,random_k,4,5000,1,1
patchy_high,32,9,550,random_matched,1.0,50,42,random_k,4,5000,0,0
patchy_high,32,9,600,random_matched,1.0,50,42,random_k,4,5000,1,1
patchy_high,32,9,650,random_matched,1.0,50,42,random_k,4,5000,2,2
patchy_high,32,9,700,random_matched,1.0,50,42,random_k,4,5000,0,0
patchy_high,32,9,750,random_matched,1.0,50,42,random_k,4,5000,1,1
patchy_high,32,9,800,random_matched,1.0,50,42,random_k,4,5000,1,1
patchy_high,32,9,850,random_matched,1.0,50,42,random_k,4,5000,0,0
patchy_high,32,9,900,random_matched,1.0,50,42,random_k,4,5000,2,2
patchy_high,32,9,950,random_matched,1.0,50,42,random_k,4,5000,1,1
patchy_high,32,9,1000,random_matched,1.0,50,42,random_k,4,5000,0,0
patchy_high,32,9,1050,random_matched,1.0,50,42,random_k,4,5000,0,0
patchy_high,32,9,1100,random_matched,1.0,50,42,random_k,4,5000,1,1
patchy_high,32,9,1150,random_matched,1.0,50,42,random_k,4,5000,1,1
patchy_high,32,9,1200,random_matched,1.0,50,42,random_k,4,5000,1,1
patchy_high,32,9,1250,random_matched,1.0,50,42,random_k,4,5000,4,4
patchy_high,32,9,1300,random_matched,1.0,50,42,random_k,4,5000,0,0
patchy_high,32,9,1350,random_matched,1.0,50,42,random_k,4,5000,0,0
patchy_high,32,9,1400,random_matched,1.0,50,42,random_k,4,5000,0,0
patchy_high,32,9,1450,random_matched,1.0,50,42,random_k,4,5000,0,0
patchy_high,32,9,1500,random_matched,1.0,50,42,random_k,4,5000,0,0
patchy_high,32,9,1550,random_matched,1.0,50,42,random_k,4,5000,2,2
patchy_high,32,9,1600,random_matched,1.0,50,42,random_k,4,5000,0,0
patchy_high,32,9,1650,random_matched,1.0,50,42,random_k,4,5000,0,0
patchy_high,32,9,1700,random_matched,1.0,50,42,random_k,4,5000,2,2
patchy_high,32,9,1750,random_matched,1.0,50,42,random_k,4,5000,0,0
patchy_high,32,9,1800,random_matched,1.0,50,42,random_k,4,5000,3,3
patchy_high,32,9,1850,random_matched,1.0,50,42,random_k,4,5000,0,0
patchy_high,32,9,1900,random_matched,1.0,50,42,random_k,4,5000,0,0
patchy_high,32,9,1950,random_matched,1.0,50,42,random_k,4,5000,2,2
patchy_high,32,9,2000,random_matched,1.0,50,42,random_k,4,5000,0,0
patchy_high,32,9,2050,random_matched,1.0,50,42,random_k,4,5000,0,0
patchy_high,32,9,2100,random_matched,1.0,50,42,random_k,4,5000,0,0
patchy_high,32,9,2150,random_matched,1.0,50,42,random_k,4,5000,2,2
patchy_high,32,9,2200,random_matched,1.0,50,42,random_k,4,5000,1,1
patchy_high,32,9,2250,random_matched,1.0,50,42,random_k,4,5000,0,0
patchy_high,32,9,2300,random_matched,1.0,50,42,random_k,4,5000,0,0
patchy_high,32,9,2350,random_matched,1.0,50,42,random_k,4,5000,1,1
patchy_high,32,9,2400,random_matched,1.0,50,42,random_k,4,5000,0,0
patchy_high,32,9,2450,random_matched,1.0,50,42,random_k,4,5000,0,0
patchy_high,32,9,2500,random_matched,1.0,50,42,random_k,4,5000,1,1
patchy_high,32,9,2550,random_matched,1.0,50,42,random_k,4,5000,0,0
patchy_high,32,9,2600,random_matched,1.0,50,42,random_k,4,5000,0,0
patchy_high,32,9,2650,random_matched,1.0,50,42,random_k,4,5000,0,0
patchy_high,32,9,2700,random_matched,1.0,50,42,random_k,4,5000,0,0
patchy_high,32,9,2750,random_matched,1.0,50,42,random_k,4,5000,0,0
patchy_high,32,9,2800,random_matched,1.0,50,42,random_k,4,5000,0,0
patchy_high,32,9,2850,random_matched,1.0,50,42,random_k,4,5000,0,0
patchy_high,32,9,2900,random_matched,1.0,50,42,random_k,4,5000,0,0
patchy_high,32,9,2950,random_matched,1.0,50,42,random_k,4,5000,1,1
patchy_high,32,9,3000,random_matched,1.0,50,42,random_k,4,5000,0,0
patchy_high,32,9,3050,random_matched,1.0,50,42,random_k,4,5000,1,1
patchy_high,32,9,3100,random_matched,1.0,50,42,random_k,4,5000,0,0
patchy_high,32,9,3150,random_matched,1.0,50,42,random_k,4,5000,0,0
patchy_high,32,9,3200,random_matched,1.0,50,42,random_k,4,5000,0,0
patchy_high,32,9,3250,random_matched,1.0,50,42,random_k,4,5000,0,0
patchy_high,32,9,3300,random_matched,1.0,50,42,random_k,4,5000,1,1
patchy_high,32,9,3350,random_matched,1.0,50,42,random_k,4,5000,0,0
patchy_high,32,9,3400,random_matched,1.0,50,42,random_k,4,5000,0,0
patchy_high,32,9,3450,random_matched,1.0,50,42,random_k,4,5000,0,0
patchy_high,32,9,3500,random_matched,1.0,50,42,random_k,4,5000,0,0
patchy_high,32,9,3550,random_matched,1.0,50,42,random_k,4,5000,0,0
patchy_high,32,9,3600,random_matched,1.0,50,42,random_k,4,5000,0,0
patchy_high,32,9,3650,random_matched,1.0,50,42,random_k,4,5000,0,0
patchy_high,32,9,3700,random_matched,1.0,50,42,random_k,4,5000,0,0
patchy_high,32,9,3750,random_matched,1.0,50,42,random_k,4,5000,0,0
patchy_high,32,9,3800,random_matched,1.0,50,42,random_k,4,5000,0,0
patchy_high,32,9,3850,random_matched,1.0,50,42,random_k,4,5000,0,0
patchy_high,32,9,3900,random_matched,1.0,50,42,random_k,4,5000,0,0
patchy_high,32,9,3950,random_matched,1.0,50,42,random_k,4,5000,0,0
patchy_high,32,9,4000,random_matched,1.0,50,42,random_k,4,5000,0,0
patchy_high,32,9,4050,random_matched,1.0,50,42,random_k,4,5000,0,0
patchy_high,32,9,4100,random_matched,1.0,50,42,random_k,4,5000,0,0
patchy_high,32,9,4150,random_matched,1.0,50,42,random_k,4,5000,0,0
patchy_high,32,9,4200,random_matched,1.0,50,42,random_k,4,5000,0,0
patchy_high,32,9,4250,random_matched,1.0,50,42,random_k,4,5000,0,0
patchy_high,32,9,4300,random_matched,1.0,50,42,random_k,4,5000,0,0
patchy_high,32,9,4350,random_matched,1.0,50,42,random_k,4,5000,0,0
patchy_high,32,9,4400,random_matched,1.0,50,42,random_k,4,5000,0,0
patchy_high,32,9,4450,random_matched,1.0,50,42,random_k,4,5000,0,0
patchy_high,32,9,4500,random_matched,1.0,50,42,random_k,4,5000,0,0
patchy_high,32,9,4550,random_matched,1.0,50,42,random_k,4,5000,0,0
patchy_high,32,9,4600,random_matched,1.0,50,42,random_k,4,5000,0,0
patchy_high,32,9,4650,random_matched,1.0,50,42,random_k,4,5000,0,0
patchy_high,32,9,4700,random_matched,1.0,50,42,random_k,4,5000,0,0
patchy_high,32,9,4750,random_matched,1.0,50,42,random_k,4,5000,0,0
patchy_high,32,9,4800,random_matched,1.0,50,42,random_k,4,5000,0,0
patchy_high,32,9,4850,random_matched,1.0,50,42,random_k,4,5000,1,1
patchy_high,32,9,4900,random_matched,1.0,50,42,random_k,4,5000,0,0
patchy_high,32,9,4950,random_matched,1.0,50,42,random_k,4,5000,0,0
patchy_high,32,9,5000,random_matched,1.0,50,42,random_k,4,5000,0,0
patchy_high,64,9,50,random_matched,1.0,50,42,random_k,4,5000,0,0
patchy_high,64,9,100,random_matched,1.0,50,42,random_k,4,5000,2,2
patchy_high,64,9,150,random_matched,1.0,50,42,random_k,4,5000,1,1
patchy_high,64,9,200,random_matched,1.0,50,42,random_k,4,5000,0,0
patchy_high,64,9,250,random_matched,1.0,50,42,random_k,4,5000,1,1
patchy_high,64,9,300,random_matched,1.0,50,42,random_k,4,5000,3,3
patchy_high,64,9,350,random_matched,1.0,50,42,random_k,4,5000,3,3
patchy_high,64,9,400,random_matched,1.0,50,42,random_k,4,5000,0,0
patchy_high,64,9,450,random_matched,1.0,50,42,random_k,4,5000,1,1
patchy_high,64,9,500,random_matched,1.0,50,42,random_k,4,5000,1,1
patchy_high,64,9,550,random_matched,1.0,50,42,random_k,4,5000,2,2
patchy_high,64,9,600,random_matched,1.0,50,42,random_k,4,5000,3,3
patchy_high,64,9,650,random_matched,1.0,50,42,random_k,4,5000,3,3
patchy_high,64,9,700,random_matched,1.0,50,42,random_k,4,5000,1,1
patchy_high,64,9,750,random_matched,1.0,50,42,random_k,4,5000,2,2
patchy_high,64,9,800,random_matched,1.0,50,42,random_k,4,5000,2,2
patchy_high,64,9,850,random_matched,1.0,50,42,random_k,4,5000,1,1
patchy_high,64,9,900,random_matched,1.0,50,42,random_k,4,5000,2,2
patchy_high,64,9,950,random_matched,1.0,50,42,random_k,4,5000,4,4
patchy_high,64,9,1000,random_matched,1.0,50,42,random_k,4,5000,0,0
patchy_high,64,9,1050,random_matched,1.0,50,42,random_k,4,5000,2,2
patchy_high,64,9,1100,random_matched,1.0,50,42,random_k,4,5000,3,3
patchy_high,64,9,1150,random_matched,1.0,50,42,random_k,4,5000,1,1
patchy_high,64,9,1200,random_matched,1.0,50,42,random_k,4,5000,6,6
patchy_high,64,9,1250,random_matched,1.0,50,42,random_k,4,5000,2,2
patchy_high,64,9,1300,random_matched,1.0,50,42,random_k,4,5000,3,3
patchy_high,64,9,1350,random_matched,1.0,50,42,random_k,4,5000,6,6
patchy_high,64,9,1400,random_matched,1.0,50,42,random_k,4,5000,0,0
patchy_high,64,9,1450,random_matched,1.0,50,42,random_k,4,5000,2,2
patchy_high,64,9,1500,random_matched,1.0,50,42,random_k,4,5000,0,0
patchy_high,64,9,1550,random_matched,1.0,50,42,random_k,4,5000,2,2
patchy_high,64,9,1600,random_matched,1.0,50,42,random_k,4,5000,2,2
patchy_high,64,9,1650,random_matched,1.0,50,42,random_k,4,5000,1,1
patchy_high,64,9,1700,random_matched,1.0,50,42,random_k,4,5000,1,1
patchy_high,64,9,1750,random_matched,1.0,50,42,random_k,4,5000,0,0
patchy_high,64,9,1800,random_matched,1.0,50,42,random_k,4,5000,2,2
patchy_high,64,9,1850,random_matched,1.0,50,42,random_k,4,5000,1,1
patchy_high,64,9,1900,random_matched,1.0,50,42,random_k,4,5000,0,0
patchy_high,64,9,1950,random_matched,1.0,50,42,random_k,4,5000,2,2
patchy_high,64,9,2000,random_matched,1.0,50,42,random_k,4,5000,4,4
patchy_high,64,9,2050,random_matched,1.0,50,42,random_k,4,5000,6,6
patchy_high,64,9,2100,random_matched,1.0,50,42,random_k,4,5000,3,3
patchy_high,64,9,2150,random_matched,1.0,50,42,random_k,4,5000,2,2
patchy_high,64,9,2200,random_matched,1.0,50,42,random_k,4,5000,2,2
patchy_high,64,9,2250,random_matched,1.0,50,42,random_k,4,5000,2,2
patchy_high,64,9,2300,random_matched,1.0,50,42,random_k,4,5000,4,4
patchy_high,64,9,2350,random_matched,1.0,50,42,random_k,4,5000,2,2
patchy_high,64,9,2400,random_matched,1.0,50,42,random_k,4,5000,2,2
patchy_high,64,9,2450,random_matched,1.0,50,42,random_k,4,5000,1,1
patchy_high,64,9,2500,random_matched,1.0,50,42,random_k,4,5000,0,0
patchy_high,64,9,2550,random_matched,1.0,50,42,random_k,4,5000,1,1
patchy_high,64,9,2600,random_matched,1.0,50,42,random_k,4,5000,2,2
patchy_high,64,9,2650,random_matched,1.0,50,42,random_k,4,5000,1,1
patchy_high,64,9,2700,random_matched,1.0,50,42,random_k,4,5000,0,0
patchy_high,64,9,2750,random_matched,1.0,50,42,random_k,4,5000,1,1
patchy_high,64,9,2800,random_matched,1.0,50,42,random_k,4,5000,0,0
patchy_high,64,9,2850,random_matched,1.0,50,42,random_k,4,5000,1,1
patchy_high,64,9,2900,random_matched,1.0,50,42,random_k,4,5000,1,1
patchy_high,64,9,2950,random_matched,1.0,50,42,random_k,4,5000,0,0
patchy_high,64,9,3000,random_matched,1.0,50,42,random_k,4,5000,1,1
patchy_high,64,9,3050,random_matched,1.0,50,42,random_k,4,5000,1,1
patchy_high,64,9,3100,random_matched,1.0,50,42,random_k,4,5000,1,1
patchy_high,64,9,3150,random_matched,1.0,50,42,random_k,4,5000,1,1
patchy_high,64,9,3200,random_matched,1.0,50,42,random_k,4,5000,1,1
patchy_high,64,9,3250,random_matched,1.0,50,42,random_k,4,5000,0,0
patchy_high,64,9,3300,random_matched,1.0,50,42,random_k,4,5000,0,0
patchy_high,64,9,3350,random_matched,1.0,50,42,random_k,4,5000,2,2
patchy_high,64,9,3400,random_matched,1.0,50,42,random_k,4,5000,0,0
patchy_high,64,9,3450,random_matched,1.0,50,42,random_k,4,5000,0,0
patchy_high,64,9,3500,random_matched,1.0,50,42,random_k,4,5000,4,4
patchy_high,64,9,3550,random_matched,1.0,50,42,random_k,4,5000,0,0
patchy_high,64,9,3600,random_matched,1.0,50,42,random_k,4,5000,0,0
patchy_high,64,9,3650,random_matched,1.0,50,42,random_k,4,5000,0,0
patchy_high,64,9,3700,random_matched,1.0,50,42,random_k,4,5000,0,0
patchy_high,64,9,3750,random_matched,1.0,50,42,random_k,4,5000,2,2
patchy_high,64,9,3800,random_matched,1.0,50,42,random_k,4,5000,1,1
patchy_high,64,9,3850,random_matched,1.0,50,42,random_k,4,5000,0,0
patchy_high,64,9,3900,random_matched,1.0,50,42,random_k,4,5000,0,0
patchy_high,64,9,3950,random_matched,1.0,50,42,random_k,4,5000,2,2
patchy_high,64,9,4000,random_matched,1.0,50,42,random_k,4,5000,0,0
patchy_high,64,9,4050,random_matched,1.0,50,42,random_k,4,5000,1,1
patchy_high,64,9,4100,random_matched,1.0,50,42,random_k,4,5000,0,0
patchy_high,64,9,4150,random_matched,1.0,50,42,random_k,4,5000,1,1
patchy_high,64,9,4200,random_matched,1.0,50,42,random_k,4,5000,1,1
patchy_high,64,9,4250,random_matched,1.0,50,42,random_k,4,5000,1,1
patchy_high,64,9,4300,random_matched,1.0,50,42,random_k,4,5000,1,1
patchy_high,64,9,4350,random_matched,1.0,50,42,random_k,4,5000,0,0
patchy_high,64,9,4400,random_matched,1.0,50,42,random_k,4,5000,1,1
patchy_high,64,9,4450,random_matched,1.0,50,42,random_k,4,5000,1,1
patchy_high,64,9,4500,random_matched,1.0,50,42,random_k,4,5000,3,3
patchy_high,64,9,4550,random_matched,1.0,50,42,random_k,4,5000,4,4
patchy_high,64,9,4600,random_matched,1.0,50,42,random_k,4,5000,0,0
patchy_high,64,9,4650,random_matched,1.0,50,42,random_k,4,5000,0,0
patchy_high,64,9,4700,random_matched,1.0,50,42,random_k,4,5000,0,0
patchy_high,64,9,4750,random_matched,1.0,50,42,random_k,4,5000,0,0
patchy_high,64,9,4800,random_matched,1.0,50,42,random_k,4,5000,0,0
patchy_high,64,9,4850,random_matched,1.0,50,42,random_k,4,5000,1,1
patchy_high,64,9,4900,random_matched,1.0,50,42,random_k,4,5000,0,0
patchy_high,64,9,4950,random_matched,1.0,50,42,random_k,4,5000,0,0
patchy_high,64,9,5000,random_matched,1.0,50,42,random_k,4,5000,0,0
split_high_low,32,9,50,random_matched,1.0,50,42,random_k,4,5000,0,0
split_high_low,32,9,100,random_matched,1.0,50,42,random_k,4,5000,0,0
split_high_low,32,9,150,random_matched,1.0,50,42,random_k,4,5000,2,2
split_high_low,32,9,200,random_matched,1.0,50,42,random_k,4,5000,0,0
split_high_low,32,9,250,random_matched,1.0,50,42,random_k,4,5000,1,1
split_high_low,32,9,300,random_matched,1.0,50,42,random_k,4,5000,0,0
split_high_low,32,9,350,random_matched,1.0,50,42,random_k,4,5000,1,1
split_high_low,32,9,400,random_matched,1.0,50,42,random_k,4,5000,0,0
split_high_low,32,9,450,random_matched,1.0,50,42,random_k,4,5000,0,0
split_high_low,32,9,500,random_matched,1.0,50,42,random_k,4,5000,1,1
split_high_low,32,9,550,random_matched,1.0,50,42,random_k,4,5000,0,0
split_high_low,32,9,600,random_matched,1.0,50,42,random_k,4,5000,1,1
split_high_low,32,9,650,random_matched,1.0,50,42,random_k,4,5000,1,1
split_high_low,32,9,700,random_matched,1.0,50,42,random_k,4,5000,1,1
split_high_low,32,9,750,random_matched,1.0,50,42,random_k,4,5000,0,0
split_high_low,32,9,800,random_matched,1.0,50,42,random_k,4,5000,2,2
split_high_low,32,9,850,random_matched,1.0,50,42,random_k,4,5000,0,0
split_high_low,32,9,900,random_matched,1.0,50,42,random_k,4,5000,0,0
split_high_low,32,9,950,random_matched,1.0,50,42,random_k,4,5000,2,2
split_high_low,32,9,1000,random_matched,1.0,50,42,random_k,4,5000,0,0
split_high_low,32,9,1050,random_matched,1.0,50,42,random_k,4,5000,1,1
split_high_low,32,9,1100,random_matched,1.0,50,42,random_k,4,5000,0,0
split_high_low,32,9,1150,random_matched,1.0,50,42,random_k,4,5000,0,0
split_high_low,32,9,1200,random_matched,1.0,50,42,random_k,4,5000,0,0
split_high_low,32,9,1250,random_matched,1.0,50,42,random_k,4,5000,2,2
split_high_low,32,9,1300,random_matched,1.0,50,42,random_k,4,5000,3,3
split_high_low,32,9,1350,random_matched,1.0,50,42,random_k,4,5000,2,2
split_high_low,32,9,1400,random_matched,1.0,50,42,random_k,4,5000,0,0
split_high_low,32,9,1450,random_matched,1.0,50,42,random_k,4,5000,0,0
split_high_low,32,9,1500,random_matched,1.0,50,42,random_k,4,5000,1,1
split_high_low,32,9,1550,random_matched,1.0,50,42,random_k,4,5000,2,2
split_high_low,32,9,1600,random_matched,1.0,50,42,random_k,4,5000,1,1
split_high_low,32,9,1650,random_matched,1.0,50,42,random_k,4,5000,3,3
split_high_low,32,9,1700,random_matched,1.0,50,42,random_k,4,5000,0,0
split_high_low,32,9,1750,random_matched,1.0,50,42,random_k,4,5000,1,1
split_high_low,32,9,1800,random_matched,1.0,50,42,random_k,4,5000,0,0
split_high_low,32,9,1850,random_matched,1.0,50,42,random_k,4,5000,1,1
split_high_low,32,9,1900,random_matched,1.0,50,42,random_k,4,5000,0,0
split_high_low,32,9,1950,random_matched,1.0,50,42,random_k,4,5000,3,3
split_high_low,32,9,2000,random_matched,1.0,50,42,random_k,4,5000,1,1
split_high_low,32,9,2050,random_matched,1.0,50,42,random_k,4,5000,0,0
split_high_low,32,9,2100,random_matched,1.0,50,42,random_k,4,5000,0,0
split_high_low,32,9,2150,random_matched,1.0,50,42,random_k,4,5000,1,1
split_high_low,32,9,2200,random_matched,1.0,50,42,random_k,4,5000,0,0
split_high_low,32,9,2250,random_matched,1.0,50,42,random_k,4,5000,0,0
split_high_low,32,9,2300,random_matched,1.0,50,42,random_k,4,5000,0,0
split_high_low,32,9,2350,random_matched,1.0,50,42,random_k,4,5000,1,1
split_high_low,32,9,2400,random_matched,1.0,50,42,random_k,4,5000,1,1
split_high_low,32,9,2450,random_matched,1.0,50,42,random_k,4,5000,0,0
split_high_low,32,9,2500,random_matched,1.0,50,42,random_k,4,5000,0,0
split_high_low,32,9,2550,random_matched,1.0,50,42,random_k,4,5000,1,1
split_high_low,32,9,2600,random_matched,1.0,50,42,random_k,4,5000,0,0
split_high_low,32,9,2650,random_matched,1.0,50,42,random_k,4,5000,0,0
split_high_low,32,9,2700,random_matched,1.0,50,42,random_k,4,5000,0,0
split_high_low,32,9,2750,random_matched,1.0,50,42,random_k,4,5000,0,0
split_high_low,32,9,2800,random_matched,1.0,50,42,random_k,4,5000,0,0
split_high_low,32,9,2850,random_matched,1.0,50,42,random_k,4,5000,0,0
split_high_low,32,9,2900,random_matched,1.0,50,42,random_k,4,5000,0,0
split_high_low,32,9,2950,random_matched,1.0,50,42,random_k,4,5000,0,0
split_high_low,32,9,3000,random_matched,1.0,50,42,random_k,4,5000,0,0
split_high_low,32,9,3050,random_matched,1.0,50,42,random_k,4,5000,1,1
split_high_low,32,9,3100,random_matched,1.0,50,42,random_k,4,5000,0,0
split_high_low,32,9,3150,random_matched,1.0,50,42,random_k,4,5000,1,1
split_high_low,32,9,3200,random_matched,1.0,50,42,random_k,4,5000,0,0
split_high_low,32,9,3250,random_matched,1.0,50,42,random_k,4,5000,0,0
split_high_low,32,9,3300,random_matched,1.0,50,42,random_k,4,5000,2,2
split_high_low,32,9,3350,random_matched,1.0,50,42,random_k,4,5000,0,0
split_high_low,32,9,3400,random_matched,1.0,50,42,random_k,4,5000,0,0
split_high_low,32,9,3450,random_matched,1.0,50,42,random_k,4,5000,1,1
split_high_low,32,9,3500,random_matched,1.0,50,42,random_k,4,5000,1,1
split_high_low,32,9,3550,random_matched,1.0,50,42,random_k,4,5000,0,0
split_high_low,32,9,3600,random_matched,1.0,50,42,random_k,4,5000,0,0
split_high_low,32,9,3650,random_matched,1.0,50,42,random_k,4,5000,0,0
split_high_low,32,9,3700,random_matched,1.0,50,42,random_k,4,5000,0,0
split_high_low,32,9,3750,random_matched,1.0,50,42,random_k,4,5000,0,0
split_high_low,32,9,3800,random_matched,1.0,50,42,random_k,4,5000,0,0
split_high_low,32,9,3850,random_matched,1.0,50,42,random_k,4,5000,1,1
split_high_low,32,9,3900,random_matched,1.0,50,42,random_k,4,5000,1,1
split_high_low,32,9,3950,random_matched,1.0,50,42,random_k,4,5000,0,0
split_high_low,32,9,4000,random_matched,1.0,50,42,random_k,4,5000,0,0
split_high_low,32,9,4050,random_matched,1.0,50,42,random_k,4,5000,0,0
split_high_low,32,9,4100,random_matched,1.0,50,42,random_k,4,5000,0,0
split_high_low,32,9,4150,random_matched,1.0,50,42,random_k,4,5000,0,0
split_high_low,32,9,4200,random_matched,1.0,50,42,random_k,4,5000,0,0
split_high_low,32,9,4250,random_matched,1.0,50,42,random_k,4,5000,1,1
split_high_low,32,9,4300,random_matched,1.0,50,42,random_k,4,5000,1,1
split_high_low,32,9,4350,random_matched,1.0,50,42,random_k,4,5000,0,0
split_high_low,32,9,4400,random_matched,1.0,50,42,random_k,4,5000,0,0
split_high_low,32,9,4450,random_matched,1.0,50,42,random_k,4,5000,1,1
split_high_low,32,9,4500,random_matched,1.0,50,42,random_k,4,5000,1,1
split_high_low,32,9,4550,random_matched,1.0,50,42,random_k,4,5000,2,2
split_high_low,32,9,4600,random_matched,1.0,50,42,random_k,4,5000,1,1
split_high_low,32,9,4650,random_matched,1.0,50,42,random_k,4,5000,0,0
split_high_low,32,9,4700,random_matched,1.0,50,42,random_k,4,5000,0,0
split_high_low,32,9,4750,random_matched,1.0,50,42,random_k,4,5000,0,0
split_high_low,32,9,4800,random_matched,1.0,50,42,random_k,4,5000,1,1
split_high_low,32,9,4850,random_matched,1.0,50,42,random_k,4,5000,0,0
split_high_low,32,9,4900,random_matched,1.0,50,42,random_k,4,5000,0,0
split_high_low,32,9,4950,random_matched,1.0,50,42,random_k,4,5000,0,0
split_high_low,32,9,5000,random_matched,1.0,50,42,random_k,4,5000,0,0
split_high_low,64,9,50,random_matched,1.0,50,42,random_k,4,5000,1,1
split_high_low,64,9,100,random_matched,1.0,50,42,random_k,4,5000,2,2
split_high_low,64,9,150,random_matched,1.0,50,42,random_k,4,5000,0,0
split_high_low,64,9,200,random_matched,1.0,50,42,random_k,4,5000,0,0
split_high_low,64,9,250,random_matched,1.0,50,42,random_k,4,5000,1,1
split_high_low,64,9,300,random_matched,1.0,50,42,random_k,4,5000,3,3
split_high_low,64,9,350,random_matched,1.0,50,42,random_k,4,5000,3,3
split_high_low,64,9,400,random_matched,1.0,50,42,random_k,4,5000,0,0
split_high_low,64,9,450,random_matched,1.0,50,42,random_k,4,5000,2,2
split_high_low,64,9,500,random_matched,1.0,50,42,random_k,4,5000,0,0
split_high_low,64,9,550,random_matched,1.0,50,42,random_k,4,5000,2,2
split_high_low,64,9,600,random_matched,1.0,50,42,random_k,4,5000,4,4
split_high_low,64,9,650,random_matched,1.0,50,42,random_k,4,5000,2,2
split_high_low,64,9,700,random_matched,1.0,50,42,random_k,4,5000,1,1
split_high_low,64,9,750,random_matched,1.0,50,42,random_k,4,5000,0,0
split_high_low,64,9,800,random_matched,1.0,50,42,random_k,4,5000,3,3
split_high_low,64,9,850,random_matched,1.0,50,42,random_k,4,5000,1,1
split_high_low,64,9,900,random_matched,1.0,50,42,random_k,4,5000,1,1
split_high_low,64,9,950,random_matched,1.0,50,42,random_k,4,5000,3,3
split_high_low,64,9,1000,random_matched,1.0,50,42,random_k,4,5000,1,1
split_high_low,64,9,1050,random_matched,1.0,50,42,random_k,4,5000,2,2
split_high_low,64,9,1100,random_matched,1.0,50,42,random_k,4,5000,1,1
split_high_low,64,9,1150,random_matched,1.0,50,42,random_k,4,5000,3,3
split_high_low,64,9,1200,random_matched,1.0,50,42,random_k,4,5000,1,1
split_high_low,64,9,1250,random_matched,1.0,50,42,random_k,4,5000,3,3
split_high_low,64,9,1300,random_matched,1.0,50,42,random_k,4,5000,4,4
split_high_low,64,9,1350,random_matched,1.0,50,42,random_k,4,5000,2,2
split_high_low,64,9,1400,random_matched,1.0,50,42,random_k,4,5000,1,1
split_high_low,64,9,1450,random_matched,1.0,50,42,random_k,4,5000,3,3
split_high_low,64,9,1500,random_matched,1.0,50,42,random_k,4,5000,5,5
split_high_low,64,9,1550,random_matched,1.0,50,42,random_k,4,5000,0,0
split_high_low,64,9,1600,random_matched,1.0,50,42,random_k,4,5000,2,2
split_high_low,64,9,1650,random_matched,1.0,50,42,random_k,4,5000,0,0
split_high_low,64,9,1700,random_matched,1.0,50,42,random_k,4,5000,0,0
split_high_low,64,9,1750,random_matched,1.0,50,42,random_k,4,5000,2,2
split_high_low,64,9,1800,random_matched,1.0,50,42,random_k,4,5000,1,1
split_high_low,64,9,1850,random_matched,1.0,50,42,random_k,4,5000,1,1
split_high_low,64,9,1900,random_matched,1.0,50,42,random_k,4,5000,1,1
split_high_low,64,9,1950,random_matched,1.0,50,42,random_k,4,5000,1,1
split_high_low,64,9,2000,random_matched,1.0,50,42,random_k,4,5000,0,0
split_high_low,64,9,2050,random_matched,1.0,50,42,random_k,4,5000,0,0
split_high_low,64,9,2100,random_matched,1.0,50,42,random_k,4,5000,0,0
split_high_low,64,9,2150,random_matched,1.0,50,42,random_k,4,5000,0,0
split_high_low,64,9,2200,random_matched,1.0,50,42,random_k,4,5000,2,2
split_high_low,64,9,2250,random_matched,1.0,50,42,random_k,4,5000,1,1
split_high_low,64,9,2300,random_matched,1.0,50,42,random_k,4,5000,0,0
split_high_low,64,9,2350,random_matched,1.0,50,42,random_k,4,5000,0,0
split_high_low,64,9,2400,random_matched,1.0,50,42,random_k,4,5000,1,1
split_high_low,64,9,2450,random_matched,1.0,50,42,random_k,4,5000,0,0
split_high_low,64,9,2500,random_matched,1.0,50,42,random_k,4,5000,1,1
split_high_low,64,9,2550,random_matched,1.0,50,42,random_k,4,5000,2,2
split_high_low,64,9,2600,random_matched,1.0,50,42,random_k,4,5000,2,2
split_high_low,64,9,2650,random_matched,1.0,50,42,random_k,4,5000,3,3
split_high_low,64,9,2700,random_matched,1.0,50,42,random_k,4,5000,0,0
split_high_low,64,9,2750,random_matched,1.0,50,42,random_k,4,5000,1,1
split_high_low,64,9,2800,random_matched,1.0,50,42,random_k,4,5000,2,2
split_high_low,64,9,2850,random_matched,1.0,50,42,random_k,4,5000,1,1
split_high_low,64,9,2900,random_matched,1.0,50,42,random_k,4,5000,2,2
split_high_low,64,9,2950,random_matched,1.0,50,42,random_k,4,5000,1,1
split_high_low,64,9,3000,random_matched,1.0,50,42,random_k,4,5000,1,1
split_high_low,64,9,3050,random_matched,1.0,50,42,random_k,4,5000,1,1
split_high_low,64,9,3100,random_matched,1.0,50,42,random_k,4,5000,1,1
split_high_low,64,9,3150,random_matched,1.0,50,42,random_k,4,5000,0,0
split_high_low,64,9,3200,random_matched,1.0,50,42,random_k,4,5000,3,3
split_high_low,64,9,3250,random_matched,1.0,50,42,random_k,4,5000,0,0
split_high_low,64,9,3300,random_matched,1.0,50,42,random_k,4,5000,3,3
split_high_low,64,9,3350,random_matched,1.0,50,42,random_k,4,5000,0,0
split_high_low,64,9,3400,random_matched,1.0,50,42,random_k,4,5000,1,1
split_high_low,64,9,3450,random_matched,1.0,50,42,random_k,4,5000,1,1
split_high_low,64,9,3500,random_matched,1.0,50,42,random_k,4,5000,1,1
split_high_low,64,9,3550,random_matched,1.0,50,42,random_k,4,5000,0,0
split_high_low,64,9,3600,random_matched,1.0,50,42,random_k,4,5000,1,1
split_high_low,64,9,3650,random_matched,1.0,50,42,random_k,4,5000,0,0
split_high_low,64,9,3700,random_matched,1.0,50,42,random_k,4,5000,0,0
split_high_low,64,9,3750,random_matched,1.0,50,42,random_k,4,5000,0,0
split_high_low,64,9,3800,random_matched,1.0,50,42,random_k,4,5000,1,1
split_high_low,64,9,3850,random_matched,1.0,50,42,random_k,4,5000,0,0
split_high_low,64,9,3900,random_matched,1.0,50,42,random_k,4,5000,1,1
split_high_low,64,9,3950,random_matched,1.0,50,42,random_k,4,5000,0,0
split_high_low,64,9,4000,random_matched,1.0,50,42,random_k,4,5000,2,2
split_high_low,64,9,4050,random_matched,1.0,50,42,random_k,4,5000,0,0
split_high_low,64,9,4100,random_matched,1.0,50,42,random_k,4,5000,0,0
split_high_low,64,9,4150,random_matched,1.0,50,42,random_k,4,5000,1,1
split_high_low,64,9,4200,random_matched,1.0,50,42,random_k,4,5000,0,0
split_high_low,64,9,4250,random_matched,1.0,50,42,random_k,4,5000,0,0
split_high_low,64,9,4300,random_matched,1.0,50,42,random_k,4,5000,1,1
split_high_low,64,9,4350,random_matched,1.0,50,42,random_k,4,5000,0,0
split_high_low,64,9,4400,random_matched,1.0,50,42,random_k,4,5000,0,0
split_high_low,64,9,4450,random_matched,1.0,50,42,random_k,4,5000,0,0
split_high_low,64,9,4500,random_matched,1.0,50,42,random_k,4,5000,0,0
split_high_low,64,9,4550,random_matched,1.0,50,42,random_k,4,5000,1,1
split_high_low,64,9,4600,random_matched,1.0,50,42,random_k,4,5000,0,0
split_high_low,64,9,4650,random_matched,1.0,50,42,random_k,4,5000,1,1
split_high_low,64,9,4700,random_matched,1.0,50,42,random_k,4,5000,0,0
split_high_low,64,9,4750,random_matched,1.0,50,42,random_k,4,5000,0,0
split_high_low,64,9,4800,random_matched,1.0,50,42,random_k,4,5000,0,0
split_high_low,64,9,4850,random_matched,1.0,50,42,random_k,4,5000,0,0
split_high_low,64,9,4900,random_matched,1.0,50,42,random_k,4,5000,1,1
split_high_low,64,9,4950,random_matched,1.0,50,42,random_k,4,5000,0,0
split_high_low,64,9,5000,random_matched,1.0,50,42,random_k,4,5000,1,1
