scenario,population,replicate,social_mode,rewiring,unique_policy_count,policy_entropy,policy_hamming_mean,policy_hamming_visit_weighted_mean,visited_state_fraction,total_training_state_visits,total_rewires,mean_rewires_per_agent,mean_prediction_error,visibility_gini,max_visibility_degree,max_visibility_share,reciprocity,degree_assortativity,policy_low_scarce,training_visit_fraction_scarce,policy_low_moderate,training_visit_fraction_moderate,policy_low_abundant,training_visit_fraction_abundant,training_visit_fraction_social_mostly_high,training_visit_fraction_social_mixed,training_visit_fraction_social_mostly_low,policy_low_scarce_mostly_high,training_visit_fraction_scarce_mostly_high,policy_low_scarce_mixed,training_visit_fraction_scarce_mixed,policy_low_scarce_mostly_low,training_visit_fraction_scarce_mostly_low,policy_low_moderate_mostly_high,training_visit_fraction_moderate_mostly_high,policy_low_moderate_mixed,training_visit_fraction_moderate_mixed,policy_low_moderate_mostly_low,training_visit_fraction_moderate_mostly_low,policy_low_abundant_mostly_high,training_visit_fraction_abundant_mostly_high,policy_low_abundant_mixed,training_visit_fraction_abundant_mixed,policy_low_abundant_mostly_low,training_visit_fraction_abundant_mostly_low
uniform_high,64,0,fixed,random_matched,55,0.9479166666666666,0.4669863315696649,0.48281864149305553,0.6666666666666666,320000,189,2.953125,0.2026800527887676,0.2657470703125,8,0.03125,0.0546875,-0.005199494659673636,0.3802083333333333,0.995575,0.3125,0.004425,0.4791666666666667,0.0,0.564678125,0.312996875,0.12232499999999999,0.390625,0.56293125,0.4375,0.311446875,0.3125,0.121196875,0.34375,0.001746875,0.34375,0.00155,0.25,0.001128125,0.46875,0.0,0.578125,0.0,0.390625,0.0
patchy_high,64,0,fixed,random_matched,62,0.9895833333333334,0.470734126984127,0.4545001674107143,0.6666666666666666,320000,189,2.953125,0.203632933669316,0.2578125,8,0.03125,0.0859375,-0.045518698756121995,0.3541666666666667,0.9959218750000001,0.3385416666666667,0.004078125,0.4791666666666667,0.0,0.57766875,0.30373125,0.11860000000000001,0.3125,0.5761375,0.390625,0.302140625,0.359375,0.11764375,0.328125,0.00153125,0.359375,0.001590625,0.328125,0.00095625,0.46875,0.0,0.578125,0.0,0.390625,0.0
split_high_low,64,0,fixed,random_matched,56,0.9511591471297827,0.45893959435626097,0.42020796285962303,0.6666666666666666,320000,171,2.671875,0.19495314918822992,0.2877197265625,11,0.04296875,0.0546875,0.0024267191843741266,0.2864583333333333,0.96560625,0.3645833333333333,0.03439375,0.4791666666666667,0.0,0.603103125,0.287590625,0.10930625000000001,0.296875,0.584184375,0.28125,0.276825,0.28125,0.104596875,0.3125,0.01891875,0.421875,0.010765625,0.359375,0.004709375,0.46875,0.0,0.578125,0.0,0.390625,0.0
uniform_high,64,1,fixed,random_matched,55,0.9511591471297827,0.47100970017636684,0.48428424944196424,0.6666666666666666,320000,239,3.734375,0.2301296053340549,0.25830078125,9,0.03515625,0.0625,0.03816385517522296,0.3958333333333333,0.9950875000000001,0.3020833333333333,0.0049125,0.4895833333333333,0.0,0.4413375,0.35414375,0.20451875,0.421875,0.439140625,0.359375,0.352371875,0.40625,0.203575,0.328125,0.002196875,0.25,0.001771875,0.328125,0.00094375,0.421875,0.0,0.515625,0.0,0.53125,0.0
patchy_high,64,1,fixed,random_matched,59,0.9739583333333334,0.46301807760141095,0.48797351035466274,0.6666666666666666,320000,238,3.71875,0.22622547251120828,0.289794921875,9,0.03515625,0.1171875,-0.07213130032318892,0.4010416666666667,0.9956343750000001,0.2708333333333333,0.004365625,0.4895833333333333,0.0,0.44595312499999995,0.353334375,0.2007125,0.453125,0.444203125,0.375,0.3516625,0.375,0.19976875,0.28125,0.00175,0.25,0.001671875,0.28125,0.00094375,0.421875,0.0,0.515625,0.0,0.53125,0.0
split_high_low,64,1,fixed,random_matched,57,0.9635416666666666,0.47200176366843033,0.4781738467261905,0.6666666666666666,320000,209,3.265625,0.21318537225836676,0.297607421875,9,0.03515625,0.0546875,0.04936064064750066,0.3854166666666667,0.99571875,0.3229166666666667,0.00428125,0.4895833333333333,0.0,0.509428125,0.329575,0.16099687499999998,0.46875,0.507459375,0.3125,0.328003125,0.375,0.16025625,0.375,0.00196875,0.328125,0.001571875,0.265625,0.000740625,0.421875,0.0,0.515625,0.0,0.53125,0.0
uniform_high,64,2,fixed,random_matched,57,0.9635416666666666,0.4623015873015873,0.45720429377480165,0.6666666666666666,320000,197,3.078125,0.2160189841079244,0.290771484375,10,0.0390625,0.09375,-0.08750976726017443,0.359375,0.9959,0.3489583333333333,0.0040999999999999995,0.5,0.0,0.499871875,0.335965625,0.1641625,0.375,0.4981375,0.28125,0.334390625,0.421875,0.163371875,0.359375,0.001734375,0.1875,0.001575,0.5,0.000790625,0.578125,0.0,0.515625,0.0,0.40625,0.0
patchy_high,64,2,fixed,random_matched,52,0.9375,0.4670414462081129,0.4494321537078373,0.6666666666666666,320000,209,3.265625,0.21821865733265242,0.2598876953125,9,0.03515625,0.0625,-0.008545647939275269,0.375,0.99585625,0.3541666666666667,0.00414375,0.5,0.0,0.5006,0.33855,0.16085,0.328125,0.498853125,0.296875,0.336940625,0.5,0.1600625,0.34375,0.001746875,0.234375,0.001609375,0.484375,0.0007875,0.578125,0.0,0.515625,0.0,0.40625,0.0
split_high_low,64,2,fixed,random_matched,61,0.984375,0.48104056437389775,0.48782502945188494,0.6666666666666666,320000,218,3.40625,0.2166609384891336,0.22607421875,8,0.03125,0.0859375,-0.057287155469775086,0.4114583333333333,0.9944875000000001,0.359375,0.0055125,0.5,0.0,0.47900625,0.34356875000000003,0.177425,0.375,0.476321875,0.453125,0.341571875,0.40625,0.17659375,0.40625,0.002684375,0.25,0.001996875,0.421875,0.00083125,0.578125,0.0,0.515625,0.0,0.40625,0.0
uniform_high,64,3,fixed,random_matched,53,0.9368107747226811,0.453042328042328,0.39920814732142856,0.6666666666666666,320000,147,2.296875,0.19254764130741223,0.218505859375,9,0.03515625,0.0546875,-0.12414231069621004,0.3385416666666667,0.9956,0.3125,0.004399999999999999,0.4739583333333333,0.0,0.61755,0.28025937500000003,0.10219062500000001,0.234375,0.61551875,0.3125,0.278721875,0.46875,0.101359375,0.265625,0.00203125,0.296875,0.0015375,0.375,0.00083125,0.59375,0.0,0.4375,0.0,0.390625,0.0
patchy_high,64,3,fixed,random_matched,58,0.96875,0.46208112874779544,0.4121234499007936,0.6666666666666666,320000,147,2.296875,0.1903068821172157,0.251220703125,9,0.03515625,0.078125,-0.056842152475230126,0.3802083333333333,0.9956249999999999,0.3333333333333333,0.004375,0.4739583333333333,0.0,0.61996875,0.283490625,0.096540625,0.234375,0.61806875,0.390625,0.281903125,0.515625,0.095653125,0.34375,0.0019,0.25,0.0015875,0.40625,0.0008875,0.59375,0.0,0.4375,0.0,0.390625,0.0
split_high_low,64,3,fixed,random_matched,59,0.9739583333333334,0.46968694885361556,0.4314120179191469,0.6666666666666666,320000,145,2.265625,0.19352219058239897,0.265869140625,8,0.03125,0.109375,-0.0878373185309019,0.3697916666666667,0.9386375,0.3645833333333333,0.0613625,0.4739583333333333,0.0,0.634046875,0.273475,0.092478125,0.265625,0.595640625,0.390625,0.256759375,0.453125,0.0862375,0.359375,0.03840625,0.265625,0.016715625,0.46875,0.006240625,0.59375,0.0,0.4375,0.0,0.390625,0.0
uniform_high,64,4,fixed,random_matched,51,0.928359960926232,0.4289572310405644,0.26184331287202384,0.6666666666666666,320000,90,1.40625,0.13369768022940662,0.274169921875,9,0.03515625,0.1015625,0.026970707664762665,0.203125,0.9960281249999999,0.359375,0.003971875000000001,0.4739583333333333,0.0,0.83270625,0.14062187499999998,0.026671875,0.140625,0.831003125,0.203125,0.13910625,0.265625,0.02591875,0.34375,0.001703125,0.28125,0.001515625,0.453125,0.000753125,0.453125,0.0,0.46875,0.0,0.5,0.0
patchy_high,64,4,fixed,random_matched,57,0.9583333333333334,0.447255291005291,0.25812349950396823,0.6666666666666666,320000,107,1.671875,0.13383028495541938,0.3013916015625,9,0.03515625,0.0625,0.16137222704309911,0.2708333333333333,0.9957968749999999,0.3541666666666667,0.004203125,0.4739583333333333,0.0,0.8494375,0.12673125,0.023831250000000002,0.125,0.847746875,0.34375,0.125028125,0.34375,0.023021875,0.34375,0.001690625,0.28125,0.001703125,0.4375,0.000809375,0.453125,0.0,0.46875,0.0,0.5,0.0
split_high_low,64,4,fixed,random_matched,55,0.9511591471297827,0.44582231040564374,0.25379398406498016,0.6666666666666666,320000,177,2.765625,0.17781086651138167,0.2569580078125,10,0.0390625,0.0625,-0.0032262506092105864,0.2552083333333333,0.9834562499999999,0.4010416666666667,0.01654375,0.4739583333333333,0.0,0.71085625,0.228040625,0.061103125,0.09375,0.70159375,0.3125,0.222578125,0.359375,0.059284375,0.4375,0.0092625,0.28125,0.0054625,0.484375,0.00181875,0.453125,0.0,0.46875,0.0,0.5,0.0
uniform_high,64,5,fixed,random_matched,55,0.9437248945978208,0.4646164021164021,0.4446435949900794,0.6666666666666666,320000,200,3.125,0.19421144498757575,0.236083984375,8,0.03125,0.1015625,-0.07039108222501583,0.3229166666666667,0.9957375,0.3229166666666667,0.0042625,0.5104166666666666,0.0,0.6161125,0.2850375,0.09885,0.328125,0.614375,0.3125,0.28353125,0.328125,0.09783125,0.296875,0.0017375,0.3125,0.00150625,0.359375,0.00101875,0.53125,0.0,0.484375,0.0,0.515625,0.0
patchy_high,64,5,fixed,random_matched,58,0.9635416666666666,0.4655533509700177,0.4163286194816469,0.6666666666666666,320000,198,3.09375,0.20082460279876016,0.281005859375,8,0.03125,0.0546875,-0.10527816089586747,0.3333333333333333,0.9958,0.3385416666666667,0.0042,0.5104166666666666,0.0,0.592328125,0.301378125,0.10629375,0.28125,0.5905625,0.265625,0.299890625,0.453125,0.105346875,0.296875,0.001765625,0.34375,0.0014875,0.375,0.000946875,0.53125,0.0,0.484375,0.0,0.515625,0.0
split_high_low,64,5,fixed,random_matched,56,0.9583333333333334,0.4650022045855379,0.40013165922619043,0.6666666666666666,320000,220,3.4375,0.20033894958481105,0.2490234375,9,0.03515625,0.03125,-0.022752307585974907,0.3333333333333333,0.99661875,0.3489583333333333,0.0033812499999999997,0.5104166666666666,0.0,0.58341875,0.302859375,0.113721875,0.25,0.58205,0.265625,0.3016125,0.484375,0.11295625,0.328125,0.00136875,0.328125,0.001246875,0.390625,0.000765625,0.53125,0.0,0.484375,0.0,0.515625,0.0
uniform_high,64,6,fixed,random_matched,58,0.96875,0.4673170194003527,0.32967474423363097,0.6666666666666666,320000,147,2.296875,0.16690022933426604,0.29150390625,9,0.03515625,0.09375,0.07435739554944625,0.3072916666666667,0.9957968749999999,0.4114583333333333,0.004203125,0.484375,0.0,0.7352375,0.210334375,0.054428125,0.171875,0.73353125,0.296875,0.208721875,0.453125,0.05354375,0.421875,0.00170625,0.40625,0.0016125,0.40625,0.000884375,0.4375,0.0,0.53125,0.0,0.484375,0.0
patchy_high,64,6,fixed,random_matched,57,0.9615758137964493,0.46323853615520283,0.3064438058035714,0.6666666666666666,320000,131,2.046875,0.15804580029530463,0.2744140625,10,0.0390625,0.0546875,-0.03130534961330343,0.2916666666666667,0.99565,0.4166666666666667,0.00435,0.484375,0.0,0.761740625,0.19325,0.045009375,0.15625,0.75996875,0.28125,0.191571875,0.4375,0.044109375,0.453125,0.001771875,0.390625,0.001678125,0.40625,0.0009,0.4375,0.0,0.53125,0.0,0.484375,0.0
split_high_low,64,6,fixed,random_matched,56,0.9544016275928987,0.4828042328042328,0.44577011718750004,0.6666666666666666,320000,180,2.8125,0.19461196159168492,0.2138671875,8,0.03125,0.0703125,0.06943676053282131,0.3385416666666667,0.9783437500000001,0.4166666666666667,0.021656250000000002,0.484375,0.0,0.59075,0.29815,0.1111,0.328125,0.58089375,0.296875,0.29036875,0.390625,0.10708125,0.4375,0.00985625,0.375,0.00778125,0.4375,0.00401875,0.4375,0.0,0.53125,0.0,0.484375,0.0
uniform_high,64,7,fixed,random_matched,54,0.9420191080560146,0.45194003527336857,0.3897979848710317,0.6666666666666666,320000,166,2.59375,0.19141579493928562,0.3070068359375,10,0.0390625,0.0546875,-0.037890226641164634,0.2552083333333333,0.9956531249999999,0.3645833333333333,0.004346875,0.4739583333333333,0.0,0.6022500000000001,0.284853125,0.11289687500000001,0.25,0.6007,0.296875,0.283234375,0.21875,0.11171875,0.359375,0.00155,0.375,0.00161875,0.359375,0.001178125,0.53125,0.0,0.484375,0.0,0.40625,0.0
patchy_high,64,7,fixed,random_matched,56,0.9583333333333334,0.46930114638447973,0.43854150855654755,0.6666666666666666,320000,170,2.65625,0.19099334844625976,0.2884521484375,10,0.0390625,0.0625,-0.019873215837929104,0.3125,0.9962749999999999,0.3645833333333333,0.003725,0.4739583333333333,0.0,0.614053125,0.281221875,0.104725,0.3125,0.61281875,0.328125,0.27984375,0.296875,0.1036125,0.359375,0.001234375,0.359375,0.001378125,0.375,0.0011125,0.53125,0.0,0.484375,0.0,0.40625,0.0
split_high_low,64,7,fixed,random_matched,58,0.9667841471297827,0.47167107583774254,0.39172014973958336,0.6666666666666666,320000,165,2.578125,0.18109402362527116,0.27734375,11,0.04296875,0.0625,-0.05894528747087959,0.3020833333333333,0.958865625,0.421875,0.041134375,0.4739583333333333,0.0,0.643753125,0.26675625000000003,0.08949062499999999,0.234375,0.618425,0.28125,0.254709375,0.390625,0.08573125,0.390625,0.025328125,0.453125,0.012046875,0.421875,0.003759375,0.53125,0.0,0.484375,0.0,0.40625,0.0
uniform_high,64,8,fixed,random_matched,52,0.9335682942595653,0.43546075837742504,0.32850780319940476,0.6666666666666666,320000,130,2.03125,0.16183976911438064,0.2943115234375,11,0.04296875,0.0390625,-0.07646096815102471,0.265625,0.9783468750000001,0.3020833333333333,0.021653125,0.5416666666666666,0.0,0.747290625,0.206578125,0.04613125,0.171875,0.730453125,0.3125,0.2026,0.3125,0.04529375,0.3125,0.0168375,0.203125,0.003978125,0.390625,0.0008375,0.5625,0.0,0.5625,0.0,0.5,0.0
patchy_high,64,8,fixed,random_matched,54,0.943984960926232,0.45243606701940037,0.379424601624504,0.6666666666666666,320000,137,2.140625,0.16663781027459196,0.26611328125,7,0.02734375,0.0625,0.007649938722144482,0.3072916666666667,0.97,0.3125,0.03,0.5416666666666666,0.0,0.740225,0.206290625,0.053484375,0.21875,0.7146,0.359375,0.202740625,0.34375,0.052659375,0.28125,0.025625,0.265625,0.00355,0.390625,0.000825,0.5625,0.0,0.5625,0.0,0.5,0.0
split_high_low,64,8,fixed,random_matched,50,0.925117480463116,0.4314925044091711,0.3175938988095238,0.6666666666666666,320000,106,1.65625,0.14536849917968273,0.288330078125,8,0.03125,0.0390625,-0.012712834523274565,0.22916666666666666,0.996365625,0.328125,0.0036343749999999996,0.5416666666666666,0.0,0.7879312500000001,0.173921875,0.038146875,0.1875,0.786140625,0.203125,0.172653125,0.296875,0.037571875,0.3125,0.001790625,0.25,0.00126875,0.421875,0.000575,0.5625,0.0,0.5625,0.0,0.5,0.0
uniform_high,64,9,fixed,random_matched,55,0.947227441389348,0.45442019400352734,0.37058788442460316,0.6666666666666666,320000,123,1.921875,0.15682739959641623,0.2181396484375,7,0.02734375,0.0703125,-0.0066268582622862095,0.3177083333333333,0.995834375,0.34375,0.004165625,0.4895833333333333,0.0,0.77756875,0.1818,0.04063125,0.234375,0.775775,0.234375,0.180203125,0.484375,0.03985625,0.390625,0.00179375,0.234375,0.001596875,0.40625,0.000775,0.515625,0.0,0.4375,0.0,0.515625,0.0
patchy_high,64,9,fixed,random_matched,51,0.9303258137964493,0.447200176366843,0.3505427269345238,0.6666666666666666,320000,124,1.9375,0.15063527884469302,0.24462890625,8,0.03125,0.09375,-0.04861418300116443,0.28125,0.995740625,0.34375,0.004259375,0.4895833333333333,0.0,0.76770625,0.188746875,0.043546875,0.21875,0.765696875,0.203125,0.1871875,0.421875,0.04285625,0.390625,0.002009375,0.234375,0.001559375,0.40625,0.000690625,0.515625,0.0,0.4375,0.0,0.515625,0.0
split_high_low,64,9,fixed,random_matched,55,0.953125,0.45745149911816574,0.3471341471354167,0.6666666666666666,320000,166,2.59375,0.17258714565226063,0.20361328125,8,0.03125,0.109375,-0.09750589673881242,0.2916666666666667,0.992565625,0.375,0.007434375,0.4895833333333333,0.0,0.6865874999999999,0.246440625,0.066971875,0.1875,0.683375,0.28125,0.243709375,0.40625,0.06548125,0.4375,0.0032125,0.265625,0.00273125,0.421875,0.001490625,0.515625,0.0,0.4375,0.0,0.515625,0.0
uniform_high,64,10,fixed,random_matched,57,0.9635416666666666,0.42835097001763667,0.27497801804315475,0.6666666666666666,320000,133,2.078125,0.1673861347913528,0.3038330078125,11,0.04296875,0.0859375,-0.06457547477356097,0.2552083333333333,0.995321875,0.3020833333333333,0.004678125,0.5364583333333334,0.0,0.70971875,0.2278,0.06248125,0.125,0.708184375,0.25,0.22598125,0.390625,0.06115625,0.328125,0.001534375,0.21875,0.00181875,0.359375,0.001325,0.59375,0.0,0.5,0.0,0.515625,0.0
patchy_high,64,10,fixed,random_matched,59,0.971992480463116,0.44813712522045857,0.37054544735863093,0.6666666666666666,320000,161,2.515625,0.17274904416064582,0.2686767578125,9,0.03515625,0.0546875,0.05843400805945376,0.2916666666666667,0.995790625,0.3229166666666667,0.0042093750000000004,0.5364583333333334,0.0,0.6754125,0.24756562499999998,0.077021875,0.234375,0.674075,0.21875,0.245896875,0.421875,0.07581875,0.375,0.0013375,0.265625,0.00166875,0.328125,0.001203125,0.59375,0.0,0.5,0.0,0.515625,0.0
split_high_low,64,10,fixed,random_matched,59,0.9739583333333334,0.466765873015873,0.37966112816220243,0.6666666666666666,320000,149,2.328125,0.1778185591812068,0.321044921875,11,0.04296875,0.0546875,0.03513343164011302,0.3229166666666667,0.9725281250000001,0.3958333333333333,0.027471875,0.5364583333333334,0.0,0.68469375,0.24115625000000002,0.07415,0.21875,0.6675875,0.296875,0.233690625,0.453125,0.07125,0.375,0.01710625,0.3125,0.007465625,0.5,0.0029,0.59375,0.0,0.5,0.0,0.515625,0.0
uniform_high,64,11,fixed,random_matched,59,0.971992480463116,0.447145061728395,0.40596423611111115,0.6666666666666666,320000,202,3.15625,0.1935591566554084,0.2489013671875,9,0.03515625,0.0625,0.04024615908985596,0.3125,0.9958312500000001,0.28125,0.00416875,0.5364583333333334,0.0,0.5786250000000001,0.305653125,0.115721875,0.25,0.57668125,0.296875,0.304159375,0.390625,0.114990625,0.265625,0.00194375,0.25,0.00149375,0.328125,0.00073125,0.515625,0.0,0.515625,0.0,0.578125,0.0
patchy_high,64,11,fixed,random_matched,59,0.9739583333333334,0.4618606701940035,0.45529667038690474,0.6666666666666666,320000,214,3.34375,0.19320223917525386,0.281494140625,10,0.0390625,0.03125,0.07019441693123696,0.375,0.9943156249999999,0.2864583333333333,0.005684374999999999,0.5364583333333334,0.0,0.586178125,0.30253437499999997,0.1112875,0.3125,0.583715625,0.375,0.300359375,0.4375,0.110240625,0.34375,0.0024625,0.234375,0.002175,0.28125,0.001046875,0.515625,0.0,0.515625,0.0,0.578125,0.0
split_high_low,64,11,fixed,random_matched,62,0.9895833333333334,0.4731040564373898,0.49289780350942464,0.6666666666666666,320000,273,4.265625,0.22912909816125837,0.239013671875,7,0.02734375,0.078125,-0.1552154959364776,0.4166666666666667,0.99659375,0.296875,0.00340625,0.5364583333333334,0.0,0.42323125,0.36171875,0.21505000000000002,0.4375,0.421921875,0.390625,0.36033125,0.421875,0.214340625,0.328125,0.001309375,0.296875,0.0013875,0.265625,0.000709375,0.515625,0.0,0.515625,0.0,0.578125,0.0
uniform_high,64,12,fixed,random_matched,54,0.9479166666666666,0.4516644620811287,0.30825529978918653,0.6666666666666666,320000,121,1.890625,0.1652033746863742,0.2269287109375,8,0.03125,0.0390625,-0.03609494918103451,0.2604166666666667,0.995778125,0.3854166666666667,0.004221875,0.5364583333333334,0.0,0.751371875,0.20387812500000002,0.044750000000000005,0.15625,0.749653125,0.296875,0.20241875,0.328125,0.04370625,0.421875,0.00171875,0.359375,0.001459375,0.375,0.00104375,0.4375,0.0,0.578125,0.0,0.59375,0.0
patchy_high,64,12,fixed,random_matched,50,0.925117480463116,0.4426807760141094,0.2891813197544643,0.6666666666666666,320000,119,1.859375,0.1643398595373875,0.28466796875,9,0.03515625,0.0625,0.0029277718455686945,0.2604166666666667,0.9941875,0.3697916666666667,0.0058125,0.5364583333333334,0.0,0.766496875,0.19619375,0.037309375,0.15625,0.763521875,0.203125,0.1944375,0.421875,0.036228125,0.4375,0.002975,0.328125,0.00175625,0.34375,0.00108125,0.4375,0.0,0.578125,0.0,0.59375,0.0
split_high_low,64,12,fixed,random_matched,59,0.9739583333333334,0.484347442680776,0.4649068064856151,0.7777777777777778,320000,174,2.71875,0.1892215741055035,0.273681640625,10,0.0390625,0.078125,-0.02314862322175451,0.375,0.929040625,0.4114583333333333,0.07095625,0.5364583333333334,3.125e-06,0.63243125,0.274103125,0.093465625,0.359375,0.58685,0.3125,0.254965625,0.453125,0.087225,0.46875,0.045578125,0.375,0.0191375,0.390625,0.006240625,0.4375,3.125e-06,0.578125,0.0,0.59375,0.0
uniform_high,64,13,fixed,random_matched,52,0.9355341471297827,0.46445105820105814,0.429987687562004,0.6666666666666666,320000,214,3.34375,0.1901586612051926,0.2777099609375,9,0.03515625,0.0625,-0.0020553170549835473,0.3489583333333333,0.99096875,0.3125,0.009031250000000001,0.53125,0.0,0.5954,0.294884375,0.109715625,0.265625,0.59211875,0.375,0.291475,0.40625,0.107375,0.328125,0.00328125,0.265625,0.003409375,0.34375,0.002340625,0.5,0.0,0.546875,0.0,0.546875,0.0
patchy_high,64,13,fixed,random_matched,57,0.9615758137964493,0.46505731922398585,0.4265080124627976,0.6666666666666666,320000,202,3.15625,0.18974895180846402,0.293212890625,11,0.04296875,0.046875,-0.11699883755833985,0.3229166666666667,0.9956437499999999,0.3333333333333333,0.004356250000000001,0.53125,0.0,0.601278125,0.293603125,0.10511875000000001,0.296875,0.5996125,0.28125,0.2919875,0.390625,0.10404375,0.359375,0.001665625,0.3125,0.001615625,0.328125,0.001075,0.5,0.0,0.546875,0.0,0.546875,0.0
split_high_low,64,13,fixed,random_matched,58,0.9667841471297827,0.4781194885361552,0.44932054191468257,0.6666666666666666,320000,217,3.390625,0.19027755836370921,0.2437744140625,9,0.03515625,0.046875,0.03826145921148973,0.34375,0.9667062500000001,0.3697916666666667,0.03329375,0.53125,0.0,0.607215625,0.28428125000000004,0.108503125,0.3125,0.586840625,0.359375,0.275546875,0.359375,0.10431875,0.34375,0.020375,0.359375,0.008734375,0.40625,0.004184375,0.5,0.0,0.546875,0.0,0.546875,0.0
uniform_high,64,14,fixed,random_matched,55,0.9511591471297827,0.47288359788359785,0.4646951559399802,0.6666666666666666,320000,209,3.265625,0.21326312215854787,0.2529296875,9,0.03515625,0.046875,-0.19586729204777567,0.3802083333333333,0.9954843750000001,0.34375,0.004515625,0.546875,0.0,0.5160625000000001,0.333521875,0.15041562500000003,0.3125,0.514271875,0.453125,0.331815625,0.375,0.149396875,0.3125,0.001790625,0.296875,0.00170625,0.421875,0.00101875,0.453125,0.0,0.59375,0.0,0.59375,0.0
patchy_high,64,14,fixed,random_matched,58,0.9667841471297827,0.4711750440917108,0.4827190600198413,0.6666666666666666,320000,206,3.21875,0.21390447474772037,0.2725830078125,8,0.03125,0.046875,-0.0746662172537259,0.3854166666666667,0.9952156249999999,0.34375,0.004784375,0.546875,0.0,0.512884375,0.3308,0.15631562499999999,0.453125,0.51091875,0.34375,0.328890625,0.359375,0.15540625,0.28125,0.001965625,0.28125,0.001909375,0.46875,0.000909375,0.453125,0.0,0.59375,0.0,0.59375,0.0
split_high_low,64,14,fixed,random_matched,59,0.971992480463116,0.47993827160493824,0.464094966827877,0.6666666666666666,320000,190,2.96875,0.19493417769453358,0.2535400390625,9,0.03515625,0.046875,0.029968043571845765,0.375,0.965275,0.421875,0.034725,0.546875,0.0,0.5897718750000001,0.30420625,0.10602187499999999,0.328125,0.569021875,0.40625,0.293878125,0.390625,0.102375,0.296875,0.02075,0.40625,0.010328125,0.5625,0.003646875,0.453125,0.0,0.59375,0.0,0.59375,0.0
uniform_high,64,15,fixed,random_matched,56,0.9583333333333334,0.45855379188712525,0.4109120163690476,0.6666666666666666,320000,148,2.3125,0.17501366344969815,0.2685546875,11,0.04296875,0.046875,-0.10865065566526079,0.3072916666666667,0.995534375,0.34375,0.004465625,0.515625,0.0,0.6786718749999999,0.245771875,0.07555625,0.265625,0.676990625,0.3125,0.243903125,0.34375,0.074640625,0.421875,0.00168125,0.21875,0.00186875,0.390625,0.000915625,0.53125,0.0,0.5625,0.0,0.453125,0.0
patchy_high,64,15,fixed,random_matched,57,0.9615758137964493,0.45089285714285715,0.3877320281498016,0.6666666666666666,320000,138,2.15625,0.17725598057681308,0.271240234375,10,0.0390625,0.078125,0.015039104675702283,0.2916666666666667,0.9956343750000001,0.34375,0.004365625,0.515625,0.0,0.688625,0.24664687500000002,0.064728125,0.234375,0.687096875,0.3125,0.244803125,0.328125,0.063734375,0.4375,0.001528125,0.1875,0.00184375,0.40625,0.00099375,0.53125,0.0,0.5625,0.0,0.453125,0.0
split_high_low,64,15,fixed,random_matched,57,0.9615758137964493,0.46439594356261027,0.4199317708333333,0.6666666666666666,320000,186,2.90625,0.2004537928604682,0.256103515625,9,0.03515625,0.0390625,-0.02635508178956107,0.34375,0.96255625,0.359375,0.03744375,0.515625,0.0,0.56216875,0.310303125,0.127528125,0.28125,0.541125,0.265625,0.2980125,0.484375,0.12341875,0.421875,0.02104375,0.234375,0.012290625,0.421875,0.004109375,0.53125,0.0,0.5625,0.0,0.453125,0.0
uniform_high,64,16,fixed,random_matched,57,0.9635416666666666,0.45772707231040566,0.40381412295386904,0.6666666666666666,320000,200,3.125,0.1857490634151407,0.2767333984375,9,0.03515625,0.03125,-0.07305673269645688,0.3229166666666667,0.995821875,0.328125,0.0041781249999999995,0.5,0.0,0.627540625,0.27840000000000004,0.094059375,0.25,0.625671875,0.296875,0.277,0.421875,0.09315,0.296875,0.00186875,0.296875,0.0014,0.390625,0.000909375,0.4375,0.0,0.453125,0.0,0.609375,0.0
patchy_high,64,16,fixed,random_matched,57,0.9615758137964493,0.453097442680776,0.3827341362847222,0.6666666666666666,320000,198,3.09375,0.1783657626335206,0.2706298828125,9,0.03515625,0.0703125,-0.11468604231679153,0.3072916666666667,0.9961375,0.3229166666666667,0.0038624999999999996,0.5,0.0,0.65066875,0.25955625,0.08977500000000001,0.21875,0.64913125,0.3125,0.2581,0.390625,0.08890625,0.28125,0.0015375,0.3125,0.00145625,0.375,0.00086875,0.4375,0.0,0.453125,0.0,0.609375,0.0
split_high_low,64,16,fixed,random_matched,60,0.9791666666666666,0.48396164021164023,0.4883167643229167,0.6666666666666666,320000,261,4.078125,0.22167255679390113,0.25732421875,9,0.03515625,0.09375,-0.04899829529729698,0.4166666666666667,0.975353125,0.359375,0.024646875,0.5,0.0,0.47306875,0.349565625,0.177365625,0.375,0.461365625,0.46875,0.34095625,0.40625,0.17303125,0.328125,0.011703125,0.34375,0.008609375,0.40625,0.004334375,0.4375,0.0,0.453125,0.0,0.609375,0.0
uniform_high,64,17,fixed,random_matched,57,0.9615758137964493,0.4767416225749559,0.44818258928571425,0.6666666666666666,320000,235,3.671875,0.20193663420674995,0.27734375,11,0.04296875,0.0625,-0.07839563620455425,0.3541666666666667,0.9908250000000001,0.359375,0.009174999999999999,0.4947916666666667,0.0,0.55781875,0.313159375,0.129021875,0.296875,0.553121875,0.375,0.31,0.390625,0.127703125,0.328125,0.004696875,0.359375,0.003159375,0.390625,0.00131875,0.4375,0.0,0.5625,0.0,0.484375,0.0
patchy_high,64,17,fixed,random_matched,55,0.9491932942595653,0.4607583774250441,0.3946191607762897,0.6666666666666666,320000,223,3.484375,0.1986302845524382,0.2142333984375,10,0.0390625,0.078125,-0.019039701802525535,0.28125,0.9942625,0.3697916666666667,0.0057374999999999995,0.4947916666666667,0.0,0.5687906250000001,0.302934375,0.128275,0.25,0.565765625,0.265625,0.301209375,0.328125,0.1272875,0.375,0.003025,0.328125,0.001725,0.40625,0.0009875,0.4375,0.0,0.5625,0.0,0.484375,0.0
split_high_low,64,17,fixed,random_matched,57,0.9615758137964493,0.47872574955908287,0.4487118629092262,0.7777777777777778,320000,231,3.609375,0.20931191438238744,0.2467041015625,11,0.04296875,0.0546875,0.11136447988306619,0.328125,0.980115625,0.3958333333333333,0.019878125,0.4947916666666667,6.25e-06,0.5238499999999999,0.32775,0.14839999999999998,0.328125,0.510671875,0.328125,0.32240625,0.328125,0.1470375,0.40625,0.013171875,0.390625,0.00534375,0.390625,0.0013625,0.4375,6.25e-06,0.5625,0.0,0.484375,0.0
uniform_high,64,18,fixed,random_matched,52,0.9355341471297827,0.44979056437389775,0.4421315941220238,0.6666666666666666,320000,197,3.078125,0.21460679704988161,0.2723388671875,9,0.03515625,0.0390625,-0.032870846677219866,0.3333333333333333,0.9959843749999999,0.28125,0.004015625,0.5052083333333334,0.0,0.522265625,0.331171875,0.14656249999999998,0.3125,0.52035625,0.3125,0.3297125,0.375,0.145915625,0.296875,0.001909375,0.203125,0.001459375,0.34375,0.000646875,0.515625,0.0,0.40625,0.0,0.59375,0.0
patchy_high,64,18,fixed,random_matched,55,0.9511591471297827,0.4546957671957672,0.4815860196552579,0.6666666666666666,320000,219,3.421875,0.2132707271585016,0.2730712890625,9,0.03515625,0.078125,-0.02730725342210432,0.40625,0.995953125,0.265625,0.004046875,0.5052083333333334,0.0,0.5102125,0.331753125,0.158034375,0.40625,0.508290625,0.34375,0.3303625,0.46875,0.1573,0.234375,0.001921875,0.1875,0.001390625,0.375,0.000734375,0.515625,0.0,0.40625,0.0,0.59375,0.0
split_high_low,64,18,fixed,random_matched,57,0.9615758137964493,0.43832671957671954,0.3931433066716269,0.6666666666666666,320000,174,2.71875,0.18926218159743155,0.297607421875,11,0.04296875,0.109375,-0.05388484987090857,0.2864583333333333,0.9942281249999999,0.2864583333333333,0.005771875000000001,0.5052083333333334,0.0,0.6102593749999999,0.28898124999999997,0.10075937500000001,0.25,0.607153125,0.265625,0.287021875,0.34375,0.100053125,0.25,0.00310625,0.234375,0.001959375,0.375,0.00070625,0.515625,0.0,0.40625,0.0,0.59375,0.0
uniform_high,64,19,fixed,random_matched,54,0.9479166666666666,0.4565696649029982,0.462131550719246,0.6666666666666666,320000,220,3.4375,0.22714767115946488,0.304443359375,11,0.04296875,0.0390625,-0.01776579772053921,0.3645833333333333,0.9961031250000001,0.2916666666666667,0.003896875,0.59375,0.0,0.451915625,0.34971874999999997,0.19836562500000002,0.359375,0.450453125,0.3125,0.348209375,0.421875,0.197440625,0.328125,0.0014625,0.21875,0.001509375,0.328125,0.000925,0.59375,0.0,0.5625,0.0,0.625,0.0
patchy_high,64,19,fixed,random_matched,59,0.971992480463116,0.4672067901234568,0.4810804067460317,0.6666666666666666,320000,233,3.640625,0.22392863616264436,0.25341796875,10,0.0390625,0.0703125,0.022900768873101083,0.390625,0.9957843749999999,0.3125,0.004215625,0.59375,0.0,0.47186875,0.34387812500000003,0.184253125,0.375,0.470353125,0.390625,0.34221875,0.40625,0.1832125,0.390625,0.001515625,0.25,0.001659375,0.296875,0.001040625,0.59375,0.0,0.5625,0.0,0.625,0.0
split_high_low,64,19,fixed,random_matched,55,0.943984960926232,0.4513888888888889,0.4096349144345239,0.6666666666666666,320000,179,2.796875,0.1865373713625187,0.2918701171875,11,0.04296875,0.0625,-0.057050818085300735,0.3020833333333333,0.9827718750000001,0.34375,0.017228125,0.59375,0.0,0.626953125,0.27787500000000004,0.095171875,0.25,0.618359375,0.359375,0.271975,0.296875,0.0924375,0.4375,0.00859375,0.21875,0.0059,0.375,0.002734375,0.59375,0.0,0.5625,0.0,0.625,0.0
uniform_high,64,20,fixed,random_matched,54,0.9335682942595653,0.4332561728395061,0.3536445157490079,0.6666666666666666,320000,152,2.375,0.1729176317584631,0.2310791015625,10,0.0390625,0.078125,0.04517680694253919,0.2760416666666667,0.996078125,0.28125,0.003921875,0.5,0.0,0.70165,0.23366874999999998,0.06468125,0.203125,0.70020625,0.265625,0.232175,0.359375,0.063696875,0.234375,0.00144375,0.25,0.00149375,0.359375,0.000984375,0.421875,0.0,0.59375,0.0,0.484375,0.0
patchy_high,64,20,fixed,random_matched,54,0.943984960926232,0.4361772486772487,0.34998348524305556,0.6666666666666666,320000,137,2.140625,0.17007448709632805,0.271484375,8,0.03125,0.078125,0.08191582173561138,0.28125,0.9960625,0.2916666666666667,0.0039375,0.5,0.0,0.70773125,0.23300625,0.059262499999999996,0.1875,0.7062625,0.328125,0.231496875,0.328125,0.058303125,0.21875,0.00146875,0.265625,0.001509375,0.390625,0.000959375,0.421875,0.0,0.59375,0.0,0.484375,0.0
split_high_low,64,20,fixed,random_matched,59,0.9739583333333334,0.4733245149911816,0.4646552098834325,0.6666666666666666,320000,242,3.78125,0.21634174307150542,0.270263671875,8,0.03125,0.03125,-0.024104861260884975,0.3854166666666667,0.9612406250000001,0.34375,0.038759375,0.5,0.0,0.49923124999999996,0.338309375,0.162459375,0.3125,0.48295625,0.421875,0.3237125,0.421875,0.154571875,0.25,0.016275,0.34375,0.014596875,0.4375,0.0078875,0.421875,0.0,0.59375,0.0,0.484375,0.0
uniform_high,64,21,fixed,random_matched,60,0.9791666666666666,0.46555335097001765,0.506710539124504,0.6666666666666666,320000,261,4.078125,0.21553388621210098,0.272705078125,11,0.04296875,0.0234375,-0.07479921402714804,0.4895833333333333,0.996040625,0.296875,0.003959375,0.5520833333333334,0.0,0.505709375,0.33145,0.16284062500000002,0.515625,0.5040875,0.484375,0.32988125,0.46875,0.162071875,0.234375,0.001621875,0.21875,0.00156875,0.4375,0.00076875,0.53125,0.0,0.671875,0.0,0.453125,0.0
patchy_high,64,21,fixed,random_matched,55,0.953125,0.46753747795414463,0.5005798099578372,0.6666666666666666,320000,247,3.859375,0.21464493835679657,0.2882080078125,10,0.0390625,0.0390625,-0.046391341701772545,0.4635416666666667,0.9962281249999999,0.3020833333333333,0.003771875,0.5520833333333334,0.0,0.50845,0.331646875,0.15990312499999998,0.421875,0.506834375,0.46875,0.33026875,0.5,0.159125,0.234375,0.001615625,0.25,0.001378125,0.421875,0.000778125,0.53125,0.0,0.671875,0.0,0.453125,0.0
split_high_low,64,21,fixed,random_matched,58,0.96875,0.46913580246913583,0.4461231228298611,0.6666666666666666,320000,220,3.4375,0.19957475149631448,0.267822265625,9,0.03515625,0.0546875,-0.14038758836642826,0.3489583333333333,0.9812062500000001,0.359375,0.01879375,0.5520833333333334,0.0,0.5907625,0.29394375,0.11529375,0.3125,0.581690625,0.328125,0.287459375,0.40625,0.11205625,0.3125,0.009071875,0.34375,0.006484375,0.421875,0.0032375,0.53125,0.0,0.671875,0.0,0.453125,0.0
uniform_high,64,22,fixed,random_matched,53,0.9355341471297827,0.4503417107583774,0.39989663783482143,0.6666666666666666,320000,135,2.109375,0.1709149630408054,0.2548828125,8,0.03125,0.078125,0.047705770247931205,0.2916666666666667,0.9954375,0.3489583333333333,0.004562500000000001,0.4479166666666667,0.0,0.7242124999999999,0.222184375,0.053603124999999995,0.265625,0.722296875,0.265625,0.220565625,0.34375,0.052575,0.359375,0.001915625,0.375,0.00161875,0.3125,0.001028125,0.28125,0.0,0.515625,0.0,0.546875,0.0
patchy_high,64,22,fixed,random_matched,55,0.9511591471297827,0.43876763668430335,0.34074160621279764,0.6666666666666666,320000,131,2.046875,0.16497296081647073,0.2933349609375,10,0.0390625,0.1015625,0.028150566746777024,0.2552083333333333,0.995809375,0.3541666666666667,0.004190625,0.4479166666666667,0.0,0.724909375,0.21742187500000001,0.05766875,0.203125,0.723284375,0.21875,0.21583125,0.34375,0.05669375,0.375,0.001625,0.34375,0.001590625,0.34375,0.000975,0.28125,0.0,0.515625,0.0,0.546875,0.0
split_high_low,64,22,fixed,random_matched,58,0.9667841471297827,0.4694664902998236,0.4474762540302579,0.6666666666666666,320000,193,3.015625,0.19820131409895048,0.2725830078125,7,0.02734375,0.0703125,0.08731874273353153,0.3333333333333333,0.982434375,0.3958333333333333,0.017565624999999998,0.4479166666666667,0.0,0.585140625,0.300553125,0.11430625000000001,0.328125,0.575565625,0.3125,0.294590625,0.359375,0.112278125,0.390625,0.009575,0.4375,0.0059625,0.359375,0.002028125,0.28125,0.0,0.515625,0.0,0.546875,0.0
uniform_high,64,23,fixed,random_matched,56,0.956367480463116,0.45419973544973546,0.4429281808035715,0.6666666666666666,320000,238,3.71875,0.21854051331737145,0.259765625,8,0.03125,0.0703125,-0.048479962757168246,0.34375,0.9957968750000001,0.2864583333333333,0.004203125,0.5,0.0,0.489790625,0.342890625,0.16731875,0.328125,0.488234375,0.28125,0.3412375,0.421875,0.166325,0.25,0.00155625,0.234375,0.001653125,0.375,0.00099375,0.4375,0.0,0.53125,0.0,0.53125,0.0
patchy_high,64,23,fixed,random_matched,58,0.96875,0.47100970017636684,0.46387102709573413,0.6666666666666666,320000,228,3.5625,0.21581256136738458,0.2359619140625,7,0.02734375,0.078125,-0.0686586283020789,0.359375,0.995625,0.328125,0.004375,0.5,0.0,0.5105875,0.336128125,0.153284375,0.375,0.50873125,0.3125,0.33445,0.390625,0.15244375,0.28125,0.00185625,0.3125,0.001678125,0.390625,0.000840625,0.4375,0.0,0.53125,0.0,0.53125,0.0
split_high_low,64,23,fixed,random_matched,60,0.9791666666666666,0.45756172839506176,0.3793805788070436,0.6666666666666666,320000,141,2.203125,0.1771411510529677,0.2872314453125,10,0.0390625,0.0703125,0.03188871907838438,0.3072916666666667,0.988409375,0.3385416666666667,0.011590625000000002,0.5,0.0,0.683553125,0.241246875,0.0752,0.234375,0.677546875,0.25,0.2375,0.4375,0.0733625,0.328125,0.00600625,0.3125,0.003746875,0.375,0.0018375,0.4375,0.0,0.53125,0.0,0.53125,0.0
uniform_high,64,24,fixed,random_matched,54,0.9459508137964493,0.4575066137566137,0.40043612816220236,0.6666666666666666,320000,142,2.21875,0.17036166413456574,0.2076416015625,8,0.03125,0.078125,-0.017233900133315803,0.3333333333333333,0.9957468749999999,0.3541666666666667,0.004253125,0.4739583333333333,0.0,0.676515625,0.25248750000000003,0.070996875,0.265625,0.674703125,0.25,0.251015625,0.484375,0.070028125,0.453125,0.0018125,0.203125,0.001471875,0.40625,0.00096875,0.515625,0.0,0.484375,0.0,0.421875,0.0
patchy_high,64,24,fixed,random_matched,55,0.947227441389348,0.4679232804232804,0.397781790984623,0.6666666666666666,320000,140,2.1875,0.16628860858254485,0.2572021484375,9,0.03515625,0.125,0.027362126739511352,0.3385416666666667,0.9957875,0.375,0.0042125,0.4739583333333333,0.0,0.722271875,0.22030937499999997,0.05741875,0.25,0.720540625,0.296875,0.218803125,0.46875,0.05644375,0.40625,0.00173125,0.265625,0.00150625,0.453125,0.000975,0.515625,0.0,0.484375,0.0,0.421875,0.0
split_high_low,64,24,fixed,random_matched,55,0.9459508137964493,0.4642857142857143,0.3770869791666666,0.6666666666666666,320000,139,2.171875,0.16687643905823768,0.23779296875,8,0.03125,0.0625,0.011501144653909449,0.3072916666666667,0.9952156249999999,0.4270833333333333,0.004784375,0.4739583333333333,0.0,0.7098718749999999,0.228165625,0.0619625,0.234375,0.7076125,0.25,0.226334375,0.4375,0.06126875,0.53125,0.002259375,0.28125,0.00183125,0.46875,0.00069375,0.515625,0.0,0.484375,0.0,0.421875,0.0
uniform_high,64,25,fixed,random_matched,58,0.96875,0.47547398589065254,0.47161944134424605,0.6666666666666666,320000,239,3.734375,0.22417137316819147,0.3089599609375,9,0.03515625,0.0703125,0.0627200715029381,0.3958333333333333,0.99521875,0.3541666666666667,0.00478125,0.4427083333333333,0.0,0.47660625,0.34324375,0.18015,0.390625,0.47455,0.3125,0.34145625,0.484375,0.1792125,0.296875,0.00205625,0.3125,0.0017875,0.453125,0.0009375,0.515625,0.0,0.40625,0.0,0.40625,0.0
patchy_high,64,25,fixed,random_matched,59,0.9739583333333334,0.4651675485008819,0.4596198862227182,0.6666666666666666,320000,239,3.734375,0.22052786669919516,0.2646484375,7,0.02734375,0.0625,-0.03547664543313571,0.3645833333333333,0.995384375,0.3177083333333333,0.004615625,0.4427083333333333,0.0,0.484325,0.34044062500000005,0.175234375,0.328125,0.48249375,0.34375,0.33859375,0.421875,0.174296875,0.265625,0.00183125,0.28125,0.001846875,0.40625,0.0009375,0.515625,0.0,0.40625,0.0,0.40625,0.0
split_high_low,64,25,fixed,random_matched,57,0.9635416666666666,0.4659942680776014,0.4213819847470239,0.6666666666666666,320000,184,2.875,0.18325489093628802,0.26123046875,9,0.03515625,0.0546875,-0.042098386014663376,0.3489583333333333,0.957621875,0.3489583333333333,0.042378124999999996,0.4427083333333333,0.0,0.6543187500000001,0.265225,0.08045625,0.265625,0.629078125,0.34375,0.252121875,0.4375,0.076421875,0.296875,0.025240625,0.296875,0.013103125,0.453125,0.004034375,0.515625,0.0,0.40625,0.0,0.40625,0.0
uniform_high,64,26,fixed,random_matched,56,0.956367480463116,0.4673721340388007,0.43904315321180554,0.6666666666666666,320000,210,3.28125,0.2030532047131686,0.31787109375,9,0.03515625,0.0703125,-0.09201669705848009,0.359375,0.995440625,0.3229166666666667,0.004559375,0.453125,0.0,0.57150625,0.306671875,0.12182187500000001,0.28125,0.56955,0.359375,0.3049,0.4375,0.120990625,0.375,0.00195625,0.265625,0.001771875,0.328125,0.00083125,0.46875,0.0,0.46875,0.0,0.421875,0.0
patchy_high,64,26,fixed,random_matched,56,0.9544016275928987,0.45811287477954143,0.4273710472470238,0.6666666666666666,320000,213,3.328125,0.20123242174485934,0.241943359375,9,0.03515625,0.0546875,-0.059290584015128836,0.3333333333333333,0.995096875,0.3072916666666667,0.0049031249999999995,0.453125,0.0,0.538784375,0.31480624999999995,0.146409375,0.28125,0.53633125,0.296875,0.313128125,0.421875,0.1456375,0.359375,0.002453125,0.25,0.001678125,0.3125,0.000771875,0.46875,0.0,0.46875,0.0,0.421875,0.0
split_high_low,64,26,fixed,random_matched,60,0.9791666666666666,0.46946649029982357,0.45336003224206356,0.6666666666666666,320000,208,3.25,0.20556293780989085,0.2607421875,8,0.03125,0.046875,-0.04790801996538483,0.3854166666666667,0.9851968750000001,0.3177083333333333,0.014803125,0.453125,0.0,0.5376500000000001,0.322540625,0.139809375,0.3125,0.5302375,0.34375,0.3174,0.5,0.137559375,0.359375,0.0074125,0.28125,0.005140625,0.3125,0.00225,0.46875,0.0,0.46875,0.0,0.421875,0.0
uniform_high,64,27,fixed,random_matched,55,0.9511591471297827,0.4500110229276896,0.40245060453869047,0.6666666666666666,320000,174,2.71875,0.17247367328748775,0.2520751953125,8,0.03125,0.0546875,0.08265314187936726,0.28125,0.9956906249999999,0.3385416666666667,0.004309375000000001,0.5104166666666666,0.0,0.699296875,0.2342375,0.066465625,0.28125,0.69706875,0.234375,0.232925,0.328125,0.065696875,0.234375,0.002228125,0.359375,0.0013125,0.421875,0.00076875,0.421875,0.0,0.546875,0.0,0.5625,0.0
patchy_high,64,27,fixed,random_matched,53,0.9387766275928987,0.4390432098765432,0.3395910621279762,0.6666666666666666,320000,160,2.5,0.17327064016148658,0.29150390625,9,0.03515625,0.1015625,0.003759907710907961,0.24479166666666666,0.996,0.3385416666666667,0.004,0.5104166666666666,0.0,0.71026875,0.232625,0.057106250000000004,0.203125,0.70835625,0.21875,0.231340625,0.3125,0.056303125,0.265625,0.0019125,0.328125,0.001284375,0.421875,0.000803125,0.421875,0.0,0.546875,0.0,0.5625,0.0
split_high_low,64,27,fixed,random_matched,55,0.9511591471297827,0.4710648148148148,0.42238299851190475,0.6666666666666666,320000,182,2.84375,0.1887280144125378,0.2979736328125,10,0.0390625,0.03125,0.08815929299762701,0.3489583333333333,0.9939374999999999,0.3645833333333333,0.0060625,0.5104166666666666,0.0,0.624009375,0.277478125,0.09851249999999999,0.25,0.621290625,0.46875,0.275203125,0.328125,0.09744375,0.359375,0.00271875,0.328125,0.002275,0.40625,0.00106875,0.421875,0.0,0.546875,0.0,0.5625,0.0
uniform_high,64,28,fixed,random_matched,56,0.956367480463116,0.468694885361552,0.4098583348834325,0.6666666666666666,320000,137,2.140625,0.175569570191833,0.2216796875,10,0.0390625,0.09375,-0.0436096526015953,0.3072916666666667,0.9959374999999999,0.3697916666666667,0.0040625,0.5416666666666666,0.0,0.702165625,0.233975,0.063859375,0.265625,0.70065,0.3125,0.232340625,0.34375,0.062946875,0.375,0.001515625,0.328125,0.001634375,0.40625,0.0009125,0.53125,0.0,0.546875,0.0,0.546875,0.0
patchy_high,64,28,fixed,random_matched,55,0.9479166666666666,0.45805776014109345,0.3725569878472223,0.6666666666666666,320000,128,2.0,0.16828178922974468,0.2939453125,9,0.03515625,0.0703125,-0.05004609913081046,0.265625,0.9960687500000001,0.3854166666666667,0.003931250000000001,0.5416666666666666,0.0,0.724465625,0.219446875,0.0560875,0.234375,0.722940625,0.25,0.217975,0.3125,0.055153125,0.453125,0.001525,0.328125,0.001471875,0.375,0.000934375,0.53125,0.0,0.546875,0.0,0.546875,0.0
split_high_low,64,28,fixed,random_matched,61,0.984375,0.4937720458553792,0.48640646701388895,0.6666666666666666,320000,185,2.890625,0.20985106212015672,0.2767333984375,10,0.0390625,0.078125,0.04831832759860804,0.390625,0.9566875,0.4166666666666667,0.0433125,0.5416666666666666,0.0,0.5331375,0.32628125,0.14058125,0.40625,0.51056875,0.390625,0.312353125,0.375,0.133765625,0.421875,0.02256875,0.421875,0.013928125,0.40625,0.006815625,0.53125,0.0,0.546875,0.0,0.546875,0.0
uniform_high,64,29,fixed,random_matched,57,0.9583333333333334,0.45436507936507936,0.41515636005704365,0.6666666666666666,320000,177,2.765625,0.18010295690222214,0.2957763671875,10,0.0390625,0.046875,-0.07033453450808723,0.3177083333333333,0.996490625,0.34375,0.003509375,0.421875,0.0,0.6636656249999999,0.258575,0.077759375,0.265625,0.66211875,0.328125,0.25723125,0.359375,0.077140625,0.21875,0.001546875,0.3125,0.00134375,0.5,0.00061875,0.4375,0.0,0.40625,0.0,0.421875,0.0
patchy_high,64,29,fixed,random_matched,56,0.9544016275928987,0.451223544973545,0.41838406653025795,0.6666666666666666,320000,183,2.859375,0.18676075235208572,0.2698974609375,9,0.03515625,0.0625,0.02712268978767164,0.296875,0.9965968749999999,0.359375,0.003403125,0.421875,0.0,0.647009375,0.27418750000000003,0.07880312499999999,0.296875,0.645696875,0.265625,0.27271875,0.328125,0.07818125,0.234375,0.0013125,0.3125,0.00146875,0.53125,0.000621875,0.4375,0.0,0.40625,0.0,0.421875,0.0
split_high_low,64,29,fixed,random_matched,54,0.9459508137964493,0.44323192239858905,0.34653098958333334,0.6666666666666666,320000,134,2.09375,0.15974139177125996,0.26708984375,9,0.03515625,0.0546875,0.06699085521741573,0.3072916666666667,0.9935,0.3541666666666667,0.006500000000000001,0.421875,0.0,0.734078125,0.21049375,0.055428124999999995,0.203125,0.730853125,0.234375,0.208246875,0.484375,0.0544,0.21875,0.003225,0.328125,0.002246875,0.515625,0.001028125,0.4375,0.0,0.40625,0.0,0.421875,0.0
uniform_high,64,30,fixed,random_matched,60,0.9791666666666666,0.4755842151675485,0.4644267221602183,0.6666666666666666,320000,230,3.59375,0.20110772461981757,0.30517578125,11,0.04296875,0.0390625,-0.01888904312932479,0.3645833333333333,0.995775,0.359375,0.0042250000000000005,0.5,0.0,0.5700437500000001,0.3051125,0.12484375,0.359375,0.568196875,0.328125,0.30351875,0.40625,0.124059375,0.328125,0.001846875,0.296875,0.00159375,0.453125,0.000784375,0.5,0.0,0.578125,0.0,0.421875,0.0
patchy_high,64,30,fixed,random_matched,63,0.9947916666666666,0.4812059082892416,0.4710186104910714,0.6666666666666666,320000,209,3.265625,0.20023248094122909,0.2396240234375,9,0.03515625,0.0703125,0.0075171452833795544,0.390625,0.99534375,0.3541666666666667,0.00465625,0.5,0.0,0.5722062499999999,0.30917500000000003,0.11861875000000001,0.34375,0.57014375,0.390625,0.3075375,0.4375,0.1176625,0.328125,0.0020625,0.34375,0.0016375,0.390625,0.00095625,0.5,0.0,0.578125,0.0,0.421875,0.0
split_high_low,64,30,fixed,random_matched,60,0.9772008137964493,0.484292328042328,0.49121201636904765,0.6666666666666666,320000,264,4.125,0.23550991670673993,0.292724609375,9,0.03515625,0.0546875,-0.06371328726245401,0.421875,0.996140625,0.3541666666666667,0.003859375,0.5,0.0,0.39750312499999996,0.365165625,0.23733125000000002,0.375,0.395684375,0.4375,0.363821875,0.453125,0.236634375,0.3125,0.00181875,0.328125,0.00134375,0.421875,0.000696875,0.5,0.0,0.578125,0.0,0.421875,0.0
uniform_high,64,31,fixed,random_matched,51,0.9303258137964493,0.4596560846560847,0.4722997488839285,0.6666666666666666,320000,257,4.015625,0.22783952430859059,0.23974609375,7,0.02734375,0.0390625,-0.06494752565106207,0.3697916666666667,0.9958156249999999,0.2760416666666667,0.004184375000000001,0.4895833333333333,0.0,0.41877187499999996,0.35735625,0.223871875,0.359375,0.417096875,0.375,0.35575625,0.375,0.2229625,0.25,0.001675,0.21875,0.0016,0.359375,0.000909375,0.515625,0.0,0.46875,0.0,0.484375,0.0
patchy_high,64,31,fixed,random_matched,59,0.9739583333333334,0.4675374779541447,0.5019972160218255,0.6666666666666666,320000,243,3.796875,0.22811105709428342,0.252685546875,10,0.0390625,0.0546875,0.016457600170362338,0.453125,0.9955406250000001,0.2708333333333333,0.004459375,0.4895833333333333,0.0,0.434046875,0.35826875,0.207684375,0.5,0.4321,0.4375,0.356703125,0.421875,0.2067375,0.265625,0.001946875,0.203125,0.001565625,0.34375,0.000946875,0.515625,0.0,0.46875,0.0,0.484375,0.0
split_high_low,64,31,fixed,random_matched,56,0.9583333333333334,0.47437169312169314,0.48587781498015875,0.6666666666666666,320000,234,3.65625,0.22419926884470118,0.26513671875,9,0.03515625,0.078125,0.03527290511013224,0.4322916666666667,0.989840625,0.3125,0.010159375,0.4895833333333333,0.0,0.4639625,0.348546875,0.187490625,0.359375,0.458890625,0.4375,0.345034375,0.5,0.185915625,0.359375,0.005071875,0.203125,0.0035125,0.375,0.001575,0.515625,0.0,0.46875,0.0,0.484375,0.0
uniform_high,64,32,fixed,random_matched,57,0.9615758137964493,0.4514440035273368,0.3027227306547619,0.6666666666666666,320000,85,1.328125,0.15172665819656878,0.2662353515625,8,0.03125,0.0390625,0.0691813840989476,0.2708333333333333,0.9960875,0.359375,0.003912499999999999,0.4895833333333333,0.0,0.7790343750000001,0.1774375,0.043528125,0.15625,0.77705625,0.28125,0.176128125,0.375,0.042903125,0.390625,0.001978125,0.296875,0.001309375,0.390625,0.000625,0.453125,0.0,0.53125,0.0,0.484375,0.0
patchy_high,64,32,fixed,random_matched,54,0.9427083333333334,0.44279100529100535,0.33714102647569444,0.6666666666666666,320000,79,1.234375,0.14561608812993562,0.258544921875,9,0.03515625,0.0390625,0.1545066291411784,0.25,0.9968874999999999,0.3333333333333333,0.0031125,0.4895833333333333,0.0,0.785165625,0.174403125,0.040431249999999995,0.203125,0.783775,0.21875,0.17326875,0.328125,0.03984375,0.3125,0.001390625,0.296875,0.001134375,0.390625,0.0005875,0.453125,0.0,0.53125,0.0,0.484375,0.0
split_high_low,64,32,fixed,random_matched,59,0.9739583333333334,0.454971340388007,0.3405234250992064,0.6666666666666666,320000,109,1.703125,0.15507989318501225,0.203125,7,0.02734375,0.0546875,0.013479296570288178,0.296875,0.9765312500000001,0.34375,0.02346875,0.4895833333333333,0.0,0.75690625,0.192296875,0.050796875,0.1875,0.7380875,0.28125,0.18876875,0.421875,0.049675,0.28125,0.01881875,0.359375,0.003528125,0.390625,0.001121875,0.453125,0.0,0.53125,0.0,0.484375,0.0
uniform_high,64,33,fixed,random_matched,54,0.9479166666666666,0.45882936507936506,0.4688186957465278,0.6666666666666666,320000,221,3.453125,0.21842460244422157,0.243408203125,10,0.0390625,0.0546875,0.003320665177261593,0.3802083333333333,0.9957156250000001,0.3177083333333333,0.004284375,0.4010416666666667,0.0,0.49617187500000004,0.33984375,0.16398437500000002,0.328125,0.494271875,0.40625,0.33824375,0.40625,0.1632,0.203125,0.0019,0.28125,0.0016,0.46875,0.000784375,0.375,0.0,0.375,0.0,0.453125,0.0
patchy_high,64,33,fixed,random_matched,57,0.9615758137964493,0.4557429453262787,0.48123005177331346,0.6666666666666666,320000,222,3.46875,0.21821103474018005,0.245361328125,9,0.03515625,0.0703125,0.03851713213805443,0.4114583333333333,0.99560625,0.296875,0.00439375,0.4010416666666667,0.0,0.495253125,0.33364687499999995,0.1711,0.359375,0.49315625,0.40625,0.3321125,0.46875,0.1703375,0.203125,0.002096875,0.21875,0.001534375,0.46875,0.0007625,0.375,0.0,0.375,0.0,0.453125,0.0
split_high_low,64,33,fixed,random_matched,56,0.9583333333333334,0.449129188712522,0.4015772584945437,0.6666666666666666,320000,145,2.265625,0.17932478430877385,0.2548828125,8,0.03125,0.0546875,-0.05123524941124415,0.3020833333333333,0.9877437499999999,0.34375,0.01225625,0.4010416666666667,0.0,0.642771875,0.2650125,0.09221562500000001,0.28125,0.637525,0.21875,0.26065625,0.40625,0.0895625,0.28125,0.005246875,0.296875,0.00435625,0.453125,0.002653125,0.375,0.0,0.375,0.0,0.453125,0.0
uniform_high,64,34,fixed,random_matched,60,0.9772008137964493,0.4638447971781305,0.4408633479042658,0.6666666666666666,320000,214,3.34375,0.20961336521013224,0.2562255859375,9,0.03515625,0.0625,0.020832386346327624,0.3125,0.98449375,0.3333333333333333,0.01550625,0.5,0.0,0.5351937499999999,0.32283124999999996,0.141975,0.328125,0.526409375,0.3125,0.318228125,0.296875,0.13985625,0.3125,0.008784375,0.3125,0.004603125,0.375,0.00211875,0.46875,0.0,0.484375,0.0,0.546875,0.0
patchy_high,64,34,fixed,random_matched,59,0.971992480463116,0.4795524691358025,0.48199826543898805,0.6666666666666666,320000,209,3.265625,0.20924990960395273,0.2537841796875,10,0.0390625,0.0625,0.04453360089201124,0.3958333333333333,0.9951937499999999,0.3385416666666667,0.00480625,0.5,0.0,0.5248625,0.32908125,0.14605625,0.4375,0.522203125,0.328125,0.327625,0.421875,0.145365625,0.296875,0.002659375,0.328125,0.00145625,0.390625,0.000690625,0.46875,0.0,0.484375,0.0,0.546875,0.0
split_high_low,64,34,fixed,random_matched,62,0.9895833333333334,0.4814814814814814,0.453680904327877,0.6666666666666666,320000,194,3.03125,0.20088882891137308,0.241943359375,8,0.03125,0.078125,-0.04710223683786178,0.3697916666666667,0.966284375,0.3697916666666667,0.033715625,0.5,0.0,0.57994375,0.301571875,0.118484375,0.3125,0.563509375,0.359375,0.29038125,0.4375,0.11239375,0.34375,0.016434375,0.34375,0.011190625,0.421875,0.006090625,0.46875,0.0,0.484375,0.0,0.546875,0.0
uniform_high,64,35,fixed,random_matched,59,0.9739583333333334,0.449074074074074,0.4441222361731151,0.6666666666666666,320000,204,3.1875,0.19556499742109856,0.276123046875,9,0.03515625,0.046875,0.03689612199076845,0.375,0.995484375,0.28125,0.0045156250000000005,0.46875,0.0,0.5886625,0.296375,0.1149625,0.40625,0.586328125,0.203125,0.2948125,0.515625,0.11434375,0.265625,0.002334375,0.25,0.0015625,0.328125,0.00061875,0.375,0.0,0.5,0.0,0.53125,0.0
patchy_high,64,35,fixed,random_matched,56,0.956367480463116,0.44411375661375657,0.41252726004464296,0.6666666666666666,320000,191,2.984375,0.19738372015927624,0.30712890625,10,0.0390625,0.046875,0.04532735776836843,0.2760416666666667,0.995753125,0.3072916666666667,0.004246875,0.46875,0.0,0.589828125,0.2924,0.117771875,0.3125,0.58759375,0.234375,0.290946875,0.28125,0.1172125,0.3125,0.002234375,0.28125,0.001453125,0.328125,0.000559375,0.375,0.0,0.5,0.0,0.53125,0.0
split_high_low,64,35,fixed,random_matched,57,0.9615758137964493,0.4585537918871252,0.39771377418154763,0.6666666666666666,320000,166,2.59375,0.18177666371874943,0.3037109375,10,0.0390625,0.046875,-0.057482617409537855,0.3072916666666667,0.974121875,0.3489583333333333,0.025878125000000002,0.46875,0.0,0.647515625,0.26981875,0.082665625,0.265625,0.631378125,0.234375,0.2624875,0.421875,0.08025625,0.375,0.0161375,0.3125,0.00733125,0.359375,0.002409375,0.375,0.0,0.5,0.0,0.53125,0.0
uniform_high,64,36,fixed,random_matched,55,0.9459508137964493,0.4651675485008818,0.4435489552331349,0.6666666666666666,320000,198,3.09375,0.205945835741583,0.2744140625,11,0.04296875,0.0546875,0.04736362986168538,0.3489583333333333,0.9962500000000001,0.3229166666666667,0.00375,0.4947916666666667,0.0,0.551865625,0.31572812499999997,0.13240625,0.296875,0.550234375,0.34375,0.3143875,0.40625,0.131628125,0.296875,0.00163125,0.25,0.001340625,0.421875,0.000778125,0.515625,0.0,0.4375,0.0,0.53125,0.0
patchy_high,64,36,fixed,random_matched,55,0.9491932942595653,0.4620811287477954,0.46201450892857143,0.6666666666666666,320000,177,2.765625,0.20637781303412733,0.3028564453125,9,0.03515625,0.0390625,-0.012011161209089861,0.3854166666666667,0.99646875,0.296875,0.0035312499999999997,0.4947916666666667,0.0,0.5372,0.327075,0.13572499999999998,0.328125,0.53586875,0.359375,0.325653125,0.46875,0.134946875,0.25,0.00133125,0.21875,0.001421875,0.421875,0.000778125,0.515625,0.0,0.4375,0.0,0.53125,0.0
split_high_low,64,36,fixed,random_matched,59,0.9739583333333334,0.47343474426807763,0.44239575272817455,0.6666666666666666,320000,198,3.09375,0.21113836676671205,0.3311767578125,11,0.04296875,0.0703125,-0.1040300343388279,0.3489583333333333,0.9836937499999999,0.3541666666666667,0.01630625,0.4947916666666667,0.0,0.526009375,0.329109375,0.14488125,0.296875,0.517621875,0.328125,0.32391875,0.421875,0.142153125,0.3125,0.0083875,0.328125,0.005190625,0.421875,0.002728125,0.515625,0.0,0.4375,0.0,0.53125,0.0
uniform_high,64,37,fixed,random_matched,58,0.9667841471297827,0.48104056437389775,0.4941755735367063,0.6666666666666666,320000,217,3.390625,0.2008804281400763,0.23193359375,8,0.03125,0.0625,-0.052533230052417855,0.4270833333333333,0.99541875,0.328125,0.00458125,0.4739583333333333,0.0,0.562753125,0.31536250000000005,0.121884375,0.40625,0.561071875,0.4375,0.313490625,0.4375,0.12085625,0.296875,0.00168125,0.328125,0.001871875,0.359375,0.001028125,0.546875,0.0,0.46875,0.0,0.40625,0.0
patchy_high,64,37,fixed,random_matched,56,0.956367480463116,0.47332451499118167,0.47801680307539685,0.6666666666666666,320000,221,3.453125,0.20829056239680943,0.2412109375,8,0.03125,0.046875,0.006935086251510556,0.3697916666666667,0.9941875,0.3333333333333333,0.005812500000000001,0.4739583333333333,0.0,0.5282,0.328784375,0.143015625,0.40625,0.526053125,0.359375,0.326446875,0.34375,0.1416875,0.3125,0.002146875,0.296875,0.0023375,0.390625,0.001328125,0.546875,0.0,0.46875,0.0,0.40625,0.0
split_high_low,64,37,fixed,random_matched,57,0.9635416666666666,0.4809854497354497,0.4716663271949405,0.6666666666666666,320000,238,3.71875,0.21875632335126077,0.2659912109375,9,0.03515625,0.0859375,0.048712519828592704,0.3645833333333333,0.9958374999999999,0.375,0.0041624999999999995,0.4739583333333333,0.0,0.498675,0.3415375,0.1597875,0.359375,0.497353125,0.390625,0.339840625,0.34375,0.15864375,0.375,0.001321875,0.328125,0.001696875,0.421875,0.00114375,0.546875,0.0,0.46875,0.0,0.40625,0.0
uniform_high,64,38,fixed,random_matched,57,0.9635416666666666,0.43557098765432095,0.3296749286954365,0.6666666666666666,320000,158,2.46875,0.17952580894133668,0.27099609375,9,0.03515625,0.0859375,0.0821633865159294,0.28125,0.996453125,0.296875,0.0035468749999999997,0.5520833333333334,0.0,0.6905375,0.24065937499999998,0.068803125,0.15625,0.689021875,0.375,0.239321875,0.3125,0.068109375,0.28125,0.001515625,0.21875,0.0013375,0.390625,0.00069375,0.59375,0.0,0.5625,0.0,0.5,0.0
patchy_high,64,38,fixed,random_matched,52,0.9335682942595653,0.43099647266313934,0.32375432012648814,0.6666666666666666,320000,143,2.234375,0.1668246470677414,0.29345703125,9,0.03515625,0.0625,0.07254323950741785,0.2916666666666667,0.9966125,0.2916666666666667,0.0033875000000000003,0.5520833333333334,0.0,0.7296750000000001,0.2167125,0.0536125,0.171875,0.728165625,0.265625,0.215459375,0.4375,0.0529875,0.28125,0.001509375,0.171875,0.001253125,0.421875,0.000625,0.59375,0.0,0.5625,0.0,0.5,0.0
split_high_low,64,38,fixed,random_matched,52,0.9335682942595653,0.4389329805996473,0.34835670572916666,0.6666666666666666,320000,148,2.3125,0.1700059126873366,0.252197265625,7,0.02734375,0.0625,-0.11295619585118237,0.3229166666666667,0.995140625,0.3541666666666667,0.004859375,0.5520833333333334,0.0,0.703046875,0.235671875,0.06128125,0.203125,0.700165625,0.234375,0.234203125,0.53125,0.060771875,0.296875,0.00288125,0.203125,0.00146875,0.5625,0.000509375,0.59375,0.0,0.5625,0.0,0.5,0.0
uniform_high,64,39,fixed,random_matched,54,0.9427083333333334,0.4480820105820105,0.4150293356274801,0.6666666666666666,320000,236,3.6875,0.20954499467405208,0.2923583984375,10,0.0390625,0.078125,-0.13596932165939182,0.2864583333333333,0.995453125,0.3020833333333333,0.004546875,0.515625,0.0,0.548859375,0.319053125,0.1320875,0.28125,0.5467625,0.296875,0.317471875,0.28125,0.13121875,0.28125,0.002096875,0.3125,0.00158125,0.3125,0.00086875,0.5625,0.0,0.4375,0.0,0.546875,0.0
patchy_high,64,39,fixed,random_matched,57,0.9635416666666666,0.4625771604938271,0.43975832868303566,0.6666666666666666,320000,242,3.78125,0.20957412552826563,0.276611328125,10,0.0390625,0.0859375,-0.18896327811936134,0.3385416666666667,0.9956156249999999,0.3177083333333333,0.004384375,0.515625,0.0,0.5544125,0.311734375,0.133853125,0.3125,0.552409375,0.296875,0.3101875,0.40625,0.13301875,0.3125,0.002003125,0.265625,0.001546875,0.375,0.000834375,0.5625,0.0,0.4375,0.0,0.546875,0.0
split_high_low,64,39,fixed,random_matched,58,0.96875,0.47861552028218696,0.4555079659598214,0.6666666666666666,320000,206,3.21875,0.19390881101185292,0.2491455078125,10,0.0390625,0.0859375,0.036102767725691494,0.3541666666666667,0.996021875,0.3697916666666667,0.003978125,0.515625,0.0,0.592553125,0.29530625,0.112140625,0.34375,0.591,0.3125,0.29369375,0.40625,0.111328125,0.359375,0.001553125,0.359375,0.0016125,0.390625,0.0008125,0.5625,0.0,0.4375,0.0,0.546875,0.0
uniform_high,64,40,fixed,random_matched,57,0.9615758137964493,0.4774029982363316,0.46095288163442455,0.6666666666666666,320000,163,2.546875,0.19470139680854084,0.25048828125,9,0.03515625,0.0625,-0.11947261714353392,0.359375,0.995790625,0.359375,0.004209375,0.4791666666666667,0.0,0.614278125,0.280821875,0.1049,0.34375,0.612734375,0.34375,0.279175,0.390625,0.10388125,0.3125,0.00154375,0.328125,0.001646875,0.4375,0.00101875,0.4375,0.0,0.46875,0.0,0.53125,0.0
patchy_high,64,40,fixed,random_matched,58,0.96875,0.45458553791887124,0.40160316530257933,0.6666666666666666,320000,176,2.75,0.2020814340532811,0.2916259765625,9,0.03515625,0.046875,-0.010344010921268769,0.28125,0.9959875,0.34375,0.0040125000000000004,0.4791666666666667,0.0,0.56906875,0.303546875,0.127384375,0.265625,0.567615625,0.265625,0.302,0.3125,0.126371875,0.265625,0.001453125,0.34375,0.001546875,0.421875,0.0010125,0.4375,0.0,0.46875,0.0,0.53125,0.0
split_high_low,64,40,fixed,random_matched,56,0.956367480463116,0.456955467372134,0.3771878487723215,0.6666666666666666,320000,156,2.4375,0.1846308201448269,0.3016357421875,8,0.03125,0.1015625,0.012985464415229154,0.2552083333333333,0.99546875,0.3854166666666667,0.00453125,0.4791666666666667,0.0,0.6166843750000001,0.27993124999999996,0.103384375,0.234375,0.61503125,0.265625,0.2783,0.265625,0.1021375,0.375,0.001653125,0.390625,0.00163125,0.390625,0.001246875,0.4375,0.0,0.46875,0.0,0.53125,0.0
uniform_high,64,41,fixed,random_matched,57,0.9615758137964493,0.47437169312169314,0.4818981693328373,0.6666666666666666,320000,246,3.84375,0.20704992923819143,0.27490234375,8,0.03125,0.046875,-0.037151329131983546,0.40625,0.9963187499999999,0.3177083333333333,0.0036812500000000005,0.5625,0.0,0.5560562499999999,0.3123875,0.13155625,0.375,0.55441875,0.390625,0.310971875,0.453125,0.130928125,0.3125,0.0016375,0.265625,0.001415625,0.375,0.000628125,0.59375,0.0,0.546875,0.0,0.546875,0.0
patchy_high,64,41,fixed,random_matched,55,0.9511591471297827,0.4745370370370371,0.48268229166666665,0.6666666666666666,320000,232,3.625,0.204429336808834,0.26904296875,10,0.0390625,0.078125,-0.02352035174480148,0.3958333333333333,0.9964,0.3229166666666667,0.0036,0.5625,0.0,0.5610031249999999,0.30910000000000004,0.129896875,0.390625,0.559371875,0.375,0.30770625,0.421875,0.129321875,0.296875,0.00163125,0.28125,0.00139375,0.390625,0.000575,0.59375,0.0,0.546875,0.0,0.546875,0.0
split_high_low,64,41,fixed,random_matched,57,0.9615758137964493,0.45442019400352734,0.3765832976810516,0.6666666666666666,320000,236,3.6875,0.20621574506127577,0.260009765625,10,0.0390625,0.0546875,0.06551802091710573,0.296875,0.9841218749999999,0.34375,0.015878125,0.5625,0.0,0.55673125,0.31005,0.13321875,0.203125,0.550071875,0.28125,0.304425,0.40625,0.129625,0.3125,0.006659375,0.3125,0.005625,0.40625,0.00359375,0.59375,0.0,0.546875,0.0,0.546875,0.0
uniform_high,64,42,fixed,random_matched,58,0.96875,0.4506172839506173,0.3992178679935516,0.6666666666666666,320000,163,2.546875,0.18842583899394436,0.273193359375,9,0.03515625,0.1015625,0.008538460681536741,0.328125,0.996203125,0.296875,0.003796875,0.4479166666666667,0.0,0.6100156250000001,0.28607187500000003,0.1039125,0.234375,0.608653125,0.3125,0.28460625,0.4375,0.10294375,0.359375,0.0013625,0.28125,0.001465625,0.25,0.00096875,0.390625,0.0,0.453125,0.0,0.5,0.0
patchy_high,64,42,fixed,random_matched,57,0.9615758137964493,0.44631834215167543,0.3928276227678572,0.6666666666666666,320000,161,2.515625,0.1758803234322734,0.2587890625,11,0.04296875,0.0703125,0.0009733471678420615,0.28125,0.9960156250000001,0.3125,0.003984375,0.4479166666666667,0.0,0.63895625,0.277840625,0.083203125,0.265625,0.6374125,0.234375,0.276359375,0.34375,0.08224375,0.34375,0.00154375,0.328125,0.00148125,0.265625,0.000959375,0.390625,0.0,0.453125,0.0,0.5,0.0
split_high_low,64,42,fixed,random_matched,55,0.9511591471297827,0.4444444444444444,0.3169714332217262,0.6666666666666666,320000,161,2.515625,0.18672469892074606,0.2811279296875,10,0.0390625,0.0625,-0.1355250815876572,0.2604166666666667,0.994521875,0.3645833333333333,0.005478125,0.4479166666666667,0.0,0.6170562500000001,0.27919374999999996,0.10375,0.171875,0.614840625,0.1875,0.27720625,0.421875,0.102475,0.375,0.002215625,0.375,0.0019875,0.34375,0.001275,0.390625,0.0,0.453125,0.0,0.5,0.0
uniform_high,64,43,fixed,random_matched,55,0.9511591471297827,0.4405864197530864,0.3017668619791667,0.6666666666666666,320000,148,2.3125,0.17891320770653496,0.2440185546875,8,0.03125,0.046875,-0.029930164622242697,0.2604166666666667,0.9962875,0.328125,0.0037125000000000005,0.4635416666666667,0.0,0.686340625,0.24170625,0.07195312499999999,0.140625,0.684953125,0.28125,0.240253125,0.359375,0.07108125,0.3125,0.0013875,0.34375,0.001453125,0.328125,0.000871875,0.484375,0.0,0.390625,0.0,0.515625,0.0
patchy_high,64,43,fixed,random_matched,55,0.9511591471297827,0.45552248677248675,0.4019225120907738,0.6666666666666666,320000,149,2.328125,0.18504025054308876,0.291015625,9,0.03515625,0.0703125,0.05104861849289824,0.328125,0.996259375,0.3072916666666667,0.003740625,0.4635416666666667,0.0,0.6527531249999999,0.268575,0.07867187499999999,0.25,0.651365625,0.296875,0.2671,0.4375,0.07779375,0.296875,0.0013875,0.296875,0.001475,0.328125,0.000878125,0.484375,0.0,0.390625,0.0,0.515625,0.0
split_high_low,64,43,fixed,random_matched,55,0.9491932942595653,0.46147486772486773,0.4007047836061508,0.6666666666666666,320000,157,2.453125,0.18958555152208068,0.23046875,9,0.03515625,0.0859375,-0.07513735211823193,0.3125,0.99436875,0.3541666666666667,0.00563125,0.4635416666666667,0.0,0.648903125,0.26801875000000003,0.083078125,0.265625,0.64624375,0.25,0.26609375,0.421875,0.08203125,0.296875,0.002659375,0.40625,0.001925,0.359375,0.001046875,0.484375,0.0,0.390625,0.0,0.515625,0.0
uniform_high,64,44,fixed,random_matched,54,0.9479166666666666,0.46241181657848324,0.4237152917286706,0.6666666666666666,320000,215,3.359375,0.18886327469214592,0.321044921875,9,0.03515625,0.1171875,-0.0008184829941634441,0.3385416666666667,0.996084375,0.34375,0.003915625,0.4947916666666667,0.0,0.6442875,0.267596875,0.088115625,0.296875,0.6425375,0.265625,0.266121875,0.453125,0.087425,0.390625,0.00175,0.234375,0.001475,0.40625,0.000690625,0.53125,0.0,0.546875,0.0,0.40625,0.0
patchy_high,64,44,fixed,random_matched,57,0.9615758137964493,0.4575066137566137,0.39018558252728175,0.6666666666666666,320000,212,3.3125,0.19428287048298945,0.2640380859375,9,0.03515625,0.0625,-0.10208265705993963,0.3229166666666667,0.996171875,0.3333333333333333,0.003828125,0.4947916666666667,0.0,0.640353125,0.266690625,0.09295625,0.21875,0.638853125,0.34375,0.265140625,0.40625,0.092178125,0.40625,0.0015,0.234375,0.00155,0.359375,0.000778125,0.53125,0.0,0.546875,0.0,0.40625,0.0
split_high_low,64,44,fixed,random_matched,54,0.9459508137964493,0.4758597883597883,0.47194334232390867,0.6666666666666666,320000,238,3.71875,0.21875030536490103,0.2386474609375,10,0.0390625,0.0859375,-0.02424547879094546,0.4166666666666667,0.979609375,0.3489583333333333,0.020390625000000002,0.4947916666666667,0.0,0.49327187499999997,0.343628125,0.1631,0.34375,0.482525,0.375,0.336934375,0.53125,0.16015,0.453125,0.010746875,0.25,0.00669375,0.34375,0.00295,0.53125,0.0,0.546875,0.0,0.40625,0.0
uniform_high,64,45,fixed,random_matched,55,0.9511591471297827,0.4525462962962963,0.4153188492063492,0.6666666666666666,320000,213,3.328125,0.2016645091374064,0.2452392578125,9,0.03515625,0.0625,0.04939729009939959,0.3125,0.995715625,0.3125,0.004284375,0.5052083333333334,0.0,0.5546,0.317409375,0.12799062500000002,0.25,0.55274375,0.34375,0.3157375,0.34375,0.127234375,0.28125,0.00185625,0.21875,0.001671875,0.4375,0.00075625,0.5,0.0,0.546875,0.0,0.46875,0.0
patchy_high,64,45,fixed,random_matched,56,0.956367480463116,0.4591600529100529,0.4215728484623016,0.6666666666666666,320000,217,3.390625,0.1986973643532319,0.2664794921875,8,0.03125,0.0390625,0.07352386880951593,0.3489583333333333,0.99585,0.3072916666666667,0.00415,0.5052083333333334,0.0,0.57348125,0.30862500000000004,0.11789374999999999,0.265625,0.5716875,0.3125,0.3070625,0.46875,0.1171,0.265625,0.00179375,0.265625,0.0015625,0.390625,0.00079375,0.5,0.0,0.546875,0.0,0.46875,0.0
split_high_low,64,45,fixed,random_matched,56,0.9583333333333334,0.4605930335097001,0.41546226748511905,0.6666666666666666,320000,193,3.015625,0.19753043616385507,0.22900390625,8,0.03125,0.0390625,0.053337128957526854,0.3020833333333333,0.9731718749999999,0.3645833333333333,0.026828124999999998,0.5052083333333334,0.0,0.587021875,0.30328125,0.109696875,0.359375,0.570121875,0.171875,0.296321875,0.375,0.106728125,0.34375,0.0169,0.3125,0.006959375,0.4375,0.00296875,0.5,0.0,0.546875,0.0,0.46875,0.0
uniform_high,64,46,fixed,random_matched,56,0.956367480463116,0.4501212522045855,0.3818019097222222,0.6666666666666666,320000,184,2.875,0.1926406287145844,0.2412109375,9,0.03515625,0.0703125,0.010198967095737267,0.3020833333333333,0.9961156250000001,0.3072916666666667,0.003884375,0.4895833333333333,0.0,0.626809375,0.277628125,0.0955625,0.234375,0.625109375,0.25,0.276178125,0.421875,0.094828125,0.328125,0.0017,0.3125,0.00145,0.28125,0.000734375,0.4375,0.0,0.515625,0.0,0.515625,0.0
patchy_high,64,46,fixed,random_matched,53,0.9427083333333334,0.45712081128747795,0.40095126953125,0.6666666666666666,320000,172,2.6875,0.181363843309243,0.2686767578125,7,0.02734375,0.0859375,0.006634482713922736,0.359375,0.996003125,0.3072916666666667,0.003996875,0.4895833333333333,0.0,0.68113125,0.24339999999999998,0.07546875,0.25,0.67930625,0.296875,0.24190625,0.53125,0.074790625,0.359375,0.001825,0.265625,0.00149375,0.296875,0.000678125,0.4375,0.0,0.515625,0.0,0.515625,0.0
split_high_low,64,46,fixed,random_matched,58,0.96875,0.46836419753086417,0.42862132316468254,0.6666666666666666,320000,189,2.953125,0.19795233187091232,0.2711181640625,8,0.03125,0.1328125,0.02073318605073491,0.34375,0.983759375,0.3333333333333333,0.016240624999999998,0.4895833333333333,0.0,0.5912375,0.29865312499999996,0.110109375,0.28125,0.581925,0.3125,0.293428125,0.4375,0.10840625,0.34375,0.0093125,0.3125,0.005225,0.34375,0.001703125,0.4375,0.0,0.515625,0.0,0.515625,0.0
uniform_high,64,47,fixed,random_matched,55,0.953125,0.43617724867724866,0.30493379216269845,0.6666666666666666,320000,173,2.703125,0.182248981099567,0.31396484375,8,0.03125,0.0625,-0.060580614335903074,0.25,0.9957687500000001,0.328125,0.00423125,0.5364583333333334,0.0,0.6684375,0.25115000000000004,0.0804125,0.15625,0.6666625,0.21875,0.249434375,0.375,0.079671875,0.265625,0.001775,0.3125,0.001715625,0.40625,0.000740625,0.546875,0.0,0.5,0.0,0.5625,0.0
patchy_high,64,47,fixed,random_matched,55,0.9511591471297827,0.44747574955908287,0.41659444444444443,0.6666666666666666,320000,177,2.765625,0.1863797614281646,0.2901611328125,10,0.0390625,0.046875,-0.0009049504633196854,0.2708333333333333,0.9959312499999999,0.3333333333333333,0.0040687499999999995,0.5364583333333334,0.0,0.64039375,0.267003125,0.09260312500000001,0.3125,0.638575,0.25,0.26539375,0.25,0.0919625,0.25,0.00181875,0.3125,0.001609375,0.4375,0.000640625,0.546875,0.0,0.5,0.0,0.5625,0.0
split_high_low,64,47,fixed,random_matched,56,0.956367480463116,0.4401455026455027,0.28990783110119045,0.6666666666666666,320000,168,2.625,0.17541121501904333,0.232421875,10,0.0390625,0.0859375,0.015658013151090507,0.2552083333333333,0.9799781249999999,0.3541666666666667,0.020021874999999998,0.5364583333333334,0.0,0.7150093750000001,0.228684375,0.05630625,0.125,0.701071875,0.34375,0.22395625,0.296875,0.05495,0.25,0.0139375,0.34375,0.004728125,0.46875,0.00135625,0.546875,0.0,0.5,0.0,0.5625,0.0
uniform_high,64,48,fixed,random_matched,50,0.9231516275928987,0.4543099647266314,0.353402974640377,0.6666666666666666,320000,151,2.359375,0.17997568822144627,0.2716064453125,12,0.046875,0.0390625,0.02553141382690002,0.3229166666666667,0.99635625,0.3854166666666667,0.0036437500000000003,0.5260416666666666,0.0,0.65868125,0.25572500000000004,0.08559375,0.203125,0.657446875,0.234375,0.2541875,0.53125,0.084721875,0.359375,0.001234375,0.28125,0.0015375,0.515625,0.000871875,0.5625,0.0,0.5625,0.0,0.453125,0.0
patchy_high,64,48,fixed,random_matched,55,0.9511591471297827,0.44973544973544977,0.32736746031746033,0.6666666666666666,320000,130,2.03125,0.1696495263625318,0.26904296875,8,0.03125,0.0859375,-0.0047265873046234775,0.3125,0.996290625,0.3489583333333333,0.003709375,0.5260416666666666,0.0,0.711715625,0.22486875,0.063415625,0.15625,0.710171875,0.359375,0.22338125,0.421875,0.0627375,0.296875,0.00154375,0.25,0.0014875,0.5,0.000678125,0.5625,0.0,0.5625,0.0,0.453125,0.0
split_high_low,64,48,fixed,random_matched,60,0.9791666666666666,0.46434082892416223,0.4197460844494047,0.6666666666666666,320000,183,2.859375,0.19082335100386089,0.2388916015625,9,0.03515625,0.046875,-0.07188200735288112,0.2864583333333333,0.9940875,0.4010416666666667,0.005912499999999999,0.5260416666666666,0.0,0.6080625,0.28365625,0.10828125000000001,0.3125,0.60544375,0.25,0.281528125,0.296875,0.107115625,0.34375,0.00261875,0.359375,0.002128125,0.5,0.001165625,0.5625,0.0,0.5625,0.0,0.453125,0.0
uniform_high,64,49,fixed,random_matched,54,0.9459508137964493,0.4454916225749559,0.48854526289682537,0.6666666666666666,320000,195,3.046875,0.21848081107641307,0.3004150390625,9,0.03515625,0.0625,0.025556306022768094,0.4166666666666667,0.9965125,0.24479166666666666,0.0034875,0.4479166666666667,0.0,0.49566875,0.33671562499999996,0.167615625,0.390625,0.493971875,0.40625,0.335471875,0.453125,0.16706875,0.1875,0.001696875,0.15625,0.00124375,0.390625,0.000546875,0.4375,0.0,0.546875,0.0,0.359375,0.0
patchy_high,64,49,fixed,random_matched,58,0.9667841471297827,0.4455467372134039,0.4803912667410714,0.6666666666666666,320000,209,3.265625,0.21549354166570645,0.2681884765625,10,0.0390625,0.0859375,-0.05207502401093395,0.390625,0.9964718749999999,0.2552083333333333,0.003528125,0.4479166666666667,0.0,0.5037999999999999,0.33435625,0.16184375,0.375,0.50211875,0.390625,0.333046875,0.40625,0.16130625,0.1875,0.00168125,0.171875,0.001309375,0.40625,0.0005375,0.4375,0.0,0.546875,0.0,0.359375,0.0
split_high_low,64,49,fixed,random_matched,60,0.9772008137964493,0.4538690476190476,0.42602309182787695,0.6666666666666666,320000,209,3.265625,0.21593175639262654,0.256591796875,8,0.03125,0.015625,0.021144971684534383,0.390625,0.989228125,0.3125,0.010771875,0.4479166666666667,0.0,0.50429375,0.33186875,0.1638375,0.21875,0.498015625,0.46875,0.328475,0.484375,0.1627375,0.296875,0.006278125,0.203125,0.00339375,0.4375,0.0011,0.4375,0.0,0.546875,0.0,0.359375,0.0
uniform_high,64,50,fixed,random_matched,55,0.953125,0.4340828924162257,0.18924283079117063,0.6666666666666666,320000,57,0.890625,0.10379671962073775,0.3135986328125,9,0.03515625,0.046875,0.0293677071411625,0.23958333333333334,0.99655,0.390625,0.00345,0.4947916666666667,0.0,0.907353125,0.082775,0.009871875,0.09375,0.906140625,0.203125,0.08146875,0.421875,0.008940625,0.5,0.0012125,0.28125,0.00130625,0.390625,0.00093125,0.53125,0.0,0.53125,0.0,0.421875,0.0
patchy_high,64,50,fixed,random_matched,58,0.96875,0.44262566137566134,0.2126376441592262,0.6666666666666666,320000,58,0.90625,0.10229668105617293,0.2783203125,8,0.03125,0.0546875,-0.06276562300828321,0.25,0.996003125,0.40625,0.0039968749999999996,0.4947916666666667,0.0,0.927146875,0.064890625,0.0079625,0.109375,0.925496875,0.25,0.063490625,0.390625,0.007015625,0.53125,0.00165,0.296875,0.0014,0.390625,0.000946875,0.53125,0.0,0.53125,0.0,0.421875,0.0
split_high_low,64,50,fixed,random_matched,59,0.971992480463116,0.4641754850088184,0.35405590122767855,0.6666666666666666,320000,131,2.046875,0.16183134313997405,0.3240966796875,10,0.0390625,0.0703125,-0.06447310389920706,0.2864583333333333,0.982725,0.4583333333333333,0.017275,0.4947916666666667,0.0,0.7324124999999999,0.21432187500000002,0.053265625,0.203125,0.71958125,0.265625,0.2110875,0.390625,0.05205625,0.515625,0.01283125,0.328125,0.003234375,0.53125,0.001209375,0.53125,0.0,0.53125,0.0,0.421875,0.0
uniform_high,64,51,fixed,random_matched,59,0.971992480463116,0.43788580246913583,0.4238811507936508,0.6666666666666666,320000,287,4.484375,0.2166102928630383,0.2725830078125,9,0.03515625,0.0546875,-0.04589281833950909,0.296875,0.9953562499999999,0.265625,0.00464375,0.5052083333333334,0.0,0.50276875,0.3372,0.16003125,0.296875,0.5011125,0.296875,0.335328125,0.296875,0.158915625,0.296875,0.00165625,0.171875,0.001871875,0.328125,0.001115625,0.5625,0.0,0.515625,0.0,0.4375,0.0
patchy_high,64,51,fixed,random_matched,58,0.96875,0.46671075837742504,0.4719714099702381,0.6666666666666666,320000,270,4.21875,0.20973606824805424,0.2918701171875,9,0.03515625,0.078125,-0.0017952470592444059,0.3645833333333333,0.99528125,0.3072916666666667,0.004718750000000001,0.5052083333333334,0.0,0.5276437500000001,0.3292625,0.14309375,0.375,0.52604375,0.359375,0.327384375,0.359375,0.141853125,0.296875,0.0016,0.25,0.001878125,0.375,0.001240625,0.5625,0.0,0.515625,0.0,0.4375,0.0
split_high_low,64,51,fixed,random_matched,54,0.943984960926232,0.4546406525573192,0.4271884564112102,0.6666666666666666,320000,289,4.515625,0.2193106254431353,0.2509765625,10,0.0390625,0.0703125,-0.019428342264573642,0.3125,0.976196875,0.3020833333333333,0.023803125,0.5052083333333334,0.0,0.49245,0.33943124999999996,0.16811875,0.28125,0.47889375,0.3125,0.332040625,0.34375,0.1652625,0.265625,0.01355625,0.296875,0.007390625,0.34375,0.00285625,0.5625,0.0,0.515625,0.0,0.4375,0.0
uniform_high,64,52,fixed,random_matched,59,0.9739583333333334,0.45381393298059963,0.39834942026289677,0.6666666666666666,320000,222,3.46875,0.19484305094615756,0.26953125,9,0.03515625,0.0703125,-0.03286767427676714,0.296875,0.995628125,0.34375,0.004371875,0.484375,0.0,0.5959281249999999,0.298078125,0.10599375,0.234375,0.594003125,0.328125,0.296421875,0.328125,0.105203125,0.328125,0.001925,0.25,0.00165625,0.453125,0.000790625,0.46875,0.0,0.578125,0.0,0.40625,0.0
patchy_high,64,52,fixed,random_matched,58,0.96875,0.4545855379188712,0.4130115466889881,0.6666666666666666,320000,207,3.234375,0.18744369667492095,0.281982421875,9,0.03515625,0.078125,-0.11306083533975575,0.3072916666666667,0.9958125,0.34375,0.0041875,0.484375,0.0,0.633053125,0.27785,0.089096875,0.265625,0.63143125,0.3125,0.27620625,0.34375,0.088175,0.375,0.001621875,0.203125,0.00164375,0.453125,0.000921875,0.46875,0.0,0.578125,0.0,0.40625,0.0
split_high_low,64,52,fixed,random_matched,60,0.9791666666666666,0.48098544973544977,0.4777275855654762,0.6666666666666666,320000,240,3.75,0.20208593181670628,0.248779296875,9,0.03515625,0.0625,-0.06016488618881914,0.390625,0.99074375,0.3802083333333333,0.00925625,0.484375,0.0,0.5489906250000001,0.319809375,0.13119999999999998,0.40625,0.544809375,0.328125,0.31616875,0.4375,0.129765625,0.359375,0.00418125,0.296875,0.003640625,0.484375,0.001434375,0.46875,0.0,0.578125,0.0,0.40625,0.0
uniform_high,64,53,fixed,random_matched,56,0.956367480463116,0.4645061728395061,0.47137344835069434,0.6666666666666666,320000,201,3.140625,0.19427100083646776,0.2783203125,9,0.03515625,0.03125,0.0278854533014503,0.4010416666666667,0.9957812499999998,0.3020833333333333,0.00421875,0.4947916666666667,0.0,0.6018781249999999,0.29670625,0.101415625,0.421875,0.60029375,0.28125,0.29505,0.5,0.1004375,0.3125,0.001584375,0.203125,0.00165625,0.390625,0.000978125,0.5,0.0,0.53125,0.0,0.453125,0.0
patchy_high,64,53,fixed,random_matched,58,0.9667841471297827,0.46770282186948847,0.45046591641865075,0.6666666666666666,320000,201,3.140625,0.2031463233595185,0.2354736328125,8,0.03125,0.0546875,-0.020030272675797444,0.359375,0.9959781249999999,0.3333333333333333,0.004021875,0.4947916666666667,0.0,0.578934375,0.30128125,0.119784375,0.359375,0.5773875,0.265625,0.29971875,0.453125,0.118871875,0.390625,0.001546875,0.234375,0.0015625,0.375,0.0009125,0.5,0.0,0.53125,0.0,0.453125,0.0
split_high_low,64,53,fixed,random_matched,58,0.9667841471297827,0.46252204585537915,0.40087947513640876,0.6666666666666666,320000,211,3.296875,0.19991703671224778,0.29052734375,11,0.04296875,0.078125,-0.04042383872511823,0.296875,0.993709375,0.3645833333333333,0.006290625,0.4947916666666667,0.0,0.57850625,0.309440625,0.112053125,0.265625,0.57486875,0.25,0.30754375,0.375,0.111296875,0.359375,0.0036375,0.296875,0.001896875,0.4375,0.00075625,0.5,0.0,0.53125,0.0,0.453125,0.0
uniform_high,64,54,fixed,random_matched,57,0.9615758137964493,0.4596560846560847,0.3852579768105159,0.6666666666666666,320000,109,1.703125,0.16339686634244704,0.2850341796875,10,0.0390625,0.0625,-0.12100564240587784,0.2916666666666667,0.996609375,0.3489583333333333,0.003390625,0.515625,0.0,0.7239718749999999,0.2173375,0.058690624999999996,0.234375,0.722615625,0.3125,0.216015625,0.328125,0.057978125,0.3125,0.00135625,0.34375,0.001321875,0.390625,0.0007125,0.578125,0.0,0.5,0.0,0.46875,0.0
patchy_high,64,54,fixed,random_matched,56,0.956367480463116,0.4461529982363316,0.3223742389012897,0.6666666666666666,320000,109,1.703125,0.15717491297554004,0.24755859375,7,0.02734375,0.0703125,-0.014693040689607969,0.265625,0.9964000000000001,0.3385416666666667,0.0036000000000000003,0.515625,0.0,0.748165625,0.20321875,0.048615625,0.171875,0.746496875,0.28125,0.201953125,0.34375,0.04795,0.265625,0.00166875,0.359375,0.001265625,0.390625,0.000665625,0.578125,0.0,0.5,0.0,0.46875,0.0
split_high_low,64,54,fixed,random_matched,57,0.959609960926232,0.4431216931216931,0.2609972702752976,0.6666666666666666,320000,116,1.8125,0.16655672913502811,0.2733154296875,8,0.03125,0.078125,0.07210898495402898,0.265625,0.9947812500000001,0.3541666666666667,0.00521875,0.515625,0.0,0.6954843749999999,0.23235312500000002,0.0721625,0.09375,0.69289375,0.34375,0.2304875,0.359375,0.0714,0.328125,0.002590625,0.3125,0.001865625,0.421875,0.0007625,0.578125,0.0,0.5,0.0,0.46875,0.0
uniform_high,64,55,fixed,random_matched,49,0.9107691080560146,0.4322089947089947,0.36295186786954364,0.6666666666666666,320000,162,2.53125,0.19476031375754754,0.259033203125,8,0.03125,0.0703125,-0.08054578580126551,0.2760416666666667,0.99638125,0.28125,0.00361875,0.5260416666666666,0.0,0.5855812499999999,0.29934062499999997,0.115078125,0.21875,0.584146875,0.21875,0.297925,0.390625,0.114309375,0.28125,0.001434375,0.1875,0.001415625,0.375,0.00076875,0.5,0.0,0.5625,0.0,0.515625,0.0
patchy_high,64,55,fixed,random_matched,51,0.9244282551857972,0.43716931216931215,0.4173091595362103,0.6666666666666666,320000,162,2.53125,0.18902362024921632,0.2607421875,8,0.03125,0.0703125,-0.08563237474647065,0.28125,0.99619375,0.2760416666666667,0.0038062499999999997,0.5260416666666666,0.0,0.60895,0.290665625,0.100384375,0.296875,0.60725,0.28125,0.28925,0.265625,0.09969375,0.28125,0.0017,0.1875,0.001415625,0.359375,0.000690625,0.5,0.0,0.5625,0.0,0.515625,0.0
split_high_low,64,55,fixed,random_matched,56,0.956367480463116,0.4637345679012346,0.4479135401165675,0.6666666666666666,320000,191,2.984375,0.2050996873007762,0.2449951171875,8,0.03125,0.046875,0.03998223406530175,0.3802083333333333,0.97585,0.3020833333333333,0.02415,0.5260416666666666,0.0,0.564571875,0.31053125000000004,0.124896875,0.28125,0.54831875,0.4375,0.305303125,0.421875,0.122228125,0.25,0.016253125,0.25,0.005228125,0.40625,0.00266875,0.5,0.0,0.5625,0.0,0.515625,0.0
uniform_high,64,56,fixed,random_matched,54,0.9420191080560146,0.4395943562610229,0.34264499937996035,0.6666666666666666,320000,133,2.078125,0.156247472662626,0.2655029296875,8,0.03125,0.03125,-0.13597888010210216,0.2760416666666667,0.9964875,0.296875,0.0035125,0.4479166666666667,0.0,0.7286374999999999,0.21544375,0.05591875,0.1875,0.727290625,0.296875,0.214025,0.34375,0.055171875,0.25,0.001346875,0.328125,0.00141875,0.3125,0.000746875,0.421875,0.0,0.421875,0.0,0.5,0.0
patchy_high,64,56,fixed,random_matched,57,0.9635416666666666,0.4454916225749559,0.3774173332093254,0.6666666666666666,320000,156,2.4375,0.16784154558436196,0.2288818359375,8,0.03125,0.046875,-0.13947128479643264,0.3125,0.9962375,0.2864583333333333,0.0037625,0.4479166666666667,0.0,0.72019375,0.22221875,0.0575875,0.21875,0.7186125,0.328125,0.2208125,0.390625,0.0568125,0.21875,0.00158125,0.328125,0.00140625,0.3125,0.000775,0.421875,0.0,0.421875,0.0,0.5,0.0
split_high_low,64,56,fixed,random_matched,54,0.943984960926232,0.42653218694885364,0.29919295169890875,0.6666666666666666,320000,150,2.34375,0.16392583261867122,0.2994384765625,9,0.03515625,0.0625,-0.06238218651164477,0.25,0.9702250000000001,0.3177083333333333,0.029775000000000003,0.4479166666666667,0.0,0.7354781250000001,0.211121875,0.0534,0.171875,0.716778125,0.15625,0.2024375,0.421875,0.051009375,0.25,0.0187,0.421875,0.008684375,0.28125,0.002390625,0.421875,0.0,0.421875,0.0,0.5,0.0
uniform_high,64,57,fixed,random_matched,58,0.96875,0.46682098765432095,0.42274286334325395,0.6666666666666666,320000,200,3.125,0.18998825446097883,0.2886962890625,12,0.046875,0.03125,-0.05779060207846338,0.3333333333333333,0.99550625,0.34375,0.00449375,0.4583333333333333,0.0,0.6256625,0.277365625,0.096971875,0.28125,0.624053125,0.296875,0.27558125,0.421875,0.095871875,0.34375,0.001609375,0.328125,0.001784375,0.359375,0.0011,0.421875,0.0,0.421875,0.0,0.53125,0.0
patchy_high,64,57,fixed,random_matched,58,0.96875,0.4737654320987654,0.44944257812500005,0.6666666666666666,320000,215,3.359375,0.20610514526759594,0.3204345703125,11,0.04296875,0.046875,-0.0035792693474899027,0.3645833333333333,0.99545625,0.34375,0.004543749999999999,0.4583333333333333,0.0,0.56115,0.309821875,0.12902812500000002,0.296875,0.559403125,0.375,0.30806875,0.421875,0.127984375,0.375,0.001746875,0.3125,0.001753125,0.34375,0.00104375,0.421875,0.0,0.421875,0.0,0.53125,0.0
split_high_low,64,57,fixed,random_matched,59,0.9739583333333334,0.46246693121693117,0.3848314267113095,0.6666666666666666,320000,141,2.203125,0.16946719666212706,0.252197265625,9,0.03515625,0.03125,-0.009446892204703307,0.3072916666666667,0.9953531250000001,0.375,0.004646875,0.4583333333333333,0.0,0.70641875,0.2319375,0.06164375,0.25,0.70413125,0.234375,0.230459375,0.4375,0.0607625,0.375,0.0022875,0.328125,0.001478125,0.421875,0.00088125,0.421875,0.0,0.421875,0.0,0.53125,0.0
uniform_high,64,58,fixed,random_matched,56,0.956367480463116,0.46588403880070545,0.4061258758060516,0.6666666666666666,320000,178,2.78125,0.20135794554716197,0.2333984375,8,0.03125,0.0546875,-0.008449339342390684,0.34375,0.989834375,0.3489583333333333,0.010165625000000001,0.5104166666666666,0.0,0.60129375,0.2918,0.10690625000000001,0.21875,0.596175,0.453125,0.288590625,0.359375,0.10506875,0.34375,0.00511875,0.34375,0.003209375,0.359375,0.0018375,0.5625,0.0,0.40625,0.0,0.5625,0.0
patchy_high,64,58,fixed,random_matched,53,0.9427083333333334,0.4630180776014109,0.4037917224702381,0.6666666666666666,320000,183,2.859375,0.1956802255036753,0.258056640625,8,0.03125,0.078125,0.0662049132552896,0.3333333333333333,0.993778125,0.3385416666666667,0.006221875,0.5104166666666666,0.0,0.6211625,0.282584375,0.096253125,0.234375,0.618903125,0.34375,0.28030625,0.421875,0.09456875,0.375,0.002259375,0.296875,0.002278125,0.34375,0.001684375,0.5625,0.0,0.40625,0.0,0.5625,0.0
split_high_low,64,58,fixed,random_matched,58,0.9667841471297827,0.4663800705467372,0.38250129898313495,0.6666666666666666,320000,143,2.234375,0.17910943827640452,0.241943359375,9,0.03515625,0.078125,0.004121127958723669,0.296875,0.948171875,0.4010416666666667,0.051828124999999996,0.5104166666666666,0.0,0.6648,0.25744374999999997,0.07775625,0.21875,0.628859375,0.296875,0.2450125,0.375,0.0743,0.375,0.035940625,0.390625,0.01243125,0.4375,0.00345625,0.5625,0.0,0.40625,0.0,0.5625,0.0
uniform_high,64,59,fixed,random_matched,59,0.971992480463116,0.45353835978835977,0.3910118303571428,0.6666666666666666,320000,185,2.890625,0.18681547718367694,0.2415771484375,10,0.0390625,0.0625,0.05511706237399731,0.3385416666666667,0.9959124999999999,0.3177083333333333,0.0040875,0.4427083333333333,0.0,0.668609375,0.25084375000000003,0.08054687499999999,0.234375,0.666896875,0.296875,0.24925625,0.484375,0.079759375,0.234375,0.0017125,0.296875,0.0015875,0.421875,0.0007875,0.421875,0.0,0.4375,0.0,0.46875,0.0
patchy_high,64,59,fixed,random_matched,56,0.9583333333333334,0.431602733686067,0.33854969928075396,0.6666666666666666,320000,174,2.71875,0.1928375695136328,0.2664794921875,8,0.03125,0.0859375,-0.027043058847098383,0.234375,0.9953125,0.328125,0.0046875,0.4427083333333333,0.0,0.625628125,0.27618125,0.098190625,0.203125,0.623534375,0.203125,0.27436875,0.296875,0.097409375,0.234375,0.00209375,0.3125,0.0018125,0.4375,0.00078125,0.421875,0.0,0.4375,0.0,0.46875,0.0
split_high_low,64,59,fixed,random_matched,62,0.9895833333333334,0.46246693121693117,0.40668248852926586,0.6666666666666666,320000,186,2.90625,0.1867620484799447,0.2783203125,8,0.03125,0.046875,-0.00451219200913579,0.3697916666666667,0.948634375,0.359375,0.05136562499999999,0.4427083333333333,0.0,0.633740625,0.27648125,0.089778125,0.265625,0.603771875,0.265625,0.260840625,0.578125,0.084021875,0.28125,0.02996875,0.34375,0.015640625,0.453125,0.00575625,0.421875,0.0,0.4375,0.0,0.46875,0.0
uniform_high,64,60,fixed,random_matched,56,0.956367480463116,0.45309744268077595,0.3699147956969246,0.6666666666666666,320000,172,2.6875,0.18297905155359623,0.2696533203125,10,0.0390625,0.0390625,-0.02123801412194078,0.3072916666666667,0.9956625000000001,0.3229166666666667,0.0043375,0.5104166666666666,0.0,0.6795656250000001,0.242365625,0.07806875,0.203125,0.67795625,0.328125,0.2406,0.390625,0.07710625,0.328125,0.001609375,0.28125,0.001765625,0.359375,0.0009625,0.484375,0.0,0.4375,0.0,0.609375,0.0
patchy_high,64,60,fixed,random_matched,62,0.9895833333333334,0.4637345679012346,0.4554234871031746,0.6666666666666666,320000,172,2.6875,0.18797506264244598,0.2398681640625,9,0.03515625,0.0625,-0.02461151464974396,0.3541666666666667,0.995521875,0.3125,0.004478125,0.5104166666666666,0.0,0.6459874999999999,0.2615,0.0925125,0.34375,0.6444875,0.3125,0.259615625,0.40625,0.09141875,0.34375,0.0015,0.25,0.001884375,0.34375,0.00109375,0.484375,0.0,0.4375,0.0,0.609375,0.0
split_high_low,64,60,fixed,random_matched,58,0.9648182942595653,0.4483024691358025,0.324705085875496,0.6666666666666666,320000,151,2.359375,0.16873997378238503,0.2275390625,8,0.03125,0.0546875,-0.05756030429842409,0.2708333333333333,0.995496875,0.3645833333333333,0.004503125,0.5104166666666666,0.0,0.697928125,0.230278125,0.07179375,0.171875,0.696109375,0.25,0.228540625,0.390625,0.070846875,0.421875,0.00181875,0.28125,0.0017375,0.390625,0.000946875,0.484375,0.0,0.4375,0.0,0.609375,0.0
uniform_high,64,61,fixed,random_matched,52,0.9355341471297827,0.4443893298059965,0.36285194692460315,0.6666666666666666,320000,189,2.953125,0.1905253683908327,0.2288818359375,8,0.03125,0.078125,0.03637854199228324,0.28125,0.9957937499999999,0.328125,0.00420625,0.5,0.0,0.6154499999999999,0.27902812499999996,0.105521875,0.1875,0.61401875,0.328125,0.277353125,0.328125,0.104421875,0.375,0.00143125,0.21875,0.001675,0.390625,0.0011,0.5625,0.0,0.390625,0.0,0.546875,0.0
patchy_high,64,61,fixed,random_matched,55,0.9511591471297827,0.44957010582010576,0.3993247256324404,0.6666666666666666,320000,172,2.6875,0.18350210185476995,0.2659912109375,10,0.0390625,0.046875,-0.02332807790775976,0.3125,0.996,0.328125,0.004,0.5,0.0,0.633834375,0.271765625,0.0944,0.25,0.63235625,0.28125,0.270228125,0.40625,0.093415625,0.359375,0.001478125,0.1875,0.0015375,0.4375,0.000984375,0.5625,0.0,0.390625,0.0,0.546875,0.0
split_high_low,64,61,fixed,random_matched,53,0.9427083333333334,0.4503417107583774,0.3650393430679564,0.6666666666666666,320000,204,3.1875,0.19538017196128366,0.265380859375,9,0.03515625,0.0625,0.05977794255279714,0.2760416666666667,0.982865625,0.375,0.017134375,0.5,0.0,0.5716125,0.29831875,0.13006875,0.203125,0.56275625,0.25,0.29249375,0.375,0.127615625,0.375,0.00885625,0.265625,0.005825,0.484375,0.002453125,0.5625,0.0,0.390625,0.0,0.546875,0.0
uniform_high,64,62,fixed,random_matched,51,0.9263941080560146,0.43716931216931215,0.3230210534474206,0.6666666666666666,320000,141,2.203125,0.17614964955241424,0.2430419921875,8,0.03125,0.09375,0.0501147784202891,0.2708333333333333,0.99574375,0.328125,0.00425625,0.4322916666666667,0.0,0.6766718749999999,0.250571875,0.07275625000000001,0.171875,0.674603125,0.234375,0.24903125,0.40625,0.072109375,0.28125,0.00206875,0.28125,0.001540625,0.421875,0.000646875,0.515625,0.0,0.40625,0.0,0.375,0.0
patchy_high,64,62,fixed,random_matched,59,0.9739583333333334,0.4501763668430335,0.374641556609623,0.6666666666666666,320000,145,2.265625,0.17229024045611757,0.23828125,9,0.03515625,0.078125,-0.044098907117498906,0.296875,0.99615625,0.3333333333333333,0.00384375,0.4322916666666667,0.0,0.69298125,0.23613437499999998,0.070884375,0.21875,0.691278125,0.296875,0.23460625,0.375,0.070271875,0.296875,0.001703125,0.28125,0.001528125,0.421875,0.0006125,0.515625,0.0,0.40625,0.0,0.375,0.0
split_high_low,64,62,fixed,random_matched,58,0.9667841471297827,0.4671516754850088,0.4094318452380952,0.6666666666666666,320000,200,3.125,0.19886897260236003,0.260498046875,10,0.0390625,0.09375,0.050675325300613944,0.3333333333333333,0.966759375,0.3697916666666667,0.033240625,0.4322916666666667,0.0,0.5603875,0.308728125,0.130884375,0.234375,0.54786875,0.328125,0.2960625,0.4375,0.122828125,0.375,0.01251875,0.34375,0.012665625,0.390625,0.00805625,0.515625,0.0,0.40625,0.0,0.375,0.0
uniform_high,64,63,fixed,random_matched,57,0.959609960926232,0.45298721340388004,0.3980261253720238,0.6666666666666666,320000,225,3.515625,0.20971584252546838,0.25341796875,9,0.03515625,0.0703125,0.0629420648892216,0.296875,0.9960343750000001,0.3177083333333333,0.0039656249999999995,0.4947916666666667,0.0,0.52966875,0.31945937500000005,0.150871875,0.21875,0.52770625,0.34375,0.3180875,0.328125,0.150240625,0.296875,0.0019625,0.296875,0.001371875,0.359375,0.00063125,0.5625,0.0,0.4375,0.0,0.484375,0.0
patchy_high,64,63,fixed,random_matched,58,0.9667841471297827,0.45430996472663143,0.44771593036954355,0.6666666666666666,320000,202,3.15625,0.20212318223835482,0.251953125,8,0.03125,0.0703125,-0.058427982490753635,0.3125,0.9962656249999999,0.3020833333333333,0.0037343750000000003,0.4947916666666667,0.0,0.584565625,0.2957375,0.119696875,0.34375,0.582615625,0.328125,0.294515625,0.265625,0.119134375,0.265625,0.00195,0.296875,0.001221875,0.34375,0.0005625,0.5625,0.0,0.4375,0.0,0.484375,0.0
split_high_low,64,63,fixed,random_matched,55,0.953125,0.46312830687830686,0.43628596540178577,0.6666666666666666,320000,194,3.03125,0.19793339314522923,0.26318359375,8,0.03125,0.078125,0.004411948381864769,0.3229166666666667,0.996596875,0.3229166666666667,0.003403125,0.4947916666666667,0.0,0.5477968750000001,0.31727187500000004,0.13493125,0.296875,0.54624375,0.328125,0.31599375,0.34375,0.134359375,0.328125,0.001553125,0.296875,0.001278125,0.34375,0.000571875,0.5625,0.0,0.4375,0.0,0.484375,0.0
uniform_high,64,64,fixed,random_matched,55,0.953125,0.4212962962962963,0.28232514415922616,0.6666666666666666,320000,73,1.140625,0.13045769123794143,0.3079833984375,12,0.046875,0.0859375,0.004431933682618313,0.24479166666666666,0.9969375,0.3020833333333333,0.0030625,0.5677083333333334,0.0,0.87103125,0.11032812500000001,0.018640625,0.15625,0.86950625,0.234375,0.1091875,0.34375,0.01824375,0.359375,0.001525,0.1875,0.001140625,0.359375,0.000396875,0.625,0.0,0.625,0.0,0.453125,0.0
patchy_high,64,64,fixed,random_matched,52,0.9303258137964493,0.40795855379188706,0.09075876426091269,0.6666666666666666,320000,89,1.390625,0.12977405913930656,0.2584228515625,12,0.046875,0.0390625,0.00901721182702348,0.25,0.99719375,0.3072916666666667,0.0028062499999999997,0.5677083333333334,0.0,0.8647999999999999,0.11560000000000001,0.0196,0.015625,0.863590625,0.359375,0.114459375,0.375,0.01914375,0.359375,0.001209375,0.171875,0.001140625,0.390625,0.00045625,0.625,0.0,0.625,0.0,0.453125,0.0
split_high_low,64,64,fixed,random_matched,54,0.9459508137964493,0.43860229276895946,0.26715400855654764,0.6666666666666666,320000,97,1.515625,0.13905641271484254,0.2791748046875,13,0.05078125,0.078125,0.06161579203155621,0.2916666666666667,0.9856374999999999,0.3385416666666667,0.0143625,0.5677083333333334,0.0,0.8071812500000001,0.160890625,0.031928125,0.125,0.798865625,0.3125,0.156021875,0.4375,0.03075,0.3125,0.008315625,0.265625,0.00486875,0.4375,0.001178125,0.625,0.0,0.625,0.0,0.453125,0.0
uniform_high,64,65,fixed,random_matched,52,0.9335682942595653,0.4534832451499118,0.4140337766617064,0.6666666666666666,320000,204,3.1875,0.19870458099058302,0.2099609375,8,0.03125,0.046875,0.027829242114903018,0.3125,0.9958937500000001,0.328125,0.00410625,0.5677083333333334,0.0,0.5809968750000001,0.30123125,0.117771875,0.296875,0.5793875,0.234375,0.2996625,0.40625,0.11684375,0.296875,0.001609375,0.296875,0.00156875,0.390625,0.000928125,0.640625,0.0,0.578125,0.0,0.484375,0.0
patchy_high,64,65,fixed,random_matched,59,0.971992480463116,0.44979056437389775,0.3959832728794643,0.6666666666666666,320000,180,2.8125,0.1909070833007994,0.260498046875,9,0.03515625,0.0859375,0.04280522221150204,0.3020833333333333,0.9961031250000001,0.3229166666666667,0.003896875,0.5677083333333334,0.0,0.6140187500000001,0.28276875,0.1032125,0.25,0.612603125,0.265625,0.28119375,0.390625,0.10230625,0.265625,0.001415625,0.3125,0.001575,0.390625,0.00090625,0.640625,0.0,0.578125,0.0,0.484375,0.0
split_high_low,64,65,fixed,random_matched,58,0.96875,0.4619157848324515,0.4297945793030754,0.6666666666666666,320000,221,3.453125,0.19589536349772668,0.2501220703125,8,0.03125,0.0703125,0.0037910077039780585,0.3229166666666667,0.9806937499999999,0.3541666666666667,0.01930625,0.5677083333333334,0.0,0.580478125,0.304709375,0.1148125,0.3125,0.5693625,0.265625,0.298365625,0.390625,0.112965625,0.265625,0.011115625,0.390625,0.00634375,0.40625,0.001846875,0.640625,0.0,0.578125,0.0,0.484375,0.0
uniform_high,64,66,fixed,random_matched,55,0.953125,0.45971119929453264,0.43648980344742067,0.6666666666666666,320000,206,3.21875,0.20194272688134024,0.2608642578125,10,0.0390625,0.0390625,0.018831532884968777,0.34375,0.9964531249999999,0.3385416666666667,0.003546875,0.4166666666666667,0.0,0.562225,0.311403125,0.126371875,0.3125,0.56089375,0.28125,0.309934375,0.4375,0.125625,0.359375,0.00133125,0.25,0.00146875,0.40625,0.000746875,0.328125,0.0,0.5,0.0,0.421875,0.0
patchy_high,64,66,fixed,random_matched,53,0.9335682942595653,0.4619708994708995,0.4381590339781746,0.6666666666666666,320000,209,3.265625,0.19637461201079542,0.25537109375,9,0.03515625,0.0703125,-0.017275750465783363,0.3333333333333333,0.99603125,0.34375,0.00396875,0.4166666666666667,0.0,0.58513125,0.301290625,0.113578125,0.3125,0.5836375,0.296875,0.299640625,0.390625,0.112753125,0.390625,0.00149375,0.28125,0.00165,0.359375,0.000825,0.328125,0.0,0.5,0.0,0.421875,0.0
split_high_low,64,66,fixed,random_matched,60,0.9791666666666666,0.4769620811287478,0.47637872643849205,0.6666666666666666,320000,228,3.5625,0.20676779944246204,0.200927734375,8,0.03125,0.03125,-0.029273398994191326,0.3958333333333333,0.99191875,0.3541666666666667,0.00808125,0.4166666666666667,0.0,0.5290406249999999,0.32600625,0.14495312500000002,0.34375,0.52530625,0.4375,0.32314375,0.40625,0.14346875,0.34375,0.003734375,0.34375,0.0028625,0.375,0.001484375,0.328125,0.0,0.5,0.0,0.421875,0.0
uniform_high,64,67,fixed,random_matched,49,0.912734960926232,0.4187610229276896,0.2426154265873016,0.6666666666666666,320000,120,1.875,0.1551331115206318,0.2542724609375,8,0.03125,0.0234375,-0.11504744903065182,0.2552083333333333,0.9963437500000001,0.3072916666666667,0.00365625,0.4583333333333333,0.0,0.7923718750000001,0.169534375,0.03809375,0.109375,0.790615625,0.265625,0.168184375,0.390625,0.03754375,0.203125,0.00175625,0.21875,0.00135,0.5,0.00055,0.421875,0.0,0.453125,0.0,0.5,0.0
patchy_high,64,67,fixed,random_matched,54,0.9420191080560146,0.42228835978835977,0.28487313678075393,0.6666666666666666,320000,116,1.8125,0.16024459501309637,0.2586669921875,9,0.03515625,0.0546875,-0.1405751921259109,0.2552083333333333,0.996025,0.3072916666666667,0.003975,0.4583333333333333,0.0,0.761109375,0.194421875,0.04446875,0.140625,0.759090625,0.265625,0.193065625,0.359375,0.04386875,0.21875,0.00201875,0.203125,0.00135625,0.5,0.0006,0.421875,0.0,0.453125,0.0,0.5,0.0
split_high_low,64,67,fixed,random_matched,59,0.971992480463116,0.4664351851851852,0.45928149491567466,0.6666666666666666,320000,201,3.140625,0.19250200530569458,0.28955078125,9,0.03515625,0.0546875,0.023921760260842456,0.3854166666666667,0.98306875,0.359375,0.01693125,0.4583333333333333,0.0,0.609775,0.288934375,0.10129062500000001,0.34375,0.59784375,0.328125,0.284915625,0.484375,0.100309375,0.265625,0.01193125,0.25,0.00401875,0.5625,0.00098125,0.421875,0.0,0.453125,0.0,0.5,0.0
uniform_high,64,68,fixed,random_matched,55,0.953125,0.47734788359788355,0.4832818932911706,0.6666666666666666,320000,199,3.109375,0.2207313980101629,0.25,8,0.03125,0.078125,0.060771073184182574,0.4427083333333333,0.995071875,0.3333333333333333,0.004928125,0.4791666666666667,0.0,0.48905624999999997,0.34153125,0.1694125,0.34375,0.4868375,0.5,0.339715625,0.484375,0.16851875,0.28125,0.00221875,0.265625,0.001815625,0.453125,0.00089375,0.4375,0.0,0.46875,0.0,0.53125,0.0
patchy_high,64,68,fixed,random_matched,57,0.9635416666666666,0.4653880070546737,0.4535384006076389,0.6666666666666666,320000,208,3.25,0.22385340333572268,0.2735595703125,8,0.03125,0.0703125,-0.01190509918136074,0.3489583333333333,0.9949187500000001,0.3489583333333333,0.00508125,0.4791666666666667,0.0,0.478809375,0.343115625,0.178075,0.390625,0.47661875,0.265625,0.341153125,0.390625,0.177146875,0.296875,0.002190625,0.25,0.0019625,0.5,0.000928125,0.4375,0.0,0.46875,0.0,0.53125,0.0
split_high_low,64,68,fixed,random_matched,60,0.9772008137964493,0.4517746913580247,0.36600120132688496,0.6666666666666666,320000,125,1.953125,0.1717520798008802,0.24951171875,9,0.03515625,0.0625,-0.0666369802713239,0.2760416666666667,0.995509375,0.3645833333333333,0.004490625,0.4791666666666667,0.0,0.697959375,0.24235,0.059690625,0.21875,0.69595625,0.265625,0.240746875,0.34375,0.05880625,0.328125,0.002003125,0.265625,0.001603125,0.5,0.000884375,0.4375,0.0,0.46875,0.0,0.53125,0.0
uniform_high,64,69,fixed,random_matched,52,0.9355341471297827,0.45679012345679015,0.3828000899057539,0.6666666666666666,320000,119,1.859375,0.17054447657712302,0.2374267578125,8,0.03125,0.078125,-0.10852489348729549,0.3072916666666667,0.9965562499999999,0.3645833333333333,0.00344375,0.546875,0.0,0.67835,0.249871875,0.071778125,0.265625,0.677034375,0.1875,0.2484875,0.46875,0.071034375,0.390625,0.001315625,0.34375,0.001384375,0.359375,0.00074375,0.609375,0.0,0.46875,0.0,0.5625,0.0
patchy_high,64,69,fixed,random_matched,58,0.9593498945978208,0.4359567901234568,0.297884164186508,0.6666666666666666,320000,112,1.75,0.16830656068663769,0.2347412109375,9,0.03515625,0.0546875,-0.03147812511935365,0.25,0.9961999999999999,0.328125,0.0038000000000000004,0.546875,0.0,0.71699375,0.227228125,0.055778125000000005,0.15625,0.71553125,0.21875,0.22581875,0.375,0.05485,0.328125,0.0014625,0.3125,0.001409375,0.34375,0.000928125,0.609375,0.0,0.46875,0.0,0.5625,0.0
split_high_low,64,69,fixed,random_matched,54,0.9459508137964493,0.4533179012345679,0.40528110894097225,0.6666666666666666,320000,145,2.265625,0.18583804553818467,0.2930908203125,10,0.0390625,0.046875,-0.04463329210738072,0.28125,0.99589375,0.34375,0.0041062500000000005,0.546875,0.0,0.62781875,0.27715625,0.095025,0.296875,0.6261375,0.21875,0.275684375,0.328125,0.094071875,0.3125,0.00168125,0.375,0.001471875,0.34375,0.000953125,0.609375,0.0,0.46875,0.0,0.5625,0.0
uniform_high,64,70,fixed,random_matched,55,0.9491932942595653,0.4459325396825397,0.38512545727926584,0.6666666666666666,320000,147,2.296875,0.17813771424696517,0.2215576171875,8,0.03125,0.078125,0.06821501892813905,0.2916666666666667,0.995675,0.3177083333333333,0.004325000000000001,0.46875,0.0,0.6929375000000001,0.24245,0.0646125,0.234375,0.69129375,0.296875,0.240828125,0.34375,0.063553125,0.453125,0.00164375,0.21875,0.001621875,0.28125,0.001059375,0.421875,0.0,0.453125,0.0,0.53125,0.0
patchy_high,64,70,fixed,random_matched,59,0.971992480463116,0.4490189594356261,0.3576787822420635,0.6666666666666666,320000,162,2.53125,0.1794777287189354,0.279541015625,9,0.03515625,0.078125,0.04708784814433988,0.2916666666666667,0.9958500000000001,0.3385416666666667,0.00415,0.46875,0.0,0.681959375,0.24188125,0.076159375,0.203125,0.6803,0.265625,0.240353125,0.40625,0.075196875,0.453125,0.001659375,0.25,0.001528125,0.3125,0.0009625,0.421875,0.0,0.453125,0.0,0.53125,0.0
split_high_low,64,70,fixed,random_matched,55,0.9511591471297827,0.4663249559082892,0.4241224655877976,0.6666666666666666,320000,140,2.1875,0.17503622351457176,0.2562255859375,10,0.0390625,0.0546875,-0.05999544051977416,0.3385416666666667,0.9601875000000001,0.375,0.0398125,0.46875,0.0,0.7059031250000001,0.235990625,0.05810625,0.296875,0.677378125,0.265625,0.22659375,0.453125,0.056215625,0.453125,0.028525,0.234375,0.009396875,0.4375,0.001890625,0.421875,0.0,0.453125,0.0,0.53125,0.0
uniform_high,64,71,fixed,random_matched,59,0.9739583333333334,0.4701829805996473,0.49758780381944445,0.6666666666666666,320000,268,4.1875,0.23947931899072813,0.249267578125,9,0.03515625,0.0390625,-0.02557383494365301,0.4739583333333333,0.995590625,0.2916666666666667,0.004409375,0.4583333333333333,0.0,0.37305625,0.36709375,0.25984999999999997,0.546875,0.3711875,0.5,0.3654625,0.375,0.258940625,0.265625,0.00186875,0.234375,0.00163125,0.375,0.000909375,0.453125,0.0,0.421875,0.0,0.5,0.0
patchy_high,64,71,fixed,random_matched,56,0.956367480463116,0.45888447971781304,0.47192336154513886,0.6666666666666666,320000,261,4.078125,0.2388655823518228,0.2589111328125,9,0.03515625,0.09375,0.012437002894184188,0.421875,0.9954812500000001,0.2760416666666667,0.004518749999999999,0.4583333333333333,0.0,0.383871875,0.36446875,0.25165937499999996,0.484375,0.381959375,0.28125,0.36273125,0.5,0.250790625,0.234375,0.0019125,0.234375,0.0017375,0.359375,0.00086875,0.453125,0.0,0.421875,0.0,0.5,0.0
split_high_low,64,71,fixed,random_matched,55,0.9511591471297827,0.4618606701940035,0.390622941468254,0.6666666666666666,320000,224,3.5,0.19943462315356558,0.267822265625,11,0.04296875,0.078125,-0.10095651069952018,0.296875,0.98579375,0.359375,0.01420625,0.4583333333333333,0.0,0.590778125,0.299421875,0.10980000000000001,0.21875,0.58259375,0.328125,0.2951375,0.34375,0.1080625,0.375,0.008184375,0.3125,0.004284375,0.390625,0.0017375,0.453125,0.0,0.421875,0.0,0.5,0.0
uniform_high,64,72,fixed,random_matched,59,0.971992480463116,0.4772927689594356,0.4680438383556548,0.6666666666666666,320000,202,3.15625,0.21803489271146365,0.2135009765625,10,0.0390625,0.046875,-0.039020117493344095,0.390625,0.99550625,0.3385416666666667,0.00449375,0.5,0.0,0.489234375,0.33996875,0.170796875,0.3125,0.487284375,0.4375,0.338225,0.421875,0.169996875,0.390625,0.00195,0.25,0.00174375,0.375,0.0008,0.5,0.0,0.484375,0.0,0.515625,0.0
patchy_high,64,72,fixed,random_matched,61,0.984375,0.46544312169312163,0.4669284303695436,0.6666666666666666,320000,208,3.25,0.21743830770759778,0.2843017578125,8,0.03125,0.0625,0.0309072868446602,0.3541666666666667,0.995746875,0.3072916666666667,0.004253125,0.5,0.0,0.4931875,0.3425125,0.1643,0.375,0.491340625,0.34375,0.340840625,0.34375,0.163565625,0.34375,0.001846875,0.21875,0.001671875,0.359375,0.000734375,0.5,0.0,0.484375,0.0,0.515625,0.0
split_high_low,64,72,fixed,random_matched,57,0.9615758137964493,0.47723765432098764,0.4781849252852183,0.6666666666666666,320000,202,3.15625,0.2135020939796465,0.2406005859375,9,0.03515625,0.078125,-0.03529438903902142,0.3697916666666667,0.990525,0.34375,0.009475,0.5,0.0,0.518375,0.328096875,0.15352812500000002,0.390625,0.51298125,0.40625,0.32514375,0.3125,0.1524,0.328125,0.00539375,0.296875,0.002953125,0.40625,0.001128125,0.5,0.0,0.484375,0.0,0.515625,0.0
uniform_high,64,73,fixed,random_matched,54,0.943984960926232,0.4524911816578483,0.37591166139632937,0.6666666666666666,320000,156,2.4375,0.19442521959673403,0.2889404296875,9,0.03515625,0.03125,-0.006667347042916504,0.328125,0.995846875,0.328125,0.004153125,0.5104166666666666,0.0,0.629834375,0.2771875,0.09297812500000001,0.21875,0.628296875,0.265625,0.2756125,0.5,0.0919375,0.3125,0.0015375,0.28125,0.001575,0.390625,0.001040625,0.5625,0.0,0.40625,0.0,0.5625,0.0
patchy_high,64,73,fixed,random_matched,55,0.9491932942595653,0.45778218694885364,0.3853291852678572,0.6666666666666666,320000,159,2.484375,0.19219397271879662,0.2930908203125,11,0.04296875,0.015625,-0.1177033817262262,0.3125,0.995696875,0.34375,0.004303125,0.5104166666666666,0.0,0.6278812500000001,0.2831875,0.08893125,0.21875,0.626378125,0.3125,0.28141875,0.40625,0.0879,0.3125,0.001503125,0.296875,0.00176875,0.421875,0.00103125,0.5625,0.0,0.40625,0.0,0.5625,0.0
split_high_low,64,73,fixed,random_matched,57,0.9635416666666666,0.46990740740740744,0.4354215525793651,0.6666666666666666,320000,146,2.28125,0.17969163681459532,0.3074951171875,9,0.03515625,0.0390625,-0.0017555785044760434,0.4114583333333333,0.96098125,0.3489583333333333,0.039018750000000005,0.5104166666666666,0.0,0.67169375,0.254025,0.07428125000000001,0.296875,0.65028125,0.328125,0.2420875,0.609375,0.0686125,0.359375,0.0214125,0.328125,0.0119375,0.359375,0.00566875,0.5625,0.0,0.40625,0.0,0.5625,0.0
uniform_high,64,74,fixed,random_matched,54,0.9427083333333334,0.44378306878306883,0.4050874054439484,0.6666666666666666,320000,136,2.125,0.167139350696235,0.218994140625,9,0.03515625,0.0625,-0.011535300289107254,0.2604166666666667,0.99633125,0.3333333333333333,0.00366875,0.4895833333333333,0.0,0.6944375,0.2344,0.0711625,0.3125,0.692825,0.1875,0.233021875,0.28125,0.070484375,0.359375,0.0016125,0.234375,0.001378125,0.40625,0.000678125,0.515625,0.0,0.515625,0.0,0.4375,0.0
patchy_high,64,74,fixed,random_matched,51,0.928359960926232,0.4469797178130511,0.33025695064484123,0.6666666666666666,320000,125,1.953125,0.16877359319986163,0.2337646484375,9,0.03515625,0.0703125,-0.08311611786096094,0.2916666666666667,0.996271875,0.3333333333333333,0.003728125,0.4895833333333333,0.0,0.7067031250000001,0.2343375,0.058959375,0.1875,0.705009375,0.21875,0.232984375,0.46875,0.058278125,0.34375,0.00169375,0.28125,0.001353125,0.375,0.00068125,0.515625,0.0,0.515625,0.0,0.4375,0.0
split_high_low,64,74,fixed,random_matched,56,0.956367480463116,0.4507275132275132,0.3204975709945437,0.6666666666666666,320000,116,1.8125,0.1616547755427334,0.2823486328125,12,0.046875,0.0703125,-0.00800327367775681,0.3072916666666667,0.9875375000000001,0.328125,0.0124625,0.4895833333333333,0.0,0.747234375,0.198978125,0.0537875,0.15625,0.740478125,0.359375,0.194821875,0.40625,0.0522375,0.359375,0.00675625,0.234375,0.00415625,0.390625,0.00155,0.515625,0.0,0.515625,0.0,0.4375,0.0
uniform_high,64,75,fixed,random_matched,59,0.9739583333333334,0.4537037037037037,0.3986306966145833,0.6666666666666666,320000,188,2.9375,0.18349695730280502,0.3173828125,10,0.0390625,0.0625,0.08240679544122216,0.3177083333333333,0.99651875,0.3385416666666667,0.00348125,0.40625,0.0,0.6537999999999999,0.259978125,0.086221875,0.25,0.65245625,0.28125,0.2586625,0.421875,0.0854,0.28125,0.00134375,0.296875,0.001315625,0.4375,0.000821875,0.40625,0.0,0.453125,0.0,0.359375,0.0
patchy_high,64,75,fixed,random_matched,58,0.9667841471297827,0.4573412698412698,0.3815389183407738,0.6666666666666666,320000,151,2.359375,0.18058371914696275,0.299072265625,9,0.03515625,0.0703125,-0.08810642879589582,0.3489583333333333,0.99675,0.3385416666666667,0.0032500000000000003,0.40625,0.0,0.66005,0.254546875,0.085403125,0.203125,0.658803125,0.375,0.25330625,0.46875,0.084640625,0.296875,0.001246875,0.296875,0.001240625,0.421875,0.0007625,0.40625,0.0,0.453125,0.0,0.359375,0.0
split_high_low,64,75,fixed,random_matched,56,0.9544016275928987,0.4389329805996473,0.3660012493799603,0.6666666666666666,320000,141,2.203125,0.16519794227447177,0.2379150390625,7,0.02734375,0.1015625,0.018865126419919682,0.265625,0.996434375,0.328125,0.003565625,0.40625,0.0,0.718684375,0.2219875,0.059328125,0.21875,0.717371875,0.28125,0.220534375,0.296875,0.058528125,0.28125,0.0013125,0.265625,0.001453125,0.4375,0.0008,0.40625,0.0,0.453125,0.0,0.359375,0.0
uniform_high,64,76,fixed,random_matched,56,0.956367480463116,0.46445105820105814,0.45965051618303565,0.6666666666666666,320000,238,3.71875,0.21494365108302738,0.241455078125,9,0.03515625,0.0546875,-0.020833333333333336,0.3802083333333333,0.9961374999999999,0.3072916666666667,0.0038625,0.5677083333333334,0.0,0.5051812499999999,0.331121875,0.163696875,0.359375,0.50330625,0.296875,0.32974375,0.484375,0.1630875,0.28125,0.001875,0.28125,0.001378125,0.359375,0.000609375,0.53125,0.0,0.578125,0.0,0.59375,0.0
patchy_high,64,76,fixed,random_matched,60,0.9791666666666666,0.4690255731922398,0.45878620876736115,0.6666666666666666,320000,229,3.578125,0.21089282427977657,0.279296875,9,0.03515625,0.0703125,0.010120877534086274,0.3645833333333333,0.9961156250000001,0.328125,0.003884375,0.5677083333333334,0.0,0.511575,0.3303125,0.15811250000000002,0.328125,0.509796875,0.34375,0.328809375,0.421875,0.157509375,0.328125,0.001778125,0.265625,0.001503125,0.390625,0.000603125,0.53125,0.0,0.578125,0.0,0.59375,0.0
split_high_low,64,76,fixed,random_matched,60,0.9791666666666666,0.4749228395061728,0.4600484421502976,0.6666666666666666,320000,249,3.890625,0.22543848019076926,0.2332763671875,7,0.02734375,0.0703125,0.020188888164416757,0.4114583333333333,0.9809749999999999,0.3489583333333333,0.019025,0.5677083333333334,0.0,0.459665625,0.35189375,0.188440625,0.28125,0.450315625,0.4375,0.345278125,0.515625,0.18538125,0.28125,0.00935,0.34375,0.006615625,0.421875,0.003059375,0.53125,0.0,0.578125,0.0,0.59375,0.0
uniform_high,64,77,fixed,random_matched,57,0.9635416666666666,0.46378968253968256,0.4725645864335318,0.6666666666666666,320000,254,3.96875,0.22321104941884123,0.29443359375,9,0.03515625,0.078125,-0.06432334195198672,0.375,0.99553125,0.3020833333333333,0.00446875,0.4947916666666667,0.0,0.451359375,0.34864375000000003,0.199996875,0.34375,0.44961875,0.4375,0.347003125,0.34375,0.198909375,0.265625,0.001740625,0.234375,0.001640625,0.40625,0.0010875,0.546875,0.0,0.515625,0.0,0.421875,0.0
patchy_high,64,77,fixed,random_matched,54,0.9427083333333334,0.4659942680776014,0.49268076636904756,0.6666666666666666,320000,249,3.890625,0.22772055909052644,0.25537109375,8,0.03125,0.0546875,-0.06896629087875732,0.4114583333333333,0.995625,0.2864583333333333,0.004375,0.4947916666666667,0.0,0.43913125,0.357834375,0.20303437500000002,0.421875,0.43731875,0.421875,0.356303125,0.390625,0.202003125,0.234375,0.0018125,0.234375,0.00153125,0.390625,0.00103125,0.546875,0.0,0.515625,0.0,0.421875,0.0
split_high_low,64,77,fixed,random_matched,57,0.9635416666666666,0.4751984126984127,0.4645918976314484,0.6666666666666666,320000,228,3.5625,0.19792687661341177,0.2381591796875,7,0.02734375,0.0859375,0.0407108152174412,0.3645833333333333,0.9961562500000001,0.359375,0.00384375,0.4947916666666667,0.0,0.58663125,0.2921625,0.12120624999999999,0.359375,0.584796875,0.328125,0.290840625,0.40625,0.12051875,0.328125,0.001834375,0.28125,0.001321875,0.46875,0.0006875,0.546875,0.0,0.515625,0.0,0.421875,0.0
uniform_high,64,78,fixed,random_matched,60,0.9772008137964493,0.4708994708994709,0.4731970749627976,0.6666666666666666,320000,233,3.640625,0.21771878299231007,0.2510986328125,9,0.03515625,0.078125,-0.043590968591989875,0.3802083333333333,0.9960156250000001,0.3125,0.003984375,0.515625,0.0,0.49174062500000004,0.3422,0.16605937499999998,0.390625,0.4900125,0.328125,0.340721875,0.421875,0.16528125,0.265625,0.001728125,0.3125,0.001478125,0.359375,0.000778125,0.484375,0.0,0.484375,0.0,0.578125,0.0
patchy_high,64,78,fixed,random_matched,55,0.9511591471297827,0.4553020282186949,0.43484867931547616,0.6666666666666666,320000,234,3.65625,0.21909519111831344,0.2447509765625,7,0.02734375,0.0625,-0.03132555428390667,0.3333333333333333,0.996221875,0.2916666666666667,0.003778125,0.515625,0.0,0.47990937499999997,0.342653125,0.17743750000000003,0.265625,0.478328125,0.359375,0.341225,0.375,0.17666875,0.234375,0.00158125,0.296875,0.001428125,0.34375,0.00076875,0.484375,0.0,0.484375,0.0,0.578125,0.0
split_high_low,64,78,fixed,random_matched,59,0.9739583333333334,0.4837411816578483,0.4842700753348214,0.6666666666666666,320000,238,3.71875,0.21783634069983948,0.2952880859375,10,0.0390625,0.0390625,0.008761129427550909,0.40625,0.985225,0.3645833333333333,0.014775,0.515625,0.0,0.465884375,0.35041875,0.183696875,0.40625,0.46024375,0.359375,0.3448875,0.453125,0.18009375,0.28125,0.005640625,0.359375,0.00553125,0.453125,0.003603125,0.484375,0.0,0.484375,0.0,0.578125,0.0
uniform_high,64,79,fixed,random_matched,55,0.9491932942595653,0.46097883597883593,0.4302431826636905,0.6666666666666666,320000,204,3.1875,0.197591704889156,0.2723388671875,9,0.03515625,0.09375,0.02933331621933061,0.3125,0.9951874999999999,0.34375,0.0048125,0.5416666666666666,0.0,0.6055906249999999,0.287196875,0.10721249999999999,0.296875,0.60314375,0.3125,0.28550625,0.328125,0.1065375,0.3125,0.002446875,0.28125,0.001690625,0.4375,0.000675,0.546875,0.0,0.609375,0.0,0.46875,0.0
patchy_high,64,79,fixed,random_matched,57,0.9615758137964493,0.46389991181657847,0.4170623744419643,0.6666666666666666,320000,203,3.171875,0.20217889585821247,0.261962890625,10,0.0390625,0.0546875,-0.07100894039933822,0.328125,0.995434375,0.34375,0.004565625,0.5416666666666666,0.0,0.578334375,0.29730625,0.124359375,0.265625,0.576,0.296875,0.295703125,0.421875,0.12373125,0.34375,0.002334375,0.296875,0.001603125,0.390625,0.000628125,0.546875,0.0,0.609375,0.0,0.46875,0.0
split_high_low,64,79,fixed,random_matched,58,0.96875,0.4771274250440917,0.43830966486855155,0.6666666666666666,320000,183,2.859375,0.18435776040861102,0.288330078125,9,0.03515625,0.0703125,-0.052954127222755616,0.359375,0.9643499999999999,0.375,0.03565,0.5416666666666666,0.0,0.651434375,0.262965625,0.0856,0.296875,0.63268125,0.328125,0.25084375,0.453125,0.080825,0.390625,0.018753125,0.34375,0.012121875,0.390625,0.004775,0.546875,0.0,0.609375,0.0,0.46875,0.0
uniform_high,64,80,fixed,random_matched,55,0.9511591471297827,0.43810626102292766,0.3284133634052579,0.6666666666666666,320000,164,2.5625,0.17697238474498705,0.248779296875,9,0.03515625,0.03125,0.027692680108476572,0.265625,0.99160625,0.3229166666666667,0.00839375,0.4895833333333333,0.0,0.687103125,0.24004687500000002,0.07285,0.171875,0.682203125,0.265625,0.23745625,0.359375,0.071946875,0.234375,0.0049,0.3125,0.002590625,0.421875,0.000903125,0.546875,0.0,0.53125,0.0,0.390625,0.0
patchy_high,64,80,fixed,random_matched,54,0.9387766275928987,0.4349647266313933,0.3554206829737104,0.6666666666666666,320000,148,2.3125,0.1705335977627671,0.2908935546875,9,0.03515625,0.0703125,-0.01943833792583992,0.2604166666666667,0.995140625,0.3229166666666667,0.004859375,0.4895833333333333,0.0,0.692684375,0.23386875000000001,0.07344687500000001,0.234375,0.69040625,0.171875,0.232084375,0.375,0.07265,0.25,0.002278125,0.28125,0.001784375,0.4375,0.000796875,0.546875,0.0,0.53125,0.0,0.390625,0.0
split_high_low,64,80,fixed,random_matched,55,0.9511591471297827,0.46549823633156967,0.4334891756572421,0.6666666666666666,320000,187,2.921875,0.20161749082499464,0.2740478515625,9,0.03515625,0.03125,-0.034395965475662024,0.3229166666666667,0.952746875,0.3541666666666667,0.04725312500000001,0.4895833333333333,0.0,0.5530125,0.3081125,0.138875,0.28125,0.524390625,0.359375,0.29513125,0.328125,0.133225,0.265625,0.028621875,0.390625,0.01298125,0.40625,0.00565,0.546875,0.0,0.53125,0.0,0.390625,0.0
uniform_high,64,81,fixed,random_matched,58,0.9667841471297827,0.4464836860670194,0.3357577427455357,0.6666666666666666,320000,159,2.484375,0.18417920278558325,0.241943359375,9,0.03515625,0.0625,-0.11148033477683623,0.265625,0.9958,0.328125,0.0042,0.5052083333333334,0.0,0.6697,0.257678125,0.07262187499999999,0.171875,0.668209375,0.296875,0.256096875,0.328125,0.07149375,0.328125,0.001490625,0.34375,0.00158125,0.3125,0.001128125,0.546875,0.0,0.515625,0.0,0.453125,0.0
patchy_high,64,81,fixed,random_matched,56,0.9544016275928987,0.4420194003527337,0.309283834015377,0.6666666666666666,320000,194,3.03125,0.1898413710917804,0.280517578125,12,0.046875,0.0703125,-0.03472404239193637,0.2604166666666667,0.9959,0.3385416666666667,0.0040999999999999995,0.5052083333333334,0.0,0.641534375,0.27046562500000004,0.088,0.15625,0.640159375,0.21875,0.26880625,0.40625,0.086934375,0.34375,0.001375,0.375,0.001659375,0.296875,0.001065625,0.546875,0.0,0.515625,0.0,0.453125,0.0
split_high_low,64,81,fixed,random_matched,52,0.9375,0.4592702821869489,0.37591462673611115,0.6666666666666666,320000,187,2.921875,0.18336618636946547,0.271240234375,8,0.03125,0.09375,-0.05940551198608866,0.3229166666666667,0.956228125,0.3645833333333333,0.043771875,0.5052083333333334,0.0,0.659821875,0.2608375,0.079340625,0.21875,0.63269375,0.265625,0.2483875,0.484375,0.075146875,0.296875,0.027128125,0.484375,0.01245,0.3125,0.00419375,0.546875,0.0,0.515625,0.0,0.453125,0.0
uniform_high,64,82,fixed,random_matched,59,0.9739583333333334,0.4541446208112875,0.4445202768477182,0.6666666666666666,320000,229,3.578125,0.21780720835719042,0.237548828125,7,0.02734375,0.0546875,0.052495324023219096,0.3333333333333333,0.995596875,0.3020833333333333,0.004403125,0.5,0.0,0.489925,0.340009375,0.170065625,0.421875,0.487765625,0.234375,0.3384875,0.34375,0.16934375,0.3125,0.002159375,0.203125,0.001521875,0.390625,0.000721875,0.46875,0.0,0.5,0.0,0.53125,0.0
patchy_high,64,82,fixed,random_matched,57,0.9615758137964493,0.4775683421516755,0.47701059802827384,0.6666666666666666,320000,225,3.515625,0.21880017068723132,0.3055419921875,9,0.03515625,0.0625,-0.009605001211612311,0.3958333333333333,0.99579375,0.328125,0.00420625,0.5,0.0,0.47704375,0.339646875,0.18330937500000002,0.359375,0.475059375,0.375,0.338146875,0.453125,0.1825875,0.34375,0.001984375,0.265625,0.0015,0.375,0.000721875,0.46875,0.0,0.5,0.0,0.53125,0.0
split_high_low,64,82,fixed,random_matched,60,0.9791666666666666,0.47271825396825395,0.4778461898561508,0.6666666666666666,320000,228,3.5625,0.21936103237154056,0.2646484375,9,0.03515625,0.1171875,-0.040643996117083164,0.3854166666666667,0.985871875,0.328125,0.014128125,0.5,0.0,0.47185,0.3493625,0.1787875,0.359375,0.464896875,0.453125,0.34440625,0.34375,0.17656875,0.359375,0.006953125,0.21875,0.00495625,0.40625,0.00221875,0.46875,0.0,0.5,0.0,0.53125,0.0
uniform_high,64,83,fixed,random_matched,58,0.96875,0.46819885361552027,0.48797034195188493,0.6666666666666666,320000,237,3.703125,0.21414938905411343,0.2850341796875,9,0.03515625,0.109375,-0.024944653182707284,0.4166666666666667,0.995378125,0.3177083333333333,0.004621875,0.59375,0.0,0.5121249999999999,0.33315,0.154725,0.375,0.510165625,0.453125,0.331390625,0.421875,0.153821875,0.28125,0.001959375,0.28125,0.001759375,0.390625,0.000903125,0.65625,0.0,0.484375,0.0,0.640625,0.0
patchy_high,64,83,fixed,random_matched,54,0.9459508137964493,0.4696318342151676,0.4889109421502976,0.6666666666666666,320000,241,3.765625,0.2180745737157245,0.3106689453125,11,0.04296875,0.0625,-0.031319922515199605,0.4479166666666667,0.9952718749999999,0.3177083333333333,0.004728125,0.59375,0.0,0.491284375,0.339121875,0.16959375,0.390625,0.48925,0.40625,0.337321875,0.546875,0.1687,0.296875,0.002034375,0.296875,0.0018,0.359375,0.00089375,0.65625,0.0,0.484375,0.0,0.640625,0.0
split_high_low,64,83,fixed,random_matched,60,0.9772008137964493,0.47145061728395055,0.48202312127976193,0.6666666666666666,320000,261,4.078125,0.22330904883731428,0.3016357421875,10,0.0390625,0.0625,-0.012614593876809941,0.3854166666666667,0.99445,0.3541666666666667,0.005549999999999999,0.59375,0.0,0.45328437499999996,0.347225,0.199490625,0.390625,0.451059375,0.4375,0.345065625,0.328125,0.198325,0.296875,0.002225,0.34375,0.002159375,0.421875,0.001165625,0.65625,0.0,0.484375,0.0,0.640625,0.0
uniform_high,64,84,fixed,random_matched,56,0.956367480463116,0.46511243386243384,0.4397053369915675,0.6666666666666666,320000,174,2.71875,0.19227190357409213,0.2012939453125,7,0.02734375,0.0703125,-0.07551701614558104,0.3177083333333333,0.9960687500000001,0.3489583333333333,0.003931250000000001,0.515625,0.0,0.62489375,0.278403125,0.096703125,0.3125,0.623365625,0.328125,0.276925,0.3125,0.095778125,0.328125,0.001528125,0.28125,0.001478125,0.4375,0.000925,0.453125,0.0,0.515625,0.0,0.578125,0.0
patchy_high,64,84,fixed,random_matched,59,0.9739583333333334,0.4694664902998236,0.46150667472718254,0.6666666666666666,320000,173,2.703125,0.1901355513965718,0.2109375,9,0.03515625,0.09375,-0.04436040358320582,0.3645833333333333,0.9962968750000001,0.328125,0.003703125,0.515625,0.0,0.643965625,0.271578125,0.08445625000000001,0.359375,0.642371875,0.3125,0.270234375,0.421875,0.083690625,0.328125,0.00159375,0.25,0.00134375,0.40625,0.000765625,0.453125,0.0,0.515625,0.0,0.578125,0.0
split_high_low,64,84,fixed,random_matched,59,0.9739583333333334,0.47056878306878297,0.4596988637772817,0.6666666666666666,320000,212,3.3125,0.20536945290341824,0.2530517578125,11,0.04296875,0.078125,-0.058508947241683006,0.3333333333333333,0.9937812500000001,0.359375,0.0062187499999999995,0.515625,0.0,0.538971875,0.32011875,0.14090937499999998,0.40625,0.536175,0.296875,0.317809375,0.296875,0.139796875,0.375,0.002796875,0.296875,0.002309375,0.40625,0.0011125,0.453125,0.0,0.515625,0.0,0.578125,0.0
uniform_high,64,85,fixed,random_matched,57,0.9615758137964493,0.47492283950617287,0.47132130146329365,0.6666666666666666,320000,194,3.03125,0.19905861234365488,0.28662109375,8,0.03125,0.0859375,0.12829524294725494,0.3697916666666667,0.9964,0.3333333333333333,0.0036000000000000003,0.5208333333333334,0.0,0.565625,0.30650625000000004,0.12786874999999998,0.359375,0.56411875,0.375,0.305203125,0.375,0.127078125,0.34375,0.00150625,0.28125,0.001303125,0.375,0.000790625,0.515625,0.0,0.578125,0.0,0.46875,0.0
patchy_high,64,85,fixed,random_matched,59,0.9739583333333334,0.47282848324514987,0.4452825768849206,0.6666666666666666,320000,192,3.0,0.19672896076583052,0.298095703125,9,0.03515625,0.0703125,0.12109712627149909,0.34375,0.996309375,0.3489583333333333,0.003690625,0.5208333333333334,0.0,0.574021875,0.30531875,0.120659375,0.296875,0.572603125,0.375,0.303921875,0.359375,0.119784375,0.3125,0.00141875,0.34375,0.001396875,0.390625,0.000875,0.515625,0.0,0.578125,0.0,0.46875,0.0
split_high_low,64,85,fixed,random_matched,57,0.9615758137964493,0.4561838624338625,0.360875654141865,0.6666666666666666,320000,174,2.71875,0.18325991397578412,0.240478515625,8,0.03125,0.0859375,-0.07726233760978252,0.28125,0.9739562500000001,0.3697916666666667,0.026043750000000004,0.5208333333333334,0.0,0.65696875,0.262240625,0.080790625,0.203125,0.64174375,0.265625,0.25449375,0.375,0.07771875,0.359375,0.015225,0.296875,0.007746875,0.453125,0.003071875,0.515625,0.0,0.578125,0.0,0.46875,0.0
uniform_high,64,86,fixed,random_matched,57,0.9541415612644876,0.4671516754850088,0.45756524987599206,0.6666666666666666,320000,201,3.140625,0.19894764772700713,0.2462158203125,7,0.02734375,0.0546875,0.008709162678645221,0.3645833333333333,0.9958875,0.3229166666666667,0.0041125,0.4375,0.0,0.57175625,0.30335937500000004,0.12488437499999999,0.3125,0.570175,0.40625,0.301771875,0.375,0.123940625,0.359375,0.00158125,0.234375,0.0015875,0.375,0.00094375,0.484375,0.0,0.40625,0.0,0.421875,0.0
patchy_high,64,86,fixed,random_matched,58,0.9544016275928987,0.4562389770723104,0.4403027204241071,0.6666666666666666,320000,201,3.140625,0.20097132391088424,0.2763671875,8,0.03125,0.0859375,-0.019097074864433253,0.3229166666666667,0.99576875,0.3125,0.00423125,0.4375,0.0,0.563259375,0.31241874999999997,0.124321875,0.296875,0.5613625,0.375,0.310934375,0.296875,0.123471875,0.328125,0.001896875,0.234375,0.001484375,0.375,0.00085,0.484375,0.0,0.40625,0.0,0.421875,0.0
split_high_low,64,86,fixed,random_matched,58,0.9667841471297827,0.45287698412698413,0.39251690848214293,0.6666666666666666,320000,178,2.78125,0.18858749367992894,0.25830078125,8,0.03125,0.0546875,-0.019702664549335697,0.2760416666666667,0.9407781250000001,0.3541666666666667,0.059221875,0.4375,0.0,0.66625625,0.25679687500000004,0.07694687500000001,0.25,0.63289375,0.265625,0.238825,0.3125,0.069059375,0.34375,0.0333625,0.28125,0.017971875,0.4375,0.0078875,0.484375,0.0,0.40625,0.0,0.421875,0.0
uniform_high,64,87,fixed,random_matched,57,0.9635416666666666,0.45326278659611996,0.4110726841517857,0.6666666666666666,320000,189,2.953125,0.19160900370783307,0.2366943359375,8,0.03125,0.0546875,0.04084438863535771,0.2760416666666667,0.9962125000000001,0.3333333333333333,0.0037875,0.5052083333333334,0.0,0.631278125,0.277634375,0.0910875,0.296875,0.629696875,0.25,0.27620625,0.28125,0.090309375,0.296875,0.00158125,0.390625,0.001428125,0.3125,0.000778125,0.515625,0.0,0.46875,0.0,0.53125,0.0
patchy_high,64,87,fixed,random_matched,58,0.96875,0.45513668430335097,0.39111289527529763,0.6666666666666666,320000,176,2.75,0.18976012873089254,0.290283203125,10,0.0390625,0.046875,-0.024195090999209284,0.2916666666666667,0.995915625,0.328125,0.004084375,0.5052083333333334,0.0,0.64674375,0.27053125,0.08272499999999999,0.234375,0.6449125,0.3125,0.269096875,0.328125,0.08190625,0.328125,0.00183125,0.390625,0.001434375,0.265625,0.00081875,0.515625,0.0,0.46875,0.0,0.53125,0.0
split_high_low,64,87,fixed,random_matched,53,0.9333082279311542,0.4669863315696649,0.3587867311507936,0.6666666666666666,320000,166,2.59375,0.17776103046151936,0.2593994140625,9,0.03515625,0.0625,-0.06882807571442069,0.328125,0.988890625,0.390625,0.011109375,0.5052083333333334,0.0,0.66493125,0.25659375,0.078475,0.1875,0.6594125,0.3125,0.252784375,0.484375,0.07669375,0.453125,0.00551875,0.40625,0.003809375,0.3125,0.00178125,0.515625,0.0,0.46875,0.0,0.53125,0.0
uniform_high,64,88,fixed,random_matched,52,0.925117480463116,0.4311618165784833,0.2780572420634921,0.6666666666666666,320000,125,1.953125,0.15394867448922026,0.259033203125,8,0.03125,0.078125,0.10554956597469412,0.22916666666666666,0.9959437500000001,0.3177083333333333,0.00405625,0.4791666666666667,0.0,0.776109375,0.1814375,0.042453124999999994,0.140625,0.7746625,0.25,0.179803125,0.296875,0.041478125,0.375,0.001446875,0.265625,0.001634375,0.3125,0.000975,0.484375,0.0,0.46875,0.0,0.484375,0.0
patchy_high,64,88,fixed,random_matched,58,0.9648182942595653,0.4431768077601411,0.3491232592385913,0.6666666666666666,320000,125,1.953125,0.1514014456538551,0.272705078125,11,0.04296875,0.0546875,0.0035837114908429247,0.2604166666666667,0.995975,0.3177083333333333,0.004025,0.4791666666666667,0.0,0.7837906250000001,0.175934375,0.040275000000000005,0.203125,0.782278125,0.296875,0.17434375,0.28125,0.039353125,0.390625,0.0015125,0.265625,0.001590625,0.296875,0.000921875,0.484375,0.0,0.46875,0.0,0.484375,0.0
split_high_low,64,88,fixed,random_matched,55,0.9491932942595653,0.47382054673721336,0.4393897321428571,0.6666666666666666,320000,163,2.546875,0.17424487991899815,0.2293701171875,8,0.03125,0.0390625,-0.04249044911008909,0.34375,0.963465625,0.3489583333333333,0.036534375,0.4791666666666667,0.0,0.69398125,0.241603125,0.064415625,0.296875,0.668746875,0.359375,0.23261875,0.375,0.0621,0.390625,0.025234375,0.359375,0.008984375,0.296875,0.002315625,0.484375,0.0,0.46875,0.0,0.484375,0.0
uniform_high,64,89,fixed,random_matched,57,0.9615758137964493,0.4500661375661375,0.38184425068204364,0.6666666666666666,320000,148,2.3125,0.18383042023459284,0.24755859375,8,0.03125,0.0625,0.003777449725177528,0.3020833333333333,0.9968125,0.328125,0.0031875,0.5260416666666666,0.0,0.651796875,0.26616249999999997,0.082040625,0.25,0.6505125,0.21875,0.264846875,0.4375,0.081453125,0.28125,0.001284375,0.265625,0.001315625,0.4375,0.0005875,0.515625,0.0,0.5,0.0,0.5625,0.0
patchy_high,64,89,fixed,random_matched,54,0.9479166666666666,0.4457120811287478,0.37606053137400797,0.6666666666666666,320000,155,2.421875,0.1850366202373561,0.269775390625,8,0.03125,0.0390625,-0.09344825189581776,0.2760416666666667,0.9968125,0.3177083333333333,0.0031875000000000002,0.5260416666666666,0.0,0.640859375,0.265725,0.093415625,0.21875,0.63956875,0.296875,0.26448125,0.3125,0.0927625,0.265625,0.001290625,0.265625,0.00124375,0.421875,0.000653125,0.515625,0.0,0.5,0.0,0.5625,0.0
split_high_low,64,89,fixed,random_matched,56,0.9544016275928987,0.46682098765432095,0.42646984281994055,0.6666666666666666,320000,158,2.46875,0.1884435396551984,0.2738037109375,9,0.03515625,0.0546875,-0.02596412909988958,0.34375,0.9670718750000001,0.3489583333333333,0.032928125,0.5260416666666666,0.0,0.63131875,0.274509375,0.094171875,0.28125,0.6084625,0.3125,0.2662125,0.4375,0.092396875,0.3125,0.02285625,0.265625,0.008296875,0.46875,0.001775,0.515625,0.0,0.5,0.0,0.5625,0.0
uniform_high,64,90,fixed,random_matched,58,0.96875,0.4673170194003527,0.4723738560267857,0.6666666666666666,320000,221,3.453125,0.21631274738850897,0.254638671875,8,0.03125,0.09375,0.016234310715029565,0.375,0.9961031250000001,0.3020833333333333,0.003896875,0.4947916666666667,0.0,0.462278125,0.34433749999999996,0.19338437500000003,0.390625,0.46079375,0.328125,0.342825,0.40625,0.192484375,0.28125,0.001484375,0.265625,0.0015125,0.359375,0.0009,0.5625,0.0,0.453125,0.0,0.46875,0.0
patchy_high,64,90,fixed,random_matched,57,0.9635416666666666,0.4801587301587302,0.4876198970734127,0.6666666666666666,320000,212,3.3125,0.21588908537379908,0.22900390625,8,0.03125,0.078125,-0.07560127279588641,0.4583333333333333,0.9958781250000001,0.328125,0.0041218750000000005,0.4947916666666667,0.0,0.487275,0.334553125,0.178171875,0.359375,0.48581875,0.484375,0.332978125,0.53125,0.17708125,0.28125,0.00145625,0.3125,0.001575,0.390625,0.001090625,0.5625,0.0,0.453125,0.0,0.46875,0.0
split_high_low,64,90,fixed,random_matched,58,0.96875,0.484292328042328,0.45989785311259923,0.6666666666666666,320000,188,2.9375,0.19954026375331632,0.251708984375,8,0.03125,0.0625,0.0,0.3854166666666667,0.986871875,0.375,0.013128125,0.4947916666666667,0.0,0.5588375,0.314475,0.1266875,0.3125,0.552675,0.390625,0.30966875,0.453125,0.124528125,0.359375,0.0061625,0.359375,0.00480625,0.40625,0.002159375,0.5625,0.0,0.453125,0.0,0.46875,0.0
uniform_high,64,91,fixed,random_matched,55,0.953125,0.45546737213403876,0.3784078884548611,0.6666666666666666,320000,172,2.6875,0.16487785217556655,0.23828125,10,0.0390625,0.0625,0.01067868417991965,0.3125,0.99668125,0.3125,0.0033187499999999997,0.5104166666666666,0.0,0.711665625,0.2293375,0.058996875000000004,0.21875,0.710553125,0.328125,0.22800625,0.390625,0.058121875,0.28125,0.0011125,0.359375,0.00133125,0.296875,0.000875,0.53125,0.0,0.53125,0.0,0.46875,0.0
patchy_high,64,91,fixed,random_matched,54,0.9479166666666666,0.4586089065255732,0.39776733940972225,0.6666666666666666,320000,149,2.328125,0.16553826588789172,0.277587890625,11,0.04296875,0.0625,-0.03750009257846783,0.3541666666666667,0.9966875000000001,0.296875,0.0033125000000000003,0.5104166666666666,0.0,0.71591875,0.22770625,0.056375,0.234375,0.71483125,0.375,0.226275,0.453125,0.05558125,0.3125,0.0010875,0.328125,0.00143125,0.25,0.00079375,0.53125,0.0,0.53125,0.0,0.46875,0.0
split_high_low,64,91,fixed,random_matched,55,0.9479166666666666,0.46478174603174605,0.41769882037450395,0.6666666666666666,320000,182,2.84375,0.17301027792856097,0.2314453125,8,0.03125,0.0859375,-0.011890446712855055,0.3229166666666667,0.9965062499999999,0.328125,0.00349375,0.5104166666666666,0.0,0.6920499999999999,0.23726875,0.07068125,0.265625,0.6907,0.359375,0.235953125,0.34375,0.069853125,0.328125,0.00135,0.34375,0.001315625,0.3125,0.000828125,0.53125,0.0,0.53125,0.0,0.46875,0.0
uniform_high,64,92,fixed,random_matched,55,0.9511591471297827,0.46582892416225746,0.43662232917906746,0.6666666666666666,320000,242,3.78125,0.220999899783069,0.265380859375,8,0.03125,0.09375,0.05262951799469226,0.3489583333333333,0.99516875,0.3229166666666667,0.0048312500000000005,0.515625,0.0,0.47349687500000004,0.342053125,0.18445,0.265625,0.471625,0.34375,0.340203125,0.4375,0.183340625,0.296875,0.001871875,0.296875,0.00185,0.375,0.001109375,0.515625,0.0,0.46875,0.0,0.5625,0.0
patchy_high,64,92,fixed,random_matched,58,0.96875,0.47993827160493824,0.4941831442212302,0.6666666666666666,320000,253,3.953125,0.225481544087257,0.23388671875,8,0.03125,0.0625,0.08714399842969164,0.421875,0.994709375,0.3229166666666667,0.005290625,0.515625,0.0,0.452765625,0.353515625,0.19371875,0.421875,0.450646875,0.40625,0.351540625,0.4375,0.192521875,0.375,0.00211875,0.265625,0.001975,0.328125,0.001196875,0.515625,0.0,0.46875,0.0,0.5625,0.0
split_high_low,64,92,fixed,random_matched,59,0.9739583333333334,0.47508818342151676,0.44418829985119046,0.6666666666666666,320000,202,3.15625,0.1968444203922537,0.2440185546875,10,0.0390625,0.046875,-0.07676678969962847,0.3333333333333333,0.9938406249999999,0.3697916666666667,0.006159375,0.515625,0.0,0.57035,0.30830312499999996,0.12134687499999999,0.328125,0.567171875,0.296875,0.30631875,0.375,0.12035,0.40625,0.003178125,0.328125,0.001984375,0.375,0.000996875,0.515625,0.0,0.46875,0.0,0.5625,0.0
uniform_high,64,93,fixed,random_matched,56,0.9544016275928987,0.44736552028218696,0.41140514632936503,0.6666666666666666,320000,163,2.546875,0.19472548428435038,0.276123046875,8,0.03125,0.046875,-0.1688975203775677,0.3229166666666667,0.9966125,0.2760416666666667,0.0033875,0.4895833333333333,0.0,0.592509375,0.2978125,0.10967812499999999,0.265625,0.590996875,0.28125,0.29649375,0.421875,0.109121875,0.25,0.0015125,0.25,0.00131875,0.328125,0.00055625,0.4375,0.0,0.5,0.0,0.53125,0.0
patchy_high,64,93,fixed,random_matched,56,0.9583333333333334,0.4549162257495591,0.45649631851438494,0.6666666666666666,320000,178,2.78125,0.18750726207294294,0.2916259765625,11,0.04296875,0.03125,-0.013497744010261561,0.390625,0.9967125,0.2760416666666667,0.0032875,0.4895833333333333,0.0,0.6258218750000001,0.279378125,0.0948,0.375,0.62440625,0.265625,0.27806875,0.53125,0.0942375,0.265625,0.001415625,0.21875,0.001309375,0.34375,0.0005625,0.4375,0.0,0.5,0.0,0.53125,0.0
split_high_low,64,93,fixed,random_matched,55,0.9511591471297827,0.4653880070546737,0.43310728546626986,0.6666666666666666,320000,143,2.234375,0.1808511422316126,0.2474365234375,8,0.03125,0.015625,-0.0402927970685603,0.3541666666666667,0.95306875,0.3125,0.046931249999999994,0.4895833333333333,0.0,0.66268125,0.26029375,0.077025,0.28125,0.630140625,0.375,0.249375,0.40625,0.073553125,0.28125,0.032540625,0.28125,0.01091875,0.375,0.003471875,0.4375,0.0,0.5,0.0,0.53125,0.0
uniform_high,64,94,fixed,random_matched,53,0.940742480463116,0.4782848324514991,0.4738352244543651,0.6666666666666666,320000,207,3.234375,0.20004194397497585,0.2816162109375,9,0.03515625,0.0859375,-0.032104342107413926,0.3854166666666667,0.9954468750000001,0.34375,0.004553125,0.53125,0.0,0.55665625,0.30776562500000004,0.135578125,0.375,0.5550625,0.34375,0.3058,0.4375,0.134584375,0.421875,0.00159375,0.3125,0.001965625,0.296875,0.00099375,0.5625,0.0,0.5,0.0,0.53125,0.0
patchy_high,64,94,fixed,random_matched,57,0.959609960926232,0.4701278659611993,0.4458449048239087,0.6666666666666666,320000,222,3.46875,0.19586529505279354,0.2572021484375,9,0.03515625,0.046875,-0.1362869314465882,0.328125,0.9950343749999999,0.3489583333333333,0.004965625,0.53125,0.0,0.52884375,0.322725,0.14843125000000001,0.328125,0.52726875,0.3125,0.320571875,0.34375,0.14719375,0.40625,0.001575,0.328125,0.002153125,0.3125,0.0012375,0.5625,0.0,0.5,0.0,0.53125,0.0
split_high_low,64,94,fixed,random_matched,58,0.96875,0.4808201058201058,0.44104275793650793,1.0,320000,203,3.171875,0.19186718804909964,0.254150390625,9,0.03515625,0.046875,-0.1105601588740915,0.359375,0.9843625,0.390625,0.015571874999999999,0.53125,6.5625e-05,0.6035875,0.28927812500000005,0.107134375,0.3125,0.594465625,0.296875,0.284715625,0.46875,0.10518125,0.390625,0.009078125,0.421875,0.00454375,0.359375,0.00195,0.5625,4.375e-05,0.5,1.875e-05,0.53125,3.125e-06
uniform_high,64,95,fixed,random_matched,54,0.9427083333333334,0.4479166666666667,0.3717375666542659,0.6666666666666666,320000,175,2.734375,0.1778822941373522,0.2755126953125,8,0.03125,0.0625,0.07048828327344019,0.3229166666666667,0.996415625,0.3177083333333333,0.003584375,0.5104166666666666,0.0,0.65568125,0.25866249999999996,0.08565625,0.203125,0.654290625,0.3125,0.2573,0.453125,0.084825,0.40625,0.001390625,0.234375,0.0013625,0.3125,0.00083125,0.4375,0.0,0.640625,0.0,0.453125,0.0
patchy_high,64,95,fixed,random_matched,60,0.9791666666666666,0.4559634038800705,0.40225158420138885,0.6666666666666666,320000,148,2.3125,0.17379709045212527,0.256591796875,9,0.03515625,0.0703125,-0.06344253311165084,0.3072916666666667,0.996475,0.34375,0.0035250000000000004,0.5104166666666666,0.0,0.690759375,0.242703125,0.0665375,0.265625,0.689553125,0.265625,0.241328125,0.390625,0.06559375,0.421875,0.00120625,0.296875,0.001375,0.3125,0.00094375,0.4375,0.0,0.640625,0.0,0.453125,0.0
split_high_low,64,95,fixed,random_matched,55,0.9511591471297827,0.4592151675485009,0.3981699203249008,0.6666666666666666,320000,188,2.9375,0.19243071202853934,0.2412109375,9,0.03515625,0.03125,0.013398181151214147,0.2916666666666667,0.99585625,0.3854166666666667,0.00414375,0.5104166666666666,0.0,0.6026750000000001,0.289959375,0.107365625,0.25,0.600834375,0.28125,0.28841875,0.34375,0.106603125,0.484375,0.001840625,0.3125,0.001540625,0.359375,0.0007625,0.4375,0.0,0.640625,0.0,0.453125,0.0
uniform_high,64,96,fixed,random_matched,57,0.9635416666666666,0.4498456790123457,0.33127249038938494,0.6666666666666666,320000,129,2.015625,0.1606849531765515,0.251220703125,8,0.03125,0.0546875,0.052646703661972195,0.2916666666666667,0.995096875,0.3489583333333333,0.0049031249999999995,0.5052083333333334,0.0,0.733596875,0.213153125,0.053250000000000006,0.171875,0.731734375,0.3125,0.211278125,0.390625,0.052084375,0.375,0.0018625,0.3125,0.001875,0.359375,0.001165625,0.640625,0.0,0.484375,0.0,0.390625,0.0
patchy_high,64,96,fixed,random_matched,57,0.959609960926232,0.4427910052910053,0.36976872364831354,0.6666666666666666,320000,124,1.9375,0.16790572476633503,0.2689208984375,9,0.03515625,0.0859375,0.019668350716932466,0.265625,0.996096875,0.34375,0.0039031249999999995,0.5052083333333334,0.0,0.72613125,0.2228375,0.05103125,0.25,0.724790625,0.1875,0.221278125,0.359375,0.050028125,0.359375,0.001340625,0.296875,0.001559375,0.375,0.001003125,0.640625,0.0,0.484375,0.0,0.390625,0.0
split_high_low,64,96,fixed,random_matched,58,0.9667841471297827,0.4615299823633157,0.39908776041666666,0.6666666666666666,320000,184,2.875,0.19161402178871031,0.2115478515625,7,0.02734375,0.0703125,-0.043317890553493055,0.3333333333333333,0.995871875,0.3802083333333333,0.004128125,0.5052083333333334,0.0,0.60969375,0.28643437499999996,0.103871875,0.265625,0.608078125,0.234375,0.284828125,0.5,0.102965625,0.34375,0.001615625,0.359375,0.00160625,0.4375,0.00090625,0.640625,0.0,0.484375,0.0,0.390625,0.0
uniform_high,64,97,fixed,random_matched,62,0.9895833333333334,0.47100970017636684,0.45628111669146826,0.6666666666666666,320000,222,3.46875,0.2140810460373752,0.25390625,8,0.03125,0.078125,-0.0024971299498886216,0.34375,0.995003125,0.3385416666666667,0.004996875,0.453125,0.0,0.519775,0.329484375,0.150740625,0.34375,0.51798125,0.328125,0.32758125,0.359375,0.149440625,0.296875,0.00179375,0.328125,0.001903125,0.390625,0.0013,0.4375,0.0,0.46875,0.0,0.453125,0.0
patchy_high,64,97,fixed,random_matched,55,0.9479166666666666,0.47156084656084657,0.4533162667410715,0.6666666666666666,320000,219,3.421875,0.2145723244306234,0.2435302734375,9,0.03515625,0.0703125,0.024994301971242215,0.359375,0.9949406250000001,0.3333333333333333,0.005059375,0.453125,0.0,0.501296875,0.33730625000000003,0.16139687500000002,0.3125,0.49955,0.34375,0.335359375,0.421875,0.16003125,0.296875,0.001746875,0.3125,0.001946875,0.390625,0.001365625,0.4375,0.0,0.46875,0.0,0.453125,0.0
split_high_low,64,97,fixed,random_matched,58,0.9667841471297827,0.46781305114638444,0.4282796177455357,0.6666666666666666,320000,184,2.875,0.20669600223205808,0.2926025390625,9,0.03515625,0.03125,-0.01525845342384436,0.3229166666666667,0.9909,0.359375,0.0091,0.453125,0.0,0.5444125,0.31715000000000004,0.1384375,0.296875,0.54030625,0.28125,0.314015625,0.390625,0.136578125,0.296875,0.00410625,0.34375,0.003134375,0.4375,0.001859375,0.4375,0.0,0.46875,0.0,0.453125,0.0
uniform_high,64,98,fixed,random_matched,55,0.9511591471297827,0.4524911816578483,0.44937736855158733,0.6666666666666666,320000,210,3.28125,0.2192410032915087,0.253662109375,9,0.03515625,0.0625,-0.0236907799273767,0.3229166666666667,0.9949,0.296875,0.0051,0.484375,0.0,0.48558437499999996,0.34360625,0.170809375,0.359375,0.4833375,0.3125,0.34175,0.296875,0.1698125,0.234375,0.002246875,0.328125,0.00185625,0.328125,0.000996875,0.375,0.0,0.515625,0.0,0.5625,0.0
patchy_high,64,98,fixed,random_matched,54,0.9479166666666666,0.4543650793650793,0.4647919565352182,0.6666666666666666,320000,212,3.3125,0.21813644223202489,0.2376708984375,10,0.0390625,0.078125,-0.04440855667529481,0.34375,0.995015625,0.2864583333333333,0.004984375,0.484375,0.0,0.4974,0.34151875000000004,0.16108124999999998,0.40625,0.49524375,0.328125,0.339621875,0.296875,0.16015,0.265625,0.00215625,0.28125,0.001896875,0.3125,0.00093125,0.375,0.0,0.515625,0.0,0.5625,0.0
split_high_low,64,98,fixed,random_matched,56,0.956367480463116,0.46323853615520283,0.4595448211185516,0.6666666666666666,320000,204,3.1875,0.21363985738710412,0.26318359375,12,0.046875,0.078125,0.08192548278833714,0.3385416666666667,0.9908125000000001,0.3385416666666667,0.009187500000000001,0.484375,0.0,0.527003125,0.32708125,0.14591562500000002,0.453125,0.522009375,0.28125,0.32415625,0.28125,0.144646875,0.328125,0.00499375,0.375,0.002925,0.3125,0.00126875,0.375,0.0,0.515625,0.0,0.5625,0.0
uniform_high,64,99,fixed,random_matched,54,0.9479166666666666,0.46378968253968256,0.4363554454985119,0.6666666666666666,320000,193,3.015625,0.20074718895541543,0.2559814453125,9,0.03515625,0.078125,-0.05209205783556393,0.328125,0.9961437499999999,0.3333333333333333,0.00385625,0.4895833333333333,0.0,0.5736749999999999,0.30666875,0.11965624999999999,0.328125,0.57205,0.265625,0.305165625,0.390625,0.118928125,0.328125,0.001625,0.25,0.001503125,0.421875,0.000728125,0.46875,0.0,0.5,0.0,0.5,0.0
patchy_high,64,99,fixed,random_matched,56,0.956367480463116,0.46615961199294537,0.4399283063616072,0.6666666666666666,320000,199,3.109375,0.19546985080127227,0.27197265625,9,0.03515625,0.0234375,0.016883405863779795,0.328125,0.9958281250000001,0.3385416666666667,0.004171875,0.4895833333333333,0.0,0.59110625,0.29824375,0.11065,0.3125,0.5892125,0.3125,0.2967125,0.359375,0.109903125,0.3125,0.00189375,0.265625,0.00153125,0.4375,0.000746875,0.46875,0.0,0.5,0.0,0.5,0.0
split_high_low,64,99,fixed,random_matched,55,0.953125,0.48522927689594353,0.4451223090277778,0.6666666666666666,320000,202,3.15625,0.20293791621413898,0.2413330078125,8,0.03125,0.0625,0.024566379810524508,0.3854166666666667,0.99310625,0.40625,0.006893750000000001,0.4895833333333333,0.0,0.577796875,0.30200937499999997,0.12019375,0.3125,0.57385,0.3125,0.300021875,0.53125,0.119234375,0.375,0.003946875,0.4375,0.0019875,0.40625,0.000959375,0.46875,0.0,0.5,0.0,0.5,0.0
