scenario,population,replicate,social_mode,rewiring,unique_policy_count,policy_entropy,policy_hamming_mean,policy_hamming_visit_weighted_mean,visited_state_fraction,total_training_state_visits,total_rewires,mean_rewires_per_agent,mean_prediction_error,visibility_gini,max_visibility_degree,max_visibility_share,reciprocity,degree_assortativity,policy_low_scarce,training_visit_fraction_scarce,policy_low_moderate,training_visit_fraction_moderate,policy_low_abundant,training_visit_fraction_abundant,training_visit_fraction_social_mostly_high,training_visit_fraction_social_mixed,training_visit_fraction_social_mostly_low,policy_low_scarce_mostly_high,training_visit_fraction_scarce_mostly_high,policy_low_scarce_mixed,training_visit_fraction_scarce_mixed,policy_low_scarce_mostly_low,training_visit_fraction_scarce_mostly_low,policy_low_moderate_mostly_high,training_visit_fraction_moderate_mostly_high,policy_low_moderate_mixed,training_visit_fraction_moderate_mixed,policy_low_moderate_mostly_low,training_visit_fraction_moderate_mostly_low,policy_low_abundant_mostly_high,training_visit_fraction_abundant_mostly_high,policy_low_abundant_mixed,training_visit_fraction_abundant_mixed,policy_low_abundant_mostly_low,training_visit_fraction_abundant_mostly_low
uniform_high,64,0,fixed,random_matched,54,0.9459508137964493,0.46362433862433866,0.43713411458333334,0.6666666666666666,320000,207,3.234375,0.20167239595129705,0.4375,11,0.04296875,0.09375,-0.007679993992918328,0.375,0.995625,0.3125,0.004375,0.4791666666666667,0.0,0.5800187499999999,0.306934375,0.113046875,0.265625,0.578328125,0.40625,0.305375,0.453125,0.111921875,0.34375,0.001690625,0.34375,0.001559375,0.25,0.001125,0.46875,0.0,0.578125,0.0,0.390625,0.0
patchy_high,64,0,fixed,random_matched,55,0.953125,0.46478174603174605,0.4224871682787698,0.6666666666666666,320000,172,2.6875,0.20045936445962695,0.3909912109375,15,0.05859375,0.0703125,0.09654837476130877,0.3333333333333333,0.995921875,0.3385416666666667,0.004078125,0.4791666666666667,0.0,0.5859125,0.302,0.1120875,0.265625,0.58438125,0.328125,0.300409375,0.40625,0.11113125,0.328125,0.00153125,0.359375,0.001590625,0.328125,0.00095625,0.46875,0.0,0.578125,0.0,0.390625,0.0
split_high_low,64,0,fixed,random_matched,58,0.96875,0.4603174603174603,0.3708440662202381,0.6666666666666666,320000,171,2.671875,0.2012227611138852,0.4005126953125,12,0.046875,0.0625,0.11169982923823944,0.3072916666666667,0.974746875,0.3802083333333333,0.025253124999999998,0.4791666666666667,0.0,0.5869156249999999,0.29856562499999995,0.11451875,0.1875,0.5739875,0.3125,0.29043125,0.421875,0.110328125,0.3125,0.012928125,0.453125,0.008134375,0.375,0.004190625,0.46875,0.0,0.578125,0.0,0.390625,0.0
uniform_high,64,1,fixed,random_matched,59,0.9739583333333334,0.4740961199294533,0.4929466765873016,0.6666666666666666,320000,243,3.796875,0.22822052876117888,0.3984375,12,0.046875,0.078125,0.1925145088697203,0.4270833333333333,0.9950656250000001,0.3020833333333333,0.0049343749999999995,0.4895833333333333,0.0,0.4481375,0.351375,0.2004875,0.390625,0.445921875,0.484375,0.349603125,0.40625,0.199540625,0.328125,0.002215625,0.25,0.001771875,0.328125,0.000946875,0.421875,0.0,0.515625,0.0,0.53125,0.0
patchy_high,64,1,fixed,random_matched,60,0.9791666666666666,0.4611441798941799,0.47536338355654767,0.6666666666666666,320000,238,3.71875,0.22413296106841474,0.4285888671875,13,0.05078125,0.109375,0.047212234988427165,0.4010416666666667,0.9957062500000001,0.2708333333333333,0.00429375,0.4895833333333333,0.0,0.4592125,0.349740625,0.191046875,0.390625,0.457525,0.328125,0.348075,0.484375,0.19010625,0.28125,0.0016875,0.25,0.001665625,0.28125,0.000940625,0.421875,0.0,0.515625,0.0,0.53125,0.0
split_high_low,64,1,fixed,random_matched,57,0.959609960926232,0.462907848324515,0.44395462394593255,0.6666666666666666,320000,205,3.203125,0.2155845325759307,0.41943359375,13,0.05078125,0.0859375,0.04256444933363798,0.328125,0.9957125,0.3229166666666667,0.0042875,0.4895833333333333,0.0,0.496565625,0.335965625,0.16746875,0.34375,0.494615625,0.28125,0.33436875,0.359375,0.166728125,0.375,0.00195,0.328125,0.001596875,0.265625,0.000740625,0.421875,0.0,0.515625,0.0,0.53125,0.0
uniform_high,64,2,fixed,random_matched,56,0.9583333333333334,0.470623897707231,0.47573764260912693,0.6666666666666666,320000,203,3.171875,0.2148095903993999,0.4012451171875,11,0.04296875,0.0546875,0.12751270026704523,0.4166666666666667,0.9958968749999999,0.3489583333333333,0.004103125,0.5,0.0,0.5016937499999999,0.33404687499999997,0.16425937499999999,0.328125,0.499959375,0.453125,0.33246875,0.46875,0.16346875,0.359375,0.001734375,0.1875,0.001578125,0.5,0.000790625,0.578125,0.0,0.515625,0.0,0.40625,0.0
patchy_high,64,2,fixed,random_matched,53,0.9387766275928987,0.47541887125220456,0.4860545386904762,0.6666666666666666,320000,213,3.328125,0.2149548963427858,0.37451171875,11,0.04296875,0.0546875,-0.04424739171594049,0.3958333333333333,0.99585625,0.3541666666666667,0.00414375,0.5,0.0,0.49711875,0.330603125,0.172278125,0.390625,0.495371875,0.421875,0.32899375,0.375,0.171490625,0.34375,0.001746875,0.234375,0.001609375,0.484375,0.0007875,0.578125,0.0,0.515625,0.0,0.40625,0.0
split_high_low,64,2,fixed,random_matched,60,0.9791666666666666,0.4808752204585538,0.48931586991567455,0.6666666666666666,320000,211,3.296875,0.21141998040595983,0.4002685546875,12,0.046875,0.0625,0.0018903942905605165,0.453125,0.9944531249999999,0.3541666666666667,0.005546875,0.5,0.0,0.49120312499999996,0.34161874999999997,0.167178125,0.40625,0.488575,0.390625,0.33956875,0.5625,0.166309375,0.40625,0.002628125,0.25,0.00205,0.40625,0.00086875,0.578125,0.0,0.515625,0.0,0.40625,0.0
uniform_high,64,3,fixed,random_matched,59,0.971992480463116,0.46378968253968256,0.44682055896577383,0.6666666666666666,320000,154,2.40625,0.19472621809063767,0.32373046875,11,0.04296875,0.078125,0.08558063834220365,0.375,0.9956343750000001,0.3125,0.004365625,0.4739583333333333,0.0,0.61280625,0.288040625,0.099153125,0.296875,0.610803125,0.375,0.2865125,0.453125,0.09831875,0.265625,0.002003125,0.296875,0.001528125,0.375,0.000834375,0.59375,0.0,0.4375,0.0,0.390625,0.0
patchy_high,64,3,fixed,random_matched,54,0.9459508137964493,0.45353835978835977,0.39159457465277775,0.6666666666666666,320000,152,2.375,0.1839010197123037,0.370849609375,11,0.04296875,0.078125,0.012612280502356481,0.3125,0.995625,0.3333333333333333,0.004375,0.4739583333333333,0.0,0.646528125,0.264621875,0.08885,0.234375,0.644628125,0.296875,0.263034375,0.40625,0.0879625,0.34375,0.0019,0.25,0.0015875,0.40625,0.0008875,0.59375,0.0,0.4375,0.0,0.390625,0.0
split_high_low,64,3,fixed,random_matched,59,0.96875,0.46461640211640215,0.43576551649305556,0.6666666666666666,320000,145,2.265625,0.1905165799845612,0.3160400390625,12,0.046875,0.0546875,0.05638075033093831,0.34375,0.935471875,0.359375,0.064528125,0.4739583333333333,0.0,0.6334937500000001,0.276059375,0.090446875,0.3125,0.593928125,0.28125,0.257540625,0.4375,0.084003125,0.34375,0.039565625,0.265625,0.01851875,0.46875,0.00644375,0.59375,0.0,0.4375,0.0,0.390625,0.0
uniform_high,64,4,fixed,random_matched,53,0.940742480463116,0.4446649029982363,0.2886525809151786,0.6666666666666666,320000,102,1.59375,0.13481777051553362,0.3634033203125,14,0.0546875,0.03125,-0.00903546059246782,0.25,0.9957125,0.359375,0.0042875,0.4739583333333333,0.0,0.8504125,0.12736250000000002,0.022224999999999998,0.15625,0.84849375,0.265625,0.125759375,0.328125,0.021459375,0.34375,0.00191875,0.28125,0.001603125,0.453125,0.000765625,0.453125,0.0,0.46875,0.0,0.5,0.0
patchy_high,64,4,fixed,random_matched,53,0.9375,0.4396494708994709,0.2560321909102183,0.6666666666666666,320000,81,1.265625,0.13655610954632574,0.3353271484375,12,0.046875,0.0859375,0.06663304190403813,0.23958333333333334,0.9957750000000001,0.3541666666666667,0.0042250000000000005,0.4739583333333333,0.0,0.8347187500000001,0.141684375,0.023596875,0.125,0.833009375,0.296875,0.139978125,0.296875,0.0227875,0.34375,0.001709375,0.28125,0.00170625,0.4375,0.000809375,0.453125,0.0,0.46875,0.0,0.5,0.0
split_high_low,64,4,fixed,random_matched,56,0.9544016275928987,0.4713955026455027,0.393755326140873,0.6666666666666666,320000,175,2.734375,0.18140605801026255,0.3953857421875,11,0.04296875,0.046875,0.0985762935161836,0.3385416666666667,0.959321875,0.4010416666666667,0.04067812500000001,0.4739583333333333,0.0,0.6989500000000001,0.2344875,0.0665625,0.234375,0.67515,0.3125,0.221609375,0.46875,0.0625625,0.4375,0.0238,0.28125,0.012878125,0.484375,0.004,0.453125,0.0,0.46875,0.0,0.5,0.0
uniform_high,64,5,fixed,random_matched,58,0.9635416666666666,0.4607032627865961,0.4098550874255952,0.6666666666666666,320000,183,2.859375,0.19737063233533783,0.3504638671875,10,0.0390625,0.078125,0.014259575400572237,0.3177083333333333,0.9957374999999999,0.3229166666666667,0.0042625,0.5104166666666666,0.0,0.6083249999999999,0.29305312499999997,0.098621875,0.265625,0.6065875,0.28125,0.291546875,0.40625,0.097603125,0.296875,0.0017375,0.3125,0.00150625,0.359375,0.00101875,0.53125,0.0,0.484375,0.0,0.515625,0.0
patchy_high,64,5,fixed,random_matched,59,0.971992480463116,0.4750330687830687,0.4526784830729167,0.6666666666666666,320000,200,3.125,0.19151616000136085,0.3515625,11,0.04296875,0.109375,0.06841048654419753,0.3645833333333333,0.9956875,0.3385416666666667,0.0043125,0.5104166666666666,0.0,0.6260718749999999,0.281509375,0.09241875,0.328125,0.62419375,0.328125,0.28001875,0.4375,0.091475,0.296875,0.001878125,0.34375,0.001490625,0.375,0.00094375,0.53125,0.0,0.484375,0.0,0.515625,0.0
split_high_low,64,5,fixed,random_matched,60,0.9772008137964493,0.47850529100529104,0.4507495070684524,0.6666666666666666,320000,198,3.09375,0.20044253635848902,0.4049072265625,10,0.0390625,0.0546875,0.06306079755268251,0.3854166666666667,0.996628125,0.34375,0.003371875,0.5104166666666666,0.0,0.5917625000000001,0.30174375,0.10649375000000001,0.296875,0.590396875,0.390625,0.300503125,0.46875,0.105728125,0.328125,0.001365625,0.328125,0.001240625,0.375,0.000765625,0.53125,0.0,0.484375,0.0,0.515625,0.0
uniform_high,64,6,fixed,random_matched,60,0.9772008137964493,0.4537037037037036,0.31512252294146825,0.6666666666666666,320000,139,2.171875,0.16326699933179156,0.339599609375,12,0.046875,0.0859375,0.08274154353206202,0.2604166666666667,0.9958,0.4114583333333333,0.0042,0.484375,0.0,0.7453000000000001,0.205546875,0.049153125,0.1875,0.743596875,0.171875,0.203934375,0.421875,0.04826875,0.421875,0.001703125,0.40625,0.0016125,0.40625,0.000884375,0.4375,0.0,0.53125,0.0,0.484375,0.0
patchy_high,64,6,fixed,random_matched,57,0.959609960926232,0.4640652557319223,0.3338179377480158,0.6666666666666666,320000,135,2.109375,0.16200522435783965,0.37255859375,15,0.05859375,0.046875,-0.07138757373350452,0.2864583333333333,0.9956468749999999,0.4166666666666667,0.004353125,0.484375,0.0,0.7424562499999999,0.210534375,0.047009375,0.1875,0.74068125,0.25,0.20885625,0.421875,0.046109375,0.453125,0.001775,0.390625,0.001678125,0.40625,0.0009,0.4375,0.0,0.53125,0.0,0.484375,0.0
split_high_low,64,6,fixed,random_matched,56,0.956367480463116,0.48412698412698413,0.4310631696428572,0.6666666666666666,320000,186,2.90625,0.20167276926782796,0.390869140625,11,0.04296875,0.0546875,0.0425190413773859,0.359375,0.9845875000000001,0.4166666666666667,0.015412499999999999,0.484375,0.0,0.567821875,0.30658437499999996,0.12559375,0.25,0.56116875,0.4375,0.300815625,0.390625,0.122603125,0.421875,0.006653125,0.390625,0.00576875,0.4375,0.002990625,0.4375,0.0,0.53125,0.0,0.484375,0.0
uniform_high,64,7,fixed,random_matched,56,0.9583333333333334,0.45811287477954143,0.4112781947544643,0.6666666666666666,320000,170,2.65625,0.1828010944672056,0.3985595703125,12,0.046875,0.0546875,0.012618806638252282,0.2760416666666667,0.9956531250000001,0.3645833333333333,0.004346875,0.4739583333333333,0.0,0.6392500000000001,0.273978125,0.086771875,0.3125,0.6377,0.21875,0.272359375,0.296875,0.08559375,0.359375,0.00155,0.375,0.00161875,0.359375,0.001178125,0.53125,0.0,0.484375,0.0,0.40625,0.0
patchy_high,64,7,fixed,random_matched,54,0.943984960926232,0.4623015873015873,0.39170217478918656,0.6666666666666666,320000,151,2.359375,0.18925563326035352,0.41455078125,16,0.0625,0.078125,0.02473923343017149,0.296875,0.996275,0.3645833333333333,0.003725,0.4739583333333333,0.0,0.61718125,0.280253125,0.10256562500000001,0.25,0.615946875,0.25,0.278875,0.390625,0.101453125,0.359375,0.001234375,0.359375,0.001378125,0.375,0.0011125,0.53125,0.0,0.484375,0.0,0.40625,0.0
split_high_low,64,7,fixed,random_matched,57,0.9635416666666666,0.48578042328042326,0.4545693421378968,0.6666666666666666,320000,171,2.671875,0.193818990409382,0.3895263671875,11,0.04296875,0.0625,0.10327489330232224,0.359375,0.958765625,0.4166666666666667,0.041234375,0.4739583333333333,0.0,0.596321875,0.2955125,0.108165625,0.328125,0.575378125,0.328125,0.281340625,0.421875,0.102046875,0.390625,0.02094375,0.453125,0.014171875,0.40625,0.00611875,0.53125,0.0,0.484375,0.0,0.40625,0.0
uniform_high,64,8,fixed,random_matched,53,0.9387766275928987,0.43430335097001765,0.3458607142857143,0.6666666666666666,320000,136,2.125,0.16885369594508334,0.364013671875,10,0.0390625,0.0390625,0.08866350083138604,0.2604166666666667,0.9816562500000001,0.3020833333333333,0.01834375,0.5416666666666666,0.0,0.71898125,0.2229875,0.05803125,0.203125,0.704121875,0.234375,0.22015625,0.34375,0.057378125,0.3125,0.014859375,0.203125,0.00283125,0.390625,0.000653125,0.5625,0.0,0.5625,0.0,0.5,0.0
patchy_high,64,8,fixed,random_matched,55,0.9511591471297827,0.4600970017636684,0.4281879975818452,0.6666666666666666,320000,144,2.25,0.16097032520947674,0.39208984375,16,0.0625,0.0859375,-0.038163733873770825,0.3333333333333333,0.967553125,0.3125,0.032446875,0.5416666666666666,0.0,0.730790625,0.219246875,0.0499625,0.28125,0.70391875,0.390625,0.21460625,0.328125,0.049028125,0.28125,0.026871875,0.265625,0.004640625,0.390625,0.000934375,0.5625,0.0,0.5625,0.0,0.5,0.0
split_high_low,64,8,fixed,random_matched,54,0.943984960926232,0.431602733686067,0.29526726655505947,0.6666666666666666,320000,90,1.40625,0.14515750791624674,0.3790283203125,12,0.046875,0.078125,0.11482308877019332,0.22916666666666666,0.996778125,0.328125,0.0032218750000000003,0.5416666666666666,0.0,0.78891875,0.174665625,0.036415625,0.15625,0.787396875,0.265625,0.1735125,0.265625,0.03586875,0.296875,0.001521875,0.265625,0.001153125,0.421875,0.000546875,0.5625,0.0,0.5625,0.0,0.5,0.0
uniform_high,64,9,fixed,random_matched,59,0.971992480463116,0.45767195767195773,0.3661847733754961,0.6666666666666666,320000,107,1.671875,0.15769396669114988,0.314453125,10,0.0390625,0.1015625,-0.018424631773079247,0.3333333333333333,0.995825,0.34375,0.004175,0.4895833333333333,0.0,0.766896875,0.191909375,0.041193749999999994,0.21875,0.7651,0.28125,0.190309375,0.5,0.040415625,0.390625,0.001796875,0.234375,0.0016,0.40625,0.000778125,0.515625,0.0,0.4375,0.0,0.515625,0.0
patchy_high,64,9,fixed,random_matched,57,0.9635416666666666,0.4441137566137566,0.3431866768973214,0.6666666666666666,320000,109,1.703125,0.13923190769822127,0.31396484375,12,0.046875,0.0703125,-0.024407710134822097,0.2916666666666667,0.995740625,0.34375,0.004259375,0.4895833333333333,0.0,0.815696875,0.155525,0.028778125,0.21875,0.8136875,0.171875,0.153965625,0.484375,0.0280875,0.390625,0.002009375,0.234375,0.001559375,0.40625,0.000690625,0.515625,0.0,0.4375,0.0,0.515625,0.0
split_high_low,64,9,fixed,random_matched,58,0.96875,0.45612874779541446,0.37109149150545634,0.6666666666666666,320000,149,2.328125,0.18208193874115589,0.375,12,0.046875,0.09375,-0.04988528122725538,0.2916666666666667,0.9606125000000001,0.3645833333333333,0.0393875,0.4895833333333333,0.0,0.653190625,0.26423437499999997,0.082575,0.21875,0.632075,0.25,0.251175,0.40625,0.0773625,0.421875,0.021115625,0.25,0.013059375,0.421875,0.0052125,0.515625,0.0,0.4375,0.0,0.515625,0.0
uniform_high,64,10,fixed,random_matched,56,0.956367480463116,0.4486882716049382,0.35671790519593255,0.6666666666666666,320000,137,2.140625,0.16472715707025815,0.4024658203125,12,0.046875,0.046875,0.04890170280096503,0.328125,0.9954406250000001,0.296875,0.004559375,0.5364583333333334,0.0,0.72259375,0.22356562500000002,0.053840625,0.1875,0.7211375,0.375,0.22178125,0.421875,0.052521875,0.3125,0.00145625,0.21875,0.001784375,0.359375,0.00131875,0.59375,0.0,0.5,0.0,0.515625,0.0
patchy_high,64,10,fixed,random_matched,56,0.9583333333333334,0.4510582010582011,0.39105585627480155,0.6666666666666666,320000,152,2.375,0.170776156340765,0.429931640625,13,0.05078125,0.09375,0.05569006434204822,0.296875,0.9957937499999999,0.3229166666666667,0.00420625,0.5364583333333334,0.0,0.6887687499999999,0.24213125000000002,0.0691,0.265625,0.687421875,0.21875,0.24046875,0.40625,0.067903125,0.375,0.001346875,0.265625,0.0016625,0.328125,0.001196875,0.59375,0.0,0.5,0.0,0.515625,0.0
split_high_low,64,10,fixed,random_matched,58,0.96875,0.4724977954144621,0.38515609033978176,0.6666666666666666,320000,134,2.09375,0.16590670692651704,0.4326171875,11,0.04296875,0.0546875,-0.09007293553996747,0.34375,0.988484375,0.3958333333333333,0.011515624999999998,0.5364583333333334,0.0,0.73099375,0.211653125,0.057353125000000005,0.21875,0.7253625,0.390625,0.207571875,0.421875,0.05555,0.375,0.00563125,0.3125,0.00408125,0.5,0.001803125,0.59375,0.0,0.5,0.0,0.515625,0.0
uniform_high,64,11,fixed,random_matched,55,0.953125,0.44764109347442677,0.42334231615823414,0.6666666666666666,320000,202,3.15625,0.1854237896067927,0.40185546875,11,0.04296875,0.078125,0.05236357198434336,0.3072916666666667,0.995846875,0.28125,0.004153125,0.5364583333333334,0.0,0.62983125,0.27990312500000003,0.090265625,0.296875,0.627903125,0.28125,0.2784125,0.34375,0.08953125,0.265625,0.001928125,0.25,0.001490625,0.328125,0.000734375,0.515625,0.0,0.515625,0.0,0.578125,0.0
patchy_high,64,11,fixed,random_matched,59,0.971992480463116,0.4616402116402117,0.47380875651041665,0.6666666666666666,320000,234,3.65625,0.19718180318890619,0.41748046875,12,0.046875,0.0859375,0.06292013935373855,0.3645833333333333,0.9948218750000001,0.2864583333333333,0.005178125,0.5364583333333334,0.0,0.576271875,0.307728125,0.116,0.375,0.574065625,0.375,0.30570625,0.34375,0.11505,0.34375,0.00220625,0.234375,0.002021875,0.28125,0.00095,0.515625,0.0,0.515625,0.0,0.578125,0.0
split_high_low,64,11,fixed,random_matched,57,0.9635416666666666,0.4740961199294533,0.49750247085813487,0.6666666666666666,320000,289,4.515625,0.22798402860007544,0.4453125,12,0.046875,0.0703125,0.03131377390808405,0.4375,0.9965062499999999,0.296875,0.0034937500000000003,0.5364583333333334,0.0,0.429284375,0.355309375,0.21540625,0.5,0.42795,0.40625,0.353875,0.40625,0.21468125,0.328125,0.001334375,0.296875,0.001434375,0.265625,0.000725,0.515625,0.0,0.515625,0.0,0.578125,0.0
uniform_high,64,12,fixed,random_matched,59,0.971992480463116,0.45502645502645506,0.33716935453869046,0.6666666666666666,320000,132,2.0625,0.1598079435073148,0.4090576171875,12,0.046875,0.0546875,0.09711170354524745,0.265625,0.995778125,0.3854166666666667,0.004221875,0.5364583333333334,0.0,0.7669125,0.1917375,0.041350000000000005,0.1875,0.76519375,0.296875,0.190278125,0.3125,0.04030625,0.421875,0.00171875,0.359375,0.001459375,0.375,0.00104375,0.4375,0.0,0.578125,0.0,0.59375,0.0
patchy_high,64,12,fixed,random_matched,57,0.9635416666666666,0.45149911816578486,0.32085509052579364,0.6666666666666666,320000,120,1.875,0.1575928385016868,0.343017578125,10,0.0390625,0.0703125,0.015238007921030883,0.2708333333333333,0.994409375,0.3697916666666667,0.005590625,0.5364583333333334,0.0,0.779534375,0.182609375,0.03785625,0.171875,0.776753125,0.296875,0.180878125,0.34375,0.036778125,0.4375,0.00278125,0.328125,0.00173125,0.34375,0.001078125,0.4375,0.0,0.578125,0.0,0.59375,0.0
split_high_low,64,12,fixed,random_matched,59,0.9739583333333334,0.486276455026455,0.47356743396577383,0.6666666666666666,320000,156,2.4375,0.18457279600597076,0.37255859375,12,0.046875,0.0703125,0.011892848056239278,0.3802083333333333,0.929571875,0.4114583333333333,0.070428125,0.5364583333333334,0.0,0.619934375,0.28365625,0.096409375,0.390625,0.5745,0.3125,0.264240625,0.4375,0.09083125,0.453125,0.045434375,0.390625,0.019415625,0.390625,0.005578125,0.4375,0.0,0.578125,0.0,0.59375,0.0
uniform_high,64,13,fixed,random_matched,58,0.96875,0.46571869488536155,0.4531899646577381,0.6666666666666666,320000,204,3.1875,0.19394536165132908,0.4193115234375,11,0.04296875,0.078125,0.10046799728581182,0.34375,0.9956874999999998,0.3125,0.0043125,0.53125,0.0,0.58743125,0.297415625,0.115153125,0.328125,0.585765625,0.34375,0.29580625,0.359375,0.114115625,0.328125,0.001665625,0.265625,0.001609375,0.34375,0.0010375,0.5,0.0,0.546875,0.0,0.546875,0.0
patchy_high,64,13,fixed,random_matched,59,0.971992480463116,0.46434082892416223,0.4349072591145834,0.6666666666666666,320000,197,3.078125,0.19420037779060922,0.3837890625,9,0.03515625,0.0859375,-0.031796811069308005,0.3177083333333333,0.9956937499999999,0.3333333333333333,0.004306249999999999,0.53125,0.0,0.591446875,0.29666875000000004,0.11188437500000001,0.328125,0.5898,0.265625,0.295084375,0.359375,0.110809375,0.359375,0.001646875,0.3125,0.001584375,0.328125,0.001075,0.5,0.0,0.546875,0.0,0.546875,0.0
split_high_low,64,13,fixed,random_matched,57,0.9615758137964493,0.4739858906525573,0.42624467695932544,0.6666666666666666,320000,209,3.265625,0.20109243094314627,0.369384765625,10,0.0390625,0.0546875,0.07696401599358411,0.3385416666666667,0.967978125,0.3697916666666667,0.032021875,0.53125,0.0,0.57610625,0.31094374999999996,0.11295,0.28125,0.557953125,0.296875,0.300596875,0.4375,0.109428125,0.34375,0.018153125,0.359375,0.010346875,0.40625,0.003521875,0.5,0.0,0.546875,0.0,0.546875,0.0
uniform_high,64,14,fixed,random_matched,55,0.9511591471297827,0.4685295414462081,0.4621509207589285,0.6666666666666666,320000,227,3.546875,0.21132391469162384,0.40771484375,12,0.046875,0.046875,0.07839481984145166,0.3541666666666667,0.995478125,0.34375,0.004521875,0.546875,0.0,0.52381875,0.324721875,0.151459375,0.40625,0.522028125,0.28125,0.3230125,0.375,0.1504375,0.3125,0.001790625,0.296875,0.001709375,0.421875,0.001021875,0.453125,0.0,0.59375,0.0,0.59375,0.0
patchy_high,64,14,fixed,random_matched,58,0.96875,0.46847442680776014,0.4650048161582341,0.6666666666666666,320000,211,3.296875,0.2161103097842509,0.3446044921875,10,0.0390625,0.0546875,-0.06793638283117538,0.375,0.9944124999999999,0.3385416666666667,0.0055875000000000005,0.546875,0.0,0.499646875,0.334871875,0.16548125,0.328125,0.49708125,0.375,0.332775,0.421875,0.16455625,0.265625,0.002565625,0.28125,0.002096875,0.46875,0.000925,0.453125,0.0,0.59375,0.0,0.59375,0.0
split_high_low,64,14,fixed,random_matched,60,0.9791666666666666,0.480544532627866,0.4602602663070436,0.6666666666666666,320000,198,3.09375,0.19587035770450745,0.4373779296875,13,0.05078125,0.1015625,0.167121062636604,0.3854166666666667,0.9652093749999999,0.4270833333333333,0.034790625,0.546875,0.0,0.5791625,0.31017812499999997,0.110659375,0.328125,0.558271875,0.359375,0.299884375,0.46875,0.107053125,0.296875,0.020890625,0.421875,0.01029375,0.5625,0.00360625,0.453125,0.0,0.59375,0.0,0.59375,0.0
uniform_high,64,15,fixed,random_matched,58,0.96875,0.46164021164021163,0.4344043294270833,0.6666666666666666,320000,150,2.34375,0.18329655273581819,0.339111328125,10,0.0390625,0.046875,-0.025734345051828613,0.3177083333333333,0.9955343750000001,0.34375,0.004465625,0.515625,0.0,0.64463125,0.27191875,0.08345,0.296875,0.64295,0.34375,0.27005,0.3125,0.082534375,0.421875,0.00168125,0.21875,0.00186875,0.390625,0.000915625,0.53125,0.0,0.5625,0.0,0.453125,0.0
patchy_high,64,15,fixed,random_matched,56,0.9544016275928987,0.45778218694885364,0.42465010695684524,0.6666666666666666,320000,147,2.296875,0.1733074397036347,0.378662109375,12,0.046875,0.0546875,0.10277814523795523,0.3177083333333333,0.9956343749999998,0.34375,0.004365625,0.515625,0.0,0.6699875,0.25334999999999996,0.07666250000000001,0.296875,0.668459375,0.28125,0.25150625,0.375,0.07566875,0.4375,0.001528125,0.1875,0.00184375,0.40625,0.00099375,0.53125,0.0,0.5625,0.0,0.453125,0.0
split_high_low,64,15,fixed,random_matched,59,0.971992480463116,0.47277336860670194,0.44129860336061505,0.6666666666666666,320000,198,3.09375,0.2092838383707306,0.390380859375,12,0.046875,0.0703125,0.16076027385420777,0.375,0.9654437499999999,0.359375,0.034556250000000004,0.515625,0.0,0.54310625,0.31931875,0.137575,0.265625,0.52486875,0.40625,0.307521875,0.453125,0.133053125,0.421875,0.0182375,0.234375,0.011796875,0.421875,0.004521875,0.53125,0.0,0.5625,0.0,0.453125,0.0
uniform_high,64,16,fixed,random_matched,62,0.9895833333333334,0.4700727513227512,0.45980197017609126,0.6666666666666666,320000,178,2.78125,0.185764827792722,0.4345703125,13,0.05078125,0.03125,0.09667617350237043,0.3802083333333333,0.9955,0.3333333333333333,0.0045000000000000005,0.5,0.0,0.630728125,0.27028437499999997,0.0989875,0.359375,0.62868125,0.296875,0.268753125,0.484375,0.098065625,0.3125,0.002046875,0.296875,0.00153125,0.390625,0.000921875,0.4375,0.0,0.453125,0.0,0.609375,0.0
patchy_high,64,16,fixed,random_matched,55,0.9491932942595653,0.4586089065255732,0.42628988560267855,0.6666666666666666,320000,178,2.78125,0.1908979657138727,0.405517578125,11,0.04296875,0.0625,0.06296103090211946,0.3177083333333333,0.995553125,0.3229166666666667,0.004446875,0.5,0.0,0.61153125,0.280428125,0.108040625,0.28125,0.609565625,0.328125,0.278853125,0.34375,0.107134375,0.28125,0.001965625,0.3125,0.001575,0.375,0.00090625,0.4375,0.0,0.453125,0.0,0.609375,0.0
split_high_low,64,16,fixed,random_matched,60,0.9791666666666666,0.4861111111111111,0.49947704768105156,0.6666666666666666,320000,246,3.84375,0.21008602773815777,0.5059814453125,17,0.06640625,0.0703125,0.11648011389059543,0.4322916666666667,0.981709375,0.359375,0.018290624999999998,0.5,0.0,0.52676875,0.3278875,0.14534375,0.46875,0.51800625,0.421875,0.321321875,0.40625,0.14238125,0.328125,0.0087625,0.34375,0.006565625,0.40625,0.0029625,0.4375,0.0,0.453125,0.0,0.609375,0.0
uniform_high,64,17,fixed,random_matched,58,0.96875,0.47145061728395055,0.4248955031622023,0.6666666666666666,320000,235,3.671875,0.20854213173511288,0.453857421875,14,0.0546875,0.03125,0.25418724694708533,0.34375,0.989725,0.359375,0.010275000000000001,0.4947916666666667,0.0,0.5322,0.327290625,0.140509375,0.265625,0.526775,0.3125,0.323809375,0.453125,0.139140625,0.328125,0.005425,0.359375,0.00348125,0.390625,0.00136875,0.4375,0.0,0.5625,0.0,0.484375,0.0
patchy_high,64,17,fixed,random_matched,59,0.9739583333333334,0.47023809523809523,0.4139879495287699,0.6666666666666666,320000,220,3.4375,0.1910358103390483,0.3673095703125,10,0.0390625,0.0546875,-0.03414837846325163,0.3229166666666667,0.995315625,0.3697916666666667,0.004684375,0.4947916666666667,0.0,0.61226875,0.28647812500000003,0.101253125,0.265625,0.610128125,0.296875,0.28490625,0.40625,0.10028125,0.375,0.002140625,0.328125,0.001571875,0.40625,0.000971875,0.4375,0.0,0.5625,0.0,0.484375,0.0
split_high_low,64,17,fixed,random_matched,57,0.9635416666666666,0.4935515873015873,0.4920988932291666,0.6666666666666666,320000,232,3.625,0.19998592438513121,0.479248046875,15,0.05859375,0.0625,0.038250761436798605,0.4114583333333333,0.979628125,0.4010416666666667,0.020371875,0.4947916666666667,0.0,0.574921875,0.308403125,0.116675,0.4375,0.56168125,0.375,0.3028875,0.421875,0.115059375,0.421875,0.013240625,0.390625,0.005515625,0.390625,0.001615625,0.4375,0.0,0.5625,0.0,0.484375,0.0
uniform_high,64,18,fixed,random_matched,55,0.9491932942595653,0.45568783068783075,0.46501414000496033,0.6666666666666666,320000,210,3.28125,0.20880957841951053,0.3536376953125,11,0.04296875,0.0546875,-0.021221495414617094,0.359375,0.9959562499999999,0.28125,0.0040437500000000005,0.5052083333333334,0.0,0.54359375,0.31653125,0.139875,0.34375,0.54168125,0.375,0.31505,0.359375,0.139225,0.296875,0.0019125,0.203125,0.00148125,0.34375,0.00065,0.515625,0.0,0.40625,0.0,0.59375,0.0
patchy_high,64,18,fixed,random_matched,56,0.9583333333333334,0.44824735449735453,0.4503034892733135,0.6666666666666666,320000,209,3.265625,0.2158791135388624,0.4071044921875,12,0.046875,0.03125,0.06936263525486755,0.3697916666666667,0.99594375,0.265625,0.00405625,0.5052083333333334,0.0,0.507725,0.331853125,0.160421875,0.28125,0.50580625,0.40625,0.330453125,0.421875,0.159684375,0.234375,0.00191875,0.1875,0.0014,0.375,0.0007375,0.515625,0.0,0.40625,0.0,0.59375,0.0
split_high_low,64,18,fixed,random_matched,57,0.9615758137964493,0.45221560846560843,0.4547024708581349,0.6666666666666666,320000,180,2.8125,0.18985775207411187,0.325927734375,13,0.05078125,0.078125,0.045602041106764864,0.3489583333333333,0.99561875,0.2864583333333333,0.00438125,0.5052083333333334,0.0,0.56430625,0.314846875,0.12084687499999999,0.3125,0.562109375,0.4375,0.31330625,0.296875,0.120203125,0.25,0.002196875,0.234375,0.001540625,0.375,0.00064375,0.515625,0.0,0.40625,0.0,0.59375,0.0
uniform_high,64,19,fixed,random_matched,57,0.9615758137964493,0.46053791887125217,0.482659126984127,0.6666666666666666,320000,221,3.453125,0.22392270296133332,0.3643798828125,11,0.04296875,0.046875,0.06651034414310636,0.3854166666666667,0.9961031250000001,0.2916666666666667,0.003896875,0.59375,0.0,0.47074062499999997,0.34223125,0.18702812500000002,0.4375,0.469278125,0.359375,0.340721875,0.359375,0.186103125,0.328125,0.0014625,0.21875,0.001509375,0.328125,0.000925,0.59375,0.0,0.5625,0.0,0.625,0.0
patchy_high,64,19,fixed,random_matched,56,0.956367480463116,0.4651675485008819,0.4749806315104167,0.6666666666666666,320000,234,3.65625,0.22389406838205947,0.4112548828125,12,0.046875,0.0625,0.05842547768415669,0.4166666666666667,0.995803125,0.3125,0.004196875,0.59375,0.0,0.47420625000000005,0.34499687500000004,0.180796875,0.4375,0.47269375,0.296875,0.3433375,0.515625,0.179771875,0.390625,0.0015125,0.25,0.001659375,0.296875,0.001025,0.59375,0.0,0.5625,0.0,0.625,0.0
split_high_low,64,19,fixed,random_matched,52,0.928359960926232,0.45166446208112876,0.4167434291294643,0.6666666666666666,320000,163,2.546875,0.19746042057891952,0.3677978515625,12,0.046875,0.0234375,-0.04698594514024447,0.3020833333333333,0.9797843750000002,0.3385416666666667,0.020215625,0.59375,0.0,0.5813250000000001,0.29845,0.120225,0.28125,0.573290625,0.28125,0.2911375,0.34375,0.11535625,0.421875,0.008034375,0.21875,0.0073125,0.375,0.00486875,0.59375,0.0,0.5625,0.0,0.625,0.0
uniform_high,64,20,fixed,random_matched,55,0.9479166666666666,0.4429012345679012,0.41396538628472224,0.6666666666666666,320000,151,2.359375,0.17308350345440587,0.394287109375,11,0.04296875,0.0390625,0.06851706187045022,0.3020833333333333,0.996040625,0.28125,0.003959375,0.5,0.0,0.685840625,0.24371874999999998,0.07044062499999999,0.28125,0.6843625,0.28125,0.242228125,0.34375,0.06945,0.234375,0.001478125,0.25,0.001490625,0.359375,0.000990625,0.421875,0.0,0.59375,0.0,0.484375,0.0
patchy_high,64,20,fixed,random_matched,53,0.9355341471297827,0.42228835978835977,0.3011739521329366,0.6666666666666666,320000,136,2.125,0.17034912366717087,0.4249267578125,11,0.04296875,0.0625,0.07549511386007784,0.23958333333333334,0.9960625,0.2916666666666667,0.0039375,0.5,0.0,0.7088125000000001,0.23175625,0.05943125,0.15625,0.70734375,0.234375,0.230246875,0.328125,0.058471875,0.21875,0.00146875,0.265625,0.001509375,0.390625,0.000959375,0.421875,0.0,0.59375,0.0,0.484375,0.0
split_high_low,64,20,fixed,random_matched,57,0.9635416666666666,0.4794973544973545,0.49062715928819445,0.6666666666666666,320000,242,3.78125,0.218466737954152,0.457763671875,12,0.046875,0.046875,0.06220543758565247,0.4114583333333333,0.9542906250000001,0.3489583333333333,0.045709375000000003,0.5,0.0,0.48189375,0.3457625,0.17234375000000002,0.4375,0.457475,0.40625,0.331209375,0.390625,0.16560625,0.25,0.02441875,0.359375,0.014553125,0.4375,0.0067375,0.421875,0.0,0.59375,0.0,0.484375,0.0
uniform_high,64,21,fixed,random_matched,58,0.9667841471297827,0.45260141093474426,0.4509682307167659,0.6666666666666666,320000,255,3.984375,0.21279249948308876,0.4439697265625,13,0.05078125,0.078125,0.2507263577912105,0.3802083333333333,0.996040625,0.296875,0.003959375,0.5520833333333334,0.0,0.51471875,0.33287500000000003,0.15240625000000002,0.28125,0.513096875,0.40625,0.33130625,0.453125,0.1516375,0.234375,0.001621875,0.21875,0.00156875,0.4375,0.00076875,0.53125,0.0,0.671875,0.0,0.453125,0.0
patchy_high,64,21,fixed,random_matched,54,0.943984960926232,0.45425485008818345,0.4613463138640873,0.6666666666666666,320000,265,4.140625,0.2118530409271132,0.4117431640625,13,0.05078125,0.0546875,0.002976008680877903,0.40625,0.9962281249999999,0.3020833333333333,0.003771875,0.5520833333333334,0.0,0.52661875,0.3252,0.14818125,0.40625,0.525003125,0.265625,0.323821875,0.546875,0.147403125,0.234375,0.001615625,0.25,0.001378125,0.421875,0.000778125,0.53125,0.0,0.671875,0.0,0.453125,0.0
split_high_low,64,21,fixed,random_matched,59,0.9739583333333334,0.478450176366843,0.4723060779389881,0.6666666666666666,320000,229,3.578125,0.19799071368470558,0.3284912109375,12,0.046875,0.0859375,0.10511033661125489,0.4270833333333333,0.980184375,0.359375,0.019815625,0.5520833333333334,0.0,0.60051875,0.292396875,0.107084375,0.34375,0.592128125,0.40625,0.2855,0.53125,0.10255625,0.3125,0.008390625,0.359375,0.006896875,0.40625,0.004528125,0.53125,0.0,0.671875,0.0,0.453125,0.0
uniform_high,64,22,fixed,random_matched,56,0.956367480463116,0.4420194003527337,0.37714619760664675,0.6666666666666666,320000,139,2.171875,0.16549482138059823,0.3277587890625,9,0.03515625,0.078125,-0.016872984725944576,0.265625,0.9954656249999999,0.3489583333333333,0.004534375,0.4479166666666667,0.0,0.720240625,0.227421875,0.052337499999999995,0.25,0.71834375,0.21875,0.225815625,0.328125,0.05130625,0.359375,0.001896875,0.375,0.00160625,0.3125,0.00103125,0.28125,0.0,0.515625,0.0,0.546875,0.0
patchy_high,64,22,fixed,random_matched,53,0.9368107747226814,0.42746913580246915,0.3050906932043651,0.6666666666666666,320000,131,2.046875,0.15503808554930315,0.3807373046875,12,0.046875,0.1015625,0.16060648291651713,0.21875,0.995809375,0.3541666666666667,0.004190625,0.4479166666666667,0.0,0.772409375,0.1837125,0.043878125,0.171875,0.770784375,0.21875,0.182121875,0.265625,0.042903125,0.375,0.001625,0.34375,0.001590625,0.34375,0.000975,0.28125,0.0,0.515625,0.0,0.546875,0.0
split_high_low,64,22,fixed,random_matched,57,0.9635416666666666,0.4595458553791887,0.3883852725074405,0.6666666666666666,320000,178,2.78125,0.192458606915709,0.4228515625,16,0.0625,0.0546875,0.08280786238920479,0.3020833333333333,0.9842156249999999,0.3958333333333333,0.015784375,0.4479166666666667,0.0,0.6231281249999999,0.2832125,0.093659375,0.21875,0.615353125,0.328125,0.27754375,0.359375,0.09131875,0.390625,0.007775,0.4375,0.00566875,0.359375,0.002340625,0.28125,0.0,0.515625,0.0,0.546875,0.0
uniform_high,64,23,fixed,random_matched,55,0.9511591471297827,0.45712081128747795,0.45410186166914684,0.6666666666666666,320000,234,3.65625,0.22146215867609897,0.3995361328125,11,0.04296875,0.0859375,0.06857340962738519,0.3489583333333333,0.9957968749999999,0.2864583333333333,0.004203125,0.5,0.0,0.47665312499999996,0.345896875,0.17745,0.3125,0.475096875,0.359375,0.34424375,0.375,0.17645625,0.25,0.00155625,0.234375,0.001653125,0.375,0.00099375,0.4375,0.0,0.53125,0.0,0.53125,0.0
patchy_high,64,23,fixed,random_matched,58,0.96875,0.464836860670194,0.43455995938740083,0.6666666666666666,320000,235,3.671875,0.21643609225966481,0.400634765625,16,0.0625,0.0625,-0.02403874089458993,0.359375,0.995621875,0.328125,0.004378125,0.5,0.0,0.508046875,0.33230624999999997,0.159646875,0.3125,0.506203125,0.265625,0.330609375,0.5,0.158809375,0.28125,0.00184375,0.3125,0.001696875,0.390625,0.0008375,0.4375,0.0,0.53125,0.0,0.53125,0.0
split_high_low,64,23,fixed,random_matched,58,0.9667841471297827,0.4501763668430336,0.31366081969246035,0.6666666666666666,320000,143,2.234375,0.16967855111736924,0.3707275390625,11,0.04296875,0.03125,-0.03579686220767602,0.28125,0.993396875,0.34375,0.006603125,0.5,0.0,0.718671875,0.217534375,0.06379375,0.15625,0.715996875,0.28125,0.215115625,0.40625,0.062284375,0.34375,0.002675,0.3125,0.00241875,0.375,0.001509375,0.4375,0.0,0.53125,0.0,0.53125,0.0
uniform_high,64,24,fixed,random_matched,57,0.9615758137964493,0.4487433862433863,0.38449826698908735,0.6666666666666666,320000,126,1.96875,0.15690784584574863,0.3345947265625,11,0.04296875,0.078125,-0.036911687146795324,0.296875,0.995753125,0.3541666666666667,0.004246875,0.4739583333333333,0.0,0.749521875,0.19955625000000002,0.050921875,0.265625,0.747715625,0.1875,0.198084375,0.4375,0.049953125,0.453125,0.00180625,0.203125,0.001471875,0.40625,0.00096875,0.515625,0.0,0.484375,0.0,0.421875,0.0
patchy_high,64,24,fixed,random_matched,58,0.9667841471297827,0.4663800705467372,0.41358879588293657,0.6666666666666666,320000,138,2.15625,0.16926999402023618,0.372802734375,12,0.046875,0.109375,0.06888487332908885,0.3177083333333333,0.9957874999999999,0.375,0.0042125,0.4739583333333333,0.0,0.6862375,0.23656249999999998,0.0772,0.28125,0.68450625,0.265625,0.23505625,0.40625,0.076225,0.40625,0.00173125,0.265625,0.00150625,0.453125,0.000975,0.515625,0.0,0.484375,0.0,0.421875,0.0
split_high_low,64,24,fixed,random_matched,56,0.956367480463116,0.4636243386243386,0.40363938802083327,0.6666666666666666,320000,144,2.25,0.1646476931560314,0.329345703125,8,0.03125,0.109375,-0.005613891132245902,0.3177083333333333,0.9952187499999999,0.4270833333333333,0.00478125,0.4739583333333333,0.0,0.734890625,0.216546875,0.0485625,0.296875,0.73261875,0.1875,0.214725,0.46875,0.047875,0.53125,0.002271875,0.28125,0.001821875,0.46875,0.0006875,0.515625,0.0,0.484375,0.0,0.421875,0.0
uniform_high,64,25,fixed,random_matched,59,0.9739583333333334,0.4770723104056437,0.4753705016121032,0.6666666666666666,320000,237,3.703125,0.2209693671459349,0.432861328125,12,0.046875,0.0703125,0.07000718257314303,0.4010416666666667,0.9952281249999999,0.3541666666666667,0.004771875,0.4427083333333333,0.0,0.485465625,0.3410875,0.173446875,0.375,0.48341875,0.34375,0.3393,0.484375,0.172509375,0.296875,0.002046875,0.3125,0.0017875,0.453125,0.0009375,0.515625,0.0,0.40625,0.0,0.40625,0.0
patchy_high,64,25,fixed,random_matched,58,0.96875,0.4689704585537918,0.4784485088045635,0.6666666666666666,320000,239,3.734375,0.2201477278231439,0.4971923828125,15,0.05859375,0.0625,0.1031979839098377,0.3802083333333333,0.9953843749999999,0.3177083333333333,0.004615625,0.4427083333333333,0.0,0.48893125,0.339484375,0.171584375,0.375,0.4871,0.390625,0.3376375,0.375,0.170646875,0.265625,0.00183125,0.28125,0.001846875,0.40625,0.0009375,0.515625,0.0,0.40625,0.0,0.40625,0.0
split_high_low,64,25,fixed,random_matched,59,0.971992480463116,0.45893959435626097,0.4214552749875992,0.6666666666666666,320000,171,2.671875,0.1966410819713741,0.447265625,13,0.05078125,0.0546875,0.05639200477752964,0.3177083333333333,0.9587125,0.3489583333333333,0.041287500000000005,0.4427083333333333,0.0,0.597828125,0.29620625,0.10596562500000001,0.3125,0.5749625,0.234375,0.282940625,0.40625,0.100809375,0.296875,0.022865625,0.296875,0.013265625,0.453125,0.00515625,0.515625,0.0,0.40625,0.0,0.40625,0.0
uniform_high,64,26,fixed,random_matched,55,0.9479166666666666,0.4401455026455026,0.3782876813616071,0.6666666666666666,320000,212,3.3125,0.20297156846744124,0.393798828125,11,0.04296875,0.078125,0.10157913258871187,0.25,0.9950281250000002,0.3177083333333333,0.004971875000000001,0.453125,0.0,0.558059375,0.30755937499999997,0.13438125,0.25,0.555715625,0.234375,0.3057625,0.265625,0.13355,0.359375,0.00234375,0.265625,0.001796875,0.328125,0.00083125,0.46875,0.0,0.46875,0.0,0.421875,0.0
patchy_high,64,26,fixed,random_matched,57,0.9635416666666666,0.4572310405643739,0.40029902808779755,0.6666666666666666,320000,186,2.90625,0.192811343820036,0.378662109375,12,0.046875,0.0625,0.0941705775786756,0.3541666666666667,0.9948374999999999,0.3072916666666667,0.0051625,0.453125,0.0,0.595440625,0.29860312499999997,0.10595625,0.21875,0.592815625,0.359375,0.296834375,0.484375,0.1051875,0.359375,0.002625,0.25,0.00176875,0.3125,0.00076875,0.46875,0.0,0.46875,0.0,0.421875,0.0
split_high_low,64,26,fixed,random_matched,58,0.96875,0.47167107583774254,0.47709989769345235,0.6666666666666666,320000,203,3.171875,0.1942065197906202,0.3736572265625,10,0.0390625,0.0703125,0.11708476125046272,0.40625,0.984971875,0.3177083333333333,0.015028125000000002,0.453125,0.0,0.59001875,0.2983375,0.11164375,0.46875,0.5801625,0.28125,0.294071875,0.46875,0.1107375,0.359375,0.00985625,0.28125,0.004265625,0.3125,0.00090625,0.46875,0.0,0.46875,0.0,0.421875,0.0
uniform_high,64,27,fixed,random_matched,53,0.940742480463116,0.43039021164021163,0.30607929067460315,0.6666666666666666,320000,165,2.578125,0.17489120828495827,0.3646240234375,14,0.0546875,0.0703125,0.12529365843911677,0.22916666666666666,0.99516875,0.3385416666666667,0.0048312500000000005,0.5104166666666666,0.0,0.6848531250000001,0.2426875,0.072459375,0.171875,0.68215625,0.1875,0.241325,0.328125,0.0716875,0.234375,0.002696875,0.359375,0.0013625,0.421875,0.000771875,0.421875,0.0,0.546875,0.0,0.5625,0.0
patchy_high,64,27,fixed,random_matched,56,0.956367480463116,0.4562389770723104,0.41586602802579364,0.6666666666666666,320000,159,2.484375,0.1858665133143601,0.3353271484375,11,0.04296875,0.1171875,0.03609200986472443,0.3072916666666667,0.99588125,0.3385416666666667,0.00411875,0.5104166666666666,0.0,0.63208125,0.278890625,0.089028125,0.3125,0.6301,0.21875,0.2775625,0.390625,0.08821875,0.265625,0.00198125,0.328125,0.001328125,0.421875,0.000809375,0.421875,0.0,0.546875,0.0,0.5625,0.0
split_high_low,64,27,fixed,random_matched,57,0.9615758137964493,0.47271825396825395,0.4386569986979166,0.6666666666666666,320000,186,2.90625,0.19560478738587359,0.337646484375,11,0.04296875,0.109375,-0.07492023810923866,0.34375,0.995196875,0.3697916666666667,0.004803125,0.5104166666666666,0.0,0.5947968749999999,0.29414375,0.111059375,0.328125,0.592678125,0.265625,0.292359375,0.4375,0.110159375,0.359375,0.00211875,0.328125,0.001784375,0.421875,0.0009,0.421875,0.0,0.546875,0.0,0.5625,0.0
uniform_high,64,28,fixed,random_matched,53,0.940742480463116,0.45045194003527333,0.3460921642485119,0.6666666666666666,320000,133,2.078125,0.17428986478346584,0.3206787109375,11,0.04296875,0.0625,0.23337684865004077,0.25,0.995940625,0.3697916666666667,0.0040593750000000005,0.5416666666666666,0.0,0.681525,0.24209375,0.07638125,0.1875,0.680009375,0.3125,0.240459375,0.25,0.075471875,0.375,0.001515625,0.328125,0.001634375,0.40625,0.000909375,0.53125,0.0,0.546875,0.0,0.546875,0.0
patchy_high,64,28,fixed,random_matched,56,0.956367480463116,0.4704585537918871,0.40034745938740085,0.6666666666666666,320000,120,1.875,0.168558169174644,0.39453125,12,0.046875,0.0546875,-0.0074157464184338275,0.3125,0.9960687500000001,0.3854166666666667,0.003931250000000001,0.5416666666666666,0.0,0.70049375,0.23519062500000001,0.064315625,0.25,0.69896875,0.3125,0.23371875,0.375,0.06338125,0.453125,0.001525,0.328125,0.001471875,0.375,0.000934375,0.53125,0.0,0.546875,0.0,0.546875,0.0
split_high_low,64,28,fixed,random_matched,59,0.9739583333333334,0.4968033509700177,0.49075922154017854,0.6666666666666666,320000,173,2.703125,0.20559066564463202,0.4072265625,14,0.0546875,0.078125,0.05141656943533544,0.4166666666666667,0.943,0.4166666666666667,0.057,0.5416666666666666,0.0,0.558571875,0.3125,0.128928125,0.390625,0.528940625,0.453125,0.2942875,0.40625,0.119771875,0.40625,0.02963125,0.421875,0.0182125,0.421875,0.00915625,0.53125,0.0,0.546875,0.0,0.546875,0.0
uniform_high,64,29,fixed,random_matched,59,0.971992480463116,0.4553020282186949,0.414081550719246,0.6666666666666666,320000,165,2.578125,0.18848363823957576,0.3160400390625,9,0.03515625,0.0859375,0.0675188817346046,0.3333333333333333,0.9964906249999999,0.34375,0.003509375,0.421875,0.0,0.6219406249999999,0.28180625,0.096253125,0.265625,0.62039375,0.296875,0.2804625,0.4375,0.095634375,0.21875,0.001546875,0.3125,0.00134375,0.5,0.00061875,0.4375,0.0,0.40625,0.0,0.421875,0.0
patchy_high,64,29,fixed,random_matched,53,0.9387766275928987,0.4389329805996473,0.3611777142237103,0.6666666666666666,320000,191,2.984375,0.19397342185021535,0.3746337890625,10,0.0390625,0.0703125,0.03438450507556452,0.2708333333333333,0.9965968749999999,0.359375,0.003403125,0.421875,0.0,0.6155437500000001,0.2835875,0.10086875,0.234375,0.61423125,0.1875,0.28211875,0.390625,0.100246875,0.234375,0.0013125,0.3125,0.00146875,0.53125,0.000621875,0.4375,0.0,0.40625,0.0,0.421875,0.0
split_high_low,64,29,fixed,random_matched,53,0.940742480463116,0.4321538800705467,0.31031269376240084,0.6666666666666666,320000,156,2.4375,0.16498970016073183,0.36572265625,13,0.05078125,0.0546875,0.07565297649953805,0.2708333333333333,0.9935749999999999,0.34375,0.006424999999999999,0.421875,0.0,0.698190625,0.2283125,0.073496875,0.15625,0.6951375,0.25,0.225971875,0.40625,0.072465625,0.1875,0.003053125,0.328125,0.002340625,0.515625,0.00103125,0.4375,0.0,0.40625,0.0,0.421875,0.0
uniform_high,64,30,fixed,random_matched,58,0.96875,0.4748677248677248,0.4713133556547619,0.6666666666666666,320000,215,3.359375,0.19643729512558017,0.4346923828125,12,0.046875,0.0390625,0.047074333991537876,0.359375,0.995778125,0.359375,0.004221875,0.5,0.0,0.59465625,0.2927125,0.11263125,0.390625,0.5928125,0.328125,0.29111875,0.359375,0.111846875,0.328125,0.00184375,0.296875,0.00159375,0.453125,0.000784375,0.5,0.0,0.578125,0.0,0.421875,0.0
patchy_high,64,30,fixed,random_matched,60,0.9791666666666666,0.47067901234567905,0.4289436616443452,0.6666666666666666,320000,220,3.4375,0.1984655363514291,0.38720703125,12,0.046875,0.0703125,0.033315284570973575,0.34375,0.9954562499999999,0.3541666666666667,0.00454375,0.5,0.0,0.58659375,0.295709375,0.117696875,0.28125,0.584615625,0.3125,0.29409375,0.4375,0.116746875,0.328125,0.001978125,0.34375,0.001615625,0.390625,0.00095,0.5,0.0,0.578125,0.0,0.421875,0.0
split_high_low,64,30,fixed,random_matched,59,0.971992480463116,0.48247354497354494,0.4859662946428572,0.6666666666666666,320000,264,4.125,0.2346954558445471,0.449951171875,13,0.05078125,0.0546875,0.09731636304948225,0.4479166666666667,0.996175,0.3541666666666667,0.003825,0.5,0.0,0.396121875,0.36049374999999995,0.243384375,0.515625,0.3943125,0.328125,0.359171875,0.5,0.242690625,0.3125,0.001809375,0.328125,0.001321875,0.421875,0.00069375,0.5,0.0,0.578125,0.0,0.421875,0.0
uniform_high,64,31,fixed,random_matched,58,0.9667841471297827,0.46445105820105814,0.48452849547371035,0.6666666666666666,320000,234,3.65625,0.2261120476628855,0.3692626953125,13,0.05078125,0.0625,-0.07757379272702855,0.40625,0.9957093749999999,0.2760416666666667,0.004290625,0.4895833333333333,0.0,0.4381,0.35561875,0.20628125,0.359375,0.436334375,0.4375,0.354003125,0.421875,0.205371875,0.25,0.001765625,0.21875,0.001615625,0.359375,0.000909375,0.515625,0.0,0.46875,0.0,0.484375,0.0
patchy_high,64,31,fixed,random_matched,59,0.9739583333333334,0.4643959435626102,0.49148726438492063,0.6666666666666666,320000,234,3.65625,0.2250539804179399,0.421630859375,13,0.05078125,0.0078125,-0.012310141743765919,0.4166666666666667,0.995553125,0.2708333333333333,0.004446875,0.4895833333333333,0.0,0.46406875,0.346025,0.18990625,0.40625,0.462134375,0.40625,0.34445625,0.4375,0.1889625,0.28125,0.001934375,0.1875,0.00156875,0.34375,0.00094375,0.515625,0.0,0.46875,0.0,0.484375,0.0
split_high_low,64,31,fixed,random_matched,60,0.9772008137964493,0.4705687830687831,0.47399604414682545,0.6666666666666666,320000,253,3.953125,0.22039818117059864,0.4163818359375,12,0.046875,0.046875,0.0815906073875169,0.3958333333333333,0.98961875,0.3125,0.01038125,0.4895833333333333,0.0,0.479565625,0.342296875,0.1781375,0.359375,0.474546875,0.359375,0.338575,0.46875,0.176496875,0.359375,0.00501875,0.203125,0.003721875,0.375,0.001640625,0.515625,0.0,0.46875,0.0,0.484375,0.0
uniform_high,64,32,fixed,random_matched,58,0.9667841471297827,0.4483024691358025,0.3077092122395833,0.6666666666666666,320000,79,1.234375,0.15501270217470448,0.2818603515625,8,0.03125,0.0546875,0.02890853486675007,0.2552083333333333,0.9929093750000001,0.359375,0.007090625,0.4895833333333333,0.0,0.775009375,0.17809687500000002,0.04689375,0.15625,0.7700375,0.328125,0.176625,0.28125,0.046246875,0.390625,0.004971875,0.296875,0.001471875,0.390625,0.000646875,0.453125,0.0,0.53125,0.0,0.484375,0.0
patchy_high,64,32,fixed,random_matched,52,0.9355341471297827,0.4341931216931217,0.3120876968625992,0.6666666666666666,320000,88,1.375,0.15194788353529237,0.313720703125,13,0.05078125,0.078125,0.0006036508127951483,0.22916666666666666,0.9966750000000001,0.3333333333333333,0.003325,0.4895833333333333,0.0,0.774621875,0.182721875,0.04265625000000001,0.1875,0.773053125,0.171875,0.181565625,0.328125,0.04205625,0.3125,0.00156875,0.296875,0.00115625,0.390625,0.0006,0.453125,0.0,0.53125,0.0,0.484375,0.0
split_high_low,64,32,fixed,random_matched,58,0.96875,0.4480268959435626,0.3687378038194445,0.6666666666666666,320000,110,1.71875,0.15933527651567822,0.3692626953125,10,0.0390625,0.0390625,-0.0765438848696858,0.2552083333333333,0.9766656250000001,0.34375,0.023334375,0.4895833333333333,0.0,0.753525,0.198359375,0.048115625,0.234375,0.7347625,0.234375,0.194859375,0.296875,0.04704375,0.28125,0.0187625,0.359375,0.0035,0.390625,0.001071875,0.453125,0.0,0.53125,0.0,0.484375,0.0
uniform_high,64,33,fixed,random_matched,55,0.9511591471297827,0.45133377425044086,0.44829492032490076,0.6666666666666666,320000,219,3.421875,0.21395524108127628,0.39794921875,12,0.046875,0.0390625,0.001929954244771,0.3385416666666667,0.99579375,0.3177083333333333,0.00420625,0.4010416666666667,0.0,0.523690625,0.3238125,0.152496875,0.328125,0.521828125,0.3125,0.32224375,0.375,0.151721875,0.203125,0.0018625,0.28125,0.00156875,0.46875,0.000775,0.375,0.0,0.375,0.0,0.453125,0.0
patchy_high,64,33,fixed,random_matched,58,0.9667841471297827,0.45612874779541446,0.4833939360119048,0.6666666666666666,320000,222,3.46875,0.217741648162935,0.434326171875,10,0.0390625,0.078125,0.088993372458513,0.4270833333333333,0.995615625,0.296875,0.004384375,0.4010416666666667,0.0,0.501440625,0.33005625,0.168503125,0.375,0.499346875,0.390625,0.328528125,0.515625,0.167740625,0.203125,0.00209375,0.21875,0.001528125,0.46875,0.0007625,0.375,0.0,0.375,0.0,0.453125,0.0
split_high_low,64,33,fixed,random_matched,56,0.956367480463116,0.45579805996472667,0.3943977353050595,0.6666666666666666,320000,145,2.265625,0.17002322574737128,0.4091796875,15,0.05859375,0.0546875,0.061896121103767944,0.328125,0.98699375,0.34375,0.013006249999999999,0.4010416666666667,0.0,0.685103125,0.246359375,0.0685375,0.234375,0.67680625,0.328125,0.24286875,0.421875,0.06731875,0.28125,0.008296875,0.296875,0.003490625,0.453125,0.00121875,0.375,0.0,0.375,0.0,0.453125,0.0
uniform_high,64,34,fixed,random_matched,57,0.9635416666666666,0.47938712522045857,0.4805754960317461,0.6666666666666666,320000,209,3.265625,0.21491852430221997,0.451171875,13,0.05078125,0.0625,0.02991012811579815,0.3958333333333333,0.985871875,0.3333333333333333,0.014128125,0.5,0.0,0.5044593749999999,0.333528125,0.1620125,0.40625,0.4978625,0.34375,0.3286,0.4375,0.159409375,0.3125,0.006596875,0.3125,0.004928125,0.375,0.002603125,0.46875,0.0,0.484375,0.0,0.546875,0.0
patchy_high,64,34,fixed,random_matched,58,0.96875,0.476466049382716,0.46073786892361107,0.6666666666666666,320000,214,3.34375,0.20113346360975803,0.401611328125,11,0.04296875,0.0625,0.17955729781112664,0.375,0.9952218749999999,0.3385416666666667,0.004778124999999999,0.5,0.0,0.562159375,0.30643437500000004,0.13140625,0.328125,0.5595125,0.359375,0.304990625,0.4375,0.13071875,0.296875,0.002646875,0.328125,0.00144375,0.390625,0.0006875,0.46875,0.0,0.484375,0.0,0.546875,0.0
split_high_low,64,34,fixed,random_matched,61,0.984375,0.47762345679012347,0.43962839316716273,0.6666666666666666,320000,178,2.78125,0.19460199423877375,0.403564453125,12,0.046875,0.0546875,0.009116855618068518,0.359375,0.96688125,0.3697916666666667,0.03311875,0.5,0.0,0.609565625,0.28825937500000004,0.102175,0.296875,0.593025,0.328125,0.27666875,0.453125,0.0971875,0.34375,0.016540625,0.328125,0.011590625,0.4375,0.0049875,0.46875,0.0,0.484375,0.0,0.546875,0.0
uniform_high,64,35,fixed,random_matched,55,0.953125,0.4514991181657848,0.4436918294270834,0.6666666666666666,320000,199,3.109375,0.19263271743457583,0.4141845703125,14,0.0546875,0.046875,0.03432233684528975,0.3333333333333333,0.9957375000000002,0.28125,0.0042625,0.46875,0.0,0.5925,0.298634375,0.10886562500000001,0.328125,0.5904,0.296875,0.297084375,0.375,0.108253125,0.265625,0.0021,0.25,0.00155,0.328125,0.0006125,0.375,0.0,0.5,0.0,0.53125,0.0
patchy_high,64,35,fixed,random_matched,56,0.9583333333333334,0.45337301587301587,0.4186759998139881,0.6666666666666666,320000,205,3.203125,0.1989041076094077,0.4481201171875,15,0.05859375,0.0546875,0.02366071464781917,0.3177083333333333,0.9957218750000001,0.3072916666666667,0.004278125,0.46875,0.0,0.585415625,0.30084375,0.113740625,0.296875,0.5831625,0.25,0.299378125,0.40625,0.11318125,0.3125,0.002253125,0.28125,0.001465625,0.328125,0.000559375,0.375,0.0,0.5,0.0,0.53125,0.0
split_high_low,64,35,fixed,random_matched,58,0.9667841471297827,0.4630731922398589,0.41371137772817457,0.6666666666666666,320000,167,2.609375,0.17486712490050343,0.420166015625,13,0.05078125,0.0625,0.07515190115277455,0.3177083333333333,0.97408125,0.3489583333333333,0.025918749999999997,0.46875,0.0,0.69001875,0.24516249999999998,0.06481875,0.28125,0.67268125,0.265625,0.238190625,0.40625,0.063209375,0.375,0.0173375,0.3125,0.006971875,0.359375,0.001609375,0.375,0.0,0.5,0.0,0.53125,0.0
uniform_high,64,36,fixed,random_matched,53,0.9335682942595653,0.46549823633156967,0.45671089874751986,0.6666666666666666,320000,182,2.84375,0.19254111628245962,0.4345703125,14,0.0546875,0.0625,0.03158777280801897,0.3489583333333333,0.99623125,0.3229166666666667,0.0037687500000000004,0.4947916666666667,0.0,0.608446875,0.28797812500000003,0.103575,0.359375,0.606803125,0.296875,0.28663125,0.390625,0.102796875,0.296875,0.00164375,0.25,0.001346875,0.421875,0.000778125,0.515625,0.0,0.4375,0.0,0.53125,0.0
patchy_high,64,36,fixed,random_matched,53,0.940742480463116,0.45298721340388004,0.4380301540798611,0.6666666666666666,320000,185,2.890625,0.18880097097814155,0.3961181640625,12,0.046875,0.0859375,-0.051017433472526505,0.3385416666666667,0.99646875,0.296875,0.0035312499999999997,0.4947916666666667,0.0,0.608646875,0.28590312500000004,0.10545,0.328125,0.607315625,0.265625,0.28448125,0.421875,0.104671875,0.25,0.00133125,0.21875,0.001421875,0.421875,0.000778125,0.515625,0.0,0.4375,0.0,0.53125,0.0
split_high_low,64,36,fixed,random_matched,57,0.9635416666666666,0.4786155202821869,0.45665712115575396,0.6666666666666666,320000,190,2.96875,0.2050451361992715,0.3966064453125,12,0.046875,0.0234375,0.038418625483709626,0.3645833333333333,0.9831812499999999,0.3697916666666667,0.01681875,0.4947916666666667,0.0,0.55755,0.316478125,0.125971875,0.34375,0.54869375,0.3125,0.310578125,0.4375,0.123909375,0.328125,0.00885625,0.328125,0.0059,0.453125,0.0020625,0.515625,0.0,0.4375,0.0,0.53125,0.0
uniform_high,64,37,fixed,random_matched,57,0.9635416666666666,0.4699625220458553,0.45087290891617066,0.6666666666666666,320000,211,3.296875,0.19927819560317897,0.3995361328125,13,0.05078125,0.078125,0.0949460502506768,0.359375,0.99539375,0.328125,0.00460625,0.4739583333333333,0.0,0.5678718749999999,0.313003125,0.11912500000000001,0.296875,0.566184375,0.40625,0.31111875,0.375,0.118090625,0.296875,0.0016875,0.328125,0.001884375,0.359375,0.001034375,0.546875,0.0,0.46875,0.0,0.40625,0.0
patchy_high,64,37,fixed,random_matched,59,0.971992480463116,0.47045855379188706,0.4508918991815476,0.6666666666666666,320000,227,3.546875,0.20902386499049813,0.42529296875,14,0.0546875,0.046875,-0.044002769322675904,0.359375,0.993125,0.3333333333333333,0.006875,0.4739583333333333,0.0,0.52330625,0.32729687500000004,0.149396875,0.296875,0.5206625,0.375,0.324590625,0.40625,0.147871875,0.3125,0.00264375,0.296875,0.00270625,0.390625,0.001525,0.546875,0.0,0.46875,0.0,0.40625,0.0
split_high_low,64,37,fixed,random_matched,60,0.9791666666666666,0.48478835978835977,0.47646093129960315,0.6666666666666666,320000,236,3.6875,0.22158932596130868,0.3751220703125,13,0.05078125,0.0703125,0.1435497198334605,0.390625,0.9956531249999999,0.375,0.004346875,0.4739583333333333,0.0,0.473459375,0.345709375,0.18083125,0.359375,0.4720375,0.375,0.343965625,0.4375,0.17965,0.375,0.001421875,0.328125,0.00174375,0.421875,0.00118125,0.546875,0.0,0.46875,0.0,0.40625,0.0
uniform_high,64,38,fixed,random_matched,57,0.9635416666666666,0.45298721340388004,0.4215050068204365,0.6666666666666666,320000,154,2.40625,0.1705114140820324,0.3548583984375,11,0.04296875,0.0859375,-0.011084210093828189,0.3333333333333333,0.9964531249999999,0.296875,0.0035468749999999997,0.5520833333333334,0.0,0.71255625,0.22210312499999998,0.06534062500000001,0.28125,0.711040625,0.3125,0.220765625,0.40625,0.064646875,0.28125,0.001515625,0.21875,0.0013375,0.390625,0.00069375,0.59375,0.0,0.5625,0.0,0.5,0.0
patchy_high,64,38,fixed,random_matched,56,0.9583333333333334,0.43347663139329806,0.37122135726686506,0.6666666666666666,320000,156,2.4375,0.1692158797366138,0.3897705078125,11,0.04296875,0.046875,0.06761886672529732,0.2760416666666667,0.9966125,0.2916666666666667,0.0033875000000000003,0.5520833333333334,0.0,0.6981125,0.23536875,0.06651875,0.21875,0.696603125,0.296875,0.234115625,0.3125,0.06589375,0.28125,0.001509375,0.171875,0.001253125,0.421875,0.000625,0.59375,0.0,0.5625,0.0,0.5,0.0
split_high_low,64,38,fixed,random_matched,54,0.9459508137964493,0.44609788359788355,0.339941158234127,0.6666666666666666,320000,145,2.265625,0.16707357145091084,0.381103515625,11,0.04296875,0.0625,0.0553904639326361,0.328125,0.994646875,0.3489583333333333,0.005353125,0.5520833333333334,0.0,0.727884375,0.2186625,0.053453125,0.171875,0.724509375,0.359375,0.217209375,0.453125,0.052928125,0.296875,0.003375,0.203125,0.001453125,0.546875,0.000525,0.59375,0.0,0.5625,0.0,0.5,0.0
uniform_high,64,39,fixed,random_matched,58,0.9667841471297827,0.4616953262786596,0.4597323986235119,0.6666666666666666,320000,234,3.65625,0.2014228349109129,0.4212646484375,12,0.046875,0.078125,0.10470626946442865,0.34375,0.995575,0.3020833333333333,0.004425,0.515625,0.0,0.589796875,0.294546875,0.11565625,0.375,0.587740625,0.296875,0.293015625,0.359375,0.11481875,0.28125,0.00205625,0.3125,0.00153125,0.3125,0.0008375,0.5625,0.0,0.4375,0.0,0.546875,0.0
patchy_high,64,39,fixed,random_matched,57,0.9635416666666666,0.47100970017636684,0.47517359561011907,0.6666666666666666,320000,231,3.609375,0.19997058714951776,0.3865966796875,12,0.046875,0.09375,0.02455124208096747,0.3854166666666667,0.9956718750000001,0.3177083333333333,0.004328125,0.515625,0.0,0.5989875,0.2944875,0.10652500000000001,0.40625,0.597034375,0.3125,0.29294375,0.4375,0.10569375,0.3125,0.001953125,0.265625,0.00154375,0.375,0.00083125,0.5625,0.0,0.4375,0.0,0.546875,0.0
split_high_low,64,39,fixed,random_matched,56,0.956367480463116,0.46571869488536155,0.4350327783978175,0.6666666666666666,320000,226,3.53125,0.1921028310883133,0.501708984375,14,0.0546875,0.015625,0.10930426430137101,0.3020833333333333,0.99603125,0.3697916666666667,0.00396875,0.515625,0.0,0.60920625,0.28804687500000004,0.102746875,0.359375,0.607665625,0.234375,0.286434375,0.3125,0.10193125,0.359375,0.001540625,0.359375,0.0016125,0.390625,0.000815625,0.5625,0.0,0.4375,0.0,0.546875,0.0
uniform_high,64,40,fixed,random_matched,56,0.9583333333333334,0.4652777777777778,0.4317860212053571,0.6666666666666666,320000,182,2.84375,0.19767245891598556,0.399169921875,12,0.046875,0.078125,0.14749267862865462,0.3020833333333333,0.9952156249999999,0.3645833333333333,0.004784375,0.4791666666666667,0.0,0.598421875,0.291640625,0.10993750000000001,0.328125,0.596653125,0.265625,0.289803125,0.3125,0.108759375,0.3125,0.00176875,0.34375,0.0018375,0.4375,0.001178125,0.4375,0.0,0.46875,0.0,0.53125,0.0
patchy_high,64,40,fixed,random_matched,55,0.953125,0.45888447971781304,0.41275606243799606,0.6666666666666666,320000,178,2.78125,0.19774987344287126,0.4013671875,13,0.05078125,0.0390625,0.03591627316465865,0.3020833333333333,0.99598125,0.34375,0.00401875,0.4791666666666667,0.0,0.5854375,0.29606875,0.11849375,0.25,0.583978125,0.375,0.294515625,0.28125,0.1174875,0.265625,0.001459375,0.34375,0.001553125,0.421875,0.00100625,0.4375,0.0,0.46875,0.0,0.53125,0.0
split_high_low,64,40,fixed,random_matched,54,0.9479166666666666,0.47602513227513227,0.42020804966517855,0.6666666666666666,320000,157,2.453125,0.17586036577367747,0.3397216796875,10,0.0390625,0.0859375,0.09836011126787449,0.3229166666666667,0.995659375,0.390625,0.004340625,0.4791666666666667,0.0,0.65709375,0.258028125,0.084878125,0.265625,0.65558125,0.359375,0.2564375,0.34375,0.083640625,0.375,0.0015125,0.390625,0.001590625,0.40625,0.0012375,0.4375,0.0,0.46875,0.0,0.53125,0.0
uniform_high,64,41,fixed,random_matched,60,0.9791666666666666,0.4688602292768959,0.46148751705109126,0.6666666666666666,320000,205,3.203125,0.2049760220121387,0.406982421875,10,0.0390625,0.078125,0.08573524326182468,0.3958333333333333,0.99631875,0.3177083333333333,0.0036812500000000005,0.5625,0.0,0.55255625,0.31399374999999996,0.13345,0.34375,0.55091875,0.328125,0.312578125,0.515625,0.132821875,0.3125,0.0016375,0.265625,0.001415625,0.375,0.000628125,0.59375,0.0,0.546875,0.0,0.546875,0.0
patchy_high,64,41,fixed,random_matched,56,0.956367480463116,0.46224647266313934,0.43042934182787695,0.6666666666666666,320000,236,3.6875,0.21309899647426794,0.3575439453125,11,0.04296875,0.0625,0.09057872709357222,0.3385416666666667,0.9964,0.3229166666666667,0.0036,0.5625,0.0,0.525359375,0.32674375,0.14789687499999998,0.265625,0.523728125,0.34375,0.32535,0.40625,0.147321875,0.296875,0.00163125,0.28125,0.00139375,0.390625,0.000575,0.59375,0.0,0.546875,0.0,0.546875,0.0
split_high_low,64,41,fixed,random_matched,56,0.953125,0.4634589947089947,0.4284531156994048,0.6666666666666666,320000,255,3.984375,0.19532660979032002,0.3974609375,11,0.04296875,0.046875,0.00577691842944418,0.3645833333333333,0.9887312500000001,0.3385416666666667,0.01126875,0.5625,0.0,0.597165625,0.28924062500000003,0.11359375000000001,0.3125,0.592071875,0.25,0.285225,0.53125,0.111434375,0.296875,0.00509375,0.3125,0.004015625,0.40625,0.002159375,0.59375,0.0,0.546875,0.0,0.546875,0.0
uniform_high,64,42,fixed,random_matched,59,0.971992480463116,0.43805114638447973,0.3367670665922619,0.6666666666666666,320000,162,2.53125,0.18429917185079941,0.3983154296875,11,0.04296875,0.0703125,0.09470069091468024,0.2864583333333333,0.996203125,0.296875,0.003796875,0.4479166666666667,0.0,0.619315625,0.28365937500000005,0.097025,0.15625,0.617953125,0.3125,0.28219375,0.390625,0.09605625,0.359375,0.0013625,0.28125,0.001465625,0.25,0.00096875,0.390625,0.0,0.453125,0.0,0.5,0.0
patchy_high,64,42,fixed,random_matched,54,0.9479166666666666,0.45778218694885364,0.4414579799107143,0.6666666666666666,320000,175,2.734375,0.1845003240247049,0.4376220703125,15,0.05859375,0.046875,0.036653584318863466,0.3229166666666667,0.996015625,0.3125,0.003984375,0.4479166666666667,0.0,0.6032875,0.288709375,0.10800312499999999,0.34375,0.60174375,0.265625,0.287228125,0.359375,0.10704375,0.34375,0.00154375,0.328125,0.00148125,0.265625,0.000959375,0.390625,0.0,0.453125,0.0,0.5,0.0
split_high_low,64,42,fixed,random_matched,59,0.9739583333333334,0.46792328042328046,0.43180523313492064,0.6666666666666666,320000,163,2.546875,0.18371824318926216,0.3695068359375,10,0.0390625,0.0546875,0.038864243385446605,0.3125,0.99534375,0.3645833333333333,0.00465625,0.4479166666666667,0.0,0.624078125,0.27504375,0.100878125,0.3125,0.622090625,0.28125,0.273346875,0.34375,0.09990625,0.375,0.0019875,0.375,0.001696875,0.34375,0.000971875,0.390625,0.0,0.453125,0.0,0.5,0.0
uniform_high,64,43,fixed,random_matched,54,0.9459508137964493,0.43601190476190477,0.28832390873015873,0.6666666666666666,320000,154,2.40625,0.18113014798058158,0.375244140625,14,0.0546875,0.1015625,0.19912717777603314,0.2552083333333333,0.9962875,0.328125,0.0037125000000000005,0.4635416666666667,0.0,0.6811906249999999,0.24895,0.06985937499999999,0.140625,0.679803125,0.21875,0.247496875,0.40625,0.0689875,0.3125,0.0013875,0.34375,0.001453125,0.328125,0.000871875,0.484375,0.0,0.390625,0.0,0.515625,0.0
patchy_high,64,43,fixed,random_matched,56,0.956367480463116,0.4482473544973545,0.39405167875744046,0.6666666666666666,320000,153,2.390625,0.18442727249837115,0.3902587890625,10,0.0390625,0.0390625,0.07738511287674817,0.2864583333333333,0.99625625,0.3072916666666667,0.00374375,0.4635416666666667,0.0,0.6634,0.2559125,0.0806875,0.25,0.6620125,0.28125,0.254434375,0.328125,0.079809375,0.296875,0.0013875,0.296875,0.001478125,0.328125,0.000878125,0.484375,0.0,0.390625,0.0,0.515625,0.0
split_high_low,64,43,fixed,random_matched,54,0.943984960926232,0.4670414462081129,0.4100233196924603,0.6666666666666666,320000,155,2.421875,0.19383630673222318,0.34912109375,13,0.05078125,0.0703125,0.03935999918612269,0.34375,0.9780375,0.3489583333333333,0.0219625,0.4635416666666667,0.0,0.6160000000000001,0.28118750000000003,0.1028125,0.234375,0.6035875,0.375,0.274309375,0.421875,0.100140625,0.28125,0.0124125,0.40625,0.006878125,0.359375,0.002671875,0.484375,0.0,0.390625,0.0,0.515625,0.0
uniform_high,64,44,fixed,random_matched,58,0.9667841471297827,0.45916005291005296,0.39510071459573415,0.6666666666666666,320000,210,3.28125,0.19626229812699386,0.3988037109375,13,0.05078125,0.0703125,0.17056746680765142,0.3541666666666667,0.996090625,0.34375,0.0039093750000000005,0.4947916666666667,0.0,0.627284375,0.2722375,0.100478125,0.234375,0.62554375,0.296875,0.270759375,0.53125,0.0997875,0.390625,0.001740625,0.234375,0.001478125,0.40625,0.000690625,0.53125,0.0,0.546875,0.0,0.40625,0.0
patchy_high,64,44,fixed,random_matched,57,0.9635416666666666,0.4584435626102292,0.3869756029885913,0.6666666666666666,320000,193,3.015625,0.19792172767249555,0.370361328125,10,0.0390625,0.0703125,0.15087683388766002,0.359375,0.996215625,0.3333333333333333,0.003784375,0.4947916666666667,0.0,0.6120000000000001,0.282796875,0.105203125,0.203125,0.610546875,0.359375,0.281240625,0.515625,0.104428125,0.40625,0.001453125,0.234375,0.00155625,0.359375,0.000775,0.53125,0.0,0.546875,0.0,0.40625,0.0
split_high_low,64,44,fixed,random_matched,57,0.9635416666666666,0.47613536155202824,0.4768057601686508,0.6666666666666666,320000,235,3.671875,0.22186397745008543,0.4051513671875,14,0.0546875,0.09375,0.06681492617713758,0.375,0.993390625,0.3541666666666667,0.006609375,0.4947916666666667,0.0,0.486615625,0.34433437499999997,0.16904999999999998,0.390625,0.48316875,0.359375,0.3422125,0.375,0.168009375,0.453125,0.003446875,0.265625,0.002121875,0.34375,0.001040625,0.53125,0.0,0.546875,0.0,0.40625,0.0
uniform_high,64,45,fixed,random_matched,55,0.9511591471297827,0.4479717813051146,0.407464722842262,0.6666666666666666,320000,224,3.5,0.20783903781929958,0.416015625,13,0.05078125,0.0625,0.15135627627847545,0.3125,0.9957343750000001,0.3072916666666667,0.0042656249999999995,0.5052083333333334,0.0,0.5323968750000001,0.327296875,0.14030625,0.28125,0.5305625,0.234375,0.325625,0.421875,0.139546875,0.265625,0.001834375,0.21875,0.001671875,0.4375,0.000759375,0.5,0.0,0.546875,0.0,0.46875,0.0
patchy_high,64,45,fixed,random_matched,57,0.9635416666666666,0.45430996472663143,0.42245151909722223,0.6666666666666666,320000,225,3.515625,0.1940097896938443,0.3427734375,11,0.04296875,0.078125,0.05868656181222026,0.3072916666666667,0.995828125,0.3072916666666667,0.004171875,0.5052083333333334,0.0,0.5916781249999999,0.297396875,0.110925,0.28125,0.589865625,0.3125,0.295834375,0.328125,0.110128125,0.265625,0.0018125,0.265625,0.0015625,0.390625,0.000796875,0.5,0.0,0.546875,0.0,0.46875,0.0
split_high_low,64,45,fixed,random_matched,57,0.9635416666666666,0.4677028218694885,0.41794126984126984,0.6666666666666666,320000,218,3.40625,0.20243328766343358,0.366455078125,13,0.05078125,0.0546875,0.06916340185087072,0.3177083333333333,0.9757781249999999,0.3645833333333333,0.024221874999999997,0.5052083333333334,0.0,0.560471875,0.30515937499999995,0.13436875,0.28125,0.54806875,0.265625,0.297075,0.40625,0.130634375,0.34375,0.012403125,0.3125,0.008084375,0.4375,0.003734375,0.5,0.0,0.546875,0.0,0.46875,0.0
uniform_high,64,46,fixed,random_matched,54,0.9459508137964493,0.45122354497354494,0.40336929873511906,0.6666666666666666,320000,174,2.71875,0.1931357000567357,0.4447021484375,14,0.0546875,0.046875,0.07817435109386793,0.2916666666666667,0.99611875,0.3072916666666667,0.0038812499999999997,0.4895833333333333,0.0,0.61181875,0.276421875,0.11175937500000001,0.265625,0.610134375,0.265625,0.2749625,0.34375,0.111021875,0.328125,0.001684375,0.3125,0.001459375,0.28125,0.0007375,0.4375,0.0,0.515625,0.0,0.515625,0.0
patchy_high,64,46,fixed,random_matched,57,0.9635416666666666,0.4494047619047619,0.3751771499875992,0.6666666666666666,320000,174,2.71875,0.1979112411106867,0.387451171875,11,0.04296875,0.0625,-0.005588184412770832,0.296875,0.996003125,0.3072916666666667,0.003996875,0.4895833333333333,0.0,0.6090687499999999,0.28835312500000004,0.102578125,0.203125,0.60724375,0.3125,0.286859375,0.375,0.1019,0.359375,0.001825,0.265625,0.00149375,0.296875,0.000678125,0.4375,0.0,0.515625,0.0,0.515625,0.0
split_high_low,64,46,fixed,random_matched,54,0.943984960926232,0.46257716049382713,0.4013502123635913,0.6666666666666666,320000,190,2.96875,0.1912396563867278,0.356689453125,11,0.04296875,0.015625,-0.025169979043638276,0.328125,0.983465625,0.3333333333333333,0.016534375,0.4895833333333333,0.0,0.6288187500000001,0.280015625,0.091165625,0.25,0.618071875,0.28125,0.275446875,0.453125,0.089946875,0.34375,0.010746875,0.3125,0.00456875,0.34375,0.00121875,0.4375,0.0,0.515625,0.0,0.515625,0.0
uniform_high,64,47,fixed,random_matched,58,0.96875,0.46367945326278664,0.4481309337797619,0.6666666666666666,320000,183,2.859375,0.17744431787854176,0.3758544921875,12,0.046875,0.0546875,0.06320126212914293,0.3385416666666667,0.9956156249999999,0.328125,0.004384375,0.5364583333333334,0.0,0.683975,0.24414687499999999,0.071878125,0.359375,0.6820875,0.25,0.24240625,0.40625,0.071121875,0.265625,0.0018875,0.3125,0.001740625,0.40625,0.00075625,0.546875,0.0,0.5,0.0,0.5625,0.0
patchy_high,64,47,fixed,random_matched,60,0.9791666666666666,0.4557429453262786,0.4134357654389881,0.6666666666666666,320000,185,2.890625,0.17257011594932445,0.3763427734375,10,0.0390625,0.0703125,0.06488384979844632,0.296875,0.995871875,0.3385416666666667,0.004128125,0.5364583333333334,0.0,0.68333125,0.244171875,0.072496875,0.28125,0.681509375,0.28125,0.242509375,0.328125,0.071853125,0.25,0.001821875,0.3125,0.0016625,0.453125,0.00064375,0.546875,0.0,0.5,0.0,0.5625,0.0
split_high_low,64,47,fixed,random_matched,52,0.9335682942595653,0.44031084656084657,0.2816754200768849,0.6666666666666666,320000,164,2.5625,0.17015839549365544,0.3692626953125,11,0.04296875,0.0625,0.027122803174728153,0.2604166666666667,0.981925,0.3645833333333333,0.018075,0.5364583333333334,0.0,0.741059375,0.208140625,0.050800000000000005,0.140625,0.728275,0.21875,0.204021875,0.421875,0.049628125,0.25,0.012784375,0.375,0.00411875,0.46875,0.001171875,0.546875,0.0,0.5,0.0,0.5625,0.0
uniform_high,64,48,fixed,random_matched,53,0.940742480463116,0.47304894179894186,0.4392787341889881,0.6666666666666666,320000,148,2.3125,0.17894701265318308,0.3447265625,10,0.0390625,0.0546875,-0.09679887447763047,0.3645833333333333,0.99635625,0.3854166666666667,0.0036437500000000003,0.5260416666666666,0.0,0.66335625,0.25351250000000003,0.08313124999999999,0.3125,0.662125,0.296875,0.251971875,0.484375,0.082259375,0.359375,0.00123125,0.28125,0.001540625,0.515625,0.000871875,0.5625,0.0,0.5625,0.0,0.453125,0.0
patchy_high,64,48,fixed,random_matched,56,0.9544016275928987,0.4420745149911816,0.28717977275545636,0.6666666666666666,320000,135,2.109375,0.17130068540622423,0.3526611328125,10,0.0390625,0.0546875,0.08232606140531848,0.296875,0.9962906250000001,0.3489583333333333,0.003709375,0.5260416666666666,0.0,0.717271875,0.220890625,0.061837500000000004,0.125,0.715728125,0.3125,0.219403125,0.453125,0.061159375,0.296875,0.00154375,0.25,0.0014875,0.5,0.000678125,0.5625,0.0,0.5625,0.0,0.453125,0.0
split_high_low,64,48,fixed,random_matched,60,0.9772008137964493,0.46875,0.41214308500744046,0.6666666666666666,320000,180,2.8125,0.19313881038762692,0.3299560546875,10,0.0390625,0.046875,0.08701658244392789,0.3229166666666667,0.9949875,0.3958333333333333,0.0050125000000000005,0.5260416666666666,0.0,0.6057656250000001,0.28574687499999996,0.1084875,0.28125,0.60359375,0.25,0.283928125,0.4375,0.107465625,0.328125,0.002171875,0.359375,0.00181875,0.5,0.001021875,0.5625,0.0,0.5625,0.0,0.453125,0.0
uniform_high,64,49,fixed,random_matched,50,0.9211857747226814,0.4411926807760141,0.4722399631076389,0.6666666666666666,320000,200,3.125,0.20475137311376262,0.4228515625,12,0.046875,0.046875,0.12574062057172677,0.3854166666666667,0.9965124999999999,0.24479166666666666,0.0034874999999999997,0.4479166666666667,0.0,0.5451625,0.311271875,0.143565625,0.34375,0.54346875,0.40625,0.310025,0.40625,0.14301875,0.1875,0.00169375,0.15625,0.001246875,0.390625,0.000546875,0.4375,0.0,0.546875,0.0,0.359375,0.0
patchy_high,64,49,fixed,random_matched,54,0.943984960926232,0.4366732804232804,0.45077841486855164,0.6666666666666666,320000,206,3.21875,0.2080484706857934,0.36328125,11,0.04296875,0.046875,0.09544027031693574,0.3854166666666667,0.9964718750000001,0.2552083333333333,0.003528125,0.4479166666666667,0.0,0.5362125,0.312696875,0.151090625,0.359375,0.53453125,0.265625,0.3113875,0.53125,0.150553125,0.1875,0.00168125,0.171875,0.001309375,0.40625,0.0005375,0.4375,0.0,0.546875,0.0,0.359375,0.0
split_high_low,64,49,fixed,random_matched,57,0.9635416666666666,0.46042768959435626,0.4565304734002977,0.6666666666666666,320000,204,3.1875,0.2094369857766429,0.425048828125,17,0.06640625,0.078125,0.1837639270769653,0.3854166666666667,0.9738875,0.3125,0.0261125,0.4479166666666667,0.0,0.53393125,0.321309375,0.14475937500000002,0.296875,0.52043125,0.421875,0.312228125,0.4375,0.141228125,0.296875,0.0135,0.203125,0.00908125,0.4375,0.00353125,0.4375,0.0,0.546875,0.0,0.359375,0.0
uniform_high,64,50,fixed,random_matched,55,0.9511591471297827,0.42884700176366836,0.1373655769469246,0.6666666666666666,320000,59,0.921875,0.10111036774750463,0.3409423828125,10,0.0390625,0.0703125,-0.04403806429650694,0.22395833333333334,0.9965499999999999,0.390625,0.00345,0.4947916666666667,0.0,0.9266687499999999,0.065771875,0.007559375,0.0625,0.92545625,0.21875,0.064465625,0.390625,0.006628125,0.5,0.0012125,0.28125,0.00130625,0.390625,0.00093125,0.53125,0.0,0.53125,0.0,0.421875,0.0
patchy_high,64,50,fixed,random_matched,59,0.971992480463116,0.4399250440917108,0.16366937003968254,0.6666666666666666,320000,64,1.0,0.10088571955471487,0.3399658203125,10,0.0390625,0.03125,-0.011043131564952176,0.2552083333333333,0.996003125,0.40625,0.0039968749999999996,0.4947916666666667,0.0,0.93611875,0.056334375,0.007546875,0.078125,0.93446875,0.265625,0.054934375,0.421875,0.0066,0.53125,0.00165,0.296875,0.0014,0.390625,0.000946875,0.53125,0.0,0.53125,0.0,0.421875,0.0
split_high_low,64,50,fixed,random_matched,59,0.971992480463116,0.46246693121693117,0.34921696428571425,0.6666666666666666,320000,156,2.4375,0.16408402304433112,0.362060546875,11,0.04296875,0.0546875,-0.04882026031166149,0.2916666666666667,0.9823687499999999,0.4583333333333333,0.017631249999999998,0.4947916666666667,0.0,0.709384375,0.23516562500000002,0.05545,0.203125,0.697565625,0.234375,0.231096875,0.4375,0.05370625,0.515625,0.01181875,0.328125,0.00406875,0.53125,0.00174375,0.53125,0.0,0.53125,0.0,0.421875,0.0
uniform_high,64,51,fixed,random_matched,54,0.9479166666666666,0.4539241622574956,0.45998667999751985,0.6666666666666666,320000,267,4.171875,0.22195045294973897,0.456298828125,13,0.05078125,0.046875,0.11925081502169409,0.359375,0.995196875,0.2708333333333333,0.004803125,0.5052083333333334,0.0,0.4750625,0.34718125,0.17775624999999998,0.34375,0.473346875,0.328125,0.345265625,0.40625,0.176584375,0.296875,0.001715625,0.1875,0.001915625,0.328125,0.001171875,0.5625,0.0,0.515625,0.0,0.4375,0.0
patchy_high,64,51,fixed,random_matched,55,0.9511591471297827,0.4634589947089947,0.4634536225818453,0.6666666666666666,320000,283,4.421875,0.21315718584215596,0.4239501953125,13,0.05078125,0.125,0.09383874155769045,0.3489583333333333,0.9952718749999999,0.3072916666666667,0.004728125,0.5052083333333334,0.0,0.49720312499999997,0.34281875,0.159978125,0.375,0.495603125,0.328125,0.340934375,0.34375,0.158734375,0.296875,0.0016,0.25,0.001884375,0.375,0.00124375,0.5625,0.0,0.515625,0.0,0.4375,0.0
split_high_low,64,51,fixed,random_matched,56,0.956367480463116,0.46819885361552027,0.4757922836061508,0.6666666666666666,320000,290,4.53125,0.2185495992645003,0.4124755859375,11,0.04296875,0.046875,0.02640856279229491,0.375,0.976653125,0.3020833333333333,0.023346875000000003,0.5052083333333334,0.0,0.49288750000000003,0.33935624999999997,0.16775625,0.375,0.479321875,0.390625,0.332709375,0.359375,0.164621875,0.265625,0.013565625,0.296875,0.006646875,0.34375,0.003134375,0.5625,0.0,0.515625,0.0,0.4375,0.0
uniform_high,64,52,fixed,random_matched,55,0.953125,0.46125440917107585,0.4288688724578373,0.6666666666666666,320000,214,3.34375,0.19204689413017179,0.3602294921875,11,0.04296875,0.0625,0.08189879478961617,0.3229166666666667,0.9956281249999999,0.34375,0.004371875,0.484375,0.0,0.6183156249999999,0.279834375,0.10185000000000001,0.28125,0.616390625,0.34375,0.278178125,0.34375,0.101059375,0.328125,0.001925,0.25,0.00165625,0.453125,0.000790625,0.46875,0.0,0.578125,0.0,0.40625,0.0
patchy_high,64,52,fixed,random_matched,57,0.9615758137964493,0.46097883597883593,0.44581854693700396,0.6666666666666666,320000,216,3.375,0.19146142170796482,0.39013671875,12,0.046875,0.0625,0.11067800269059143,0.3489583333333333,0.9958156249999999,0.34375,0.004184375,0.484375,0.0,0.6115375,0.288921875,0.09954062500000001,0.359375,0.60991875,0.25,0.287278125,0.4375,0.09861875,0.375,0.00161875,0.203125,0.00164375,0.453125,0.000921875,0.46875,0.0,0.578125,0.0,0.40625,0.0
split_high_low,64,52,fixed,random_matched,58,0.96875,0.48214285714285715,0.4735864676339286,0.6666666666666666,320000,247,3.859375,0.19975996282815706,0.4283447265625,15,0.05859375,0.09375,0.028628547444464057,0.3958333333333333,0.9923312500000001,0.3802083333333333,0.00766875,0.484375,0.0,0.555771875,0.316578125,0.12764999999999999,0.34375,0.551390625,0.40625,0.31410625,0.4375,0.126834375,0.359375,0.00438125,0.296875,0.002471875,0.484375,0.000815625,0.46875,0.0,0.578125,0.0,0.40625,0.0
uniform_high,64,53,fixed,random_matched,58,0.96875,0.45789241622574955,0.4251760928199405,0.6666666666666666,320000,183,2.859375,0.20164260086560715,0.423828125,14,0.0546875,0.046875,0.06864608637569933,0.3489583333333333,0.9957812500000001,0.3020833333333333,0.00421875,0.4947916666666667,0.0,0.575171875,0.30424375000000003,0.120584375,0.25,0.5735875,0.390625,0.3025875,0.40625,0.11960625,0.3125,0.001584375,0.203125,0.00165625,0.390625,0.000978125,0.5,0.0,0.53125,0.0,0.453125,0.0
patchy_high,64,53,fixed,random_matched,57,0.9635416666666666,0.4603174603174603,0.42511744636656745,0.6666666666666666,320000,201,3.140625,0.20077365343779335,0.4072265625,11,0.04296875,0.0546875,-0.06553234746342017,0.3177083333333333,0.9959781250000002,0.3333333333333333,0.004021875,0.4947916666666667,0.0,0.57055,0.30841875,0.12103124999999999,0.3125,0.569003125,0.25,0.30685625,0.390625,0.12011875,0.390625,0.001546875,0.234375,0.0015625,0.375,0.0009125,0.5,0.0,0.53125,0.0,0.453125,0.0
split_high_low,64,53,fixed,random_matched,55,0.953125,0.46334876543209874,0.41520479910714286,0.6666666666666666,320000,184,2.875,0.2026923519757392,0.3564453125,10,0.0390625,0.015625,0.17597339565259376,0.3125,0.993634375,0.3645833333333333,0.006365625,0.4947916666666667,0.0,0.55528125,0.3184,0.12631874999999998,0.34375,0.551509375,0.1875,0.31655,0.40625,0.125575,0.34375,0.003771875,0.3125,0.00185,0.4375,0.00074375,0.5,0.0,0.53125,0.0,0.453125,0.0
uniform_high,64,54,fixed,random_matched,55,0.9491932942595653,0.44731040564373903,0.2817150638640873,0.6666666666666666,320000,107,1.671875,0.1619075617169722,0.3778076171875,12,0.046875,0.0546875,0.007618814385927441,0.2708333333333333,0.996609375,0.3489583333333333,0.003390625,0.515625,0.0,0.742384375,0.205465625,0.052149999999999995,0.125,0.741028125,0.328125,0.20414375,0.359375,0.0514375,0.3125,0.00135625,0.34375,0.001321875,0.390625,0.0007125,0.578125,0.0,0.5,0.0,0.46875,0.0
patchy_high,64,54,fixed,random_matched,54,0.943984960926232,0.447255291005291,0.3086681873139881,0.6666666666666666,320000,108,1.6875,0.158603516128889,0.37109375,15,0.05859375,0.0703125,-0.019487530702917092,0.2760416666666667,0.9964000000000001,0.3385416666666667,0.0036000000000000003,0.515625,0.0,0.754890625,0.2021375,0.042971875,0.15625,0.753221875,0.296875,0.200871875,0.375,0.04230625,0.265625,0.00166875,0.359375,0.001265625,0.390625,0.000665625,0.578125,0.0,0.5,0.0,0.46875,0.0
split_high_low,64,54,fixed,random_matched,53,0.9368107747226814,0.43810626102292766,0.32902180059523817,0.6666666666666666,320000,107,1.671875,0.16798789241332712,0.36279296875,11,0.04296875,0.0703125,0.07319249435383202,0.234375,0.994325,0.3489583333333333,0.0056749999999999995,0.515625,0.0,0.68981875,0.235715625,0.074465625,0.203125,0.687209375,0.171875,0.233596875,0.328125,0.07351875,0.328125,0.002609375,0.296875,0.00211875,0.421875,0.000946875,0.578125,0.0,0.5,0.0,0.46875,0.0
uniform_high,64,55,fixed,random_matched,55,0.9491932942595653,0.44543650793650796,0.4109641369047619,0.6666666666666666,320000,174,2.71875,0.196960310716085,0.4002685546875,12,0.046875,0.0625,0.03318391632086239,0.3177083333333333,0.996390625,0.28125,0.0036093749999999997,0.5260416666666666,0.0,0.58849375,0.300025,0.11148125,0.265625,0.5870625,0.28125,0.29861875,0.40625,0.110709375,0.28125,0.00143125,0.1875,0.00140625,0.375,0.000771875,0.5,0.0,0.5625,0.0,0.515625,0.0
patchy_high,64,55,fixed,random_matched,56,0.9544016275928987,0.449294532627866,0.4282622132316468,0.6666666666666666,320000,162,2.53125,0.19270725287866025,0.341552734375,11,0.04296875,0.0859375,0.01237628217913368,0.3333333333333333,0.99619375,0.2760416666666667,0.0038062499999999997,0.5260416666666666,0.0,0.5853750000000001,0.29982187499999996,0.114803125,0.265625,0.583675,0.375,0.29840625,0.359375,0.1141125,0.28125,0.0017,0.1875,0.001415625,0.359375,0.000690625,0.5,0.0,0.5625,0.0,0.515625,0.0
split_high_low,64,55,fixed,random_matched,57,0.9615758137964493,0.4623015873015873,0.4507229166666667,0.6666666666666666,320000,196,3.0625,0.199842338807996,0.3446044921875,10,0.0390625,0.078125,0.06213795043506187,0.3541666666666667,0.9726343749999999,0.3072916666666667,0.027365624999999998,0.5260416666666666,0.0,0.555965625,0.317215625,0.12681875,0.34375,0.53688125,0.296875,0.310775,0.421875,0.124978125,0.265625,0.019084375,0.25,0.006440625,0.40625,0.001840625,0.5,0.0,0.5625,0.0,0.515625,0.0
uniform_high,64,56,fixed,random_matched,53,0.940742480463116,0.43529541446208114,0.32344913039434525,0.6666666666666666,320000,127,1.984375,0.1578191402131927,0.37939453125,17,0.06640625,0.0703125,0.09033900089286678,0.265625,0.9964781250000001,0.296875,0.003521875,0.4479166666666667,0.0,0.719134375,0.22491875,0.055946875,0.171875,0.7177875,0.265625,0.22349375,0.359375,0.055196875,0.25,0.001346875,0.328125,0.001425,0.3125,0.00075,0.421875,0.0,0.421875,0.0,0.5,0.0
patchy_high,64,56,fixed,random_matched,58,0.96875,0.44835758377425045,0.40869197048611106,0.6666666666666666,320000,144,2.25,0.1574461919415006,0.3941650390625,12,0.046875,0.078125,-0.011021637008418331,0.3177083333333333,0.9962531250000001,0.2916666666666667,0.003746875,0.4479166666666667,0.0,0.70708125,0.23425937500000002,0.058659375,0.28125,0.70549375,0.25,0.232871875,0.421875,0.0578875,0.234375,0.0015875,0.328125,0.0013875,0.3125,0.000771875,0.421875,0.0,0.421875,0.0,0.5,0.0
split_high_low,64,56,fixed,random_matched,54,0.9459508137964493,0.4463734567901234,0.38442815135168656,0.6666666666666666,320000,166,2.59375,0.16062480839118984,0.3670654296875,13,0.05078125,0.078125,-0.08858471112838817,0.3072916666666667,0.95501875,0.3125,0.04498125,0.4479166666666667,0.0,0.748053125,0.205153125,0.046793749999999995,0.25,0.71830625,0.234375,0.1930375,0.4375,0.043675,0.25,0.029746875,0.421875,0.012115625,0.265625,0.00311875,0.421875,0.0,0.421875,0.0,0.5,0.0
uniform_high,64,57,fixed,random_matched,60,0.9791666666666666,0.4723324514991181,0.4310577938988095,0.6666666666666666,320000,209,3.265625,0.19507897072223512,0.4208984375,12,0.046875,0.0703125,0.2017503647954997,0.375,0.99550625,0.34375,0.00449375,0.4583333333333333,0.0,0.606621875,0.28755000000000003,0.10582812500000001,0.265625,0.6050125,0.375,0.285765625,0.484375,0.104728125,0.34375,0.001609375,0.328125,0.001784375,0.359375,0.0011,0.421875,0.0,0.421875,0.0,0.53125,0.0
patchy_high,64,57,fixed,random_matched,60,0.9791666666666666,0.4651675485008819,0.42742768322172614,0.6666666666666666,320000,199,3.109375,0.197925126946162,0.4090576171875,13,0.05078125,0.046875,0.06025547995715628,0.3229166666666667,0.9954562499999999,0.34375,0.004543749999999999,0.4583333333333333,0.0,0.582165625,0.29705625,0.120778125,0.296875,0.58041875,0.28125,0.295303125,0.390625,0.119734375,0.375,0.001746875,0.3125,0.001753125,0.34375,0.00104375,0.421875,0.0,0.421875,0.0,0.53125,0.0
split_high_low,64,57,fixed,random_matched,60,0.9791666666666666,0.4529320987654321,0.3057838355654761,0.6666666666666666,320000,153,2.390625,0.15984764901850185,0.39111328125,12,0.046875,0.0546875,0.020659326575257677,0.28125,0.99504375,0.375,0.004956250000000001,0.4583333333333333,0.0,0.7447,0.209675,0.045625,0.15625,0.742196875,0.265625,0.208125,0.421875,0.044721875,0.375,0.002503125,0.328125,0.00155,0.421875,0.000903125,0.421875,0.0,0.421875,0.0,0.53125,0.0
uniform_high,64,58,fixed,random_matched,55,0.9459508137964493,0.4478615520282187,0.3748840107266865,0.6666666666666666,320000,184,2.875,0.19860222230821983,0.4000244140625,13,0.05078125,0.0546875,0.055748552387193305,0.2552083333333333,0.98739375,0.3489583333333333,0.01260625,0.5104166666666666,0.0,0.613609375,0.28790000000000004,0.098490625,0.234375,0.60699375,0.25,0.2838375,0.28125,0.0965625,0.34375,0.006615625,0.34375,0.0040625,0.359375,0.001928125,0.5625,0.0,0.40625,0.0,0.5625,0.0
patchy_high,64,58,fixed,random_matched,58,0.96875,0.46268738977072316,0.4155997473338294,0.6666666666666666,320000,192,3.0,0.19730661621461582,0.38671875,11,0.04296875,0.0390625,-0.030436514284782275,0.3697916666666667,0.9905718750000001,0.3333333333333333,0.009428125,0.5104166666666666,0.0,0.6062531250000001,0.291525,0.102221875,0.265625,0.60196875,0.296875,0.288284375,0.546875,0.10031875,0.359375,0.004284375,0.296875,0.003240625,0.34375,0.001903125,0.5625,0.0,0.40625,0.0,0.5625,0.0
split_high_low,64,58,fixed,random_matched,58,0.9648182942595653,0.4718364197530864,0.41487092943948417,0.6666666666666666,320000,178,2.78125,0.1871835450367016,0.3651123046875,11,0.04296875,0.0390625,0.14462670719872184,0.3125,0.94925,0.4010416666666667,0.050749999999999997,0.5104166666666666,0.0,0.635753125,0.2682125,0.096034375,0.265625,0.60559375,0.296875,0.25356875,0.375,0.0900875,0.375,0.030159375,0.390625,0.01464375,0.4375,0.005946875,0.5625,0.0,0.40625,0.0,0.5625,0.0
uniform_high,64,59,fixed,random_matched,61,0.984375,0.4399801587301587,0.34413116629464285,0.6666666666666666,320000,195,3.046875,0.19220182736044764,0.417236328125,14,0.0546875,0.0859375,0.11788034588868798,0.2864583333333333,0.9959156250000001,0.3177083333333333,0.004084375,0.4427083333333333,0.0,0.62648125,0.27119375,0.102325,0.1875,0.62476875,0.234375,0.269609375,0.4375,0.1015375,0.234375,0.0017125,0.296875,0.001584375,0.421875,0.0007875,0.421875,0.0,0.4375,0.0,0.46875,0.0
patchy_high,64,59,fixed,random_matched,57,0.9635416666666666,0.43953924162257496,0.3349247287326389,0.6666666666666666,320000,192,3.0,0.18824274200366403,0.427490234375,13,0.05078125,0.0625,-0.031728188270842776,0.265625,0.9953218750000001,0.328125,0.004678125,0.4427083333333333,0.0,0.635996875,0.27325312500000004,0.09075000000000001,0.171875,0.633896875,0.265625,0.271453125,0.359375,0.089971875,0.234375,0.0021,0.3125,0.0018,0.4375,0.000778125,0.421875,0.0,0.4375,0.0,0.46875,0.0
split_high_low,64,59,fixed,random_matched,58,0.96875,0.47310405643738973,0.4484692971850199,0.6666666666666666,320000,169,2.640625,0.18697824104327715,0.43115234375,14,0.0546875,0.0546875,0.015119350852849702,0.3958333333333333,0.9631312500000001,0.3489583333333333,0.03686875,0.4427083333333333,0.0,0.634078125,0.27214062499999997,0.09378125,0.296875,0.613309375,0.40625,0.26018125,0.484375,0.089640625,0.25,0.02076875,0.328125,0.011959375,0.46875,0.004140625,0.421875,0.0,0.4375,0.0,0.46875,0.0
uniform_high,64,60,fixed,random_matched,59,0.971992480463116,0.46191578483245155,0.44312930462549605,0.6666666666666666,320000,165,2.578125,0.18749767558098107,0.4031982421875,13,0.05078125,0.1015625,-0.0018348654740628204,0.328125,0.9956625,0.3229166666666667,0.0043375,0.5104166666666666,0.0,0.65656875,0.2652375,0.07819375,0.328125,0.654959375,0.296875,0.263471875,0.359375,0.07723125,0.328125,0.001609375,0.28125,0.001765625,0.359375,0.0009625,0.484375,0.0,0.4375,0.0,0.609375,0.0
patchy_high,64,60,fixed,random_matched,54,0.9459508137964493,0.4332561728395062,0.3351366071428571,0.6666666666666666,320000,184,2.875,0.18870856234839092,0.361572265625,12,0.046875,0.0390625,0.012506047835608877,0.24479166666666666,0.995521875,0.3125,0.004478125,0.5104166666666666,0.0,0.6489406249999999,0.267559375,0.0835,0.1875,0.647440625,0.234375,0.265675,0.3125,0.08240625,0.34375,0.0015,0.25,0.001884375,0.34375,0.00109375,0.484375,0.0,0.4375,0.0,0.609375,0.0
split_high_low,64,60,fixed,random_matched,55,0.9491932942595653,0.45916005291005296,0.4036743071056548,0.6666666666666666,320000,141,2.203125,0.17337934242947683,0.3482666015625,11,0.04296875,0.078125,0.11205913822644868,0.296875,0.9955,0.3645833333333333,0.0045,0.5104166666666666,0.0,0.6649,0.26182812499999997,0.073271875,0.28125,0.66309375,0.234375,0.26008125,0.375,0.072325,0.421875,0.00180625,0.28125,0.001746875,0.390625,0.000946875,0.484375,0.0,0.4375,0.0,0.609375,0.0
uniform_high,64,61,fixed,random_matched,54,0.9459508137964493,0.44945987654320985,0.40319363839285716,0.6666666666666666,320000,177,2.765625,0.19115847665658287,0.4091796875,14,0.0546875,0.0703125,0.009515050801453427,0.2916666666666667,0.9958125,0.328125,0.0041875,0.5,0.0,0.5979,0.29238749999999997,0.1097125,0.265625,0.596465625,0.265625,0.290740625,0.34375,0.10860625,0.375,0.001434375,0.21875,0.001646875,0.390625,0.00110625,0.5625,0.0,0.390625,0.0,0.546875,0.0
patchy_high,64,61,fixed,random_matched,54,0.9479166666666666,0.43893298059964725,0.3479587317088294,0.6666666666666666,320000,173,2.703125,0.18340293233839733,0.3804931640625,15,0.05859375,0.125,0.06321191329228555,0.2864583333333333,0.996,0.328125,0.004,0.5,0.0,0.625334375,0.2739125,0.100753125,0.1875,0.62385625,0.25,0.272375,0.421875,0.09976875,0.359375,0.001478125,0.1875,0.0015375,0.4375,0.000984375,0.5625,0.0,0.390625,0.0,0.546875,0.0
split_high_low,64,61,fixed,random_matched,53,0.940742480463116,0.45612874779541446,0.39562937748015875,0.6666666666666666,320000,208,3.25,0.20095836352583035,0.389404296875,11,0.04296875,0.0546875,-0.023136685764417138,0.2916666666666667,0.96375,0.375,0.03625,0.5,0.0,0.5551,0.31462187500000005,0.130278125,0.25,0.534425,0.25,0.302890625,0.375,0.126434375,0.375,0.020675,0.265625,0.01173125,0.484375,0.00384375,0.5625,0.0,0.390625,0.0,0.546875,0.0
uniform_high,64,62,fixed,random_matched,52,0.9355341471297827,0.4540895061728395,0.3885265950520833,0.6666666666666666,320000,151,2.359375,0.17395721927926072,0.35107421875,12,0.046875,0.09375,-0.02512893239269273,0.3385416666666667,0.995725,0.328125,0.004275,0.4322916666666667,0.0,0.692634375,0.24039999999999997,0.066965625,0.234375,0.690559375,0.296875,0.238846875,0.484375,0.06631875,0.28125,0.002075,0.28125,0.001553125,0.421875,0.000646875,0.515625,0.0,0.40625,0.0,0.375,0.0
patchy_high,64,62,fixed,random_matched,59,0.971992480463116,0.45673500881834217,0.3912037062872024,0.6666666666666666,320000,146,2.28125,0.16647753239949953,0.35302734375,12,0.046875,0.0703125,0.024159124390336694,0.3229166666666667,0.9961562500000001,0.3333333333333333,0.00384375,0.4322916666666667,0.0,0.731696875,0.211734375,0.05656875,0.234375,0.72999375,0.34375,0.21020625,0.390625,0.05595625,0.296875,0.001703125,0.28125,0.001528125,0.421875,0.0006125,0.515625,0.0,0.40625,0.0,0.375,0.0
split_high_low,64,62,fixed,random_matched,60,0.9772008137964493,0.47845017636684295,0.46193584294394846,0.6666666666666666,320000,186,2.90625,0.2084649843765275,0.37353515625,10,0.0390625,0.046875,0.0669505543849599,0.390625,0.96664375,0.3697916666666667,0.033356250000000004,0.4322916666666667,0.0,0.5333,0.326978125,0.139721875,0.34375,0.5225,0.328125,0.3145,0.5,0.12964375,0.375,0.0108,0.34375,0.012478125,0.390625,0.010078125,0.515625,0.0,0.40625,0.0,0.375,0.0
uniform_high,64,63,fixed,random_matched,58,0.9667841471297827,0.4750881834215167,0.479081949094742,0.6666666666666666,320000,209,3.265625,0.20128150641148926,0.38037109375,10,0.0390625,0.0703125,0.07999584205834612,0.3958333333333333,0.996034375,0.3177083333333333,0.0039656249999999995,0.4947916666666667,0.0,0.570365625,0.30004375,0.129590625,0.375,0.568403125,0.375,0.298671875,0.4375,0.128959375,0.296875,0.0019625,0.296875,0.001371875,0.359375,0.00063125,0.5625,0.0,0.4375,0.0,0.484375,0.0
patchy_high,64,63,fixed,random_matched,58,0.96875,0.4562940917107584,0.43613900669642863,0.6666666666666666,320000,211,3.296875,0.20208597252655208,0.384033203125,11,0.04296875,0.078125,0.14356307117657363,0.3229166666666667,0.9962656250000002,0.3020833333333333,0.0037343750000000003,0.4947916666666667,0.0,0.577059375,0.296253125,0.12668749999999998,0.328125,0.575109375,0.265625,0.29503125,0.375,0.126125,0.265625,0.00195,0.296875,0.001221875,0.34375,0.0005625,0.5625,0.0,0.4375,0.0,0.484375,0.0
split_high_low,64,63,fixed,random_matched,59,0.9739583333333334,0.47023809523809523,0.46315664062499995,0.6666666666666666,320000,186,2.90625,0.19112318899866332,0.3592529296875,13,0.05078125,0.0859375,-0.04797164476016238,0.390625,0.99658125,0.3229166666666667,0.00341875,0.4947916666666667,0.0,0.568953125,0.30966249999999995,0.121384375,0.40625,0.567378125,0.265625,0.308390625,0.5,0.1208125,0.328125,0.001575,0.296875,0.001271875,0.34375,0.000571875,0.5625,0.0,0.4375,0.0,0.484375,0.0
uniform_high,64,64,fixed,random_matched,55,0.9511591471297827,0.4135251322751322,0.22510601748511905,0.6666666666666666,320000,77,1.203125,0.12803986466555375,0.3837890625,11,0.04296875,0.0546875,0.027175288163680675,0.22916666666666666,0.996846875,0.3020833333333333,0.0031531249999999997,0.5677083333333334,0.0,0.8519749999999999,0.125103125,0.022921875,0.109375,0.85038125,0.234375,0.1239375,0.34375,0.022528125,0.359375,0.00159375,0.1875,0.001165625,0.359375,0.00039375,0.625,0.0,0.625,0.0,0.453125,0.0
patchy_high,64,64,fixed,random_matched,53,0.9335682942595653,0.4147927689594356,0.20760074094742062,0.6666666666666666,320000,94,1.46875,0.13268615267339964,0.3602294921875,13,0.05078125,0.0390625,0.041736513345351625,0.23958333333333334,0.99719375,0.3072916666666667,0.0028062499999999997,0.5677083333333334,0.0,0.851903125,0.125571875,0.022525,0.09375,0.85069375,0.265625,0.12443125,0.359375,0.02206875,0.359375,0.001209375,0.171875,0.001140625,0.390625,0.00045625,0.625,0.0,0.625,0.0,0.453125,0.0
split_high_low,64,64,fixed,random_matched,56,0.956367480463116,0.435515873015873,0.2550543914310516,0.6666666666666666,320000,97,1.515625,0.13206926409415243,0.3712158203125,11,0.04296875,0.0625,0.0704180044459826,0.265625,0.9880156250000001,0.34375,0.011984375,0.5677083333333334,0.0,0.846125,0.1293875,0.024487500000000002,0.125,0.83663125,0.28125,0.1273875,0.390625,0.023996875,0.3125,0.00949375,0.28125,0.002,0.4375,0.000490625,0.625,0.0,0.625,0.0,0.453125,0.0
uniform_high,64,65,fixed,random_matched,58,0.9667841471297827,0.45772707231040566,0.41994627511160715,0.6666666666666666,320000,196,3.0625,0.1937444919651324,0.4168701171875,14,0.0546875,0.0625,0.08544671439418677,0.328125,0.99589375,0.328125,0.00410625,0.5677083333333334,0.0,0.5923906250000001,0.299140625,0.10846875,0.28125,0.59078125,0.28125,0.297571875,0.421875,0.107540625,0.296875,0.001609375,0.296875,0.00156875,0.390625,0.000928125,0.640625,0.0,0.578125,0.0,0.484375,0.0
patchy_high,64,65,fixed,random_matched,57,0.959609960926232,0.4476410934744269,0.399396048797123,0.6666666666666666,320000,205,3.203125,0.18958473071209725,0.3909912109375,11,0.04296875,0.0859375,0.06650823875676877,0.296875,0.996103125,0.3229166666666667,0.003896875,0.5677083333333334,0.0,0.6357343750000001,0.27856875,0.08569687499999999,0.28125,0.634315625,0.21875,0.276996875,0.390625,0.084790625,0.265625,0.00141875,0.3125,0.001571875,0.390625,0.00090625,0.640625,0.0,0.578125,0.0,0.484375,0.0
split_high_low,64,65,fixed,random_matched,59,0.971992480463116,0.45579805996472667,0.4030016803075397,0.6666666666666666,320000,220,3.4375,0.20097786971282533,0.4151611328125,13,0.05078125,0.0546875,0.12876942613953032,0.3177083333333333,0.981721875,0.3541666666666667,0.018278125000000003,0.5677083333333334,0.0,0.5558031250000001,0.31729375,0.126903125,0.28125,0.545678125,0.21875,0.311175,0.453125,0.12486875,0.265625,0.010125,0.390625,0.00611875,0.40625,0.002034375,0.640625,0.0,0.578125,0.0,0.484375,0.0
uniform_high,64,66,fixed,random_matched,55,0.9511591471297827,0.4597663139329806,0.4227626069568452,0.6666666666666666,320000,203,3.171875,0.18362963275244243,0.426025390625,14,0.0546875,0.0390625,0.12242557872869257,0.3385416666666667,0.9964593749999999,0.3385416666666667,0.0035406249999999995,0.4166666666666667,0.0,0.648640625,0.265434375,0.085925,0.265625,0.647315625,0.359375,0.26396875,0.390625,0.085175,0.359375,0.001325,0.25,0.001465625,0.40625,0.00075,0.328125,0.0,0.5,0.0,0.421875,0.0
patchy_high,64,66,fixed,random_matched,55,0.9511591471297827,0.4629629629629629,0.4380018802703373,0.6666666666666666,320000,211,3.296875,0.20474171497228105,0.37353515625,13,0.05078125,0.09375,0.12404662124947077,0.3489583333333333,0.9960906250000001,0.3385416666666667,0.003909375,0.4166666666666667,0.0,0.559440625,0.307859375,0.1327,0.296875,0.558,0.3125,0.3062125,0.4375,0.131878125,0.375,0.001440625,0.28125,0.001646875,0.359375,0.000821875,0.328125,0.0,0.5,0.0,0.421875,0.0
split_high_low,64,66,fixed,random_matched,58,0.96875,0.47878086419753085,0.48375976252480163,0.6666666666666666,320000,219,3.421875,0.21105035775194098,0.3984375,13,0.05078125,0.0625,0.037066529072141814,0.3958333333333333,0.9892,0.359375,0.0108,0.4166666666666667,0.0,0.4980375,0.339771875,0.162190625,0.375,0.493928125,0.421875,0.3355375,0.390625,0.159734375,0.359375,0.004109375,0.34375,0.004234375,0.375,0.00245625,0.328125,0.0,0.5,0.0,0.421875,0.0
uniform_high,64,67,fixed,random_matched,52,0.9296365885191306,0.43154761904761907,0.3483934973338294,0.6666666666666666,320000,113,1.765625,0.15674367873960207,0.3563232421875,11,0.04296875,0.0546875,0.016039845391405988,0.2760416666666667,0.99634375,0.3072916666666667,0.00365625,0.4583333333333333,0.0,0.759965625,0.192775,0.047259375,0.203125,0.7582,0.265625,0.19143125,0.359375,0.0467125,0.203125,0.001765625,0.21875,0.00134375,0.5,0.000546875,0.421875,0.0,0.453125,0.0,0.5,0.0
patchy_high,64,67,fixed,random_matched,53,0.9355341471297827,0.4236111111111111,0.31008331008184525,0.6666666666666666,320000,115,1.796875,0.15431160801120947,0.3704833984375,14,0.0546875,0.0390625,-0.03925822831099232,0.2552083333333333,0.9960218750000001,0.3072916666666667,0.003978125,0.4583333333333333,0.0,0.7800125,0.17910625,0.040881249999999994,0.171875,0.777990625,0.234375,0.17774375,0.359375,0.0402875,0.21875,0.002021875,0.203125,0.0013625,0.5,0.00059375,0.421875,0.0,0.453125,0.0,0.5,0.0
split_high_low,64,67,fixed,random_matched,58,0.9667841471297827,0.462852733686067,0.4404769763764881,0.6666666666666666,320000,210,3.28125,0.19049058402712038,0.4490966796875,13,0.05078125,0.0625,0.1297069057131756,0.3645833333333333,0.9584906249999999,0.3645833333333333,0.041509375,0.4583333333333333,0.0,0.605728125,0.293546875,0.10072500000000001,0.296875,0.580190625,0.34375,0.281521875,0.453125,0.096778125,0.265625,0.0255375,0.25,0.012025,0.578125,0.003946875,0.421875,0.0,0.453125,0.0,0.5,0.0
uniform_high,64,68,fixed,random_matched,58,0.96875,0.46792328042328046,0.463043509734623,0.6666666666666666,320000,199,3.109375,0.21709398035435212,0.3875732421875,10,0.0390625,0.0703125,0.015213377887646262,0.3541666666666667,0.995071875,0.3333333333333333,0.004928125,0.4791666666666667,0.0,0.5135343750000001,0.32641875,0.160046875,0.375,0.511315625,0.3125,0.324603125,0.375,0.159153125,0.28125,0.00221875,0.265625,0.001815625,0.453125,0.00089375,0.4375,0.0,0.46875,0.0,0.53125,0.0
patchy_high,64,68,fixed,random_matched,56,0.956367480463116,0.46919091710758376,0.45561497550843255,0.6666666666666666,320000,206,3.21875,0.22172886612269666,0.3878173828125,11,0.04296875,0.0390625,0.0798139853290451,0.3645833333333333,0.9949125,0.3489583333333333,0.005087500000000001,0.4791666666666667,0.0,0.48624375,0.341421875,0.17233437499999998,0.296875,0.484046875,0.390625,0.339465625,0.40625,0.1714,0.296875,0.002196875,0.25,0.00195625,0.5,0.000934375,0.4375,0.0,0.46875,0.0,0.53125,0.0
split_high_low,64,68,fixed,random_matched,58,0.9667841471297827,0.44290123456790126,0.3224147414434524,0.6666666666666666,320000,114,1.78125,0.16135724347322206,0.3262939453125,9,0.03515625,0.09375,0.052095551354955846,0.2604166666666667,0.9954156249999999,0.3645833333333333,0.004584375,0.4791666666666667,0.0,0.74360625,0.207859375,0.048534375,0.1875,0.741515625,0.203125,0.20624375,0.390625,0.04765625,0.328125,0.002090625,0.265625,0.001615625,0.5,0.000878125,0.4375,0.0,0.46875,0.0,0.53125,0.0
uniform_high,64,69,fixed,random_matched,56,0.9544016275928987,0.462907848324515,0.37231553819444446,0.6666666666666666,320000,114,1.78125,0.16441813802566205,0.32861328125,11,0.04296875,0.0703125,0.07314778753239547,0.3125,0.9965562499999999,0.3645833333333333,0.00344375,0.546875,0.0,0.72573125,0.22106874999999998,0.053200000000000004,0.21875,0.724415625,0.296875,0.219684375,0.421875,0.05245625,0.390625,0.001315625,0.34375,0.001384375,0.359375,0.00074375,0.609375,0.0,0.46875,0.0,0.5625,0.0
patchy_high,64,69,fixed,random_matched,55,0.9491932942595653,0.443397266313933,0.32629649677579364,0.6666666666666666,320000,119,1.859375,0.16649722719493854,0.2762451171875,9,0.03515625,0.046875,0.06470958200654481,0.265625,0.9962,0.328125,0.0038000000000000004,0.546875,0.0,0.7191500000000001,0.22393125,0.056918750000000004,0.171875,0.7176875,0.28125,0.222521875,0.34375,0.055990625,0.328125,0.0014625,0.3125,0.001409375,0.34375,0.000928125,0.609375,0.0,0.46875,0.0,0.5625,0.0
split_high_low,64,69,fixed,random_matched,55,0.9491932942595653,0.4575066137566137,0.4176601081969245,0.6666666666666666,320000,148,2.3125,0.1815590139114752,0.3743896484375,13,0.05078125,0.078125,0.07233262376235283,0.2916666666666667,0.99625625,0.34375,0.0037437499999999997,0.546875,0.0,0.645309375,0.273696875,0.08099375,0.296875,0.643934375,0.265625,0.272275,0.3125,0.080046875,0.3125,0.001375,0.375,0.001421875,0.34375,0.000946875,0.609375,0.0,0.46875,0.0,0.5625,0.0
uniform_high,64,70,fixed,random_matched,54,0.9385165612644876,0.4509479717813051,0.3786446506076389,0.6666666666666666,320000,146,2.28125,0.18172318691126532,0.340087890625,12,0.046875,0.03125,0.14584975206358408,0.328125,0.995753125,0.3177083333333333,0.004246875,0.46875,0.0,0.65819375,0.258509375,0.083296875,0.203125,0.656625,0.359375,0.256884375,0.421875,0.08224375,0.453125,0.00156875,0.21875,0.001625,0.28125,0.001053125,0.421875,0.0,0.453125,0.0,0.53125,0.0
patchy_high,64,70,fixed,random_matched,57,0.9615758137964493,0.4549162257495591,0.4189895058283731,0.6666666666666666,320000,154,2.40625,0.18481073318760172,0.3436279296875,11,0.04296875,0.046875,0.009627217088903723,0.296875,0.995809375,0.3385416666666667,0.004190625,0.46875,0.0,0.6445406250000001,0.265203125,0.09025625,0.296875,0.64284375,0.265625,0.263675,0.328125,0.089290625,0.453125,0.001696875,0.25,0.001528125,0.3125,0.000965625,0.421875,0.0,0.453125,0.0,0.53125,0.0
split_high_low,64,70,fixed,random_matched,58,0.96875,0.4743716931216931,0.4369960193452381,0.6666666666666666,320000,136,2.125,0.17400758046441672,0.308349609375,11,0.04296875,0.046875,0.02758180850800646,0.3697916666666667,0.963553125,0.375,0.036446875000000004,0.46875,0.0,0.68740625,0.239746875,0.072846875,0.28125,0.66328125,0.40625,0.230378125,0.421875,0.06989375,0.453125,0.024125,0.234375,0.00936875,0.4375,0.002953125,0.421875,0.0,0.453125,0.0,0.53125,0.0
uniform_high,64,71,fixed,random_matched,61,0.984375,0.4728835978835979,0.5001370907738095,0.6666666666666666,320000,270,4.21875,0.23501991052521526,0.406005859375,11,0.04296875,0.0859375,0.03167908253839598,0.4427083333333333,0.995590625,0.296875,0.004409375,0.4583333333333333,0.0,0.39514375,0.364040625,0.24081562499999998,0.484375,0.393265625,0.4375,0.36241875,0.40625,0.23990625,0.28125,0.001878125,0.234375,0.001621875,0.375,0.000909375,0.453125,0.0,0.421875,0.0,0.5,0.0
patchy_high,64,71,fixed,random_matched,54,0.9459508137964493,0.46698633156966485,0.4977601609002976,0.6666666666666666,320000,259,4.046875,0.23719043659525532,0.4290771484375,14,0.0546875,0.078125,0.08551790788687065,0.4583333333333333,0.995475,0.2760416666666667,0.004525,0.4583333333333333,0.0,0.39020937499999997,0.364484375,0.24530625,0.390625,0.38829375,0.484375,0.362746875,0.5,0.244434375,0.234375,0.001915625,0.234375,0.0017375,0.359375,0.000871875,0.453125,0.0,0.421875,0.0,0.5,0.0
split_high_low,64,71,fixed,random_matched,54,0.9459508137964493,0.476576278659612,0.45134683934771824,0.6666666666666666,320000,225,3.515625,0.20647902117354006,0.4166259765625,12,0.046875,0.078125,0.043774309186110964,0.359375,0.9677375,0.3645833333333333,0.0322625,0.4583333333333333,0.0,0.561503125,0.3139125,0.12458437500000001,0.328125,0.542496875,0.3125,0.30401875,0.4375,0.121221875,0.390625,0.01900625,0.296875,0.00989375,0.40625,0.0033625,0.453125,0.0,0.421875,0.0,0.5,0.0
uniform_high,64,72,fixed,random_matched,55,0.9511591471297827,0.4653880070546737,0.4275462053571429,0.6666666666666666,320000,200,3.125,0.216917559948334,0.428955078125,14,0.0546875,0.078125,0.009679948013595625,0.328125,0.9955093750000001,0.3385416666666667,0.004490625,0.5,0.0,0.496703125,0.339596875,0.16369999999999998,0.25,0.494753125,0.375,0.33785625,0.359375,0.1629,0.390625,0.00195,0.25,0.001740625,0.375,0.0008,0.5,0.0,0.484375,0.0,0.515625,0.0
patchy_high,64,72,fixed,random_matched,60,0.9791666666666666,0.4697971781305115,0.48139329582093254,0.6666666666666666,320000,201,3.140625,0.21476177581498102,0.428955078125,11,0.04296875,0.0859375,0.03575650036516775,0.3802083333333333,0.995746875,0.3072916666666667,0.004253125,0.5,0.0,0.500690625,0.336178125,0.16313125,0.390625,0.49884375,0.40625,0.33450625,0.34375,0.162396875,0.34375,0.001846875,0.21875,0.001671875,0.359375,0.000734375,0.5,0.0,0.484375,0.0,0.515625,0.0
split_high_low,64,72,fixed,random_matched,59,0.9739583333333334,0.4837962962962963,0.4818306516617064,0.6666666666666666,320000,200,3.125,0.22184539343934823,0.45654296875,12,0.046875,0.0390625,0.06673256301145582,0.4270833333333333,0.9823875000000001,0.34375,0.0176125,0.5,0.0,0.48150625,0.34111250000000004,0.17738125,0.359375,0.474296875,0.40625,0.334834375,0.515625,0.17325625,0.34375,0.007209375,0.296875,0.006278125,0.390625,0.004125,0.5,0.0,0.484375,0.0,0.515625,0.0
uniform_high,64,73,fixed,random_matched,58,0.9667841471297827,0.4636243386243386,0.4391637214781746,0.6666666666666666,320000,140,2.1875,0.1876923936007641,0.382568359375,12,0.046875,0.0625,0.0398321387412725,0.359375,0.995846875,0.328125,0.004153125,0.5104166666666666,0.0,0.643425,0.269621875,0.086953125,0.328125,0.6418875,0.265625,0.268046875,0.484375,0.0859125,0.3125,0.0015375,0.28125,0.001575,0.390625,0.001040625,0.5625,0.0,0.40625,0.0,0.5625,0.0
patchy_high,64,73,fixed,random_matched,56,0.956367480463116,0.46687610229276894,0.4312824621775794,0.6666666666666666,320000,130,2.03125,0.18445816315639516,0.3709716796875,10,0.0390625,0.0546875,0.03669932610518372,0.359375,0.995596875,0.34375,0.004403125,0.5104166666666666,0.0,0.64624375,0.26774375,0.0860125,0.296875,0.644625,0.296875,0.26600625,0.484375,0.084965625,0.3125,0.00161875,0.296875,0.0017375,0.421875,0.001046875,0.5625,0.0,0.40625,0.0,0.5625,0.0
split_high_low,64,73,fixed,random_matched,52,0.9303258137964493,0.4636243386243386,0.4031590556795635,0.6666666666666666,320000,139,2.171875,0.1853791796347756,0.391357421875,10,0.0390625,0.046875,0.06957537036005854,0.3385416666666667,0.96489375,0.3489583333333333,0.03510625,0.5104166666666666,0.0,0.62711875,0.27749999999999997,0.09538125,0.25,0.608809375,0.28125,0.265009375,0.484375,0.091075,0.359375,0.018309375,0.328125,0.012490625,0.359375,0.00430625,0.5625,0.0,0.40625,0.0,0.5625,0.0
uniform_high,64,74,fixed,random_matched,53,0.940742480463116,0.4432870370370371,0.35259495597718254,0.6666666666666666,320000,136,2.125,0.17938864381173125,0.350830078125,11,0.04296875,0.0625,0.019858127984516836,0.265625,0.99633125,0.3333333333333333,0.00366875,0.4895833333333333,0.0,0.6719625,0.25241875,0.07561875,0.21875,0.67035,0.203125,0.251040625,0.375,0.074940625,0.359375,0.0016125,0.234375,0.001378125,0.40625,0.000678125,0.515625,0.0,0.515625,0.0,0.4375,0.0
patchy_high,64,74,fixed,random_matched,55,0.953125,0.45877425044091713,0.3680828218005952,0.6666666666666666,320000,117,1.828125,0.1736056782294234,0.3359375,10,0.0390625,0.0546875,-0.05402045978840824,0.3229166666666667,0.996271875,0.3333333333333333,0.003728125,0.4895833333333333,0.0,0.681446875,0.24748125,0.07107187499999999,0.203125,0.679753125,0.3125,0.246128125,0.453125,0.070390625,0.34375,0.00169375,0.28125,0.001353125,0.375,0.00068125,0.515625,0.0,0.515625,0.0,0.4375,0.0
split_high_low,64,74,fixed,random_matched,54,0.943984960926232,0.44124779541446213,0.3174341207837301,0.6666666666666666,320000,129,2.015625,0.17855730996932223,0.3564453125,11,0.04296875,0.03125,0.09393058952747436,0.265625,0.9861687499999999,0.328125,0.01383125,0.4895833333333333,0.0,0.673684375,0.24948749999999997,0.076828125,0.15625,0.66550625,0.265625,0.24545625,0.375,0.07520625,0.359375,0.008178125,0.234375,0.00403125,0.390625,0.001621875,0.515625,0.0,0.515625,0.0,0.4375,0.0
uniform_high,64,75,fixed,random_matched,56,0.9583333333333334,0.457010582010582,0.44493903459821427,0.6666666666666666,320000,183,2.859375,0.1804660714547035,0.37353515625,12,0.046875,0.0703125,0.033639220179927654,0.3177083333333333,0.996515625,0.3385416666666667,0.0034843750000000005,0.40625,0.0,0.651525,0.2624,0.08607500000000001,0.34375,0.650196875,0.28125,0.26106875,0.328125,0.08525,0.28125,0.001328125,0.296875,0.00133125,0.4375,0.000825,0.40625,0.0,0.453125,0.0,0.359375,0.0
patchy_high,64,75,fixed,random_matched,59,0.9739583333333334,0.45028659611992944,0.39784677889384923,0.6666666666666666,320000,165,2.578125,0.181162048982548,0.384521484375,10,0.0390625,0.0390625,0.07284069100945684,0.328125,0.99675,0.3385416666666667,0.0032500000000000003,0.40625,0.0,0.6667875,0.253471875,0.079740625,0.28125,0.665540625,0.203125,0.25223125,0.5,0.078978125,0.296875,0.001246875,0.296875,0.001240625,0.421875,0.0007625,0.40625,0.0,0.453125,0.0,0.359375,0.0
split_high_low,64,75,fixed,random_matched,55,0.9491932942595653,0.439373897707231,0.3487511780753968,0.6666666666666666,320000,142,2.21875,0.16436795613181554,0.3673095703125,10,0.0390625,0.0703125,0.08175027940069637,0.2760416666666667,0.996415625,0.328125,0.003584375,0.40625,0.0,0.7291875,0.21171875,0.05909375,0.203125,0.727871875,0.25,0.210253125,0.375,0.058290625,0.28125,0.001315625,0.265625,0.001465625,0.4375,0.000803125,0.40625,0.0,0.453125,0.0,0.359375,0.0
uniform_high,64,76,fixed,random_matched,56,0.956367480463116,0.4673721340388007,0.47107921781994044,0.6666666666666666,320000,229,3.578125,0.21452066606078166,0.4710693359375,17,0.06640625,0.0703125,0.06664424137327961,0.375,0.99615,0.3072916666666667,0.00385,0.5677083333333334,0.0,0.5051,0.337215625,0.157684375,0.359375,0.503234375,0.359375,0.335840625,0.40625,0.157075,0.28125,0.001865625,0.28125,0.001375,0.359375,0.000609375,0.53125,0.0,0.578125,0.0,0.59375,0.0
patchy_high,64,76,fixed,random_matched,57,0.9615758137964493,0.4719466490299824,0.462228853546627,0.6666666666666666,320000,225,3.515625,0.20592195140671626,0.347412109375,12,0.046875,0.078125,-0.0661612977519141,0.4010416666666667,0.996084375,0.328125,0.003915625,0.5677083333333334,0.0,0.529178125,0.320246875,0.150575,0.3125,0.52736875,0.390625,0.318740625,0.5,0.149975,0.328125,0.001809375,0.265625,0.00150625,0.390625,0.0006,0.53125,0.0,0.578125,0.0,0.59375,0.0
split_high_low,64,76,fixed,random_matched,58,0.9667841471297827,0.47960758377425045,0.4843924789186508,0.6666666666666666,320000,256,4.0,0.2226610919952089,0.3499755859375,13,0.05078125,0.0546875,0.11493834309077582,0.4322916666666667,0.9787343749999999,0.34375,0.021265625,0.5677083333333334,0.0,0.45195624999999995,0.355503125,0.19254062500000002,0.390625,0.4425125,0.375,0.348,0.53125,0.188221875,0.28125,0.00944375,0.34375,0.007503125,0.40625,0.00431875,0.53125,0.0,0.578125,0.0,0.59375,0.0
uniform_high,64,77,fixed,random_matched,57,0.9635416666666666,0.4640652557319223,0.47299394221230157,0.6666666666666666,320000,266,4.15625,0.21989899003703958,0.4713134765625,13,0.05078125,0.0546875,0.06406356652530013,0.3697916666666667,0.9955281249999999,0.3020833333333333,0.004471875,0.4947916666666667,0.0,0.46940000000000004,0.34846249999999995,0.18213749999999998,0.359375,0.467646875,0.390625,0.34683125,0.359375,0.18105,0.265625,0.001753125,0.234375,0.00163125,0.40625,0.0010875,0.546875,0.0,0.515625,0.0,0.421875,0.0
patchy_high,64,77,fixed,random_matched,57,0.9635416666666666,0.46671075837742504,0.49088141896081355,0.6666666666666666,320000,258,4.03125,0.2267285511768485,0.5372314453125,15,0.05859375,0.0546875,0.10357808121707071,0.4270833333333333,0.995646875,0.2864583333333333,0.004353125,0.4947916666666667,0.0,0.44100312500000005,0.3557625,0.203234375,0.40625,0.439203125,0.390625,0.354234375,0.484375,0.202209375,0.234375,0.0018,0.234375,0.001528125,0.390625,0.001025,0.546875,0.0,0.515625,0.0,0.421875,0.0
split_high_low,64,77,fixed,random_matched,61,0.984375,0.47448192239858905,0.46189501333085314,0.6666666666666666,320000,216,3.375,0.20845378806662382,0.4610595703125,13,0.05078125,0.046875,0.026912758891408373,0.359375,0.99615625,0.359375,0.00384375,0.4947916666666667,0.0,0.545909375,0.317440625,0.13665,0.328125,0.544075,0.390625,0.31611875,0.359375,0.1359625,0.328125,0.001834375,0.28125,0.001321875,0.46875,0.0006875,0.546875,0.0,0.515625,0.0,0.421875,0.0
uniform_high,64,78,fixed,random_matched,57,0.9615758137964493,0.47167107583774254,0.4746711960565476,0.6666666666666666,320000,238,3.71875,0.21756918735875813,0.428955078125,13,0.05078125,0.0703125,0.052098979801138284,0.4010416666666667,0.9960156250000001,0.3125,0.003984375,0.515625,0.0,0.494615625,0.338203125,0.16718125,0.40625,0.492890625,0.3125,0.336721875,0.484375,0.166403125,0.265625,0.001725,0.3125,0.00148125,0.359375,0.000778125,0.484375,0.0,0.484375,0.0,0.578125,0.0
patchy_high,64,78,fixed,random_matched,57,0.9635416666666666,0.4719466490299823,0.49152529916914683,0.6666666666666666,320000,219,3.421875,0.22025893733991533,0.409423828125,12,0.046875,0.0625,0.047712356740943214,0.46875,0.996221875,0.2916666666666667,0.003778125,0.515625,0.0,0.4852375,0.340375,0.1743875,0.375,0.48365625,0.53125,0.338946875,0.5,0.17361875,0.234375,0.00158125,0.296875,0.001428125,0.34375,0.00076875,0.484375,0.0,0.484375,0.0,0.578125,0.0
split_high_low,64,78,fixed,random_matched,58,0.96875,0.4857253086419753,0.4904251364087302,0.6666666666666666,320000,235,3.671875,0.22423850686757996,0.4173583984375,12,0.046875,0.0234375,0.17473378907649775,0.4270833333333333,0.98429375,0.3645833333333333,0.015706249999999998,0.515625,0.0,0.450125,0.35429687499999996,0.195578125,0.375,0.44365625,0.484375,0.34861875,0.421875,0.19201875,0.28125,0.00646875,0.359375,0.005678125,0.453125,0.003559375,0.484375,0.0,0.484375,0.0,0.578125,0.0
uniform_high,64,79,fixed,random_matched,55,0.9511591471297827,0.44323192239858905,0.3560345501612104,0.6666666666666666,320000,204,3.1875,0.20150406114181285,0.4317626953125,14,0.0546875,0.0625,0.05223666497001017,0.265625,0.99513125,0.3385416666666667,0.004868750000000001,0.5416666666666666,0.0,0.5873781250000001,0.29543437499999997,0.1171875,0.203125,0.584875,0.234375,0.2937375,0.359375,0.11651875,0.296875,0.002503125,0.28125,0.001696875,0.4375,0.00066875,0.546875,0.0,0.609375,0.0,0.46875,0.0
patchy_high,64,79,fixed,random_matched,56,0.956367480463116,0.4630731922398589,0.42064178447420636,0.6666666666666666,320000,214,3.34375,0.199282537589291,0.4307861328125,11,0.04296875,0.0703125,0.06139449213239873,0.3333333333333333,0.99544375,0.34375,0.0045562499999999995,0.5416666666666666,0.0,0.577778125,0.302896875,0.119325,0.296875,0.575446875,0.25,0.30130625,0.453125,0.118690625,0.34375,0.00233125,0.296875,0.001590625,0.390625,0.000634375,0.546875,0.0,0.609375,0.0,0.46875,0.0
split_high_low,64,79,fixed,random_matched,54,0.9459508137964493,0.46819885361552027,0.4062023313492063,0.6666666666666666,320000,199,3.109375,0.2010990577723517,0.4747314453125,14,0.0546875,0.046875,0.07439585168150291,0.3125,0.9559312499999999,0.3802083333333333,0.044068750000000004,0.5416666666666666,0.0,0.58495625,0.30265,0.11239375,0.234375,0.555365625,0.328125,0.291565625,0.375,0.109,0.40625,0.029590625,0.34375,0.011084375,0.390625,0.00339375,0.546875,0.0,0.609375,0.0,0.46875,0.0
uniform_high,64,80,fixed,random_matched,56,0.9544016275928987,0.45166446208112876,0.39617749100942456,0.6666666666666666,320000,167,2.609375,0.17964800885208673,0.3990478515625,12,0.046875,0.078125,0.16726208366059847,0.3072916666666667,0.989671875,0.3229166666666667,0.010328124999999999,0.4895833333333333,0.0,0.668784375,0.25735625,0.07385937499999999,0.25,0.662365625,0.28125,0.25444375,0.390625,0.0728625,0.234375,0.00641875,0.3125,0.0029125,0.421875,0.000996875,0.546875,0.0,0.53125,0.0,0.390625,0.0
patchy_high,64,80,fixed,random_matched,50,0.9179432942595653,0.4340828924162257,0.33256978236607143,0.6666666666666666,320000,141,2.203125,0.1714103440017899,0.3394775390625,11,0.04296875,0.1015625,0.0955173141900766,0.25,0.995484375,0.3229166666666667,0.004515625,0.4895833333333333,0.0,0.689909375,0.241596875,0.06849375,0.1875,0.687865625,0.234375,0.239915625,0.328125,0.067703125,0.25,0.00204375,0.28125,0.00168125,0.4375,0.000790625,0.546875,0.0,0.53125,0.0,0.390625,0.0
split_high_low,64,80,fixed,random_matched,58,0.96875,0.47277336860670194,0.4568342215401785,0.6666666666666666,320000,204,3.1875,0.20111037396036754,0.3878173828125,11,0.04296875,0.09375,0.0838525491562421,0.359375,0.946,0.3489583333333333,0.054,0.4895833333333333,0.0,0.5694843749999999,0.3111125,0.119403125,0.328125,0.53675,0.359375,0.295065625,0.390625,0.114184375,0.265625,0.032734375,0.375,0.016046875,0.40625,0.00521875,0.546875,0.0,0.53125,0.0,0.390625,0.0
uniform_high,64,81,fixed,random_matched,58,0.9667841471297827,0.4558531746031746,0.37962747240823413,0.6666666666666666,320000,162,2.53125,0.18640358978881372,0.4619140625,13,0.05078125,0.0390625,0.1253845836927439,0.3072916666666667,0.9958125,0.328125,0.0041875,0.5052083333333334,0.0,0.668165625,0.252559375,0.079275,0.234375,0.66668125,0.25,0.250978125,0.4375,0.078153125,0.328125,0.001484375,0.34375,0.00158125,0.3125,0.001121875,0.546875,0.0,0.515625,0.0,0.453125,0.0
patchy_high,64,81,fixed,random_matched,54,0.9400532551857972,0.45337301587301587,0.36469093501984134,0.6666666666666666,320000,192,3.0,0.1874743171061368,0.43310546875,16,0.0625,0.0703125,0.17137374905957456,0.28125,0.9959250000000001,0.3385416666666667,0.0040750000000000005,0.5052083333333334,0.0,0.6286812500000001,0.280271875,0.091046875,0.203125,0.627315625,0.28125,0.27863125,0.359375,0.089978125,0.34375,0.001365625,0.375,0.001640625,0.296875,0.00106875,0.546875,0.0,0.515625,0.0,0.453125,0.0
split_high_low,64,81,fixed,random_matched,56,0.9544016275928987,0.45083774250440917,0.32255641276041663,0.6666666666666666,320000,199,3.109375,0.1848656642044086,0.3988037109375,13,0.05078125,0.03125,0.1127886490912379,0.265625,0.96178125,0.375,0.03821875,0.5052083333333334,0.0,0.6457625,0.26975312500000004,0.084484375,0.140625,0.62274375,0.328125,0.2581875,0.328125,0.08085,0.328125,0.02301875,0.46875,0.011565625,0.328125,0.003634375,0.546875,0.0,0.515625,0.0,0.453125,0.0
uniform_high,64,82,fixed,random_matched,56,0.956367480463116,0.4675374779541446,0.47945882161458325,0.6666666666666666,320000,225,3.515625,0.21772465753993253,0.3939208984375,15,0.05859375,0.0546875,0.0788035558391813,0.390625,0.9956031249999999,0.3020833333333333,0.004396875,0.5,0.0,0.48565,0.336603125,0.177746875,0.359375,0.483490625,0.453125,0.3350875,0.359375,0.177025,0.3125,0.002159375,0.203125,0.001515625,0.390625,0.000721875,0.46875,0.0,0.5,0.0,0.53125,0.0
patchy_high,64,82,fixed,random_matched,56,0.9511591471297827,0.46825396825396826,0.45479176587301584,0.6666666666666666,320000,225,3.515625,0.22115772286454494,0.4312744140625,13,0.05078125,0.0703125,0.017834085616575856,0.3385416666666667,0.9957875,0.328125,0.0042125,0.5,0.0,0.45692187500000003,0.34983125,0.193246875,0.328125,0.45493125,0.359375,0.34833125,0.328125,0.192525,0.34375,0.001990625,0.265625,0.0015,0.375,0.000721875,0.46875,0.0,0.5,0.0,0.53125,0.0
split_high_low,64,82,fixed,random_matched,58,0.96875,0.478450176366843,0.49369917689732146,0.6666666666666666,320000,245,3.828125,0.2184380970701563,0.356201171875,13,0.05078125,0.0703125,0.09144511119905954,0.4166666666666667,0.986434375,0.328125,0.013565625000000001,0.5,0.0,0.4804625,0.341125,0.1784125,0.421875,0.4748375,0.421875,0.336359375,0.40625,0.1752375,0.359375,0.005625,0.21875,0.004765625,0.40625,0.003175,0.46875,0.0,0.5,0.0,0.53125,0.0
uniform_high,64,83,fixed,random_matched,55,0.9491932942595653,0.4634038800705467,0.48317291666666673,0.6666666666666666,320000,227,3.546875,0.20439694022350766,0.41162109375,11,0.04296875,0.09375,0.18977237105825173,0.3802083333333333,0.995378125,0.3177083333333333,0.004621875,0.59375,0.0,0.532115625,0.32445625,0.14342812500000002,0.40625,0.53015625,0.390625,0.322696875,0.34375,0.142525,0.28125,0.001959375,0.28125,0.001759375,0.390625,0.000903125,0.65625,0.0,0.484375,0.0,0.640625,0.0
patchy_high,64,83,fixed,random_matched,60,0.9791666666666666,0.4733796296296296,0.5026446258060516,0.6666666666666666,320000,243,3.796875,0.22106422307781431,0.45556640625,13,0.05078125,0.078125,-0.0007046400964991036,0.46875,0.9952968750000001,0.3177083333333333,0.004703125,0.59375,0.0,0.470096875,0.349278125,0.180625,0.453125,0.468075,0.4375,0.347490625,0.515625,0.17973125,0.296875,0.002021875,0.296875,0.0017875,0.359375,0.00089375,0.65625,0.0,0.484375,0.0,0.640625,0.0
split_high_low,64,83,fixed,random_matched,61,0.984375,0.4771825396825397,0.49144743613591274,0.6666666666666666,320000,252,3.9375,0.22675532073220145,0.4420166015625,12,0.046875,0.0234375,0.17044093624423626,0.4270833333333333,0.9948750000000001,0.3541666666666667,0.005124999999999999,0.59375,0.0,0.433203125,0.354,0.212796875,0.375,0.431140625,0.453125,0.351996875,0.453125,0.2117375,0.296875,0.0020625,0.34375,0.002003125,0.421875,0.001059375,0.65625,0.0,0.484375,0.0,0.640625,0.0
uniform_high,64,84,fixed,random_matched,58,0.9667841471297827,0.48076499118165783,0.4815640113467261,0.6666666666666666,320000,169,2.640625,0.18832520292287513,0.31640625,11,0.04296875,0.0859375,-0.04940971232170534,0.4010416666666667,0.99606875,0.3489583333333333,0.003931250000000001,0.515625,0.0,0.6381749999999999,0.26935,0.092475,0.375,0.636646875,0.40625,0.267871875,0.421875,0.09155,0.328125,0.001528125,0.28125,0.001478125,0.4375,0.000925,0.453125,0.0,0.515625,0.0,0.578125,0.0
patchy_high,64,84,fixed,random_matched,57,0.959609960926232,0.4548611111111111,0.41891330450148806,0.6666666666666666,320000,201,3.140625,0.183271859339034,0.3583984375,10,0.0390625,0.0546875,0.08268842308991416,0.296875,0.996296875,0.328125,0.003703125,0.515625,0.0,0.651865625,0.26231875,0.085815625,0.296875,0.650271875,0.265625,0.260975,0.328125,0.08505,0.328125,0.00159375,0.25,0.00134375,0.40625,0.000765625,0.453125,0.0,0.515625,0.0,0.578125,0.0
split_high_low,64,84,fixed,random_matched,60,0.9772008137964493,0.4739858906525573,0.4528597609747024,0.6666666666666666,320000,202,3.15625,0.2021927521742975,0.3829345703125,10,0.0390625,0.0703125,0.07427191820964825,0.359375,0.988559375,0.3541666666666667,0.011440625,0.515625,0.0,0.567253125,0.31024375000000004,0.12250312499999999,0.34375,0.56121875,0.296875,0.306346875,0.4375,0.12099375,0.375,0.006034375,0.28125,0.003896875,0.40625,0.001509375,0.453125,0.0,0.515625,0.0,0.578125,0.0
uniform_high,64,85,fixed,random_matched,60,0.9791666666666666,0.465002204585538,0.4480618505084325,0.6666666666666666,320000,193,3.015625,0.20477767961869342,0.447021484375,14,0.0546875,0.078125,0.1479694317239483,0.328125,0.99640625,0.3333333333333333,0.00359375,0.5208333333333334,0.0,0.5416875,0.3217625,0.13654999999999998,0.375,0.5401875,0.265625,0.320459375,0.34375,0.135759375,0.34375,0.0015,0.28125,0.001303125,0.375,0.000790625,0.515625,0.0,0.578125,0.0,0.46875,0.0
patchy_high,64,85,fixed,random_matched,59,0.9739583333333334,0.4724426807760141,0.44866070808531744,0.6666666666666666,320000,195,3.046875,0.19545740807272358,0.424560546875,12,0.046875,0.046875,-0.02712214711279418,0.3489583333333333,0.996309375,0.3489583333333333,0.003690625,0.5208333333333334,0.0,0.603709375,0.28814062500000004,0.10815,0.34375,0.6022875,0.28125,0.286746875,0.421875,0.107275,0.3125,0.001421875,0.34375,0.00139375,0.390625,0.000875,0.515625,0.0,0.578125,0.0,0.46875,0.0
split_high_low,64,85,fixed,random_matched,53,0.940742480463116,0.462907848324515,0.40890258091517856,0.6666666666666666,320000,183,2.859375,0.1975885323332465,0.45703125,15,0.05859375,0.0703125,0.02533371505810532,0.296875,0.9719906250000001,0.3645833333333333,0.028009375,0.5208333333333334,0.0,0.5886281250000001,0.299153125,0.11221875,0.265625,0.574646875,0.28125,0.289559375,0.34375,0.107784375,0.359375,0.01398125,0.296875,0.00959375,0.4375,0.004434375,0.515625,0.0,0.578125,0.0,0.46875,0.0
uniform_high,64,86,fixed,random_matched,58,0.9593498945978208,0.46643518518518523,0.45929409412202377,0.6666666666666666,320000,213,3.328125,0.20341439378529147,0.3673095703125,13,0.05078125,0.078125,0.12618022404019283,0.359375,0.996065625,0.3229166666666667,0.0039343749999999995,0.4375,0.0,0.562615625,0.303628125,0.13375625,0.34375,0.561075,0.328125,0.30213125,0.40625,0.132859375,0.359375,0.001540625,0.234375,0.001496875,0.375,0.000896875,0.484375,0.0,0.40625,0.0,0.421875,0.0
patchy_high,64,86,fixed,random_matched,58,0.9635416666666666,0.46571869488536155,0.45017890935019844,0.6666666666666666,320000,201,3.140625,0.20547268408873887,0.3929443359375,14,0.0546875,0.078125,-0.054502636479675855,0.3854166666666667,0.995784375,0.3125,0.004215625,0.4375,0.0,0.5618968750000001,0.309409375,0.12869375000000002,0.28125,0.560003125,0.453125,0.307928125,0.421875,0.127853125,0.328125,0.00189375,0.234375,0.00148125,0.375,0.000840625,0.484375,0.0,0.40625,0.0,0.421875,0.0
split_high_low,64,86,fixed,random_matched,54,0.9479166666666666,0.47541887125220456,0.4445224423363096,0.6666666666666666,320000,162,2.53125,0.18430653137778458,0.383056640625,13,0.05078125,0.0390625,-0.04532638868411047,0.3697916666666667,0.94364375,0.359375,0.05635625000000001,0.4375,0.0,0.677346875,0.25015,0.072503125,0.296875,0.641715625,0.390625,0.2350625,0.421875,0.066865625,0.34375,0.03563125,0.296875,0.0150875,0.4375,0.0056375,0.484375,0.0,0.40625,0.0,0.421875,0.0
uniform_high,64,87,fixed,random_matched,56,0.956367480463116,0.46334876543209874,0.4241990466889881,0.6666666666666666,320000,187,2.921875,0.1862061174881649,0.3787841796875,13,0.05078125,0.0234375,-0.009289703306017964,0.3125,0.9962125000000001,0.3333333333333333,0.0037875,0.5052083333333334,0.0,0.63923125,0.271096875,0.089671875,0.28125,0.63765,0.328125,0.26966875,0.328125,0.08889375,0.296875,0.00158125,0.390625,0.001428125,0.3125,0.000778125,0.515625,0.0,0.46875,0.0,0.53125,0.0
patchy_high,64,87,fixed,random_matched,56,0.9544016275928987,0.44615299823633153,0.353500992063492,0.6666666666666666,320000,177,2.765625,0.18757803343462376,0.372802734375,14,0.0546875,0.0625,0.08974162508758761,0.265625,0.995915625,0.328125,0.004084375,0.5052083333333334,0.0,0.653109375,0.26611875,0.08077187499999999,0.203125,0.651278125,0.25,0.264684375,0.34375,0.079953125,0.328125,0.00183125,0.390625,0.001434375,0.265625,0.00081875,0.515625,0.0,0.46875,0.0,0.53125,0.0
split_high_low,64,87,fixed,random_matched,57,0.9583333333333334,0.480544532627866,0.43062677021329365,0.6666666666666666,320000,176,2.75,0.18939883500375862,0.403076171875,13,0.05078125,0.03125,0.014646092943045627,0.359375,0.988828125,0.390625,0.011171875000000001,0.5052083333333334,0.0,0.6266125,0.276390625,0.096996875,0.265625,0.620859375,0.390625,0.272590625,0.421875,0.095378125,0.453125,0.005753125,0.40625,0.0038,0.3125,0.00161875,0.515625,0.0,0.46875,0.0,0.53125,0.0
uniform_high,64,88,fixed,random_matched,55,0.9479166666666666,0.4442239858906526,0.33924342912946426,0.6666666666666666,320000,125,1.953125,0.14478483738424058,0.3253173828125,10,0.0390625,0.046875,0.06495290464356013,0.265625,0.996021875,0.3177083333333333,0.003978125,0.4791666666666667,0.0,0.7752281249999999,0.182859375,0.0419125,0.1875,0.7738375,0.328125,0.181225,0.28125,0.040959375,0.375,0.001390625,0.265625,0.001634375,0.3125,0.000953125,0.484375,0.0,0.46875,0.0,0.484375,0.0
patchy_high,64,88,fixed,random_matched,58,0.9648182942595653,0.44053130511463845,0.30259862506200397,0.6666666666666666,320000,119,1.859375,0.1508846236546374,0.337646484375,10,0.0390625,0.0703125,0.13766766074850098,0.2604166666666667,0.9958687500000001,0.3177083333333333,0.0041312499999999995,0.4791666666666667,0.0,0.7855562500000001,0.1739375,0.04050625,0.15625,0.783990625,0.296875,0.17229375,0.328125,0.039584375,0.390625,0.001565625,0.265625,0.00164375,0.296875,0.000921875,0.484375,0.0,0.46875,0.0,0.484375,0.0
split_high_low,64,88,fixed,random_matched,59,0.971992480463116,0.4736000881834215,0.43669293464781744,0.6666666666666666,320000,153,2.390625,0.17255414978396114,0.3367919921875,9,0.03515625,0.046875,0.027869202370994904,0.359375,0.96026875,0.34375,0.03973125,0.4791666666666667,0.0,0.6851125,0.247346875,0.06754062499999999,0.296875,0.65953125,0.328125,0.236915625,0.453125,0.063821875,0.390625,0.02558125,0.34375,0.01043125,0.296875,0.00371875,0.484375,0.0,0.46875,0.0,0.484375,0.0
uniform_high,64,89,fixed,random_matched,53,0.9375,0.4456018518518518,0.3695212766617064,0.6666666666666666,320000,162,2.53125,0.17816193212710757,0.385009765625,12,0.046875,0.109375,0.04722685979465229,0.2760416666666667,0.9968125000000001,0.328125,0.0031875,0.5260416666666666,0.0,0.664325,0.25326875,0.08240625,0.234375,0.663040625,0.21875,0.251953125,0.375,0.08181875,0.28125,0.001284375,0.265625,0.001315625,0.4375,0.0005875,0.515625,0.0,0.5,0.0,0.5625,0.0
patchy_high,64,89,fixed,random_matched,57,0.9635416666666666,0.45541225749559083,0.39868038969494046,0.6666666666666666,320000,141,2.203125,0.18558744959898316,0.3983154296875,13,0.05078125,0.109375,0.16155762214873934,0.328125,0.9968125,0.3177083333333333,0.0031875000000000002,0.5260416666666666,0.0,0.64468125,0.27816874999999996,0.07715000000000001,0.25,0.643390625,0.28125,0.276925,0.453125,0.076496875,0.265625,0.001290625,0.265625,0.00124375,0.421875,0.000653125,0.515625,0.0,0.5,0.0,0.5625,0.0
split_high_low,64,89,fixed,random_matched,58,0.9667841471297827,0.46378968253968256,0.42296868644593255,0.6666666666666666,320000,158,2.46875,0.18931233640114362,0.4013671875,12,0.046875,0.0703125,0.13978921132709707,0.3229166666666667,0.9719031250000001,0.34375,0.028096875,0.5260416666666666,0.0,0.619540625,0.285178125,0.09528125000000001,0.265625,0.6002375,0.359375,0.278221875,0.34375,0.09344375,0.3125,0.019303125,0.265625,0.00695625,0.453125,0.0018375,0.515625,0.0,0.5,0.0,0.5625,0.0
uniform_high,64,90,fixed,random_matched,56,0.956367480463116,0.4732142857142857,0.48784922495039684,0.6666666666666666,320000,195,3.046875,0.21526798548836473,0.36669921875,10,0.0390625,0.046875,0.005359779412365978,0.421875,0.9961,0.3020833333333333,0.0039,0.4947916666666667,0.0,0.4752125,0.33601875000000003,0.18876875,0.390625,0.473725,0.390625,0.33450625,0.484375,0.18786875,0.28125,0.0014875,0.265625,0.0015125,0.359375,0.0009,0.5625,0.0,0.453125,0.0,0.46875,0.0
patchy_high,64,90,fixed,random_matched,55,0.953125,0.4826388888888889,0.499770927889385,0.6666666666666666,320000,212,3.3125,0.21931312408748094,0.406982421875,11,0.04296875,0.09375,0.08122071966139745,0.453125,0.995996875,0.328125,0.004003125,0.4947916666666667,0.0,0.46195312499999996,0.343384375,0.1946625,0.4375,0.4605625,0.421875,0.341846875,0.5,0.1935875,0.28125,0.001390625,0.3125,0.0015375,0.390625,0.001075,0.5625,0.0,0.453125,0.0,0.46875,0.0
split_high_low,64,90,fixed,random_matched,55,0.9491932942595653,0.47966269841269843,0.4604154653397818,0.6666666666666666,320000,172,2.6875,0.20616736873041708,0.3922119140625,12,0.046875,0.0703125,0.0013623752021543032,0.3645833333333333,0.99060625,0.3645833333333333,0.00939375,0.4947916666666667,0.0,0.53644375,0.318490625,0.145065625,0.34375,0.5313875,0.328125,0.31535625,0.421875,0.1438625,0.328125,0.00505625,0.359375,0.003134375,0.40625,0.001203125,0.5625,0.0,0.453125,0.0,0.46875,0.0
uniform_high,64,91,fixed,random_matched,50,0.9231516275928987,0.45023148148148145,0.3760430168030754,0.6666666666666666,320000,146,2.28125,0.17344258650056749,0.3475341796875,12,0.046875,0.109375,0.11345508996074498,0.2864583333333333,0.9966812500000001,0.3125,0.0033187499999999997,0.5104166666666666,0.0,0.687828125,0.2370625,0.075109375,0.21875,0.686715625,0.3125,0.23573125,0.328125,0.074234375,0.28125,0.0011125,0.359375,0.00133125,0.296875,0.000875,0.53125,0.0,0.53125,0.0,0.46875,0.0
patchy_high,64,91,fixed,random_matched,54,0.9459508137964493,0.45199514991181655,0.3894495380704365,0.6666666666666666,320000,150,2.34375,0.17275276773898116,0.362060546875,11,0.04296875,0.0546875,0.04896063395326642,0.3125,0.996690625,0.296875,0.003309375,0.5104166666666666,0.0,0.6976875,0.236321875,0.065990625,0.234375,0.696603125,0.3125,0.234890625,0.390625,0.065196875,0.3125,0.001084375,0.328125,0.00143125,0.25,0.00079375,0.53125,0.0,0.53125,0.0,0.46875,0.0
split_high_low,64,91,fixed,random_matched,54,0.9427083333333334,0.4579475308641975,0.38200323505704364,0.6666666666666666,320000,169,2.640625,0.1732662156147722,0.3914794921875,12,0.046875,0.0703125,0.05135813229084412,0.3125,0.9966250000000001,0.328125,0.0033750000000000004,0.5104166666666666,0.0,0.6841125,0.2458625,0.070025,0.234375,0.682871875,0.265625,0.244553125,0.4375,0.0692,0.328125,0.001240625,0.34375,0.001309375,0.3125,0.000825,0.53125,0.0,0.53125,0.0,0.46875,0.0
uniform_high,64,92,fixed,random_matched,53,0.9387766275928987,0.45849867724867727,0.4289320545014881,0.6666666666666666,320000,246,3.84375,0.2184092088782827,0.475341796875,19,0.07421875,0.0703125,0.055970557972351766,0.3229166666666667,0.99516875,0.3229166666666667,0.0048312500000000005,0.515625,0.0,0.46742187500000004,0.34483125000000003,0.187746875,0.390625,0.46555,0.203125,0.34298125,0.375,0.1866375,0.296875,0.001871875,0.296875,0.00185,0.375,0.001109375,0.515625,0.0,0.46875,0.0,0.5625,0.0
patchy_high,64,92,fixed,random_matched,60,0.9791666666666666,0.47723765432098764,0.49050582682291666,0.6666666666666666,320000,249,3.890625,0.21968826608333805,0.4434814453125,13,0.05078125,0.0234375,0.14213518380703258,0.40625,0.994709375,0.3229166666666667,0.005290625,0.515625,0.0,0.477221875,0.346115625,0.1766625,0.40625,0.4751125,0.453125,0.34413125,0.359375,0.175465625,0.375,0.002109375,0.265625,0.001984375,0.328125,0.001196875,0.515625,0.0,0.46875,0.0,0.5625,0.0
split_high_low,64,92,fixed,random_matched,54,0.9479166666666666,0.45855379188712525,0.3903500790550595,0.6666666666666666,320000,179,2.796875,0.1949059328581755,0.3760986328125,11,0.04296875,0.046875,0.06763936729043775,0.2708333333333333,0.9938374999999999,0.3697916666666667,0.0061625,0.515625,0.0,0.5451499999999999,0.31877187500000004,0.136078125,0.234375,0.54194375,0.296875,0.316825,0.28125,0.13506875,0.40625,0.00320625,0.328125,0.001946875,0.375,0.001009375,0.515625,0.0,0.46875,0.0,0.5625,0.0
uniform_high,64,93,fixed,random_matched,56,0.956367480463116,0.45397927689594353,0.4288983057415675,0.6666666666666666,320000,155,2.421875,0.20171847707959967,0.4053955078125,14,0.0546875,0.0625,0.07947676829797971,0.375,0.9966125,0.2760416666666667,0.0033875,0.4895833333333333,0.0,0.569203125,0.308284375,0.1225125,0.265625,0.567690625,0.34375,0.306965625,0.515625,0.12195625,0.25,0.0015125,0.25,0.00131875,0.328125,0.00055625,0.4375,0.0,0.5,0.0,0.53125,0.0
patchy_high,64,93,fixed,random_matched,57,0.9635416666666666,0.4444444444444444,0.396570515562996,0.6666666666666666,320000,165,2.578125,0.1932359529652447,0.3699951171875,12,0.046875,0.03125,0.10305600868980919,0.3177083333333333,0.9967125,0.2760416666666667,0.0032875,0.4895833333333333,0.0,0.5914375000000001,0.3001375,0.108425,0.234375,0.590021875,0.296875,0.298828125,0.421875,0.1078625,0.265625,0.001415625,0.21875,0.001309375,0.34375,0.0005625,0.4375,0.0,0.5,0.0,0.53125,0.0
split_high_low,64,93,fixed,random_matched,56,0.956367480463116,0.4559634038800705,0.41322024584573425,0.6666666666666666,320000,152,2.375,0.18159839760377533,0.394287109375,11,0.04296875,0.046875,0.07720781640112405,0.3125,0.9528125000000001,0.3072916666666667,0.0471875,0.4895833333333333,0.0,0.644525,0.27490312499999997,0.080571875,0.265625,0.6145625,0.3125,0.261703125,0.359375,0.076546875,0.28125,0.0299625,0.28125,0.0132,0.359375,0.004025,0.4375,0.0,0.5,0.0,0.53125,0.0
uniform_high,64,94,fixed,random_matched,59,0.971992480463116,0.47685185185185186,0.4652037310887896,0.6666666666666666,320000,205,3.203125,0.18954847021485954,0.4427490234375,15,0.05859375,0.078125,0.12351245674804293,0.375,0.9954437499999998,0.34375,0.0045562499999999995,0.53125,0.0,0.595078125,0.29234375,0.112578125,0.34375,0.59348125,0.359375,0.290378125,0.421875,0.111584375,0.421875,0.001596875,0.3125,0.001965625,0.296875,0.00099375,0.5625,0.0,0.5,0.0,0.53125,0.0
patchy_high,64,94,fixed,random_matched,51,0.9244282551857972,0.45949074074074076,0.4019124798487103,0.6666666666666666,320000,194,3.03125,0.19638494685380292,0.471435546875,14,0.0546875,0.0703125,0.038998637253142406,0.296875,0.994853125,0.34375,0.005146875,0.53125,0.0,0.5738562500000001,0.30129375,0.12485,0.265625,0.5722125,0.25,0.299034375,0.375,0.12360625,0.390625,0.00164375,0.328125,0.002259375,0.3125,0.00124375,0.5625,0.0,0.5,0.0,0.53125,0.0
split_high_low,64,94,fixed,random_matched,59,0.9739583333333334,0.4819775132275132,0.4385921456473214,1.0,320000,208,3.25,0.19426825716671892,0.4254150390625,14,0.0546875,0.0625,-0.0508088437652997,0.3697916666666667,0.980565625,0.3854166666666667,0.019368750000000004,0.53125,6.5625e-05,0.5992999999999999,0.290890625,0.109809375,0.28125,0.587903125,0.359375,0.28504375,0.46875,0.10761875,0.375,0.011353125,0.421875,0.005828125,0.359375,0.0021875,0.5625,4.375e-05,0.5,1.875e-05,0.53125,3.125e-06
uniform_high,64,95,fixed,random_matched,55,0.953125,0.44047619047619047,0.37245335596478174,0.6666666666666666,320000,162,2.53125,0.19008937903517187,0.3319091796875,10,0.0390625,0.0703125,0.00579436373887509,0.2760416666666667,0.996415625,0.3177083333333333,0.003584375,0.5104166666666666,0.0,0.61838125,0.27914687499999996,0.102471875,0.21875,0.616990625,0.265625,0.277784375,0.34375,0.101640625,0.40625,0.001390625,0.234375,0.0013625,0.3125,0.00083125,0.4375,0.0,0.640625,0.0,0.453125,0.0
patchy_high,64,95,fixed,random_matched,56,0.956367480463116,0.4547508818342152,0.4034893151661707,0.6666666666666666,320000,141,2.203125,0.16996016209316786,0.337158203125,11,0.04296875,0.0703125,0.08262706049119965,0.296875,0.9956875000000001,0.34375,0.0043125,0.5104166666666666,0.0,0.7095625000000001,0.23143750000000002,0.059000000000000004,0.265625,0.70781875,0.28125,0.229859375,0.34375,0.058009375,0.421875,0.00174375,0.296875,0.001578125,0.3125,0.000990625,0.4375,0.0,0.640625,0.0,0.453125,0.0
split_high_low,64,95,fixed,random_matched,56,0.956367480463116,0.4625220458553792,0.41555088510664684,0.6666666666666666,320000,193,3.015625,0.1892434824637158,0.36376953125,12,0.046875,0.0546875,0.0019610663645302155,0.3020833333333333,0.99581875,0.3854166666666667,0.004181249999999999,0.5104166666666666,0.0,0.628546875,0.274690625,0.0967625,0.28125,0.626665625,0.28125,0.27315,0.34375,0.096003125,0.484375,0.00188125,0.3125,0.001540625,0.359375,0.000759375,0.4375,0.0,0.640625,0.0,0.453125,0.0
uniform_high,64,96,fixed,random_matched,57,0.9615758137964493,0.44328703703703703,0.3304813523065476,0.6666666666666666,320000,119,1.859375,0.15863907924456205,0.3548583984375,14,0.0546875,0.0390625,-0.003545409972063496,0.265625,0.9953062500000001,0.3489583333333333,0.00469375,0.5052083333333334,0.0,0.736084375,0.20996562500000002,0.05395,0.1875,0.7344,0.234375,0.2081,0.375,0.05280625,0.375,0.001684375,0.3125,0.001865625,0.359375,0.00114375,0.640625,0.0,0.484375,0.0,0.390625,0.0
patchy_high,64,96,fixed,random_matched,54,0.940742480463116,0.4427910052910053,0.3220096416170635,0.6666666666666666,320000,129,2.015625,0.15754998423656616,0.3095703125,10,0.0390625,0.0390625,0.04598545046137244,0.2604166666666667,0.996140625,0.3489583333333333,0.003859375,0.5052083333333334,0.0,0.76275625,0.19467500000000001,0.04256875,0.171875,0.7614375,0.296875,0.19313125,0.3125,0.041571875,0.375,0.00131875,0.296875,0.00154375,0.375,0.000996875,0.640625,0.0,0.484375,0.0,0.390625,0.0
split_high_low,64,96,fixed,random_matched,59,0.9739583333333334,0.45403439153439157,0.38141703249007936,0.6666666666666666,320000,176,2.75,0.18813954996844062,0.3909912109375,11,0.04296875,0.0703125,0.08567434547508922,0.2864583333333333,0.9946843750000001,0.375,0.005315625,0.5052083333333334,0.0,0.629440625,0.2785,0.092059375,0.25,0.627003125,0.21875,0.276621875,0.390625,0.091059375,0.328125,0.0024375,0.359375,0.001878125,0.4375,0.001,0.640625,0.0,0.484375,0.0,0.390625,0.0
uniform_high,64,97,fixed,random_matched,58,0.96875,0.47078924162257496,0.45729292534722227,0.6666666666666666,320000,224,3.5,0.21651819582805598,0.4365234375,14,0.0546875,0.0703125,0.040894632941832404,0.34375,0.994928125,0.3385416666666667,0.005071875,0.453125,0.0,0.503625,0.333721875,0.162653125,0.359375,0.501809375,0.3125,0.3317875,0.359375,0.16133125,0.296875,0.001815625,0.328125,0.001934375,0.390625,0.001321875,0.4375,0.0,0.46875,0.0,0.453125,0.0
patchy_high,64,97,fixed,random_matched,60,0.9791666666666666,0.47778880070546736,0.47756264105902774,0.6666666666666666,320000,220,3.4375,0.21131337824931173,0.3956298828125,14,0.0546875,0.0546875,0.12894633276602882,0.4114583333333333,0.9949343749999999,0.328125,0.005065625,0.453125,0.0,0.519153125,0.330171875,0.150675,0.34375,0.51736875,0.421875,0.328246875,0.46875,0.14931875,0.28125,0.001784375,0.3125,0.001925,0.390625,0.00135625,0.4375,0.0,0.46875,0.0,0.453125,0.0
split_high_low,64,97,fixed,random_matched,59,0.971992480463116,0.4685295414462081,0.42370918433779764,0.6666666666666666,320000,202,3.15625,0.20750212398652243,0.384765625,14,0.0546875,0.078125,0.08406962139308334,0.3385416666666667,0.9904656249999999,0.359375,0.009534375,0.453125,0.0,0.54386875,0.31826875,0.1378625,0.28125,0.539890625,0.28125,0.31488125,0.453125,0.13569375,0.296875,0.003978125,0.34375,0.0033875,0.4375,0.00216875,0.4375,0.0,0.46875,0.0,0.453125,0.0
uniform_high,64,98,fixed,random_matched,57,0.9635416666666666,0.4593805114638448,0.45283988405257936,0.6666666666666666,320000,202,3.15625,0.2151642414238129,0.380615234375,11,0.04296875,0.0859375,-0.05352473279303961,0.359375,0.994846875,0.296875,0.005153125,0.484375,0.0,0.48841875,0.344621875,0.166959375,0.296875,0.486128125,0.375,0.342746875,0.40625,0.165971875,0.234375,0.002290625,0.328125,0.001875,0.328125,0.0009875,0.375,0.0,0.515625,0.0,0.5625,0.0
patchy_high,64,98,fixed,random_matched,56,0.9583333333333334,0.4534832451499118,0.45575606708829364,0.6666666666666666,320000,197,3.078125,0.21235758127588916,0.371337890625,10,0.0390625,0.0625,0.07719972301919616,0.34375,0.9949999999999999,0.2864583333333333,0.004999999999999999,0.484375,0.0,0.52044375,0.327778125,0.151778125,0.40625,0.51826875,0.265625,0.32589375,0.359375,0.1508375,0.265625,0.002175,0.28125,0.001884375,0.3125,0.000940625,0.375,0.0,0.515625,0.0,0.5625,0.0
split_high_low,64,98,fixed,random_matched,56,0.9511591471297827,0.4685295414462081,0.4438742296006944,0.6666666666666666,320000,215,3.359375,0.20841113806114486,0.4229736328125,17,0.06640625,0.0703125,0.10054580364876023,0.3489583333333333,0.9892375,0.3385416666666667,0.0107625,0.484375,0.0,0.5476781249999999,0.32039375,0.13192812499999998,0.296875,0.542225,0.34375,0.3168625,0.40625,0.13015,0.328125,0.005453125,0.375,0.00353125,0.3125,0.001778125,0.375,0.0,0.515625,0.0,0.5625,0.0
uniform_high,64,99,fixed,random_matched,59,0.9739583333333334,0.4718364197530864,0.462633849516369,0.6666666666666666,320000,193,3.015625,0.20247137403595777,0.377685546875,12,0.046875,0.1015625,0.15524520610145084,0.3697916666666667,0.9962374999999999,0.3333333333333333,0.0037625,0.4895833333333333,0.0,0.557996875,0.315828125,0.126175,0.375,0.556465625,0.296875,0.314325,0.4375,0.125446875,0.328125,0.00153125,0.25,0.001503125,0.421875,0.000728125,0.46875,0.0,0.5,0.0,0.5,0.0
patchy_high,64,99,fixed,random_matched,57,0.9635416666666666,0.4619157848324515,0.4209654839409722,0.6666666666666666,320000,195,3.046875,0.19440426682625783,0.3704833984375,11,0.04296875,0.046875,0.15670035829371065,0.3125,0.995778125,0.3385416666666667,0.004221875,0.4895833333333333,0.0,0.5980593750000001,0.29114687499999997,0.11079375,0.28125,0.596109375,0.296875,0.28961875,0.359375,0.11005,0.3125,0.00195,0.265625,0.001528125,0.4375,0.00074375,0.46875,0.0,0.5,0.0,0.5,0.0
split_high_low,64,99,fixed,random_matched,58,0.96875,0.48649691358024694,0.44705465184771825,0.6666666666666666,320000,214,3.34375,0.21114398728306655,0.365478515625,10,0.0390625,0.0703125,-0.0006251859960799055,0.3802083333333333,0.993065625,0.40625,0.0069343750000000004,0.4895833333333333,0.0,0.538865625,0.321771875,0.1393625,0.296875,0.535446875,0.34375,0.319478125,0.5,0.138140625,0.375,0.00341875,0.4375,0.00229375,0.40625,0.001221875,0.46875,0.0,0.5,0.0,0.5,0.0
