scenario,population,replicate,social_mode,rewiring,unique_policy_count,policy_entropy,policy_hamming_mean,policy_hamming_visit_weighted_mean,visited_state_fraction,total_training_state_visits,total_rewires,mean_rewires_per_agent,mean_prediction_error,visibility_gini,max_visibility_degree,max_visibility_share,reciprocity,degree_assortativity,policy_low_scarce,training_visit_fraction_scarce,policy_low_moderate,training_visit_fraction_moderate,policy_low_abundant,training_visit_fraction_abundant,training_visit_fraction_social_mostly_high,training_visit_fraction_social_mixed,training_visit_fraction_social_mostly_low,policy_low_scarce_mostly_high,training_visit_fraction_scarce_mostly_high,policy_low_scarce_mixed,training_visit_fraction_scarce_mixed,policy_low_scarce_mostly_low,training_visit_fraction_scarce_mostly_low,policy_low_moderate_mostly_high,training_visit_fraction_moderate_mostly_high,policy_low_moderate_mixed,training_visit_fraction_moderate_mixed,policy_low_moderate_mostly_low,training_visit_fraction_moderate_mostly_low,policy_low_abundant_mostly_high,training_visit_fraction_abundant_mostly_high,policy_low_abundant_mixed,training_visit_fraction_abundant_mixed,policy_low_abundant_mostly_low,training_visit_fraction_abundant_mostly_low
uniform_high,64,0,fixed,random_matched,56,0.9511591471297827,0.4581679894179894,0.4535435453869047,0.6666666666666666,320000,203,3.171875,0.20763291847068632,0.3570556640625,10,0.0390625,0.078125,0.1176323983337064,0.328125,0.9955968749999999,0.3125,0.004403125,0.4791666666666667,0.0,0.539346875,0.32213437500000003,0.13851875,0.34375,0.537640625,0.34375,0.32056875,0.296875,0.1373875,0.34375,0.00170625,0.34375,0.001565625,0.25,0.00113125,0.46875,0.0,0.578125,0.0,0.390625,0.0
patchy_high,64,0,fixed,random_matched,58,0.96875,0.46660052910052907,0.43095251736111106,0.6666666666666666,320000,196,3.0625,0.20565670815030757,0.3358154296875,11,0.04296875,0.0703125,0.10084741391258946,0.3489583333333333,0.995921875,0.3385416666666667,0.004078125,0.4791666666666667,0.0,0.5551906249999999,0.31471875,0.130090625,0.28125,0.553659375,0.3125,0.313128125,0.453125,0.129134375,0.328125,0.00153125,0.359375,0.001590625,0.328125,0.00095625,0.46875,0.0,0.578125,0.0,0.390625,0.0
split_high_low,64,0,fixed,random_matched,56,0.9583333333333334,0.4677028218694885,0.42083285900297623,0.6666666666666666,320000,161,2.515625,0.19916671184652285,0.336181640625,10,0.0390625,0.03125,0.006606328956756056,0.3229166666666667,0.96764375,0.3854166666666667,0.03235625,0.4791666666666667,0.0,0.5832875000000001,0.3006375,0.116075,0.296875,0.566434375,0.25,0.290340625,0.421875,0.11086875,0.3125,0.016853125,0.453125,0.010296875,0.390625,0.00520625,0.46875,0.0,0.578125,0.0,0.390625,0.0
uniform_high,64,1,fixed,random_matched,59,0.971992480463116,0.46990740740740744,0.48003219866071434,0.6666666666666666,320000,243,3.796875,0.22909629290517658,0.344482421875,14,0.0546875,0.078125,0.06861701749795089,0.3854166666666667,0.9950656250000001,0.3020833333333333,0.0049343749999999995,0.4895833333333333,0.0,0.44625625,0.352453125,0.201290625,0.375,0.444040625,0.390625,0.35068125,0.390625,0.20034375,0.328125,0.002215625,0.25,0.001771875,0.328125,0.000946875,0.421875,0.0,0.515625,0.0,0.53125,0.0
patchy_high,64,1,fixed,random_matched,60,0.9791666666666666,0.4651675485008819,0.4950170572916667,0.6666666666666666,320000,232,3.625,0.22516857444781171,0.4224853515625,12,0.046875,0.0859375,0.10853586924011578,0.4166666666666667,0.99570625,0.2708333333333333,0.00429375,0.4895833333333333,0.0,0.456853125,0.35005000000000003,0.193096875,0.453125,0.455165625,0.421875,0.348384375,0.375,0.19215625,0.28125,0.0016875,0.25,0.001665625,0.28125,0.000940625,0.421875,0.0,0.515625,0.0,0.53125,0.0
split_high_low,64,1,fixed,random_matched,57,0.9615758137964493,0.4618606701940035,0.42710262276785715,0.6666666666666666,320000,201,3.140625,0.2163832901529612,0.40185546875,12,0.046875,0.078125,0.09298330626774981,0.34375,0.9957124999999999,0.3229166666666667,0.0042875,0.4895833333333333,0.0,0.49335,0.335684375,0.17096562499999998,0.28125,0.4914,0.28125,0.3340875,0.46875,0.170225,0.375,0.00195,0.328125,0.001596875,0.265625,0.000740625,0.421875,0.0,0.515625,0.0,0.53125,0.0
uniform_high,64,2,fixed,random_matched,57,0.9635416666666666,0.47260802469135804,0.4875003286210317,0.6666666666666666,320000,213,3.328125,0.2175246571880944,0.34228515625,10,0.0390625,0.1171875,0.0020129894575025963,0.4270833333333333,0.9958968749999999,0.3489583333333333,0.004103125,0.5,0.0,0.48785625,0.340509375,0.17163437499999998,0.390625,0.486121875,0.390625,0.33893125,0.5,0.17084375,0.359375,0.001734375,0.1875,0.001578125,0.5,0.000790625,0.578125,0.0,0.515625,0.0,0.40625,0.0
patchy_high,64,2,fixed,random_matched,56,0.953125,0.47503306878306883,0.47737554718501984,0.6666666666666666,320000,203,3.171875,0.21740558315789893,0.3153076171875,10,0.0390625,0.0703125,0.0339096874339283,0.4114583333333333,0.99585625,0.3541666666666667,0.00414375,0.5,0.0,0.489259375,0.3372625,0.17347812499999998,0.359375,0.4875125,0.375,0.335653125,0.5,0.172690625,0.34375,0.001746875,0.234375,0.001609375,0.484375,0.0007875,0.578125,0.0,0.515625,0.0,0.40625,0.0
split_high_low,64,2,fixed,random_matched,59,0.971992480463116,0.4767967372134039,0.4673590153769841,0.6666666666666666,320000,215,3.359375,0.2144004538745723,0.357666015625,10,0.0390625,0.0546875,0.0920609337191481,0.40625,0.994509375,0.359375,0.005490625,0.5,0.0,0.49156875,0.34345312499999997,0.164978125,0.328125,0.488909375,0.375,0.34145,0.515625,0.16415,0.40625,0.002659375,0.25,0.002003125,0.421875,0.000828125,0.578125,0.0,0.515625,0.0,0.40625,0.0
uniform_high,64,3,fixed,random_matched,59,0.971992480463116,0.4505070546737213,0.4213699203249008,0.6666666666666666,320000,159,2.484375,0.19182769111021641,0.3359375,10,0.0390625,0.046875,0.01917763075644186,0.3489583333333333,0.9956343750000001,0.3125,0.004365625,0.4739583333333333,0.0,0.63108125,0.271725,0.09719375,0.328125,0.629078125,0.203125,0.270196875,0.515625,0.096359375,0.265625,0.002003125,0.296875,0.001528125,0.375,0.000834375,0.59375,0.0,0.4375,0.0,0.390625,0.0
patchy_high,64,3,fixed,random_matched,54,0.9420191080560146,0.4419091710758377,0.3440833643353175,0.6666666666666666,320000,143,2.234375,0.18827599034779224,0.2933349609375,9,0.03515625,0.0859375,0.09336915934169591,0.2864583333333333,0.9956250000000001,0.3333333333333333,0.004375,0.4739583333333333,0.0,0.6260687500000001,0.272975,0.10095625,0.1875,0.62416875,0.234375,0.2713875,0.4375,0.10006875,0.34375,0.0019,0.25,0.0015875,0.40625,0.0008875,0.59375,0.0,0.4375,0.0,0.390625,0.0
split_high_low,64,3,fixed,random_matched,60,0.9772008137964493,0.46246693121693117,0.42441658606150795,0.6666666666666666,320000,147,2.296875,0.19371095767022695,0.341796875,11,0.04296875,0.0546875,0.01017217116864436,0.328125,0.950978125,0.359375,0.049021875,0.4739583333333333,0.0,0.6160718749999999,0.2859625,0.097965625,0.296875,0.586709375,0.265625,0.2713375,0.421875,0.09293125,0.34375,0.0293625,0.28125,0.014625,0.453125,0.005034375,0.59375,0.0,0.4375,0.0,0.390625,0.0
uniform_high,64,4,fixed,random_matched,53,0.9355341471297827,0.43865740740740744,0.26841192181299606,0.6666666666666666,320000,98,1.53125,0.1421474343832618,0.3106689453125,11,0.04296875,0.0546875,0.07210121295705343,0.234375,0.9957125,0.359375,0.0042875,0.4739583333333333,0.0,0.829503125,0.14584687500000001,0.02465,0.140625,0.827584375,0.234375,0.14424375,0.328125,0.023884375,0.34375,0.00191875,0.28125,0.001603125,0.453125,0.000765625,0.453125,0.0,0.46875,0.0,0.5,0.0
patchy_high,64,4,fixed,random_matched,52,0.9270833333333334,0.431657848324515,0.2638310453869048,0.6666666666666666,320000,100,1.5625,0.14225176965578468,0.3529052734375,10,0.0390625,0.0625,0.007818881813668738,0.21354166666666666,0.9957750000000001,0.3541666666666667,0.0042250000000000005,0.4739583333333333,0.0,0.8186375,0.153884375,0.027478125000000003,0.140625,0.816928125,0.203125,0.152178125,0.296875,0.02666875,0.34375,0.001709375,0.28125,0.00170625,0.4375,0.000809375,0.453125,0.0,0.46875,0.0,0.5,0.0
split_high_low,64,4,fixed,random_matched,55,0.9491932942595653,0.45447530864197533,0.31466762927827374,0.6666666666666666,320000,164,2.5625,0.1829084044826096,0.333740234375,11,0.04296875,0.0625,-0.060887356226651965,0.2916666666666667,0.969615625,0.4010416666666667,0.030384375000000005,0.4739583333333333,0.0,0.7024843749999999,0.23435,0.063165625,0.15625,0.6807,0.25,0.227371875,0.46875,0.06154375,0.4375,0.021784375,0.28125,0.006978125,0.484375,0.001621875,0.453125,0.0,0.46875,0.0,0.5,0.0
uniform_high,64,5,fixed,random_matched,58,0.9667841471297827,0.4689153439153439,0.44673750930059514,0.6666666666666666,320000,198,3.09375,0.1934265208611214,0.364990234375,11,0.04296875,0.1015625,0.15294082805003817,0.34375,0.9957374999999999,0.3229166666666667,0.0042625,0.5104166666666666,0.0,0.6124218749999999,0.2849,0.102678125,0.3125,0.610684375,0.34375,0.28339375,0.375,0.101659375,0.296875,0.0017375,0.3125,0.00150625,0.359375,0.00101875,0.53125,0.0,0.484375,0.0,0.515625,0.0
patchy_high,64,5,fixed,random_matched,56,0.9524357747226814,0.46582892416225746,0.4412751162574405,0.6666666666666666,320000,198,3.09375,0.19048237608446897,0.349853515625,10,0.0390625,0.0625,0.08348346346731367,0.3177083333333333,0.9956875,0.3385416666666667,0.0043125,0.5104166666666666,0.0,0.6259343749999999,0.275840625,0.09822499999999999,0.34375,0.62405625,0.265625,0.27435,0.34375,0.09728125,0.296875,0.001878125,0.34375,0.001490625,0.375,0.00094375,0.53125,0.0,0.484375,0.0,0.515625,0.0
split_high_low,64,5,fixed,random_matched,60,0.9791666666666666,0.46500220458553787,0.3986635463169643,0.6666666666666666,320000,207,3.234375,0.19766435408547484,0.3564453125,11,0.04296875,0.0234375,0.00863050561021042,0.3125,0.996609375,0.3489583333333333,0.003390625,0.5104166666666666,0.0,0.598446875,0.293975,0.107578125,0.234375,0.597065625,0.3125,0.292734375,0.390625,0.106809375,0.328125,0.00138125,0.328125,0.001240625,0.390625,0.00076875,0.53125,0.0,0.484375,0.0,0.515625,0.0
uniform_high,64,6,fixed,random_matched,60,0.9791666666666666,0.4742063492063492,0.38569093036954366,0.6666666666666666,320000,140,2.1875,0.1712434431538628,0.3623046875,11,0.04296875,0.0625,0.004963943194949583,0.3125,0.9957968749999999,0.4114583333333333,0.004203125,0.484375,0.0,0.713128125,0.23075625,0.056115625,0.234375,0.711421875,0.296875,0.22914375,0.40625,0.05523125,0.421875,0.00170625,0.40625,0.0016125,0.40625,0.000884375,0.4375,0.0,0.53125,0.0,0.484375,0.0
patchy_high,64,6,fixed,random_matched,56,0.956367480463116,0.45904982363315694,0.27682138516865085,0.6666666666666666,320000,137,2.140625,0.16236665621715388,0.3731689453125,11,0.04296875,0.0546875,-0.03959397196050012,0.3020833333333333,0.99565,0.4166666666666667,0.00435,0.484375,0.0,0.7389875,0.211678125,0.049334375,0.125,0.73721875,0.28125,0.209996875,0.5,0.048434375,0.453125,0.00176875,0.390625,0.00168125,0.40625,0.0009,0.4375,0.0,0.53125,0.0,0.484375,0.0
split_high_low,64,6,fixed,random_matched,58,0.9667841471297827,0.484402557319224,0.4461013950892857,0.6666666666666666,320000,177,2.765625,0.1981285185803558,0.3492431640625,10,0.0390625,0.078125,-0.1127555044902551,0.3697916666666667,0.975846875,0.421875,0.024153124999999998,0.484375,0.0,0.569840625,0.31160000000000004,0.11855937500000001,0.34375,0.556109375,0.265625,0.304059375,0.5,0.115678125,0.4375,0.01373125,0.390625,0.007540625,0.4375,0.00288125,0.4375,0.0,0.53125,0.0,0.484375,0.0
uniform_high,64,7,fixed,random_matched,54,0.9459508137964493,0.45056216931216936,0.3697319428943452,0.6666666666666666,320000,145,2.265625,0.18830386525831572,0.3465576171875,9,0.03515625,0.0546875,0.04441268893170658,0.25,0.995653125,0.3645833333333333,0.004346875,0.4739583333333333,0.0,0.621171875,0.276059375,0.10276875,0.234375,0.619621875,0.234375,0.274440625,0.28125,0.101590625,0.359375,0.00155,0.375,0.00161875,0.359375,0.001178125,0.53125,0.0,0.484375,0.0,0.40625,0.0
patchy_high,64,7,fixed,random_matched,52,0.928359960926232,0.45083774250440917,0.3762787233382937,0.6666666666666666,320000,161,2.515625,0.19198756934443628,0.3443603515625,9,0.03515625,0.0703125,0.0,0.2552083333333333,0.996275,0.3645833333333333,0.003725,0.4739583333333333,0.0,0.610415625,0.283925,0.105659375,0.265625,0.60918125,0.1875,0.282546875,0.3125,0.104546875,0.359375,0.001234375,0.359375,0.001378125,0.375,0.0011125,0.53125,0.0,0.484375,0.0,0.40625,0.0
split_high_low,64,7,fixed,random_matched,60,0.9791666666666666,0.47459215167548496,0.41734969618055556,0.6666666666666666,320000,166,2.59375,0.19259429288896668,0.34765625,12,0.046875,0.0859375,-0.019190717535915298,0.3125,0.95735625,0.4166666666666667,0.042643749999999994,0.4739583333333333,0.0,0.601759375,0.29289375,0.10534687499999999,0.28125,0.5805125,0.265625,0.278196875,0.390625,0.098646875,0.390625,0.021246875,0.453125,0.014696875,0.40625,0.0067,0.53125,0.0,0.484375,0.0,0.40625,0.0
uniform_high,64,8,fixed,random_matched,49,0.908543188857386,0.42157186948853614,0.29138525390625,0.6666666666666666,320000,137,2.140625,0.16387484115999035,0.3548583984375,12,0.046875,0.1015625,0.02409197951536561,0.22395833333333334,0.980615625,0.3020833333333333,0.019384375000000002,0.5416666666666666,0.0,0.7295,0.2165875,0.0539125,0.140625,0.713984375,0.28125,0.21340625,0.25,0.053225,0.3125,0.015515625,0.203125,0.00318125,0.390625,0.0006875,0.5625,0.0,0.5625,0.0,0.5,0.0
patchy_high,64,8,fixed,random_matched,52,0.928359960926232,0.43039021164021163,0.3242339936755952,0.6666666666666666,320000,145,2.265625,0.16743126898892197,0.3431396484375,11,0.04296875,0.046875,-0.016366341767699428,0.234375,0.96988125,0.3125,0.03011875,0.5416666666666666,0.0,0.7248281249999999,0.21488125,0.060290625,0.1875,0.698709375,0.203125,0.21164375,0.3125,0.059528125,0.28125,0.02611875,0.265625,0.0032375,0.390625,0.0007625,0.5625,0.0,0.5625,0.0,0.5,0.0
split_high_low,64,8,fixed,random_matched,52,0.9335682942595653,0.439318783068783,0.3388873713417659,0.6666666666666666,320000,102,1.59375,0.1460756432245975,0.334228515625,10,0.0390625,0.09375,-0.024525617446966533,0.25,0.9968906249999999,0.328125,0.003109375,0.5416666666666666,0.0,0.79268125,0.17380625,0.0335125,0.203125,0.7912625,0.234375,0.1726625,0.3125,0.032965625,0.296875,0.00141875,0.265625,0.00114375,0.421875,0.000546875,0.5625,0.0,0.5625,0.0,0.5,0.0
uniform_high,64,9,fixed,random_matched,53,0.9355341471297827,0.45353835978835977,0.3472271081349206,0.6666666666666666,320000,129,2.015625,0.14775623491677653,0.31884765625,13,0.05078125,0.0703125,0.021419516823989165,0.3072916666666667,0.995984375,0.34375,0.004015625,0.4895833333333333,0.0,0.7900125,0.172696875,0.037290625,0.203125,0.78835,0.265625,0.17111875,0.453125,0.036515625,0.390625,0.0016625,0.234375,0.001578125,0.40625,0.000775,0.515625,0.0,0.4375,0.0,0.515625,0.0
patchy_high,64,9,fixed,random_matched,56,0.9583333333333334,0.4500110229276896,0.34322338944692465,0.6666666666666666,320000,116,1.8125,0.15198294134402002,0.2884521484375,12,0.046875,0.078125,-0.020224731867654493,0.296875,0.995740625,0.34375,0.004259375,0.4895833333333333,0.0,0.75424375,0.207771875,0.037984375,0.203125,0.752234375,0.234375,0.2062125,0.453125,0.03729375,0.390625,0.002009375,0.234375,0.001559375,0.40625,0.000690625,0.515625,0.0,0.4375,0.0,0.515625,0.0
split_high_low,64,9,fixed,random_matched,58,0.96875,0.4562389770723104,0.3424755735367064,0.6666666666666666,320000,163,2.546875,0.1768010593613797,0.3314208984375,11,0.04296875,0.0625,-0.03994149270790952,0.3125,0.96945,0.3645833333333333,0.03055,0.4895833333333333,0.0,0.676440625,0.245290625,0.07826875,0.171875,0.658709375,0.296875,0.23621875,0.46875,0.074521875,0.421875,0.01773125,0.25,0.009071875,0.421875,0.003746875,0.515625,0.0,0.4375,0.0,0.515625,0.0
uniform_high,64,10,fixed,random_matched,59,0.9739583333333334,0.45083774250440917,0.39722025824652774,0.6666666666666666,320000,138,2.15625,0.16343693149651406,0.42041015625,11,0.04296875,0.078125,0.025754795831820297,0.3229166666666667,0.995440625,0.296875,0.004559375,0.5364583333333334,0.0,0.71411875,0.22955,0.05633125,0.25,0.7126625,0.296875,0.227765625,0.421875,0.0550125,0.3125,0.00145625,0.21875,0.001784375,0.359375,0.00131875,0.59375,0.0,0.5,0.0,0.515625,0.0
patchy_high,64,10,fixed,random_matched,60,0.9791666666666666,0.4560736331569665,0.40583368520585317,0.6666666666666666,320000,164,2.5625,0.16663630424826228,0.39306640625,12,0.046875,0.0703125,0.0015755575634449322,0.3229166666666667,0.99579375,0.3229166666666667,0.00420625,0.5364583333333334,0.0,0.707284375,0.23116875,0.061546875,0.28125,0.7059375,0.234375,0.22950625,0.453125,0.06035,0.375,0.001346875,0.265625,0.0016625,0.328125,0.001196875,0.59375,0.0,0.5,0.0,0.515625,0.0
split_high_low,64,10,fixed,random_matched,55,0.953125,0.45756172839506165,0.3133151553199405,0.6666666666666666,320000,145,2.265625,0.16369825035184338,0.363037109375,9,0.03515625,0.0859375,-0.018268891835323552,0.3020833333333333,0.986875,0.4010416666666667,0.013125000000000001,0.5364583333333334,0.0,0.7314437500000001,0.21070624999999998,0.05785,0.15625,0.724646875,0.28125,0.20633125,0.46875,0.055896875,0.390625,0.006796875,0.3125,0.004375,0.5,0.001953125,0.59375,0.0,0.5,0.0,0.515625,0.0
uniform_high,64,11,fixed,random_matched,55,0.953125,0.44918430335097004,0.4137885153149802,0.6666666666666666,320000,204,3.1875,0.19676734006070312,0.3636474609375,13,0.05078125,0.1015625,0.041493190229931594,0.3177083333333333,0.99590625,0.28125,0.00409375,0.5364583333333334,0.0,0.588209375,0.298309375,0.11348124999999999,0.25,0.5863,0.34375,0.296846875,0.359375,0.112759375,0.265625,0.001909375,0.25,0.0014625,0.328125,0.000721875,0.515625,0.0,0.515625,0.0,0.578125,0.0
patchy_high,64,11,fixed,random_matched,58,0.96875,0.46334876543209874,0.4829295030381945,0.6666666666666666,320000,220,3.4375,0.1935929779473588,0.361328125,12,0.046875,0.0703125,-0.071443526960501,0.3802083333333333,0.9948250000000001,0.2864583333333333,0.005174999999999999,0.5364583333333334,0.0,0.56969375,0.303571875,0.126734375,0.4375,0.5674875,0.34375,0.30155,0.359375,0.1257875,0.34375,0.00220625,0.234375,0.002021875,0.28125,0.000946875,0.515625,0.0,0.515625,0.0,0.578125,0.0
split_high_low,64,11,fixed,random_matched,59,0.971992480463116,0.4712852733686067,0.48599608134920635,0.6666666666666666,320000,273,4.265625,0.2257494919168676,0.3896484375,11,0.04296875,0.0859375,0.06218963927510364,0.4010416666666667,0.99649375,0.296875,0.00350625,0.5364583333333334,0.0,0.426365625,0.357678125,0.21595625000000002,0.390625,0.425034375,0.390625,0.356228125,0.421875,0.21523125,0.328125,0.00133125,0.296875,0.00145,0.265625,0.000725,0.515625,0.0,0.515625,0.0,0.578125,0.0
uniform_high,64,12,fixed,random_matched,56,0.9583333333333334,0.45475088183421514,0.32485110212053575,0.6666666666666666,320000,121,1.890625,0.17046379882521712,0.3165283203125,10,0.0390625,0.0703125,0.07432689179629219,0.2708333333333333,0.995778125,0.3854166666666667,0.004221875,0.5364583333333334,0.0,0.732046875,0.221425,0.046528125000000004,0.171875,0.730328125,0.28125,0.219965625,0.359375,0.045484375,0.421875,0.00171875,0.359375,0.001459375,0.375,0.00104375,0.4375,0.0,0.578125,0.0,0.59375,0.0
patchy_high,64,12,fixed,random_matched,54,0.943984960926232,0.4464836860670194,0.30052568359375004,0.6666666666666666,320000,121,1.890625,0.15853568411450303,0.2880859375,10,0.0390625,0.0703125,0.1319506588544638,0.2552083333333333,0.994225,0.3697916666666667,0.005775,0.5364583333333334,0.0,0.785571875,0.18015625,0.034271875,0.15625,0.782621875,0.28125,0.1784125,0.328125,0.033190625,0.4375,0.00295,0.328125,0.00174375,0.34375,0.00108125,0.4375,0.0,0.578125,0.0,0.59375,0.0
split_high_low,64,12,fixed,random_matched,58,0.9667841471297827,0.4860559964726631,0.47352928602430555,0.6666666666666666,320000,170,2.65625,0.18565665322996994,0.3499755859375,13,0.05078125,0.03125,0.06923420374039481,0.3697916666666667,0.934134375,0.4114583333333333,0.06586562500000001,0.5364583333333334,0.0,0.634403125,0.27703125,0.08856562500000001,0.375,0.591515625,0.34375,0.258975,0.390625,0.08364375,0.453125,0.0428875,0.390625,0.01805625,0.390625,0.004921875,0.4375,0.0,0.578125,0.0,0.59375,0.0
uniform_high,64,13,fixed,random_matched,60,0.9791666666666666,0.4646715167548501,0.4553681780133928,0.6666666666666666,320000,209,3.265625,0.18713564271873606,0.3896484375,11,0.04296875,0.0390625,-0.030760528965198854,0.3385416666666667,0.9956906249999999,0.3125,0.004309375,0.53125,0.0,0.6303593749999999,0.27504687499999997,0.09459374999999999,0.34375,0.628690625,0.328125,0.27344375,0.34375,0.09355625,0.328125,0.00166875,0.265625,0.001603125,0.34375,0.0010375,0.5,0.0,0.546875,0.0,0.546875,0.0
patchy_high,64,13,fixed,random_matched,58,0.96875,0.45756172839506176,0.38807029854910713,0.6666666666666666,320000,213,3.328125,0.19015725247133297,0.359130859375,10,0.0390625,0.078125,0.09513662992321703,0.3020833333333333,0.99569375,0.3333333333333333,0.00430625,0.53125,0.0,0.5980593750000001,0.28953125,0.11240937499999999,0.234375,0.596415625,0.265625,0.2879375,0.40625,0.111340625,0.359375,0.00164375,0.3125,0.00159375,0.328125,0.00106875,0.5,0.0,0.546875,0.0,0.546875,0.0
split_high_low,64,13,fixed,random_matched,56,0.9583333333333334,0.4742063492063492,0.43872531156994043,0.6666666666666666,320000,231,3.609375,0.20734973942818563,0.3990478515625,12,0.046875,0.046875,0.0743345081161039,0.328125,0.9689625,0.3697916666666667,0.0310375,0.53125,0.0,0.5360937499999999,0.327671875,0.136234375,0.3125,0.520071875,0.296875,0.317040625,0.375,0.13185,0.34375,0.016021875,0.359375,0.01063125,0.40625,0.004384375,0.5,0.0,0.546875,0.0,0.546875,0.0
uniform_high,64,14,fixed,random_matched,56,0.956367480463116,0.47067901234567905,0.4580195343501984,0.6666666666666666,320000,206,3.21875,0.20969037689154327,0.3359375,11,0.04296875,0.03125,-0.07115712835122419,0.359375,0.995478125,0.34375,0.004521875,0.546875,0.0,0.5092156250000001,0.331271875,0.1595125,0.328125,0.507425,0.34375,0.3295625,0.40625,0.158490625,0.3125,0.001790625,0.296875,0.001709375,0.421875,0.001021875,0.453125,0.0,0.59375,0.0,0.59375,0.0
patchy_high,64,14,fixed,random_matched,60,0.9791666666666666,0.4659391534391534,0.4592694289434524,0.6666666666666666,320000,209,3.265625,0.2184561842086456,0.3662109375,11,0.04296875,0.0390625,-0.08812602809472198,0.3489583333333333,0.9952531250000001,0.34375,0.004746874999999999,0.546875,0.0,0.477071875,0.33930625,0.183621875,0.328125,0.47514375,0.375,0.337396875,0.34375,0.1827125,0.28125,0.001928125,0.28125,0.001909375,0.46875,0.000909375,0.453125,0.0,0.59375,0.0,0.59375,0.0
split_high_low,64,14,fixed,random_matched,60,0.9772008137964493,0.4858906525573193,0.4921655118427579,0.6666666666666666,320000,205,3.203125,0.19669872481321088,0.295654296875,8,0.03125,0.0625,0.03937775880495228,0.4114583333333333,0.962390625,0.4270833333333333,0.037609375,0.546875,0.0,0.592165625,0.30190625,0.105928125,0.453125,0.56835,0.375,0.29110625,0.40625,0.102934375,0.296875,0.023815625,0.421875,0.0108,0.5625,0.00299375,0.453125,0.0,0.59375,0.0,0.59375,0.0
uniform_high,64,15,fixed,random_matched,56,0.9583333333333334,0.4480268959435626,0.3478742947048611,0.6666666666666666,320000,150,2.34375,0.179459797896534,0.2962646484375,14,0.0546875,0.0390625,-0.020301201315515667,0.28125,0.9955343749999999,0.34375,0.004465625,0.515625,0.0,0.670175,0.25690624999999995,0.07291875,0.1875,0.66849375,0.28125,0.2550375,0.375,0.072003125,0.421875,0.00168125,0.21875,0.00186875,0.390625,0.000915625,0.53125,0.0,0.5625,0.0,0.453125,0.0
patchy_high,64,15,fixed,random_matched,56,0.956367480463116,0.45023148148148145,0.3614472284226191,0.6666666666666666,320000,145,2.265625,0.17313098075984873,0.293701171875,13,0.05078125,0.078125,-0.08751869472814923,0.3125,0.9956343750000001,0.34375,0.004365625,0.515625,0.0,0.682203125,0.247653125,0.07014375,0.203125,0.680675,0.28125,0.245809375,0.453125,0.06915,0.4375,0.001528125,0.1875,0.00184375,0.40625,0.00099375,0.53125,0.0,0.5625,0.0,0.453125,0.0
split_high_low,64,15,fixed,random_matched,55,0.953125,0.47525352733686066,0.4571277669270834,0.6666666666666666,320000,201,3.140625,0.19899856822961867,0.3350830078125,11,0.04296875,0.0625,0.04089454886249119,0.4010416666666667,0.9592812500000001,0.359375,0.04071875,0.515625,0.0,0.5793312500000001,0.31045,0.11021875,0.328125,0.558715625,0.34375,0.29615,0.53125,0.104415625,0.421875,0.020615625,0.234375,0.0143,0.421875,0.005803125,0.53125,0.0,0.5625,0.0,0.453125,0.0
uniform_high,64,16,fixed,random_matched,56,0.956367480463116,0.4523258377425044,0.3706784908234127,0.6666666666666666,320000,196,3.0625,0.18839780037920043,0.367431640625,10,0.0390625,0.0546875,-0.05070950185463331,0.3072916666666667,0.9955656250000001,0.3333333333333333,0.004434375000000001,0.5,0.0,0.6047718750000001,0.29170625,0.103521875,0.203125,0.6027875,0.28125,0.29018125,0.4375,0.102596875,0.3125,0.001984375,0.296875,0.001525,0.390625,0.000925,0.4375,0.0,0.453125,0.0,0.609375,0.0
patchy_high,64,16,fixed,random_matched,59,0.9739583333333334,0.45618386243386244,0.3989900747147817,0.6666666666666666,320000,203,3.171875,0.1739652520255489,0.38525390625,10,0.0390625,0.0703125,0.06713987913489837,0.328125,0.995371875,0.3229166666666667,0.004628124999999999,0.5,0.0,0.6626687499999999,0.251959375,0.085371875,0.25,0.6606,0.28125,0.2503125,0.453125,0.084459375,0.28125,0.00206875,0.3125,0.001646875,0.375,0.0009125,0.4375,0.0,0.453125,0.0,0.609375,0.0
split_high_low,64,16,fixed,random_matched,56,0.956367480463116,0.4847332451499118,0.49181980406746034,0.6666666666666666,320000,253,3.953125,0.2144954283290014,0.321044921875,11,0.04296875,0.0703125,-0.0832215097048586,0.4166666666666667,0.985865625,0.359375,0.014134375000000001,0.5,0.0,0.5011656250000001,0.33399375,0.16484062500000002,0.421875,0.494203125,0.390625,0.329246875,0.4375,0.162415625,0.328125,0.0069625,0.34375,0.004746875,0.40625,0.002425,0.4375,0.0,0.453125,0.0,0.609375,0.0
uniform_high,64,17,fixed,random_matched,58,0.96875,0.47167107583774254,0.44717912171378965,0.6666666666666666,320000,230,3.59375,0.20277980311803592,0.369873046875,11,0.04296875,0.046875,-0.048181345462244056,0.3385416666666667,0.9870625,0.3645833333333333,0.012937500000000001,0.4947916666666667,0.0,0.567796875,0.306628125,0.125575,0.390625,0.559390625,0.234375,0.30329375,0.390625,0.124378125,0.328125,0.00840625,0.359375,0.003334375,0.40625,0.001196875,0.4375,0.0,0.5625,0.0,0.484375,0.0
patchy_high,64,17,fixed,random_matched,61,0.984375,0.4685295414462081,0.436709818328373,0.6666666666666666,320000,212,3.3125,0.19396464681569292,0.410888671875,15,0.05859375,0.0859375,-0.010500395084797737,0.3072916666666667,0.995184375,0.3697916666666667,0.004815625,0.4947916666666667,0.0,0.5592,0.30658125,0.13421875,0.3125,0.55698125,0.328125,0.30496875,0.28125,0.133234375,0.375,0.00221875,0.328125,0.0016125,0.40625,0.000984375,0.4375,0.0,0.5625,0.0,0.484375,0.0
split_high_low,64,17,fixed,random_matched,58,0.96875,0.484347442680776,0.4594764911954365,0.7777777777777778,320000,231,3.609375,0.2123343090010006,0.3621826171875,11,0.04296875,0.078125,-0.012598097662407813,0.3697916666666667,0.97883125,0.3958333333333333,0.021165625,0.4947916666666667,3.125e-06,0.5081375,0.333865625,0.157996875,0.359375,0.49376875,0.296875,0.328353125,0.453125,0.156709375,0.40625,0.014365625,0.40625,0.0055125,0.375,0.0012875,0.4375,3.125e-06,0.5625,0.0,0.484375,0.0
uniform_high,64,18,fixed,random_matched,55,0.9511591471297827,0.4566798941798942,0.4506836309523809,0.6666666666666666,320000,210,3.28125,0.20337708861032777,0.386962890625,14,0.0546875,0.046875,0.090013401201118,0.4114583333333333,0.99595625,0.28125,0.0040437500000000005,0.5052083333333334,0.0,0.586690625,0.30074999999999996,0.112559375,0.296875,0.584778125,0.390625,0.29926875,0.546875,0.111909375,0.296875,0.0019125,0.203125,0.00148125,0.34375,0.00065,0.515625,0.0,0.40625,0.0,0.59375,0.0
patchy_high,64,18,fixed,random_matched,54,0.9427083333333334,0.4503968253968254,0.46187439236111105,0.6666666666666666,320000,213,3.328125,0.21128199719466118,0.39794921875,12,0.046875,0.0546875,-0.04719930352810962,0.375,0.9959437499999999,0.265625,0.00405625,0.5052083333333334,0.0,0.5198062499999999,0.33041875000000004,0.149775,0.328125,0.5178875,0.359375,0.32901875,0.4375,0.1490375,0.234375,0.00191875,0.1875,0.0014,0.375,0.0007375,0.515625,0.0,0.40625,0.0,0.59375,0.0
split_high_low,64,18,fixed,random_matched,53,0.9368107747226814,0.44934964726631393,0.4281996465773809,0.6666666666666666,320000,176,2.75,0.1841771849906024,0.32275390625,12,0.046875,0.0703125,-0.02676533216467466,0.3385416666666667,0.9956687499999999,0.2864583333333333,0.00433125,0.5052083333333334,0.0,0.5956625,0.29584374999999996,0.10849375,0.296875,0.593475,0.28125,0.29433125,0.4375,0.1078625,0.25,0.0021875,0.234375,0.0015125,0.375,0.00063125,0.515625,0.0,0.40625,0.0,0.59375,0.0
uniform_high,64,19,fixed,random_matched,59,0.9739583333333334,0.46279761904761907,0.4773628317212302,0.6666666666666666,320000,218,3.40625,0.22171738718130524,0.4078369140625,13,0.05078125,0.0625,-0.013983171240512253,0.4114583333333333,0.996103125,0.2916666666666667,0.003896875,0.59375,0.0,0.48513124999999996,0.343775,0.17109375000000002,0.34375,0.48366875,0.40625,0.342265625,0.484375,0.17016875,0.328125,0.0014625,0.21875,0.001509375,0.328125,0.000925,0.59375,0.0,0.5625,0.0,0.625,0.0
patchy_high,64,19,fixed,random_matched,57,0.959609960926232,0.46472663139329806,0.4684643647693453,0.6666666666666666,320000,230,3.59375,0.22629920161183548,0.318359375,10,0.0390625,0.0703125,-0.009576900836247293,0.3854166666666667,0.995803125,0.3125,0.004196875,0.59375,0.0,0.455796875,0.34823437500000004,0.19596875,0.328125,0.454284375,0.375,0.346575,0.453125,0.19494375,0.390625,0.0015125,0.25,0.001659375,0.296875,0.001025,0.59375,0.0,0.5625,0.0,0.625,0.0
split_high_low,64,19,fixed,random_matched,51,0.9211857747226814,0.44731040564373903,0.3576010029141865,0.6666666666666666,320000,176,2.75,0.1924405354070406,0.3499755859375,12,0.046875,0.0546875,0.1666294394152429,0.3177083333333333,0.983053125,0.3385416666666667,0.016946875,0.59375,0.0,0.611146875,0.28814375,0.10070937499999999,0.171875,0.602646875,0.328125,0.28233125,0.453125,0.098075,0.421875,0.0085,0.21875,0.0058125,0.375,0.002634375,0.59375,0.0,0.5625,0.0,0.625,0.0
uniform_high,64,20,fixed,random_matched,51,0.9231516275928987,0.4479166666666667,0.41927430865575394,0.6666666666666666,320000,146,2.28125,0.17230664484377572,0.3526611328125,11,0.04296875,0.0859375,0.0,0.328125,0.996040625,0.28125,0.003959375,0.5,0.0,0.689903125,0.240953125,0.06914374999999999,0.28125,0.688425,0.296875,0.2394625,0.40625,0.068153125,0.234375,0.001478125,0.25,0.001490625,0.359375,0.000990625,0.421875,0.0,0.59375,0.0,0.484375,0.0
patchy_high,64,20,fixed,random_matched,50,0.9199091471297827,0.4387125220458553,0.3903145182291667,0.6666666666666666,320000,134,2.09375,0.16717715417298856,0.375732421875,13,0.05078125,0.0390625,0.0038363379162612843,0.28125,0.9960625000000001,0.2916666666666667,0.0039375,0.5,0.0,0.7322968750000001,0.21261875,0.055084375,0.25,0.730828125,0.28125,0.211109375,0.3125,0.054125,0.21875,0.00146875,0.265625,0.001509375,0.390625,0.000959375,0.421875,0.0,0.59375,0.0,0.484375,0.0
split_high_low,64,20,fixed,random_matched,56,0.9583333333333334,0.4818672839506173,0.4917217959449405,0.6666666666666666,320000,238,3.71875,0.21584720381610206,0.38720703125,16,0.0625,0.03125,0.01330414215261808,0.4479166666666667,0.95356875,0.3489583333333333,0.04643125,0.5,0.0,0.48588125000000004,0.34480937500000003,0.169309375,0.390625,0.46455,0.453125,0.3276625,0.5,0.16135625,0.25,0.02133125,0.359375,0.017146875,0.4375,0.007953125,0.421875,0.0,0.59375,0.0,0.484375,0.0
uniform_high,64,21,fixed,random_matched,61,0.984375,0.45453042328042326,0.46646566840277776,0.6666666666666666,320000,257,4.015625,0.21643608336715542,0.323974609375,15,0.05859375,0.046875,0.04609288398049175,0.375,0.996040625,0.296875,0.003959375,0.5520833333333334,0.0,0.5002375,0.33819375,0.16156875,0.328125,0.498615625,0.390625,0.336625,0.40625,0.1608,0.234375,0.001621875,0.21875,0.00156875,0.4375,0.00076875,0.53125,0.0,0.671875,0.0,0.453125,0.0
patchy_high,64,21,fixed,random_matched,56,0.9583333333333334,0.46500220458553787,0.49516623418898814,0.6666666666666666,320000,257,4.015625,0.2118589074741989,0.385009765625,14,0.0546875,0.0625,0.08519194091113474,0.421875,0.996228125,0.3020833333333333,0.003771875,0.5520833333333334,0.0,0.507934375,0.33103125,0.16103437499999998,0.421875,0.50631875,0.421875,0.329653125,0.421875,0.16025625,0.234375,0.001615625,0.25,0.001378125,0.421875,0.000778125,0.53125,0.0,0.671875,0.0,0.453125,0.0
split_high_low,64,21,fixed,random_matched,58,0.96875,0.4721119929453263,0.4529084821428571,0.6666666666666666,320000,221,3.453125,0.202260851368036,0.339599609375,12,0.046875,0.0546875,0.05895567917316581,0.3541666666666667,0.9857031250000001,0.3645833333333333,0.014296874999999999,0.5520833333333334,0.0,0.5844343750000001,0.299540625,0.11602499999999999,0.328125,0.57805625,0.328125,0.29450625,0.40625,0.113140625,0.328125,0.006378125,0.359375,0.005034375,0.40625,0.002884375,0.53125,0.0,0.671875,0.0,0.453125,0.0
uniform_high,64,22,fixed,random_matched,55,0.9491932942595653,0.44598765432098764,0.3618611545138889,0.6666666666666666,320000,115,1.796875,0.16335149754187672,0.3431396484375,11,0.04296875,0.046875,0.14759542957780764,0.2864583333333333,0.995465625,0.3489583333333333,0.004534375,0.4479166666666667,0.0,0.735221875,0.21243125000000002,0.052346874999999994,0.21875,0.733325,0.25,0.210825,0.390625,0.051315625,0.359375,0.001896875,0.375,0.00160625,0.3125,0.00103125,0.28125,0.0,0.515625,0.0,0.546875,0.0
patchy_high,64,22,fixed,random_matched,56,0.956367480463116,0.45353835978835977,0.3776515438988095,0.6666666666666666,320000,120,1.875,0.1571681620387373,0.3133544921875,10,0.0390625,0.046875,0.06285009810506985,0.3072916666666667,0.995809375,0.3541666666666667,0.004190625,0.4479166666666667,0.0,0.761196875,0.18922812500000002,0.049574999999999994,0.21875,0.759571875,0.390625,0.1876375,0.3125,0.0486,0.375,0.001625,0.34375,0.001590625,0.34375,0.000975,0.28125,0.0,0.515625,0.0,0.546875,0.0
split_high_low,64,22,fixed,random_matched,56,0.956367480463116,0.45298721340388004,0.38614153800843254,0.6666666666666666,320000,189,2.953125,0.19757963135403012,0.3599853515625,11,0.04296875,0.109375,0.17351077688064293,0.2760416666666667,0.9852687499999999,0.3958333333333333,0.014731250000000001,0.4479166666666667,0.0,0.6021531250000001,0.289065625,0.10878125000000001,0.25,0.594690625,0.234375,0.283759375,0.34375,0.10681875,0.390625,0.0074625,0.4375,0.00530625,0.359375,0.0019625,0.28125,0.0,0.515625,0.0,0.546875,0.0
uniform_high,64,23,fixed,random_matched,59,0.971992480463116,0.46456128747795417,0.48224135509672617,0.6666666666666666,320000,234,3.65625,0.21543687907894554,0.3564453125,10,0.0390625,0.0625,0.06717111671682505,0.4166666666666667,0.9957968749999999,0.2864583333333333,0.004203125,0.5,0.0,0.49270624999999996,0.34112499999999996,0.16616874999999998,0.484375,0.49115,0.3125,0.339471875,0.453125,0.165175,0.25,0.00155625,0.234375,0.001653125,0.375,0.00099375,0.4375,0.0,0.53125,0.0,0.53125,0.0
patchy_high,64,23,fixed,random_matched,59,0.9739583333333334,0.4722773368606702,0.4524603655133929,0.6666666666666666,320000,238,3.71875,0.21132077985627296,0.3544921875,10,0.0390625,0.03125,0.022284917428075184,0.3854166666666667,0.995628125,0.328125,0.004371875,0.5,0.0,0.539246875,0.31780624999999996,0.142946875,0.296875,0.53739375,0.375,0.316128125,0.484375,0.14210625,0.28125,0.001853125,0.3125,0.001678125,0.390625,0.000840625,0.4375,0.0,0.53125,0.0,0.53125,0.0
split_high_low,64,23,fixed,random_matched,59,0.9739583333333334,0.4626322751322751,0.39292241288442453,0.6666666666666666,320000,160,2.5,0.17327713161574348,0.2996826171875,9,0.03515625,0.046875,-0.016788592885450475,0.3229166666666667,0.9936031249999999,0.34375,0.006396875,0.5,0.0,0.70245625,0.23090625,0.0666375,0.25,0.6998875,0.265625,0.228525,0.453125,0.065190625,0.34375,0.00256875,0.3125,0.00238125,0.375,0.001446875,0.4375,0.0,0.53125,0.0,0.53125,0.0
uniform_high,64,24,fixed,random_matched,54,0.9459508137964493,0.464836860670194,0.43485151754712303,0.6666666666666666,320000,144,2.25,0.16193938398854948,0.3287353515625,9,0.03515625,0.0546875,0.034425281842359955,0.3489583333333333,0.995746875,0.3541666666666667,0.004253125,0.4739583333333333,0.0,0.726234375,0.215365625,0.0584,0.3125,0.724421875,0.28125,0.21389375,0.453125,0.05743125,0.453125,0.0018125,0.203125,0.001471875,0.40625,0.00096875,0.515625,0.0,0.484375,0.0,0.421875,0.0
patchy_high,64,24,fixed,random_matched,55,0.9491932942595653,0.4694664902998236,0.40285896577380953,0.6666666666666666,320000,140,2.1875,0.17257396574804265,0.3638916015625,9,0.03515625,0.046875,-0.022161815520132785,0.3489583333333333,0.9957875,0.375,0.0042125,0.4739583333333333,0.0,0.691353125,0.24330312499999998,0.06534375,0.25,0.689621875,0.3125,0.241796875,0.484375,0.06436875,0.40625,0.00173125,0.265625,0.00150625,0.453125,0.000975,0.515625,0.0,0.484375,0.0,0.421875,0.0
split_high_low,64,24,fixed,random_matched,53,0.9387766275928987,0.45916005291005296,0.34745383184523815,0.6666666666666666,320000,137,2.140625,0.16792862164145894,0.3170166015625,10,0.0390625,0.078125,-0.01608134851844092,0.3020833333333333,0.99521875,0.4270833333333333,0.00478125,0.4739583333333333,0.0,0.7183,0.22484375,0.056856250000000004,0.203125,0.716028125,0.234375,0.223021875,0.46875,0.05616875,0.53125,0.002271875,0.28125,0.001821875,0.46875,0.0006875,0.515625,0.0,0.484375,0.0,0.421875,0.0
uniform_high,64,25,fixed,random_matched,59,0.9739583333333334,0.474647266313933,0.4731972997271825,0.6666666666666666,320000,237,3.703125,0.21966884138532286,0.3756103515625,12,0.046875,0.03125,0.11989925110306748,0.3697916666666667,0.9952281249999999,0.3541666666666667,0.004771875,0.4427083333333333,0.0,0.49278125,0.338721875,0.16849687500000002,0.375,0.490734375,0.359375,0.336934375,0.375,0.167559375,0.296875,0.002046875,0.3125,0.0017875,0.453125,0.0009375,0.515625,0.0,0.40625,0.0,0.40625,0.0
patchy_high,64,25,fixed,random_matched,60,0.9791666666666666,0.46456128747795405,0.4577283156622024,0.6666666666666666,320000,237,3.703125,0.21421149153939611,0.42138671875,13,0.05078125,0.0390625,0.22699748830192412,0.359375,0.995384375,0.3177083333333333,0.004615625,0.4427083333333333,0.0,0.519503125,0.32334687500000003,0.15715,0.328125,0.517671875,0.34375,0.3215,0.40625,0.1562125,0.265625,0.00183125,0.28125,0.001846875,0.40625,0.0009375,0.515625,0.0,0.40625,0.0,0.40625,0.0
split_high_low,64,25,fixed,random_matched,60,0.9772008137964493,0.45778218694885364,0.39775749937996036,0.6666666666666666,320000,152,2.375,0.18661288407500387,0.3916015625,11,0.04296875,0.046875,0.09883253932983897,0.3229166666666667,0.95805,0.3489583333333333,0.04195,0.4427083333333333,0.0,0.626753125,0.282609375,0.09063750000000001,0.25,0.60459375,0.265625,0.268271875,0.453125,0.085184375,0.296875,0.022159375,0.296875,0.0143375,0.453125,0.005453125,0.515625,0.0,0.40625,0.0,0.40625,0.0
uniform_high,64,26,fixed,random_matched,59,0.9739583333333334,0.47167107583774254,0.47578041604662696,0.6666666666666666,320000,192,3.0,0.20110485333603495,0.3319091796875,10,0.0390625,0.0859375,0.040823615520560894,0.375,0.9934375,0.3177083333333333,0.006562500000000001,0.453125,0.0,0.5671343750000001,0.301615625,0.13125,0.390625,0.563584375,0.34375,0.29946875,0.390625,0.130384375,0.359375,0.00355,0.265625,0.002146875,0.328125,0.000865625,0.46875,0.0,0.46875,0.0,0.421875,0.0
patchy_high,64,26,fixed,random_matched,56,0.956367480463116,0.4521604938271605,0.382058097718254,0.6666666666666666,320000,212,3.3125,0.19385659084057594,0.3162841796875,10,0.0390625,0.09375,0.0739394957316387,0.3229166666666667,0.993325,0.3072916666666667,0.0066749999999999995,0.453125,0.0,0.603696875,0.28706875,0.10923437500000001,0.203125,0.59998125,0.328125,0.284953125,0.4375,0.108390625,0.359375,0.003715625,0.25,0.002115625,0.3125,0.00084375,0.46875,0.0,0.46875,0.0,0.421875,0.0
split_high_low,64,26,fixed,random_matched,59,0.971992480463116,0.46924603174603174,0.45248687686011907,0.6666666666666666,320000,208,3.25,0.20366835212998138,0.30126953125,8,0.03125,0.1171875,-0.0422875513146288,0.375,0.984928125,0.3177083333333333,0.015071875000000002,0.453125,0.0,0.552284375,0.316878125,0.1308375,0.3125,0.543103125,0.34375,0.312334375,0.46875,0.129490625,0.359375,0.00918125,0.28125,0.00454375,0.3125,0.001346875,0.46875,0.0,0.46875,0.0,0.421875,0.0
uniform_high,64,27,fixed,random_matched,57,0.959609960926232,0.4669312169312169,0.44031294642857144,0.6666666666666666,320000,175,2.734375,0.18249500533810722,0.3170166015625,15,0.05859375,0.0859375,0.08327449833559204,0.3489583333333333,0.9945062499999999,0.3385416666666667,0.00549375,0.5104166666666666,0.0,0.65634375,0.25610625,0.08755,0.296875,0.653084375,0.359375,0.25465,0.390625,0.086771875,0.234375,0.003259375,0.359375,0.00145625,0.421875,0.000778125,0.421875,0.0,0.546875,0.0,0.5625,0.0
patchy_high,64,27,fixed,random_matched,54,0.9459508137964493,0.45078262786596124,0.36683714347718255,0.6666666666666666,320000,161,2.515625,0.17278715584199955,0.3343505859375,10,0.0390625,0.109375,-0.012397601086081109,0.2916666666666667,0.99588125,0.3385416666666667,0.00411875,0.5104166666666666,0.0,0.6754187500000001,0.24690937500000001,0.077671875,0.21875,0.6734375,0.25,0.24558125,0.40625,0.0768625,0.265625,0.00198125,0.328125,0.001328125,0.421875,0.000809375,0.421875,0.0,0.546875,0.0,0.5625,0.0
split_high_low,64,27,fixed,random_matched,59,0.971992480463116,0.47051366843033515,0.41403852151537696,0.6666666666666666,320000,180,2.8125,0.19588598848833222,0.34912109375,11,0.04296875,0.0625,0.08640811583137621,0.3333333333333333,0.994890625,0.3697916666666667,0.005109375,0.5104166666666666,0.0,0.588715625,0.29909375,0.112190625,0.25,0.586384375,0.328125,0.297203125,0.421875,0.111303125,0.359375,0.00233125,0.328125,0.001890625,0.421875,0.0008875,0.421875,0.0,0.546875,0.0,0.5625,0.0
uniform_high,64,28,fixed,random_matched,56,0.9544016275928987,0.4634038800705467,0.4024366706969246,0.6666666666666666,320000,148,2.3125,0.17220790585213508,0.3372802734375,10,0.0390625,0.03125,0.033004707438720866,0.2864583333333333,0.995940625,0.3697916666666667,0.0040593750000000005,0.5416666666666666,0.0,0.703365625,0.23422812499999998,0.062406249999999996,0.265625,0.70185,0.28125,0.23259375,0.3125,0.061496875,0.375,0.001515625,0.328125,0.001634375,0.40625,0.000909375,0.53125,0.0,0.546875,0.0,0.546875,0.0
patchy_high,64,28,fixed,random_matched,53,0.940742480463116,0.4439484126984127,0.2991476733010913,0.6666666666666666,320000,123,1.921875,0.17061295965363188,0.2938232421875,9,0.03515625,0.0625,-0.03840203948801372,0.234375,0.99606875,0.3854166666666667,0.003931250000000001,0.5416666666666666,0.0,0.6678875,0.251190625,0.080921875,0.15625,0.6663625,0.203125,0.24971875,0.34375,0.0799875,0.453125,0.001525,0.328125,0.001471875,0.375,0.000934375,0.53125,0.0,0.546875,0.0,0.546875,0.0
split_high_low,64,28,fixed,random_matched,58,0.9667841471297827,0.49041005291005296,0.46829392051091273,0.6666666666666666,320000,200,3.125,0.20904944328745173,0.3436279296875,11,0.04296875,0.0625,-0.06391575680083059,0.375,0.943225,0.4166666666666667,0.05677499999999999,0.5416666666666666,0.0,0.548203125,0.31579687500000003,0.13599999999999998,0.328125,0.516425,0.421875,0.298771875,0.375,0.128028125,0.40625,0.031778125,0.421875,0.017025,0.421875,0.007971875,0.53125,0.0,0.546875,0.0,0.546875,0.0
uniform_high,64,29,fixed,random_matched,58,0.9635416666666666,0.4451609347442681,0.39703849206349207,0.6666666666666666,320000,177,2.765625,0.18649898319477262,0.3541259765625,11,0.04296875,0.0625,-0.024387628749966837,0.28125,0.9964906250000001,0.34375,0.003509375,0.421875,0.0,0.627625,0.28157812499999996,0.090796875,0.25,0.626078125,0.296875,0.280234375,0.296875,0.090178125,0.21875,0.001546875,0.3125,0.00134375,0.5,0.00061875,0.4375,0.0,0.40625,0.0,0.421875,0.0
patchy_high,64,29,fixed,random_matched,56,0.9544016275928987,0.4581679894179894,0.43354561476934533,0.6666666666666666,320000,186,2.90625,0.18797484729675415,0.335693359375,10,0.0390625,0.0703125,0.009315309345069562,0.328125,0.9965968749999999,0.359375,0.003403125,0.421875,0.0,0.632665625,0.277434375,0.0899,0.3125,0.631353125,0.28125,0.275965625,0.390625,0.089278125,0.234375,0.0013125,0.3125,0.00146875,0.53125,0.000621875,0.4375,0.0,0.40625,0.0,0.421875,0.0
split_high_low,64,29,fixed,random_matched,55,0.9491932942595653,0.4443342151675485,0.37424734468005955,0.6666666666666666,320000,141,2.203125,0.16912072986657645,0.3109130859375,8,0.03125,0.0703125,0.050411212177866246,0.3020833333333333,0.993690625,0.3489583333333333,0.006309375,0.421875,0.0,0.706446875,0.22280937499999998,0.07074375,0.234375,0.703340625,0.234375,0.220553125,0.4375,0.069796875,0.203125,0.00310625,0.328125,0.00225625,0.515625,0.000946875,0.4375,0.0,0.40625,0.0,0.421875,0.0
uniform_high,64,30,fixed,random_matched,59,0.971992480463116,0.4769620811287478,0.4671826528397818,0.6666666666666666,320000,220,3.4375,0.20489539747551605,0.3333740234375,11,0.04296875,0.0625,-0.04148666795663848,0.3697916666666667,0.9957781250000001,0.359375,0.004221875,0.5,0.0,0.5513187500000001,0.324521875,0.124159375,0.34375,0.549475,0.375,0.322928125,0.390625,0.123375,0.328125,0.00184375,0.296875,0.00159375,0.453125,0.000784375,0.5,0.0,0.578125,0.0,0.421875,0.0
patchy_high,64,30,fixed,random_matched,63,0.9947916666666666,0.46996252204585537,0.4395900065104167,0.6666666666666666,320000,209,3.265625,0.20325289278734782,0.312255859375,11,0.04296875,0.1015625,-0.008169822103207037,0.328125,0.9954562499999999,0.3541666666666667,0.00454375,0.5,0.0,0.5497093750000001,0.309503125,0.1407875,0.296875,0.54773125,0.34375,0.3078875,0.34375,0.1398375,0.328125,0.001978125,0.34375,0.001615625,0.390625,0.00095,0.5,0.0,0.578125,0.0,0.421875,0.0
split_high_low,64,30,fixed,random_matched,60,0.9791666666666666,0.4827491181657848,0.4876830217633929,0.6666666666666666,320000,264,4.125,0.2363503097077152,0.3687744140625,12,0.046875,0.0703125,0.00827609431458545,0.4739583333333333,0.996175,0.3541666666666667,0.003825,0.5,0.0,0.39068437500000003,0.3618875,0.247428125,0.515625,0.388875,0.34375,0.360565625,0.5625,0.246734375,0.3125,0.001809375,0.328125,0.001321875,0.421875,0.00069375,0.5,0.0,0.578125,0.0,0.421875,0.0
uniform_high,64,31,fixed,random_matched,59,0.971992480463116,0.4653880070546737,0.4882642469618056,0.6666666666666666,320000,241,3.765625,0.22632976855752784,0.3349609375,10,0.0390625,0.0546875,0.029454643390336804,0.4114583333333333,0.995815625,0.2760416666666667,0.004184375000000001,0.4895833333333333,0.0,0.435025,0.352446875,0.21252812499999998,0.375,0.43335,0.4375,0.350846875,0.421875,0.21161875,0.25,0.001675,0.21875,0.0016,0.359375,0.000909375,0.515625,0.0,0.46875,0.0,0.484375,0.0
patchy_high,64,31,fixed,random_matched,57,0.9615758137964493,0.4631283068783069,0.4849350709945436,0.6666666666666666,320000,249,3.890625,0.2279757664836491,0.3514404296875,10,0.0390625,0.078125,-0.010705876233059049,0.4114583333333333,0.995534375,0.2708333333333333,0.004465625,0.4895833333333333,0.0,0.449275,0.351903125,0.198821875,0.40625,0.44731875,0.359375,0.35034375,0.46875,0.197871875,0.265625,0.00195625,0.203125,0.001559375,0.34375,0.00095,0.515625,0.0,0.46875,0.0,0.484375,0.0
split_high_low,64,31,fixed,random_matched,56,0.9583333333333334,0.47591490299823636,0.4871631122891865,0.6666666666666666,320000,253,3.953125,0.22686814995771673,0.379150390625,12,0.046875,0.0859375,0.09982326691215854,0.4010416666666667,0.9893937500000001,0.3229166666666667,0.010606250000000001,0.4895833333333333,0.0,0.44638125,0.35509062500000005,0.198528125,0.40625,0.440978125,0.390625,0.35145625,0.40625,0.196959375,0.359375,0.005403125,0.21875,0.003634375,0.390625,0.00156875,0.515625,0.0,0.46875,0.0,0.484375,0.0
uniform_high,64,32,fixed,random_matched,52,0.9303258137964493,0.4408619929453263,0.2957484142485119,0.6666666666666666,320000,91,1.421875,0.15299763274602846,0.2755126953125,10,0.0390625,0.0546875,0.043309750927849756,0.22916666666666666,0.995878125,0.359375,0.004121875,0.4895833333333333,0.0,0.770634375,0.1833875,0.045978125,0.15625,0.768396875,0.25,0.182128125,0.28125,0.045353125,0.390625,0.0022375,0.296875,0.001259375,0.390625,0.000625,0.453125,0.0,0.53125,0.0,0.484375,0.0
patchy_high,64,32,fixed,random_matched,53,0.940742480463116,0.44146825396825395,0.30824791356646825,0.6666666666666666,320000,87,1.359375,0.14419378976702768,0.305419921875,12,0.046875,0.03125,0.016318247800165483,0.25,0.996709375,0.3333333333333333,0.003290625,0.4895833333333333,0.0,0.795321875,0.16927187500000002,0.03540625,0.171875,0.793790625,0.234375,0.16810625,0.34375,0.0348125,0.3125,0.00153125,0.296875,0.001165625,0.390625,0.00059375,0.453125,0.0,0.53125,0.0,0.484375,0.0
split_high_low,64,32,fixed,random_matched,59,0.9739583333333334,0.45243606701940037,0.3499761594742064,0.6666666666666666,320000,115,1.796875,0.1538679481324613,0.3017578125,11,0.04296875,0.0390625,0.014198727787880127,0.2760416666666667,0.97620625,0.34375,0.023793750000000002,0.4895833333333333,0.0,0.764675,0.1874875,0.0478375,0.203125,0.7465875,0.265625,0.18309375,0.359375,0.046525,0.28125,0.0180875,0.359375,0.00439375,0.390625,0.0013125,0.453125,0.0,0.53125,0.0,0.484375,0.0
uniform_high,64,33,fixed,random_matched,58,0.96875,0.4501763668430335,0.43136122891865075,0.6666666666666666,320000,227,3.546875,0.21442784284437627,0.4244384765625,19,0.07421875,0.0703125,0.043398962683217863,0.34375,0.9957906249999999,0.3177083333333333,0.0042093750000000004,0.4010416666666667,0.0,0.52274375,0.325859375,0.151396875,0.265625,0.52088125,0.34375,0.324290625,0.421875,0.15061875,0.203125,0.0018625,0.28125,0.00156875,0.46875,0.000778125,0.375,0.0,0.375,0.0,0.453125,0.0
patchy_high,64,33,fixed,random_matched,56,0.9544016275928987,0.4490189594356261,0.46731206752232146,0.6666666666666666,320000,229,3.578125,0.22245812138072196,0.2974853515625,12,0.046875,0.0546875,0.008636852035515247,0.359375,0.995615625,0.296875,0.004384375,0.4010416666666667,0.0,0.481971875,0.338678125,0.17935,0.359375,0.479878125,0.359375,0.33715,0.359375,0.1785875,0.203125,0.00209375,0.21875,0.001528125,0.46875,0.0007625,0.375,0.0,0.375,0.0,0.453125,0.0
split_high_low,64,33,fixed,random_matched,52,0.9335682942595653,0.43909832451499115,0.3733918557787699,0.6666666666666666,320000,152,2.375,0.1826619214570688,0.35888671875,11,0.04296875,0.078125,-0.115558853498968,0.2604166666666667,0.99045,0.34375,0.00955,0.4010416666666667,0.0,0.63465625,0.27350625,0.0918375,0.25,0.629675,0.203125,0.2701625,0.328125,0.0906125,0.28125,0.00498125,0.296875,0.00334375,0.453125,0.001225,0.375,0.0,0.375,0.0,0.453125,0.0
uniform_high,64,34,fixed,random_matched,59,0.9739583333333334,0.4705136684303351,0.4459161380828373,0.6666666666666666,320000,212,3.3125,0.2174660923911863,0.356689453125,13,0.05078125,0.03125,0.03740764515691744,0.3489583333333333,0.986434375,0.3333333333333333,0.013565625000000001,0.5,0.0,0.497725,0.342184375,0.16009062500000001,0.3125,0.49088125,0.3125,0.3376125,0.421875,0.157940625,0.3125,0.00684375,0.3125,0.004571875,0.375,0.00215,0.46875,0.0,0.484375,0.0,0.546875,0.0
patchy_high,64,34,fixed,random_matched,61,0.984375,0.4736552028218695,0.4519099500868055,0.6666666666666666,320000,201,3.140625,0.20582366067345081,0.3272705078125,11,0.04296875,0.046875,0.013010151091910763,0.3697916666666667,0.99533125,0.3385416666666667,0.004668749999999999,0.5,0.0,0.54651875,0.320615625,0.132865625,0.328125,0.543959375,0.3125,0.3191875,0.46875,0.132184375,0.296875,0.002559375,0.328125,0.001428125,0.390625,0.00068125,0.46875,0.0,0.484375,0.0,0.546875,0.0
split_high_low,64,34,fixed,random_matched,59,0.9739583333333334,0.4808201058201058,0.4422595052083334,0.6666666666666666,320000,178,2.78125,0.19434645280750273,0.3590087890625,11,0.04296875,0.0625,0.03613549786196386,0.3802083333333333,0.9636718750000001,0.3697916666666667,0.036328125,0.5,0.0,0.624021875,0.27877812500000004,0.0972,0.28125,0.6045625,0.40625,0.26678125,0.453125,0.092328125,0.34375,0.019459375,0.328125,0.011996875,0.4375,0.004871875,0.46875,0.0,0.484375,0.0,0.546875,0.0
uniform_high,64,35,fixed,random_matched,61,0.984375,0.45701058201058203,0.4655353763640873,0.6666666666666666,320000,179,2.796875,0.18586270071640976,0.363037109375,12,0.046875,0.046875,-0.03088040728650277,0.375,0.995321875,0.28125,0.004678125,0.46875,0.0,0.642709375,0.26830625,0.08898437499999999,0.390625,0.64024375,0.28125,0.266715625,0.453125,0.0883625,0.265625,0.002465625,0.25,0.001590625,0.328125,0.000621875,0.375,0.0,0.5,0.0,0.53125,0.0
patchy_high,64,35,fixed,random_matched,58,0.96875,0.45337301587301587,0.4301407009548611,0.6666666666666666,320000,212,3.3125,0.20191776563371477,0.439697265625,15,0.05859375,0.0546875,0.10117867146773055,0.3072916666666667,0.9958374999999999,0.3072916666666667,0.0041625,0.46875,0.0,0.57944375,0.300121875,0.120434375,0.3125,0.577275,0.28125,0.29868125,0.328125,0.11988125,0.3125,0.00216875,0.28125,0.001440625,0.328125,0.000553125,0.375,0.0,0.5,0.0,0.53125,0.0
split_high_low,64,35,fixed,random_matched,58,0.96875,0.4631834215167549,0.42325881076388894,0.6666666666666666,320000,181,2.828125,0.17889727709058995,0.3580322265625,13,0.05078125,0.0546875,-0.053591191403876054,0.3229166666666667,0.97694375,0.34375,0.02305625,0.46875,0.0,0.651725,0.26380000000000003,0.084475,0.296875,0.636884375,0.265625,0.257475,0.40625,0.082584375,0.375,0.014840625,0.296875,0.006325,0.359375,0.001890625,0.375,0.0,0.5,0.0,0.53125,0.0
uniform_high,64,36,fixed,random_matched,54,0.9387766275928987,0.4664902998236331,0.4637799851190476,0.6666666666666666,320000,205,3.203125,0.1970121788575293,0.3614501953125,11,0.04296875,0.0234375,-0.052428239837941676,0.3489583333333333,0.9962500000000001,0.3229166666666667,0.00375,0.4947916666666667,0.0,0.593409375,0.299790625,0.1068,0.359375,0.591778125,0.34375,0.29845,0.34375,0.106021875,0.296875,0.00163125,0.25,0.001340625,0.421875,0.000778125,0.515625,0.0,0.4375,0.0,0.53125,0.0
patchy_high,64,36,fixed,random_matched,55,0.9491932942595653,0.45298721340388004,0.4082712503100198,0.6666666666666666,320000,187,2.921875,0.18767072620352832,0.3590087890625,11,0.04296875,0.0703125,0.012050148121989436,0.359375,0.99646875,0.296875,0.0035312499999999997,0.4947916666666667,0.0,0.6140656250000001,0.28442500000000004,0.101509375,0.234375,0.612734375,0.359375,0.283003125,0.484375,0.10073125,0.25,0.00133125,0.21875,0.001421875,0.421875,0.000778125,0.515625,0.0,0.4375,0.0,0.53125,0.0
split_high_low,64,36,fixed,random_matched,56,0.956367480463116,0.47701719576719576,0.4587487134176587,0.6666666666666666,320000,194,3.03125,0.20584282827784228,0.447021484375,15,0.05859375,0.0625,0.11118223558662599,0.3489583333333333,0.9748343749999999,0.3697916666666667,0.025165625000000004,0.4947916666666667,0.0,0.5303749999999999,0.32423749999999996,0.1453875,0.359375,0.516403125,0.3125,0.3159875,0.375,0.14244375,0.328125,0.013971875,0.328125,0.00825,0.453125,0.00294375,0.515625,0.0,0.4375,0.0,0.53125,0.0
uniform_high,64,37,fixed,random_matched,60,0.9791666666666666,0.4723324514991181,0.4685739304315476,0.6666666666666666,320000,228,3.5625,0.19626334430061687,0.3597412109375,11,0.04296875,0.0703125,0.03151022137584258,0.3645833333333333,0.9953500000000001,0.328125,0.00465,0.4739583333333333,0.0,0.585825,0.303065625,0.11110937500000001,0.359375,0.584121875,0.359375,0.301159375,0.375,0.11006875,0.296875,0.001703125,0.328125,0.00190625,0.359375,0.001040625,0.546875,0.0,0.46875,0.0,0.40625,0.0
patchy_high,64,37,fixed,random_matched,56,0.956367480463116,0.4737654320987654,0.4714230034722222,0.6666666666666666,320000,226,3.53125,0.2060846562057823,0.3717041015625,14,0.0546875,0.0703125,0.11491525670222426,0.3697916666666667,0.9945625,0.3333333333333333,0.0054375,0.4739583333333333,0.0,0.545575,0.320271875,0.13415312499999998,0.359375,0.54358125,0.375,0.318084375,0.375,0.132896875,0.3125,0.00199375,0.296875,0.0021875,0.390625,0.00125625,0.546875,0.0,0.46875,0.0,0.40625,0.0
split_high_low,64,37,fixed,random_matched,58,0.96875,0.48126102292768963,0.4727791248139881,0.6666666666666666,320000,246,3.84375,0.2182513153150914,0.34130859375,10,0.0390625,0.0390625,0.017892838616703797,0.3802083333333333,0.9956937499999999,0.375,0.00430625,0.4739583333333333,0.0,0.48316875,0.342040625,0.174790625,0.34375,0.481759375,0.46875,0.340296875,0.328125,0.1736375,0.375,0.001409375,0.328125,0.00174375,0.421875,0.001153125,0.546875,0.0,0.46875,0.0,0.40625,0.0
uniform_high,64,38,fixed,random_matched,56,0.9583333333333334,0.4463183421516755,0.37773655908978176,0.6666666666666666,320000,150,2.34375,0.17953302226219156,0.3780517578125,12,0.046875,0.0625,-0.010257624248277728,0.3177083333333333,0.996453125,0.296875,0.0035468749999999997,0.5520833333333334,0.0,0.68183125,0.243353125,0.07481562500000001,0.203125,0.680315625,0.40625,0.242015625,0.34375,0.074121875,0.28125,0.001515625,0.21875,0.0013375,0.390625,0.00069375,0.59375,0.0,0.5625,0.0,0.5,0.0
patchy_high,64,38,fixed,random_matched,53,0.9375,0.42592592592592593,0.36099180617559523,0.6666666666666666,320000,133,2.078125,0.1690841790737475,0.33203125,14,0.0546875,0.0625,0.0039179851817065636,0.25,0.9966125,0.2916666666666667,0.0033875000000000003,0.5520833333333334,0.0,0.72008125,0.220625,0.05929375,0.21875,0.718571875,0.265625,0.219371875,0.265625,0.05866875,0.28125,0.001509375,0.171875,0.001253125,0.421875,0.000625,0.59375,0.0,0.5625,0.0,0.5,0.0
split_high_low,64,38,fixed,random_matched,51,0.9263941080560146,0.4377755731922399,0.3486381789434524,0.6666666666666666,320000,138,2.15625,0.172462110006724,0.2996826171875,8,0.03125,0.0390625,0.15791732142684795,0.2864583333333333,0.9947874999999999,0.3541666666666667,0.005212499999999999,0.5520833333333334,0.0,0.693946875,0.2404,0.06565312499999999,0.203125,0.69085,0.234375,0.238828125,0.421875,0.065109375,0.296875,0.003096875,0.203125,0.001571875,0.5625,0.00054375,0.59375,0.0,0.5625,0.0,0.5,0.0
uniform_high,64,39,fixed,random_matched,59,0.971992480463116,0.470734126984127,0.47392416139632937,0.6666666666666666,320000,248,3.875,0.20292097163895534,0.4122314453125,11,0.04296875,0.078125,0.08886961614638217,0.3958333333333333,0.995575,0.3020833333333333,0.004425,0.515625,0.0,0.574528125,0.30584687499999996,0.11962500000000001,0.34375,0.572471875,0.421875,0.304315625,0.421875,0.1187875,0.28125,0.00205625,0.3125,0.00153125,0.3125,0.0008375,0.5625,0.0,0.4375,0.0,0.546875,0.0
patchy_high,64,39,fixed,random_matched,57,0.9635416666666666,0.46748236331569665,0.4788007347470237,0.6666666666666666,320000,226,3.53125,0.20572206930621206,0.3514404296875,11,0.04296875,0.0546875,-0.008805243243343882,0.3645833333333333,0.9956562499999999,0.3177083333333333,0.00434375,0.515625,0.0,0.5629656249999999,0.3086625,0.128371875,0.4375,0.560996875,0.34375,0.30711875,0.3125,0.127540625,0.3125,0.00196875,0.265625,0.00154375,0.375,0.00083125,0.5625,0.0,0.4375,0.0,0.546875,0.0
split_high_low,64,39,fixed,random_matched,55,0.953125,0.4774029982363316,0.4563589828249008,0.6666666666666666,320000,212,3.3125,0.19492758476495325,0.3349609375,9,0.03515625,0.03125,0.11288367181394995,0.34375,0.996021875,0.3697916666666667,0.003978125,0.515625,0.0,0.6023687499999999,0.29138437500000003,0.10624687499999999,0.34375,0.600821875,0.328125,0.289771875,0.359375,0.105428125,0.359375,0.001546875,0.359375,0.0016125,0.390625,0.00081875,0.5625,0.0,0.4375,0.0,0.546875,0.0
uniform_high,64,40,fixed,random_matched,53,0.940742480463116,0.4610890652557319,0.40427429160466266,0.6666666666666666,320000,169,2.640625,0.20279580493318677,0.3353271484375,10,0.0390625,0.0703125,0.03446588260310197,0.2916666666666667,0.9952031250000001,0.3645833333333333,0.004796875,0.4791666666666667,0.0,0.5768875,0.298853125,0.12425937499999999,0.28125,0.575175,0.234375,0.296990625,0.359375,0.1230375,0.3125,0.0017125,0.34375,0.0018625,0.4375,0.001221875,0.4375,0.0,0.46875,0.0,0.53125,0.0
patchy_high,64,40,fixed,random_matched,57,0.9635416666666666,0.4684744268077601,0.43356268911210316,0.6666666666666666,320000,167,2.609375,0.20879638788733645,0.3671875,10,0.0390625,0.0625,0.07946351641341483,0.34375,0.99598125,0.34375,0.00401875,0.4791666666666667,0.0,0.5504375,0.320865625,0.128696875,0.28125,0.548978125,0.328125,0.3193125,0.421875,0.127690625,0.265625,0.001459375,0.34375,0.001553125,0.421875,0.00100625,0.4375,0.0,0.46875,0.0,0.53125,0.0
split_high_low,64,40,fixed,random_matched,54,0.9459508137964493,0.4642305996472663,0.398799857390873,0.6666666666666666,320000,141,2.203125,0.18291599677709025,0.27734375,8,0.03125,0.078125,0.06894175580734789,0.28125,0.9956625000000001,0.390625,0.0043375,0.4791666666666667,0.0,0.6260656250000001,0.27068125000000004,0.103253125,0.28125,0.624553125,0.21875,0.26909375,0.34375,0.102015625,0.375,0.0015125,0.390625,0.0015875,0.40625,0.0012375,0.4375,0.0,0.46875,0.0,0.53125,0.0
uniform_high,64,41,fixed,random_matched,56,0.9583333333333334,0.45893959435626097,0.41211463293650796,0.6666666666666666,320000,217,3.390625,0.1996727417644144,0.39111328125,13,0.05078125,0.0625,-0.05251702976687727,0.3333333333333333,0.99631875,0.3177083333333333,0.0036812500000000005,0.5625,0.0,0.5816343749999999,0.30565,0.112715625,0.234375,0.579996875,0.375,0.304234375,0.390625,0.1120875,0.3125,0.0016375,0.265625,0.001415625,0.375,0.000628125,0.59375,0.0,0.546875,0.0,0.546875,0.0
patchy_high,64,41,fixed,random_matched,57,0.959609960926232,0.47194664902998235,0.4704798735119048,0.6666666666666666,320000,226,3.53125,0.20552067352942563,0.3433837890625,10,0.0390625,0.0625,0.09164094793334804,0.3802083333333333,0.9964000000000001,0.3229166666666667,0.0036,0.5625,0.0,0.5483,0.3151125,0.1365875,0.34375,0.54666875,0.390625,0.31371875,0.40625,0.1360125,0.296875,0.00163125,0.28125,0.00139375,0.390625,0.000575,0.59375,0.0,0.546875,0.0,0.546875,0.0
split_high_low,64,41,fixed,random_matched,56,0.956367480463116,0.45552248677248675,0.39687406529017855,0.6666666666666666,320000,255,3.984375,0.2010526563405396,0.3948974609375,12,0.046875,0.0703125,0.05697898951426378,0.3020833333333333,0.97618125,0.3489583333333333,0.023818750000000003,0.5625,0.0,0.571290625,0.308378125,0.12033125,0.28125,0.561453125,0.203125,0.29946875,0.421875,0.115259375,0.296875,0.0098375,0.328125,0.008909375,0.421875,0.005071875,0.59375,0.0,0.546875,0.0,0.546875,0.0
uniform_high,64,42,fixed,random_matched,57,0.9615758137964493,0.44923941798941797,0.4032207046750992,0.6666666666666666,320000,173,2.703125,0.185761635270294,0.40185546875,12,0.046875,0.0703125,0.09971267295910839,0.3125,0.9962031250000001,0.296875,0.003796875,0.4479166666666667,0.0,0.6213062500000001,0.279125,0.09956875,0.25,0.61994375,0.296875,0.277659375,0.390625,0.0986,0.359375,0.0013625,0.28125,0.001465625,0.25,0.00096875,0.390625,0.0,0.453125,0.0,0.5,0.0
patchy_high,64,42,fixed,random_matched,57,0.9615758137964493,0.46235670194003525,0.45019401971726186,0.6666666666666666,320000,163,2.546875,0.19409440169056014,0.3409423828125,10,0.0390625,0.0703125,0.07362973249148357,0.3385416666666667,0.996015625,0.3125,0.003984375,0.4479166666666667,0.0,0.5679187499999999,0.31465937499999996,0.117421875,0.328125,0.566375,0.328125,0.313178125,0.359375,0.1164625,0.34375,0.00154375,0.328125,0.00148125,0.265625,0.000959375,0.390625,0.0,0.453125,0.0,0.5,0.0
split_high_low,64,42,fixed,random_matched,55,0.9511591471297827,0.45849867724867727,0.3825886455233135,0.6666666666666666,320000,161,2.515625,0.191372042421668,0.340576171875,9,0.03515625,0.0625,0.0006962073396314614,0.2916666666666667,0.986040625,0.359375,0.013959375,0.4479166666666667,0.0,0.60588125,0.29148125,0.10263749999999999,0.234375,0.600171875,0.25,0.286246875,0.390625,0.099621875,0.375,0.005709375,0.359375,0.005234375,0.34375,0.003015625,0.390625,0.0,0.453125,0.0,0.5,0.0
uniform_high,64,43,fixed,random_matched,56,0.956367480463116,0.45028659611992944,0.362510877046131,0.6666666666666666,320000,149,2.328125,0.1842890917254887,0.3277587890625,12,0.046875,0.0625,0.021202118479584378,0.28125,0.9962875000000001,0.328125,0.0037125000000000005,0.4635416666666667,0.0,0.675384375,0.25051875,0.07409687499999999,0.203125,0.673996875,0.296875,0.249065625,0.34375,0.073225,0.3125,0.0013875,0.34375,0.001453125,0.328125,0.000871875,0.484375,0.0,0.390625,0.0,0.515625,0.0
patchy_high,64,43,fixed,random_matched,56,0.9583333333333334,0.4458774250440917,0.3813257409474206,0.6666666666666666,320000,143,2.234375,0.18493104775532548,0.2855224609375,10,0.0390625,0.0703125,0.09718771624895015,0.2916666666666667,0.99625625,0.3072916666666667,0.00374375,0.4635416666666667,0.0,0.662878125,0.255865625,0.08125624999999999,0.25,0.661490625,0.21875,0.2543875,0.40625,0.080378125,0.296875,0.0013875,0.296875,0.001478125,0.328125,0.000878125,0.484375,0.0,0.390625,0.0,0.515625,0.0
split_high_low,64,43,fixed,random_matched,54,0.940742480463116,0.4661044973544974,0.4213833767361111,0.6666666666666666,320000,158,2.46875,0.1984901173439177,0.335693359375,11,0.04296875,0.03125,-0.014845758757629791,0.328125,0.980409375,0.3489583333333333,0.019590625,0.4635416666666667,0.0,0.59500625,0.29924999999999996,0.10574375,0.265625,0.5833125,0.328125,0.29335625,0.390625,0.103740625,0.28125,0.01169375,0.40625,0.00589375,0.359375,0.002003125,0.484375,0.0,0.390625,0.0,0.515625,0.0
uniform_high,64,44,fixed,random_matched,55,0.9511591471297827,0.45651455026455023,0.3902263966393849,0.6666666666666666,320000,219,3.421875,0.19682445211250726,0.3499755859375,12,0.046875,0.0703125,0.07586991001318188,0.3125,0.99611875,0.34375,0.00388125,0.4947916666666667,0.0,0.624565625,0.278865625,0.09656875,0.234375,0.622846875,0.28125,0.277390625,0.421875,0.09588125,0.390625,0.00171875,0.234375,0.001475,0.40625,0.0006875,0.53125,0.0,0.546875,0.0,0.40625,0.0
patchy_high,64,44,fixed,random_matched,55,0.9511591471297827,0.4651675485008819,0.424756550719246,0.6666666666666666,320000,205,3.203125,0.1951736683821716,0.387451171875,12,0.046875,0.0625,0.11746618290828088,0.359375,0.9962031250000001,0.3333333333333333,0.0037968750000000003,0.4947916666666667,0.0,0.6175906250000001,0.281209375,0.10120000000000001,0.25,0.616121875,0.4375,0.279640625,0.390625,0.100440625,0.40625,0.00146875,0.234375,0.00156875,0.359375,0.000759375,0.53125,0.0,0.546875,0.0,0.40625,0.0
split_high_low,64,44,fixed,random_matched,60,0.9791666666666666,0.4698522927689594,0.44349817863343255,0.6666666666666666,320000,250,3.90625,0.211284900892528,0.322265625,10,0.0390625,0.03125,0.055293656315356224,0.3697916666666667,0.981028125,0.3489583333333333,0.018971875,0.4947916666666667,0.0,0.516259375,0.328428125,0.1553125,0.265625,0.5062375,0.40625,0.32215,0.4375,0.152640625,0.453125,0.010021875,0.25,0.006278125,0.34375,0.002671875,0.53125,0.0,0.546875,0.0,0.40625,0.0
uniform_high,64,45,fixed,random_matched,57,0.9615758137964493,0.4458223104056437,0.40484227585565474,0.6666666666666666,320000,221,3.453125,0.20297944920726285,0.362548828125,10,0.0390625,0.046875,0.0058638934850104045,0.296875,0.9957343750000001,0.3072916666666667,0.0042656249999999995,0.5052083333333334,0.0,0.5632218750000001,0.308521875,0.12825625000000002,0.28125,0.5613875,0.234375,0.30685,0.375,0.127496875,0.265625,0.001834375,0.21875,0.001671875,0.4375,0.000759375,0.5,0.0,0.546875,0.0,0.46875,0.0
patchy_high,64,45,fixed,random_matched,55,0.9511591471297827,0.4538690476190476,0.42687579985119045,0.6666666666666666,320000,202,3.15625,0.20136330959209972,0.3353271484375,10,0.0390625,0.046875,-0.0007138895426709942,0.3072916666666667,0.995828125,0.3072916666666667,0.004171875,0.5052083333333334,0.0,0.553784375,0.311565625,0.13465,0.3125,0.551971875,0.265625,0.310003125,0.34375,0.133853125,0.265625,0.0018125,0.265625,0.0015625,0.390625,0.000796875,0.5,0.0,0.546875,0.0,0.46875,0.0
split_high_low,64,45,fixed,random_matched,59,0.971992480463116,0.4727182539682539,0.43264920789930555,0.6666666666666666,320000,211,3.296875,0.2066088121503154,0.346923828125,13,0.05078125,0.046875,0.0797963568146474,0.3333333333333333,0.9851343749999999,0.3645833333333333,0.014865624999999999,0.5052083333333334,0.0,0.548540625,0.3157375,0.13572187500000002,0.28125,0.542175,0.328125,0.310340625,0.390625,0.13261875,0.34375,0.006365625,0.3125,0.005396875,0.4375,0.003103125,0.5,0.0,0.546875,0.0,0.46875,0.0
uniform_high,64,46,fixed,random_matched,56,0.953125,0.441358024691358,0.3601720951140873,0.6666666666666666,320000,168,2.625,0.19250887818234264,0.3555908203125,10,0.0390625,0.0703125,-0.019405105184736156,0.265625,0.9961187499999999,0.3072916666666667,0.0038812499999999997,0.4895833333333333,0.0,0.6145968749999999,0.28010625,0.105296875,0.21875,0.6129125,0.21875,0.278646875,0.359375,0.104559375,0.328125,0.001684375,0.3125,0.001459375,0.28125,0.0007375,0.4375,0.0,0.515625,0.0,0.515625,0.0
patchy_high,64,46,fixed,random_matched,55,0.9491932942595653,0.4548611111111111,0.3849991319444444,0.6666666666666666,320000,158,2.46875,0.18137631239088658,0.3604736328125,12,0.046875,0.0703125,-0.035658031085599784,0.3229166666666667,0.996003125,0.3072916666666667,0.003996875,0.4895833333333333,0.0,0.664875,0.25244375,0.08268125,0.21875,0.66305,0.328125,0.25095,0.421875,0.082003125,0.359375,0.001825,0.265625,0.00149375,0.296875,0.000678125,0.4375,0.0,0.515625,0.0,0.515625,0.0
split_high_low,64,46,fixed,random_matched,58,0.96875,0.47315917107583777,0.4375140919518849,0.6666666666666666,320000,185,2.890625,0.1927239193089617,0.345703125,14,0.0546875,0.078125,-0.009944969214005072,0.3697916666666667,0.9828187499999999,0.3333333333333333,0.01718125,0.4895833333333333,0.0,0.6310125,0.279371875,0.08961562499999999,0.28125,0.6208625,0.375,0.274040625,0.453125,0.087915625,0.34375,0.01015,0.3125,0.00533125,0.34375,0.0017,0.4375,0.0,0.515625,0.0,0.515625,0.0
uniform_high,64,47,fixed,random_matched,55,0.953125,0.44538139329806,0.36132154792906745,0.6666666666666666,320000,183,2.859375,0.173713441319653,0.3951416015625,12,0.046875,0.0625,0.08185383927372296,0.2864583333333333,0.996065625,0.328125,0.003934375,0.5364583333333334,0.0,0.682634375,0.24406875,0.073296875,0.234375,0.68105625,0.1875,0.24243125,0.4375,0.072578125,0.265625,0.001578125,0.3125,0.0016375,0.40625,0.00071875,0.546875,0.0,0.5,0.0,0.5625,0.0
patchy_high,64,47,fixed,random_matched,55,0.9511591471297827,0.45023148148148145,0.382624113343254,0.6666666666666666,320000,181,2.828125,0.17776508071101133,0.3662109375,11,0.04296875,0.0625,0.01909080792256086,0.28125,0.9959312499999999,0.3333333333333333,0.0040687499999999995,0.5364583333333334,0.0,0.672159375,0.25224375,0.07559687500000001,0.234375,0.67035625,0.28125,0.25061875,0.328125,0.07495625,0.25,0.001803125,0.3125,0.001625,0.4375,0.000640625,0.546875,0.0,0.5,0.0,0.5625,0.0
split_high_low,64,47,fixed,random_matched,55,0.9511591471297827,0.44235008818342153,0.3139788581969246,0.6666666666666666,320000,173,2.703125,0.17827362752502443,0.3416748046875,11,0.04296875,0.078125,-0.026437493835756654,0.25,0.9825468749999999,0.359375,0.017453125,0.5364583333333334,0.0,0.70126875,0.23330625,0.065425,0.15625,0.68785,0.28125,0.230121875,0.3125,0.064575,0.25,0.01341875,0.359375,0.003184375,0.46875,0.00085,0.546875,0.0,0.5,0.0,0.5625,0.0
uniform_high,64,48,fixed,random_matched,52,0.9335682942595653,0.45651455026455023,0.3612950892857143,0.6666666666666666,320000,175,2.734375,0.16576146297735278,0.377685546875,12,0.046875,0.0546875,0.154035803083638,0.3229166666666667,0.99635625,0.3854166666666667,0.0036437500000000003,0.5260416666666666,0.0,0.716690625,0.220765625,0.06254375,0.21875,0.715459375,0.234375,0.219225,0.515625,0.061671875,0.359375,0.00123125,0.28125,0.001540625,0.515625,0.000871875,0.5625,0.0,0.5625,0.0,0.453125,0.0
patchy_high,64,48,fixed,random_matched,57,0.9615758137964493,0.4480268959435626,0.3525532242063492,0.6666666666666666,320000,150,2.34375,0.16964306868373566,0.38818359375,12,0.046875,0.0703125,-0.04024424367795437,0.3072916666666667,0.9962906250000001,0.3489583333333333,0.003709375,0.5260416666666666,0.0,0.714125,0.216703125,0.06917187500000001,0.203125,0.71258125,0.25,0.215215625,0.46875,0.06849375,0.296875,0.00154375,0.25,0.0014875,0.5,0.000678125,0.5625,0.0,0.5625,0.0,0.453125,0.0
split_high_low,64,48,fixed,random_matched,56,0.956367480463116,0.45987654320987653,0.37321442212301587,0.6666666666666666,320000,180,2.8125,0.18794759333393507,0.3409423828125,11,0.04296875,0.0703125,0.06258674535749918,0.296875,0.995271875,0.3958333333333333,0.004728125,0.5260416666666666,0.0,0.614371875,0.28780937500000003,0.09781875,0.234375,0.612390625,0.21875,0.28608125,0.4375,0.0968,0.328125,0.00198125,0.359375,0.001728125,0.5,0.00101875,0.5625,0.0,0.5625,0.0,0.453125,0.0
uniform_high,64,49,fixed,random_matched,54,0.9459508137964493,0.4443342151675485,0.4868234638516865,0.6666666666666666,320000,191,2.984375,0.21737082105620356,0.304931640625,9,0.03515625,0.0625,0.0526014722763955,0.4427083333333333,0.9965125,0.24479166666666666,0.0034874999999999997,0.4479166666666667,0.0,0.4946125,0.34014687499999996,0.165240625,0.421875,0.49291875,0.359375,0.3389,0.546875,0.16469375,0.1875,0.00169375,0.15625,0.001246875,0.390625,0.000546875,0.4375,0.0,0.546875,0.0,0.359375,0.0
patchy_high,64,49,fixed,random_matched,55,0.9437248945978208,0.4368937389770723,0.45036959790426584,0.6666666666666666,320000,193,3.015625,0.20760307676404405,0.3917236328125,12,0.046875,0.0546875,0.035787139225481275,0.34375,0.996471875,0.2552083333333333,0.003528125,0.4479166666666667,0.0,0.542496875,0.31176875,0.145734375,0.3125,0.540815625,0.359375,0.310459375,0.359375,0.145196875,0.1875,0.00168125,0.171875,0.001309375,0.40625,0.0005375,0.4375,0.0,0.546875,0.0,0.359375,0.0
split_high_low,64,49,fixed,random_matched,59,0.9739583333333334,0.4635692239858906,0.47045586867559525,0.6666666666666666,320000,209,3.265625,0.21221479904862134,0.3487548828125,10,0.0390625,0.046875,0.014417195792167473,0.4010416666666667,0.972484375,0.3125,0.027515625,0.4479166666666667,0.0,0.52968125,0.326990625,0.143328125,0.328125,0.51461875,0.4375,0.317653125,0.4375,0.1402125,0.296875,0.0150625,0.203125,0.0093375,0.4375,0.003115625,0.4375,0.0,0.546875,0.0,0.359375,0.0
uniform_high,64,50,fixed,random_matched,57,0.9615758137964493,0.4306657848324515,0.135823775421627,0.6666666666666666,320000,53,0.828125,0.10167209319517453,0.3160400390625,9,0.03515625,0.09375,-0.05162101479976161,0.23958333333333334,0.9965499999999999,0.390625,0.00345,0.4947916666666667,0.0,0.9333468749999999,0.059921875,0.006731249999999999,0.0625,0.932134375,0.21875,0.058615625,0.4375,0.0058,0.5,0.0012125,0.28125,0.00130625,0.390625,0.00093125,0.53125,0.0,0.53125,0.0,0.421875,0.0
patchy_high,64,50,fixed,random_matched,56,0.956367480463116,0.4386022927689594,0.1652022197420635,0.6666666666666666,320000,59,0.921875,0.10336457790156561,0.3135986328125,9,0.03515625,0.0546875,-0.08090080067329322,0.24479166666666666,0.9960031250000001,0.40625,0.0039968749999999996,0.4947916666666667,0.0,0.9296468750000001,0.06288125,0.007471875,0.078125,0.927996875,0.265625,0.06148125,0.390625,0.006525,0.53125,0.00165,0.296875,0.0014,0.390625,0.000946875,0.53125,0.0,0.53125,0.0,0.421875,0.0
split_high_low,64,50,fixed,random_matched,58,0.9635416666666666,0.47034832451499115,0.38072054346478174,0.6666666666666666,320000,133,2.078125,0.16236416360232175,0.3563232421875,9,0.03515625,0.03125,-0.0583045059349725,0.3177083333333333,0.9824062499999999,0.4583333333333333,0.017593750000000002,0.4947916666666667,0.0,0.7284968749999999,0.2187625,0.052740625,0.234375,0.71710625,0.265625,0.2141875,0.453125,0.0511125,0.515625,0.011390625,0.328125,0.004575,0.53125,0.001628125,0.53125,0.0,0.53125,0.0,0.421875,0.0
uniform_high,64,51,fixed,random_matched,57,0.9615758137964493,0.43672839506172834,0.4044546843998016,0.6666666666666666,320000,265,4.140625,0.2135562374174967,0.3587646484375,11,0.04296875,0.0625,-0.0019297294173680202,0.2864583333333333,0.995215625,0.2708333333333333,0.004784375,0.5052083333333334,0.0,0.499121875,0.33804687499999997,0.16283125,0.25,0.497415625,0.296875,0.336134375,0.3125,0.161665625,0.296875,0.00170625,0.1875,0.0019125,0.328125,0.001165625,0.5625,0.0,0.515625,0.0,0.4375,0.0
patchy_high,64,51,fixed,random_matched,52,0.9335682942595653,0.4577270723104056,0.45415046037946427,0.6666666666666666,320000,289,4.515625,0.21639754032020123,0.339599609375,13,0.05078125,0.0703125,-0.02666289886910834,0.328125,0.9952624999999999,0.3072916666666667,0.0047375,0.5052083333333334,0.0,0.49770625,0.33930312500000004,0.162990625,0.34375,0.49610625,0.375,0.337409375,0.265625,0.161746875,0.296875,0.0016,0.25,0.00189375,0.375,0.00124375,0.5625,0.0,0.515625,0.0,0.4375,0.0
split_high_low,64,51,fixed,random_matched,58,0.9667841471297827,0.4740961199294532,0.48993269779265874,0.6666666666666666,320000,284,4.4375,0.21908605496066663,0.3892822265625,12,0.046875,0.03125,0.06650537670444504,0.453125,0.9633812500000001,0.3020833333333333,0.036618750000000005,0.5052083333333334,0.0,0.4846125,0.345621875,0.169765625,0.46875,0.464275,0.359375,0.33430625,0.53125,0.1648,0.28125,0.0203375,0.28125,0.011315625,0.34375,0.004965625,0.5625,0.0,0.515625,0.0,0.4375,0.0
uniform_high,64,52,fixed,random_matched,57,0.9615758137964493,0.4517195767195767,0.3995714936755952,0.6666666666666666,320000,211,3.296875,0.1820298339711664,0.3841552734375,16,0.0625,0.046875,0.07024684156057902,0.2864583333333333,0.995628125,0.34375,0.004371875,0.484375,0.0,0.6487156249999999,0.27094062500000005,0.08034375,0.25,0.646790625,0.3125,0.269284375,0.296875,0.079553125,0.328125,0.001925,0.25,0.00165625,0.453125,0.000790625,0.46875,0.0,0.578125,0.0,0.40625,0.0
patchy_high,64,52,fixed,random_matched,57,0.9635416666666666,0.4576168430335097,0.4215930168030754,0.6666666666666666,320000,200,3.125,0.19140467936272146,0.3275146484375,11,0.04296875,0.078125,-0.04137116522244339,0.3229166666666667,0.995815625,0.34375,0.004184375,0.484375,0.0,0.618159375,0.28445,0.09739062500000001,0.28125,0.616540625,0.296875,0.28280625,0.390625,0.09646875,0.375,0.00161875,0.203125,0.00164375,0.453125,0.000921875,0.46875,0.0,0.578125,0.0,0.40625,0.0
split_high_low,64,52,fixed,random_matched,55,0.9511591471297827,0.47360008818342153,0.4338052951388889,0.6666666666666666,320000,218,3.40625,0.201155765241908,0.376953125,12,0.046875,0.0234375,0.04763515152387489,0.3802083333333333,0.990371875,0.3802083333333333,0.009628125,0.484375,0.0,0.550446875,0.320740625,0.1288125,0.265625,0.545003125,0.359375,0.3176375,0.515625,0.12773125,0.359375,0.00544375,0.296875,0.003103125,0.484375,0.00108125,0.46875,0.0,0.578125,0.0,0.40625,0.0
uniform_high,64,53,fixed,random_matched,55,0.9511591471297827,0.44152336860670194,0.3470246853298611,0.6666666666666666,320000,198,3.09375,0.19602249308258066,0.35205078125,11,0.04296875,0.078125,0.12332983604412279,0.3229166666666667,0.99578125,0.3020833333333333,0.00421875,0.4947916666666667,0.0,0.607296875,0.2889125,0.103790625,0.171875,0.6057125,0.28125,0.28725625,0.515625,0.1028125,0.3125,0.001584375,0.203125,0.00165625,0.390625,0.000978125,0.5,0.0,0.53125,0.0,0.453125,0.0
patchy_high,64,53,fixed,random_matched,57,0.9635416666666666,0.47508818342151676,0.47507179129464283,0.6666666666666666,320000,185,2.890625,0.20186850432381498,0.379150390625,11,0.04296875,0.0546875,-0.05011444120074008,0.3802083333333333,0.995978125,0.3333333333333333,0.004021875,0.4947916666666667,0.0,0.5787812499999999,0.30493437500000004,0.116284375,0.375,0.577234375,0.359375,0.303371875,0.40625,0.115371875,0.390625,0.001546875,0.234375,0.0015625,0.375,0.0009125,0.5,0.0,0.53125,0.0,0.453125,0.0
split_high_low,64,53,fixed,random_matched,59,0.9739583333333334,0.47525352733686066,0.43778069661458335,0.6666666666666666,320000,191,2.984375,0.20232828081718768,0.345947265625,11,0.04296875,0.0703125,0.02290086263627331,0.3645833333333333,0.9941218749999999,0.3645833333333333,0.005878125,0.4947916666666667,0.0,0.572234375,0.311440625,0.116325,0.296875,0.5689,0.3125,0.309640625,0.484375,0.11558125,0.359375,0.003334375,0.296875,0.0018,0.4375,0.00074375,0.5,0.0,0.53125,0.0,0.453125,0.0
uniform_high,64,54,fixed,random_matched,58,0.96875,0.4494047619047619,0.33774384920634914,0.6666666666666666,320000,108,1.6875,0.16452256097005877,0.3701171875,13,0.05078125,0.0703125,-0.0045069428707654215,0.2604166666666667,0.996609375,0.3489583333333333,0.003390625,0.515625,0.0,0.7368343749999999,0.211934375,0.05123125,0.1875,0.735478125,0.28125,0.2106125,0.3125,0.05051875,0.3125,0.00135625,0.34375,0.001321875,0.390625,0.0007125,0.578125,0.0,0.5,0.0,0.46875,0.0
patchy_high,64,54,fixed,random_matched,56,0.9583333333333334,0.44813712522045857,0.3508699342757936,0.6666666666666666,320000,107,1.671875,0.16340434518065,0.371826171875,13,0.05078125,0.0703125,0.011616745927634554,0.265625,0.9964,0.3385416666666667,0.0036000000000000003,0.515625,0.0,0.74993125,0.198978125,0.051090625,0.203125,0.7482625,0.28125,0.1977125,0.3125,0.050425,0.265625,0.00166875,0.359375,0.001265625,0.390625,0.000665625,0.578125,0.0,0.5,0.0,0.46875,0.0
split_high_low,64,54,fixed,random_matched,55,0.9479166666666666,0.45673500881834217,0.35237308407738094,0.6666666666666666,320000,120,1.875,0.1592062512739284,0.293212890625,9,0.03515625,0.0390625,0.06556701022274383,0.296875,0.9945749999999999,0.3489583333333333,0.005425,0.515625,0.0,0.7061687499999999,0.22744062499999998,0.06639062500000001,0.1875,0.70371875,0.328125,0.2253875,0.375,0.06546875,0.328125,0.00245,0.296875,0.002053125,0.421875,0.000921875,0.578125,0.0,0.5,0.0,0.46875,0.0
uniform_high,64,55,fixed,random_matched,54,0.940742480463116,0.43871252204585537,0.3705417317708333,0.6666666666666666,320000,161,2.515625,0.18573124757915715,0.29052734375,9,0.03515625,0.09375,0.04221886631989938,0.296875,0.99638125,0.28125,0.00361875,0.5260416666666666,0.0,0.622953125,0.279371875,0.097675,0.203125,0.62151875,0.296875,0.27795625,0.390625,0.09690625,0.28125,0.001434375,0.1875,0.001415625,0.375,0.00076875,0.5,0.0,0.5625,0.0,0.515625,0.0
patchy_high,64,55,fixed,random_matched,49,0.915977441389348,0.44708994708994704,0.4145265966021826,0.6666666666666666,320000,169,2.640625,0.18887736833246405,0.2811279296875,8,0.03125,0.078125,0.11744396901775682,0.3333333333333333,0.9961937500000001,0.2760416666666667,0.0038062499999999997,0.5260416666666666,0.0,0.6164343750000001,0.28207187499999997,0.10149375,0.265625,0.614734375,0.296875,0.28065625,0.4375,0.100803125,0.28125,0.0017,0.1875,0.001415625,0.359375,0.000690625,0.5,0.0,0.5625,0.0,0.515625,0.0
split_high_low,64,55,fixed,random_matched,53,0.9387766275928987,0.44009038800705463,0.3847916434151786,0.6666666666666666,320000,204,3.1875,0.20252175536867487,0.3726806640625,12,0.046875,0.078125,-0.08586290498923918,0.2708333333333333,0.97136875,0.3020833333333333,0.028631249999999997,0.5260416666666666,0.0,0.556859375,0.31316562499999995,0.129975,0.25,0.538859375,0.234375,0.3059375,0.328125,0.126571875,0.25,0.018,0.25,0.007228125,0.40625,0.003403125,0.5,0.0,0.5625,0.0,0.515625,0.0
uniform_high,64,56,fixed,random_matched,55,0.9511591471297827,0.45298721340388004,0.400824083891369,0.6666666666666666,320000,145,2.265625,0.15718923090769127,0.3905029296875,15,0.05859375,0.0546875,0.0525050610344709,0.3229166666666667,0.9964781249999999,0.296875,0.003521875,0.4479166666666667,0.0,0.7313031249999999,0.21510625,0.053590625,0.25,0.72995625,0.328125,0.21368125,0.390625,0.052840625,0.25,0.001346875,0.328125,0.001425,0.3125,0.00075,0.421875,0.0,0.421875,0.0,0.5,0.0
patchy_high,64,56,fixed,random_matched,60,0.9791666666666666,0.45342813051146386,0.41776068793402776,0.6666666666666666,320000,150,2.34375,0.16462503365070247,0.4010009765625,12,0.046875,0.0546875,-0.121380284799344,0.34375,0.9962375,0.2864583333333333,0.0037625,0.4479166666666667,0.0,0.694459375,0.23499687500000002,0.07054375,0.265625,0.692884375,0.34375,0.233584375,0.421875,0.06976875,0.21875,0.001575,0.328125,0.0014125,0.3125,0.000775,0.421875,0.0,0.421875,0.0,0.5,0.0
split_high_low,64,56,fixed,random_matched,58,0.9667841471297827,0.4537037037037037,0.41577849702380953,0.6666666666666666,320000,174,2.71875,0.16634400473987276,0.3035888671875,9,0.03515625,0.046875,0.034678948935782876,0.3385416666666667,0.9656812499999999,0.3177083333333333,0.03431875,0.4479166666666667,0.0,0.712371875,0.228396875,0.059231250000000006,0.296875,0.689271875,0.234375,0.21923125,0.484375,0.057178125,0.265625,0.0231,0.421875,0.009165625,0.265625,0.002053125,0.421875,0.0,0.421875,0.0,0.5,0.0
uniform_high,64,57,fixed,random_matched,62,0.9895833333333334,0.4758597883597883,0.46287613312251985,0.6666666666666666,320000,208,3.25,0.19724769914153473,0.3792724609375,10,0.0390625,0.0625,0.03463787074255548,0.3854166666666667,0.99550625,0.34375,0.00449375,0.4583333333333333,0.0,0.60926875,0.286871875,0.103859375,0.359375,0.607659375,0.3125,0.2850875,0.484375,0.102759375,0.34375,0.001609375,0.328125,0.001784375,0.359375,0.0011,0.421875,0.0,0.421875,0.0,0.53125,0.0
patchy_high,64,57,fixed,random_matched,59,0.9739583333333334,0.46919091710758376,0.4208647181919643,0.6666666666666666,320000,185,2.890625,0.19530929331151778,0.3382568359375,10,0.0390625,0.03125,0.01674463137713765,0.359375,0.99545625,0.34375,0.004543749999999999,0.4583333333333333,0.0,0.59136875,0.29398125,0.11465,0.25,0.589621875,0.359375,0.292228125,0.46875,0.11360625,0.375,0.001746875,0.3125,0.001753125,0.34375,0.00104375,0.421875,0.0,0.421875,0.0,0.53125,0.0
split_high_low,64,57,fixed,random_matched,60,0.9772008137964493,0.4587191358024691,0.36767223152281747,0.6666666666666666,320000,151,2.359375,0.1652987928856165,0.3065185546875,10,0.0390625,0.046875,0.07520760537760314,0.296875,0.995059375,0.375,0.004940625,0.4583333333333333,0.0,0.744878125,0.2087375,0.046384375,0.234375,0.742334375,0.21875,0.20723125,0.4375,0.04549375,0.375,0.00254375,0.328125,0.00150625,0.421875,0.000890625,0.421875,0.0,0.421875,0.0,0.53125,0.0
uniform_high,64,58,fixed,random_matched,54,0.9427083333333334,0.4507275132275132,0.4120847222222222,0.6666666666666666,320000,184,2.875,0.20256966851084976,0.3739013671875,14,0.0546875,0.078125,0.07105901827515916,0.265625,0.9870343750000001,0.3489583333333333,0.012965624999999998,0.5104166666666666,0.0,0.5863375000000001,0.301203125,0.112459375,0.296875,0.579209375,0.28125,0.29723125,0.21875,0.11059375,0.34375,0.007128125,0.34375,0.003971875,0.359375,0.001865625,0.5625,0.0,0.40625,0.0,0.5625,0.0
patchy_high,64,58,fixed,random_matched,56,0.956367480463116,0.45949074074074076,0.42400164930555556,0.6666666666666666,320000,188,2.9375,0.19585600322512095,0.34228515625,11,0.04296875,0.0546875,0.026606285504512144,0.328125,0.990334375,0.3333333333333333,0.009665625,0.5104166666666666,0.0,0.5975874999999999,0.295415625,0.10699687499999999,0.328125,0.592853125,0.21875,0.292290625,0.4375,0.105190625,0.359375,0.004734375,0.296875,0.003125,0.34375,0.00180625,0.5625,0.0,0.40625,0.0,0.5625,0.0
split_high_low,64,58,fixed,random_matched,55,0.953125,0.46208112874779533,0.3885879262772818,0.6666666666666666,320000,171,2.671875,0.18150283420574048,0.3486328125,9,0.03515625,0.0625,-0.0036288177827688423,0.28125,0.9590031250000001,0.3958333333333333,0.040996875,0.5104166666666666,0.0,0.64684375,0.26255,0.09060625,0.25,0.618178125,0.234375,0.25321875,0.359375,0.08760625,0.390625,0.028665625,0.375,0.00933125,0.421875,0.003,0.5625,0.0,0.40625,0.0,0.5625,0.0
uniform_high,64,59,fixed,random_matched,56,0.9583333333333334,0.4487433862433862,0.3823416713169643,0.6666666666666666,320000,195,3.046875,0.18920306095603906,0.3597412109375,13,0.05078125,0.0546875,0.08900576468772466,0.3229166666666667,0.9959125,0.3177083333333333,0.0040875,0.4427083333333333,0.0,0.6397906250000001,0.26689687500000003,0.09331249999999999,0.234375,0.638078125,0.25,0.265309375,0.484375,0.092525,0.234375,0.0017125,0.296875,0.0015875,0.421875,0.0007875,0.421875,0.0,0.4375,0.0,0.46875,0.0
patchy_high,64,59,fixed,random_matched,57,0.9635416666666666,0.44262566137566134,0.3358077582465278,0.6666666666666666,320000,174,2.71875,0.19016845076936503,0.3428955078125,11,0.04296875,0.0859375,0.015336718814317538,0.2864583333333333,0.995309375,0.328125,0.004690625,0.4427083333333333,0.0,0.648840625,0.262834375,0.088325,0.171875,0.646740625,0.265625,0.261021875,0.421875,0.087546875,0.234375,0.0021,0.3125,0.0018125,0.4375,0.000778125,0.421875,0.0,0.4375,0.0,0.46875,0.0
split_high_low,64,59,fixed,random_matched,55,0.953125,0.45618386243386244,0.39684339192708334,0.6666666666666666,320000,163,2.546875,0.19335548040098205,0.369140625,11,0.04296875,0.046875,-0.047412777866339816,0.328125,0.9345812499999999,0.3489583333333333,0.06541875,0.4427083333333333,0.0,0.584565625,0.30153125,0.11390312500000001,0.25,0.550971875,0.25,0.279165625,0.484375,0.10444375,0.25,0.03359375,0.328125,0.022365625,0.46875,0.009459375,0.421875,0.0,0.4375,0.0,0.46875,0.0
uniform_high,64,60,fixed,random_matched,57,0.959609960926232,0.46334876543209874,0.4272688507564484,0.6666666666666666,320000,176,2.75,0.173849191088652,0.3134765625,9,0.03515625,0.0625,0.00512596448288669,0.3385416666666667,0.9956625,0.3229166666666667,0.0043375,0.5104166666666666,0.0,0.6886593750000001,0.241440625,0.0699,0.28125,0.68705,0.34375,0.239675,0.390625,0.0689375,0.328125,0.001609375,0.28125,0.001765625,0.359375,0.0009625,0.484375,0.0,0.4375,0.0,0.609375,0.0
patchy_high,64,60,fixed,random_matched,57,0.9635416666666666,0.43805114638447973,0.34639328652033735,0.6666666666666666,320000,178,2.78125,0.18882461081596874,0.4110107421875,14,0.0546875,0.0625,0.053454921195366635,0.2604166666666667,0.9955218750000001,0.3125,0.004478125,0.5104166666666666,0.0,0.6333375,0.272928125,0.09373437500000001,0.1875,0.6318375,0.265625,0.27104375,0.328125,0.092640625,0.34375,0.0015,0.25,0.001884375,0.34375,0.00109375,0.484375,0.0,0.4375,0.0,0.609375,0.0
split_high_low,64,60,fixed,random_matched,59,0.9739583333333334,0.4535934744268077,0.34312359871031745,0.6666666666666666,320000,129,2.015625,0.16808190731250575,0.265625,9,0.03515625,0.0390625,0.07084381610210046,0.2916666666666667,0.9954875,0.3645833333333333,0.0045125,0.5104166666666666,0.0,0.69813125,0.23084375000000001,0.071025,0.1875,0.696325,0.265625,0.22909375,0.421875,0.07006875,0.421875,0.00180625,0.28125,0.00175,0.390625,0.00095625,0.484375,0.0,0.4375,0.0,0.609375,0.0
uniform_high,64,61,fixed,random_matched,59,0.9739583333333334,0.45298721340388004,0.43377998201884915,0.6666666666666666,320000,191,2.984375,0.18876479675381666,0.3797607421875,12,0.046875,0.078125,-0.024643202327988344,0.3125,0.995759375,0.328125,0.0042406250000000005,0.5,0.0,0.61001875,0.28214062500000003,0.107840625,0.359375,0.608553125,0.21875,0.28048125,0.359375,0.106725,0.375,0.001465625,0.21875,0.001659375,0.390625,0.001115625,0.5625,0.0,0.390625,0.0,0.546875,0.0
patchy_high,64,61,fixed,random_matched,55,0.9491932942595653,0.4420194003527337,0.403672017609127,0.6666666666666666,320000,172,2.6875,0.1844805753972792,0.3240966796875,9,0.03515625,0.109375,0.1270483852617979,0.2864583333333333,0.9959999999999999,0.328125,0.004,0.5,0.0,0.611809375,0.284671875,0.10351874999999999,0.3125,0.61033125,0.1875,0.283134375,0.359375,0.102534375,0.359375,0.001478125,0.1875,0.0015375,0.4375,0.000984375,0.5625,0.0,0.390625,0.0,0.546875,0.0
split_high_low,64,61,fixed,random_matched,57,0.9635416666666666,0.4670965608465608,0.43452268415178574,0.6666666666666666,320000,206,3.21875,0.19600591604057077,0.350341796875,14,0.0546875,0.0703125,-0.02295124786708981,0.328125,0.9785718750000001,0.375,0.021428125,0.5,0.0,0.56829375,0.307246875,0.124459375,0.28125,0.5574875,0.359375,0.299996875,0.34375,0.1210875,0.375,0.01080625,0.265625,0.00725,0.484375,0.003371875,0.5625,0.0,0.390625,0.0,0.546875,0.0
uniform_high,64,62,fixed,random_matched,57,0.9615758137964493,0.44246031746031744,0.3777202489459326,0.6666666666666666,320000,141,2.203125,0.1766186632559897,0.3218994140625,14,0.0546875,0.09375,-0.11243858283986473,0.3020833333333333,0.995725,0.328125,0.004275,0.4322916666666667,0.0,0.678209375,0.2495625,0.072228125,0.265625,0.676134375,0.171875,0.248009375,0.46875,0.07158125,0.28125,0.002075,0.28125,0.001553125,0.421875,0.000646875,0.515625,0.0,0.40625,0.0,0.375,0.0
patchy_high,64,62,fixed,random_matched,56,0.9583333333333334,0.45778218694885364,0.4268112676711309,0.6666666666666666,320000,145,2.265625,0.16700198725679477,0.31689453125,9,0.03515625,0.0859375,0.029303197759713007,0.3177083333333333,0.99615625,0.3333333333333333,0.00384375,0.4322916666666667,0.0,0.71170625,0.226265625,0.062028125,0.296875,0.710003125,0.296875,0.2247375,0.359375,0.061415625,0.296875,0.001703125,0.28125,0.001528125,0.421875,0.0006125,0.515625,0.0,0.40625,0.0,0.375,0.0
split_high_low,64,62,fixed,random_matched,60,0.9772008137964493,0.4763558201058201,0.4530572901165675,0.6666666666666666,320000,184,2.875,0.20233010118428235,0.3475341796875,10,0.0390625,0.0859375,0.0783361079902973,0.3541666666666667,0.97099375,0.375,0.029006249999999997,0.4322916666666667,0.0,0.551646875,0.3180375,0.130315625,0.3125,0.539503125,0.359375,0.30716875,0.390625,0.124321875,0.390625,0.01214375,0.34375,0.01086875,0.390625,0.00599375,0.515625,0.0,0.40625,0.0,0.375,0.0
uniform_high,64,63,fixed,random_matched,59,0.971992480463116,0.45761684303350963,0.40911663566468254,0.6666666666666666,320000,209,3.265625,0.20406332806122002,0.3765869140625,13,0.05078125,0.09375,-0.000998126543565446,0.3177083333333333,0.996034375,0.3177083333333333,0.0039656249999999995,0.4947916666666667,0.0,0.556446875,0.30785625,0.135696875,0.25,0.554484375,0.296875,0.306484375,0.40625,0.135065625,0.296875,0.0019625,0.296875,0.001371875,0.359375,0.00063125,0.5625,0.0,0.4375,0.0,0.484375,0.0
patchy_high,64,63,fixed,random_matched,58,0.9667841471297827,0.46318342151675485,0.45428764880952377,0.6666666666666666,320000,204,3.1875,0.20434446010994814,0.369140625,12,0.046875,0.0625,0.0029057139822762238,0.3489583333333333,0.9962656249999999,0.3020833333333333,0.0037343750000000003,0.4947916666666667,0.0,0.579940625,0.29978125,0.120278125,0.328125,0.577990625,0.34375,0.298559375,0.375,0.119715625,0.265625,0.00195,0.296875,0.001221875,0.34375,0.0005625,0.5625,0.0,0.4375,0.0,0.484375,0.0
split_high_low,64,63,fixed,random_matched,54,0.9420191080560146,0.4560736331569664,0.3880974748883929,0.6666666666666666,320000,193,3.015625,0.19253569650619987,0.3436279296875,11,0.04296875,0.0625,-0.07430119480851888,0.3125,0.9965812500000001,0.3229166666666667,0.00341875,0.4947916666666667,0.0,0.578025,0.305853125,0.116121875,0.21875,0.57645,0.296875,0.30458125,0.421875,0.11555,0.328125,0.001575,0.296875,0.001271875,0.34375,0.000571875,0.5625,0.0,0.4375,0.0,0.484375,0.0
uniform_high,64,64,fixed,random_matched,54,0.9459508137964493,0.4107142857142857,0.19750299944196428,0.6666666666666666,320000,70,1.09375,0.123407144326657,0.33837890625,11,0.04296875,0.0859375,0.09079096980785903,0.22395833333333334,0.99679375,0.3020833333333333,0.00320625,0.5677083333333334,0.0,0.8814937500000001,0.100284375,0.018221875,0.09375,0.87984375,0.234375,0.099121875,0.34375,0.017828125,0.359375,0.00165,0.1875,0.0011625,0.359375,0.00039375,0.625,0.0,0.625,0.0,0.453125,0.0
patchy_high,64,64,fixed,random_matched,55,0.9459508137964493,0.4177138447971781,0.16806850198412698,0.6666666666666666,320000,89,1.390625,0.13069944783837334,0.328857421875,10,0.0390625,0.03125,0.00820022805896838,0.265625,0.99719375,0.3072916666666667,0.0028062499999999997,0.5677083333333334,0.0,0.8628312499999999,0.11539375,0.021775,0.0625,0.861621875,0.375,0.114253125,0.359375,0.02131875,0.359375,0.001209375,0.171875,0.001140625,0.390625,0.00045625,0.625,0.0,0.625,0.0,0.453125,0.0
split_high_low,64,64,fixed,random_matched,56,0.956367480463116,0.43656305114638444,0.2968993241567461,0.6666666666666666,320000,95,1.484375,0.1444795794166746,0.2955322265625,11,0.04296875,0.0703125,0.003492695923962451,0.265625,0.987334375,0.3385416666666667,0.012665625,0.5677083333333334,0.0,0.8053968749999999,0.1600375,0.034565625,0.15625,0.79794375,0.265625,0.15581875,0.375,0.033571875,0.3125,0.007453125,0.265625,0.00421875,0.4375,0.00099375,0.625,0.0,0.625,0.0,0.453125,0.0
uniform_high,64,65,fixed,random_matched,58,0.9667841471297827,0.4621362433862434,0.4408936709449405,0.6666666666666666,320000,205,3.203125,0.18982770819687414,0.3570556640625,10,0.0390625,0.0390625,0.039113488754483686,0.3385416666666667,0.99589375,0.328125,0.00410625,0.5677083333333334,0.0,0.635225,0.27086875,0.09390625,0.3125,0.633615625,0.3125,0.2693,0.390625,0.092978125,0.296875,0.001609375,0.296875,0.00156875,0.390625,0.000928125,0.640625,0.0,0.578125,0.0,0.484375,0.0
patchy_high,64,65,fixed,random_matched,57,0.9615758137964493,0.4558531746031746,0.4129852446056547,0.6666666666666666,320000,178,2.78125,0.19237040339638087,0.358642578125,13,0.05078125,0.046875,-0.002458917614970138,0.3229166666666667,0.996103125,0.3229166666666667,0.003896875,0.5677083333333334,0.0,0.60874375,0.29253125,0.098725,0.25,0.607328125,0.34375,0.29095625,0.375,0.09781875,0.265625,0.001415625,0.3125,0.001575,0.390625,0.00090625,0.640625,0.0,0.578125,0.0,0.484375,0.0
split_high_low,64,65,fixed,random_matched,57,0.9635416666666666,0.4719466490299823,0.4516535946800596,0.6666666666666666,320000,207,3.234375,0.19916743539160706,0.35546875,11,0.04296875,0.0546875,0.09712363982261846,0.3802083333333333,0.9841968750000001,0.359375,0.015803125,0.5677083333333334,0.0,0.57181875,0.30619687500000003,0.121984375,0.328125,0.563625,0.3125,0.30081875,0.5,0.119753125,0.28125,0.00819375,0.390625,0.005378125,0.40625,0.00223125,0.640625,0.0,0.578125,0.0,0.484375,0.0
uniform_high,64,66,fixed,random_matched,55,0.9491932942595653,0.45888447971781304,0.42040826047867064,0.6666666666666666,320000,214,3.34375,0.19002687509109056,0.340576171875,10,0.0390625,0.03125,0.029228141275251182,0.3385416666666667,0.996459375,0.3385416666666667,0.0035406250000000004,0.4166666666666667,0.0,0.62505625,0.2753125,0.09963124999999999,0.265625,0.62373125,0.328125,0.27384375,0.421875,0.098884375,0.359375,0.001325,0.25,0.00146875,0.40625,0.000746875,0.328125,0.0,0.5,0.0,0.421875,0.0
patchy_high,64,66,fixed,random_matched,54,0.9459508137964493,0.45265652557319225,0.3849797247023809,0.6666666666666666,320000,202,3.15625,0.200605760067146,0.373779296875,12,0.046875,0.0390625,0.09992704101464814,0.3072916666666667,0.996034375,0.34375,0.003965625,0.4166666666666667,0.0,0.566565625,0.31149062499999997,0.12194375,0.203125,0.565075,0.328125,0.309840625,0.390625,0.12111875,0.390625,0.001490625,0.28125,0.00165,0.359375,0.000825,0.328125,0.0,0.5,0.0,0.421875,0.0
split_high_low,64,66,fixed,random_matched,59,0.9739583333333334,0.47371031746031744,0.4648766989087301,0.6666666666666666,320000,219,3.421875,0.20399430200744045,0.34814453125,11,0.04296875,0.0234375,-0.011767065639566211,0.3645833333333333,0.9895562499999999,0.359375,0.010443750000000002,0.4166666666666667,0.0,0.53979375,0.320090625,0.140115625,0.34375,0.53576875,0.359375,0.31599375,0.390625,0.13779375,0.359375,0.004025,0.34375,0.004096875,0.375,0.002321875,0.328125,0.0,0.5,0.0,0.421875,0.0
uniform_high,64,67,fixed,random_matched,53,0.9387766275928987,0.4289021164021164,0.31371399739583333,0.6666666666666666,320000,120,1.875,0.15053785414433357,0.2979736328125,9,0.03515625,0.03125,0.009900260231760332,0.2760416666666667,0.996340625,0.3072916666666667,0.0036593750000000003,0.4583333333333333,0.0,0.80165,0.161028125,0.037321875000000004,0.171875,0.799884375,0.265625,0.159684375,0.390625,0.036771875,0.203125,0.001765625,0.21875,0.00134375,0.5,0.00055,0.421875,0.0,0.453125,0.0,0.5,0.0
patchy_high,64,67,fixed,random_matched,52,0.931602441389348,0.43242945326278664,0.3506415798611111,0.6666666666666666,320000,113,1.765625,0.15510800784053475,0.3306884765625,12,0.046875,0.03125,0.0388228003474745,0.2760416666666667,0.9959875,0.3072916666666667,0.0040125,0.4583333333333333,0.0,0.78035,0.18138125,0.03826875,0.203125,0.778309375,0.296875,0.18000625,0.328125,0.037671875,0.21875,0.002040625,0.203125,0.001375,0.5,0.000596875,0.421875,0.0,0.453125,0.0,0.5,0.0
split_high_low,64,67,fixed,random_matched,58,0.96875,0.451278659611993,0.39682166418650794,0.6666666666666666,320000,207,3.234375,0.1917585092417325,0.395751953125,13,0.05078125,0.0546875,0.07348044904774426,0.3177083333333333,0.96790625,0.359375,0.03209375,0.4583333333333333,0.0,0.6278625,0.27619374999999996,0.09594375,0.25,0.606509375,0.265625,0.267871875,0.4375,0.093525,0.265625,0.021353125,0.25,0.008321875,0.5625,0.00241875,0.421875,0.0,0.453125,0.0,0.5,0.0
uniform_high,64,68,fixed,random_matched,60,0.9791666666666666,0.46511243386243384,0.4388869760664682,0.6666666666666666,320000,197,3.078125,0.21712074345616755,0.3826904296875,10,0.0390625,0.0703125,0.03773738162986698,0.3489583333333333,0.9950718749999999,0.3333333333333333,0.004928125,0.4791666666666667,0.0,0.511275,0.3326125,0.1561125,0.265625,0.50905625,0.390625,0.330796875,0.390625,0.15521875,0.28125,0.00221875,0.265625,0.001815625,0.453125,0.00089375,0.4375,0.0,0.46875,0.0,0.53125,0.0
patchy_high,64,68,fixed,random_matched,58,0.96875,0.4675925925925926,0.45759869326636904,0.6666666666666666,320000,198,3.09375,0.22003946182767953,0.36669921875,15,0.05859375,0.0703125,0.035751638991855156,0.3489583333333333,0.99491875,0.3489583333333333,0.00508125,0.4791666666666667,0.0,0.502690625,0.333128125,0.16418125,0.328125,0.5005,0.359375,0.331165625,0.359375,0.163253125,0.296875,0.002190625,0.25,0.0019625,0.5,0.000928125,0.4375,0.0,0.46875,0.0,0.53125,0.0
split_high_low,64,68,fixed,random_matched,56,0.956367480463116,0.45337301587301587,0.3655972997271825,0.6666666666666666,320000,101,1.578125,0.1578960447313448,0.32421875,9,0.03515625,0.0625,-0.027739332070288728,0.28125,0.995415625,0.3645833333333333,0.004584375,0.4791666666666667,0.0,0.749028125,0.20457187500000001,0.046400000000000004,0.21875,0.7469375,0.28125,0.20295625,0.34375,0.045521875,0.328125,0.002090625,0.265625,0.001615625,0.5,0.000878125,0.4375,0.0,0.46875,0.0,0.53125,0.0
uniform_high,64,69,fixed,random_matched,54,0.943984960926232,0.4620811287477954,0.38627882564484123,0.6666666666666666,320000,112,1.75,0.16641798642492836,0.297119140625,9,0.03515625,0.0625,-0.025507936659795255,0.296875,0.9965562499999999,0.3645833333333333,0.00344375,0.546875,0.0,0.71855625,0.2237625,0.05768125,0.234375,0.717240625,0.3125,0.222378125,0.34375,0.0569375,0.390625,0.001315625,0.34375,0.001384375,0.359375,0.00074375,0.609375,0.0,0.46875,0.0,0.5625,0.0
patchy_high,64,69,fixed,random_matched,56,0.9544016275928987,0.4592151675485009,0.4134977244543651,0.6666666666666666,320000,114,1.78125,0.16167873182826498,0.3326416015625,11,0.04296875,0.078125,0.04494269588688692,0.3125,0.9962000000000001,0.328125,0.0038000000000000004,0.546875,0.0,0.7386812500000001,0.211753125,0.049565625,0.265625,0.73721875,0.359375,0.21034375,0.3125,0.0486375,0.328125,0.0014625,0.3125,0.001409375,0.34375,0.000928125,0.609375,0.0,0.46875,0.0,0.5625,0.0
split_high_low,64,69,fixed,random_matched,58,0.96875,0.459104938271605,0.4193179951016865,0.6666666666666666,320000,141,2.203125,0.18253150757775066,0.3359375,10,0.0390625,0.078125,0.039901043531422466,0.296875,0.995778125,0.34375,0.004221875,0.546875,0.0,0.62391875,0.276565625,0.09951562500000001,0.28125,0.622115625,0.3125,0.275103125,0.296875,0.098559375,0.3125,0.001803125,0.375,0.0014625,0.34375,0.00095625,0.609375,0.0,0.46875,0.0,0.5625,0.0
uniform_high,64,70,fixed,random_matched,56,0.956367480463116,0.44301146384479717,0.3612419766865079,0.6666666666666666,320000,140,2.1875,0.17879491373659423,0.290283203125,10,0.0390625,0.0625,-0.01250568373406561,0.2864583333333333,0.995665625,0.3177083333333333,0.004334375,0.46875,0.0,0.691671875,0.241815625,0.06651249999999999,0.203125,0.6900125,0.296875,0.240196875,0.359375,0.06545625,0.453125,0.001659375,0.21875,0.00161875,0.28125,0.00105625,0.421875,0.0,0.453125,0.0,0.53125,0.0
patchy_high,64,70,fixed,random_matched,55,0.9511591471297827,0.4455467372134039,0.3480303152901786,0.6666666666666666,320000,155,2.421875,0.18289966280144393,0.357177734375,12,0.046875,0.0390625,0.06992384081656007,0.2760416666666667,0.99585625,0.3385416666666667,0.00414375,0.46875,0.0,0.641759375,0.26713749999999997,0.09110312500000001,0.171875,0.640103125,0.34375,0.2656125,0.3125,0.090140625,0.453125,0.00165625,0.25,0.001525,0.3125,0.0009625,0.421875,0.0,0.453125,0.0,0.53125,0.0
split_high_low,64,70,fixed,random_matched,57,0.9615758137964493,0.4597111992945326,0.37367412264384925,0.6666666666666666,320000,140,2.1875,0.16979759038290795,0.3065185546875,10,0.0390625,0.0859375,0.03564570256083808,0.3072916666666667,0.962990625,0.375,0.037009375000000004,0.46875,0.0,0.7040437500000001,0.23533437499999998,0.060621875000000006,0.203125,0.678284375,0.359375,0.226765625,0.359375,0.057940625,0.453125,0.025759375,0.234375,0.00856875,0.4375,0.00268125,0.421875,0.0,0.453125,0.0,0.53125,0.0
uniform_high,64,71,fixed,random_matched,61,0.984375,0.4735449735449736,0.5013444599454365,0.6666666666666666,320000,288,4.5,0.23700808297704454,0.3529052734375,10,0.0390625,0.0703125,0.08450752545911848,0.453125,0.995590625,0.296875,0.004409375,0.4583333333333333,0.0,0.382303125,0.364478125,0.25321875,0.4375,0.380425,0.5,0.36285625,0.421875,0.252309375,0.28125,0.001878125,0.234375,0.001621875,0.375,0.000909375,0.453125,0.0,0.421875,0.0,0.5,0.0
patchy_high,64,71,fixed,random_matched,56,0.956367480463116,0.46571869488536155,0.49416075923859126,0.6666666666666666,320000,276,4.3125,0.23826730063869378,0.3658447265625,11,0.04296875,0.125,0.04596538929336134,0.4427083333333333,0.9954812500000001,0.2760416666666667,0.004518749999999999,0.4583333333333333,0.0,0.38487812499999996,0.3642375,0.250884375,0.453125,0.382965625,0.375,0.3625,0.5,0.250015625,0.234375,0.0019125,0.234375,0.0017375,0.359375,0.00086875,0.453125,0.0,0.421875,0.0,0.5,0.0
split_high_low,64,71,fixed,random_matched,56,0.9583333333333334,0.47525352733686066,0.4652557198660714,0.6666666666666666,320000,212,3.3125,0.2079115030909647,0.3414306640625,10,0.0390625,0.09375,0.03473427260981063,0.3489583333333333,0.9717156249999999,0.3645833333333333,0.028284375,0.4583333333333333,0.0,0.555078125,0.312903125,0.13201875000000002,0.40625,0.5395125,0.296875,0.303671875,0.34375,0.12853125,0.390625,0.015565625,0.296875,0.00923125,0.40625,0.0034875,0.453125,0.0,0.421875,0.0,0.5,0.0
uniform_high,64,72,fixed,random_matched,62,0.9895833333333334,0.48076499118165783,0.4919297014508929,0.6666666666666666,320000,200,3.125,0.2219624681576211,0.3878173828125,14,0.0546875,0.046875,0.17829280810211104,0.40625,0.99550625,0.3385416666666667,0.00449375,0.5,0.0,0.47649375,0.346128125,0.177378125,0.421875,0.47454375,0.4375,0.344384375,0.359375,0.176578125,0.390625,0.00195,0.25,0.00174375,0.375,0.0008,0.5,0.0,0.484375,0.0,0.515625,0.0
patchy_high,64,72,fixed,random_matched,59,0.9739583333333334,0.46753747795414463,0.4718070079985119,0.6666666666666666,320000,202,3.15625,0.21103190836246,0.4102783203125,18,0.0703125,0.046875,0.03902897244724973,0.3645833333333333,0.995746875,0.3072916666666667,0.004253125,0.5,0.0,0.50798125,0.33365625,0.15836250000000002,0.375,0.506134375,0.359375,0.331984375,0.359375,0.157628125,0.34375,0.001846875,0.21875,0.001671875,0.359375,0.000734375,0.5,0.0,0.484375,0.0,0.515625,0.0
split_high_low,64,72,fixed,random_matched,61,0.984375,0.48170194003527333,0.4683992792038691,0.6666666666666666,320000,212,3.3125,0.22049616871636024,0.332763671875,10,0.0390625,0.078125,-0.001370382566641505,0.4114583333333333,0.98908125,0.3489583333333333,0.010918750000000001,0.5,0.0,0.492053125,0.339003125,0.16894375,0.3125,0.4866125,0.421875,0.335128125,0.5,0.167340625,0.34375,0.005440625,0.296875,0.003875,0.40625,0.001603125,0.5,0.0,0.484375,0.0,0.515625,0.0
uniform_high,64,73,fixed,random_matched,53,0.9375,0.4534832451499118,0.3688185825892857,0.6666666666666666,320000,151,2.359375,0.18850356751826577,0.3634033203125,12,0.046875,0.03125,-0.002843488192969173,0.328125,0.995846875,0.328125,0.004153125,0.5104166666666666,0.0,0.6523,0.2671125,0.0805875,0.203125,0.6507625,0.296875,0.2655375,0.484375,0.079546875,0.3125,0.0015375,0.28125,0.001575,0.390625,0.001040625,0.5625,0.0,0.40625,0.0,0.5625,0.0
patchy_high,64,73,fixed,random_matched,57,0.9635416666666666,0.4705136684303351,0.4391711666046627,0.6666666666666666,320000,127,1.984375,0.18040487640279343,0.3721923828125,10,0.0390625,0.0546875,0.08822739394294753,0.390625,0.995596875,0.34375,0.004403125,0.5104166666666666,0.0,0.666525,0.255759375,0.077715625,0.296875,0.66490625,0.34375,0.254021875,0.53125,0.07666875,0.3125,0.00161875,0.296875,0.0017375,0.421875,0.001046875,0.5625,0.0,0.40625,0.0,0.5625,0.0
split_high_low,64,73,fixed,random_matched,53,0.9427083333333334,0.46136463844797176,0.40897201915922615,0.6666666666666666,320000,139,2.171875,0.18700697078188627,0.39794921875,12,0.046875,0.0390625,0.015725395833506982,0.3229166666666667,0.965865625,0.3489583333333333,0.034134375,0.5104166666666666,0.0,0.628853125,0.2739625,0.097184375,0.28125,0.609703125,0.234375,0.262840625,0.453125,0.093321875,0.359375,0.01915,0.328125,0.011121875,0.359375,0.0038625,0.5625,0.0,0.40625,0.0,0.5625,0.0
uniform_high,64,74,fixed,random_matched,56,0.9583333333333334,0.4653328924162257,0.437430070374504,0.6666666666666666,320000,132,2.0625,0.18114713748159977,0.349853515625,11,0.04296875,0.0703125,-0.021401610847244772,0.3385416666666667,0.99633125,0.3333333333333333,0.00366875,0.4895833333333333,0.0,0.640871875,0.277165625,0.08196250000000001,0.3125,0.639259375,0.296875,0.2757875,0.40625,0.081284375,0.359375,0.0016125,0.234375,0.001378125,0.40625,0.000678125,0.515625,0.0,0.515625,0.0,0.4375,0.0
patchy_high,64,74,fixed,random_matched,53,0.940742480463116,0.4548611111111111,0.3428851655505952,0.6666666666666666,320000,123,1.921875,0.1749407214121339,0.302978515625,10,0.0390625,0.0625,0.035156789975477304,0.328125,0.9962718749999999,0.3333333333333333,0.003728125,0.4895833333333333,0.0,0.6738625,0.250234375,0.07590312499999999,0.171875,0.67216875,0.3125,0.24888125,0.5,0.075221875,0.34375,0.00169375,0.28125,0.001353125,0.375,0.00068125,0.515625,0.0,0.515625,0.0,0.4375,0.0
split_high_low,64,74,fixed,random_matched,53,0.9355341471297827,0.44990079365079366,0.3647735274057539,0.6666666666666666,320000,126,1.96875,0.16552504539087426,0.3514404296875,10,0.0390625,0.0390625,0.015954375304120975,0.2916666666666667,0.9872312499999999,0.328125,0.01276875,0.4895833333333333,0.0,0.7063625,0.22905625,0.06458125,0.21875,0.700615625,0.25,0.22420625,0.40625,0.062409375,0.359375,0.005746875,0.234375,0.00485,0.390625,0.002171875,0.515625,0.0,0.515625,0.0,0.4375,0.0
uniform_high,64,75,fixed,random_matched,55,0.9491932942595653,0.44934964726631393,0.40059710286458333,0.6666666666666666,320000,170,2.65625,0.18092587628505846,0.3447265625,10,0.0390625,0.0546875,0.024900750112666133,0.3020833333333333,0.996515625,0.3385416666666667,0.0034843750000000005,0.40625,0.0,0.66534375,0.25751250000000003,0.07714375000000001,0.28125,0.6640125,0.21875,0.256184375,0.40625,0.07631875,0.28125,0.00133125,0.296875,0.001328125,0.4375,0.000825,0.40625,0.0,0.453125,0.0,0.359375,0.0
patchy_high,64,75,fixed,random_matched,55,0.953125,0.4490189594356261,0.38243449900793647,0.6666666666666666,320000,164,2.5625,0.1740876012958275,0.37109375,12,0.046875,0.046875,-0.010660201389196428,0.3229166666666667,0.99675,0.3385416666666667,0.0032500000000000003,0.40625,0.0,0.6712625,0.251390625,0.077346875,0.25,0.670015625,0.21875,0.25015,0.5,0.076584375,0.296875,0.001246875,0.296875,0.001240625,0.421875,0.0007625,0.40625,0.0,0.453125,0.0,0.359375,0.0
split_high_low,64,75,fixed,random_matched,55,0.9511591471297827,0.447200176366843,0.3867567491319444,0.6666666666666666,320000,138,2.15625,0.1721157986865658,0.31982421875,10,0.0390625,0.0703125,0.03256423780451851,0.296875,0.996415625,0.328125,0.003584375,0.40625,0.0,0.678834375,0.25219687500000004,0.06896875,0.234375,0.67751875,0.296875,0.25073125,0.359375,0.068165625,0.28125,0.001315625,0.265625,0.001465625,0.4375,0.000803125,0.40625,0.0,0.453125,0.0,0.359375,0.0
uniform_high,64,76,fixed,random_matched,57,0.9583333333333334,0.4651675485008819,0.46114454675099215,0.6666666666666666,320000,234,3.65625,0.2125830978671317,0.4173583984375,13,0.05078125,0.0546875,0.15011432096086907,0.3645833333333333,0.9961500000000001,0.3072916666666667,0.00385,0.5677083333333334,0.0,0.504559375,0.33599062500000004,0.15945,0.328125,0.50269375,0.359375,0.334615625,0.40625,0.158840625,0.28125,0.001865625,0.28125,0.001375,0.359375,0.000609375,0.53125,0.0,0.578125,0.0,0.59375,0.0
patchy_high,64,76,fixed,random_matched,60,0.9772008137964493,0.46968694885361556,0.462465767609127,0.6666666666666666,320000,229,3.578125,0.20912630617734462,0.3505859375,13,0.05078125,0.0234375,-0.06441695126972939,0.3645833333333333,0.996084375,0.328125,0.003915625,0.5677083333333334,0.0,0.520440625,0.33031875,0.149240625,0.328125,0.51863125,0.375,0.3288125,0.390625,0.148640625,0.328125,0.001809375,0.265625,0.00150625,0.390625,0.0006,0.53125,0.0,0.578125,0.0,0.59375,0.0
split_high_low,64,76,fixed,random_matched,59,0.9739583333333334,0.47872574955908287,0.48259242156498017,0.6666666666666666,320000,248,3.875,0.22552714883695568,0.38427734375,10,0.0390625,0.078125,0.05327477936145029,0.4010416666666667,0.984284375,0.34375,0.015715625,0.5677083333333334,0.0,0.4587375,0.35066875000000003,0.19059375,0.359375,0.449553125,0.4375,0.345815625,0.40625,0.188915625,0.28125,0.009184375,0.34375,0.004853125,0.40625,0.001678125,0.53125,0.0,0.578125,0.0,0.59375,0.0
uniform_high,64,77,fixed,random_matched,57,0.9615758137964493,0.46660052910052907,0.4776956194196428,0.6666666666666666,320000,257,4.015625,0.22296221659086135,0.403564453125,12,0.046875,0.09375,0.08795225679057796,0.390625,0.995528125,0.3020833333333333,0.004471875,0.4947916666666667,0.0,0.46118750000000003,0.346521875,0.192290625,0.390625,0.459434375,0.34375,0.344890625,0.4375,0.191203125,0.265625,0.001753125,0.234375,0.00163125,0.40625,0.0010875,0.546875,0.0,0.515625,0.0,0.421875,0.0
patchy_high,64,77,fixed,random_matched,60,0.9791666666666666,0.4603725749559083,0.47296150018601196,0.6666666666666666,320000,249,3.890625,0.22726281704492055,0.39453125,12,0.046875,0.0859375,0.004492100847655827,0.390625,0.995646875,0.2864583333333333,0.004353125,0.4947916666666667,0.0,0.45017812500000004,0.351640625,0.19818125,0.4375,0.448378125,0.296875,0.3501125,0.4375,0.19715625,0.234375,0.0018,0.234375,0.001528125,0.390625,0.001025,0.546875,0.0,0.515625,0.0,0.421875,0.0
split_high_low,64,77,fixed,random_matched,58,0.9667841471297827,0.4782848324514991,0.4602349485367064,0.6666666666666666,320000,210,3.28125,0.20128466302726508,0.3992919921875,11,0.04296875,0.0703125,0.06496516360962422,0.40625,0.9961562500000001,0.359375,0.00384375,0.4947916666666667,0.0,0.5481718750000001,0.31176875,0.140059375,0.296875,0.5463375,0.453125,0.310446875,0.46875,0.139371875,0.328125,0.001834375,0.28125,0.001321875,0.46875,0.0006875,0.546875,0.0,0.515625,0.0,0.421875,0.0
uniform_high,64,78,fixed,random_matched,61,0.984375,0.4788910934744268,0.4979756866939484,0.6666666666666666,320000,236,3.6875,0.214065465069525,0.3206787109375,11,0.04296875,0.0390625,-0.040982095400644285,0.46875,0.9960156250000001,0.3125,0.003984375,0.515625,0.0,0.510621875,0.331459375,0.15791875,0.421875,0.50889375,0.4375,0.32998125,0.546875,0.157140625,0.265625,0.001728125,0.3125,0.001478125,0.359375,0.000778125,0.484375,0.0,0.484375,0.0,0.578125,0.0
patchy_high,64,78,fixed,random_matched,55,0.9459508137964493,0.45998677248677244,0.45773578869047615,0.6666666666666666,320000,240,3.75,0.21799029899726813,0.3831787109375,12,0.046875,0.046875,0.0837290965562425,0.3489583333333333,0.9962218749999999,0.2916666666666667,0.003778125,0.515625,0.0,0.48620312499999996,0.33870625,0.175090625,0.34375,0.484621875,0.328125,0.337278125,0.375,0.174321875,0.234375,0.00158125,0.296875,0.001428125,0.34375,0.00076875,0.484375,0.0,0.484375,0.0,0.578125,0.0
split_high_low,64,78,fixed,random_matched,59,0.9739583333333334,0.4812059082892416,0.4784661566840278,0.6666666666666666,320000,229,3.578125,0.2180200714173341,0.3271484375,12,0.046875,0.0546875,0.01934965293051751,0.3854166666666667,0.9855375,0.3645833333333333,0.014462500000000001,0.515625,0.0,0.470178125,0.35358124999999996,0.176240625,0.40625,0.46413125,0.34375,0.3482375,0.40625,0.17316875,0.28125,0.006046875,0.359375,0.00534375,0.453125,0.003071875,0.484375,0.0,0.484375,0.0,0.578125,0.0
uniform_high,64,79,fixed,random_matched,55,0.953125,0.4607583774250441,0.4344541434151786,0.6666666666666666,320000,204,3.1875,0.2018410287657398,0.41064453125,10,0.0390625,0.0390625,0.10549831570389218,0.3125,0.9951875,0.34375,0.0048125,0.5416666666666666,0.0,0.5886843749999999,0.30228125,0.10903437499999999,0.296875,0.5862375,0.34375,0.300590625,0.296875,0.108359375,0.3125,0.002446875,0.28125,0.001690625,0.4375,0.000675,0.546875,0.0,0.609375,0.0,0.46875,0.0
patchy_high,64,79,fixed,random_matched,56,0.9583333333333334,0.4652777777777778,0.43216415085565474,0.6666666666666666,320000,204,3.1875,0.19514031187573616,0.3609619140625,12,0.046875,0.0625,0.04900697107738933,0.3229166666666667,0.9954437499999998,0.34375,0.0045562499999999995,0.5416666666666666,0.0,0.612446875,0.28576875,0.10178437500000001,0.296875,0.6101125,0.3125,0.28418125,0.359375,0.10115,0.34375,0.002334375,0.296875,0.0015875,0.390625,0.000634375,0.546875,0.0,0.609375,0.0,0.46875,0.0
split_high_low,64,79,fixed,random_matched,57,0.9615758137964493,0.47701719576719576,0.4436186383928572,0.6666666666666666,320000,196,3.0625,0.19382462398821473,0.345458984375,10,0.0390625,0.09375,0.11585709009011501,0.34375,0.95939375,0.3802083333333333,0.04060625,0.5416666666666666,0.0,0.605675,0.28873125,0.10559375000000001,0.296875,0.58303125,0.359375,0.27574375,0.375,0.10061875,0.40625,0.02264375,0.34375,0.0129875,0.390625,0.004975,0.546875,0.0,0.609375,0.0,0.46875,0.0
uniform_high,64,80,fixed,random_matched,58,0.9667841471297827,0.45034171075837737,0.39644385540674604,0.6666666666666666,320000,161,2.515625,0.1690122687178576,0.3460693359375,11,0.04296875,0.0625,0.13557041460878658,0.296875,0.9825656249999999,0.3229166666666667,0.017434375000000002,0.4895833333333333,0.0,0.6962031249999999,0.230646875,0.07315,0.25,0.68351875,0.296875,0.22695625,0.34375,0.072090625,0.234375,0.012684375,0.3125,0.003690625,0.421875,0.001059375,0.546875,0.0,0.53125,0.0,0.390625,0.0
patchy_high,64,80,fixed,random_matched,53,0.9355341471297827,0.4323192239858906,0.3692007083953373,0.6666666666666666,320000,145,2.265625,0.16797978619900356,0.3521728515625,11,0.04296875,0.0703125,0.02141441948783505,0.23958333333333334,0.99543125,0.3229166666666667,0.00456875,0.4895833333333333,0.0,0.677725,0.25086875,0.07140625,0.25,0.675596875,0.203125,0.249190625,0.265625,0.07064375,0.25,0.002128125,0.28125,0.001678125,0.4375,0.0007625,0.546875,0.0,0.53125,0.0,0.390625,0.0
split_high_low,64,80,fixed,random_matched,58,0.96875,0.4699074074074074,0.43370014570932536,0.6666666666666666,320000,203,3.171875,0.1997597267698979,0.3519287109375,11,0.04296875,0.1015625,-0.006234242481625456,0.3645833333333333,0.946509375,0.3541666666666667,0.053490625,0.4895833333333333,0.0,0.5724343749999999,0.309434375,0.11813125000000001,0.28125,0.54216875,0.328125,0.292734375,0.484375,0.11160625,0.265625,0.030265625,0.390625,0.0167,0.40625,0.006525,0.546875,0.0,0.53125,0.0,0.390625,0.0
uniform_high,64,81,fixed,random_matched,56,0.9544016275928987,0.4481371252204585,0.3824122876364087,0.6666666666666666,320000,185,2.890625,0.19651199781371392,0.4249267578125,14,0.0546875,0.0703125,-0.008685114975305313,0.2760416666666667,0.9958125,0.328125,0.0041875,0.5052083333333334,0.0,0.604453125,0.29132187499999995,0.104225,0.28125,0.602978125,0.171875,0.289740625,0.375,0.10309375,0.328125,0.001475,0.34375,0.00158125,0.3125,0.00113125,0.546875,0.0,0.515625,0.0,0.453125,0.0
patchy_high,64,81,fixed,random_matched,54,0.9400532551857972,0.4457671957671958,0.3176139617435516,0.6666666666666666,320000,174,2.71875,0.18998565360962738,0.3338623046875,12,0.046875,0.046875,0.0006555169521406399,0.2708333333333333,0.995903125,0.3385416666666667,0.004096875,0.5052083333333334,0.0,0.644653125,0.27086875,0.084478125,0.15625,0.643271875,0.25,0.26921875,0.40625,0.0834125,0.34375,0.00138125,0.375,0.00165,0.296875,0.001065625,0.546875,0.0,0.515625,0.0,0.453125,0.0
split_high_low,64,81,fixed,random_matched,56,0.9583333333333334,0.46125440917107585,0.3960310810391865,0.6666666666666666,320000,186,2.90625,0.18259688256354592,0.3291015625,13,0.05078125,0.0703125,0.10804576707558775,0.3020833333333333,0.951165625,0.3645833333333333,0.048834375,0.5052083333333334,0.0,0.642246875,0.269890625,0.08786250000000001,0.234375,0.612015625,0.3125,0.255853125,0.359375,0.083296875,0.3125,0.03023125,0.484375,0.0140375,0.296875,0.004565625,0.546875,0.0,0.515625,0.0,0.453125,0.0
uniform_high,64,82,fixed,random_matched,57,0.9635416666666666,0.46500220458553787,0.4682903444320436,0.6666666666666666,320000,223,3.484375,0.21955596998707727,0.315185546875,15,0.05859375,0.109375,-0.013100276803913081,0.3697916666666667,0.995603125,0.3020833333333333,0.004396875,0.5,0.0,0.4805125,0.34004062500000004,0.179446875,0.359375,0.478353125,0.34375,0.338525,0.40625,0.178725,0.3125,0.002159375,0.203125,0.001515625,0.390625,0.000721875,0.46875,0.0,0.5,0.0,0.53125,0.0
patchy_high,64,82,fixed,random_matched,54,0.943984960926232,0.4694113756613757,0.45631691003224206,0.6666666666666666,320000,225,3.515625,0.21603683918260302,0.35400390625,11,0.04296875,0.078125,0.07850333151053161,0.34375,0.9957875,0.328125,0.0042125,0.5,0.0,0.48836875,0.341059375,0.170571875,0.34375,0.486378125,0.328125,0.339559375,0.359375,0.16985,0.34375,0.001990625,0.265625,0.0015,0.375,0.000721875,0.46875,0.0,0.5,0.0,0.53125,0.0
split_high_low,64,82,fixed,random_matched,59,0.9739583333333334,0.46588403880070545,0.4493487707713294,0.6666666666666666,320000,245,3.828125,0.21850053444544548,0.35888671875,11,0.04296875,0.0546875,-0.013821390676807285,0.34375,0.9859125,0.328125,0.0140875,0.5,0.0,0.4808875,0.34245625,0.17665625,0.296875,0.474503125,0.375,0.33745625,0.359375,0.173953125,0.359375,0.006384375,0.21875,0.005,0.40625,0.002703125,0.46875,0.0,0.5,0.0,0.53125,0.0
uniform_high,64,83,fixed,random_matched,57,0.9635416666666666,0.4523258377425044,0.4412958395337302,0.6666666666666666,320000,244,3.8125,0.21150454865134155,0.38134765625,10,0.0390625,0.0546875,0.03707328140531813,0.3333333333333333,0.995378125,0.3177083333333333,0.004621875,0.59375,0.0,0.5155625,0.332028125,0.152409375,0.359375,0.513603125,0.25,0.33026875,0.390625,0.15150625,0.28125,0.001959375,0.28125,0.001759375,0.390625,0.000903125,0.65625,0.0,0.484375,0.0,0.640625,0.0
patchy_high,64,83,fixed,random_matched,57,0.9615758137964493,0.4701829805996473,0.49258991040426586,0.6666666666666666,320000,258,4.03125,0.2186253512513896,0.42138671875,12,0.046875,0.0703125,-0.007533196450380456,0.4270833333333333,0.995296875,0.3177083333333333,0.004703125,0.59375,0.0,0.478021875,0.34394375,0.178034375,0.4375,0.476,0.375,0.34215625,0.46875,0.177140625,0.296875,0.002021875,0.296875,0.0017875,0.359375,0.00089375,0.65625,0.0,0.484375,0.0,0.640625,0.0
split_high_low,64,83,fixed,random_matched,60,0.9772008137964493,0.46753747795414463,0.4652726546999008,0.6666666666666666,320000,261,4.078125,0.22762515887784548,0.395751953125,12,0.046875,0.0859375,0.12204458580403288,0.359375,0.994875,0.3541666666666667,0.005124999999999999,0.59375,0.0,0.43853125000000004,0.355878125,0.205590625,0.390625,0.43646875,0.3125,0.353875,0.375,0.20453125,0.296875,0.0020625,0.34375,0.002003125,0.421875,0.001059375,0.65625,0.0,0.484375,0.0,0.640625,0.0
uniform_high,64,84,fixed,random_matched,56,0.956367480463116,0.47850529100529104,0.47397445281498013,0.6666666666666666,320000,172,2.6875,0.18936113350187028,0.3238525390625,11,0.04296875,0.0625,0.052916649840076935,0.3854166666666667,0.9960687500000001,0.3489583333333333,0.003931250000000001,0.515625,0.0,0.638153125,0.268515625,0.09333124999999999,0.359375,0.636625,0.390625,0.2670375,0.40625,0.09240625,0.328125,0.001528125,0.28125,0.001478125,0.4375,0.000925,0.453125,0.0,0.515625,0.0,0.578125,0.0
patchy_high,64,84,fixed,random_matched,57,0.9615758137964493,0.46836419753086417,0.44102520306299603,0.6666666666666666,320000,169,2.640625,0.18620954002727666,0.371826171875,13,0.05078125,0.078125,-0.03899314272015522,0.3854166666666667,0.996296875,0.328125,0.003703125,0.515625,0.0,0.6390125,0.26645624999999995,0.09453125000000001,0.296875,0.63741875,0.34375,0.2651125,0.515625,0.093765625,0.328125,0.00159375,0.25,0.00134375,0.40625,0.000765625,0.453125,0.0,0.515625,0.0,0.578125,0.0
split_high_low,64,84,fixed,random_matched,57,0.9635416666666666,0.4728835978835979,0.43515666852678575,0.6666666666666666,320000,206,3.21875,0.1931411393975219,0.3485107421875,14,0.0546875,0.109375,0.06463284338440206,0.359375,0.987140625,0.3541666666666667,0.012859375000000001,0.515625,0.0,0.5942875000000001,0.297515625,0.108196875,0.28125,0.58725,0.34375,0.293309375,0.453125,0.10658125,0.375,0.0070375,0.28125,0.00420625,0.40625,0.001615625,0.453125,0.0,0.515625,0.0,0.578125,0.0
uniform_high,64,85,fixed,random_matched,57,0.9615758137964493,0.4640652557319223,0.4128656854538691,0.6666666666666666,320000,211,3.296875,0.20034390488761472,0.373046875,12,0.046875,0.03125,0.000605963584534742,0.3333333333333333,0.99640625,0.3333333333333333,0.00359375,0.5208333333333334,0.0,0.5608375000000001,0.30851875,0.13064375,0.234375,0.559334375,0.359375,0.30721875,0.40625,0.129853125,0.34375,0.001503125,0.28125,0.0013,0.375,0.000790625,0.515625,0.0,0.578125,0.0,0.46875,0.0
patchy_high,64,85,fixed,random_matched,52,0.9335682942595653,0.4584986772486772,0.40645410776289687,0.6666666666666666,320000,211,3.296875,0.19863757547324534,0.346435546875,12,0.046875,0.09375,0.054082573642020196,0.2916666666666667,0.9963093749999999,0.3489583333333333,0.003690625,0.5208333333333334,0.0,0.569653125,0.303846875,0.12649999999999997,0.296875,0.56823125,0.21875,0.302453125,0.359375,0.125625,0.3125,0.001421875,0.34375,0.00139375,0.390625,0.000875,0.515625,0.0,0.578125,0.0,0.46875,0.0
split_high_low,64,85,fixed,random_matched,58,0.9667841471297827,0.4659391534391534,0.39512048611111106,0.6666666666666666,320000,187,2.921875,0.18658776519143316,0.367919921875,12,0.046875,0.0546875,0.0866168583979479,0.3177083333333333,0.9688468749999999,0.3697916666666667,0.031153124999999997,0.5208333333333334,0.0,0.643340625,0.2677625,0.088896875,0.21875,0.627521875,0.390625,0.257221875,0.34375,0.084103125,0.359375,0.01581875,0.296875,0.010540625,0.453125,0.00479375,0.515625,0.0,0.578125,0.0,0.46875,0.0
uniform_high,64,86,fixed,random_matched,59,0.9667841471297827,0.4664351851851852,0.46786372612847227,0.6666666666666666,320000,190,2.96875,0.20378369932219004,0.3751220703125,12,0.046875,0.03125,0.04539753268920206,0.359375,0.9960625000000001,0.3229166666666667,0.0039375,0.4375,0.0,0.5535875,0.31031250000000005,0.1361,0.390625,0.55204375,0.3125,0.308821875,0.375,0.135196875,0.359375,0.00154375,0.234375,0.001490625,0.375,0.000903125,0.484375,0.0,0.40625,0.0,0.421875,0.0
patchy_high,64,86,fixed,random_matched,58,0.9593498945978208,0.44521604938271603,0.4223462596106151,0.6666666666666666,320000,196,3.0625,0.20569416753014366,0.3284912109375,12,0.046875,0.0703125,-0.04659454872939739,0.28125,0.9957781250000001,0.3125,0.004221875,0.4375,0.0,0.54434375,0.319246875,0.136409375,0.328125,0.54245,0.265625,0.3177625,0.25,0.135565625,0.328125,0.00189375,0.234375,0.001484375,0.375,0.00084375,0.484375,0.0,0.40625,0.0,0.421875,0.0
split_high_low,64,86,fixed,random_matched,60,0.9791666666666666,0.468694885361552,0.4118605980282738,0.6666666666666666,320000,173,2.703125,0.1855012921691645,0.358642578125,13,0.05078125,0.09375,-0.06539209766255324,0.3489583333333333,0.943621875,0.359375,0.056378125,0.4375,0.0,0.675203125,0.25236875000000003,0.07242812500000001,0.25,0.636825,0.34375,0.239315625,0.453125,0.06748125,0.34375,0.038378125,0.296875,0.013053125,0.4375,0.004946875,0.484375,0.0,0.40625,0.0,0.421875,0.0
uniform_high,64,87,fixed,random_matched,52,0.9335682942595653,0.44152336860670194,0.36653031529017854,0.6666666666666666,320000,174,2.71875,0.19034670559805994,0.4093017578125,13,0.05078125,0.0859375,0.014258382254807118,0.23958333333333334,0.9962125,0.3333333333333333,0.0037875,0.5052083333333334,0.0,0.61795625,0.281878125,0.10016562500000001,0.234375,0.616375,0.234375,0.28045,0.25,0.0993875,0.296875,0.00158125,0.390625,0.001428125,0.3125,0.000778125,0.515625,0.0,0.46875,0.0,0.53125,0.0
patchy_high,64,87,fixed,random_matched,57,0.9635416666666666,0.46202601410934746,0.4192241179935516,0.6666666666666666,320000,166,2.59375,0.19070314569220603,0.32080078125,13,0.05078125,0.046875,-0.029011444059923196,0.3385416666666667,0.9959156250000001,0.328125,0.004084375,0.5052083333333334,0.0,0.6444624999999999,0.27266562499999997,0.08287187500000001,0.296875,0.64263125,0.25,0.27123125,0.46875,0.082053125,0.328125,0.00183125,0.390625,0.001434375,0.265625,0.00081875,0.515625,0.0,0.46875,0.0,0.53125,0.0
split_high_low,64,87,fixed,random_matched,56,0.943984960926232,0.46252204585537915,0.3841747054811508,0.6666666666666666,320000,170,2.65625,0.18032916015740671,0.3399658203125,13,0.05078125,0.046875,0.054612533404703775,0.28125,0.99081875,0.390625,0.00918125,0.5052083333333334,0.0,0.65245,0.27020625,0.07734374999999999,0.25,0.6477375,0.234375,0.26705625,0.359375,0.076025,0.453125,0.0047125,0.40625,0.00315,0.3125,0.00131875,0.515625,0.0,0.46875,0.0,0.53125,0.0
uniform_high,64,88,fixed,random_matched,54,0.940742480463116,0.43452380952380953,0.3095402994791667,0.6666666666666666,320000,126,1.96875,0.14749626605740282,0.3447265625,13,0.05078125,0.09375,0.10260881617846422,0.234375,0.9960218750000001,0.3177083333333333,0.003978125,0.4791666666666667,0.0,0.7934375,0.169984375,0.036578124999999996,0.171875,0.792046875,0.25,0.16835,0.28125,0.035625,0.375,0.001390625,0.265625,0.001634375,0.3125,0.000953125,0.484375,0.0,0.46875,0.0,0.484375,0.0
patchy_high,64,88,fixed,random_matched,58,0.9667841471297827,0.43535052910052907,0.3042791651165675,0.6666666666666666,320000,137,2.140625,0.15336766291411633,0.3087158203125,15,0.05859375,0.0625,0.010166801227642491,0.24479166666666666,0.9959218750000001,0.3125,0.004078125,0.4791666666666667,0.0,0.7750281250000001,0.179984375,0.0449875,0.15625,0.7734625,0.3125,0.17839375,0.265625,0.044065625,0.375,0.001565625,0.265625,0.001590625,0.296875,0.000921875,0.484375,0.0,0.46875,0.0,0.484375,0.0
split_high_low,64,88,fixed,random_matched,53,0.940742480463116,0.4639550264550264,0.3912151134672619,0.6666666666666666,320000,152,2.375,0.17517148560631024,0.301513671875,10,0.0390625,0.03125,-0.044947697532200674,0.3229166666666667,0.9579781249999999,0.34375,0.042021875,0.4791666666666667,0.0,0.6936375,0.241096875,0.06526562500000001,0.234375,0.664825,0.296875,0.231878125,0.4375,0.061275,0.390625,0.0288125,0.34375,0.00921875,0.296875,0.003990625,0.484375,0.0,0.46875,0.0,0.484375,0.0
uniform_high,64,89,fixed,random_matched,53,0.940742480463116,0.4348544973544973,0.36478038659474205,0.6666666666666666,320000,152,2.375,0.17784070883467343,0.3621826171875,11,0.04296875,0.0546875,0.0275879401795213,0.25,0.9968125,0.328125,0.0031875,0.5260416666666666,0.0,0.664128125,0.26335625,0.072515625,0.28125,0.66284375,0.125,0.262040625,0.34375,0.071928125,0.28125,0.001284375,0.265625,0.001315625,0.4375,0.0005875,0.515625,0.0,0.5,0.0,0.5625,0.0
patchy_high,64,89,fixed,random_matched,57,0.9635416666666666,0.46086860670194,0.4112421983506945,0.6666666666666666,320000,143,2.234375,0.1768668469115135,0.3065185546875,10,0.0390625,0.0703125,0.09997473807784742,0.34375,0.9968125000000001,0.3177083333333333,0.0031875000000000002,0.5260416666666666,0.0,0.6748125,0.24848125,0.07670625,0.25,0.673521875,0.359375,0.2472375,0.421875,0.076053125,0.265625,0.001290625,0.265625,0.00124375,0.421875,0.000653125,0.515625,0.0,0.5,0.0,0.5625,0.0
split_high_low,64,89,fixed,random_matched,54,0.9459508137964493,0.46577380952380953,0.42884105592757943,0.6666666666666666,320000,157,2.453125,0.1984088219286434,0.3553466796875,10,0.0390625,0.0703125,0.1006191577416112,0.3333333333333333,0.968025,0.34375,0.031975,0.5260416666666666,0.0,0.58466875,0.30298125,0.11234999999999999,0.265625,0.563078125,0.375,0.294778125,0.359375,0.11016875,0.3125,0.021590625,0.265625,0.008203125,0.453125,0.00218125,0.515625,0.0,0.5,0.0,0.5625,0.0
uniform_high,64,90,fixed,random_matched,59,0.9739583333333334,0.47161596119929455,0.482398332093254,0.6666666666666666,320000,214,3.34375,0.2230283573991526,0.332763671875,13,0.05078125,0.0703125,0.03616066024263929,0.4166666666666667,0.9961,0.3020833333333333,0.0039,0.4947916666666667,0.0,0.448265625,0.348175,0.20355937500000001,0.375,0.446778125,0.375,0.3466625,0.5,0.202659375,0.28125,0.0014875,0.265625,0.0015125,0.359375,0.0009,0.5625,0.0,0.453125,0.0,0.46875,0.0
patchy_high,64,90,fixed,random_matched,54,0.9459508137964493,0.4757495590828924,0.4749834666418651,0.6666666666666666,320000,216,3.375,0.21648869806097992,0.308349609375,10,0.0390625,0.0234375,-0.000840484230839804,0.4166666666666667,0.995996875,0.328125,0.004003125,0.4947916666666667,0.0,0.46575,0.34110937500000005,0.19314062499999998,0.359375,0.464359375,0.359375,0.339571875,0.53125,0.192065625,0.28125,0.001390625,0.3125,0.0015375,0.390625,0.001075,0.5625,0.0,0.453125,0.0,0.46875,0.0
split_high_low,64,90,fixed,random_matched,57,0.9635416666666666,0.4759700176366843,0.44153997705853176,0.6666666666666666,320000,178,2.78125,0.19942547615551282,0.4046630859375,15,0.05859375,0.046875,-0.05617479088475565,0.3697916666666667,0.989565625,0.3645833333333333,0.010434375000000001,0.4947916666666667,0.0,0.583671875,0.296990625,0.1193375,0.3125,0.57770625,0.296875,0.293696875,0.5,0.1181625,0.328125,0.005965625,0.359375,0.00329375,0.40625,0.001175,0.5625,0.0,0.453125,0.0,0.46875,0.0
uniform_high,64,91,fixed,random_matched,51,0.9231516275928987,0.44328703703703703,0.3296637214781745,0.6666666666666666,320000,161,2.515625,0.17215294055100777,0.3502197265625,14,0.0546875,0.03125,0.030193897148025502,0.2760416666666667,0.99668125,0.3125,0.0033187499999999997,0.5104166666666666,0.0,0.6874874999999999,0.23444375,0.07806875,0.171875,0.686375,0.265625,0.2331125,0.390625,0.07719375,0.28125,0.0011125,0.359375,0.00133125,0.296875,0.000875,0.53125,0.0,0.53125,0.0,0.46875,0.0
patchy_high,64,91,fixed,random_matched,55,0.953125,0.4594907407407407,0.40937174479166666,0.6666666666666666,320000,146,2.28125,0.17168272381714134,0.3021240234375,9,0.03515625,0.0625,-0.012941067434718154,0.3541666666666667,0.996690625,0.296875,0.003309375,0.5104166666666666,0.0,0.69879375,0.23573125,0.06547499999999999,0.25,0.697709375,0.359375,0.2343,0.453125,0.06468125,0.3125,0.001084375,0.328125,0.00143125,0.25,0.00079375,0.53125,0.0,0.53125,0.0,0.46875,0.0
split_high_low,64,91,fixed,random_matched,54,0.940742480463116,0.4562389770723104,0.3798287667410714,0.6666666666666666,320000,166,2.59375,0.18156244614232972,0.3494873046875,10,0.0390625,0.0703125,-0.07507797972473737,0.3072916666666667,0.996625,0.328125,0.0033750000000000004,0.5104166666666666,0.0,0.66349375,0.25599375,0.0805125,0.234375,0.662253125,0.25,0.254684375,0.4375,0.0796875,0.328125,0.001240625,0.34375,0.001309375,0.3125,0.000825,0.53125,0.0,0.53125,0.0,0.46875,0.0
uniform_high,64,92,fixed,random_matched,58,0.96875,0.4697971781305115,0.47037154482886906,0.6666666666666666,320000,248,3.875,0.22470859277820573,0.315185546875,10,0.0390625,0.0859375,0.01730580438837217,0.359375,0.99516875,0.3229166666666667,0.0048312500000000005,0.515625,0.0,0.44649062500000003,0.35102500000000003,0.202484375,0.421875,0.44461875,0.34375,0.349175,0.3125,0.201375,0.296875,0.001871875,0.296875,0.00185,0.375,0.001109375,0.515625,0.0,0.46875,0.0,0.5625,0.0
patchy_high,64,92,fixed,random_matched,59,0.9739583333333334,0.4642857142857143,0.43530758773561506,0.6666666666666666,320000,243,3.796875,0.2209733410756938,0.335693359375,10,0.0390625,0.0390625,0.1504727568677663,0.3385416666666667,0.99470625,0.3229166666666667,0.00529375,0.515625,0.0,0.46735312500000004,0.34499375,0.18765312499999998,0.265625,0.46524375,0.34375,0.34300625,0.40625,0.18645625,0.375,0.002109375,0.265625,0.0019875,0.328125,0.001196875,0.515625,0.0,0.46875,0.0,0.5625,0.0
split_high_low,64,92,fixed,random_matched,59,0.971992480463116,0.4767967372134039,0.4589355344742063,0.6666666666666666,320000,190,2.96875,0.18571606714885366,0.363525390625,10,0.0390625,0.0703125,-0.004353662897575078,0.3697916666666667,0.993721875,0.3697916666666667,0.006278124999999999,0.515625,0.0,0.6149812499999999,0.286415625,0.098603125,0.421875,0.611728125,0.234375,0.2843875,0.453125,0.09760625,0.40625,0.003253125,0.328125,0.002028125,0.375,0.000996875,0.515625,0.0,0.46875,0.0,0.5625,0.0
uniform_high,64,93,fixed,random_matched,57,0.959609960926232,0.4482473544973545,0.4089541015625,0.6666666666666666,320000,190,2.96875,0.18341127804627003,0.353271484375,10,0.0390625,0.015625,0.04308659457338233,0.3333333333333333,0.9966125,0.2760416666666667,0.0033875,0.4895833333333333,0.0,0.6532125,0.26345625,0.08333125,0.265625,0.6517,0.28125,0.2621375,0.453125,0.082775,0.25,0.0015125,0.25,0.00131875,0.328125,0.00055625,0.4375,0.0,0.5,0.0,0.53125,0.0
patchy_high,64,93,fixed,random_matched,58,0.96875,0.44626322751322756,0.4178982917906746,0.6666666666666666,320000,164,2.5625,0.19018482365489459,0.3350830078125,11,0.04296875,0.0234375,0.06427894239671213,0.3229166666666667,0.9967125,0.2760416666666667,0.0032875,0.4895833333333333,0.0,0.63179375,0.28280625,0.08539999999999999,0.296875,0.630378125,0.25,0.281496875,0.421875,0.0848375,0.265625,0.001415625,0.21875,0.001309375,0.34375,0.0005625,0.4375,0.0,0.5,0.0,0.53125,0.0
split_high_low,64,93,fixed,random_matched,58,0.96875,0.46472663139329806,0.436571544828869,0.6666666666666666,320000,152,2.375,0.18318206800854855,0.319580078125,10,0.0390625,0.0703125,0.026829053405371697,0.3333333333333333,0.9481562499999999,0.3229166666666667,0.05184375,0.4895833333333333,0.0,0.6492406249999999,0.26955,0.081209375,0.3125,0.618778125,0.296875,0.253925,0.390625,0.075453125,0.296875,0.0304625,0.296875,0.015625,0.375,0.00575625,0.4375,0.0,0.5,0.0,0.53125,0.0
uniform_high,64,94,fixed,random_matched,56,0.956367480463116,0.46990740740740744,0.4477142903645833,0.6666666666666666,320000,203,3.171875,0.19768923612153683,0.4044189453125,13,0.05078125,0.046875,0.05136052711784916,0.34375,0.99544375,0.34375,0.0045562499999999995,0.53125,0.0,0.5660281250000001,0.30795,0.12602187499999998,0.34375,0.56443125,0.28125,0.305984375,0.40625,0.125028125,0.421875,0.001596875,0.3125,0.001965625,0.296875,0.00099375,0.5625,0.0,0.5,0.0,0.53125,0.0
patchy_high,64,94,fixed,random_matched,54,0.943984960926232,0.4733245149911816,0.4426589595734127,0.6666666666666666,320000,216,3.375,0.1953911956402702,0.3321533203125,11,0.04296875,0.109375,0.09881715836091438,0.3541666666666667,0.994853125,0.34375,0.005146875,0.53125,0.0,0.5838531250000001,0.300353125,0.11579375,0.296875,0.582209375,0.34375,0.29809375,0.421875,0.11455,0.390625,0.00164375,0.328125,0.002259375,0.3125,0.00124375,0.5625,0.0,0.5,0.0,0.53125,0.0
split_high_low,64,94,fixed,random_matched,53,0.9387766275928987,0.4721671075837743,0.40201320064484125,1.0,320000,220,3.4375,0.19339385800505476,0.336181640625,10,0.0390625,0.0703125,-0.07730290876513221,0.3125,0.980959375,0.390625,0.018975,0.53125,6.5625e-05,0.6053062499999999,0.28971250000000004,0.10498125000000001,0.234375,0.594284375,0.328125,0.283915625,0.375,0.102759375,0.390625,0.010978125,0.421875,0.005778125,0.359375,0.00221875,0.5625,4.375e-05,0.5,1.875e-05,0.53125,3.125e-06
uniform_high,64,95,fixed,random_matched,53,0.9355341471297827,0.45524691358024694,0.412131115141369,0.6666666666666666,320000,162,2.53125,0.17999894949445544,0.322998046875,10,0.0390625,0.0859375,0.017947841610658755,0.3385416666666667,0.9964156249999999,0.3177083333333333,0.003584375,0.5104166666666666,0.0,0.64088125,0.26732812499999997,0.091790625,0.25,0.639490625,0.34375,0.265965625,0.421875,0.090959375,0.40625,0.001390625,0.234375,0.0013625,0.3125,0.00083125,0.4375,0.0,0.640625,0.0,0.453125,0.0
patchy_high,64,95,fixed,random_matched,58,0.96875,0.4479717813051146,0.3797836340525793,0.6666666666666666,320000,134,2.09375,0.1754814867495477,0.2818603515625,11,0.04296875,0.0625,-0.019476357388742312,0.28125,0.996475,0.34375,0.0035250000000000004,0.5104166666666666,0.0,0.6997781249999999,0.232365625,0.06785624999999999,0.25,0.698571875,0.21875,0.230990625,0.375,0.0669125,0.421875,0.00120625,0.296875,0.001375,0.3125,0.00094375,0.4375,0.0,0.640625,0.0,0.453125,0.0
split_high_low,64,95,fixed,random_matched,56,0.956367480463116,0.46268738977072305,0.41758451140873015,0.6666666666666666,320000,182,2.84375,0.2018709830999447,0.3231201171875,9,0.03515625,0.0546875,-0.09253318653074627,0.3072916666666667,0.9958187500000001,0.3854166666666667,0.004181249999999999,0.5104166666666666,0.0,0.576090625,0.30279062500000004,0.12111875000000001,0.296875,0.574209375,0.25,0.30125,0.375,0.120359375,0.484375,0.00188125,0.3125,0.001540625,0.359375,0.000759375,0.4375,0.0,0.640625,0.0,0.453125,0.0
uniform_high,64,96,fixed,random_matched,55,0.9511591471297827,0.44262566137566134,0.34050662202380955,0.6666666666666666,320000,122,1.90625,0.16241709025026835,0.2852783203125,9,0.03515625,0.0625,0.03458646619733603,0.2552083333333333,0.9950625000000001,0.3489583333333333,0.0049375,0.5052083333333334,0.0,0.7262625,0.21484375,0.058893749999999995,0.1875,0.7243625,0.296875,0.212959375,0.28125,0.057740625,0.375,0.0019,0.3125,0.001884375,0.359375,0.001153125,0.640625,0.0,0.484375,0.0,0.390625,0.0
patchy_high,64,96,fixed,random_matched,56,0.956367480463116,0.4558531746031746,0.37090882316468254,0.6666666666666666,320000,111,1.734375,0.1575282206604452,0.3028564453125,13,0.05078125,0.078125,0.03812259111920888,0.3072916666666667,0.996140625,0.3489583333333333,0.003859375,0.5052083333333334,0.0,0.7598843750000001,0.1954625,0.044653125,0.21875,0.758565625,0.3125,0.19391875,0.390625,0.04365625,0.375,0.00131875,0.296875,0.00154375,0.375,0.000996875,0.640625,0.0,0.484375,0.0,0.390625,0.0
split_high_low,64,96,fixed,random_matched,55,0.9459508137964493,0.4496803350970018,0.3840361715649801,0.6666666666666666,320000,176,2.75,0.18014185317189874,0.3765869140625,14,0.0546875,0.0703125,0.1956624910142966,0.2604166666666667,0.9941718749999999,0.375,0.005828125,0.5052083333333334,0.0,0.648684375,0.26294375,0.088371875,0.25,0.645921875,0.25,0.260915625,0.28125,0.087334375,0.328125,0.0027625,0.359375,0.002028125,0.4375,0.0010375,0.640625,0.0,0.484375,0.0,0.390625,0.0
uniform_high,64,97,fixed,random_matched,59,0.971992480463116,0.4702932098765432,0.44729490327380955,0.6666666666666666,320000,214,3.34375,0.2143758174444193,0.3485107421875,11,0.04296875,0.0703125,0.00999051502563815,0.3489583333333333,0.994928125,0.3385416666666667,0.005071875,0.453125,0.0,0.51815625,0.329753125,0.152090625,0.328125,0.516340625,0.296875,0.32781875,0.421875,0.15076875,0.296875,0.001815625,0.328125,0.001934375,0.390625,0.001321875,0.4375,0.0,0.46875,0.0,0.453125,0.0
patchy_high,64,97,fixed,random_matched,60,0.9791666666666666,0.4700727513227513,0.44812957744295634,0.6666666666666666,320000,218,3.40625,0.21832530247062543,0.35546875,10,0.0390625,0.0546875,-0.07726285165001086,0.3697916666666667,0.994934375,0.328125,0.005065625,0.453125,0.0,0.49555,0.33990312500000003,0.164546875,0.28125,0.493765625,0.375,0.337978125,0.453125,0.163190625,0.28125,0.001784375,0.3125,0.001925,0.390625,0.00135625,0.4375,0.0,0.46875,0.0,0.453125,0.0
split_high_low,64,97,fixed,random_matched,56,0.9511591471297827,0.45265652557319225,0.3794110599578373,0.6666666666666666,320000,202,3.15625,0.21042913990114437,0.3458251953125,11,0.04296875,0.0390625,0.05378653069379632,0.265625,0.9912406249999999,0.359375,0.008759375,0.453125,0.0,0.5330437499999999,0.32075937499999996,0.146196875,0.21875,0.529165625,0.28125,0.317725,0.296875,0.14435,0.296875,0.003878125,0.34375,0.003034375,0.4375,0.001846875,0.4375,0.0,0.46875,0.0,0.453125,0.0
uniform_high,64,98,fixed,random_matched,59,0.971992480463116,0.46577380952380953,0.47409907924107136,0.6666666666666666,320000,200,3.125,0.21441065065568415,0.3214111328125,11,0.04296875,0.046875,0.12180357080296582,0.4010416666666667,0.9948468749999999,0.296875,0.005153125,0.484375,0.0,0.502540625,0.339753125,0.15770625,0.34375,0.50025,0.390625,0.337878125,0.46875,0.15671875,0.234375,0.002290625,0.328125,0.001875,0.328125,0.0009875,0.375,0.0,0.515625,0.0,0.5625,0.0
patchy_high,64,98,fixed,random_matched,57,0.9615758137964493,0.4607583774250441,0.4601309415302579,0.6666666666666666,320000,218,3.40625,0.21467366746913982,0.330078125,12,0.046875,0.0703125,-0.08220896057822141,0.3854166666666667,0.99501875,0.2864583333333333,0.0049812500000000004,0.484375,0.0,0.512421875,0.331428125,0.15615,0.296875,0.51025,0.4375,0.32955625,0.421875,0.1552125,0.265625,0.002171875,0.28125,0.001871875,0.3125,0.0009375,0.375,0.0,0.515625,0.0,0.5625,0.0
split_high_low,64,98,fixed,random_matched,56,0.9544016275928987,0.4730489417989418,0.474703011842758,0.6666666666666666,320000,200,3.125,0.21891155516854643,0.3289794921875,12,0.046875,0.03125,0.06563620479564283,0.3697916666666667,0.98249375,0.3385416666666667,0.01750625,0.484375,0.0,0.503828125,0.339484375,0.1566875,0.421875,0.49445625,0.328125,0.3338375,0.359375,0.1542,0.34375,0.009371875,0.359375,0.005646875,0.3125,0.0024875,0.375,0.0,0.515625,0.0,0.5625,0.0
uniform_high,64,99,fixed,random_matched,58,0.96875,0.46406525573192237,0.4376153785342262,0.6666666666666666,320000,200,3.125,0.20309478937024233,0.3463134765625,12,0.046875,0.078125,0.017069968967171358,0.3229166666666667,0.9961375,0.3333333333333333,0.0038625,0.4895833333333333,0.0,0.56631875,0.309628125,0.124053125,0.296875,0.5646875,0.34375,0.308125,0.328125,0.123325,0.328125,0.00163125,0.25,0.001503125,0.421875,0.000728125,0.46875,0.0,0.5,0.0,0.5,0.0
patchy_high,64,99,fixed,random_matched,56,0.9583333333333334,0.4637345679012346,0.43559199063740084,0.6666666666666666,320000,210,3.28125,0.20244633319382221,0.340087890625,10,0.0390625,0.046875,0.03170978076041186,0.3177083333333333,0.9958281250000001,0.3385416666666667,0.004171875,0.4895833333333333,0.0,0.56005625,0.306971875,0.13297187500000002,0.3125,0.5581625,0.296875,0.305440625,0.34375,0.132225,0.3125,0.00189375,0.265625,0.00153125,0.4375,0.000746875,0.46875,0.0,0.5,0.0,0.5,0.0
split_high_low,64,99,fixed,random_matched,61,0.984375,0.4862764550264551,0.4462643818204365,0.6666666666666666,320000,216,3.375,0.2075660297897316,0.3558349609375,15,0.05859375,0.0625,-0.04406410948763744,0.3697916666666667,0.9926031249999999,0.40625,0.007396875,0.4895833333333333,0.0,0.5469593749999999,0.31916875,0.133871875,0.296875,0.54318125,0.34375,0.316784375,0.46875,0.1326375,0.375,0.003778125,0.4375,0.002384375,0.40625,0.001234375,0.46875,0.0,0.5,0.0,0.5,0.0
