scenario,population,replicate,social_mode,rewiring,unique_policy_count,policy_entropy,policy_hamming_mean,policy_hamming_visit_weighted_mean,visited_state_fraction,total_training_state_visits,total_rewires,mean_rewires_per_agent,mean_prediction_error,visibility_gini,max_visibility_degree,max_visibility_share,reciprocity,degree_assortativity,policy_low_scarce,training_visit_fraction_scarce,policy_low_moderate,training_visit_fraction_moderate,policy_low_abundant,training_visit_fraction_abundant,training_visit_fraction_social_mostly_high,training_visit_fraction_social_mixed,training_visit_fraction_social_mostly_low,policy_low_scarce_mostly_high,training_visit_fraction_scarce_mostly_high,policy_low_scarce_mixed,training_visit_fraction_scarce_mixed,policy_low_scarce_mostly_low,training_visit_fraction_scarce_mostly_low,policy_low_moderate_mostly_high,training_visit_fraction_moderate_mostly_high,policy_low_moderate_mixed,training_visit_fraction_moderate_mixed,policy_low_moderate_mostly_low,training_visit_fraction_moderate_mostly_low,policy_low_abundant_mostly_high,training_visit_fraction_abundant_mostly_high,policy_low_abundant_mixed,training_visit_fraction_abundant_mixed,policy_low_abundant_mostly_low,training_visit_fraction_abundant_mostly_low
uniform_high,64,0,fixed,prediction_error,53,0.9355341471297827,0.4634038800705467,0.44888651878720237,0.6666666666666666,320000,189,2.953125,0.2075703031890594,0.2684326171875,10,0.0390625,0.0703125,0.08350928501115128,0.3645833333333333,0.995578125,0.3125,0.0044218750000000005,0.4791666666666667,0.0,0.546678125,0.3221,0.131221875,0.3125,0.5449125,0.328125,0.32056875,0.453125,0.130096875,0.34375,0.001765625,0.34375,0.00153125,0.25,0.001125,0.46875,0.0,0.578125,0.0,0.390625,0.0
patchy_high,64,0,fixed,prediction_error,60,0.9791666666666666,0.47293871252204583,0.46829526134672617,0.6666666666666666,320000,189,2.953125,0.20255350511228715,0.2528076171875,11,0.04296875,0.0390625,-0.006766236589674819,0.3645833333333333,0.9959093750000001,0.3385416666666667,0.004090625,0.4791666666666667,0.0,0.5732375,0.308684375,0.118078125,0.375,0.571696875,0.328125,0.307090625,0.390625,0.117121875,0.328125,0.001540625,0.359375,0.00159375,0.328125,0.00095625,0.46875,0.0,0.578125,0.0,0.390625,0.0
split_high_low,64,0,fixed,prediction_error,59,0.9739583333333334,0.47415123456790126,0.4465245380704365,0.6666666666666666,320000,171,2.671875,0.19748660576542204,0.243408203125,9,0.03515625,0.046875,-0.04093825936940162,0.3489583333333333,0.9712312500000001,0.375,0.028768750000000003,0.4791666666666667,0.0,0.587684375,0.296403125,0.1159125,0.3125,0.573884375,0.328125,0.28665,0.40625,0.110696875,0.3125,0.0138,0.453125,0.009753125,0.359375,0.005215625,0.46875,0.0,0.578125,0.0,0.390625,0.0
uniform_high,64,1,fixed,prediction_error,56,0.9583333333333334,0.4649470899470899,0.4744973322792659,0.6666666666666666,320000,239,3.734375,0.23074932860459038,0.26904296875,9,0.03515625,0.0390625,0.0953749654198005,0.4010416666666667,0.9951593750000001,0.296875,0.004840625,0.4895833333333333,0.0,0.43686562500000004,0.35444375,0.20869062500000002,0.359375,0.434728125,0.53125,0.352678125,0.3125,0.207753125,0.3125,0.0021375,0.25,0.001765625,0.328125,0.0009375,0.421875,0.0,0.515625,0.0,0.53125,0.0
patchy_high,64,1,fixed,prediction_error,57,0.9615758137964493,0.45679012345679015,0.46369785311259926,0.6666666666666666,320000,238,3.71875,0.2263971369754325,0.274169921875,8,0.03125,0.0546875,0.05565786789923399,0.3854166666666667,0.995671875,0.2708333333333333,0.004328125,0.4895833333333333,0.0,0.445525,0.354309375,0.20016562499999999,0.4375,0.44381875,0.265625,0.35263125,0.453125,0.199221875,0.28125,0.00170625,0.25,0.001678125,0.28125,0.00094375,0.421875,0.0,0.515625,0.0,0.53125,0.0
split_high_low,64,1,fixed,prediction_error,60,0.9791666666666666,0.46919091710758376,0.4418766710069445,0.6666666666666666,320000,209,3.265625,0.21255214441085124,0.257568359375,9,0.03515625,0.0390625,0.019158396595623947,0.375,0.9957687500000001,0.328125,0.00423125,0.4895833333333333,0.0,0.517778125,0.329078125,0.15314375,0.265625,0.51586875,0.390625,0.32748125,0.46875,0.15241875,0.390625,0.001909375,0.328125,0.001596875,0.265625,0.000725,0.421875,0.0,0.515625,0.0,0.53125,0.0
uniform_high,64,2,fixed,prediction_error,55,0.953125,0.46164021164021163,0.44175410156249995,0.6666666666666666,320000,197,3.078125,0.21123507453341306,0.2896728515625,10,0.0390625,0.0546875,-0.03419740878951975,0.359375,0.995896875,0.3489583333333333,0.004103125,0.5,0.0,0.5138937499999999,0.33083437499999996,0.15527187499999998,0.265625,0.5121625,0.40625,0.329253125,0.40625,0.15448125,0.359375,0.00173125,0.1875,0.00158125,0.5,0.000790625,0.578125,0.0,0.515625,0.0,0.40625,0.0
patchy_high,64,2,fixed,prediction_error,59,0.9739583333333334,0.46996252204585537,0.4546485956101191,0.6666666666666666,320000,209,3.265625,0.2146197386765919,0.2860107421875,8,0.03125,0.0703125,-0.02115064230854771,0.4010416666666667,0.9958562500000001,0.3541666666666667,0.00414375,0.5,0.0,0.50584375,0.32875000000000004,0.16540625,0.296875,0.504096875,0.375,0.327140625,0.53125,0.16461875,0.34375,0.001746875,0.234375,0.001609375,0.484375,0.0007875,0.578125,0.0,0.515625,0.0,0.40625,0.0
split_high_low,64,2,fixed,prediction_error,58,0.96875,0.4664351851851852,0.4301587859623016,0.6666666666666666,320000,218,3.40625,0.21409735870247604,0.1951904296875,10,0.0390625,0.0546875,-0.02182717113960748,0.375,0.994728125,0.359375,0.005271875,0.5,0.0,0.5010125,0.339584375,0.159403125,0.28125,0.4985,0.296875,0.337684375,0.546875,0.15854375,0.40625,0.0025125,0.25,0.0019,0.421875,0.000859375,0.578125,0.0,0.515625,0.0,0.40625,0.0
uniform_high,64,3,fixed,prediction_error,59,0.971992480463116,0.44918430335097004,0.3779367761036706,0.6666666666666666,320000,147,2.296875,0.1871453555686884,0.2578125,8,0.03125,0.1171875,-0.056821273610545224,0.3125,0.9955593749999999,0.3177083333333333,0.004440625,0.4739583333333333,0.0,0.6400437499999999,0.27340312499999997,0.086553125,0.21875,0.637971875,0.28125,0.27186875,0.4375,0.08571875,0.28125,0.002071875,0.296875,0.001534375,0.375,0.000834375,0.59375,0.0,0.4375,0.0,0.390625,0.0
patchy_high,64,3,fixed,prediction_error,61,0.984375,0.4642857142857143,0.43779911489335316,0.6666666666666666,320000,147,2.296875,0.18468465826253994,0.2598876953125,8,0.03125,0.0625,0.03215227323218884,0.359375,0.995621875,0.3333333333333333,0.004378125,0.4739583333333333,0.0,0.63674375,0.271515625,0.091740625,0.296875,0.634846875,0.328125,0.269921875,0.453125,0.090853125,0.34375,0.001896875,0.25,0.00159375,0.40625,0.0008875,0.59375,0.0,0.4375,0.0,0.390625,0.0
split_high_low,64,3,fixed,prediction_error,59,0.9739583333333334,0.4653880070546737,0.4272251240079365,0.6666666666666666,320000,145,2.265625,0.18069054845793425,0.23388671875,8,0.03125,0.0546875,0.15984491909463788,0.3333333333333333,0.9318000000000001,0.359375,0.06820000000000001,0.4739583333333333,0.0,0.664571875,0.251396875,0.08403125,0.28125,0.629034375,0.328125,0.22844375,0.390625,0.074321875,0.34375,0.0355375,0.28125,0.022953125,0.453125,0.009709375,0.59375,0.0,0.4375,0.0,0.390625,0.0
uniform_high,64,4,fixed,prediction_error,53,0.940742480463116,0.4537037037037037,0.3109152653769841,0.6666666666666666,320000,90,1.40625,0.12659983880168707,0.2886962890625,9,0.03515625,0.109375,-0.030271573345280706,0.28125,0.99591875,0.359375,0.004081250000000001,0.4739583333333333,0.0,0.85918125,0.1190125,0.02180625,0.171875,0.85733125,0.3125,0.117534375,0.359375,0.021053125,0.34375,0.00185,0.28125,0.001478125,0.453125,0.000753125,0.453125,0.0,0.46875,0.0,0.5,0.0
patchy_high,64,4,fixed,prediction_error,55,0.9511591471297827,0.44742063492063494,0.2784137447296626,0.6666666666666666,320000,107,1.671875,0.1349640754126924,0.29541015625,11,0.04296875,0.078125,0.011978331485251443,0.265625,0.99575625,0.3541666666666667,0.00424375,0.4739583333333333,0.0,0.844721875,0.13263124999999998,0.022646875,0.140625,0.843040625,0.34375,0.1309125,0.3125,0.021803125,0.34375,0.00168125,0.28125,0.00171875,0.4375,0.00084375,0.453125,0.0,0.46875,0.0,0.5,0.0
split_high_low,64,4,fixed,prediction_error,52,0.931602441389348,0.4662698412698413,0.38292341889880954,0.6666666666666666,320000,177,2.765625,0.17751502328090657,0.24365234375,10,0.0390625,0.078125,-0.021816278814053076,0.3125,0.961365625,0.4010416666666667,0.038634375,0.4739583333333333,0.0,0.717715625,0.22410625,0.058178125,0.234375,0.694446875,0.265625,0.212296875,0.4375,0.054621875,0.4375,0.02326875,0.28125,0.011809375,0.484375,0.00355625,0.453125,0.0,0.46875,0.0,0.5,0.0
uniform_high,64,5,fixed,prediction_error,59,0.971992480463116,0.46246693121693117,0.41813441530257933,0.6666666666666666,320000,200,3.125,0.19097068426114144,0.2271728515625,8,0.03125,0.0546875,-0.12255383107569552,0.328125,0.9957374999999999,0.3229166666666667,0.0042625,0.5104166666666666,0.0,0.6248468749999999,0.27651875,0.098634375,0.25,0.623109375,0.421875,0.2750125,0.3125,0.097615625,0.296875,0.0017375,0.3125,0.00150625,0.359375,0.00101875,0.53125,0.0,0.484375,0.0,0.515625,0.0
patchy_high,64,5,fixed,prediction_error,58,0.96875,0.47525352733686066,0.47874656963045636,0.6666666666666666,320000,198,3.09375,0.1927945898611855,0.313720703125,11,0.04296875,0.0703125,-0.08666648485499816,0.375,0.995796875,0.3385416666666667,0.004203125,0.5104166666666666,0.0,0.6148125,0.28426250000000003,0.100925,0.46875,0.613046875,0.296875,0.282771875,0.359375,0.099978125,0.296875,0.001765625,0.34375,0.001490625,0.375,0.000946875,0.53125,0.0,0.484375,0.0,0.515625,0.0
split_high_low,64,5,fixed,prediction_error,58,0.9667841471297827,0.46362433862433866,0.4182762276785715,0.6666666666666666,320000,220,3.4375,0.19775916540427096,0.2904052734375,10,0.0390625,0.0703125,-0.0025264896963342596,0.3177083333333333,0.99656875,0.3489583333333333,0.0034312500000000003,0.5104166666666666,0.0,0.609571875,0.290240625,0.10018750000000001,0.328125,0.60816875,0.203125,0.288978125,0.421875,0.099421875,0.328125,0.001403125,0.328125,0.0012625,0.390625,0.000765625,0.53125,0.0,0.484375,0.0,0.515625,0.0
uniform_high,64,6,fixed,prediction_error,59,0.9739583333333334,0.4572861552028219,0.3118732065352183,0.6666666666666666,320000,147,2.296875,0.16778544394898764,0.26171875,8,0.03125,0.0625,-0.0012467626203237446,0.265625,0.99579375,0.4114583333333333,0.00420625,0.484375,0.0,0.7443531250000001,0.20477812499999998,0.05086875,0.171875,0.74264375,0.21875,0.203165625,0.40625,0.049984375,0.421875,0.001709375,0.40625,0.0016125,0.40625,0.000884375,0.4375,0.0,0.53125,0.0,0.484375,0.0
patchy_high,64,6,fixed,prediction_error,59,0.971992480463116,0.47530864197530864,0.3736245086185516,0.6666666666666666,320000,131,2.046875,0.15958952882402702,0.279296875,9,0.03515625,0.0546875,-0.07890478930211686,0.328125,0.9956375000000001,0.4166666666666667,0.0043625,0.484375,0.0,0.744740625,0.20650625,0.048753125,0.21875,0.742953125,0.3125,0.204825,0.453125,0.047859375,0.453125,0.0017875,0.390625,0.00168125,0.40625,0.00089375,0.4375,0.0,0.53125,0.0,0.484375,0.0
split_high_low,64,6,fixed,prediction_error,55,0.953125,0.4712852733686067,0.3959310221354167,0.6666666666666666,320000,180,2.8125,0.19174649651952783,0.239990234375,9,0.03515625,0.1171875,-0.12179543518884586,0.2916666666666667,0.9945,0.4166666666666667,0.0055,0.484375,0.0,0.6165375,0.28811250000000005,0.09535,0.234375,0.6139,0.328125,0.286146875,0.3125,0.094453125,0.4375,0.0026375,0.390625,0.001965625,0.421875,0.000896875,0.4375,0.0,0.53125,0.0,0.484375,0.0
uniform_high,64,7,fixed,prediction_error,56,0.9583333333333334,0.4673721340388007,0.43961294177827387,0.6666666666666666,320000,166,2.59375,0.19145512203385356,0.2322998046875,7,0.02734375,0.0625,-0.04865136167739892,0.3072916666666667,0.995653125,0.3645833333333333,0.004346875,0.4739583333333333,0.0,0.629121875,0.2689625,0.101915625,0.34375,0.627571875,0.265625,0.26734375,0.3125,0.1007375,0.359375,0.00155,0.375,0.00161875,0.359375,0.001178125,0.53125,0.0,0.484375,0.0,0.40625,0.0
patchy_high,64,7,fixed,prediction_error,58,0.96875,0.47194664902998235,0.44476675812251987,0.6666666666666666,320000,170,2.65625,0.1914739974147498,0.2568359375,11,0.04296875,0.0859375,0.014718989338773641,0.3229166666666667,0.996275,0.3645833333333333,0.003725,0.4739583333333333,0.0,0.624025,0.284775,0.0912,0.328125,0.622790625,0.3125,0.283396875,0.328125,0.0900875,0.359375,0.001234375,0.359375,0.001378125,0.375,0.0011125,0.53125,0.0,0.484375,0.0,0.40625,0.0
split_high_low,64,7,fixed,prediction_error,59,0.971992480463116,0.48181216931216925,0.4396582914806547,0.6666666666666666,320000,165,2.578125,0.18669598021494002,0.291748046875,10,0.0390625,0.0546875,-0.004350134161728924,0.3333333333333333,0.9592374999999999,0.421875,0.0407625,0.4739583333333333,0.0,0.6301218749999999,0.279384375,0.09049375,0.296875,0.609159375,0.34375,0.265503125,0.359375,0.084575,0.390625,0.0209625,0.453125,0.01388125,0.421875,0.00591875,0.53125,0.0,0.484375,0.0,0.40625,0.0
uniform_high,64,8,fixed,prediction_error,51,0.9263941080560145,0.4280202821869489,0.3184284737723214,0.6666666666666666,320000,130,2.03125,0.15693246695798246,0.2835693359375,7,0.02734375,0.046875,0.14430798820565746,0.25,0.9804562499999999,0.3020833333333333,0.01954375,0.5416666666666666,0.0,0.776346875,0.18259375,0.041059375,0.1875,0.760625,0.1875,0.179521875,0.375,0.040309375,0.3125,0.015721875,0.203125,0.003071875,0.390625,0.00075,0.5625,0.0,0.5625,0.0,0.5,0.0
patchy_high,64,8,fixed,prediction_error,55,0.9511591471297827,0.4462632275132275,0.35836505146329367,0.6666666666666666,320000,137,2.140625,0.1629180584469882,0.26318359375,10,0.0390625,0.0546875,-0.009813457040406625,0.2916666666666667,0.96866875,0.3072916666666667,0.03133125,0.5416666666666666,0.0,0.755875,0.19726875,0.04685625,0.203125,0.73095,0.3125,0.191846875,0.359375,0.045871875,0.28125,0.024925,0.25,0.005421875,0.390625,0.000984375,0.5625,0.0,0.5625,0.0,0.5,0.0
split_high_low,64,8,fixed,prediction_error,56,0.956367480463116,0.4289021164021164,0.3372784536210318,0.6666666666666666,320000,106,1.65625,0.14092618888275582,0.252685546875,8,0.03125,0.0625,-0.11427851264825321,0.22916666666666666,0.996321875,0.3229166666666667,0.003678125,0.5416666666666666,0.0,0.808778125,0.162078125,0.02914375,0.21875,0.806953125,0.15625,0.160825,0.3125,0.02854375,0.296875,0.001825,0.25,0.001253125,0.421875,0.0006,0.5625,0.0,0.5625,0.0,0.5,0.0
uniform_high,64,9,fixed,prediction_error,55,0.947227441389348,0.46026234567901236,0.38234388330853175,0.6666666666666666,320000,123,1.921875,0.15414228168202215,0.25048828125,10,0.0390625,0.0703125,0.12820273741782948,0.3229166666666667,0.995853125,0.3385416666666667,0.004146875,0.4895833333333333,0.0,0.7881281250000001,0.170434375,0.041437499999999995,0.234375,0.786371875,0.3125,0.168821875,0.421875,0.040659375,0.375,0.00175625,0.234375,0.0016125,0.40625,0.000778125,0.515625,0.0,0.4375,0.0,0.515625,0.0
patchy_high,64,9,fixed,prediction_error,58,0.9667841471297827,0.45430996472663143,0.34411510261656747,0.6666666666666666,320000,124,1.9375,0.14672657769989025,0.2591552734375,10,0.0390625,0.0703125,0.026570956028208,0.296875,0.9957781250000001,0.34375,0.004221875,0.4895833333333333,0.0,0.78030625,0.18024375,0.03945,0.1875,0.778346875,0.359375,0.178665625,0.34375,0.038765625,0.390625,0.001959375,0.234375,0.001578125,0.40625,0.000684375,0.515625,0.0,0.4375,0.0,0.515625,0.0
split_high_low,64,9,fixed,prediction_error,57,0.9635416666666666,0.46152998236331566,0.3818710673983135,0.6666666666666666,320000,166,2.59375,0.17805457632157246,0.3145751953125,11,0.04296875,0.078125,0.1582320188145152,0.3125,0.971946875,0.3645833333333333,0.028053124999999998,0.4895833333333333,0.0,0.65379375,0.257534375,0.088671875,0.21875,0.639546875,0.296875,0.247896875,0.421875,0.084503125,0.421875,0.014246875,0.25,0.0096375,0.421875,0.00416875,0.515625,0.0,0.4375,0.0,0.515625,0.0
uniform_high,64,10,fixed,prediction_error,56,0.9583333333333334,0.445326278659612,0.3571600539434524,0.6666666666666666,320000,133,2.078125,0.16440696787597806,0.283935546875,9,0.03515625,0.0625,0.04663910018505996,0.3072916666666667,0.9953281249999999,0.3020833333333333,0.004671875,0.5364583333333334,0.0,0.7171093749999999,0.22561875,0.057271875,0.203125,0.715578125,0.28125,0.2238,0.4375,0.05595,0.328125,0.00153125,0.21875,0.00181875,0.359375,0.001321875,0.59375,0.0,0.5,0.0,0.515625,0.0
patchy_high,64,10,fixed,prediction_error,59,0.9739583333333334,0.4523809523809524,0.38522644314236115,0.6666666666666666,320000,161,2.515625,0.1676364399471061,0.28369140625,8,0.03125,0.0390625,0.03898897165369541,0.3072916666666667,0.99579375,0.3229166666666667,0.00420625,0.5364583333333334,0.0,0.699775,0.23324062499999998,0.06698437500000001,0.25,0.698440625,0.234375,0.23156875,0.4375,0.065784375,0.375,0.001334375,0.265625,0.001671875,0.328125,0.0012,0.59375,0.0,0.5,0.0,0.515625,0.0
split_high_low,64,10,fixed,prediction_error,58,0.96875,0.4544753086419753,0.31090134393601193,0.6666666666666666,320000,149,2.328125,0.16782836537679047,0.2392578125,10,0.0390625,0.1015625,-0.007994528119151767,0.2864583333333333,0.97944375,0.3958333333333333,0.020556249999999998,0.5364583333333334,0.0,0.734934375,0.208471875,0.05659375,0.15625,0.720896875,0.265625,0.203903125,0.4375,0.05464375,0.375,0.0140375,0.3125,0.00456875,0.5,0.00195,0.59375,0.0,0.5,0.0,0.515625,0.0
uniform_high,64,11,fixed,prediction_error,55,0.9491932942595653,0.4419642857142857,0.38733648933531745,0.6666666666666666,320000,202,3.15625,0.19123235496700097,0.2572021484375,8,0.03125,0.0234375,0.09640089887444941,0.296875,0.996,0.2760416666666667,0.004,0.5364583333333334,0.0,0.6121031250000001,0.2844375,0.103459375,0.21875,0.61026875,0.328125,0.282990625,0.34375,0.102740625,0.265625,0.001834375,0.25,0.001446875,0.3125,0.00071875,0.515625,0.0,0.515625,0.0,0.578125,0.0
patchy_high,64,11,fixed,prediction_error,60,0.9791666666666666,0.4636794532627866,0.47556683252728177,0.6666666666666666,320000,214,3.34375,0.19569665893983493,0.2611083984375,8,0.03125,0.0625,0.09011152799431486,0.40625,0.994465625,0.28125,0.005534374999999999,0.5364583333333334,0.0,0.575209375,0.30041874999999996,0.124371875,0.390625,0.57274375,0.328125,0.298359375,0.5,0.1233625,0.328125,0.002465625,0.234375,0.002059375,0.28125,0.001009375,0.515625,0.0,0.515625,0.0,0.578125,0.0
split_high_low,64,11,fixed,prediction_error,60,0.9772008137964493,0.4722222222222222,0.4889279916914683,0.6666666666666666,320000,273,4.265625,0.22856958672806973,0.260009765625,7,0.02734375,0.0859375,0.00643496180188612,0.4166666666666667,0.9965375,0.296875,0.0034625,0.5364583333333334,0.0,0.42771875,0.359790625,0.212490625,0.4375,0.42640625,0.359375,0.358384375,0.453125,0.211746875,0.328125,0.0013125,0.296875,0.00140625,0.265625,0.00074375,0.515625,0.0,0.515625,0.0,0.578125,0.0
uniform_high,64,12,fixed,prediction_error,57,0.9615758137964493,0.4529872134038801,0.2901476733010913,0.6666666666666666,320000,121,1.890625,0.15619756732648327,0.2520751953125,8,0.03125,0.0625,-0.04385219580946261,0.2708333333333333,0.9957781250000001,0.3854166666666667,0.004221875,0.5364583333333334,0.0,0.790865625,0.17416250000000003,0.034971875000000006,0.140625,0.789146875,0.34375,0.172703125,0.328125,0.033928125,0.421875,0.00171875,0.359375,0.001459375,0.375,0.00104375,0.4375,0.0,0.578125,0.0,0.59375,0.0
patchy_high,64,12,fixed,prediction_error,52,0.9335682942595653,0.4624118165784833,0.3894636966765873,0.6666666666666666,320000,119,1.859375,0.15850439922665616,0.2552490234375,8,0.03125,0.0703125,0.03012337690483285,0.296875,0.994403125,0.375,0.005596874999999999,0.5364583333333334,0.0,0.79091875,0.17603749999999999,0.03304375,0.25,0.788134375,0.28125,0.17430625,0.359375,0.0319625,0.4375,0.002784375,0.34375,0.00173125,0.34375,0.00108125,0.4375,0.0,0.578125,0.0,0.59375,0.0
split_high_low,64,12,fixed,prediction_error,57,0.9635416666666666,0.4815365961199295,0.45740595703125,0.6666666666666666,320000,174,2.71875,0.18290960993190808,0.2618408203125,9,0.03515625,0.0625,0.021695394116322007,0.3541666666666667,0.9036093749999999,0.40625,0.09639062500000001,0.5364583333333334,0.0,0.656315625,0.259384375,0.0843,0.328125,0.598284375,0.34375,0.23194375,0.390625,0.07338125,0.46875,0.05803125,0.375,0.027440625,0.375,0.01091875,0.4375,0.0,0.578125,0.0,0.59375,0.0
uniform_high,64,13,fixed,prediction_error,59,0.9739583333333334,0.4498456790123457,0.4058977523561508,0.6666666666666666,320000,214,3.34375,0.1916702469903091,0.2880859375,9,0.03515625,0.0546875,0.0,0.28125,0.99558125,0.3125,0.00441875,0.53125,0.0,0.6096874999999999,0.28831875,0.10199375,0.265625,0.60796875,0.296875,0.2866625,0.28125,0.10095,0.328125,0.00171875,0.265625,0.00165625,0.34375,0.00104375,0.5,0.0,0.546875,0.0,0.546875,0.0
patchy_high,64,13,fixed,prediction_error,56,0.9583333333333334,0.45800264550264547,0.410606603422619,0.6666666666666666,320000,202,3.15625,0.1874136105352225,0.238037109375,9,0.03515625,0.0390625,-0.03634377730068881,0.2916666666666667,0.995678125,0.3333333333333333,0.004321875,0.53125,0.0,0.604934375,0.290065625,0.105,0.28125,0.603278125,0.265625,0.28846875,0.328125,0.10393125,0.359375,0.00165625,0.3125,0.001596875,0.328125,0.00106875,0.5,0.0,0.546875,0.0,0.546875,0.0
split_high_low,64,13,fixed,prediction_error,57,0.9615758137964493,0.4736552028218695,0.44269482886904765,0.6666666666666666,320000,217,3.390625,0.1932536640291681,0.25634765625,9,0.03515625,0.03125,-0.01657474567495216,0.328125,0.9646125000000001,0.3697916666666667,0.0353875,0.53125,0.0,0.5999156250000001,0.298384375,0.1017,0.296875,0.57700625,0.390625,0.288846875,0.296875,0.098759375,0.34375,0.022909375,0.359375,0.0095375,0.40625,0.002940625,0.5,0.0,0.546875,0.0,0.546875,0.0
uniform_high,64,14,fixed,prediction_error,53,0.9387766275928987,0.4689153439153439,0.46614753534226194,0.6666666666666666,320000,209,3.265625,0.20931714000636592,0.2947998046875,10,0.0390625,0.0546875,0.018884115362727962,0.3489583333333333,0.9954906250000001,0.34375,0.0045093749999999995,0.546875,0.0,0.539865625,0.32390625,0.136228125,0.359375,0.5380875,0.375,0.32219375,0.3125,0.135209375,0.3125,0.001778125,0.296875,0.0017125,0.421875,0.00101875,0.453125,0.0,0.59375,0.0,0.59375,0.0
patchy_high,64,14,fixed,prediction_error,55,0.9511591471297827,0.460813492063492,0.42204644872271824,0.6666666666666666,320000,206,3.21875,0.21094617548127714,0.2557373046875,8,0.03125,0.046875,-0.07442496413446037,0.3697916666666667,0.99505,0.3385416666666667,0.00495,0.546875,0.0,0.5134625,0.3265875,0.15995,0.21875,0.511325,0.4375,0.324678125,0.453125,0.159046875,0.265625,0.0021375,0.28125,0.001909375,0.46875,0.000903125,0.453125,0.0,0.59375,0.0,0.59375,0.0
split_high_low,64,14,fixed,prediction_error,60,0.9791666666666666,0.4771274250440917,0.45498501829117066,0.6666666666666666,320000,190,2.96875,0.19730206487614232,0.3153076171875,11,0.04296875,0.0546875,0.07851363261260758,0.375,0.9555125,0.40625,0.0444875,0.546875,0.0,0.58363125,0.30140625,0.11496250000000001,0.3125,0.550484375,0.375,0.2931125,0.4375,0.111915625,0.28125,0.033146875,0.390625,0.00829375,0.546875,0.003046875,0.453125,0.0,0.59375,0.0,0.59375,0.0
uniform_high,64,15,fixed,prediction_error,53,0.9387766275928987,0.44527116402116407,0.3351647445436508,0.6666666666666666,320000,148,2.3125,0.17493837977803656,0.26513671875,11,0.04296875,0.0390625,-0.03145066163974028,0.2708333333333333,0.995534375,0.34375,0.004465625,0.515625,0.0,0.6791874999999999,0.248715625,0.072096875,0.171875,0.67750625,0.296875,0.246846875,0.34375,0.07118125,0.421875,0.00168125,0.21875,0.00186875,0.390625,0.000915625,0.53125,0.0,0.5625,0.0,0.453125,0.0
patchy_high,64,15,fixed,prediction_error,57,0.9615758137964493,0.44857804232804227,0.36480251116071427,0.6666666666666666,320000,138,2.15625,0.16797116268807227,0.2501220703125,8,0.03125,0.0546875,-0.01160306109791985,0.3020833333333333,0.995634375,0.34375,0.004365625,0.515625,0.0,0.71038125,0.224775,0.06484375,0.21875,0.708853125,0.25,0.22293125,0.4375,0.06385,0.4375,0.001528125,0.1875,0.00184375,0.40625,0.00099375,0.53125,0.0,0.5625,0.0,0.453125,0.0
split_high_low,64,15,fixed,prediction_error,61,0.9824091471297827,0.47001763668430335,0.4282630580357143,0.6666666666666666,320000,186,2.90625,0.19997431251904116,0.25146484375,7,0.02734375,0.0625,0.03965351452133514,0.359375,0.97554375,0.3645833333333333,0.02445625,0.515625,0.0,0.5786312499999999,0.30557500000000004,0.11579375,0.265625,0.567225,0.34375,0.296534375,0.46875,0.111784375,0.4375,0.01140625,0.234375,0.009040625,0.421875,0.004009375,0.53125,0.0,0.5625,0.0,0.453125,0.0
uniform_high,64,16,fixed,prediction_error,61,0.9824091471297827,0.4604828042328042,0.4161982747395833,0.6666666666666666,320000,200,3.125,0.1835212578308537,0.23974609375,8,0.03125,0.0703125,-0.03746882607382339,0.359375,0.9957875,0.3333333333333333,0.0042125,0.5,0.0,0.631871875,0.27040937499999995,0.09771875,0.28125,0.62999375,0.265625,0.26899375,0.53125,0.0968,0.3125,0.001878125,0.296875,0.001415625,0.390625,0.00091875,0.4375,0.0,0.453125,0.0,0.609375,0.0
patchy_high,64,16,fixed,prediction_error,57,0.9615758137964493,0.4581679894179895,0.41875002635168657,0.6666666666666666,320000,198,3.09375,0.18407196612944074,0.30224609375,9,0.03515625,0.1015625,-0.03446079592276677,0.3385416666666667,0.9954468750000001,0.3125,0.004553125,0.5,0.0,0.64375,0.27020625,0.08604374999999999,0.265625,0.64165625,0.328125,0.268625,0.421875,0.085165625,0.265625,0.00209375,0.296875,0.00158125,0.375,0.000878125,0.4375,0.0,0.453125,0.0,0.609375,0.0
split_high_low,64,16,fixed,prediction_error,59,0.9739583333333334,0.4772927689594356,0.47243408978174606,0.6666666666666666,320000,261,4.078125,0.22086702529203867,0.2728271484375,11,0.04296875,0.09375,-0.05180372627939055,0.3645833333333333,0.9894906250000001,0.3645833333333333,0.010509375,0.5,0.0,0.47785625000000004,0.34271875,0.179425,0.421875,0.472596875,0.328125,0.339078125,0.34375,0.177815625,0.34375,0.005259375,0.34375,0.003640625,0.40625,0.001609375,0.4375,0.0,0.453125,0.0,0.609375,0.0
uniform_high,64,17,fixed,prediction_error,59,0.9739583333333334,0.486221340388007,0.4868868365575396,0.6666666666666666,320000,235,3.671875,0.2024928027684343,0.24755859375,9,0.03515625,0.046875,0.05476284743371286,0.40625,0.9869843749999999,0.359375,0.013015625,0.4947916666666667,0.0,0.54979375,0.315940625,0.134265625,0.390625,0.542078125,0.40625,0.3119875,0.421875,0.13291875,0.328125,0.007715625,0.359375,0.003953125,0.390625,0.001346875,0.4375,0.0,0.5625,0.0,0.484375,0.0
patchy_high,64,17,fixed,prediction_error,57,0.9635416666666666,0.48374118165784835,0.47659256882440476,0.6666666666666666,320000,223,3.484375,0.19661061869665525,0.28369140625,9,0.03515625,0.09375,-0.01008651009926815,0.3802083333333333,0.99510625,0.3697916666666667,0.00489375,0.4947916666666667,0.0,0.574515625,0.30706875,0.118415625,0.390625,0.5722125,0.34375,0.3054625,0.40625,0.11743125,0.375,0.002303125,0.328125,0.00160625,0.40625,0.000984375,0.4375,0.0,0.5625,0.0,0.484375,0.0
split_high_low,64,17,fixed,prediction_error,60,0.9772008137964493,0.45987654320987653,0.3434332589285714,0.6666666666666666,320000,231,3.609375,0.2036522154529643,0.228271484375,10,0.0390625,0.046875,0.04758209762529259,0.2916666666666667,0.9798218750000001,0.4010416666666667,0.020178124999999998,0.4947916666666667,0.0,0.5535687499999999,0.311715625,0.13471562499999998,0.15625,0.537875,0.265625,0.308284375,0.453125,0.1336625,0.40625,0.01569375,0.40625,0.00343125,0.390625,0.001053125,0.4375,0.0,0.5625,0.0,0.484375,0.0
uniform_high,64,18,fixed,prediction_error,52,0.9303258137964493,0.45673500881834217,0.46998247612847227,0.6666666666666666,320000,197,3.078125,0.2036856904562073,0.257568359375,11,0.04296875,0.09375,0.008280774882438295,0.3645833333333333,0.9959843750000001,0.28125,0.004015625,0.5052083333333334,0.0,0.570321875,0.29986875,0.129809375,0.359375,0.568409375,0.375,0.2984125,0.359375,0.1291625,0.296875,0.0019125,0.203125,0.00145625,0.34375,0.000646875,0.515625,0.0,0.40625,0.0,0.59375,0.0
patchy_high,64,18,fixed,prediction_error,58,0.9667841471297827,0.45651455026455023,0.4827723958333333,0.6666666666666666,320000,219,3.421875,0.21209201255050864,0.279541015625,9,0.03515625,0.046875,0.05470630631480866,0.4322916666666667,0.9959437499999999,0.265625,0.00405625,0.5052083333333334,0.0,0.50994375,0.33195312499999996,0.158103125,0.359375,0.5080125,0.421875,0.330565625,0.515625,0.157365625,0.234375,0.00193125,0.1875,0.0013875,0.375,0.0007375,0.515625,0.0,0.40625,0.0,0.59375,0.0
split_high_low,64,18,fixed,prediction_error,58,0.9667841471297827,0.45199514991181655,0.4379347935267857,0.6666666666666666,320000,174,2.71875,0.18305653835669355,0.2733154296875,11,0.04296875,0.03125,-0.026649249670999776,0.3385416666666667,0.9929125,0.2864583333333333,0.0070875,0.5052083333333334,0.0,0.6342125,0.270559375,0.095228125,0.296875,0.630571875,0.34375,0.26805,0.375,0.094290625,0.25,0.003640625,0.234375,0.002509375,0.375,0.0009375,0.515625,0.0,0.40625,0.0,0.59375,0.0
uniform_high,64,19,fixed,prediction_error,58,0.96875,0.46836419753086417,0.5024387679811508,0.6666666666666666,320000,220,3.4375,0.22476094032678062,0.262451171875,9,0.03515625,0.0703125,-0.0758557565208848,0.4479166666666667,0.9961,0.2916666666666667,0.0039,0.59375,0.0,0.47078437500000003,0.345684375,0.18353125,0.46875,0.46931875,0.4375,0.344178125,0.4375,0.182603125,0.328125,0.001465625,0.21875,0.00150625,0.328125,0.000928125,0.59375,0.0,0.5625,0.0,0.625,0.0
patchy_high,64,19,fixed,prediction_error,58,0.9667841471297827,0.46555335097001765,0.4738400344122024,0.6666666666666666,320000,233,3.640625,0.22608349359352214,0.252685546875,8,0.03125,0.078125,-0.09974457174120673,0.390625,0.995803125,0.3125,0.004196875,0.59375,0.0,0.46104375,0.347015625,0.191940625,0.328125,0.45953125,0.453125,0.34535625,0.390625,0.190915625,0.390625,0.0015125,0.25,0.001659375,0.296875,0.001025,0.59375,0.0,0.5625,0.0,0.625,0.0
split_high_low,64,19,fixed,prediction_error,56,0.9544016275928987,0.45673500881834217,0.43094335007440476,0.6666666666666666,320000,179,2.796875,0.19024934109042152,0.2484130859375,8,0.03125,0.0546875,0.028368800222647726,0.3385416666666667,0.983978125,0.3333333333333333,0.016021875,0.59375,0.0,0.62195,0.282078125,0.095971875,0.296875,0.61404375,0.296875,0.27645625,0.421875,0.093478125,0.421875,0.00790625,0.203125,0.005621875,0.375,0.00249375,0.59375,0.0,0.5625,0.0,0.625,0.0
uniform_high,64,20,fixed,prediction_error,56,0.9489332279311542,0.44945987654320985,0.40867112165178576,0.6666666666666666,320000,152,2.375,0.17335783144073214,0.26953125,12,0.046875,0.0390625,-0.14072431421836393,0.3385416666666667,0.9960781250000001,0.28125,0.003921875,0.5,0.0,0.69626875,0.235265625,0.068465625,0.25,0.694825,0.359375,0.233775,0.40625,0.067478125,0.234375,0.00144375,0.25,0.001490625,0.359375,0.0009875,0.421875,0.0,0.59375,0.0,0.484375,0.0
patchy_high,64,20,fixed,prediction_error,53,0.9355341471297827,0.42542989417989413,0.30184940321180553,0.6666666666666666,320000,137,2.140625,0.16225268952384142,0.2967529296875,10,0.0390625,0.0703125,-0.03285949608853711,0.2552083333333333,0.9960625,0.2916666666666667,0.0039375,0.5,0.0,0.718621875,0.22220625,0.059171875,0.15625,0.717153125,0.234375,0.220696875,0.375,0.0582125,0.21875,0.00146875,0.265625,0.001509375,0.390625,0.000959375,0.421875,0.0,0.59375,0.0,0.484375,0.0
split_high_low,64,20,fixed,prediction_error,56,0.956367480463116,0.47833994708994704,0.4829438151041667,0.6666666666666666,320000,242,3.78125,0.21769101031347587,0.26318359375,9,0.03515625,0.03125,-0.07818885163679654,0.4479166666666667,0.9540062500000001,0.3489583333333333,0.04599375,0.5,0.0,0.490425,0.339309375,0.170265625,0.546875,0.46956875,0.328125,0.32195625,0.46875,0.16248125,0.265625,0.02085625,0.34375,0.017353125,0.4375,0.007784375,0.421875,0.0,0.59375,0.0,0.484375,0.0
uniform_high,64,21,fixed,prediction_error,59,0.971992480463116,0.45849867724867727,0.48435449218750004,0.6666666666666666,320000,261,4.078125,0.22086136391840022,0.2232666015625,8,0.03125,0.0859375,-0.04981226061755761,0.3958333333333333,0.996040625,0.296875,0.003959375,0.5520833333333334,0.0,0.48525625,0.340665625,0.174078125,0.390625,0.483634375,0.390625,0.3391,0.40625,0.17330625,0.234375,0.001621875,0.21875,0.001565625,0.4375,0.000771875,0.53125,0.0,0.671875,0.0,0.453125,0.0
patchy_high,64,21,fixed,prediction_error,55,0.9511591471297827,0.45965608465608465,0.48483780691964284,0.6666666666666666,320000,247,3.859375,0.21148269687202836,0.259521484375,10,0.0390625,0.0234375,-0.09996746380262014,0.3854166666666667,0.996228125,0.3020833333333333,0.003771875,0.5520833333333334,0.0,0.521515625,0.32358750000000003,0.154896875,0.40625,0.5199,0.40625,0.322209375,0.34375,0.15411875,0.234375,0.001615625,0.25,0.001378125,0.421875,0.000778125,0.53125,0.0,0.671875,0.0,0.453125,0.0
split_high_low,64,21,fixed,prediction_error,55,0.953125,0.47067901234567905,0.44707635943700397,0.6666666666666666,320000,220,3.4375,0.1960859893278053,0.224609375,8,0.03125,0.078125,-0.04936728517536916,0.359375,0.983821875,0.359375,0.016178125,0.5520833333333334,0.0,0.5924624999999999,0.29549687500000005,0.112040625,0.3125,0.5849125,0.328125,0.289815625,0.4375,0.10909375,0.3125,0.00755,0.359375,0.00568125,0.40625,0.002946875,0.53125,0.0,0.671875,0.0,0.453125,0.0
uniform_high,64,22,fixed,prediction_error,55,0.9511591471297827,0.4490189594356261,0.36531607607886907,0.6666666666666666,320000,135,2.109375,0.1606187339035471,0.264404296875,9,0.03515625,0.09375,0.05553230626910595,0.3020833333333333,0.995459375,0.3489583333333333,0.0045406249999999995,0.4479166666666667,0.0,0.743125,0.20463125,0.05224375,0.21875,0.741228125,0.265625,0.20301875,0.421875,0.0512125,0.359375,0.001896875,0.375,0.0016125,0.3125,0.00103125,0.28125,0.0,0.515625,0.0,0.546875,0.0
patchy_high,64,22,fixed,prediction_error,56,0.956367480463116,0.4359567901234568,0.3203998263888889,0.6666666666666666,320000,131,2.046875,0.16437018031103567,0.294677734375,10,0.0390625,0.0859375,0.10693170100409626,0.2604166666666667,0.995809375,0.3541666666666667,0.004190625,0.4479166666666667,0.0,0.736671875,0.20573125,0.057596875,0.1875,0.735046875,0.1875,0.204140625,0.40625,0.056621875,0.375,0.001625,0.34375,0.001590625,0.34375,0.000975,0.28125,0.0,0.515625,0.0,0.546875,0.0
split_high_low,64,22,fixed,prediction_error,60,0.9791666666666666,0.4604828042328042,0.42367888609871024,0.6666666666666666,320000,193,3.015625,0.1938127284716821,0.2794189453125,9,0.03515625,0.046875,0.012331902329901286,0.3072916666666667,0.97180625,0.3958333333333333,0.02819375,0.4479166666666667,0.0,0.614846875,0.287328125,0.097825,0.328125,0.59871875,0.21875,0.27830625,0.375,0.09478125,0.390625,0.016128125,0.4375,0.009021875,0.359375,0.00304375,0.28125,0.0,0.515625,0.0,0.546875,0.0
uniform_high,64,23,fixed,prediction_error,55,0.953125,0.45866402116402116,0.460834765625,0.6666666666666666,320000,238,3.71875,0.22105310466298447,0.2587890625,9,0.03515625,0.078125,-0.07726739992845015,0.359375,0.995765625,0.2864583333333333,0.004234375,0.5,0.0,0.480090625,0.34081875,0.179090625,0.359375,0.478503125,0.3125,0.339171875,0.40625,0.178090625,0.25,0.0015875,0.234375,0.001646875,0.375,0.001,0.4375,0.0,0.53125,0.0,0.53125,0.0
patchy_high,64,23,fixed,prediction_error,59,0.9739583333333334,0.46781305114638444,0.447394404141865,0.6666666666666666,320000,228,3.5625,0.21658959474930412,0.307373046875,11,0.04296875,0.0546875,0.0730593805446977,0.4010416666666667,0.9956281249999999,0.328125,0.004371875,0.5,0.0,0.512865625,0.33125625,0.155878125,0.328125,0.511021875,0.296875,0.32958125,0.578125,0.155025,0.28125,0.00184375,0.3125,0.001675,0.390625,0.000853125,0.4375,0.0,0.53125,0.0,0.53125,0.0
split_high_low,64,23,fixed,prediction_error,59,0.971992480463116,0.4483024691358025,0.29751229848710314,0.6666666666666666,320000,141,2.203125,0.16762441800519215,0.270751953125,9,0.03515625,0.078125,-0.024806946917841695,0.28125,0.9926656249999999,0.34375,0.007334375000000001,0.5,0.0,0.7198125,0.2215125,0.058675,0.140625,0.71661875,0.28125,0.218871875,0.421875,0.057175,0.34375,0.00319375,0.3125,0.002640625,0.375,0.0015,0.4375,0.0,0.53125,0.0,0.53125,0.0
uniform_high,64,24,fixed,prediction_error,55,0.953125,0.46875,0.4368213433159722,0.6666666666666666,320000,142,2.21875,0.16778430197794197,0.259521484375,10,0.0390625,0.0625,0.06217300577787639,0.3645833333333333,0.995740625,0.3541666666666667,0.004259375,0.4739583333333333,0.0,0.712696875,0.22216875,0.06513437500000001,0.296875,0.710878125,0.34375,0.220696875,0.453125,0.064165625,0.453125,0.00181875,0.203125,0.001471875,0.40625,0.00096875,0.515625,0.0,0.484375,0.0,0.421875,0.0
patchy_high,64,24,fixed,prediction_error,55,0.9459508137964493,0.4656635802469136,0.37683555772569444,0.6666666666666666,320000,140,2.1875,0.16234799568347158,0.2396240234375,9,0.03515625,0.1171875,-0.1127284834384906,0.3229166666666667,0.99579375,0.375,0.00420625,0.4739583333333333,0.0,0.733521875,0.21178125,0.054696875,0.21875,0.7318,0.328125,0.210271875,0.421875,0.053721875,0.40625,0.001721875,0.265625,0.001509375,0.453125,0.000975,0.515625,0.0,0.484375,0.0,0.421875,0.0
split_high_low,64,24,fixed,prediction_error,55,0.9511591471297827,0.4742063492063492,0.4049448428199404,0.6666666666666666,320000,139,2.171875,0.1649507745015354,0.2777099609375,9,0.03515625,0.1171875,0.059869457742203806,0.3385416666666667,0.995190625,0.4270833333333333,0.004809374999999999,0.4739583333333333,0.0,0.721884375,0.2172625,0.060853125,0.25,0.7195875,0.34375,0.21544375,0.421875,0.060159375,0.53125,0.002296875,0.28125,0.00181875,0.46875,0.00069375,0.515625,0.0,0.484375,0.0,0.421875,0.0
uniform_high,64,25,fixed,prediction_error,61,0.984375,0.47200176366843033,0.4595759703621032,0.6666666666666666,320000,239,3.734375,0.2234599154922769,0.26318359375,9,0.03515625,0.0546875,0.04216191289483291,0.359375,0.9952187499999999,0.3541666666666667,0.00478125,0.4427083333333333,0.0,0.48143749999999996,0.3459875,0.172575,0.3125,0.47938125,0.390625,0.3442,0.375,0.1716375,0.296875,0.00205625,0.3125,0.0017875,0.453125,0.0009375,0.515625,0.0,0.40625,0.0,0.40625,0.0
patchy_high,64,25,fixed,prediction_error,59,0.9739583333333334,0.4566798941798942,0.4216512230282738,0.6666666666666666,320000,239,3.734375,0.21963036779218886,0.2724609375,10,0.0390625,0.0625,-0.059238947601675696,0.3541666666666667,0.9954000000000001,0.3177083333333333,0.0046,0.4427083333333333,0.0,0.48801249999999996,0.33990937499999996,0.172078125,0.25,0.486190625,0.3125,0.33806875,0.5,0.171140625,0.265625,0.001821875,0.28125,0.001840625,0.40625,0.0009375,0.515625,0.0,0.40625,0.0,0.40625,0.0
split_high_low,64,25,fixed,prediction_error,59,0.9739583333333334,0.4704034391534392,0.4508773453000992,0.6666666666666666,320000,184,2.875,0.1926075272150305,0.3052978515625,9,0.03515625,0.0546875,-0.13633257865181064,0.375,0.963015625,0.34375,0.036984375,0.4427083333333333,0.0,0.615978125,0.28851875000000005,0.09550312500000001,0.3125,0.594303125,0.359375,0.277453125,0.453125,0.091259375,0.28125,0.021675,0.296875,0.011065625,0.453125,0.00424375,0.515625,0.0,0.40625,0.0,0.40625,0.0
uniform_high,64,26,fixed,prediction_error,60,0.9791666666666666,0.46114417989417994,0.44240672898065475,0.6666666666666666,320000,210,3.28125,0.19817144334031606,0.2330322265625,9,0.03515625,0.0859375,-0.029829807139766545,0.328125,0.995103125,0.3177083333333333,0.004896874999999999,0.453125,0.0,0.581459375,0.29299375,0.125546875,0.34375,0.57913125,0.265625,0.2912625,0.375,0.124709375,0.359375,0.002328125,0.265625,0.00173125,0.328125,0.0008375,0.46875,0.0,0.46875,0.0,0.421875,0.0
patchy_high,64,26,fixed,prediction_error,53,0.9427083333333334,0.46682098765432095,0.4632336867559524,0.6666666666666666,320000,213,3.328125,0.19987989560122238,0.264404296875,9,0.03515625,0.0859375,-0.004668544382690773,0.3697916666666667,0.994715625,0.3125,0.005284375,0.453125,0.0,0.572209375,0.30322812499999996,0.12456249999999999,0.375,0.569553125,0.296875,0.3013875,0.4375,0.123775,0.375,0.00265625,0.25,0.001840625,0.3125,0.0007875,0.46875,0.0,0.46875,0.0,0.421875,0.0
split_high_low,64,26,fixed,prediction_error,57,0.9635416666666666,0.46875,0.4546113932291667,0.6666666666666666,320000,208,3.25,0.19517598413999065,0.2958984375,10,0.0390625,0.0390625,0.020171262874184304,0.359375,0.984275,0.3177083333333333,0.015725,0.453125,0.0,0.57166875,0.30415625,0.12417500000000001,0.3125,0.559275,0.375,0.3015375,0.390625,0.1234625,0.359375,0.01239375,0.28125,0.00261875,0.3125,0.0007125,0.46875,0.0,0.46875,0.0,0.421875,0.0
uniform_high,64,27,fixed,prediction_error,56,0.956367480463116,0.44389329805996475,0.34433490513392856,0.6666666666666666,320000,174,2.71875,0.17548264922578072,0.270751953125,9,0.03515625,0.03125,-0.09254758810991623,0.265625,0.9947999999999999,0.3385416666666667,0.0052,0.5104166666666666,0.0,0.6848781249999999,0.24413125,0.070990625,0.1875,0.682140625,0.28125,0.242565625,0.328125,0.07009375,0.234375,0.0027375,0.359375,0.001565625,0.421875,0.000896875,0.421875,0.0,0.546875,0.0,0.5625,0.0
patchy_high,64,27,fixed,prediction_error,57,0.9615758137964493,0.45353835978835977,0.40390928819444444,0.6666666666666666,320000,160,2.5,0.17316210688985384,0.246337890625,8,0.03125,0.0625,0.09946910252884657,0.2916666666666667,0.9957343750000001,0.3385416666666667,0.004265625,0.5104166666666666,0.0,0.6822,0.24275625,0.07504375,0.28125,0.6802,0.234375,0.241340625,0.359375,0.07419375,0.265625,0.002,0.328125,0.001415625,0.421875,0.00085,0.421875,0.0,0.546875,0.0,0.5625,0.0
split_high_low,64,27,fixed,prediction_error,58,0.9667841471297827,0.48043430335097004,0.4566231662326389,0.6666666666666666,320000,182,2.84375,0.19027017799487284,0.2818603515625,11,0.04296875,0.0546875,-0.006366865011813031,0.3958333333333333,0.9925343750000001,0.3697916666666667,0.007465625,0.5104166666666666,0.0,0.6254156249999999,0.27760625,0.096978125,0.328125,0.621396875,0.34375,0.275215625,0.515625,0.095921875,0.359375,0.00401875,0.328125,0.002390625,0.421875,0.00105625,0.421875,0.0,0.546875,0.0,0.5625,0.0
uniform_high,64,28,fixed,prediction_error,61,0.984375,0.4587191358024691,0.3474169580853174,0.6666666666666666,320000,137,2.140625,0.1715987724857927,0.2823486328125,9,0.03515625,0.0859375,0.10082664375205853,0.28125,0.9959624999999999,0.3697916666666667,0.0040375,0.5416666666666666,0.0,0.6987812499999999,0.230890625,0.07032812499999999,0.1875,0.697284375,0.296875,0.22925625,0.359375,0.069421875,0.375,0.001496875,0.328125,0.001634375,0.40625,0.00090625,0.53125,0.0,0.546875,0.0,0.546875,0.0
patchy_high,64,28,fixed,prediction_error,57,0.9583333333333334,0.4650573192239859,0.3973791093129961,0.6666666666666666,320000,128,2.0,0.16903228571380519,0.3021240234375,10,0.0390625,0.078125,-0.09146913946030011,0.2916666666666667,0.99606875,0.3854166666666667,0.003931250000000001,0.5416666666666666,0.0,0.710421875,0.229296875,0.06028125,0.265625,0.708896875,0.25,0.227825,0.359375,0.059346875,0.453125,0.001525,0.328125,0.001471875,0.375,0.000934375,0.53125,0.0,0.546875,0.0,0.546875,0.0
split_high_low,64,28,fixed,prediction_error,59,0.9739583333333334,0.48385141093474426,0.43951065073164686,0.6666666666666666,320000,185,2.890625,0.20345802135144017,0.26708984375,9,0.03515625,0.03125,0.02470094094233773,0.34375,0.9436,0.421875,0.0564,0.5416666666666666,0.0,0.5797312499999999,0.301159375,0.11910937499999999,0.296875,0.54894375,0.3125,0.2833625,0.421875,0.11129375,0.40625,0.0307875,0.4375,0.017796875,0.421875,0.007815625,0.53125,0.0,0.546875,0.0,0.546875,0.0
uniform_high,64,29,fixed,prediction_error,53,0.9333082279311542,0.43761022927689597,0.32138392702132934,0.6666666666666666,320000,177,2.765625,0.18501900416530215,0.285888671875,10,0.0390625,0.0703125,-0.06767259500934056,0.2760416666666667,0.996490625,0.34375,0.003509375,0.421875,0.0,0.63449375,0.279328125,0.086178125,0.140625,0.632946875,0.328125,0.277984375,0.359375,0.085559375,0.21875,0.001546875,0.3125,0.00134375,0.5,0.00061875,0.4375,0.0,0.40625,0.0,0.421875,0.0
patchy_high,64,29,fixed,prediction_error,55,0.9491932942595653,0.4460427689594356,0.379078658234127,0.6666666666666666,320000,183,2.859375,0.18923533350324556,0.26513671875,9,0.03515625,0.0546875,-0.03998245599340431,0.2864583333333333,0.996596875,0.359375,0.003403125,0.421875,0.0,0.6316375000000001,0.280525,0.0878375,0.234375,0.630325,0.25,0.27905625,0.375,0.087215625,0.234375,0.0013125,0.3125,0.00146875,0.53125,0.000621875,0.4375,0.0,0.40625,0.0,0.421875,0.0
split_high_low,64,29,fixed,prediction_error,53,0.9355341471297827,0.44367283950617287,0.37218086867559524,0.6666666666666666,320000,134,2.09375,0.16596896821209983,0.28271484375,12,0.046875,0.03125,-0.16559652713941045,0.2864583333333333,0.9938375,0.3541666666666667,0.0061625000000000004,0.421875,0.0,0.7184406249999999,0.218759375,0.0628,0.234375,0.715421875,0.234375,0.216553125,0.390625,0.0618625,0.203125,0.00301875,0.34375,0.00220625,0.515625,0.0009375,0.4375,0.0,0.40625,0.0,0.421875,0.0
uniform_high,64,30,fixed,prediction_error,57,0.9635416666666666,0.470734126984127,0.4380791806175595,0.6666666666666666,320000,230,3.59375,0.20401946008764468,0.279541015625,8,0.03125,0.0546875,-0.08690864184145178,0.34375,0.99578125,0.359375,0.00421875,0.5,0.0,0.5571343750000001,0.311353125,0.1315125,0.28125,0.555290625,0.359375,0.3097625,0.390625,0.130728125,0.328125,0.00184375,0.296875,0.001590625,0.453125,0.000784375,0.5,0.0,0.578125,0.0,0.421875,0.0
patchy_high,64,30,fixed,prediction_error,62,0.9895833333333334,0.484402557319224,0.4958833643353175,0.6666666666666666,320000,209,3.265625,0.19462722999512017,0.3145751953125,10,0.0390625,0.0703125,0.05579962956574499,0.4322916666666667,0.995453125,0.3541666666666667,0.004546875000000001,0.5,0.0,0.5930062500000001,0.297653125,0.10934062500000001,0.421875,0.591021875,0.515625,0.296040625,0.359375,0.108390625,0.328125,0.001984375,0.34375,0.0016125,0.390625,0.00095,0.5,0.0,0.578125,0.0,0.421875,0.0
split_high_low,64,30,fixed,prediction_error,62,0.9895833333333334,0.48561507936507936,0.5003138098338293,0.6666666666666666,320000,264,4.125,0.23204851523633752,0.2850341796875,8,0.03125,0.0859375,-0.024457031081556682,0.453125,0.9961687499999999,0.3541666666666667,0.0038312499999999996,0.5,0.0,0.40838125000000003,0.363315625,0.228303125,0.5,0.40658125,0.484375,0.361978125,0.375,0.227609375,0.3125,0.0018,0.328125,0.0013375,0.421875,0.00069375,0.5,0.0,0.578125,0.0,0.421875,0.0
uniform_high,64,31,fixed,prediction_error,60,0.9791666666666666,0.4689704585537919,0.4992539078000992,0.6666666666666666,320000,257,4.015625,0.2288120007298289,0.2213134765625,8,0.03125,0.0390625,-0.021300601769406225,0.4583333333333333,0.9958156250000001,0.2760416666666667,0.004184375000000001,0.4895833333333333,0.0,0.436453125,0.354825,0.208721875,0.40625,0.434778125,0.5,0.353225,0.46875,0.2078125,0.25,0.001675,0.21875,0.0016,0.359375,0.000909375,0.515625,0.0,0.46875,0.0,0.484375,0.0
patchy_high,64,31,fixed,prediction_error,59,0.9739583333333334,0.465002204585538,0.48548968098958334,0.6666666666666666,320000,243,3.796875,0.22697863985264552,0.2559814453125,8,0.03125,0.0546875,0.023336838664598528,0.40625,0.9955156249999999,0.2760416666666667,0.0044843750000000005,0.4895833333333333,0.0,0.445890625,0.3500625,0.204046875,0.375,0.443915625,0.40625,0.348496875,0.4375,0.203103125,0.28125,0.001975,0.203125,0.001565625,0.34375,0.00094375,0.515625,0.0,0.46875,0.0,0.484375,0.0
split_high_low,64,31,fixed,prediction_error,57,0.9615758137964493,0.47547398589065254,0.4855510633680556,0.6666666666666666,320000,234,3.65625,0.221169819502624,0.2879638671875,10,0.0390625,0.0390625,-0.030038863884652506,0.421875,0.9924062499999999,0.3229166666666667,0.00759375,0.4895833333333333,0.0,0.463975,0.348325,0.18769999999999998,0.484375,0.46003125,0.328125,0.3457625,0.453125,0.1866125,0.375,0.00394375,0.21875,0.0025625,0.375,0.0010875,0.515625,0.0,0.46875,0.0,0.484375,0.0
uniform_high,64,32,fixed,prediction_error,54,0.9479166666666666,0.44405864197530864,0.2942863033234127,0.6666666666666666,320000,85,1.328125,0.14085692734866767,0.27783203125,9,0.03515625,0.0546875,-0.019454112575739736,0.23958333333333334,0.9960312499999999,0.359375,0.00396875,0.4895833333333333,0.0,0.8293468749999999,0.1435,0.027153125,0.15625,0.8271875,0.296875,0.142296875,0.265625,0.026546875,0.390625,0.002159375,0.296875,0.001203125,0.390625,0.00060625,0.453125,0.0,0.53125,0.0,0.484375,0.0
patchy_high,64,32,fixed,prediction_error,52,0.9322916666666666,0.4340277777777778,0.280561808655754,0.6666666666666666,320000,79,1.234375,0.13805138632356845,0.2220458984375,9,0.03515625,0.0625,-0.03512763763437106,0.234375,0.996634375,0.3333333333333333,0.0033656249999999997,0.4895833333333333,0.0,0.823021875,0.145878125,0.0311,0.15625,0.8214625,0.1875,0.144684375,0.359375,0.0304875,0.3125,0.001559375,0.296875,0.00119375,0.390625,0.0006125,0.453125,0.0,0.53125,0.0,0.484375,0.0
split_high_low,64,32,fixed,prediction_error,61,0.984375,0.44389329805996475,0.3100583968874008,0.6666666666666666,320000,109,1.703125,0.1594600134023596,0.2320556640625,7,0.02734375,0.0390625,-0.05492895673254717,0.25,0.9723593749999999,0.34375,0.027640625,0.4895833333333333,0.0,0.750340625,0.19906875000000002,0.050590625,0.15625,0.730621875,0.296875,0.1929875,0.296875,0.04875,0.28125,0.01971875,0.359375,0.00608125,0.390625,0.001840625,0.453125,0.0,0.53125,0.0,0.484375,0.0
uniform_high,64,33,fixed,prediction_error,57,0.9635416666666666,0.4600418871252205,0.4683375046502976,0.6666666666666666,320000,221,3.453125,0.2146600327454492,0.286376953125,10,0.0390625,0.09375,-0.04173533608415518,0.4010416666666667,0.99568125,0.3177083333333333,0.0043187500000000005,0.4010416666666667,0.0,0.52076875,0.32580625,0.153425,0.328125,0.518846875,0.390625,0.32419375,0.484375,0.152640625,0.203125,0.001921875,0.28125,0.0016125,0.46875,0.000784375,0.375,0.0,0.375,0.0,0.453125,0.0
patchy_high,64,33,fixed,prediction_error,55,0.953125,0.4527667548500882,0.4711934802827381,0.6666666666666666,320000,222,3.46875,0.2142031549923596,0.2862548828125,9,0.03515625,0.0625,-0.02216877772746056,0.4010416666666667,0.99558125,0.3072916666666667,0.00441875,0.4010416666666667,0.0,0.506321875,0.331340625,0.1623375,0.4375,0.50421875,0.28125,0.3298125,0.484375,0.16155,0.203125,0.002103125,0.234375,0.001528125,0.484375,0.0007875,0.375,0.0,0.375,0.0,0.453125,0.0
split_high_low,64,33,fixed,prediction_error,56,0.956367480463116,0.4444444444444444,0.36597622302827376,0.6666666666666666,320000,145,2.265625,0.1701443957194868,0.275146484375,8,0.03125,0.0625,-0.05684538973664531,0.2916666666666667,0.9857343749999999,0.3489583333333333,0.014265625,0.4010416666666667,0.0,0.6834437499999999,0.24762499999999998,0.06893125,0.234375,0.675703125,0.203125,0.242609375,0.4375,0.067421875,0.28125,0.007740625,0.3125,0.005015625,0.453125,0.001509375,0.375,0.0,0.375,0.0,0.453125,0.0
uniform_high,64,34,fixed,prediction_error,58,0.96875,0.4788910934744268,0.4795509362599206,0.6666666666666666,320000,214,3.34375,0.21016712081007977,0.27734375,9,0.03515625,0.046875,-0.027476721431405816,0.390625,0.97245625,0.3333333333333333,0.02754375,0.5,0.0,0.534075,0.3247125,0.14121250000000002,0.40625,0.521403125,0.34375,0.315015625,0.421875,0.1360375,0.3125,0.012671875,0.3125,0.009696875,0.375,0.005175,0.46875,0.0,0.484375,0.0,0.546875,0.0
patchy_high,64,34,fixed,prediction_error,59,0.9739583333333334,0.47178130511463845,0.4558509099082342,0.6666666666666666,320000,209,3.265625,0.2105829973303917,0.2830810546875,9,0.03515625,0.03125,-0.0792637280757736,0.3541666666666667,0.9952125,0.3333333333333333,0.004787499999999999,0.5,0.0,0.524059375,0.326615625,0.149325,0.34375,0.52143125,0.3125,0.32514375,0.40625,0.1486375,0.296875,0.002628125,0.3125,0.001471875,0.390625,0.0006875,0.46875,0.0,0.484375,0.0,0.546875,0.0
split_high_low,64,34,fixed,prediction_error,60,0.9791666666666666,0.47778880070546736,0.4366557136656746,0.6666666666666666,320000,194,3.03125,0.19593700943439596,0.23388671875,9,0.03515625,0.0546875,-0.027197079666942472,0.359375,0.96516875,0.375,0.03483125,0.5,0.0,0.6182124999999999,0.2806375,0.10115,0.296875,0.60210625,0.3125,0.2680375,0.46875,0.095025,0.34375,0.01610625,0.34375,0.0126,0.4375,0.006125,0.46875,0.0,0.484375,0.0,0.546875,0.0
uniform_high,64,35,fixed,prediction_error,59,0.9739583333333334,0.44979056437389775,0.43166004464285707,0.6666666666666666,320000,204,3.1875,0.19228734868925496,0.2803955078125,10,0.0390625,0.078125,-0.0028372005463760757,0.3385416666666667,0.995671875,0.28125,0.004328125,0.46875,0.0,0.608221875,0.285334375,0.10644375,0.3125,0.60608125,0.265625,0.283753125,0.4375,0.1058375,0.265625,0.002140625,0.25,0.00158125,0.328125,0.00060625,0.375,0.0,0.5,0.0,0.53125,0.0
patchy_high,64,35,fixed,prediction_error,55,0.953125,0.4573412698412698,0.40419737258184524,0.6666666666666666,320000,191,2.984375,0.19284028980326953,0.290771484375,9,0.03515625,0.0390625,-0.03158708884739672,0.3489583333333333,0.99579375,0.3072916666666667,0.00420625,0.46875,0.0,0.596034375,0.293403125,0.1105625,0.21875,0.593840625,0.390625,0.29195625,0.4375,0.109996875,0.3125,0.00219375,0.28125,0.001446875,0.328125,0.000565625,0.375,0.0,0.5,0.0,0.53125,0.0
split_high_low,64,35,fixed,prediction_error,58,0.96875,0.45717592592592593,0.3895816142733135,0.6666666666666666,320000,166,2.59375,0.17613593797240662,0.2618408203125,10,0.0390625,0.0546875,0.02015401725539635,0.296875,0.970796875,0.34375,0.029203125,0.46875,0.0,0.6727,0.252090625,0.07520937500000001,0.234375,0.652690625,0.296875,0.244621875,0.359375,0.073484375,0.375,0.020009375,0.296875,0.00746875,0.359375,0.001725,0.375,0.0,0.5,0.0,0.53125,0.0
uniform_high,64,36,fixed,prediction_error,53,0.9387766275928987,0.46136463844797176,0.45169208364335317,0.6666666666666666,320000,198,3.09375,0.1980326421673414,0.3094482421875,12,0.046875,0.046875,-0.05793664357714658,0.34375,0.99619375,0.3229166666666667,0.0038062499999999997,0.4947916666666667,0.0,0.5880593749999999,0.29946875,0.112471875,0.40625,0.586375,0.234375,0.298128125,0.390625,0.111690625,0.296875,0.001684375,0.25,0.001340625,0.421875,0.00078125,0.515625,0.0,0.4375,0.0,0.53125,0.0
patchy_high,64,36,fixed,prediction_error,58,0.9667841471297827,0.4603174603174603,0.45766740141369044,0.6666666666666666,320000,177,2.765625,0.18846856819426658,0.263671875,10,0.0390625,0.0703125,-0.011207622204075725,0.3645833333333333,0.9964687499999999,0.296875,0.0035312499999999997,0.4947916666666667,0.0,0.609671875,0.288971875,0.10135625000000001,0.328125,0.608340625,0.359375,0.28755,0.40625,0.100578125,0.25,0.00133125,0.21875,0.001421875,0.421875,0.000778125,0.515625,0.0,0.4375,0.0,0.53125,0.0
split_high_low,64,36,fixed,prediction_error,54,0.9459508137964493,0.45849867724867727,0.3933816731770833,0.6666666666666666,320000,198,3.09375,0.19548450019263547,0.2080078125,8,0.03125,0.0625,0.11668430652345886,0.2760416666666667,0.975059375,0.3697916666666667,0.024940625,0.4947916666666667,0.0,0.586325,0.30119999999999997,0.11247499999999999,0.25,0.57189375,0.265625,0.29333125,0.3125,0.109834375,0.328125,0.01443125,0.328125,0.00786875,0.453125,0.002640625,0.515625,0.0,0.4375,0.0,0.53125,0.0
uniform_high,64,37,fixed,prediction_error,56,0.9583333333333334,0.47260802469135804,0.4610586790054564,0.6666666666666666,320000,217,3.390625,0.20076086436874482,0.253662109375,9,0.03515625,0.078125,0.05055628035374823,0.390625,0.994940625,0.328125,0.0050593750000000005,0.4739583333333333,0.0,0.5668125,0.310728125,0.122459375,0.34375,0.564834375,0.328125,0.30875625,0.5,0.12135,0.296875,0.001978125,0.328125,0.001971875,0.359375,0.001109375,0.546875,0.0,0.46875,0.0,0.40625,0.0
patchy_high,64,37,fixed,prediction_error,62,0.9895833333333334,0.46577380952380953,0.42696919487847224,0.6666666666666666,320000,221,3.453125,0.20487762304726387,0.2760009765625,10,0.0390625,0.03125,0.05305999942988806,0.34375,0.990996875,0.3333333333333333,0.009003125,0.4739583333333333,0.0,0.551571875,0.3149875,0.133440625,0.25,0.548246875,0.390625,0.311428125,0.390625,0.131321875,0.3125,0.003325,0.296875,0.003559375,0.390625,0.00211875,0.546875,0.0,0.46875,0.0,0.40625,0.0
split_high_low,64,37,fixed,prediction_error,58,0.96875,0.4917328042328042,0.49989205419146826,0.6666666666666666,320000,238,3.71875,0.2134868703817363,0.3021240234375,9,0.03515625,0.0390625,-0.004910833607942433,0.453125,0.995575,0.375,0.004425,0.4739583333333333,0.0,0.5116937500000001,0.33128125,0.157025,0.421875,0.5102375,0.453125,0.329478125,0.484375,0.155859375,0.375,0.00145625,0.328125,0.001803125,0.421875,0.001165625,0.546875,0.0,0.46875,0.0,0.40625,0.0
uniform_high,64,38,fixed,prediction_error,54,0.9459508137964493,0.4575066137566137,0.43244642857142856,0.6666666666666666,320000,158,2.46875,0.1746605941169947,0.2760009765625,8,0.03125,0.078125,-0.026358288854050782,0.3541666666666667,0.996459375,0.296875,0.003540625,0.5520833333333334,0.0,0.69946875,0.23281875000000002,0.06771250000000001,0.28125,0.697953125,0.390625,0.2314875,0.390625,0.06701875,0.28125,0.001515625,0.21875,0.00133125,0.390625,0.00069375,0.59375,0.0,0.5625,0.0,0.5,0.0
patchy_high,64,38,fixed,prediction_error,56,0.9544016275928987,0.42972883597883593,0.3145020073784722,0.6666666666666666,320000,143,2.234375,0.16287596124423476,0.2608642578125,9,0.03515625,0.1015625,-0.03219918650286044,0.2760416666666667,0.9966125,0.2916666666666667,0.0033875000000000003,0.5520833333333334,0.0,0.744309375,0.201415625,0.054275000000000004,0.15625,0.7428,0.328125,0.2001625,0.34375,0.05365,0.28125,0.001509375,0.171875,0.001253125,0.421875,0.000625,0.59375,0.0,0.5625,0.0,0.5,0.0
split_high_low,64,38,fixed,prediction_error,57,0.959609960926232,0.44731040564373903,0.3669150545634921,0.6666666666666666,320000,148,2.3125,0.16922732455526596,0.2474365234375,9,0.03515625,0.0859375,0.09730998331841088,0.328125,0.99424375,0.3489583333333333,0.00575625,0.5520833333333334,0.0,0.6886593750000001,0.24788437500000002,0.06345625,0.203125,0.68529375,0.3125,0.2461,0.46875,0.06285,0.296875,0.003365625,0.203125,0.001784375,0.546875,0.00060625,0.59375,0.0,0.5625,0.0,0.5,0.0
uniform_high,64,39,fixed,prediction_error,58,0.96875,0.45645943562610225,0.4065980143229167,0.6666666666666666,320000,236,3.6875,0.202632555632498,0.260986328125,9,0.03515625,0.0625,-0.0033779888400021613,0.3385416666666667,0.995525,0.3020833333333333,0.004475,0.515625,0.0,0.5706,0.30729999999999996,0.1221,0.21875,0.5685125,0.390625,0.305765625,0.40625,0.121246875,0.28125,0.0020875,0.3125,0.001534375,0.3125,0.000853125,0.5625,0.0,0.4375,0.0,0.546875,0.0
patchy_high,64,39,fixed,prediction_error,60,0.9791666666666666,0.4594907407407407,0.4345620008680555,0.6666666666666666,320000,242,3.78125,0.2050934395671472,0.2830810546875,8,0.03125,0.0625,-0.07614845521878133,0.3385416666666667,0.995678125,0.3177083333333333,0.004321875,0.515625,0.0,0.5762906250000001,0.30581875,0.117890625,0.34375,0.574346875,0.234375,0.30426875,0.4375,0.1170625,0.3125,0.00194375,0.265625,0.00155,0.375,0.000828125,0.5625,0.0,0.4375,0.0,0.546875,0.0
split_high_low,64,39,fixed,prediction_error,54,0.9459508137964493,0.46996252204585537,0.40198937406994045,0.6666666666666666,320000,206,3.21875,0.18901457661022136,0.26904296875,8,0.03125,0.0390625,-0.0069594218832619275,0.328125,0.9957968749999999,0.3697916666666667,0.004203125,0.515625,0.0,0.6105468749999999,0.28958125,0.09987187500000001,0.234375,0.6088625,0.328125,0.2878875,0.421875,0.099046875,0.375,0.001684375,0.34375,0.00169375,0.390625,0.000825,0.5625,0.0,0.4375,0.0,0.546875,0.0
uniform_high,64,40,fixed,prediction_error,55,0.9479166666666666,0.4712301587301587,0.41814529389880956,0.6666666666666666,320000,163,2.546875,0.19652839839472996,0.2164306640625,8,0.03125,0.046875,-0.001547783408251324,0.328125,0.995409375,0.3697916666666667,0.004590625,0.4791666666666667,0.0,0.604225,0.287896875,0.10787812499999999,0.265625,0.602590625,0.3125,0.286096875,0.40625,0.106721875,0.328125,0.001634375,0.34375,0.0018,0.4375,0.00115625,0.4375,0.0,0.46875,0.0,0.53125,0.0
patchy_high,64,40,fixed,prediction_error,59,0.9739583333333334,0.4587742504409171,0.39945824187748014,0.6666666666666666,320000,176,2.75,0.20092693872492878,0.230224609375,8,0.03125,0.1015625,-0.059367401478399695,0.3229166666666667,0.995975,0.34375,0.004025,0.4791666666666667,0.0,0.59223125,0.295015625,0.112753125,0.265625,0.5907375,0.234375,0.293475,0.46875,0.1117625,0.265625,0.00149375,0.34375,0.001540625,0.421875,0.000990625,0.4375,0.0,0.46875,0.0,0.53125,0.0
split_high_low,64,40,fixed,prediction_error,57,0.9635416666666666,0.47971781305114636,0.4149676292782738,0.6666666666666666,320000,156,2.4375,0.18585214182813342,0.2430419921875,8,0.03125,0.078125,-0.03137279025690793,0.359375,0.995365625,0.390625,0.0046343750000000005,0.4791666666666667,0.0,0.61645625,0.282340625,0.101203125,0.234375,0.61479375,0.421875,0.280634375,0.421875,0.0999375,0.375,0.0016625,0.390625,0.00170625,0.40625,0.001265625,0.4375,0.0,0.46875,0.0,0.53125,0.0
uniform_high,64,41,fixed,prediction_error,57,0.9615758137964493,0.4686397707231041,0.4687337627108135,0.6666666666666666,320000,246,3.84375,0.2076177504477857,0.251708984375,9,0.03515625,0.0390625,0.07738123725938863,0.3645833333333333,0.996321875,0.3177083333333333,0.003678125,0.5625,0.0,0.543590625,0.32262500000000005,0.133784375,0.359375,0.541959375,0.359375,0.32120625,0.375,0.13315625,0.3125,0.00163125,0.265625,0.00141875,0.375,0.000628125,0.59375,0.0,0.546875,0.0,0.546875,0.0
patchy_high,64,41,fixed,prediction_error,56,0.9469673750609369,0.4514440035273368,0.39684802982390865,0.6666666666666666,320000,232,3.625,0.20248713539543284,0.272216796875,12,0.046875,0.0390625,-0.07372602728010007,0.296875,0.9963875,0.3229166666666667,0.0036125,0.5625,0.0,0.5650531249999999,0.309428125,0.12551875,0.21875,0.5634125,0.375,0.30803125,0.296875,0.12494375,0.296875,0.001640625,0.28125,0.001396875,0.390625,0.000575,0.59375,0.0,0.546875,0.0,0.546875,0.0
split_high_low,64,41,fixed,prediction_error,59,0.96875,0.47503306878306883,0.45584613560267856,0.6666666666666666,320000,236,3.6875,0.20119816078159622,0.275390625,9,0.03515625,0.0859375,-0.0404603027682583,0.3802083333333333,0.9810749999999999,0.34375,0.018925,0.5625,0.0,0.584221875,0.30003749999999996,0.115740625,0.3125,0.572478125,0.375,0.29488125,0.453125,0.113715625,0.296875,0.01174375,0.328125,0.00515625,0.40625,0.002025,0.59375,0.0,0.546875,0.0,0.546875,0.0
uniform_high,64,42,fixed,prediction_error,57,0.9615758137964493,0.4363977072310406,0.3178505316840277,0.6666666666666666,320000,163,2.546875,0.1846142964508796,0.2869873046875,8,0.03125,0.0546875,-0.06492127364386936,0.296875,0.996203125,0.296875,0.003796875,0.4479166666666667,0.0,0.635471875,0.275621875,0.08890625,0.140625,0.634109375,0.296875,0.27415625,0.453125,0.0879375,0.359375,0.0013625,0.28125,0.001465625,0.25,0.00096875,0.390625,0.0,0.453125,0.0,0.5,0.0
patchy_high,64,42,fixed,prediction_error,55,0.953125,0.43683862433862436,0.3429325954861111,0.6666666666666666,320000,161,2.515625,0.18208592263614115,0.263916015625,9,0.03515625,0.0859375,0.017651240465981145,0.2604166666666667,0.996015625,0.3125,0.003984375,0.4479166666666667,0.0,0.632203125,0.27436875,0.093428125,0.203125,0.630659375,0.203125,0.2728875,0.375,0.09246875,0.34375,0.00154375,0.328125,0.00148125,0.265625,0.000959375,0.390625,0.0,0.453125,0.0,0.5,0.0
split_high_low,64,42,fixed,prediction_error,56,0.956367480463116,0.46941137566137564,0.44941957310267855,0.6666666666666666,320000,161,2.515625,0.18128990116211058,0.231689453125,9,0.03515625,0.078125,-0.13792311690952036,0.3177083333333333,0.995615625,0.3645833333333333,0.004384374999999999,0.4479166666666667,0.0,0.63879375,0.267759375,0.09344687500000001,0.34375,0.63695,0.3125,0.266175,0.296875,0.092490625,0.375,0.00184375,0.375,0.001584375,0.34375,0.00095625,0.390625,0.0,0.453125,0.0,0.5,0.0
uniform_high,64,43,fixed,prediction_error,54,0.9459508137964493,0.45557760141093473,0.3836924572172619,0.6666666666666666,320000,148,2.3125,0.17830307861183506,0.25048828125,8,0.03125,0.03125,-0.05858351120815794,0.3020833333333333,0.996265625,0.328125,0.003734375,0.4635416666666667,0.0,0.695146875,0.23756562499999997,0.0672875,0.234375,0.69373125,0.28125,0.23611875,0.390625,0.066415625,0.3125,0.001415625,0.34375,0.001446875,0.328125,0.000871875,0.484375,0.0,0.390625,0.0,0.515625,0.0
patchy_high,64,43,fixed,prediction_error,55,0.953125,0.44130291005291006,0.3707903273809523,0.6666666666666666,320000,149,2.328125,0.17550452786351428,0.2391357421875,9,0.03515625,0.0625,-0.010589311899309303,0.265625,0.9961374999999999,0.3072916666666667,0.0038625,0.4635416666666667,0.0,0.6916625,0.2359875,0.07235,0.234375,0.6901625,0.234375,0.2345,0.328125,0.071475,0.296875,0.0015,0.296875,0.0014875,0.328125,0.000875,0.484375,0.0,0.390625,0.0,0.515625,0.0
split_high_low,64,43,fixed,prediction_error,52,0.9322916666666666,0.45199514991181655,0.35836582806299605,0.6666666666666666,320000,157,2.453125,0.18293765200065226,0.2242431640625,8,0.03125,0.1015625,-0.027669746736355888,0.2708333333333333,0.99379375,0.3541666666666667,0.00620625,0.4635416666666667,0.0,0.6785,0.248621875,0.072878125,0.203125,0.675534375,0.28125,0.2465125,0.328125,0.071746875,0.296875,0.002965625,0.40625,0.002109375,0.359375,0.00113125,0.484375,0.0,0.390625,0.0,0.515625,0.0
uniform_high,64,44,fixed,prediction_error,57,0.9635416666666666,0.4592151675485009,0.39902635013640875,0.6666666666666666,320000,215,3.359375,0.18985207957283512,0.265380859375,8,0.03125,0.03125,-0.007250232520951214,0.328125,0.996140625,0.34375,0.003859375,0.4947916666666667,0.0,0.653709375,0.263590625,0.0827,0.25,0.652015625,0.28125,0.262115625,0.453125,0.082009375,0.390625,0.00169375,0.234375,0.001475,0.40625,0.000690625,0.53125,0.0,0.546875,0.0,0.40625,0.0
patchy_high,64,44,fixed,prediction_error,58,0.9667841471297827,0.45893959435626097,0.4016430927579365,0.6666666666666666,320000,212,3.3125,0.18689066026619292,0.229736328125,9,0.03515625,0.0625,-0.056134942189241616,0.3333333333333333,0.99613125,0.3333333333333333,0.0038687500000000002,0.4947916666666667,0.0,0.66405,0.258403125,0.077546875,0.25,0.66256875,0.296875,0.25680625,0.453125,0.07675625,0.40625,0.00148125,0.234375,0.001596875,0.359375,0.000790625,0.53125,0.0,0.546875,0.0,0.40625,0.0
split_high_low,64,44,fixed,prediction_error,56,0.956367480463116,0.4675925925925926,0.4357967401413691,0.6666666666666666,320000,238,3.71875,0.2077355902297634,0.27783203125,10,0.0390625,0.0703125,-0.10311272702493672,0.375,0.9819156250000001,0.3489583333333333,0.018084375,0.4947916666666667,0.0,0.5452125000000001,0.32244375000000003,0.13234374999999998,0.28125,0.536184375,0.328125,0.31645,0.515625,0.12928125,0.453125,0.009028125,0.25,0.00599375,0.34375,0.0030625,0.53125,0.0,0.546875,0.0,0.40625,0.0
uniform_high,64,45,fixed,prediction_error,54,0.9459508137964493,0.4361221340388007,0.3448448645213294,0.6666666666666666,320000,213,3.328125,0.19677941219340786,0.2225341796875,8,0.03125,0.0390625,0.0481797347514856,0.2760416666666667,0.9957250000000001,0.3072916666666667,0.004275,0.5052083333333334,0.0,0.6000531250000001,0.295065625,0.10488125,0.1875,0.598215625,0.234375,0.293390625,0.40625,0.10411875,0.265625,0.0018375,0.21875,0.001675,0.4375,0.0007625,0.5,0.0,0.546875,0.0,0.46875,0.0
patchy_high,64,45,fixed,prediction_error,55,0.9511591471297827,0.45430996472663143,0.43000838913690476,0.6666666666666666,320000,217,3.390625,0.19996382052485,0.2265625,8,0.03125,0.0625,-0.0015396499874269257,0.3072916666666667,0.99583125,0.3072916666666667,0.00416875,0.5052083333333334,0.0,0.575090625,0.303209375,0.1217,0.3125,0.573271875,0.28125,0.301653125,0.328125,0.12090625,0.265625,0.00181875,0.265625,0.00155625,0.390625,0.00079375,0.5,0.0,0.546875,0.0,0.46875,0.0
split_high_low,64,45,fixed,prediction_error,57,0.9615758137964493,0.4777336860670194,0.4331058547247023,0.6666666666666666,320000,193,3.015625,0.18947500695007571,0.232177734375,9,0.03515625,0.0859375,-0.09551226675482699,0.390625,0.985934375,0.3645833333333333,0.014065625000000002,0.5052083333333334,0.0,0.6101375,0.28407812499999996,0.105784375,0.265625,0.602609375,0.390625,0.279140625,0.515625,0.104184375,0.34375,0.007528125,0.3125,0.0049375,0.4375,0.0016,0.5,0.0,0.546875,0.0,0.46875,0.0
uniform_high,64,46,fixed,prediction_error,56,0.956367480463116,0.45524691358024694,0.40099839409722215,0.6666666666666666,320000,184,2.875,0.18951968877217706,0.2738037109375,10,0.0390625,0.09375,-0.18896976715332695,0.3177083333333333,0.9961124999999998,0.3072916666666667,0.0038875,0.4895833333333333,0.0,0.6190781249999999,0.279253125,0.10166875,0.25,0.6174,0.28125,0.277803125,0.421875,0.100909375,0.328125,0.001678125,0.3125,0.00145,0.28125,0.000759375,0.4375,0.0,0.515625,0.0,0.515625,0.0
patchy_high,64,46,fixed,prediction_error,53,0.9313423750609369,0.4500110229276896,0.3740400623139881,0.6666666666666666,320000,172,2.6875,0.18746201869936893,0.2589111328125,8,0.03125,0.0703125,-0.049752874551845606,0.3125,0.9960125000000001,0.3072916666666667,0.0039875,0.4895833333333333,0.0,0.64244375,0.27268125,0.084875,0.21875,0.640628125,0.265625,0.27118125,0.453125,0.084203125,0.359375,0.001815625,0.265625,0.0015,0.296875,0.000671875,0.4375,0.0,0.515625,0.0,0.515625,0.0
split_high_low,64,46,fixed,prediction_error,56,0.9583333333333334,0.4640652557319224,0.4307253007192461,0.6666666666666666,320000,189,2.953125,0.19884302951517324,0.2520751953125,7,0.02734375,0.0625,-0.10236305186284131,0.3125,0.9792281250000001,0.3333333333333333,0.020771875,0.4895833333333333,0.0,0.60235,0.2916625,0.1059875,0.296875,0.5887875,0.3125,0.285759375,0.328125,0.10468125,0.34375,0.0135625,0.3125,0.005903125,0.34375,0.00130625,0.4375,0.0,0.515625,0.0,0.515625,0.0
uniform_high,64,47,fixed,prediction_error,58,0.96875,0.4607583774250441,0.39393063306051596,0.6666666666666666,320000,173,2.703125,0.17635133614860293,0.2884521484375,9,0.03515625,0.078125,0.06914588399026199,0.3333333333333333,0.996078125,0.328125,0.003921875,0.5364583333333334,0.0,0.69306875,0.23509062500000003,0.07184062499999999,0.234375,0.69140625,0.328125,0.2335,0.4375,0.071171875,0.265625,0.0016625,0.3125,0.001590625,0.40625,0.00066875,0.546875,0.0,0.5,0.0,0.5625,0.0
patchy_high,64,47,fixed,prediction_error,57,0.9615758137964493,0.44742063492063494,0.36006606832837296,0.6666666666666666,320000,177,2.765625,0.18201090842481127,0.2760009765625,12,0.046875,0.0625,-0.041591115078369295,0.2916666666666667,0.995803125,0.3385416666666667,0.004196875,0.5364583333333334,0.0,0.664159375,0.25317812500000003,0.0826625,0.21875,0.6622375,0.21875,0.251521875,0.4375,0.08204375,0.25,0.001921875,0.3125,0.00165625,0.453125,0.00061875,0.546875,0.0,0.5,0.0,0.5625,0.0
split_high_low,64,47,fixed,prediction_error,55,0.9479166666666666,0.44323192239858905,0.2956000852554564,0.6666666666666666,320000,168,2.625,0.1704004157119101,0.2589111328125,10,0.0390625,0.0546875,0.04012861769525639,0.265625,0.9823,0.3541666666666667,0.0177,0.5364583333333334,0.0,0.7170687499999999,0.220784375,0.062146875,0.140625,0.705196875,0.265625,0.2159125,0.390625,0.061190625,0.25,0.011871875,0.359375,0.004871875,0.453125,0.00095625,0.546875,0.0,0.5,0.0,0.5625,0.0
uniform_high,64,48,fixed,prediction_error,53,0.9387766275928987,0.45656966490299816,0.36158335038442463,0.6666666666666666,320000,151,2.359375,0.169453652892397,0.2271728515625,11,0.04296875,0.0625,-0.042460388780422346,0.3177083333333333,0.9963562499999999,0.3854166666666667,0.0036437500000000003,0.5260416666666666,0.0,0.713125,0.222965625,0.06390937499999999,0.21875,0.71189375,0.234375,0.221425,0.5,0.0630375,0.359375,0.00123125,0.28125,0.001540625,0.515625,0.000871875,0.5625,0.0,0.5625,0.0,0.453125,0.0
patchy_high,64,48,fixed,prediction_error,57,0.9615758137964493,0.44179894179894186,0.2973117916046627,0.6666666666666666,320000,130,2.03125,0.16580302760697332,0.2628173828125,9,0.03515625,0.0625,-0.006229189686412928,0.2916666666666667,0.9962906250000001,0.3489583333333333,0.003709375,0.5260416666666666,0.0,0.723725,0.21259375,0.06368125,0.140625,0.72218125,0.28125,0.21110625,0.453125,0.063003125,0.296875,0.00154375,0.25,0.0014875,0.5,0.000678125,0.5625,0.0,0.5625,0.0,0.453125,0.0
split_high_low,64,48,fixed,prediction_error,58,0.9667841471297827,0.47536375661375657,0.4064400080605159,0.6666666666666666,320000,183,2.859375,0.1911386468276931,0.3184814453125,11,0.04296875,0.046875,-0.07509278987997295,0.359375,0.9944875,0.4010416666666667,0.0055125,0.5260416666666666,0.0,0.59756875,0.28968125,0.11275,0.21875,0.59523125,0.40625,0.287578125,0.453125,0.111678125,0.34375,0.0023375,0.359375,0.002103125,0.5,0.001071875,0.5625,0.0,0.5625,0.0,0.453125,0.0
uniform_high,64,49,fixed,prediction_error,58,0.9667841471297827,0.4377755731922398,0.4556590107266865,0.6666666666666666,320000,195,3.046875,0.21022313984009977,0.29736328125,13,0.05078125,0.0859375,-0.0526604067246548,0.375,0.996521875,0.24479166666666666,0.003478125,0.4479166666666667,0.0,0.5352374999999999,0.321940625,0.14282187500000001,0.3125,0.533546875,0.359375,0.3207,0.453125,0.142275,0.1875,0.001690625,0.15625,0.001240625,0.390625,0.000546875,0.4375,0.0,0.546875,0.0,0.359375,0.0
patchy_high,64,49,fixed,prediction_error,52,0.9335682942595653,0.44025573192239853,0.45548923766121036,0.6666666666666666,320000,209,3.265625,0.21691491591842804,0.3416748046875,10,0.0390625,0.140625,-0.12887887361284334,0.3802083333333333,0.996478125,0.2552083333333333,0.003521875,0.4479166666666667,0.0,0.493840625,0.335559375,0.1706,0.3125,0.492165625,0.34375,0.33425,0.484375,0.1700625,0.1875,0.001675,0.171875,0.001309375,0.40625,0.0005375,0.4375,0.0,0.546875,0.0,0.359375,0.0
split_high_low,64,49,fixed,prediction_error,52,0.9355341471297827,0.4505070546737213,0.4304082217261904,0.6666666666666666,320000,209,3.265625,0.21654672896922403,0.2813720703125,8,0.03125,0.0703125,-0.029346813987143866,0.3333333333333333,0.978428125,0.3125,0.021571875,0.4479166666666667,0.0,0.49829062500000004,0.340928125,0.16078125,0.296875,0.487915625,0.28125,0.333196875,0.421875,0.157315625,0.296875,0.010375,0.203125,0.00773125,0.4375,0.003465625,0.4375,0.0,0.546875,0.0,0.359375,0.0
uniform_high,64,50,fixed,prediction_error,55,0.953125,0.41826499118165783,0.08179215184771826,0.6666666666666666,320000,57,0.890625,0.10090928881283501,0.2545166015625,9,0.03515625,0.0625,0.014600061467252077,0.203125,0.9965625,0.390625,0.0034375,0.4947916666666667,0.0,0.92691875,0.06452187499999999,0.008559375,0.03125,0.925715625,0.1875,0.063221875,0.390625,0.007625,0.5,0.001203125,0.28125,0.0013,0.390625,0.000934375,0.53125,0.0,0.53125,0.0,0.421875,0.0
patchy_high,64,50,fixed,prediction_error,56,0.956367480463116,0.43386243386243384,0.13996499720982142,0.6666666666666666,320000,58,0.90625,0.10134485677266952,0.3052978515625,10,0.0390625,0.078125,0.052555954440255195,0.234375,0.996003125,0.40625,0.0039968749999999996,0.4947916666666667,0.0,0.9262187500000001,0.065065625,0.008715625,0.0625,0.92456875,0.25,0.063665625,0.390625,0.00776875,0.53125,0.00165,0.296875,0.0014,0.390625,0.000946875,0.53125,0.0,0.53125,0.0,0.421875,0.0
split_high_low,64,50,fixed,prediction_error,60,0.9772008137964493,0.46456128747795417,0.3632850725446428,0.6666666666666666,320000,131,2.046875,0.15510975657187193,0.2581787109375,9,0.03515625,0.0546875,-0.009612209589387188,0.2864583333333333,0.978959375,0.453125,0.021040624999999997,0.4947916666666667,0.0,0.75024375,0.20118124999999998,0.048575,0.21875,0.736109375,0.25,0.1961375,0.390625,0.0467125,0.5,0.014134375,0.328125,0.00504375,0.53125,0.0018625,0.53125,0.0,0.53125,0.0,0.421875,0.0
uniform_high,64,51,fixed,prediction_error,54,0.9459508137964493,0.43529541446208114,0.41792916821676585,0.6666666666666666,320000,287,4.484375,0.2146814542798463,0.2525634765625,9,0.03515625,0.0625,-0.042818849492054036,0.2916666666666667,0.9953531250000001,0.265625,0.004646875,0.5052083333333334,0.0,0.502703125,0.335725,0.161571875,0.328125,0.501075,0.234375,0.33385,0.3125,0.160428125,0.296875,0.001628125,0.171875,0.001875,0.328125,0.00114375,0.5625,0.0,0.515625,0.0,0.4375,0.0
patchy_high,64,51,fixed,prediction_error,53,0.9427083333333334,0.45601851851851855,0.4193247442336309,0.6666666666666666,320000,270,4.21875,0.21027348674507262,0.243896484375,8,0.03125,0.0546875,-0.002966069808877617,0.3229166666666667,0.9953156249999999,0.3072916666666667,0.004684375,0.5052083333333334,0.0,0.536075,0.32131562500000005,0.142609375,0.25,0.534459375,0.34375,0.31946875,0.375,0.1413875,0.296875,0.001615625,0.25,0.001846875,0.375,0.001221875,0.5625,0.0,0.515625,0.0,0.4375,0.0
split_high_low,64,51,fixed,prediction_error,55,0.9511591471297827,0.4662147266313933,0.4703236467633929,0.6666666666666666,320000,289,4.515625,0.21764713738813873,0.2532958984375,7,0.02734375,0.0703125,0.0,0.359375,0.990884375,0.3072916666666667,0.009115625,0.5052083333333334,0.0,0.493975,0.34404687500000003,0.161978125,0.390625,0.4891,0.34375,0.3412875,0.34375,0.160496875,0.265625,0.004875,0.296875,0.002759375,0.359375,0.00148125,0.5625,0.0,0.515625,0.0,0.4375,0.0
uniform_high,64,52,fixed,prediction_error,60,0.9791666666666666,0.4651124338624339,0.43764647972470244,0.6666666666666666,320000,222,3.46875,0.1910475318604959,0.2872314453125,9,0.03515625,0.0625,0.013719127169390088,0.34375,0.9956281250000001,0.34375,0.004371875,0.484375,0.0,0.60995,0.28790000000000004,0.10215,0.296875,0.608025,0.328125,0.28624375,0.40625,0.101359375,0.328125,0.001925,0.25,0.00165625,0.453125,0.000790625,0.46875,0.0,0.578125,0.0,0.40625,0.0
patchy_high,64,52,fixed,prediction_error,53,0.940742480463116,0.4500110229276896,0.39603000062003973,0.6666666666666666,320000,207,3.234375,0.18605110871128508,0.298095703125,9,0.03515625,0.0703125,-0.0033541442372498186,0.2916666666666667,0.9958312500000001,0.34375,0.00416875,0.484375,0.0,0.642415625,0.265734375,0.09185,0.25,0.640803125,0.28125,0.2641,0.34375,0.090928125,0.375,0.0016125,0.203125,0.001634375,0.453125,0.000921875,0.46875,0.0,0.578125,0.0,0.40625,0.0
split_high_low,64,52,fixed,prediction_error,59,0.971992480463116,0.47795414462081126,0.47356571955605165,0.6666666666666666,320000,240,3.75,0.20427997592666167,0.239501953125,8,0.03125,0.046875,0.03988069912194577,0.3645833333333333,0.9912281250000001,0.3802083333333333,0.008771875,0.484375,0.0,0.5273062500000001,0.33320625000000004,0.13948750000000001,0.375,0.52313125,0.375,0.33,0.34375,0.138096875,0.359375,0.004175,0.296875,0.00320625,0.484375,0.001390625,0.46875,0.0,0.578125,0.0,0.40625,0.0
uniform_high,64,53,fixed,prediction_error,55,0.953125,0.45568783068783075,0.41538010602678566,0.6666666666666666,320000,201,3.140625,0.20043561142239652,0.253662109375,8,0.03125,0.0625,0.08914587752912739,0.3697916666666667,0.995728125,0.3020833333333333,0.004271875,0.4947916666666667,0.0,0.585884375,0.296446875,0.11766874999999999,0.25,0.58428125,0.328125,0.294775,0.53125,0.116671875,0.3125,0.001603125,0.203125,0.001671875,0.390625,0.000996875,0.5,0.0,0.53125,0.0,0.453125,0.0
patchy_high,64,53,fixed,prediction_error,59,0.9739583333333334,0.47354497354497355,0.45797160528273806,0.6666666666666666,320000,201,3.140625,0.20014948514842446,0.2857666015625,8,0.03125,0.0625,-0.0303929309239497,0.3802083333333333,0.995978125,0.3333333333333333,0.004021875,0.4947916666666667,0.0,0.582196875,0.30109687500000004,0.11670625,0.3125,0.58065,0.390625,0.299534375,0.4375,0.11579375,0.390625,0.001546875,0.234375,0.0015625,0.375,0.0009125,0.5,0.0,0.53125,0.0,0.453125,0.0
split_high_low,64,53,fixed,prediction_error,63,0.9947916666666666,0.4786155202821869,0.4529014322916667,0.6666666666666666,320000,211,3.296875,0.208514573705186,0.2637939453125,10,0.0390625,0.0546875,-0.09412106996421916,0.375,0.985671875,0.359375,0.014328124999999999,0.4947916666666667,0.0,0.552390625,0.3181625,0.12944687500000002,0.296875,0.5439625,0.390625,0.313853125,0.4375,0.12785625,0.34375,0.008428125,0.296875,0.004309375,0.4375,0.001590625,0.5,0.0,0.53125,0.0,0.453125,0.0
uniform_high,64,54,fixed,prediction_error,55,0.953125,0.43364197530864196,0.2638306299603175,0.6666666666666666,320000,109,1.703125,0.1576909458244679,0.2979736328125,11,0.04296875,0.0390625,-0.006955186050933215,0.21875,0.996609375,0.3489583333333333,0.003390625,0.515625,0.0,0.7635156249999999,0.191340625,0.045143749999999996,0.125,0.762159375,0.265625,0.19001875,0.265625,0.04443125,0.3125,0.00135625,0.34375,0.001321875,0.390625,0.0007125,0.578125,0.0,0.5,0.0,0.46875,0.0
patchy_high,64,54,fixed,prediction_error,55,0.953125,0.44146825396825395,0.2958399460565476,0.6666666666666666,320000,109,1.703125,0.15706613593807828,0.2630615234375,9,0.03515625,0.0703125,0.006038269183550503,0.2604166666666667,0.9964000000000001,0.3385416666666667,0.0036000000000000003,0.515625,0.0,0.768725,0.187028125,0.044246875000000005,0.15625,0.76705625,0.234375,0.1857625,0.390625,0.04358125,0.265625,0.00166875,0.359375,0.001265625,0.390625,0.000665625,0.578125,0.0,0.5,0.0,0.46875,0.0
split_high_low,64,54,fixed,prediction_error,55,0.9459508137964493,0.4386022927689594,0.2767546177455357,0.6666666666666666,320000,116,1.8125,0.16054908183238584,0.287109375,9,0.03515625,0.0859375,-0.06767131875428202,0.24479166666666666,0.9945375000000001,0.3541666666666667,0.0054624999999999995,0.515625,0.0,0.7358218750000001,0.20966875000000001,0.054509375000000006,0.140625,0.733115625,0.203125,0.207709375,0.390625,0.0537125,0.328125,0.00270625,0.3125,0.001959375,0.421875,0.000796875,0.578125,0.0,0.5,0.0,0.46875,0.0
uniform_high,64,55,fixed,prediction_error,53,0.9387766275928987,0.4507826278659612,0.43056346726190475,0.6666666666666666,320000,162,2.53125,0.18512599613268388,0.272216796875,9,0.03515625,0.046875,0.025982758041243472,0.3333333333333333,0.9964375,0.28125,0.0035625,0.5260416666666666,0.0,0.6162500000000001,0.283940625,0.099809375,0.28125,0.6148375,0.34375,0.28255,0.375,0.09905,0.28125,0.0014125,0.1875,0.001390625,0.375,0.000759375,0.5,0.0,0.5625,0.0,0.515625,0.0
patchy_high,64,55,fixed,prediction_error,54,0.9459508137964493,0.4473655202821869,0.41684328187003966,0.6666666666666666,320000,162,2.53125,0.18639536812870358,0.253662109375,8,0.03125,0.078125,-0.0699196385968814,0.328125,0.99619375,0.2760416666666667,0.0038062499999999997,0.5260416666666666,0.0,0.615953125,0.28596875,0.098078125,0.265625,0.614253125,0.3125,0.284553125,0.40625,0.0973875,0.28125,0.0017,0.1875,0.001415625,0.359375,0.000690625,0.5,0.0,0.5625,0.0,0.515625,0.0
split_high_low,64,55,fixed,prediction_error,56,0.956367480463116,0.45772707231040566,0.43330741257440475,0.6666666666666666,320000,191,2.984375,0.20136773198340072,0.2677001953125,10,0.0390625,0.09375,-0.019215346110327377,0.328125,0.97315,0.3072916666666667,0.02685,0.5260416666666666,0.0,0.57274375,0.30805937499999997,0.11919687500000001,0.296875,0.5561125,0.3125,0.30074375,0.375,0.11629375,0.265625,0.01663125,0.25,0.007315625,0.40625,0.002903125,0.5,0.0,0.5625,0.0,0.515625,0.0
uniform_high,64,56,fixed,prediction_error,52,0.9375,0.44681437389770723,0.40532426370287694,0.6666666666666666,320000,133,2.078125,0.15551620997462642,0.3209228515625,10,0.0390625,0.0703125,-0.09070015750209581,0.2916666666666667,0.9964875000000001,0.296875,0.0035125,0.4479166666666667,0.0,0.761159375,0.189984375,0.048856250000000004,0.265625,0.759803125,0.3125,0.18856875,0.296875,0.048115625,0.25,0.00135625,0.328125,0.001415625,0.3125,0.000740625,0.421875,0.0,0.421875,0.0,0.5,0.0
patchy_high,64,56,fixed,prediction_error,61,0.984375,0.43446869488536155,0.2718614040798611,0.6666666666666666,320000,156,2.4375,0.16279788183926006,0.32177734375,10,0.0390625,0.0546875,0.0027194715201566515,0.3072916666666667,0.996328125,0.2916666666666667,0.003671875,0.4479166666666667,0.0,0.7272375,0.215515625,0.057246874999999996,0.109375,0.725709375,0.34375,0.21414375,0.46875,0.056475,0.234375,0.001528125,0.328125,0.001371875,0.3125,0.000771875,0.421875,0.0,0.421875,0.0,0.5,0.0
split_high_low,64,56,fixed,prediction_error,58,0.96875,0.45194003527336857,0.3672498635912698,0.6666666666666666,320000,150,2.34375,0.1626260195653787,0.313232421875,8,0.03125,0.078125,-0.03408057185734589,0.3177083333333333,0.9542531249999999,0.3177083333333333,0.045746875,0.4479166666666667,0.0,0.7437406249999999,0.212709375,0.04355,0.203125,0.713859375,0.359375,0.199959375,0.390625,0.040434375,0.265625,0.02988125,0.421875,0.01275,0.265625,0.003115625,0.421875,0.0,0.421875,0.0,0.5,0.0
uniform_high,64,57,fixed,prediction_error,57,0.9615758137964493,0.4617504409171076,0.4315316545758928,0.6666666666666666,320000,200,3.125,0.19707554277105357,0.263671875,8,0.03125,0.0625,-0.0810395703210434,0.3020833333333333,0.995440625,0.34375,0.004559375,0.4583333333333333,0.0,0.5884406249999999,0.295209375,0.11635000000000001,0.3125,0.586803125,0.296875,0.2934,0.296875,0.1152375,0.34375,0.0016375,0.328125,0.001809375,0.359375,0.0011125,0.421875,0.0,0.421875,0.0,0.53125,0.0
patchy_high,64,57,fixed,prediction_error,57,0.9635416666666666,0.47288359788359785,0.45411571645585314,0.6666666666666666,320000,215,3.359375,0.19779840332102497,0.238037109375,8,0.03125,0.0703125,0.006184547763793948,0.3541666666666667,0.9954375,0.34375,0.0045625,0.4583333333333333,0.0,0.588621875,0.30080937500000005,0.11056875000000001,0.3125,0.586859375,0.390625,0.29905625,0.359375,0.109521875,0.375,0.0017625,0.3125,0.001753125,0.34375,0.001046875,0.421875,0.0,0.421875,0.0,0.53125,0.0
split_high_low,64,57,fixed,prediction_error,58,0.9667841471297827,0.45408950617283944,0.366267683531746,0.6666666666666666,320000,141,2.203125,0.16295563941648258,0.277587890625,9,0.03515625,0.0546875,-0.024978027439089574,0.265625,0.995671875,0.375,0.004328125,0.4583333333333333,0.0,0.746346875,0.20246874999999998,0.051184375,0.234375,0.744346875,0.21875,0.201034375,0.34375,0.050290625,0.375,0.002,0.328125,0.001434375,0.421875,0.00089375,0.421875,0.0,0.421875,0.0,0.53125,0.0
uniform_high,64,58,fixed,prediction_error,56,0.956367480463116,0.4470348324514991,0.3433804222470238,0.6666666666666666,320000,178,2.78125,0.18891928437497568,0.226806640625,9,0.03515625,0.0859375,-0.0977636171600197,0.2604166666666667,0.98484375,0.3489583333333333,0.015156249999999998,0.5104166666666666,0.0,0.645628125,0.264921875,0.08944999999999999,0.1875,0.63724375,0.25,0.26034375,0.34375,0.08725625,0.34375,0.008384375,0.34375,0.004578125,0.359375,0.00219375,0.5625,0.0,0.40625,0.0,0.5625,0.0
patchy_high,64,58,fixed,prediction_error,56,0.9583333333333334,0.459049823633157,0.39489936600942466,0.6666666666666666,320000,183,2.859375,0.19269270668391159,0.25439453125,8,0.03125,0.09375,-0.1505458254875407,0.3177083333333333,0.9910781249999999,0.3333333333333333,0.008921875000000001,0.5104166666666666,0.0,0.614340625,0.284615625,0.10104374999999999,0.21875,0.610178125,0.359375,0.281615625,0.375,0.099284375,0.359375,0.0041625,0.296875,0.003,0.34375,0.001759375,0.5625,0.0,0.40625,0.0,0.5625,0.0
split_high_low,64,58,fixed,prediction_error,59,0.9739583333333334,0.46456128747795417,0.3703926075768849,0.6666666666666666,320000,143,2.234375,0.16997707831255496,0.2564697265625,8,0.03125,0.046875,-0.15456997143529283,0.3020833333333333,0.951640625,0.390625,0.04835937500000001,0.5104166666666666,0.0,0.67843125,0.24414375,0.07742500000000001,0.203125,0.6428,0.296875,0.234034375,0.40625,0.07480625,0.375,0.03563125,0.375,0.010109375,0.421875,0.00261875,0.5625,0.0,0.40625,0.0,0.5625,0.0
uniform_high,64,59,fixed,prediction_error,59,0.9739583333333334,0.4523258377425044,0.4047400886656747,0.6666666666666666,320000,185,2.890625,0.19278143390193347,0.260009765625,8,0.03125,0.03125,0.05638584032567285,0.3072916666666667,0.9959656250000001,0.3177083333333333,0.004034375,0.4427083333333333,0.0,0.6275281250000001,0.272621875,0.09985000000000001,0.25,0.625834375,0.3125,0.271059375,0.359375,0.099071875,0.234375,0.00169375,0.296875,0.0015625,0.421875,0.000778125,0.421875,0.0,0.4375,0.0,0.46875,0.0
patchy_high,64,59,fixed,prediction_error,54,0.943984960926232,0.4368937389770723,0.3356659846230159,0.6666666666666666,320000,174,2.71875,0.1885135736594824,0.2803955078125,9,0.03515625,0.0625,-0.01649574527429285,0.2708333333333333,0.995475,0.3229166666666667,0.004525,0.4427083333333333,0.0,0.6480750000000001,0.26346875000000003,0.08845625,0.1875,0.646040625,0.21875,0.261740625,0.40625,0.08769375,0.21875,0.002034375,0.3125,0.001728125,0.4375,0.0007625,0.421875,0.0,0.4375,0.0,0.46875,0.0
split_high_low,64,59,fixed,prediction_error,56,0.9583333333333334,0.460923721340388,0.4075304191468254,0.6666666666666666,320000,186,2.90625,0.18979103374098846,0.2430419921875,9,0.03515625,0.0703125,0.0152326463870302,0.34375,0.943609375,0.34375,0.056390625,0.4427083333333333,0.0,0.632759375,0.278309375,0.08893125,0.25,0.597065625,0.3125,0.26311875,0.46875,0.083425,0.25,0.03569375,0.3125,0.015190625,0.46875,0.00550625,0.421875,0.0,0.4375,0.0,0.46875,0.0
uniform_high,64,60,fixed,prediction_error,56,0.9489332279311542,0.44235008818342153,0.3571876612103175,0.6666666666666666,320000,172,2.6875,0.1795901597067331,0.31005859375,9,0.03515625,0.03125,0.08219894919971713,0.2604166666666667,0.9956624999999999,0.3229166666666667,0.0043375,0.5104166666666666,0.0,0.6696875,0.251875,0.07843750000000001,0.203125,0.668078125,0.28125,0.250109375,0.296875,0.077475,0.328125,0.001609375,0.28125,0.001765625,0.359375,0.0009625,0.484375,0.0,0.4375,0.0,0.609375,0.0
patchy_high,64,60,fixed,prediction_error,56,0.9583333333333334,0.44025573192239864,0.3953073133680555,0.6666666666666666,320000,172,2.6875,0.1784727452722435,0.27197265625,8,0.03125,0.078125,0.07015115223528752,0.2604166666666667,0.9955218749999999,0.3125,0.004478125,0.5104166666666666,0.0,0.6797343749999999,0.24413125,0.076134375,0.265625,0.678234375,0.265625,0.242246875,0.25,0.075040625,0.34375,0.0015,0.25,0.001884375,0.34375,0.00109375,0.484375,0.0,0.4375,0.0,0.609375,0.0
split_high_low,64,60,fixed,prediction_error,54,0.9459508137964493,0.4615299823633157,0.3920117900545635,0.6666666666666666,320000,151,2.359375,0.1714962609187185,0.2421875,8,0.03125,0.0625,-0.023877911795573154,0.3125,0.9954312499999999,0.3645833333333333,0.00456875,0.5104166666666666,0.0,0.70356875,0.233175,0.06325625,0.25,0.701715625,0.265625,0.231434375,0.421875,0.06228125,0.421875,0.001853125,0.28125,0.001740625,0.390625,0.000975,0.484375,0.0,0.4375,0.0,0.609375,0.0
uniform_high,64,61,fixed,prediction_error,56,0.956367480463116,0.4603174603174603,0.42908052765376986,0.6666666666666666,320000,189,2.953125,0.18894644783517744,0.2783203125,10,0.0390625,0.0390625,0.01538643637241659,0.3385416666666667,0.99571875,0.328125,0.00428125,0.5,0.0,0.618053125,0.281509375,0.1004375,0.28125,0.61655625,0.328125,0.279834375,0.40625,0.099328125,0.375,0.001496875,0.21875,0.001675,0.390625,0.001109375,0.5625,0.0,0.390625,0.0,0.546875,0.0
patchy_high,64,61,fixed,prediction_error,57,0.9635416666666666,0.4542548500881834,0.41283535311259917,0.6666666666666666,320000,172,2.6875,0.1816165733107549,0.27685546875,9,0.03515625,0.078125,-0.09307236346963446,0.3385416666666667,0.996,0.328125,0.004,0.5,0.0,0.641771875,0.2747,0.083528125,0.265625,0.64029375,0.296875,0.2731625,0.453125,0.08254375,0.359375,0.001478125,0.1875,0.0015375,0.4375,0.000984375,0.5625,0.0,0.390625,0.0,0.546875,0.0
split_high_low,64,61,fixed,prediction_error,56,0.9583333333333334,0.45723104056437386,0.39233517795138884,0.6666666666666666,320000,204,3.1875,0.19565407578989308,0.2576904296875,9,0.03515625,0.0625,-0.00844262849613091,0.3072916666666667,0.972240625,0.359375,0.027759375,0.5,0.0,0.574925,0.29749375,0.12758125,0.21875,0.5625125,0.3125,0.287446875,0.390625,0.12228125,0.375,0.0124125,0.25,0.010046875,0.453125,0.0053,0.5625,0.0,0.390625,0.0,0.546875,0.0
uniform_high,64,62,fixed,prediction_error,56,0.956367480463116,0.45706569664902996,0.43091822606646824,0.6666666666666666,320000,141,2.203125,0.17228554034193103,0.2618408203125,8,0.03125,0.0625,-0.1071464870601221,0.328125,0.99573125,0.328125,0.00426875,0.4322916666666667,0.0,0.676984375,0.24390937499999998,0.07910625,0.3125,0.6749125,0.265625,0.242359375,0.40625,0.078459375,0.28125,0.002071875,0.28125,0.00155,0.421875,0.000646875,0.515625,0.0,0.40625,0.0,0.375,0.0
patchy_high,64,62,fixed,prediction_error,56,0.956367480463116,0.4458774250440917,0.37861005239335316,0.6666666666666666,320000,145,2.265625,0.17450590852893916,0.2611083984375,8,0.03125,0.09375,-0.04378757337218903,0.2760416666666667,0.99615625,0.3333333333333333,0.00384375,0.4322916666666667,0.0,0.67985625,0.24820937499999998,0.07193437500000001,0.234375,0.678153125,0.265625,0.24668125,0.328125,0.071321875,0.296875,0.001703125,0.28125,0.001528125,0.421875,0.0006125,0.515625,0.0,0.40625,0.0,0.375,0.0
split_high_low,64,62,fixed,prediction_error,58,0.96875,0.46930114638447973,0.4321462332589286,0.6666666666666666,320000,200,3.125,0.19920321811377728,0.2647705078125,8,0.03125,0.03125,-0.13157379498673064,0.328125,0.967465625,0.3697916666666667,0.032534375,0.4322916666666667,0.0,0.57514375,0.307425,0.11743125,0.296875,0.56293125,0.296875,0.29535625,0.390625,0.109178125,0.375,0.0122125,0.34375,0.01206875,0.390625,0.008253125,0.515625,0.0,0.40625,0.0,0.375,0.0
uniform_high,64,63,fixed,prediction_error,60,0.9791666666666666,0.46401014109347444,0.4570659613715277,0.6666666666666666,320000,225,3.515625,0.20751302334253877,0.235107421875,8,0.03125,0.09375,0.05756336184226801,0.3385416666666667,0.9960343749999999,0.3177083333333333,0.0039656249999999995,0.4947916666666667,0.0,0.54488125,0.314140625,0.140978125,0.390625,0.54291875,0.28125,0.31276875,0.34375,0.140346875,0.296875,0.0019625,0.296875,0.001371875,0.359375,0.00063125,0.5625,0.0,0.4375,0.0,0.484375,0.0
patchy_high,64,63,fixed,prediction_error,54,0.9459508137964493,0.44466490299823636,0.40350728701636895,0.6666666666666666,320000,202,3.15625,0.19851799787921173,0.271484375,10,0.0390625,0.03125,-0.10957004700296613,0.2760416666666667,0.9962656249999999,0.3020833333333333,0.0037343750000000003,0.4947916666666667,0.0,0.5945125,0.29386249999999997,0.11162499999999999,0.28125,0.5925625,0.25,0.292640625,0.296875,0.1110625,0.265625,0.00195,0.296875,0.001221875,0.34375,0.0005625,0.5625,0.0,0.4375,0.0,0.484375,0.0
split_high_low,64,63,fixed,prediction_error,56,0.956367480463116,0.46582892416225746,0.42107162853422614,0.6666666666666666,320000,194,3.03125,0.19107698747670565,0.2850341796875,10,0.0390625,0.0625,0.05137626962628595,0.3802083333333333,0.996653125,0.3229166666666667,0.003346875,0.4947916666666667,0.0,0.590415625,0.29055,0.119034375,0.25,0.58890625,0.359375,0.289284375,0.53125,0.1184625,0.328125,0.001509375,0.296875,0.001265625,0.34375,0.000571875,0.5625,0.0,0.4375,0.0,0.484375,0.0
uniform_high,64,64,fixed,prediction_error,52,0.931602441389348,0.41341490299823636,0.2037174959697421,0.6666666666666666,320000,73,1.140625,0.12349580414747485,0.311767578125,9,0.03515625,0.046875,-0.1028789858757368,0.22916666666666666,0.996765625,0.3020833333333333,0.003234375,0.5677083333333334,0.0,0.873415625,0.104190625,0.02239375,0.09375,0.871759375,0.28125,0.103009375,0.3125,0.021996875,0.359375,0.00165625,0.1875,0.00118125,0.359375,0.000396875,0.625,0.0,0.625,0.0,0.453125,0.0
patchy_high,64,64,fixed,prediction_error,53,0.9355341471297827,0.4124228395061729,0.1854182121155754,0.6666666666666666,320000,89,1.390625,0.13201491118866682,0.250732421875,9,0.03515625,0.0859375,-0.022751195518897406,0.234375,0.99719375,0.3072916666666667,0.00280625,0.5677083333333334,0.0,0.856903125,0.122240625,0.02085625,0.078125,0.855690625,0.28125,0.121103125,0.34375,0.0204,0.359375,0.0012125,0.171875,0.0011375,0.390625,0.00045625,0.625,0.0,0.625,0.0,0.453125,0.0
split_high_low,64,64,fixed,prediction_error,56,0.956367480463116,0.43683862433862436,0.26073854321676593,0.6666666666666666,320000,97,1.515625,0.1397489158305888,0.244140625,11,0.04296875,0.0859375,-0.10813298146953125,0.2760416666666667,0.986075,0.34375,0.013925,0.5677083333333334,0.0,0.819340625,0.15176562500000002,0.02889375,0.125,0.809959375,0.28125,0.14775625,0.421875,0.028359375,0.3125,0.00938125,0.28125,0.004009375,0.4375,0.000534375,0.625,0.0,0.625,0.0,0.453125,0.0
uniform_high,64,65,fixed,prediction_error,55,0.9491932942595653,0.449129188712522,0.3966160574776786,0.6666666666666666,320000,204,3.1875,0.19102016285738835,0.2606201171875,10,0.0390625,0.0546875,-0.0031557362870208495,0.2864583333333333,0.9958812499999999,0.328125,0.00411875,0.5677083333333334,0.0,0.611596875,0.281421875,0.10698125,0.25,0.60998125,0.28125,0.279853125,0.328125,0.106046875,0.296875,0.001615625,0.296875,0.00156875,0.390625,0.000934375,0.640625,0.0,0.578125,0.0,0.484375,0.0
patchy_high,64,65,fixed,prediction_error,56,0.9544016275928987,0.46086860670194,0.4382944568452381,0.6666666666666666,320000,180,2.8125,0.1763887908927578,0.28955078125,10,0.0390625,0.0546875,-0.08711356195203945,0.3489583333333333,0.99610625,0.3229166666666667,0.00389375,0.5677083333333334,0.0,0.6601781250000001,0.260075,0.07974687500000001,0.3125,0.658771875,0.296875,0.258490625,0.4375,0.07884375,0.265625,0.00140625,0.3125,0.001584375,0.390625,0.000903125,0.640625,0.0,0.578125,0.0,0.484375,0.0
split_high_low,64,65,fixed,prediction_error,57,0.9635416666666666,0.4669312169312169,0.4553025623139881,0.6666666666666666,320000,221,3.453125,0.19632755465916896,0.2603759765625,9,0.03515625,0.0859375,0.006875212209989791,0.34375,0.98581875,0.3489583333333333,0.014181250000000001,0.5677083333333334,0.0,0.5911875,0.30020625,0.10860625,0.359375,0.583315625,0.296875,0.2954375,0.375,0.107065625,0.265625,0.007871875,0.390625,0.00476875,0.390625,0.001540625,0.640625,0.0,0.578125,0.0,0.484375,0.0
uniform_high,64,66,fixed,prediction_error,56,0.9583333333333334,0.46334876543209874,0.4495423874627976,0.6666666666666666,320000,206,3.21875,0.19463038687876505,0.26806640625,10,0.0390625,0.09375,0.08216918569191786,0.3541666666666667,0.9964593749999999,0.3385416666666667,0.0035406250000000004,0.4166666666666667,0.0,0.6076875,0.28794375,0.10436875,0.328125,0.606359375,0.3125,0.286478125,0.421875,0.103621875,0.359375,0.001328125,0.25,0.001465625,0.40625,0.000746875,0.328125,0.0,0.5,0.0,0.421875,0.0
patchy_high,64,66,fixed,prediction_error,54,0.943984960926232,0.45370370370370366,0.38421918867807536,0.6666666666666666,320000,209,3.265625,0.19562906148154213,0.2728271484375,9,0.03515625,0.0234375,-0.00683361782539956,0.3177083333333333,0.9961000000000001,0.3385416666666667,0.0039000000000000003,0.4166666666666667,0.0,0.599496875,0.29385,0.106653125,0.203125,0.59806875,0.34375,0.2922,0.40625,0.10583125,0.375,0.001428125,0.28125,0.00165,0.359375,0.000821875,0.328125,0.0,0.5,0.0,0.421875,0.0
split_high_low,64,66,fixed,prediction_error,58,0.96875,0.4712301587301587,0.44482385912698413,0.6666666666666666,320000,228,3.5625,0.20572094103367594,0.295654296875,13,0.05078125,0.078125,-0.10385897535574348,0.3541666666666667,0.992553125,0.3645833333333333,0.007446875,0.4166666666666667,0.0,0.53391875,0.32101250000000003,0.14506875,0.28125,0.5307625,0.390625,0.318209375,0.390625,0.14358125,0.359375,0.00315625,0.359375,0.002803125,0.375,0.0014875,0.328125,0.0,0.5,0.0,0.421875,0.0
uniform_high,64,67,fixed,prediction_error,54,0.9459508137964493,0.4340828924162257,0.30826703249007936,0.6666666666666666,320000,120,1.875,0.15478350181565836,0.2327880859375,8,0.03125,0.0703125,0.04760748674695465,0.3072916666666667,0.99633125,0.3072916666666667,0.00366875,0.4583333333333333,0.0,0.7870781250000001,0.172634375,0.040287500000000004,0.15625,0.785328125,0.328125,0.1712625,0.4375,0.039740625,0.203125,0.00175,0.21875,0.001371875,0.5,0.000546875,0.421875,0.0,0.453125,0.0,0.5,0.0
patchy_high,64,67,fixed,prediction_error,51,0.9231516275928987,0.41931216931216936,0.29130977182539686,0.6666666666666666,320000,116,1.8125,0.15504063268421353,0.2882080078125,9,0.03515625,0.0390625,0.012439575561083651,0.24479166666666666,0.9960625000000001,0.3072916666666667,0.0039375,0.4583333333333333,0.0,0.775478125,0.17908125,0.045440625,0.15625,0.77349375,0.21875,0.17771875,0.359375,0.04485,0.21875,0.001984375,0.203125,0.0013625,0.5,0.000590625,0.421875,0.0,0.453125,0.0,0.5,0.0
split_high_low,64,67,fixed,prediction_error,60,0.9772008137964493,0.46665564373897706,0.46274073350694445,0.6666666666666666,320000,201,3.140625,0.1938637050582666,0.240478515625,8,0.03125,0.078125,0.11886254380274698,0.390625,0.9546749999999999,0.3541666666666667,0.045325000000000004,0.4583333333333333,0.0,0.60595625,0.293209375,0.10083437499999999,0.34375,0.578084375,0.359375,0.279575,0.46875,0.097015625,0.265625,0.027871875,0.234375,0.013634375,0.5625,0.00381875,0.421875,0.0,0.453125,0.0,0.5,0.0
uniform_high,64,68,fixed,prediction_error,59,0.9739583333333334,0.4708994708994709,0.47974040643601196,0.6666666666666666,320000,199,3.109375,0.21596013605751027,0.259521484375,9,0.03515625,0.0625,-0.07191607951217319,0.3802083333333333,0.9951531250000001,0.328125,0.0048468750000000005,0.4791666666666667,0.0,0.507415625,0.3341125,0.15847187499999998,0.421875,0.50528125,0.34375,0.332296875,0.375,0.157575,0.265625,0.002134375,0.265625,0.001815625,0.453125,0.000896875,0.4375,0.0,0.46875,0.0,0.53125,0.0
patchy_high,64,68,fixed,prediction_error,59,0.9739583333333334,0.4694113756613757,0.4559210394965278,0.6666666666666666,320000,208,3.25,0.21823985248035707,0.26708984375,10,0.0390625,0.0546875,0.032762734209494306,0.3645833333333333,0.9949187500000001,0.3489583333333333,0.00508125,0.4791666666666667,0.0,0.511903125,0.331665625,0.15643125,0.3125,0.50970625,0.359375,0.3297125,0.421875,0.1555,0.296875,0.002196875,0.25,0.001953125,0.5,0.00093125,0.4375,0.0,0.46875,0.0,0.53125,0.0
split_high_low,64,68,fixed,prediction_error,59,0.9739583333333334,0.453042328042328,0.3605260509672619,0.6666666666666666,320000,125,1.953125,0.16906803627522665,0.2325439453125,9,0.03515625,0.0546875,0.011501144653909449,0.28125,0.9954999999999999,0.3645833333333333,0.0045000000000000005,0.4791666666666667,0.0,0.714284375,0.226653125,0.0590625,0.203125,0.71226875,0.3125,0.22505625,0.328125,0.058175,0.328125,0.002015625,0.265625,0.001596875,0.5,0.0008875,0.4375,0.0,0.46875,0.0,0.53125,0.0
uniform_high,64,69,fixed,prediction_error,53,0.9335682942595653,0.4539241622574956,0.34964675564236114,0.6666666666666666,320000,119,1.859375,0.16641505390999395,0.233642578125,9,0.03515625,0.0625,-0.004258018613074865,0.2760416666666667,0.99655625,0.3645833333333333,0.00344375,0.546875,0.0,0.719159375,0.21945625,0.061384375,0.203125,0.71784375,0.25,0.218071875,0.375,0.060640625,0.390625,0.001315625,0.34375,0.001384375,0.359375,0.00074375,0.609375,0.0,0.46875,0.0,0.5625,0.0
patchy_high,64,69,fixed,prediction_error,56,0.9583333333333334,0.45216049382716056,0.3940861591641865,0.6666666666666666,320000,112,1.75,0.1578551015377773,0.272705078125,9,0.03515625,0.0390625,-0.11987568008329869,0.2916666666666667,0.9962000000000001,0.328125,0.0038000000000000004,0.546875,0.0,0.7434125,0.2051375,0.05145,0.265625,0.74195,0.234375,0.203728125,0.375,0.050521875,0.328125,0.0014625,0.3125,0.001409375,0.34375,0.000928125,0.609375,0.0,0.46875,0.0,0.5625,0.0
split_high_low,64,69,fixed,prediction_error,58,0.9667841471297827,0.45800264550264547,0.4346500062003968,0.6666666666666666,320000,145,2.265625,0.175273015333978,0.2696533203125,10,0.0390625,0.0546875,-0.07226618927167383,0.3072916666666667,0.996178125,0.34375,0.003821875,0.546875,0.0,0.651859375,0.26044375,0.08769687500000001,0.296875,0.650425,0.40625,0.25900625,0.21875,0.086746875,0.3125,0.001434375,0.375,0.0014375,0.34375,0.00095,0.609375,0.0,0.46875,0.0,0.5625,0.0
uniform_high,64,70,fixed,prediction_error,52,0.9355341471297827,0.45326278659611996,0.38386360057043645,0.6666666666666666,320000,147,2.296875,0.17158120428754992,0.2655029296875,9,0.03515625,0.0546875,0.03360900077459977,0.3489583333333333,0.995740625,0.3177083333333333,0.004259375,0.46875,0.0,0.69993125,0.232140625,0.067928125,0.21875,0.69835,0.34375,0.230515625,0.484375,0.066875,0.453125,0.00158125,0.21875,0.001625,0.28125,0.001053125,0.421875,0.0,0.453125,0.0,0.53125,0.0
patchy_high,64,70,fixed,prediction_error,56,0.9583333333333334,0.4548059964726632,0.3934499271453373,0.6666666666666666,320000,162,2.53125,0.1787548010806947,0.265869140625,7,0.02734375,0.0703125,-0.019535489932753735,0.3072916666666667,0.9955812500000001,0.3385416666666667,0.00441875,0.46875,0.0,0.66958125,0.25291562500000003,0.077503125,0.25,0.667725,0.265625,0.251328125,0.40625,0.076528125,0.453125,0.00185625,0.25,0.0015875,0.3125,0.000975,0.421875,0.0,0.453125,0.0,0.53125,0.0
split_high_low,64,70,fixed,prediction_error,57,0.9615758137964493,0.4446097883597883,0.3262216409350199,0.6666666666666666,320000,140,2.1875,0.16782840009408545,0.2701416015625,10,0.0390625,0.03125,-0.09292234936034602,0.2552083333333333,0.960759375,0.375,0.039240625,0.46875,0.0,0.7159749999999999,0.22225937499999998,0.061765625000000005,0.171875,0.6868,0.25,0.214,0.34375,0.059959375,0.453125,0.029175,0.234375,0.008259375,0.4375,0.00180625,0.421875,0.0,0.453125,0.0,0.53125,0.0
uniform_high,64,71,fixed,prediction_error,59,0.9739583333333334,0.46279761904761907,0.4697903289310516,0.6666666666666666,320000,268,4.1875,0.23857775521642374,0.246337890625,8,0.03125,0.0390625,-0.05971931528850318,0.46875,0.9955843750000001,0.296875,0.004415624999999999,0.4583333333333333,0.0,0.369884375,0.367021875,0.26309375,0.40625,0.368,0.34375,0.3654,0.65625,0.262184375,0.28125,0.001884375,0.234375,0.001621875,0.375,0.000909375,0.453125,0.0,0.421875,0.0,0.5,0.0
patchy_high,64,71,fixed,prediction_error,55,0.953125,0.46367945326278664,0.4868269019717262,0.6666666666666666,320000,261,4.078125,0.23566341269590463,0.255859375,8,0.03125,0.0546875,-0.07366160874803113,0.4375,0.995484375,0.2760416666666667,0.004515625,0.4583333333333333,0.0,0.390634375,0.364284375,0.24508125,0.34375,0.388721875,0.515625,0.36255,0.453125,0.2442125,0.234375,0.0019125,0.234375,0.001734375,0.359375,0.00086875,0.453125,0.0,0.421875,0.0,0.5,0.0
split_high_low,64,71,fixed,prediction_error,59,0.9739583333333334,0.4836309523809524,0.4781808454241071,0.6666666666666666,320000,224,3.5,0.20560987160883826,0.3001708984375,10,0.0390625,0.0234375,0.010679711793176597,0.3958333333333333,0.965471875,0.3697916666666667,0.034528125,0.4583333333333333,0.0,0.5371343749999999,0.319740625,0.143125,0.40625,0.518771875,0.328125,0.3084375,0.453125,0.1382625,0.40625,0.0183625,0.296875,0.011303125,0.40625,0.0048625,0.453125,0.0,0.421875,0.0,0.5,0.0
uniform_high,64,72,fixed,prediction_error,62,0.9895833333333334,0.46092372134038806,0.4283732545882937,0.6666666666666666,320000,202,3.15625,0.21714139281174805,0.2705078125,8,0.03125,0.03125,-0.0644435112710113,0.3020833333333333,0.9954281249999999,0.3385416666666667,0.004571875,0.5,0.0,0.49520312499999997,0.338734375,0.1660625,0.296875,0.493171875,0.3125,0.336990625,0.296875,0.165265625,0.390625,0.00203125,0.25,0.00174375,0.375,0.000796875,0.5,0.0,0.484375,0.0,0.515625,0.0
patchy_high,64,72,fixed,prediction_error,61,0.9824091471297827,0.46825396825396826,0.4757182927207341,0.6666666666666666,320000,208,3.25,0.21616234529533573,0.2977294921875,8,0.03125,0.09375,0.0928516776495121,0.3697916666666667,0.9957406249999999,0.3072916666666667,0.004259375,0.5,0.0,0.496375,0.34688437499999997,0.15674062500000002,0.375,0.494521875,0.390625,0.3452125,0.34375,0.15600625,0.34375,0.001853125,0.21875,0.001671875,0.359375,0.000734375,0.5,0.0,0.484375,0.0,0.515625,0.0
split_high_low,64,72,fixed,prediction_error,59,0.971992480463116,0.47861552028218696,0.4656816049727182,0.6666666666666666,320000,202,3.15625,0.2161338555763464,0.285888671875,9,0.03515625,0.0546875,-0.015576821981763977,0.3854166666666667,0.983078125,0.34375,0.016921875,0.5,0.0,0.501365625,0.33734375,0.161290625,0.34375,0.493171875,0.34375,0.331440625,0.46875,0.158465625,0.328125,0.00819375,0.296875,0.005903125,0.40625,0.002825,0.5,0.0,0.484375,0.0,0.515625,0.0
uniform_high,64,73,fixed,prediction_error,55,0.9511591471297827,0.45403439153439157,0.39195374968998015,0.6666666666666666,320000,156,2.4375,0.19054329361832967,0.2630615234375,9,0.03515625,0.015625,0.0437597556949432,0.3177083333333333,0.9956875000000001,0.328125,0.0043125,0.5104166666666666,0.0,0.639284375,0.2719,0.08881562500000001,0.25,0.63761875,0.25,0.27029375,0.453125,0.087775,0.3125,0.001665625,0.28125,0.00160625,0.390625,0.001040625,0.5625,0.0,0.40625,0.0,0.5625,0.0
patchy_high,64,73,fixed,prediction_error,58,0.9667841471297827,0.45877425044091713,0.3902393167162699,0.6666666666666666,320000,159,2.484375,0.18977335316666494,0.261962890625,8,0.03125,0.03125,-0.046619415569849346,0.3333333333333333,0.995625,0.34375,0.004375,0.5104166666666666,0.0,0.63574375,0.274053125,0.09020312500000001,0.234375,0.634125,0.28125,0.27231875,0.484375,0.08918125,0.3125,0.00161875,0.296875,0.001734375,0.421875,0.001021875,0.5625,0.0,0.40625,0.0,0.5625,0.0
split_high_low,64,73,fixed,prediction_error,55,0.953125,0.46097883597883593,0.3726928540426587,0.6666666666666666,320000,146,2.28125,0.18156707829640173,0.2623291015625,10,0.0390625,0.0546875,-0.0717081643930484,0.3541666666666667,0.971065625,0.34375,0.028934375000000002,0.5104166666666666,0.0,0.6390625,0.269659375,0.091278125,0.1875,0.621615625,0.359375,0.2615375,0.515625,0.0879125,0.359375,0.017446875,0.328125,0.008121875,0.34375,0.003365625,0.5625,0.0,0.40625,0.0,0.5625,0.0
uniform_high,64,74,fixed,prediction_error,55,0.9511591471297827,0.4410273368606702,0.343295500062004,0.6666666666666666,320000,136,2.125,0.17033058009617566,0.208251953125,8,0.03125,0.046875,-0.10968101238386788,0.2708333333333333,0.99633125,0.3333333333333333,0.00366875,0.4895833333333333,0.0,0.704975,0.23250625,0.06251875,0.21875,0.7033625,0.171875,0.231128125,0.421875,0.061840625,0.359375,0.0016125,0.234375,0.001378125,0.40625,0.000678125,0.515625,0.0,0.515625,0.0,0.4375,0.0
patchy_high,64,74,fixed,prediction_error,57,0.9635416666666666,0.45789241622574955,0.35659889632936514,0.6666666666666666,320000,125,1.953125,0.1678669001223566,0.22509765625,8,0.03125,0.046875,-0.024419314525275213,0.3125,0.996271875,0.3333333333333333,0.003728125,0.4895833333333333,0.0,0.7091781250000001,0.23491875,0.055903125,0.1875,0.707484375,0.359375,0.233565625,0.390625,0.055221875,0.34375,0.00169375,0.28125,0.001353125,0.375,0.00068125,0.515625,0.0,0.515625,0.0,0.4375,0.0
split_high_low,64,74,fixed,prediction_error,57,0.9615758137964493,0.4478615520282187,0.3201726795014881,0.6666666666666666,320000,116,1.8125,0.1647453314562955,0.274169921875,10,0.0390625,0.078125,0.027593903201835374,0.296875,0.9865875000000001,0.328125,0.0134125,0.4895833333333333,0.0,0.7154625,0.225021875,0.059515624999999996,0.15625,0.7093625,0.3125,0.219734375,0.421875,0.057490625,0.359375,0.0061,0.234375,0.0052875,0.390625,0.002025,0.515625,0.0,0.515625,0.0,0.4375,0.0
uniform_high,64,75,fixed,prediction_error,58,0.96875,0.46103395061728397,0.4563840789310516,0.6666666666666666,320000,188,2.9375,0.18104097338646863,0.2786865234375,10,0.0390625,0.0703125,-0.0272375602784552,0.3333333333333333,0.996534375,0.3385416666666667,0.0034656250000000004,0.40625,0.0,0.6608,0.2524625,0.0867375,0.34375,0.659465625,0.34375,0.251153125,0.3125,0.085915625,0.28125,0.001334375,0.296875,0.001309375,0.4375,0.000821875,0.40625,0.0,0.453125,0.0,0.359375,0.0
patchy_high,64,75,fixed,prediction_error,60,0.9791666666666666,0.46875,0.45410450613839287,0.6666666666666666,320000,151,2.359375,0.17094420699692617,0.2872314453125,9,0.03515625,0.0625,-0.039818471383290574,0.3854166666666667,0.99675,0.3385416666666667,0.0032500000000000003,0.40625,0.0,0.701990625,0.2335625,0.064446875,0.328125,0.70074375,0.34375,0.232321875,0.484375,0.063684375,0.296875,0.001246875,0.296875,0.001240625,0.421875,0.0007625,0.40625,0.0,0.453125,0.0,0.359375,0.0
split_high_low,64,75,fixed,prediction_error,55,0.9511591471297827,0.4344135802469136,0.3441980515252976,0.6666666666666666,320000,141,2.203125,0.16434673133927777,0.2984619140625,10,0.0390625,0.078125,0.008692642313012838,0.2552083333333333,0.996425,0.328125,0.003575,0.40625,0.0,0.724871875,0.211440625,0.06368750000000001,0.203125,0.723559375,0.234375,0.2099875,0.328125,0.062878125,0.28125,0.0013125,0.265625,0.001453125,0.4375,0.000809375,0.40625,0.0,0.453125,0.0,0.359375,0.0
uniform_high,64,76,fixed,prediction_error,60,0.9772008137964493,0.4656635802469136,0.46173355344742056,0.6666666666666666,320000,238,3.71875,0.21427747267377323,0.287841796875,10,0.0390625,0.0546875,-0.15789974375999138,0.3697916666666667,0.9961375,0.3072916666666667,0.0038625,0.5677083333333334,0.0,0.50745,0.33846875,0.15408125,0.3125,0.505575,0.40625,0.337090625,0.390625,0.153471875,0.28125,0.001875,0.28125,0.001378125,0.359375,0.000609375,0.53125,0.0,0.578125,0.0,0.59375,0.0
patchy_high,64,76,fixed,prediction_error,60,0.9791666666666666,0.4781746031746032,0.49328011222718254,0.6666666666666666,320000,229,3.578125,0.20661516468587968,0.258056640625,9,0.03515625,0.0625,-0.08168058081515875,0.4375,0.99610625,0.328125,0.0038937499999999996,0.5677083333333334,0.0,0.540590625,0.319353125,0.14005625,0.4375,0.538790625,0.375,0.31785625,0.5,0.139459375,0.328125,0.0018,0.265625,0.001496875,0.390625,0.000596875,0.53125,0.0,0.578125,0.0,0.59375,0.0
split_high_low,64,76,fixed,prediction_error,61,0.984375,0.47619047619047616,0.4689943576388888,0.6666666666666666,320000,249,3.890625,0.2219507094370201,0.2366943359375,8,0.03125,0.0625,-0.013453356958547586,0.4166666666666667,0.969190625,0.3489583333333333,0.030809375000000003,0.5677083333333334,0.0,0.4690875,0.34981874999999996,0.18109375,0.34375,0.455246875,0.359375,0.33873125,0.546875,0.1752125,0.28125,0.013840625,0.34375,0.0110875,0.421875,0.00588125,0.53125,0.0,0.578125,0.0,0.59375,0.0
uniform_high,64,77,fixed,prediction_error,58,0.9667841471297827,0.4650022045855379,0.4742709015376984,0.6666666666666666,320000,254,3.96875,0.22833922153964573,0.336669921875,9,0.03515625,0.0859375,-0.062296390533464245,0.3854166666666667,0.99551875,0.3020833333333333,0.00448125,0.4947916666666667,0.0,0.43794062500000003,0.355196875,0.2068625,0.421875,0.4361625,0.3125,0.353584375,0.421875,0.205771875,0.265625,0.001778125,0.234375,0.0016125,0.40625,0.001090625,0.546875,0.0,0.515625,0.0,0.421875,0.0
patchy_high,64,77,fixed,prediction_error,58,0.9667841471297827,0.4645612874779542,0.48422182074652775,0.6666666666666666,320000,249,3.890625,0.22090822861255788,0.264404296875,9,0.03515625,0.0546875,0.04796663074774328,0.4010416666666667,0.99564375,0.2864583333333333,0.00435625,0.4947916666666667,0.0,0.466815625,0.34418125,0.189003125,0.375,0.465015625,0.40625,0.34265,0.421875,0.187978125,0.234375,0.0018,0.234375,0.00153125,0.390625,0.001025,0.546875,0.0,0.515625,0.0,0.421875,0.0
split_high_low,64,77,fixed,prediction_error,60,0.9791666666666666,0.4770171957671958,0.47360098741319445,0.6666666666666666,320000,228,3.5625,0.20575998950182756,0.252685546875,9,0.03515625,0.0390625,-0.057813926580978864,0.3802083333333333,0.996153125,0.359375,0.0038468749999999996,0.4947916666666667,0.0,0.546115625,0.31934999999999997,0.134534375,0.40625,0.544278125,0.3125,0.318028125,0.421875,0.133846875,0.328125,0.0018375,0.28125,0.001321875,0.46875,0.0006875,0.546875,0.0,0.515625,0.0,0.421875,0.0
uniform_high,64,78,fixed,prediction_error,61,0.984375,0.47343474426807763,0.4808002619667659,0.6666666666666666,320000,233,3.640625,0.21498430819971417,0.296875,9,0.03515625,0.0546875,-0.048767630633182776,0.390625,0.99601875,0.3125,0.00398125,0.515625,0.0,0.49710625,0.333378125,0.169515625,0.375,0.495371875,0.390625,0.331909375,0.40625,0.1687375,0.265625,0.001734375,0.3125,0.00146875,0.359375,0.000778125,0.484375,0.0,0.484375,0.0,0.578125,0.0
patchy_high,64,78,fixed,prediction_error,56,0.9583333333333334,0.4680886243386243,0.48192839006696436,0.6666666666666666,320000,234,3.65625,0.21959271331123315,0.2489013671875,8,0.03125,0.0390625,-0.03662544686747452,0.3958333333333333,0.996221875,0.2916666666666667,0.003778125,0.515625,0.0,0.47877187499999996,0.34064375,0.18058437500000002,0.375,0.477190625,0.390625,0.339215625,0.421875,0.179815625,0.234375,0.00158125,0.296875,0.001428125,0.34375,0.00076875,0.484375,0.0,0.484375,0.0,0.578125,0.0
split_high_low,64,78,fixed,prediction_error,61,0.984375,0.48489858906525574,0.48857940073164685,0.6666666666666666,320000,238,3.71875,0.2192102669557666,0.27587890625,10,0.0390625,0.0546875,0.0328606996691052,0.4166666666666667,0.9887312500000001,0.359375,0.01126875,0.515625,0.0,0.478425,0.345471875,0.176103125,0.375,0.473678125,0.453125,0.341459375,0.421875,0.17359375,0.28125,0.004746875,0.359375,0.0040125,0.4375,0.002509375,0.484375,0.0,0.484375,0.0,0.578125,0.0
uniform_high,64,79,fixed,prediction_error,57,0.9615758137964493,0.45298721340388004,0.39491193421378973,0.6666666666666666,320000,204,3.1875,0.19664206479679258,0.26806640625,10,0.0390625,0.046875,0.010028305351980987,0.2864583333333333,0.995265625,0.34375,0.004734375,0.5416666666666666,0.0,0.6081093750000001,0.287365625,0.104525,0.234375,0.605734375,0.328125,0.285684375,0.296875,0.103846875,0.3125,0.002375,0.28125,0.00168125,0.4375,0.000678125,0.546875,0.0,0.609375,0.0,0.46875,0.0
patchy_high,64,79,fixed,prediction_error,56,0.9524357747226814,0.476576278659612,0.4616962332589286,0.6666666666666666,320000,203,3.171875,0.19497924750803466,0.258056640625,9,0.03515625,0.0625,-0.017954252040037047,0.390625,0.9954812500000001,0.34375,0.00451875,0.5416666666666666,0.0,0.6179749999999999,0.27951875000000004,0.10250625,0.328125,0.61566875,0.375,0.277934375,0.46875,0.101878125,0.34375,0.00230625,0.296875,0.001584375,0.390625,0.000628125,0.546875,0.0,0.609375,0.0,0.46875,0.0
split_high_low,64,79,fixed,prediction_error,54,0.9387766275928987,0.4656084656084656,0.4079602570064484,0.6666666666666666,320000,183,2.859375,0.1817906555047262,0.2806396484375,10,0.0390625,0.0703125,-0.09703379573113441,0.3020833333333333,0.955703125,0.375,0.044296875,0.5416666666666666,0.0,0.66615625,0.261084375,0.072759375,0.25,0.64191875,0.34375,0.246703125,0.3125,0.06708125,0.40625,0.0242375,0.328125,0.01438125,0.390625,0.005678125,0.546875,0.0,0.609375,0.0,0.46875,0.0
uniform_high,64,80,fixed,prediction_error,55,0.9511591471297827,0.45634920634920634,0.4026833178323413,0.6666666666666666,320000,164,2.5625,0.17730735140446025,0.2490234375,8,0.03125,0.0546875,-0.10128827007749334,0.3333333333333333,0.982246875,0.3229166666666667,0.017753124999999998,0.4895833333333333,0.0,0.686846875,0.2418625,0.071290625,0.25,0.675515625,0.3125,0.237090625,0.4375,0.069640625,0.234375,0.01133125,0.3125,0.004771875,0.421875,0.00165,0.546875,0.0,0.53125,0.0,0.390625,0.0
patchy_high,64,80,fixed,prediction_error,52,0.9303258137964493,0.4260912698412698,0.3077088851686508,0.6666666666666666,320000,148,2.3125,0.16812987112004968,0.251953125,9,0.03515625,0.0703125,-0.09866957546717516,0.22916666666666666,0.9951156250000001,0.3177083333333333,0.004884375000000001,0.4895833333333333,0.0,0.713540625,0.22369375,0.062765625,0.171875,0.711440625,0.203125,0.221859375,0.3125,0.061815625,0.25,0.0021,0.28125,0.001834375,0.421875,0.00095,0.546875,0.0,0.53125,0.0,0.390625,0.0
split_high_low,64,80,fixed,prediction_error,55,0.953125,0.4732694003527337,0.45145479910714287,0.6666666666666666,320000,187,2.921875,0.18932467198231184,0.244384765625,8,0.03125,0.0859375,0.03587179960454188,0.359375,0.95206875,0.3541666666666667,0.04793125000000001,0.4895833333333333,0.0,0.6139874999999999,0.28220625,0.10380625,0.3125,0.582578125,0.375,0.270128125,0.390625,0.0993625,0.265625,0.031409375,0.390625,0.012078125,0.40625,0.00444375,0.546875,0.0,0.53125,0.0,0.390625,0.0
uniform_high,64,81,fixed,prediction_error,55,0.9491932942595653,0.44764109347442677,0.3535415907118056,0.6666666666666666,320000,159,2.484375,0.17458334751101623,0.2677001953125,10,0.0390625,0.1015625,0.011162302923542143,0.28125,0.99580625,0.328125,0.0041937499999999996,0.5052083333333334,0.0,0.701853125,0.22912187499999997,0.06902499999999999,0.21875,0.700353125,0.203125,0.22755625,0.421875,0.067896875,0.328125,0.0015,0.34375,0.001565625,0.3125,0.001128125,0.546875,0.0,0.515625,0.0,0.453125,0.0
patchy_high,64,81,fixed,prediction_error,59,0.971992480463116,0.45921516754850084,0.3811905924479167,0.6666666666666666,320000,194,3.03125,0.18554071593744056,0.301513671875,9,0.03515625,0.078125,0.06459050597411364,0.3020833333333333,0.995965625,0.3385416666666667,0.004034375,0.5052083333333334,0.0,0.65601875,0.26592499999999997,0.07805625,0.21875,0.654675,0.3125,0.2643,0.375,0.076990625,0.34375,0.00134375,0.375,0.001625,0.296875,0.001065625,0.546875,0.0,0.515625,0.0,0.453125,0.0
split_high_low,64,81,fixed,prediction_error,56,0.9583333333333334,0.45166446208112876,0.3917458519345238,0.6666666666666666,320000,187,2.921875,0.18506035206676213,0.246826171875,9,0.03515625,0.0546875,-0.08418091233111984,0.2604166666666667,0.95144375,0.3645833333333333,0.048556249999999995,0.5052083333333334,0.0,0.647190625,0.26253125,0.090278125,0.25,0.61836875,0.28125,0.2478625,0.25,0.0852125,0.296875,0.028821875,0.46875,0.01466875,0.328125,0.005065625,0.546875,0.0,0.515625,0.0,0.453125,0.0
uniform_high,64,82,fixed,prediction_error,54,0.9459508137964493,0.4583333333333333,0.44079686724950395,0.6666666666666666,320000,229,3.578125,0.21953204177648228,0.3101806640625,10,0.0390625,0.125,0.08974159657596431,0.34375,0.99560625,0.3020833333333333,0.00439375,0.5,0.0,0.473346875,0.34294375,0.183709375,0.265625,0.471196875,0.390625,0.341425,0.375,0.182984375,0.3125,0.00215,0.203125,0.00151875,0.390625,0.000725,0.46875,0.0,0.5,0.0,0.53125,0.0
patchy_high,64,82,fixed,prediction_error,59,0.971992480463116,0.47966269841269843,0.48681995442708337,0.6666666666666666,320000,225,3.515625,0.21494428597293336,0.2896728515625,8,0.03125,0.0703125,0.028510685145918913,0.40625,0.9957625000000001,0.328125,0.0042375,0.5,0.0,0.5065968750000001,0.33407187499999996,0.15933125,0.40625,0.50456875,0.375,0.3325875,0.4375,0.15860625,0.34375,0.002028125,0.265625,0.001484375,0.375,0.000725,0.46875,0.0,0.5,0.0,0.53125,0.0
split_high_low,64,82,fixed,prediction_error,59,0.9739583333333334,0.47277336860670194,0.4680430540054563,0.6666666666666666,320000,228,3.5625,0.2204460824650471,0.2615966796875,8,0.03125,0.0390625,-0.0878203282626526,0.390625,0.986553125,0.328125,0.013446874999999999,0.5,0.0,0.464728125,0.349234375,0.1860375,0.328125,0.45878125,0.375,0.344428125,0.46875,0.18334375,0.359375,0.005946875,0.21875,0.00480625,0.40625,0.00269375,0.46875,0.0,0.5,0.0,0.53125,0.0
uniform_high,64,83,fixed,prediction_error,55,0.953125,0.456955467372134,0.4595576838417659,0.6666666666666666,320000,237,3.703125,0.21313670431375842,0.25146484375,8,0.03125,0.0859375,-0.009542587271017854,0.34375,0.995378125,0.3177083333333333,0.004621875,0.59375,0.0,0.5133187499999999,0.32535000000000003,0.16133125,0.34375,0.511359375,0.359375,0.323590625,0.328125,0.160428125,0.28125,0.001959375,0.28125,0.001759375,0.390625,0.000903125,0.65625,0.0,0.484375,0.0,0.640625,0.0
patchy_high,64,83,fixed,prediction_error,58,0.96875,0.4723875661375661,0.4944706829737103,0.6666666666666666,320000,241,3.765625,0.21586673684287566,0.2833251953125,10,0.0390625,0.0390625,0.06616499765163904,0.4427083333333333,0.9953562499999999,0.3229166666666667,0.00464375,0.59375,0.0,0.5073875,0.33218125000000004,0.16043125,0.40625,0.505403125,0.421875,0.3304,0.5,0.159553125,0.296875,0.001984375,0.296875,0.00178125,0.375,0.000878125,0.65625,0.0,0.484375,0.0,0.640625,0.0
split_high_low,64,83,fixed,prediction_error,60,0.9791666666666666,0.47690696649029984,0.49429137059771827,0.6666666666666666,320000,261,4.078125,0.23025126801625173,0.2769775390625,8,0.03125,0.078125,0.11442000085580173,0.4270833333333333,0.992475,0.359375,0.0075250000000000004,0.59375,0.0,0.4212375,0.357203125,0.221559375,0.5,0.417978125,0.421875,0.35434375,0.359375,0.220153125,0.296875,0.003259375,0.359375,0.002859375,0.421875,0.00140625,0.65625,0.0,0.484375,0.0,0.640625,0.0
uniform_high,64,84,fixed,prediction_error,58,0.9667841471297827,0.47189153439153436,0.4300070498511905,0.6666666666666666,320000,174,2.71875,0.18356233619307827,0.2413330078125,8,0.03125,0.078125,-0.04513658629552962,0.3645833333333333,0.9960687500000001,0.3489583333333333,0.003931250000000001,0.515625,0.0,0.655375,0.25784375,0.08678124999999999,0.265625,0.65385,0.421875,0.2563625,0.40625,0.08585625,0.328125,0.001525,0.28125,0.00148125,0.4375,0.000925,0.453125,0.0,0.515625,0.0,0.578125,0.0
patchy_high,64,84,fixed,prediction_error,54,0.943984960926232,0.46957671957671954,0.4484669053819445,0.6666666666666666,320000,173,2.703125,0.18395625308565028,0.2847900390625,9,0.03515625,0.109375,0.11925168454391427,0.375,0.9962968750000001,0.328125,0.003703125,0.515625,0.0,0.6443875,0.26540624999999995,0.09020625,0.3125,0.64279375,0.34375,0.2640625,0.46875,0.089440625,0.328125,0.00159375,0.25,0.00134375,0.40625,0.000765625,0.453125,0.0,0.515625,0.0,0.578125,0.0
split_high_low,64,84,fixed,prediction_error,53,0.940742480463116,0.4592702821869489,0.3998525406125992,0.6666666666666666,320000,212,3.3125,0.20673132901075097,0.269775390625,8,0.03125,0.0703125,-0.04586700805696642,0.2864583333333333,0.993534375,0.359375,0.006465625,0.515625,0.0,0.540940625,0.31895,0.14010937499999998,0.234375,0.537978125,0.328125,0.31659375,0.296875,0.1389625,0.375,0.0029625,0.296875,0.00235625,0.40625,0.001146875,0.453125,0.0,0.515625,0.0,0.578125,0.0
uniform_high,64,85,fixed,prediction_error,58,0.9667841471297827,0.44516093474426804,0.3743906498015873,0.6666666666666666,320000,194,3.03125,0.19717727574773744,0.2957763671875,10,0.0390625,0.0234375,-0.02917920730216057,0.2552083333333333,0.9964000000000001,0.3333333333333333,0.0036000000000000003,0.5208333333333334,0.0,0.5802406250000001,0.296215625,0.12354375000000001,0.21875,0.578721875,0.296875,0.294925,0.25,0.122753125,0.34375,0.00151875,0.28125,0.001290625,0.375,0.000790625,0.515625,0.0,0.578125,0.0,0.46875,0.0
patchy_high,64,85,fixed,prediction_error,56,0.9583333333333334,0.4750330687830687,0.44763339998759916,0.6666666666666666,320000,192,3.0,0.19610530298063877,0.2568359375,10,0.0390625,0.09375,0.03420481768143994,0.3645833333333333,0.996334375,0.3489583333333333,0.003665625,0.5208333333333334,0.0,0.588175,0.296090625,0.115734375,0.3125,0.586771875,0.328125,0.29469375,0.453125,0.11486875,0.3125,0.001403125,0.34375,0.001396875,0.390625,0.000865625,0.515625,0.0,0.578125,0.0,0.46875,0.0
split_high_low,64,85,fixed,prediction_error,57,0.9615758137964493,0.46687610229276894,0.4050344757564484,0.6666666666666666,320000,174,2.71875,0.18404287599944127,0.2880859375,12,0.046875,0.0546875,0.01309351353965891,0.3177083333333333,0.9695218750000001,0.3645833333333333,0.030478125000000002,0.5208333333333334,0.0,0.6557875000000001,0.26530625,0.07890625,0.25,0.640946875,0.3125,0.2547625,0.390625,0.0738125,0.359375,0.014840625,0.296875,0.01054375,0.4375,0.00509375,0.515625,0.0,0.578125,0.0,0.46875,0.0
uniform_high,64,86,fixed,prediction_error,58,0.9593498945978208,0.4564594356261023,0.44417922402033727,0.6666666666666666,320000,201,3.140625,0.1978525304966471,0.28662109375,9,0.03515625,0.0546875,-0.0349422949989859,0.3125,0.996109375,0.3229166666666667,0.003890625,0.4375,0.0,0.58723125,0.291803125,0.12096562500000001,0.34375,0.5857,0.296875,0.290334375,0.296875,0.120075,0.359375,0.00153125,0.234375,0.00146875,0.375,0.000890625,0.484375,0.0,0.40625,0.0,0.421875,0.0
patchy_high,64,86,fixed,prediction_error,56,0.9489332279311542,0.4443893298059965,0.40265392640128966,0.6666666666666666,320000,201,3.140625,0.2010757888576436,0.263427734375,8,0.03125,0.0703125,0.0034136077589143497,0.2760416666666667,0.995809375,0.3125,0.004190625,0.4375,0.0,0.566290625,0.31003125,0.123678125,0.265625,0.56440625,0.28125,0.308575,0.28125,0.122828125,0.328125,0.001884375,0.234375,0.00145625,0.375,0.00085,0.484375,0.0,0.40625,0.0,0.421875,0.0
split_high_low,64,86,fixed,prediction_error,60,0.9791666666666666,0.46808862433862436,0.41166110646081344,0.6666666666666666,320000,178,2.78125,0.18252415639749325,0.2762451171875,9,0.03515625,0.0703125,-0.07014295667557315,0.3333333333333333,0.961278125,0.359375,0.038721875,0.4375,0.0,0.7098374999999999,0.232071875,0.05809062499999999,0.25,0.683090625,0.390625,0.2227125,0.359375,0.055475,0.359375,0.026746875,0.296875,0.009359375,0.421875,0.002615625,0.484375,0.0,0.40625,0.0,0.421875,0.0
uniform_high,64,87,fixed,prediction_error,57,0.9635416666666666,0.4558531746031746,0.3817849640376984,0.6666666666666666,320000,189,2.953125,0.19595968173575162,0.2744140625,8,0.03125,0.0546875,-0.008018780703135628,0.2916666666666667,0.9962125,0.3333333333333333,0.0037875,0.5052083333333334,0.0,0.6103531249999999,0.28833125,0.101315625,0.21875,0.608771875,0.296875,0.286903125,0.359375,0.1005375,0.296875,0.00158125,0.390625,0.001428125,0.3125,0.000778125,0.515625,0.0,0.46875,0.0,0.53125,0.0
patchy_high,64,87,fixed,prediction_error,56,0.9583333333333334,0.4562940917107584,0.3970149662078373,0.6666666666666666,320000,176,2.75,0.18916193594642403,0.243896484375,8,0.03125,0.0546875,-0.0056715975884639065,0.296875,0.9959156250000001,0.328125,0.004084375,0.5052083333333334,0.0,0.63640625,0.27466874999999996,0.088925,0.25,0.634575,0.28125,0.273234375,0.359375,0.08810625,0.328125,0.00183125,0.390625,0.001434375,0.265625,0.00081875,0.515625,0.0,0.46875,0.0,0.53125,0.0
split_high_low,64,87,fixed,prediction_error,55,0.9437248945978208,0.47833994708994704,0.4449263485863096,0.6666666666666666,320000,166,2.59375,0.18101131346295807,0.2166748046875,8,0.03125,0.0546875,0.04329191743959024,0.3385416666666667,0.9895093749999999,0.390625,0.010490625,0.5052083333333334,0.0,0.659203125,0.263040625,0.07775625,0.328125,0.65319375,0.296875,0.25974375,0.390625,0.076571875,0.453125,0.006009375,0.40625,0.003296875,0.3125,0.001184375,0.515625,0.0,0.46875,0.0,0.53125,0.0
uniform_high,64,88,fixed,prediction_error,53,0.9387766275928987,0.44157848324514987,0.33209283079117063,0.6666666666666666,320000,125,1.953125,0.14556921870968967,0.2490234375,8,0.03125,0.0390625,0.06378214827993146,0.2552083333333333,0.995859375,0.3177083333333333,0.004140625,0.4791666666666667,0.0,0.800578125,0.161065625,0.03835625,0.1875,0.79905625,0.296875,0.15940625,0.28125,0.037396875,0.375,0.001521875,0.265625,0.001659375,0.3125,0.000959375,0.484375,0.0,0.46875,0.0,0.484375,0.0
patchy_high,64,88,fixed,prediction_error,54,0.9459508137964493,0.42934303350970016,0.2612086542038691,0.6666666666666666,320000,125,1.953125,0.14350276224048486,0.23876953125,7,0.02734375,0.046875,0.037738350704193846,0.234375,0.9959968749999999,0.3072916666666667,0.004003125,0.4791666666666667,0.0,0.78720625,0.173534375,0.039259375,0.125,0.78569375,0.265625,0.17195,0.3125,0.038353125,0.359375,0.0015125,0.265625,0.001584375,0.296875,0.00090625,0.484375,0.0,0.46875,0.0,0.484375,0.0
split_high_low,64,88,fixed,prediction_error,58,0.9667841471297827,0.4641754850088184,0.3854106321304563,0.6666666666666666,320000,163,2.546875,0.17431911553044138,0.28076171875,9,0.03515625,0.0390625,0.01856407459847279,0.3229166666666667,0.96538125,0.34375,0.03461875,0.4791666666666667,0.0,0.68045625,0.249234375,0.070309375,0.21875,0.659825,0.328125,0.2388625,0.421875,0.06669375,0.390625,0.02063125,0.34375,0.010371875,0.296875,0.003615625,0.484375,0.0,0.46875,0.0,0.484375,0.0
uniform_high,64,89,fixed,prediction_error,55,0.953125,0.4621913580246913,0.43343811848958336,0.6666666666666666,320000,148,2.3125,0.17474726999642493,0.26025390625,9,0.03515625,0.09375,0.06439623253251789,0.3333333333333333,0.9968125000000001,0.328125,0.0031875,0.5260416666666666,0.0,0.701171875,0.23980625,0.059021874999999994,0.3125,0.6998875,0.28125,0.238490625,0.40625,0.058434375,0.28125,0.001284375,0.265625,0.001315625,0.4375,0.0005875,0.515625,0.0,0.5,0.0,0.5625,0.0
patchy_high,64,89,fixed,prediction_error,56,0.9544016275928987,0.4480268959435626,0.3942995411706349,0.6666666666666666,320000,155,2.421875,0.17832961974632006,0.2791748046875,10,0.0390625,0.09375,-0.17015019392605235,0.2864583333333333,0.9968125,0.3177083333333333,0.0031875000000000002,0.5260416666666666,0.0,0.65903125,0.2562875,0.08468125,0.265625,0.657740625,0.234375,0.25504375,0.359375,0.084028125,0.265625,0.001290625,0.265625,0.00124375,0.421875,0.000653125,0.515625,0.0,0.5,0.0,0.5625,0.0
split_high_low,64,89,fixed,prediction_error,59,0.971992480463116,0.46599426807760136,0.4099048099578373,0.6666666666666666,320000,158,2.46875,0.1839104529329731,0.2454833984375,9,0.03515625,0.0625,-0.018984905252240725,0.3385416666666667,0.9612531249999999,0.3489583333333333,0.038746875,0.5260416666666666,0.0,0.6453687499999999,0.269709375,0.08492187500000001,0.234375,0.61791875,0.421875,0.260275,0.359375,0.083059375,0.3125,0.02745,0.28125,0.009434375,0.453125,0.0018625,0.515625,0.0,0.5,0.0,0.5625,0.0
uniform_high,64,90,fixed,prediction_error,57,0.9635416666666666,0.46825396825396826,0.47087495504712307,0.6666666666666666,320000,221,3.453125,0.2178897888503743,0.2862548828125,9,0.03515625,0.0234375,0.011921168420023847,0.3802083333333333,0.996103125,0.3020833333333333,0.0038968749999999997,0.4947916666666667,0.0,0.48031874999999996,0.3399,0.17978125,0.34375,0.478834375,0.375,0.338390625,0.421875,0.178878125,0.28125,0.001484375,0.265625,0.001509375,0.359375,0.000903125,0.5625,0.0,0.453125,0.0,0.46875,0.0
patchy_high,64,90,fixed,prediction_error,60,0.9791666666666666,0.4812610229276896,0.4929331287202381,0.6666666666666666,320000,212,3.3125,0.2193589248138127,0.24365234375,9,0.03515625,0.03125,0.0327402631773982,0.4583333333333333,0.995996875,0.328125,0.004003125,0.4947916666666667,0.0,0.4570125,0.35004062500000005,0.192946875,0.375,0.455621875,0.484375,0.348503125,0.515625,0.191871875,0.28125,0.001390625,0.3125,0.0015375,0.390625,0.001075,0.5625,0.0,0.453125,0.0,0.46875,0.0
split_high_low,64,90,fixed,prediction_error,57,0.9576441080560146,0.47360008818342153,0.44100272662450396,0.6666666666666666,320000,188,2.9375,0.20387007145761535,0.2464599609375,8,0.03125,0.0546875,0.004102900045192535,0.3645833333333333,0.98960625,0.3645833333333333,0.01039375,0.4947916666666667,0.0,0.563646875,0.308596875,0.12775625000000002,0.34375,0.557975,0.25,0.305203125,0.5,0.126428125,0.328125,0.005671875,0.359375,0.00339375,0.40625,0.001328125,0.5625,0.0,0.453125,0.0,0.46875,0.0
uniform_high,64,91,fixed,prediction_error,55,0.9511591471297827,0.4582782186948854,0.4100812810019841,0.6666666666666666,320000,172,2.6875,0.17448409271676935,0.265625,9,0.03515625,0.0390625,-0.022519286769831913,0.3177083333333333,0.99668125,0.3125,0.0033187499999999997,0.5104166666666666,0.0,0.6728,0.24923125000000002,0.07796875,0.265625,0.6716875,0.296875,0.2479,0.390625,0.07709375,0.28125,0.0011125,0.359375,0.00133125,0.296875,0.000875,0.53125,0.0,0.53125,0.0,0.46875,0.0
patchy_high,64,91,fixed,prediction_error,52,0.9322916666666666,0.45001102292768963,0.3723182756696429,0.6666666666666666,320000,149,2.328125,0.16460193046533378,0.2529296875,8,0.03125,0.0859375,-0.02275854097706816,0.3125,0.996696875,0.296875,0.0033031250000000005,0.5104166666666666,0.0,0.7264875000000001,0.21712499999999998,0.0563875,0.21875,0.725409375,0.296875,0.21569375,0.421875,0.05559375,0.3125,0.001078125,0.328125,0.00143125,0.25,0.00079375,0.53125,0.0,0.53125,0.0,0.46875,0.0
split_high_low,64,91,fixed,prediction_error,54,0.9427083333333334,0.4656635802469136,0.434642037140377,0.6666666666666666,320000,182,2.84375,0.17979932714525654,0.2891845703125,10,0.0390625,0.078125,-0.04409190180275295,0.3229166666666667,0.9963000000000001,0.328125,0.0037,0.5104166666666666,0.0,0.667140625,0.248209375,0.08465,0.296875,0.66571875,0.34375,0.24678125,0.328125,0.0838,0.328125,0.001421875,0.34375,0.001428125,0.3125,0.00085,0.53125,0.0,0.53125,0.0,0.46875,0.0
uniform_high,64,92,fixed,prediction_error,54,0.9459508137964493,0.4810956790123457,0.49657023964533736,0.6666666666666666,320000,242,3.78125,0.22416156143431148,0.208984375,8,0.03125,0.0859375,0.08218181774845003,0.4583333333333333,0.99516875,0.3229166666666667,0.0048312500000000005,0.515625,0.0,0.45839375000000004,0.34895000000000004,0.19265625,0.5,0.456521875,0.375,0.3471,0.5,0.191546875,0.296875,0.001871875,0.296875,0.00185,0.375,0.001109375,0.515625,0.0,0.46875,0.0,0.5625,0.0
patchy_high,64,92,fixed,prediction_error,60,0.9791666666666666,0.4809303350970018,0.49682232917906743,0.6666666666666666,320000,253,3.953125,0.2273525221549611,0.286376953125,8,0.03125,0.0703125,0.03304287027047436,0.4322916666666667,0.994709375,0.3229166666666667,0.005290625,0.515625,0.0,0.44696562500000003,0.35269375000000003,0.200340625,0.421875,0.44485,0.421875,0.350721875,0.453125,0.1991375,0.375,0.002115625,0.265625,0.001971875,0.328125,0.001203125,0.515625,0.0,0.46875,0.0,0.5625,0.0
split_high_low,64,92,fixed,prediction_error,54,0.9459508137964493,0.4750330687830688,0.4275224252852183,0.6666666666666666,320000,202,3.15625,0.1897550321219701,0.266845703125,9,0.03515625,0.046875,0.051629031152888166,0.3385416666666667,0.9932375000000001,0.3697916666666667,0.0067625,0.515625,0.0,0.593690625,0.28875,0.117559375,0.265625,0.589934375,0.359375,0.286746875,0.390625,0.11655625,0.40625,0.00375625,0.328125,0.002003125,0.375,0.001003125,0.515625,0.0,0.46875,0.0,0.5625,0.0
uniform_high,64,93,fixed,prediction_error,54,0.9459508137964493,0.44846781305114636,0.4009007486979167,0.6666666666666666,320000,163,2.546875,0.1801335879116221,0.3482666015625,9,0.03515625,0.0546875,0.015897551513821363,0.34375,0.9966125,0.2760416666666667,0.0033875,0.4895833333333333,0.0,0.675915625,0.251453125,0.07263125,0.25,0.674403125,0.296875,0.250134375,0.484375,0.072075,0.25,0.0015125,0.25,0.00131875,0.328125,0.00055625,0.4375,0.0,0.5,0.0,0.53125,0.0
patchy_high,64,93,fixed,prediction_error,57,0.9635416666666666,0.4386022927689594,0.3833201915922619,0.6666666666666666,320000,178,2.78125,0.18527774812795939,0.2777099609375,9,0.03515625,0.078125,0.08093597829403462,0.3072916666666667,0.9967125,0.2760416666666667,0.0032875,0.4895833333333333,0.0,0.629696875,0.2751875,0.095115625,0.25,0.62828125,0.21875,0.273878125,0.453125,0.094553125,0.265625,0.001415625,0.21875,0.001309375,0.34375,0.0005625,0.4375,0.0,0.5,0.0,0.53125,0.0
split_high_low,64,93,fixed,prediction_error,52,0.9355341471297827,0.44742063492063494,0.34518415178571427,0.6666666666666666,320000,143,2.234375,0.17440947877272728,0.32421875,9,0.03515625,0.078125,0.013769957692730607,0.2916666666666667,0.9513,0.3125,0.0487,0.4895833333333333,0.0,0.6906875,0.2401,0.0692125,0.171875,0.660728125,0.34375,0.2263125,0.359375,0.064259375,0.28125,0.029959375,0.28125,0.0137875,0.375,0.004953125,0.4375,0.0,0.5,0.0,0.53125,0.0
uniform_high,64,94,fixed,prediction_error,57,0.9615758137964493,0.4783399470899471,0.47486273871527773,0.6666666666666666,320000,207,3.234375,0.19229831780051937,0.2725830078125,8,0.03125,0.0703125,-0.04105762202693098,0.390625,0.9954656249999999,0.34375,0.004534375,0.53125,0.0,0.5774125,0.30727499999999996,0.1153125,0.390625,0.57584375,0.328125,0.30529375,0.453125,0.114328125,0.421875,0.00156875,0.3125,0.00198125,0.296875,0.000984375,0.5625,0.0,0.5,0.0,0.53125,0.0
patchy_high,64,94,fixed,prediction_error,54,0.9459508137964493,0.46412037037037035,0.41979605809771825,0.6666666666666666,320000,222,3.46875,0.2003572475946897,0.2772216796875,8,0.03125,0.109375,-0.02058588997549982,0.3125,0.9950125000000001,0.3489583333333333,0.004987500000000001,0.53125,0.0,0.535621875,0.313015625,0.1513625,0.296875,0.5340875,0.25,0.310834375,0.390625,0.150090625,0.40625,0.001534375,0.328125,0.00218125,0.3125,0.001271875,0.5625,0.0,0.5,0.0,0.53125,0.0
split_high_low,64,94,fixed,prediction_error,57,0.9615758137964493,0.47354497354497355,0.4207943297371031,1.0,320000,203,3.171875,0.1897006518227985,0.29638671875,9,0.03515625,0.078125,-0.023728232036433938,0.3333333333333333,0.9853593749999999,0.3854166666666667,0.014575000000000001,0.53125,6.5625e-05,0.62420625,0.27751562500000004,0.09827812500000001,0.296875,0.615584375,0.25,0.2733375,0.453125,0.0964375,0.375,0.008578125,0.421875,0.004159375,0.359375,0.0018375,0.5625,4.375e-05,0.5,1.875e-05,0.53125,3.125e-06
uniform_high,64,95,fixed,prediction_error,54,0.9479166666666666,0.45453042328042326,0.4311119729662699,0.6666666666666666,320000,175,2.734375,0.1747163184205599,0.2962646484375,10,0.0390625,0.0703125,-0.034758390209832415,0.3333333333333333,0.9964343750000001,0.3177083333333333,0.0035656250000000002,0.5104166666666666,0.0,0.682771875,0.24295312500000002,0.074275,0.3125,0.6814,0.265625,0.2415875,0.421875,0.073446875,0.40625,0.001371875,0.234375,0.001365625,0.3125,0.000828125,0.4375,0.0,0.640625,0.0,0.453125,0.0
patchy_high,64,95,fixed,prediction_error,55,0.9511591471297827,0.43490961199294537,0.33329801432291667,0.6666666666666666,320000,148,2.3125,0.1647148843028366,0.26025390625,9,0.03515625,0.0625,0.06152164298414457,0.234375,0.9964656249999999,0.34375,0.003534375,0.5104166666666666,0.0,0.7184968749999999,0.21789062499999998,0.0636125,0.1875,0.717284375,0.265625,0.216515625,0.25,0.062665625,0.421875,0.0012125,0.296875,0.001375,0.3125,0.000946875,0.4375,0.0,0.640625,0.0,0.453125,0.0
split_high_low,64,95,fixed,prediction_error,54,0.9427083333333334,0.462852733686067,0.422829041108631,0.6666666666666666,320000,188,2.9375,0.18482615239228142,0.2869873046875,9,0.03515625,0.109375,0.05273301909818851,0.3020833333333333,0.995859375,0.3854166666666667,0.004140625,0.5104166666666666,0.0,0.65251875,0.262359375,0.085121875,0.296875,0.650665625,0.28125,0.260828125,0.328125,0.084365625,0.484375,0.001853125,0.3125,0.00153125,0.359375,0.00075625,0.4375,0.0,0.640625,0.0,0.453125,0.0
uniform_high,64,96,fixed,prediction_error,54,0.9427083333333334,0.45629409171075835,0.372997566344246,0.6666666666666666,320000,129,2.015625,0.15800272997372905,0.279541015625,10,0.0390625,0.0546875,0.03280779703180553,0.3072916666666667,0.995384375,0.3489583333333333,0.004615625,0.5052083333333334,0.0,0.739484375,0.21112187500000001,0.04939375,0.21875,0.737890625,0.3125,0.209240625,0.390625,0.048253125,0.375,0.00159375,0.3125,0.00188125,0.359375,0.001140625,0.640625,0.0,0.484375,0.0,0.390625,0.0
patchy_high,64,96,fixed,prediction_error,56,0.9544016275928987,0.45116843033509707,0.34159451419890874,0.6666666666666666,320000,124,1.9375,0.15653818311896314,0.3070068359375,10,0.0390625,0.0625,-0.12052370995008749,0.3072916666666667,0.9961031250000001,0.34375,0.003896875,0.5052083333333334,0.0,0.754846875,0.19517500000000002,0.049978125,0.1875,0.7535125,0.296875,0.193615625,0.4375,0.048975,0.359375,0.001334375,0.296875,0.001559375,0.375,0.001003125,0.640625,0.0,0.484375,0.0,0.390625,0.0
split_high_low,64,96,fixed,prediction_error,54,0.9427083333333334,0.4481371252204585,0.37424534195188486,0.6666666666666666,320000,184,2.875,0.18867361723457163,0.268798828125,9,0.03515625,0.078125,0.005444585528422713,0.2552083333333333,0.995865625,0.3802083333333333,0.004134375,0.5052083333333334,0.0,0.6203093749999999,0.279128125,0.1005625,0.21875,0.618728125,0.3125,0.27753125,0.234375,0.09960625,0.34375,0.00158125,0.359375,0.001596875,0.4375,0.00095625,0.640625,0.0,0.484375,0.0,0.390625,0.0
uniform_high,64,97,fixed,prediction_error,61,0.984375,0.4663800705467372,0.44319533110119047,0.6666666666666666,320000,222,3.46875,0.21448611857620453,0.2847900390625,10,0.0390625,0.0546875,-0.02609648101262277,0.328125,0.9949656250000001,0.3333333333333333,0.005034375,0.453125,0.0,0.500053125,0.33574375,0.164203125,0.328125,0.498265625,0.296875,0.333809375,0.359375,0.162890625,0.296875,0.0017875,0.328125,0.001934375,0.375,0.0013125,0.4375,0.0,0.46875,0.0,0.453125,0.0
patchy_high,64,97,fixed,prediction_error,57,0.9615758137964493,0.4700176366843033,0.4408144562251984,0.6666666666666666,320000,219,3.421875,0.21217380329568392,0.27734375,9,0.03515625,0.0859375,-0.033336227228666596,0.3697916666666667,0.99495625,0.3333333333333333,0.00504375,0.453125,0.0,0.5202125,0.33105,0.1487375,0.28125,0.51845625,0.34375,0.329121875,0.484375,0.147378125,0.296875,0.00175625,0.3125,0.001928125,0.390625,0.001359375,0.4375,0.0,0.46875,0.0,0.453125,0.0
split_high_low,64,97,fixed,prediction_error,59,0.971992480463116,0.4600970017636684,0.3994483196924603,0.6666666666666666,320000,184,2.875,0.1924824068070217,0.265869140625,9,0.03515625,0.0546875,0.016951587590520262,0.296875,0.9906375000000001,0.3541666666666667,0.009362500000000001,0.453125,0.0,0.603425,0.28558125,0.11099375,0.25,0.599471875,0.28125,0.28223125,0.359375,0.108934375,0.296875,0.003953125,0.328125,0.00335,0.4375,0.002059375,0.4375,0.0,0.46875,0.0,0.453125,0.0
uniform_high,64,98,fixed,prediction_error,54,0.943984960926232,0.4577270723104056,0.4678826760912699,0.6666666666666666,320000,210,3.28125,0.21654131770051818,0.2647705078125,9,0.03515625,0.09375,-0.08669177545577554,0.3489583333333333,0.9948406249999999,0.296875,0.005159375,0.484375,0.0,0.498046875,0.330153125,0.17179999999999998,0.390625,0.49579375,0.359375,0.3282625,0.296875,0.170784375,0.234375,0.002253125,0.328125,0.001890625,0.328125,0.001015625,0.375,0.0,0.515625,0.0,0.5625,0.0
patchy_high,64,98,fixed,prediction_error,60,0.9791666666666666,0.4467041446208112,0.4333458131820437,0.6666666666666666,320000,212,3.3125,0.21809546137125574,0.273193359375,9,0.03515625,0.0625,-0.03885355241520936,0.3072916666666667,0.995090625,0.2864583333333333,0.004909375,0.484375,0.0,0.500890625,0.336965625,0.16214375,0.296875,0.498778125,0.34375,0.335109375,0.28125,0.161203125,0.265625,0.0021125,0.28125,0.00185625,0.3125,0.000940625,0.375,0.0,0.515625,0.0,0.5625,0.0
split_high_low,64,98,fixed,prediction_error,58,0.9667841471297827,0.4782297178130511,0.4763931625124008,0.6666666666666666,320000,204,3.1875,0.2126356557068651,0.288330078125,9,0.03515625,0.078125,-0.02446264424452874,0.3958333333333333,0.9911,0.34375,0.0089,0.484375,0.0,0.5275500000000001,0.32611875,0.14633125,0.34375,0.5229,0.4375,0.323190625,0.40625,0.145009375,0.328125,0.00465,0.375,0.002928125,0.328125,0.001321875,0.375,0.0,0.515625,0.0,0.5625,0.0
uniform_high,64,99,fixed,prediction_error,59,0.9739583333333334,0.47134038800705463,0.4471287341889882,0.6666666666666666,320000,193,3.015625,0.19343634284766614,0.2552490234375,12,0.046875,0.046875,-0.006161793078953807,0.3645833333333333,0.9961218749999999,0.3333333333333333,0.003878125,0.4895833333333333,0.0,0.595675,0.29740312500000005,0.106921875,0.296875,0.594040625,0.375,0.2958875,0.421875,0.10619375,0.328125,0.001634375,0.25,0.001515625,0.421875,0.000728125,0.46875,0.0,0.5,0.0,0.5,0.0
patchy_high,64,99,fixed,prediction_error,59,0.9739583333333334,0.4575617283950618,0.4154934120783729,0.6666666666666666,320000,199,3.109375,0.1977569162377486,0.2305908203125,8,0.03125,0.0390625,0.04993981624715077,0.296875,0.995778125,0.3385416666666667,0.004221875,0.4895833333333333,0.0,0.589378125,0.29395625,0.116665625,0.296875,0.5874375,0.25,0.292425,0.34375,0.115915625,0.3125,0.001940625,0.265625,0.00153125,0.4375,0.00075,0.46875,0.0,0.5,0.0,0.5,0.0
split_high_low,64,99,fixed,prediction_error,60,0.9791666666666666,0.48886684303350975,0.44196517857142853,0.6666666666666666,320000,202,3.15625,0.1916170255849003,0.2607421875,9,0.03515625,0.0546875,-0.11566082994660207,0.4114583333333333,0.98676875,0.4114583333333333,0.01323125,0.4895833333333333,0.0,0.62861875,0.2751875,0.09619375000000001,0.28125,0.622103125,0.40625,0.27078125,0.546875,0.093884375,0.390625,0.006515625,0.4375,0.00440625,0.40625,0.002309375,0.46875,0.0,0.5,0.0,0.5,0.0
