run_id,analysis_label,scenario,population,replicate,metric,value
ecology_perception_parallel_v1_b0,B0,uniform_high,64,0,eval_mean_mean_resource_fraction,0.13315776730456252
ecology_perception_parallel_v1_b0,B0,uniform_high,64,0,eval_mean_mean_reserve_welfare,0.832299567603939
ecology_perception_parallel_v1_b0,B0,uniform_high,64,0,final_wealth_gini,0.4369833759785695
ecology_perception_parallel_v1_b0,B0,patchy_high,64,0,eval_mean_mean_resource_fraction,0.08904371303088802
ecology_perception_parallel_v1_b0,B0,patchy_high,64,0,eval_mean_mean_reserve_welfare,0.7720534913768329
ecology_perception_parallel_v1_b0,B0,patchy_high,64,0,final_wealth_gini,0.3766013370450252
ecology_perception_parallel_v1_b0,B0,split_high_low,64,0,eval_mean_mean_resource_fraction,0.0940579786609806
ecology_perception_parallel_v1_b0,B0,split_high_low,64,0,eval_mean_mean_reserve_welfare,0.6900627323141412
ecology_perception_parallel_v1_b0,B0,split_high_low,64,0,final_wealth_gini,0.6074085748350799
ecology_perception_parallel_v1_b0,B0,uniform_high,64,1,eval_mean_mean_resource_fraction,0.07130858155056222
ecology_perception_parallel_v1_b0,B0,uniform_high,64,1,eval_mean_mean_reserve_welfare,0.633867485982598
ecology_perception_parallel_v1_b0,B0,uniform_high,64,1,final_wealth_gini,0.4813348101643409
ecology_perception_parallel_v1_b0,B0,patchy_high,64,1,eval_mean_mean_resource_fraction,0.10326362295709984
ecology_perception_parallel_v1_b0,B0,patchy_high,64,1,eval_mean_mean_reserve_welfare,0.7435336630506894
ecology_perception_parallel_v1_b0,B0,patchy_high,64,1,final_wealth_gini,0.4821242454729453
ecology_perception_parallel_v1_b0,B0,split_high_low,64,1,eval_mean_mean_resource_fraction,0.06780616478185224
ecology_perception_parallel_v1_b0,B0,split_high_low,64,1,eval_mean_mean_reserve_welfare,0.7105908859232707
ecology_perception_parallel_v1_b0,B0,split_high_low,64,1,final_wealth_gini,0.5085207412885455
ecology_perception_parallel_v1_b0,B0,uniform_high,64,2,eval_mean_mean_resource_fraction,0.07341361809255854
ecology_perception_parallel_v1_b0,B0,uniform_high,64,2,eval_mean_mean_reserve_welfare,0.7086666155442461
ecology_perception_parallel_v1_b0,B0,uniform_high,64,2,final_wealth_gini,0.4061323444590932
ecology_perception_parallel_v1_b0,B0,patchy_high,64,2,eval_mean_mean_resource_fraction,0.07134836490554146
ecology_perception_parallel_v1_b0,B0,patchy_high,64,2,eval_mean_mean_reserve_welfare,0.7041840616265794
ecology_perception_parallel_v1_b0,B0,patchy_high,64,2,final_wealth_gini,0.3893200513952235
ecology_perception_parallel_v1_b0,B0,split_high_low,64,2,eval_mean_mean_resource_fraction,0.10668439175010413
ecology_perception_parallel_v1_b0,B0,split_high_low,64,2,eval_mean_mean_reserve_welfare,0.7487580493689634
ecology_perception_parallel_v1_b0,B0,split_high_low,64,2,final_wealth_gini,0.541678169801485
ecology_perception_parallel_v1_b0,B0,uniform_high,64,3,eval_mean_mean_resource_fraction,0.08928425529704466
ecology_perception_parallel_v1_b0,B0,uniform_high,64,3,eval_mean_mean_reserve_welfare,0.7959546941344884
ecology_perception_parallel_v1_b0,B0,uniform_high,64,3,final_wealth_gini,0.3979185058701038
ecology_perception_parallel_v1_b0,B0,patchy_high,64,3,eval_mean_mean_resource_fraction,0.08528721756216802
ecology_perception_parallel_v1_b0,B0,patchy_high,64,3,eval_mean_mean_reserve_welfare,0.7469315848862277
ecology_perception_parallel_v1_b0,B0,patchy_high,64,3,final_wealth_gini,0.4459557013207851
ecology_perception_parallel_v1_b0,B0,split_high_low,64,3,eval_mean_mean_resource_fraction,0.13069337874688863
ecology_perception_parallel_v1_b0,B0,split_high_low,64,3,eval_mean_mean_reserve_welfare,0.6023763482193754
ecology_perception_parallel_v1_b0,B0,split_high_low,64,3,final_wealth_gini,0.6873868093958175
ecology_perception_parallel_v1_b0,B0,uniform_high,64,4,eval_mean_mean_resource_fraction,0.10846075062823486
ecology_perception_parallel_v1_b0,B0,uniform_high,64,4,eval_mean_mean_reserve_welfare,0.7892463302808799
ecology_perception_parallel_v1_b0,B0,uniform_high,64,4,final_wealth_gini,0.4159014840581554
ecology_perception_parallel_v1_b0,B0,patchy_high,64,4,eval_mean_mean_resource_fraction,0.12035642670523022
ecology_perception_parallel_v1_b0,B0,patchy_high,64,4,eval_mean_mean_reserve_welfare,0.796682670797875
ecology_perception_parallel_v1_b0,B0,patchy_high,64,4,final_wealth_gini,0.44254488662447033
ecology_perception_parallel_v1_b0,B0,split_high_low,64,4,eval_mean_mean_resource_fraction,0.09241093115160669
ecology_perception_parallel_v1_b0,B0,split_high_low,64,4,eval_mean_mean_reserve_welfare,0.607351206621106
ecology_perception_parallel_v1_b0,B0,split_high_low,64,4,final_wealth_gini,0.6323930789210639
ecology_perception_parallel_v1_b0,B0,uniform_high,64,5,eval_mean_mean_resource_fraction,0.13938875536239706
ecology_perception_parallel_v1_b0,B0,uniform_high,64,5,eval_mean_mean_reserve_welfare,0.8278395386573866
ecology_perception_parallel_v1_b0,B0,uniform_high,64,5,final_wealth_gini,0.46162940426353627
ecology_perception_parallel_v1_b0,B0,patchy_high,64,5,eval_mean_mean_resource_fraction,0.1425396070806737
ecology_perception_parallel_v1_b0,B0,patchy_high,64,5,eval_mean_mean_reserve_welfare,0.8624885206620714
ecology_perception_parallel_v1_b0,B0,patchy_high,64,5,final_wealth_gini,0.4232591208153902
ecology_perception_parallel_v1_b0,B0,split_high_low,64,5,eval_mean_mean_resource_fraction,0.09326147803105875
ecology_perception_parallel_v1_b0,B0,split_high_low,64,5,eval_mean_mean_reserve_welfare,0.6365692226290146
ecology_perception_parallel_v1_b0,B0,split_high_low,64,5,final_wealth_gini,0.6039282369711811
ecology_perception_parallel_v1_b0,B0,uniform_high,64,6,eval_mean_mean_resource_fraction,0.10160638848085433
ecology_perception_parallel_v1_b0,B0,uniform_high,64,6,eval_mean_mean_reserve_welfare,0.7026725500834688
ecology_perception_parallel_v1_b0,B0,uniform_high,64,6,final_wealth_gini,0.49533837399778124
ecology_perception_parallel_v1_b0,B0,patchy_high,64,6,eval_mean_mean_resource_fraction,0.11333005273591758
ecology_perception_parallel_v1_b0,B0,patchy_high,64,6,eval_mean_mean_reserve_welfare,0.7912690502124899
ecology_perception_parallel_v1_b0,B0,patchy_high,64,6,final_wealth_gini,0.4428232607372524
ecology_perception_parallel_v1_b0,B0,split_high_low,64,6,eval_mean_mean_resource_fraction,0.1085988083559719
ecology_perception_parallel_v1_b0,B0,split_high_low,64,6,eval_mean_mean_reserve_welfare,0.7173565875313591
ecology_perception_parallel_v1_b0,B0,split_high_low,64,6,final_wealth_gini,0.5662271917121722
ecology_perception_parallel_v1_b0,B0,uniform_high,64,7,eval_mean_mean_resource_fraction,0.09328996437765999
ecology_perception_parallel_v1_b0,B0,uniform_high,64,7,eval_mean_mean_reserve_welfare,0.7956696951602863
ecology_perception_parallel_v1_b0,B0,uniform_high,64,7,final_wealth_gini,0.392539187749531
ecology_perception_parallel_v1_b0,B0,patchy_high,64,7,eval_mean_mean_resource_fraction,0.08694742643202978
ecology_perception_parallel_v1_b0,B0,patchy_high,64,7,eval_mean_mean_reserve_welfare,0.7561412520967985
ecology_perception_parallel_v1_b0,B0,patchy_high,64,7,final_wealth_gini,0.4498592645461874
ecology_perception_parallel_v1_b0,B0,split_high_low,64,7,eval_mean_mean_resource_fraction,0.12382226015526442
ecology_perception_parallel_v1_b0,B0,split_high_low,64,7,eval_mean_mean_reserve_welfare,0.6256898224096281
ecology_perception_parallel_v1_b0,B0,split_high_low,64,7,final_wealth_gini,0.6509275058076884
ecology_perception_parallel_v1_b0,B0,uniform_high,64,8,eval_mean_mean_resource_fraction,0.13663288136132778
ecology_perception_parallel_v1_b0,B0,uniform_high,64,8,eval_mean_mean_reserve_welfare,0.6727285292137607
ecology_perception_parallel_v1_b0,B0,uniform_high,64,8,final_wealth_gini,0.5962423591418369
ecology_perception_parallel_v1_b0,B0,patchy_high,64,8,eval_mean_mean_resource_fraction,0.1370658811551341
ecology_perception_parallel_v1_b0,B0,patchy_high,64,8,eval_mean_mean_reserve_welfare,0.6551574038675785
ecology_perception_parallel_v1_b0,B0,patchy_high,64,8,final_wealth_gini,0.6013279502258821
ecology_perception_parallel_v1_b0,B0,split_high_low,64,8,eval_mean_mean_resource_fraction,0.11167700828441116
ecology_perception_parallel_v1_b0,B0,split_high_low,64,8,eval_mean_mean_reserve_welfare,0.6876235590305573
ecology_perception_parallel_v1_b0,B0,split_high_low,64,8,final_wealth_gini,0.5577455774879294
ecology_perception_parallel_v1_b0,B0,uniform_high,64,9,eval_mean_mean_resource_fraction,0.10726513100424571
ecology_perception_parallel_v1_b0,B0,uniform_high,64,9,eval_mean_mean_reserve_welfare,0.7616934595396363
ecology_perception_parallel_v1_b0,B0,uniform_high,64,9,final_wealth_gini,0.47033010392269614
ecology_perception_parallel_v1_b0,B0,patchy_high,64,9,eval_mean_mean_resource_fraction,0.11881656603860555
ecology_perception_parallel_v1_b0,B0,patchy_high,64,9,eval_mean_mean_reserve_welfare,0.83939397186814
ecology_perception_parallel_v1_b0,B0,patchy_high,64,9,final_wealth_gini,0.4247281154172913
ecology_perception_parallel_v1_b0,B0,split_high_low,64,9,eval_mean_mean_resource_fraction,0.12278761134918793
ecology_perception_parallel_v1_b0,B0,split_high_low,64,9,eval_mean_mean_reserve_welfare,0.6117661325655633
ecology_perception_parallel_v1_b0,B0,split_high_low,64,9,final_wealth_gini,0.6525915932873076
ecology_perception_parallel_v1_b0,B0,uniform_high,64,10,eval_mean_mean_resource_fraction,0.07595838573486549
ecology_perception_parallel_v1_b0,B0,uniform_high,64,10,eval_mean_mean_reserve_welfare,0.7593912233631134
ecology_perception_parallel_v1_b0,B0,uniform_high,64,10,final_wealth_gini,0.3990955980454911
ecology_perception_parallel_v1_b0,B0,patchy_high,64,10,eval_mean_mean_resource_fraction,0.08517627121225717
ecology_perception_parallel_v1_b0,B0,patchy_high,64,10,eval_mean_mean_reserve_welfare,0.7663227200722678
ecology_perception_parallel_v1_b0,B0,patchy_high,64,10,final_wealth_gini,0.42522082433021446
ecology_perception_parallel_v1_b0,B0,split_high_low,64,10,eval_mean_mean_resource_fraction,0.11536022136385789
ecology_perception_parallel_v1_b0,B0,split_high_low,64,10,eval_mean_mean_reserve_welfare,0.6309380160009609
ecology_perception_parallel_v1_b0,B0,split_high_low,64,10,final_wealth_gini,0.6027962811891951
ecology_perception_parallel_v1_b0,B0,uniform_high,64,11,eval_mean_mean_resource_fraction,0.08804879525341643
ecology_perception_parallel_v1_b0,B0,uniform_high,64,11,eval_mean_mean_reserve_welfare,0.6278324571258519
ecology_perception_parallel_v1_b0,B0,uniform_high,64,11,final_wealth_gini,0.5411485293331935
ecology_perception_parallel_v1_b0,B0,patchy_high,64,11,eval_mean_mean_resource_fraction,0.0881137440297131
ecology_perception_parallel_v1_b0,B0,patchy_high,64,11,eval_mean_mean_reserve_welfare,0.6438325554388218
ecology_perception_parallel_v1_b0,B0,patchy_high,64,11,final_wealth_gini,0.5130078974024508
ecology_perception_parallel_v1_b0,B0,split_high_low,64,11,eval_mean_mean_resource_fraction,0.10653894656518409
ecology_perception_parallel_v1_b0,B0,split_high_low,64,11,eval_mean_mean_reserve_welfare,0.6603743987633878
ecology_perception_parallel_v1_b0,B0,split_high_low,64,11,final_wealth_gini,0.6256007597855491
ecology_perception_parallel_v1_b0,B0,uniform_high,64,12,eval_mean_mean_resource_fraction,0.08616369665334227
ecology_perception_parallel_v1_b0,B0,uniform_high,64,12,eval_mean_mean_reserve_welfare,0.6936995367668336
ecology_perception_parallel_v1_b0,B0,uniform_high,64,12,final_wealth_gini,0.4808692199896416
ecology_perception_parallel_v1_b0,B0,patchy_high,64,12,eval_mean_mean_resource_fraction,0.09206622143376349
ecology_perception_parallel_v1_b0,B0,patchy_high,64,12,eval_mean_mean_reserve_welfare,0.738115222791087
ecology_perception_parallel_v1_b0,B0,patchy_high,64,12,final_wealth_gini,0.4556231345386539
ecology_perception_parallel_v1_b0,B0,split_high_low,64,12,eval_mean_mean_resource_fraction,0.15301154911631273
ecology_perception_parallel_v1_b0,B0,split_high_low,64,12,eval_mean_mean_reserve_welfare,0.5817555715130748
ecology_perception_parallel_v1_b0,B0,split_high_low,64,12,final_wealth_gini,0.7097765043690685
ecology_perception_parallel_v1_b0,B0,uniform_high,64,13,eval_mean_mean_resource_fraction,0.08751668750256651
ecology_perception_parallel_v1_b0,B0,uniform_high,64,13,eval_mean_mean_reserve_welfare,0.6471130517443521
ecology_perception_parallel_v1_b0,B0,uniform_high,64,13,final_wealth_gini,0.5270203342218609
ecology_perception_parallel_v1_b0,B0,patchy_high,64,13,eval_mean_mean_resource_fraction,0.10115099566151105
ecology_perception_parallel_v1_b0,B0,patchy_high,64,13,eval_mean_mean_reserve_welfare,0.6833895217626106
ecology_perception_parallel_v1_b0,B0,patchy_high,64,13,final_wealth_gini,0.5320586959538589
ecology_perception_parallel_v1_b0,B0,split_high_low,64,13,eval_mean_mean_resource_fraction,0.1276056898068264
ecology_perception_parallel_v1_b0,B0,split_high_low,64,13,eval_mean_mean_reserve_welfare,0.5936539732122607
ecology_perception_parallel_v1_b0,B0,split_high_low,64,13,final_wealth_gini,0.6953714994100979
ecology_perception_parallel_v1_b0,B0,uniform_high,64,14,eval_mean_mean_resource_fraction,0.0977641303776191
ecology_perception_parallel_v1_b0,B0,uniform_high,64,14,eval_mean_mean_reserve_welfare,0.8159652058654201
ecology_perception_parallel_v1_b0,B0,uniform_high,64,14,final_wealth_gini,0.3975665417212173
ecology_perception_parallel_v1_b0,B0,patchy_high,64,14,eval_mean_mean_resource_fraction,0.13920956366901957
ecology_perception_parallel_v1_b0,B0,patchy_high,64,14,eval_mean_mean_reserve_welfare,0.8803794242522603
ecology_perception_parallel_v1_b0,B0,patchy_high,64,14,final_wealth_gini,0.3919118806762458
ecology_perception_parallel_v1_b0,B0,split_high_low,64,14,eval_mean_mean_resource_fraction,0.10450174324698362
ecology_perception_parallel_v1_b0,B0,split_high_low,64,14,eval_mean_mean_reserve_welfare,0.5833608789063814
ecology_perception_parallel_v1_b0,B0,split_high_low,64,14,final_wealth_gini,0.6926017122131054
ecology_perception_parallel_v1_b0,B0,uniform_high,64,15,eval_mean_mean_resource_fraction,0.14455032642794477
ecology_perception_parallel_v1_b0,B0,uniform_high,64,15,eval_mean_mean_reserve_welfare,0.8907536330607388
ecology_perception_parallel_v1_b0,B0,uniform_high,64,15,final_wealth_gini,0.39210559027787717
ecology_perception_parallel_v1_b0,B0,patchy_high,64,15,eval_mean_mean_resource_fraction,0.1292441285717236
ecology_perception_parallel_v1_b0,B0,patchy_high,64,15,eval_mean_mean_reserve_welfare,0.8493045838803596
ecology_perception_parallel_v1_b0,B0,patchy_high,64,15,final_wealth_gini,0.3963787513409027
ecology_perception_parallel_v1_b0,B0,split_high_low,64,15,eval_mean_mean_resource_fraction,0.10509940799795749
ecology_perception_parallel_v1_b0,B0,split_high_low,64,15,eval_mean_mean_reserve_welfare,0.6420977615092273
ecology_perception_parallel_v1_b0,B0,split_high_low,64,15,final_wealth_gini,0.624063459952676
ecology_perception_parallel_v1_b0,B0,uniform_high,64,16,eval_mean_mean_resource_fraction,0.09300385014544574
ecology_perception_parallel_v1_b0,B0,uniform_high,64,16,eval_mean_mean_reserve_welfare,0.726915824729715
ecology_perception_parallel_v1_b0,B0,uniform_high,64,16,final_wealth_gini,0.43628981308614434
ecology_perception_parallel_v1_b0,B0,patchy_high,64,16,eval_mean_mean_resource_fraction,0.10169933428000019
ecology_perception_parallel_v1_b0,B0,patchy_high,64,16,eval_mean_mean_reserve_welfare,0.7583707120496395
ecology_perception_parallel_v1_b0,B0,patchy_high,64,16,final_wealth_gini,0.4359809717147338
ecology_perception_parallel_v1_b0,B0,split_high_low,64,16,eval_mean_mean_resource_fraction,0.09823696269315411
ecology_perception_parallel_v1_b0,B0,split_high_low,64,16,eval_mean_mean_reserve_welfare,0.6837780269725141
ecology_perception_parallel_v1_b0,B0,split_high_low,64,16,final_wealth_gini,0.5703839788315002
ecology_perception_parallel_v1_b0,B0,uniform_high,64,17,eval_mean_mean_resource_fraction,0.11869088802356295
ecology_perception_parallel_v1_b0,B0,uniform_high,64,17,eval_mean_mean_reserve_welfare,0.744850753177753
ecology_perception_parallel_v1_b0,B0,uniform_high,64,17,final_wealth_gini,0.5012174215941929
ecology_perception_parallel_v1_b0,B0,patchy_high,64,17,eval_mean_mean_resource_fraction,0.1034812483838028
ecology_perception_parallel_v1_b0,B0,patchy_high,64,17,eval_mean_mean_reserve_welfare,0.6842022789473541
ecology_perception_parallel_v1_b0,B0,patchy_high,64,17,final_wealth_gini,0.5144250318838384
ecology_perception_parallel_v1_b0,B0,split_high_low,64,17,eval_mean_mean_resource_fraction,0.1393459046590319
ecology_perception_parallel_v1_b0,B0,split_high_low,64,17,eval_mean_mean_reserve_welfare,0.6423796342925194
ecology_perception_parallel_v1_b0,B0,split_high_low,64,17,final_wealth_gini,0.6589754268123973
ecology_perception_parallel_v1_b0,B0,uniform_high,64,18,eval_mean_mean_resource_fraction,0.0892145339951515
ecology_perception_parallel_v1_b0,B0,uniform_high,64,18,eval_mean_mean_reserve_welfare,0.850891001535886
ecology_perception_parallel_v1_b0,B0,uniform_high,64,18,final_wealth_gini,0.32477494518044914
ecology_perception_parallel_v1_b0,B0,patchy_high,64,18,eval_mean_mean_resource_fraction,0.09648676352286778
ecology_perception_parallel_v1_b0,B0,patchy_high,64,18,eval_mean_mean_reserve_welfare,0.7853573009836448
ecology_perception_parallel_v1_b0,B0,patchy_high,64,18,final_wealth_gini,0.4218397223385666
ecology_perception_parallel_v1_b0,B0,split_high_low,64,18,eval_mean_mean_resource_fraction,0.08517590909634636
ecology_perception_parallel_v1_b0,B0,split_high_low,64,18,eval_mean_mean_reserve_welfare,0.6171787107092745
ecology_perception_parallel_v1_b0,B0,split_high_low,64,18,final_wealth_gini,0.6014614475740685
ecology_perception_parallel_v1_b0,B0,uniform_high,64,19,eval_mean_mean_resource_fraction,0.10951510218885678
ecology_perception_parallel_v1_b0,B0,uniform_high,64,19,eval_mean_mean_reserve_welfare,0.8326423290584454
ecology_perception_parallel_v1_b0,B0,uniform_high,64,19,final_wealth_gini,0.4110495227372639
ecology_perception_parallel_v1_b0,B0,patchy_high,64,19,eval_mean_mean_resource_fraction,0.15168497410295967
ecology_perception_parallel_v1_b0,B0,patchy_high,64,19,eval_mean_mean_reserve_welfare,0.9054225144413347
ecology_perception_parallel_v1_b0,B0,patchy_high,64,19,final_wealth_gini,0.37558706266589303
ecology_perception_parallel_v1_b0,B0,split_high_low,64,19,eval_mean_mean_resource_fraction,0.07482282173728019
ecology_perception_parallel_v1_b0,B0,split_high_low,64,19,eval_mean_mean_reserve_welfare,0.6540710597871329
ecology_perception_parallel_v1_b0,B0,split_high_low,64,19,final_wealth_gini,0.6051368018873957
ecology_perception_parallel_v1_b0,B0,uniform_high,64,20,eval_mean_mean_resource_fraction,0.09547688386949192
ecology_perception_parallel_v1_b0,B0,uniform_high,64,20,eval_mean_mean_reserve_welfare,0.7127086951613807
ecology_perception_parallel_v1_b0,B0,uniform_high,64,20,final_wealth_gini,0.49734847383097036
ecology_perception_parallel_v1_b0,B0,patchy_high,64,20,eval_mean_mean_resource_fraction,0.09646871507929981
ecology_perception_parallel_v1_b0,B0,patchy_high,64,20,eval_mean_mean_reserve_welfare,0.7765938055627928
ecology_perception_parallel_v1_b0,B0,patchy_high,64,20,final_wealth_gini,0.4416175484837479
ecology_perception_parallel_v1_b0,B0,split_high_low,64,20,eval_mean_mean_resource_fraction,0.08112257369690937
ecology_perception_parallel_v1_b0,B0,split_high_low,64,20,eval_mean_mean_reserve_welfare,0.545438040304713
ecology_perception_parallel_v1_b0,B0,split_high_low,64,20,final_wealth_gini,0.6569637018777172
ecology_perception_parallel_v1_b0,B0,uniform_high,64,21,eval_mean_mean_resource_fraction,0.1356794963266492
ecology_perception_parallel_v1_b0,B0,uniform_high,64,21,eval_mean_mean_reserve_welfare,0.8220461155428309
ecology_perception_parallel_v1_b0,B0,uniform_high,64,21,final_wealth_gini,0.4533736972947948
ecology_perception_parallel_v1_b0,B0,patchy_high,64,21,eval_mean_mean_resource_fraction,0.11779952285565223
ecology_perception_parallel_v1_b0,B0,patchy_high,64,21,eval_mean_mean_reserve_welfare,0.8236116294384124
ecology_perception_parallel_v1_b0,B0,patchy_high,64,21,final_wealth_gini,0.4555828090054228
ecology_perception_parallel_v1_b0,B0,split_high_low,64,21,eval_mean_mean_resource_fraction,0.09932588056187672
ecology_perception_parallel_v1_b0,B0,split_high_low,64,21,eval_mean_mean_reserve_welfare,0.6859927596924017
ecology_perception_parallel_v1_b0,B0,split_high_low,64,21,final_wealth_gini,0.6093520362769358
ecology_perception_parallel_v1_b0,B0,uniform_high,64,22,eval_mean_mean_resource_fraction,0.06238047766230609
ecology_perception_parallel_v1_b0,B0,uniform_high,64,22,eval_mean_mean_reserve_welfare,0.6984687614321985
ecology_perception_parallel_v1_b0,B0,uniform_high,64,22,final_wealth_gini,0.3741405212333395
ecology_perception_parallel_v1_b0,B0,patchy_high,64,22,eval_mean_mean_resource_fraction,0.0658500224669422
ecology_perception_parallel_v1_b0,B0,patchy_high,64,22,eval_mean_mean_reserve_welfare,0.6946979928554463
ecology_perception_parallel_v1_b0,B0,patchy_high,64,22,final_wealth_gini,0.40884291711455045
ecology_perception_parallel_v1_b0,B0,split_high_low,64,22,eval_mean_mean_resource_fraction,0.11628897646099288
ecology_perception_parallel_v1_b0,B0,split_high_low,64,22,eval_mean_mean_reserve_welfare,0.6794348021758951
ecology_perception_parallel_v1_b0,B0,split_high_low,64,22,final_wealth_gini,0.6115135187745624
ecology_perception_parallel_v1_b0,B0,uniform_high,64,23,eval_mean_mean_resource_fraction,0.12086845106037325
ecology_perception_parallel_v1_b0,B0,uniform_high,64,23,eval_mean_mean_reserve_welfare,0.8118913866358809
ecology_perception_parallel_v1_b0,B0,uniform_high,64,23,final_wealth_gini,0.458998696717839
ecology_perception_parallel_v1_b0,B0,patchy_high,64,23,eval_mean_mean_resource_fraction,0.09742074998719279
ecology_perception_parallel_v1_b0,B0,patchy_high,64,23,eval_mean_mean_reserve_welfare,0.724904282044702
ecology_perception_parallel_v1_b0,B0,patchy_high,64,23,final_wealth_gini,0.47955415578304494
ecology_perception_parallel_v1_b0,B0,split_high_low,64,23,eval_mean_mean_resource_fraction,0.11053773226956835
ecology_perception_parallel_v1_b0,B0,split_high_low,64,23,eval_mean_mean_reserve_welfare,0.6730787492652129
ecology_perception_parallel_v1_b0,B0,split_high_low,64,23,final_wealth_gini,0.5759855311754669
ecology_perception_parallel_v1_b0,B0,uniform_high,64,24,eval_mean_mean_resource_fraction,0.07748542760929575
ecology_perception_parallel_v1_b0,B0,uniform_high,64,24,eval_mean_mean_reserve_welfare,0.7660508438081816
ecology_perception_parallel_v1_b0,B0,uniform_high,64,24,final_wealth_gini,0.37850629758603804
ecology_perception_parallel_v1_b0,B0,patchy_high,64,24,eval_mean_mean_resource_fraction,0.06993614871835044
ecology_perception_parallel_v1_b0,B0,patchy_high,64,24,eval_mean_mean_reserve_welfare,0.6908732738806271
ecology_perception_parallel_v1_b0,B0,patchy_high,64,24,final_wealth_gini,0.43036374073298056
ecology_perception_parallel_v1_b0,B0,split_high_low,64,24,eval_mean_mean_resource_fraction,0.08975752659316054
ecology_perception_parallel_v1_b0,B0,split_high_low,64,24,eval_mean_mean_reserve_welfare,0.6635703435540713
ecology_perception_parallel_v1_b0,B0,split_high_low,64,24,final_wealth_gini,0.5658513747573592
ecology_perception_parallel_v1_b0,B0,uniform_high,64,25,eval_mean_mean_resource_fraction,0.09857284252064516
ecology_perception_parallel_v1_b0,B0,uniform_high,64,25,eval_mean_mean_reserve_welfare,0.7776754703381801
ecology_perception_parallel_v1_b0,B0,uniform_high,64,25,final_wealth_gini,0.4063988798879339
ecology_perception_parallel_v1_b0,B0,patchy_high,64,25,eval_mean_mean_resource_fraction,0.09489248760217762
ecology_perception_parallel_v1_b0,B0,patchy_high,64,25,eval_mean_mean_reserve_welfare,0.8009788932685693
ecology_perception_parallel_v1_b0,B0,patchy_high,64,25,final_wealth_gini,0.4337354816965304
ecology_perception_parallel_v1_b0,B0,split_high_low,64,25,eval_mean_mean_resource_fraction,0.1036049062305756
ecology_perception_parallel_v1_b0,B0,split_high_low,64,25,eval_mean_mean_reserve_welfare,0.6248893244244598
ecology_perception_parallel_v1_b0,B0,split_high_low,64,25,final_wealth_gini,0.644349858147873
ecology_perception_parallel_v1_b0,B0,uniform_high,64,26,eval_mean_mean_resource_fraction,0.13857864238650094
ecology_perception_parallel_v1_b0,B0,uniform_high,64,26,eval_mean_mean_reserve_welfare,0.8411666413464911
ecology_perception_parallel_v1_b0,B0,uniform_high,64,26,final_wealth_gini,0.45161392945778656
ecology_perception_parallel_v1_b0,B0,patchy_high,64,26,eval_mean_mean_resource_fraction,0.11588488707389591
ecology_perception_parallel_v1_b0,B0,patchy_high,64,26,eval_mean_mean_reserve_welfare,0.8087673190435906
ecology_perception_parallel_v1_b0,B0,patchy_high,64,26,final_wealth_gini,0.44609172754743276
ecology_perception_parallel_v1_b0,B0,split_high_low,64,26,eval_mean_mean_resource_fraction,0.08921312038063751
ecology_perception_parallel_v1_b0,B0,split_high_low,64,26,eval_mean_mean_reserve_welfare,0.5970345740027746
ecology_perception_parallel_v1_b0,B0,split_high_low,64,26,final_wealth_gini,0.6348188301188002
ecology_perception_parallel_v1_b0,B0,uniform_high,64,27,eval_mean_mean_resource_fraction,0.11851743701937575
ecology_perception_parallel_v1_b0,B0,uniform_high,64,27,eval_mean_mean_reserve_welfare,0.8145119702028382
ecology_perception_parallel_v1_b0,B0,uniform_high,64,27,final_wealth_gini,0.4165333492649712
ecology_perception_parallel_v1_b0,B0,patchy_high,64,27,eval_mean_mean_resource_fraction,0.10377030179578545
ecology_perception_parallel_v1_b0,B0,patchy_high,64,27,eval_mean_mean_reserve_welfare,0.7690890697241557
ecology_perception_parallel_v1_b0,B0,patchy_high,64,27,final_wealth_gini,0.42277229851033593
ecology_perception_parallel_v1_b0,B0,split_high_low,64,27,eval_mean_mean_resource_fraction,0.09859567355566447
ecology_perception_parallel_v1_b0,B0,split_high_low,64,27,eval_mean_mean_reserve_welfare,0.6303866520225146
ecology_perception_parallel_v1_b0,B0,split_high_low,64,27,final_wealth_gini,0.6236412437087255
ecology_perception_parallel_v1_b0,B0,uniform_high,64,28,eval_mean_mean_resource_fraction,0.14424112329726607
ecology_perception_parallel_v1_b0,B0,uniform_high,64,28,eval_mean_mean_reserve_welfare,0.9029698381189362
ecology_perception_parallel_v1_b0,B0,uniform_high,64,28,final_wealth_gini,0.38604231382983567
ecology_perception_parallel_v1_b0,B0,patchy_high,64,28,eval_mean_mean_resource_fraction,0.11089794914620486
ecology_perception_parallel_v1_b0,B0,patchy_high,64,28,eval_mean_mean_reserve_welfare,0.8348785655704796
ecology_perception_parallel_v1_b0,B0,patchy_high,64,28,final_wealth_gini,0.4096569755297408
ecology_perception_parallel_v1_b0,B0,split_high_low,64,28,eval_mean_mean_resource_fraction,0.11329296361963048
ecology_perception_parallel_v1_b0,B0,split_high_low,64,28,eval_mean_mean_reserve_welfare,0.5638869086177098
ecology_perception_parallel_v1_b0,B0,split_high_low,64,28,final_wealth_gini,0.7154448726625162
ecology_perception_parallel_v1_b0,B0,uniform_high,64,29,eval_mean_mean_resource_fraction,0.11410073215505757
ecology_perception_parallel_v1_b0,B0,uniform_high,64,29,eval_mean_mean_reserve_welfare,0.7135851038144092
ecology_perception_parallel_v1_b0,B0,uniform_high,64,29,final_wealth_gini,0.4642836845614622
ecology_perception_parallel_v1_b0,B0,patchy_high,64,29,eval_mean_mean_resource_fraction,0.12231029103762678
ecology_perception_parallel_v1_b0,B0,patchy_high,64,29,eval_mean_mean_reserve_welfare,0.7462718439486253
ecology_perception_parallel_v1_b0,B0,patchy_high,64,29,final_wealth_gini,0.4661554163120425
ecology_perception_parallel_v1_b0,B0,split_high_low,64,29,eval_mean_mean_resource_fraction,0.09585392803922965
ecology_perception_parallel_v1_b0,B0,split_high_low,64,29,eval_mean_mean_reserve_welfare,0.6657103231849031
ecology_perception_parallel_v1_b0,B0,split_high_low,64,29,final_wealth_gini,0.55759529402718
ecology_perception_parallel_v1_b0,B0,uniform_high,64,30,eval_mean_mean_resource_fraction,0.09773782436400862
ecology_perception_parallel_v1_b0,B0,uniform_high,64,30,eval_mean_mean_reserve_welfare,0.7017186443346898
ecology_perception_parallel_v1_b0,B0,uniform_high,64,30,final_wealth_gini,0.5036478432712577
ecology_perception_parallel_v1_b0,B0,patchy_high,64,30,eval_mean_mean_resource_fraction,0.08061905535018439
ecology_perception_parallel_v1_b0,B0,patchy_high,64,30,eval_mean_mean_reserve_welfare,0.6612428637645821
ecology_perception_parallel_v1_b0,B0,patchy_high,64,30,final_wealth_gini,0.47067317157370026
ecology_perception_parallel_v1_b0,B0,split_high_low,64,30,eval_mean_mean_resource_fraction,0.13336154833976285
ecology_perception_parallel_v1_b0,B0,split_high_low,64,30,eval_mean_mean_reserve_welfare,0.7492991664835039
ecology_perception_parallel_v1_b0,B0,split_high_low,64,30,final_wealth_gini,0.5668991167797808
ecology_perception_parallel_v1_b0,B0,uniform_high,64,31,eval_mean_mean_resource_fraction,0.11362169885487253
ecology_perception_parallel_v1_b0,B0,uniform_high,64,31,eval_mean_mean_reserve_welfare,0.7230346937513821
ecology_perception_parallel_v1_b0,B0,uniform_high,64,31,final_wealth_gini,0.45089430301895694
ecology_perception_parallel_v1_b0,B0,patchy_high,64,31,eval_mean_mean_resource_fraction,0.1702320451543477
ecology_perception_parallel_v1_b0,B0,patchy_high,64,31,eval_mean_mean_reserve_welfare,0.9454854883182541
ecology_perception_parallel_v1_b0,B0,patchy_high,64,31,final_wealth_gini,0.3919602630696082
ecology_perception_parallel_v1_b0,B0,split_high_low,64,31,eval_mean_mean_resource_fraction,0.07191595989319324
ecology_perception_parallel_v1_b0,B0,split_high_low,64,31,eval_mean_mean_reserve_welfare,0.6560628858271552
ecology_perception_parallel_v1_b0,B0,split_high_low,64,31,final_wealth_gini,0.5882519347427211
ecology_perception_parallel_v1_b0,B0,uniform_high,64,32,eval_mean_mean_resource_fraction,0.11255977295150889
ecology_perception_parallel_v1_b0,B0,uniform_high,64,32,eval_mean_mean_reserve_welfare,0.7484636066281475
ecology_perception_parallel_v1_b0,B0,uniform_high,64,32,final_wealth_gini,0.45643235932311144
ecology_perception_parallel_v1_b0,B0,patchy_high,64,32,eval_mean_mean_resource_fraction,0.10982225167871343
ecology_perception_parallel_v1_b0,B0,patchy_high,64,32,eval_mean_mean_reserve_welfare,0.7221393435519416
ecology_perception_parallel_v1_b0,B0,patchy_high,64,32,final_wealth_gini,0.45780868514043727
ecology_perception_parallel_v1_b0,B0,split_high_low,64,32,eval_mean_mean_resource_fraction,0.15473534573452785
ecology_perception_parallel_v1_b0,B0,split_high_low,64,32,eval_mean_mean_reserve_welfare,0.6481384206186848
ecology_perception_parallel_v1_b0,B0,split_high_low,64,32,final_wealth_gini,0.6258714046170291
ecology_perception_parallel_v1_b0,B0,uniform_high,64,33,eval_mean_mean_resource_fraction,0.12851833979323848
ecology_perception_parallel_v1_b0,B0,uniform_high,64,33,eval_mean_mean_reserve_welfare,0.7985185760798892
ecology_perception_parallel_v1_b0,B0,uniform_high,64,33,final_wealth_gini,0.442274314345777
ecology_perception_parallel_v1_b0,B0,patchy_high,64,33,eval_mean_mean_resource_fraction,0.07282423815146019
ecology_perception_parallel_v1_b0,B0,patchy_high,64,33,eval_mean_mean_reserve_welfare,0.683147484343785
ecology_perception_parallel_v1_b0,B0,patchy_high,64,33,final_wealth_gini,0.4494947122757338
ecology_perception_parallel_v1_b0,B0,split_high_low,64,33,eval_mean_mean_resource_fraction,0.09006310132196256
ecology_perception_parallel_v1_b0,B0,split_high_low,64,33,eval_mean_mean_reserve_welfare,0.634697105103281
ecology_perception_parallel_v1_b0,B0,split_high_low,64,33,final_wealth_gini,0.6295644361961998
ecology_perception_parallel_v1_b0,B0,uniform_high,64,34,eval_mean_mean_resource_fraction,0.13317047670414198
ecology_perception_parallel_v1_b0,B0,uniform_high,64,34,eval_mean_mean_reserve_welfare,0.7816506399136499
ecology_perception_parallel_v1_b0,B0,uniform_high,64,34,final_wealth_gini,0.5068594950809155
ecology_perception_parallel_v1_b0,B0,patchy_high,64,34,eval_mean_mean_resource_fraction,0.13006452846956415
ecology_perception_parallel_v1_b0,B0,patchy_high,64,34,eval_mean_mean_reserve_welfare,0.7969275368278822
ecology_perception_parallel_v1_b0,B0,patchy_high,64,34,final_wealth_gini,0.48368442470280737
ecology_perception_parallel_v1_b0,B0,split_high_low,64,34,eval_mean_mean_resource_fraction,0.10959088580309738
ecology_perception_parallel_v1_b0,B0,split_high_low,64,34,eval_mean_mean_reserve_welfare,0.6351742218052228
ecology_perception_parallel_v1_b0,B0,split_high_low,64,34,final_wealth_gini,0.6466385004077333
ecology_perception_parallel_v1_b0,B0,uniform_high,64,35,eval_mean_mean_resource_fraction,0.10002591555231692
ecology_perception_parallel_v1_b0,B0,uniform_high,64,35,eval_mean_mean_reserve_welfare,0.7339077047616406
ecology_perception_parallel_v1_b0,B0,uniform_high,64,35,final_wealth_gini,0.49256448879822656
ecology_perception_parallel_v1_b0,B0,patchy_high,64,35,eval_mean_mean_resource_fraction,0.09064927376904049
ecology_perception_parallel_v1_b0,B0,patchy_high,64,35,eval_mean_mean_reserve_welfare,0.7241712682994684
ecology_perception_parallel_v1_b0,B0,patchy_high,64,35,final_wealth_gini,0.47264217046523216
ecology_perception_parallel_v1_b0,B0,split_high_low,64,35,eval_mean_mean_resource_fraction,0.12504343315644198
ecology_perception_parallel_v1_b0,B0,split_high_low,64,35,eval_mean_mean_reserve_welfare,0.611531321340706
ecology_perception_parallel_v1_b0,B0,split_high_low,64,35,final_wealth_gini,0.6614591245526338
ecology_perception_parallel_v1_b0,B0,uniform_high,64,36,eval_mean_mean_resource_fraction,0.1291266378265679
ecology_perception_parallel_v1_b0,B0,uniform_high,64,36,eval_mean_mean_reserve_welfare,0.8592887108763583
ecology_perception_parallel_v1_b0,B0,uniform_high,64,36,final_wealth_gini,0.3921558332220205
ecology_perception_parallel_v1_b0,B0,patchy_high,64,36,eval_mean_mean_resource_fraction,0.09189052522355538
ecology_perception_parallel_v1_b0,B0,patchy_high,64,36,eval_mean_mean_reserve_welfare,0.7390623312021728
ecology_perception_parallel_v1_b0,B0,patchy_high,64,36,final_wealth_gini,0.41479612296473456
ecology_perception_parallel_v1_b0,B0,split_high_low,64,36,eval_mean_mean_resource_fraction,0.10244349493690354
ecology_perception_parallel_v1_b0,B0,split_high_low,64,36,eval_mean_mean_reserve_welfare,0.6495219017867434
ecology_perception_parallel_v1_b0,B0,split_high_low,64,36,final_wealth_gini,0.6149201799813582
ecology_perception_parallel_v1_b0,B0,uniform_high,64,37,eval_mean_mean_resource_fraction,0.08969905428887026
ecology_perception_parallel_v1_b0,B0,uniform_high,64,37,eval_mean_mean_reserve_welfare,0.7014134601694675
ecology_perception_parallel_v1_b0,B0,uniform_high,64,37,final_wealth_gini,0.4978430851802882
ecology_perception_parallel_v1_b0,B0,patchy_high,64,37,eval_mean_mean_resource_fraction,0.1444128710229111
ecology_perception_parallel_v1_b0,B0,patchy_high,64,37,eval_mean_mean_reserve_welfare,0.8189651082417737
ecology_perception_parallel_v1_b0,B0,patchy_high,64,37,final_wealth_gini,0.4527331456587975
ecology_perception_parallel_v1_b0,B0,split_high_low,64,37,eval_mean_mean_resource_fraction,0.08536661050168183
ecology_perception_parallel_v1_b0,B0,split_high_low,64,37,eval_mean_mean_reserve_welfare,0.72092085575041
ecology_perception_parallel_v1_b0,B0,split_high_low,64,37,final_wealth_gini,0.5378643521475373
ecology_perception_parallel_v1_b0,B0,uniform_high,64,38,eval_mean_mean_resource_fraction,0.11450645105723725
ecology_perception_parallel_v1_b0,B0,uniform_high,64,38,eval_mean_mean_reserve_welfare,0.8543265291080316
ecology_perception_parallel_v1_b0,B0,uniform_high,64,38,final_wealth_gini,0.3934520775909123
ecology_perception_parallel_v1_b0,B0,patchy_high,64,38,eval_mean_mean_resource_fraction,0.09282626086892273
ecology_perception_parallel_v1_b0,B0,patchy_high,64,38,eval_mean_mean_reserve_welfare,0.8121492511710363
ecology_perception_parallel_v1_b0,B0,patchy_high,64,38,final_wealth_gini,0.37519596603186467
ecology_perception_parallel_v1_b0,B0,split_high_low,64,38,eval_mean_mean_resource_fraction,0.10705301687702044
ecology_perception_parallel_v1_b0,B0,split_high_low,64,38,eval_mean_mean_reserve_welfare,0.686504897387308
ecology_perception_parallel_v1_b0,B0,split_high_low,64,38,final_wealth_gini,0.5844705863237074
ecology_perception_parallel_v1_b0,B0,uniform_high,64,39,eval_mean_mean_resource_fraction,0.14182966869231348
ecology_perception_parallel_v1_b0,B0,uniform_high,64,39,eval_mean_mean_reserve_welfare,0.8682600140724864
ecology_perception_parallel_v1_b0,B0,uniform_high,64,39,final_wealth_gini,0.43548708961160587
ecology_perception_parallel_v1_b0,B0,patchy_high,64,39,eval_mean_mean_resource_fraction,0.1311786820326833
ecology_perception_parallel_v1_b0,B0,patchy_high,64,39,eval_mean_mean_reserve_welfare,0.851844562990093
ecology_perception_parallel_v1_b0,B0,patchy_high,64,39,final_wealth_gini,0.45224959091263073
ecology_perception_parallel_v1_b0,B0,split_high_low,64,39,eval_mean_mean_resource_fraction,0.07276348991407522
ecology_perception_parallel_v1_b0,B0,split_high_low,64,39,eval_mean_mean_reserve_welfare,0.6465330431551323
ecology_perception_parallel_v1_b0,B0,split_high_low,64,39,final_wealth_gini,0.5616485064806929
ecology_perception_parallel_v1_b0,B0,uniform_high,64,40,eval_mean_mean_resource_fraction,0.07780256968577681
ecology_perception_parallel_v1_b0,B0,uniform_high,64,40,eval_mean_mean_reserve_welfare,0.6479911057215054
ecology_perception_parallel_v1_b0,B0,uniform_high,64,40,final_wealth_gini,0.47280513446430894
ecology_perception_parallel_v1_b0,B0,patchy_high,64,40,eval_mean_mean_resource_fraction,0.10720214577554384
ecology_perception_parallel_v1_b0,B0,patchy_high,64,40,eval_mean_mean_reserve_welfare,0.7785632094938099
ecology_perception_parallel_v1_b0,B0,patchy_high,64,40,final_wealth_gini,0.4353405272631057
ecology_perception_parallel_v1_b0,B0,split_high_low,64,40,eval_mean_mean_resource_fraction,0.07652376813771374
ecology_perception_parallel_v1_b0,B0,split_high_low,64,40,eval_mean_mean_reserve_welfare,0.6592625636108885
ecology_perception_parallel_v1_b0,B0,split_high_low,64,40,final_wealth_gini,0.5681047150244616
ecology_perception_parallel_v1_b0,B0,uniform_high,64,41,eval_mean_mean_resource_fraction,0.14367331619067328
ecology_perception_parallel_v1_b0,B0,uniform_high,64,41,eval_mean_mean_reserve_welfare,0.8255043205091077
ecology_perception_parallel_v1_b0,B0,uniform_high,64,41,final_wealth_gini,0.441659937048156
ecology_perception_parallel_v1_b0,B0,patchy_high,64,41,eval_mean_mean_resource_fraction,0.0952331536001607
ecology_perception_parallel_v1_b0,B0,patchy_high,64,41,eval_mean_mean_reserve_welfare,0.676802590807642
ecology_perception_parallel_v1_b0,B0,patchy_high,64,41,final_wealth_gini,0.5118715081265379
ecology_perception_parallel_v1_b0,B0,split_high_low,64,41,eval_mean_mean_resource_fraction,0.11090570137064544
ecology_perception_parallel_v1_b0,B0,split_high_low,64,41,eval_mean_mean_reserve_welfare,0.6316872861676223
ecology_perception_parallel_v1_b0,B0,split_high_low,64,41,final_wealth_gini,0.6459955919931533
ecology_perception_parallel_v1_b0,B0,uniform_high,64,42,eval_mean_mean_resource_fraction,0.1164684160272627
ecology_perception_parallel_v1_b0,B0,uniform_high,64,42,eval_mean_mean_reserve_welfare,0.7408018639579375
ecology_perception_parallel_v1_b0,B0,uniform_high,64,42,final_wealth_gini,0.4810580149112216
ecology_perception_parallel_v1_b0,B0,patchy_high,64,42,eval_mean_mean_resource_fraction,0.09193545904253689
ecology_perception_parallel_v1_b0,B0,patchy_high,64,42,eval_mean_mean_reserve_welfare,0.6648394957455253
ecology_perception_parallel_v1_b0,B0,patchy_high,64,42,final_wealth_gini,0.47888882747019124
ecology_perception_parallel_v1_b0,B0,split_high_low,64,42,eval_mean_mean_resource_fraction,0.12022501850246334
ecology_perception_parallel_v1_b0,B0,split_high_low,64,42,eval_mean_mean_reserve_welfare,0.6088320028510691
ecology_perception_parallel_v1_b0,B0,split_high_low,64,42,final_wealth_gini,0.6565257325754983
ecology_perception_parallel_v1_b0,B0,uniform_high,64,43,eval_mean_mean_resource_fraction,0.11642183472762824
ecology_perception_parallel_v1_b0,B0,uniform_high,64,43,eval_mean_mean_reserve_welfare,0.8399246861017193
ecology_perception_parallel_v1_b0,B0,uniform_high,64,43,final_wealth_gini,0.38870131095402694
ecology_perception_parallel_v1_b0,B0,patchy_high,64,43,eval_mean_mean_resource_fraction,0.10051492543078093
ecology_perception_parallel_v1_b0,B0,patchy_high,64,43,eval_mean_mean_reserve_welfare,0.7986705359869857
ecology_perception_parallel_v1_b0,B0,patchy_high,64,43,final_wealth_gini,0.3981582242365096
ecology_perception_parallel_v1_b0,B0,split_high_low,64,43,eval_mean_mean_resource_fraction,0.07199687922136717
ecology_perception_parallel_v1_b0,B0,split_high_low,64,43,eval_mean_mean_reserve_welfare,0.6115085935868572
ecology_perception_parallel_v1_b0,B0,split_high_low,64,43,final_wealth_gini,0.6024541519320494
ecology_perception_parallel_v1_b0,B0,uniform_high,64,44,eval_mean_mean_resource_fraction,0.09112749719590904
ecology_perception_parallel_v1_b0,B0,uniform_high,64,44,eval_mean_mean_reserve_welfare,0.6707008313871139
ecology_perception_parallel_v1_b0,B0,uniform_high,64,44,final_wealth_gini,0.4897741968499272
ecology_perception_parallel_v1_b0,B0,patchy_high,64,44,eval_mean_mean_resource_fraction,0.10384245133012467
ecology_perception_parallel_v1_b0,B0,patchy_high,64,44,eval_mean_mean_reserve_welfare,0.797268861105767
ecology_perception_parallel_v1_b0,B0,patchy_high,64,44,final_wealth_gini,0.40760616533706284
ecology_perception_parallel_v1_b0,B0,split_high_low,64,44,eval_mean_mean_resource_fraction,0.09967082759353316
ecology_perception_parallel_v1_b0,B0,split_high_low,64,44,eval_mean_mean_reserve_welfare,0.7012963328798937
ecology_perception_parallel_v1_b0,B0,split_high_low,64,44,final_wealth_gini,0.5778340753223301
ecology_perception_parallel_v1_b0,B0,uniform_high,64,45,eval_mean_mean_resource_fraction,0.0779126395032294
ecology_perception_parallel_v1_b0,B0,uniform_high,64,45,eval_mean_mean_reserve_welfare,0.720672839665177
ecology_perception_parallel_v1_b0,B0,uniform_high,64,45,final_wealth_gini,0.4292416164484514
ecology_perception_parallel_v1_b0,B0,patchy_high,64,45,eval_mean_mean_resource_fraction,0.07481258624414949
ecology_perception_parallel_v1_b0,B0,patchy_high,64,45,eval_mean_mean_reserve_welfare,0.7312803923612725
ecology_perception_parallel_v1_b0,B0,patchy_high,64,45,final_wealth_gini,0.41090516870718163
ecology_perception_parallel_v1_b0,B0,split_high_low,64,45,eval_mean_mean_resource_fraction,0.09414179303060698
ecology_perception_parallel_v1_b0,B0,split_high_low,64,45,eval_mean_mean_reserve_welfare,0.6524858260723453
ecology_perception_parallel_v1_b0,B0,split_high_low,64,45,final_wealth_gini,0.6282170718614386
ecology_perception_parallel_v1_b0,B0,uniform_high,64,46,eval_mean_mean_resource_fraction,0.10619875671719409
ecology_perception_parallel_v1_b0,B0,uniform_high,64,46,eval_mean_mean_reserve_welfare,0.7797765332137551
ecology_perception_parallel_v1_b0,B0,uniform_high,64,46,final_wealth_gini,0.4499014133907475
ecology_perception_parallel_v1_b0,B0,patchy_high,64,46,eval_mean_mean_resource_fraction,0.0898269442344637
ecology_perception_parallel_v1_b0,B0,patchy_high,64,46,eval_mean_mean_reserve_welfare,0.6955208646512092
ecology_perception_parallel_v1_b0,B0,patchy_high,64,46,final_wealth_gini,0.4933730452032117
ecology_perception_parallel_v1_b0,B0,split_high_low,64,46,eval_mean_mean_resource_fraction,0.10077657027270723
ecology_perception_parallel_v1_b0,B0,split_high_low,64,46,eval_mean_mean_reserve_welfare,0.6591450015984128
ecology_perception_parallel_v1_b0,B0,split_high_low,64,46,final_wealth_gini,0.6080877197824144
ecology_perception_parallel_v1_b0,B0,uniform_high,64,47,eval_mean_mean_resource_fraction,0.10111011277023059
ecology_perception_parallel_v1_b0,B0,uniform_high,64,47,eval_mean_mean_reserve_welfare,0.8924408015703971
ecology_perception_parallel_v1_b0,B0,uniform_high,64,47,final_wealth_gini,0.32628270084319966
ecology_perception_parallel_v1_b0,B0,patchy_high,64,47,eval_mean_mean_resource_fraction,0.09879901498563254
ecology_perception_parallel_v1_b0,B0,patchy_high,64,47,eval_mean_mean_reserve_welfare,0.8387243654074523
ecology_perception_parallel_v1_b0,B0,patchy_high,64,47,final_wealth_gini,0.3845917312664624
ecology_perception_parallel_v1_b0,B0,split_high_low,64,47,eval_mean_mean_resource_fraction,0.1104224751943197
ecology_perception_parallel_v1_b0,B0,split_high_low,64,47,eval_mean_mean_reserve_welfare,0.7128895962559532
ecology_perception_parallel_v1_b0,B0,split_high_low,64,47,final_wealth_gini,0.5521653618541682
ecology_perception_parallel_v1_b0,B0,uniform_high,64,48,eval_mean_mean_resource_fraction,0.14907096451003773
ecology_perception_parallel_v1_b0,B0,uniform_high,64,48,eval_mean_mean_reserve_welfare,0.9513107547441052
ecology_perception_parallel_v1_b0,B0,uniform_high,64,48,final_wealth_gini,0.3166374979972433
ecology_perception_parallel_v1_b0,B0,patchy_high,64,48,eval_mean_mean_resource_fraction,0.13915224233179468
ecology_perception_parallel_v1_b0,B0,patchy_high,64,48,eval_mean_mean_reserve_welfare,0.8981941293240212
ecology_perception_parallel_v1_b0,B0,patchy_high,64,48,final_wealth_gini,0.35394022972394
ecology_perception_parallel_v1_b0,B0,split_high_low,64,48,eval_mean_mean_resource_fraction,0.09211443179558985
ecology_perception_parallel_v1_b0,B0,split_high_low,64,48,eval_mean_mean_reserve_welfare,0.6787015417627088
ecology_perception_parallel_v1_b0,B0,split_high_low,64,48,final_wealth_gini,0.575378908266607
ecology_perception_parallel_v1_b0,B0,uniform_high,64,49,eval_mean_mean_resource_fraction,0.11281313873565013
ecology_perception_parallel_v1_b0,B0,uniform_high,64,49,eval_mean_mean_reserve_welfare,0.7755319948721805
ecology_perception_parallel_v1_b0,B0,uniform_high,64,49,final_wealth_gini,0.46332759849358496
ecology_perception_parallel_v1_b0,B0,patchy_high,64,49,eval_mean_mean_resource_fraction,0.11310587303469452
ecology_perception_parallel_v1_b0,B0,patchy_high,64,49,eval_mean_mean_reserve_welfare,0.8170356011282496
ecology_perception_parallel_v1_b0,B0,patchy_high,64,49,final_wealth_gini,0.43935645600878126
ecology_perception_parallel_v1_b0,B0,split_high_low,64,49,eval_mean_mean_resource_fraction,0.06796663230820306
ecology_perception_parallel_v1_b0,B0,split_high_low,64,49,eval_mean_mean_reserve_welfare,0.5963208832315434
ecology_perception_parallel_v1_b0,B0,split_high_low,64,49,final_wealth_gini,0.6541652355033394
ecology_perception_parallel_v1_b0,B0,uniform_high,64,50,eval_mean_mean_resource_fraction,0.11221948171668564
ecology_perception_parallel_v1_b0,B0,uniform_high,64,50,eval_mean_mean_reserve_welfare,0.8320253257680295
ecology_perception_parallel_v1_b0,B0,uniform_high,64,50,final_wealth_gini,0.36808260526245706
ecology_perception_parallel_v1_b0,B0,patchy_high,64,50,eval_mean_mean_resource_fraction,0.11197131517976504
ecology_perception_parallel_v1_b0,B0,patchy_high,64,50,eval_mean_mean_reserve_welfare,0.8364740378777558
ecology_perception_parallel_v1_b0,B0,patchy_high,64,50,final_wealth_gini,0.3577290226824812
ecology_perception_parallel_v1_b0,B0,split_high_low,64,50,eval_mean_mean_resource_fraction,0.1230807192204365
ecology_perception_parallel_v1_b0,B0,split_high_low,64,50,eval_mean_mean_reserve_welfare,0.6872679802472216
ecology_perception_parallel_v1_b0,B0,split_high_low,64,50,final_wealth_gini,0.5792031939624462
ecology_perception_parallel_v1_b0,B0,uniform_high,64,51,eval_mean_mean_resource_fraction,0.07004023441409087
ecology_perception_parallel_v1_b0,B0,uniform_high,64,51,eval_mean_mean_reserve_welfare,0.6095295465805483
ecology_perception_parallel_v1_b0,B0,uniform_high,64,51,final_wealth_gini,0.516591633985048
ecology_perception_parallel_v1_b0,B0,patchy_high,64,51,eval_mean_mean_resource_fraction,0.13054700916333634
ecology_perception_parallel_v1_b0,B0,patchy_high,64,51,eval_mean_mean_reserve_welfare,0.8344850268395099
ecology_perception_parallel_v1_b0,B0,patchy_high,64,51,final_wealth_gini,0.46130578837969427
ecology_perception_parallel_v1_b0,B0,split_high_low,64,51,eval_mean_mean_resource_fraction,0.13478268208749156
ecology_perception_parallel_v1_b0,B0,split_high_low,64,51,eval_mean_mean_reserve_welfare,0.5977489630818529
ecology_perception_parallel_v1_b0,B0,split_high_low,64,51,final_wealth_gini,0.6874869216819941
ecology_perception_parallel_v1_b0,B0,uniform_high,64,52,eval_mean_mean_resource_fraction,0.09712715318396528
ecology_perception_parallel_v1_b0,B0,uniform_high,64,52,eval_mean_mean_reserve_welfare,0.7234373690713785
ecology_perception_parallel_v1_b0,B0,uniform_high,64,52,final_wealth_gini,0.47433237987883725
ecology_perception_parallel_v1_b0,B0,patchy_high,64,52,eval_mean_mean_resource_fraction,0.08517576349503847
ecology_perception_parallel_v1_b0,B0,patchy_high,64,52,eval_mean_mean_reserve_welfare,0.6850991296384561
ecology_perception_parallel_v1_b0,B0,patchy_high,64,52,final_wealth_gini,0.4704828101153389
ecology_perception_parallel_v1_b0,B0,split_high_low,64,52,eval_mean_mean_resource_fraction,0.1282573730977784
ecology_perception_parallel_v1_b0,B0,split_high_low,64,52,eval_mean_mean_reserve_welfare,0.7221252975563047
ecology_perception_parallel_v1_b0,B0,split_high_low,64,52,final_wealth_gini,0.5499669995266214
ecology_perception_parallel_v1_b0,B0,uniform_high,64,53,eval_mean_mean_resource_fraction,0.1199637235632404
ecology_perception_parallel_v1_b0,B0,uniform_high,64,53,eval_mean_mean_reserve_welfare,0.7534266517164987
ecology_perception_parallel_v1_b0,B0,uniform_high,64,53,final_wealth_gini,0.4518612434590208
ecology_perception_parallel_v1_b0,B0,patchy_high,64,53,eval_mean_mean_resource_fraction,0.13722261379547165
ecology_perception_parallel_v1_b0,B0,patchy_high,64,53,eval_mean_mean_reserve_welfare,0.7534576890269029
ecology_perception_parallel_v1_b0,B0,patchy_high,64,53,final_wealth_gini,0.4837639380835699
ecology_perception_parallel_v1_b0,B0,split_high_low,64,53,eval_mean_mean_resource_fraction,0.10045836711889194
ecology_perception_parallel_v1_b0,B0,split_high_low,64,53,eval_mean_mean_reserve_welfare,0.610046399256991
ecology_perception_parallel_v1_b0,B0,split_high_low,64,53,final_wealth_gini,0.6527439233048815
ecology_perception_parallel_v1_b0,B0,uniform_high,64,54,eval_mean_mean_resource_fraction,0.08485196496922476
ecology_perception_parallel_v1_b0,B0,uniform_high,64,54,eval_mean_mean_reserve_welfare,0.7609981217130326
ecology_perception_parallel_v1_b0,B0,uniform_high,64,54,final_wealth_gini,0.384605984518982
ecology_perception_parallel_v1_b0,B0,patchy_high,64,54,eval_mean_mean_resource_fraction,0.10716664875273273
ecology_perception_parallel_v1_b0,B0,patchy_high,64,54,eval_mean_mean_reserve_welfare,0.8203711305488258
ecology_perception_parallel_v1_b0,B0,patchy_high,64,54,final_wealth_gini,0.3743091304349184
ecology_perception_parallel_v1_b0,B0,split_high_low,64,54,eval_mean_mean_resource_fraction,0.10963211950870701
ecology_perception_parallel_v1_b0,B0,split_high_low,64,54,eval_mean_mean_reserve_welfare,0.6562427321513726
ecology_perception_parallel_v1_b0,B0,split_high_low,64,54,final_wealth_gini,0.5899471221484236
ecology_perception_parallel_v1_b0,B0,uniform_high,64,55,eval_mean_mean_resource_fraction,0.10007220047867373
ecology_perception_parallel_v1_b0,B0,uniform_high,64,55,eval_mean_mean_reserve_welfare,0.6227702451158272
ecology_perception_parallel_v1_b0,B0,uniform_high,64,55,final_wealth_gini,0.5603212574206946
ecology_perception_parallel_v1_b0,B0,patchy_high,64,55,eval_mean_mean_resource_fraction,0.10077821762511291
ecology_perception_parallel_v1_b0,B0,patchy_high,64,55,eval_mean_mean_reserve_welfare,0.6329223888515981
ecology_perception_parallel_v1_b0,B0,patchy_high,64,55,final_wealth_gini,0.5533625460422582
ecology_perception_parallel_v1_b0,B0,split_high_low,64,55,eval_mean_mean_resource_fraction,0.13013919578907962
ecology_perception_parallel_v1_b0,B0,split_high_low,64,55,eval_mean_mean_reserve_welfare,0.5751529075648812
ecology_perception_parallel_v1_b0,B0,split_high_low,64,55,final_wealth_gini,0.6940767849434635
ecology_perception_parallel_v1_b0,B0,uniform_high,64,56,eval_mean_mean_resource_fraction,0.0872953070292823
ecology_perception_parallel_v1_b0,B0,uniform_high,64,56,eval_mean_mean_reserve_welfare,0.675068212852462
ecology_perception_parallel_v1_b0,B0,uniform_high,64,56,final_wealth_gini,0.4880457072093862
ecology_perception_parallel_v1_b0,B0,patchy_high,64,56,eval_mean_mean_resource_fraction,0.0941171294473453
ecology_perception_parallel_v1_b0,B0,patchy_high,64,56,eval_mean_mean_reserve_welfare,0.7090941635155137
ecology_perception_parallel_v1_b0,B0,patchy_high,64,56,final_wealth_gini,0.48276771433817367
ecology_perception_parallel_v1_b0,B0,split_high_low,64,56,eval_mean_mean_resource_fraction,0.08743917663152675
ecology_perception_parallel_v1_b0,B0,split_high_low,64,56,eval_mean_mean_reserve_welfare,0.615391886192415
ecology_perception_parallel_v1_b0,B0,split_high_low,64,56,final_wealth_gini,0.6383659345298249
ecology_perception_parallel_v1_b0,B0,uniform_high,64,57,eval_mean_mean_resource_fraction,0.12040009071861785
ecology_perception_parallel_v1_b0,B0,uniform_high,64,57,eval_mean_mean_reserve_welfare,0.827174180459466
ecology_perception_parallel_v1_b0,B0,uniform_high,64,57,final_wealth_gini,0.40151271988827775
ecology_perception_parallel_v1_b0,B0,patchy_high,64,57,eval_mean_mean_resource_fraction,0.1011118022407099
ecology_perception_parallel_v1_b0,B0,patchy_high,64,57,eval_mean_mean_reserve_welfare,0.7822189783542509
ecology_perception_parallel_v1_b0,B0,patchy_high,64,57,final_wealth_gini,0.40326669237219637
ecology_perception_parallel_v1_b0,B0,split_high_low,64,57,eval_mean_mean_resource_fraction,0.0835752874143032
ecology_perception_parallel_v1_b0,B0,split_high_low,64,57,eval_mean_mean_reserve_welfare,0.6292038852629802
ecology_perception_parallel_v1_b0,B0,split_high_low,64,57,final_wealth_gini,0.5930681466009327
ecology_perception_parallel_v1_b0,B0,uniform_high,64,58,eval_mean_mean_resource_fraction,0.07628773546981894
ecology_perception_parallel_v1_b0,B0,uniform_high,64,58,eval_mean_mean_reserve_welfare,0.6929903091892978
ecology_perception_parallel_v1_b0,B0,uniform_high,64,58,final_wealth_gini,0.4370743882172201
ecology_perception_parallel_v1_b0,B0,patchy_high,64,58,eval_mean_mean_resource_fraction,0.11444017590223415
ecology_perception_parallel_v1_b0,B0,patchy_high,64,58,eval_mean_mean_reserve_welfare,0.7535605481634452
ecology_perception_parallel_v1_b0,B0,patchy_high,64,58,final_wealth_gini,0.4681854394417235
ecology_perception_parallel_v1_b0,B0,split_high_low,64,58,eval_mean_mean_resource_fraction,0.13095343565649062
ecology_perception_parallel_v1_b0,B0,split_high_low,64,58,eval_mean_mean_reserve_welfare,0.6244638278316142
ecology_perception_parallel_v1_b0,B0,split_high_low,64,58,final_wealth_gini,0.6549265590625579
ecology_perception_parallel_v1_b0,B0,uniform_high,64,59,eval_mean_mean_resource_fraction,0.08226314793914696
ecology_perception_parallel_v1_b0,B0,uniform_high,64,59,eval_mean_mean_reserve_welfare,0.6655590771038267
ecology_perception_parallel_v1_b0,B0,uniform_high,64,59,final_wealth_gini,0.5213388001994246
ecology_perception_parallel_v1_b0,B0,patchy_high,64,59,eval_mean_mean_resource_fraction,0.09091686486805801
ecology_perception_parallel_v1_b0,B0,patchy_high,64,59,eval_mean_mean_reserve_welfare,0.7280347736108156
ecology_perception_parallel_v1_b0,B0,patchy_high,64,59,final_wealth_gini,0.48047069751189797
ecology_perception_parallel_v1_b0,B0,split_high_low,64,59,eval_mean_mean_resource_fraction,0.15332673803832297
ecology_perception_parallel_v1_b0,B0,split_high_low,64,59,eval_mean_mean_reserve_welfare,0.6244188748816253
ecology_perception_parallel_v1_b0,B0,split_high_low,64,59,final_wealth_gini,0.6785039700390805
ecology_perception_parallel_v1_b0,B0,uniform_high,64,60,eval_mean_mean_resource_fraction,0.06656612853755337
ecology_perception_parallel_v1_b0,B0,uniform_high,64,60,eval_mean_mean_reserve_welfare,0.7108860474986588
ecology_perception_parallel_v1_b0,B0,uniform_high,64,60,final_wealth_gini,0.3966411036892459
ecology_perception_parallel_v1_b0,B0,patchy_high,64,60,eval_mean_mean_resource_fraction,0.13453999406227815
ecology_perception_parallel_v1_b0,B0,patchy_high,64,60,eval_mean_mean_reserve_welfare,0.9079249876223825
ecology_perception_parallel_v1_b0,B0,patchy_high,64,60,final_wealth_gini,0.361068178686194
ecology_perception_parallel_v1_b0,B0,split_high_low,64,60,eval_mean_mean_resource_fraction,0.0897207085372084
ecology_perception_parallel_v1_b0,B0,split_high_low,64,60,eval_mean_mean_reserve_welfare,0.6326128057433846
ecology_perception_parallel_v1_b0,B0,split_high_low,64,60,final_wealth_gini,0.596101494570229
ecology_perception_parallel_v1_b0,B0,uniform_high,64,61,eval_mean_mean_resource_fraction,0.09526680423249738
ecology_perception_parallel_v1_b0,B0,uniform_high,64,61,eval_mean_mean_reserve_welfare,0.662041540563375
ecology_perception_parallel_v1_b0,B0,uniform_high,64,61,final_wealth_gini,0.49153365466131294
ecology_perception_parallel_v1_b0,B0,patchy_high,64,61,eval_mean_mean_resource_fraction,0.09919277192836691
ecology_perception_parallel_v1_b0,B0,patchy_high,64,61,eval_mean_mean_reserve_welfare,0.682552451771888
ecology_perception_parallel_v1_b0,B0,patchy_high,64,61,final_wealth_gini,0.4882443192815922
ecology_perception_parallel_v1_b0,B0,split_high_low,64,61,eval_mean_mean_resource_fraction,0.13295302944040563
ecology_perception_parallel_v1_b0,B0,split_high_low,64,61,eval_mean_mean_reserve_welfare,0.6044930779063717
ecology_perception_parallel_v1_b0,B0,split_high_low,64,61,final_wealth_gini,0.6650238991843274
ecology_perception_parallel_v1_b0,B0,uniform_high,64,62,eval_mean_mean_resource_fraction,0.13420157292122809
ecology_perception_parallel_v1_b0,B0,uniform_high,64,62,eval_mean_mean_reserve_welfare,0.8860622199628339
ecology_perception_parallel_v1_b0,B0,uniform_high,64,62,final_wealth_gini,0.3923826432473143
ecology_perception_parallel_v1_b0,B0,patchy_high,64,62,eval_mean_mean_resource_fraction,0.1669978979362127
ecology_perception_parallel_v1_b0,B0,patchy_high,64,62,eval_mean_mean_reserve_welfare,0.9423056042057774
ecology_perception_parallel_v1_b0,B0,patchy_high,64,62,final_wealth_gini,0.36101126878048184
ecology_perception_parallel_v1_b0,B0,split_high_low,64,62,eval_mean_mean_resource_fraction,0.12136813401694364
ecology_perception_parallel_v1_b0,B0,split_high_low,64,62,eval_mean_mean_reserve_welfare,0.562800872637612
ecology_perception_parallel_v1_b0,B0,split_high_low,64,62,final_wealth_gini,0.6888030644054632
ecology_perception_parallel_v1_b0,B0,uniform_high,64,63,eval_mean_mean_resource_fraction,0.09747017026503148
ecology_perception_parallel_v1_b0,B0,uniform_high,64,63,eval_mean_mean_reserve_welfare,0.8154629838957445
ecology_perception_parallel_v1_b0,B0,uniform_high,64,63,final_wealth_gini,0.40016504175778356
ecology_perception_parallel_v1_b0,B0,patchy_high,64,63,eval_mean_mean_resource_fraction,0.14887695104891516
ecology_perception_parallel_v1_b0,B0,patchy_high,64,63,eval_mean_mean_reserve_welfare,0.8811060209512344
ecology_perception_parallel_v1_b0,B0,patchy_high,64,63,final_wealth_gini,0.3508914386727089
ecology_perception_parallel_v1_b0,B0,split_high_low,64,63,eval_mean_mean_resource_fraction,0.07387690884666062
ecology_perception_parallel_v1_b0,B0,split_high_low,64,63,eval_mean_mean_reserve_welfare,0.608214451135679
ecology_perception_parallel_v1_b0,B0,split_high_low,64,63,final_wealth_gini,0.6065308760211656
ecology_perception_parallel_v1_b0,B0,uniform_high,64,64,eval_mean_mean_resource_fraction,0.12376122679023951
ecology_perception_parallel_v1_b0,B0,uniform_high,64,64,eval_mean_mean_reserve_welfare,0.7587662656117666
ecology_perception_parallel_v1_b0,B0,uniform_high,64,64,final_wealth_gini,0.45455695627847814
ecology_perception_parallel_v1_b0,B0,patchy_high,64,64,eval_mean_mean_resource_fraction,0.11990713024927252
ecology_perception_parallel_v1_b0,B0,patchy_high,64,64,eval_mean_mean_reserve_welfare,0.7372025521552646
ecology_perception_parallel_v1_b0,B0,patchy_high,64,64,final_wealth_gini,0.45228362665902266
ecology_perception_parallel_v1_b0,B0,split_high_low,64,64,eval_mean_mean_resource_fraction,0.13602101021003118
ecology_perception_parallel_v1_b0,B0,split_high_low,64,64,eval_mean_mean_reserve_welfare,0.6844200315475601
ecology_perception_parallel_v1_b0,B0,split_high_low,64,64,final_wealth_gini,0.5532506905965979
ecology_perception_parallel_v1_b0,B0,uniform_high,64,65,eval_mean_mean_resource_fraction,0.0957338334788301
ecology_perception_parallel_v1_b0,B0,uniform_high,64,65,eval_mean_mean_reserve_welfare,0.7646554445775552
ecology_perception_parallel_v1_b0,B0,uniform_high,64,65,final_wealth_gini,0.3995193593466908
ecology_perception_parallel_v1_b0,B0,patchy_high,64,65,eval_mean_mean_resource_fraction,0.16581402836018377
ecology_perception_parallel_v1_b0,B0,patchy_high,64,65,eval_mean_mean_reserve_welfare,0.8978384503806199
ecology_perception_parallel_v1_b0,B0,patchy_high,64,65,final_wealth_gini,0.36523898444715774
ecology_perception_parallel_v1_b0,B0,split_high_low,64,65,eval_mean_mean_resource_fraction,0.09412789441232394
ecology_perception_parallel_v1_b0,B0,split_high_low,64,65,eval_mean_mean_reserve_welfare,0.724856319473305
ecology_perception_parallel_v1_b0,B0,split_high_low,64,65,final_wealth_gini,0.5310059563476457
ecology_perception_parallel_v1_b0,B0,uniform_high,64,66,eval_mean_mean_resource_fraction,0.1268488599360654
ecology_perception_parallel_v1_b0,B0,uniform_high,64,66,eval_mean_mean_reserve_welfare,0.7524929736972669
ecology_perception_parallel_v1_b0,B0,uniform_high,64,66,final_wealth_gini,0.47907469870206176
ecology_perception_parallel_v1_b0,B0,patchy_high,64,66,eval_mean_mean_resource_fraction,0.10482403664292167
ecology_perception_parallel_v1_b0,B0,patchy_high,64,66,eval_mean_mean_reserve_welfare,0.6464068910312161
ecology_perception_parallel_v1_b0,B0,patchy_high,64,66,final_wealth_gini,0.5155727622171231
ecology_perception_parallel_v1_b0,B0,split_high_low,64,66,eval_mean_mean_resource_fraction,0.12088955163726535
ecology_perception_parallel_v1_b0,B0,split_high_low,64,66,eval_mean_mean_reserve_welfare,0.5972008307963902
ecology_perception_parallel_v1_b0,B0,split_high_low,64,66,final_wealth_gini,0.6662413673160261
ecology_perception_parallel_v1_b0,B0,uniform_high,64,67,eval_mean_mean_resource_fraction,0.13048364162430945
ecology_perception_parallel_v1_b0,B0,uniform_high,64,67,eval_mean_mean_reserve_welfare,0.8536523303826105
ecology_perception_parallel_v1_b0,B0,uniform_high,64,67,final_wealth_gini,0.41297949236102394
ecology_perception_parallel_v1_b0,B0,patchy_high,64,67,eval_mean_mean_resource_fraction,0.10064532961559806
ecology_perception_parallel_v1_b0,B0,patchy_high,64,67,eval_mean_mean_reserve_welfare,0.7345372026882688
ecology_perception_parallel_v1_b0,B0,patchy_high,64,67,final_wealth_gini,0.4653603501427197
ecology_perception_parallel_v1_b0,B0,split_high_low,64,67,eval_mean_mean_resource_fraction,0.13744965001419984
ecology_perception_parallel_v1_b0,B0,split_high_low,64,67,eval_mean_mean_reserve_welfare,0.5973902343890779
ecology_perception_parallel_v1_b0,B0,split_high_low,64,67,final_wealth_gini,0.6796253665599572
ecology_perception_parallel_v1_b0,B0,uniform_high,64,68,eval_mean_mean_resource_fraction,0.16668032975845626
ecology_perception_parallel_v1_b0,B0,uniform_high,64,68,eval_mean_mean_reserve_welfare,0.8705185007562772
ecology_perception_parallel_v1_b0,B0,uniform_high,64,68,final_wealth_gini,0.41118247850225753
ecology_perception_parallel_v1_b0,B0,patchy_high,64,68,eval_mean_mean_resource_fraction,0.07987822803354527
ecology_perception_parallel_v1_b0,B0,patchy_high,64,68,eval_mean_mean_reserve_welfare,0.7456964901909363
ecology_perception_parallel_v1_b0,B0,patchy_high,64,68,final_wealth_gini,0.43057747415658043
ecology_perception_parallel_v1_b0,B0,split_high_low,64,68,eval_mean_mean_resource_fraction,0.08498345719532394
ecology_perception_parallel_v1_b0,B0,split_high_low,64,68,eval_mean_mean_reserve_welfare,0.6884117138776126
ecology_perception_parallel_v1_b0,B0,split_high_low,64,68,final_wealth_gini,0.5737169883384934
ecology_perception_parallel_v1_b0,B0,uniform_high,64,69,eval_mean_mean_resource_fraction,0.13019885867891876
ecology_perception_parallel_v1_b0,B0,uniform_high,64,69,eval_mean_mean_reserve_welfare,0.7753145249239056
ecology_perception_parallel_v1_b0,B0,uniform_high,64,69,final_wealth_gini,0.4843517625895861
ecology_perception_parallel_v1_b0,B0,patchy_high,64,69,eval_mean_mean_resource_fraction,0.18378713209921027
ecology_perception_parallel_v1_b0,B0,patchy_high,64,69,eval_mean_mean_reserve_welfare,0.8590665599126569
ecology_perception_parallel_v1_b0,B0,patchy_high,64,69,final_wealth_gini,0.4476439503102341
ecology_perception_parallel_v1_b0,B0,split_high_low,64,69,eval_mean_mean_resource_fraction,0.1346694304325713
ecology_perception_parallel_v1_b0,B0,split_high_low,64,69,eval_mean_mean_reserve_welfare,0.7493109599595914
ecology_perception_parallel_v1_b0,B0,split_high_low,64,69,final_wealth_gini,0.527464378264036
ecology_perception_parallel_v1_b0,B0,uniform_high,64,70,eval_mean_mean_resource_fraction,0.09282525298788062
ecology_perception_parallel_v1_b0,B0,uniform_high,64,70,eval_mean_mean_reserve_welfare,0.741671029885743
ecology_perception_parallel_v1_b0,B0,uniform_high,64,70,final_wealth_gini,0.42048295419116877
ecology_perception_parallel_v1_b0,B0,patchy_high,64,70,eval_mean_mean_resource_fraction,0.10224540744599729
ecology_perception_parallel_v1_b0,B0,patchy_high,64,70,eval_mean_mean_reserve_welfare,0.8304348455415138
ecology_perception_parallel_v1_b0,B0,patchy_high,64,70,final_wealth_gini,0.3497255904002967
ecology_perception_parallel_v1_b0,B0,split_high_low,64,70,eval_mean_mean_resource_fraction,0.13295059402313497
ecology_perception_parallel_v1_b0,B0,split_high_low,64,70,eval_mean_mean_reserve_welfare,0.6411038552427615
ecology_perception_parallel_v1_b0,B0,split_high_low,64,70,final_wealth_gini,0.6340785741039565
ecology_perception_parallel_v1_b0,B0,uniform_high,64,71,eval_mean_mean_resource_fraction,0.1604249344897417
ecology_perception_parallel_v1_b0,B0,uniform_high,64,71,eval_mean_mean_reserve_welfare,0.9192862314182862
ecology_perception_parallel_v1_b0,B0,uniform_high,64,71,final_wealth_gini,0.42638920076832365
ecology_perception_parallel_v1_b0,B0,patchy_high,64,71,eval_mean_mean_resource_fraction,0.06486010288021855
ecology_perception_parallel_v1_b0,B0,patchy_high,64,71,eval_mean_mean_reserve_welfare,0.6894007241614537
ecology_perception_parallel_v1_b0,B0,patchy_high,64,71,final_wealth_gini,0.4294067410617448
ecology_perception_parallel_v1_b0,B0,split_high_low,64,71,eval_mean_mean_resource_fraction,0.05840621166069072
ecology_perception_parallel_v1_b0,B0,split_high_low,64,71,eval_mean_mean_reserve_welfare,0.6046657098019597
ecology_perception_parallel_v1_b0,B0,split_high_low,64,71,final_wealth_gini,0.5684336610993463
ecology_perception_parallel_v1_b0,B0,uniform_high,64,72,eval_mean_mean_resource_fraction,0.12001745829716233
ecology_perception_parallel_v1_b0,B0,uniform_high,64,72,eval_mean_mean_reserve_welfare,0.8293431235676137
ecology_perception_parallel_v1_b0,B0,uniform_high,64,72,final_wealth_gini,0.3996317555941722
ecology_perception_parallel_v1_b0,B0,patchy_high,64,72,eval_mean_mean_resource_fraction,0.0921231215165508
ecology_perception_parallel_v1_b0,B0,patchy_high,64,72,eval_mean_mean_reserve_welfare,0.8003036822845179
ecology_perception_parallel_v1_b0,B0,patchy_high,64,72,final_wealth_gini,0.37265043959510713
ecology_perception_parallel_v1_b0,B0,split_high_low,64,72,eval_mean_mean_resource_fraction,0.0877813276889666
ecology_perception_parallel_v1_b0,B0,split_high_low,64,72,eval_mean_mean_reserve_welfare,0.6694657029145185
ecology_perception_parallel_v1_b0,B0,split_high_low,64,72,final_wealth_gini,0.5827799535447955
ecology_perception_parallel_v1_b0,B0,uniform_high,64,73,eval_mean_mean_resource_fraction,0.11499643811945383
ecology_perception_parallel_v1_b0,B0,uniform_high,64,73,eval_mean_mean_reserve_welfare,0.7871236767985974
ecology_perception_parallel_v1_b0,B0,uniform_high,64,73,final_wealth_gini,0.435080149718311
ecology_perception_parallel_v1_b0,B0,patchy_high,64,73,eval_mean_mean_resource_fraction,0.13381003993989485
ecology_perception_parallel_v1_b0,B0,patchy_high,64,73,eval_mean_mean_reserve_welfare,0.8498526303871083
ecology_perception_parallel_v1_b0,B0,patchy_high,64,73,final_wealth_gini,0.39612322938244193
ecology_perception_parallel_v1_b0,B0,split_high_low,64,73,eval_mean_mean_resource_fraction,0.12335435928806487
ecology_perception_parallel_v1_b0,B0,split_high_low,64,73,eval_mean_mean_reserve_welfare,0.6142751449128241
ecology_perception_parallel_v1_b0,B0,split_high_low,64,73,final_wealth_gini,0.6488227294437223
ecology_perception_parallel_v1_b0,B0,uniform_high,64,74,eval_mean_mean_resource_fraction,0.1492961567848933
ecology_perception_parallel_v1_b0,B0,uniform_high,64,74,eval_mean_mean_reserve_welfare,0.8333426066224949
ecology_perception_parallel_v1_b0,B0,uniform_high,64,74,final_wealth_gini,0.4612660811794753
ecology_perception_parallel_v1_b0,B0,patchy_high,64,74,eval_mean_mean_resource_fraction,0.12179649160400266
ecology_perception_parallel_v1_b0,B0,patchy_high,64,74,eval_mean_mean_reserve_welfare,0.7393456531217939
ecology_perception_parallel_v1_b0,B0,patchy_high,64,74,final_wealth_gini,0.4901477373177865
ecology_perception_parallel_v1_b0,B0,split_high_low,64,74,eval_mean_mean_resource_fraction,0.1670956252757325
ecology_perception_parallel_v1_b0,B0,split_high_low,64,74,eval_mean_mean_reserve_welfare,0.6632837681817718
ecology_perception_parallel_v1_b0,B0,split_high_low,64,74,final_wealth_gini,0.6440518900637422
ecology_perception_parallel_v1_b0,B0,uniform_high,64,75,eval_mean_mean_resource_fraction,0.11571196188083638
ecology_perception_parallel_v1_b0,B0,uniform_high,64,75,eval_mean_mean_reserve_welfare,0.850620219062098
ecology_perception_parallel_v1_b0,B0,uniform_high,64,75,final_wealth_gini,0.38934515860442453
ecology_perception_parallel_v1_b0,B0,patchy_high,64,75,eval_mean_mean_resource_fraction,0.10514594645869564
ecology_perception_parallel_v1_b0,B0,patchy_high,64,75,eval_mean_mean_reserve_welfare,0.8498202486243416
ecology_perception_parallel_v1_b0,B0,patchy_high,64,75,final_wealth_gini,0.3759086250707131
ecology_perception_parallel_v1_b0,B0,split_high_low,64,75,eval_mean_mean_resource_fraction,0.08502540779691814
ecology_perception_parallel_v1_b0,B0,split_high_low,64,75,eval_mean_mean_reserve_welfare,0.7068057313048648
ecology_perception_parallel_v1_b0,B0,split_high_low,64,75,final_wealth_gini,0.5504727848208131
ecology_perception_parallel_v1_b0,B0,uniform_high,64,76,eval_mean_mean_resource_fraction,0.10886309934902064
ecology_perception_parallel_v1_b0,B0,uniform_high,64,76,eval_mean_mean_reserve_welfare,0.7451003572356316
ecology_perception_parallel_v1_b0,B0,uniform_high,64,76,final_wealth_gini,0.4349770383813967
ecology_perception_parallel_v1_b0,B0,patchy_high,64,76,eval_mean_mean_resource_fraction,0.09075656893121781
ecology_perception_parallel_v1_b0,B0,patchy_high,64,76,eval_mean_mean_reserve_welfare,0.6199809687830209
ecology_perception_parallel_v1_b0,B0,patchy_high,64,76,final_wealth_gini,0.5094743895180913
ecology_perception_parallel_v1_b0,B0,split_high_low,64,76,eval_mean_mean_resource_fraction,0.08456439979897543
ecology_perception_parallel_v1_b0,B0,split_high_low,64,76,eval_mean_mean_reserve_welfare,0.46984996493911807
ecology_perception_parallel_v1_b0,B0,split_high_low,64,76,final_wealth_gini,0.7222122056018512
ecology_perception_parallel_v1_b0,B0,uniform_high,64,77,eval_mean_mean_resource_fraction,0.11445409893287879
ecology_perception_parallel_v1_b0,B0,uniform_high,64,77,eval_mean_mean_reserve_welfare,0.7880062315538853
ecology_perception_parallel_v1_b0,B0,uniform_high,64,77,final_wealth_gini,0.4485164515389135
ecology_perception_parallel_v1_b0,B0,patchy_high,64,77,eval_mean_mean_resource_fraction,0.13843746043404564
ecology_perception_parallel_v1_b0,B0,patchy_high,64,77,eval_mean_mean_reserve_welfare,0.8162016875311849
ecology_perception_parallel_v1_b0,B0,patchy_high,64,77,final_wealth_gini,0.4529941504572026
ecology_perception_parallel_v1_b0,B0,split_high_low,64,77,eval_mean_mean_resource_fraction,0.10275938266035814
ecology_perception_parallel_v1_b0,B0,split_high_low,64,77,eval_mean_mean_reserve_welfare,0.7133224230733615
ecology_perception_parallel_v1_b0,B0,split_high_low,64,77,final_wealth_gini,0.5444287203918108
ecology_perception_parallel_v1_b0,B0,uniform_high,64,78,eval_mean_mean_resource_fraction,0.08806293306927238
ecology_perception_parallel_v1_b0,B0,uniform_high,64,78,eval_mean_mean_reserve_welfare,0.7715572862212188
ecology_perception_parallel_v1_b0,B0,uniform_high,64,78,final_wealth_gini,0.4140800925750274
ecology_perception_parallel_v1_b0,B0,patchy_high,64,78,eval_mean_mean_resource_fraction,0.1092852419807109
ecology_perception_parallel_v1_b0,B0,patchy_high,64,78,eval_mean_mean_reserve_welfare,0.7761011944434862
ecology_perception_parallel_v1_b0,B0,patchy_high,64,78,final_wealth_gini,0.4499787210889099
ecology_perception_parallel_v1_b0,B0,split_high_low,64,78,eval_mean_mean_resource_fraction,0.05220541719584594
ecology_perception_parallel_v1_b0,B0,split_high_low,64,78,eval_mean_mean_reserve_welfare,0.5519965172891534
ecology_perception_parallel_v1_b0,B0,split_high_low,64,78,final_wealth_gini,0.6260578674714545
ecology_perception_parallel_v1_b0,B0,uniform_high,64,79,eval_mean_mean_resource_fraction,0.10090495998122982
ecology_perception_parallel_v1_b0,B0,uniform_high,64,79,eval_mean_mean_reserve_welfare,0.7818553714549011
ecology_perception_parallel_v1_b0,B0,uniform_high,64,79,final_wealth_gini,0.4474130414669024
ecology_perception_parallel_v1_b0,B0,patchy_high,64,79,eval_mean_mean_resource_fraction,0.07917817919781467
ecology_perception_parallel_v1_b0,B0,patchy_high,64,79,eval_mean_mean_reserve_welfare,0.6353896560990456
ecology_perception_parallel_v1_b0,B0,patchy_high,64,79,final_wealth_gini,0.501385715566586
ecology_perception_parallel_v1_b0,B0,split_high_low,64,79,eval_mean_mean_resource_fraction,0.16000492054016402
ecology_perception_parallel_v1_b0,B0,split_high_low,64,79,eval_mean_mean_reserve_welfare,0.7589512773841132
ecology_perception_parallel_v1_b0,B0,split_high_low,64,79,final_wealth_gini,0.5779362209956009
ecology_perception_parallel_v1_b0,B0,uniform_high,64,80,eval_mean_mean_resource_fraction,0.09235935899301617
ecology_perception_parallel_v1_b0,B0,uniform_high,64,80,eval_mean_mean_reserve_welfare,0.6963083902805282
ecology_perception_parallel_v1_b0,B0,uniform_high,64,80,final_wealth_gini,0.5166667636940434
ecology_perception_parallel_v1_b0,B0,patchy_high,64,80,eval_mean_mean_resource_fraction,0.09738754815695691
ecology_perception_parallel_v1_b0,B0,patchy_high,64,80,eval_mean_mean_reserve_welfare,0.7320841473583719
ecology_perception_parallel_v1_b0,B0,patchy_high,64,80,final_wealth_gini,0.49177939652624914
ecology_perception_parallel_v1_b0,B0,split_high_low,64,80,eval_mean_mean_resource_fraction,0.14780751466213934
ecology_perception_parallel_v1_b0,B0,split_high_low,64,80,eval_mean_mean_reserve_welfare,0.6132020380924182
ecology_perception_parallel_v1_b0,B0,split_high_low,64,80,final_wealth_gini,0.6750310417508576
ecology_perception_parallel_v1_b0,B0,uniform_high,64,81,eval_mean_mean_resource_fraction,0.07712216461123791
ecology_perception_parallel_v1_b0,B0,uniform_high,64,81,eval_mean_mean_reserve_welfare,0.7217537619146326
ecology_perception_parallel_v1_b0,B0,uniform_high,64,81,final_wealth_gini,0.4367651005579192
ecology_perception_parallel_v1_b0,B0,patchy_high,64,81,eval_mean_mean_resource_fraction,0.0966579948197363
ecology_perception_parallel_v1_b0,B0,patchy_high,64,81,eval_mean_mean_reserve_welfare,0.7585925148000423
ecology_perception_parallel_v1_b0,B0,patchy_high,64,81,final_wealth_gini,0.43887271700166
ecology_perception_parallel_v1_b0,B0,split_high_low,64,81,eval_mean_mean_resource_fraction,0.12600316184762153
ecology_perception_parallel_v1_b0,B0,split_high_low,64,81,eval_mean_mean_reserve_welfare,0.6221190013881147
ecology_perception_parallel_v1_b0,B0,split_high_low,64,81,final_wealth_gini,0.6688538552982877
ecology_perception_parallel_v1_b0,B0,uniform_high,64,82,eval_mean_mean_resource_fraction,0.12746432643054584
ecology_perception_parallel_v1_b0,B0,uniform_high,64,82,eval_mean_mean_reserve_welfare,0.8454975359621658
ecology_perception_parallel_v1_b0,B0,uniform_high,64,82,final_wealth_gini,0.4572198700355754
ecology_perception_parallel_v1_b0,B0,patchy_high,64,82,eval_mean_mean_resource_fraction,0.19449120135573225
ecology_perception_parallel_v1_b0,B0,patchy_high,64,82,eval_mean_mean_reserve_welfare,0.8636379028453733
ecology_perception_parallel_v1_b0,B0,patchy_high,64,82,final_wealth_gini,0.4810533737649507
ecology_perception_parallel_v1_b0,B0,split_high_low,64,82,eval_mean_mean_resource_fraction,0.08655150647033873
ecology_perception_parallel_v1_b0,B0,split_high_low,64,82,eval_mean_mean_reserve_welfare,0.6385076444421587
ecology_perception_parallel_v1_b0,B0,split_high_low,64,82,final_wealth_gini,0.6181124139027181
ecology_perception_parallel_v1_b0,B0,uniform_high,64,83,eval_mean_mean_resource_fraction,0.0711783300401554
ecology_perception_parallel_v1_b0,B0,uniform_high,64,83,eval_mean_mean_reserve_welfare,0.6729976849352871
ecology_perception_parallel_v1_b0,B0,uniform_high,64,83,final_wealth_gini,0.4608663880458137
ecology_perception_parallel_v1_b0,B0,patchy_high,64,83,eval_mean_mean_resource_fraction,0.07732396029464374
ecology_perception_parallel_v1_b0,B0,patchy_high,64,83,eval_mean_mean_reserve_welfare,0.7188165477732836
ecology_perception_parallel_v1_b0,B0,patchy_high,64,83,final_wealth_gini,0.4453919963475046
ecology_perception_parallel_v1_b0,B0,split_high_low,64,83,eval_mean_mean_resource_fraction,0.10371173757416055
ecology_perception_parallel_v1_b0,B0,split_high_low,64,83,eval_mean_mean_reserve_welfare,0.7172491929085052
ecology_perception_parallel_v1_b0,B0,split_high_low,64,83,final_wealth_gini,0.5802852830005725
ecology_perception_parallel_v1_b0,B0,uniform_high,64,84,eval_mean_mean_resource_fraction,0.21580704832259925
ecology_perception_parallel_v1_b0,B0,uniform_high,64,84,eval_mean_mean_reserve_welfare,0.9549409890458086
ecology_perception_parallel_v1_b0,B0,uniform_high,64,84,final_wealth_gini,0.3829532619377727
ecology_perception_parallel_v1_b0,B0,patchy_high,64,84,eval_mean_mean_resource_fraction,0.12165303710003846
ecology_perception_parallel_v1_b0,B0,patchy_high,64,84,eval_mean_mean_reserve_welfare,0.7872475342151677
ecology_perception_parallel_v1_b0,B0,patchy_high,64,84,final_wealth_gini,0.44973614049906563
ecology_perception_parallel_v1_b0,B0,split_high_low,64,84,eval_mean_mean_resource_fraction,0.0783655897207945
ecology_perception_parallel_v1_b0,B0,split_high_low,64,84,eval_mean_mean_reserve_welfare,0.5720419621287839
ecology_perception_parallel_v1_b0,B0,split_high_low,64,84,final_wealth_gini,0.6308687320324007
ecology_perception_parallel_v1_b0,B0,uniform_high,64,85,eval_mean_mean_resource_fraction,0.12505448433893235
ecology_perception_parallel_v1_b0,B0,uniform_high,64,85,eval_mean_mean_reserve_welfare,0.8411961086561706
ecology_perception_parallel_v1_b0,B0,uniform_high,64,85,final_wealth_gini,0.42589506450848913
ecology_perception_parallel_v1_b0,B0,patchy_high,64,85,eval_mean_mean_resource_fraction,0.12407231308568449
ecology_perception_parallel_v1_b0,B0,patchy_high,64,85,eval_mean_mean_reserve_welfare,0.8279923645832782
ecology_perception_parallel_v1_b0,B0,patchy_high,64,85,final_wealth_gini,0.4305499360648526
ecology_perception_parallel_v1_b0,B0,split_high_low,64,85,eval_mean_mean_resource_fraction,0.1006241820468722
ecology_perception_parallel_v1_b0,B0,split_high_low,64,85,eval_mean_mean_reserve_welfare,0.6350069721581181
ecology_perception_parallel_v1_b0,B0,split_high_low,64,85,final_wealth_gini,0.6454070649677259
ecology_perception_parallel_v1_b0,B0,uniform_high,64,86,eval_mean_mean_resource_fraction,0.13406692751924554
ecology_perception_parallel_v1_b0,B0,uniform_high,64,86,eval_mean_mean_reserve_welfare,0.8252715566686317
ecology_perception_parallel_v1_b0,B0,uniform_high,64,86,final_wealth_gini,0.4498985115788523
ecology_perception_parallel_v1_b0,B0,patchy_high,64,86,eval_mean_mean_resource_fraction,0.1892677894515357
ecology_perception_parallel_v1_b0,B0,patchy_high,64,86,eval_mean_mean_reserve_welfare,0.9087843940629834
ecology_perception_parallel_v1_b0,B0,patchy_high,64,86,final_wealth_gini,0.4195260939576262
ecology_perception_parallel_v1_b0,B0,split_high_low,64,86,eval_mean_mean_resource_fraction,0.10067102356092915
ecology_perception_parallel_v1_b0,B0,split_high_low,64,86,eval_mean_mean_reserve_welfare,0.7698866713710708
ecology_perception_parallel_v1_b0,B0,split_high_low,64,86,final_wealth_gini,0.5610604843275067
ecology_perception_parallel_v1_b0,B0,uniform_high,64,87,eval_mean_mean_resource_fraction,0.08651668758711838
ecology_perception_parallel_v1_b0,B0,uniform_high,64,87,eval_mean_mean_reserve_welfare,0.8339089815694242
ecology_perception_parallel_v1_b0,B0,uniform_high,64,87,final_wealth_gini,0.36401874605474815
ecology_perception_parallel_v1_b0,B0,patchy_high,64,87,eval_mean_mean_resource_fraction,0.11402843386007921
ecology_perception_parallel_v1_b0,B0,patchy_high,64,87,eval_mean_mean_reserve_welfare,0.9013808775083663
ecology_perception_parallel_v1_b0,B0,patchy_high,64,87,final_wealth_gini,0.3749875284265005
ecology_perception_parallel_v1_b0,B0,split_high_low,64,87,eval_mean_mean_resource_fraction,0.08086791711401528
ecology_perception_parallel_v1_b0,B0,split_high_low,64,87,eval_mean_mean_reserve_welfare,0.6651560753561077
ecology_perception_parallel_v1_b0,B0,split_high_low,64,87,final_wealth_gini,0.5991850795771352
ecology_perception_parallel_v1_b0,B0,uniform_high,64,88,eval_mean_mean_resource_fraction,0.11059465621529722
ecology_perception_parallel_v1_b0,B0,uniform_high,64,88,eval_mean_mean_reserve_welfare,0.7288326701399269
ecology_perception_parallel_v1_b0,B0,uniform_high,64,88,final_wealth_gini,0.5058097778189801
ecology_perception_parallel_v1_b0,B0,patchy_high,64,88,eval_mean_mean_resource_fraction,0.10676911709192015
ecology_perception_parallel_v1_b0,B0,patchy_high,64,88,eval_mean_mean_reserve_welfare,0.7090445193326069
ecology_perception_parallel_v1_b0,B0,patchy_high,64,88,final_wealth_gini,0.5079538835984965
ecology_perception_parallel_v1_b0,B0,split_high_low,64,88,eval_mean_mean_resource_fraction,0.12428513626199068
ecology_perception_parallel_v1_b0,B0,split_high_low,64,88,eval_mean_mean_reserve_welfare,0.6528280175692156
ecology_perception_parallel_v1_b0,B0,split_high_low,64,88,final_wealth_gini,0.6376618354971804
ecology_perception_parallel_v1_b0,B0,uniform_high,64,89,eval_mean_mean_resource_fraction,0.135812916506125
ecology_perception_parallel_v1_b0,B0,uniform_high,64,89,eval_mean_mean_reserve_welfare,0.8638125122218357
ecology_perception_parallel_v1_b0,B0,uniform_high,64,89,final_wealth_gini,0.4087050618970074
ecology_perception_parallel_v1_b0,B0,patchy_high,64,89,eval_mean_mean_resource_fraction,0.10448578396596164
ecology_perception_parallel_v1_b0,B0,patchy_high,64,89,eval_mean_mean_reserve_welfare,0.7407020019254974
ecology_perception_parallel_v1_b0,B0,patchy_high,64,89,final_wealth_gini,0.4633026012926791
ecology_perception_parallel_v1_b0,B0,split_high_low,64,89,eval_mean_mean_resource_fraction,0.120771311860992
ecology_perception_parallel_v1_b0,B0,split_high_low,64,89,eval_mean_mean_reserve_welfare,0.661970654121149
ecology_perception_parallel_v1_b0,B0,split_high_low,64,89,final_wealth_gini,0.6414092436181105
ecology_perception_parallel_v1_b0,B0,uniform_high,64,90,eval_mean_mean_resource_fraction,0.09975645968574107
ecology_perception_parallel_v1_b0,B0,uniform_high,64,90,eval_mean_mean_reserve_welfare,0.7948528416812262
ecology_perception_parallel_v1_b0,B0,uniform_high,64,90,final_wealth_gini,0.3887885629845311
ecology_perception_parallel_v1_b0,B0,patchy_high,64,90,eval_mean_mean_resource_fraction,0.07776568705934787
ecology_perception_parallel_v1_b0,B0,patchy_high,64,90,eval_mean_mean_reserve_welfare,0.7138592658741328
ecology_perception_parallel_v1_b0,B0,patchy_high,64,90,final_wealth_gini,0.4310350272791299
ecology_perception_parallel_v1_b0,B0,split_high_low,64,90,eval_mean_mean_resource_fraction,0.09673962621564886
ecology_perception_parallel_v1_b0,B0,split_high_low,64,90,eval_mean_mean_reserve_welfare,0.6436503177141134
ecology_perception_parallel_v1_b0,B0,split_high_low,64,90,final_wealth_gini,0.6185107700544401
ecology_perception_parallel_v1_b0,B0,uniform_high,64,91,eval_mean_mean_resource_fraction,0.16027640946020255
ecology_perception_parallel_v1_b0,B0,uniform_high,64,91,eval_mean_mean_reserve_welfare,0.8929434408030412
ecology_perception_parallel_v1_b0,B0,uniform_high,64,91,final_wealth_gini,0.409174486397051
ecology_perception_parallel_v1_b0,B0,patchy_high,64,91,eval_mean_mean_resource_fraction,0.109113792016116
ecology_perception_parallel_v1_b0,B0,patchy_high,64,91,eval_mean_mean_reserve_welfare,0.7172391396782016
ecology_perception_parallel_v1_b0,B0,patchy_high,64,91,final_wealth_gini,0.48935921029798224
ecology_perception_parallel_v1_b0,B0,split_high_low,64,91,eval_mean_mean_resource_fraction,0.10074596283580105
ecology_perception_parallel_v1_b0,B0,split_high_low,64,91,eval_mean_mean_reserve_welfare,0.6370365778222274
ecology_perception_parallel_v1_b0,B0,split_high_low,64,91,final_wealth_gini,0.5859020823827445
ecology_perception_parallel_v1_b0,B0,uniform_high,64,92,eval_mean_mean_resource_fraction,0.1500837053239531
ecology_perception_parallel_v1_b0,B0,uniform_high,64,92,eval_mean_mean_reserve_welfare,0.8464339104955321
ecology_perception_parallel_v1_b0,B0,uniform_high,64,92,final_wealth_gini,0.44385513214739825
ecology_perception_parallel_v1_b0,B0,patchy_high,64,92,eval_mean_mean_resource_fraction,0.10207512877479578
ecology_perception_parallel_v1_b0,B0,patchy_high,64,92,eval_mean_mean_reserve_welfare,0.66742895967897
ecology_perception_parallel_v1_b0,B0,patchy_high,64,92,final_wealth_gini,0.5405057547994272
ecology_perception_parallel_v1_b0,B0,split_high_low,64,92,eval_mean_mean_resource_fraction,0.12275242101297047
ecology_perception_parallel_v1_b0,B0,split_high_low,64,92,eval_mean_mean_reserve_welfare,0.6897659469313535
ecology_perception_parallel_v1_b0,B0,split_high_low,64,92,final_wealth_gini,0.6160825278972517
ecology_perception_parallel_v1_b0,B0,uniform_high,64,93,eval_mean_mean_resource_fraction,0.09101209038738457
ecology_perception_parallel_v1_b0,B0,uniform_high,64,93,eval_mean_mean_reserve_welfare,0.7592614081416392
ecology_perception_parallel_v1_b0,B0,uniform_high,64,93,final_wealth_gini,0.43102197558497135
ecology_perception_parallel_v1_b0,B0,patchy_high,64,93,eval_mean_mean_resource_fraction,0.08656500602895717
ecology_perception_parallel_v1_b0,B0,patchy_high,64,93,eval_mean_mean_reserve_welfare,0.7403120652357718
ecology_perception_parallel_v1_b0,B0,patchy_high,64,93,final_wealth_gini,0.4415663791113693
ecology_perception_parallel_v1_b0,B0,split_high_low,64,93,eval_mean_mean_resource_fraction,0.13792325750058854
ecology_perception_parallel_v1_b0,B0,split_high_low,64,93,eval_mean_mean_reserve_welfare,0.6412139143809742
ecology_perception_parallel_v1_b0,B0,split_high_low,64,93,final_wealth_gini,0.6525184567036246
ecology_perception_parallel_v1_b0,B0,uniform_high,64,94,eval_mean_mean_resource_fraction,0.09160028815050487
ecology_perception_parallel_v1_b0,B0,uniform_high,64,94,eval_mean_mean_reserve_welfare,0.6988592153378722
ecology_perception_parallel_v1_b0,B0,uniform_high,64,94,final_wealth_gini,0.47681674810040775
ecology_perception_parallel_v1_b0,B0,patchy_high,64,94,eval_mean_mean_resource_fraction,0.13316862093514015
ecology_perception_parallel_v1_b0,B0,patchy_high,64,94,eval_mean_mean_reserve_welfare,0.8556111816613081
ecology_perception_parallel_v1_b0,B0,patchy_high,64,94,final_wealth_gini,0.42070038785496755
ecology_perception_parallel_v1_b0,B0,split_high_low,64,94,eval_mean_mean_resource_fraction,0.10041215580131707
ecology_perception_parallel_v1_b0,B0,split_high_low,64,94,eval_mean_mean_reserve_welfare,0.6517713086098625
ecology_perception_parallel_v1_b0,B0,split_high_low,64,94,final_wealth_gini,0.6150765440192272
ecology_perception_parallel_v1_b0,B0,uniform_high,64,95,eval_mean_mean_resource_fraction,0.12067238498409304
ecology_perception_parallel_v1_b0,B0,uniform_high,64,95,eval_mean_mean_reserve_welfare,0.7061589057338744
ecology_perception_parallel_v1_b0,B0,uniform_high,64,95,final_wealth_gini,0.49309495418235416
ecology_perception_parallel_v1_b0,B0,patchy_high,64,95,eval_mean_mean_resource_fraction,0.13431735016478424
ecology_perception_parallel_v1_b0,B0,patchy_high,64,95,eval_mean_mean_reserve_welfare,0.7254774793319624
ecology_perception_parallel_v1_b0,B0,patchy_high,64,95,final_wealth_gini,0.4860113806772244
ecology_perception_parallel_v1_b0,B0,split_high_low,64,95,eval_mean_mean_resource_fraction,0.08023087035826941
ecology_perception_parallel_v1_b0,B0,split_high_low,64,95,eval_mean_mean_reserve_welfare,0.6866578554356536
ecology_perception_parallel_v1_b0,B0,split_high_low,64,95,final_wealth_gini,0.5397351793128202
ecology_perception_parallel_v1_b0,B0,uniform_high,64,96,eval_mean_mean_resource_fraction,0.10255382324844277
ecology_perception_parallel_v1_b0,B0,uniform_high,64,96,eval_mean_mean_reserve_welfare,0.7850428887793889
ecology_perception_parallel_v1_b0,B0,uniform_high,64,96,final_wealth_gini,0.3882061396526355
ecology_perception_parallel_v1_b0,B0,patchy_high,64,96,eval_mean_mean_resource_fraction,0.14003923052441683
ecology_perception_parallel_v1_b0,B0,patchy_high,64,96,eval_mean_mean_reserve_welfare,0.8714541378329781
ecology_perception_parallel_v1_b0,B0,patchy_high,64,96,final_wealth_gini,0.38524965012723533
ecology_perception_parallel_v1_b0,B0,split_high_low,64,96,eval_mean_mean_resource_fraction,0.10905858659576888
ecology_perception_parallel_v1_b0,B0,split_high_low,64,96,eval_mean_mean_reserve_welfare,0.6749999063700588
ecology_perception_parallel_v1_b0,B0,split_high_low,64,96,final_wealth_gini,0.5766850447402427
ecology_perception_parallel_v1_b0,B0,uniform_high,64,97,eval_mean_mean_resource_fraction,0.06025806260035514
ecology_perception_parallel_v1_b0,B0,uniform_high,64,97,eval_mean_mean_reserve_welfare,0.665023653642686
ecology_perception_parallel_v1_b0,B0,uniform_high,64,97,final_wealth_gini,0.4010604497262793
ecology_perception_parallel_v1_b0,B0,patchy_high,64,97,eval_mean_mean_resource_fraction,0.09952373308046779
ecology_perception_parallel_v1_b0,B0,patchy_high,64,97,eval_mean_mean_reserve_welfare,0.8132355309468853
ecology_perception_parallel_v1_b0,B0,patchy_high,64,97,final_wealth_gini,0.3903251720923444
ecology_perception_parallel_v1_b0,B0,split_high_low,64,97,eval_mean_mean_resource_fraction,0.07679390306701518
ecology_perception_parallel_v1_b0,B0,split_high_low,64,97,eval_mean_mean_reserve_welfare,0.5959642828607101
ecology_perception_parallel_v1_b0,B0,split_high_low,64,97,final_wealth_gini,0.6330057512369174
ecology_perception_parallel_v1_b0,B0,uniform_high,64,98,eval_mean_mean_resource_fraction,0.10711390775931516
ecology_perception_parallel_v1_b0,B0,uniform_high,64,98,eval_mean_mean_reserve_welfare,0.7467611742066592
ecology_perception_parallel_v1_b0,B0,uniform_high,64,98,final_wealth_gini,0.49338450902358
ecology_perception_parallel_v1_b0,B0,patchy_high,64,98,eval_mean_mean_resource_fraction,0.08625405597959798
ecology_perception_parallel_v1_b0,B0,patchy_high,64,98,eval_mean_mean_reserve_welfare,0.6936137598289263
ecology_perception_parallel_v1_b0,B0,patchy_high,64,98,final_wealth_gini,0.5196333636582888
ecology_perception_parallel_v1_b0,B0,split_high_low,64,98,eval_mean_mean_resource_fraction,0.06944661033347889
ecology_perception_parallel_v1_b0,B0,split_high_low,64,98,eval_mean_mean_reserve_welfare,0.56569001213817
ecology_perception_parallel_v1_b0,B0,split_high_low,64,98,final_wealth_gini,0.6759982934417652
ecology_perception_parallel_v1_b0,B0,uniform_high,64,99,eval_mean_mean_resource_fraction,0.13863108552302783
ecology_perception_parallel_v1_b0,B0,uniform_high,64,99,eval_mean_mean_reserve_welfare,0.9191837210417007
ecology_perception_parallel_v1_b0,B0,uniform_high,64,99,final_wealth_gini,0.3539901908971086
ecology_perception_parallel_v1_b0,B0,patchy_high,64,99,eval_mean_mean_resource_fraction,0.08656394305751208
ecology_perception_parallel_v1_b0,B0,patchy_high,64,99,eval_mean_mean_reserve_welfare,0.761658562936358
ecology_perception_parallel_v1_b0,B0,patchy_high,64,99,final_wealth_gini,0.4203932778279993
ecology_perception_parallel_v1_b0,B0,split_high_low,64,99,eval_mean_mean_resource_fraction,0.149358865869488
ecology_perception_parallel_v1_b0,B0,split_high_low,64,99,eval_mean_mean_reserve_welfare,0.7436274463278753
ecology_perception_parallel_v1_b0,B0,split_high_low,64,99,final_wealth_gini,0.5973795923111029
ecology_perception_parallel_v1_s1,S1,uniform_high,64,0,eval_mean_mean_resource_fraction,0.1199493213476759
ecology_perception_parallel_v1_s1,S1,uniform_high,64,0,eval_mean_mean_reserve_welfare,0.825793697004297
ecology_perception_parallel_v1_s1,S1,uniform_high,64,0,final_wealth_gini,0.4194188513844044
ecology_perception_parallel_v1_s1,S1,patchy_high,64,0,eval_mean_mean_resource_fraction,0.07396355152804611
ecology_perception_parallel_v1_s1,S1,patchy_high,64,0,eval_mean_mean_reserve_welfare,0.7104756852464472
ecology_perception_parallel_v1_s1,S1,patchy_high,64,0,final_wealth_gini,0.3661219602367325
ecology_perception_parallel_v1_s1,S1,split_high_low,64,0,eval_mean_mean_resource_fraction,0.09598913142367664
ecology_perception_parallel_v1_s1,S1,split_high_low,64,0,eval_mean_mean_reserve_welfare,0.6773945609731971
ecology_perception_parallel_v1_s1,S1,split_high_low,64,0,final_wealth_gini,0.5901655975469307
ecology_perception_parallel_v1_s1,S1,uniform_high,64,1,eval_mean_mean_resource_fraction,0.0752906908486807
ecology_perception_parallel_v1_s1,S1,uniform_high,64,1,eval_mean_mean_reserve_welfare,0.6019210165013884
ecology_perception_parallel_v1_s1,S1,uniform_high,64,1,final_wealth_gini,0.42581965586524273
ecology_perception_parallel_v1_s1,S1,patchy_high,64,1,eval_mean_mean_resource_fraction,0.062361745225320946
ecology_perception_parallel_v1_s1,S1,patchy_high,64,1,eval_mean_mean_reserve_welfare,0.545822639102708
ecology_perception_parallel_v1_s1,S1,patchy_high,64,1,final_wealth_gini,0.4862964822184952
ecology_perception_parallel_v1_s1,S1,split_high_low,64,1,eval_mean_mean_resource_fraction,0.08192324816113662
ecology_perception_parallel_v1_s1,S1,split_high_low,64,1,eval_mean_mean_reserve_welfare,0.7125306571220019
ecology_perception_parallel_v1_s1,S1,split_high_low,64,1,final_wealth_gini,0.5205833178045383
ecology_perception_parallel_v1_s1,S1,uniform_high,64,2,eval_mean_mean_resource_fraction,0.10549371373377679
ecology_perception_parallel_v1_s1,S1,uniform_high,64,2,eval_mean_mean_reserve_welfare,0.7395655818177205
ecology_perception_parallel_v1_s1,S1,uniform_high,64,2,final_wealth_gini,0.41853530077805035
ecology_perception_parallel_v1_s1,S1,patchy_high,64,2,eval_mean_mean_resource_fraction,0.0774452702097258
ecology_perception_parallel_v1_s1,S1,patchy_high,64,2,eval_mean_mean_reserve_welfare,0.7114873169229686
ecology_perception_parallel_v1_s1,S1,patchy_high,64,2,final_wealth_gini,0.3902896903537876
ecology_perception_parallel_v1_s1,S1,split_high_low,64,2,eval_mean_mean_resource_fraction,0.07050508216760554
ecology_perception_parallel_v1_s1,S1,split_high_low,64,2,eval_mean_mean_reserve_welfare,0.597042680624083
ecology_perception_parallel_v1_s1,S1,split_high_low,64,2,final_wealth_gini,0.5953394736786326
ecology_perception_parallel_v1_s1,S1,uniform_high,64,3,eval_mean_mean_resource_fraction,0.07308257250439276
ecology_perception_parallel_v1_s1,S1,uniform_high,64,3,eval_mean_mean_reserve_welfare,0.7085615234500963
ecology_perception_parallel_v1_s1,S1,uniform_high,64,3,final_wealth_gini,0.4397004537965614
ecology_perception_parallel_v1_s1,S1,patchy_high,64,3,eval_mean_mean_resource_fraction,0.07445055489738873
ecology_perception_parallel_v1_s1,S1,patchy_high,64,3,eval_mean_mean_reserve_welfare,0.697678735802703
ecology_perception_parallel_v1_s1,S1,patchy_high,64,3,final_wealth_gini,0.4425709925800956
ecology_perception_parallel_v1_s1,S1,split_high_low,64,3,eval_mean_mean_resource_fraction,0.198335884503829
ecology_perception_parallel_v1_s1,S1,split_high_low,64,3,eval_mean_mean_reserve_welfare,0.6310643916566786
ecology_perception_parallel_v1_s1,S1,split_high_low,64,3,final_wealth_gini,0.6579287163090908
ecology_perception_parallel_v1_s1,S1,uniform_high,64,4,eval_mean_mean_resource_fraction,0.10297349206353273
ecology_perception_parallel_v1_s1,S1,uniform_high,64,4,eval_mean_mean_reserve_welfare,0.7846010114914947
ecology_perception_parallel_v1_s1,S1,uniform_high,64,4,final_wealth_gini,0.42849754157177866
ecology_perception_parallel_v1_s1,S1,patchy_high,64,4,eval_mean_mean_resource_fraction,0.1514525881936715
ecology_perception_parallel_v1_s1,S1,patchy_high,64,4,eval_mean_mean_reserve_welfare,0.8418936152061052
ecology_perception_parallel_v1_s1,S1,patchy_high,64,4,final_wealth_gini,0.4462362836135283
ecology_perception_parallel_v1_s1,S1,split_high_low,64,4,eval_mean_mean_resource_fraction,0.10254707102066182
ecology_perception_parallel_v1_s1,S1,split_high_low,64,4,eval_mean_mean_reserve_welfare,0.6119950087821046
ecology_perception_parallel_v1_s1,S1,split_high_low,64,4,final_wealth_gini,0.6393558724090436
ecology_perception_parallel_v1_s1,S1,uniform_high,64,5,eval_mean_mean_resource_fraction,0.14054138275359454
ecology_perception_parallel_v1_s1,S1,uniform_high,64,5,eval_mean_mean_reserve_welfare,0.7816056131422099
ecology_perception_parallel_v1_s1,S1,uniform_high,64,5,final_wealth_gini,0.4791368169539625
ecology_perception_parallel_v1_s1,S1,patchy_high,64,5,eval_mean_mean_resource_fraction,0.08438793664959303
ecology_perception_parallel_v1_s1,S1,patchy_high,64,5,eval_mean_mean_reserve_welfare,0.7035433378767517
ecology_perception_parallel_v1_s1,S1,patchy_high,64,5,final_wealth_gini,0.44102172015248087
ecology_perception_parallel_v1_s1,S1,split_high_low,64,5,eval_mean_mean_resource_fraction,0.09103305472895244
ecology_perception_parallel_v1_s1,S1,split_high_low,64,5,eval_mean_mean_reserve_welfare,0.6303891349604301
ecology_perception_parallel_v1_s1,S1,split_high_low,64,5,final_wealth_gini,0.6044474191187601
ecology_perception_parallel_v1_s1,S1,uniform_high,64,6,eval_mean_mean_resource_fraction,0.11766206961278446
ecology_perception_parallel_v1_s1,S1,uniform_high,64,6,eval_mean_mean_reserve_welfare,0.7361398775662278
ecology_perception_parallel_v1_s1,S1,uniform_high,64,6,final_wealth_gini,0.4768752319087399
ecology_perception_parallel_v1_s1,S1,patchy_high,64,6,eval_mean_mean_resource_fraction,0.11541693613015547
ecology_perception_parallel_v1_s1,S1,patchy_high,64,6,eval_mean_mean_reserve_welfare,0.7385921582509912
ecology_perception_parallel_v1_s1,S1,patchy_high,64,6,final_wealth_gini,0.4537569601251834
ecology_perception_parallel_v1_s1,S1,split_high_low,64,6,eval_mean_mean_resource_fraction,0.11347521435263647
ecology_perception_parallel_v1_s1,S1,split_high_low,64,6,eval_mean_mean_reserve_welfare,0.6297627033437796
ecology_perception_parallel_v1_s1,S1,split_high_low,64,6,final_wealth_gini,0.6191490851250769
ecology_perception_parallel_v1_s1,S1,uniform_high,64,7,eval_mean_mean_resource_fraction,0.09648463858567959
ecology_perception_parallel_v1_s1,S1,uniform_high,64,7,eval_mean_mean_reserve_welfare,0.8025562733149592
ecology_perception_parallel_v1_s1,S1,uniform_high,64,7,final_wealth_gini,0.4192119751268386
ecology_perception_parallel_v1_s1,S1,patchy_high,64,7,eval_mean_mean_resource_fraction,0.07147567594749621
ecology_perception_parallel_v1_s1,S1,patchy_high,64,7,eval_mean_mean_reserve_welfare,0.6651342585746407
ecology_perception_parallel_v1_s1,S1,patchy_high,64,7,final_wealth_gini,0.46892189916545557
ecology_perception_parallel_v1_s1,S1,split_high_low,64,7,eval_mean_mean_resource_fraction,0.1544465484144991
ecology_perception_parallel_v1_s1,S1,split_high_low,64,7,eval_mean_mean_reserve_welfare,0.6450154390556988
ecology_perception_parallel_v1_s1,S1,split_high_low,64,7,final_wealth_gini,0.6307668035962901
ecology_perception_parallel_v1_s1,S1,uniform_high,64,8,eval_mean_mean_resource_fraction,0.15861414017095352
ecology_perception_parallel_v1_s1,S1,uniform_high,64,8,eval_mean_mean_reserve_welfare,0.7184511574549783
ecology_perception_parallel_v1_s1,S1,uniform_high,64,8,final_wealth_gini,0.5613243582716299
ecology_perception_parallel_v1_s1,S1,patchy_high,64,8,eval_mean_mean_resource_fraction,0.15785665279887126
ecology_perception_parallel_v1_s1,S1,patchy_high,64,8,eval_mean_mean_reserve_welfare,0.6667204441424107
ecology_perception_parallel_v1_s1,S1,patchy_high,64,8,final_wealth_gini,0.5857376626472641
ecology_perception_parallel_v1_s1,S1,split_high_low,64,8,eval_mean_mean_resource_fraction,0.12737190884003116
ecology_perception_parallel_v1_s1,S1,split_high_low,64,8,eval_mean_mean_reserve_welfare,0.7140267618106573
ecology_perception_parallel_v1_s1,S1,split_high_low,64,8,final_wealth_gini,0.5508069731663143
ecology_perception_parallel_v1_s1,S1,uniform_high,64,9,eval_mean_mean_resource_fraction,0.13296373327566294
ecology_perception_parallel_v1_s1,S1,uniform_high,64,9,eval_mean_mean_reserve_welfare,0.8054921272590926
ecology_perception_parallel_v1_s1,S1,uniform_high,64,9,final_wealth_gini,0.4496472269284213
ecology_perception_parallel_v1_s1,S1,patchy_high,64,9,eval_mean_mean_resource_fraction,0.114543408125781
ecology_perception_parallel_v1_s1,S1,patchy_high,64,9,eval_mean_mean_reserve_welfare,0.7760519625620869
ecology_perception_parallel_v1_s1,S1,patchy_high,64,9,final_wealth_gini,0.43934700155720785
ecology_perception_parallel_v1_s1,S1,split_high_low,64,9,eval_mean_mean_resource_fraction,0.12663021675353117
ecology_perception_parallel_v1_s1,S1,split_high_low,64,9,eval_mean_mean_reserve_welfare,0.6052612063969175
ecology_perception_parallel_v1_s1,S1,split_high_low,64,9,final_wealth_gini,0.6538784473156374
ecology_perception_parallel_v1_s1,S1,uniform_high,64,10,eval_mean_mean_resource_fraction,0.11527786355519534
ecology_perception_parallel_v1_s1,S1,uniform_high,64,10,eval_mean_mean_reserve_welfare,0.8183661750304505
ecology_perception_parallel_v1_s1,S1,uniform_high,64,10,final_wealth_gini,0.3979383901125848
ecology_perception_parallel_v1_s1,S1,patchy_high,64,10,eval_mean_mean_resource_fraction,0.15431314753748077
ecology_perception_parallel_v1_s1,S1,patchy_high,64,10,eval_mean_mean_reserve_welfare,0.8120989575495523
ecology_perception_parallel_v1_s1,S1,patchy_high,64,10,final_wealth_gini,0.4480879209203341
ecology_perception_parallel_v1_s1,S1,split_high_low,64,10,eval_mean_mean_resource_fraction,0.14636637160868124
ecology_perception_parallel_v1_s1,S1,split_high_low,64,10,eval_mean_mean_reserve_welfare,0.6689050719764351
ecology_perception_parallel_v1_s1,S1,split_high_low,64,10,final_wealth_gini,0.5939069056901172
ecology_perception_parallel_v1_s1,S1,uniform_high,64,11,eval_mean_mean_resource_fraction,0.11545852088008053
ecology_perception_parallel_v1_s1,S1,uniform_high,64,11,eval_mean_mean_reserve_welfare,0.7943831479635374
ecology_perception_parallel_v1_s1,S1,uniform_high,64,11,final_wealth_gini,0.4327215627938914
ecology_perception_parallel_v1_s1,S1,patchy_high,64,11,eval_mean_mean_resource_fraction,0.13709478779204265
ecology_perception_parallel_v1_s1,S1,patchy_high,64,11,eval_mean_mean_reserve_welfare,0.7085194642035207
ecology_perception_parallel_v1_s1,S1,patchy_high,64,11,final_wealth_gini,0.5342277504747952
ecology_perception_parallel_v1_s1,S1,split_high_low,64,11,eval_mean_mean_resource_fraction,0.1378083373145732
ecology_perception_parallel_v1_s1,S1,split_high_low,64,11,eval_mean_mean_reserve_welfare,0.7126160370602084
ecology_perception_parallel_v1_s1,S1,split_high_low,64,11,final_wealth_gini,0.5857175564872896
ecology_perception_parallel_v1_s1,S1,uniform_high,64,12,eval_mean_mean_resource_fraction,0.08572564786060591
ecology_perception_parallel_v1_s1,S1,uniform_high,64,12,eval_mean_mean_reserve_welfare,0.6788765762597929
ecology_perception_parallel_v1_s1,S1,uniform_high,64,12,final_wealth_gini,0.4819761928208641
ecology_perception_parallel_v1_s1,S1,patchy_high,64,12,eval_mean_mean_resource_fraction,0.08977628185176743
ecology_perception_parallel_v1_s1,S1,patchy_high,64,12,eval_mean_mean_reserve_welfare,0.7008324628523716
ecology_perception_parallel_v1_s1,S1,patchy_high,64,12,final_wealth_gini,0.47691018510906624
ecology_perception_parallel_v1_s1,S1,split_high_low,64,12,eval_mean_mean_resource_fraction,0.1522224789955687
ecology_perception_parallel_v1_s1,S1,split_high_low,64,12,eval_mean_mean_reserve_welfare,0.5888669428042821
ecology_perception_parallel_v1_s1,S1,split_high_low,64,12,final_wealth_gini,0.7034209260390647
ecology_perception_parallel_v1_s1,S1,uniform_high,64,13,eval_mean_mean_resource_fraction,0.1099531127416679
ecology_perception_parallel_v1_s1,S1,uniform_high,64,13,eval_mean_mean_reserve_welfare,0.7478083230333984
ecology_perception_parallel_v1_s1,S1,uniform_high,64,13,final_wealth_gini,0.48396204430873935
ecology_perception_parallel_v1_s1,S1,patchy_high,64,13,eval_mean_mean_resource_fraction,0.08708583454386705
ecology_perception_parallel_v1_s1,S1,patchy_high,64,13,eval_mean_mean_reserve_welfare,0.6396555864885662
ecology_perception_parallel_v1_s1,S1,patchy_high,64,13,final_wealth_gini,0.5212705626838439
ecology_perception_parallel_v1_s1,S1,split_high_low,64,13,eval_mean_mean_resource_fraction,0.13114382350235806
ecology_perception_parallel_v1_s1,S1,split_high_low,64,13,eval_mean_mean_reserve_welfare,0.6075081276870048
ecology_perception_parallel_v1_s1,S1,split_high_low,64,13,final_wealth_gini,0.6853443925976808
ecology_perception_parallel_v1_s1,S1,uniform_high,64,14,eval_mean_mean_resource_fraction,0.11023475148841408
ecology_perception_parallel_v1_s1,S1,uniform_high,64,14,eval_mean_mean_reserve_welfare,0.7964348964064563
ecology_perception_parallel_v1_s1,S1,uniform_high,64,14,final_wealth_gini,0.43962049436290274
ecology_perception_parallel_v1_s1,S1,patchy_high,64,14,eval_mean_mean_resource_fraction,0.14000792912615095
ecology_perception_parallel_v1_s1,S1,patchy_high,64,14,eval_mean_mean_reserve_welfare,0.9021304929947809
ecology_perception_parallel_v1_s1,S1,patchy_high,64,14,final_wealth_gini,0.37196687463142486
ecology_perception_parallel_v1_s1,S1,split_high_low,64,14,eval_mean_mean_resource_fraction,0.15610247081788833
ecology_perception_parallel_v1_s1,S1,split_high_low,64,14,eval_mean_mean_reserve_welfare,0.6237490092855824
ecology_perception_parallel_v1_s1,S1,split_high_low,64,14,final_wealth_gini,0.663015970896099
ecology_perception_parallel_v1_s1,S1,uniform_high,64,15,eval_mean_mean_resource_fraction,0.1312583088934509
ecology_perception_parallel_v1_s1,S1,uniform_high,64,15,eval_mean_mean_reserve_welfare,0.7630217545039698
ecology_perception_parallel_v1_s1,S1,uniform_high,64,15,final_wealth_gini,0.46227239905224327
ecology_perception_parallel_v1_s1,S1,patchy_high,64,15,eval_mean_mean_resource_fraction,0.135716611982039
ecology_perception_parallel_v1_s1,S1,patchy_high,64,15,eval_mean_mean_reserve_welfare,0.8271008752608934
ecology_perception_parallel_v1_s1,S1,patchy_high,64,15,final_wealth_gini,0.4306881330395578
ecology_perception_parallel_v1_s1,S1,split_high_low,64,15,eval_mean_mean_resource_fraction,0.10309495271222545
ecology_perception_parallel_v1_s1,S1,split_high_low,64,15,eval_mean_mean_reserve_welfare,0.5924733424599837
ecology_perception_parallel_v1_s1,S1,split_high_low,64,15,final_wealth_gini,0.6500760308491469
ecology_perception_parallel_v1_s1,S1,uniform_high,64,16,eval_mean_mean_resource_fraction,0.11534489403152119
ecology_perception_parallel_v1_s1,S1,uniform_high,64,16,eval_mean_mean_reserve_welfare,0.7007603378805195
ecology_perception_parallel_v1_s1,S1,uniform_high,64,16,final_wealth_gini,0.4596042148824375
ecology_perception_parallel_v1_s1,S1,patchy_high,64,16,eval_mean_mean_resource_fraction,0.09068530711122859
ecology_perception_parallel_v1_s1,S1,patchy_high,64,16,eval_mean_mean_reserve_welfare,0.6940367482720847
ecology_perception_parallel_v1_s1,S1,patchy_high,64,16,final_wealth_gini,0.45581079263997304
ecology_perception_parallel_v1_s1,S1,split_high_low,64,16,eval_mean_mean_resource_fraction,0.10757708184614476
ecology_perception_parallel_v1_s1,S1,split_high_low,64,16,eval_mean_mean_reserve_welfare,0.6343807118928851
ecology_perception_parallel_v1_s1,S1,split_high_low,64,16,final_wealth_gini,0.6357131049697065
ecology_perception_parallel_v1_s1,S1,uniform_high,64,17,eval_mean_mean_resource_fraction,0.12628315445498292
ecology_perception_parallel_v1_s1,S1,uniform_high,64,17,eval_mean_mean_reserve_welfare,0.6981393279873886
ecology_perception_parallel_v1_s1,S1,uniform_high,64,17,final_wealth_gini,0.5306495161937352
ecology_perception_parallel_v1_s1,S1,patchy_high,64,17,eval_mean_mean_resource_fraction,0.11698758479822614
ecology_perception_parallel_v1_s1,S1,patchy_high,64,17,eval_mean_mean_reserve_welfare,0.69579580764418
ecology_perception_parallel_v1_s1,S1,patchy_high,64,17,final_wealth_gini,0.5063142757335852
ecology_perception_parallel_v1_s1,S1,split_high_low,64,17,eval_mean_mean_resource_fraction,0.12801791328171527
ecology_perception_parallel_v1_s1,S1,split_high_low,64,17,eval_mean_mean_reserve_welfare,0.5415052692535298
ecology_perception_parallel_v1_s1,S1,split_high_low,64,17,final_wealth_gini,0.6937066544340948
ecology_perception_parallel_v1_s1,S1,uniform_high,64,18,eval_mean_mean_resource_fraction,0.0859544115297218
ecology_perception_parallel_v1_s1,S1,uniform_high,64,18,eval_mean_mean_reserve_welfare,0.7870007235076824
ecology_perception_parallel_v1_s1,S1,uniform_high,64,18,final_wealth_gini,0.3594829163422417
ecology_perception_parallel_v1_s1,S1,patchy_high,64,18,eval_mean_mean_resource_fraction,0.19377509082813166
ecology_perception_parallel_v1_s1,S1,patchy_high,64,18,eval_mean_mean_reserve_welfare,0.8586753679128811
ecology_perception_parallel_v1_s1,S1,patchy_high,64,18,final_wealth_gini,0.4411547303541521
ecology_perception_parallel_v1_s1,S1,split_high_low,64,18,eval_mean_mean_resource_fraction,0.09265441324508593
ecology_perception_parallel_v1_s1,S1,split_high_low,64,18,eval_mean_mean_reserve_welfare,0.6372644849512917
ecology_perception_parallel_v1_s1,S1,split_high_low,64,18,final_wealth_gini,0.5909203643072432
ecology_perception_parallel_v1_s1,S1,uniform_high,64,19,eval_mean_mean_resource_fraction,0.14616375881239807
ecology_perception_parallel_v1_s1,S1,uniform_high,64,19,eval_mean_mean_reserve_welfare,0.8561975768544385
ecology_perception_parallel_v1_s1,S1,uniform_high,64,19,final_wealth_gini,0.43749959302441144
ecology_perception_parallel_v1_s1,S1,patchy_high,64,19,eval_mean_mean_resource_fraction,0.13191069188563803
ecology_perception_parallel_v1_s1,S1,patchy_high,64,19,eval_mean_mean_reserve_welfare,0.8423433058097677
ecology_perception_parallel_v1_s1,S1,patchy_high,64,19,final_wealth_gini,0.3945049130628351
ecology_perception_parallel_v1_s1,S1,split_high_low,64,19,eval_mean_mean_resource_fraction,0.08480624243088104
ecology_perception_parallel_v1_s1,S1,split_high_low,64,19,eval_mean_mean_reserve_welfare,0.6551863938382061
ecology_perception_parallel_v1_s1,S1,split_high_low,64,19,final_wealth_gini,0.5916709589013669
ecology_perception_parallel_v1_s1,S1,uniform_high,64,20,eval_mean_mean_resource_fraction,0.09479370901568913
ecology_perception_parallel_v1_s1,S1,uniform_high,64,20,eval_mean_mean_reserve_welfare,0.6952653908518693
ecology_perception_parallel_v1_s1,S1,uniform_high,64,20,final_wealth_gini,0.4930917455823465
ecology_perception_parallel_v1_s1,S1,patchy_high,64,20,eval_mean_mean_resource_fraction,0.11462554599836361
ecology_perception_parallel_v1_s1,S1,patchy_high,64,20,eval_mean_mean_reserve_welfare,0.7013192456322709
ecology_perception_parallel_v1_s1,S1,patchy_high,64,20,final_wealth_gini,0.5297405170246166
ecology_perception_parallel_v1_s1,S1,split_high_low,64,20,eval_mean_mean_resource_fraction,0.10565076527824736
ecology_perception_parallel_v1_s1,S1,split_high_low,64,20,eval_mean_mean_reserve_welfare,0.5435904161296375
ecology_perception_parallel_v1_s1,S1,split_high_low,64,20,final_wealth_gini,0.6701089646073222
ecology_perception_parallel_v1_s1,S1,uniform_high,64,21,eval_mean_mean_resource_fraction,0.10085200051063742
ecology_perception_parallel_v1_s1,S1,uniform_high,64,21,eval_mean_mean_reserve_welfare,0.7409742593603582
ecology_perception_parallel_v1_s1,S1,uniform_high,64,21,final_wealth_gini,0.45212144493815587
ecology_perception_parallel_v1_s1,S1,patchy_high,64,21,eval_mean_mean_resource_fraction,0.10566584285998967
ecology_perception_parallel_v1_s1,S1,patchy_high,64,21,eval_mean_mean_reserve_welfare,0.7395887215657706
ecology_perception_parallel_v1_s1,S1,patchy_high,64,21,final_wealth_gini,0.47372433271727576
ecology_perception_parallel_v1_s1,S1,split_high_low,64,21,eval_mean_mean_resource_fraction,0.09311101605093869
ecology_perception_parallel_v1_s1,S1,split_high_low,64,21,eval_mean_mean_reserve_welfare,0.6214925864370278
ecology_perception_parallel_v1_s1,S1,split_high_low,64,21,final_wealth_gini,0.6372273614131263
ecology_perception_parallel_v1_s1,S1,uniform_high,64,22,eval_mean_mean_resource_fraction,0.1161934806582395
ecology_perception_parallel_v1_s1,S1,uniform_high,64,22,eval_mean_mean_reserve_welfare,0.8367711146224523
ecology_perception_parallel_v1_s1,S1,uniform_high,64,22,final_wealth_gini,0.3679044106888987
ecology_perception_parallel_v1_s1,S1,patchy_high,64,22,eval_mean_mean_resource_fraction,0.09788458120350532
ecology_perception_parallel_v1_s1,S1,patchy_high,64,22,eval_mean_mean_reserve_welfare,0.841215130322565
ecology_perception_parallel_v1_s1,S1,patchy_high,64,22,final_wealth_gini,0.34508611522789145
ecology_perception_parallel_v1_s1,S1,split_high_low,64,22,eval_mean_mean_resource_fraction,0.15363083978750727
ecology_perception_parallel_v1_s1,S1,split_high_low,64,22,eval_mean_mean_reserve_welfare,0.7073780261239062
ecology_perception_parallel_v1_s1,S1,split_high_low,64,22,final_wealth_gini,0.6113502432533247
ecology_perception_parallel_v1_s1,S1,uniform_high,64,23,eval_mean_mean_resource_fraction,0.10049509567752957
ecology_perception_parallel_v1_s1,S1,uniform_high,64,23,eval_mean_mean_reserve_welfare,0.7635449662801752
ecology_perception_parallel_v1_s1,S1,uniform_high,64,23,final_wealth_gini,0.40952262125712324
ecology_perception_parallel_v1_s1,S1,patchy_high,64,23,eval_mean_mean_resource_fraction,0.1467155756936678
ecology_perception_parallel_v1_s1,S1,patchy_high,64,23,eval_mean_mean_reserve_welfare,0.7856293184048894
ecology_perception_parallel_v1_s1,S1,patchy_high,64,23,final_wealth_gini,0.47339316735688053
ecology_perception_parallel_v1_s1,S1,split_high_low,64,23,eval_mean_mean_resource_fraction,0.17321656736106555
ecology_perception_parallel_v1_s1,S1,split_high_low,64,23,eval_mean_mean_reserve_welfare,0.6406033058737746
ecology_perception_parallel_v1_s1,S1,split_high_low,64,23,final_wealth_gini,0.6428000640008935
ecology_perception_parallel_v1_s1,S1,uniform_high,64,24,eval_mean_mean_resource_fraction,0.0985120678959043
ecology_perception_parallel_v1_s1,S1,uniform_high,64,24,eval_mean_mean_reserve_welfare,0.8526633970682019
ecology_perception_parallel_v1_s1,S1,uniform_high,64,24,final_wealth_gini,0.34647630687215303
ecology_perception_parallel_v1_s1,S1,patchy_high,64,24,eval_mean_mean_resource_fraction,0.07948838903587085
ecology_perception_parallel_v1_s1,S1,patchy_high,64,24,eval_mean_mean_reserve_welfare,0.7101070511010398
ecology_perception_parallel_v1_s1,S1,patchy_high,64,24,final_wealth_gini,0.41936809049023993
ecology_perception_parallel_v1_s1,S1,split_high_low,64,24,eval_mean_mean_resource_fraction,0.15729683588745688
ecology_perception_parallel_v1_s1,S1,split_high_low,64,24,eval_mean_mean_reserve_welfare,0.7079663518216155
ecology_perception_parallel_v1_s1,S1,split_high_low,64,24,final_wealth_gini,0.5590862453217256
ecology_perception_parallel_v1_s1,S1,uniform_high,64,25,eval_mean_mean_resource_fraction,0.11535352487957459
ecology_perception_parallel_v1_s1,S1,uniform_high,64,25,eval_mean_mean_reserve_welfare,0.8307669410838014
ecology_perception_parallel_v1_s1,S1,uniform_high,64,25,final_wealth_gini,0.36737286008957004
ecology_perception_parallel_v1_s1,S1,patchy_high,64,25,eval_mean_mean_resource_fraction,0.10757373694657707
ecology_perception_parallel_v1_s1,S1,patchy_high,64,25,eval_mean_mean_reserve_welfare,0.7550095536030731
ecology_perception_parallel_v1_s1,S1,patchy_high,64,25,final_wealth_gini,0.4512202911858709
ecology_perception_parallel_v1_s1,S1,split_high_low,64,25,eval_mean_mean_resource_fraction,0.12374299977267784
ecology_perception_parallel_v1_s1,S1,split_high_low,64,25,eval_mean_mean_reserve_welfare,0.6528392900823232
ecology_perception_parallel_v1_s1,S1,split_high_low,64,25,final_wealth_gini,0.6298557577609543
ecology_perception_parallel_v1_s1,S1,uniform_high,64,26,eval_mean_mean_resource_fraction,0.11039405866540364
ecology_perception_parallel_v1_s1,S1,uniform_high,64,26,eval_mean_mean_reserve_welfare,0.7550143308105305
ecology_perception_parallel_v1_s1,S1,uniform_high,64,26,final_wealth_gini,0.45801209726837944
ecology_perception_parallel_v1_s1,S1,patchy_high,64,26,eval_mean_mean_resource_fraction,0.12436843594497199
ecology_perception_parallel_v1_s1,S1,patchy_high,64,26,eval_mean_mean_reserve_welfare,0.8449274037631426
ecology_perception_parallel_v1_s1,S1,patchy_high,64,26,final_wealth_gini,0.39118106374902384
ecology_perception_parallel_v1_s1,S1,split_high_low,64,26,eval_mean_mean_resource_fraction,0.1088718388200286
ecology_perception_parallel_v1_s1,S1,split_high_low,64,26,eval_mean_mean_reserve_welfare,0.6813149078843183
ecology_perception_parallel_v1_s1,S1,split_high_low,64,26,final_wealth_gini,0.5821177764356502
ecology_perception_parallel_v1_s1,S1,uniform_high,64,27,eval_mean_mean_resource_fraction,0.16344558920240032
ecology_perception_parallel_v1_s1,S1,uniform_high,64,27,eval_mean_mean_reserve_welfare,0.9070068654421295
ecology_perception_parallel_v1_s1,S1,uniform_high,64,27,final_wealth_gini,0.3830892299503934
ecology_perception_parallel_v1_s1,S1,patchy_high,64,27,eval_mean_mean_resource_fraction,0.1032225192792126
ecology_perception_parallel_v1_s1,S1,patchy_high,64,27,eval_mean_mean_reserve_welfare,0.7871523313443805
ecology_perception_parallel_v1_s1,S1,patchy_high,64,27,final_wealth_gini,0.4028320640711036
ecology_perception_parallel_v1_s1,S1,split_high_low,64,27,eval_mean_mean_resource_fraction,0.09756018413773436
ecology_perception_parallel_v1_s1,S1,split_high_low,64,27,eval_mean_mean_reserve_welfare,0.6276533498032963
ecology_perception_parallel_v1_s1,S1,split_high_low,64,27,final_wealth_gini,0.6241764229252513
ecology_perception_parallel_v1_s1,S1,uniform_high,64,28,eval_mean_mean_resource_fraction,0.0955571643520663
ecology_perception_parallel_v1_s1,S1,uniform_high,64,28,eval_mean_mean_reserve_welfare,0.7388885822479306
ecology_perception_parallel_v1_s1,S1,uniform_high,64,28,final_wealth_gini,0.4573158599479139
ecology_perception_parallel_v1_s1,S1,patchy_high,64,28,eval_mean_mean_resource_fraction,0.09624661299144985
ecology_perception_parallel_v1_s1,S1,patchy_high,64,28,eval_mean_mean_reserve_welfare,0.7618125831986058
ecology_perception_parallel_v1_s1,S1,patchy_high,64,28,final_wealth_gini,0.45180281332849503
ecology_perception_parallel_v1_s1,S1,split_high_low,64,28,eval_mean_mean_resource_fraction,0.2090434804701964
ecology_perception_parallel_v1_s1,S1,split_high_low,64,28,eval_mean_mean_reserve_welfare,0.6280926634807065
ecology_perception_parallel_v1_s1,S1,split_high_low,64,28,final_wealth_gini,0.6889338609543314
ecology_perception_parallel_v1_s1,S1,uniform_high,64,29,eval_mean_mean_resource_fraction,0.141044680545101
ecology_perception_parallel_v1_s1,S1,uniform_high,64,29,eval_mean_mean_reserve_welfare,0.8091579218740033
ecology_perception_parallel_v1_s1,S1,uniform_high,64,29,final_wealth_gini,0.43909666172183104
ecology_perception_parallel_v1_s1,S1,patchy_high,64,29,eval_mean_mean_resource_fraction,0.14708872374234125
ecology_perception_parallel_v1_s1,S1,patchy_high,64,29,eval_mean_mean_reserve_welfare,0.8480801725573929
ecology_perception_parallel_v1_s1,S1,patchy_high,64,29,final_wealth_gini,0.4184595278778347
ecology_perception_parallel_v1_s1,S1,split_high_low,64,29,eval_mean_mean_resource_fraction,0.07341406887884398
ecology_perception_parallel_v1_s1,S1,split_high_low,64,29,eval_mean_mean_reserve_welfare,0.6282609512354195
ecology_perception_parallel_v1_s1,S1,split_high_low,64,29,final_wealth_gini,0.5300318179085131
ecology_perception_parallel_v1_s1,S1,uniform_high,64,30,eval_mean_mean_resource_fraction,0.11778997271693274
ecology_perception_parallel_v1_s1,S1,uniform_high,64,30,eval_mean_mean_reserve_welfare,0.8085454322966088
ecology_perception_parallel_v1_s1,S1,uniform_high,64,30,final_wealth_gini,0.419378902563851
ecology_perception_parallel_v1_s1,S1,patchy_high,64,30,eval_mean_mean_resource_fraction,0.08261831699003858
ecology_perception_parallel_v1_s1,S1,patchy_high,64,30,eval_mean_mean_reserve_welfare,0.639661175567391
ecology_perception_parallel_v1_s1,S1,patchy_high,64,30,final_wealth_gini,0.45839369856409373
ecology_perception_parallel_v1_s1,S1,split_high_low,64,30,eval_mean_mean_resource_fraction,0.13636610938080723
ecology_perception_parallel_v1_s1,S1,split_high_low,64,30,eval_mean_mean_reserve_welfare,0.7213738315514138
ecology_perception_parallel_v1_s1,S1,split_high_low,64,30,final_wealth_gini,0.563924106914915
ecology_perception_parallel_v1_s1,S1,uniform_high,64,31,eval_mean_mean_resource_fraction,0.08968717591078021
ecology_perception_parallel_v1_s1,S1,uniform_high,64,31,eval_mean_mean_reserve_welfare,0.7238034481105066
ecology_perception_parallel_v1_s1,S1,uniform_high,64,31,final_wealth_gini,0.4125386724956206
ecology_perception_parallel_v1_s1,S1,patchy_high,64,31,eval_mean_mean_resource_fraction,0.08583498604009386
ecology_perception_parallel_v1_s1,S1,patchy_high,64,31,eval_mean_mean_reserve_welfare,0.658193246822574
ecology_perception_parallel_v1_s1,S1,patchy_high,64,31,final_wealth_gini,0.40610327708642413
ecology_perception_parallel_v1_s1,S1,split_high_low,64,31,eval_mean_mean_resource_fraction,0.09063378227560354
ecology_perception_parallel_v1_s1,S1,split_high_low,64,31,eval_mean_mean_reserve_welfare,0.656463248783481
ecology_perception_parallel_v1_s1,S1,split_high_low,64,31,final_wealth_gini,0.5873714952196043
ecology_perception_parallel_v1_s1,S1,uniform_high,64,32,eval_mean_mean_resource_fraction,0.12086050517988081
ecology_perception_parallel_v1_s1,S1,uniform_high,64,32,eval_mean_mean_reserve_welfare,0.7825859952097063
ecology_perception_parallel_v1_s1,S1,uniform_high,64,32,final_wealth_gini,0.42849971091217887
ecology_perception_parallel_v1_s1,S1,patchy_high,64,32,eval_mean_mean_resource_fraction,0.16488047319925725
ecology_perception_parallel_v1_s1,S1,patchy_high,64,32,eval_mean_mean_reserve_welfare,0.8094468140280392
ecology_perception_parallel_v1_s1,S1,patchy_high,64,32,final_wealth_gini,0.4602553647904315
ecology_perception_parallel_v1_s1,S1,split_high_low,64,32,eval_mean_mean_resource_fraction,0.1618297906319533
ecology_perception_parallel_v1_s1,S1,split_high_low,64,32,eval_mean_mean_reserve_welfare,0.6565350513437599
ecology_perception_parallel_v1_s1,S1,split_high_low,64,32,final_wealth_gini,0.619241829903054
ecology_perception_parallel_v1_s1,S1,uniform_high,64,33,eval_mean_mean_resource_fraction,0.17653245976570794
ecology_perception_parallel_v1_s1,S1,uniform_high,64,33,eval_mean_mean_reserve_welfare,0.8549890088333273
ecology_perception_parallel_v1_s1,S1,uniform_high,64,33,final_wealth_gini,0.4235975069482578
ecology_perception_parallel_v1_s1,S1,patchy_high,64,33,eval_mean_mean_resource_fraction,0.09699530519117731
ecology_perception_parallel_v1_s1,S1,patchy_high,64,33,eval_mean_mean_reserve_welfare,0.7309643998055747
ecology_perception_parallel_v1_s1,S1,patchy_high,64,33,final_wealth_gini,0.40787733406973836
ecology_perception_parallel_v1_s1,S1,split_high_low,64,33,eval_mean_mean_resource_fraction,0.10533923318963206
ecology_perception_parallel_v1_s1,S1,split_high_low,64,33,eval_mean_mean_reserve_welfare,0.6420995453903153
ecology_perception_parallel_v1_s1,S1,split_high_low,64,33,final_wealth_gini,0.6318666006017084
ecology_perception_parallel_v1_s1,S1,uniform_high,64,34,eval_mean_mean_resource_fraction,0.12930249143877656
ecology_perception_parallel_v1_s1,S1,uniform_high,64,34,eval_mean_mean_reserve_welfare,0.6907924884865172
ecology_perception_parallel_v1_s1,S1,uniform_high,64,34,final_wealth_gini,0.55110340152648
ecology_perception_parallel_v1_s1,S1,patchy_high,64,34,eval_mean_mean_resource_fraction,0.0986834789271443
ecology_perception_parallel_v1_s1,S1,patchy_high,64,34,eval_mean_mean_reserve_welfare,0.6479597181264815
ecology_perception_parallel_v1_s1,S1,patchy_high,64,34,final_wealth_gini,0.5520184131430712
ecology_perception_parallel_v1_s1,S1,split_high_low,64,34,eval_mean_mean_resource_fraction,0.11827983632463529
ecology_perception_parallel_v1_s1,S1,split_high_low,64,34,eval_mean_mean_reserve_welfare,0.7172192612563064
ecology_perception_parallel_v1_s1,S1,split_high_low,64,34,final_wealth_gini,0.6006208063758816
ecology_perception_parallel_v1_s1,S1,uniform_high,64,35,eval_mean_mean_resource_fraction,0.09434344391711104
ecology_perception_parallel_v1_s1,S1,uniform_high,64,35,eval_mean_mean_reserve_welfare,0.6931795792082371
ecology_perception_parallel_v1_s1,S1,uniform_high,64,35,final_wealth_gini,0.5189454348329339
ecology_perception_parallel_v1_s1,S1,patchy_high,64,35,eval_mean_mean_resource_fraction,0.09776751238755707
ecology_perception_parallel_v1_s1,S1,patchy_high,64,35,eval_mean_mean_reserve_welfare,0.7386054594382354
ecology_perception_parallel_v1_s1,S1,patchy_high,64,35,final_wealth_gini,0.4817666139854655
ecology_perception_parallel_v1_s1,S1,split_high_low,64,35,eval_mean_mean_resource_fraction,0.1680434264176577
ecology_perception_parallel_v1_s1,S1,split_high_low,64,35,eval_mean_mean_reserve_welfare,0.6587047935430219
ecology_perception_parallel_v1_s1,S1,split_high_low,64,35,final_wealth_gini,0.6330102201257017
ecology_perception_parallel_v1_s1,S1,uniform_high,64,36,eval_mean_mean_resource_fraction,0.16138102018423078
ecology_perception_parallel_v1_s1,S1,uniform_high,64,36,eval_mean_mean_reserve_welfare,0.8691517473167254
ecology_perception_parallel_v1_s1,S1,uniform_high,64,36,final_wealth_gini,0.3739817893417563
ecology_perception_parallel_v1_s1,S1,patchy_high,64,36,eval_mean_mean_resource_fraction,0.08497172014301688
ecology_perception_parallel_v1_s1,S1,patchy_high,64,36,eval_mean_mean_reserve_welfare,0.6889046339599614
ecology_perception_parallel_v1_s1,S1,patchy_high,64,36,final_wealth_gini,0.4158201227928131
ecology_perception_parallel_v1_s1,S1,split_high_low,64,36,eval_mean_mean_resource_fraction,0.13148658276229264
ecology_perception_parallel_v1_s1,S1,split_high_low,64,36,eval_mean_mean_reserve_welfare,0.6797905535828392
ecology_perception_parallel_v1_s1,S1,split_high_low,64,36,final_wealth_gini,0.6075578108869075
ecology_perception_parallel_v1_s1,S1,uniform_high,64,37,eval_mean_mean_resource_fraction,0.15102994689616547
ecology_perception_parallel_v1_s1,S1,uniform_high,64,37,eval_mean_mean_reserve_welfare,0.7424763382626692
ecology_perception_parallel_v1_s1,S1,uniform_high,64,37,final_wealth_gini,0.5631805153548013
ecology_perception_parallel_v1_s1,S1,patchy_high,64,37,eval_mean_mean_resource_fraction,0.09359198541873147
ecology_perception_parallel_v1_s1,S1,patchy_high,64,37,eval_mean_mean_reserve_welfare,0.66675148903924
ecology_perception_parallel_v1_s1,S1,patchy_high,64,37,final_wealth_gini,0.5187820436812125
ecology_perception_parallel_v1_s1,S1,split_high_low,64,37,eval_mean_mean_resource_fraction,0.10136162960169753
ecology_perception_parallel_v1_s1,S1,split_high_low,64,37,eval_mean_mean_reserve_welfare,0.7033303899030232
ecology_perception_parallel_v1_s1,S1,split_high_low,64,37,final_wealth_gini,0.5377111776273471
ecology_perception_parallel_v1_s1,S1,uniform_high,64,38,eval_mean_mean_resource_fraction,0.14235758342783486
ecology_perception_parallel_v1_s1,S1,uniform_high,64,38,eval_mean_mean_reserve_welfare,0.8582513868648657
ecology_perception_parallel_v1_s1,S1,uniform_high,64,38,final_wealth_gini,0.4014610008811359
ecology_perception_parallel_v1_s1,S1,patchy_high,64,38,eval_mean_mean_resource_fraction,0.07843895595436368
ecology_perception_parallel_v1_s1,S1,patchy_high,64,38,eval_mean_mean_reserve_welfare,0.7094607461259511
ecology_perception_parallel_v1_s1,S1,patchy_high,64,38,final_wealth_gini,0.42202495050203215
ecology_perception_parallel_v1_s1,S1,split_high_low,64,38,eval_mean_mean_resource_fraction,0.10294978726969575
ecology_perception_parallel_v1_s1,S1,split_high_low,64,38,eval_mean_mean_reserve_welfare,0.6746890683726251
ecology_perception_parallel_v1_s1,S1,split_high_low,64,38,final_wealth_gini,0.5718005210535353
ecology_perception_parallel_v1_s1,S1,uniform_high,64,39,eval_mean_mean_resource_fraction,0.1302979544780283
ecology_perception_parallel_v1_s1,S1,uniform_high,64,39,eval_mean_mean_reserve_welfare,0.7954879378490161
ecology_perception_parallel_v1_s1,S1,uniform_high,64,39,final_wealth_gini,0.45214607192639256
ecology_perception_parallel_v1_s1,S1,patchy_high,64,39,eval_mean_mean_resource_fraction,0.11247683435568855
ecology_perception_parallel_v1_s1,S1,patchy_high,64,39,eval_mean_mean_reserve_welfare,0.7442037513504058
ecology_perception_parallel_v1_s1,S1,patchy_high,64,39,final_wealth_gini,0.44970283443770565
ecology_perception_parallel_v1_s1,S1,split_high_low,64,39,eval_mean_mean_resource_fraction,0.09004156107093375
ecology_perception_parallel_v1_s1,S1,split_high_low,64,39,eval_mean_mean_reserve_welfare,0.6344750432638075
ecology_perception_parallel_v1_s1,S1,split_high_low,64,39,final_wealth_gini,0.5616853618459103
ecology_perception_parallel_v1_s1,S1,uniform_high,64,40,eval_mean_mean_resource_fraction,0.1622881738389596
ecology_perception_parallel_v1_s1,S1,uniform_high,64,40,eval_mean_mean_reserve_welfare,0.874927714962442
ecology_perception_parallel_v1_s1,S1,uniform_high,64,40,final_wealth_gini,0.39966125757902593
ecology_perception_parallel_v1_s1,S1,patchy_high,64,40,eval_mean_mean_resource_fraction,0.08644640827974157
ecology_perception_parallel_v1_s1,S1,patchy_high,64,40,eval_mean_mean_reserve_welfare,0.6789655850142705
ecology_perception_parallel_v1_s1,S1,patchy_high,64,40,final_wealth_gini,0.4646780413351639
ecology_perception_parallel_v1_s1,S1,split_high_low,64,40,eval_mean_mean_resource_fraction,0.07535929421769927
ecology_perception_parallel_v1_s1,S1,split_high_low,64,40,eval_mean_mean_reserve_welfare,0.629137963068231
ecology_perception_parallel_v1_s1,S1,split_high_low,64,40,final_wealth_gini,0.5800896480284727
ecology_perception_parallel_v1_s1,S1,uniform_high,64,41,eval_mean_mean_resource_fraction,0.12033142206223789
ecology_perception_parallel_v1_s1,S1,uniform_high,64,41,eval_mean_mean_reserve_welfare,0.8208959844689816
ecology_perception_parallel_v1_s1,S1,uniform_high,64,41,final_wealth_gini,0.43068531867892745
ecology_perception_parallel_v1_s1,S1,patchy_high,64,41,eval_mean_mean_resource_fraction,0.14488262311879624
ecology_perception_parallel_v1_s1,S1,patchy_high,64,41,eval_mean_mean_reserve_welfare,0.8047772173321182
ecology_perception_parallel_v1_s1,S1,patchy_high,64,41,final_wealth_gini,0.4412800264833241
ecology_perception_parallel_v1_s1,S1,split_high_low,64,41,eval_mean_mean_resource_fraction,0.12126285553491965
ecology_perception_parallel_v1_s1,S1,split_high_low,64,41,eval_mean_mean_reserve_welfare,0.6510775145628432
ecology_perception_parallel_v1_s1,S1,split_high_low,64,41,final_wealth_gini,0.6405043220993616
ecology_perception_parallel_v1_s1,S1,uniform_high,64,42,eval_mean_mean_resource_fraction,0.09557708880394589
ecology_perception_parallel_v1_s1,S1,uniform_high,64,42,eval_mean_mean_reserve_welfare,0.6914906619579546
ecology_perception_parallel_v1_s1,S1,uniform_high,64,42,final_wealth_gini,0.4650331076273002
ecology_perception_parallel_v1_s1,S1,patchy_high,64,42,eval_mean_mean_resource_fraction,0.11432250063081242
ecology_perception_parallel_v1_s1,S1,patchy_high,64,42,eval_mean_mean_reserve_welfare,0.7259490195558835
ecology_perception_parallel_v1_s1,S1,patchy_high,64,42,final_wealth_gini,0.4959691377569784
ecology_perception_parallel_v1_s1,S1,split_high_low,64,42,eval_mean_mean_resource_fraction,0.18951525287271925
ecology_perception_parallel_v1_s1,S1,split_high_low,64,42,eval_mean_mean_reserve_welfare,0.639111241873201
ecology_perception_parallel_v1_s1,S1,split_high_low,64,42,final_wealth_gini,0.6613018389964047
ecology_perception_parallel_v1_s1,S1,uniform_high,64,43,eval_mean_mean_resource_fraction,0.09744978573621525
ecology_perception_parallel_v1_s1,S1,uniform_high,64,43,eval_mean_mean_reserve_welfare,0.7606316908959759
ecology_perception_parallel_v1_s1,S1,uniform_high,64,43,final_wealth_gini,0.4067055487446951
ecology_perception_parallel_v1_s1,S1,patchy_high,64,43,eval_mean_mean_resource_fraction,0.12305362627522737
ecology_perception_parallel_v1_s1,S1,patchy_high,64,43,eval_mean_mean_reserve_welfare,0.8641050038467781
ecology_perception_parallel_v1_s1,S1,patchy_high,64,43,final_wealth_gini,0.3617010543451391
ecology_perception_parallel_v1_s1,S1,split_high_low,64,43,eval_mean_mean_resource_fraction,0.1230630201070884
ecology_perception_parallel_v1_s1,S1,split_high_low,64,43,eval_mean_mean_reserve_welfare,0.700228820712098
ecology_perception_parallel_v1_s1,S1,split_high_low,64,43,final_wealth_gini,0.6032662699999258
ecology_perception_parallel_v1_s1,S1,uniform_high,64,44,eval_mean_mean_resource_fraction,0.10820541349550465
ecology_perception_parallel_v1_s1,S1,uniform_high,64,44,eval_mean_mean_reserve_welfare,0.7357781147964545
ecology_perception_parallel_v1_s1,S1,uniform_high,64,44,final_wealth_gini,0.44274831965887573
ecology_perception_parallel_v1_s1,S1,patchy_high,64,44,eval_mean_mean_resource_fraction,0.12092866918597338
ecology_perception_parallel_v1_s1,S1,patchy_high,64,44,eval_mean_mean_reserve_welfare,0.8057860087612991
ecology_perception_parallel_v1_s1,S1,patchy_high,64,44,final_wealth_gini,0.42095668449136503
ecology_perception_parallel_v1_s1,S1,split_high_low,64,44,eval_mean_mean_resource_fraction,0.1163392861266566
ecology_perception_parallel_v1_s1,S1,split_high_low,64,44,eval_mean_mean_reserve_welfare,0.7217740445487553
ecology_perception_parallel_v1_s1,S1,split_high_low,64,44,final_wealth_gini,0.5581532131459201
ecology_perception_parallel_v1_s1,S1,uniform_high,64,45,eval_mean_mean_resource_fraction,0.09282975166839881
ecology_perception_parallel_v1_s1,S1,uniform_high,64,45,eval_mean_mean_reserve_welfare,0.7570251480129371
ecology_perception_parallel_v1_s1,S1,uniform_high,64,45,final_wealth_gini,0.43645441606047575
ecology_perception_parallel_v1_s1,S1,patchy_high,64,45,eval_mean_mean_resource_fraction,0.08874122528292908
ecology_perception_parallel_v1_s1,S1,patchy_high,64,45,eval_mean_mean_reserve_welfare,0.7278433872169121
ecology_perception_parallel_v1_s1,S1,patchy_high,64,45,final_wealth_gini,0.4200247682526379
ecology_perception_parallel_v1_s1,S1,split_high_low,64,45,eval_mean_mean_resource_fraction,0.13760526101612977
ecology_perception_parallel_v1_s1,S1,split_high_low,64,45,eval_mean_mean_reserve_welfare,0.6901326828620329
ecology_perception_parallel_v1_s1,S1,split_high_low,64,45,final_wealth_gini,0.6294319459406605
ecology_perception_parallel_v1_s1,S1,uniform_high,64,46,eval_mean_mean_resource_fraction,0.12272878478060013
ecology_perception_parallel_v1_s1,S1,uniform_high,64,46,eval_mean_mean_reserve_welfare,0.7560368869273271
ecology_perception_parallel_v1_s1,S1,uniform_high,64,46,final_wealth_gini,0.48834529630846335
ecology_perception_parallel_v1_s1,S1,patchy_high,64,46,eval_mean_mean_resource_fraction,0.10953199244232797
ecology_perception_parallel_v1_s1,S1,patchy_high,64,46,eval_mean_mean_reserve_welfare,0.7202058931220601
ecology_perception_parallel_v1_s1,S1,patchy_high,64,46,final_wealth_gini,0.49814472428301193
ecology_perception_parallel_v1_s1,S1,split_high_low,64,46,eval_mean_mean_resource_fraction,0.09330233186441214
ecology_perception_parallel_v1_s1,S1,split_high_low,64,46,eval_mean_mean_reserve_welfare,0.6138298875940296
ecology_perception_parallel_v1_s1,S1,split_high_low,64,46,final_wealth_gini,0.6274608973568925
ecology_perception_parallel_v1_s1,S1,uniform_high,64,47,eval_mean_mean_resource_fraction,0.14295593615176702
ecology_perception_parallel_v1_s1,S1,uniform_high,64,47,eval_mean_mean_reserve_welfare,0.9044138344436374
ecology_perception_parallel_v1_s1,S1,uniform_high,64,47,final_wealth_gini,0.3428079105506341
ecology_perception_parallel_v1_s1,S1,patchy_high,64,47,eval_mean_mean_resource_fraction,0.0710860441728107
ecology_perception_parallel_v1_s1,S1,patchy_high,64,47,eval_mean_mean_reserve_welfare,0.7669115838320144
ecology_perception_parallel_v1_s1,S1,patchy_high,64,47,final_wealth_gini,0.3177112742186001
ecology_perception_parallel_v1_s1,S1,split_high_low,64,47,eval_mean_mean_resource_fraction,0.10138587475148703
ecology_perception_parallel_v1_s1,S1,split_high_low,64,47,eval_mean_mean_reserve_welfare,0.6861099312792949
ecology_perception_parallel_v1_s1,S1,split_high_low,64,47,final_wealth_gini,0.553621209339308
ecology_perception_parallel_v1_s1,S1,uniform_high,64,48,eval_mean_mean_resource_fraction,0.11349048042957434
ecology_perception_parallel_v1_s1,S1,uniform_high,64,48,eval_mean_mean_reserve_welfare,0.8433982109895964
ecology_perception_parallel_v1_s1,S1,uniform_high,64,48,final_wealth_gini,0.349276602201092
ecology_perception_parallel_v1_s1,S1,patchy_high,64,48,eval_mean_mean_resource_fraction,0.12905059700928348
ecology_perception_parallel_v1_s1,S1,patchy_high,64,48,eval_mean_mean_reserve_welfare,0.8718539641593743
ecology_perception_parallel_v1_s1,S1,patchy_high,64,48,final_wealth_gini,0.3583827177050136
ecology_perception_parallel_v1_s1,S1,split_high_low,64,48,eval_mean_mean_resource_fraction,0.12779220422923696
ecology_perception_parallel_v1_s1,S1,split_high_low,64,48,eval_mean_mean_reserve_welfare,0.682457389883685
ecology_perception_parallel_v1_s1,S1,split_high_low,64,48,final_wealth_gini,0.6012861524813125
ecology_perception_parallel_v1_s1,S1,uniform_high,64,49,eval_mean_mean_resource_fraction,0.14732737171219634
ecology_perception_parallel_v1_s1,S1,uniform_high,64,49,eval_mean_mean_reserve_welfare,0.8866666709390868
ecology_perception_parallel_v1_s1,S1,uniform_high,64,49,final_wealth_gini,0.3933164167762857
ecology_perception_parallel_v1_s1,S1,patchy_high,64,49,eval_mean_mean_resource_fraction,0.0725233052794523
ecology_perception_parallel_v1_s1,S1,patchy_high,64,49,eval_mean_mean_reserve_welfare,0.6986279595464727
ecology_perception_parallel_v1_s1,S1,patchy_high,64,49,final_wealth_gini,0.38334011273758306
ecology_perception_parallel_v1_s1,S1,split_high_low,64,49,eval_mean_mean_resource_fraction,0.07175747876458759
ecology_perception_parallel_v1_s1,S1,split_high_low,64,49,eval_mean_mean_reserve_welfare,0.5619103828164134
ecology_perception_parallel_v1_s1,S1,split_high_low,64,49,final_wealth_gini,0.6757526806542544
ecology_perception_parallel_v1_s1,S1,uniform_high,64,50,eval_mean_mean_resource_fraction,0.12844096792596246
ecology_perception_parallel_v1_s1,S1,uniform_high,64,50,eval_mean_mean_reserve_welfare,0.8427979005455036
ecology_perception_parallel_v1_s1,S1,uniform_high,64,50,final_wealth_gini,0.38697195556670394
ecology_perception_parallel_v1_s1,S1,patchy_high,64,50,eval_mean_mean_resource_fraction,0.11699560746604984
ecology_perception_parallel_v1_s1,S1,patchy_high,64,50,eval_mean_mean_reserve_welfare,0.8458460623955818
ecology_perception_parallel_v1_s1,S1,patchy_high,64,50,final_wealth_gini,0.35440019638920717
ecology_perception_parallel_v1_s1,S1,split_high_low,64,50,eval_mean_mean_resource_fraction,0.14256451952036542
ecology_perception_parallel_v1_s1,S1,split_high_low,64,50,eval_mean_mean_reserve_welfare,0.6943286218961121
ecology_perception_parallel_v1_s1,S1,split_high_low,64,50,final_wealth_gini,0.6002524441838109
ecology_perception_parallel_v1_s1,S1,uniform_high,64,51,eval_mean_mean_resource_fraction,0.13745738320926365
ecology_perception_parallel_v1_s1,S1,uniform_high,64,51,eval_mean_mean_reserve_welfare,0.7871944126335239
ecology_perception_parallel_v1_s1,S1,uniform_high,64,51,final_wealth_gini,0.4605158301075416
ecology_perception_parallel_v1_s1,S1,patchy_high,64,51,eval_mean_mean_resource_fraction,0.12616664152793838
ecology_perception_parallel_v1_s1,S1,patchy_high,64,51,eval_mean_mean_reserve_welfare,0.8246366457240965
ecology_perception_parallel_v1_s1,S1,patchy_high,64,51,final_wealth_gini,0.4325747505257138
ecology_perception_parallel_v1_s1,S1,split_high_low,64,51,eval_mean_mean_resource_fraction,0.09838683713022293
ecology_perception_parallel_v1_s1,S1,split_high_low,64,51,eval_mean_mean_reserve_welfare,0.55937827867682
ecology_perception_parallel_v1_s1,S1,split_high_low,64,51,final_wealth_gini,0.6880977560777997
ecology_perception_parallel_v1_s1,S1,uniform_high,64,52,eval_mean_mean_resource_fraction,0.09618178914885314
ecology_perception_parallel_v1_s1,S1,uniform_high,64,52,eval_mean_mean_reserve_welfare,0.6908655876833956
ecology_perception_parallel_v1_s1,S1,uniform_high,64,52,final_wealth_gini,0.4727598995866771
ecology_perception_parallel_v1_s1,S1,patchy_high,64,52,eval_mean_mean_resource_fraction,0.09898149777503679
ecology_perception_parallel_v1_s1,S1,patchy_high,64,52,eval_mean_mean_reserve_welfare,0.7023628735930963
ecology_perception_parallel_v1_s1,S1,patchy_high,64,52,final_wealth_gini,0.4565648279483334
ecology_perception_parallel_v1_s1,S1,split_high_low,64,52,eval_mean_mean_resource_fraction,0.09168669323150398
ecology_perception_parallel_v1_s1,S1,split_high_low,64,52,eval_mean_mean_reserve_welfare,0.6299785179598147
ecology_perception_parallel_v1_s1,S1,split_high_low,64,52,final_wealth_gini,0.5845306032222415
ecology_perception_parallel_v1_s1,S1,uniform_high,64,53,eval_mean_mean_resource_fraction,0.13798429161676712
ecology_perception_parallel_v1_s1,S1,uniform_high,64,53,eval_mean_mean_reserve_welfare,0.8134232216033906
ecology_perception_parallel_v1_s1,S1,uniform_high,64,53,final_wealth_gini,0.4220448907003551
ecology_perception_parallel_v1_s1,S1,patchy_high,64,53,eval_mean_mean_resource_fraction,0.14307736279905128
ecology_perception_parallel_v1_s1,S1,patchy_high,64,53,eval_mean_mean_reserve_welfare,0.7749645471774737
ecology_perception_parallel_v1_s1,S1,patchy_high,64,53,final_wealth_gini,0.43308841841297574
ecology_perception_parallel_v1_s1,S1,split_high_low,64,53,eval_mean_mean_resource_fraction,0.11550662997935607
ecology_perception_parallel_v1_s1,S1,split_high_low,64,53,eval_mean_mean_reserve_welfare,0.6074394003716416
ecology_perception_parallel_v1_s1,S1,split_high_low,64,53,final_wealth_gini,0.663961501178147
ecology_perception_parallel_v1_s1,S1,uniform_high,64,54,eval_mean_mean_resource_fraction,0.09029765337877
ecology_perception_parallel_v1_s1,S1,uniform_high,64,54,eval_mean_mean_reserve_welfare,0.7634708324005858
ecology_perception_parallel_v1_s1,S1,uniform_high,64,54,final_wealth_gini,0.38091892055422916
ecology_perception_parallel_v1_s1,S1,patchy_high,64,54,eval_mean_mean_resource_fraction,0.12022974750503813
ecology_perception_parallel_v1_s1,S1,patchy_high,64,54,eval_mean_mean_reserve_welfare,0.8422039166045017
ecology_perception_parallel_v1_s1,S1,patchy_high,64,54,final_wealth_gini,0.36637409544313604
ecology_perception_parallel_v1_s1,S1,split_high_low,64,54,eval_mean_mean_resource_fraction,0.12551091747506776
ecology_perception_parallel_v1_s1,S1,split_high_low,64,54,eval_mean_mean_reserve_welfare,0.6824317635398033
ecology_perception_parallel_v1_s1,S1,split_high_low,64,54,final_wealth_gini,0.5802533021248184
ecology_perception_parallel_v1_s1,S1,uniform_high,64,55,eval_mean_mean_resource_fraction,0.12561641439399462
ecology_perception_parallel_v1_s1,S1,uniform_high,64,55,eval_mean_mean_reserve_welfare,0.7422515208034686
ecology_perception_parallel_v1_s1,S1,uniform_high,64,55,final_wealth_gini,0.5072935969443664
ecology_perception_parallel_v1_s1,S1,patchy_high,64,55,eval_mean_mean_resource_fraction,0.11483440358672142
ecology_perception_parallel_v1_s1,S1,patchy_high,64,55,eval_mean_mean_reserve_welfare,0.6769673425064588
ecology_perception_parallel_v1_s1,S1,patchy_high,64,55,final_wealth_gini,0.5319666908068361
ecology_perception_parallel_v1_s1,S1,split_high_low,64,55,eval_mean_mean_resource_fraction,0.1424888400860697
ecology_perception_parallel_v1_s1,S1,split_high_low,64,55,eval_mean_mean_reserve_welfare,0.5976852552019193
ecology_perception_parallel_v1_s1,S1,split_high_low,64,55,final_wealth_gini,0.6778904532332781
ecology_perception_parallel_v1_s1,S1,uniform_high,64,56,eval_mean_mean_resource_fraction,0.09886715962221498
ecology_perception_parallel_v1_s1,S1,uniform_high,64,56,eval_mean_mean_reserve_welfare,0.7283535363686803
ecology_perception_parallel_v1_s1,S1,uniform_high,64,56,final_wealth_gini,0.467573369115698
ecology_perception_parallel_v1_s1,S1,patchy_high,64,56,eval_mean_mean_resource_fraction,0.1645119128461901
ecology_perception_parallel_v1_s1,S1,patchy_high,64,56,eval_mean_mean_reserve_welfare,0.8277404965478244
ecology_perception_parallel_v1_s1,S1,patchy_high,64,56,final_wealth_gini,0.452085936845829
ecology_perception_parallel_v1_s1,S1,split_high_low,64,56,eval_mean_mean_resource_fraction,0.12624152719129245
ecology_perception_parallel_v1_s1,S1,split_high_low,64,56,eval_mean_mean_reserve_welfare,0.680486631484192
ecology_perception_parallel_v1_s1,S1,split_high_low,64,56,final_wealth_gini,0.6382909931781564
ecology_perception_parallel_v1_s1,S1,uniform_high,64,57,eval_mean_mean_resource_fraction,0.11229473807275762
ecology_perception_parallel_v1_s1,S1,uniform_high,64,57,eval_mean_mean_reserve_welfare,0.7905731511214096
ecology_perception_parallel_v1_s1,S1,uniform_high,64,57,final_wealth_gini,0.3983716870597438
ecology_perception_parallel_v1_s1,S1,patchy_high,64,57,eval_mean_mean_resource_fraction,0.12352360297552674
ecology_perception_parallel_v1_s1,S1,patchy_high,64,57,eval_mean_mean_reserve_welfare,0.8155202999044002
ecology_perception_parallel_v1_s1,S1,patchy_high,64,57,final_wealth_gini,0.3865950553788673
ecology_perception_parallel_v1_s1,S1,split_high_low,64,57,eval_mean_mean_resource_fraction,0.08479609363874475
ecology_perception_parallel_v1_s1,S1,split_high_low,64,57,eval_mean_mean_reserve_welfare,0.6283781806546708
ecology_perception_parallel_v1_s1,S1,split_high_low,64,57,final_wealth_gini,0.5914732162186875
ecology_perception_parallel_v1_s1,S1,uniform_high,64,58,eval_mean_mean_resource_fraction,0.11678887303037266
ecology_perception_parallel_v1_s1,S1,uniform_high,64,58,eval_mean_mean_reserve_welfare,0.7594599686989162
ecology_perception_parallel_v1_s1,S1,uniform_high,64,58,final_wealth_gini,0.4400926458275938
ecology_perception_parallel_v1_s1,S1,patchy_high,64,58,eval_mean_mean_resource_fraction,0.0830739598899441
ecology_perception_parallel_v1_s1,S1,patchy_high,64,58,eval_mean_mean_reserve_welfare,0.6886048959688817
ecology_perception_parallel_v1_s1,S1,patchy_high,64,58,final_wealth_gini,0.4445339617661692
ecology_perception_parallel_v1_s1,S1,split_high_low,64,58,eval_mean_mean_resource_fraction,0.16261332218382216
ecology_perception_parallel_v1_s1,S1,split_high_low,64,58,eval_mean_mean_reserve_welfare,0.6343797493290235
ecology_perception_parallel_v1_s1,S1,split_high_low,64,58,final_wealth_gini,0.6349499629477697
ecology_perception_parallel_v1_s1,S1,uniform_high,64,59,eval_mean_mean_resource_fraction,0.12027625627308522
ecology_perception_parallel_v1_s1,S1,uniform_high,64,59,eval_mean_mean_reserve_welfare,0.8142049413179743
ecology_perception_parallel_v1_s1,S1,uniform_high,64,59,final_wealth_gini,0.4373542880321284
ecology_perception_parallel_v1_s1,S1,patchy_high,64,59,eval_mean_mean_resource_fraction,0.08995974388550405
ecology_perception_parallel_v1_s1,S1,patchy_high,64,59,eval_mean_mean_reserve_welfare,0.6725461171887654
ecology_perception_parallel_v1_s1,S1,patchy_high,64,59,final_wealth_gini,0.5230473026534035
ecology_perception_parallel_v1_s1,S1,split_high_low,64,59,eval_mean_mean_resource_fraction,0.15547091424503162
ecology_perception_parallel_v1_s1,S1,split_high_low,64,59,eval_mean_mean_reserve_welfare,0.6460157821097793
ecology_perception_parallel_v1_s1,S1,split_high_low,64,59,final_wealth_gini,0.6416493966953054
ecology_perception_parallel_v1_s1,S1,uniform_high,64,60,eval_mean_mean_resource_fraction,0.1487139310283196
ecology_perception_parallel_v1_s1,S1,uniform_high,64,60,eval_mean_mean_reserve_welfare,0.8974910152455895
ecology_perception_parallel_v1_s1,S1,uniform_high,64,60,final_wealth_gini,0.39667071089345907
ecology_perception_parallel_v1_s1,S1,patchy_high,64,60,eval_mean_mean_resource_fraction,0.1282973714959925
ecology_perception_parallel_v1_s1,S1,patchy_high,64,60,eval_mean_mean_reserve_welfare,0.7743982051280509
ecology_perception_parallel_v1_s1,S1,patchy_high,64,60,final_wealth_gini,0.4327307072035653
ecology_perception_parallel_v1_s1,S1,split_high_low,64,60,eval_mean_mean_resource_fraction,0.09291664080287063
ecology_perception_parallel_v1_s1,S1,split_high_low,64,60,eval_mean_mean_reserve_welfare,0.6359469855413858
ecology_perception_parallel_v1_s1,S1,split_high_low,64,60,final_wealth_gini,0.5931268691560392
ecology_perception_parallel_v1_s1,S1,uniform_high,64,61,eval_mean_mean_resource_fraction,0.10624708184336774
ecology_perception_parallel_v1_s1,S1,uniform_high,64,61,eval_mean_mean_reserve_welfare,0.7290916416504326
ecology_perception_parallel_v1_s1,S1,uniform_high,64,61,final_wealth_gini,0.4652265904568833
ecology_perception_parallel_v1_s1,S1,patchy_high,64,61,eval_mean_mean_resource_fraction,0.11271065042711655
ecology_perception_parallel_v1_s1,S1,patchy_high,64,61,eval_mean_mean_reserve_welfare,0.6402645254783251
ecology_perception_parallel_v1_s1,S1,patchy_high,64,61,final_wealth_gini,0.5112434346898083
ecology_perception_parallel_v1_s1,S1,split_high_low,64,61,eval_mean_mean_resource_fraction,0.1568395986274975
ecology_perception_parallel_v1_s1,S1,split_high_low,64,61,eval_mean_mean_reserve_welfare,0.615454584153737
ecology_perception_parallel_v1_s1,S1,split_high_low,64,61,final_wealth_gini,0.6547796531336876
ecology_perception_parallel_v1_s1,S1,uniform_high,64,62,eval_mean_mean_resource_fraction,0.12229463644611512
ecology_perception_parallel_v1_s1,S1,uniform_high,64,62,eval_mean_mean_reserve_welfare,0.8269354207459821
ecology_perception_parallel_v1_s1,S1,uniform_high,64,62,final_wealth_gini,0.4036673564505735
ecology_perception_parallel_v1_s1,S1,patchy_high,64,62,eval_mean_mean_resource_fraction,0.1033019877821618
ecology_perception_parallel_v1_s1,S1,patchy_high,64,62,eval_mean_mean_reserve_welfare,0.748505562306257
ecology_perception_parallel_v1_s1,S1,patchy_high,64,62,final_wealth_gini,0.41624914149285375
ecology_perception_parallel_v1_s1,S1,split_high_low,64,62,eval_mean_mean_resource_fraction,0.1285261828403194
ecology_perception_parallel_v1_s1,S1,split_high_low,64,62,eval_mean_mean_reserve_welfare,0.5677606702865028
ecology_perception_parallel_v1_s1,S1,split_high_low,64,62,final_wealth_gini,0.6889191120195959
ecology_perception_parallel_v1_s1,S1,uniform_high,64,63,eval_mean_mean_resource_fraction,0.11995011627534743
ecology_perception_parallel_v1_s1,S1,uniform_high,64,63,eval_mean_mean_reserve_welfare,0.8662113402515733
ecology_perception_parallel_v1_s1,S1,uniform_high,64,63,final_wealth_gini,0.36774929703061066
ecology_perception_parallel_v1_s1,S1,patchy_high,64,63,eval_mean_mean_resource_fraction,0.14622707449555233
ecology_perception_parallel_v1_s1,S1,patchy_high,64,63,eval_mean_mean_reserve_welfare,0.869936546185061
ecology_perception_parallel_v1_s1,S1,patchy_high,64,63,final_wealth_gini,0.37233974027633354
ecology_perception_parallel_v1_s1,S1,split_high_low,64,63,eval_mean_mean_resource_fraction,0.09881992099299057
ecology_perception_parallel_v1_s1,S1,split_high_low,64,63,eval_mean_mean_reserve_welfare,0.671013004218616
ecology_perception_parallel_v1_s1,S1,split_high_low,64,63,final_wealth_gini,0.6008459653758882
ecology_perception_parallel_v1_s1,S1,uniform_high,64,64,eval_mean_mean_resource_fraction,0.1325823192818265
ecology_perception_parallel_v1_s1,S1,uniform_high,64,64,eval_mean_mean_reserve_welfare,0.778695968706775
ecology_perception_parallel_v1_s1,S1,uniform_high,64,64,final_wealth_gini,0.4311456238611242
ecology_perception_parallel_v1_s1,S1,patchy_high,64,64,eval_mean_mean_resource_fraction,0.14792640454003622
ecology_perception_parallel_v1_s1,S1,patchy_high,64,64,eval_mean_mean_reserve_welfare,0.7758889684765647
ecology_perception_parallel_v1_s1,S1,patchy_high,64,64,final_wealth_gini,0.45525125341037365
ecology_perception_parallel_v1_s1,S1,split_high_low,64,64,eval_mean_mean_resource_fraction,0.15576418466891417
ecology_perception_parallel_v1_s1,S1,split_high_low,64,64,eval_mean_mean_reserve_welfare,0.7076387497036697
ecology_perception_parallel_v1_s1,S1,split_high_low,64,64,final_wealth_gini,0.5397382306540932
ecology_perception_parallel_v1_s1,S1,uniform_high,64,65,eval_mean_mean_resource_fraction,0.14850877271841517
ecology_perception_parallel_v1_s1,S1,uniform_high,64,65,eval_mean_mean_reserve_welfare,0.89628367411618
ecology_perception_parallel_v1_s1,S1,uniform_high,64,65,final_wealth_gini,0.3706161154236476
ecology_perception_parallel_v1_s1,S1,patchy_high,64,65,eval_mean_mean_resource_fraction,0.09758441136584829
ecology_perception_parallel_v1_s1,S1,patchy_high,64,65,eval_mean_mean_reserve_welfare,0.7804050763948687
ecology_perception_parallel_v1_s1,S1,patchy_high,64,65,final_wealth_gini,0.3945446259173928
ecology_perception_parallel_v1_s1,S1,split_high_low,64,65,eval_mean_mean_resource_fraction,0.11757540240634157
ecology_perception_parallel_v1_s1,S1,split_high_low,64,65,eval_mean_mean_reserve_welfare,0.6420243391192737
ecology_perception_parallel_v1_s1,S1,split_high_low,64,65,final_wealth_gini,0.6178158814417753
ecology_perception_parallel_v1_s1,S1,uniform_high,64,66,eval_mean_mean_resource_fraction,0.1133476259571768
ecology_perception_parallel_v1_s1,S1,uniform_high,64,66,eval_mean_mean_reserve_welfare,0.6823584899923594
ecology_perception_parallel_v1_s1,S1,uniform_high,64,66,final_wealth_gini,0.5022275366451514
ecology_perception_parallel_v1_s1,S1,patchy_high,64,66,eval_mean_mean_resource_fraction,0.1186673077583502
ecology_perception_parallel_v1_s1,S1,patchy_high,64,66,eval_mean_mean_reserve_welfare,0.7337364727192753
ecology_perception_parallel_v1_s1,S1,patchy_high,64,66,final_wealth_gini,0.4661311824781642
ecology_perception_parallel_v1_s1,S1,split_high_low,64,66,eval_mean_mean_resource_fraction,0.11166336624831326
ecology_perception_parallel_v1_s1,S1,split_high_low,64,66,eval_mean_mean_reserve_welfare,0.5501425907659008
ecology_perception_parallel_v1_s1,S1,split_high_low,64,66,final_wealth_gini,0.679887561624789
ecology_perception_parallel_v1_s1,S1,uniform_high,64,67,eval_mean_mean_resource_fraction,0.11917032779784598
ecology_perception_parallel_v1_s1,S1,uniform_high,64,67,eval_mean_mean_reserve_welfare,0.7824470380944702
ecology_perception_parallel_v1_s1,S1,uniform_high,64,67,final_wealth_gini,0.429231080079554
ecology_perception_parallel_v1_s1,S1,patchy_high,64,67,eval_mean_mean_resource_fraction,0.09920873912263607
ecology_perception_parallel_v1_s1,S1,patchy_high,64,67,eval_mean_mean_reserve_welfare,0.7082989479035641
ecology_perception_parallel_v1_s1,S1,patchy_high,64,67,final_wealth_gini,0.4731292714744735
ecology_perception_parallel_v1_s1,S1,split_high_low,64,67,eval_mean_mean_resource_fraction,0.14458410178387748
ecology_perception_parallel_v1_s1,S1,split_high_low,64,67,eval_mean_mean_reserve_welfare,0.6197383976739711
ecology_perception_parallel_v1_s1,S1,split_high_low,64,67,final_wealth_gini,0.6689684162178222
ecology_perception_parallel_v1_s1,S1,uniform_high,64,68,eval_mean_mean_resource_fraction,0.16814504778643183
ecology_perception_parallel_v1_s1,S1,uniform_high,64,68,eval_mean_mean_reserve_welfare,0.8733744816595156
ecology_perception_parallel_v1_s1,S1,uniform_high,64,68,final_wealth_gini,0.4576009112780828
ecology_perception_parallel_v1_s1,S1,patchy_high,64,68,eval_mean_mean_resource_fraction,0.12029315532973925
ecology_perception_parallel_v1_s1,S1,patchy_high,64,68,eval_mean_mean_reserve_welfare,0.7580951616715909
ecology_perception_parallel_v1_s1,S1,patchy_high,64,68,final_wealth_gini,0.47031502795147473
ecology_perception_parallel_v1_s1,S1,split_high_low,64,68,eval_mean_mean_resource_fraction,0.0811978759814045
ecology_perception_parallel_v1_s1,S1,split_high_low,64,68,eval_mean_mean_reserve_welfare,0.690341003067756
ecology_perception_parallel_v1_s1,S1,split_high_low,64,68,final_wealth_gini,0.5517729221226906
ecology_perception_parallel_v1_s1,S1,uniform_high,64,69,eval_mean_mean_resource_fraction,0.11591137869872244
ecology_perception_parallel_v1_s1,S1,uniform_high,64,69,eval_mean_mean_reserve_welfare,0.6573483023042852
ecology_perception_parallel_v1_s1,S1,uniform_high,64,69,final_wealth_gini,0.5259840564425902
ecology_perception_parallel_v1_s1,S1,patchy_high,64,69,eval_mean_mean_resource_fraction,0.16267712685788507
ecology_perception_parallel_v1_s1,S1,patchy_high,64,69,eval_mean_mean_reserve_welfare,0.7261283125314351
ecology_perception_parallel_v1_s1,S1,patchy_high,64,69,final_wealth_gini,0.5387603828149847
ecology_perception_parallel_v1_s1,S1,split_high_low,64,69,eval_mean_mean_resource_fraction,0.09913323234105399
ecology_perception_parallel_v1_s1,S1,split_high_low,64,69,eval_mean_mean_reserve_welfare,0.6082867194590291
ecology_perception_parallel_v1_s1,S1,split_high_low,64,69,final_wealth_gini,0.5598828508410825
ecology_perception_parallel_v1_s1,S1,uniform_high,64,70,eval_mean_mean_resource_fraction,0.08762230787833153
ecology_perception_parallel_v1_s1,S1,uniform_high,64,70,eval_mean_mean_reserve_welfare,0.7876530403063298
ecology_perception_parallel_v1_s1,S1,uniform_high,64,70,final_wealth_gini,0.3584469757287019
ecology_perception_parallel_v1_s1,S1,patchy_high,64,70,eval_mean_mean_resource_fraction,0.10938642896367322
ecology_perception_parallel_v1_s1,S1,patchy_high,64,70,eval_mean_mean_reserve_welfare,0.7741474430224753
ecology_perception_parallel_v1_s1,S1,patchy_high,64,70,final_wealth_gini,0.4025109260216817
ecology_perception_parallel_v1_s1,S1,split_high_low,64,70,eval_mean_mean_resource_fraction,0.14795873478556734
ecology_perception_parallel_v1_s1,S1,split_high_low,64,70,eval_mean_mean_reserve_welfare,0.6750261802075955
ecology_perception_parallel_v1_s1,S1,split_high_low,64,70,final_wealth_gini,0.6124016649997233
ecology_perception_parallel_v1_s1,S1,uniform_high,64,71,eval_mean_mean_resource_fraction,0.06261435086065065
ecology_perception_parallel_v1_s1,S1,uniform_high,64,71,eval_mean_mean_reserve_welfare,0.6534889518577045
ecology_perception_parallel_v1_s1,S1,uniform_high,64,71,final_wealth_gini,0.37332661988345617
ecology_perception_parallel_v1_s1,S1,patchy_high,64,71,eval_mean_mean_resource_fraction,0.06473022776214893
ecology_perception_parallel_v1_s1,S1,patchy_high,64,71,eval_mean_mean_reserve_welfare,0.6697842699780443
ecology_perception_parallel_v1_s1,S1,patchy_high,64,71,final_wealth_gini,0.39111650263126396
ecology_perception_parallel_v1_s1,S1,split_high_low,64,71,eval_mean_mean_resource_fraction,0.1119163884757219
ecology_perception_parallel_v1_s1,S1,split_high_low,64,71,eval_mean_mean_reserve_welfare,0.6818746527453888
ecology_perception_parallel_v1_s1,S1,split_high_low,64,71,final_wealth_gini,0.627036355959596
ecology_perception_parallel_v1_s1,S1,uniform_high,64,72,eval_mean_mean_resource_fraction,0.07608050140349938
ecology_perception_parallel_v1_s1,S1,uniform_high,64,72,eval_mean_mean_reserve_welfare,0.7100347110829077
ecology_perception_parallel_v1_s1,S1,uniform_high,64,72,final_wealth_gini,0.3648216238219337
ecology_perception_parallel_v1_s1,S1,patchy_high,64,72,eval_mean_mean_resource_fraction,0.11342703062922295
ecology_perception_parallel_v1_s1,S1,patchy_high,64,72,eval_mean_mean_reserve_welfare,0.8051818280394668
ecology_perception_parallel_v1_s1,S1,patchy_high,64,72,final_wealth_gini,0.399330276474851
ecology_perception_parallel_v1_s1,S1,split_high_low,64,72,eval_mean_mean_resource_fraction,0.10785088441888661
ecology_perception_parallel_v1_s1,S1,split_high_low,64,72,eval_mean_mean_reserve_welfare,0.6697545531041569
ecology_perception_parallel_v1_s1,S1,split_high_low,64,72,final_wealth_gini,0.5798557255259242
ecology_perception_parallel_v1_s1,S1,uniform_high,64,73,eval_mean_mean_resource_fraction,0.105942255829044
ecology_perception_parallel_v1_s1,S1,uniform_high,64,73,eval_mean_mean_reserve_welfare,0.7824225751030951
ecology_perception_parallel_v1_s1,S1,uniform_high,64,73,final_wealth_gini,0.4268285255921942
ecology_perception_parallel_v1_s1,S1,patchy_high,64,73,eval_mean_mean_resource_fraction,0.10330283195826435
ecology_perception_parallel_v1_s1,S1,patchy_high,64,73,eval_mean_mean_reserve_welfare,0.7506955979348454
ecology_perception_parallel_v1_s1,S1,patchy_high,64,73,final_wealth_gini,0.4250966767699318
ecology_perception_parallel_v1_s1,S1,split_high_low,64,73,eval_mean_mean_resource_fraction,0.20034589791239
ecology_perception_parallel_v1_s1,S1,split_high_low,64,73,eval_mean_mean_reserve_welfare,0.6530995301512901
ecology_perception_parallel_v1_s1,S1,split_high_low,64,73,final_wealth_gini,0.6249456729169454
ecology_perception_parallel_v1_s1,S1,uniform_high,64,74,eval_mean_mean_resource_fraction,0.14235935161356972
ecology_perception_parallel_v1_s1,S1,uniform_high,64,74,eval_mean_mean_reserve_welfare,0.7541688050584088
ecology_perception_parallel_v1_s1,S1,uniform_high,64,74,final_wealth_gini,0.49260882005298967
ecology_perception_parallel_v1_s1,S1,patchy_high,64,74,eval_mean_mean_resource_fraction,0.12171515173949288
ecology_perception_parallel_v1_s1,S1,patchy_high,64,74,eval_mean_mean_reserve_welfare,0.7101093200393259
ecology_perception_parallel_v1_s1,S1,patchy_high,64,74,final_wealth_gini,0.499671809890778
ecology_perception_parallel_v1_s1,S1,split_high_low,64,74,eval_mean_mean_resource_fraction,0.19943776105139308
ecology_perception_parallel_v1_s1,S1,split_high_low,64,74,eval_mean_mean_reserve_welfare,0.6805104371601302
ecology_perception_parallel_v1_s1,S1,split_high_low,64,74,final_wealth_gini,0.629451539175599
ecology_perception_parallel_v1_s1,S1,uniform_high,64,75,eval_mean_mean_resource_fraction,0.11882421627754866
ecology_perception_parallel_v1_s1,S1,uniform_high,64,75,eval_mean_mean_reserve_welfare,0.8187052201169198
ecology_perception_parallel_v1_s1,S1,uniform_high,64,75,final_wealth_gini,0.4155171046559576
ecology_perception_parallel_v1_s1,S1,patchy_high,64,75,eval_mean_mean_resource_fraction,0.08026832686324198
ecology_perception_parallel_v1_s1,S1,patchy_high,64,75,eval_mean_mean_reserve_welfare,0.723382473463196
ecology_perception_parallel_v1_s1,S1,patchy_high,64,75,final_wealth_gini,0.42337860323456145
ecology_perception_parallel_v1_s1,S1,split_high_low,64,75,eval_mean_mean_resource_fraction,0.10456699138671104
ecology_perception_parallel_v1_s1,S1,split_high_low,64,75,eval_mean_mean_reserve_welfare,0.7236245217056674
ecology_perception_parallel_v1_s1,S1,split_high_low,64,75,final_wealth_gini,0.5401682703067938
ecology_perception_parallel_v1_s1,S1,uniform_high,64,76,eval_mean_mean_resource_fraction,0.1231078267055049
ecology_perception_parallel_v1_s1,S1,uniform_high,64,76,eval_mean_mean_reserve_welfare,0.8151343201784188
ecology_perception_parallel_v1_s1,S1,uniform_high,64,76,final_wealth_gini,0.4138639106576476
ecology_perception_parallel_v1_s1,S1,patchy_high,64,76,eval_mean_mean_resource_fraction,0.10382162572368869
ecology_perception_parallel_v1_s1,S1,patchy_high,64,76,eval_mean_mean_reserve_welfare,0.7300993416003705
ecology_perception_parallel_v1_s1,S1,patchy_high,64,76,final_wealth_gini,0.48758431529286117
ecology_perception_parallel_v1_s1,S1,split_high_low,64,76,eval_mean_mean_resource_fraction,0.12111889526894012
ecology_perception_parallel_v1_s1,S1,split_high_low,64,76,eval_mean_mean_reserve_welfare,0.551021557426334
ecology_perception_parallel_v1_s1,S1,split_high_low,64,76,final_wealth_gini,0.7036773594543755
ecology_perception_parallel_v1_s1,S1,uniform_high,64,77,eval_mean_mean_resource_fraction,0.09484529545768941
ecology_perception_parallel_v1_s1,S1,uniform_high,64,77,eval_mean_mean_reserve_welfare,0.8033765509845172
ecology_perception_parallel_v1_s1,S1,uniform_high,64,77,final_wealth_gini,0.37859705023002754
ecology_perception_parallel_v1_s1,S1,patchy_high,64,77,eval_mean_mean_resource_fraction,0.11577524570013957
ecology_perception_parallel_v1_s1,S1,patchy_high,64,77,eval_mean_mean_reserve_welfare,0.6841466668600523
ecology_perception_parallel_v1_s1,S1,patchy_high,64,77,final_wealth_gini,0.46502735062702993
ecology_perception_parallel_v1_s1,S1,split_high_low,64,77,eval_mean_mean_resource_fraction,0.09597002143434488
ecology_perception_parallel_v1_s1,S1,split_high_low,64,77,eval_mean_mean_reserve_welfare,0.6615592581588526
ecology_perception_parallel_v1_s1,S1,split_high_low,64,77,final_wealth_gini,0.5849881348258639
ecology_perception_parallel_v1_s1,S1,uniform_high,64,78,eval_mean_mean_resource_fraction,0.09165271992425701
ecology_perception_parallel_v1_s1,S1,uniform_high,64,78,eval_mean_mean_reserve_welfare,0.7201525608117674
ecology_perception_parallel_v1_s1,S1,uniform_high,64,78,final_wealth_gini,0.4462627834716344
ecology_perception_parallel_v1_s1,S1,patchy_high,64,78,eval_mean_mean_resource_fraction,0.11884118597114092
ecology_perception_parallel_v1_s1,S1,patchy_high,64,78,eval_mean_mean_reserve_welfare,0.7745814727806203
ecology_perception_parallel_v1_s1,S1,patchy_high,64,78,final_wealth_gini,0.4228980964263007
ecology_perception_parallel_v1_s1,S1,split_high_low,64,78,eval_mean_mean_resource_fraction,0.10399343620927337
ecology_perception_parallel_v1_s1,S1,split_high_low,64,78,eval_mean_mean_reserve_welfare,0.6656459462418881
ecology_perception_parallel_v1_s1,S1,split_high_low,64,78,final_wealth_gini,0.6185434781076207
ecology_perception_parallel_v1_s1,S1,uniform_high,64,79,eval_mean_mean_resource_fraction,0.11131585102978288
ecology_perception_parallel_v1_s1,S1,uniform_high,64,79,eval_mean_mean_reserve_welfare,0.7573672226454914
ecology_perception_parallel_v1_s1,S1,uniform_high,64,79,final_wealth_gini,0.46305289660410454
ecology_perception_parallel_v1_s1,S1,patchy_high,64,79,eval_mean_mean_resource_fraction,0.08130255880136755
ecology_perception_parallel_v1_s1,S1,patchy_high,64,79,eval_mean_mean_reserve_welfare,0.6365887525206949
ecology_perception_parallel_v1_s1,S1,patchy_high,64,79,final_wealth_gini,0.48481469794274723
ecology_perception_parallel_v1_s1,S1,split_high_low,64,79,eval_mean_mean_resource_fraction,0.14375942662651214
ecology_perception_parallel_v1_s1,S1,split_high_low,64,79,eval_mean_mean_reserve_welfare,0.7091701890777624
ecology_perception_parallel_v1_s1,S1,split_high_low,64,79,final_wealth_gini,0.6018425594938663
ecology_perception_parallel_v1_s1,S1,uniform_high,64,80,eval_mean_mean_resource_fraction,0.10875564305954839
ecology_perception_parallel_v1_s1,S1,uniform_high,64,80,eval_mean_mean_reserve_welfare,0.705402841239792
ecology_perception_parallel_v1_s1,S1,uniform_high,64,80,final_wealth_gini,0.5285184220635055
ecology_perception_parallel_v1_s1,S1,patchy_high,64,80,eval_mean_mean_resource_fraction,0.12736612721266904
ecology_perception_parallel_v1_s1,S1,patchy_high,64,80,eval_mean_mean_reserve_welfare,0.7808832865104146
ecology_perception_parallel_v1_s1,S1,patchy_high,64,80,final_wealth_gini,0.4803673434197724
ecology_perception_parallel_v1_s1,S1,split_high_low,64,80,eval_mean_mean_resource_fraction,0.14603392373722596
ecology_perception_parallel_v1_s1,S1,split_high_low,64,80,eval_mean_mean_reserve_welfare,0.5933477387471394
ecology_perception_parallel_v1_s1,S1,split_high_low,64,80,final_wealth_gini,0.6811012185478924
ecology_perception_parallel_v1_s1,S1,uniform_high,64,81,eval_mean_mean_resource_fraction,0.10388407191597712
ecology_perception_parallel_v1_s1,S1,uniform_high,64,81,eval_mean_mean_reserve_welfare,0.7568387248294912
ecology_perception_parallel_v1_s1,S1,uniform_high,64,81,final_wealth_gini,0.45305240099877175
ecology_perception_parallel_v1_s1,S1,patchy_high,64,81,eval_mean_mean_resource_fraction,0.1140381516535267
ecology_perception_parallel_v1_s1,S1,patchy_high,64,81,eval_mean_mean_reserve_welfare,0.7815369320306476
ecology_perception_parallel_v1_s1,S1,patchy_high,64,81,final_wealth_gini,0.4330441668606302
ecology_perception_parallel_v1_s1,S1,split_high_low,64,81,eval_mean_mean_resource_fraction,0.18410266178151347
ecology_perception_parallel_v1_s1,S1,split_high_low,64,81,eval_mean_mean_reserve_welfare,0.6758329631849095
ecology_perception_parallel_v1_s1,S1,split_high_low,64,81,final_wealth_gini,0.6399386522173249
ecology_perception_parallel_v1_s1,S1,uniform_high,64,82,eval_mean_mean_resource_fraction,0.10515437806786075
ecology_perception_parallel_v1_s1,S1,uniform_high,64,82,eval_mean_mean_reserve_welfare,0.7202406027179188
ecology_perception_parallel_v1_s1,S1,uniform_high,64,82,final_wealth_gini,0.46747354477299474
ecology_perception_parallel_v1_s1,S1,patchy_high,64,82,eval_mean_mean_resource_fraction,0.14892956164983717
ecology_perception_parallel_v1_s1,S1,patchy_high,64,82,eval_mean_mean_reserve_welfare,0.7921166768011161
ecology_perception_parallel_v1_s1,S1,patchy_high,64,82,final_wealth_gini,0.4947238875489999
ecology_perception_parallel_v1_s1,S1,split_high_low,64,82,eval_mean_mean_resource_fraction,0.084555636715248
ecology_perception_parallel_v1_s1,S1,split_high_low,64,82,eval_mean_mean_reserve_welfare,0.6042326151275574
ecology_perception_parallel_v1_s1,S1,split_high_low,64,82,final_wealth_gini,0.6033937347808556
ecology_perception_parallel_v1_s1,S1,uniform_high,64,83,eval_mean_mean_resource_fraction,0.08686365493941531
ecology_perception_parallel_v1_s1,S1,uniform_high,64,83,eval_mean_mean_reserve_welfare,0.7176009690564229
ecology_perception_parallel_v1_s1,S1,uniform_high,64,83,final_wealth_gini,0.45273464103801087
ecology_perception_parallel_v1_s1,S1,patchy_high,64,83,eval_mean_mean_resource_fraction,0.11024315234780249
ecology_perception_parallel_v1_s1,S1,patchy_high,64,83,eval_mean_mean_reserve_welfare,0.7819513591659402
ecology_perception_parallel_v1_s1,S1,patchy_high,64,83,final_wealth_gini,0.42370882147901323
ecology_perception_parallel_v1_s1,S1,split_high_low,64,83,eval_mean_mean_resource_fraction,0.08635967747262978
ecology_perception_parallel_v1_s1,S1,split_high_low,64,83,eval_mean_mean_reserve_welfare,0.6131546333691142
ecology_perception_parallel_v1_s1,S1,split_high_low,64,83,final_wealth_gini,0.5991951660908406
ecology_perception_parallel_v1_s1,S1,uniform_high,64,84,eval_mean_mean_resource_fraction,0.09325388645590138
ecology_perception_parallel_v1_s1,S1,uniform_high,64,84,eval_mean_mean_reserve_welfare,0.7013276645940002
ecology_perception_parallel_v1_s1,S1,uniform_high,64,84,final_wealth_gini,0.4571235500068789
ecology_perception_parallel_v1_s1,S1,patchy_high,64,84,eval_mean_mean_resource_fraction,0.1038178256663173
ecology_perception_parallel_v1_s1,S1,patchy_high,64,84,eval_mean_mean_reserve_welfare,0.709193043704477
ecology_perception_parallel_v1_s1,S1,patchy_high,64,84,final_wealth_gini,0.46629388781041414
ecology_perception_parallel_v1_s1,S1,split_high_low,64,84,eval_mean_mean_resource_fraction,0.08627456053259658
ecology_perception_parallel_v1_s1,S1,split_high_low,64,84,eval_mean_mean_reserve_welfare,0.5757662179142824
ecology_perception_parallel_v1_s1,S1,split_high_low,64,84,final_wealth_gini,0.6265805411964656
ecology_perception_parallel_v1_s1,S1,uniform_high,64,85,eval_mean_mean_resource_fraction,0.10453053792736024
ecology_perception_parallel_v1_s1,S1,uniform_high,64,85,eval_mean_mean_reserve_welfare,0.7438000916438368
ecology_perception_parallel_v1_s1,S1,uniform_high,64,85,final_wealth_gini,0.46773703128658606
ecology_perception_parallel_v1_s1,S1,patchy_high,64,85,eval_mean_mean_resource_fraction,0.12863746263825676
ecology_perception_parallel_v1_s1,S1,patchy_high,64,85,eval_mean_mean_reserve_welfare,0.7828072788060029
ecology_perception_parallel_v1_s1,S1,patchy_high,64,85,final_wealth_gini,0.47005404003741846
ecology_perception_parallel_v1_s1,S1,split_high_low,64,85,eval_mean_mean_resource_fraction,0.16856350945387805
ecology_perception_parallel_v1_s1,S1,split_high_low,64,85,eval_mean_mean_reserve_welfare,0.6638302904396612
ecology_perception_parallel_v1_s1,S1,split_high_low,64,85,final_wealth_gini,0.6496154672589709
ecology_perception_parallel_v1_s1,S1,uniform_high,64,86,eval_mean_mean_resource_fraction,0.14991577438813272
ecology_perception_parallel_v1_s1,S1,uniform_high,64,86,eval_mean_mean_reserve_welfare,0.8181248029215038
ecology_perception_parallel_v1_s1,S1,uniform_high,64,86,final_wealth_gini,0.4719769464681858
ecology_perception_parallel_v1_s1,S1,patchy_high,64,86,eval_mean_mean_resource_fraction,0.1301971643665746
ecology_perception_parallel_v1_s1,S1,patchy_high,64,86,eval_mean_mean_reserve_welfare,0.8059991195361672
ecology_perception_parallel_v1_s1,S1,patchy_high,64,86,final_wealth_gini,0.45751579318814106
ecology_perception_parallel_v1_s1,S1,split_high_low,64,86,eval_mean_mean_resource_fraction,0.11299716880287967
ecology_perception_parallel_v1_s1,S1,split_high_low,64,86,eval_mean_mean_reserve_welfare,0.6557306626425304
ecology_perception_parallel_v1_s1,S1,split_high_low,64,86,final_wealth_gini,0.6273037563804389
ecology_perception_parallel_v1_s1,S1,uniform_high,64,87,eval_mean_mean_resource_fraction,0.09301983567129941
ecology_perception_parallel_v1_s1,S1,uniform_high,64,87,eval_mean_mean_reserve_welfare,0.8051885040767656
ecology_perception_parallel_v1_s1,S1,uniform_high,64,87,final_wealth_gini,0.3897627364179379
ecology_perception_parallel_v1_s1,S1,patchy_high,64,87,eval_mean_mean_resource_fraction,0.117854800465687
ecology_perception_parallel_v1_s1,S1,patchy_high,64,87,eval_mean_mean_reserve_welfare,0.8500303219600465
ecology_perception_parallel_v1_s1,S1,patchy_high,64,87,final_wealth_gini,0.34818403487923333
ecology_perception_parallel_v1_s1,S1,split_high_low,64,87,eval_mean_mean_resource_fraction,0.08879263056851011
ecology_perception_parallel_v1_s1,S1,split_high_low,64,87,eval_mean_mean_reserve_welfare,0.6648433974411312
ecology_perception_parallel_v1_s1,S1,split_high_low,64,87,final_wealth_gini,0.5951573400807155
ecology_perception_parallel_v1_s1,S1,uniform_high,64,88,eval_mean_mean_resource_fraction,0.1123279730754332
ecology_perception_parallel_v1_s1,S1,uniform_high,64,88,eval_mean_mean_reserve_welfare,0.7069779194423337
ecology_perception_parallel_v1_s1,S1,uniform_high,64,88,final_wealth_gini,0.5139178364469914
ecology_perception_parallel_v1_s1,S1,patchy_high,64,88,eval_mean_mean_resource_fraction,0.11187045235540832
ecology_perception_parallel_v1_s1,S1,patchy_high,64,88,eval_mean_mean_reserve_welfare,0.7107563456707772
ecology_perception_parallel_v1_s1,S1,patchy_high,64,88,final_wealth_gini,0.5011125477656266
ecology_perception_parallel_v1_s1,S1,split_high_low,64,88,eval_mean_mean_resource_fraction,0.15816192688666525
ecology_perception_parallel_v1_s1,S1,split_high_low,64,88,eval_mean_mean_reserve_welfare,0.6880554265600128
ecology_perception_parallel_v1_s1,S1,split_high_low,64,88,final_wealth_gini,0.6245431445518674
ecology_perception_parallel_v1_s1,S1,uniform_high,64,89,eval_mean_mean_resource_fraction,0.12378001800575632
ecology_perception_parallel_v1_s1,S1,uniform_high,64,89,eval_mean_mean_reserve_welfare,0.7531157906688523
ecology_perception_parallel_v1_s1,S1,uniform_high,64,89,final_wealth_gini,0.46113445165117284
ecology_perception_parallel_v1_s1,S1,patchy_high,64,89,eval_mean_mean_resource_fraction,0.10400945590969768
ecology_perception_parallel_v1_s1,S1,patchy_high,64,89,eval_mean_mean_reserve_welfare,0.7226096902990339
ecology_perception_parallel_v1_s1,S1,patchy_high,64,89,final_wealth_gini,0.46976205136257754
ecology_perception_parallel_v1_s1,S1,split_high_low,64,89,eval_mean_mean_resource_fraction,0.15007226774941448
ecology_perception_parallel_v1_s1,S1,split_high_low,64,89,eval_mean_mean_reserve_welfare,0.7274179762625652
ecology_perception_parallel_v1_s1,S1,split_high_low,64,89,final_wealth_gini,0.5990705043534672
ecology_perception_parallel_v1_s1,S1,uniform_high,64,90,eval_mean_mean_resource_fraction,0.08335604172707246
ecology_perception_parallel_v1_s1,S1,uniform_high,64,90,eval_mean_mean_reserve_welfare,0.7487797994239005
ecology_perception_parallel_v1_s1,S1,uniform_high,64,90,final_wealth_gini,0.40108962164358863
ecology_perception_parallel_v1_s1,S1,patchy_high,64,90,eval_mean_mean_resource_fraction,0.0914193004118242
ecology_perception_parallel_v1_s1,S1,patchy_high,64,90,eval_mean_mean_reserve_welfare,0.7435373505948831
ecology_perception_parallel_v1_s1,S1,patchy_high,64,90,final_wealth_gini,0.4222292370041312
ecology_perception_parallel_v1_s1,S1,split_high_low,64,90,eval_mean_mean_resource_fraction,0.11730168026550059
ecology_perception_parallel_v1_s1,S1,split_high_low,64,90,eval_mean_mean_reserve_welfare,0.6698427453776317
ecology_perception_parallel_v1_s1,S1,split_high_low,64,90,final_wealth_gini,0.6020867006666573
ecology_perception_parallel_v1_s1,S1,uniform_high,64,91,eval_mean_mean_resource_fraction,0.10661855462934224
ecology_perception_parallel_v1_s1,S1,uniform_high,64,91,eval_mean_mean_reserve_welfare,0.6765952791408029
ecology_perception_parallel_v1_s1,S1,uniform_high,64,91,final_wealth_gini,0.5050403367806773
ecology_perception_parallel_v1_s1,S1,patchy_high,64,91,eval_mean_mean_resource_fraction,0.1377781526040347
ecology_perception_parallel_v1_s1,S1,patchy_high,64,91,eval_mean_mean_reserve_welfare,0.8119478669448965
ecology_perception_parallel_v1_s1,S1,patchy_high,64,91,final_wealth_gini,0.42490859414501525
ecology_perception_parallel_v1_s1,S1,split_high_low,64,91,eval_mean_mean_resource_fraction,0.1358687869934896
ecology_perception_parallel_v1_s1,S1,split_high_low,64,91,eval_mean_mean_reserve_welfare,0.7059010508558977
ecology_perception_parallel_v1_s1,S1,split_high_low,64,91,final_wealth_gini,0.5821706275530445
ecology_perception_parallel_v1_s1,S1,uniform_high,64,92,eval_mean_mean_resource_fraction,0.11338767757835305
ecology_perception_parallel_v1_s1,S1,uniform_high,64,92,eval_mean_mean_reserve_welfare,0.6715669371846533
ecology_perception_parallel_v1_s1,S1,uniform_high,64,92,final_wealth_gini,0.5429088347553295
ecology_perception_parallel_v1_s1,S1,patchy_high,64,92,eval_mean_mean_resource_fraction,0.11641634264137411
ecology_perception_parallel_v1_s1,S1,patchy_high,64,92,eval_mean_mean_reserve_welfare,0.7321488630711971
ecology_perception_parallel_v1_s1,S1,patchy_high,64,92,final_wealth_gini,0.5136021777306274
ecology_perception_parallel_v1_s1,S1,split_high_low,64,92,eval_mean_mean_resource_fraction,0.09911423527748774
ecology_perception_parallel_v1_s1,S1,split_high_low,64,92,eval_mean_mean_reserve_welfare,0.5942281088202398
ecology_perception_parallel_v1_s1,S1,split_high_low,64,92,final_wealth_gini,0.6128537633182458
ecology_perception_parallel_v1_s1,S1,uniform_high,64,93,eval_mean_mean_resource_fraction,0.07895572027411993
ecology_perception_parallel_v1_s1,S1,uniform_high,64,93,eval_mean_mean_reserve_welfare,0.6952537457188219
ecology_perception_parallel_v1_s1,S1,uniform_high,64,93,final_wealth_gini,0.44830523453632787
ecology_perception_parallel_v1_s1,S1,patchy_high,64,93,eval_mean_mean_resource_fraction,0.11249124763228813
ecology_perception_parallel_v1_s1,S1,patchy_high,64,93,eval_mean_mean_reserve_welfare,0.7547882177827671
ecology_perception_parallel_v1_s1,S1,patchy_high,64,93,final_wealth_gini,0.4689976047978859
ecology_perception_parallel_v1_s1,S1,split_high_low,64,93,eval_mean_mean_resource_fraction,0.1606878825370472
ecology_perception_parallel_v1_s1,S1,split_high_low,64,93,eval_mean_mean_reserve_welfare,0.647135282216924
ecology_perception_parallel_v1_s1,S1,split_high_low,64,93,final_wealth_gini,0.6593663954153752
ecology_perception_parallel_v1_s1,S1,uniform_high,64,94,eval_mean_mean_resource_fraction,0.08939060219810205
ecology_perception_parallel_v1_s1,S1,uniform_high,64,94,eval_mean_mean_reserve_welfare,0.6721099838746125
ecology_perception_parallel_v1_s1,S1,uniform_high,64,94,final_wealth_gini,0.4856063148803098
ecology_perception_parallel_v1_s1,S1,patchy_high,64,94,eval_mean_mean_resource_fraction,0.1283309807006854
ecology_perception_parallel_v1_s1,S1,patchy_high,64,94,eval_mean_mean_reserve_welfare,0.7233354420032754
ecology_perception_parallel_v1_s1,S1,patchy_high,64,94,final_wealth_gini,0.4931015022581726
ecology_perception_parallel_v1_s1,S1,split_high_low,64,94,eval_mean_mean_resource_fraction,0.10956301941438783
ecology_perception_parallel_v1_s1,S1,split_high_low,64,94,eval_mean_mean_reserve_welfare,0.665924926515874
ecology_perception_parallel_v1_s1,S1,split_high_low,64,94,final_wealth_gini,0.6023432139101454
ecology_perception_parallel_v1_s1,S1,uniform_high,64,95,eval_mean_mean_resource_fraction,0.1719441029165775
ecology_perception_parallel_v1_s1,S1,uniform_high,64,95,eval_mean_mean_reserve_welfare,0.792419206624914
ecology_perception_parallel_v1_s1,S1,uniform_high,64,95,final_wealth_gini,0.4695020468146598
ecology_perception_parallel_v1_s1,S1,patchy_high,64,95,eval_mean_mean_resource_fraction,0.14790254714806075
ecology_perception_parallel_v1_s1,S1,patchy_high,64,95,eval_mean_mean_reserve_welfare,0.7365014455138709
ecology_perception_parallel_v1_s1,S1,patchy_high,64,95,final_wealth_gini,0.4862486331719993
ecology_perception_parallel_v1_s1,S1,split_high_low,64,95,eval_mean_mean_resource_fraction,0.11792737518813509
ecology_perception_parallel_v1_s1,S1,split_high_low,64,95,eval_mean_mean_reserve_welfare,0.7479323891555829
ecology_perception_parallel_v1_s1,S1,split_high_low,64,95,final_wealth_gini,0.5150968727062224
ecology_perception_parallel_v1_s1,S1,uniform_high,64,96,eval_mean_mean_resource_fraction,0.11864574772698865
ecology_perception_parallel_v1_s1,S1,uniform_high,64,96,eval_mean_mean_reserve_welfare,0.7949295301034189
ecology_perception_parallel_v1_s1,S1,uniform_high,64,96,final_wealth_gini,0.4125665514490098
ecology_perception_parallel_v1_s1,S1,patchy_high,64,96,eval_mean_mean_resource_fraction,0.16393427196985721
ecology_perception_parallel_v1_s1,S1,patchy_high,64,96,eval_mean_mean_reserve_welfare,0.8457810635548717
ecology_perception_parallel_v1_s1,S1,patchy_high,64,96,final_wealth_gini,0.4520131714492197
ecology_perception_parallel_v1_s1,S1,split_high_low,64,96,eval_mean_mean_resource_fraction,0.15779902913633936
ecology_perception_parallel_v1_s1,S1,split_high_low,64,96,eval_mean_mean_reserve_welfare,0.7131862878131079
ecology_perception_parallel_v1_s1,S1,split_high_low,64,96,final_wealth_gini,0.5318603227547305
ecology_perception_parallel_v1_s1,S1,uniform_high,64,97,eval_mean_mean_resource_fraction,0.07470136620772073
ecology_perception_parallel_v1_s1,S1,uniform_high,64,97,eval_mean_mean_reserve_welfare,0.6753099105095501
ecology_perception_parallel_v1_s1,S1,uniform_high,64,97,final_wealth_gini,0.39109254252668535
ecology_perception_parallel_v1_s1,S1,patchy_high,64,97,eval_mean_mean_resource_fraction,0.111530401431385
ecology_perception_parallel_v1_s1,S1,patchy_high,64,97,eval_mean_mean_reserve_welfare,0.866319361152706
ecology_perception_parallel_v1_s1,S1,patchy_high,64,97,final_wealth_gini,0.3946203931087853
ecology_perception_parallel_v1_s1,S1,split_high_low,64,97,eval_mean_mean_resource_fraction,0.09091855734045823
ecology_perception_parallel_v1_s1,S1,split_high_low,64,97,eval_mean_mean_reserve_welfare,0.644371066110745
ecology_perception_parallel_v1_s1,S1,split_high_low,64,97,final_wealth_gini,0.587879398280235
ecology_perception_parallel_v1_s1,S1,uniform_high,64,98,eval_mean_mean_resource_fraction,0.08956013417017002
ecology_perception_parallel_v1_s1,S1,uniform_high,64,98,eval_mean_mean_reserve_welfare,0.6750752577542374
ecology_perception_parallel_v1_s1,S1,uniform_high,64,98,final_wealth_gini,0.511035425969925
ecology_perception_parallel_v1_s1,S1,patchy_high,64,98,eval_mean_mean_resource_fraction,0.10030476833992341
ecology_perception_parallel_v1_s1,S1,patchy_high,64,98,eval_mean_mean_reserve_welfare,0.6920888741711064
ecology_perception_parallel_v1_s1,S1,patchy_high,64,98,final_wealth_gini,0.5321203047973566
ecology_perception_parallel_v1_s1,S1,split_high_low,64,98,eval_mean_mean_resource_fraction,0.10814208061293934
ecology_perception_parallel_v1_s1,S1,split_high_low,64,98,eval_mean_mean_reserve_welfare,0.5879995269589627
ecology_perception_parallel_v1_s1,S1,split_high_low,64,98,final_wealth_gini,0.6694669962892346
ecology_perception_parallel_v1_s1,S1,uniform_high,64,99,eval_mean_mean_resource_fraction,0.1314246049571102
ecology_perception_parallel_v1_s1,S1,uniform_high,64,99,eval_mean_mean_reserve_welfare,0.8158153560635706
ecology_perception_parallel_v1_s1,S1,uniform_high,64,99,final_wealth_gini,0.4188963677289421
ecology_perception_parallel_v1_s1,S1,patchy_high,64,99,eval_mean_mean_resource_fraction,0.12562862352588433
ecology_perception_parallel_v1_s1,S1,patchy_high,64,99,eval_mean_mean_reserve_welfare,0.7846655674793078
ecology_perception_parallel_v1_s1,S1,patchy_high,64,99,final_wealth_gini,0.4558982180284308
ecology_perception_parallel_v1_s1,S1,split_high_low,64,99,eval_mean_mean_resource_fraction,0.12751383477652972
ecology_perception_parallel_v1_s1,S1,split_high_low,64,99,eval_mean_mean_reserve_welfare,0.7214155265186181
ecology_perception_parallel_v1_s1,S1,split_high_low,64,99,final_wealth_gini,0.5915186869907214
ecology_perception_parallel_v1_s2,S2,uniform_high,64,0,eval_mean_mean_resource_fraction,0.06850409158956991
ecology_perception_parallel_v1_s2,S2,uniform_high,64,0,eval_mean_mean_reserve_welfare,0.6609621904005294
ecology_perception_parallel_v1_s2,S2,uniform_high,64,0,final_wealth_gini,0.3742448171847341
ecology_perception_parallel_v1_s2,S2,patchy_high,64,0,eval_mean_mean_resource_fraction,0.06878352914012742
ecology_perception_parallel_v1_s2,S2,patchy_high,64,0,eval_mean_mean_reserve_welfare,0.6567336977486968
ecology_perception_parallel_v1_s2,S2,patchy_high,64,0,final_wealth_gini,0.3617740578708666
ecology_perception_parallel_v1_s2,S2,split_high_low,64,0,eval_mean_mean_resource_fraction,0.12923913350706895
ecology_perception_parallel_v1_s2,S2,split_high_low,64,0,eval_mean_mean_reserve_welfare,0.7002867639260201
ecology_perception_parallel_v1_s2,S2,split_high_low,64,0,final_wealth_gini,0.621463227460322
ecology_perception_parallel_v1_s2,S2,uniform_high,64,1,eval_mean_mean_resource_fraction,0.06380738979053502
ecology_perception_parallel_v1_s2,S2,uniform_high,64,1,eval_mean_mean_reserve_welfare,0.5687694559191008
ecology_perception_parallel_v1_s2,S2,uniform_high,64,1,final_wealth_gini,0.46810164992618897
ecology_perception_parallel_v1_s2,S2,patchy_high,64,1,eval_mean_mean_resource_fraction,0.11643209224334289
ecology_perception_parallel_v1_s2,S2,patchy_high,64,1,eval_mean_mean_reserve_welfare,0.8028883865835017
ecology_perception_parallel_v1_s2,S2,patchy_high,64,1,final_wealth_gini,0.4353462617394843
ecology_perception_parallel_v1_s2,S2,split_high_low,64,1,eval_mean_mean_resource_fraction,0.04887150085728273
ecology_perception_parallel_v1_s2,S2,split_high_low,64,1,eval_mean_mean_reserve_welfare,0.5964549440126107
ecology_perception_parallel_v1_s2,S2,split_high_low,64,1,final_wealth_gini,0.508110072862755
ecology_perception_parallel_v1_s2,S2,uniform_high,64,2,eval_mean_mean_resource_fraction,0.0694211207973908
ecology_perception_parallel_v1_s2,S2,uniform_high,64,2,eval_mean_mean_reserve_welfare,0.6538094007783729
ecology_perception_parallel_v1_s2,S2,uniform_high,64,2,final_wealth_gini,0.39806935275190036
ecology_perception_parallel_v1_s2,S2,patchy_high,64,2,eval_mean_mean_resource_fraction,0.09080200615770476
ecology_perception_parallel_v1_s2,S2,patchy_high,64,2,eval_mean_mean_reserve_welfare,0.7277745396751036
ecology_perception_parallel_v1_s2,S2,patchy_high,64,2,final_wealth_gini,0.42689563723196655
ecology_perception_parallel_v1_s2,S2,split_high_low,64,2,eval_mean_mean_resource_fraction,0.09541856462127282
ecology_perception_parallel_v1_s2,S2,split_high_low,64,2,eval_mean_mean_reserve_welfare,0.6843965556547388
ecology_perception_parallel_v1_s2,S2,split_high_low,64,2,final_wealth_gini,0.5567084900194663
ecology_perception_parallel_v1_s2,S2,uniform_high,64,3,eval_mean_mean_resource_fraction,0.09117306572137256
ecology_perception_parallel_v1_s2,S2,uniform_high,64,3,eval_mean_mean_reserve_welfare,0.7583315511647549
ecology_perception_parallel_v1_s2,S2,uniform_high,64,3,final_wealth_gini,0.4390940548196842
ecology_perception_parallel_v1_s2,S2,patchy_high,64,3,eval_mean_mean_resource_fraction,0.08096791676597442
ecology_perception_parallel_v1_s2,S2,patchy_high,64,3,eval_mean_mean_reserve_welfare,0.6789230925357885
ecology_perception_parallel_v1_s2,S2,patchy_high,64,3,final_wealth_gini,0.4796756871091912
ecology_perception_parallel_v1_s2,S2,split_high_low,64,3,eval_mean_mean_resource_fraction,0.1747458558312019
ecology_perception_parallel_v1_s2,S2,split_high_low,64,3,eval_mean_mean_reserve_welfare,0.6159899787385293
ecology_perception_parallel_v1_s2,S2,split_high_low,64,3,final_wealth_gini,0.6723209031490458
ecology_perception_parallel_v1_s2,S2,uniform_high,64,4,eval_mean_mean_resource_fraction,0.10010870292303672
ecology_perception_parallel_v1_s2,S2,uniform_high,64,4,eval_mean_mean_reserve_welfare,0.7750393405643943
ecology_perception_parallel_v1_s2,S2,uniform_high,64,4,final_wealth_gini,0.397017103532737
ecology_perception_parallel_v1_s2,S2,patchy_high,64,4,eval_mean_mean_resource_fraction,0.11752113707380575
ecology_perception_parallel_v1_s2,S2,patchy_high,64,4,eval_mean_mean_reserve_welfare,0.792116688053909
ecology_perception_parallel_v1_s2,S2,patchy_high,64,4,final_wealth_gini,0.4030514956643929
ecology_perception_parallel_v1_s2,S2,split_high_low,64,4,eval_mean_mean_resource_fraction,0.13251603643395185
ecology_perception_parallel_v1_s2,S2,split_high_low,64,4,eval_mean_mean_reserve_welfare,0.6539118402007034
ecology_perception_parallel_v1_s2,S2,split_high_low,64,4,final_wealth_gini,0.6290929600829802
ecology_perception_parallel_v1_s2,S2,uniform_high,64,5,eval_mean_mean_resource_fraction,0.10057657607898958
ecology_perception_parallel_v1_s2,S2,uniform_high,64,5,eval_mean_mean_reserve_welfare,0.7439617753452975
ecology_perception_parallel_v1_s2,S2,uniform_high,64,5,final_wealth_gini,0.4543745113647888
ecology_perception_parallel_v1_s2,S2,patchy_high,64,5,eval_mean_mean_resource_fraction,0.13876024287744906
ecology_perception_parallel_v1_s2,S2,patchy_high,64,5,eval_mean_mean_reserve_welfare,0.7824066775815123
ecology_perception_parallel_v1_s2,S2,patchy_high,64,5,final_wealth_gini,0.487817886333894
ecology_perception_parallel_v1_s2,S2,split_high_low,64,5,eval_mean_mean_resource_fraction,0.08767318453285285
ecology_perception_parallel_v1_s2,S2,split_high_low,64,5,eval_mean_mean_reserve_welfare,0.5977438322333862
ecology_perception_parallel_v1_s2,S2,split_high_low,64,5,final_wealth_gini,0.6165196472526429
ecology_perception_parallel_v1_s2,S2,uniform_high,64,6,eval_mean_mean_resource_fraction,0.10579035162351838
ecology_perception_parallel_v1_s2,S2,uniform_high,64,6,eval_mean_mean_reserve_welfare,0.6925270148249654
ecology_perception_parallel_v1_s2,S2,uniform_high,64,6,final_wealth_gini,0.4995606057053308
ecology_perception_parallel_v1_s2,S2,patchy_high,64,6,eval_mean_mean_resource_fraction,0.1371218226276847
ecology_perception_parallel_v1_s2,S2,patchy_high,64,6,eval_mean_mean_reserve_welfare,0.7276489439439555
ecology_perception_parallel_v1_s2,S2,patchy_high,64,6,final_wealth_gini,0.47546577173763693
ecology_perception_parallel_v1_s2,S2,split_high_low,64,6,eval_mean_mean_resource_fraction,0.12380083737591108
ecology_perception_parallel_v1_s2,S2,split_high_low,64,6,eval_mean_mean_reserve_welfare,0.6908336675536474
ecology_perception_parallel_v1_s2,S2,split_high_low,64,6,final_wealth_gini,0.5727235583190347
ecology_perception_parallel_v1_s2,S2,uniform_high,64,7,eval_mean_mean_resource_fraction,0.06620954155105002
ecology_perception_parallel_v1_s2,S2,uniform_high,64,7,eval_mean_mean_reserve_welfare,0.6609665930706865
ecology_perception_parallel_v1_s2,S2,uniform_high,64,7,final_wealth_gini,0.45489217649710256
ecology_perception_parallel_v1_s2,S2,patchy_high,64,7,eval_mean_mean_resource_fraction,0.13095205442873437
ecology_perception_parallel_v1_s2,S2,patchy_high,64,7,eval_mean_mean_reserve_welfare,0.816143685630652
ecology_perception_parallel_v1_s2,S2,patchy_high,64,7,final_wealth_gini,0.43832371005826176
ecology_perception_parallel_v1_s2,S2,split_high_low,64,7,eval_mean_mean_resource_fraction,0.17457513208235298
ecology_perception_parallel_v1_s2,S2,split_high_low,64,7,eval_mean_mean_reserve_welfare,0.6575582234715667
ecology_perception_parallel_v1_s2,S2,split_high_low,64,7,final_wealth_gini,0.6312308020606427
ecology_perception_parallel_v1_s2,S2,uniform_high,64,8,eval_mean_mean_resource_fraction,0.15641120279009005
ecology_perception_parallel_v1_s2,S2,uniform_high,64,8,eval_mean_mean_reserve_welfare,0.671619561065713
ecology_perception_parallel_v1_s2,S2,uniform_high,64,8,final_wealth_gini,0.5843040742418202
ecology_perception_parallel_v1_s2,S2,patchy_high,64,8,eval_mean_mean_resource_fraction,0.14948155342468608
ecology_perception_parallel_v1_s2,S2,patchy_high,64,8,eval_mean_mean_reserve_welfare,0.650330079767463
ecology_perception_parallel_v1_s2,S2,patchy_high,64,8,final_wealth_gini,0.5963537027948165
ecology_perception_parallel_v1_s2,S2,split_high_low,64,8,eval_mean_mean_resource_fraction,0.1256449318809172
ecology_perception_parallel_v1_s2,S2,split_high_low,64,8,eval_mean_mean_reserve_welfare,0.7189713562734117
ecology_perception_parallel_v1_s2,S2,split_high_low,64,8,final_wealth_gini,0.5337036322399691
ecology_perception_parallel_v1_s2,S2,uniform_high,64,9,eval_mean_mean_resource_fraction,0.09866782175996411
ecology_perception_parallel_v1_s2,S2,uniform_high,64,9,eval_mean_mean_reserve_welfare,0.6913468868363237
ecology_perception_parallel_v1_s2,S2,uniform_high,64,9,final_wealth_gini,0.49797900548092877
ecology_perception_parallel_v1_s2,S2,patchy_high,64,9,eval_mean_mean_resource_fraction,0.14691159547613045
ecology_perception_parallel_v1_s2,S2,patchy_high,64,9,eval_mean_mean_reserve_welfare,0.8110761246803183
ecology_perception_parallel_v1_s2,S2,patchy_high,64,9,final_wealth_gini,0.4555833033981511
ecology_perception_parallel_v1_s2,S2,split_high_low,64,9,eval_mean_mean_resource_fraction,0.1364187959256017
ecology_perception_parallel_v1_s2,S2,split_high_low,64,9,eval_mean_mean_reserve_welfare,0.6250892279615363
ecology_perception_parallel_v1_s2,S2,split_high_low,64,9,final_wealth_gini,0.6413861260430433
ecology_perception_parallel_v1_s2,S2,uniform_high,64,10,eval_mean_mean_resource_fraction,0.13615628689657475
ecology_perception_parallel_v1_s2,S2,uniform_high,64,10,eval_mean_mean_reserve_welfare,0.8022469969079502
ecology_perception_parallel_v1_s2,S2,uniform_high,64,10,final_wealth_gini,0.4360930816038384
ecology_perception_parallel_v1_s2,S2,patchy_high,64,10,eval_mean_mean_resource_fraction,0.12576550621901222
ecology_perception_parallel_v1_s2,S2,patchy_high,64,10,eval_mean_mean_reserve_welfare,0.7919632614933332
ecology_perception_parallel_v1_s2,S2,patchy_high,64,10,final_wealth_gini,0.43566265236524737
ecology_perception_parallel_v1_s2,S2,split_high_low,64,10,eval_mean_mean_resource_fraction,0.1302249731134578
ecology_perception_parallel_v1_s2,S2,split_high_low,64,10,eval_mean_mean_reserve_welfare,0.6417788491549723
ecology_perception_parallel_v1_s2,S2,split_high_low,64,10,final_wealth_gini,0.6016340512653435
ecology_perception_parallel_v1_s2,S2,uniform_high,64,11,eval_mean_mean_resource_fraction,0.08397918330523536
ecology_perception_parallel_v1_s2,S2,uniform_high,64,11,eval_mean_mean_reserve_welfare,0.5912786415760611
ecology_perception_parallel_v1_s2,S2,uniform_high,64,11,final_wealth_gini,0.5342211589500687
ecology_perception_parallel_v1_s2,S2,patchy_high,64,11,eval_mean_mean_resource_fraction,0.0899554498197497
ecology_perception_parallel_v1_s2,S2,patchy_high,64,11,eval_mean_mean_reserve_welfare,0.6250831616859178
ecology_perception_parallel_v1_s2,S2,patchy_high,64,11,final_wealth_gini,0.5087300659487677
ecology_perception_parallel_v1_s2,S2,split_high_low,64,11,eval_mean_mean_resource_fraction,0.08764475789768608
ecology_perception_parallel_v1_s2,S2,split_high_low,64,11,eval_mean_mean_reserve_welfare,0.654407286381421
ecology_perception_parallel_v1_s2,S2,split_high_low,64,11,final_wealth_gini,0.5918795766919367
ecology_perception_parallel_v1_s2,S2,uniform_high,64,12,eval_mean_mean_resource_fraction,0.08845257916095993
ecology_perception_parallel_v1_s2,S2,uniform_high,64,12,eval_mean_mean_reserve_welfare,0.7044581498988809
ecology_perception_parallel_v1_s2,S2,uniform_high,64,12,final_wealth_gini,0.467574596830338
ecology_perception_parallel_v1_s2,S2,patchy_high,64,12,eval_mean_mean_resource_fraction,0.10680972008356614
ecology_perception_parallel_v1_s2,S2,patchy_high,64,12,eval_mean_mean_reserve_welfare,0.744215274402286
ecology_perception_parallel_v1_s2,S2,patchy_high,64,12,final_wealth_gini,0.4460873524907514
ecology_perception_parallel_v1_s2,S2,split_high_low,64,12,eval_mean_mean_resource_fraction,0.17939221148601053
ecology_perception_parallel_v1_s2,S2,split_high_low,64,12,eval_mean_mean_reserve_welfare,0.586274146127779
ecology_perception_parallel_v1_s2,S2,split_high_low,64,12,final_wealth_gini,0.7204363961340319
ecology_perception_parallel_v1_s2,S2,uniform_high,64,13,eval_mean_mean_resource_fraction,0.12062024467313794
ecology_perception_parallel_v1_s2,S2,uniform_high,64,13,eval_mean_mean_reserve_welfare,0.6792656681504725
ecology_perception_parallel_v1_s2,S2,uniform_high,64,13,final_wealth_gini,0.5208292372352488
ecology_perception_parallel_v1_s2,S2,patchy_high,64,13,eval_mean_mean_resource_fraction,0.09379934984068793
ecology_perception_parallel_v1_s2,S2,patchy_high,64,13,eval_mean_mean_reserve_welfare,0.6718214031488591
ecology_perception_parallel_v1_s2,S2,patchy_high,64,13,final_wealth_gini,0.5020853449313802
ecology_perception_parallel_v1_s2,S2,split_high_low,64,13,eval_mean_mean_resource_fraction,0.13764652910205621
ecology_perception_parallel_v1_s2,S2,split_high_low,64,13,eval_mean_mean_reserve_welfare,0.601096492427784
ecology_perception_parallel_v1_s2,S2,split_high_low,64,13,final_wealth_gini,0.6859063568376302
ecology_perception_parallel_v1_s2,S2,uniform_high,64,14,eval_mean_mean_resource_fraction,0.07639198509661396
ecology_perception_parallel_v1_s2,S2,uniform_high,64,14,eval_mean_mean_reserve_welfare,0.7126911796296314
ecology_perception_parallel_v1_s2,S2,uniform_high,64,14,final_wealth_gini,0.4143164340967813
ecology_perception_parallel_v1_s2,S2,patchy_high,64,14,eval_mean_mean_resource_fraction,0.08901550380762971
ecology_perception_parallel_v1_s2,S2,patchy_high,64,14,eval_mean_mean_reserve_welfare,0.7752098683812424
ecology_perception_parallel_v1_s2,S2,patchy_high,64,14,final_wealth_gini,0.4135467576946581
ecology_perception_parallel_v1_s2,S2,split_high_low,64,14,eval_mean_mean_resource_fraction,0.10633113920938128
ecology_perception_parallel_v1_s2,S2,split_high_low,64,14,eval_mean_mean_reserve_welfare,0.5770111844061155
ecology_perception_parallel_v1_s2,S2,split_high_low,64,14,final_wealth_gini,0.6942729751186458
ecology_perception_parallel_v1_s2,S2,uniform_high,64,15,eval_mean_mean_resource_fraction,0.10175471739345943
ecology_perception_parallel_v1_s2,S2,uniform_high,64,15,eval_mean_mean_reserve_welfare,0.7568835938446498
ecology_perception_parallel_v1_s2,S2,uniform_high,64,15,final_wealth_gini,0.4320959985999282
ecology_perception_parallel_v1_s2,S2,patchy_high,64,15,eval_mean_mean_resource_fraction,0.0973810505957046
ecology_perception_parallel_v1_s2,S2,patchy_high,64,15,eval_mean_mean_reserve_welfare,0.7052705301112546
ecology_perception_parallel_v1_s2,S2,patchy_high,64,15,final_wealth_gini,0.4709160414501987
ecology_perception_parallel_v1_s2,S2,split_high_low,64,15,eval_mean_mean_resource_fraction,0.10430745618008468
ecology_perception_parallel_v1_s2,S2,split_high_low,64,15,eval_mean_mean_reserve_welfare,0.6083502505876853
ecology_perception_parallel_v1_s2,S2,split_high_low,64,15,final_wealth_gini,0.640475799125221
ecology_perception_parallel_v1_s2,S2,uniform_high,64,16,eval_mean_mean_resource_fraction,0.12560596528842685
ecology_perception_parallel_v1_s2,S2,uniform_high,64,16,eval_mean_mean_reserve_welfare,0.7852128620604883
ecology_perception_parallel_v1_s2,S2,uniform_high,64,16,final_wealth_gini,0.43884079734314074
ecology_perception_parallel_v1_s2,S2,patchy_high,64,16,eval_mean_mean_resource_fraction,0.08852716756286723
ecology_perception_parallel_v1_s2,S2,patchy_high,64,16,eval_mean_mean_reserve_welfare,0.6655052328917636
ecology_perception_parallel_v1_s2,S2,patchy_high,64,16,final_wealth_gini,0.47449978206572285
ecology_perception_parallel_v1_s2,S2,split_high_low,64,16,eval_mean_mean_resource_fraction,0.0868790427915003
ecology_perception_parallel_v1_s2,S2,split_high_low,64,16,eval_mean_mean_reserve_welfare,0.5326671525146643
ecology_perception_parallel_v1_s2,S2,split_high_low,64,16,final_wealth_gini,0.6756044262959942
ecology_perception_parallel_v1_s2,S2,uniform_high,64,17,eval_mean_mean_resource_fraction,0.126774325533767
ecology_perception_parallel_v1_s2,S2,uniform_high,64,17,eval_mean_mean_reserve_welfare,0.697305341301625
ecology_perception_parallel_v1_s2,S2,uniform_high,64,17,final_wealth_gini,0.5137922817381542
ecology_perception_parallel_v1_s2,S2,patchy_high,64,17,eval_mean_mean_resource_fraction,0.0988164349915505
ecology_perception_parallel_v1_s2,S2,patchy_high,64,17,eval_mean_mean_reserve_welfare,0.624004560847177
ecology_perception_parallel_v1_s2,S2,patchy_high,64,17,final_wealth_gini,0.5464152621427334
ecology_perception_parallel_v1_s2,S2,split_high_low,64,17,eval_mean_mean_resource_fraction,0.17634495745011783
ecology_perception_parallel_v1_s2,S2,split_high_low,64,17,eval_mean_mean_reserve_welfare,0.6619565457163694
ecology_perception_parallel_v1_s2,S2,split_high_low,64,17,final_wealth_gini,0.6449606009211886
ecology_perception_parallel_v1_s2,S2,uniform_high,64,18,eval_mean_mean_resource_fraction,0.11659665479111636
ecology_perception_parallel_v1_s2,S2,uniform_high,64,18,eval_mean_mean_reserve_welfare,0.807281611771307
ecology_perception_parallel_v1_s2,S2,uniform_high,64,18,final_wealth_gini,0.3952208591016346
ecology_perception_parallel_v1_s2,S2,patchy_high,64,18,eval_mean_mean_resource_fraction,0.07134201104911153
ecology_perception_parallel_v1_s2,S2,patchy_high,64,18,eval_mean_mean_reserve_welfare,0.7140754484042359
ecology_perception_parallel_v1_s2,S2,patchy_high,64,18,final_wealth_gini,0.37955098958387623
ecology_perception_parallel_v1_s2,S2,split_high_low,64,18,eval_mean_mean_resource_fraction,0.09978177105858918
ecology_perception_parallel_v1_s2,S2,split_high_low,64,18,eval_mean_mean_reserve_welfare,0.6533827801991461
ecology_perception_parallel_v1_s2,S2,split_high_low,64,18,final_wealth_gini,0.5793608807743338
ecology_perception_parallel_v1_s2,S2,uniform_high,64,19,eval_mean_mean_resource_fraction,0.059770739676886495
ecology_perception_parallel_v1_s2,S2,uniform_high,64,19,eval_mean_mean_reserve_welfare,0.6557713056270316
ecology_perception_parallel_v1_s2,S2,uniform_high,64,19,final_wealth_gini,0.3926462018778498
ecology_perception_parallel_v1_s2,S2,patchy_high,64,19,eval_mean_mean_resource_fraction,0.10663150155945417
ecology_perception_parallel_v1_s2,S2,patchy_high,64,19,eval_mean_mean_reserve_welfare,0.7615428115973798
ecology_perception_parallel_v1_s2,S2,patchy_high,64,19,final_wealth_gini,0.45326338985766634
ecology_perception_parallel_v1_s2,S2,split_high_low,64,19,eval_mean_mean_resource_fraction,0.09896267322612759
ecology_perception_parallel_v1_s2,S2,split_high_low,64,19,eval_mean_mean_reserve_welfare,0.6538996200621049
ecology_perception_parallel_v1_s2,S2,split_high_low,64,19,final_wealth_gini,0.6216930082754297
ecology_perception_parallel_v1_s2,S2,uniform_high,64,20,eval_mean_mean_resource_fraction,0.10419362466179218
ecology_perception_parallel_v1_s2,S2,uniform_high,64,20,eval_mean_mean_reserve_welfare,0.6852061314349971
ecology_perception_parallel_v1_s2,S2,uniform_high,64,20,final_wealth_gini,0.4965687717673437
ecology_perception_parallel_v1_s2,S2,patchy_high,64,20,eval_mean_mean_resource_fraction,0.09503589209168613
ecology_perception_parallel_v1_s2,S2,patchy_high,64,20,eval_mean_mean_reserve_welfare,0.7409325910283481
ecology_perception_parallel_v1_s2,S2,patchy_high,64,20,final_wealth_gini,0.47167298548823444
ecology_perception_parallel_v1_s2,S2,split_high_low,64,20,eval_mean_mean_resource_fraction,0.11168925062043365
ecology_perception_parallel_v1_s2,S2,split_high_low,64,20,eval_mean_mean_reserve_welfare,0.5952875566603291
ecology_perception_parallel_v1_s2,S2,split_high_low,64,20,final_wealth_gini,0.6577845855910547
ecology_perception_parallel_v1_s2,S2,uniform_high,64,21,eval_mean_mean_resource_fraction,0.1630914814876446
ecology_perception_parallel_v1_s2,S2,uniform_high,64,21,eval_mean_mean_reserve_welfare,0.8846875428955948
ecology_perception_parallel_v1_s2,S2,uniform_high,64,21,final_wealth_gini,0.4333237820785991
ecology_perception_parallel_v1_s2,S2,patchy_high,64,21,eval_mean_mean_resource_fraction,0.13508614125108098
ecology_perception_parallel_v1_s2,S2,patchy_high,64,21,eval_mean_mean_reserve_welfare,0.7677272862866693
ecology_perception_parallel_v1_s2,S2,patchy_high,64,21,final_wealth_gini,0.45958689534532193
ecology_perception_parallel_v1_s2,S2,split_high_low,64,21,eval_mean_mean_resource_fraction,0.09043730456493486
ecology_perception_parallel_v1_s2,S2,split_high_low,64,21,eval_mean_mean_reserve_welfare,0.6151280075366797
ecology_perception_parallel_v1_s2,S2,split_high_low,64,21,final_wealth_gini,0.6308419536124361
ecology_perception_parallel_v1_s2,S2,uniform_high,64,22,eval_mean_mean_resource_fraction,0.09260868538421446
ecology_perception_parallel_v1_s2,S2,uniform_high,64,22,eval_mean_mean_reserve_welfare,0.743876232692889
ecology_perception_parallel_v1_s2,S2,uniform_high,64,22,final_wealth_gini,0.43017794878721194
ecology_perception_parallel_v1_s2,S2,patchy_high,64,22,eval_mean_mean_resource_fraction,0.08891149515571777
ecology_perception_parallel_v1_s2,S2,patchy_high,64,22,eval_mean_mean_reserve_welfare,0.8131870981898844
ecology_perception_parallel_v1_s2,S2,patchy_high,64,22,final_wealth_gini,0.3787834391797411
ecology_perception_parallel_v1_s2,S2,split_high_low,64,22,eval_mean_mean_resource_fraction,0.11073386949150744
ecology_perception_parallel_v1_s2,S2,split_high_low,64,22,eval_mean_mean_reserve_welfare,0.6136175701178337
ecology_perception_parallel_v1_s2,S2,split_high_low,64,22,final_wealth_gini,0.6578641287375473
ecology_perception_parallel_v1_s2,S2,uniform_high,64,23,eval_mean_mean_resource_fraction,0.12751650513199206
ecology_perception_parallel_v1_s2,S2,uniform_high,64,23,eval_mean_mean_reserve_welfare,0.7868927141781679
ecology_perception_parallel_v1_s2,S2,uniform_high,64,23,final_wealth_gini,0.44700866191865263
ecology_perception_parallel_v1_s2,S2,patchy_high,64,23,eval_mean_mean_resource_fraction,0.10763021501081842
ecology_perception_parallel_v1_s2,S2,patchy_high,64,23,eval_mean_mean_reserve_welfare,0.7556132313100977
ecology_perception_parallel_v1_s2,S2,patchy_high,64,23,final_wealth_gini,0.4560991002071104
ecology_perception_parallel_v1_s2,S2,split_high_low,64,23,eval_mean_mean_resource_fraction,0.09598591363703593
ecology_perception_parallel_v1_s2,S2,split_high_low,64,23,eval_mean_mean_reserve_welfare,0.6270294755722
ecology_perception_parallel_v1_s2,S2,split_high_low,64,23,final_wealth_gini,0.6030743523013684
ecology_perception_parallel_v1_s2,S2,uniform_high,64,24,eval_mean_mean_resource_fraction,0.08846116648704912
ecology_perception_parallel_v1_s2,S2,uniform_high,64,24,eval_mean_mean_reserve_welfare,0.7714659021040307
ecology_perception_parallel_v1_s2,S2,uniform_high,64,24,final_wealth_gini,0.40560319646415177
ecology_perception_parallel_v1_s2,S2,patchy_high,64,24,eval_mean_mean_resource_fraction,0.07599365078096165
ecology_perception_parallel_v1_s2,S2,patchy_high,64,24,eval_mean_mean_reserve_welfare,0.6837433698070811
ecology_perception_parallel_v1_s2,S2,patchy_high,64,24,final_wealth_gini,0.4338995176692295
ecology_perception_parallel_v1_s2,S2,split_high_low,64,24,eval_mean_mean_resource_fraction,0.09215040283034016
ecology_perception_parallel_v1_s2,S2,split_high_low,64,24,eval_mean_mean_reserve_welfare,0.673207959622991
ecology_perception_parallel_v1_s2,S2,split_high_low,64,24,final_wealth_gini,0.5522746320173741
ecology_perception_parallel_v1_s2,S2,uniform_high,64,25,eval_mean_mean_resource_fraction,0.10363967397252435
ecology_perception_parallel_v1_s2,S2,uniform_high,64,25,eval_mean_mean_reserve_welfare,0.7438687104425996
ecology_perception_parallel_v1_s2,S2,uniform_high,64,25,final_wealth_gini,0.4783335487328326
ecology_perception_parallel_v1_s2,S2,patchy_high,64,25,eval_mean_mean_resource_fraction,0.07710519617533718
ecology_perception_parallel_v1_s2,S2,patchy_high,64,25,eval_mean_mean_reserve_welfare,0.6959512835170699
ecology_perception_parallel_v1_s2,S2,patchy_high,64,25,final_wealth_gini,0.4473289997244645
ecology_perception_parallel_v1_s2,S2,split_high_low,64,25,eval_mean_mean_resource_fraction,0.13802423681829892
ecology_perception_parallel_v1_s2,S2,split_high_low,64,25,eval_mean_mean_reserve_welfare,0.6543083302726194
ecology_perception_parallel_v1_s2,S2,split_high_low,64,25,final_wealth_gini,0.6507279241058861
ecology_perception_parallel_v1_s2,S2,uniform_high,64,26,eval_mean_mean_resource_fraction,0.09933206051296119
ecology_perception_parallel_v1_s2,S2,uniform_high,64,26,eval_mean_mean_reserve_welfare,0.743423735590776
ecology_perception_parallel_v1_s2,S2,uniform_high,64,26,final_wealth_gini,0.42269516069012836
ecology_perception_parallel_v1_s2,S2,patchy_high,64,26,eval_mean_mean_resource_fraction,0.10953643889092819
ecology_perception_parallel_v1_s2,S2,patchy_high,64,26,eval_mean_mean_reserve_welfare,0.7994304649734602
ecology_perception_parallel_v1_s2,S2,patchy_high,64,26,final_wealth_gini,0.41589241348047024
ecology_perception_parallel_v1_s2,S2,split_high_low,64,26,eval_mean_mean_resource_fraction,0.11847091595310404
ecology_perception_parallel_v1_s2,S2,split_high_low,64,26,eval_mean_mean_reserve_welfare,0.7378825747743852
ecology_perception_parallel_v1_s2,S2,split_high_low,64,26,final_wealth_gini,0.5649119964265721
ecology_perception_parallel_v1_s2,S2,uniform_high,64,27,eval_mean_mean_resource_fraction,0.09901352348457834
ecology_perception_parallel_v1_s2,S2,uniform_high,64,27,eval_mean_mean_reserve_welfare,0.7203203368159647
ecology_perception_parallel_v1_s2,S2,uniform_high,64,27,final_wealth_gini,0.41420687017230784
ecology_perception_parallel_v1_s2,S2,patchy_high,64,27,eval_mean_mean_resource_fraction,0.09789393979849442
ecology_perception_parallel_v1_s2,S2,patchy_high,64,27,eval_mean_mean_reserve_welfare,0.7136399576300281
ecology_perception_parallel_v1_s2,S2,patchy_high,64,27,final_wealth_gini,0.41857001253796433
ecology_perception_parallel_v1_s2,S2,split_high_low,64,27,eval_mean_mean_resource_fraction,0.12879494674853095
ecology_perception_parallel_v1_s2,S2,split_high_low,64,27,eval_mean_mean_reserve_welfare,0.6916064818193866
ecology_perception_parallel_v1_s2,S2,split_high_low,64,27,final_wealth_gini,0.606867423988106
ecology_perception_parallel_v1_s2,S2,uniform_high,64,28,eval_mean_mean_resource_fraction,0.11596515741486729
ecology_perception_parallel_v1_s2,S2,uniform_high,64,28,eval_mean_mean_reserve_welfare,0.7737442010992106
ecology_perception_parallel_v1_s2,S2,uniform_high,64,28,final_wealth_gini,0.4762759814226809
ecology_perception_parallel_v1_s2,S2,patchy_high,64,28,eval_mean_mean_resource_fraction,0.12739318034834815
ecology_perception_parallel_v1_s2,S2,patchy_high,64,28,eval_mean_mean_reserve_welfare,0.8282439624052729
ecology_perception_parallel_v1_s2,S2,patchy_high,64,28,final_wealth_gini,0.4415940434988104
ecology_perception_parallel_v1_s2,S2,split_high_low,64,28,eval_mean_mean_resource_fraction,0.17808982668364978
ecology_perception_parallel_v1_s2,S2,split_high_low,64,28,eval_mean_mean_reserve_welfare,0.608761769646427
ecology_perception_parallel_v1_s2,S2,split_high_low,64,28,final_wealth_gini,0.6856769052063751
ecology_perception_parallel_v1_s2,S2,uniform_high,64,29,eval_mean_mean_resource_fraction,0.11590204947950238
ecology_perception_parallel_v1_s2,S2,uniform_high,64,29,eval_mean_mean_reserve_welfare,0.6814608707228931
ecology_perception_parallel_v1_s2,S2,uniform_high,64,29,final_wealth_gini,0.48443006732169325
ecology_perception_parallel_v1_s2,S2,patchy_high,64,29,eval_mean_mean_resource_fraction,0.12003779978674281
ecology_perception_parallel_v1_s2,S2,patchy_high,64,29,eval_mean_mean_reserve_welfare,0.7250965753224826
ecology_perception_parallel_v1_s2,S2,patchy_high,64,29,final_wealth_gini,0.4642811875164232
ecology_perception_parallel_v1_s2,S2,split_high_low,64,29,eval_mean_mean_resource_fraction,0.13190030176259016
ecology_perception_parallel_v1_s2,S2,split_high_low,64,29,eval_mean_mean_reserve_welfare,0.6883978099872725
ecology_perception_parallel_v1_s2,S2,split_high_low,64,29,final_wealth_gini,0.6230926263271979
ecology_perception_parallel_v1_s2,S2,uniform_high,64,30,eval_mean_mean_resource_fraction,0.11662726802403808
ecology_perception_parallel_v1_s2,S2,uniform_high,64,30,eval_mean_mean_reserve_welfare,0.8104714690283127
ecology_perception_parallel_v1_s2,S2,uniform_high,64,30,final_wealth_gini,0.4198382906163627
ecology_perception_parallel_v1_s2,S2,patchy_high,64,30,eval_mean_mean_resource_fraction,0.09204033371282162
ecology_perception_parallel_v1_s2,S2,patchy_high,64,30,eval_mean_mean_reserve_welfare,0.6819257599623231
ecology_perception_parallel_v1_s2,S2,patchy_high,64,30,final_wealth_gini,0.48574808064795083
ecology_perception_parallel_v1_s2,S2,split_high_low,64,30,eval_mean_mean_resource_fraction,0.05895728283637382
ecology_perception_parallel_v1_s2,S2,split_high_low,64,30,eval_mean_mean_reserve_welfare,0.5274596566011797
ecology_perception_parallel_v1_s2,S2,split_high_low,64,30,final_wealth_gini,0.6012745538654989
ecology_perception_parallel_v1_s2,S2,uniform_high,64,31,eval_mean_mean_resource_fraction,0.15365088503242197
ecology_perception_parallel_v1_s2,S2,uniform_high,64,31,eval_mean_mean_reserve_welfare,0.8629990147757979
ecology_perception_parallel_v1_s2,S2,uniform_high,64,31,final_wealth_gini,0.4132763223561191
ecology_perception_parallel_v1_s2,S2,patchy_high,64,31,eval_mean_mean_resource_fraction,0.13355280622947088
ecology_perception_parallel_v1_s2,S2,patchy_high,64,31,eval_mean_mean_reserve_welfare,0.8447548155365129
ecology_perception_parallel_v1_s2,S2,patchy_high,64,31,final_wealth_gini,0.41774954572237144
ecology_perception_parallel_v1_s2,S2,split_high_low,64,31,eval_mean_mean_resource_fraction,0.1680472460351401
ecology_perception_parallel_v1_s2,S2,split_high_low,64,31,eval_mean_mean_reserve_welfare,0.7640443751360771
ecology_perception_parallel_v1_s2,S2,split_high_low,64,31,final_wealth_gini,0.5711757506020143
ecology_perception_parallel_v1_s2,S2,uniform_high,64,32,eval_mean_mean_resource_fraction,0.11965739017887705
ecology_perception_parallel_v1_s2,S2,uniform_high,64,32,eval_mean_mean_reserve_welfare,0.7565485410011659
ecology_perception_parallel_v1_s2,S2,uniform_high,64,32,final_wealth_gini,0.4483458555421793
ecology_perception_parallel_v1_s2,S2,patchy_high,64,32,eval_mean_mean_resource_fraction,0.11889544172164943
ecology_perception_parallel_v1_s2,S2,patchy_high,64,32,eval_mean_mean_reserve_welfare,0.7809510428021027
ecology_perception_parallel_v1_s2,S2,patchy_high,64,32,final_wealth_gini,0.43008312894021716
ecology_perception_parallel_v1_s2,S2,split_high_low,64,32,eval_mean_mean_resource_fraction,0.1864250373428276
ecology_perception_parallel_v1_s2,S2,split_high_low,64,32,eval_mean_mean_reserve_welfare,0.6649166084257799
ecology_perception_parallel_v1_s2,S2,split_high_low,64,32,final_wealth_gini,0.6351272080777477
ecology_perception_parallel_v1_s2,S2,uniform_high,64,33,eval_mean_mean_resource_fraction,0.08902527856493649
ecology_perception_parallel_v1_s2,S2,uniform_high,64,33,eval_mean_mean_reserve_welfare,0.6986144540374455
ecology_perception_parallel_v1_s2,S2,uniform_high,64,33,final_wealth_gini,0.41027361223112613
ecology_perception_parallel_v1_s2,S2,patchy_high,64,33,eval_mean_mean_resource_fraction,0.18115281813552103
ecology_perception_parallel_v1_s2,S2,patchy_high,64,33,eval_mean_mean_reserve_welfare,0.8143280915015451
ecology_perception_parallel_v1_s2,S2,patchy_high,64,33,final_wealth_gini,0.458431442913513
ecology_perception_parallel_v1_s2,S2,split_high_low,64,33,eval_mean_mean_resource_fraction,0.11693957804144242
ecology_perception_parallel_v1_s2,S2,split_high_low,64,33,eval_mean_mean_reserve_welfare,0.6500245985009852
ecology_perception_parallel_v1_s2,S2,split_high_low,64,33,final_wealth_gini,0.6388140798954496
ecology_perception_parallel_v1_s2,S2,uniform_high,64,34,eval_mean_mean_resource_fraction,0.1371716937033255
ecology_perception_parallel_v1_s2,S2,uniform_high,64,34,eval_mean_mean_reserve_welfare,0.6479481211717155
ecology_perception_parallel_v1_s2,S2,uniform_high,64,34,final_wealth_gini,0.5471714915951471
ecology_perception_parallel_v1_s2,S2,patchy_high,64,34,eval_mean_mean_resource_fraction,0.1372026936287462
ecology_perception_parallel_v1_s2,S2,patchy_high,64,34,eval_mean_mean_reserve_welfare,0.7667070716528988
ecology_perception_parallel_v1_s2,S2,patchy_high,64,34,final_wealth_gini,0.4729998399494568
ecology_perception_parallel_v1_s2,S2,split_high_low,64,34,eval_mean_mean_resource_fraction,0.13997093864262683
ecology_perception_parallel_v1_s2,S2,split_high_low,64,34,eval_mean_mean_reserve_welfare,0.6664725074002179
ecology_perception_parallel_v1_s2,S2,split_high_low,64,34,final_wealth_gini,0.626646514134741
ecology_perception_parallel_v1_s2,S2,uniform_high,64,35,eval_mean_mean_resource_fraction,0.08142432382350309
ecology_perception_parallel_v1_s2,S2,uniform_high,64,35,eval_mean_mean_reserve_welfare,0.6601594467499343
ecology_perception_parallel_v1_s2,S2,uniform_high,64,35,final_wealth_gini,0.49540163259125136
ecology_perception_parallel_v1_s2,S2,patchy_high,64,35,eval_mean_mean_resource_fraction,0.087647083462621
ecology_perception_parallel_v1_s2,S2,patchy_high,64,35,eval_mean_mean_reserve_welfare,0.6783108159047513
ecology_perception_parallel_v1_s2,S2,patchy_high,64,35,final_wealth_gini,0.46824705533407984
ecology_perception_parallel_v1_s2,S2,split_high_low,64,35,eval_mean_mean_resource_fraction,0.1336487660574663
ecology_perception_parallel_v1_s2,S2,split_high_low,64,35,eval_mean_mean_reserve_welfare,0.626200283944628
ecology_perception_parallel_v1_s2,S2,split_high_low,64,35,final_wealth_gini,0.6425631633730506
ecology_perception_parallel_v1_s2,S2,uniform_high,64,36,eval_mean_mean_resource_fraction,0.1624508100695743
ecology_perception_parallel_v1_s2,S2,uniform_high,64,36,eval_mean_mean_reserve_welfare,0.860549872724641
ecology_perception_parallel_v1_s2,S2,uniform_high,64,36,final_wealth_gini,0.41588188477951493
ecology_perception_parallel_v1_s2,S2,patchy_high,64,36,eval_mean_mean_resource_fraction,0.08833131778180732
ecology_perception_parallel_v1_s2,S2,patchy_high,64,36,eval_mean_mean_reserve_welfare,0.7274837122948985
ecology_perception_parallel_v1_s2,S2,patchy_high,64,36,final_wealth_gini,0.4027441495613644
ecology_perception_parallel_v1_s2,S2,split_high_low,64,36,eval_mean_mean_resource_fraction,0.10289394812988882
ecology_perception_parallel_v1_s2,S2,split_high_low,64,36,eval_mean_mean_reserve_welfare,0.6285589547839808
ecology_perception_parallel_v1_s2,S2,split_high_low,64,36,final_wealth_gini,0.613278933945145
ecology_perception_parallel_v1_s2,S2,uniform_high,64,37,eval_mean_mean_resource_fraction,0.11179863364137188
ecology_perception_parallel_v1_s2,S2,uniform_high,64,37,eval_mean_mean_reserve_welfare,0.7549628385642657
ecology_perception_parallel_v1_s2,S2,uniform_high,64,37,final_wealth_gini,0.47083016714616766
ecology_perception_parallel_v1_s2,S2,patchy_high,64,37,eval_mean_mean_resource_fraction,0.11533165018058054
ecology_perception_parallel_v1_s2,S2,patchy_high,64,37,eval_mean_mean_reserve_welfare,0.7475011042669956
ecology_perception_parallel_v1_s2,S2,patchy_high,64,37,final_wealth_gini,0.5020777839279855
ecology_perception_parallel_v1_s2,S2,split_high_low,64,37,eval_mean_mean_resource_fraction,0.08109671801840056
ecology_perception_parallel_v1_s2,S2,split_high_low,64,37,eval_mean_mean_reserve_welfare,0.6897227431920028
ecology_perception_parallel_v1_s2,S2,split_high_low,64,37,final_wealth_gini,0.5341023480544025
ecology_perception_parallel_v1_s2,S2,uniform_high,64,38,eval_mean_mean_resource_fraction,0.09488642238864899
ecology_perception_parallel_v1_s2,S2,uniform_high,64,38,eval_mean_mean_reserve_welfare,0.8305521940414282
ecology_perception_parallel_v1_s2,S2,uniform_high,64,38,final_wealth_gini,0.36103588862633185
ecology_perception_parallel_v1_s2,S2,patchy_high,64,38,eval_mean_mean_resource_fraction,0.08610815525897805
ecology_perception_parallel_v1_s2,S2,patchy_high,64,38,eval_mean_mean_reserve_welfare,0.7721419707915488
ecology_perception_parallel_v1_s2,S2,patchy_high,64,38,final_wealth_gini,0.4038963324713185
ecology_perception_parallel_v1_s2,S2,split_high_low,64,38,eval_mean_mean_resource_fraction,0.10720729216265462
ecology_perception_parallel_v1_s2,S2,split_high_low,64,38,eval_mean_mean_reserve_welfare,0.7132046019316503
ecology_perception_parallel_v1_s2,S2,split_high_low,64,38,final_wealth_gini,0.5478045734279484
ecology_perception_parallel_v1_s2,S2,uniform_high,64,39,eval_mean_mean_resource_fraction,0.10174453919857009
ecology_perception_parallel_v1_s2,S2,uniform_high,64,39,eval_mean_mean_reserve_welfare,0.7645916663697826
ecology_perception_parallel_v1_s2,S2,uniform_high,64,39,final_wealth_gini,0.4476720328528099
ecology_perception_parallel_v1_s2,S2,patchy_high,64,39,eval_mean_mean_resource_fraction,0.12820001542633883
ecology_perception_parallel_v1_s2,S2,patchy_high,64,39,eval_mean_mean_reserve_welfare,0.7601483391316048
ecology_perception_parallel_v1_s2,S2,patchy_high,64,39,final_wealth_gini,0.47923494424151825
ecology_perception_parallel_v1_s2,S2,split_high_low,64,39,eval_mean_mean_resource_fraction,0.09510240398385304
ecology_perception_parallel_v1_s2,S2,split_high_low,64,39,eval_mean_mean_reserve_welfare,0.6591956552619256
ecology_perception_parallel_v1_s2,S2,split_high_low,64,39,final_wealth_gini,0.5704382109945452
ecology_perception_parallel_v1_s2,S2,uniform_high,64,40,eval_mean_mean_resource_fraction,0.10576218452813418
ecology_perception_parallel_v1_s2,S2,uniform_high,64,40,eval_mean_mean_reserve_welfare,0.7726890921917657
ecology_perception_parallel_v1_s2,S2,uniform_high,64,40,final_wealth_gini,0.44536338446534884
ecology_perception_parallel_v1_s2,S2,patchy_high,64,40,eval_mean_mean_resource_fraction,0.0804767143868865
ecology_perception_parallel_v1_s2,S2,patchy_high,64,40,eval_mean_mean_reserve_welfare,0.6377316452274151
ecology_perception_parallel_v1_s2,S2,patchy_high,64,40,final_wealth_gini,0.4728675779217817
ecology_perception_parallel_v1_s2,S2,split_high_low,64,40,eval_mean_mean_resource_fraction,0.07294102648071261
ecology_perception_parallel_v1_s2,S2,split_high_low,64,40,eval_mean_mean_reserve_welfare,0.6230338100218789
ecology_perception_parallel_v1_s2,S2,split_high_low,64,40,final_wealth_gini,0.5808742301717364
ecology_perception_parallel_v1_s2,S2,uniform_high,64,41,eval_mean_mean_resource_fraction,0.15652562042134396
ecology_perception_parallel_v1_s2,S2,uniform_high,64,41,eval_mean_mean_reserve_welfare,0.805043487309722
ecology_perception_parallel_v1_s2,S2,uniform_high,64,41,final_wealth_gini,0.4559997050956741
ecology_perception_parallel_v1_s2,S2,patchy_high,64,41,eval_mean_mean_resource_fraction,0.10238746711357401
ecology_perception_parallel_v1_s2,S2,patchy_high,64,41,eval_mean_mean_reserve_welfare,0.6674959295624799
ecology_perception_parallel_v1_s2,S2,patchy_high,64,41,final_wealth_gini,0.5111301953288276
ecology_perception_parallel_v1_s2,S2,split_high_low,64,41,eval_mean_mean_resource_fraction,0.10542062806236013
ecology_perception_parallel_v1_s2,S2,split_high_low,64,41,eval_mean_mean_reserve_welfare,0.5878069845775957
ecology_perception_parallel_v1_s2,S2,split_high_low,64,41,final_wealth_gini,0.6700968376860381
ecology_perception_parallel_v1_s2,S2,uniform_high,64,42,eval_mean_mean_resource_fraction,0.10529856080036469
ecology_perception_parallel_v1_s2,S2,uniform_high,64,42,eval_mean_mean_reserve_welfare,0.7327755950126916
ecology_perception_parallel_v1_s2,S2,uniform_high,64,42,final_wealth_gini,0.4538914571349739
ecology_perception_parallel_v1_s2,S2,patchy_high,64,42,eval_mean_mean_resource_fraction,0.10930936682407152
ecology_perception_parallel_v1_s2,S2,patchy_high,64,42,eval_mean_mean_reserve_welfare,0.694326209176158
ecology_perception_parallel_v1_s2,S2,patchy_high,64,42,final_wealth_gini,0.47098751510972403
ecology_perception_parallel_v1_s2,S2,split_high_low,64,42,eval_mean_mean_resource_fraction,0.15426303432338534
ecology_perception_parallel_v1_s2,S2,split_high_low,64,42,eval_mean_mean_reserve_welfare,0.6166613607812415
ecology_perception_parallel_v1_s2,S2,split_high_low,64,42,final_wealth_gini,0.672294391749942
ecology_perception_parallel_v1_s2,S2,uniform_high,64,43,eval_mean_mean_resource_fraction,0.1332581084055398
ecology_perception_parallel_v1_s2,S2,uniform_high,64,43,eval_mean_mean_reserve_welfare,0.8282228266416689
ecology_perception_parallel_v1_s2,S2,uniform_high,64,43,final_wealth_gini,0.419171292720786
ecology_perception_parallel_v1_s2,S2,patchy_high,64,43,eval_mean_mean_resource_fraction,0.1303500435590243
ecology_perception_parallel_v1_s2,S2,patchy_high,64,43,eval_mean_mean_reserve_welfare,0.8465630525742174
ecology_perception_parallel_v1_s2,S2,patchy_high,64,43,final_wealth_gini,0.3808627963286171
ecology_perception_parallel_v1_s2,S2,split_high_low,64,43,eval_mean_mean_resource_fraction,0.09845997079648658
ecology_perception_parallel_v1_s2,S2,split_high_low,64,43,eval_mean_mean_reserve_welfare,0.6696549794662607
ecology_perception_parallel_v1_s2,S2,split_high_low,64,43,final_wealth_gini,0.6040314060923473
ecology_perception_parallel_v1_s2,S2,uniform_high,64,44,eval_mean_mean_resource_fraction,0.13343056979514445
ecology_perception_parallel_v1_s2,S2,uniform_high,64,44,eval_mean_mean_reserve_welfare,0.791187956280048
ecology_perception_parallel_v1_s2,S2,uniform_high,64,44,final_wealth_gini,0.42589551302291495
ecology_perception_parallel_v1_s2,S2,patchy_high,64,44,eval_mean_mean_resource_fraction,0.10781904355050961
ecology_perception_parallel_v1_s2,S2,patchy_high,64,44,eval_mean_mean_reserve_welfare,0.7196643244109686
ecology_perception_parallel_v1_s2,S2,patchy_high,64,44,final_wealth_gini,0.4754635315005098
ecology_perception_parallel_v1_s2,S2,split_high_low,64,44,eval_mean_mean_resource_fraction,0.11180646179375188
ecology_perception_parallel_v1_s2,S2,split_high_low,64,44,eval_mean_mean_reserve_welfare,0.6922120702487007
ecology_perception_parallel_v1_s2,S2,split_high_low,64,44,final_wealth_gini,0.5748907186002976
ecology_perception_parallel_v1_s2,S2,uniform_high,64,45,eval_mean_mean_resource_fraction,0.07096431834144504
ecology_perception_parallel_v1_s2,S2,uniform_high,64,45,eval_mean_mean_reserve_welfare,0.6858029333469557
ecology_perception_parallel_v1_s2,S2,uniform_high,64,45,final_wealth_gini,0.43404469603818185
ecology_perception_parallel_v1_s2,S2,patchy_high,64,45,eval_mean_mean_resource_fraction,0.08767691054646695
ecology_perception_parallel_v1_s2,S2,patchy_high,64,45,eval_mean_mean_reserve_welfare,0.7306687851791901
ecology_perception_parallel_v1_s2,S2,patchy_high,64,45,final_wealth_gini,0.4292243251496275
ecology_perception_parallel_v1_s2,S2,split_high_low,64,45,eval_mean_mean_resource_fraction,0.0932539960393114
ecology_perception_parallel_v1_s2,S2,split_high_low,64,45,eval_mean_mean_reserve_welfare,0.6128390381163994
ecology_perception_parallel_v1_s2,S2,split_high_low,64,45,final_wealth_gini,0.64675896010493
ecology_perception_parallel_v1_s2,S2,uniform_high,64,46,eval_mean_mean_resource_fraction,0.12518176504458298
ecology_perception_parallel_v1_s2,S2,uniform_high,64,46,eval_mean_mean_reserve_welfare,0.8042200821220431
ecology_perception_parallel_v1_s2,S2,uniform_high,64,46,final_wealth_gini,0.46519840642081567
ecology_perception_parallel_v1_s2,S2,patchy_high,64,46,eval_mean_mean_resource_fraction,0.09410929556564412
ecology_perception_parallel_v1_s2,S2,patchy_high,64,46,eval_mean_mean_reserve_welfare,0.7141389098457581
ecology_perception_parallel_v1_s2,S2,patchy_high,64,46,final_wealth_gini,0.4696479019442026
ecology_perception_parallel_v1_s2,S2,split_high_low,64,46,eval_mean_mean_resource_fraction,0.10338310455487726
ecology_perception_parallel_v1_s2,S2,split_high_low,64,46,eval_mean_mean_reserve_welfare,0.6893534777855932
ecology_perception_parallel_v1_s2,S2,split_high_low,64,46,final_wealth_gini,0.5847636239554719
ecology_perception_parallel_v1_s2,S2,uniform_high,64,47,eval_mean_mean_resource_fraction,0.07482652939965054
ecology_perception_parallel_v1_s2,S2,uniform_high,64,47,eval_mean_mean_reserve_welfare,0.7693841327245466
ecology_perception_parallel_v1_s2,S2,uniform_high,64,47,final_wealth_gini,0.28560714086519345
ecology_perception_parallel_v1_s2,S2,patchy_high,64,47,eval_mean_mean_resource_fraction,0.1370441768436731
ecology_perception_parallel_v1_s2,S2,patchy_high,64,47,eval_mean_mean_reserve_welfare,0.8785840467637073
ecology_perception_parallel_v1_s2,S2,patchy_high,64,47,final_wealth_gini,0.3719577768763629
ecology_perception_parallel_v1_s2,S2,split_high_low,64,47,eval_mean_mean_resource_fraction,0.11050277155379531
ecology_perception_parallel_v1_s2,S2,split_high_low,64,47,eval_mean_mean_reserve_welfare,0.7010365198594486
ecology_perception_parallel_v1_s2,S2,split_high_low,64,47,final_wealth_gini,0.5417421225658814
ecology_perception_parallel_v1_s2,S2,uniform_high,64,48,eval_mean_mean_resource_fraction,0.12416563758268313
ecology_perception_parallel_v1_s2,S2,uniform_high,64,48,eval_mean_mean_reserve_welfare,0.853193699015523
ecology_perception_parallel_v1_s2,S2,uniform_high,64,48,final_wealth_gini,0.3592924268074362
ecology_perception_parallel_v1_s2,S2,patchy_high,64,48,eval_mean_mean_resource_fraction,0.10787083172611511
ecology_perception_parallel_v1_s2,S2,patchy_high,64,48,eval_mean_mean_reserve_welfare,0.7773403453835731
ecology_perception_parallel_v1_s2,S2,patchy_high,64,48,final_wealth_gini,0.3877210608676407
ecology_perception_parallel_v1_s2,S2,split_high_low,64,48,eval_mean_mean_resource_fraction,0.12863240766579656
ecology_perception_parallel_v1_s2,S2,split_high_low,64,48,eval_mean_mean_reserve_welfare,0.6886070311984358
ecology_perception_parallel_v1_s2,S2,split_high_low,64,48,final_wealth_gini,0.5940450347539967
ecology_perception_parallel_v1_s2,S2,uniform_high,64,49,eval_mean_mean_resource_fraction,0.07112968081807275
ecology_perception_parallel_v1_s2,S2,uniform_high,64,49,eval_mean_mean_reserve_welfare,0.6413777012235381
ecology_perception_parallel_v1_s2,S2,uniform_high,64,49,final_wealth_gini,0.44606338210854624
ecology_perception_parallel_v1_s2,S2,patchy_high,64,49,eval_mean_mean_resource_fraction,0.08862124205182705
ecology_perception_parallel_v1_s2,S2,patchy_high,64,49,eval_mean_mean_reserve_welfare,0.7155985353057601
ecology_perception_parallel_v1_s2,S2,patchy_high,64,49,final_wealth_gini,0.4431487702750181
ecology_perception_parallel_v1_s2,S2,split_high_low,64,49,eval_mean_mean_resource_fraction,0.08320153808633124
ecology_perception_parallel_v1_s2,S2,split_high_low,64,49,eval_mean_mean_reserve_welfare,0.5949462620829206
ecology_perception_parallel_v1_s2,S2,split_high_low,64,49,final_wealth_gini,0.668502147799187
ecology_perception_parallel_v1_s2,S2,uniform_high,64,50,eval_mean_mean_resource_fraction,0.11922613486701543
ecology_perception_parallel_v1_s2,S2,uniform_high,64,50,eval_mean_mean_reserve_welfare,0.837262279209338
ecology_perception_parallel_v1_s2,S2,uniform_high,64,50,final_wealth_gini,0.36153582586254207
ecology_perception_parallel_v1_s2,S2,patchy_high,64,50,eval_mean_mean_resource_fraction,0.11685912070151985
ecology_perception_parallel_v1_s2,S2,patchy_high,64,50,eval_mean_mean_reserve_welfare,0.8429612026099544
ecology_perception_parallel_v1_s2,S2,patchy_high,64,50,final_wealth_gini,0.3486251255159234
ecology_perception_parallel_v1_s2,S2,split_high_low,64,50,eval_mean_mean_resource_fraction,0.12559252633160753
ecology_perception_parallel_v1_s2,S2,split_high_low,64,50,eval_mean_mean_reserve_welfare,0.6940901895404307
ecology_perception_parallel_v1_s2,S2,split_high_low,64,50,final_wealth_gini,0.5779285193673569
ecology_perception_parallel_v1_s2,S2,uniform_high,64,51,eval_mean_mean_resource_fraction,0.11667717359224926
ecology_perception_parallel_v1_s2,S2,uniform_high,64,51,eval_mean_mean_reserve_welfare,0.8062930104922452
ecology_perception_parallel_v1_s2,S2,uniform_high,64,51,final_wealth_gini,0.42822140913298057
ecology_perception_parallel_v1_s2,S2,patchy_high,64,51,eval_mean_mean_resource_fraction,0.0963355642022283
ecology_perception_parallel_v1_s2,S2,patchy_high,64,51,eval_mean_mean_reserve_welfare,0.6668964417949802
ecology_perception_parallel_v1_s2,S2,patchy_high,64,51,final_wealth_gini,0.47456256504563177
ecology_perception_parallel_v1_s2,S2,split_high_low,64,51,eval_mean_mean_resource_fraction,0.16857437777964557
ecology_perception_parallel_v1_s2,S2,split_high_low,64,51,eval_mean_mean_reserve_welfare,0.6132752418533486
ecology_perception_parallel_v1_s2,S2,split_high_low,64,51,final_wealth_gini,0.6758647239913824
ecology_perception_parallel_v1_s2,S2,uniform_high,64,52,eval_mean_mean_resource_fraction,0.11371544078256964
ecology_perception_parallel_v1_s2,S2,uniform_high,64,52,eval_mean_mean_reserve_welfare,0.7099716475479915
ecology_perception_parallel_v1_s2,S2,uniform_high,64,52,final_wealth_gini,0.47686174554331906
ecology_perception_parallel_v1_s2,S2,patchy_high,64,52,eval_mean_mean_resource_fraction,0.08162290385951917
ecology_perception_parallel_v1_s2,S2,patchy_high,64,52,eval_mean_mean_reserve_welfare,0.6491180598185828
ecology_perception_parallel_v1_s2,S2,patchy_high,64,52,final_wealth_gini,0.4804647130893225
ecology_perception_parallel_v1_s2,S2,split_high_low,64,52,eval_mean_mean_resource_fraction,0.11267543198025598
ecology_perception_parallel_v1_s2,S2,split_high_low,64,52,eval_mean_mean_reserve_welfare,0.6949950204962925
ecology_perception_parallel_v1_s2,S2,split_high_low,64,52,final_wealth_gini,0.5599464045767439
ecology_perception_parallel_v1_s2,S2,uniform_high,64,53,eval_mean_mean_resource_fraction,0.11242249343162332
ecology_perception_parallel_v1_s2,S2,uniform_high,64,53,eval_mean_mean_reserve_welfare,0.7007005357668908
ecology_perception_parallel_v1_s2,S2,uniform_high,64,53,final_wealth_gini,0.4712104910180499
ecology_perception_parallel_v1_s2,S2,patchy_high,64,53,eval_mean_mean_resource_fraction,0.13501709929048944
ecology_perception_parallel_v1_s2,S2,patchy_high,64,53,eval_mean_mean_reserve_welfare,0.7800595360264404
ecology_perception_parallel_v1_s2,S2,patchy_high,64,53,final_wealth_gini,0.43035816920993497
ecology_perception_parallel_v1_s2,S2,split_high_low,64,53,eval_mean_mean_resource_fraction,0.09662536836852022
ecology_perception_parallel_v1_s2,S2,split_high_low,64,53,eval_mean_mean_reserve_welfare,0.6053247518569012
ecology_perception_parallel_v1_s2,S2,split_high_low,64,53,final_wealth_gini,0.6362551605724658
ecology_perception_parallel_v1_s2,S2,uniform_high,64,54,eval_mean_mean_resource_fraction,0.13275681156827066
ecology_perception_parallel_v1_s2,S2,uniform_high,64,54,eval_mean_mean_reserve_welfare,0.8178311564111311
ecology_perception_parallel_v1_s2,S2,uniform_high,64,54,final_wealth_gini,0.39284980791489454
ecology_perception_parallel_v1_s2,S2,patchy_high,64,54,eval_mean_mean_resource_fraction,0.09265302137069628
ecology_perception_parallel_v1_s2,S2,patchy_high,64,54,eval_mean_mean_reserve_welfare,0.7431652751957917
ecology_perception_parallel_v1_s2,S2,patchy_high,64,54,final_wealth_gini,0.3721478100123725
ecology_perception_parallel_v1_s2,S2,split_high_low,64,54,eval_mean_mean_resource_fraction,0.11383584937335144
ecology_perception_parallel_v1_s2,S2,split_high_low,64,54,eval_mean_mean_reserve_welfare,0.6585070519620888
ecology_perception_parallel_v1_s2,S2,split_high_low,64,54,final_wealth_gini,0.5844940623493
ecology_perception_parallel_v1_s2,S2,uniform_high,64,55,eval_mean_mean_resource_fraction,0.10476059194592907
ecology_perception_parallel_v1_s2,S2,uniform_high,64,55,eval_mean_mean_reserve_welfare,0.6424930793087154
ecology_perception_parallel_v1_s2,S2,uniform_high,64,55,final_wealth_gini,0.5396049333507547
ecology_perception_parallel_v1_s2,S2,patchy_high,64,55,eval_mean_mean_resource_fraction,0.11726781674792651
ecology_perception_parallel_v1_s2,S2,patchy_high,64,55,eval_mean_mean_reserve_welfare,0.7002897279610776
ecology_perception_parallel_v1_s2,S2,patchy_high,64,55,final_wealth_gini,0.5150908853300877
ecology_perception_parallel_v1_s2,S2,split_high_low,64,55,eval_mean_mean_resource_fraction,0.15542021758054414
ecology_perception_parallel_v1_s2,S2,split_high_low,64,55,eval_mean_mean_reserve_welfare,0.5924710052038084
ecology_perception_parallel_v1_s2,S2,split_high_low,64,55,final_wealth_gini,0.6863606672566083
ecology_perception_parallel_v1_s2,S2,uniform_high,64,56,eval_mean_mean_resource_fraction,0.1181179977557203
ecology_perception_parallel_v1_s2,S2,uniform_high,64,56,eval_mean_mean_reserve_welfare,0.7606030706234785
ecology_perception_parallel_v1_s2,S2,uniform_high,64,56,final_wealth_gini,0.459914084017361
ecology_perception_parallel_v1_s2,S2,patchy_high,64,56,eval_mean_mean_resource_fraction,0.15243113953305695
ecology_perception_parallel_v1_s2,S2,patchy_high,64,56,eval_mean_mean_reserve_welfare,0.789650458938723
ecology_perception_parallel_v1_s2,S2,patchy_high,64,56,final_wealth_gini,0.4740037608946217
ecology_perception_parallel_v1_s2,S2,split_high_low,64,56,eval_mean_mean_resource_fraction,0.13594200039851642
ecology_perception_parallel_v1_s2,S2,split_high_low,64,56,eval_mean_mean_reserve_welfare,0.6507308487821026
ecology_perception_parallel_v1_s2,S2,split_high_low,64,56,final_wealth_gini,0.6330269455078528
ecology_perception_parallel_v1_s2,S2,uniform_high,64,57,eval_mean_mean_resource_fraction,0.15172895745994566
ecology_perception_parallel_v1_s2,S2,uniform_high,64,57,eval_mean_mean_reserve_welfare,0.8500944265737758
ecology_perception_parallel_v1_s2,S2,uniform_high,64,57,final_wealth_gini,0.41529271658754285
ecology_perception_parallel_v1_s2,S2,patchy_high,64,57,eval_mean_mean_resource_fraction,0.11009304409745722
ecology_perception_parallel_v1_s2,S2,patchy_high,64,57,eval_mean_mean_reserve_welfare,0.8193281820980988
ecology_perception_parallel_v1_s2,S2,patchy_high,64,57,final_wealth_gini,0.387151512415395
ecology_perception_parallel_v1_s2,S2,split_high_low,64,57,eval_mean_mean_resource_fraction,0.10244440226789545
ecology_perception_parallel_v1_s2,S2,split_high_low,64,57,eval_mean_mean_reserve_welfare,0.6421747346383924
ecology_perception_parallel_v1_s2,S2,split_high_low,64,57,final_wealth_gini,0.5989897803723689
ecology_perception_parallel_v1_s2,S2,uniform_high,64,58,eval_mean_mean_resource_fraction,0.10084395175207568
ecology_perception_parallel_v1_s2,S2,uniform_high,64,58,eval_mean_mean_reserve_welfare,0.7157921261779835
ecology_perception_parallel_v1_s2,S2,uniform_high,64,58,final_wealth_gini,0.4831725652712717
ecology_perception_parallel_v1_s2,S2,patchy_high,64,58,eval_mean_mean_resource_fraction,0.08759150799285063
ecology_perception_parallel_v1_s2,S2,patchy_high,64,58,eval_mean_mean_reserve_welfare,0.6845940481741516
ecology_perception_parallel_v1_s2,S2,patchy_high,64,58,final_wealth_gini,0.4331546772594226
ecology_perception_parallel_v1_s2,S2,split_high_low,64,58,eval_mean_mean_resource_fraction,0.14144820998690194
ecology_perception_parallel_v1_s2,S2,split_high_low,64,58,eval_mean_mean_reserve_welfare,0.6438182098086678
ecology_perception_parallel_v1_s2,S2,split_high_low,64,58,final_wealth_gini,0.6444537510720765
ecology_perception_parallel_v1_s2,S2,uniform_high,64,59,eval_mean_mean_resource_fraction,0.10899583593219095
ecology_perception_parallel_v1_s2,S2,uniform_high,64,59,eval_mean_mean_reserve_welfare,0.6648367471305544
ecology_perception_parallel_v1_s2,S2,uniform_high,64,59,final_wealth_gini,0.5484016813918335
ecology_perception_parallel_v1_s2,S2,patchy_high,64,59,eval_mean_mean_resource_fraction,0.11178175824202762
ecology_perception_parallel_v1_s2,S2,patchy_high,64,59,eval_mean_mean_reserve_welfare,0.7490756298702991
ecology_perception_parallel_v1_s2,S2,patchy_high,64,59,final_wealth_gini,0.5058811210134964
ecology_perception_parallel_v1_s2,S2,split_high_low,64,59,eval_mean_mean_resource_fraction,0.17590372293598394
ecology_perception_parallel_v1_s2,S2,split_high_low,64,59,eval_mean_mean_reserve_welfare,0.6378638350520411
ecology_perception_parallel_v1_s2,S2,split_high_low,64,59,final_wealth_gini,0.6733264857963193
ecology_perception_parallel_v1_s2,S2,uniform_high,64,60,eval_mean_mean_resource_fraction,0.12236050593752261
ecology_perception_parallel_v1_s2,S2,uniform_high,64,60,eval_mean_mean_reserve_welfare,0.8833138150129034
ecology_perception_parallel_v1_s2,S2,uniform_high,64,60,final_wealth_gini,0.3393782706984174
ecology_perception_parallel_v1_s2,S2,patchy_high,64,60,eval_mean_mean_resource_fraction,0.14310820572469538
ecology_perception_parallel_v1_s2,S2,patchy_high,64,60,eval_mean_mean_reserve_welfare,0.8922961364333448
ecology_perception_parallel_v1_s2,S2,patchy_high,64,60,final_wealth_gini,0.35550609824414736
ecology_perception_parallel_v1_s2,S2,split_high_low,64,60,eval_mean_mean_resource_fraction,0.11391949649751949
ecology_perception_parallel_v1_s2,S2,split_high_low,64,60,eval_mean_mean_reserve_welfare,0.6778604124914914
ecology_perception_parallel_v1_s2,S2,split_high_low,64,60,final_wealth_gini,0.5735231231393785
ecology_perception_parallel_v1_s2,S2,uniform_high,64,61,eval_mean_mean_resource_fraction,0.09934549601706057
ecology_perception_parallel_v1_s2,S2,uniform_high,64,61,eval_mean_mean_reserve_welfare,0.6334968311617595
ecology_perception_parallel_v1_s2,S2,uniform_high,64,61,final_wealth_gini,0.5037423071611256
ecology_perception_parallel_v1_s2,S2,patchy_high,64,61,eval_mean_mean_resource_fraction,0.11516951228096443
ecology_perception_parallel_v1_s2,S2,patchy_high,64,61,eval_mean_mean_reserve_welfare,0.6949909021863369
ecology_perception_parallel_v1_s2,S2,patchy_high,64,61,final_wealth_gini,0.4887575618795872
ecology_perception_parallel_v1_s2,S2,split_high_low,64,61,eval_mean_mean_resource_fraction,0.2085459252171242
ecology_perception_parallel_v1_s2,S2,split_high_low,64,61,eval_mean_mean_reserve_welfare,0.6637638473089773
ecology_perception_parallel_v1_s2,S2,split_high_low,64,61,final_wealth_gini,0.6409793940854187
ecology_perception_parallel_v1_s2,S2,uniform_high,64,62,eval_mean_mean_resource_fraction,0.09974843259374327
ecology_perception_parallel_v1_s2,S2,uniform_high,64,62,eval_mean_mean_reserve_welfare,0.7382617112634962
ecology_perception_parallel_v1_s2,S2,uniform_high,64,62,final_wealth_gini,0.44342630533770633
ecology_perception_parallel_v1_s2,S2,patchy_high,64,62,eval_mean_mean_resource_fraction,0.12015099165716032
ecology_perception_parallel_v1_s2,S2,patchy_high,64,62,eval_mean_mean_reserve_welfare,0.8035866880454114
ecology_perception_parallel_v1_s2,S2,patchy_high,64,62,final_wealth_gini,0.43407099223021617
ecology_perception_parallel_v1_s2,S2,split_high_low,64,62,eval_mean_mean_resource_fraction,0.12156225839293443
ecology_perception_parallel_v1_s2,S2,split_high_low,64,62,eval_mean_mean_reserve_welfare,0.5646100789509834
ecology_perception_parallel_v1_s2,S2,split_high_low,64,62,final_wealth_gini,0.6851971690596088
ecology_perception_parallel_v1_s2,S2,uniform_high,64,63,eval_mean_mean_resource_fraction,0.15486179293089475
ecology_perception_parallel_v1_s2,S2,uniform_high,64,63,eval_mean_mean_reserve_welfare,0.8836777871213269
ecology_perception_parallel_v1_s2,S2,uniform_high,64,63,final_wealth_gini,0.36486577232914197
ecology_perception_parallel_v1_s2,S2,patchy_high,64,63,eval_mean_mean_resource_fraction,0.08217247951844638
ecology_perception_parallel_v1_s2,S2,patchy_high,64,63,eval_mean_mean_reserve_welfare,0.7635233751353376
ecology_perception_parallel_v1_s2,S2,patchy_high,64,63,final_wealth_gini,0.3671247486461937
ecology_perception_parallel_v1_s2,S2,split_high_low,64,63,eval_mean_mean_resource_fraction,0.0878953863780564
ecology_perception_parallel_v1_s2,S2,split_high_low,64,63,eval_mean_mean_reserve_welfare,0.6221199757440113
ecology_perception_parallel_v1_s2,S2,split_high_low,64,63,final_wealth_gini,0.6038015969426367
ecology_perception_parallel_v1_s2,S2,uniform_high,64,64,eval_mean_mean_resource_fraction,0.12175314025486514
ecology_perception_parallel_v1_s2,S2,uniform_high,64,64,eval_mean_mean_reserve_welfare,0.7336435937702767
ecology_perception_parallel_v1_s2,S2,uniform_high,64,64,final_wealth_gini,0.4495889609031942
ecology_perception_parallel_v1_s2,S2,patchy_high,64,64,eval_mean_mean_resource_fraction,0.12499442393091481
ecology_perception_parallel_v1_s2,S2,patchy_high,64,64,eval_mean_mean_reserve_welfare,0.7448571785963798
ecology_perception_parallel_v1_s2,S2,patchy_high,64,64,final_wealth_gini,0.4385238455385907
ecology_perception_parallel_v1_s2,S2,split_high_low,64,64,eval_mean_mean_resource_fraction,0.16295400536281351
ecology_perception_parallel_v1_s2,S2,split_high_low,64,64,eval_mean_mean_reserve_welfare,0.7180525421840509
ecology_perception_parallel_v1_s2,S2,split_high_low,64,64,final_wealth_gini,0.5575542684163415
ecology_perception_parallel_v1_s2,S2,uniform_high,64,65,eval_mean_mean_resource_fraction,0.12967327191067915
ecology_perception_parallel_v1_s2,S2,uniform_high,64,65,eval_mean_mean_reserve_welfare,0.9135851474452027
ecology_perception_parallel_v1_s2,S2,uniform_high,64,65,final_wealth_gini,0.3445068373743565
ecology_perception_parallel_v1_s2,S2,patchy_high,64,65,eval_mean_mean_resource_fraction,0.15026853965609985
ecology_perception_parallel_v1_s2,S2,patchy_high,64,65,eval_mean_mean_reserve_welfare,0.9259193498404359
ecology_perception_parallel_v1_s2,S2,patchy_high,64,65,final_wealth_gini,0.32445518524170414
ecology_perception_parallel_v1_s2,S2,split_high_low,64,65,eval_mean_mean_resource_fraction,0.12087137589790543
ecology_perception_parallel_v1_s2,S2,split_high_low,64,65,eval_mean_mean_reserve_welfare,0.7471665373000094
ecology_perception_parallel_v1_s2,S2,split_high_low,64,65,final_wealth_gini,0.5393187800963557
ecology_perception_parallel_v1_s2,S2,uniform_high,64,66,eval_mean_mean_resource_fraction,0.1057104355026945
ecology_perception_parallel_v1_s2,S2,uniform_high,64,66,eval_mean_mean_reserve_welfare,0.6301136173380786
ecology_perception_parallel_v1_s2,S2,uniform_high,64,66,final_wealth_gini,0.5218922597370617
ecology_perception_parallel_v1_s2,S2,patchy_high,64,66,eval_mean_mean_resource_fraction,0.11923371446805164
ecology_perception_parallel_v1_s2,S2,patchy_high,64,66,eval_mean_mean_reserve_welfare,0.7308281964704966
ecology_perception_parallel_v1_s2,S2,patchy_high,64,66,final_wealth_gini,0.4654376825818747
ecology_perception_parallel_v1_s2,S2,split_high_low,64,66,eval_mean_mean_resource_fraction,0.12081648111916467
ecology_perception_parallel_v1_s2,S2,split_high_low,64,66,eval_mean_mean_reserve_welfare,0.5613653126921727
ecology_perception_parallel_v1_s2,S2,split_high_low,64,66,final_wealth_gini,0.6710994205005256
ecology_perception_parallel_v1_s2,S2,uniform_high,64,67,eval_mean_mean_resource_fraction,0.11764453096014907
ecology_perception_parallel_v1_s2,S2,uniform_high,64,67,eval_mean_mean_reserve_welfare,0.7820138098444427
ecology_perception_parallel_v1_s2,S2,uniform_high,64,67,final_wealth_gini,0.43074160591277755
ecology_perception_parallel_v1_s2,S2,patchy_high,64,67,eval_mean_mean_resource_fraction,0.11555563869237495
ecology_perception_parallel_v1_s2,S2,patchy_high,64,67,eval_mean_mean_reserve_welfare,0.7680821579915221
ecology_perception_parallel_v1_s2,S2,patchy_high,64,67,final_wealth_gini,0.4426774158210267
ecology_perception_parallel_v1_s2,S2,split_high_low,64,67,eval_mean_mean_resource_fraction,0.16385332720019727
ecology_perception_parallel_v1_s2,S2,split_high_low,64,67,eval_mean_mean_reserve_welfare,0.6273555616368397
ecology_perception_parallel_v1_s2,S2,split_high_low,64,67,final_wealth_gini,0.6665377353929234
ecology_perception_parallel_v1_s2,S2,uniform_high,64,68,eval_mean_mean_resource_fraction,0.08505966811578576
ecology_perception_parallel_v1_s2,S2,uniform_high,64,68,eval_mean_mean_reserve_welfare,0.7334060458229212
ecology_perception_parallel_v1_s2,S2,uniform_high,64,68,final_wealth_gini,0.4342566000292416
ecology_perception_parallel_v1_s2,S2,patchy_high,64,68,eval_mean_mean_resource_fraction,0.136340314939719
ecology_perception_parallel_v1_s2,S2,patchy_high,64,68,eval_mean_mean_reserve_welfare,0.7930011992941377
ecology_perception_parallel_v1_s2,S2,patchy_high,64,68,final_wealth_gini,0.45851376744654027
ecology_perception_parallel_v1_s2,S2,split_high_low,64,68,eval_mean_mean_resource_fraction,0.06953733297248378
ecology_perception_parallel_v1_s2,S2,split_high_low,64,68,eval_mean_mean_reserve_welfare,0.6766471790516264
ecology_perception_parallel_v1_s2,S2,split_high_low,64,68,final_wealth_gini,0.5291760347525414
ecology_perception_parallel_v1_s2,S2,uniform_high,64,69,eval_mean_mean_resource_fraction,0.12244237335063574
ecology_perception_parallel_v1_s2,S2,uniform_high,64,69,eval_mean_mean_reserve_welfare,0.6518933494344167
ecology_perception_parallel_v1_s2,S2,uniform_high,64,69,final_wealth_gini,0.5330223767179625
ecology_perception_parallel_v1_s2,S2,patchy_high,64,69,eval_mean_mean_resource_fraction,0.11428488408265915
ecology_perception_parallel_v1_s2,S2,patchy_high,64,69,eval_mean_mean_reserve_welfare,0.64639223230155
ecology_perception_parallel_v1_s2,S2,patchy_high,64,69,final_wealth_gini,0.5163179438858898
ecology_perception_parallel_v1_s2,S2,split_high_low,64,69,eval_mean_mean_resource_fraction,0.11969710912078506
ecology_perception_parallel_v1_s2,S2,split_high_low,64,69,eval_mean_mean_reserve_welfare,0.7065822311638411
ecology_perception_parallel_v1_s2,S2,split_high_low,64,69,final_wealth_gini,0.5296962189736434
ecology_perception_parallel_v1_s2,S2,uniform_high,64,70,eval_mean_mean_resource_fraction,0.113020559232789
ecology_perception_parallel_v1_s2,S2,uniform_high,64,70,eval_mean_mean_reserve_welfare,0.8554742305203729
ecology_perception_parallel_v1_s2,S2,uniform_high,64,70,final_wealth_gini,0.35717377238433023
ecology_perception_parallel_v1_s2,S2,patchy_high,64,70,eval_mean_mean_resource_fraction,0.09430360575314817
ecology_perception_parallel_v1_s2,S2,patchy_high,64,70,eval_mean_mean_reserve_welfare,0.7790935365654441
ecology_perception_parallel_v1_s2,S2,patchy_high,64,70,final_wealth_gini,0.38164786307639265
ecology_perception_parallel_v1_s2,S2,split_high_low,64,70,eval_mean_mean_resource_fraction,0.1662566528144485
ecology_perception_parallel_v1_s2,S2,split_high_low,64,70,eval_mean_mean_reserve_welfare,0.6912349130975864
ecology_perception_parallel_v1_s2,S2,split_high_low,64,70,final_wealth_gini,0.6138383726374619
ecology_perception_parallel_v1_s2,S2,uniform_high,64,71,eval_mean_mean_resource_fraction,0.14189545815255453
ecology_perception_parallel_v1_s2,S2,uniform_high,64,71,eval_mean_mean_reserve_welfare,0.836175799104742
ecology_perception_parallel_v1_s2,S2,uniform_high,64,71,final_wealth_gini,0.4546637532812272
ecology_perception_parallel_v1_s2,S2,patchy_high,64,71,eval_mean_mean_resource_fraction,0.12262933139950623
ecology_perception_parallel_v1_s2,S2,patchy_high,64,71,eval_mean_mean_reserve_welfare,0.8145435261845311
ecology_perception_parallel_v1_s2,S2,patchy_high,64,71,final_wealth_gini,0.4560000356307956
ecology_perception_parallel_v1_s2,S2,split_high_low,64,71,eval_mean_mean_resource_fraction,0.058349390938625456
ecology_perception_parallel_v1_s2,S2,split_high_low,64,71,eval_mean_mean_reserve_welfare,0.6279232654839354
ecology_perception_parallel_v1_s2,S2,split_high_low,64,71,final_wealth_gini,0.5634973495779754
ecology_perception_parallel_v1_s2,S2,uniform_high,64,72,eval_mean_mean_resource_fraction,0.07380695748719429
ecology_perception_parallel_v1_s2,S2,uniform_high,64,72,eval_mean_mean_reserve_welfare,0.688230940635982
ecology_perception_parallel_v1_s2,S2,uniform_high,64,72,final_wealth_gini,0.3910292426803148
ecology_perception_parallel_v1_s2,S2,patchy_high,64,72,eval_mean_mean_resource_fraction,0.10885694190423328
ecology_perception_parallel_v1_s2,S2,patchy_high,64,72,eval_mean_mean_reserve_welfare,0.8026598194022017
ecology_perception_parallel_v1_s2,S2,patchy_high,64,72,final_wealth_gini,0.38184109253780685
ecology_perception_parallel_v1_s2,S2,split_high_low,64,72,eval_mean_mean_resource_fraction,0.07775252155054
ecology_perception_parallel_v1_s2,S2,split_high_low,64,72,eval_mean_mean_reserve_welfare,0.6588814676111261
ecology_perception_parallel_v1_s2,S2,split_high_low,64,72,final_wealth_gini,0.5717972197285563
ecology_perception_parallel_v1_s2,S2,uniform_high,64,73,eval_mean_mean_resource_fraction,0.11910295845413595
ecology_perception_parallel_v1_s2,S2,uniform_high,64,73,eval_mean_mean_reserve_welfare,0.7927452220010603
ecology_perception_parallel_v1_s2,S2,uniform_high,64,73,final_wealth_gini,0.41752827225640954
ecology_perception_parallel_v1_s2,S2,patchy_high,64,73,eval_mean_mean_resource_fraction,0.10037781647403132
ecology_perception_parallel_v1_s2,S2,patchy_high,64,73,eval_mean_mean_reserve_welfare,0.7415262729239089
ecology_perception_parallel_v1_s2,S2,patchy_high,64,73,final_wealth_gini,0.4475464567854286
ecology_perception_parallel_v1_s2,S2,split_high_low,64,73,eval_mean_mean_resource_fraction,0.21017225487973656
ecology_perception_parallel_v1_s2,S2,split_high_low,64,73,eval_mean_mean_reserve_welfare,0.6880835482250282
ecology_perception_parallel_v1_s2,S2,split_high_low,64,73,final_wealth_gini,0.6438122217724083
ecology_perception_parallel_v1_s2,S2,uniform_high,64,74,eval_mean_mean_resource_fraction,0.15009491420808296
ecology_perception_parallel_v1_s2,S2,uniform_high,64,74,eval_mean_mean_reserve_welfare,0.7980171445724995
ecology_perception_parallel_v1_s2,S2,uniform_high,64,74,final_wealth_gini,0.48288606847573345
ecology_perception_parallel_v1_s2,S2,patchy_high,64,74,eval_mean_mean_resource_fraction,0.17849137326699518
ecology_perception_parallel_v1_s2,S2,patchy_high,64,74,eval_mean_mean_reserve_welfare,0.8459330007109436
ecology_perception_parallel_v1_s2,S2,patchy_high,64,74,final_wealth_gini,0.4601481898330744
ecology_perception_parallel_v1_s2,S2,split_high_low,64,74,eval_mean_mean_resource_fraction,0.1827313595949719
ecology_perception_parallel_v1_s2,S2,split_high_low,64,74,eval_mean_mean_reserve_welfare,0.6660744943942098
ecology_perception_parallel_v1_s2,S2,split_high_low,64,74,final_wealth_gini,0.6579012194405103
ecology_perception_parallel_v1_s2,S2,uniform_high,64,75,eval_mean_mean_resource_fraction,0.10277495553762465
ecology_perception_parallel_v1_s2,S2,uniform_high,64,75,eval_mean_mean_reserve_welfare,0.8101593661693257
ecology_perception_parallel_v1_s2,S2,uniform_high,64,75,final_wealth_gini,0.40147955548707737
ecology_perception_parallel_v1_s2,S2,patchy_high,64,75,eval_mean_mean_resource_fraction,0.07618153839220426
ecology_perception_parallel_v1_s2,S2,patchy_high,64,75,eval_mean_mean_reserve_welfare,0.6886970809702673
ecology_perception_parallel_v1_s2,S2,patchy_high,64,75,final_wealth_gini,0.4333769927158715
ecology_perception_parallel_v1_s2,S2,split_high_low,64,75,eval_mean_mean_resource_fraction,0.10740876194053717
ecology_perception_parallel_v1_s2,S2,split_high_low,64,75,eval_mean_mean_reserve_welfare,0.7186120070842541
ecology_perception_parallel_v1_s2,S2,split_high_low,64,75,final_wealth_gini,0.5618212553015431
ecology_perception_parallel_v1_s2,S2,uniform_high,64,76,eval_mean_mean_resource_fraction,0.08019756609834461
ecology_perception_parallel_v1_s2,S2,uniform_high,64,76,eval_mean_mean_reserve_welfare,0.5966926938389345
ecology_perception_parallel_v1_s2,S2,uniform_high,64,76,final_wealth_gini,0.49231561455225226
ecology_perception_parallel_v1_s2,S2,patchy_high,64,76,eval_mean_mean_resource_fraction,0.10722005615571038
ecology_perception_parallel_v1_s2,S2,patchy_high,64,76,eval_mean_mean_reserve_welfare,0.6986144096785083
ecology_perception_parallel_v1_s2,S2,patchy_high,64,76,final_wealth_gini,0.4689800910413222
ecology_perception_parallel_v1_s2,S2,split_high_low,64,76,eval_mean_mean_resource_fraction,0.14360246671781957
ecology_perception_parallel_v1_s2,S2,split_high_low,64,76,eval_mean_mean_reserve_welfare,0.5956319704601202
ecology_perception_parallel_v1_s2,S2,split_high_low,64,76,final_wealth_gini,0.6875566818323866
ecology_perception_parallel_v1_s2,S2,uniform_high,64,77,eval_mean_mean_resource_fraction,0.10363444982565488
ecology_perception_parallel_v1_s2,S2,uniform_high,64,77,eval_mean_mean_reserve_welfare,0.783069161394469
ecology_perception_parallel_v1_s2,S2,uniform_high,64,77,final_wealth_gini,0.4158409543428183
ecology_perception_parallel_v1_s2,S2,patchy_high,64,77,eval_mean_mean_resource_fraction,0.11983949922041039
ecology_perception_parallel_v1_s2,S2,patchy_high,64,77,eval_mean_mean_reserve_welfare,0.7600227151341429
ecology_perception_parallel_v1_s2,S2,patchy_high,64,77,final_wealth_gini,0.4934082703748377
ecology_perception_parallel_v1_s2,S2,split_high_low,64,77,eval_mean_mean_resource_fraction,0.08056326204221767
ecology_perception_parallel_v1_s2,S2,split_high_low,64,77,eval_mean_mean_reserve_welfare,0.6100882315086306
ecology_perception_parallel_v1_s2,S2,split_high_low,64,77,final_wealth_gini,0.6089872012985793
ecology_perception_parallel_v1_s2,S2,uniform_high,64,78,eval_mean_mean_resource_fraction,0.0840543694836909
ecology_perception_parallel_v1_s2,S2,uniform_high,64,78,eval_mean_mean_reserve_welfare,0.7313418667963825
ecology_perception_parallel_v1_s2,S2,uniform_high,64,78,final_wealth_gini,0.40189852736701615
ecology_perception_parallel_v1_s2,S2,patchy_high,64,78,eval_mean_mean_resource_fraction,0.054629648365658236
ecology_perception_parallel_v1_s2,S2,patchy_high,64,78,eval_mean_mean_reserve_welfare,0.6194699445315583
ecology_perception_parallel_v1_s2,S2,patchy_high,64,78,final_wealth_gini,0.4046960058546838
ecology_perception_parallel_v1_s2,S2,split_high_low,64,78,eval_mean_mean_resource_fraction,0.08472019000842658
ecology_perception_parallel_v1_s2,S2,split_high_low,64,78,eval_mean_mean_reserve_welfare,0.6336288283356634
ecology_perception_parallel_v1_s2,S2,split_high_low,64,78,final_wealth_gini,0.6152007877171921
ecology_perception_parallel_v1_s2,S2,uniform_high,64,79,eval_mean_mean_resource_fraction,0.10279161080976192
ecology_perception_parallel_v1_s2,S2,uniform_high,64,79,eval_mean_mean_reserve_welfare,0.7218379245531769
ecology_perception_parallel_v1_s2,S2,uniform_high,64,79,final_wealth_gini,0.4627911447289992
ecology_perception_parallel_v1_s2,S2,patchy_high,64,79,eval_mean_mean_resource_fraction,0.0831884773248191
ecology_perception_parallel_v1_s2,S2,patchy_high,64,79,eval_mean_mean_reserve_welfare,0.6682160940858874
ecology_perception_parallel_v1_s2,S2,patchy_high,64,79,final_wealth_gini,0.4792135115870024
ecology_perception_parallel_v1_s2,S2,split_high_low,64,79,eval_mean_mean_resource_fraction,0.1669016999277164
ecology_perception_parallel_v1_s2,S2,split_high_low,64,79,eval_mean_mean_reserve_welfare,0.7263164386005949
ecology_perception_parallel_v1_s2,S2,split_high_low,64,79,final_wealth_gini,0.6065893504461257
ecology_perception_parallel_v1_s2,S2,uniform_high,64,80,eval_mean_mean_resource_fraction,0.10952590133846112
ecology_perception_parallel_v1_s2,S2,uniform_high,64,80,eval_mean_mean_reserve_welfare,0.7215968786378535
ecology_perception_parallel_v1_s2,S2,uniform_high,64,80,final_wealth_gini,0.527859275113123
ecology_perception_parallel_v1_s2,S2,patchy_high,64,80,eval_mean_mean_resource_fraction,0.12875299260606074
ecology_perception_parallel_v1_s2,S2,patchy_high,64,80,eval_mean_mean_reserve_welfare,0.747117611960381
ecology_perception_parallel_v1_s2,S2,patchy_high,64,80,final_wealth_gini,0.4929634231761981
ecology_perception_parallel_v1_s2,S2,split_high_low,64,80,eval_mean_mean_resource_fraction,0.17011903576886994
ecology_perception_parallel_v1_s2,S2,split_high_low,64,80,eval_mean_mean_reserve_welfare,0.5879338932338989
ecology_perception_parallel_v1_s2,S2,split_high_low,64,80,final_wealth_gini,0.68067946692617
ecology_perception_parallel_v1_s2,S2,uniform_high,64,81,eval_mean_mean_resource_fraction,0.0856956124810115
ecology_perception_parallel_v1_s2,S2,uniform_high,64,81,eval_mean_mean_reserve_welfare,0.7194501885447571
ecology_perception_parallel_v1_s2,S2,uniform_high,64,81,final_wealth_gini,0.4514595214539532
ecology_perception_parallel_v1_s2,S2,patchy_high,64,81,eval_mean_mean_resource_fraction,0.10710794099630709
ecology_perception_parallel_v1_s2,S2,patchy_high,64,81,eval_mean_mean_reserve_welfare,0.7372139138145454
ecology_perception_parallel_v1_s2,S2,patchy_high,64,81,final_wealth_gini,0.4919679577652427
ecology_perception_parallel_v1_s2,S2,split_high_low,64,81,eval_mean_mean_resource_fraction,0.20470229427544104
ecology_perception_parallel_v1_s2,S2,split_high_low,64,81,eval_mean_mean_reserve_welfare,0.6775094773232874
ecology_perception_parallel_v1_s2,S2,split_high_low,64,81,final_wealth_gini,0.6476326515270483
ecology_perception_parallel_v1_s2,S2,uniform_high,64,82,eval_mean_mean_resource_fraction,0.09645919081437312
ecology_perception_parallel_v1_s2,S2,uniform_high,64,82,eval_mean_mean_reserve_welfare,0.72089072158567
ecology_perception_parallel_v1_s2,S2,uniform_high,64,82,final_wealth_gini,0.48525525630768773
ecology_perception_parallel_v1_s2,S2,patchy_high,64,82,eval_mean_mean_resource_fraction,0.12951901682058525
ecology_perception_parallel_v1_s2,S2,patchy_high,64,82,eval_mean_mean_reserve_welfare,0.7696760176582359
ecology_perception_parallel_v1_s2,S2,patchy_high,64,82,final_wealth_gini,0.5073849954745759
ecology_perception_parallel_v1_s2,S2,split_high_low,64,82,eval_mean_mean_resource_fraction,0.08007207932864996
ecology_perception_parallel_v1_s2,S2,split_high_low,64,82,eval_mean_mean_reserve_welfare,0.5779052296522532
ecology_perception_parallel_v1_s2,S2,split_high_low,64,82,final_wealth_gini,0.6190701934195182
ecology_perception_parallel_v1_s2,S2,uniform_high,64,83,eval_mean_mean_resource_fraction,0.1532378822261317
ecology_perception_parallel_v1_s2,S2,uniform_high,64,83,eval_mean_mean_reserve_welfare,0.8219587041405455
ecology_perception_parallel_v1_s2,S2,uniform_high,64,83,final_wealth_gini,0.4754228317085569
ecology_perception_parallel_v1_s2,S2,patchy_high,64,83,eval_mean_mean_resource_fraction,0.16259159989749322
ecology_perception_parallel_v1_s2,S2,patchy_high,64,83,eval_mean_mean_reserve_welfare,0.8153300586436717
ecology_perception_parallel_v1_s2,S2,patchy_high,64,83,final_wealth_gini,0.46604809488501986
ecology_perception_parallel_v1_s2,S2,split_high_low,64,83,eval_mean_mean_resource_fraction,0.13991831817482261
ecology_perception_parallel_v1_s2,S2,split_high_low,64,83,eval_mean_mean_reserve_welfare,0.6855422516920245
ecology_perception_parallel_v1_s2,S2,split_high_low,64,83,final_wealth_gini,0.5867821959161115
ecology_perception_parallel_v1_s2,S2,uniform_high,64,84,eval_mean_mean_resource_fraction,0.10345564941754082
ecology_perception_parallel_v1_s2,S2,uniform_high,64,84,eval_mean_mean_reserve_welfare,0.7039380349370306
ecology_perception_parallel_v1_s2,S2,uniform_high,64,84,final_wealth_gini,0.4779287185417995
ecology_perception_parallel_v1_s2,S2,patchy_high,64,84,eval_mean_mean_resource_fraction,0.10071108529698454
ecology_perception_parallel_v1_s2,S2,patchy_high,64,84,eval_mean_mean_reserve_welfare,0.6963060666456562
ecology_perception_parallel_v1_s2,S2,patchy_high,64,84,final_wealth_gini,0.47401528216782385
ecology_perception_parallel_v1_s2,S2,split_high_low,64,84,eval_mean_mean_resource_fraction,0.08338088774724013
ecology_perception_parallel_v1_s2,S2,split_high_low,64,84,eval_mean_mean_reserve_welfare,0.5801880864340219
ecology_perception_parallel_v1_s2,S2,split_high_low,64,84,final_wealth_gini,0.6291560253944064
ecology_perception_parallel_v1_s2,S2,uniform_high,64,85,eval_mean_mean_resource_fraction,0.10754582833879818
ecology_perception_parallel_v1_s2,S2,uniform_high,64,85,eval_mean_mean_reserve_welfare,0.7594353113581156
ecology_perception_parallel_v1_s2,S2,uniform_high,64,85,final_wealth_gini,0.4468459609352502
ecology_perception_parallel_v1_s2,S2,patchy_high,64,85,eval_mean_mean_resource_fraction,0.09148673808681053
ecology_perception_parallel_v1_s2,S2,patchy_high,64,85,eval_mean_mean_reserve_welfare,0.6459998786050941
ecology_perception_parallel_v1_s2,S2,patchy_high,64,85,final_wealth_gini,0.5054154278927874
ecology_perception_parallel_v1_s2,S2,split_high_low,64,85,eval_mean_mean_resource_fraction,0.12608348097421407
ecology_perception_parallel_v1_s2,S2,split_high_low,64,85,eval_mean_mean_reserve_welfare,0.6378875229616615
ecology_perception_parallel_v1_s2,S2,split_high_low,64,85,final_wealth_gini,0.6340009856575555
ecology_perception_parallel_v1_s2,S2,uniform_high,64,86,eval_mean_mean_resource_fraction,0.14806503087758915
ecology_perception_parallel_v1_s2,S2,uniform_high,64,86,eval_mean_mean_reserve_welfare,0.8111382092208113
ecology_perception_parallel_v1_s2,S2,uniform_high,64,86,final_wealth_gini,0.4560806629775551
ecology_perception_parallel_v1_s2,S2,patchy_high,64,86,eval_mean_mean_resource_fraction,0.16542178673259292
ecology_perception_parallel_v1_s2,S2,patchy_high,64,86,eval_mean_mean_reserve_welfare,0.8503215063840144
ecology_perception_parallel_v1_s2,S2,patchy_high,64,86,final_wealth_gini,0.46069406677388836
ecology_perception_parallel_v1_s2,S2,split_high_low,64,86,eval_mean_mean_resource_fraction,0.10199653298421352
ecology_perception_parallel_v1_s2,S2,split_high_low,64,86,eval_mean_mean_reserve_welfare,0.648481825927659
ecology_perception_parallel_v1_s2,S2,split_high_low,64,86,final_wealth_gini,0.6369061375849545
ecology_perception_parallel_v1_s2,S2,uniform_high,64,87,eval_mean_mean_resource_fraction,0.10601844008438135
ecology_perception_parallel_v1_s2,S2,uniform_high,64,87,eval_mean_mean_reserve_welfare,0.8474782635756353
ecology_perception_parallel_v1_s2,S2,uniform_high,64,87,final_wealth_gini,0.36888051231260044
ecology_perception_parallel_v1_s2,S2,patchy_high,64,87,eval_mean_mean_resource_fraction,0.08509726145751398
ecology_perception_parallel_v1_s2,S2,patchy_high,64,87,eval_mean_mean_reserve_welfare,0.7939659227273766
ecology_perception_parallel_v1_s2,S2,patchy_high,64,87,final_wealth_gini,0.3831184906204932
ecology_perception_parallel_v1_s2,S2,split_high_low,64,87,eval_mean_mean_resource_fraction,0.17013283195727438
ecology_perception_parallel_v1_s2,S2,split_high_low,64,87,eval_mean_mean_reserve_welfare,0.7168183686796422
ecology_perception_parallel_v1_s2,S2,split_high_low,64,87,final_wealth_gini,0.6119648209848005
ecology_perception_parallel_v1_s2,S2,uniform_high,64,88,eval_mean_mean_resource_fraction,0.11218117689383314
ecology_perception_parallel_v1_s2,S2,uniform_high,64,88,eval_mean_mean_reserve_welfare,0.7191711051374645
ecology_perception_parallel_v1_s2,S2,uniform_high,64,88,final_wealth_gini,0.4996565951810443
ecology_perception_parallel_v1_s2,S2,patchy_high,64,88,eval_mean_mean_resource_fraction,0.1091778479298531
ecology_perception_parallel_v1_s2,S2,patchy_high,64,88,eval_mean_mean_reserve_welfare,0.7067082207412878
ecology_perception_parallel_v1_s2,S2,patchy_high,64,88,final_wealth_gini,0.5146460759012399
ecology_perception_parallel_v1_s2,S2,split_high_low,64,88,eval_mean_mean_resource_fraction,0.16440231510399492
ecology_perception_parallel_v1_s2,S2,split_high_low,64,88,eval_mean_mean_reserve_welfare,0.6684780374144657
ecology_perception_parallel_v1_s2,S2,split_high_low,64,88,final_wealth_gini,0.6494615087602902
ecology_perception_parallel_v1_s2,S2,uniform_high,64,89,eval_mean_mean_resource_fraction,0.11458465090042062
ecology_perception_parallel_v1_s2,S2,uniform_high,64,89,eval_mean_mean_reserve_welfare,0.7663000679802425
ecology_perception_parallel_v1_s2,S2,uniform_high,64,89,final_wealth_gini,0.45224088577751553
ecology_perception_parallel_v1_s2,S2,patchy_high,64,89,eval_mean_mean_resource_fraction,0.17020457772458383
ecology_perception_parallel_v1_s2,S2,patchy_high,64,89,eval_mean_mean_reserve_welfare,0.8967913359762042
ecology_perception_parallel_v1_s2,S2,patchy_high,64,89,final_wealth_gini,0.4019873101463385
ecology_perception_parallel_v1_s2,S2,split_high_low,64,89,eval_mean_mean_resource_fraction,0.12315703637410844
ecology_perception_parallel_v1_s2,S2,split_high_low,64,89,eval_mean_mean_reserve_welfare,0.6607116390170749
ecology_perception_parallel_v1_s2,S2,split_high_low,64,89,final_wealth_gini,0.6343886228933309
ecology_perception_parallel_v1_s2,S2,uniform_high,64,90,eval_mean_mean_resource_fraction,0.08063284716013078
ecology_perception_parallel_v1_s2,S2,uniform_high,64,90,eval_mean_mean_reserve_welfare,0.6918717357701151
ecology_perception_parallel_v1_s2,S2,uniform_high,64,90,final_wealth_gini,0.45127650812827236
ecology_perception_parallel_v1_s2,S2,patchy_high,64,90,eval_mean_mean_resource_fraction,0.1378265797287848
ecology_perception_parallel_v1_s2,S2,patchy_high,64,90,eval_mean_mean_reserve_welfare,0.8147060129791187
ecology_perception_parallel_v1_s2,S2,patchy_high,64,90,final_wealth_gini,0.4575756069177501
ecology_perception_parallel_v1_s2,S2,split_high_low,64,90,eval_mean_mean_resource_fraction,0.13629939034478433
ecology_perception_parallel_v1_s2,S2,split_high_low,64,90,eval_mean_mean_reserve_welfare,0.6445246165207061
ecology_perception_parallel_v1_s2,S2,split_high_low,64,90,final_wealth_gini,0.6288443366159577
ecology_perception_parallel_v1_s2,S2,uniform_high,64,91,eval_mean_mean_resource_fraction,0.11550895869407836
ecology_perception_parallel_v1_s2,S2,uniform_high,64,91,eval_mean_mean_reserve_welfare,0.7253940447380789
ecology_perception_parallel_v1_s2,S2,uniform_high,64,91,final_wealth_gini,0.4827244058540354
ecology_perception_parallel_v1_s2,S2,patchy_high,64,91,eval_mean_mean_resource_fraction,0.1101784933205428
ecology_perception_parallel_v1_s2,S2,patchy_high,64,91,eval_mean_mean_reserve_welfare,0.6942958958411974
ecology_perception_parallel_v1_s2,S2,patchy_high,64,91,final_wealth_gini,0.49683098902783107
ecology_perception_parallel_v1_s2,S2,split_high_low,64,91,eval_mean_mean_resource_fraction,0.13218291115520137
ecology_perception_parallel_v1_s2,S2,split_high_low,64,91,eval_mean_mean_reserve_welfare,0.6956589601256544
ecology_perception_parallel_v1_s2,S2,split_high_low,64,91,final_wealth_gini,0.5484378751007815
ecology_perception_parallel_v1_s2,S2,uniform_high,64,92,eval_mean_mean_resource_fraction,0.11591431463571154
ecology_perception_parallel_v1_s2,S2,uniform_high,64,92,eval_mean_mean_reserve_welfare,0.671583299203598
ecology_perception_parallel_v1_s2,S2,uniform_high,64,92,final_wealth_gini,0.5434134262186914
ecology_perception_parallel_v1_s2,S2,patchy_high,64,92,eval_mean_mean_resource_fraction,0.11624850863352788
ecology_perception_parallel_v1_s2,S2,patchy_high,64,92,eval_mean_mean_reserve_welfare,0.6593491288297123
ecology_perception_parallel_v1_s2,S2,patchy_high,64,92,final_wealth_gini,0.5581148883926932
ecology_perception_parallel_v1_s2,S2,split_high_low,64,92,eval_mean_mean_resource_fraction,0.09627800718621374
ecology_perception_parallel_v1_s2,S2,split_high_low,64,92,eval_mean_mean_reserve_welfare,0.5837898794144127
ecology_perception_parallel_v1_s2,S2,split_high_low,64,92,final_wealth_gini,0.6161264301261054
ecology_perception_parallel_v1_s2,S2,uniform_high,64,93,eval_mean_mean_resource_fraction,0.1287477847999488
ecology_perception_parallel_v1_s2,S2,uniform_high,64,93,eval_mean_mean_reserve_welfare,0.8302502917721818
ecology_perception_parallel_v1_s2,S2,uniform_high,64,93,final_wealth_gini,0.42436044131355
ecology_perception_parallel_v1_s2,S2,patchy_high,64,93,eval_mean_mean_resource_fraction,0.08060197386522976
ecology_perception_parallel_v1_s2,S2,patchy_high,64,93,eval_mean_mean_reserve_welfare,0.6975630123017383
ecology_perception_parallel_v1_s2,S2,patchy_high,64,93,final_wealth_gini,0.44513439574137714
ecology_perception_parallel_v1_s2,S2,split_high_low,64,93,eval_mean_mean_resource_fraction,0.16999810315063485
ecology_perception_parallel_v1_s2,S2,split_high_low,64,93,eval_mean_mean_reserve_welfare,0.6479223566585199
ecology_perception_parallel_v1_s2,S2,split_high_low,64,93,final_wealth_gini,0.6470158476767525
ecology_perception_parallel_v1_s2,S2,uniform_high,64,94,eval_mean_mean_resource_fraction,0.12243022148202647
ecology_perception_parallel_v1_s2,S2,uniform_high,64,94,eval_mean_mean_reserve_welfare,0.7757310440937406
ecology_perception_parallel_v1_s2,S2,uniform_high,64,94,final_wealth_gini,0.4467576693194244
ecology_perception_parallel_v1_s2,S2,patchy_high,64,94,eval_mean_mean_resource_fraction,0.10045922102108272
ecology_perception_parallel_v1_s2,S2,patchy_high,64,94,eval_mean_mean_reserve_welfare,0.6708036721056847
ecology_perception_parallel_v1_s2,S2,patchy_high,64,94,final_wealth_gini,0.494023702721063
ecology_perception_parallel_v1_s2,S2,split_high_low,64,94,eval_mean_mean_resource_fraction,0.10111639395821584
ecology_perception_parallel_v1_s2,S2,split_high_low,64,94,eval_mean_mean_reserve_welfare,0.631475906376229
ecology_perception_parallel_v1_s2,S2,split_high_low,64,94,final_wealth_gini,0.6220022478128144
ecology_perception_parallel_v1_s2,S2,uniform_high,64,95,eval_mean_mean_resource_fraction,0.12290910384580472
ecology_perception_parallel_v1_s2,S2,uniform_high,64,95,eval_mean_mean_reserve_welfare,0.6740921782650303
ecology_perception_parallel_v1_s2,S2,uniform_high,64,95,final_wealth_gini,0.5098645876031822
ecology_perception_parallel_v1_s2,S2,patchy_high,64,95,eval_mean_mean_resource_fraction,0.1500159667442245
ecology_perception_parallel_v1_s2,S2,patchy_high,64,95,eval_mean_mean_reserve_welfare,0.7193132256053177
ecology_perception_parallel_v1_s2,S2,patchy_high,64,95,final_wealth_gini,0.497670571009623
ecology_perception_parallel_v1_s2,S2,split_high_low,64,95,eval_mean_mean_resource_fraction,0.09467176078826384
ecology_perception_parallel_v1_s2,S2,split_high_low,64,95,eval_mean_mean_reserve_welfare,0.6765270935781619
ecology_perception_parallel_v1_s2,S2,split_high_low,64,95,final_wealth_gini,0.5602771448631403
ecology_perception_parallel_v1_s2,S2,uniform_high,64,96,eval_mean_mean_resource_fraction,0.09805383797580905
ecology_perception_parallel_v1_s2,S2,uniform_high,64,96,eval_mean_mean_reserve_welfare,0.7210258618416185
ecology_perception_parallel_v1_s2,S2,uniform_high,64,96,final_wealth_gini,0.4148165070611092
ecology_perception_parallel_v1_s2,S2,patchy_high,64,96,eval_mean_mean_resource_fraction,0.09897094844424906
ecology_perception_parallel_v1_s2,S2,patchy_high,64,96,eval_mean_mean_reserve_welfare,0.7419387230586602
ecology_perception_parallel_v1_s2,S2,patchy_high,64,96,final_wealth_gini,0.42121711875102075
ecology_perception_parallel_v1_s2,S2,split_high_low,64,96,eval_mean_mean_resource_fraction,0.20072973037232952
ecology_perception_parallel_v1_s2,S2,split_high_low,64,96,eval_mean_mean_reserve_welfare,0.7305909471776808
ecology_perception_parallel_v1_s2,S2,split_high_low,64,96,final_wealth_gini,0.583947431548131
ecology_perception_parallel_v1_s2,S2,uniform_high,64,97,eval_mean_mean_resource_fraction,0.06969777801251797
ecology_perception_parallel_v1_s2,S2,uniform_high,64,97,eval_mean_mean_reserve_welfare,0.6336454692313901
ecology_perception_parallel_v1_s2,S2,uniform_high,64,97,final_wealth_gini,0.41942685468910645
ecology_perception_parallel_v1_s2,S2,patchy_high,64,97,eval_mean_mean_resource_fraction,0.13608512350458835
ecology_perception_parallel_v1_s2,S2,patchy_high,64,97,eval_mean_mean_reserve_welfare,0.9185991690735263
ecology_perception_parallel_v1_s2,S2,patchy_high,64,97,final_wealth_gini,0.35810940328171736
ecology_perception_parallel_v1_s2,S2,split_high_low,64,97,eval_mean_mean_resource_fraction,0.16611773830827894
ecology_perception_parallel_v1_s2,S2,split_high_low,64,97,eval_mean_mean_reserve_welfare,0.7061457098085921
ecology_perception_parallel_v1_s2,S2,split_high_low,64,97,final_wealth_gini,0.5977298807519229
ecology_perception_parallel_v1_s2,S2,uniform_high,64,98,eval_mean_mean_resource_fraction,0.09872432526641887
ecology_perception_parallel_v1_s2,S2,uniform_high,64,98,eval_mean_mean_reserve_welfare,0.6964794931263604
ecology_perception_parallel_v1_s2,S2,uniform_high,64,98,final_wealth_gini,0.48866432315235153
ecology_perception_parallel_v1_s2,S2,patchy_high,64,98,eval_mean_mean_resource_fraction,0.07466861916194094
ecology_perception_parallel_v1_s2,S2,patchy_high,64,98,eval_mean_mean_reserve_welfare,0.6529448415975914
ecology_perception_parallel_v1_s2,S2,patchy_high,64,98,final_wealth_gini,0.48376245866744627
ecology_perception_parallel_v1_s2,S2,split_high_low,64,98,eval_mean_mean_resource_fraction,0.09529484539839006
ecology_perception_parallel_v1_s2,S2,split_high_low,64,98,eval_mean_mean_reserve_welfare,0.5945073986725047
ecology_perception_parallel_v1_s2,S2,split_high_low,64,98,final_wealth_gini,0.6662760343590128
ecology_perception_parallel_v1_s2,S2,uniform_high,64,99,eval_mean_mean_resource_fraction,0.09191219257148443
ecology_perception_parallel_v1_s2,S2,uniform_high,64,99,eval_mean_mean_reserve_welfare,0.7175702475712421
ecology_perception_parallel_v1_s2,S2,uniform_high,64,99,final_wealth_gini,0.4600922544889441
ecology_perception_parallel_v1_s2,S2,patchy_high,64,99,eval_mean_mean_resource_fraction,0.08971446277470768
ecology_perception_parallel_v1_s2,S2,patchy_high,64,99,eval_mean_mean_reserve_welfare,0.7361440845071366
ecology_perception_parallel_v1_s2,S2,patchy_high,64,99,final_wealth_gini,0.44366910085445266
ecology_perception_parallel_v1_s2,S2,split_high_low,64,99,eval_mean_mean_resource_fraction,0.13835017941900588
ecology_perception_parallel_v1_s2,S2,split_high_low,64,99,eval_mean_mean_reserve_welfare,0.6269133516713389
ecology_perception_parallel_v1_s2,S2,split_high_low,64,99,final_wealth_gini,0.661642328144284
ecology_perception_parallel_v1_r1_mu010,R1,uniform_high,64,0,eval_mean_mean_resource_fraction,0.1323187657520506
ecology_perception_parallel_v1_r1_mu010,R1,uniform_high,64,0,eval_mean_mean_reserve_welfare,0.8574282097036586
ecology_perception_parallel_v1_r1_mu010,R1,uniform_high,64,0,final_wealth_gini,0.3689199353070707
ecology_perception_parallel_v1_r1_mu010,R1,patchy_high,64,0,eval_mean_mean_resource_fraction,0.1283501717526055
ecology_perception_parallel_v1_r1_mu010,R1,patchy_high,64,0,eval_mean_mean_reserve_welfare,0.8049003972013262
ecology_perception_parallel_v1_r1_mu010,R1,patchy_high,64,0,final_wealth_gini,0.43976270881756285
ecology_perception_parallel_v1_r1_mu010,R1,split_high_low,64,0,eval_mean_mean_resource_fraction,0.08406811831064573
ecology_perception_parallel_v1_r1_mu010,R1,split_high_low,64,0,eval_mean_mean_reserve_welfare,0.7199472713852982
ecology_perception_parallel_v1_r1_mu010,R1,split_high_low,64,0,final_wealth_gini,0.5569904614807404
ecology_perception_parallel_v1_r1_mu010,R1,uniform_high,64,1,eval_mean_mean_resource_fraction,0.14496863389222078
ecology_perception_parallel_v1_r1_mu010,R1,uniform_high,64,1,eval_mean_mean_reserve_welfare,0.8621648766767335
ecology_perception_parallel_v1_r1_mu010,R1,uniform_high,64,1,final_wealth_gini,0.42377307445312784
ecology_perception_parallel_v1_r1_mu010,R1,patchy_high,64,1,eval_mean_mean_resource_fraction,0.06336051802758483
ecology_perception_parallel_v1_r1_mu010,R1,patchy_high,64,1,eval_mean_mean_reserve_welfare,0.566744484496944
ecology_perception_parallel_v1_r1_mu010,R1,patchy_high,64,1,final_wealth_gini,0.48563996048865454
ecology_perception_parallel_v1_r1_mu010,R1,split_high_low,64,1,eval_mean_mean_resource_fraction,0.12178688957098809
ecology_perception_parallel_v1_r1_mu010,R1,split_high_low,64,1,eval_mean_mean_reserve_welfare,0.7117378892779203
ecology_perception_parallel_v1_r1_mu010,R1,split_high_low,64,1,final_wealth_gini,0.5880514818153622
ecology_perception_parallel_v1_r1_mu010,R1,uniform_high,64,2,eval_mean_mean_resource_fraction,0.08421078304245842
ecology_perception_parallel_v1_r1_mu010,R1,uniform_high,64,2,eval_mean_mean_reserve_welfare,0.7324003792938336
ecology_perception_parallel_v1_r1_mu010,R1,uniform_high,64,2,final_wealth_gini,0.3962438966785824
ecology_perception_parallel_v1_r1_mu010,R1,patchy_high,64,2,eval_mean_mean_resource_fraction,0.07719755154912195
ecology_perception_parallel_v1_r1_mu010,R1,patchy_high,64,2,eval_mean_mean_reserve_welfare,0.6495924745103744
ecology_perception_parallel_v1_r1_mu010,R1,patchy_high,64,2,final_wealth_gini,0.4024849641221737
ecology_perception_parallel_v1_r1_mu010,R1,split_high_low,64,2,eval_mean_mean_resource_fraction,0.09591594835349955
ecology_perception_parallel_v1_r1_mu010,R1,split_high_low,64,2,eval_mean_mean_reserve_welfare,0.7402118647017111
ecology_perception_parallel_v1_r1_mu010,R1,split_high_low,64,2,final_wealth_gini,0.5328545642008407
ecology_perception_parallel_v1_r1_mu010,R1,uniform_high,64,3,eval_mean_mean_resource_fraction,0.0707839625045109
ecology_perception_parallel_v1_r1_mu010,R1,uniform_high,64,3,eval_mean_mean_reserve_welfare,0.6750370413744788
ecology_perception_parallel_v1_r1_mu010,R1,uniform_high,64,3,final_wealth_gini,0.4615125999504275
ecology_perception_parallel_v1_r1_mu010,R1,patchy_high,64,3,eval_mean_mean_resource_fraction,0.08129110696945333
ecology_perception_parallel_v1_r1_mu010,R1,patchy_high,64,3,eval_mean_mean_reserve_welfare,0.6692795058045187
ecology_perception_parallel_v1_r1_mu010,R1,patchy_high,64,3,final_wealth_gini,0.49447413336603474
ecology_perception_parallel_v1_r1_mu010,R1,split_high_low,64,3,eval_mean_mean_resource_fraction,0.1472561171095103
ecology_perception_parallel_v1_r1_mu010,R1,split_high_low,64,3,eval_mean_mean_reserve_welfare,0.6011272278193157
ecology_perception_parallel_v1_r1_mu010,R1,split_high_low,64,3,final_wealth_gini,0.682375575351521
ecology_perception_parallel_v1_r1_mu010,R1,uniform_high,64,4,eval_mean_mean_resource_fraction,0.1064150620328089
ecology_perception_parallel_v1_r1_mu010,R1,uniform_high,64,4,eval_mean_mean_reserve_welfare,0.7704722734026325
ecology_perception_parallel_v1_r1_mu010,R1,uniform_high,64,4,final_wealth_gini,0.43254272135514493
ecology_perception_parallel_v1_r1_mu010,R1,patchy_high,64,4,eval_mean_mean_resource_fraction,0.11625566091844795
ecology_perception_parallel_v1_r1_mu010,R1,patchy_high,64,4,eval_mean_mean_reserve_welfare,0.7895366694186953
ecology_perception_parallel_v1_r1_mu010,R1,patchy_high,64,4,final_wealth_gini,0.44203937967514917
ecology_perception_parallel_v1_r1_mu010,R1,split_high_low,64,4,eval_mean_mean_resource_fraction,0.11427202949586913
ecology_perception_parallel_v1_r1_mu010,R1,split_high_low,64,4,eval_mean_mean_reserve_welfare,0.633806512309669
ecology_perception_parallel_v1_r1_mu010,R1,split_high_low,64,4,final_wealth_gini,0.6338993280577785
ecology_perception_parallel_v1_r1_mu010,R1,uniform_high,64,5,eval_mean_mean_resource_fraction,0.10953647588612378
ecology_perception_parallel_v1_r1_mu010,R1,uniform_high,64,5,eval_mean_mean_reserve_welfare,0.7522958351905006
ecology_perception_parallel_v1_r1_mu010,R1,uniform_high,64,5,final_wealth_gini,0.45823988065122667
ecology_perception_parallel_v1_r1_mu010,R1,patchy_high,64,5,eval_mean_mean_resource_fraction,0.08475046390411299
ecology_perception_parallel_v1_r1_mu010,R1,patchy_high,64,5,eval_mean_mean_reserve_welfare,0.674535881544232
ecology_perception_parallel_v1_r1_mu010,R1,patchy_high,64,5,final_wealth_gini,0.47594433516602064
ecology_perception_parallel_v1_r1_mu010,R1,split_high_low,64,5,eval_mean_mean_resource_fraction,0.10272698729080576
ecology_perception_parallel_v1_r1_mu010,R1,split_high_low,64,5,eval_mean_mean_reserve_welfare,0.679654122425931
ecology_perception_parallel_v1_r1_mu010,R1,split_high_low,64,5,final_wealth_gini,0.5814259309317973
ecology_perception_parallel_v1_r1_mu010,R1,uniform_high,64,6,eval_mean_mean_resource_fraction,0.10990784811253483
ecology_perception_parallel_v1_r1_mu010,R1,uniform_high,64,6,eval_mean_mean_reserve_welfare,0.713528407649304
ecology_perception_parallel_v1_r1_mu010,R1,uniform_high,64,6,final_wealth_gini,0.485568373580602
ecology_perception_parallel_v1_r1_mu010,R1,patchy_high,64,6,eval_mean_mean_resource_fraction,0.11344304646554823
ecology_perception_parallel_v1_r1_mu010,R1,patchy_high,64,6,eval_mean_mean_reserve_welfare,0.7307999073394823
ecology_perception_parallel_v1_r1_mu010,R1,patchy_high,64,6,final_wealth_gini,0.4644027888352227
ecology_perception_parallel_v1_r1_mu010,R1,split_high_low,64,6,eval_mean_mean_resource_fraction,0.13883246520270404
ecology_perception_parallel_v1_r1_mu010,R1,split_high_low,64,6,eval_mean_mean_reserve_welfare,0.7289263706093724
ecology_perception_parallel_v1_r1_mu010,R1,split_high_low,64,6,final_wealth_gini,0.552249904834129
ecology_perception_parallel_v1_r1_mu010,R1,uniform_high,64,7,eval_mean_mean_resource_fraction,0.06917856764043653
ecology_perception_parallel_v1_r1_mu010,R1,uniform_high,64,7,eval_mean_mean_reserve_welfare,0.659805987923239
ecology_perception_parallel_v1_r1_mu010,R1,uniform_high,64,7,final_wealth_gini,0.4616706878531953
ecology_perception_parallel_v1_r1_mu010,R1,patchy_high,64,7,eval_mean_mean_resource_fraction,0.0700533864832698
ecology_perception_parallel_v1_r1_mu010,R1,patchy_high,64,7,eval_mean_mean_reserve_welfare,0.6771831207013248
ecology_perception_parallel_v1_r1_mu010,R1,patchy_high,64,7,final_wealth_gini,0.45606773012277135
ecology_perception_parallel_v1_r1_mu010,R1,split_high_low,64,7,eval_mean_mean_resource_fraction,0.14707380739803005
ecology_perception_parallel_v1_r1_mu010,R1,split_high_low,64,7,eval_mean_mean_reserve_welfare,0.6431288251025669
ecology_perception_parallel_v1_r1_mu010,R1,split_high_low,64,7,final_wealth_gini,0.6385399244794698
ecology_perception_parallel_v1_r1_mu010,R1,uniform_high,64,8,eval_mean_mean_resource_fraction,0.16031056691933035
ecology_perception_parallel_v1_r1_mu010,R1,uniform_high,64,8,eval_mean_mean_reserve_welfare,0.7029006653115296
ecology_perception_parallel_v1_r1_mu010,R1,uniform_high,64,8,final_wealth_gini,0.5703248745321932
ecology_perception_parallel_v1_r1_mu010,R1,patchy_high,64,8,eval_mean_mean_resource_fraction,0.16063175800949475
ecology_perception_parallel_v1_r1_mu010,R1,patchy_high,64,8,eval_mean_mean_reserve_welfare,0.695709212502316
ecology_perception_parallel_v1_r1_mu010,R1,patchy_high,64,8,final_wealth_gini,0.5630611020807983
ecology_perception_parallel_v1_r1_mu010,R1,split_high_low,64,8,eval_mean_mean_resource_fraction,0.132477182897365
ecology_perception_parallel_v1_r1_mu010,R1,split_high_low,64,8,eval_mean_mean_reserve_welfare,0.7173143508751907
ecology_perception_parallel_v1_r1_mu010,R1,split_high_low,64,8,final_wealth_gini,0.5506769924680093
ecology_perception_parallel_v1_r1_mu010,R1,uniform_high,64,9,eval_mean_mean_resource_fraction,0.12407908454755474
ecology_perception_parallel_v1_r1_mu010,R1,uniform_high,64,9,eval_mean_mean_reserve_welfare,0.7089895040708631
ecology_perception_parallel_v1_r1_mu010,R1,uniform_high,64,9,final_wealth_gini,0.4993476731745419
ecology_perception_parallel_v1_r1_mu010,R1,patchy_high,64,9,eval_mean_mean_resource_fraction,0.12315075600177734
ecology_perception_parallel_v1_r1_mu010,R1,patchy_high,64,9,eval_mean_mean_reserve_welfare,0.7198039884937727
ecology_perception_parallel_v1_r1_mu010,R1,patchy_high,64,9,final_wealth_gini,0.48171716230808714
ecology_perception_parallel_v1_r1_mu010,R1,split_high_low,64,9,eval_mean_mean_resource_fraction,0.16704887540205396
ecology_perception_parallel_v1_r1_mu010,R1,split_high_low,64,9,eval_mean_mean_reserve_welfare,0.656318680954621
ecology_perception_parallel_v1_r1_mu010,R1,split_high_low,64,9,final_wealth_gini,0.6161094268401968
ecology_perception_parallel_v1_r1_mu010,R1,uniform_high,64,10,eval_mean_mean_resource_fraction,0.10555436765075439
ecology_perception_parallel_v1_r1_mu010,R1,uniform_high,64,10,eval_mean_mean_reserve_welfare,0.8147967488087947
ecology_perception_parallel_v1_r1_mu010,R1,uniform_high,64,10,final_wealth_gini,0.3970409297213271
ecology_perception_parallel_v1_r1_mu010,R1,patchy_high,64,10,eval_mean_mean_resource_fraction,0.11121633973376505
ecology_perception_parallel_v1_r1_mu010,R1,patchy_high,64,10,eval_mean_mean_reserve_welfare,0.8233189492860961
ecology_perception_parallel_v1_r1_mu010,R1,patchy_high,64,10,final_wealth_gini,0.4039219957894651
ecology_perception_parallel_v1_r1_mu010,R1,split_high_low,64,10,eval_mean_mean_resource_fraction,0.12870846626174323
ecology_perception_parallel_v1_r1_mu010,R1,split_high_low,64,10,eval_mean_mean_reserve_welfare,0.6471751350660314
ecology_perception_parallel_v1_r1_mu010,R1,split_high_low,64,10,final_wealth_gini,0.5862375110946927
ecology_perception_parallel_v1_r1_mu010,R1,uniform_high,64,11,eval_mean_mean_resource_fraction,0.09829536797411313
ecology_perception_parallel_v1_r1_mu010,R1,uniform_high,64,11,eval_mean_mean_reserve_welfare,0.6471801553726524
ecology_perception_parallel_v1_r1_mu010,R1,uniform_high,64,11,final_wealth_gini,0.5508417605424538
ecology_perception_parallel_v1_r1_mu010,R1,patchy_high,64,11,eval_mean_mean_resource_fraction,0.11650788191198631
ecology_perception_parallel_v1_r1_mu010,R1,patchy_high,64,11,eval_mean_mean_reserve_welfare,0.6559023170703433
ecology_perception_parallel_v1_r1_mu010,R1,patchy_high,64,11,final_wealth_gini,0.5022393057151071
ecology_perception_parallel_v1_r1_mu010,R1,split_high_low,64,11,eval_mean_mean_resource_fraction,0.08171809194483937
ecology_perception_parallel_v1_r1_mu010,R1,split_high_low,64,11,eval_mean_mean_reserve_welfare,0.5788222127566661
ecology_perception_parallel_v1_r1_mu010,R1,split_high_low,64,11,final_wealth_gini,0.6032514789806318
ecology_perception_parallel_v1_r1_mu010,R1,uniform_high,64,12,eval_mean_mean_resource_fraction,0.11457121881907605
ecology_perception_parallel_v1_r1_mu010,R1,uniform_high,64,12,eval_mean_mean_reserve_welfare,0.7891935606947603
ecology_perception_parallel_v1_r1_mu010,R1,uniform_high,64,12,final_wealth_gini,0.4079122127514567
ecology_perception_parallel_v1_r1_mu010,R1,patchy_high,64,12,eval_mean_mean_resource_fraction,0.16359591703941237
ecology_perception_parallel_v1_r1_mu010,R1,patchy_high,64,12,eval_mean_mean_reserve_welfare,0.9275639461707517
ecology_perception_parallel_v1_r1_mu010,R1,patchy_high,64,12,final_wealth_gini,0.3690487556893922
ecology_perception_parallel_v1_r1_mu010,R1,split_high_low,64,12,eval_mean_mean_resource_fraction,0.17883076588986893
ecology_perception_parallel_v1_r1_mu010,R1,split_high_low,64,12,eval_mean_mean_reserve_welfare,0.6108013544026807
ecology_perception_parallel_v1_r1_mu010,R1,split_high_low,64,12,final_wealth_gini,0.6934235659872083
ecology_perception_parallel_v1_r1_mu010,R1,uniform_high,64,13,eval_mean_mean_resource_fraction,0.11008420831096052
ecology_perception_parallel_v1_r1_mu010,R1,uniform_high,64,13,eval_mean_mean_reserve_welfare,0.7396966722431683
ecology_perception_parallel_v1_r1_mu010,R1,uniform_high,64,13,final_wealth_gini,0.49219579675759073
ecology_perception_parallel_v1_r1_mu010,R1,patchy_high,64,13,eval_mean_mean_resource_fraction,0.085791367600923
ecology_perception_parallel_v1_r1_mu010,R1,patchy_high,64,13,eval_mean_mean_reserve_welfare,0.6265947569641528
ecology_perception_parallel_v1_r1_mu010,R1,patchy_high,64,13,final_wealth_gini,0.5379586606880962
ecology_perception_parallel_v1_r1_mu010,R1,split_high_low,64,13,eval_mean_mean_resource_fraction,0.13195320091281418
ecology_perception_parallel_v1_r1_mu010,R1,split_high_low,64,13,eval_mean_mean_reserve_welfare,0.5970007456724968
ecology_perception_parallel_v1_r1_mu010,R1,split_high_low,64,13,final_wealth_gini,0.6889368093794024
ecology_perception_parallel_v1_r1_mu010,R1,uniform_high,64,14,eval_mean_mean_resource_fraction,0.08769174274357186
ecology_perception_parallel_v1_r1_mu010,R1,uniform_high,64,14,eval_mean_mean_reserve_welfare,0.7559406063212567
ecology_perception_parallel_v1_r1_mu010,R1,uniform_high,64,14,final_wealth_gini,0.4023712765872709
ecology_perception_parallel_v1_r1_mu010,R1,patchy_high,64,14,eval_mean_mean_resource_fraction,0.08426041996728455
ecology_perception_parallel_v1_r1_mu010,R1,patchy_high,64,14,eval_mean_mean_reserve_welfare,0.7774335797615154
ecology_perception_parallel_v1_r1_mu010,R1,patchy_high,64,14,final_wealth_gini,0.3765434723755283
ecology_perception_parallel_v1_r1_mu010,R1,split_high_low,64,14,eval_mean_mean_resource_fraction,0.11984164721937915
ecology_perception_parallel_v1_r1_mu010,R1,split_high_low,64,14,eval_mean_mean_reserve_welfare,0.578250022034653
ecology_perception_parallel_v1_r1_mu010,R1,split_high_low,64,14,final_wealth_gini,0.691130053295498
ecology_perception_parallel_v1_r1_mu010,R1,uniform_high,64,15,eval_mean_mean_resource_fraction,0.1233074975066098
ecology_perception_parallel_v1_r1_mu010,R1,uniform_high,64,15,eval_mean_mean_reserve_welfare,0.8126342455866381
ecology_perception_parallel_v1_r1_mu010,R1,uniform_high,64,15,final_wealth_gini,0.42663315274708746
ecology_perception_parallel_v1_r1_mu010,R1,patchy_high,64,15,eval_mean_mean_resource_fraction,0.12098999312067645
ecology_perception_parallel_v1_r1_mu010,R1,patchy_high,64,15,eval_mean_mean_reserve_welfare,0.7276570600338853
ecology_perception_parallel_v1_r1_mu010,R1,patchy_high,64,15,final_wealth_gini,0.4843939645370503
ecology_perception_parallel_v1_r1_mu010,R1,split_high_low,64,15,eval_mean_mean_resource_fraction,0.08370435391217891
ecology_perception_parallel_v1_r1_mu010,R1,split_high_low,64,15,eval_mean_mean_reserve_welfare,0.5763094379893992
ecology_perception_parallel_v1_r1_mu010,R1,split_high_low,64,15,final_wealth_gini,0.6512510107731797
ecology_perception_parallel_v1_r1_mu010,R1,uniform_high,64,16,eval_mean_mean_resource_fraction,0.12724455412083932
ecology_perception_parallel_v1_r1_mu010,R1,uniform_high,64,16,eval_mean_mean_reserve_welfare,0.869236997819967
ecology_perception_parallel_v1_r1_mu010,R1,uniform_high,64,16,final_wealth_gini,0.37005705119399535
ecology_perception_parallel_v1_r1_mu010,R1,patchy_high,64,16,eval_mean_mean_resource_fraction,0.1367936063793004
ecology_perception_parallel_v1_r1_mu010,R1,patchy_high,64,16,eval_mean_mean_reserve_welfare,0.747808443524852
ecology_perception_parallel_v1_r1_mu010,R1,patchy_high,64,16,final_wealth_gini,0.47191826032572726
ecology_perception_parallel_v1_r1_mu010,R1,split_high_low,64,16,eval_mean_mean_resource_fraction,0.09100144167853298
ecology_perception_parallel_v1_r1_mu010,R1,split_high_low,64,16,eval_mean_mean_reserve_welfare,0.5248979846800517
ecology_perception_parallel_v1_r1_mu010,R1,split_high_low,64,16,final_wealth_gini,0.6799231942978521
ecology_perception_parallel_v1_r1_mu010,R1,uniform_high,64,17,eval_mean_mean_resource_fraction,0.12777158380554562
ecology_perception_parallel_v1_r1_mu010,R1,uniform_high,64,17,eval_mean_mean_reserve_welfare,0.7181668693392887
ecology_perception_parallel_v1_r1_mu010,R1,uniform_high,64,17,final_wealth_gini,0.5249999624358657
ecology_perception_parallel_v1_r1_mu010,R1,patchy_high,64,17,eval_mean_mean_resource_fraction,0.1174768131208488
ecology_perception_parallel_v1_r1_mu010,R1,patchy_high,64,17,eval_mean_mean_reserve_welfare,0.6690565686486792
ecology_perception_parallel_v1_r1_mu010,R1,patchy_high,64,17,final_wealth_gini,0.5347309080868097
ecology_perception_parallel_v1_r1_mu010,R1,split_high_low,64,17,eval_mean_mean_resource_fraction,0.14552042610357077
ecology_perception_parallel_v1_r1_mu010,R1,split_high_low,64,17,eval_mean_mean_reserve_welfare,0.6007834696574637
ecology_perception_parallel_v1_r1_mu010,R1,split_high_low,64,17,final_wealth_gini,0.6787082987833191
ecology_perception_parallel_v1_r1_mu010,R1,uniform_high,64,18,eval_mean_mean_resource_fraction,0.09824005354615406
ecology_perception_parallel_v1_r1_mu010,R1,uniform_high,64,18,eval_mean_mean_reserve_welfare,0.8205251414085722
ecology_perception_parallel_v1_r1_mu010,R1,uniform_high,64,18,final_wealth_gini,0.36839636389607544
ecology_perception_parallel_v1_r1_mu010,R1,patchy_high,64,18,eval_mean_mean_resource_fraction,0.13990083773555298
ecology_perception_parallel_v1_r1_mu010,R1,patchy_high,64,18,eval_mean_mean_reserve_welfare,0.7980709999807832
ecology_perception_parallel_v1_r1_mu010,R1,patchy_high,64,18,final_wealth_gini,0.4510931339249664
ecology_perception_parallel_v1_r1_mu010,R1,split_high_low,64,18,eval_mean_mean_resource_fraction,0.08852592946202839
ecology_perception_parallel_v1_r1_mu010,R1,split_high_low,64,18,eval_mean_mean_reserve_welfare,0.6210741668195361
ecology_perception_parallel_v1_r1_mu010,R1,split_high_low,64,18,final_wealth_gini,0.5998346134835899
ecology_perception_parallel_v1_r1_mu010,R1,uniform_high,64,19,eval_mean_mean_resource_fraction,0.1058664310362804
ecology_perception_parallel_v1_r1_mu010,R1,uniform_high,64,19,eval_mean_mean_reserve_welfare,0.7290040998479258
ecology_perception_parallel_v1_r1_mu010,R1,uniform_high,64,19,final_wealth_gini,0.44622022187796895
ecology_perception_parallel_v1_r1_mu010,R1,patchy_high,64,19,eval_mean_mean_resource_fraction,0.09904056517852136
ecology_perception_parallel_v1_r1_mu010,R1,patchy_high,64,19,eval_mean_mean_reserve_welfare,0.7780311359120069
ecology_perception_parallel_v1_r1_mu010,R1,patchy_high,64,19,final_wealth_gini,0.4088982914794399
ecology_perception_parallel_v1_r1_mu010,R1,split_high_low,64,19,eval_mean_mean_resource_fraction,0.11079948133926842
ecology_perception_parallel_v1_r1_mu010,R1,split_high_low,64,19,eval_mean_mean_reserve_welfare,0.6741644395908586
ecology_perception_parallel_v1_r1_mu010,R1,split_high_low,64,19,final_wealth_gini,0.5954692862470703
ecology_perception_parallel_v1_r1_mu010,R1,uniform_high,64,20,eval_mean_mean_resource_fraction,0.09335359360156814
ecology_perception_parallel_v1_r1_mu010,R1,uniform_high,64,20,eval_mean_mean_reserve_welfare,0.6883688719975887
ecology_perception_parallel_v1_r1_mu010,R1,uniform_high,64,20,final_wealth_gini,0.491521543244956
ecology_perception_parallel_v1_r1_mu010,R1,patchy_high,64,20,eval_mean_mean_resource_fraction,0.09334660297875721
ecology_perception_parallel_v1_r1_mu010,R1,patchy_high,64,20,eval_mean_mean_reserve_welfare,0.7188325016642916
ecology_perception_parallel_v1_r1_mu010,R1,patchy_high,64,20,final_wealth_gini,0.4727821607641287
ecology_perception_parallel_v1_r1_mu010,R1,split_high_low,64,20,eval_mean_mean_resource_fraction,0.09412258899552114
ecology_perception_parallel_v1_r1_mu010,R1,split_high_low,64,20,eval_mean_mean_reserve_welfare,0.5210472886861909
ecology_perception_parallel_v1_r1_mu010,R1,split_high_low,64,20,final_wealth_gini,0.6713704434273495
ecology_perception_parallel_v1_r1_mu010,R1,uniform_high,64,21,eval_mean_mean_resource_fraction,0.09233870930458549
ecology_perception_parallel_v1_r1_mu010,R1,uniform_high,64,21,eval_mean_mean_reserve_welfare,0.7020395113200805
ecology_perception_parallel_v1_r1_mu010,R1,uniform_high,64,21,final_wealth_gini,0.4582075552043676
ecology_perception_parallel_v1_r1_mu010,R1,patchy_high,64,21,eval_mean_mean_resource_fraction,0.10261218756940957
ecology_perception_parallel_v1_r1_mu010,R1,patchy_high,64,21,eval_mean_mean_reserve_welfare,0.7280245138358437
ecology_perception_parallel_v1_r1_mu010,R1,patchy_high,64,21,final_wealth_gini,0.48151041730358735
ecology_perception_parallel_v1_r1_mu010,R1,split_high_low,64,21,eval_mean_mean_resource_fraction,0.11134936050727666
ecology_perception_parallel_v1_r1_mu010,R1,split_high_low,64,21,eval_mean_mean_reserve_welfare,0.6135817569589959
ecology_perception_parallel_v1_r1_mu010,R1,split_high_low,64,21,final_wealth_gini,0.6603827360859911
ecology_perception_parallel_v1_r1_mu010,R1,uniform_high,64,22,eval_mean_mean_resource_fraction,0.10694781023264154
ecology_perception_parallel_v1_r1_mu010,R1,uniform_high,64,22,eval_mean_mean_reserve_welfare,0.799436503300673
ecology_perception_parallel_v1_r1_mu010,R1,uniform_high,64,22,final_wealth_gini,0.39507654087507715
ecology_perception_parallel_v1_r1_mu010,R1,patchy_high,64,22,eval_mean_mean_resource_fraction,0.06821972611976983
ecology_perception_parallel_v1_r1_mu010,R1,patchy_high,64,22,eval_mean_mean_reserve_welfare,0.6952702694323798
ecology_perception_parallel_v1_r1_mu010,R1,patchy_high,64,22,final_wealth_gini,0.37407604529374594
ecology_perception_parallel_v1_r1_mu010,R1,split_high_low,64,22,eval_mean_mean_resource_fraction,0.1396817461150563
ecology_perception_parallel_v1_r1_mu010,R1,split_high_low,64,22,eval_mean_mean_reserve_welfare,0.7040569967952499
ecology_perception_parallel_v1_r1_mu010,R1,split_high_low,64,22,final_wealth_gini,0.610211734271215
ecology_perception_parallel_v1_r1_mu010,R1,uniform_high,64,23,eval_mean_mean_resource_fraction,0.10145381309537325
ecology_perception_parallel_v1_r1_mu010,R1,uniform_high,64,23,eval_mean_mean_reserve_welfare,0.7675255585894263
ecology_perception_parallel_v1_r1_mu010,R1,uniform_high,64,23,final_wealth_gini,0.4252306710317455
ecology_perception_parallel_v1_r1_mu010,R1,patchy_high,64,23,eval_mean_mean_resource_fraction,0.13680046542255295
ecology_perception_parallel_v1_r1_mu010,R1,patchy_high,64,23,eval_mean_mean_reserve_welfare,0.7912799134807679
ecology_perception_parallel_v1_r1_mu010,R1,patchy_high,64,23,final_wealth_gini,0.45052144770691327
ecology_perception_parallel_v1_r1_mu010,R1,split_high_low,64,23,eval_mean_mean_resource_fraction,0.14038528839774278
ecology_perception_parallel_v1_r1_mu010,R1,split_high_low,64,23,eval_mean_mean_reserve_welfare,0.6523549155848863
ecology_perception_parallel_v1_r1_mu010,R1,split_high_low,64,23,final_wealth_gini,0.6062352666524184
ecology_perception_parallel_v1_r1_mu010,R1,uniform_high,64,24,eval_mean_mean_resource_fraction,0.07397546090326901
ecology_perception_parallel_v1_r1_mu010,R1,uniform_high,64,24,eval_mean_mean_reserve_welfare,0.6951259560128383
ecology_perception_parallel_v1_r1_mu010,R1,uniform_high,64,24,final_wealth_gini,0.4305885415353121
ecology_perception_parallel_v1_r1_mu010,R1,patchy_high,64,24,eval_mean_mean_resource_fraction,0.08357099212179503
ecology_perception_parallel_v1_r1_mu010,R1,patchy_high,64,24,eval_mean_mean_reserve_welfare,0.7382588987714228
ecology_perception_parallel_v1_r1_mu010,R1,patchy_high,64,24,final_wealth_gini,0.42091693137292974
ecology_perception_parallel_v1_r1_mu010,R1,split_high_low,64,24,eval_mean_mean_resource_fraction,0.13514487954493803
ecology_perception_parallel_v1_r1_mu010,R1,split_high_low,64,24,eval_mean_mean_reserve_welfare,0.7064772170503049
ecology_perception_parallel_v1_r1_mu010,R1,split_high_low,64,24,final_wealth_gini,0.5408006803555163
ecology_perception_parallel_v1_r1_mu010,R1,uniform_high,64,25,eval_mean_mean_resource_fraction,0.1015695255545591
ecology_perception_parallel_v1_r1_mu010,R1,uniform_high,64,25,eval_mean_mean_reserve_welfare,0.7743006826324483
ecology_perception_parallel_v1_r1_mu010,R1,uniform_high,64,25,final_wealth_gini,0.4415116955386018
ecology_perception_parallel_v1_r1_mu010,R1,patchy_high,64,25,eval_mean_mean_resource_fraction,0.08291314161907538
ecology_perception_parallel_v1_r1_mu010,R1,patchy_high,64,25,eval_mean_mean_reserve_welfare,0.6998610416086724
ecology_perception_parallel_v1_r1_mu010,R1,patchy_high,64,25,final_wealth_gini,0.41548996718288245
ecology_perception_parallel_v1_r1_mu010,R1,split_high_low,64,25,eval_mean_mean_resource_fraction,0.11364599698469276
ecology_perception_parallel_v1_r1_mu010,R1,split_high_low,64,25,eval_mean_mean_reserve_welfare,0.6371948139673143
ecology_perception_parallel_v1_r1_mu010,R1,split_high_low,64,25,final_wealth_gini,0.6375512687215099
ecology_perception_parallel_v1_r1_mu010,R1,uniform_high,64,26,eval_mean_mean_resource_fraction,0.14287966837263297
ecology_perception_parallel_v1_r1_mu010,R1,uniform_high,64,26,eval_mean_mean_reserve_welfare,0.8703752583214116
ecology_perception_parallel_v1_r1_mu010,R1,uniform_high,64,26,final_wealth_gini,0.40553201301331665
ecology_perception_parallel_v1_r1_mu010,R1,patchy_high,64,26,eval_mean_mean_resource_fraction,0.08808456042698702
ecology_perception_parallel_v1_r1_mu010,R1,patchy_high,64,26,eval_mean_mean_reserve_welfare,0.750974802788881
ecology_perception_parallel_v1_r1_mu010,R1,patchy_high,64,26,final_wealth_gini,0.3970158482649744
ecology_perception_parallel_v1_r1_mu010,R1,split_high_low,64,26,eval_mean_mean_resource_fraction,0.08917393933055846
ecology_perception_parallel_v1_r1_mu010,R1,split_high_low,64,26,eval_mean_mean_reserve_welfare,0.5832401902355732
ecology_perception_parallel_v1_r1_mu010,R1,split_high_low,64,26,final_wealth_gini,0.6303504347395568
ecology_perception_parallel_v1_r1_mu010,R1,uniform_high,64,27,eval_mean_mean_resource_fraction,0.11258354133750874
ecology_perception_parallel_v1_r1_mu010,R1,uniform_high,64,27,eval_mean_mean_reserve_welfare,0.7865175237179883
ecology_perception_parallel_v1_r1_mu010,R1,uniform_high,64,27,final_wealth_gini,0.4360738380304887
ecology_perception_parallel_v1_r1_mu010,R1,patchy_high,64,27,eval_mean_mean_resource_fraction,0.11390519004877259
ecology_perception_parallel_v1_r1_mu010,R1,patchy_high,64,27,eval_mean_mean_reserve_welfare,0.831058048741377
ecology_perception_parallel_v1_r1_mu010,R1,patchy_high,64,27,final_wealth_gini,0.409367306292989
ecology_perception_parallel_v1_r1_mu010,R1,split_high_low,64,27,eval_mean_mean_resource_fraction,0.10038286620424686
ecology_perception_parallel_v1_r1_mu010,R1,split_high_low,64,27,eval_mean_mean_reserve_welfare,0.6370896993813412
ecology_perception_parallel_v1_r1_mu010,R1,split_high_low,64,27,final_wealth_gini,0.6163538066643903
ecology_perception_parallel_v1_r1_mu010,R1,uniform_high,64,28,eval_mean_mean_resource_fraction,0.14673454753324666
ecology_perception_parallel_v1_r1_mu010,R1,uniform_high,64,28,eval_mean_mean_reserve_welfare,0.8573999026995589
ecology_perception_parallel_v1_r1_mu010,R1,uniform_high,64,28,final_wealth_gini,0.4274709635802545
ecology_perception_parallel_v1_r1_mu010,R1,patchy_high,64,28,eval_mean_mean_resource_fraction,0.13563173577895873
ecology_perception_parallel_v1_r1_mu010,R1,patchy_high,64,28,eval_mean_mean_reserve_welfare,0.897648387153229
ecology_perception_parallel_v1_r1_mu010,R1,patchy_high,64,28,final_wealth_gini,0.3805554025640274
ecology_perception_parallel_v1_r1_mu010,R1,split_high_low,64,28,eval_mean_mean_resource_fraction,0.1438433859110644
ecology_perception_parallel_v1_r1_mu010,R1,split_high_low,64,28,eval_mean_mean_reserve_welfare,0.6094625900647904
ecology_perception_parallel_v1_r1_mu010,R1,split_high_low,64,28,final_wealth_gini,0.6804674049683952
ecology_perception_parallel_v1_r1_mu010,R1,uniform_high,64,29,eval_mean_mean_resource_fraction,0.15138676175724985
ecology_perception_parallel_v1_r1_mu010,R1,uniform_high,64,29,eval_mean_mean_reserve_welfare,0.8817530358658707
ecology_perception_parallel_v1_r1_mu010,R1,uniform_high,64,29,final_wealth_gini,0.4101690503933486
ecology_perception_parallel_v1_r1_mu010,R1,patchy_high,64,29,eval_mean_mean_resource_fraction,0.19788158878383635
ecology_perception_parallel_v1_r1_mu010,R1,patchy_high,64,29,eval_mean_mean_reserve_welfare,0.9125556800146941
ecology_perception_parallel_v1_r1_mu010,R1,patchy_high,64,29,final_wealth_gini,0.37491106689589127
ecology_perception_parallel_v1_r1_mu010,R1,split_high_low,64,29,eval_mean_mean_resource_fraction,0.09421770713770045
ecology_perception_parallel_v1_r1_mu010,R1,split_high_low,64,29,eval_mean_mean_reserve_welfare,0.6739383706155289
ecology_perception_parallel_v1_r1_mu010,R1,split_high_low,64,29,final_wealth_gini,0.5408270677862128
ecology_perception_parallel_v1_r1_mu010,R1,uniform_high,64,30,eval_mean_mean_resource_fraction,0.07956626250368343
ecology_perception_parallel_v1_r1_mu010,R1,uniform_high,64,30,eval_mean_mean_reserve_welfare,0.6377286310444522
ecology_perception_parallel_v1_r1_mu010,R1,uniform_high,64,30,final_wealth_gini,0.4877068342056321
ecology_perception_parallel_v1_r1_mu010,R1,patchy_high,64,30,eval_mean_mean_resource_fraction,0.10860214197595026
ecology_perception_parallel_v1_r1_mu010,R1,patchy_high,64,30,eval_mean_mean_reserve_welfare,0.6805862184232199
ecology_perception_parallel_v1_r1_mu010,R1,patchy_high,64,30,final_wealth_gini,0.5159091184094953
ecology_perception_parallel_v1_r1_mu010,R1,split_high_low,64,30,eval_mean_mean_resource_fraction,0.0570058734883184
ecology_perception_parallel_v1_r1_mu010,R1,split_high_low,64,30,eval_mean_mean_reserve_welfare,0.5671982608436189
ecology_perception_parallel_v1_r1_mu010,R1,split_high_low,64,30,final_wealth_gini,0.55098994832751
ecology_perception_parallel_v1_r1_mu010,R1,uniform_high,64,31,eval_mean_mean_resource_fraction,0.08141583146089028
ecology_perception_parallel_v1_r1_mu010,R1,uniform_high,64,31,eval_mean_mean_reserve_welfare,0.6552464895773628
ecology_perception_parallel_v1_r1_mu010,R1,uniform_high,64,31,final_wealth_gini,0.4232996283949626
ecology_perception_parallel_v1_r1_mu010,R1,patchy_high,64,31,eval_mean_mean_resource_fraction,0.10402789908971337
ecology_perception_parallel_v1_r1_mu010,R1,patchy_high,64,31,eval_mean_mean_reserve_welfare,0.6921581365927523
ecology_perception_parallel_v1_r1_mu010,R1,patchy_high,64,31,final_wealth_gini,0.416096843578426
ecology_perception_parallel_v1_r1_mu010,R1,split_high_low,64,31,eval_mean_mean_resource_fraction,0.08973502394879822
ecology_perception_parallel_v1_r1_mu010,R1,split_high_low,64,31,eval_mean_mean_reserve_welfare,0.6317877819861621
ecology_perception_parallel_v1_r1_mu010,R1,split_high_low,64,31,final_wealth_gini,0.5867987648563859
ecology_perception_parallel_v1_r1_mu010,R1,uniform_high,64,32,eval_mean_mean_resource_fraction,0.13960265982914194
ecology_perception_parallel_v1_r1_mu010,R1,uniform_high,64,32,eval_mean_mean_reserve_welfare,0.7838228442519629
ecology_perception_parallel_v1_r1_mu010,R1,uniform_high,64,32,final_wealth_gini,0.44681898928777675
ecology_perception_parallel_v1_r1_mu010,R1,patchy_high,64,32,eval_mean_mean_resource_fraction,0.1171488142107404
ecology_perception_parallel_v1_r1_mu010,R1,patchy_high,64,32,eval_mean_mean_reserve_welfare,0.7602763823881792
ecology_perception_parallel_v1_r1_mu010,R1,patchy_high,64,32,final_wealth_gini,0.4461576534550191
ecology_perception_parallel_v1_r1_mu010,R1,split_high_low,64,32,eval_mean_mean_resource_fraction,0.17525715206656906
ecology_perception_parallel_v1_r1_mu010,R1,split_high_low,64,32,eval_mean_mean_reserve_welfare,0.6569995132042458
ecology_perception_parallel_v1_r1_mu010,R1,split_high_low,64,32,final_wealth_gini,0.6272393526432014
ecology_perception_parallel_v1_r1_mu010,R1,uniform_high,64,33,eval_mean_mean_resource_fraction,0.11231693410984701
ecology_perception_parallel_v1_r1_mu010,R1,uniform_high,64,33,eval_mean_mean_reserve_welfare,0.7658859407327686
ecology_perception_parallel_v1_r1_mu010,R1,uniform_high,64,33,final_wealth_gini,0.4547336092359684
ecology_perception_parallel_v1_r1_mu010,R1,patchy_high,64,33,eval_mean_mean_resource_fraction,0.1306811658449202
ecology_perception_parallel_v1_r1_mu010,R1,patchy_high,64,33,eval_mean_mean_reserve_welfare,0.7713920325210942
ecology_perception_parallel_v1_r1_mu010,R1,patchy_high,64,33,final_wealth_gini,0.4730069765341214
ecology_perception_parallel_v1_r1_mu010,R1,split_high_low,64,33,eval_mean_mean_resource_fraction,0.08513547718591491
ecology_perception_parallel_v1_r1_mu010,R1,split_high_low,64,33,eval_mean_mean_reserve_welfare,0.6239685456079087
ecology_perception_parallel_v1_r1_mu010,R1,split_high_low,64,33,final_wealth_gini,0.635960060842012
ecology_perception_parallel_v1_r1_mu010,R1,uniform_high,64,34,eval_mean_mean_resource_fraction,0.15689317571272776
ecology_perception_parallel_v1_r1_mu010,R1,uniform_high,64,34,eval_mean_mean_reserve_welfare,0.7252601124960115
ecology_perception_parallel_v1_r1_mu010,R1,uniform_high,64,34,final_wealth_gini,0.5074467296966321
ecology_perception_parallel_v1_r1_mu010,R1,patchy_high,64,34,eval_mean_mean_resource_fraction,0.1279084799882865
ecology_perception_parallel_v1_r1_mu010,R1,patchy_high,64,34,eval_mean_mean_reserve_welfare,0.7327966034909084
ecology_perception_parallel_v1_r1_mu010,R1,patchy_high,64,34,final_wealth_gini,0.5126163814368614
ecology_perception_parallel_v1_r1_mu010,R1,split_high_low,64,34,eval_mean_mean_resource_fraction,0.10820407382817732
ecology_perception_parallel_v1_r1_mu010,R1,split_high_low,64,34,eval_mean_mean_reserve_welfare,0.6383538003831573
ecology_perception_parallel_v1_r1_mu010,R1,split_high_low,64,34,final_wealth_gini,0.6366817533603943
ecology_perception_parallel_v1_r1_mu010,R1,uniform_high,64,35,eval_mean_mean_resource_fraction,0.1211246154208559
ecology_perception_parallel_v1_r1_mu010,R1,uniform_high,64,35,eval_mean_mean_reserve_welfare,0.7488150543381987
ecology_perception_parallel_v1_r1_mu010,R1,uniform_high,64,35,final_wealth_gini,0.4840574179009478
ecology_perception_parallel_v1_r1_mu010,R1,patchy_high,64,35,eval_mean_mean_resource_fraction,0.08475319689956717
ecology_perception_parallel_v1_r1_mu010,R1,patchy_high,64,35,eval_mean_mean_reserve_welfare,0.699741583112642
ecology_perception_parallel_v1_r1_mu010,R1,patchy_high,64,35,final_wealth_gini,0.46492718203657035
ecology_perception_parallel_v1_r1_mu010,R1,split_high_low,64,35,eval_mean_mean_resource_fraction,0.15453869542113735
ecology_perception_parallel_v1_r1_mu010,R1,split_high_low,64,35,eval_mean_mean_reserve_welfare,0.6362385794978013
ecology_perception_parallel_v1_r1_mu010,R1,split_high_low,64,35,final_wealth_gini,0.6370392362409381
ecology_perception_parallel_v1_r1_mu010,R1,uniform_high,64,36,eval_mean_mean_resource_fraction,0.13450287169802352
ecology_perception_parallel_v1_r1_mu010,R1,uniform_high,64,36,eval_mean_mean_reserve_welfare,0.7546800725921705
ecology_perception_parallel_v1_r1_mu010,R1,uniform_high,64,36,final_wealth_gini,0.4510567829008061
ecology_perception_parallel_v1_r1_mu010,R1,patchy_high,64,36,eval_mean_mean_resource_fraction,0.09024685706190207
ecology_perception_parallel_v1_r1_mu010,R1,patchy_high,64,36,eval_mean_mean_reserve_welfare,0.726776260389105
ecology_perception_parallel_v1_r1_mu010,R1,patchy_high,64,36,final_wealth_gini,0.40230971058434006
ecology_perception_parallel_v1_r1_mu010,R1,split_high_low,64,36,eval_mean_mean_resource_fraction,0.17859886908795305
ecology_perception_parallel_v1_r1_mu010,R1,split_high_low,64,36,eval_mean_mean_reserve_welfare,0.715902180779275
ecology_perception_parallel_v1_r1_mu010,R1,split_high_low,64,36,final_wealth_gini,0.6035582879902484
ecology_perception_parallel_v1_r1_mu010,R1,uniform_high,64,37,eval_mean_mean_resource_fraction,0.10057611760279506
ecology_perception_parallel_v1_r1_mu010,R1,uniform_high,64,37,eval_mean_mean_reserve_welfare,0.7273271647561139
ecology_perception_parallel_v1_r1_mu010,R1,uniform_high,64,37,final_wealth_gini,0.49775325815305216
ecology_perception_parallel_v1_r1_mu010,R1,patchy_high,64,37,eval_mean_mean_resource_fraction,0.10826386888557303
ecology_perception_parallel_v1_r1_mu010,R1,patchy_high,64,37,eval_mean_mean_reserve_welfare,0.731109041806684
ecology_perception_parallel_v1_r1_mu010,R1,patchy_high,64,37,final_wealth_gini,0.5040485647551078
ecology_perception_parallel_v1_r1_mu010,R1,split_high_low,64,37,eval_mean_mean_resource_fraction,0.08820181325877977
ecology_perception_parallel_v1_r1_mu010,R1,split_high_low,64,37,eval_mean_mean_reserve_welfare,0.6728062520428085
ecology_perception_parallel_v1_r1_mu010,R1,split_high_low,64,37,final_wealth_gini,0.5576055870579371
ecology_perception_parallel_v1_r1_mu010,R1,uniform_high,64,38,eval_mean_mean_resource_fraction,0.12179881201434231
ecology_perception_parallel_v1_r1_mu010,R1,uniform_high,64,38,eval_mean_mean_reserve_welfare,0.8336845988052389
ecology_perception_parallel_v1_r1_mu010,R1,uniform_high,64,38,final_wealth_gini,0.4104124848117836
ecology_perception_parallel_v1_r1_mu010,R1,patchy_high,64,38,eval_mean_mean_resource_fraction,0.09774724996800967
ecology_perception_parallel_v1_r1_mu010,R1,patchy_high,64,38,eval_mean_mean_reserve_welfare,0.7710346411268648
ecology_perception_parallel_v1_r1_mu010,R1,patchy_high,64,38,final_wealth_gini,0.4319486526186649
ecology_perception_parallel_v1_r1_mu010,R1,split_high_low,64,38,eval_mean_mean_resource_fraction,0.11123327361111698
ecology_perception_parallel_v1_r1_mu010,R1,split_high_low,64,38,eval_mean_mean_reserve_welfare,0.7266097651941532
ecology_perception_parallel_v1_r1_mu010,R1,split_high_low,64,38,final_wealth_gini,0.561042658911312
ecology_perception_parallel_v1_r1_mu010,R1,uniform_high,64,39,eval_mean_mean_resource_fraction,0.10758713772295178
ecology_perception_parallel_v1_r1_mu010,R1,uniform_high,64,39,eval_mean_mean_reserve_welfare,0.7882087262124085
ecology_perception_parallel_v1_r1_mu010,R1,uniform_high,64,39,final_wealth_gini,0.4142810030802473
ecology_perception_parallel_v1_r1_mu010,R1,patchy_high,64,39,eval_mean_mean_resource_fraction,0.1158475392811691
ecology_perception_parallel_v1_r1_mu010,R1,patchy_high,64,39,eval_mean_mean_reserve_welfare,0.7712285932426227
ecology_perception_parallel_v1_r1_mu010,R1,patchy_high,64,39,final_wealth_gini,0.45916100592798226
ecology_perception_parallel_v1_r1_mu010,R1,split_high_low,64,39,eval_mean_mean_resource_fraction,0.092554256299579
ecology_perception_parallel_v1_r1_mu010,R1,split_high_low,64,39,eval_mean_mean_reserve_welfare,0.6244357537987959
ecology_perception_parallel_v1_r1_mu010,R1,split_high_low,64,39,final_wealth_gini,0.5779265145999599
ecology_perception_parallel_v1_r1_mu010,R1,uniform_high,64,40,eval_mean_mean_resource_fraction,0.11180753938718521
ecology_perception_parallel_v1_r1_mu010,R1,uniform_high,64,40,eval_mean_mean_reserve_welfare,0.7019804455266103
ecology_perception_parallel_v1_r1_mu010,R1,uniform_high,64,40,final_wealth_gini,0.47979607140890357
ecology_perception_parallel_v1_r1_mu010,R1,patchy_high,64,40,eval_mean_mean_resource_fraction,0.12409637114040649
ecology_perception_parallel_v1_r1_mu010,R1,patchy_high,64,40,eval_mean_mean_reserve_welfare,0.8376731413609723
ecology_perception_parallel_v1_r1_mu010,R1,patchy_high,64,40,final_wealth_gini,0.43021562361089627
ecology_perception_parallel_v1_r1_mu010,R1,split_high_low,64,40,eval_mean_mean_resource_fraction,0.07246234769204923
ecology_perception_parallel_v1_r1_mu010,R1,split_high_low,64,40,eval_mean_mean_reserve_welfare,0.6225075671687026
ecology_perception_parallel_v1_r1_mu010,R1,split_high_low,64,40,final_wealth_gini,0.5660827084908366
ecology_perception_parallel_v1_r1_mu010,R1,uniform_high,64,41,eval_mean_mean_resource_fraction,0.11215355074901961
ecology_perception_parallel_v1_r1_mu010,R1,uniform_high,64,41,eval_mean_mean_reserve_welfare,0.7557932036303262
ecology_perception_parallel_v1_r1_mu010,R1,uniform_high,64,41,final_wealth_gini,0.473056043427019
ecology_perception_parallel_v1_r1_mu010,R1,patchy_high,64,41,eval_mean_mean_resource_fraction,0.10587101322372376
ecology_perception_parallel_v1_r1_mu010,R1,patchy_high,64,41,eval_mean_mean_reserve_welfare,0.7347936207238946
ecology_perception_parallel_v1_r1_mu010,R1,patchy_high,64,41,final_wealth_gini,0.478901118347834
ecology_perception_parallel_v1_r1_mu010,R1,split_high_low,64,41,eval_mean_mean_resource_fraction,0.1204869739545818
ecology_perception_parallel_v1_r1_mu010,R1,split_high_low,64,41,eval_mean_mean_reserve_welfare,0.6301372385148997
ecology_perception_parallel_v1_r1_mu010,R1,split_high_low,64,41,final_wealth_gini,0.65320543399948
ecology_perception_parallel_v1_r1_mu010,R1,uniform_high,64,42,eval_mean_mean_resource_fraction,0.10313467407168465
ecology_perception_parallel_v1_r1_mu010,R1,uniform_high,64,42,eval_mean_mean_reserve_welfare,0.7094141723073695
ecology_perception_parallel_v1_r1_mu010,R1,uniform_high,64,42,final_wealth_gini,0.4751997380201822
ecology_perception_parallel_v1_r1_mu010,R1,patchy_high,64,42,eval_mean_mean_resource_fraction,0.10509039128324224
ecology_perception_parallel_v1_r1_mu010,R1,patchy_high,64,42,eval_mean_mean_reserve_welfare,0.7097981723595065
ecology_perception_parallel_v1_r1_mu010,R1,patchy_high,64,42,final_wealth_gini,0.4538732682726383
ecology_perception_parallel_v1_r1_mu010,R1,split_high_low,64,42,eval_mean_mean_resource_fraction,0.13037398232106878
ecology_perception_parallel_v1_r1_mu010,R1,split_high_low,64,42,eval_mean_mean_reserve_welfare,0.6093491335771083
ecology_perception_parallel_v1_r1_mu010,R1,split_high_low,64,42,final_wealth_gini,0.6611029739643077
ecology_perception_parallel_v1_r1_mu010,R1,uniform_high,64,43,eval_mean_mean_resource_fraction,0.15100888128360196
ecology_perception_parallel_v1_r1_mu010,R1,uniform_high,64,43,eval_mean_mean_reserve_welfare,0.873487372096843
ecology_perception_parallel_v1_r1_mu010,R1,uniform_high,64,43,final_wealth_gini,0.37664274411237963
ecology_perception_parallel_v1_r1_mu010,R1,patchy_high,64,43,eval_mean_mean_resource_fraction,0.20373232282248527
ecology_perception_parallel_v1_r1_mu010,R1,patchy_high,64,43,eval_mean_mean_reserve_welfare,0.9742448566657633
ecology_perception_parallel_v1_r1_mu010,R1,patchy_high,64,43,final_wealth_gini,0.32072215664005577
ecology_perception_parallel_v1_r1_mu010,R1,split_high_low,64,43,eval_mean_mean_resource_fraction,0.09044148282393151
ecology_perception_parallel_v1_r1_mu010,R1,split_high_low,64,43,eval_mean_mean_reserve_welfare,0.6123084988509135
ecology_perception_parallel_v1_r1_mu010,R1,split_high_low,64,43,final_wealth_gini,0.6240686734414029
ecology_perception_parallel_v1_r1_mu010,R1,uniform_high,64,44,eval_mean_mean_resource_fraction,0.09464469390521754
ecology_perception_parallel_v1_r1_mu010,R1,uniform_high,64,44,eval_mean_mean_reserve_welfare,0.7525263371329183
ecology_perception_parallel_v1_r1_mu010,R1,uniform_high,64,44,final_wealth_gini,0.40799058500748897
ecology_perception_parallel_v1_r1_mu010,R1,patchy_high,64,44,eval_mean_mean_resource_fraction,0.08693812494095582
ecology_perception_parallel_v1_r1_mu010,R1,patchy_high,64,44,eval_mean_mean_reserve_welfare,0.6657698097105523
ecology_perception_parallel_v1_r1_mu010,R1,patchy_high,64,44,final_wealth_gini,0.4422417473356963
ecology_perception_parallel_v1_r1_mu010,R1,split_high_low,64,44,eval_mean_mean_resource_fraction,0.11388041242598249
ecology_perception_parallel_v1_r1_mu010,R1,split_high_low,64,44,eval_mean_mean_reserve_welfare,0.6908704407469064
ecology_perception_parallel_v1_r1_mu010,R1,split_high_low,64,44,final_wealth_gini,0.595143784167333
ecology_perception_parallel_v1_r1_mu010,R1,uniform_high,64,45,eval_mean_mean_resource_fraction,0.07439725905283112
ecology_perception_parallel_v1_r1_mu010,R1,uniform_high,64,45,eval_mean_mean_reserve_welfare,0.7002109210272743
ecology_perception_parallel_v1_r1_mu010,R1,uniform_high,64,45,final_wealth_gini,0.4373577563258615
ecology_perception_parallel_v1_r1_mu010,R1,patchy_high,64,45,eval_mean_mean_resource_fraction,0.07693860926357696
ecology_perception_parallel_v1_r1_mu010,R1,patchy_high,64,45,eval_mean_mean_reserve_welfare,0.7002352699041986
ecology_perception_parallel_v1_r1_mu010,R1,patchy_high,64,45,final_wealth_gini,0.4181727672318818
ecology_perception_parallel_v1_r1_mu010,R1,split_high_low,64,45,eval_mean_mean_resource_fraction,0.11189860573374104
ecology_perception_parallel_v1_r1_mu010,R1,split_high_low,64,45,eval_mean_mean_reserve_welfare,0.6313039882473293
ecology_perception_parallel_v1_r1_mu010,R1,split_high_low,64,45,final_wealth_gini,0.6531245472367162
ecology_perception_parallel_v1_r1_mu010,R1,uniform_high,64,46,eval_mean_mean_resource_fraction,0.13973931323493222
ecology_perception_parallel_v1_r1_mu010,R1,uniform_high,64,46,eval_mean_mean_reserve_welfare,0.8146702429752525
ecology_perception_parallel_v1_r1_mu010,R1,uniform_high,64,46,final_wealth_gini,0.4569223367757238
ecology_perception_parallel_v1_r1_mu010,R1,patchy_high,64,46,eval_mean_mean_resource_fraction,0.11146919118764033
ecology_perception_parallel_v1_r1_mu010,R1,patchy_high,64,46,eval_mean_mean_reserve_welfare,0.7305207805866881
ecology_perception_parallel_v1_r1_mu010,R1,patchy_high,64,46,final_wealth_gini,0.4827616664737995
ecology_perception_parallel_v1_r1_mu010,R1,split_high_low,64,46,eval_mean_mean_resource_fraction,0.10490816206613758
ecology_perception_parallel_v1_r1_mu010,R1,split_high_low,64,46,eval_mean_mean_reserve_welfare,0.6815787281148771
ecology_perception_parallel_v1_r1_mu010,R1,split_high_low,64,46,final_wealth_gini,0.5976241232169786
ecology_perception_parallel_v1_r1_mu010,R1,uniform_high,64,47,eval_mean_mean_resource_fraction,0.11786339177263684
ecology_perception_parallel_v1_r1_mu010,R1,uniform_high,64,47,eval_mean_mean_reserve_welfare,0.8115321321489981
ecology_perception_parallel_v1_r1_mu010,R1,uniform_high,64,47,final_wealth_gini,0.3960686108436655
ecology_perception_parallel_v1_r1_mu010,R1,patchy_high,64,47,eval_mean_mean_resource_fraction,0.16321381634082124
ecology_perception_parallel_v1_r1_mu010,R1,patchy_high,64,47,eval_mean_mean_reserve_welfare,0.9416692423376313
ecology_perception_parallel_v1_r1_mu010,R1,patchy_high,64,47,final_wealth_gini,0.3345673508452305
ecology_perception_parallel_v1_r1_mu010,R1,split_high_low,64,47,eval_mean_mean_resource_fraction,0.09595728348135987
ecology_perception_parallel_v1_r1_mu010,R1,split_high_low,64,47,eval_mean_mean_reserve_welfare,0.6815979729874672
ecology_perception_parallel_v1_r1_mu010,R1,split_high_low,64,47,final_wealth_gini,0.5531705695611591
ecology_perception_parallel_v1_r1_mu010,R1,uniform_high,64,48,eval_mean_mean_resource_fraction,0.17007887477387465
ecology_perception_parallel_v1_r1_mu010,R1,uniform_high,64,48,eval_mean_mean_reserve_welfare,0.9651618132465489
ecology_perception_parallel_v1_r1_mu010,R1,uniform_high,64,48,final_wealth_gini,0.3214401260719275
ecology_perception_parallel_v1_r1_mu010,R1,patchy_high,64,48,eval_mean_mean_resource_fraction,0.16775631145467126
ecology_perception_parallel_v1_r1_mu010,R1,patchy_high,64,48,eval_mean_mean_reserve_welfare,0.9282715095406814
ecology_perception_parallel_v1_r1_mu010,R1,patchy_high,64,48,final_wealth_gini,0.37096175890689254
ecology_perception_parallel_v1_r1_mu010,R1,split_high_low,64,48,eval_mean_mean_resource_fraction,0.1354914092368666
ecology_perception_parallel_v1_r1_mu010,R1,split_high_low,64,48,eval_mean_mean_reserve_welfare,0.6928538812046222
ecology_perception_parallel_v1_r1_mu010,R1,split_high_low,64,48,final_wealth_gini,0.6082564601349687
ecology_perception_parallel_v1_r1_mu010,R1,uniform_high,64,49,eval_mean_mean_resource_fraction,0.10152189192932502
ecology_perception_parallel_v1_r1_mu010,R1,uniform_high,64,49,eval_mean_mean_reserve_welfare,0.742838560314301
ecology_perception_parallel_v1_r1_mu010,R1,uniform_high,64,49,final_wealth_gini,0.42939318599985077
ecology_perception_parallel_v1_r1_mu010,R1,patchy_high,64,49,eval_mean_mean_resource_fraction,0.06498964866216635
ecology_perception_parallel_v1_r1_mu010,R1,patchy_high,64,49,eval_mean_mean_reserve_welfare,0.6875000210174813
ecology_perception_parallel_v1_r1_mu010,R1,patchy_high,64,49,final_wealth_gini,0.40561612500521926
ecology_perception_parallel_v1_r1_mu010,R1,split_high_low,64,49,eval_mean_mean_resource_fraction,0.109622963467047
ecology_perception_parallel_v1_r1_mu010,R1,split_high_low,64,49,eval_mean_mean_reserve_welfare,0.6328187278095928
ecology_perception_parallel_v1_r1_mu010,R1,split_high_low,64,49,final_wealth_gini,0.6492724218533015
ecology_perception_parallel_v1_r1_mu010,R1,uniform_high,64,50,eval_mean_mean_resource_fraction,0.11891266888115931
ecology_perception_parallel_v1_r1_mu010,R1,uniform_high,64,50,eval_mean_mean_reserve_welfare,0.8544290860832404
ecology_perception_parallel_v1_r1_mu010,R1,uniform_high,64,50,final_wealth_gini,0.3555521060838689
ecology_perception_parallel_v1_r1_mu010,R1,patchy_high,64,50,eval_mean_mean_resource_fraction,0.11954140454607928
ecology_perception_parallel_v1_r1_mu010,R1,patchy_high,64,50,eval_mean_mean_reserve_welfare,0.8374762465014111
ecology_perception_parallel_v1_r1_mu010,R1,patchy_high,64,50,final_wealth_gini,0.36280027921967206
ecology_perception_parallel_v1_r1_mu010,R1,split_high_low,64,50,eval_mean_mean_resource_fraction,0.16921284676587262
ecology_perception_parallel_v1_r1_mu010,R1,split_high_low,64,50,eval_mean_mean_reserve_welfare,0.6993744107984082
ecology_perception_parallel_v1_r1_mu010,R1,split_high_low,64,50,final_wealth_gini,0.6119557977790582
ecology_perception_parallel_v1_r1_mu010,R1,uniform_high,64,51,eval_mean_mean_resource_fraction,0.06886009813816867
ecology_perception_parallel_v1_r1_mu010,R1,uniform_high,64,51,eval_mean_mean_reserve_welfare,0.6108806751054199
ecology_perception_parallel_v1_r1_mu010,R1,uniform_high,64,51,final_wealth_gini,0.46646563988245404
ecology_perception_parallel_v1_r1_mu010,R1,patchy_high,64,51,eval_mean_mean_resource_fraction,0.08728129142737526
ecology_perception_parallel_v1_r1_mu010,R1,patchy_high,64,51,eval_mean_mean_reserve_welfare,0.6849680047713698
ecology_perception_parallel_v1_r1_mu010,R1,patchy_high,64,51,final_wealth_gini,0.4753172644627539
ecology_perception_parallel_v1_r1_mu010,R1,split_high_low,64,51,eval_mean_mean_resource_fraction,0.13851775686643386
ecology_perception_parallel_v1_r1_mu010,R1,split_high_low,64,51,eval_mean_mean_reserve_welfare,0.5969964041131763
ecology_perception_parallel_v1_r1_mu010,R1,split_high_low,64,51,final_wealth_gini,0.6705545011066405
ecology_perception_parallel_v1_r1_mu010,R1,uniform_high,64,52,eval_mean_mean_resource_fraction,0.12317983022733305
ecology_perception_parallel_v1_r1_mu010,R1,uniform_high,64,52,eval_mean_mean_reserve_welfare,0.8434241113607108
ecology_perception_parallel_v1_r1_mu010,R1,uniform_high,64,52,final_wealth_gini,0.37140808132882275
ecology_perception_parallel_v1_r1_mu010,R1,patchy_high,64,52,eval_mean_mean_resource_fraction,0.08514749969960994
ecology_perception_parallel_v1_r1_mu010,R1,patchy_high,64,52,eval_mean_mean_reserve_welfare,0.6763378681963029
ecology_perception_parallel_v1_r1_mu010,R1,patchy_high,64,52,final_wealth_gini,0.4637669036097658
ecology_perception_parallel_v1_r1_mu010,R1,split_high_low,64,52,eval_mean_mean_resource_fraction,0.12393565354534547
ecology_perception_parallel_v1_r1_mu010,R1,split_high_low,64,52,eval_mean_mean_reserve_welfare,0.7001283275710901
ecology_perception_parallel_v1_r1_mu010,R1,split_high_low,64,52,final_wealth_gini,0.5725660068473601
ecology_perception_parallel_v1_r1_mu010,R1,uniform_high,64,53,eval_mean_mean_resource_fraction,0.14710225520495107
ecology_perception_parallel_v1_r1_mu010,R1,uniform_high,64,53,eval_mean_mean_reserve_welfare,0.7727069693683872
ecology_perception_parallel_v1_r1_mu010,R1,uniform_high,64,53,final_wealth_gini,0.4538804775616949
ecology_perception_parallel_v1_r1_mu010,R1,patchy_high,64,53,eval_mean_mean_resource_fraction,0.13058789977655366
ecology_perception_parallel_v1_r1_mu010,R1,patchy_high,64,53,eval_mean_mean_reserve_welfare,0.7386445630552734
ecology_perception_parallel_v1_r1_mu010,R1,patchy_high,64,53,final_wealth_gini,0.4760155111868938
ecology_perception_parallel_v1_r1_mu010,R1,split_high_low,64,53,eval_mean_mean_resource_fraction,0.13435598619636763
ecology_perception_parallel_v1_r1_mu010,R1,split_high_low,64,53,eval_mean_mean_reserve_welfare,0.6569238119365971
ecology_perception_parallel_v1_r1_mu010,R1,split_high_low,64,53,final_wealth_gini,0.6452915426815038
ecology_perception_parallel_v1_r1_mu010,R1,uniform_high,64,54,eval_mean_mean_resource_fraction,0.11009806371400073
ecology_perception_parallel_v1_r1_mu010,R1,uniform_high,64,54,eval_mean_mean_reserve_welfare,0.8008439874479364
ecology_perception_parallel_v1_r1_mu010,R1,uniform_high,64,54,final_wealth_gini,0.36583780651894005
ecology_perception_parallel_v1_r1_mu010,R1,patchy_high,64,54,eval_mean_mean_resource_fraction,0.12631685575691196
ecology_perception_parallel_v1_r1_mu010,R1,patchy_high,64,54,eval_mean_mean_reserve_welfare,0.8538848339881764
ecology_perception_parallel_v1_r1_mu010,R1,patchy_high,64,54,final_wealth_gini,0.3934983930631657
ecology_perception_parallel_v1_r1_mu010,R1,split_high_low,64,54,eval_mean_mean_resource_fraction,0.12426645832173776
ecology_perception_parallel_v1_r1_mu010,R1,split_high_low,64,54,eval_mean_mean_reserve_welfare,0.6941106049890441
ecology_perception_parallel_v1_r1_mu010,R1,split_high_low,64,54,final_wealth_gini,0.5682579825743912
ecology_perception_parallel_v1_r1_mu010,R1,uniform_high,64,55,eval_mean_mean_resource_fraction,0.11659511662350036
ecology_perception_parallel_v1_r1_mu010,R1,uniform_high,64,55,eval_mean_mean_reserve_welfare,0.6851913347872605
ecology_perception_parallel_v1_r1_mu010,R1,uniform_high,64,55,final_wealth_gini,0.5196001569524129
ecology_perception_parallel_v1_r1_mu010,R1,patchy_high,64,55,eval_mean_mean_resource_fraction,0.10405182451446374
ecology_perception_parallel_v1_r1_mu010,R1,patchy_high,64,55,eval_mean_mean_reserve_welfare,0.6369660312485063
ecology_perception_parallel_v1_r1_mu010,R1,patchy_high,64,55,final_wealth_gini,0.5465809357651619
ecology_perception_parallel_v1_r1_mu010,R1,split_high_low,64,55,eval_mean_mean_resource_fraction,0.13573924049309893
ecology_perception_parallel_v1_r1_mu010,R1,split_high_low,64,55,eval_mean_mean_reserve_welfare,0.587563084176615
ecology_perception_parallel_v1_r1_mu010,R1,split_high_low,64,55,final_wealth_gini,0.6827536212906022
ecology_perception_parallel_v1_r1_mu010,R1,uniform_high,64,56,eval_mean_mean_resource_fraction,0.12211956095758929
ecology_perception_parallel_v1_r1_mu010,R1,uniform_high,64,56,eval_mean_mean_reserve_welfare,0.7208777192124916
ecology_perception_parallel_v1_r1_mu010,R1,uniform_high,64,56,final_wealth_gini,0.4881779171271372
ecology_perception_parallel_v1_r1_mu010,R1,patchy_high,64,56,eval_mean_mean_resource_fraction,0.10980420160907149
ecology_perception_parallel_v1_r1_mu010,R1,patchy_high,64,56,eval_mean_mean_reserve_welfare,0.725365515342716
ecology_perception_parallel_v1_r1_mu010,R1,patchy_high,64,56,final_wealth_gini,0.5094314372324589
ecology_perception_parallel_v1_r1_mu010,R1,split_high_low,64,56,eval_mean_mean_resource_fraction,0.10240826637119524
ecology_perception_parallel_v1_r1_mu010,R1,split_high_low,64,56,eval_mean_mean_reserve_welfare,0.628113879723705
ecology_perception_parallel_v1_r1_mu010,R1,split_high_low,64,56,final_wealth_gini,0.6440613068923033
ecology_perception_parallel_v1_r1_mu010,R1,uniform_high,64,57,eval_mean_mean_resource_fraction,0.11645124368209221
ecology_perception_parallel_v1_r1_mu010,R1,uniform_high,64,57,eval_mean_mean_reserve_welfare,0.8091139384130863
ecology_perception_parallel_v1_r1_mu010,R1,uniform_high,64,57,final_wealth_gini,0.3892664851734242
ecology_perception_parallel_v1_r1_mu010,R1,patchy_high,64,57,eval_mean_mean_resource_fraction,0.09711236602804849
ecology_perception_parallel_v1_r1_mu010,R1,patchy_high,64,57,eval_mean_mean_reserve_welfare,0.7991316697958105
ecology_perception_parallel_v1_r1_mu010,R1,patchy_high,64,57,final_wealth_gini,0.3700839266464149
ecology_perception_parallel_v1_r1_mu010,R1,split_high_low,64,57,eval_mean_mean_resource_fraction,0.08767404344575502
ecology_perception_parallel_v1_r1_mu010,R1,split_high_low,64,57,eval_mean_mean_reserve_welfare,0.6532287010951877
ecology_perception_parallel_v1_r1_mu010,R1,split_high_low,64,57,final_wealth_gini,0.5836088329875211
ecology_perception_parallel_v1_r1_mu010,R1,uniform_high,64,58,eval_mean_mean_resource_fraction,0.07745566676104446
ecology_perception_parallel_v1_r1_mu010,R1,uniform_high,64,58,eval_mean_mean_reserve_welfare,0.6804670119961167
ecology_perception_parallel_v1_r1_mu010,R1,uniform_high,64,58,final_wealth_gini,0.4510611946266081
ecology_perception_parallel_v1_r1_mu010,R1,patchy_high,64,58,eval_mean_mean_resource_fraction,0.1103382999668979
ecology_perception_parallel_v1_r1_mu010,R1,patchy_high,64,58,eval_mean_mean_reserve_welfare,0.7820527505729861
ecology_perception_parallel_v1_r1_mu010,R1,patchy_high,64,58,final_wealth_gini,0.45541603393649077
ecology_perception_parallel_v1_r1_mu010,R1,split_high_low,64,58,eval_mean_mean_resource_fraction,0.19227836110955868
ecology_perception_parallel_v1_r1_mu010,R1,split_high_low,64,58,eval_mean_mean_reserve_welfare,0.6495471260861655
ecology_perception_parallel_v1_r1_mu010,R1,split_high_low,64,58,final_wealth_gini,0.6585642225144483
ecology_perception_parallel_v1_r1_mu010,R1,uniform_high,64,59,eval_mean_mean_resource_fraction,0.12445042286251348
ecology_perception_parallel_v1_r1_mu010,R1,uniform_high,64,59,eval_mean_mean_reserve_welfare,0.8602712823646004
ecology_perception_parallel_v1_r1_mu010,R1,uniform_high,64,59,final_wealth_gini,0.39304777067860686
ecology_perception_parallel_v1_r1_mu010,R1,patchy_high,64,59,eval_mean_mean_resource_fraction,0.10680592065828623
ecology_perception_parallel_v1_r1_mu010,R1,patchy_high,64,59,eval_mean_mean_reserve_welfare,0.7527185819591293
ecology_perception_parallel_v1_r1_mu010,R1,patchy_high,64,59,final_wealth_gini,0.48427581296562705
ecology_perception_parallel_v1_r1_mu010,R1,split_high_low,64,59,eval_mean_mean_resource_fraction,0.13049663336003037
ecology_perception_parallel_v1_r1_mu010,R1,split_high_low,64,59,eval_mean_mean_reserve_welfare,0.622985096799993
ecology_perception_parallel_v1_r1_mu010,R1,split_high_low,64,59,final_wealth_gini,0.6578035690884527
ecology_perception_parallel_v1_r1_mu010,R1,uniform_high,64,60,eval_mean_mean_resource_fraction,0.08807807802968486
ecology_perception_parallel_v1_r1_mu010,R1,uniform_high,64,60,eval_mean_mean_reserve_welfare,0.7921853594252208
ecology_perception_parallel_v1_r1_mu010,R1,uniform_high,64,60,final_wealth_gini,0.3783206459880517
ecology_perception_parallel_v1_r1_mu010,R1,patchy_high,64,60,eval_mean_mean_resource_fraction,0.06820564194795566
ecology_perception_parallel_v1_r1_mu010,R1,patchy_high,64,60,eval_mean_mean_reserve_welfare,0.6918270394152775
ecology_perception_parallel_v1_r1_mu010,R1,patchy_high,64,60,final_wealth_gini,0.4168873182737396
ecology_perception_parallel_v1_r1_mu010,R1,split_high_low,64,60,eval_mean_mean_resource_fraction,0.1397422856837748
ecology_perception_parallel_v1_r1_mu010,R1,split_high_low,64,60,eval_mean_mean_reserve_welfare,0.7041443449246592
ecology_perception_parallel_v1_r1_mu010,R1,split_high_low,64,60,final_wealth_gini,0.5627455470891969
ecology_perception_parallel_v1_r1_mu010,R1,uniform_high,64,61,eval_mean_mean_resource_fraction,0.11480709761897732
ecology_perception_parallel_v1_r1_mu010,R1,uniform_high,64,61,eval_mean_mean_reserve_welfare,0.7194359560971761
ecology_perception_parallel_v1_r1_mu010,R1,uniform_high,64,61,final_wealth_gini,0.4574983990076229
ecology_perception_parallel_v1_r1_mu010,R1,patchy_high,64,61,eval_mean_mean_resource_fraction,0.14673878476356386
ecology_perception_parallel_v1_r1_mu010,R1,patchy_high,64,61,eval_mean_mean_reserve_welfare,0.8634932054951316
ecology_perception_parallel_v1_r1_mu010,R1,patchy_high,64,61,final_wealth_gini,0.42591089480987154
ecology_perception_parallel_v1_r1_mu010,R1,split_high_low,64,61,eval_mean_mean_resource_fraction,0.15605947138676737
ecology_perception_parallel_v1_r1_mu010,R1,split_high_low,64,61,eval_mean_mean_reserve_welfare,0.6321023792861106
ecology_perception_parallel_v1_r1_mu010,R1,split_high_low,64,61,final_wealth_gini,0.6515185857056174
ecology_perception_parallel_v1_r1_mu010,R1,uniform_high,64,62,eval_mean_mean_resource_fraction,0.10020922248276638
ecology_perception_parallel_v1_r1_mu010,R1,uniform_high,64,62,eval_mean_mean_reserve_welfare,0.7462066380963065
ecology_perception_parallel_v1_r1_mu010,R1,uniform_high,64,62,final_wealth_gini,0.4358197961981847
ecology_perception_parallel_v1_r1_mu010,R1,patchy_high,64,62,eval_mean_mean_resource_fraction,0.11061728247227105
ecology_perception_parallel_v1_r1_mu010,R1,patchy_high,64,62,eval_mean_mean_reserve_welfare,0.8123510890243726
ecology_perception_parallel_v1_r1_mu010,R1,patchy_high,64,62,final_wealth_gini,0.3901363277747707
ecology_perception_parallel_v1_r1_mu010,R1,split_high_low,64,62,eval_mean_mean_resource_fraction,0.11967332645186218
ecology_perception_parallel_v1_r1_mu010,R1,split_high_low,64,62,eval_mean_mean_reserve_welfare,0.6047788045775697
ecology_perception_parallel_v1_r1_mu010,R1,split_high_low,64,62,final_wealth_gini,0.6604371364831632
ecology_perception_parallel_v1_r1_mu010,R1,uniform_high,64,63,eval_mean_mean_resource_fraction,0.13717358529145252
ecology_perception_parallel_v1_r1_mu010,R1,uniform_high,64,63,eval_mean_mean_reserve_welfare,0.8610494653594799
ecology_perception_parallel_v1_r1_mu010,R1,uniform_high,64,63,final_wealth_gini,0.3757276377510179
ecology_perception_parallel_v1_r1_mu010,R1,patchy_high,64,63,eval_mean_mean_resource_fraction,0.13179287685471616
ecology_perception_parallel_v1_r1_mu010,R1,patchy_high,64,63,eval_mean_mean_reserve_welfare,0.8293225092974997
ecology_perception_parallel_v1_r1_mu010,R1,patchy_high,64,63,final_wealth_gini,0.4209335611814913
ecology_perception_parallel_v1_r1_mu010,R1,split_high_low,64,63,eval_mean_mean_resource_fraction,0.1415401638210064
ecology_perception_parallel_v1_r1_mu010,R1,split_high_low,64,63,eval_mean_mean_reserve_welfare,0.7119106229449801
ecology_perception_parallel_v1_r1_mu010,R1,split_high_low,64,63,final_wealth_gini,0.5837079313096412
ecology_perception_parallel_v1_r1_mu010,R1,uniform_high,64,64,eval_mean_mean_resource_fraction,0.12616715812329934
ecology_perception_parallel_v1_r1_mu010,R1,uniform_high,64,64,eval_mean_mean_reserve_welfare,0.7512639657781807
ecology_perception_parallel_v1_r1_mu010,R1,uniform_high,64,64,final_wealth_gini,0.43901911062917454
ecology_perception_parallel_v1_r1_mu010,R1,patchy_high,64,64,eval_mean_mean_resource_fraction,0.1262392101845031
ecology_perception_parallel_v1_r1_mu010,R1,patchy_high,64,64,eval_mean_mean_reserve_welfare,0.7476399344125061
ecology_perception_parallel_v1_r1_mu010,R1,patchy_high,64,64,final_wealth_gini,0.4353824182187682
ecology_perception_parallel_v1_r1_mu010,R1,split_high_low,64,64,eval_mean_mean_resource_fraction,0.15497254354268294
ecology_perception_parallel_v1_r1_mu010,R1,split_high_low,64,64,eval_mean_mean_reserve_welfare,0.7041240180999186
ecology_perception_parallel_v1_r1_mu010,R1,split_high_low,64,64,final_wealth_gini,0.5401555567400764
ecology_perception_parallel_v1_r1_mu010,R1,uniform_high,64,65,eval_mean_mean_resource_fraction,0.16822503513490994
ecology_perception_parallel_v1_r1_mu010,R1,uniform_high,64,65,eval_mean_mean_reserve_welfare,0.9019273022908915
ecology_perception_parallel_v1_r1_mu010,R1,uniform_high,64,65,final_wealth_gini,0.36118696780510073
ecology_perception_parallel_v1_r1_mu010,R1,patchy_high,64,65,eval_mean_mean_resource_fraction,0.16955371116951967
ecology_perception_parallel_v1_r1_mu010,R1,patchy_high,64,65,eval_mean_mean_reserve_welfare,0.923700196934575
ecology_perception_parallel_v1_r1_mu010,R1,patchy_high,64,65,final_wealth_gini,0.385093000223101
ecology_perception_parallel_v1_r1_mu010,R1,split_high_low,64,65,eval_mean_mean_resource_fraction,0.1368295366239005
ecology_perception_parallel_v1_r1_mu010,R1,split_high_low,64,65,eval_mean_mean_reserve_welfare,0.7702369718393514
ecology_perception_parallel_v1_r1_mu010,R1,split_high_low,64,65,final_wealth_gini,0.4959579530355145
ecology_perception_parallel_v1_r1_mu010,R1,uniform_high,64,66,eval_mean_mean_resource_fraction,0.1058851541719726
ecology_perception_parallel_v1_r1_mu010,R1,uniform_high,64,66,eval_mean_mean_reserve_welfare,0.6340404923588316
ecology_perception_parallel_v1_r1_mu010,R1,uniform_high,64,66,final_wealth_gini,0.5158622201969647
ecology_perception_parallel_v1_r1_mu010,R1,patchy_high,64,66,eval_mean_mean_resource_fraction,0.10956086747702591
ecology_perception_parallel_v1_r1_mu010,R1,patchy_high,64,66,eval_mean_mean_reserve_welfare,0.656576023330101
ecology_perception_parallel_v1_r1_mu010,R1,patchy_high,64,66,final_wealth_gini,0.4954294573098641
ecology_perception_parallel_v1_r1_mu010,R1,split_high_low,64,66,eval_mean_mean_resource_fraction,0.1102160265983629
ecology_perception_parallel_v1_r1_mu010,R1,split_high_low,64,66,eval_mean_mean_reserve_welfare,0.5485950249773991
ecology_perception_parallel_v1_r1_mu010,R1,split_high_low,64,66,final_wealth_gini,0.6825809484432546
ecology_perception_parallel_v1_r1_mu010,R1,uniform_high,64,67,eval_mean_mean_resource_fraction,0.12617866909263675
ecology_perception_parallel_v1_r1_mu010,R1,uniform_high,64,67,eval_mean_mean_reserve_welfare,0.8001100024027701
ecology_perception_parallel_v1_r1_mu010,R1,uniform_high,64,67,final_wealth_gini,0.4203435556948125
ecology_perception_parallel_v1_r1_mu010,R1,patchy_high,64,67,eval_mean_mean_resource_fraction,0.11807086745706151
ecology_perception_parallel_v1_r1_mu010,R1,patchy_high,64,67,eval_mean_mean_reserve_welfare,0.7919367041190792
ecology_perception_parallel_v1_r1_mu010,R1,patchy_high,64,67,final_wealth_gini,0.42883285775839486
ecology_perception_parallel_v1_r1_mu010,R1,split_high_low,64,67,eval_mean_mean_resource_fraction,0.18830748551061233
ecology_perception_parallel_v1_r1_mu010,R1,split_high_low,64,67,eval_mean_mean_reserve_welfare,0.6361863427332889
ecology_perception_parallel_v1_r1_mu010,R1,split_high_low,64,67,final_wealth_gini,0.6553156557456143
ecology_perception_parallel_v1_r1_mu010,R1,uniform_high,64,68,eval_mean_mean_resource_fraction,0.10126097253845738
ecology_perception_parallel_v1_r1_mu010,R1,uniform_high,64,68,eval_mean_mean_reserve_welfare,0.7352742347293915
ecology_perception_parallel_v1_r1_mu010,R1,uniform_high,64,68,final_wealth_gini,0.4641562337551013
ecology_perception_parallel_v1_r1_mu010,R1,patchy_high,64,68,eval_mean_mean_resource_fraction,0.12192981372660322
ecology_perception_parallel_v1_r1_mu010,R1,patchy_high,64,68,eval_mean_mean_reserve_welfare,0.7952984360506525
ecology_perception_parallel_v1_r1_mu010,R1,patchy_high,64,68,final_wealth_gini,0.472429574017595
ecology_perception_parallel_v1_r1_mu010,R1,split_high_low,64,68,eval_mean_mean_resource_fraction,0.0849065139337533
ecology_perception_parallel_v1_r1_mu010,R1,split_high_low,64,68,eval_mean_mean_reserve_welfare,0.6939742742319028
ecology_perception_parallel_v1_r1_mu010,R1,split_high_low,64,68,final_wealth_gini,0.5509505831376618
ecology_perception_parallel_v1_r1_mu010,R1,uniform_high,64,69,eval_mean_mean_resource_fraction,0.12250791746102606
ecology_perception_parallel_v1_r1_mu010,R1,uniform_high,64,69,eval_mean_mean_reserve_welfare,0.6808243841748278
ecology_perception_parallel_v1_r1_mu010,R1,uniform_high,64,69,final_wealth_gini,0.5169965982276532
ecology_perception_parallel_v1_r1_mu010,R1,patchy_high,64,69,eval_mean_mean_resource_fraction,0.13566053702775832
ecology_perception_parallel_v1_r1_mu010,R1,patchy_high,64,69,eval_mean_mean_reserve_welfare,0.6891495973929676
ecology_perception_parallel_v1_r1_mu010,R1,patchy_high,64,69,final_wealth_gini,0.5268108285220543
ecology_perception_parallel_v1_r1_mu010,R1,split_high_low,64,69,eval_mean_mean_resource_fraction,0.16170464634496323
ecology_perception_parallel_v1_r1_mu010,R1,split_high_low,64,69,eval_mean_mean_reserve_welfare,0.7937429820777613
ecology_perception_parallel_v1_r1_mu010,R1,split_high_low,64,69,final_wealth_gini,0.48439157733730775
ecology_perception_parallel_v1_r1_mu010,R1,uniform_high,64,70,eval_mean_mean_resource_fraction,0.093171800316064
ecology_perception_parallel_v1_r1_mu010,R1,uniform_high,64,70,eval_mean_mean_reserve_welfare,0.8103818434521403
ecology_perception_parallel_v1_r1_mu010,R1,uniform_high,64,70,final_wealth_gini,0.37315554952766683
ecology_perception_parallel_v1_r1_mu010,R1,patchy_high,64,70,eval_mean_mean_resource_fraction,0.10134502775991899
ecology_perception_parallel_v1_r1_mu010,R1,patchy_high,64,70,eval_mean_mean_reserve_welfare,0.7768395752304771
ecology_perception_parallel_v1_r1_mu010,R1,patchy_high,64,70,final_wealth_gini,0.398281320521056
ecology_perception_parallel_v1_r1_mu010,R1,split_high_low,64,70,eval_mean_mean_resource_fraction,0.13466309998080245
ecology_perception_parallel_v1_r1_mu010,R1,split_high_low,64,70,eval_mean_mean_reserve_welfare,0.6437725759507649
ecology_perception_parallel_v1_r1_mu010,R1,split_high_low,64,70,final_wealth_gini,0.6336980091510058
ecology_perception_parallel_v1_r1_mu010,R1,uniform_high,64,71,eval_mean_mean_resource_fraction,0.06832813099160731
ecology_perception_parallel_v1_r1_mu010,R1,uniform_high,64,71,eval_mean_mean_reserve_welfare,0.6620445617833932
ecology_perception_parallel_v1_r1_mu010,R1,uniform_high,64,71,final_wealth_gini,0.3983130683515701
ecology_perception_parallel_v1_r1_mu010,R1,patchy_high,64,71,eval_mean_mean_resource_fraction,0.10145404662295521
ecology_perception_parallel_v1_r1_mu010,R1,patchy_high,64,71,eval_mean_mean_reserve_welfare,0.7872675558402619
ecology_perception_parallel_v1_r1_mu010,R1,patchy_high,64,71,final_wealth_gini,0.405272039976458
ecology_perception_parallel_v1_r1_mu010,R1,split_high_low,64,71,eval_mean_mean_resource_fraction,0.13133821668620316
ecology_perception_parallel_v1_r1_mu010,R1,split_high_low,64,71,eval_mean_mean_reserve_welfare,0.7059203352923263
ecology_perception_parallel_v1_r1_mu010,R1,split_high_low,64,71,final_wealth_gini,0.5959586699666564
ecology_perception_parallel_v1_r1_mu010,R1,uniform_high,64,72,eval_mean_mean_resource_fraction,0.09355570180805808
ecology_perception_parallel_v1_r1_mu010,R1,uniform_high,64,72,eval_mean_mean_reserve_welfare,0.7516387741865176
ecology_perception_parallel_v1_r1_mu010,R1,uniform_high,64,72,final_wealth_gini,0.402672244568427
ecology_perception_parallel_v1_r1_mu010,R1,patchy_high,64,72,eval_mean_mean_resource_fraction,0.0749025414421852
ecology_perception_parallel_v1_r1_mu010,R1,patchy_high,64,72,eval_mean_mean_reserve_welfare,0.7567847800338409
ecology_perception_parallel_v1_r1_mu010,R1,patchy_high,64,72,final_wealth_gini,0.33833803689624875
ecology_perception_parallel_v1_r1_mu010,R1,split_high_low,64,72,eval_mean_mean_resource_fraction,0.08497354169154395
ecology_perception_parallel_v1_r1_mu010,R1,split_high_low,64,72,eval_mean_mean_reserve_welfare,0.6759827586864439
ecology_perception_parallel_v1_r1_mu010,R1,split_high_low,64,72,final_wealth_gini,0.5676797332779184
ecology_perception_parallel_v1_r1_mu010,R1,uniform_high,64,73,eval_mean_mean_resource_fraction,0.11476031641228808
ecology_perception_parallel_v1_r1_mu010,R1,uniform_high,64,73,eval_mean_mean_reserve_welfare,0.7707132994313631
ecology_perception_parallel_v1_r1_mu010,R1,uniform_high,64,73,final_wealth_gini,0.4480157260773905
ecology_perception_parallel_v1_r1_mu010,R1,patchy_high,64,73,eval_mean_mean_resource_fraction,0.09890684246950619
ecology_perception_parallel_v1_r1_mu010,R1,patchy_high,64,73,eval_mean_mean_reserve_welfare,0.7457823181132245
ecology_perception_parallel_v1_r1_mu010,R1,patchy_high,64,73,final_wealth_gini,0.4336462890625534
ecology_perception_parallel_v1_r1_mu010,R1,split_high_low,64,73,eval_mean_mean_resource_fraction,0.16840231523639773
ecology_perception_parallel_v1_r1_mu010,R1,split_high_low,64,73,eval_mean_mean_reserve_welfare,0.6287468133908051
ecology_perception_parallel_v1_r1_mu010,R1,split_high_low,64,73,final_wealth_gini,0.6371442583359521
ecology_perception_parallel_v1_r1_mu010,R1,uniform_high,64,74,eval_mean_mean_resource_fraction,0.13398637437799368
ecology_perception_parallel_v1_r1_mu010,R1,uniform_high,64,74,eval_mean_mean_reserve_welfare,0.7789178632660186
ecology_perception_parallel_v1_r1_mu010,R1,uniform_high,64,74,final_wealth_gini,0.45598302547146496
ecology_perception_parallel_v1_r1_mu010,R1,patchy_high,64,74,eval_mean_mean_resource_fraction,0.2012548908182488
ecology_perception_parallel_v1_r1_mu010,R1,patchy_high,64,74,eval_mean_mean_reserve_welfare,0.8836216705365497
ecology_perception_parallel_v1_r1_mu010,R1,patchy_high,64,74,final_wealth_gini,0.45927893094998296
ecology_perception_parallel_v1_r1_mu010,R1,split_high_low,64,74,eval_mean_mean_resource_fraction,0.2127526358989303
ecology_perception_parallel_v1_r1_mu010,R1,split_high_low,64,74,eval_mean_mean_reserve_welfare,0.6876540353347534
ecology_perception_parallel_v1_r1_mu010,R1,split_high_low,64,74,final_wealth_gini,0.6337157954490336
ecology_perception_parallel_v1_r1_mu010,R1,uniform_high,64,75,eval_mean_mean_resource_fraction,0.07953591100822287
ecology_perception_parallel_v1_r1_mu010,R1,uniform_high,64,75,eval_mean_mean_reserve_welfare,0.71457547158967
ecology_perception_parallel_v1_r1_mu010,R1,uniform_high,64,75,final_wealth_gini,0.4181886122000824
ecology_perception_parallel_v1_r1_mu010,R1,patchy_high,64,75,eval_mean_mean_resource_fraction,0.12346454469825141
ecology_perception_parallel_v1_r1_mu010,R1,patchy_high,64,75,eval_mean_mean_reserve_welfare,0.8302269993348723
ecology_perception_parallel_v1_r1_mu010,R1,patchy_high,64,75,final_wealth_gini,0.4328995245149734
ecology_perception_parallel_v1_r1_mu010,R1,split_high_low,64,75,eval_mean_mean_resource_fraction,0.08959132050467898
ecology_perception_parallel_v1_r1_mu010,R1,split_high_low,64,75,eval_mean_mean_reserve_welfare,0.6986113764419413
ecology_perception_parallel_v1_r1_mu010,R1,split_high_low,64,75,final_wealth_gini,0.568621344741288
ecology_perception_parallel_v1_r1_mu010,R1,uniform_high,64,76,eval_mean_mean_resource_fraction,0.14360622358530753
ecology_perception_parallel_v1_r1_mu010,R1,uniform_high,64,76,eval_mean_mean_reserve_welfare,0.8203057322751341
ecology_perception_parallel_v1_r1_mu010,R1,uniform_high,64,76,final_wealth_gini,0.4593946004402454
ecology_perception_parallel_v1_r1_mu010,R1,patchy_high,64,76,eval_mean_mean_resource_fraction,0.1166467269396582
ecology_perception_parallel_v1_r1_mu010,R1,patchy_high,64,76,eval_mean_mean_reserve_welfare,0.706536195899918
ecology_perception_parallel_v1_r1_mu010,R1,patchy_high,64,76,final_wealth_gini,0.4828109297141878
ecology_perception_parallel_v1_r1_mu010,R1,split_high_low,64,76,eval_mean_mean_resource_fraction,0.10933017607790496
ecology_perception_parallel_v1_r1_mu010,R1,split_high_low,64,76,eval_mean_mean_reserve_welfare,0.5584289258211297
ecology_perception_parallel_v1_r1_mu010,R1,split_high_low,64,76,final_wealth_gini,0.6949961158455491
ecology_perception_parallel_v1_r1_mu010,R1,uniform_high,64,77,eval_mean_mean_resource_fraction,0.11264125552338278
ecology_perception_parallel_v1_r1_mu010,R1,uniform_high,64,77,eval_mean_mean_reserve_welfare,0.6884353790306253
ecology_perception_parallel_v1_r1_mu010,R1,uniform_high,64,77,final_wealth_gini,0.48665625885730646
ecology_perception_parallel_v1_r1_mu010,R1,patchy_high,64,77,eval_mean_mean_resource_fraction,0.1624226480803767
ecology_perception_parallel_v1_r1_mu010,R1,patchy_high,64,77,eval_mean_mean_reserve_welfare,0.8777477486996236
ecology_perception_parallel_v1_r1_mu010,R1,patchy_high,64,77,final_wealth_gini,0.4147410643181506
ecology_perception_parallel_v1_r1_mu010,R1,split_high_low,64,77,eval_mean_mean_resource_fraction,0.06525618012305369
ecology_perception_parallel_v1_r1_mu010,R1,split_high_low,64,77,eval_mean_mean_reserve_welfare,0.5712683880946674
ecology_perception_parallel_v1_r1_mu010,R1,split_high_low,64,77,final_wealth_gini,0.5906514586961698
ecology_perception_parallel_v1_r1_mu010,R1,uniform_high,64,78,eval_mean_mean_resource_fraction,0.054816049166228835
ecology_perception_parallel_v1_r1_mu010,R1,uniform_high,64,78,eval_mean_mean_reserve_welfare,0.6581512386943187
ecology_perception_parallel_v1_r1_mu010,R1,uniform_high,64,78,final_wealth_gini,0.3617586884816908
ecology_perception_parallel_v1_r1_mu010,R1,patchy_high,64,78,eval_mean_mean_resource_fraction,0.08992038053157683
ecology_perception_parallel_v1_r1_mu010,R1,patchy_high,64,78,eval_mean_mean_reserve_welfare,0.754463515924346
ecology_perception_parallel_v1_r1_mu010,R1,patchy_high,64,78,final_wealth_gini,0.39084355194226195
ecology_perception_parallel_v1_r1_mu010,R1,split_high_low,64,78,eval_mean_mean_resource_fraction,0.0695087529663135
ecology_perception_parallel_v1_r1_mu010,R1,split_high_low,64,78,eval_mean_mean_reserve_welfare,0.5757822789333197
ecology_perception_parallel_v1_r1_mu010,R1,split_high_low,64,78,final_wealth_gini,0.6258366104219104
ecology_perception_parallel_v1_r1_mu010,R1,uniform_high,64,79,eval_mean_mean_resource_fraction,0.1278205818749799
ecology_perception_parallel_v1_r1_mu010,R1,uniform_high,64,79,eval_mean_mean_reserve_welfare,0.8248937432503486
ecology_perception_parallel_v1_r1_mu010,R1,uniform_high,64,79,final_wealth_gini,0.4552063692816657
ecology_perception_parallel_v1_r1_mu010,R1,patchy_high,64,79,eval_mean_mean_resource_fraction,0.1062886522482423
ecology_perception_parallel_v1_r1_mu010,R1,patchy_high,64,79,eval_mean_mean_reserve_welfare,0.7563692755159539
ecology_perception_parallel_v1_r1_mu010,R1,patchy_high,64,79,final_wealth_gini,0.4459207012317592
ecology_perception_parallel_v1_r1_mu010,R1,split_high_low,64,79,eval_mean_mean_resource_fraction,0.14740840483919015
ecology_perception_parallel_v1_r1_mu010,R1,split_high_low,64,79,eval_mean_mean_reserve_welfare,0.7043529325032423
ecology_perception_parallel_v1_r1_mu010,R1,split_high_low,64,79,final_wealth_gini,0.6058915608376247
ecology_perception_parallel_v1_r1_mu010,R1,uniform_high,64,80,eval_mean_mean_resource_fraction,0.10952346923635216
ecology_perception_parallel_v1_r1_mu010,R1,uniform_high,64,80,eval_mean_mean_reserve_welfare,0.7198751587593972
ecology_perception_parallel_v1_r1_mu010,R1,uniform_high,64,80,final_wealth_gini,0.522636719717817
ecology_perception_parallel_v1_r1_mu010,R1,patchy_high,64,80,eval_mean_mean_resource_fraction,0.09999945282521941
ecology_perception_parallel_v1_r1_mu010,R1,patchy_high,64,80,eval_mean_mean_reserve_welfare,0.7212320410139647
ecology_perception_parallel_v1_r1_mu010,R1,patchy_high,64,80,final_wealth_gini,0.5006279762949013
ecology_perception_parallel_v1_r1_mu010,R1,split_high_low,64,80,eval_mean_mean_resource_fraction,0.17191019964749216
ecology_perception_parallel_v1_r1_mu010,R1,split_high_low,64,80,eval_mean_mean_reserve_welfare,0.6032471364703869
ecology_perception_parallel_v1_r1_mu010,R1,split_high_low,64,80,final_wealth_gini,0.6891788191304042
ecology_perception_parallel_v1_r1_mu010,R1,uniform_high,64,81,eval_mean_mean_resource_fraction,0.1692521920328107
ecology_perception_parallel_v1_r1_mu010,R1,uniform_high,64,81,eval_mean_mean_reserve_welfare,0.793241159517763
ecology_perception_parallel_v1_r1_mu010,R1,uniform_high,64,81,final_wealth_gini,0.4671986994546591
ecology_perception_parallel_v1_r1_mu010,R1,patchy_high,64,81,eval_mean_mean_resource_fraction,0.08431335798683963
ecology_perception_parallel_v1_r1_mu010,R1,patchy_high,64,81,eval_mean_mean_reserve_welfare,0.7068093940451129
ecology_perception_parallel_v1_r1_mu010,R1,patchy_high,64,81,final_wealth_gini,0.466823241962953
ecology_perception_parallel_v1_r1_mu010,R1,split_high_low,64,81,eval_mean_mean_resource_fraction,0.14976798950594314
ecology_perception_parallel_v1_r1_mu010,R1,split_high_low,64,81,eval_mean_mean_reserve_welfare,0.6286733210784948
ecology_perception_parallel_v1_r1_mu010,R1,split_high_low,64,81,final_wealth_gini,0.6730988696461302
ecology_perception_parallel_v1_r1_mu010,R1,uniform_high,64,82,eval_mean_mean_resource_fraction,0.13171058735254285
ecology_perception_parallel_v1_r1_mu010,R1,uniform_high,64,82,eval_mean_mean_reserve_welfare,0.7873392028989993
ecology_perception_parallel_v1_r1_mu010,R1,uniform_high,64,82,final_wealth_gini,0.4794915839131402
ecology_perception_parallel_v1_r1_mu010,R1,patchy_high,64,82,eval_mean_mean_resource_fraction,0.12462106020167392
ecology_perception_parallel_v1_r1_mu010,R1,patchy_high,64,82,eval_mean_mean_reserve_welfare,0.7534285724619098
ecology_perception_parallel_v1_r1_mu010,R1,patchy_high,64,82,final_wealth_gini,0.47380374365205147
ecology_perception_parallel_v1_r1_mu010,R1,split_high_low,64,82,eval_mean_mean_resource_fraction,0.09001327226681849
ecology_perception_parallel_v1_r1_mu010,R1,split_high_low,64,82,eval_mean_mean_reserve_welfare,0.6181700074013584
ecology_perception_parallel_v1_r1_mu010,R1,split_high_low,64,82,final_wealth_gini,0.601321125364884
ecology_perception_parallel_v1_r1_mu010,R1,uniform_high,64,83,eval_mean_mean_resource_fraction,0.07290416451266728
ecology_perception_parallel_v1_r1_mu010,R1,uniform_high,64,83,eval_mean_mean_reserve_welfare,0.6499929579723696
ecology_perception_parallel_v1_r1_mu010,R1,uniform_high,64,83,final_wealth_gini,0.46431361864478293
ecology_perception_parallel_v1_r1_mu010,R1,patchy_high,64,83,eval_mean_mean_resource_fraction,0.10760193766539156
ecology_perception_parallel_v1_r1_mu010,R1,patchy_high,64,83,eval_mean_mean_reserve_welfare,0.7169739442554208
ecology_perception_parallel_v1_r1_mu010,R1,patchy_high,64,83,final_wealth_gini,0.47671581067675706
ecology_perception_parallel_v1_r1_mu010,R1,split_high_low,64,83,eval_mean_mean_resource_fraction,0.11371216516354667
ecology_perception_parallel_v1_r1_mu010,R1,split_high_low,64,83,eval_mean_mean_reserve_welfare,0.6992258749763036
ecology_perception_parallel_v1_r1_mu010,R1,split_high_low,64,83,final_wealth_gini,0.5615089679203853
ecology_perception_parallel_v1_r1_mu010,R1,uniform_high,64,84,eval_mean_mean_resource_fraction,0.08828478197407577
ecology_perception_parallel_v1_r1_mu010,R1,uniform_high,64,84,eval_mean_mean_reserve_welfare,0.6695038052369688
ecology_perception_parallel_v1_r1_mu010,R1,uniform_high,64,84,final_wealth_gini,0.483204237451764
ecology_perception_parallel_v1_r1_mu010,R1,patchy_high,64,84,eval_mean_mean_resource_fraction,0.12816119798622652
ecology_perception_parallel_v1_r1_mu010,R1,patchy_high,64,84,eval_mean_mean_reserve_welfare,0.7660569043960922
ecology_perception_parallel_v1_r1_mu010,R1,patchy_high,64,84,final_wealth_gini,0.4595021773986838
ecology_perception_parallel_v1_r1_mu010,R1,split_high_low,64,84,eval_mean_mean_resource_fraction,0.16280165201385835
ecology_perception_parallel_v1_r1_mu010,R1,split_high_low,64,84,eval_mean_mean_reserve_welfare,0.7491909459725407
ecology_perception_parallel_v1_r1_mu010,R1,split_high_low,64,84,final_wealth_gini,0.5540526670485355
ecology_perception_parallel_v1_r1_mu010,R1,uniform_high,64,85,eval_mean_mean_resource_fraction,0.16537180285287514
ecology_perception_parallel_v1_r1_mu010,R1,uniform_high,64,85,eval_mean_mean_reserve_welfare,0.8360231066858252
ecology_perception_parallel_v1_r1_mu010,R1,uniform_high,64,85,final_wealth_gini,0.4800777019837852
ecology_perception_parallel_v1_r1_mu010,R1,patchy_high,64,85,eval_mean_mean_resource_fraction,0.10621164340983412
ecology_perception_parallel_v1_r1_mu010,R1,patchy_high,64,85,eval_mean_mean_reserve_welfare,0.6991502665604914
ecology_perception_parallel_v1_r1_mu010,R1,patchy_high,64,85,final_wealth_gini,0.4964080288620798
ecology_perception_parallel_v1_r1_mu010,R1,split_high_low,64,85,eval_mean_mean_resource_fraction,0.12502286756560424
ecology_perception_parallel_v1_r1_mu010,R1,split_high_low,64,85,eval_mean_mean_reserve_welfare,0.6351583041688645
ecology_perception_parallel_v1_r1_mu010,R1,split_high_low,64,85,final_wealth_gini,0.6362274489067639
ecology_perception_parallel_v1_r1_mu010,R1,uniform_high,64,86,eval_mean_mean_resource_fraction,0.1325827021611733
ecology_perception_parallel_v1_r1_mu010,R1,uniform_high,64,86,eval_mean_mean_reserve_welfare,0.8208545161155477
ecology_perception_parallel_v1_r1_mu010,R1,uniform_high,64,86,final_wealth_gini,0.43025128074623575
ecology_perception_parallel_v1_r1_mu010,R1,patchy_high,64,86,eval_mean_mean_resource_fraction,0.13253062303665977
ecology_perception_parallel_v1_r1_mu010,R1,patchy_high,64,86,eval_mean_mean_reserve_welfare,0.8430302089037306
ecology_perception_parallel_v1_r1_mu010,R1,patchy_high,64,86,final_wealth_gini,0.42682429747207973
ecology_perception_parallel_v1_r1_mu010,R1,split_high_low,64,86,eval_mean_mean_resource_fraction,0.13963535526764143
ecology_perception_parallel_v1_r1_mu010,R1,split_high_low,64,86,eval_mean_mean_reserve_welfare,0.6876993551649262
ecology_perception_parallel_v1_r1_mu010,R1,split_high_low,64,86,final_wealth_gini,0.6187015428825968
ecology_perception_parallel_v1_r1_mu010,R1,uniform_high,64,87,eval_mean_mean_resource_fraction,0.09507041691168999
ecology_perception_parallel_v1_r1_mu010,R1,uniform_high,64,87,eval_mean_mean_reserve_welfare,0.7544840836913825
ecology_perception_parallel_v1_r1_mu010,R1,uniform_high,64,87,final_wealth_gini,0.4016113365922329
ecology_perception_parallel_v1_r1_mu010,R1,patchy_high,64,87,eval_mean_mean_resource_fraction,0.11033138952864034
ecology_perception_parallel_v1_r1_mu010,R1,patchy_high,64,87,eval_mean_mean_reserve_welfare,0.862554692831756
ecology_perception_parallel_v1_r1_mu010,R1,patchy_high,64,87,final_wealth_gini,0.3759785764057133
ecology_perception_parallel_v1_r1_mu010,R1,split_high_low,64,87,eval_mean_mean_resource_fraction,0.07230631069213825
ecology_perception_parallel_v1_r1_mu010,R1,split_high_low,64,87,eval_mean_mean_reserve_welfare,0.6318856081618976
ecology_perception_parallel_v1_r1_mu010,R1,split_high_low,64,87,final_wealth_gini,0.5928971978370634
ecology_perception_parallel_v1_r1_mu010,R1,uniform_high,64,88,eval_mean_mean_resource_fraction,0.11403672229630216
ecology_perception_parallel_v1_r1_mu010,R1,uniform_high,64,88,eval_mean_mean_reserve_welfare,0.7215742165322202
ecology_perception_parallel_v1_r1_mu010,R1,uniform_high,64,88,final_wealth_gini,0.5001134825378679
ecology_perception_parallel_v1_r1_mu010,R1,patchy_high,64,88,eval_mean_mean_resource_fraction,0.11374712981096698
ecology_perception_parallel_v1_r1_mu010,R1,patchy_high,64,88,eval_mean_mean_reserve_welfare,0.712741409535392
ecology_perception_parallel_v1_r1_mu010,R1,patchy_high,64,88,final_wealth_gini,0.5026680664100707
ecology_perception_parallel_v1_r1_mu010,R1,split_high_low,64,88,eval_mean_mean_resource_fraction,0.16315395131731944
ecology_perception_parallel_v1_r1_mu010,R1,split_high_low,64,88,eval_mean_mean_reserve_welfare,0.6697381292093607
ecology_perception_parallel_v1_r1_mu010,R1,split_high_low,64,88,final_wealth_gini,0.6331975511178829
ecology_perception_parallel_v1_r1_mu010,R1,uniform_high,64,89,eval_mean_mean_resource_fraction,0.10369895685571123
ecology_perception_parallel_v1_r1_mu010,R1,uniform_high,64,89,eval_mean_mean_reserve_welfare,0.7431430848864317
ecology_perception_parallel_v1_r1_mu010,R1,uniform_high,64,89,final_wealth_gini,0.4425980496180997
ecology_perception_parallel_v1_r1_mu010,R1,patchy_high,64,89,eval_mean_mean_resource_fraction,0.09378048348372815
ecology_perception_parallel_v1_r1_mu010,R1,patchy_high,64,89,eval_mean_mean_reserve_welfare,0.6792495188890898
ecology_perception_parallel_v1_r1_mu010,R1,patchy_high,64,89,final_wealth_gini,0.4835546793244929
ecology_perception_parallel_v1_r1_mu010,R1,split_high_low,64,89,eval_mean_mean_resource_fraction,0.15612974081326472
ecology_perception_parallel_v1_r1_mu010,R1,split_high_low,64,89,eval_mean_mean_reserve_welfare,0.7225282786682724
ecology_perception_parallel_v1_r1_mu010,R1,split_high_low,64,89,final_wealth_gini,0.6015497640410774
ecology_perception_parallel_v1_r1_mu010,R1,uniform_high,64,90,eval_mean_mean_resource_fraction,0.09677501723588114
ecology_perception_parallel_v1_r1_mu010,R1,uniform_high,64,90,eval_mean_mean_reserve_welfare,0.8079851863675165
ecology_perception_parallel_v1_r1_mu010,R1,uniform_high,64,90,final_wealth_gini,0.3742854278836407
ecology_perception_parallel_v1_r1_mu010,R1,patchy_high,64,90,eval_mean_mean_resource_fraction,0.16606767188233135
ecology_perception_parallel_v1_r1_mu010,R1,patchy_high,64,90,eval_mean_mean_reserve_welfare,0.9311147732673267
ecology_perception_parallel_v1_r1_mu010,R1,patchy_high,64,90,final_wealth_gini,0.365611625034022
ecology_perception_parallel_v1_r1_mu010,R1,split_high_low,64,90,eval_mean_mean_resource_fraction,0.14555748924087009
ecology_perception_parallel_v1_r1_mu010,R1,split_high_low,64,90,eval_mean_mean_reserve_welfare,0.6633134322823101
ecology_perception_parallel_v1_r1_mu010,R1,split_high_low,64,90,final_wealth_gini,0.6176435034994872
ecology_perception_parallel_v1_r1_mu010,R1,uniform_high,64,91,eval_mean_mean_resource_fraction,0.11336903762972048
ecology_perception_parallel_v1_r1_mu010,R1,uniform_high,64,91,eval_mean_mean_reserve_welfare,0.7062463884924645
ecology_perception_parallel_v1_r1_mu010,R1,uniform_high,64,91,final_wealth_gini,0.4886663642698743
ecology_perception_parallel_v1_r1_mu010,R1,patchy_high,64,91,eval_mean_mean_resource_fraction,0.1549080508884182
ecology_perception_parallel_v1_r1_mu010,R1,patchy_high,64,91,eval_mean_mean_reserve_welfare,0.8312897798312469
ecology_perception_parallel_v1_r1_mu010,R1,patchy_high,64,91,final_wealth_gini,0.43883331335768694
ecology_perception_parallel_v1_r1_mu010,R1,split_high_low,64,91,eval_mean_mean_resource_fraction,0.15811435636671908
ecology_perception_parallel_v1_r1_mu010,R1,split_high_low,64,91,eval_mean_mean_reserve_welfare,0.7282408191571657
ecology_perception_parallel_v1_r1_mu010,R1,split_high_low,64,91,final_wealth_gini,0.567162948432183
ecology_perception_parallel_v1_r1_mu010,R1,uniform_high,64,92,eval_mean_mean_resource_fraction,0.1304959664607038
ecology_perception_parallel_v1_r1_mu010,R1,uniform_high,64,92,eval_mean_mean_reserve_welfare,0.6633897564314374
ecology_perception_parallel_v1_r1_mu010,R1,uniform_high,64,92,final_wealth_gini,0.5618409334121057
ecology_perception_parallel_v1_r1_mu010,R1,patchy_high,64,92,eval_mean_mean_resource_fraction,0.08917460415115822
ecology_perception_parallel_v1_r1_mu010,R1,patchy_high,64,92,eval_mean_mean_reserve_welfare,0.6027470914288421
ecology_perception_parallel_v1_r1_mu010,R1,patchy_high,64,92,final_wealth_gini,0.523880317593536
ecology_perception_parallel_v1_r1_mu010,R1,split_high_low,64,92,eval_mean_mean_resource_fraction,0.09966188369841844
ecology_perception_parallel_v1_r1_mu010,R1,split_high_low,64,92,eval_mean_mean_reserve_welfare,0.6119044729074369
ecology_perception_parallel_v1_r1_mu010,R1,split_high_low,64,92,final_wealth_gini,0.6014239744839225
ecology_perception_parallel_v1_r1_mu010,R1,uniform_high,64,93,eval_mean_mean_resource_fraction,0.07197217869975071
ecology_perception_parallel_v1_r1_mu010,R1,uniform_high,64,93,eval_mean_mean_reserve_welfare,0.6934984183820104
ecology_perception_parallel_v1_r1_mu010,R1,uniform_high,64,93,final_wealth_gini,0.40850966649934217
ecology_perception_parallel_v1_r1_mu010,R1,patchy_high,64,93,eval_mean_mean_resource_fraction,0.07474221842691432
ecology_perception_parallel_v1_r1_mu010,R1,patchy_high,64,93,eval_mean_mean_reserve_welfare,0.704947844150713
ecology_perception_parallel_v1_r1_mu010,R1,patchy_high,64,93,final_wealth_gini,0.4083782815631056
ecology_perception_parallel_v1_r1_mu010,R1,split_high_low,64,93,eval_mean_mean_resource_fraction,0.14110657572024946
ecology_perception_parallel_v1_r1_mu010,R1,split_high_low,64,93,eval_mean_mean_reserve_welfare,0.6444838149233454
ecology_perception_parallel_v1_r1_mu010,R1,split_high_low,64,93,final_wealth_gini,0.6490008336156321
ecology_perception_parallel_v1_r1_mu010,R1,uniform_high,64,94,eval_mean_mean_resource_fraction,0.11017830636387306
ecology_perception_parallel_v1_r1_mu010,R1,uniform_high,64,94,eval_mean_mean_reserve_welfare,0.7160734150669689
ecology_perception_parallel_v1_r1_mu010,R1,uniform_high,64,94,final_wealth_gini,0.46339678570257314
ecology_perception_parallel_v1_r1_mu010,R1,patchy_high,64,94,eval_mean_mean_resource_fraction,0.08675933853062398
ecology_perception_parallel_v1_r1_mu010,R1,patchy_high,64,94,eval_mean_mean_reserve_welfare,0.6301677294513628
ecology_perception_parallel_v1_r1_mu010,R1,patchy_high,64,94,final_wealth_gini,0.5085311743525744
ecology_perception_parallel_v1_r1_mu010,R1,split_high_low,64,94,eval_mean_mean_resource_fraction,0.11235160918878424
ecology_perception_parallel_v1_r1_mu010,R1,split_high_low,64,94,eval_mean_mean_reserve_welfare,0.6721924059362984
ecology_perception_parallel_v1_r1_mu010,R1,split_high_low,64,94,final_wealth_gini,0.5958991499665218
ecology_perception_parallel_v1_r1_mu010,R1,uniform_high,64,95,eval_mean_mean_resource_fraction,0.14591225722553525
ecology_perception_parallel_v1_r1_mu010,R1,uniform_high,64,95,eval_mean_mean_reserve_welfare,0.6794113180998285
ecology_perception_parallel_v1_r1_mu010,R1,uniform_high,64,95,final_wealth_gini,0.49939515048162075
ecology_perception_parallel_v1_r1_mu010,R1,patchy_high,64,95,eval_mean_mean_resource_fraction,0.18164087011584695
ecology_perception_parallel_v1_r1_mu010,R1,patchy_high,64,95,eval_mean_mean_reserve_welfare,0.8380948311912264
ecology_perception_parallel_v1_r1_mu010,R1,patchy_high,64,95,final_wealth_gini,0.45077846608491523
ecology_perception_parallel_v1_r1_mu010,R1,split_high_low,64,95,eval_mean_mean_resource_fraction,0.11168419256062909
ecology_perception_parallel_v1_r1_mu010,R1,split_high_low,64,95,eval_mean_mean_reserve_welfare,0.722516998991121
ecology_perception_parallel_v1_r1_mu010,R1,split_high_low,64,95,final_wealth_gini,0.5241828288719232
ecology_perception_parallel_v1_r1_mu010,R1,uniform_high,64,96,eval_mean_mean_resource_fraction,0.15272462534418668
ecology_perception_parallel_v1_r1_mu010,R1,uniform_high,64,96,eval_mean_mean_reserve_welfare,0.8262942423904949
ecology_perception_parallel_v1_r1_mu010,R1,uniform_high,64,96,final_wealth_gini,0.41035880582820994
ecology_perception_parallel_v1_r1_mu010,R1,patchy_high,64,96,eval_mean_mean_resource_fraction,0.11980028507479215
ecology_perception_parallel_v1_r1_mu010,R1,patchy_high,64,96,eval_mean_mean_reserve_welfare,0.8057222771647666
ecology_perception_parallel_v1_r1_mu010,R1,patchy_high,64,96,final_wealth_gini,0.3955306888989083
ecology_perception_parallel_v1_r1_mu010,R1,split_high_low,64,96,eval_mean_mean_resource_fraction,0.15140936502071684
ecology_perception_parallel_v1_r1_mu010,R1,split_high_low,64,96,eval_mean_mean_reserve_welfare,0.7019116981086814
ecology_perception_parallel_v1_r1_mu010,R1,split_high_low,64,96,final_wealth_gini,0.5585894062333205
ecology_perception_parallel_v1_r1_mu010,R1,uniform_high,64,97,eval_mean_mean_resource_fraction,0.14290409256785536
ecology_perception_parallel_v1_r1_mu010,R1,uniform_high,64,97,eval_mean_mean_reserve_welfare,0.8740610116234468
ecology_perception_parallel_v1_r1_mu010,R1,uniform_high,64,97,final_wealth_gini,0.3686448605033539
ecology_perception_parallel_v1_r1_mu010,R1,patchy_high,64,97,eval_mean_mean_resource_fraction,0.07192110260542063
ecology_perception_parallel_v1_r1_mu010,R1,patchy_high,64,97,eval_mean_mean_reserve_welfare,0.6783468517899806
ecology_perception_parallel_v1_r1_mu010,R1,patchy_high,64,97,final_wealth_gini,0.3937781776503204
ecology_perception_parallel_v1_r1_mu010,R1,split_high_low,64,97,eval_mean_mean_resource_fraction,0.11320506105335808
ecology_perception_parallel_v1_r1_mu010,R1,split_high_low,64,97,eval_mean_mean_reserve_welfare,0.6939476597358312
ecology_perception_parallel_v1_r1_mu010,R1,split_high_low,64,97,final_wealth_gini,0.5878324321977408
ecology_perception_parallel_v1_r1_mu010,R1,uniform_high,64,98,eval_mean_mean_resource_fraction,0.14586067155657592
ecology_perception_parallel_v1_r1_mu010,R1,uniform_high,64,98,eval_mean_mean_reserve_welfare,0.8094025199827223
ecology_perception_parallel_v1_r1_mu010,R1,uniform_high,64,98,final_wealth_gini,0.4653115560956129
ecology_perception_parallel_v1_r1_mu010,R1,patchy_high,64,98,eval_mean_mean_resource_fraction,0.09015088852842396
ecology_perception_parallel_v1_r1_mu010,R1,patchy_high,64,98,eval_mean_mean_reserve_welfare,0.6659885354621154
ecology_perception_parallel_v1_r1_mu010,R1,patchy_high,64,98,final_wealth_gini,0.5343358581931748
ecology_perception_parallel_v1_r1_mu010,R1,split_high_low,64,98,eval_mean_mean_resource_fraction,0.07217742915836595
ecology_perception_parallel_v1_r1_mu010,R1,split_high_low,64,98,eval_mean_mean_reserve_welfare,0.5774643930391086
ecology_perception_parallel_v1_r1_mu010,R1,split_high_low,64,98,final_wealth_gini,0.6722939868633317
ecology_perception_parallel_v1_r1_mu010,R1,uniform_high,64,99,eval_mean_mean_resource_fraction,0.11408312980304898
ecology_perception_parallel_v1_r1_mu010,R1,uniform_high,64,99,eval_mean_mean_reserve_welfare,0.7660586160812783
ecology_perception_parallel_v1_r1_mu010,R1,uniform_high,64,99,final_wealth_gini,0.4468559853077483
ecology_perception_parallel_v1_r1_mu010,R1,patchy_high,64,99,eval_mean_mean_resource_fraction,0.1180026136004322
ecology_perception_parallel_v1_r1_mu010,R1,patchy_high,64,99,eval_mean_mean_reserve_welfare,0.8163538261652186
ecology_perception_parallel_v1_r1_mu010,R1,patchy_high,64,99,final_wealth_gini,0.42225279369641466
ecology_perception_parallel_v1_r1_mu010,R1,split_high_low,64,99,eval_mean_mean_resource_fraction,0.09007842487702351
ecology_perception_parallel_v1_r1_mu010,R1,split_high_low,64,99,eval_mean_mean_reserve_welfare,0.5867245448024998
ecology_perception_parallel_v1_r1_mu010,R1,split_high_low,64,99,final_wealth_gini,0.6544435331750886
ecology_perception_parallel_v1_r0_r1_mu010,"R0 (theta=0, matched mu=0.1)",uniform_high,64,0,eval_mean_mean_resource_fraction,0.10051465696042104
ecology_perception_parallel_v1_r0_r1_mu010,"R0 (theta=0, matched mu=0.1)",uniform_high,64,0,eval_mean_mean_reserve_welfare,0.790545030951057
ecology_perception_parallel_v1_r0_r1_mu010,"R0 (theta=0, matched mu=0.1)",uniform_high,64,0,final_wealth_gini,0.3859350808127049
ecology_perception_parallel_v1_r0_r1_mu010,"R0 (theta=0, matched mu=0.1)",patchy_high,64,0,eval_mean_mean_resource_fraction,0.07069588467928178
ecology_perception_parallel_v1_r0_r1_mu010,"R0 (theta=0, matched mu=0.1)",patchy_high,64,0,eval_mean_mean_reserve_welfare,0.7044837403213379
ecology_perception_parallel_v1_r0_r1_mu010,"R0 (theta=0, matched mu=0.1)",patchy_high,64,0,final_wealth_gini,0.37136147911315365
ecology_perception_parallel_v1_r0_r1_mu010,"R0 (theta=0, matched mu=0.1)",split_high_low,64,0,eval_mean_mean_resource_fraction,0.06500219563623079
ecology_perception_parallel_v1_r0_r1_mu010,"R0 (theta=0, matched mu=0.1)",split_high_low,64,0,eval_mean_mean_reserve_welfare,0.6794068505845459
ecology_perception_parallel_v1_r0_r1_mu010,"R0 (theta=0, matched mu=0.1)",split_high_low,64,0,final_wealth_gini,0.5301575830985215
ecology_perception_parallel_v1_r0_r1_mu010,"R0 (theta=0, matched mu=0.1)",uniform_high,64,1,eval_mean_mean_resource_fraction,0.1601104305532361
ecology_perception_parallel_v1_r0_r1_mu010,"R0 (theta=0, matched mu=0.1)",uniform_high,64,1,eval_mean_mean_reserve_welfare,0.8584819329936643
ecology_perception_parallel_v1_r0_r1_mu010,"R0 (theta=0, matched mu=0.1)",uniform_high,64,1,final_wealth_gini,0.4153065791342163
ecology_perception_parallel_v1_r0_r1_mu010,"R0 (theta=0, matched mu=0.1)",patchy_high,64,1,eval_mean_mean_resource_fraction,0.07291060968477392
ecology_perception_parallel_v1_r0_r1_mu010,"R0 (theta=0, matched mu=0.1)",patchy_high,64,1,eval_mean_mean_reserve_welfare,0.6165275848876071
ecology_perception_parallel_v1_r0_r1_mu010,"R0 (theta=0, matched mu=0.1)",patchy_high,64,1,final_wealth_gini,0.4738398978018612
ecology_perception_parallel_v1_r0_r1_mu010,"R0 (theta=0, matched mu=0.1)",split_high_low,64,1,eval_mean_mean_resource_fraction,0.06681739582925493
ecology_perception_parallel_v1_r0_r1_mu010,"R0 (theta=0, matched mu=0.1)",split_high_low,64,1,eval_mean_mean_reserve_welfare,0.6276574635820544
ecology_perception_parallel_v1_r0_r1_mu010,"R0 (theta=0, matched mu=0.1)",split_high_low,64,1,final_wealth_gini,0.5870647426940936
ecology_perception_parallel_v1_r0_r1_mu010,"R0 (theta=0, matched mu=0.1)",uniform_high,64,2,eval_mean_mean_resource_fraction,0.08088742676116491
ecology_perception_parallel_v1_r0_r1_mu010,"R0 (theta=0, matched mu=0.1)",uniform_high,64,2,eval_mean_mean_reserve_welfare,0.6586836813606708
ecology_perception_parallel_v1_r0_r1_mu010,"R0 (theta=0, matched mu=0.1)",uniform_high,64,2,final_wealth_gini,0.4263312095119043
ecology_perception_parallel_v1_r0_r1_mu010,"R0 (theta=0, matched mu=0.1)",patchy_high,64,2,eval_mean_mean_resource_fraction,0.08890560907993285
ecology_perception_parallel_v1_r0_r1_mu010,"R0 (theta=0, matched mu=0.1)",patchy_high,64,2,eval_mean_mean_reserve_welfare,0.6921062594968999
ecology_perception_parallel_v1_r0_r1_mu010,"R0 (theta=0, matched mu=0.1)",patchy_high,64,2,final_wealth_gini,0.42062323179287975
ecology_perception_parallel_v1_r0_r1_mu010,"R0 (theta=0, matched mu=0.1)",split_high_low,64,2,eval_mean_mean_resource_fraction,0.08465996725069858
ecology_perception_parallel_v1_r0_r1_mu010,"R0 (theta=0, matched mu=0.1)",split_high_low,64,2,eval_mean_mean_reserve_welfare,0.6937314027327045
ecology_perception_parallel_v1_r0_r1_mu010,"R0 (theta=0, matched mu=0.1)",split_high_low,64,2,final_wealth_gini,0.5489308676186622
ecology_perception_parallel_v1_r0_r1_mu010,"R0 (theta=0, matched mu=0.1)",uniform_high,64,3,eval_mean_mean_resource_fraction,0.08011971676725776
ecology_perception_parallel_v1_r0_r1_mu010,"R0 (theta=0, matched mu=0.1)",uniform_high,64,3,eval_mean_mean_reserve_welfare,0.6692175836805253
ecology_perception_parallel_v1_r0_r1_mu010,"R0 (theta=0, matched mu=0.1)",uniform_high,64,3,final_wealth_gini,0.4851222855410944
ecology_perception_parallel_v1_r0_r1_mu010,"R0 (theta=0, matched mu=0.1)",patchy_high,64,3,eval_mean_mean_resource_fraction,0.07192782676192216
ecology_perception_parallel_v1_r0_r1_mu010,"R0 (theta=0, matched mu=0.1)",patchy_high,64,3,eval_mean_mean_reserve_welfare,0.6811644254253107
ecology_perception_parallel_v1_r0_r1_mu010,"R0 (theta=0, matched mu=0.1)",patchy_high,64,3,final_wealth_gini,0.4539727981133821
ecology_perception_parallel_v1_r0_r1_mu010,"R0 (theta=0, matched mu=0.1)",split_high_low,64,3,eval_mean_mean_resource_fraction,0.13936119381491385
ecology_perception_parallel_v1_r0_r1_mu010,"R0 (theta=0, matched mu=0.1)",split_high_low,64,3,eval_mean_mean_reserve_welfare,0.6051900739396856
ecology_perception_parallel_v1_r0_r1_mu010,"R0 (theta=0, matched mu=0.1)",split_high_low,64,3,final_wealth_gini,0.686318312758412
ecology_perception_parallel_v1_r0_r1_mu010,"R0 (theta=0, matched mu=0.1)",uniform_high,64,4,eval_mean_mean_resource_fraction,0.12051354963656134
ecology_perception_parallel_v1_r0_r1_mu010,"R0 (theta=0, matched mu=0.1)",uniform_high,64,4,eval_mean_mean_reserve_welfare,0.8041893254808227
ecology_perception_parallel_v1_r0_r1_mu010,"R0 (theta=0, matched mu=0.1)",uniform_high,64,4,final_wealth_gini,0.42266025408177743
ecology_perception_parallel_v1_r0_r1_mu010,"R0 (theta=0, matched mu=0.1)",patchy_high,64,4,eval_mean_mean_resource_fraction,0.11508911127720628
ecology_perception_parallel_v1_r0_r1_mu010,"R0 (theta=0, matched mu=0.1)",patchy_high,64,4,eval_mean_mean_reserve_welfare,0.7824888390926114
ecology_perception_parallel_v1_r0_r1_mu010,"R0 (theta=0, matched mu=0.1)",patchy_high,64,4,final_wealth_gini,0.4455887850020368
ecology_perception_parallel_v1_r0_r1_mu010,"R0 (theta=0, matched mu=0.1)",split_high_low,64,4,eval_mean_mean_resource_fraction,0.1254281989784863
ecology_perception_parallel_v1_r0_r1_mu010,"R0 (theta=0, matched mu=0.1)",split_high_low,64,4,eval_mean_mean_reserve_welfare,0.6531630021396363
ecology_perception_parallel_v1_r0_r1_mu010,"R0 (theta=0, matched mu=0.1)",split_high_low,64,4,final_wealth_gini,0.6199557968315581
ecology_perception_parallel_v1_r0_r1_mu010,"R0 (theta=0, matched mu=0.1)",uniform_high,64,5,eval_mean_mean_resource_fraction,0.14305712546485921
ecology_perception_parallel_v1_r0_r1_mu010,"R0 (theta=0, matched mu=0.1)",uniform_high,64,5,eval_mean_mean_reserve_welfare,0.7671667243936502
ecology_perception_parallel_v1_r0_r1_mu010,"R0 (theta=0, matched mu=0.1)",uniform_high,64,5,final_wealth_gini,0.5140662330912065
ecology_perception_parallel_v1_r0_r1_mu010,"R0 (theta=0, matched mu=0.1)",patchy_high,64,5,eval_mean_mean_resource_fraction,0.1617533395729388
ecology_perception_parallel_v1_r0_r1_mu010,"R0 (theta=0, matched mu=0.1)",patchy_high,64,5,eval_mean_mean_reserve_welfare,0.810221909925157
ecology_perception_parallel_v1_r0_r1_mu010,"R0 (theta=0, matched mu=0.1)",patchy_high,64,5,final_wealth_gini,0.4940200188240915
ecology_perception_parallel_v1_r0_r1_mu010,"R0 (theta=0, matched mu=0.1)",split_high_low,64,5,eval_mean_mean_resource_fraction,0.1096136680862424
ecology_perception_parallel_v1_r0_r1_mu010,"R0 (theta=0, matched mu=0.1)",split_high_low,64,5,eval_mean_mean_reserve_welfare,0.6908696842896158
ecology_perception_parallel_v1_r0_r1_mu010,"R0 (theta=0, matched mu=0.1)",split_high_low,64,5,final_wealth_gini,0.5714320870224341
ecology_perception_parallel_v1_r0_r1_mu010,"R0 (theta=0, matched mu=0.1)",uniform_high,64,6,eval_mean_mean_resource_fraction,0.10946163343062477
ecology_perception_parallel_v1_r0_r1_mu010,"R0 (theta=0, matched mu=0.1)",uniform_high,64,6,eval_mean_mean_reserve_welfare,0.7170708803899193
ecology_perception_parallel_v1_r0_r1_mu010,"R0 (theta=0, matched mu=0.1)",uniform_high,64,6,final_wealth_gini,0.49186578451627794
ecology_perception_parallel_v1_r0_r1_mu010,"R0 (theta=0, matched mu=0.1)",patchy_high,64,6,eval_mean_mean_resource_fraction,0.14302189364932313
ecology_perception_parallel_v1_r0_r1_mu010,"R0 (theta=0, matched mu=0.1)",patchy_high,64,6,eval_mean_mean_reserve_welfare,0.8159121660383014
ecology_perception_parallel_v1_r0_r1_mu010,"R0 (theta=0, matched mu=0.1)",patchy_high,64,6,final_wealth_gini,0.4550056932189621
ecology_perception_parallel_v1_r0_r1_mu010,"R0 (theta=0, matched mu=0.1)",split_high_low,64,6,eval_mean_mean_resource_fraction,0.1196670979356745
ecology_perception_parallel_v1_r0_r1_mu010,"R0 (theta=0, matched mu=0.1)",split_high_low,64,6,eval_mean_mean_reserve_welfare,0.5909584087360976
ecology_perception_parallel_v1_r0_r1_mu010,"R0 (theta=0, matched mu=0.1)",split_high_low,64,6,final_wealth_gini,0.6342384997823312
ecology_perception_parallel_v1_r0_r1_mu010,"R0 (theta=0, matched mu=0.1)",uniform_high,64,7,eval_mean_mean_resource_fraction,0.0814095523544323
ecology_perception_parallel_v1_r0_r1_mu010,"R0 (theta=0, matched mu=0.1)",uniform_high,64,7,eval_mean_mean_reserve_welfare,0.7432797484013386
ecology_perception_parallel_v1_r0_r1_mu010,"R0 (theta=0, matched mu=0.1)",uniform_high,64,7,final_wealth_gini,0.42538730432758176
ecology_perception_parallel_v1_r0_r1_mu010,"R0 (theta=0, matched mu=0.1)",patchy_high,64,7,eval_mean_mean_resource_fraction,0.079237342619378
ecology_perception_parallel_v1_r0_r1_mu010,"R0 (theta=0, matched mu=0.1)",patchy_high,64,7,eval_mean_mean_reserve_welfare,0.7083119455508271
ecology_perception_parallel_v1_r0_r1_mu010,"R0 (theta=0, matched mu=0.1)",patchy_high,64,7,final_wealth_gini,0.4504984067067701
ecology_perception_parallel_v1_r0_r1_mu010,"R0 (theta=0, matched mu=0.1)",split_high_low,64,7,eval_mean_mean_resource_fraction,0.1555275888873836
ecology_perception_parallel_v1_r0_r1_mu010,"R0 (theta=0, matched mu=0.1)",split_high_low,64,7,eval_mean_mean_reserve_welfare,0.6336954632494778
ecology_perception_parallel_v1_r0_r1_mu010,"R0 (theta=0, matched mu=0.1)",split_high_low,64,7,final_wealth_gini,0.6472295389987157
ecology_perception_parallel_v1_r0_r1_mu010,"R0 (theta=0, matched mu=0.1)",uniform_high,64,8,eval_mean_mean_resource_fraction,0.15471676525952693
ecology_perception_parallel_v1_r0_r1_mu010,"R0 (theta=0, matched mu=0.1)",uniform_high,64,8,eval_mean_mean_reserve_welfare,0.6803701453930916
ecology_perception_parallel_v1_r0_r1_mu010,"R0 (theta=0, matched mu=0.1)",uniform_high,64,8,final_wealth_gini,0.5848361160414546
ecology_perception_parallel_v1_r0_r1_mu010,"R0 (theta=0, matched mu=0.1)",patchy_high,64,8,eval_mean_mean_resource_fraction,0.17284276759860137
ecology_perception_parallel_v1_r0_r1_mu010,"R0 (theta=0, matched mu=0.1)",patchy_high,64,8,eval_mean_mean_reserve_welfare,0.694841403225254
ecology_perception_parallel_v1_r0_r1_mu010,"R0 (theta=0, matched mu=0.1)",patchy_high,64,8,final_wealth_gini,0.5676353851886637
ecology_perception_parallel_v1_r0_r1_mu010,"R0 (theta=0, matched mu=0.1)",split_high_low,64,8,eval_mean_mean_resource_fraction,0.109162225664864
ecology_perception_parallel_v1_r0_r1_mu010,"R0 (theta=0, matched mu=0.1)",split_high_low,64,8,eval_mean_mean_reserve_welfare,0.6651719722833023
ecology_perception_parallel_v1_r0_r1_mu010,"R0 (theta=0, matched mu=0.1)",split_high_low,64,8,final_wealth_gini,0.5689738148505155
ecology_perception_parallel_v1_r0_r1_mu010,"R0 (theta=0, matched mu=0.1)",uniform_high,64,9,eval_mean_mean_resource_fraction,0.09897032241969295
ecology_perception_parallel_v1_r0_r1_mu010,"R0 (theta=0, matched mu=0.1)",uniform_high,64,9,eval_mean_mean_reserve_welfare,0.6776719615373457
ecology_perception_parallel_v1_r0_r1_mu010,"R0 (theta=0, matched mu=0.1)",uniform_high,64,9,final_wealth_gini,0.5085851975708673
ecology_perception_parallel_v1_r0_r1_mu010,"R0 (theta=0, matched mu=0.1)",patchy_high,64,9,eval_mean_mean_resource_fraction,0.14057401471580852
ecology_perception_parallel_v1_r0_r1_mu010,"R0 (theta=0, matched mu=0.1)",patchy_high,64,9,eval_mean_mean_reserve_welfare,0.7825221770785246
ecology_perception_parallel_v1_r0_r1_mu010,"R0 (theta=0, matched mu=0.1)",patchy_high,64,9,final_wealth_gini,0.45395881270268545
ecology_perception_parallel_v1_r0_r1_mu010,"R0 (theta=0, matched mu=0.1)",split_high_low,64,9,eval_mean_mean_resource_fraction,0.1639163959976644
ecology_perception_parallel_v1_r0_r1_mu010,"R0 (theta=0, matched mu=0.1)",split_high_low,64,9,eval_mean_mean_reserve_welfare,0.6446295555096869
ecology_perception_parallel_v1_r0_r1_mu010,"R0 (theta=0, matched mu=0.1)",split_high_low,64,9,final_wealth_gini,0.640095404082911
ecology_perception_parallel_v1_r0_r1_mu010,"R0 (theta=0, matched mu=0.1)",uniform_high,64,10,eval_mean_mean_resource_fraction,0.10490439869773237
ecology_perception_parallel_v1_r0_r1_mu010,"R0 (theta=0, matched mu=0.1)",uniform_high,64,10,eval_mean_mean_reserve_welfare,0.8055981932514087
ecology_perception_parallel_v1_r0_r1_mu010,"R0 (theta=0, matched mu=0.1)",uniform_high,64,10,final_wealth_gini,0.4208056764315449
ecology_perception_parallel_v1_r0_r1_mu010,"R0 (theta=0, matched mu=0.1)",patchy_high,64,10,eval_mean_mean_resource_fraction,0.1334114986395018
ecology_perception_parallel_v1_r0_r1_mu010,"R0 (theta=0, matched mu=0.1)",patchy_high,64,10,eval_mean_mean_reserve_welfare,0.8087379290771898
ecology_perception_parallel_v1_r0_r1_mu010,"R0 (theta=0, matched mu=0.1)",patchy_high,64,10,final_wealth_gini,0.43814048983124043
ecology_perception_parallel_v1_r0_r1_mu010,"R0 (theta=0, matched mu=0.1)",split_high_low,64,10,eval_mean_mean_resource_fraction,0.11942962144109195
ecology_perception_parallel_v1_r0_r1_mu010,"R0 (theta=0, matched mu=0.1)",split_high_low,64,10,eval_mean_mean_reserve_welfare,0.6285669984281269
ecology_perception_parallel_v1_r0_r1_mu010,"R0 (theta=0, matched mu=0.1)",split_high_low,64,10,final_wealth_gini,0.6013327790191563
ecology_perception_parallel_v1_r0_r1_mu010,"R0 (theta=0, matched mu=0.1)",uniform_high,64,11,eval_mean_mean_resource_fraction,0.09142792296172628
ecology_perception_parallel_v1_r0_r1_mu010,"R0 (theta=0, matched mu=0.1)",uniform_high,64,11,eval_mean_mean_reserve_welfare,0.6201627357499262
ecology_perception_parallel_v1_r0_r1_mu010,"R0 (theta=0, matched mu=0.1)",uniform_high,64,11,final_wealth_gini,0.5308945479488951
ecology_perception_parallel_v1_r0_r1_mu010,"R0 (theta=0, matched mu=0.1)",patchy_high,64,11,eval_mean_mean_resource_fraction,0.12266786273783657
ecology_perception_parallel_v1_r0_r1_mu010,"R0 (theta=0, matched mu=0.1)",patchy_high,64,11,eval_mean_mean_reserve_welfare,0.7868331975361077
ecology_perception_parallel_v1_r0_r1_mu010,"R0 (theta=0, matched mu=0.1)",patchy_high,64,11,final_wealth_gini,0.47573596939045926
ecology_perception_parallel_v1_r0_r1_mu010,"R0 (theta=0, matched mu=0.1)",split_high_low,64,11,eval_mean_mean_resource_fraction,0.07077189793429847
ecology_perception_parallel_v1_r0_r1_mu010,"R0 (theta=0, matched mu=0.1)",split_high_low,64,11,eval_mean_mean_reserve_welfare,0.5176679943122802
ecology_perception_parallel_v1_r0_r1_mu010,"R0 (theta=0, matched mu=0.1)",split_high_low,64,11,final_wealth_gini,0.6136017725622449
ecology_perception_parallel_v1_r0_r1_mu010,"R0 (theta=0, matched mu=0.1)",uniform_high,64,12,eval_mean_mean_resource_fraction,0.09095995991493529
ecology_perception_parallel_v1_r0_r1_mu010,"R0 (theta=0, matched mu=0.1)",uniform_high,64,12,eval_mean_mean_reserve_welfare,0.7000732283345136
ecology_perception_parallel_v1_r0_r1_mu010,"R0 (theta=0, matched mu=0.1)",uniform_high,64,12,final_wealth_gini,0.4768353955524425
ecology_perception_parallel_v1_r0_r1_mu010,"R0 (theta=0, matched mu=0.1)",patchy_high,64,12,eval_mean_mean_resource_fraction,0.08812994839110663
ecology_perception_parallel_v1_r0_r1_mu010,"R0 (theta=0, matched mu=0.1)",patchy_high,64,12,eval_mean_mean_reserve_welfare,0.6871566300254515
ecology_perception_parallel_v1_r0_r1_mu010,"R0 (theta=0, matched mu=0.1)",patchy_high,64,12,final_wealth_gini,0.4840672341266554
ecology_perception_parallel_v1_r0_r1_mu010,"R0 (theta=0, matched mu=0.1)",split_high_low,64,12,eval_mean_mean_resource_fraction,0.16560241140996462
ecology_perception_parallel_v1_r0_r1_mu010,"R0 (theta=0, matched mu=0.1)",split_high_low,64,12,eval_mean_mean_reserve_welfare,0.5843201061443435
ecology_perception_parallel_v1_r0_r1_mu010,"R0 (theta=0, matched mu=0.1)",split_high_low,64,12,final_wealth_gini,0.7049764904118105
ecology_perception_parallel_v1_r0_r1_mu010,"R0 (theta=0, matched mu=0.1)",uniform_high,64,13,eval_mean_mean_resource_fraction,0.10408722791629764
ecology_perception_parallel_v1_r0_r1_mu010,"R0 (theta=0, matched mu=0.1)",uniform_high,64,13,eval_mean_mean_reserve_welfare,0.6798391801115008
ecology_perception_parallel_v1_r0_r1_mu010,"R0 (theta=0, matched mu=0.1)",uniform_high,64,13,final_wealth_gini,0.5143527235637808
ecology_perception_parallel_v1_r0_r1_mu010,"R0 (theta=0, matched mu=0.1)",patchy_high,64,13,eval_mean_mean_resource_fraction,0.1174747960171938
ecology_perception_parallel_v1_r0_r1_mu010,"R0 (theta=0, matched mu=0.1)",patchy_high,64,13,eval_mean_mean_reserve_welfare,0.7346815992380084
ecology_perception_parallel_v1_r0_r1_mu010,"R0 (theta=0, matched mu=0.1)",patchy_high,64,13,final_wealth_gini,0.4930229380315052
ecology_perception_parallel_v1_r0_r1_mu010,"R0 (theta=0, matched mu=0.1)",split_high_low,64,13,eval_mean_mean_resource_fraction,0.13367364197464054
ecology_perception_parallel_v1_r0_r1_mu010,"R0 (theta=0, matched mu=0.1)",split_high_low,64,13,eval_mean_mean_reserve_welfare,0.5962338642017017
ecology_perception_parallel_v1_r0_r1_mu010,"R0 (theta=0, matched mu=0.1)",split_high_low,64,13,final_wealth_gini,0.681977613933644
ecology_perception_parallel_v1_r0_r1_mu010,"R0 (theta=0, matched mu=0.1)",uniform_high,64,14,eval_mean_mean_resource_fraction,0.12473335980927347
ecology_perception_parallel_v1_r0_r1_mu010,"R0 (theta=0, matched mu=0.1)",uniform_high,64,14,eval_mean_mean_reserve_welfare,0.751203909624021
ecology_perception_parallel_v1_r0_r1_mu010,"R0 (theta=0, matched mu=0.1)",uniform_high,64,14,final_wealth_gini,0.47972128823464133
ecology_perception_parallel_v1_r0_r1_mu010,"R0 (theta=0, matched mu=0.1)",patchy_high,64,14,eval_mean_mean_resource_fraction,0.06481924295571993
ecology_perception_parallel_v1_r0_r1_mu010,"R0 (theta=0, matched mu=0.1)",patchy_high,64,14,eval_mean_mean_reserve_welfare,0.6582352825690593
ecology_perception_parallel_v1_r0_r1_mu010,"R0 (theta=0, matched mu=0.1)",patchy_high,64,14,final_wealth_gini,0.41818537142412127
ecology_perception_parallel_v1_r0_r1_mu010,"R0 (theta=0, matched mu=0.1)",split_high_low,64,14,eval_mean_mean_resource_fraction,0.16948248947679412
ecology_perception_parallel_v1_r0_r1_mu010,"R0 (theta=0, matched mu=0.1)",split_high_low,64,14,eval_mean_mean_reserve_welfare,0.6540409983627393
ecology_perception_parallel_v1_r0_r1_mu010,"R0 (theta=0, matched mu=0.1)",split_high_low,64,14,final_wealth_gini,0.6388671784964723
ecology_perception_parallel_v1_r0_r1_mu010,"R0 (theta=0, matched mu=0.1)",uniform_high,64,15,eval_mean_mean_resource_fraction,0.14835110711972346
ecology_perception_parallel_v1_r0_r1_mu010,"R0 (theta=0, matched mu=0.1)",uniform_high,64,15,eval_mean_mean_reserve_welfare,0.8175760917198232
ecology_perception_parallel_v1_r0_r1_mu010,"R0 (theta=0, matched mu=0.1)",uniform_high,64,15,final_wealth_gini,0.44460868230587103
ecology_perception_parallel_v1_r0_r1_mu010,"R0 (theta=0, matched mu=0.1)",patchy_high,64,15,eval_mean_mean_resource_fraction,0.11748777543479091
ecology_perception_parallel_v1_r0_r1_mu010,"R0 (theta=0, matched mu=0.1)",patchy_high,64,15,eval_mean_mean_reserve_welfare,0.7419640011711406
ecology_perception_parallel_v1_r0_r1_mu010,"R0 (theta=0, matched mu=0.1)",patchy_high,64,15,final_wealth_gini,0.48410649208321654
ecology_perception_parallel_v1_r0_r1_mu010,"R0 (theta=0, matched mu=0.1)",split_high_low,64,15,eval_mean_mean_resource_fraction,0.11343919897970954
ecology_perception_parallel_v1_r0_r1_mu010,"R0 (theta=0, matched mu=0.1)",split_high_low,64,15,eval_mean_mean_reserve_welfare,0.6046848508824294
ecology_perception_parallel_v1_r0_r1_mu010,"R0 (theta=0, matched mu=0.1)",split_high_low,64,15,final_wealth_gini,0.650316356410614
ecology_perception_parallel_v1_r0_r1_mu010,"R0 (theta=0, matched mu=0.1)",uniform_high,64,16,eval_mean_mean_resource_fraction,0.12826516398837928
ecology_perception_parallel_v1_r0_r1_mu010,"R0 (theta=0, matched mu=0.1)",uniform_high,64,16,eval_mean_mean_reserve_welfare,0.8243568439078719
ecology_perception_parallel_v1_r0_r1_mu010,"R0 (theta=0, matched mu=0.1)",uniform_high,64,16,final_wealth_gini,0.4181189807905774
ecology_perception_parallel_v1_r0_r1_mu010,"R0 (theta=0, matched mu=0.1)",patchy_high,64,16,eval_mean_mean_resource_fraction,0.14008606301039644
ecology_perception_parallel_v1_r0_r1_mu010,"R0 (theta=0, matched mu=0.1)",patchy_high,64,16,eval_mean_mean_reserve_welfare,0.8008423577706886
ecology_perception_parallel_v1_r0_r1_mu010,"R0 (theta=0, matched mu=0.1)",patchy_high,64,16,final_wealth_gini,0.44965973836471007
ecology_perception_parallel_v1_r0_r1_mu010,"R0 (theta=0, matched mu=0.1)",split_high_low,64,16,eval_mean_mean_resource_fraction,0.09281739670829581
ecology_perception_parallel_v1_r0_r1_mu010,"R0 (theta=0, matched mu=0.1)",split_high_low,64,16,eval_mean_mean_reserve_welfare,0.5699083531315584
ecology_perception_parallel_v1_r0_r1_mu010,"R0 (theta=0, matched mu=0.1)",split_high_low,64,16,final_wealth_gini,0.6529775542427518
ecology_perception_parallel_v1_r0_r1_mu010,"R0 (theta=0, matched mu=0.1)",uniform_high,64,17,eval_mean_mean_resource_fraction,0.14336658580671793
ecology_perception_parallel_v1_r0_r1_mu010,"R0 (theta=0, matched mu=0.1)",uniform_high,64,17,eval_mean_mean_reserve_welfare,0.6904666682684413
ecology_perception_parallel_v1_r0_r1_mu010,"R0 (theta=0, matched mu=0.1)",uniform_high,64,17,final_wealth_gini,0.5443207654054714
ecology_perception_parallel_v1_r0_r1_mu010,"R0 (theta=0, matched mu=0.1)",patchy_high,64,17,eval_mean_mean_resource_fraction,0.13569896170186663
ecology_perception_parallel_v1_r0_r1_mu010,"R0 (theta=0, matched mu=0.1)",patchy_high,64,17,eval_mean_mean_reserve_welfare,0.6926848665487072
ecology_perception_parallel_v1_r0_r1_mu010,"R0 (theta=0, matched mu=0.1)",patchy_high,64,17,final_wealth_gini,0.5355889182008331
ecology_perception_parallel_v1_r0_r1_mu010,"R0 (theta=0, matched mu=0.1)",split_high_low,64,17,eval_mean_mean_resource_fraction,0.15636227630910868
ecology_perception_parallel_v1_r0_r1_mu010,"R0 (theta=0, matched mu=0.1)",split_high_low,64,17,eval_mean_mean_reserve_welfare,0.6130119448665334
ecology_perception_parallel_v1_r0_r1_mu010,"R0 (theta=0, matched mu=0.1)",split_high_low,64,17,final_wealth_gini,0.6541195832439803
ecology_perception_parallel_v1_r0_r1_mu010,"R0 (theta=0, matched mu=0.1)",uniform_high,64,18,eval_mean_mean_resource_fraction,0.11309877973982095
ecology_perception_parallel_v1_r0_r1_mu010,"R0 (theta=0, matched mu=0.1)",uniform_high,64,18,eval_mean_mean_reserve_welfare,0.8669543067715394
ecology_perception_parallel_v1_r0_r1_mu010,"R0 (theta=0, matched mu=0.1)",uniform_high,64,18,final_wealth_gini,0.34350137346724563
ecology_perception_parallel_v1_r0_r1_mu010,"R0 (theta=0, matched mu=0.1)",patchy_high,64,18,eval_mean_mean_resource_fraction,0.14816748134582913
ecology_perception_parallel_v1_r0_r1_mu010,"R0 (theta=0, matched mu=0.1)",patchy_high,64,18,eval_mean_mean_reserve_welfare,0.8295932217425294
ecology_perception_parallel_v1_r0_r1_mu010,"R0 (theta=0, matched mu=0.1)",patchy_high,64,18,final_wealth_gini,0.41860811762065087
ecology_perception_parallel_v1_r0_r1_mu010,"R0 (theta=0, matched mu=0.1)",split_high_low,64,18,eval_mean_mean_resource_fraction,0.09478298621229415
ecology_perception_parallel_v1_r0_r1_mu010,"R0 (theta=0, matched mu=0.1)",split_high_low,64,18,eval_mean_mean_reserve_welfare,0.6175990806796674
ecology_perception_parallel_v1_r0_r1_mu010,"R0 (theta=0, matched mu=0.1)",split_high_low,64,18,final_wealth_gini,0.621373808294595
ecology_perception_parallel_v1_r0_r1_mu010,"R0 (theta=0, matched mu=0.1)",uniform_high,64,19,eval_mean_mean_resource_fraction,0.08160423379770838
ecology_perception_parallel_v1_r0_r1_mu010,"R0 (theta=0, matched mu=0.1)",uniform_high,64,19,eval_mean_mean_reserve_welfare,0.7388321573522544
ecology_perception_parallel_v1_r0_r1_mu010,"R0 (theta=0, matched mu=0.1)",uniform_high,64,19,final_wealth_gini,0.39893002380856735
ecology_perception_parallel_v1_r0_r1_mu010,"R0 (theta=0, matched mu=0.1)",patchy_high,64,19,eval_mean_mean_resource_fraction,0.09950157966272508
ecology_perception_parallel_v1_r0_r1_mu010,"R0 (theta=0, matched mu=0.1)",patchy_high,64,19,eval_mean_mean_reserve_welfare,0.7821683193798387
ecology_perception_parallel_v1_r0_r1_mu010,"R0 (theta=0, matched mu=0.1)",patchy_high,64,19,final_wealth_gini,0.37335456426088465
ecology_perception_parallel_v1_r0_r1_mu010,"R0 (theta=0, matched mu=0.1)",split_high_low,64,19,eval_mean_mean_resource_fraction,0.12207054401909312
ecology_perception_parallel_v1_r0_r1_mu010,"R0 (theta=0, matched mu=0.1)",split_high_low,64,19,eval_mean_mean_reserve_welfare,0.7166210048942566
ecology_perception_parallel_v1_r0_r1_mu010,"R0 (theta=0, matched mu=0.1)",split_high_low,64,19,final_wealth_gini,0.5675730723322117
ecology_perception_parallel_v1_r0_r1_mu010,"R0 (theta=0, matched mu=0.1)",uniform_high,64,20,eval_mean_mean_resource_fraction,0.09293091137368258
ecology_perception_parallel_v1_r0_r1_mu010,"R0 (theta=0, matched mu=0.1)",uniform_high,64,20,eval_mean_mean_reserve_welfare,0.6935939666587739
ecology_perception_parallel_v1_r0_r1_mu010,"R0 (theta=0, matched mu=0.1)",uniform_high,64,20,final_wealth_gini,0.49094319363274574
ecology_perception_parallel_v1_r0_r1_mu010,"R0 (theta=0, matched mu=0.1)",patchy_high,64,20,eval_mean_mean_resource_fraction,0.1110944029015143
ecology_perception_parallel_v1_r0_r1_mu010,"R0 (theta=0, matched mu=0.1)",patchy_high,64,20,eval_mean_mean_reserve_welfare,0.6877095988491858
ecology_perception_parallel_v1_r0_r1_mu010,"R0 (theta=0, matched mu=0.1)",patchy_high,64,20,final_wealth_gini,0.5425815129557936
ecology_perception_parallel_v1_r0_r1_mu010,"R0 (theta=0, matched mu=0.1)",split_high_low,64,20,eval_mean_mean_resource_fraction,0.0996973713121264
ecology_perception_parallel_v1_r0_r1_mu010,"R0 (theta=0, matched mu=0.1)",split_high_low,64,20,eval_mean_mean_reserve_welfare,0.5258896734925946
ecology_perception_parallel_v1_r0_r1_mu010,"R0 (theta=0, matched mu=0.1)",split_high_low,64,20,final_wealth_gini,0.6757355685174911
ecology_perception_parallel_v1_r0_r1_mu010,"R0 (theta=0, matched mu=0.1)",uniform_high,64,21,eval_mean_mean_resource_fraction,0.1375168326100966
ecology_perception_parallel_v1_r0_r1_mu010,"R0 (theta=0, matched mu=0.1)",uniform_high,64,21,eval_mean_mean_reserve_welfare,0.8764884218863017
ecology_perception_parallel_v1_r0_r1_mu010,"R0 (theta=0, matched mu=0.1)",uniform_high,64,21,final_wealth_gini,0.40152539415832655
ecology_perception_parallel_v1_r0_r1_mu010,"R0 (theta=0, matched mu=0.1)",patchy_high,64,21,eval_mean_mean_resource_fraction,0.09086166168023914
ecology_perception_parallel_v1_r0_r1_mu010,"R0 (theta=0, matched mu=0.1)",patchy_high,64,21,eval_mean_mean_reserve_welfare,0.6838742512197701
ecology_perception_parallel_v1_r0_r1_mu010,"R0 (theta=0, matched mu=0.1)",patchy_high,64,21,final_wealth_gini,0.4597765713384707
ecology_perception_parallel_v1_r0_r1_mu010,"R0 (theta=0, matched mu=0.1)",split_high_low,64,21,eval_mean_mean_resource_fraction,0.12433428591327168
ecology_perception_parallel_v1_r0_r1_mu010,"R0 (theta=0, matched mu=0.1)",split_high_low,64,21,eval_mean_mean_reserve_welfare,0.6987115946987664
ecology_perception_parallel_v1_r0_r1_mu010,"R0 (theta=0, matched mu=0.1)",split_high_low,64,21,final_wealth_gini,0.6089377285980146
ecology_perception_parallel_v1_r0_r1_mu010,"R0 (theta=0, matched mu=0.1)",uniform_high,64,22,eval_mean_mean_resource_fraction,0.1290915906547172
ecology_perception_parallel_v1_r0_r1_mu010,"R0 (theta=0, matched mu=0.1)",uniform_high,64,22,eval_mean_mean_reserve_welfare,0.8444515656198213
ecology_perception_parallel_v1_r0_r1_mu010,"R0 (theta=0, matched mu=0.1)",uniform_high,64,22,final_wealth_gini,0.38554568614858553
ecology_perception_parallel_v1_r0_r1_mu010,"R0 (theta=0, matched mu=0.1)",patchy_high,64,22,eval_mean_mean_resource_fraction,0.1330897002581737
ecology_perception_parallel_v1_r0_r1_mu010,"R0 (theta=0, matched mu=0.1)",patchy_high,64,22,eval_mean_mean_reserve_welfare,0.8369672986293833
ecology_perception_parallel_v1_r0_r1_mu010,"R0 (theta=0, matched mu=0.1)",patchy_high,64,22,final_wealth_gini,0.38982530199799315
ecology_perception_parallel_v1_r0_r1_mu010,"R0 (theta=0, matched mu=0.1)",split_high_low,64,22,eval_mean_mean_resource_fraction,0.15530052934555727
ecology_perception_parallel_v1_r0_r1_mu010,"R0 (theta=0, matched mu=0.1)",split_high_low,64,22,eval_mean_mean_reserve_welfare,0.7250139783627878
ecology_perception_parallel_v1_r0_r1_mu010,"R0 (theta=0, matched mu=0.1)",split_high_low,64,22,final_wealth_gini,0.5928053098715438
ecology_perception_parallel_v1_r0_r1_mu010,"R0 (theta=0, matched mu=0.1)",uniform_high,64,23,eval_mean_mean_resource_fraction,0.10438656720697569
ecology_perception_parallel_v1_r0_r1_mu010,"R0 (theta=0, matched mu=0.1)",uniform_high,64,23,eval_mean_mean_reserve_welfare,0.7586829664104666
ecology_perception_parallel_v1_r0_r1_mu010,"R0 (theta=0, matched mu=0.1)",uniform_high,64,23,final_wealth_gini,0.447160865736443
ecology_perception_parallel_v1_r0_r1_mu010,"R0 (theta=0, matched mu=0.1)",patchy_high,64,23,eval_mean_mean_resource_fraction,0.1480907976786664
ecology_perception_parallel_v1_r0_r1_mu010,"R0 (theta=0, matched mu=0.1)",patchy_high,64,23,eval_mean_mean_reserve_welfare,0.8500092885219183
ecology_perception_parallel_v1_r0_r1_mu010,"R0 (theta=0, matched mu=0.1)",patchy_high,64,23,final_wealth_gini,0.42361799006484113
ecology_perception_parallel_v1_r0_r1_mu010,"R0 (theta=0, matched mu=0.1)",split_high_low,64,23,eval_mean_mean_resource_fraction,0.12292341142753795
ecology_perception_parallel_v1_r0_r1_mu010,"R0 (theta=0, matched mu=0.1)",split_high_low,64,23,eval_mean_mean_reserve_welfare,0.645096522575082
ecology_perception_parallel_v1_r0_r1_mu010,"R0 (theta=0, matched mu=0.1)",split_high_low,64,23,final_wealth_gini,0.6055229011848511
ecology_perception_parallel_v1_r0_r1_mu010,"R0 (theta=0, matched mu=0.1)",uniform_high,64,24,eval_mean_mean_resource_fraction,0.10690324761057962
ecology_perception_parallel_v1_r0_r1_mu010,"R0 (theta=0, matched mu=0.1)",uniform_high,64,24,eval_mean_mean_reserve_welfare,0.8239338678023816
ecology_perception_parallel_v1_r0_r1_mu010,"R0 (theta=0, matched mu=0.1)",uniform_high,64,24,final_wealth_gini,0.3861908508077432
ecology_perception_parallel_v1_r0_r1_mu010,"R0 (theta=0, matched mu=0.1)",patchy_high,64,24,eval_mean_mean_resource_fraction,0.09586697308258482
ecology_perception_parallel_v1_r0_r1_mu010,"R0 (theta=0, matched mu=0.1)",patchy_high,64,24,eval_mean_mean_reserve_welfare,0.7743248205035291
ecology_perception_parallel_v1_r0_r1_mu010,"R0 (theta=0, matched mu=0.1)",patchy_high,64,24,final_wealth_gini,0.3819921330442786
ecology_perception_parallel_v1_r0_r1_mu010,"R0 (theta=0, matched mu=0.1)",split_high_low,64,24,eval_mean_mean_resource_fraction,0.12921992738354182
ecology_perception_parallel_v1_r0_r1_mu010,"R0 (theta=0, matched mu=0.1)",split_high_low,64,24,eval_mean_mean_reserve_welfare,0.6912242784720936
ecology_perception_parallel_v1_r0_r1_mu010,"R0 (theta=0, matched mu=0.1)",split_high_low,64,24,final_wealth_gini,0.5387341645933206
ecology_perception_parallel_v1_r0_r1_mu010,"R0 (theta=0, matched mu=0.1)",uniform_high,64,25,eval_mean_mean_resource_fraction,0.12840081416603974
ecology_perception_parallel_v1_r0_r1_mu010,"R0 (theta=0, matched mu=0.1)",uniform_high,64,25,eval_mean_mean_reserve_welfare,0.8192811678705627
ecology_perception_parallel_v1_r0_r1_mu010,"R0 (theta=0, matched mu=0.1)",uniform_high,64,25,final_wealth_gini,0.40103435833051737
ecology_perception_parallel_v1_r0_r1_mu010,"R0 (theta=0, matched mu=0.1)",patchy_high,64,25,eval_mean_mean_resource_fraction,0.10268813928536646
ecology_perception_parallel_v1_r0_r1_mu010,"R0 (theta=0, matched mu=0.1)",patchy_high,64,25,eval_mean_mean_reserve_welfare,0.7799197779583499
ecology_perception_parallel_v1_r0_r1_mu010,"R0 (theta=0, matched mu=0.1)",patchy_high,64,25,final_wealth_gini,0.47211376962857776
ecology_perception_parallel_v1_r0_r1_mu010,"R0 (theta=0, matched mu=0.1)",split_high_low,64,25,eval_mean_mean_resource_fraction,0.11399206512375634
ecology_perception_parallel_v1_r0_r1_mu010,"R0 (theta=0, matched mu=0.1)",split_high_low,64,25,eval_mean_mean_reserve_welfare,0.6456634290627883
ecology_perception_parallel_v1_r0_r1_mu010,"R0 (theta=0, matched mu=0.1)",split_high_low,64,25,final_wealth_gini,0.6321978655143465
ecology_perception_parallel_v1_r0_r1_mu010,"R0 (theta=0, matched mu=0.1)",uniform_high,64,26,eval_mean_mean_resource_fraction,0.09911641788976637
ecology_perception_parallel_v1_r0_r1_mu010,"R0 (theta=0, matched mu=0.1)",uniform_high,64,26,eval_mean_mean_reserve_welfare,0.8032546422827479
ecology_perception_parallel_v1_r0_r1_mu010,"R0 (theta=0, matched mu=0.1)",uniform_high,64,26,final_wealth_gini,0.4047844701925325
ecology_perception_parallel_v1_r0_r1_mu010,"R0 (theta=0, matched mu=0.1)",patchy_high,64,26,eval_mean_mean_resource_fraction,0.11656740971114729
ecology_perception_parallel_v1_r0_r1_mu010,"R0 (theta=0, matched mu=0.1)",patchy_high,64,26,eval_mean_mean_reserve_welfare,0.8001650883310503
ecology_perception_parallel_v1_r0_r1_mu010,"R0 (theta=0, matched mu=0.1)",patchy_high,64,26,final_wealth_gini,0.42305831719338305
ecology_perception_parallel_v1_r0_r1_mu010,"R0 (theta=0, matched mu=0.1)",split_high_low,64,26,eval_mean_mean_resource_fraction,0.0985203693395228
ecology_perception_parallel_v1_r0_r1_mu010,"R0 (theta=0, matched mu=0.1)",split_high_low,64,26,eval_mean_mean_reserve_welfare,0.6713659893738126
ecology_perception_parallel_v1_r0_r1_mu010,"R0 (theta=0, matched mu=0.1)",split_high_low,64,26,final_wealth_gini,0.5959433059920036
ecology_perception_parallel_v1_r0_r1_mu010,"R0 (theta=0, matched mu=0.1)",uniform_high,64,27,eval_mean_mean_resource_fraction,0.12140689754158074
ecology_perception_parallel_v1_r0_r1_mu010,"R0 (theta=0, matched mu=0.1)",uniform_high,64,27,eval_mean_mean_reserve_welfare,0.8744763608277888
ecology_perception_parallel_v1_r0_r1_mu010,"R0 (theta=0, matched mu=0.1)",uniform_high,64,27,final_wealth_gini,0.3562796799230714
ecology_perception_parallel_v1_r0_r1_mu010,"R0 (theta=0, matched mu=0.1)",patchy_high,64,27,eval_mean_mean_resource_fraction,0.12136584732903848
ecology_perception_parallel_v1_r0_r1_mu010,"R0 (theta=0, matched mu=0.1)",patchy_high,64,27,eval_mean_mean_reserve_welfare,0.8072872390004568
ecology_perception_parallel_v1_r0_r1_mu010,"R0 (theta=0, matched mu=0.1)",patchy_high,64,27,final_wealth_gini,0.4330480368995544
ecology_perception_parallel_v1_r0_r1_mu010,"R0 (theta=0, matched mu=0.1)",split_high_low,64,27,eval_mean_mean_resource_fraction,0.10780834324995876
ecology_perception_parallel_v1_r0_r1_mu010,"R0 (theta=0, matched mu=0.1)",split_high_low,64,27,eval_mean_mean_reserve_welfare,0.6618315164277638
ecology_perception_parallel_v1_r0_r1_mu010,"R0 (theta=0, matched mu=0.1)",split_high_low,64,27,final_wealth_gini,0.6102812862717724
ecology_perception_parallel_v1_r0_r1_mu010,"R0 (theta=0, matched mu=0.1)",uniform_high,64,28,eval_mean_mean_resource_fraction,0.10321407574430487
ecology_perception_parallel_v1_r0_r1_mu010,"R0 (theta=0, matched mu=0.1)",uniform_high,64,28,eval_mean_mean_reserve_welfare,0.7779671078917586
ecology_perception_parallel_v1_r0_r1_mu010,"R0 (theta=0, matched mu=0.1)",uniform_high,64,28,final_wealth_gini,0.4433798224752121
ecology_perception_parallel_v1_r0_r1_mu010,"R0 (theta=0, matched mu=0.1)",patchy_high,64,28,eval_mean_mean_resource_fraction,0.09380685957271936
ecology_perception_parallel_v1_r0_r1_mu010,"R0 (theta=0, matched mu=0.1)",patchy_high,64,28,eval_mean_mean_reserve_welfare,0.7277103557536677
ecology_perception_parallel_v1_r0_r1_mu010,"R0 (theta=0, matched mu=0.1)",patchy_high,64,28,final_wealth_gini,0.4635439120822735
ecology_perception_parallel_v1_r0_r1_mu010,"R0 (theta=0, matched mu=0.1)",split_high_low,64,28,eval_mean_mean_resource_fraction,0.1651916329649994
ecology_perception_parallel_v1_r0_r1_mu010,"R0 (theta=0, matched mu=0.1)",split_high_low,64,28,eval_mean_mean_reserve_welfare,0.6076006239956849
ecology_perception_parallel_v1_r0_r1_mu010,"R0 (theta=0, matched mu=0.1)",split_high_low,64,28,final_wealth_gini,0.6876267958485796
ecology_perception_parallel_v1_r0_r1_mu010,"R0 (theta=0, matched mu=0.1)",uniform_high,64,29,eval_mean_mean_resource_fraction,0.16465329199568499
ecology_perception_parallel_v1_r0_r1_mu010,"R0 (theta=0, matched mu=0.1)",uniform_high,64,29,eval_mean_mean_reserve_welfare,0.8590257281307638
ecology_perception_parallel_v1_r0_r1_mu010,"R0 (theta=0, matched mu=0.1)",uniform_high,64,29,final_wealth_gini,0.41665459109099356
ecology_perception_parallel_v1_r0_r1_mu010,"R0 (theta=0, matched mu=0.1)",patchy_high,64,29,eval_mean_mean_resource_fraction,0.13468975896340166
ecology_perception_parallel_v1_r0_r1_mu010,"R0 (theta=0, matched mu=0.1)",patchy_high,64,29,eval_mean_mean_reserve_welfare,0.7450549221898907
ecology_perception_parallel_v1_r0_r1_mu010,"R0 (theta=0, matched mu=0.1)",patchy_high,64,29,final_wealth_gini,0.47270942684107453
ecology_perception_parallel_v1_r0_r1_mu010,"R0 (theta=0, matched mu=0.1)",split_high_low,64,29,eval_mean_mean_resource_fraction,0.10436991079579815
ecology_perception_parallel_v1_r0_r1_mu010,"R0 (theta=0, matched mu=0.1)",split_high_low,64,29,eval_mean_mean_reserve_welfare,0.6681999808689062
ecology_perception_parallel_v1_r0_r1_mu010,"R0 (theta=0, matched mu=0.1)",split_high_low,64,29,final_wealth_gini,0.5872843333772664
ecology_perception_parallel_v1_r0_r1_mu010,"R0 (theta=0, matched mu=0.1)",uniform_high,64,30,eval_mean_mean_resource_fraction,0.08291150648948868
ecology_perception_parallel_v1_r0_r1_mu010,"R0 (theta=0, matched mu=0.1)",uniform_high,64,30,eval_mean_mean_reserve_welfare,0.648327646894666
ecology_perception_parallel_v1_r0_r1_mu010,"R0 (theta=0, matched mu=0.1)",uniform_high,64,30,final_wealth_gini,0.481919994359695
ecology_perception_parallel_v1_r0_r1_mu010,"R0 (theta=0, matched mu=0.1)",patchy_high,64,30,eval_mean_mean_resource_fraction,0.10327213475772823
ecology_perception_parallel_v1_r0_r1_mu010,"R0 (theta=0, matched mu=0.1)",patchy_high,64,30,eval_mean_mean_reserve_welfare,0.7019780313880757
ecology_perception_parallel_v1_r0_r1_mu010,"R0 (theta=0, matched mu=0.1)",patchy_high,64,30,final_wealth_gini,0.47785640740158075
ecology_perception_parallel_v1_r0_r1_mu010,"R0 (theta=0, matched mu=0.1)",split_high_low,64,30,eval_mean_mean_resource_fraction,0.08999715535763513
ecology_perception_parallel_v1_r0_r1_mu010,"R0 (theta=0, matched mu=0.1)",split_high_low,64,30,eval_mean_mean_reserve_welfare,0.6109511195556362
ecology_perception_parallel_v1_r0_r1_mu010,"R0 (theta=0, matched mu=0.1)",split_high_low,64,30,final_wealth_gini,0.5940689940120603
ecology_perception_parallel_v1_r0_r1_mu010,"R0 (theta=0, matched mu=0.1)",uniform_high,64,31,eval_mean_mean_resource_fraction,0.07774830688565375
ecology_perception_parallel_v1_r0_r1_mu010,"R0 (theta=0, matched mu=0.1)",uniform_high,64,31,eval_mean_mean_reserve_welfare,0.5968735825339115
ecology_perception_parallel_v1_r0_r1_mu010,"R0 (theta=0, matched mu=0.1)",uniform_high,64,31,final_wealth_gini,0.4717922841908371
ecology_perception_parallel_v1_r0_r1_mu010,"R0 (theta=0, matched mu=0.1)",patchy_high,64,31,eval_mean_mean_resource_fraction,0.0906650625325521
ecology_perception_parallel_v1_r0_r1_mu010,"R0 (theta=0, matched mu=0.1)",patchy_high,64,31,eval_mean_mean_reserve_welfare,0.6813894004673829
ecology_perception_parallel_v1_r0_r1_mu010,"R0 (theta=0, matched mu=0.1)",patchy_high,64,31,final_wealth_gini,0.417320000414378
ecology_perception_parallel_v1_r0_r1_mu010,"R0 (theta=0, matched mu=0.1)",split_high_low,64,31,eval_mean_mean_resource_fraction,0.10791437405415535
ecology_perception_parallel_v1_r0_r1_mu010,"R0 (theta=0, matched mu=0.1)",split_high_low,64,31,eval_mean_mean_reserve_welfare,0.6577598890956652
ecology_perception_parallel_v1_r0_r1_mu010,"R0 (theta=0, matched mu=0.1)",split_high_low,64,31,final_wealth_gini,0.6383688976873805
ecology_perception_parallel_v1_r0_r1_mu010,"R0 (theta=0, matched mu=0.1)",uniform_high,64,32,eval_mean_mean_resource_fraction,0.12323003462844605
ecology_perception_parallel_v1_r0_r1_mu010,"R0 (theta=0, matched mu=0.1)",uniform_high,64,32,eval_mean_mean_reserve_welfare,0.7740405250737549
ecology_perception_parallel_v1_r0_r1_mu010,"R0 (theta=0, matched mu=0.1)",uniform_high,64,32,final_wealth_gini,0.44233715763468573
ecology_perception_parallel_v1_r0_r1_mu010,"R0 (theta=0, matched mu=0.1)",patchy_high,64,32,eval_mean_mean_resource_fraction,0.11221331800395033
ecology_perception_parallel_v1_r0_r1_mu010,"R0 (theta=0, matched mu=0.1)",patchy_high,64,32,eval_mean_mean_reserve_welfare,0.7350290623229861
ecology_perception_parallel_v1_r0_r1_mu010,"R0 (theta=0, matched mu=0.1)",patchy_high,64,32,final_wealth_gini,0.4507228450706846
ecology_perception_parallel_v1_r0_r1_mu010,"R0 (theta=0, matched mu=0.1)",split_high_low,64,32,eval_mean_mean_resource_fraction,0.15649138714122154
ecology_perception_parallel_v1_r0_r1_mu010,"R0 (theta=0, matched mu=0.1)",split_high_low,64,32,eval_mean_mean_reserve_welfare,0.6522027324430355
ecology_perception_parallel_v1_r0_r1_mu010,"R0 (theta=0, matched mu=0.1)",split_high_low,64,32,final_wealth_gini,0.6230961760806892
ecology_perception_parallel_v1_r0_r1_mu010,"R0 (theta=0, matched mu=0.1)",uniform_high,64,33,eval_mean_mean_resource_fraction,0.11129282000507931
ecology_perception_parallel_v1_r0_r1_mu010,"R0 (theta=0, matched mu=0.1)",uniform_high,64,33,eval_mean_mean_reserve_welfare,0.7927241678761711
ecology_perception_parallel_v1_r0_r1_mu010,"R0 (theta=0, matched mu=0.1)",uniform_high,64,33,final_wealth_gini,0.4204443555077795
ecology_perception_parallel_v1_r0_r1_mu010,"R0 (theta=0, matched mu=0.1)",patchy_high,64,33,eval_mean_mean_resource_fraction,0.08862548261056591
ecology_perception_parallel_v1_r0_r1_mu010,"R0 (theta=0, matched mu=0.1)",patchy_high,64,33,eval_mean_mean_reserve_welfare,0.7044781888764294
ecology_perception_parallel_v1_r0_r1_mu010,"R0 (theta=0, matched mu=0.1)",patchy_high,64,33,final_wealth_gini,0.44741756207078986
ecology_perception_parallel_v1_r0_r1_mu010,"R0 (theta=0, matched mu=0.1)",split_high_low,64,33,eval_mean_mean_resource_fraction,0.14277376203028538
ecology_perception_parallel_v1_r0_r1_mu010,"R0 (theta=0, matched mu=0.1)",split_high_low,64,33,eval_mean_mean_reserve_welfare,0.6754296579459456
ecology_perception_parallel_v1_r0_r1_mu010,"R0 (theta=0, matched mu=0.1)",split_high_low,64,33,final_wealth_gini,0.6381787534731707
ecology_perception_parallel_v1_r0_r1_mu010,"R0 (theta=0, matched mu=0.1)",uniform_high,64,34,eval_mean_mean_resource_fraction,0.11991316462095525
ecology_perception_parallel_v1_r0_r1_mu010,"R0 (theta=0, matched mu=0.1)",uniform_high,64,34,eval_mean_mean_reserve_welfare,0.6957058248665766
ecology_perception_parallel_v1_r0_r1_mu010,"R0 (theta=0, matched mu=0.1)",uniform_high,64,34,final_wealth_gini,0.5241966370265307
ecology_perception_parallel_v1_r0_r1_mu010,"R0 (theta=0, matched mu=0.1)",patchy_high,64,34,eval_mean_mean_resource_fraction,0.18344059931522957
ecology_perception_parallel_v1_r0_r1_mu010,"R0 (theta=0, matched mu=0.1)",patchy_high,64,34,eval_mean_mean_reserve_welfare,0.836840181666672
ecology_perception_parallel_v1_r0_r1_mu010,"R0 (theta=0, matched mu=0.1)",patchy_high,64,34,final_wealth_gini,0.46075395537767316
ecology_perception_parallel_v1_r0_r1_mu010,"R0 (theta=0, matched mu=0.1)",split_high_low,64,34,eval_mean_mean_resource_fraction,0.10020241414168804
ecology_perception_parallel_v1_r0_r1_mu010,"R0 (theta=0, matched mu=0.1)",split_high_low,64,34,eval_mean_mean_reserve_welfare,0.5895206726406084
ecology_perception_parallel_v1_r0_r1_mu010,"R0 (theta=0, matched mu=0.1)",split_high_low,64,34,final_wealth_gini,0.663304833387061
ecology_perception_parallel_v1_r0_r1_mu010,"R0 (theta=0, matched mu=0.1)",uniform_high,64,35,eval_mean_mean_resource_fraction,0.12321752817004872
ecology_perception_parallel_v1_r0_r1_mu010,"R0 (theta=0, matched mu=0.1)",uniform_high,64,35,eval_mean_mean_reserve_welfare,0.7374149996789058
ecology_perception_parallel_v1_r0_r1_mu010,"R0 (theta=0, matched mu=0.1)",uniform_high,64,35,final_wealth_gini,0.5067598246755014
ecology_perception_parallel_v1_r0_r1_mu010,"R0 (theta=0, matched mu=0.1)",patchy_high,64,35,eval_mean_mean_resource_fraction,0.09591716542417733
ecology_perception_parallel_v1_r0_r1_mu010,"R0 (theta=0, matched mu=0.1)",patchy_high,64,35,eval_mean_mean_reserve_welfare,0.7186024998826653
ecology_perception_parallel_v1_r0_r1_mu010,"R0 (theta=0, matched mu=0.1)",patchy_high,64,35,final_wealth_gini,0.47433710323173184
ecology_perception_parallel_v1_r0_r1_mu010,"R0 (theta=0, matched mu=0.1)",split_high_low,64,35,eval_mean_mean_resource_fraction,0.12535292915234833
ecology_perception_parallel_v1_r0_r1_mu010,"R0 (theta=0, matched mu=0.1)",split_high_low,64,35,eval_mean_mean_reserve_welfare,0.5941636160036922
ecology_perception_parallel_v1_r0_r1_mu010,"R0 (theta=0, matched mu=0.1)",split_high_low,64,35,final_wealth_gini,0.6620680116750914
ecology_perception_parallel_v1_r0_r1_mu010,"R0 (theta=0, matched mu=0.1)",uniform_high,64,36,eval_mean_mean_resource_fraction,0.10465052952284781
ecology_perception_parallel_v1_r0_r1_mu010,"R0 (theta=0, matched mu=0.1)",uniform_high,64,36,eval_mean_mean_reserve_welfare,0.7829983107322409
ecology_perception_parallel_v1_r0_r1_mu010,"R0 (theta=0, matched mu=0.1)",uniform_high,64,36,final_wealth_gini,0.3994691503866681
ecology_perception_parallel_v1_r0_r1_mu010,"R0 (theta=0, matched mu=0.1)",patchy_high,64,36,eval_mean_mean_resource_fraction,0.17504697093286992
ecology_perception_parallel_v1_r0_r1_mu010,"R0 (theta=0, matched mu=0.1)",patchy_high,64,36,eval_mean_mean_reserve_welfare,0.8708605965192306
ecology_perception_parallel_v1_r0_r1_mu010,"R0 (theta=0, matched mu=0.1)",patchy_high,64,36,final_wealth_gini,0.40212500181630784
ecology_perception_parallel_v1_r0_r1_mu010,"R0 (theta=0, matched mu=0.1)",split_high_low,64,36,eval_mean_mean_resource_fraction,0.16015141245331085
ecology_perception_parallel_v1_r0_r1_mu010,"R0 (theta=0, matched mu=0.1)",split_high_low,64,36,eval_mean_mean_reserve_welfare,0.7054362131815679
ecology_perception_parallel_v1_r0_r1_mu010,"R0 (theta=0, matched mu=0.1)",split_high_low,64,36,final_wealth_gini,0.5963855013646215
ecology_perception_parallel_v1_r0_r1_mu010,"R0 (theta=0, matched mu=0.1)",uniform_high,64,37,eval_mean_mean_resource_fraction,0.0837963152251272
ecology_perception_parallel_v1_r0_r1_mu010,"R0 (theta=0, matched mu=0.1)",uniform_high,64,37,eval_mean_mean_reserve_welfare,0.6025340996099574
ecology_perception_parallel_v1_r0_r1_mu010,"R0 (theta=0, matched mu=0.1)",uniform_high,64,37,final_wealth_gini,0.5543136061077398
ecology_perception_parallel_v1_r0_r1_mu010,"R0 (theta=0, matched mu=0.1)",patchy_high,64,37,eval_mean_mean_resource_fraction,0.12178077441833822
ecology_perception_parallel_v1_r0_r1_mu010,"R0 (theta=0, matched mu=0.1)",patchy_high,64,37,eval_mean_mean_reserve_welfare,0.7640600966799747
ecology_perception_parallel_v1_r0_r1_mu010,"R0 (theta=0, matched mu=0.1)",patchy_high,64,37,final_wealth_gini,0.4839239633685666
ecology_perception_parallel_v1_r0_r1_mu010,"R0 (theta=0, matched mu=0.1)",split_high_low,64,37,eval_mean_mean_resource_fraction,0.08250842446839701
ecology_perception_parallel_v1_r0_r1_mu010,"R0 (theta=0, matched mu=0.1)",split_high_low,64,37,eval_mean_mean_reserve_welfare,0.6917418317928831
ecology_perception_parallel_v1_r0_r1_mu010,"R0 (theta=0, matched mu=0.1)",split_high_low,64,37,final_wealth_gini,0.5376500577234908
ecology_perception_parallel_v1_r0_r1_mu010,"R0 (theta=0, matched mu=0.1)",uniform_high,64,38,eval_mean_mean_resource_fraction,0.13297341317535682
ecology_perception_parallel_v1_r0_r1_mu010,"R0 (theta=0, matched mu=0.1)",uniform_high,64,38,eval_mean_mean_reserve_welfare,0.8945665162561268
ecology_perception_parallel_v1_r0_r1_mu010,"R0 (theta=0, matched mu=0.1)",uniform_high,64,38,final_wealth_gini,0.3726460183703648
ecology_perception_parallel_v1_r0_r1_mu010,"R0 (theta=0, matched mu=0.1)",patchy_high,64,38,eval_mean_mean_resource_fraction,0.11317250586887281
ecology_perception_parallel_v1_r0_r1_mu010,"R0 (theta=0, matched mu=0.1)",patchy_high,64,38,eval_mean_mean_reserve_welfare,0.8542892877395366
ecology_perception_parallel_v1_r0_r1_mu010,"R0 (theta=0, matched mu=0.1)",patchy_high,64,38,final_wealth_gini,0.37109573088897974
ecology_perception_parallel_v1_r0_r1_mu010,"R0 (theta=0, matched mu=0.1)",split_high_low,64,38,eval_mean_mean_resource_fraction,0.09854516609462095
ecology_perception_parallel_v1_r0_r1_mu010,"R0 (theta=0, matched mu=0.1)",split_high_low,64,38,eval_mean_mean_reserve_welfare,0.6550797871865475
ecology_perception_parallel_v1_r0_r1_mu010,"R0 (theta=0, matched mu=0.1)",split_high_low,64,38,final_wealth_gini,0.5742696551006241
ecology_perception_parallel_v1_r0_r1_mu010,"R0 (theta=0, matched mu=0.1)",uniform_high,64,39,eval_mean_mean_resource_fraction,0.17392750905557017
ecology_perception_parallel_v1_r0_r1_mu010,"R0 (theta=0, matched mu=0.1)",uniform_high,64,39,eval_mean_mean_reserve_welfare,0.870468683835494
ecology_perception_parallel_v1_r0_r1_mu010,"R0 (theta=0, matched mu=0.1)",uniform_high,64,39,final_wealth_gini,0.40178529630441817
ecology_perception_parallel_v1_r0_r1_mu010,"R0 (theta=0, matched mu=0.1)",patchy_high,64,39,eval_mean_mean_resource_fraction,0.11726360681199131
ecology_perception_parallel_v1_r0_r1_mu010,"R0 (theta=0, matched mu=0.1)",patchy_high,64,39,eval_mean_mean_reserve_welfare,0.8308047863328061
ecology_perception_parallel_v1_r0_r1_mu010,"R0 (theta=0, matched mu=0.1)",patchy_high,64,39,final_wealth_gini,0.427047836324965
ecology_perception_parallel_v1_r0_r1_mu010,"R0 (theta=0, matched mu=0.1)",split_high_low,64,39,eval_mean_mean_resource_fraction,0.07910717122589131
ecology_perception_parallel_v1_r0_r1_mu010,"R0 (theta=0, matched mu=0.1)",split_high_low,64,39,eval_mean_mean_reserve_welfare,0.6672085319580561
ecology_perception_parallel_v1_r0_r1_mu010,"R0 (theta=0, matched mu=0.1)",split_high_low,64,39,final_wealth_gini,0.5506376122523546
ecology_perception_parallel_v1_r0_r1_mu010,"R0 (theta=0, matched mu=0.1)",uniform_high,64,40,eval_mean_mean_resource_fraction,0.12763589322666685
ecology_perception_parallel_v1_r0_r1_mu010,"R0 (theta=0, matched mu=0.1)",uniform_high,64,40,eval_mean_mean_reserve_welfare,0.8014887165193395
ecology_perception_parallel_v1_r0_r1_mu010,"R0 (theta=0, matched mu=0.1)",uniform_high,64,40,final_wealth_gini,0.4286893756524677
ecology_perception_parallel_v1_r0_r1_mu010,"R0 (theta=0, matched mu=0.1)",patchy_high,64,40,eval_mean_mean_resource_fraction,0.10509303839492809
ecology_perception_parallel_v1_r0_r1_mu010,"R0 (theta=0, matched mu=0.1)",patchy_high,64,40,eval_mean_mean_reserve_welfare,0.7139231951478278
ecology_perception_parallel_v1_r0_r1_mu010,"R0 (theta=0, matched mu=0.1)",patchy_high,64,40,final_wealth_gini,0.481887834626334
ecology_perception_parallel_v1_r0_r1_mu010,"R0 (theta=0, matched mu=0.1)",split_high_low,64,40,eval_mean_mean_resource_fraction,0.0736392077605799
ecology_perception_parallel_v1_r0_r1_mu010,"R0 (theta=0, matched mu=0.1)",split_high_low,64,40,eval_mean_mean_reserve_welfare,0.6257235735392187
ecology_perception_parallel_v1_r0_r1_mu010,"R0 (theta=0, matched mu=0.1)",split_high_low,64,40,final_wealth_gini,0.5715717415067045
ecology_perception_parallel_v1_r0_r1_mu010,"R0 (theta=0, matched mu=0.1)",uniform_high,64,41,eval_mean_mean_resource_fraction,0.18524711365828744
ecology_perception_parallel_v1_r0_r1_mu010,"R0 (theta=0, matched mu=0.1)",uniform_high,64,41,eval_mean_mean_reserve_welfare,0.8600212625348511
ecology_perception_parallel_v1_r0_r1_mu010,"R0 (theta=0, matched mu=0.1)",uniform_high,64,41,final_wealth_gini,0.4405739632049557
ecology_perception_parallel_v1_r0_r1_mu010,"R0 (theta=0, matched mu=0.1)",patchy_high,64,41,eval_mean_mean_resource_fraction,0.10851750100937096
ecology_perception_parallel_v1_r0_r1_mu010,"R0 (theta=0, matched mu=0.1)",patchy_high,64,41,eval_mean_mean_reserve_welfare,0.6711895690858077
ecology_perception_parallel_v1_r0_r1_mu010,"R0 (theta=0, matched mu=0.1)",patchy_high,64,41,final_wealth_gini,0.5309186641131356
ecology_perception_parallel_v1_r0_r1_mu010,"R0 (theta=0, matched mu=0.1)",split_high_low,64,41,eval_mean_mean_resource_fraction,0.09491170285589214
ecology_perception_parallel_v1_r0_r1_mu010,"R0 (theta=0, matched mu=0.1)",split_high_low,64,41,eval_mean_mean_reserve_welfare,0.5962375079028274
ecology_perception_parallel_v1_r0_r1_mu010,"R0 (theta=0, matched mu=0.1)",split_high_low,64,41,final_wealth_gini,0.6692267139129768
ecology_perception_parallel_v1_r0_r1_mu010,"R0 (theta=0, matched mu=0.1)",uniform_high,64,42,eval_mean_mean_resource_fraction,0.10017156359666855
ecology_perception_parallel_v1_r0_r1_mu010,"R0 (theta=0, matched mu=0.1)",uniform_high,64,42,eval_mean_mean_reserve_welfare,0.7111567711659549
ecology_perception_parallel_v1_r0_r1_mu010,"R0 (theta=0, matched mu=0.1)",uniform_high,64,42,final_wealth_gini,0.46592376658919
ecology_perception_parallel_v1_r0_r1_mu010,"R0 (theta=0, matched mu=0.1)",patchy_high,64,42,eval_mean_mean_resource_fraction,0.10216712623057857
ecology_perception_parallel_v1_r0_r1_mu010,"R0 (theta=0, matched mu=0.1)",patchy_high,64,42,eval_mean_mean_reserve_welfare,0.7012901477097021
ecology_perception_parallel_v1_r0_r1_mu010,"R0 (theta=0, matched mu=0.1)",patchy_high,64,42,final_wealth_gini,0.46469844791841197
ecology_perception_parallel_v1_r0_r1_mu010,"R0 (theta=0, matched mu=0.1)",split_high_low,64,42,eval_mean_mean_resource_fraction,0.15454378286986312
ecology_perception_parallel_v1_r0_r1_mu010,"R0 (theta=0, matched mu=0.1)",split_high_low,64,42,eval_mean_mean_reserve_welfare,0.6584272000576863
ecology_perception_parallel_v1_r0_r1_mu010,"R0 (theta=0, matched mu=0.1)",split_high_low,64,42,final_wealth_gini,0.6403860985876728
ecology_perception_parallel_v1_r0_r1_mu010,"R0 (theta=0, matched mu=0.1)",uniform_high,64,43,eval_mean_mean_resource_fraction,0.10476342714232798
ecology_perception_parallel_v1_r0_r1_mu010,"R0 (theta=0, matched mu=0.1)",uniform_high,64,43,eval_mean_mean_reserve_welfare,0.7963082709794153
ecology_perception_parallel_v1_r0_r1_mu010,"R0 (theta=0, matched mu=0.1)",uniform_high,64,43,final_wealth_gini,0.40362514400146043
ecology_perception_parallel_v1_r0_r1_mu010,"R0 (theta=0, matched mu=0.1)",patchy_high,64,43,eval_mean_mean_resource_fraction,0.1615973140954992
ecology_perception_parallel_v1_r0_r1_mu010,"R0 (theta=0, matched mu=0.1)",patchy_high,64,43,eval_mean_mean_reserve_welfare,0.9561461715799344
ecology_perception_parallel_v1_r0_r1_mu010,"R0 (theta=0, matched mu=0.1)",patchy_high,64,43,final_wealth_gini,0.33603262553420654
ecology_perception_parallel_v1_r0_r1_mu010,"R0 (theta=0, matched mu=0.1)",split_high_low,64,43,eval_mean_mean_resource_fraction,0.10494028049870835
ecology_perception_parallel_v1_r0_r1_mu010,"R0 (theta=0, matched mu=0.1)",split_high_low,64,43,eval_mean_mean_reserve_welfare,0.6694408493260218
ecology_perception_parallel_v1_r0_r1_mu010,"R0 (theta=0, matched mu=0.1)",split_high_low,64,43,final_wealth_gini,0.604280156369434
ecology_perception_parallel_v1_r0_r1_mu010,"R0 (theta=0, matched mu=0.1)",uniform_high,64,44,eval_mean_mean_resource_fraction,0.1366375251508685
ecology_perception_parallel_v1_r0_r1_mu010,"R0 (theta=0, matched mu=0.1)",uniform_high,64,44,eval_mean_mean_reserve_welfare,0.8389661248389143
ecology_perception_parallel_v1_r0_r1_mu010,"R0 (theta=0, matched mu=0.1)",uniform_high,64,44,final_wealth_gini,0.4148438092225586
ecology_perception_parallel_v1_r0_r1_mu010,"R0 (theta=0, matched mu=0.1)",patchy_high,64,44,eval_mean_mean_resource_fraction,0.11776264646132369
ecology_perception_parallel_v1_r0_r1_mu010,"R0 (theta=0, matched mu=0.1)",patchy_high,64,44,eval_mean_mean_reserve_welfare,0.8189268486814267
ecology_perception_parallel_v1_r0_r1_mu010,"R0 (theta=0, matched mu=0.1)",patchy_high,64,44,final_wealth_gini,0.40784038836523373
ecology_perception_parallel_v1_r0_r1_mu010,"R0 (theta=0, matched mu=0.1)",split_high_low,64,44,eval_mean_mean_resource_fraction,0.1492524696771613
ecology_perception_parallel_v1_r0_r1_mu010,"R0 (theta=0, matched mu=0.1)",split_high_low,64,44,eval_mean_mean_reserve_welfare,0.6927635873200898
ecology_perception_parallel_v1_r0_r1_mu010,"R0 (theta=0, matched mu=0.1)",split_high_low,64,44,final_wealth_gini,0.5829098084404292
ecology_perception_parallel_v1_r0_r1_mu010,"R0 (theta=0, matched mu=0.1)",uniform_high,64,45,eval_mean_mean_resource_fraction,0.09454962782476585
ecology_perception_parallel_v1_r0_r1_mu010,"R0 (theta=0, matched mu=0.1)",uniform_high,64,45,eval_mean_mean_reserve_welfare,0.7376452818041632
ecology_perception_parallel_v1_r0_r1_mu010,"R0 (theta=0, matched mu=0.1)",uniform_high,64,45,final_wealth_gini,0.45938562292799356
ecology_perception_parallel_v1_r0_r1_mu010,"R0 (theta=0, matched mu=0.1)",patchy_high,64,45,eval_mean_mean_resource_fraction,0.07080857100810531
ecology_perception_parallel_v1_r0_r1_mu010,"R0 (theta=0, matched mu=0.1)",patchy_high,64,45,eval_mean_mean_reserve_welfare,0.6795400634530424
ecology_perception_parallel_v1_r0_r1_mu010,"R0 (theta=0, matched mu=0.1)",patchy_high,64,45,final_wealth_gini,0.4386182643455929
ecology_perception_parallel_v1_r0_r1_mu010,"R0 (theta=0, matched mu=0.1)",split_high_low,64,45,eval_mean_mean_resource_fraction,0.0967926541484099
ecology_perception_parallel_v1_r0_r1_mu010,"R0 (theta=0, matched mu=0.1)",split_high_low,64,45,eval_mean_mean_reserve_welfare,0.5877364533412281
ecology_perception_parallel_v1_r0_r1_mu010,"R0 (theta=0, matched mu=0.1)",split_high_low,64,45,final_wealth_gini,0.6555609896861578
ecology_perception_parallel_v1_r0_r1_mu010,"R0 (theta=0, matched mu=0.1)",uniform_high,64,46,eval_mean_mean_resource_fraction,0.12222999008794244
ecology_perception_parallel_v1_r0_r1_mu010,"R0 (theta=0, matched mu=0.1)",uniform_high,64,46,eval_mean_mean_reserve_welfare,0.8233106431526585
ecology_perception_parallel_v1_r0_r1_mu010,"R0 (theta=0, matched mu=0.1)",uniform_high,64,46,final_wealth_gini,0.44227222753372875
ecology_perception_parallel_v1_r0_r1_mu010,"R0 (theta=0, matched mu=0.1)",patchy_high,64,46,eval_mean_mean_resource_fraction,0.12502894914054863
ecology_perception_parallel_v1_r0_r1_mu010,"R0 (theta=0, matched mu=0.1)",patchy_high,64,46,eval_mean_mean_reserve_welfare,0.7539460481797275
ecology_perception_parallel_v1_r0_r1_mu010,"R0 (theta=0, matched mu=0.1)",patchy_high,64,46,final_wealth_gini,0.4793441690743072
ecology_perception_parallel_v1_r0_r1_mu010,"R0 (theta=0, matched mu=0.1)",split_high_low,64,46,eval_mean_mean_resource_fraction,0.13234416132357993
ecology_perception_parallel_v1_r0_r1_mu010,"R0 (theta=0, matched mu=0.1)",split_high_low,64,46,eval_mean_mean_reserve_welfare,0.7123138957171833
ecology_perception_parallel_v1_r0_r1_mu010,"R0 (theta=0, matched mu=0.1)",split_high_low,64,46,final_wealth_gini,0.5747861157761296
ecology_perception_parallel_v1_r0_r1_mu010,"R0 (theta=0, matched mu=0.1)",uniform_high,64,47,eval_mean_mean_resource_fraction,0.13389534417329169
ecology_perception_parallel_v1_r0_r1_mu010,"R0 (theta=0, matched mu=0.1)",uniform_high,64,47,eval_mean_mean_reserve_welfare,0.8679613749269619
ecology_perception_parallel_v1_r0_r1_mu010,"R0 (theta=0, matched mu=0.1)",uniform_high,64,47,final_wealth_gini,0.38272656299140095
ecology_perception_parallel_v1_r0_r1_mu010,"R0 (theta=0, matched mu=0.1)",patchy_high,64,47,eval_mean_mean_resource_fraction,0.10717265103203988
ecology_perception_parallel_v1_r0_r1_mu010,"R0 (theta=0, matched mu=0.1)",patchy_high,64,47,eval_mean_mean_reserve_welfare,0.8245660649201882
ecology_perception_parallel_v1_r0_r1_mu010,"R0 (theta=0, matched mu=0.1)",patchy_high,64,47,final_wealth_gini,0.36098331220169144
ecology_perception_parallel_v1_r0_r1_mu010,"R0 (theta=0, matched mu=0.1)",split_high_low,64,47,eval_mean_mean_resource_fraction,0.0906678651190735
ecology_perception_parallel_v1_r0_r1_mu010,"R0 (theta=0, matched mu=0.1)",split_high_low,64,47,eval_mean_mean_reserve_welfare,0.6591867661210403
ecology_perception_parallel_v1_r0_r1_mu010,"R0 (theta=0, matched mu=0.1)",split_high_low,64,47,final_wealth_gini,0.5759548495273992
ecology_perception_parallel_v1_r0_r1_mu010,"R0 (theta=0, matched mu=0.1)",uniform_high,64,48,eval_mean_mean_resource_fraction,0.11915981098460052
ecology_perception_parallel_v1_r0_r1_mu010,"R0 (theta=0, matched mu=0.1)",uniform_high,64,48,eval_mean_mean_reserve_welfare,0.8360946045210951
ecology_perception_parallel_v1_r0_r1_mu010,"R0 (theta=0, matched mu=0.1)",uniform_high,64,48,final_wealth_gini,0.3794563003438225
ecology_perception_parallel_v1_r0_r1_mu010,"R0 (theta=0, matched mu=0.1)",patchy_high,64,48,eval_mean_mean_resource_fraction,0.12450688523822868
ecology_perception_parallel_v1_r0_r1_mu010,"R0 (theta=0, matched mu=0.1)",patchy_high,64,48,eval_mean_mean_reserve_welfare,0.8684492552197077
ecology_perception_parallel_v1_r0_r1_mu010,"R0 (theta=0, matched mu=0.1)",patchy_high,64,48,final_wealth_gini,0.3388387052764765
ecology_perception_parallel_v1_r0_r1_mu010,"R0 (theta=0, matched mu=0.1)",split_high_low,64,48,eval_mean_mean_resource_fraction,0.07927285578653834
ecology_perception_parallel_v1_r0_r1_mu010,"R0 (theta=0, matched mu=0.1)",split_high_low,64,48,eval_mean_mean_reserve_welfare,0.6324176204977959
ecology_perception_parallel_v1_r0_r1_mu010,"R0 (theta=0, matched mu=0.1)",split_high_low,64,48,final_wealth_gini,0.570585876883585
ecology_perception_parallel_v1_r0_r1_mu010,"R0 (theta=0, matched mu=0.1)",uniform_high,64,49,eval_mean_mean_resource_fraction,0.13542289733521037
ecology_perception_parallel_v1_r0_r1_mu010,"R0 (theta=0, matched mu=0.1)",uniform_high,64,49,eval_mean_mean_reserve_welfare,0.7975036173621605
ecology_perception_parallel_v1_r0_r1_mu010,"R0 (theta=0, matched mu=0.1)",uniform_high,64,49,final_wealth_gini,0.44998529816904553
ecology_perception_parallel_v1_r0_r1_mu010,"R0 (theta=0, matched mu=0.1)",patchy_high,64,49,eval_mean_mean_resource_fraction,0.09378547030001881
ecology_perception_parallel_v1_r0_r1_mu010,"R0 (theta=0, matched mu=0.1)",patchy_high,64,49,eval_mean_mean_reserve_welfare,0.6910683595496864
ecology_perception_parallel_v1_r0_r1_mu010,"R0 (theta=0, matched mu=0.1)",patchy_high,64,49,final_wealth_gini,0.45492801247602976
ecology_perception_parallel_v1_r0_r1_mu010,"R0 (theta=0, matched mu=0.1)",split_high_low,64,49,eval_mean_mean_resource_fraction,0.10043106464563697
ecology_perception_parallel_v1_r0_r1_mu010,"R0 (theta=0, matched mu=0.1)",split_high_low,64,49,eval_mean_mean_reserve_welfare,0.6610638319903486
ecology_perception_parallel_v1_r0_r1_mu010,"R0 (theta=0, matched mu=0.1)",split_high_low,64,49,final_wealth_gini,0.6325741431025294
ecology_perception_parallel_v1_r0_r1_mu010,"R0 (theta=0, matched mu=0.1)",uniform_high,64,50,eval_mean_mean_resource_fraction,0.12970697286114646
ecology_perception_parallel_v1_r0_r1_mu010,"R0 (theta=0, matched mu=0.1)",uniform_high,64,50,eval_mean_mean_reserve_welfare,0.8380063700063961
ecology_perception_parallel_v1_r0_r1_mu010,"R0 (theta=0, matched mu=0.1)",uniform_high,64,50,final_wealth_gini,0.39298103662584416
ecology_perception_parallel_v1_r0_r1_mu010,"R0 (theta=0, matched mu=0.1)",patchy_high,64,50,eval_mean_mean_resource_fraction,0.1269708072179791
ecology_perception_parallel_v1_r0_r1_mu010,"R0 (theta=0, matched mu=0.1)",patchy_high,64,50,eval_mean_mean_reserve_welfare,0.8411153568972265
ecology_perception_parallel_v1_r0_r1_mu010,"R0 (theta=0, matched mu=0.1)",patchy_high,64,50,final_wealth_gini,0.35598154752840827
ecology_perception_parallel_v1_r0_r1_mu010,"R0 (theta=0, matched mu=0.1)",split_high_low,64,50,eval_mean_mean_resource_fraction,0.1887686233858044
ecology_perception_parallel_v1_r0_r1_mu010,"R0 (theta=0, matched mu=0.1)",split_high_low,64,50,eval_mean_mean_reserve_welfare,0.683028199896125
ecology_perception_parallel_v1_r0_r1_mu010,"R0 (theta=0, matched mu=0.1)",split_high_low,64,50,final_wealth_gini,0.6339103001183422
ecology_perception_parallel_v1_r0_r1_mu010,"R0 (theta=0, matched mu=0.1)",uniform_high,64,51,eval_mean_mean_resource_fraction,0.08431445005049004
ecology_perception_parallel_v1_r0_r1_mu010,"R0 (theta=0, matched mu=0.1)",uniform_high,64,51,eval_mean_mean_reserve_welfare,0.684260121215518
ecology_perception_parallel_v1_r0_r1_mu010,"R0 (theta=0, matched mu=0.1)",uniform_high,64,51,final_wealth_gini,0.47480057394597663
ecology_perception_parallel_v1_r0_r1_mu010,"R0 (theta=0, matched mu=0.1)",patchy_high,64,51,eval_mean_mean_resource_fraction,0.10562028779507203
ecology_perception_parallel_v1_r0_r1_mu010,"R0 (theta=0, matched mu=0.1)",patchy_high,64,51,eval_mean_mean_reserve_welfare,0.7244416694661329
ecology_perception_parallel_v1_r0_r1_mu010,"R0 (theta=0, matched mu=0.1)",patchy_high,64,51,final_wealth_gini,0.4950468435358266
ecology_perception_parallel_v1_r0_r1_mu010,"R0 (theta=0, matched mu=0.1)",split_high_low,64,51,eval_mean_mean_resource_fraction,0.14025119978453882
ecology_perception_parallel_v1_r0_r1_mu010,"R0 (theta=0, matched mu=0.1)",split_high_low,64,51,eval_mean_mean_reserve_welfare,0.5901121931327948
ecology_perception_parallel_v1_r0_r1_mu010,"R0 (theta=0, matched mu=0.1)",split_high_low,64,51,final_wealth_gini,0.6822226396933282
ecology_perception_parallel_v1_r0_r1_mu010,"R0 (theta=0, matched mu=0.1)",uniform_high,64,52,eval_mean_mean_resource_fraction,0.0972014926177365
ecology_perception_parallel_v1_r0_r1_mu010,"R0 (theta=0, matched mu=0.1)",uniform_high,64,52,eval_mean_mean_reserve_welfare,0.7021325274574209
ecology_perception_parallel_v1_r0_r1_mu010,"R0 (theta=0, matched mu=0.1)",uniform_high,64,52,final_wealth_gini,0.45514917192878546
ecology_perception_parallel_v1_r0_r1_mu010,"R0 (theta=0, matched mu=0.1)",patchy_high,64,52,eval_mean_mean_resource_fraction,0.10984535345684855
ecology_perception_parallel_v1_r0_r1_mu010,"R0 (theta=0, matched mu=0.1)",patchy_high,64,52,eval_mean_mean_reserve_welfare,0.7024959941586945
ecology_perception_parallel_v1_r0_r1_mu010,"R0 (theta=0, matched mu=0.1)",patchy_high,64,52,final_wealth_gini,0.46391134546745305
ecology_perception_parallel_v1_r0_r1_mu010,"R0 (theta=0, matched mu=0.1)",split_high_low,64,52,eval_mean_mean_resource_fraction,0.11450794450401938
ecology_perception_parallel_v1_r0_r1_mu010,"R0 (theta=0, matched mu=0.1)",split_high_low,64,52,eval_mean_mean_reserve_welfare,0.5927331007511544
ecology_perception_parallel_v1_r0_r1_mu010,"R0 (theta=0, matched mu=0.1)",split_high_low,64,52,final_wealth_gini,0.6385111941132666
ecology_perception_parallel_v1_r0_r1_mu010,"R0 (theta=0, matched mu=0.1)",uniform_high,64,53,eval_mean_mean_resource_fraction,0.10056364512180929
ecology_perception_parallel_v1_r0_r1_mu010,"R0 (theta=0, matched mu=0.1)",uniform_high,64,53,eval_mean_mean_reserve_welfare,0.670479097850491
ecology_perception_parallel_v1_r0_r1_mu010,"R0 (theta=0, matched mu=0.1)",uniform_high,64,53,final_wealth_gini,0.4782102167996698
ecology_perception_parallel_v1_r0_r1_mu010,"R0 (theta=0, matched mu=0.1)",patchy_high,64,53,eval_mean_mean_resource_fraction,0.14556814909912677
ecology_perception_parallel_v1_r0_r1_mu010,"R0 (theta=0, matched mu=0.1)",patchy_high,64,53,eval_mean_mean_reserve_welfare,0.7796882908473302
ecology_perception_parallel_v1_r0_r1_mu010,"R0 (theta=0, matched mu=0.1)",patchy_high,64,53,final_wealth_gini,0.4258163924154068
ecology_perception_parallel_v1_r0_r1_mu010,"R0 (theta=0, matched mu=0.1)",split_high_low,64,53,eval_mean_mean_resource_fraction,0.09254062487637438
ecology_perception_parallel_v1_r0_r1_mu010,"R0 (theta=0, matched mu=0.1)",split_high_low,64,53,eval_mean_mean_reserve_welfare,0.5965233527048677
ecology_perception_parallel_v1_r0_r1_mu010,"R0 (theta=0, matched mu=0.1)",split_high_low,64,53,final_wealth_gini,0.6451200974129689
ecology_perception_parallel_v1_r0_r1_mu010,"R0 (theta=0, matched mu=0.1)",uniform_high,64,54,eval_mean_mean_resource_fraction,0.0927649467461499
ecology_perception_parallel_v1_r0_r1_mu010,"R0 (theta=0, matched mu=0.1)",uniform_high,64,54,eval_mean_mean_reserve_welfare,0.7854181980249008
ecology_perception_parallel_v1_r0_r1_mu010,"R0 (theta=0, matched mu=0.1)",uniform_high,64,54,final_wealth_gini,0.3667107918224506
ecology_perception_parallel_v1_r0_r1_mu010,"R0 (theta=0, matched mu=0.1)",patchy_high,64,54,eval_mean_mean_resource_fraction,0.09561359014425169
ecology_perception_parallel_v1_r0_r1_mu010,"R0 (theta=0, matched mu=0.1)",patchy_high,64,54,eval_mean_mean_reserve_welfare,0.8019115540227202
ecology_perception_parallel_v1_r0_r1_mu010,"R0 (theta=0, matched mu=0.1)",patchy_high,64,54,final_wealth_gini,0.3560267317643371
ecology_perception_parallel_v1_r0_r1_mu010,"R0 (theta=0, matched mu=0.1)",split_high_low,64,54,eval_mean_mean_resource_fraction,0.1264497521972769
ecology_perception_parallel_v1_r0_r1_mu010,"R0 (theta=0, matched mu=0.1)",split_high_low,64,54,eval_mean_mean_reserve_welfare,0.694963243605514
ecology_perception_parallel_v1_r0_r1_mu010,"R0 (theta=0, matched mu=0.1)",split_high_low,64,54,final_wealth_gini,0.5669064993725741
ecology_perception_parallel_v1_r0_r1_mu010,"R0 (theta=0, matched mu=0.1)",uniform_high,64,55,eval_mean_mean_resource_fraction,0.10253946353063569
ecology_perception_parallel_v1_r0_r1_mu010,"R0 (theta=0, matched mu=0.1)",uniform_high,64,55,eval_mean_mean_reserve_welfare,0.6334332582747675
ecology_perception_parallel_v1_r0_r1_mu010,"R0 (theta=0, matched mu=0.1)",uniform_high,64,55,final_wealth_gini,0.5499192619925295
ecology_perception_parallel_v1_r0_r1_mu010,"R0 (theta=0, matched mu=0.1)",patchy_high,64,55,eval_mean_mean_resource_fraction,0.11710689544329474
ecology_perception_parallel_v1_r0_r1_mu010,"R0 (theta=0, matched mu=0.1)",patchy_high,64,55,eval_mean_mean_reserve_welfare,0.6906658685906132
ecology_perception_parallel_v1_r0_r1_mu010,"R0 (theta=0, matched mu=0.1)",patchy_high,64,55,final_wealth_gini,0.5254630588806612
ecology_perception_parallel_v1_r0_r1_mu010,"R0 (theta=0, matched mu=0.1)",split_high_low,64,55,eval_mean_mean_resource_fraction,0.14711418370229062
ecology_perception_parallel_v1_r0_r1_mu010,"R0 (theta=0, matched mu=0.1)",split_high_low,64,55,eval_mean_mean_reserve_welfare,0.5847009886596384
ecology_perception_parallel_v1_r0_r1_mu010,"R0 (theta=0, matched mu=0.1)",split_high_low,64,55,final_wealth_gini,0.681194736907379
ecology_perception_parallel_v1_r0_r1_mu010,"R0 (theta=0, matched mu=0.1)",uniform_high,64,56,eval_mean_mean_resource_fraction,0.09172670646440403
ecology_perception_parallel_v1_r0_r1_mu010,"R0 (theta=0, matched mu=0.1)",uniform_high,64,56,eval_mean_mean_reserve_welfare,0.7004150225896448
ecology_perception_parallel_v1_r0_r1_mu010,"R0 (theta=0, matched mu=0.1)",uniform_high,64,56,final_wealth_gini,0.4778783199551888
ecology_perception_parallel_v1_r0_r1_mu010,"R0 (theta=0, matched mu=0.1)",patchy_high,64,56,eval_mean_mean_resource_fraction,0.12490420751351455
ecology_perception_parallel_v1_r0_r1_mu010,"R0 (theta=0, matched mu=0.1)",patchy_high,64,56,eval_mean_mean_reserve_welfare,0.7860000439368927
ecology_perception_parallel_v1_r0_r1_mu010,"R0 (theta=0, matched mu=0.1)",patchy_high,64,56,final_wealth_gini,0.4662165520104229
ecology_perception_parallel_v1_r0_r1_mu010,"R0 (theta=0, matched mu=0.1)",split_high_low,64,56,eval_mean_mean_resource_fraction,0.11880603044109289
ecology_perception_parallel_v1_r0_r1_mu010,"R0 (theta=0, matched mu=0.1)",split_high_low,64,56,eval_mean_mean_reserve_welfare,0.6535517933612307
ecology_perception_parallel_v1_r0_r1_mu010,"R0 (theta=0, matched mu=0.1)",split_high_low,64,56,final_wealth_gini,0.6321134263283041
ecology_perception_parallel_v1_r0_r1_mu010,"R0 (theta=0, matched mu=0.1)",uniform_high,64,57,eval_mean_mean_resource_fraction,0.13405859368392165
ecology_perception_parallel_v1_r0_r1_mu010,"R0 (theta=0, matched mu=0.1)",uniform_high,64,57,eval_mean_mean_reserve_welfare,0.808636195170641
ecology_perception_parallel_v1_r0_r1_mu010,"R0 (theta=0, matched mu=0.1)",uniform_high,64,57,final_wealth_gini,0.452184652480351
ecology_perception_parallel_v1_r0_r1_mu010,"R0 (theta=0, matched mu=0.1)",patchy_high,64,57,eval_mean_mean_resource_fraction,0.18389521720926286
ecology_perception_parallel_v1_r0_r1_mu010,"R0 (theta=0, matched mu=0.1)",patchy_high,64,57,eval_mean_mean_reserve_welfare,0.9093767904013931
ecology_perception_parallel_v1_r0_r1_mu010,"R0 (theta=0, matched mu=0.1)",patchy_high,64,57,final_wealth_gini,0.4006541808624382
ecology_perception_parallel_v1_r0_r1_mu010,"R0 (theta=0, matched mu=0.1)",split_high_low,64,57,eval_mean_mean_resource_fraction,0.08336243139448478
ecology_perception_parallel_v1_r0_r1_mu010,"R0 (theta=0, matched mu=0.1)",split_high_low,64,57,eval_mean_mean_reserve_welfare,0.6240086623336527
ecology_perception_parallel_v1_r0_r1_mu010,"R0 (theta=0, matched mu=0.1)",split_high_low,64,57,final_wealth_gini,0.5948964551698763
ecology_perception_parallel_v1_r0_r1_mu010,"R0 (theta=0, matched mu=0.1)",uniform_high,64,58,eval_mean_mean_resource_fraction,0.0993256485326422
ecology_perception_parallel_v1_r0_r1_mu010,"R0 (theta=0, matched mu=0.1)",uniform_high,64,58,eval_mean_mean_reserve_welfare,0.8269758479198056
ecology_perception_parallel_v1_r0_r1_mu010,"R0 (theta=0, matched mu=0.1)",uniform_high,64,58,final_wealth_gini,0.3791171951541721
ecology_perception_parallel_v1_r0_r1_mu010,"R0 (theta=0, matched mu=0.1)",patchy_high,64,58,eval_mean_mean_resource_fraction,0.0959174879134713
ecology_perception_parallel_v1_r0_r1_mu010,"R0 (theta=0, matched mu=0.1)",patchy_high,64,58,eval_mean_mean_reserve_welfare,0.7311439254375143
ecology_perception_parallel_v1_r0_r1_mu010,"R0 (theta=0, matched mu=0.1)",patchy_high,64,58,final_wealth_gini,0.4415455578045251
ecology_perception_parallel_v1_r0_r1_mu010,"R0 (theta=0, matched mu=0.1)",split_high_low,64,58,eval_mean_mean_resource_fraction,0.152792737969805
ecology_perception_parallel_v1_r0_r1_mu010,"R0 (theta=0, matched mu=0.1)",split_high_low,64,58,eval_mean_mean_reserve_welfare,0.6342281832790703
ecology_perception_parallel_v1_r0_r1_mu010,"R0 (theta=0, matched mu=0.1)",split_high_low,64,58,final_wealth_gini,0.6391462781083934
ecology_perception_parallel_v1_r0_r1_mu010,"R0 (theta=0, matched mu=0.1)",uniform_high,64,59,eval_mean_mean_resource_fraction,0.10376686035317745
ecology_perception_parallel_v1_r0_r1_mu010,"R0 (theta=0, matched mu=0.1)",uniform_high,64,59,eval_mean_mean_reserve_welfare,0.7738704140280412
ecology_perception_parallel_v1_r0_r1_mu010,"R0 (theta=0, matched mu=0.1)",uniform_high,64,59,final_wealth_gini,0.43479896917606475
ecology_perception_parallel_v1_r0_r1_mu010,"R0 (theta=0, matched mu=0.1)",patchy_high,64,59,eval_mean_mean_resource_fraction,0.09538481952532382
ecology_perception_parallel_v1_r0_r1_mu010,"R0 (theta=0, matched mu=0.1)",patchy_high,64,59,eval_mean_mean_reserve_welfare,0.7258347320994453
ecology_perception_parallel_v1_r0_r1_mu010,"R0 (theta=0, matched mu=0.1)",patchy_high,64,59,final_wealth_gini,0.48335721401650167
ecology_perception_parallel_v1_r0_r1_mu010,"R0 (theta=0, matched mu=0.1)",split_high_low,64,59,eval_mean_mean_resource_fraction,0.1377193033679854
ecology_perception_parallel_v1_r0_r1_mu010,"R0 (theta=0, matched mu=0.1)",split_high_low,64,59,eval_mean_mean_reserve_welfare,0.6382660682777878
ecology_perception_parallel_v1_r0_r1_mu010,"R0 (theta=0, matched mu=0.1)",split_high_low,64,59,final_wealth_gini,0.6485843911694158
ecology_perception_parallel_v1_r0_r1_mu010,"R0 (theta=0, matched mu=0.1)",uniform_high,64,60,eval_mean_mean_resource_fraction,0.13418436510941945
ecology_perception_parallel_v1_r0_r1_mu010,"R0 (theta=0, matched mu=0.1)",uniform_high,64,60,eval_mean_mean_reserve_welfare,0.9006990463112303
ecology_perception_parallel_v1_r0_r1_mu010,"R0 (theta=0, matched mu=0.1)",uniform_high,64,60,final_wealth_gini,0.3557244551341192
ecology_perception_parallel_v1_r0_r1_mu010,"R0 (theta=0, matched mu=0.1)",patchy_high,64,60,eval_mean_mean_resource_fraction,0.12125090322370417
ecology_perception_parallel_v1_r0_r1_mu010,"R0 (theta=0, matched mu=0.1)",patchy_high,64,60,eval_mean_mean_reserve_welfare,0.7746768717366017
ecology_perception_parallel_v1_r0_r1_mu010,"R0 (theta=0, matched mu=0.1)",patchy_high,64,60,final_wealth_gini,0.44565880104055333
ecology_perception_parallel_v1_r0_r1_mu010,"R0 (theta=0, matched mu=0.1)",split_high_low,64,60,eval_mean_mean_resource_fraction,0.09464907460610314
ecology_perception_parallel_v1_r0_r1_mu010,"R0 (theta=0, matched mu=0.1)",split_high_low,64,60,eval_mean_mean_reserve_welfare,0.6409131085393155
ecology_perception_parallel_v1_r0_r1_mu010,"R0 (theta=0, matched mu=0.1)",split_high_low,64,60,final_wealth_gini,0.5906116794183296
ecology_perception_parallel_v1_r0_r1_mu010,"R0 (theta=0, matched mu=0.1)",uniform_high,64,61,eval_mean_mean_resource_fraction,0.09416476558571679
ecology_perception_parallel_v1_r0_r1_mu010,"R0 (theta=0, matched mu=0.1)",uniform_high,64,61,eval_mean_mean_reserve_welfare,0.6246732957312784
ecology_perception_parallel_v1_r0_r1_mu010,"R0 (theta=0, matched mu=0.1)",uniform_high,64,61,final_wealth_gini,0.5020543784192282
ecology_perception_parallel_v1_r0_r1_mu010,"R0 (theta=0, matched mu=0.1)",patchy_high,64,61,eval_mean_mean_resource_fraction,0.09763206251027444
ecology_perception_parallel_v1_r0_r1_mu010,"R0 (theta=0, matched mu=0.1)",patchy_high,64,61,eval_mean_mean_reserve_welfare,0.6698490929062263
ecology_perception_parallel_v1_r0_r1_mu010,"R0 (theta=0, matched mu=0.1)",patchy_high,64,61,final_wealth_gini,0.4772995491826033
ecology_perception_parallel_v1_r0_r1_mu010,"R0 (theta=0, matched mu=0.1)",split_high_low,64,61,eval_mean_mean_resource_fraction,0.15863977296591905
ecology_perception_parallel_v1_r0_r1_mu010,"R0 (theta=0, matched mu=0.1)",split_high_low,64,61,eval_mean_mean_reserve_welfare,0.6288161395623618
ecology_perception_parallel_v1_r0_r1_mu010,"R0 (theta=0, matched mu=0.1)",split_high_low,64,61,final_wealth_gini,0.6488335985670968
ecology_perception_parallel_v1_r0_r1_mu010,"R0 (theta=0, matched mu=0.1)",uniform_high,64,62,eval_mean_mean_resource_fraction,0.104891756999878
ecology_perception_parallel_v1_r0_r1_mu010,"R0 (theta=0, matched mu=0.1)",uniform_high,64,62,eval_mean_mean_reserve_welfare,0.7808851141192179
ecology_perception_parallel_v1_r0_r1_mu010,"R0 (theta=0, matched mu=0.1)",uniform_high,64,62,final_wealth_gini,0.4180860319769917
ecology_perception_parallel_v1_r0_r1_mu010,"R0 (theta=0, matched mu=0.1)",patchy_high,64,62,eval_mean_mean_resource_fraction,0.1450004336307927
ecology_perception_parallel_v1_r0_r1_mu010,"R0 (theta=0, matched mu=0.1)",patchy_high,64,62,eval_mean_mean_reserve_welfare,0.9071921065798588
ecology_perception_parallel_v1_r0_r1_mu010,"R0 (theta=0, matched mu=0.1)",patchy_high,64,62,final_wealth_gini,0.36617559310696435
ecology_perception_parallel_v1_r0_r1_mu010,"R0 (theta=0, matched mu=0.1)",split_high_low,64,62,eval_mean_mean_resource_fraction,0.13169508125733748
ecology_perception_parallel_v1_r0_r1_mu010,"R0 (theta=0, matched mu=0.1)",split_high_low,64,62,eval_mean_mean_reserve_welfare,0.5873902545341262
ecology_perception_parallel_v1_r0_r1_mu010,"R0 (theta=0, matched mu=0.1)",split_high_low,64,62,final_wealth_gini,0.6749003280890082
ecology_perception_parallel_v1_r0_r1_mu010,"R0 (theta=0, matched mu=0.1)",uniform_high,64,63,eval_mean_mean_resource_fraction,0.09505157470702431
ecology_perception_parallel_v1_r0_r1_mu010,"R0 (theta=0, matched mu=0.1)",uniform_high,64,63,eval_mean_mean_reserve_welfare,0.7827539671287699
ecology_perception_parallel_v1_r0_r1_mu010,"R0 (theta=0, matched mu=0.1)",uniform_high,64,63,final_wealth_gini,0.38131665328318753
ecology_perception_parallel_v1_r0_r1_mu010,"R0 (theta=0, matched mu=0.1)",patchy_high,64,63,eval_mean_mean_resource_fraction,0.12675393725060147
ecology_perception_parallel_v1_r0_r1_mu010,"R0 (theta=0, matched mu=0.1)",patchy_high,64,63,eval_mean_mean_reserve_welfare,0.7720583514762676
ecology_perception_parallel_v1_r0_r1_mu010,"R0 (theta=0, matched mu=0.1)",patchy_high,64,63,final_wealth_gini,0.45805363288806666
ecology_perception_parallel_v1_r0_r1_mu010,"R0 (theta=0, matched mu=0.1)",split_high_low,64,63,eval_mean_mean_resource_fraction,0.10963147902457018
ecology_perception_parallel_v1_r0_r1_mu010,"R0 (theta=0, matched mu=0.1)",split_high_low,64,63,eval_mean_mean_reserve_welfare,0.6681743272437575
ecology_perception_parallel_v1_r0_r1_mu010,"R0 (theta=0, matched mu=0.1)",split_high_low,64,63,final_wealth_gini,0.5931828191837731
ecology_perception_parallel_v1_r0_r1_mu010,"R0 (theta=0, matched mu=0.1)",uniform_high,64,64,eval_mean_mean_resource_fraction,0.15816843671451886
ecology_perception_parallel_v1_r0_r1_mu010,"R0 (theta=0, matched mu=0.1)",uniform_high,64,64,eval_mean_mean_reserve_welfare,0.823985799691381
ecology_perception_parallel_v1_r0_r1_mu010,"R0 (theta=0, matched mu=0.1)",uniform_high,64,64,final_wealth_gini,0.42280548892839764
ecology_perception_parallel_v1_r0_r1_mu010,"R0 (theta=0, matched mu=0.1)",patchy_high,64,64,eval_mean_mean_resource_fraction,0.12631599850446315
ecology_perception_parallel_v1_r0_r1_mu010,"R0 (theta=0, matched mu=0.1)",patchy_high,64,64,eval_mean_mean_reserve_welfare,0.7544543855497374
ecology_perception_parallel_v1_r0_r1_mu010,"R0 (theta=0, matched mu=0.1)",patchy_high,64,64,final_wealth_gini,0.4365950026938341
ecology_perception_parallel_v1_r0_r1_mu010,"R0 (theta=0, matched mu=0.1)",split_high_low,64,64,eval_mean_mean_resource_fraction,0.15599637890634796
ecology_perception_parallel_v1_r0_r1_mu010,"R0 (theta=0, matched mu=0.1)",split_high_low,64,64,eval_mean_mean_reserve_welfare,0.706999806376441
ecology_perception_parallel_v1_r0_r1_mu010,"R0 (theta=0, matched mu=0.1)",split_high_low,64,64,final_wealth_gini,0.537510587730391
ecology_perception_parallel_v1_r0_r1_mu010,"R0 (theta=0, matched mu=0.1)",uniform_high,64,65,eval_mean_mean_resource_fraction,0.12982941786487823
ecology_perception_parallel_v1_r0_r1_mu010,"R0 (theta=0, matched mu=0.1)",uniform_high,64,65,eval_mean_mean_reserve_welfare,0.8698814300511439
ecology_perception_parallel_v1_r0_r1_mu010,"R0 (theta=0, matched mu=0.1)",uniform_high,64,65,final_wealth_gini,0.3701136315560123
ecology_perception_parallel_v1_r0_r1_mu010,"R0 (theta=0, matched mu=0.1)",patchy_high,64,65,eval_mean_mean_resource_fraction,0.10840051753864506
ecology_perception_parallel_v1_r0_r1_mu010,"R0 (theta=0, matched mu=0.1)",patchy_high,64,65,eval_mean_mean_reserve_welfare,0.8400829257776288
ecology_perception_parallel_v1_r0_r1_mu010,"R0 (theta=0, matched mu=0.1)",patchy_high,64,65,final_wealth_gini,0.3521885840890724
ecology_perception_parallel_v1_r0_r1_mu010,"R0 (theta=0, matched mu=0.1)",split_high_low,64,65,eval_mean_mean_resource_fraction,0.11721774592852276
ecology_perception_parallel_v1_r0_r1_mu010,"R0 (theta=0, matched mu=0.1)",split_high_low,64,65,eval_mean_mean_reserve_welfare,0.7386002418678917
ecology_perception_parallel_v1_r0_r1_mu010,"R0 (theta=0, matched mu=0.1)",split_high_low,64,65,final_wealth_gini,0.546116965215983
ecology_perception_parallel_v1_r0_r1_mu010,"R0 (theta=0, matched mu=0.1)",uniform_high,64,66,eval_mean_mean_resource_fraction,0.14716338626193154
ecology_perception_parallel_v1_r0_r1_mu010,"R0 (theta=0, matched mu=0.1)",uniform_high,64,66,eval_mean_mean_reserve_welfare,0.8014030261301713
ecology_perception_parallel_v1_r0_r1_mu010,"R0 (theta=0, matched mu=0.1)",uniform_high,64,66,final_wealth_gini,0.44392293420331597
ecology_perception_parallel_v1_r0_r1_mu010,"R0 (theta=0, matched mu=0.1)",patchy_high,64,66,eval_mean_mean_resource_fraction,0.113973711752464
ecology_perception_parallel_v1_r0_r1_mu010,"R0 (theta=0, matched mu=0.1)",patchy_high,64,66,eval_mean_mean_reserve_welfare,0.6984363377886922
ecology_perception_parallel_v1_r0_r1_mu010,"R0 (theta=0, matched mu=0.1)",patchy_high,64,66,final_wealth_gini,0.4602888226513244
ecology_perception_parallel_v1_r0_r1_mu010,"R0 (theta=0, matched mu=0.1)",split_high_low,64,66,eval_mean_mean_resource_fraction,0.13017714713638456
ecology_perception_parallel_v1_r0_r1_mu010,"R0 (theta=0, matched mu=0.1)",split_high_low,64,66,eval_mean_mean_reserve_welfare,0.6048956458762134
ecology_perception_parallel_v1_r0_r1_mu010,"R0 (theta=0, matched mu=0.1)",split_high_low,64,66,final_wealth_gini,0.6585730953325559
ecology_perception_parallel_v1_r0_r1_mu010,"R0 (theta=0, matched mu=0.1)",uniform_high,64,67,eval_mean_mean_resource_fraction,0.12635795231835348
ecology_perception_parallel_v1_r0_r1_mu010,"R0 (theta=0, matched mu=0.1)",uniform_high,64,67,eval_mean_mean_reserve_welfare,0.8237549713984978
ecology_perception_parallel_v1_r0_r1_mu010,"R0 (theta=0, matched mu=0.1)",uniform_high,64,67,final_wealth_gini,0.4184694990839195
ecology_perception_parallel_v1_r0_r1_mu010,"R0 (theta=0, matched mu=0.1)",patchy_high,64,67,eval_mean_mean_resource_fraction,0.09537449271494342
ecology_perception_parallel_v1_r0_r1_mu010,"R0 (theta=0, matched mu=0.1)",patchy_high,64,67,eval_mean_mean_reserve_welfare,0.6842208452394536
ecology_perception_parallel_v1_r0_r1_mu010,"R0 (theta=0, matched mu=0.1)",patchy_high,64,67,final_wealth_gini,0.4877818139479051
ecology_perception_parallel_v1_r0_r1_mu010,"R0 (theta=0, matched mu=0.1)",split_high_low,64,67,eval_mean_mean_resource_fraction,0.18308406331723973
ecology_perception_parallel_v1_r0_r1_mu010,"R0 (theta=0, matched mu=0.1)",split_high_low,64,67,eval_mean_mean_reserve_welfare,0.6536558386883983
ecology_perception_parallel_v1_r0_r1_mu010,"R0 (theta=0, matched mu=0.1)",split_high_low,64,67,final_wealth_gini,0.654144017694279
ecology_perception_parallel_v1_r0_r1_mu010,"R0 (theta=0, matched mu=0.1)",uniform_high,64,68,eval_mean_mean_resource_fraction,0.13371607724855233
ecology_perception_parallel_v1_r0_r1_mu010,"R0 (theta=0, matched mu=0.1)",uniform_high,64,68,eval_mean_mean_reserve_welfare,0.8332916370150769
ecology_perception_parallel_v1_r0_r1_mu010,"R0 (theta=0, matched mu=0.1)",uniform_high,64,68,final_wealth_gini,0.41437214545509327
ecology_perception_parallel_v1_r0_r1_mu010,"R0 (theta=0, matched mu=0.1)",patchy_high,64,68,eval_mean_mean_resource_fraction,0.15334765705543368
ecology_perception_parallel_v1_r0_r1_mu010,"R0 (theta=0, matched mu=0.1)",patchy_high,64,68,eval_mean_mean_reserve_welfare,0.8628537558463452
ecology_perception_parallel_v1_r0_r1_mu010,"R0 (theta=0, matched mu=0.1)",patchy_high,64,68,final_wealth_gini,0.42312426212808507
ecology_perception_parallel_v1_r0_r1_mu010,"R0 (theta=0, matched mu=0.1)",split_high_low,64,68,eval_mean_mean_resource_fraction,0.07929143862198788
ecology_perception_parallel_v1_r0_r1_mu010,"R0 (theta=0, matched mu=0.1)",split_high_low,64,68,eval_mean_mean_reserve_welfare,0.6811242146041137
ecology_perception_parallel_v1_r0_r1_mu010,"R0 (theta=0, matched mu=0.1)",split_high_low,64,68,final_wealth_gini,0.5517597095453171
ecology_perception_parallel_v1_r0_r1_mu010,"R0 (theta=0, matched mu=0.1)",uniform_high,64,69,eval_mean_mean_resource_fraction,0.1229016876590447
ecology_perception_parallel_v1_r0_r1_mu010,"R0 (theta=0, matched mu=0.1)",uniform_high,64,69,eval_mean_mean_reserve_welfare,0.6928520561677547
ecology_perception_parallel_v1_r0_r1_mu010,"R0 (theta=0, matched mu=0.1)",uniform_high,64,69,final_wealth_gini,0.512962635939268
ecology_perception_parallel_v1_r0_r1_mu010,"R0 (theta=0, matched mu=0.1)",patchy_high,64,69,eval_mean_mean_resource_fraction,0.11525217177937291
ecology_perception_parallel_v1_r0_r1_mu010,"R0 (theta=0, matched mu=0.1)",patchy_high,64,69,eval_mean_mean_reserve_welfare,0.6293794762334556
ecology_perception_parallel_v1_r0_r1_mu010,"R0 (theta=0, matched mu=0.1)",patchy_high,64,69,final_wealth_gini,0.5154840004038708
ecology_perception_parallel_v1_r0_r1_mu010,"R0 (theta=0, matched mu=0.1)",split_high_low,64,69,eval_mean_mean_resource_fraction,0.14977624272992182
ecology_perception_parallel_v1_r0_r1_mu010,"R0 (theta=0, matched mu=0.1)",split_high_low,64,69,eval_mean_mean_reserve_welfare,0.7722507974101664
ecology_perception_parallel_v1_r0_r1_mu010,"R0 (theta=0, matched mu=0.1)",split_high_low,64,69,final_wealth_gini,0.4995791813299013
ecology_perception_parallel_v1_r0_r1_mu010,"R0 (theta=0, matched mu=0.1)",uniform_high,64,70,eval_mean_mean_resource_fraction,0.10727032507469307
ecology_perception_parallel_v1_r0_r1_mu010,"R0 (theta=0, matched mu=0.1)",uniform_high,64,70,eval_mean_mean_reserve_welfare,0.793108320746008
ecology_perception_parallel_v1_r0_r1_mu010,"R0 (theta=0, matched mu=0.1)",uniform_high,64,70,final_wealth_gini,0.4026673005522192
ecology_perception_parallel_v1_r0_r1_mu010,"R0 (theta=0, matched mu=0.1)",patchy_high,64,70,eval_mean_mean_resource_fraction,0.1534630524303756
ecology_perception_parallel_v1_r0_r1_mu010,"R0 (theta=0, matched mu=0.1)",patchy_high,64,70,eval_mean_mean_reserve_welfare,0.9452889440515481
ecology_perception_parallel_v1_r0_r1_mu010,"R0 (theta=0, matched mu=0.1)",patchy_high,64,70,final_wealth_gini,0.3163624506563598
ecology_perception_parallel_v1_r0_r1_mu010,"R0 (theta=0, matched mu=0.1)",split_high_low,64,70,eval_mean_mean_resource_fraction,0.13372877158625338
ecology_perception_parallel_v1_r0_r1_mu010,"R0 (theta=0, matched mu=0.1)",split_high_low,64,70,eval_mean_mean_reserve_welfare,0.6325587383387767
ecology_perception_parallel_v1_r0_r1_mu010,"R0 (theta=0, matched mu=0.1)",split_high_low,64,70,final_wealth_gini,0.6363639632589178
ecology_perception_parallel_v1_r0_r1_mu010,"R0 (theta=0, matched mu=0.1)",uniform_high,64,71,eval_mean_mean_resource_fraction,0.07866069159245091
ecology_perception_parallel_v1_r0_r1_mu010,"R0 (theta=0, matched mu=0.1)",uniform_high,64,71,eval_mean_mean_reserve_welfare,0.7529957245084841
ecology_perception_parallel_v1_r0_r1_mu010,"R0 (theta=0, matched mu=0.1)",uniform_high,64,71,final_wealth_gini,0.38889946937783315
ecology_perception_parallel_v1_r0_r1_mu010,"R0 (theta=0, matched mu=0.1)",patchy_high,64,71,eval_mean_mean_resource_fraction,0.05484631070985991
ecology_perception_parallel_v1_r0_r1_mu010,"R0 (theta=0, matched mu=0.1)",patchy_high,64,71,eval_mean_mean_reserve_welfare,0.6112895542863698
ecology_perception_parallel_v1_r0_r1_mu010,"R0 (theta=0, matched mu=0.1)",patchy_high,64,71,final_wealth_gini,0.3798762474941544
ecology_perception_parallel_v1_r0_r1_mu010,"R0 (theta=0, matched mu=0.1)",split_high_low,64,71,eval_mean_mean_resource_fraction,0.10781302230635134
ecology_perception_parallel_v1_r0_r1_mu010,"R0 (theta=0, matched mu=0.1)",split_high_low,64,71,eval_mean_mean_reserve_welfare,0.6909225061638538
ecology_perception_parallel_v1_r0_r1_mu010,"R0 (theta=0, matched mu=0.1)",split_high_low,64,71,final_wealth_gini,0.6182775896545691
ecology_perception_parallel_v1_r0_r1_mu010,"R0 (theta=0, matched mu=0.1)",uniform_high,64,72,eval_mean_mean_resource_fraction,0.06725377795345287
ecology_perception_parallel_v1_r0_r1_mu010,"R0 (theta=0, matched mu=0.1)",uniform_high,64,72,eval_mean_mean_reserve_welfare,0.6978915069722962
ecology_perception_parallel_v1_r0_r1_mu010,"R0 (theta=0, matched mu=0.1)",uniform_high,64,72,final_wealth_gini,0.39182900422320355
ecology_perception_parallel_v1_r0_r1_mu010,"R0 (theta=0, matched mu=0.1)",patchy_high,64,72,eval_mean_mean_resource_fraction,0.08821795925923248
ecology_perception_parallel_v1_r0_r1_mu010,"R0 (theta=0, matched mu=0.1)",patchy_high,64,72,eval_mean_mean_reserve_welfare,0.8203062969477278
ecology_perception_parallel_v1_r0_r1_mu010,"R0 (theta=0, matched mu=0.1)",patchy_high,64,72,final_wealth_gini,0.35755189877167104
ecology_perception_parallel_v1_r0_r1_mu010,"R0 (theta=0, matched mu=0.1)",split_high_low,64,72,eval_mean_mean_resource_fraction,0.12504742064708105
ecology_perception_parallel_v1_r0_r1_mu010,"R0 (theta=0, matched mu=0.1)",split_high_low,64,72,eval_mean_mean_reserve_welfare,0.6474520240194148
ecology_perception_parallel_v1_r0_r1_mu010,"R0 (theta=0, matched mu=0.1)",split_high_low,64,72,final_wealth_gini,0.6099427185442956
ecology_perception_parallel_v1_r0_r1_mu010,"R0 (theta=0, matched mu=0.1)",uniform_high,64,73,eval_mean_mean_resource_fraction,0.13396958813287912
ecology_perception_parallel_v1_r0_r1_mu010,"R0 (theta=0, matched mu=0.1)",uniform_high,64,73,eval_mean_mean_reserve_welfare,0.7990617399843049
ecology_perception_parallel_v1_r0_r1_mu010,"R0 (theta=0, matched mu=0.1)",uniform_high,64,73,final_wealth_gini,0.4445264967815601
ecology_perception_parallel_v1_r0_r1_mu010,"R0 (theta=0, matched mu=0.1)",patchy_high,64,73,eval_mean_mean_resource_fraction,0.11153497417519946
ecology_perception_parallel_v1_r0_r1_mu010,"R0 (theta=0, matched mu=0.1)",patchy_high,64,73,eval_mean_mean_reserve_welfare,0.7636281458555545
ecology_perception_parallel_v1_r0_r1_mu010,"R0 (theta=0, matched mu=0.1)",patchy_high,64,73,final_wealth_gini,0.44432328786993214
ecology_perception_parallel_v1_r0_r1_mu010,"R0 (theta=0, matched mu=0.1)",split_high_low,64,73,eval_mean_mean_resource_fraction,0.17942479594803523
ecology_perception_parallel_v1_r0_r1_mu010,"R0 (theta=0, matched mu=0.1)",split_high_low,64,73,eval_mean_mean_reserve_welfare,0.6349715063001355
ecology_perception_parallel_v1_r0_r1_mu010,"R0 (theta=0, matched mu=0.1)",split_high_low,64,73,final_wealth_gini,0.6384224714262294
ecology_perception_parallel_v1_r0_r1_mu010,"R0 (theta=0, matched mu=0.1)",uniform_high,64,74,eval_mean_mean_resource_fraction,0.12791816644146706
ecology_perception_parallel_v1_r0_r1_mu010,"R0 (theta=0, matched mu=0.1)",uniform_high,64,74,eval_mean_mean_reserve_welfare,0.7431994496814491
ecology_perception_parallel_v1_r0_r1_mu010,"R0 (theta=0, matched mu=0.1)",uniform_high,64,74,final_wealth_gini,0.474176989006285
ecology_perception_parallel_v1_r0_r1_mu010,"R0 (theta=0, matched mu=0.1)",patchy_high,64,74,eval_mean_mean_resource_fraction,0.19824357552256885
ecology_perception_parallel_v1_r0_r1_mu010,"R0 (theta=0, matched mu=0.1)",patchy_high,64,74,eval_mean_mean_reserve_welfare,0.9027948174258754
ecology_perception_parallel_v1_r0_r1_mu010,"R0 (theta=0, matched mu=0.1)",patchy_high,64,74,final_wealth_gini,0.43000649104749766
ecology_perception_parallel_v1_r0_r1_mu010,"R0 (theta=0, matched mu=0.1)",split_high_low,64,74,eval_mean_mean_resource_fraction,0.1993294505702657
ecology_perception_parallel_v1_r0_r1_mu010,"R0 (theta=0, matched mu=0.1)",split_high_low,64,74,eval_mean_mean_reserve_welfare,0.6802688512885698
ecology_perception_parallel_v1_r0_r1_mu010,"R0 (theta=0, matched mu=0.1)",split_high_low,64,74,final_wealth_gini,0.6287436319153448
ecology_perception_parallel_v1_r0_r1_mu010,"R0 (theta=0, matched mu=0.1)",uniform_high,64,75,eval_mean_mean_resource_fraction,0.11096119311688965
ecology_perception_parallel_v1_r0_r1_mu010,"R0 (theta=0, matched mu=0.1)",uniform_high,64,75,eval_mean_mean_reserve_welfare,0.8377877073627928
ecology_perception_parallel_v1_r0_r1_mu010,"R0 (theta=0, matched mu=0.1)",uniform_high,64,75,final_wealth_gini,0.3775726575516385
ecology_perception_parallel_v1_r0_r1_mu010,"R0 (theta=0, matched mu=0.1)",patchy_high,64,75,eval_mean_mean_resource_fraction,0.0767172421584841
ecology_perception_parallel_v1_r0_r1_mu010,"R0 (theta=0, matched mu=0.1)",patchy_high,64,75,eval_mean_mean_reserve_welfare,0.7005722942682496
ecology_perception_parallel_v1_r0_r1_mu010,"R0 (theta=0, matched mu=0.1)",patchy_high,64,75,final_wealth_gini,0.4369678062103899
ecology_perception_parallel_v1_r0_r1_mu010,"R0 (theta=0, matched mu=0.1)",split_high_low,64,75,eval_mean_mean_resource_fraction,0.08636601649964477
ecology_perception_parallel_v1_r0_r1_mu010,"R0 (theta=0, matched mu=0.1)",split_high_low,64,75,eval_mean_mean_reserve_welfare,0.685013559804059
ecology_perception_parallel_v1_r0_r1_mu010,"R0 (theta=0, matched mu=0.1)",split_high_low,64,75,final_wealth_gini,0.5663694575193372
ecology_perception_parallel_v1_r0_r1_mu010,"R0 (theta=0, matched mu=0.1)",uniform_high,64,76,eval_mean_mean_resource_fraction,0.09211794461390713
ecology_perception_parallel_v1_r0_r1_mu010,"R0 (theta=0, matched mu=0.1)",uniform_high,64,76,eval_mean_mean_reserve_welfare,0.6299499870007892
ecology_perception_parallel_v1_r0_r1_mu010,"R0 (theta=0, matched mu=0.1)",uniform_high,64,76,final_wealth_gini,0.5082806261925785
ecology_perception_parallel_v1_r0_r1_mu010,"R0 (theta=0, matched mu=0.1)",patchy_high,64,76,eval_mean_mean_resource_fraction,0.09584212266208834
ecology_perception_parallel_v1_r0_r1_mu010,"R0 (theta=0, matched mu=0.1)",patchy_high,64,76,eval_mean_mean_reserve_welfare,0.6896188605472605
ecology_perception_parallel_v1_r0_r1_mu010,"R0 (theta=0, matched mu=0.1)",patchy_high,64,76,final_wealth_gini,0.4830835567263929
ecology_perception_parallel_v1_r0_r1_mu010,"R0 (theta=0, matched mu=0.1)",split_high_low,64,76,eval_mean_mean_resource_fraction,0.14185257062590104
ecology_perception_parallel_v1_r0_r1_mu010,"R0 (theta=0, matched mu=0.1)",split_high_low,64,76,eval_mean_mean_reserve_welfare,0.6152112317504969
ecology_perception_parallel_v1_r0_r1_mu010,"R0 (theta=0, matched mu=0.1)",split_high_low,64,76,final_wealth_gini,0.6753265590896698
ecology_perception_parallel_v1_r0_r1_mu010,"R0 (theta=0, matched mu=0.1)",uniform_high,64,77,eval_mean_mean_resource_fraction,0.07460909414209611
ecology_perception_parallel_v1_r0_r1_mu010,"R0 (theta=0, matched mu=0.1)",uniform_high,64,77,eval_mean_mean_reserve_welfare,0.6670895001073531
ecology_perception_parallel_v1_r0_r1_mu010,"R0 (theta=0, matched mu=0.1)",uniform_high,64,77,final_wealth_gini,0.4290790408355345
ecology_perception_parallel_v1_r0_r1_mu010,"R0 (theta=0, matched mu=0.1)",patchy_high,64,77,eval_mean_mean_resource_fraction,0.12550596266223352
ecology_perception_parallel_v1_r0_r1_mu010,"R0 (theta=0, matched mu=0.1)",patchy_high,64,77,eval_mean_mean_reserve_welfare,0.799482519903378
ecology_perception_parallel_v1_r0_r1_mu010,"R0 (theta=0, matched mu=0.1)",patchy_high,64,77,final_wealth_gini,0.45893103860478557
ecology_perception_parallel_v1_r0_r1_mu010,"R0 (theta=0, matched mu=0.1)",split_high_low,64,77,eval_mean_mean_resource_fraction,0.0690836333544976
ecology_perception_parallel_v1_r0_r1_mu010,"R0 (theta=0, matched mu=0.1)",split_high_low,64,77,eval_mean_mean_reserve_welfare,0.5939094826749913
ecology_perception_parallel_v1_r0_r1_mu010,"R0 (theta=0, matched mu=0.1)",split_high_low,64,77,final_wealth_gini,0.5916467595909229
ecology_perception_parallel_v1_r0_r1_mu010,"R0 (theta=0, matched mu=0.1)",uniform_high,64,78,eval_mean_mean_resource_fraction,0.09012307407151346
ecology_perception_parallel_v1_r0_r1_mu010,"R0 (theta=0, matched mu=0.1)",uniform_high,64,78,eval_mean_mean_reserve_welfare,0.7420700603935091
ecology_perception_parallel_v1_r0_r1_mu010,"R0 (theta=0, matched mu=0.1)",uniform_high,64,78,final_wealth_gini,0.4209773702812769
ecology_perception_parallel_v1_r0_r1_mu010,"R0 (theta=0, matched mu=0.1)",patchy_high,64,78,eval_mean_mean_resource_fraction,0.1011878062087933
ecology_perception_parallel_v1_r0_r1_mu010,"R0 (theta=0, matched mu=0.1)",patchy_high,64,78,eval_mean_mean_reserve_welfare,0.7472589770681431
ecology_perception_parallel_v1_r0_r1_mu010,"R0 (theta=0, matched mu=0.1)",patchy_high,64,78,final_wealth_gini,0.4011999541679041
ecology_perception_parallel_v1_r0_r1_mu010,"R0 (theta=0, matched mu=0.1)",split_high_low,64,78,eval_mean_mean_resource_fraction,0.09877514841172817
ecology_perception_parallel_v1_r0_r1_mu010,"R0 (theta=0, matched mu=0.1)",split_high_low,64,78,eval_mean_mean_reserve_welfare,0.6078257946228485
ecology_perception_parallel_v1_r0_r1_mu010,"R0 (theta=0, matched mu=0.1)",split_high_low,64,78,final_wealth_gini,0.6328803503368943
ecology_perception_parallel_v1_r0_r1_mu010,"R0 (theta=0, matched mu=0.1)",uniform_high,64,79,eval_mean_mean_resource_fraction,0.09481544797846866
ecology_perception_parallel_v1_r0_r1_mu010,"R0 (theta=0, matched mu=0.1)",uniform_high,64,79,eval_mean_mean_reserve_welfare,0.6883152496400936
ecology_perception_parallel_v1_r0_r1_mu010,"R0 (theta=0, matched mu=0.1)",uniform_high,64,79,final_wealth_gini,0.47917911953146164
ecology_perception_parallel_v1_r0_r1_mu010,"R0 (theta=0, matched mu=0.1)",patchy_high,64,79,eval_mean_mean_resource_fraction,0.11098868419405936
ecology_perception_parallel_v1_r0_r1_mu010,"R0 (theta=0, matched mu=0.1)",patchy_high,64,79,eval_mean_mean_reserve_welfare,0.7543387715304171
ecology_perception_parallel_v1_r0_r1_mu010,"R0 (theta=0, matched mu=0.1)",patchy_high,64,79,final_wealth_gini,0.44765710289361604
ecology_perception_parallel_v1_r0_r1_mu010,"R0 (theta=0, matched mu=0.1)",split_high_low,64,79,eval_mean_mean_resource_fraction,0.15588188019257468
ecology_perception_parallel_v1_r0_r1_mu010,"R0 (theta=0, matched mu=0.1)",split_high_low,64,79,eval_mean_mean_reserve_welfare,0.6840470469040772
ecology_perception_parallel_v1_r0_r1_mu010,"R0 (theta=0, matched mu=0.1)",split_high_low,64,79,final_wealth_gini,0.636391079829685
ecology_perception_parallel_v1_r0_r1_mu010,"R0 (theta=0, matched mu=0.1)",uniform_high,64,80,eval_mean_mean_resource_fraction,0.11255872229704886
ecology_perception_parallel_v1_r0_r1_mu010,"R0 (theta=0, matched mu=0.1)",uniform_high,64,80,eval_mean_mean_reserve_welfare,0.7313210322279301
ecology_perception_parallel_v1_r0_r1_mu010,"R0 (theta=0, matched mu=0.1)",uniform_high,64,80,final_wealth_gini,0.5207523315005478
ecology_perception_parallel_v1_r0_r1_mu010,"R0 (theta=0, matched mu=0.1)",patchy_high,64,80,eval_mean_mean_resource_fraction,0.09629611954073809
ecology_perception_parallel_v1_r0_r1_mu010,"R0 (theta=0, matched mu=0.1)",patchy_high,64,80,eval_mean_mean_reserve_welfare,0.716324610424928
ecology_perception_parallel_v1_r0_r1_mu010,"R0 (theta=0, matched mu=0.1)",patchy_high,64,80,final_wealth_gini,0.49462124417831377
ecology_perception_parallel_v1_r0_r1_mu010,"R0 (theta=0, matched mu=0.1)",split_high_low,64,80,eval_mean_mean_resource_fraction,0.15374627903415802
ecology_perception_parallel_v1_r0_r1_mu010,"R0 (theta=0, matched mu=0.1)",split_high_low,64,80,eval_mean_mean_reserve_welfare,0.6379672054778507
ecology_perception_parallel_v1_r0_r1_mu010,"R0 (theta=0, matched mu=0.1)",split_high_low,64,80,final_wealth_gini,0.6643408422384343
ecology_perception_parallel_v1_r0_r1_mu010,"R0 (theta=0, matched mu=0.1)",uniform_high,64,81,eval_mean_mean_resource_fraction,0.12725134776435051
ecology_perception_parallel_v1_r0_r1_mu010,"R0 (theta=0, matched mu=0.1)",uniform_high,64,81,eval_mean_mean_reserve_welfare,0.7589026828476367
ecology_perception_parallel_v1_r0_r1_mu010,"R0 (theta=0, matched mu=0.1)",uniform_high,64,81,final_wealth_gini,0.4654045293907325
ecology_perception_parallel_v1_r0_r1_mu010,"R0 (theta=0, matched mu=0.1)",patchy_high,64,81,eval_mean_mean_resource_fraction,0.11118378251050653
ecology_perception_parallel_v1_r0_r1_mu010,"R0 (theta=0, matched mu=0.1)",patchy_high,64,81,eval_mean_mean_reserve_welfare,0.7689377474519902
ecology_perception_parallel_v1_r0_r1_mu010,"R0 (theta=0, matched mu=0.1)",patchy_high,64,81,final_wealth_gini,0.4499141327393241
ecology_perception_parallel_v1_r0_r1_mu010,"R0 (theta=0, matched mu=0.1)",split_high_low,64,81,eval_mean_mean_resource_fraction,0.19341325460520326
ecology_perception_parallel_v1_r0_r1_mu010,"R0 (theta=0, matched mu=0.1)",split_high_low,64,81,eval_mean_mean_reserve_welfare,0.6405418568828964
ecology_perception_parallel_v1_r0_r1_mu010,"R0 (theta=0, matched mu=0.1)",split_high_low,64,81,final_wealth_gini,0.6681039448317612
ecology_perception_parallel_v1_r0_r1_mu010,"R0 (theta=0, matched mu=0.1)",uniform_high,64,82,eval_mean_mean_resource_fraction,0.1339246432286676
ecology_perception_parallel_v1_r0_r1_mu010,"R0 (theta=0, matched mu=0.1)",uniform_high,64,82,eval_mean_mean_reserve_welfare,0.8041019274905903
ecology_perception_parallel_v1_r0_r1_mu010,"R0 (theta=0, matched mu=0.1)",uniform_high,64,82,final_wealth_gini,0.47315370544220636
ecology_perception_parallel_v1_r0_r1_mu010,"R0 (theta=0, matched mu=0.1)",patchy_high,64,82,eval_mean_mean_resource_fraction,0.114942245084545
ecology_perception_parallel_v1_r0_r1_mu010,"R0 (theta=0, matched mu=0.1)",patchy_high,64,82,eval_mean_mean_reserve_welfare,0.7191090701481792
ecology_perception_parallel_v1_r0_r1_mu010,"R0 (theta=0, matched mu=0.1)",patchy_high,64,82,final_wealth_gini,0.5173257979888453
ecology_perception_parallel_v1_r0_r1_mu010,"R0 (theta=0, matched mu=0.1)",split_high_low,64,82,eval_mean_mean_resource_fraction,0.10698378015278784
ecology_perception_parallel_v1_r0_r1_mu010,"R0 (theta=0, matched mu=0.1)",split_high_low,64,82,eval_mean_mean_reserve_welfare,0.6222291986120446
ecology_perception_parallel_v1_r0_r1_mu010,"R0 (theta=0, matched mu=0.1)",split_high_low,64,82,final_wealth_gini,0.619960693586747
ecology_perception_parallel_v1_r0_r1_mu010,"R0 (theta=0, matched mu=0.1)",uniform_high,64,83,eval_mean_mean_resource_fraction,0.11651235867808492
ecology_perception_parallel_v1_r0_r1_mu010,"R0 (theta=0, matched mu=0.1)",uniform_high,64,83,eval_mean_mean_reserve_welfare,0.7930047155315261
ecology_perception_parallel_v1_r0_r1_mu010,"R0 (theta=0, matched mu=0.1)",uniform_high,64,83,final_wealth_gini,0.4286975153599788
ecology_perception_parallel_v1_r0_r1_mu010,"R0 (theta=0, matched mu=0.1)",patchy_high,64,83,eval_mean_mean_resource_fraction,0.17593742353787378
ecology_perception_parallel_v1_r0_r1_mu010,"R0 (theta=0, matched mu=0.1)",patchy_high,64,83,eval_mean_mean_reserve_welfare,0.8403837934946974
ecology_perception_parallel_v1_r0_r1_mu010,"R0 (theta=0, matched mu=0.1)",patchy_high,64,83,final_wealth_gini,0.48377909011084963
ecology_perception_parallel_v1_r0_r1_mu010,"R0 (theta=0, matched mu=0.1)",split_high_low,64,83,eval_mean_mean_resource_fraction,0.13069111233243444
ecology_perception_parallel_v1_r0_r1_mu010,"R0 (theta=0, matched mu=0.1)",split_high_low,64,83,eval_mean_mean_reserve_welfare,0.7498237613784814
ecology_perception_parallel_v1_r0_r1_mu010,"R0 (theta=0, matched mu=0.1)",split_high_low,64,83,final_wealth_gini,0.5100091371996422
ecology_perception_parallel_v1_r0_r1_mu010,"R0 (theta=0, matched mu=0.1)",uniform_high,64,84,eval_mean_mean_resource_fraction,0.1629339240728182
ecology_perception_parallel_v1_r0_r1_mu010,"R0 (theta=0, matched mu=0.1)",uniform_high,64,84,eval_mean_mean_reserve_welfare,0.8775760458766756
ecology_perception_parallel_v1_r0_r1_mu010,"R0 (theta=0, matched mu=0.1)",uniform_high,64,84,final_wealth_gini,0.4260731263137574
ecology_perception_parallel_v1_r0_r1_mu010,"R0 (theta=0, matched mu=0.1)",patchy_high,64,84,eval_mean_mean_resource_fraction,0.1237637495665855
ecology_perception_parallel_v1_r0_r1_mu010,"R0 (theta=0, matched mu=0.1)",patchy_high,64,84,eval_mean_mean_reserve_welfare,0.7603516363843809
ecology_perception_parallel_v1_r0_r1_mu010,"R0 (theta=0, matched mu=0.1)",patchy_high,64,84,final_wealth_gini,0.4749646657431732
ecology_perception_parallel_v1_r0_r1_mu010,"R0 (theta=0, matched mu=0.1)",split_high_low,64,84,eval_mean_mean_resource_fraction,0.11050482649844415
ecology_perception_parallel_v1_r0_r1_mu010,"R0 (theta=0, matched mu=0.1)",split_high_low,64,84,eval_mean_mean_reserve_welfare,0.6597992500520918
ecology_perception_parallel_v1_r0_r1_mu010,"R0 (theta=0, matched mu=0.1)",split_high_low,64,84,final_wealth_gini,0.6079694773146986
ecology_perception_parallel_v1_r0_r1_mu010,"R0 (theta=0, matched mu=0.1)",uniform_high,64,85,eval_mean_mean_resource_fraction,0.10807188556772354
ecology_perception_parallel_v1_r0_r1_mu010,"R0 (theta=0, matched mu=0.1)",uniform_high,64,85,eval_mean_mean_reserve_welfare,0.7611824321148413
ecology_perception_parallel_v1_r0_r1_mu010,"R0 (theta=0, matched mu=0.1)",uniform_high,64,85,final_wealth_gini,0.44683359950640655
ecology_perception_parallel_v1_r0_r1_mu010,"R0 (theta=0, matched mu=0.1)",patchy_high,64,85,eval_mean_mean_resource_fraction,0.14808732829880009
ecology_perception_parallel_v1_r0_r1_mu010,"R0 (theta=0, matched mu=0.1)",patchy_high,64,85,eval_mean_mean_reserve_welfare,0.8786372649049444
ecology_perception_parallel_v1_r0_r1_mu010,"R0 (theta=0, matched mu=0.1)",patchy_high,64,85,final_wealth_gini,0.43845435436282276
ecology_perception_parallel_v1_r0_r1_mu010,"R0 (theta=0, matched mu=0.1)",split_high_low,64,85,eval_mean_mean_resource_fraction,0.1336627609799214
ecology_perception_parallel_v1_r0_r1_mu010,"R0 (theta=0, matched mu=0.1)",split_high_low,64,85,eval_mean_mean_reserve_welfare,0.6399739927491167
ecology_perception_parallel_v1_r0_r1_mu010,"R0 (theta=0, matched mu=0.1)",split_high_low,64,85,final_wealth_gini,0.6369194233206286
ecology_perception_parallel_v1_r0_r1_mu010,"R0 (theta=0, matched mu=0.1)",uniform_high,64,86,eval_mean_mean_resource_fraction,0.10330777638350574
ecology_perception_parallel_v1_r0_r1_mu010,"R0 (theta=0, matched mu=0.1)",uniform_high,64,86,eval_mean_mean_reserve_welfare,0.7792598543341628
ecology_perception_parallel_v1_r0_r1_mu010,"R0 (theta=0, matched mu=0.1)",uniform_high,64,86,final_wealth_gini,0.422722532002731
ecology_perception_parallel_v1_r0_r1_mu010,"R0 (theta=0, matched mu=0.1)",patchy_high,64,86,eval_mean_mean_resource_fraction,0.11361108501958983
ecology_perception_parallel_v1_r0_r1_mu010,"R0 (theta=0, matched mu=0.1)",patchy_high,64,86,eval_mean_mean_reserve_welfare,0.7561742906295722
ecology_perception_parallel_v1_r0_r1_mu010,"R0 (theta=0, matched mu=0.1)",patchy_high,64,86,final_wealth_gini,0.48242701575077307
ecology_perception_parallel_v1_r0_r1_mu010,"R0 (theta=0, matched mu=0.1)",split_high_low,64,86,eval_mean_mean_resource_fraction,0.09893005230397381
ecology_perception_parallel_v1_r0_r1_mu010,"R0 (theta=0, matched mu=0.1)",split_high_low,64,86,eval_mean_mean_reserve_welfare,0.6797886334762583
ecology_perception_parallel_v1_r0_r1_mu010,"R0 (theta=0, matched mu=0.1)",split_high_low,64,86,final_wealth_gini,0.6112084520899776
ecology_perception_parallel_v1_r0_r1_mu010,"R0 (theta=0, matched mu=0.1)",uniform_high,64,87,eval_mean_mean_resource_fraction,0.13005501905074077
ecology_perception_parallel_v1_r0_r1_mu010,"R0 (theta=0, matched mu=0.1)",uniform_high,64,87,eval_mean_mean_reserve_welfare,0.8887504347335061
ecology_perception_parallel_v1_r0_r1_mu010,"R0 (theta=0, matched mu=0.1)",uniform_high,64,87,final_wealth_gini,0.360942183936086
ecology_perception_parallel_v1_r0_r1_mu010,"R0 (theta=0, matched mu=0.1)",patchy_high,64,87,eval_mean_mean_resource_fraction,0.10059166115951095
ecology_perception_parallel_v1_r0_r1_mu010,"R0 (theta=0, matched mu=0.1)",patchy_high,64,87,eval_mean_mean_reserve_welfare,0.7360296684599044
ecology_perception_parallel_v1_r0_r1_mu010,"R0 (theta=0, matched mu=0.1)",patchy_high,64,87,final_wealth_gini,0.44328448461807546
ecology_perception_parallel_v1_r0_r1_mu010,"R0 (theta=0, matched mu=0.1)",split_high_low,64,87,eval_mean_mean_resource_fraction,0.1381868207611091
ecology_perception_parallel_v1_r0_r1_mu010,"R0 (theta=0, matched mu=0.1)",split_high_low,64,87,eval_mean_mean_reserve_welfare,0.6890934562134151
ecology_perception_parallel_v1_r0_r1_mu010,"R0 (theta=0, matched mu=0.1)",split_high_low,64,87,final_wealth_gini,0.6169173087200912
ecology_perception_parallel_v1_r0_r1_mu010,"R0 (theta=0, matched mu=0.1)",uniform_high,64,88,eval_mean_mean_resource_fraction,0.11632301964586016
ecology_perception_parallel_v1_r0_r1_mu010,"R0 (theta=0, matched mu=0.1)",uniform_high,64,88,eval_mean_mean_reserve_welfare,0.7241900905720764
ecology_perception_parallel_v1_r0_r1_mu010,"R0 (theta=0, matched mu=0.1)",uniform_high,64,88,final_wealth_gini,0.49982495411909356
ecology_perception_parallel_v1_r0_r1_mu010,"R0 (theta=0, matched mu=0.1)",patchy_high,64,88,eval_mean_mean_resource_fraction,0.11170689926188976
ecology_perception_parallel_v1_r0_r1_mu010,"R0 (theta=0, matched mu=0.1)",patchy_high,64,88,eval_mean_mean_reserve_welfare,0.7202505283877902
ecology_perception_parallel_v1_r0_r1_mu010,"R0 (theta=0, matched mu=0.1)",patchy_high,64,88,final_wealth_gini,0.48977450882043794
ecology_perception_parallel_v1_r0_r1_mu010,"R0 (theta=0, matched mu=0.1)",split_high_low,64,88,eval_mean_mean_resource_fraction,0.16584859078985728
ecology_perception_parallel_v1_r0_r1_mu010,"R0 (theta=0, matched mu=0.1)",split_high_low,64,88,eval_mean_mean_reserve_welfare,0.6904850448057942
ecology_perception_parallel_v1_r0_r1_mu010,"R0 (theta=0, matched mu=0.1)",split_high_low,64,88,final_wealth_gini,0.6188436154036614
ecology_perception_parallel_v1_r0_r1_mu010,"R0 (theta=0, matched mu=0.1)",uniform_high,64,89,eval_mean_mean_resource_fraction,0.13291338605127437
ecology_perception_parallel_v1_r0_r1_mu010,"R0 (theta=0, matched mu=0.1)",uniform_high,64,89,eval_mean_mean_reserve_welfare,0.8055642175051926
ecology_perception_parallel_v1_r0_r1_mu010,"R0 (theta=0, matched mu=0.1)",uniform_high,64,89,final_wealth_gini,0.42636663673089314
ecology_perception_parallel_v1_r0_r1_mu010,"R0 (theta=0, matched mu=0.1)",patchy_high,64,89,eval_mean_mean_resource_fraction,0.12327402591218234
ecology_perception_parallel_v1_r0_r1_mu010,"R0 (theta=0, matched mu=0.1)",patchy_high,64,89,eval_mean_mean_reserve_welfare,0.8175549393684027
ecology_perception_parallel_v1_r0_r1_mu010,"R0 (theta=0, matched mu=0.1)",patchy_high,64,89,final_wealth_gini,0.4286864111873805
ecology_perception_parallel_v1_r0_r1_mu010,"R0 (theta=0, matched mu=0.1)",split_high_low,64,89,eval_mean_mean_resource_fraction,0.12225503865327095
ecology_perception_parallel_v1_r0_r1_mu010,"R0 (theta=0, matched mu=0.1)",split_high_low,64,89,eval_mean_mean_reserve_welfare,0.6480839432964385
ecology_perception_parallel_v1_r0_r1_mu010,"R0 (theta=0, matched mu=0.1)",split_high_low,64,89,final_wealth_gini,0.6410481313545404
ecology_perception_parallel_v1_r0_r1_mu010,"R0 (theta=0, matched mu=0.1)",uniform_high,64,90,eval_mean_mean_resource_fraction,0.07543720946312954
ecology_perception_parallel_v1_r0_r1_mu010,"R0 (theta=0, matched mu=0.1)",uniform_high,64,90,eval_mean_mean_reserve_welfare,0.6588613837028686
ecology_perception_parallel_v1_r0_r1_mu010,"R0 (theta=0, matched mu=0.1)",uniform_high,64,90,final_wealth_gini,0.4425510573996778
ecology_perception_parallel_v1_r0_r1_mu010,"R0 (theta=0, matched mu=0.1)",patchy_high,64,90,eval_mean_mean_resource_fraction,0.1759397029790195
ecology_perception_parallel_v1_r0_r1_mu010,"R0 (theta=0, matched mu=0.1)",patchy_high,64,90,eval_mean_mean_reserve_welfare,0.9434794399550788
ecology_perception_parallel_v1_r0_r1_mu010,"R0 (theta=0, matched mu=0.1)",patchy_high,64,90,final_wealth_gini,0.3896581111539059
ecology_perception_parallel_v1_r0_r1_mu010,"R0 (theta=0, matched mu=0.1)",split_high_low,64,90,eval_mean_mean_resource_fraction,0.10032716945049691
ecology_perception_parallel_v1_r0_r1_mu010,"R0 (theta=0, matched mu=0.1)",split_high_low,64,90,eval_mean_mean_reserve_welfare,0.6378021922966108
ecology_perception_parallel_v1_r0_r1_mu010,"R0 (theta=0, matched mu=0.1)",split_high_low,64,90,final_wealth_gini,0.6342251063790143
ecology_perception_parallel_v1_r0_r1_mu010,"R0 (theta=0, matched mu=0.1)",uniform_high,64,91,eval_mean_mean_resource_fraction,0.11860339860536794
ecology_perception_parallel_v1_r0_r1_mu010,"R0 (theta=0, matched mu=0.1)",uniform_high,64,91,eval_mean_mean_reserve_welfare,0.7526582734915109
ecology_perception_parallel_v1_r0_r1_mu010,"R0 (theta=0, matched mu=0.1)",uniform_high,64,91,final_wealth_gini,0.4768758983716803
ecology_perception_parallel_v1_r0_r1_mu010,"R0 (theta=0, matched mu=0.1)",patchy_high,64,91,eval_mean_mean_resource_fraction,0.1568587034632413
ecology_perception_parallel_v1_r0_r1_mu010,"R0 (theta=0, matched mu=0.1)",patchy_high,64,91,eval_mean_mean_reserve_welfare,0.8155195383166484
ecology_perception_parallel_v1_r0_r1_mu010,"R0 (theta=0, matched mu=0.1)",patchy_high,64,91,final_wealth_gini,0.46606503708322555
ecology_perception_parallel_v1_r0_r1_mu010,"R0 (theta=0, matched mu=0.1)",split_high_low,64,91,eval_mean_mean_resource_fraction,0.15446527420925096
ecology_perception_parallel_v1_r0_r1_mu010,"R0 (theta=0, matched mu=0.1)",split_high_low,64,91,eval_mean_mean_reserve_welfare,0.7229484192723669
ecology_perception_parallel_v1_r0_r1_mu010,"R0 (theta=0, matched mu=0.1)",split_high_low,64,91,final_wealth_gini,0.5820267481319026
ecology_perception_parallel_v1_r0_r1_mu010,"R0 (theta=0, matched mu=0.1)",uniform_high,64,92,eval_mean_mean_resource_fraction,0.08662285796491531
ecology_perception_parallel_v1_r0_r1_mu010,"R0 (theta=0, matched mu=0.1)",uniform_high,64,92,eval_mean_mean_reserve_welfare,0.6116687658423823
ecology_perception_parallel_v1_r0_r1_mu010,"R0 (theta=0, matched mu=0.1)",uniform_high,64,92,final_wealth_gini,0.5262437298679354
ecology_perception_parallel_v1_r0_r1_mu010,"R0 (theta=0, matched mu=0.1)",patchy_high,64,92,eval_mean_mean_resource_fraction,0.12246417367207632
ecology_perception_parallel_v1_r0_r1_mu010,"R0 (theta=0, matched mu=0.1)",patchy_high,64,92,eval_mean_mean_reserve_welfare,0.6541035943088305
ecology_perception_parallel_v1_r0_r1_mu010,"R0 (theta=0, matched mu=0.1)",patchy_high,64,92,final_wealth_gini,0.563571402803914
ecology_perception_parallel_v1_r0_r1_mu010,"R0 (theta=0, matched mu=0.1)",split_high_low,64,92,eval_mean_mean_resource_fraction,0.12415173974739392
ecology_perception_parallel_v1_r0_r1_mu010,"R0 (theta=0, matched mu=0.1)",split_high_low,64,92,eval_mean_mean_reserve_welfare,0.6289057281550406
ecology_perception_parallel_v1_r0_r1_mu010,"R0 (theta=0, matched mu=0.1)",split_high_low,64,92,final_wealth_gini,0.6417326023566334
ecology_perception_parallel_v1_r0_r1_mu010,"R0 (theta=0, matched mu=0.1)",uniform_high,64,93,eval_mean_mean_resource_fraction,0.10521867490006952
ecology_perception_parallel_v1_r0_r1_mu010,"R0 (theta=0, matched mu=0.1)",uniform_high,64,93,eval_mean_mean_reserve_welfare,0.7647844214553474
ecology_perception_parallel_v1_r0_r1_mu010,"R0 (theta=0, matched mu=0.1)",uniform_high,64,93,final_wealth_gini,0.45434393387996197
ecology_perception_parallel_v1_r0_r1_mu010,"R0 (theta=0, matched mu=0.1)",patchy_high,64,93,eval_mean_mean_resource_fraction,0.11352149795261726
ecology_perception_parallel_v1_r0_r1_mu010,"R0 (theta=0, matched mu=0.1)",patchy_high,64,93,eval_mean_mean_reserve_welfare,0.7503745023397309
ecology_perception_parallel_v1_r0_r1_mu010,"R0 (theta=0, matched mu=0.1)",patchy_high,64,93,final_wealth_gini,0.47192035686691614
ecology_perception_parallel_v1_r0_r1_mu010,"R0 (theta=0, matched mu=0.1)",split_high_low,64,93,eval_mean_mean_resource_fraction,0.12950771776084577
ecology_perception_parallel_v1_r0_r1_mu010,"R0 (theta=0, matched mu=0.1)",split_high_low,64,93,eval_mean_mean_reserve_welfare,0.6354619315017666
ecology_perception_parallel_v1_r0_r1_mu010,"R0 (theta=0, matched mu=0.1)",split_high_low,64,93,final_wealth_gini,0.6501349229314672
ecology_perception_parallel_v1_r0_r1_mu010,"R0 (theta=0, matched mu=0.1)",uniform_high,64,94,eval_mean_mean_resource_fraction,0.11245795799804824
ecology_perception_parallel_v1_r0_r1_mu010,"R0 (theta=0, matched mu=0.1)",uniform_high,64,94,eval_mean_mean_reserve_welfare,0.7227588395422594
ecology_perception_parallel_v1_r0_r1_mu010,"R0 (theta=0, matched mu=0.1)",uniform_high,64,94,final_wealth_gini,0.47796702624358645
ecology_perception_parallel_v1_r0_r1_mu010,"R0 (theta=0, matched mu=0.1)",patchy_high,64,94,eval_mean_mean_resource_fraction,0.08520734912440489
ecology_perception_parallel_v1_r0_r1_mu010,"R0 (theta=0, matched mu=0.1)",patchy_high,64,94,eval_mean_mean_reserve_welfare,0.6259480867599959
ecology_perception_parallel_v1_r0_r1_mu010,"R0 (theta=0, matched mu=0.1)",patchy_high,64,94,final_wealth_gini,0.5178680714272812
ecology_perception_parallel_v1_r0_r1_mu010,"R0 (theta=0, matched mu=0.1)",split_high_low,64,94,eval_mean_mean_resource_fraction,0.11762176179692221
ecology_perception_parallel_v1_r0_r1_mu010,"R0 (theta=0, matched mu=0.1)",split_high_low,64,94,eval_mean_mean_reserve_welfare,0.6469613652114194
ecology_perception_parallel_v1_r0_r1_mu010,"R0 (theta=0, matched mu=0.1)",split_high_low,64,94,final_wealth_gini,0.6166224179150934
ecology_perception_parallel_v1_r0_r1_mu010,"R0 (theta=0, matched mu=0.1)",uniform_high,64,95,eval_mean_mean_resource_fraction,0.12128607399943886
ecology_perception_parallel_v1_r0_r1_mu010,"R0 (theta=0, matched mu=0.1)",uniform_high,64,95,eval_mean_mean_reserve_welfare,0.6774961300853714
ecology_perception_parallel_v1_r0_r1_mu010,"R0 (theta=0, matched mu=0.1)",uniform_high,64,95,final_wealth_gini,0.50268408931558
ecology_perception_parallel_v1_r0_r1_mu010,"R0 (theta=0, matched mu=0.1)",patchy_high,64,95,eval_mean_mean_resource_fraction,0.16502675103775427
ecology_perception_parallel_v1_r0_r1_mu010,"R0 (theta=0, matched mu=0.1)",patchy_high,64,95,eval_mean_mean_reserve_welfare,0.7689822981921625
ecology_perception_parallel_v1_r0_r1_mu010,"R0 (theta=0, matched mu=0.1)",patchy_high,64,95,final_wealth_gini,0.47957938496531716
ecology_perception_parallel_v1_r0_r1_mu010,"R0 (theta=0, matched mu=0.1)",split_high_low,64,95,eval_mean_mean_resource_fraction,0.10912467946534482
ecology_perception_parallel_v1_r0_r1_mu010,"R0 (theta=0, matched mu=0.1)",split_high_low,64,95,eval_mean_mean_reserve_welfare,0.7543848883333965
ecology_perception_parallel_v1_r0_r1_mu010,"R0 (theta=0, matched mu=0.1)",split_high_low,64,95,final_wealth_gini,0.5158527864175402
ecology_perception_parallel_v1_r0_r1_mu010,"R0 (theta=0, matched mu=0.1)",uniform_high,64,96,eval_mean_mean_resource_fraction,0.1624616053963064
ecology_perception_parallel_v1_r0_r1_mu010,"R0 (theta=0, matched mu=0.1)",uniform_high,64,96,eval_mean_mean_reserve_welfare,0.8193849152362154
ecology_perception_parallel_v1_r0_r1_mu010,"R0 (theta=0, matched mu=0.1)",uniform_high,64,96,final_wealth_gini,0.43324869917143527
ecology_perception_parallel_v1_r0_r1_mu010,"R0 (theta=0, matched mu=0.1)",patchy_high,64,96,eval_mean_mean_resource_fraction,0.15101955155277516
ecology_perception_parallel_v1_r0_r1_mu010,"R0 (theta=0, matched mu=0.1)",patchy_high,64,96,eval_mean_mean_reserve_welfare,0.813620314246013
ecology_perception_parallel_v1_r0_r1_mu010,"R0 (theta=0, matched mu=0.1)",patchy_high,64,96,final_wealth_gini,0.4590561592248281
ecology_perception_parallel_v1_r0_r1_mu010,"R0 (theta=0, matched mu=0.1)",split_high_low,64,96,eval_mean_mean_resource_fraction,0.1554849007150347
ecology_perception_parallel_v1_r0_r1_mu010,"R0 (theta=0, matched mu=0.1)",split_high_low,64,96,eval_mean_mean_reserve_welfare,0.7008168755126387
ecology_perception_parallel_v1_r0_r1_mu010,"R0 (theta=0, matched mu=0.1)",split_high_low,64,96,final_wealth_gini,0.5819019310147382
ecology_perception_parallel_v1_r0_r1_mu010,"R0 (theta=0, matched mu=0.1)",uniform_high,64,97,eval_mean_mean_resource_fraction,0.08935716878455258
ecology_perception_parallel_v1_r0_r1_mu010,"R0 (theta=0, matched mu=0.1)",uniform_high,64,97,eval_mean_mean_reserve_welfare,0.6957585197573753
ecology_perception_parallel_v1_r0_r1_mu010,"R0 (theta=0, matched mu=0.1)",uniform_high,64,97,final_wealth_gini,0.4346862195498318
ecology_perception_parallel_v1_r0_r1_mu010,"R0 (theta=0, matched mu=0.1)",patchy_high,64,97,eval_mean_mean_resource_fraction,0.12275550078400109
ecology_perception_parallel_v1_r0_r1_mu010,"R0 (theta=0, matched mu=0.1)",patchy_high,64,97,eval_mean_mean_reserve_welfare,0.833952933719376
ecology_perception_parallel_v1_r0_r1_mu010,"R0 (theta=0, matched mu=0.1)",patchy_high,64,97,final_wealth_gini,0.3642376111631689
ecology_perception_parallel_v1_r0_r1_mu010,"R0 (theta=0, matched mu=0.1)",split_high_low,64,97,eval_mean_mean_resource_fraction,0.09431306240664543
ecology_perception_parallel_v1_r0_r1_mu010,"R0 (theta=0, matched mu=0.1)",split_high_low,64,97,eval_mean_mean_reserve_welfare,0.6205958403707943
ecology_perception_parallel_v1_r0_r1_mu010,"R0 (theta=0, matched mu=0.1)",split_high_low,64,97,final_wealth_gini,0.6156903096308051
ecology_perception_parallel_v1_r0_r1_mu010,"R0 (theta=0, matched mu=0.1)",uniform_high,64,98,eval_mean_mean_resource_fraction,0.05928241128757483
ecology_perception_parallel_v1_r0_r1_mu010,"R0 (theta=0, matched mu=0.1)",uniform_high,64,98,eval_mean_mean_reserve_welfare,0.5859717683442446
ecology_perception_parallel_v1_r0_r1_mu010,"R0 (theta=0, matched mu=0.1)",uniform_high,64,98,final_wealth_gini,0.4931296303103465
ecology_perception_parallel_v1_r0_r1_mu010,"R0 (theta=0, matched mu=0.1)",patchy_high,64,98,eval_mean_mean_resource_fraction,0.1100039462487706
ecology_perception_parallel_v1_r0_r1_mu010,"R0 (theta=0, matched mu=0.1)",patchy_high,64,98,eval_mean_mean_reserve_welfare,0.6654777104390255
ecology_perception_parallel_v1_r0_r1_mu010,"R0 (theta=0, matched mu=0.1)",patchy_high,64,98,final_wealth_gini,0.5772522713997368
ecology_perception_parallel_v1_r0_r1_mu010,"R0 (theta=0, matched mu=0.1)",split_high_low,64,98,eval_mean_mean_resource_fraction,0.11887618638388331
ecology_perception_parallel_v1_r0_r1_mu010,"R0 (theta=0, matched mu=0.1)",split_high_low,64,98,eval_mean_mean_reserve_welfare,0.6343013181392164
ecology_perception_parallel_v1_r0_r1_mu010,"R0 (theta=0, matched mu=0.1)",split_high_low,64,98,final_wealth_gini,0.6437411421114265
ecology_perception_parallel_v1_r0_r1_mu010,"R0 (theta=0, matched mu=0.1)",uniform_high,64,99,eval_mean_mean_resource_fraction,0.09494188975935748
ecology_perception_parallel_v1_r0_r1_mu010,"R0 (theta=0, matched mu=0.1)",uniform_high,64,99,eval_mean_mean_reserve_welfare,0.7378688451259945
ecology_perception_parallel_v1_r0_r1_mu010,"R0 (theta=0, matched mu=0.1)",uniform_high,64,99,final_wealth_gini,0.4433428577122598
ecology_perception_parallel_v1_r0_r1_mu010,"R0 (theta=0, matched mu=0.1)",patchy_high,64,99,eval_mean_mean_resource_fraction,0.09881760906840652
ecology_perception_parallel_v1_r0_r1_mu010,"R0 (theta=0, matched mu=0.1)",patchy_high,64,99,eval_mean_mean_reserve_welfare,0.7566137089544787
ecology_perception_parallel_v1_r0_r1_mu010,"R0 (theta=0, matched mu=0.1)",patchy_high,64,99,final_wealth_gini,0.43900967072315766
ecology_perception_parallel_v1_r0_r1_mu010,"R0 (theta=0, matched mu=0.1)",split_high_low,64,99,eval_mean_mean_resource_fraction,0.10118061160238807
ecology_perception_parallel_v1_r0_r1_mu010,"R0 (theta=0, matched mu=0.1)",split_high_low,64,99,eval_mean_mean_reserve_welfare,0.6051428246142784
ecology_perception_parallel_v1_r0_r1_mu010,"R0 (theta=0, matched mu=0.1)",split_high_low,64,99,final_wealth_gini,0.6460639639577597
ecology_perception_parallel_v1_r2_mu010,R2,uniform_high,64,0,eval_mean_mean_resource_fraction,0.06591534652715746
ecology_perception_parallel_v1_r2_mu010,R2,uniform_high,64,0,eval_mean_mean_reserve_welfare,0.6314404497827206
ecology_perception_parallel_v1_r2_mu010,R2,uniform_high,64,0,final_wealth_gini,0.3870695751482154
ecology_perception_parallel_v1_r2_mu010,R2,patchy_high,64,0,eval_mean_mean_resource_fraction,0.06953221216716418
ecology_perception_parallel_v1_r2_mu010,R2,patchy_high,64,0,eval_mean_mean_reserve_welfare,0.686074344344143
ecology_perception_parallel_v1_r2_mu010,R2,patchy_high,64,0,final_wealth_gini,0.36610503756252033
ecology_perception_parallel_v1_r2_mu010,R2,split_high_low,64,0,eval_mean_mean_resource_fraction,0.12059423447577347
ecology_perception_parallel_v1_r2_mu010,R2,split_high_low,64,0,eval_mean_mean_reserve_welfare,0.6820821185864605
ecology_perception_parallel_v1_r2_mu010,R2,split_high_low,64,0,final_wealth_gini,0.6237261386155235
ecology_perception_parallel_v1_r2_mu010,R2,uniform_high,64,1,eval_mean_mean_resource_fraction,0.059562433187050186
ecology_perception_parallel_v1_r2_mu010,R2,uniform_high,64,1,eval_mean_mean_reserve_welfare,0.5507169110073916
ecology_perception_parallel_v1_r2_mu010,R2,uniform_high,64,1,final_wealth_gini,0.4708453272041211
ecology_perception_parallel_v1_r2_mu010,R2,patchy_high,64,1,eval_mean_mean_resource_fraction,0.06149168921880126
ecology_perception_parallel_v1_r2_mu010,R2,patchy_high,64,1,eval_mean_mean_reserve_welfare,0.552491932869798
ecology_perception_parallel_v1_r2_mu010,R2,patchy_high,64,1,final_wealth_gini,0.5056582666903935
ecology_perception_parallel_v1_r2_mu010,R2,split_high_low,64,1,eval_mean_mean_resource_fraction,0.06356200621436006
ecology_perception_parallel_v1_r2_mu010,R2,split_high_low,64,1,eval_mean_mean_reserve_welfare,0.6225564217567447
ecology_perception_parallel_v1_r2_mu010,R2,split_high_low,64,1,final_wealth_gini,0.6028364994329856
ecology_perception_parallel_v1_r2_mu010,R2,uniform_high,64,2,eval_mean_mean_resource_fraction,0.06283856463565453
ecology_perception_parallel_v1_r2_mu010,R2,uniform_high,64,2,eval_mean_mean_reserve_welfare,0.5672941908320953
ecology_perception_parallel_v1_r2_mu010,R2,uniform_high,64,2,final_wealth_gini,0.4197616725273505
ecology_perception_parallel_v1_r2_mu010,R2,patchy_high,64,2,eval_mean_mean_resource_fraction,0.10628381428957395
ecology_perception_parallel_v1_r2_mu010,R2,patchy_high,64,2,eval_mean_mean_reserve_welfare,0.8246175283153432
ecology_perception_parallel_v1_r2_mu010,R2,patchy_high,64,2,final_wealth_gini,0.3360822104640133
ecology_perception_parallel_v1_r2_mu010,R2,split_high_low,64,2,eval_mean_mean_resource_fraction,0.06169825315623203
ecology_perception_parallel_v1_r2_mu010,R2,split_high_low,64,2,eval_mean_mean_reserve_welfare,0.5595229107088309
ecology_perception_parallel_v1_r2_mu010,R2,split_high_low,64,2,final_wealth_gini,0.5930924485000972
ecology_perception_parallel_v1_r2_mu010,R2,uniform_high,64,3,eval_mean_mean_resource_fraction,0.09233075712527375
ecology_perception_parallel_v1_r2_mu010,R2,uniform_high,64,3,eval_mean_mean_reserve_welfare,0.698310931065644
ecology_perception_parallel_v1_r2_mu010,R2,uniform_high,64,3,final_wealth_gini,0.49846721110736647
ecology_perception_parallel_v1_r2_mu010,R2,patchy_high,64,3,eval_mean_mean_resource_fraction,0.096390717012002
ecology_perception_parallel_v1_r2_mu010,R2,patchy_high,64,3,eval_mean_mean_reserve_welfare,0.7056567042868191
ecology_perception_parallel_v1_r2_mu010,R2,patchy_high,64,3,final_wealth_gini,0.48065602778060335
ecology_perception_parallel_v1_r2_mu010,R2,split_high_low,64,3,eval_mean_mean_resource_fraction,0.1531322845824663
ecology_perception_parallel_v1_r2_mu010,R2,split_high_low,64,3,eval_mean_mean_reserve_welfare,0.5995496127352835
ecology_perception_parallel_v1_r2_mu010,R2,split_high_low,64,3,final_wealth_gini,0.690223820059902
ecology_perception_parallel_v1_r2_mu010,R2,uniform_high,64,4,eval_mean_mean_resource_fraction,0.1262465575244051
ecology_perception_parallel_v1_r2_mu010,R2,uniform_high,64,4,eval_mean_mean_reserve_welfare,0.816288052286274
ecology_perception_parallel_v1_r2_mu010,R2,uniform_high,64,4,final_wealth_gini,0.41403926671768887
ecology_perception_parallel_v1_r2_mu010,R2,patchy_high,64,4,eval_mean_mean_resource_fraction,0.11584600925536342
ecology_perception_parallel_v1_r2_mu010,R2,patchy_high,64,4,eval_mean_mean_reserve_welfare,0.8179012953137221
ecology_perception_parallel_v1_r2_mu010,R2,patchy_high,64,4,final_wealth_gini,0.3844866463262717
ecology_perception_parallel_v1_r2_mu010,R2,split_high_low,64,4,eval_mean_mean_resource_fraction,0.1409753836444849
ecology_perception_parallel_v1_r2_mu010,R2,split_high_low,64,4,eval_mean_mean_reserve_welfare,0.664696876256674
ecology_perception_parallel_v1_r2_mu010,R2,split_high_low,64,4,final_wealth_gini,0.624798057761345
ecology_perception_parallel_v1_r2_mu010,R2,uniform_high,64,5,eval_mean_mean_resource_fraction,0.13197083985577426
ecology_perception_parallel_v1_r2_mu010,R2,uniform_high,64,5,eval_mean_mean_reserve_welfare,0.7877772420295072
ecology_perception_parallel_v1_r2_mu010,R2,uniform_high,64,5,final_wealth_gini,0.4638659315264162
ecology_perception_parallel_v1_r2_mu010,R2,patchy_high,64,5,eval_mean_mean_resource_fraction,0.14779177683008396
ecology_perception_parallel_v1_r2_mu010,R2,patchy_high,64,5,eval_mean_mean_reserve_welfare,0.8356523176323412
ecology_perception_parallel_v1_r2_mu010,R2,patchy_high,64,5,final_wealth_gini,0.43936705448374447
ecology_perception_parallel_v1_r2_mu010,R2,split_high_low,64,5,eval_mean_mean_resource_fraction,0.09152844592453145
ecology_perception_parallel_v1_r2_mu010,R2,split_high_low,64,5,eval_mean_mean_reserve_welfare,0.6112395195056092
ecology_perception_parallel_v1_r2_mu010,R2,split_high_low,64,5,final_wealth_gini,0.6146225838926447
ecology_perception_parallel_v1_r2_mu010,R2,uniform_high,64,6,eval_mean_mean_resource_fraction,0.17088274328928055
ecology_perception_parallel_v1_r2_mu010,R2,uniform_high,64,6,eval_mean_mean_reserve_welfare,0.8318949947467258
ecology_perception_parallel_v1_r2_mu010,R2,uniform_high,64,6,final_wealth_gini,0.44196924219106126
ecology_perception_parallel_v1_r2_mu010,R2,patchy_high,64,6,eval_mean_mean_resource_fraction,0.1142157492841892
ecology_perception_parallel_v1_r2_mu010,R2,patchy_high,64,6,eval_mean_mean_reserve_welfare,0.7277002900626569
ecology_perception_parallel_v1_r2_mu010,R2,patchy_high,64,6,final_wealth_gini,0.4719792530171356
ecology_perception_parallel_v1_r2_mu010,R2,split_high_low,64,6,eval_mean_mean_resource_fraction,0.1619382309422084
ecology_perception_parallel_v1_r2_mu010,R2,split_high_low,64,6,eval_mean_mean_reserve_welfare,0.7469018203177572
ecology_perception_parallel_v1_r2_mu010,R2,split_high_low,64,6,final_wealth_gini,0.5281331834331973
ecology_perception_parallel_v1_r2_mu010,R2,uniform_high,64,7,eval_mean_mean_resource_fraction,0.13923436360603844
ecology_perception_parallel_v1_r2_mu010,R2,uniform_high,64,7,eval_mean_mean_reserve_welfare,0.8701318911526512
ecology_perception_parallel_v1_r2_mu010,R2,uniform_high,64,7,final_wealth_gini,0.4300938650048154
ecology_perception_parallel_v1_r2_mu010,R2,patchy_high,64,7,eval_mean_mean_resource_fraction,0.08468218792693359
ecology_perception_parallel_v1_r2_mu010,R2,patchy_high,64,7,eval_mean_mean_reserve_welfare,0.7677905454225017
ecology_perception_parallel_v1_r2_mu010,R2,patchy_high,64,7,final_wealth_gini,0.423568495066849
ecology_perception_parallel_v1_r2_mu010,R2,split_high_low,64,7,eval_mean_mean_resource_fraction,0.14309306659573623
ecology_perception_parallel_v1_r2_mu010,R2,split_high_low,64,7,eval_mean_mean_reserve_welfare,0.6532420623928711
ecology_perception_parallel_v1_r2_mu010,R2,split_high_low,64,7,final_wealth_gini,0.6338285733763751
ecology_perception_parallel_v1_r2_mu010,R2,uniform_high,64,8,eval_mean_mean_resource_fraction,0.15511442258296926
ecology_perception_parallel_v1_r2_mu010,R2,uniform_high,64,8,eval_mean_mean_reserve_welfare,0.6919994416088943
ecology_perception_parallel_v1_r2_mu010,R2,uniform_high,64,8,final_wealth_gini,0.579723313979025
ecology_perception_parallel_v1_r2_mu010,R2,patchy_high,64,8,eval_mean_mean_resource_fraction,0.1610964737531654
ecology_perception_parallel_v1_r2_mu010,R2,patchy_high,64,8,eval_mean_mean_reserve_welfare,0.6930478757116914
ecology_perception_parallel_v1_r2_mu010,R2,patchy_high,64,8,final_wealth_gini,0.565765512217546
ecology_perception_parallel_v1_r2_mu010,R2,split_high_low,64,8,eval_mean_mean_resource_fraction,0.12066427967570881
ecology_perception_parallel_v1_r2_mu010,R2,split_high_low,64,8,eval_mean_mean_reserve_welfare,0.6995281464959633
ecology_perception_parallel_v1_r2_mu010,R2,split_high_low,64,8,final_wealth_gini,0.5726425820406531
ecology_perception_parallel_v1_r2_mu010,R2,uniform_high,64,9,eval_mean_mean_resource_fraction,0.14681833517015988
ecology_perception_parallel_v1_r2_mu010,R2,uniform_high,64,9,eval_mean_mean_reserve_welfare,0.7818515597080957
ecology_perception_parallel_v1_r2_mu010,R2,uniform_high,64,9,final_wealth_gini,0.473317723231387
ecology_perception_parallel_v1_r2_mu010,R2,patchy_high,64,9,eval_mean_mean_resource_fraction,0.12571586031369228
ecology_perception_parallel_v1_r2_mu010,R2,patchy_high,64,9,eval_mean_mean_reserve_welfare,0.7471951793041908
ecology_perception_parallel_v1_r2_mu010,R2,patchy_high,64,9,final_wealth_gini,0.4562898185558457
ecology_perception_parallel_v1_r2_mu010,R2,split_high_low,64,9,eval_mean_mean_resource_fraction,0.1311905048783815
ecology_perception_parallel_v1_r2_mu010,R2,split_high_low,64,9,eval_mean_mean_reserve_welfare,0.6104861436854536
ecology_perception_parallel_v1_r2_mu010,R2,split_high_low,64,9,final_wealth_gini,0.6525353080420793
ecology_perception_parallel_v1_r2_mu010,R2,uniform_high,64,10,eval_mean_mean_resource_fraction,0.0991664534165219
ecology_perception_parallel_v1_r2_mu010,R2,uniform_high,64,10,eval_mean_mean_reserve_welfare,0.7714365429206842
ecology_perception_parallel_v1_r2_mu010,R2,uniform_high,64,10,final_wealth_gini,0.42743804061067237
ecology_perception_parallel_v1_r2_mu010,R2,patchy_high,64,10,eval_mean_mean_resource_fraction,0.12988380786894319
ecology_perception_parallel_v1_r2_mu010,R2,patchy_high,64,10,eval_mean_mean_reserve_welfare,0.833670646725283
ecology_perception_parallel_v1_r2_mu010,R2,patchy_high,64,10,final_wealth_gini,0.4310615074686144
ecology_perception_parallel_v1_r2_mu010,R2,split_high_low,64,10,eval_mean_mean_resource_fraction,0.11786459472569963
ecology_perception_parallel_v1_r2_mu010,R2,split_high_low,64,10,eval_mean_mean_reserve_welfare,0.633241149921136
ecology_perception_parallel_v1_r2_mu010,R2,split_high_low,64,10,final_wealth_gini,0.5996727168348286
ecology_perception_parallel_v1_r2_mu010,R2,uniform_high,64,11,eval_mean_mean_resource_fraction,0.1024036780669723
ecology_perception_parallel_v1_r2_mu010,R2,uniform_high,64,11,eval_mean_mean_reserve_welfare,0.6738104257689791
ecology_perception_parallel_v1_r2_mu010,R2,uniform_high,64,11,final_wealth_gini,0.5222808267428085
ecology_perception_parallel_v1_r2_mu010,R2,patchy_high,64,11,eval_mean_mean_resource_fraction,0.13821666616325082
ecology_perception_parallel_v1_r2_mu010,R2,patchy_high,64,11,eval_mean_mean_reserve_welfare,0.7056974938253866
ecology_perception_parallel_v1_r2_mu010,R2,patchy_high,64,11,final_wealth_gini,0.5348232249868476
ecology_perception_parallel_v1_r2_mu010,R2,split_high_low,64,11,eval_mean_mean_resource_fraction,0.07188852191020366
ecology_perception_parallel_v1_r2_mu010,R2,split_high_low,64,11,eval_mean_mean_reserve_welfare,0.5271472478373271
ecology_perception_parallel_v1_r2_mu010,R2,split_high_low,64,11,final_wealth_gini,0.592567069953732
ecology_perception_parallel_v1_r2_mu010,R2,uniform_high,64,12,eval_mean_mean_resource_fraction,0.11009586781013714
ecology_perception_parallel_v1_r2_mu010,R2,uniform_high,64,12,eval_mean_mean_reserve_welfare,0.813127839465833
ecology_perception_parallel_v1_r2_mu010,R2,uniform_high,64,12,final_wealth_gini,0.4162068443752369
ecology_perception_parallel_v1_r2_mu010,R2,patchy_high,64,12,eval_mean_mean_resource_fraction,0.0883803618663344
ecology_perception_parallel_v1_r2_mu010,R2,patchy_high,64,12,eval_mean_mean_reserve_welfare,0.6831952051288577
ecology_perception_parallel_v1_r2_mu010,R2,patchy_high,64,12,final_wealth_gini,0.4855624797965641
ecology_perception_parallel_v1_r2_mu010,R2,split_high_low,64,12,eval_mean_mean_resource_fraction,0.17722599622329466
ecology_perception_parallel_v1_r2_mu010,R2,split_high_low,64,12,eval_mean_mean_reserve_welfare,0.602562062620295
ecology_perception_parallel_v1_r2_mu010,R2,split_high_low,64,12,final_wealth_gini,0.6937454381498527
ecology_perception_parallel_v1_r2_mu010,R2,uniform_high,64,13,eval_mean_mean_resource_fraction,0.09244002723767375
ecology_perception_parallel_v1_r2_mu010,R2,uniform_high,64,13,eval_mean_mean_reserve_welfare,0.6793398954397725
ecology_perception_parallel_v1_r2_mu010,R2,uniform_high,64,13,final_wealth_gini,0.5009063474851521
ecology_perception_parallel_v1_r2_mu010,R2,patchy_high,64,13,eval_mean_mean_resource_fraction,0.09849255075481486
ecology_perception_parallel_v1_r2_mu010,R2,patchy_high,64,13,eval_mean_mean_reserve_welfare,0.6410233541417838
ecology_perception_parallel_v1_r2_mu010,R2,patchy_high,64,13,final_wealth_gini,0.5197184046883898
ecology_perception_parallel_v1_r2_mu010,R2,split_high_low,64,13,eval_mean_mean_resource_fraction,0.1535163601181669
ecology_perception_parallel_v1_r2_mu010,R2,split_high_low,64,13,eval_mean_mean_reserve_welfare,0.6408925526411772
ecology_perception_parallel_v1_r2_mu010,R2,split_high_low,64,13,final_wealth_gini,0.6732854505449783
ecology_perception_parallel_v1_r2_mu010,R2,uniform_high,64,14,eval_mean_mean_resource_fraction,0.08781347489102476
ecology_perception_parallel_v1_r2_mu010,R2,uniform_high,64,14,eval_mean_mean_reserve_welfare,0.7296311079062558
ecology_perception_parallel_v1_r2_mu010,R2,uniform_high,64,14,final_wealth_gini,0.44545714033891426
ecology_perception_parallel_v1_r2_mu010,R2,patchy_high,64,14,eval_mean_mean_resource_fraction,0.07332010167970045
ecology_perception_parallel_v1_r2_mu010,R2,patchy_high,64,14,eval_mean_mean_reserve_welfare,0.7170226210837999
ecology_perception_parallel_v1_r2_mu010,R2,patchy_high,64,14,final_wealth_gini,0.3853261116275537
ecology_perception_parallel_v1_r2_mu010,R2,split_high_low,64,14,eval_mean_mean_resource_fraction,0.1351887816152771
ecology_perception_parallel_v1_r2_mu010,R2,split_high_low,64,14,eval_mean_mean_reserve_welfare,0.6120256011958692
ecology_perception_parallel_v1_r2_mu010,R2,split_high_low,64,14,final_wealth_gini,0.6621512835325234
ecology_perception_parallel_v1_r2_mu010,R2,uniform_high,64,15,eval_mean_mean_resource_fraction,0.1358699068257587
ecology_perception_parallel_v1_r2_mu010,R2,uniform_high,64,15,eval_mean_mean_reserve_welfare,0.7745220800078949
ecology_perception_parallel_v1_r2_mu010,R2,uniform_high,64,15,final_wealth_gini,0.4474196324597983
ecology_perception_parallel_v1_r2_mu010,R2,patchy_high,64,15,eval_mean_mean_resource_fraction,0.1421232846390282
ecology_perception_parallel_v1_r2_mu010,R2,patchy_high,64,15,eval_mean_mean_reserve_welfare,0.8228870295527333
ecology_perception_parallel_v1_r2_mu010,R2,patchy_high,64,15,final_wealth_gini,0.43091119037243586
ecology_perception_parallel_v1_r2_mu010,R2,split_high_low,64,15,eval_mean_mean_resource_fraction,0.14183094607283067
ecology_perception_parallel_v1_r2_mu010,R2,split_high_low,64,15,eval_mean_mean_reserve_welfare,0.7287330387619391
ecology_perception_parallel_v1_r2_mu010,R2,split_high_low,64,15,final_wealth_gini,0.5887269515989377
ecology_perception_parallel_v1_r2_mu010,R2,uniform_high,64,16,eval_mean_mean_resource_fraction,0.1142423103954184
ecology_perception_parallel_v1_r2_mu010,R2,uniform_high,64,16,eval_mean_mean_reserve_welfare,0.7609917907613454
ecology_perception_parallel_v1_r2_mu010,R2,uniform_high,64,16,final_wealth_gini,0.4294858654727627
ecology_perception_parallel_v1_r2_mu010,R2,patchy_high,64,16,eval_mean_mean_resource_fraction,0.13199391888986287
ecology_perception_parallel_v1_r2_mu010,R2,patchy_high,64,16,eval_mean_mean_reserve_welfare,0.7294306276447757
ecology_perception_parallel_v1_r2_mu010,R2,patchy_high,64,16,final_wealth_gini,0.48967131694028154
ecology_perception_parallel_v1_r2_mu010,R2,split_high_low,64,16,eval_mean_mean_resource_fraction,0.11334449751946396
ecology_perception_parallel_v1_r2_mu010,R2,split_high_low,64,16,eval_mean_mean_reserve_welfare,0.6659595791577495
ecology_perception_parallel_v1_r2_mu010,R2,split_high_low,64,16,final_wealth_gini,0.6132531115064197
ecology_perception_parallel_v1_r2_mu010,R2,uniform_high,64,17,eval_mean_mean_resource_fraction,0.13002155274862917
ecology_perception_parallel_v1_r2_mu010,R2,uniform_high,64,17,eval_mean_mean_reserve_welfare,0.7193866366412605
ecology_perception_parallel_v1_r2_mu010,R2,uniform_high,64,17,final_wealth_gini,0.49791227775614977
ecology_perception_parallel_v1_r2_mu010,R2,patchy_high,64,17,eval_mean_mean_resource_fraction,0.13325992826073932
ecology_perception_parallel_v1_r2_mu010,R2,patchy_high,64,17,eval_mean_mean_reserve_welfare,0.7147979531651584
ecology_perception_parallel_v1_r2_mu010,R2,patchy_high,64,17,final_wealth_gini,0.5179460762698775
ecology_perception_parallel_v1_r2_mu010,R2,split_high_low,64,17,eval_mean_mean_resource_fraction,0.12347216399782882
ecology_perception_parallel_v1_r2_mu010,R2,split_high_low,64,17,eval_mean_mean_reserve_welfare,0.5347519877544651
ecology_perception_parallel_v1_r2_mu010,R2,split_high_low,64,17,final_wealth_gini,0.7072644664634666
ecology_perception_parallel_v1_r2_mu010,R2,uniform_high,64,18,eval_mean_mean_resource_fraction,0.1207042904586853
ecology_perception_parallel_v1_r2_mu010,R2,uniform_high,64,18,eval_mean_mean_reserve_welfare,0.8669461325863154
ecology_perception_parallel_v1_r2_mu010,R2,uniform_high,64,18,final_wealth_gini,0.35514682213409565
ecology_perception_parallel_v1_r2_mu010,R2,patchy_high,64,18,eval_mean_mean_resource_fraction,0.14062775983809747
ecology_perception_parallel_v1_r2_mu010,R2,patchy_high,64,18,eval_mean_mean_reserve_welfare,0.84794451573302
ecology_perception_parallel_v1_r2_mu010,R2,patchy_high,64,18,final_wealth_gini,0.3901309794467114
ecology_perception_parallel_v1_r2_mu010,R2,split_high_low,64,18,eval_mean_mean_resource_fraction,0.09999256871443407
ecology_perception_parallel_v1_r2_mu010,R2,split_high_low,64,18,eval_mean_mean_reserve_welfare,0.6480362276864321
ecology_perception_parallel_v1_r2_mu010,R2,split_high_low,64,18,final_wealth_gini,0.5960884597750018
ecology_perception_parallel_v1_r2_mu010,R2,uniform_high,64,19,eval_mean_mean_resource_fraction,0.1097408797727668
ecology_perception_parallel_v1_r2_mu010,R2,uniform_high,64,19,eval_mean_mean_reserve_welfare,0.8550093309046533
ecology_perception_parallel_v1_r2_mu010,R2,uniform_high,64,19,final_wealth_gini,0.35110865524208057
ecology_perception_parallel_v1_r2_mu010,R2,patchy_high,64,19,eval_mean_mean_resource_fraction,0.10706903406224774
ecology_perception_parallel_v1_r2_mu010,R2,patchy_high,64,19,eval_mean_mean_reserve_welfare,0.7973743223540053
ecology_perception_parallel_v1_r2_mu010,R2,patchy_high,64,19,final_wealth_gini,0.3822875559384189
ecology_perception_parallel_v1_r2_mu010,R2,split_high_low,64,19,eval_mean_mean_resource_fraction,0.09630424296007142
ecology_perception_parallel_v1_r2_mu010,R2,split_high_low,64,19,eval_mean_mean_reserve_welfare,0.664756039199125
ecology_perception_parallel_v1_r2_mu010,R2,split_high_low,64,19,final_wealth_gini,0.596257182513124
ecology_perception_parallel_v1_r2_mu010,R2,uniform_high,64,20,eval_mean_mean_resource_fraction,0.09302064786748764
ecology_perception_parallel_v1_r2_mu010,R2,uniform_high,64,20,eval_mean_mean_reserve_welfare,0.7083508099748679
ecology_perception_parallel_v1_r2_mu010,R2,uniform_high,64,20,final_wealth_gini,0.4770073739242342
ecology_perception_parallel_v1_r2_mu010,R2,patchy_high,64,20,eval_mean_mean_resource_fraction,0.0940124091998369
ecology_perception_parallel_v1_r2_mu010,R2,patchy_high,64,20,eval_mean_mean_reserve_welfare,0.705150063254928
ecology_perception_parallel_v1_r2_mu010,R2,patchy_high,64,20,final_wealth_gini,0.48652043734367867
ecology_perception_parallel_v1_r2_mu010,R2,split_high_low,64,20,eval_mean_mean_resource_fraction,0.1327829446195299
ecology_perception_parallel_v1_r2_mu010,R2,split_high_low,64,20,eval_mean_mean_reserve_welfare,0.6097556664669177
ecology_perception_parallel_v1_r2_mu010,R2,split_high_low,64,20,final_wealth_gini,0.6523932976978253
ecology_perception_parallel_v1_r2_mu010,R2,uniform_high,64,21,eval_mean_mean_resource_fraction,0.08325578040791182
ecology_perception_parallel_v1_r2_mu010,R2,uniform_high,64,21,eval_mean_mean_reserve_welfare,0.7063229349768801
ecology_perception_parallel_v1_r2_mu010,R2,uniform_high,64,21,final_wealth_gini,0.41610787032038354
ecology_perception_parallel_v1_r2_mu010,R2,patchy_high,64,21,eval_mean_mean_resource_fraction,0.07295760719143811
ecology_perception_parallel_v1_r2_mu010,R2,patchy_high,64,21,eval_mean_mean_reserve_welfare,0.6397575279874773
ecology_perception_parallel_v1_r2_mu010,R2,patchy_high,64,21,final_wealth_gini,0.4910010332880508
ecology_perception_parallel_v1_r2_mu010,R2,split_high_low,64,21,eval_mean_mean_resource_fraction,0.11795003058708468
ecology_perception_parallel_v1_r2_mu010,R2,split_high_low,64,21,eval_mean_mean_reserve_welfare,0.6732542358076946
ecology_perception_parallel_v1_r2_mu010,R2,split_high_low,64,21,final_wealth_gini,0.6185249318638482
ecology_perception_parallel_v1_r2_mu010,R2,uniform_high,64,22,eval_mean_mean_resource_fraction,0.08658647263329698
ecology_perception_parallel_v1_r2_mu010,R2,uniform_high,64,22,eval_mean_mean_reserve_welfare,0.7661910166749907
ecology_perception_parallel_v1_r2_mu010,R2,uniform_high,64,22,final_wealth_gini,0.3671729208553598
ecology_perception_parallel_v1_r2_mu010,R2,patchy_high,64,22,eval_mean_mean_resource_fraction,0.08682772355050301
ecology_perception_parallel_v1_r2_mu010,R2,patchy_high,64,22,eval_mean_mean_reserve_welfare,0.7372501895256875
ecology_perception_parallel_v1_r2_mu010,R2,patchy_high,64,22,final_wealth_gini,0.4134289643500877
ecology_perception_parallel_v1_r2_mu010,R2,split_high_low,64,22,eval_mean_mean_resource_fraction,0.11115741791238092
ecology_perception_parallel_v1_r2_mu010,R2,split_high_low,64,22,eval_mean_mean_reserve_welfare,0.6726748050918115
ecology_perception_parallel_v1_r2_mu010,R2,split_high_low,64,22,final_wealth_gini,0.6192527515950101
ecology_perception_parallel_v1_r2_mu010,R2,uniform_high,64,23,eval_mean_mean_resource_fraction,0.1504373680163736
ecology_perception_parallel_v1_r2_mu010,R2,uniform_high,64,23,eval_mean_mean_reserve_welfare,0.8430595879874563
ecology_perception_parallel_v1_r2_mu010,R2,uniform_high,64,23,final_wealth_gini,0.440047313882433
ecology_perception_parallel_v1_r2_mu010,R2,patchy_high,64,23,eval_mean_mean_resource_fraction,0.1359306140059752
ecology_perception_parallel_v1_r2_mu010,R2,patchy_high,64,23,eval_mean_mean_reserve_welfare,0.8140471030535218
ecology_perception_parallel_v1_r2_mu010,R2,patchy_high,64,23,final_wealth_gini,0.44210987921763056
ecology_perception_parallel_v1_r2_mu010,R2,split_high_low,64,23,eval_mean_mean_resource_fraction,0.12702728600733967
ecology_perception_parallel_v1_r2_mu010,R2,split_high_low,64,23,eval_mean_mean_reserve_welfare,0.6638863277502233
ecology_perception_parallel_v1_r2_mu010,R2,split_high_low,64,23,final_wealth_gini,0.6067156918886312
ecology_perception_parallel_v1_r2_mu010,R2,uniform_high,64,24,eval_mean_mean_resource_fraction,0.08279769917943905
ecology_perception_parallel_v1_r2_mu010,R2,uniform_high,64,24,eval_mean_mean_reserve_welfare,0.7565218306938197
ecology_perception_parallel_v1_r2_mu010,R2,uniform_high,64,24,final_wealth_gini,0.39648293168734816
ecology_perception_parallel_v1_r2_mu010,R2,patchy_high,64,24,eval_mean_mean_resource_fraction,0.09312642056625042
ecology_perception_parallel_v1_r2_mu010,R2,patchy_high,64,24,eval_mean_mean_reserve_welfare,0.7756510013263984
ecology_perception_parallel_v1_r2_mu010,R2,patchy_high,64,24,final_wealth_gini,0.4234189365389016
ecology_perception_parallel_v1_r2_mu010,R2,split_high_low,64,24,eval_mean_mean_resource_fraction,0.16920518841908555
ecology_perception_parallel_v1_r2_mu010,R2,split_high_low,64,24,eval_mean_mean_reserve_welfare,0.7455566840519801
ecology_perception_parallel_v1_r2_mu010,R2,split_high_low,64,24,final_wealth_gini,0.5473026773666383
ecology_perception_parallel_v1_r2_mu010,R2,uniform_high,64,25,eval_mean_mean_resource_fraction,0.10877612129146268
ecology_perception_parallel_v1_r2_mu010,R2,uniform_high,64,25,eval_mean_mean_reserve_welfare,0.7828422970531964
ecology_perception_parallel_v1_r2_mu010,R2,uniform_high,64,25,final_wealth_gini,0.41476531530394123
ecology_perception_parallel_v1_r2_mu010,R2,patchy_high,64,25,eval_mean_mean_resource_fraction,0.12803134743549852
ecology_perception_parallel_v1_r2_mu010,R2,patchy_high,64,25,eval_mean_mean_reserve_welfare,0.734932501459075
ecology_perception_parallel_v1_r2_mu010,R2,patchy_high,64,25,final_wealth_gini,0.4483101953203288
ecology_perception_parallel_v1_r2_mu010,R2,split_high_low,64,25,eval_mean_mean_resource_fraction,0.11438355998972327
ecology_perception_parallel_v1_r2_mu010,R2,split_high_low,64,25,eval_mean_mean_reserve_welfare,0.6375811087757527
ecology_perception_parallel_v1_r2_mu010,R2,split_high_low,64,25,final_wealth_gini,0.6347813201313275
ecology_perception_parallel_v1_r2_mu010,R2,uniform_high,64,26,eval_mean_mean_resource_fraction,0.11692786292213103
ecology_perception_parallel_v1_r2_mu010,R2,uniform_high,64,26,eval_mean_mean_reserve_welfare,0.815411946143485
ecology_perception_parallel_v1_r2_mu010,R2,uniform_high,64,26,final_wealth_gini,0.4317698080509429
ecology_perception_parallel_v1_r2_mu010,R2,patchy_high,64,26,eval_mean_mean_resource_fraction,0.07909556967776359
ecology_perception_parallel_v1_r2_mu010,R2,patchy_high,64,26,eval_mean_mean_reserve_welfare,0.6878371640020877
ecology_perception_parallel_v1_r2_mu010,R2,patchy_high,64,26,final_wealth_gini,0.4430770674829023
ecology_perception_parallel_v1_r2_mu010,R2,split_high_low,64,26,eval_mean_mean_resource_fraction,0.14387103575550508
ecology_perception_parallel_v1_r2_mu010,R2,split_high_low,64,26,eval_mean_mean_reserve_welfare,0.7743980527432136
ecology_perception_parallel_v1_r2_mu010,R2,split_high_low,64,26,final_wealth_gini,0.5598967498535623
ecology_perception_parallel_v1_r2_mu010,R2,uniform_high,64,27,eval_mean_mean_resource_fraction,0.10221670894258694
ecology_perception_parallel_v1_r2_mu010,R2,uniform_high,64,27,eval_mean_mean_reserve_welfare,0.7686894344062652
ecology_perception_parallel_v1_r2_mu010,R2,uniform_high,64,27,final_wealth_gini,0.40219397699561266
ecology_perception_parallel_v1_r2_mu010,R2,patchy_high,64,27,eval_mean_mean_resource_fraction,0.1109185118961968
ecology_perception_parallel_v1_r2_mu010,R2,patchy_high,64,27,eval_mean_mean_reserve_welfare,0.811155887292108
ecology_perception_parallel_v1_r2_mu010,R2,patchy_high,64,27,final_wealth_gini,0.4091661902392818
ecology_perception_parallel_v1_r2_mu010,R2,split_high_low,64,27,eval_mean_mean_resource_fraction,0.10038679416361501
ecology_perception_parallel_v1_r2_mu010,R2,split_high_low,64,27,eval_mean_mean_reserve_welfare,0.6362582023209257
ecology_perception_parallel_v1_r2_mu010,R2,split_high_low,64,27,final_wealth_gini,0.6168446457359049
ecology_perception_parallel_v1_r2_mu010,R2,uniform_high,64,28,eval_mean_mean_resource_fraction,0.10932156363404923
ecology_perception_parallel_v1_r2_mu010,R2,uniform_high,64,28,eval_mean_mean_reserve_welfare,0.8035703095264928
ecology_perception_parallel_v1_r2_mu010,R2,uniform_high,64,28,final_wealth_gini,0.4317461412093855
ecology_perception_parallel_v1_r2_mu010,R2,patchy_high,64,28,eval_mean_mean_resource_fraction,0.1101007826083908
ecology_perception_parallel_v1_r2_mu010,R2,patchy_high,64,28,eval_mean_mean_reserve_welfare,0.8035298634071377
ecology_perception_parallel_v1_r2_mu010,R2,patchy_high,64,28,final_wealth_gini,0.4532076186864167
ecology_perception_parallel_v1_r2_mu010,R2,split_high_low,64,28,eval_mean_mean_resource_fraction,0.21069340817036356
ecology_perception_parallel_v1_r2_mu010,R2,split_high_low,64,28,eval_mean_mean_reserve_welfare,0.6535399951109714
ecology_perception_parallel_v1_r2_mu010,R2,split_high_low,64,28,final_wealth_gini,0.6755404793202957
ecology_perception_parallel_v1_r2_mu010,R2,uniform_high,64,29,eval_mean_mean_resource_fraction,0.13040680849002928
ecology_perception_parallel_v1_r2_mu010,R2,uniform_high,64,29,eval_mean_mean_reserve_welfare,0.7398624912338585
ecology_perception_parallel_v1_r2_mu010,R2,uniform_high,64,29,final_wealth_gini,0.44600461350932563
ecology_perception_parallel_v1_r2_mu010,R2,patchy_high,64,29,eval_mean_mean_resource_fraction,0.13543690170870573
ecology_perception_parallel_v1_r2_mu010,R2,patchy_high,64,29,eval_mean_mean_reserve_welfare,0.7575368892194764
ecology_perception_parallel_v1_r2_mu010,R2,patchy_high,64,29,final_wealth_gini,0.4268226528181325
ecology_perception_parallel_v1_r2_mu010,R2,split_high_low,64,29,eval_mean_mean_resource_fraction,0.14495285513039688
ecology_perception_parallel_v1_r2_mu010,R2,split_high_low,64,29,eval_mean_mean_reserve_welfare,0.7172865048324731
ecology_perception_parallel_v1_r2_mu010,R2,split_high_low,64,29,final_wealth_gini,0.5861960068109944
ecology_perception_parallel_v1_r2_mu010,R2,uniform_high,64,30,eval_mean_mean_resource_fraction,0.08872617805177606
ecology_perception_parallel_v1_r2_mu010,R2,uniform_high,64,30,eval_mean_mean_reserve_welfare,0.701311515046305
ecology_perception_parallel_v1_r2_mu010,R2,uniform_high,64,30,final_wealth_gini,0.45729539329099445
ecology_perception_parallel_v1_r2_mu010,R2,patchy_high,64,30,eval_mean_mean_resource_fraction,0.07486980173761543
ecology_perception_parallel_v1_r2_mu010,R2,patchy_high,64,30,eval_mean_mean_reserve_welfare,0.6019744061602296
ecology_perception_parallel_v1_r2_mu010,R2,patchy_high,64,30,final_wealth_gini,0.4727215078793223
ecology_perception_parallel_v1_r2_mu010,R2,split_high_low,64,30,eval_mean_mean_resource_fraction,0.09439686603125708
ecology_perception_parallel_v1_r2_mu010,R2,split_high_low,64,30,eval_mean_mean_reserve_welfare,0.6841048716873357
ecology_perception_parallel_v1_r2_mu010,R2,split_high_low,64,30,final_wealth_gini,0.57582224266803
ecology_perception_parallel_v1_r2_mu010,R2,uniform_high,64,31,eval_mean_mean_resource_fraction,0.14591654602786394
ecology_perception_parallel_v1_r2_mu010,R2,uniform_high,64,31,eval_mean_mean_reserve_welfare,0.8592534313795943
ecology_perception_parallel_v1_r2_mu010,R2,uniform_high,64,31,final_wealth_gini,0.4043072711750306
ecology_perception_parallel_v1_r2_mu010,R2,patchy_high,64,31,eval_mean_mean_resource_fraction,0.06327824511547966
ecology_perception_parallel_v1_r2_mu010,R2,patchy_high,64,31,eval_mean_mean_reserve_welfare,0.5657061565434812
ecology_perception_parallel_v1_r2_mu010,R2,patchy_high,64,31,final_wealth_gini,0.4030896966024857
ecology_perception_parallel_v1_r2_mu010,R2,split_high_low,64,31,eval_mean_mean_resource_fraction,0.09644585485268187
ecology_perception_parallel_v1_r2_mu010,R2,split_high_low,64,31,eval_mean_mean_reserve_welfare,0.7163617215302647
ecology_perception_parallel_v1_r2_mu010,R2,split_high_low,64,31,final_wealth_gini,0.575326804115436
ecology_perception_parallel_v1_r2_mu010,R2,uniform_high,64,32,eval_mean_mean_resource_fraction,0.13139503791660165
ecology_perception_parallel_v1_r2_mu010,R2,uniform_high,64,32,eval_mean_mean_reserve_welfare,0.8276819580209376
ecology_perception_parallel_v1_r2_mu010,R2,uniform_high,64,32,final_wealth_gini,0.3889690063896334
ecology_perception_parallel_v1_r2_mu010,R2,patchy_high,64,32,eval_mean_mean_resource_fraction,0.11998669838842203
ecology_perception_parallel_v1_r2_mu010,R2,patchy_high,64,32,eval_mean_mean_reserve_welfare,0.7457129228103588
ecology_perception_parallel_v1_r2_mu010,R2,patchy_high,64,32,final_wealth_gini,0.46183446377712634
ecology_perception_parallel_v1_r2_mu010,R2,split_high_low,64,32,eval_mean_mean_resource_fraction,0.17181767115891047
ecology_perception_parallel_v1_r2_mu010,R2,split_high_low,64,32,eval_mean_mean_reserve_welfare,0.6494735903880375
ecology_perception_parallel_v1_r2_mu010,R2,split_high_low,64,32,final_wealth_gini,0.6417493388188111
ecology_perception_parallel_v1_r2_mu010,R2,uniform_high,64,33,eval_mean_mean_resource_fraction,0.10654188466592192
ecology_perception_parallel_v1_r2_mu010,R2,uniform_high,64,33,eval_mean_mean_reserve_welfare,0.7513951223713478
ecology_perception_parallel_v1_r2_mu010,R2,uniform_high,64,33,final_wealth_gini,0.4417125290450543
ecology_perception_parallel_v1_r2_mu010,R2,patchy_high,64,33,eval_mean_mean_resource_fraction,0.11767587691174941
ecology_perception_parallel_v1_r2_mu010,R2,patchy_high,64,33,eval_mean_mean_reserve_welfare,0.7761663558111305
ecology_perception_parallel_v1_r2_mu010,R2,patchy_high,64,33,final_wealth_gini,0.4408645428023612
ecology_perception_parallel_v1_r2_mu010,R2,split_high_low,64,33,eval_mean_mean_resource_fraction,0.1622579482129442
ecology_perception_parallel_v1_r2_mu010,R2,split_high_low,64,33,eval_mean_mean_reserve_welfare,0.6464527525424308
ecology_perception_parallel_v1_r2_mu010,R2,split_high_low,64,33,final_wealth_gini,0.6378656310431023
ecology_perception_parallel_v1_r2_mu010,R2,uniform_high,64,34,eval_mean_mean_resource_fraction,0.1650538364016695
ecology_perception_parallel_v1_r2_mu010,R2,uniform_high,64,34,eval_mean_mean_reserve_welfare,0.7860326434310473
ecology_perception_parallel_v1_r2_mu010,R2,uniform_high,64,34,final_wealth_gini,0.48601204241711415
ecology_perception_parallel_v1_r2_mu010,R2,patchy_high,64,34,eval_mean_mean_resource_fraction,0.10986907108911952
ecology_perception_parallel_v1_r2_mu010,R2,patchy_high,64,34,eval_mean_mean_reserve_welfare,0.6950187328174092
ecology_perception_parallel_v1_r2_mu010,R2,patchy_high,64,34,final_wealth_gini,0.5305655956550732
ecology_perception_parallel_v1_r2_mu010,R2,split_high_low,64,34,eval_mean_mean_resource_fraction,0.12695308002618397
ecology_perception_parallel_v1_r2_mu010,R2,split_high_low,64,34,eval_mean_mean_reserve_welfare,0.7142837965213261
ecology_perception_parallel_v1_r2_mu010,R2,split_high_low,64,34,final_wealth_gini,0.5896781592878728
ecology_perception_parallel_v1_r2_mu010,R2,uniform_high,64,35,eval_mean_mean_resource_fraction,0.10391355252977584
ecology_perception_parallel_v1_r2_mu010,R2,uniform_high,64,35,eval_mean_mean_reserve_welfare,0.7220285915887097
ecology_perception_parallel_v1_r2_mu010,R2,uniform_high,64,35,final_wealth_gini,0.5028991053282694
ecology_perception_parallel_v1_r2_mu010,R2,patchy_high,64,35,eval_mean_mean_resource_fraction,0.10295751729120235
ecology_perception_parallel_v1_r2_mu010,R2,patchy_high,64,35,eval_mean_mean_reserve_welfare,0.7237957691603676
ecology_perception_parallel_v1_r2_mu010,R2,patchy_high,64,35,final_wealth_gini,0.4811560222240525
ecology_perception_parallel_v1_r2_mu010,R2,split_high_low,64,35,eval_mean_mean_resource_fraction,0.14960384649268776
ecology_perception_parallel_v1_r2_mu010,R2,split_high_low,64,35,eval_mean_mean_reserve_welfare,0.6249042464269023
ecology_perception_parallel_v1_r2_mu010,R2,split_high_low,64,35,final_wealth_gini,0.6357392378311815
ecology_perception_parallel_v1_r2_mu010,R2,uniform_high,64,36,eval_mean_mean_resource_fraction,0.10590018423625998
ecology_perception_parallel_v1_r2_mu010,R2,uniform_high,64,36,eval_mean_mean_reserve_welfare,0.7557684887371254
ecology_perception_parallel_v1_r2_mu010,R2,uniform_high,64,36,final_wealth_gini,0.4222295194789847
ecology_perception_parallel_v1_r2_mu010,R2,patchy_high,64,36,eval_mean_mean_resource_fraction,0.15278829561570403
ecology_perception_parallel_v1_r2_mu010,R2,patchy_high,64,36,eval_mean_mean_reserve_welfare,0.8417819946348846
ecology_perception_parallel_v1_r2_mu010,R2,patchy_high,64,36,final_wealth_gini,0.4148809614353184
ecology_perception_parallel_v1_r2_mu010,R2,split_high_low,64,36,eval_mean_mean_resource_fraction,0.14570563584968604
ecology_perception_parallel_v1_r2_mu010,R2,split_high_low,64,36,eval_mean_mean_reserve_welfare,0.6916642007879007
ecology_perception_parallel_v1_r2_mu010,R2,split_high_low,64,36,final_wealth_gini,0.5976119093542731
ecology_perception_parallel_v1_r2_mu010,R2,uniform_high,64,37,eval_mean_mean_resource_fraction,0.09536493319173009
ecology_perception_parallel_v1_r2_mu010,R2,uniform_high,64,37,eval_mean_mean_reserve_welfare,0.6146170708870182
ecology_perception_parallel_v1_r2_mu010,R2,uniform_high,64,37,final_wealth_gini,0.554231099820593
ecology_perception_parallel_v1_r2_mu010,R2,patchy_high,64,37,eval_mean_mean_resource_fraction,0.13872619281858836
ecology_perception_parallel_v1_r2_mu010,R2,patchy_high,64,37,eval_mean_mean_reserve_welfare,0.8241162635541728
ecology_perception_parallel_v1_r2_mu010,R2,patchy_high,64,37,final_wealth_gini,0.46347259669490826
ecology_perception_parallel_v1_r2_mu010,R2,split_high_low,64,37,eval_mean_mean_resource_fraction,0.09784280497086342
ecology_perception_parallel_v1_r2_mu010,R2,split_high_low,64,37,eval_mean_mean_reserve_welfare,0.6866009814485653
ecology_perception_parallel_v1_r2_mu010,R2,split_high_low,64,37,final_wealth_gini,0.5377369903360449
ecology_perception_parallel_v1_r2_mu010,R2,uniform_high,64,38,eval_mean_mean_resource_fraction,0.12466871681185615
ecology_perception_parallel_v1_r2_mu010,R2,uniform_high,64,38,eval_mean_mean_reserve_welfare,0.9084310465085939
ecology_perception_parallel_v1_r2_mu010,R2,uniform_high,64,38,final_wealth_gini,0.32251224564140446
ecology_perception_parallel_v1_r2_mu010,R2,patchy_high,64,38,eval_mean_mean_resource_fraction,0.10405884508077695
ecology_perception_parallel_v1_r2_mu010,R2,patchy_high,64,38,eval_mean_mean_reserve_welfare,0.8173004002561315
ecology_perception_parallel_v1_r2_mu010,R2,patchy_high,64,38,final_wealth_gini,0.41822966391585203
ecology_perception_parallel_v1_r2_mu010,R2,split_high_low,64,38,eval_mean_mean_resource_fraction,0.12174565535092587
ecology_perception_parallel_v1_r2_mu010,R2,split_high_low,64,38,eval_mean_mean_reserve_welfare,0.7254023387790035
ecology_perception_parallel_v1_r2_mu010,R2,split_high_low,64,38,final_wealth_gini,0.5726172989005041
ecology_perception_parallel_v1_r2_mu010,R2,uniform_high,64,39,eval_mean_mean_resource_fraction,0.06800623981960802
ecology_perception_parallel_v1_r2_mu010,R2,uniform_high,64,39,eval_mean_mean_reserve_welfare,0.6753410418784983
ecology_perception_parallel_v1_r2_mu010,R2,uniform_high,64,39,final_wealth_gini,0.4212974125854525
ecology_perception_parallel_v1_r2_mu010,R2,patchy_high,64,39,eval_mean_mean_resource_fraction,0.09319471360761991
ecology_perception_parallel_v1_r2_mu010,R2,patchy_high,64,39,eval_mean_mean_reserve_welfare,0.7720764663753948
ecology_perception_parallel_v1_r2_mu010,R2,patchy_high,64,39,final_wealth_gini,0.41886434672474904
ecology_perception_parallel_v1_r2_mu010,R2,split_high_low,64,39,eval_mean_mean_resource_fraction,0.09837790402606163
ecology_perception_parallel_v1_r2_mu010,R2,split_high_low,64,39,eval_mean_mean_reserve_welfare,0.6989289473520318
ecology_perception_parallel_v1_r2_mu010,R2,split_high_low,64,39,final_wealth_gini,0.5559042325580228
ecology_perception_parallel_v1_r2_mu010,R2,uniform_high,64,40,eval_mean_mean_resource_fraction,0.1798885903378521
ecology_perception_parallel_v1_r2_mu010,R2,uniform_high,64,40,eval_mean_mean_reserve_welfare,0.8712536327251921
ecology_perception_parallel_v1_r2_mu010,R2,uniform_high,64,40,final_wealth_gini,0.4186002237546833
ecology_perception_parallel_v1_r2_mu010,R2,patchy_high,64,40,eval_mean_mean_resource_fraction,0.09344233789912766
ecology_perception_parallel_v1_r2_mu010,R2,patchy_high,64,40,eval_mean_mean_reserve_welfare,0.6896392969090585
ecology_perception_parallel_v1_r2_mu010,R2,patchy_high,64,40,final_wealth_gini,0.44395118476014583
ecology_perception_parallel_v1_r2_mu010,R2,split_high_low,64,40,eval_mean_mean_resource_fraction,0.09057983045531395
ecology_perception_parallel_v1_r2_mu010,R2,split_high_low,64,40,eval_mean_mean_reserve_welfare,0.6581591745723446
ecology_perception_parallel_v1_r2_mu010,R2,split_high_low,64,40,final_wealth_gini,0.554148314019028
ecology_perception_parallel_v1_r2_mu010,R2,uniform_high,64,41,eval_mean_mean_resource_fraction,0.14177283312232777
ecology_perception_parallel_v1_r2_mu010,R2,uniform_high,64,41,eval_mean_mean_reserve_welfare,0.8124502831053182
ecology_perception_parallel_v1_r2_mu010,R2,uniform_high,64,41,final_wealth_gini,0.4523561008700565
ecology_perception_parallel_v1_r2_mu010,R2,patchy_high,64,41,eval_mean_mean_resource_fraction,0.11610498677553871
ecology_perception_parallel_v1_r2_mu010,R2,patchy_high,64,41,eval_mean_mean_reserve_welfare,0.6659524028637874
ecology_perception_parallel_v1_r2_mu010,R2,patchy_high,64,41,final_wealth_gini,0.5340731220089632
ecology_perception_parallel_v1_r2_mu010,R2,split_high_low,64,41,eval_mean_mean_resource_fraction,0.10968014026320207
ecology_perception_parallel_v1_r2_mu010,R2,split_high_low,64,41,eval_mean_mean_reserve_welfare,0.5786635367653562
ecology_perception_parallel_v1_r2_mu010,R2,split_high_low,64,41,final_wealth_gini,0.6738604949232829
ecology_perception_parallel_v1_r2_mu010,R2,uniform_high,64,42,eval_mean_mean_resource_fraction,0.10597301971401862
ecology_perception_parallel_v1_r2_mu010,R2,uniform_high,64,42,eval_mean_mean_reserve_welfare,0.7360352874931675
ecology_perception_parallel_v1_r2_mu010,R2,uniform_high,64,42,final_wealth_gini,0.4643161405745888
ecology_perception_parallel_v1_r2_mu010,R2,patchy_high,64,42,eval_mean_mean_resource_fraction,0.09747100206603014
ecology_perception_parallel_v1_r2_mu010,R2,patchy_high,64,42,eval_mean_mean_reserve_welfare,0.686898866192682
ecology_perception_parallel_v1_r2_mu010,R2,patchy_high,64,42,final_wealth_gini,0.4742218715519815
ecology_perception_parallel_v1_r2_mu010,R2,split_high_low,64,42,eval_mean_mean_resource_fraction,0.14325099665143745
ecology_perception_parallel_v1_r2_mu010,R2,split_high_low,64,42,eval_mean_mean_reserve_welfare,0.630673623218481
ecology_perception_parallel_v1_r2_mu010,R2,split_high_low,64,42,final_wealth_gini,0.6524906968815369
ecology_perception_parallel_v1_r2_mu010,R2,uniform_high,64,43,eval_mean_mean_resource_fraction,0.13981994053203406
ecology_perception_parallel_v1_r2_mu010,R2,uniform_high,64,43,eval_mean_mean_reserve_welfare,0.8411283991605005
ecology_perception_parallel_v1_r2_mu010,R2,uniform_high,64,43,final_wealth_gini,0.3980898844909111
ecology_perception_parallel_v1_r2_mu010,R2,patchy_high,64,43,eval_mean_mean_resource_fraction,0.16717551876068593
ecology_perception_parallel_v1_r2_mu010,R2,patchy_high,64,43,eval_mean_mean_reserve_welfare,0.9615526217850077
ecology_perception_parallel_v1_r2_mu010,R2,patchy_high,64,43,final_wealth_gini,0.3584951578077209
ecology_perception_parallel_v1_r2_mu010,R2,split_high_low,64,43,eval_mean_mean_resource_fraction,0.09304568069449709
ecology_perception_parallel_v1_r2_mu010,R2,split_high_low,64,43,eval_mean_mean_reserve_welfare,0.6316531898201059
ecology_perception_parallel_v1_r2_mu010,R2,split_high_low,64,43,final_wealth_gini,0.613324808569327
ecology_perception_parallel_v1_r2_mu010,R2,uniform_high,64,44,eval_mean_mean_resource_fraction,0.08751470355881823
ecology_perception_parallel_v1_r2_mu010,R2,uniform_high,64,44,eval_mean_mean_reserve_welfare,0.7235377245632353
ecology_perception_parallel_v1_r2_mu010,R2,uniform_high,64,44,final_wealth_gini,0.4152452097876933
ecology_perception_parallel_v1_r2_mu010,R2,patchy_high,64,44,eval_mean_mean_resource_fraction,0.1041117787930813
ecology_perception_parallel_v1_r2_mu010,R2,patchy_high,64,44,eval_mean_mean_reserve_welfare,0.7068150950904075
ecology_perception_parallel_v1_r2_mu010,R2,patchy_high,64,44,final_wealth_gini,0.46075899900771633
ecology_perception_parallel_v1_r2_mu010,R2,split_high_low,64,44,eval_mean_mean_resource_fraction,0.13703309345831258
ecology_perception_parallel_v1_r2_mu010,R2,split_high_low,64,44,eval_mean_mean_reserve_welfare,0.737821413387249
ecology_perception_parallel_v1_r2_mu010,R2,split_high_low,64,44,final_wealth_gini,0.5703915080696764
ecology_perception_parallel_v1_r2_mu010,R2,uniform_high,64,45,eval_mean_mean_resource_fraction,0.10072891688824319
ecology_perception_parallel_v1_r2_mu010,R2,uniform_high,64,45,eval_mean_mean_reserve_welfare,0.8484016749141099
ecology_perception_parallel_v1_r2_mu010,R2,uniform_high,64,45,final_wealth_gini,0.3874021221470365
ecology_perception_parallel_v1_r2_mu010,R2,patchy_high,64,45,eval_mean_mean_resource_fraction,0.08509000673478556
ecology_perception_parallel_v1_r2_mu010,R2,patchy_high,64,45,eval_mean_mean_reserve_welfare,0.773153889090968
ecology_perception_parallel_v1_r2_mu010,R2,patchy_high,64,45,final_wealth_gini,0.3635108305282153
ecology_perception_parallel_v1_r2_mu010,R2,split_high_low,64,45,eval_mean_mean_resource_fraction,0.11984078820097221
ecology_perception_parallel_v1_r2_mu010,R2,split_high_low,64,45,eval_mean_mean_reserve_welfare,0.6371295316909267
ecology_perception_parallel_v1_r2_mu010,R2,split_high_low,64,45,final_wealth_gini,0.6480919920264661
ecology_perception_parallel_v1_r2_mu010,R2,uniform_high,64,46,eval_mean_mean_resource_fraction,0.15730473072116566
ecology_perception_parallel_v1_r2_mu010,R2,uniform_high,64,46,eval_mean_mean_reserve_welfare,0.8535304353842164
ecology_perception_parallel_v1_r2_mu010,R2,uniform_high,64,46,final_wealth_gini,0.44785118015180214
ecology_perception_parallel_v1_r2_mu010,R2,patchy_high,64,46,eval_mean_mean_resource_fraction,0.1592142244259567
ecology_perception_parallel_v1_r2_mu010,R2,patchy_high,64,46,eval_mean_mean_reserve_welfare,0.8088036912644644
ecology_perception_parallel_v1_r2_mu010,R2,patchy_high,64,46,final_wealth_gini,0.4877630102638728
ecology_perception_parallel_v1_r2_mu010,R2,split_high_low,64,46,eval_mean_mean_resource_fraction,0.10831875514690088
ecology_perception_parallel_v1_r2_mu010,R2,split_high_low,64,46,eval_mean_mean_reserve_welfare,0.6859096042889421
ecology_perception_parallel_v1_r2_mu010,R2,split_high_low,64,46,final_wealth_gini,0.584869194034702
ecology_perception_parallel_v1_r2_mu010,R2,uniform_high,64,47,eval_mean_mean_resource_fraction,0.13337183061261185
ecology_perception_parallel_v1_r2_mu010,R2,uniform_high,64,47,eval_mean_mean_reserve_welfare,0.9064383506089082
ecology_perception_parallel_v1_r2_mu010,R2,uniform_high,64,47,final_wealth_gini,0.31103791672993086
ecology_perception_parallel_v1_r2_mu010,R2,patchy_high,64,47,eval_mean_mean_resource_fraction,0.14157289473710288
ecology_perception_parallel_v1_r2_mu010,R2,patchy_high,64,47,eval_mean_mean_reserve_welfare,0.8883052880416576
ecology_perception_parallel_v1_r2_mu010,R2,patchy_high,64,47,final_wealth_gini,0.4105397422344159
ecology_perception_parallel_v1_r2_mu010,R2,split_high_low,64,47,eval_mean_mean_resource_fraction,0.09167686231247595
ecology_perception_parallel_v1_r2_mu010,R2,split_high_low,64,47,eval_mean_mean_reserve_welfare,0.6744330718263646
ecology_perception_parallel_v1_r2_mu010,R2,split_high_low,64,47,final_wealth_gini,0.5607474620869288
ecology_perception_parallel_v1_r2_mu010,R2,uniform_high,64,48,eval_mean_mean_resource_fraction,0.1114702898891749
ecology_perception_parallel_v1_r2_mu010,R2,uniform_high,64,48,eval_mean_mean_reserve_welfare,0.8468764947726277
ecology_perception_parallel_v1_r2_mu010,R2,uniform_high,64,48,final_wealth_gini,0.3355762646586342
ecology_perception_parallel_v1_r2_mu010,R2,patchy_high,64,48,eval_mean_mean_resource_fraction,0.1413901759643193
ecology_perception_parallel_v1_r2_mu010,R2,patchy_high,64,48,eval_mean_mean_reserve_welfare,0.9215143099230552
ecology_perception_parallel_v1_r2_mu010,R2,patchy_high,64,48,final_wealth_gini,0.33399401661635086
ecology_perception_parallel_v1_r2_mu010,R2,split_high_low,64,48,eval_mean_mean_resource_fraction,0.10484277236302984
ecology_perception_parallel_v1_r2_mu010,R2,split_high_low,64,48,eval_mean_mean_reserve_welfare,0.665536961589069
ecology_perception_parallel_v1_r2_mu010,R2,split_high_low,64,48,final_wealth_gini,0.587795798315301
ecology_perception_parallel_v1_r2_mu010,R2,uniform_high,64,49,eval_mean_mean_resource_fraction,0.11575496688888384
ecology_perception_parallel_v1_r2_mu010,R2,uniform_high,64,49,eval_mean_mean_reserve_welfare,0.7968804766450387
ecology_perception_parallel_v1_r2_mu010,R2,uniform_high,64,49,final_wealth_gini,0.43892211976094186
ecology_perception_parallel_v1_r2_mu010,R2,patchy_high,64,49,eval_mean_mean_resource_fraction,0.09840148360469284
ecology_perception_parallel_v1_r2_mu010,R2,patchy_high,64,49,eval_mean_mean_reserve_welfare,0.7268800487007334
ecology_perception_parallel_v1_r2_mu010,R2,patchy_high,64,49,final_wealth_gini,0.4466716050063133
ecology_perception_parallel_v1_r2_mu010,R2,split_high_low,64,49,eval_mean_mean_resource_fraction,0.09339806170897305
ecology_perception_parallel_v1_r2_mu010,R2,split_high_low,64,49,eval_mean_mean_reserve_welfare,0.6268201041879319
ecology_perception_parallel_v1_r2_mu010,R2,split_high_low,64,49,final_wealth_gini,0.6468410483173712
ecology_perception_parallel_v1_r2_mu010,R2,uniform_high,64,50,eval_mean_mean_resource_fraction,0.13374549270336117
ecology_perception_parallel_v1_r2_mu010,R2,uniform_high,64,50,eval_mean_mean_reserve_welfare,0.8515960216893236
ecology_perception_parallel_v1_r2_mu010,R2,uniform_high,64,50,final_wealth_gini,0.39322078007057715
ecology_perception_parallel_v1_r2_mu010,R2,patchy_high,64,50,eval_mean_mean_resource_fraction,0.12029407161238942
ecology_perception_parallel_v1_r2_mu010,R2,patchy_high,64,50,eval_mean_mean_reserve_welfare,0.8396873687408678
ecology_perception_parallel_v1_r2_mu010,R2,patchy_high,64,50,final_wealth_gini,0.36188058543419643
ecology_perception_parallel_v1_r2_mu010,R2,split_high_low,64,50,eval_mean_mean_resource_fraction,0.1420103922808754
ecology_perception_parallel_v1_r2_mu010,R2,split_high_low,64,50,eval_mean_mean_reserve_welfare,0.6914748296384325
ecology_perception_parallel_v1_r2_mu010,R2,split_high_low,64,50,final_wealth_gini,0.6032198758441485
ecology_perception_parallel_v1_r2_mu010,R2,uniform_high,64,51,eval_mean_mean_resource_fraction,0.08456426231129661
ecology_perception_parallel_v1_r2_mu010,R2,uniform_high,64,51,eval_mean_mean_reserve_welfare,0.6416599886252805
ecology_perception_parallel_v1_r2_mu010,R2,uniform_high,64,51,final_wealth_gini,0.4843839889769066
ecology_perception_parallel_v1_r2_mu010,R2,patchy_high,64,51,eval_mean_mean_resource_fraction,0.08984151966886557
ecology_perception_parallel_v1_r2_mu010,R2,patchy_high,64,51,eval_mean_mean_reserve_welfare,0.7271695871456133
ecology_perception_parallel_v1_r2_mu010,R2,patchy_high,64,51,final_wealth_gini,0.4640575032937424
ecology_perception_parallel_v1_r2_mu010,R2,split_high_low,64,51,eval_mean_mean_resource_fraction,0.11746468081165529
ecology_perception_parallel_v1_r2_mu010,R2,split_high_low,64,51,eval_mean_mean_reserve_welfare,0.5656506202402984
ecology_perception_parallel_v1_r2_mu010,R2,split_high_low,64,51,final_wealth_gini,0.6941105650574959
ecology_perception_parallel_v1_r2_mu010,R2,uniform_high,64,52,eval_mean_mean_resource_fraction,0.11534535432888057
ecology_perception_parallel_v1_r2_mu010,R2,uniform_high,64,52,eval_mean_mean_reserve_welfare,0.7265904698567351
ecology_perception_parallel_v1_r2_mu010,R2,uniform_high,64,52,final_wealth_gini,0.4543364027940444
ecology_perception_parallel_v1_r2_mu010,R2,patchy_high,64,52,eval_mean_mean_resource_fraction,0.12087089083638167
ecology_perception_parallel_v1_r2_mu010,R2,patchy_high,64,52,eval_mean_mean_reserve_welfare,0.7400067006159113
ecology_perception_parallel_v1_r2_mu010,R2,patchy_high,64,52,final_wealth_gini,0.4734281892633012
ecology_perception_parallel_v1_r2_mu010,R2,split_high_low,64,52,eval_mean_mean_resource_fraction,0.12656460205115275
ecology_perception_parallel_v1_r2_mu010,R2,split_high_low,64,52,eval_mean_mean_reserve_welfare,0.6798292642929659
ecology_perception_parallel_v1_r2_mu010,R2,split_high_low,64,52,final_wealth_gini,0.5726876813549413
ecology_perception_parallel_v1_r2_mu010,R2,uniform_high,64,53,eval_mean_mean_resource_fraction,0.1259618910279484
ecology_perception_parallel_v1_r2_mu010,R2,uniform_high,64,53,eval_mean_mean_reserve_welfare,0.7400543353805494
ecology_perception_parallel_v1_r2_mu010,R2,uniform_high,64,53,final_wealth_gini,0.45717059211522004
ecology_perception_parallel_v1_r2_mu010,R2,patchy_high,64,53,eval_mean_mean_resource_fraction,0.15205058520819084
ecology_perception_parallel_v1_r2_mu010,R2,patchy_high,64,53,eval_mean_mean_reserve_welfare,0.799625183698811
ecology_perception_parallel_v1_r2_mu010,R2,patchy_high,64,53,final_wealth_gini,0.42741400545712405
ecology_perception_parallel_v1_r2_mu010,R2,split_high_low,64,53,eval_mean_mean_resource_fraction,0.12708161410943977
ecology_perception_parallel_v1_r2_mu010,R2,split_high_low,64,53,eval_mean_mean_reserve_welfare,0.6212502108393446
ecology_perception_parallel_v1_r2_mu010,R2,split_high_low,64,53,final_wealth_gini,0.6445241232428947
ecology_perception_parallel_v1_r2_mu010,R2,uniform_high,64,54,eval_mean_mean_resource_fraction,0.10957400931623378
ecology_perception_parallel_v1_r2_mu010,R2,uniform_high,64,54,eval_mean_mean_reserve_welfare,0.8126747521408363
ecology_perception_parallel_v1_r2_mu010,R2,uniform_high,64,54,final_wealth_gini,0.3868703470409689
ecology_perception_parallel_v1_r2_mu010,R2,patchy_high,64,54,eval_mean_mean_resource_fraction,0.13290468167927824
ecology_perception_parallel_v1_r2_mu010,R2,patchy_high,64,54,eval_mean_mean_reserve_welfare,0.859848628758788
ecology_perception_parallel_v1_r2_mu010,R2,patchy_high,64,54,final_wealth_gini,0.3769128674929514
ecology_perception_parallel_v1_r2_mu010,R2,split_high_low,64,54,eval_mean_mean_resource_fraction,0.1305464218348593
ecology_perception_parallel_v1_r2_mu010,R2,split_high_low,64,54,eval_mean_mean_reserve_welfare,0.6970212243595063
ecology_perception_parallel_v1_r2_mu010,R2,split_high_low,64,54,final_wealth_gini,0.5705456712054189
ecology_perception_parallel_v1_r2_mu010,R2,uniform_high,64,55,eval_mean_mean_resource_fraction,0.12087069694560901
ecology_perception_parallel_v1_r2_mu010,R2,uniform_high,64,55,eval_mean_mean_reserve_welfare,0.6922896504813525
ecology_perception_parallel_v1_r2_mu010,R2,uniform_high,64,55,final_wealth_gini,0.5134852017876641
ecology_perception_parallel_v1_r2_mu010,R2,patchy_high,64,55,eval_mean_mean_resource_fraction,0.11597163666965313
ecology_perception_parallel_v1_r2_mu010,R2,patchy_high,64,55,eval_mean_mean_reserve_welfare,0.6986447038713385
ecology_perception_parallel_v1_r2_mu010,R2,patchy_high,64,55,final_wealth_gini,0.5302546427243746
ecology_perception_parallel_v1_r2_mu010,R2,split_high_low,64,55,eval_mean_mean_resource_fraction,0.161303819542626
ecology_perception_parallel_v1_r2_mu010,R2,split_high_low,64,55,eval_mean_mean_reserve_welfare,0.6444486227870332
ecology_perception_parallel_v1_r2_mu010,R2,split_high_low,64,55,final_wealth_gini,0.6532383707880449
ecology_perception_parallel_v1_r2_mu010,R2,uniform_high,64,56,eval_mean_mean_resource_fraction,0.1466999365706701
ecology_perception_parallel_v1_r2_mu010,R2,uniform_high,64,56,eval_mean_mean_reserve_welfare,0.8053191612968392
ecology_perception_parallel_v1_r2_mu010,R2,uniform_high,64,56,final_wealth_gini,0.4712139547798806
ecology_perception_parallel_v1_r2_mu010,R2,patchy_high,64,56,eval_mean_mean_resource_fraction,0.12953244643486125
ecology_perception_parallel_v1_r2_mu010,R2,patchy_high,64,56,eval_mean_mean_reserve_welfare,0.7694349797247249
ecology_perception_parallel_v1_r2_mu010,R2,patchy_high,64,56,final_wealth_gini,0.4893477700894453
ecology_perception_parallel_v1_r2_mu010,R2,split_high_low,64,56,eval_mean_mean_resource_fraction,0.10694071740153044
ecology_perception_parallel_v1_r2_mu010,R2,split_high_low,64,56,eval_mean_mean_reserve_welfare,0.643313719742554
ecology_perception_parallel_v1_r2_mu010,R2,split_high_low,64,56,final_wealth_gini,0.6333836020636239
ecology_perception_parallel_v1_r2_mu010,R2,uniform_high,64,57,eval_mean_mean_resource_fraction,0.1211303564595612
ecology_perception_parallel_v1_r2_mu010,R2,uniform_high,64,57,eval_mean_mean_reserve_welfare,0.8189643157805149
ecology_perception_parallel_v1_r2_mu010,R2,uniform_high,64,57,final_wealth_gini,0.4419313920393557
ecology_perception_parallel_v1_r2_mu010,R2,patchy_high,64,57,eval_mean_mean_resource_fraction,0.12256024967924517
ecology_perception_parallel_v1_r2_mu010,R2,patchy_high,64,57,eval_mean_mean_reserve_welfare,0.8293012618929504
ecology_perception_parallel_v1_r2_mu010,R2,patchy_high,64,57,final_wealth_gini,0.4055277606338441
ecology_perception_parallel_v1_r2_mu010,R2,split_high_low,64,57,eval_mean_mean_resource_fraction,0.08693837338092163
ecology_perception_parallel_v1_r2_mu010,R2,split_high_low,64,57,eval_mean_mean_reserve_welfare,0.6477206619165146
ecology_perception_parallel_v1_r2_mu010,R2,split_high_low,64,57,final_wealth_gini,0.5838403088575819
ecology_perception_parallel_v1_r2_mu010,R2,uniform_high,64,58,eval_mean_mean_resource_fraction,0.1383083867112818
ecology_perception_parallel_v1_r2_mu010,R2,uniform_high,64,58,eval_mean_mean_reserve_welfare,0.7961715624606163
ecology_perception_parallel_v1_r2_mu010,R2,uniform_high,64,58,final_wealth_gini,0.4517067628347149
ecology_perception_parallel_v1_r2_mu010,R2,patchy_high,64,58,eval_mean_mean_resource_fraction,0.18169372760300337
ecology_perception_parallel_v1_r2_mu010,R2,patchy_high,64,58,eval_mean_mean_reserve_welfare,0.9069647742116929
ecology_perception_parallel_v1_r2_mu010,R2,patchy_high,64,58,final_wealth_gini,0.4042450636233865
ecology_perception_parallel_v1_r2_mu010,R2,split_high_low,64,58,eval_mean_mean_resource_fraction,0.14720427716155196
ecology_perception_parallel_v1_r2_mu010,R2,split_high_low,64,58,eval_mean_mean_reserve_welfare,0.6316367359143413
ecology_perception_parallel_v1_r2_mu010,R2,split_high_low,64,58,final_wealth_gini,0.638377153619095
ecology_perception_parallel_v1_r2_mu010,R2,uniform_high,64,59,eval_mean_mean_resource_fraction,0.09367050140377445
ecology_perception_parallel_v1_r2_mu010,R2,uniform_high,64,59,eval_mean_mean_reserve_welfare,0.7213907571412749
ecology_perception_parallel_v1_r2_mu010,R2,uniform_high,64,59,final_wealth_gini,0.4808989181231822
ecology_perception_parallel_v1_r2_mu010,R2,patchy_high,64,59,eval_mean_mean_resource_fraction,0.09785612161712909
ecology_perception_parallel_v1_r2_mu010,R2,patchy_high,64,59,eval_mean_mean_reserve_welfare,0.7262654297234751
ecology_perception_parallel_v1_r2_mu010,R2,patchy_high,64,59,final_wealth_gini,0.47720675701980064
ecology_perception_parallel_v1_r2_mu010,R2,split_high_low,64,59,eval_mean_mean_resource_fraction,0.1474492082232643
ecology_perception_parallel_v1_r2_mu010,R2,split_high_low,64,59,eval_mean_mean_reserve_welfare,0.6448257966871318
ecology_perception_parallel_v1_r2_mu010,R2,split_high_low,64,59,final_wealth_gini,0.6488719502900353
ecology_perception_parallel_v1_r2_mu010,R2,uniform_high,64,60,eval_mean_mean_resource_fraction,0.12963049308490376
ecology_perception_parallel_v1_r2_mu010,R2,uniform_high,64,60,eval_mean_mean_reserve_welfare,0.8524389538420011
ecology_perception_parallel_v1_r2_mu010,R2,uniform_high,64,60,final_wealth_gini,0.37433020653798166
ecology_perception_parallel_v1_r2_mu010,R2,patchy_high,64,60,eval_mean_mean_resource_fraction,0.10904571594614437
ecology_perception_parallel_v1_r2_mu010,R2,patchy_high,64,60,eval_mean_mean_reserve_welfare,0.8180730730233533
ecology_perception_parallel_v1_r2_mu010,R2,patchy_high,64,60,final_wealth_gini,0.384584863834464
ecology_perception_parallel_v1_r2_mu010,R2,split_high_low,64,60,eval_mean_mean_resource_fraction,0.10031757154830759
ecology_perception_parallel_v1_r2_mu010,R2,split_high_low,64,60,eval_mean_mean_reserve_welfare,0.6501292432352351
ecology_perception_parallel_v1_r2_mu010,R2,split_high_low,64,60,final_wealth_gini,0.5891735775443057
ecology_perception_parallel_v1_r2_mu010,R2,uniform_high,64,61,eval_mean_mean_resource_fraction,0.1050229968577921
ecology_perception_parallel_v1_r2_mu010,R2,uniform_high,64,61,eval_mean_mean_reserve_welfare,0.6852698233576805
ecology_perception_parallel_v1_r2_mu010,R2,uniform_high,64,61,final_wealth_gini,0.4745784807523501
ecology_perception_parallel_v1_r2_mu010,R2,patchy_high,64,61,eval_mean_mean_resource_fraction,0.09523285459016444
ecology_perception_parallel_v1_r2_mu010,R2,patchy_high,64,61,eval_mean_mean_reserve_welfare,0.6347733510525629
ecology_perception_parallel_v1_r2_mu010,R2,patchy_high,64,61,final_wealth_gini,0.501118743013435
ecology_perception_parallel_v1_r2_mu010,R2,split_high_low,64,61,eval_mean_mean_resource_fraction,0.18620880912004253
ecology_perception_parallel_v1_r2_mu010,R2,split_high_low,64,61,eval_mean_mean_reserve_welfare,0.6468469083960021
ecology_perception_parallel_v1_r2_mu010,R2,split_high_low,64,61,final_wealth_gini,0.6488293043778854
ecology_perception_parallel_v1_r2_mu010,R2,uniform_high,64,62,eval_mean_mean_resource_fraction,0.10432199148551292
ecology_perception_parallel_v1_r2_mu010,R2,uniform_high,64,62,eval_mean_mean_reserve_welfare,0.7963708999066116
ecology_perception_parallel_v1_r2_mu010,R2,uniform_high,64,62,final_wealth_gini,0.41162350645081847
ecology_perception_parallel_v1_r2_mu010,R2,patchy_high,64,62,eval_mean_mean_resource_fraction,0.13012099477063993
ecology_perception_parallel_v1_r2_mu010,R2,patchy_high,64,62,eval_mean_mean_reserve_welfare,0.8252242276549375
ecology_perception_parallel_v1_r2_mu010,R2,patchy_high,64,62,final_wealth_gini,0.4267575344531176
ecology_perception_parallel_v1_r2_mu010,R2,split_high_low,64,62,eval_mean_mean_resource_fraction,0.13220336696224552
ecology_perception_parallel_v1_r2_mu010,R2,split_high_low,64,62,eval_mean_mean_reserve_welfare,0.5677687904532197
ecology_perception_parallel_v1_r2_mu010,R2,split_high_low,64,62,final_wealth_gini,0.6797773262688429
ecology_perception_parallel_v1_r2_mu010,R2,uniform_high,64,63,eval_mean_mean_resource_fraction,0.06727676229425364
ecology_perception_parallel_v1_r2_mu010,R2,uniform_high,64,63,eval_mean_mean_reserve_welfare,0.7138771744758262
ecology_perception_parallel_v1_r2_mu010,R2,uniform_high,64,63,final_wealth_gini,0.3925308777052323
ecology_perception_parallel_v1_r2_mu010,R2,patchy_high,64,63,eval_mean_mean_resource_fraction,0.17703638859120316
ecology_perception_parallel_v1_r2_mu010,R2,patchy_high,64,63,eval_mean_mean_reserve_welfare,0.9138293564754781
ecology_perception_parallel_v1_r2_mu010,R2,patchy_high,64,63,final_wealth_gini,0.41034846755210186
ecology_perception_parallel_v1_r2_mu010,R2,split_high_low,64,63,eval_mean_mean_resource_fraction,0.07990901846829257
ecology_perception_parallel_v1_r2_mu010,R2,split_high_low,64,63,eval_mean_mean_reserve_welfare,0.5951941771463739
ecology_perception_parallel_v1_r2_mu010,R2,split_high_low,64,63,final_wealth_gini,0.611475382012012
ecology_perception_parallel_v1_r2_mu010,R2,uniform_high,64,64,eval_mean_mean_resource_fraction,0.12728324558498505
ecology_perception_parallel_v1_r2_mu010,R2,uniform_high,64,64,eval_mean_mean_reserve_welfare,0.758927564415359
ecology_perception_parallel_v1_r2_mu010,R2,uniform_high,64,64,final_wealth_gini,0.434939964485362
ecology_perception_parallel_v1_r2_mu010,R2,patchy_high,64,64,eval_mean_mean_resource_fraction,0.12318397573030646
ecology_perception_parallel_v1_r2_mu010,R2,patchy_high,64,64,eval_mean_mean_reserve_welfare,0.7364133850410727
ecology_perception_parallel_v1_r2_mu010,R2,patchy_high,64,64,final_wealth_gini,0.4491594610458114
ecology_perception_parallel_v1_r2_mu010,R2,split_high_low,64,64,eval_mean_mean_resource_fraction,0.1586888564884645
ecology_perception_parallel_v1_r2_mu010,R2,split_high_low,64,64,eval_mean_mean_reserve_welfare,0.7092483994910378
ecology_perception_parallel_v1_r2_mu010,R2,split_high_low,64,64,final_wealth_gini,0.5353135271665497
ecology_perception_parallel_v1_r2_mu010,R2,uniform_high,64,65,eval_mean_mean_resource_fraction,0.1165438562020443
ecology_perception_parallel_v1_r2_mu010,R2,uniform_high,64,65,eval_mean_mean_reserve_welfare,0.7790746379066492
ecology_perception_parallel_v1_r2_mu010,R2,uniform_high,64,65,final_wealth_gini,0.4032018132365345
ecology_perception_parallel_v1_r2_mu010,R2,patchy_high,64,65,eval_mean_mean_resource_fraction,0.08220250801226607
ecology_perception_parallel_v1_r2_mu010,R2,patchy_high,64,65,eval_mean_mean_reserve_welfare,0.7560218710219624
ecology_perception_parallel_v1_r2_mu010,R2,patchy_high,64,65,final_wealth_gini,0.37249627014764597
ecology_perception_parallel_v1_r2_mu010,R2,split_high_low,64,65,eval_mean_mean_resource_fraction,0.1242184656119398
ecology_perception_parallel_v1_r2_mu010,R2,split_high_low,64,65,eval_mean_mean_reserve_welfare,0.7547970257373827
ecology_perception_parallel_v1_r2_mu010,R2,split_high_low,64,65,final_wealth_gini,0.51043784428717
ecology_perception_parallel_v1_r2_mu010,R2,uniform_high,64,66,eval_mean_mean_resource_fraction,0.1127752162235699
ecology_perception_parallel_v1_r2_mu010,R2,uniform_high,64,66,eval_mean_mean_reserve_welfare,0.6775945284175652
ecology_perception_parallel_v1_r2_mu010,R2,uniform_high,64,66,final_wealth_gini,0.4931177011012986
ecology_perception_parallel_v1_r2_mu010,R2,patchy_high,64,66,eval_mean_mean_resource_fraction,0.10859722274383046
ecology_perception_parallel_v1_r2_mu010,R2,patchy_high,64,66,eval_mean_mean_reserve_welfare,0.6588964663180709
ecology_perception_parallel_v1_r2_mu010,R2,patchy_high,64,66,final_wealth_gini,0.49058074756937775
ecology_perception_parallel_v1_r2_mu010,R2,split_high_low,64,66,eval_mean_mean_resource_fraction,0.13280166071824726
ecology_perception_parallel_v1_r2_mu010,R2,split_high_low,64,66,eval_mean_mean_reserve_welfare,0.6294097849676026
ecology_perception_parallel_v1_r2_mu010,R2,split_high_low,64,66,final_wealth_gini,0.6473425836768192
ecology_perception_parallel_v1_r2_mu010,R2,uniform_high,64,67,eval_mean_mean_resource_fraction,0.09729591620222271
ecology_perception_parallel_v1_r2_mu010,R2,uniform_high,64,67,eval_mean_mean_reserve_welfare,0.689755472934594
ecology_perception_parallel_v1_r2_mu010,R2,uniform_high,64,67,final_wealth_gini,0.49261987853145506
ecology_perception_parallel_v1_r2_mu010,R2,patchy_high,64,67,eval_mean_mean_resource_fraction,0.10081413882911755
ecology_perception_parallel_v1_r2_mu010,R2,patchy_high,64,67,eval_mean_mean_reserve_welfare,0.7249257173226181
ecology_perception_parallel_v1_r2_mu010,R2,patchy_high,64,67,final_wealth_gini,0.46846608311904725
ecology_perception_parallel_v1_r2_mu010,R2,split_high_low,64,67,eval_mean_mean_resource_fraction,0.1539410317965044
ecology_perception_parallel_v1_r2_mu010,R2,split_high_low,64,67,eval_mean_mean_reserve_welfare,0.593068684983962
ecology_perception_parallel_v1_r2_mu010,R2,split_high_low,64,67,final_wealth_gini,0.6646327714940172
ecology_perception_parallel_v1_r2_mu010,R2,uniform_high,64,68,eval_mean_mean_resource_fraction,0.07516114517261764
ecology_perception_parallel_v1_r2_mu010,R2,uniform_high,64,68,eval_mean_mean_reserve_welfare,0.7014526802142368
ecology_perception_parallel_v1_r2_mu010,R2,uniform_high,64,68,final_wealth_gini,0.43265657773428456
ecology_perception_parallel_v1_r2_mu010,R2,patchy_high,64,68,eval_mean_mean_resource_fraction,0.07165324387761814
ecology_perception_parallel_v1_r2_mu010,R2,patchy_high,64,68,eval_mean_mean_reserve_welfare,0.6531368792725879
ecology_perception_parallel_v1_r2_mu010,R2,patchy_high,64,68,final_wealth_gini,0.447982518207658
ecology_perception_parallel_v1_r2_mu010,R2,split_high_low,64,68,eval_mean_mean_resource_fraction,0.0568552165823818
ecology_perception_parallel_v1_r2_mu010,R2,split_high_low,64,68,eval_mean_mean_reserve_welfare,0.6078773500398021
ecology_perception_parallel_v1_r2_mu010,R2,split_high_low,64,68,final_wealth_gini,0.5548629722465661
ecology_perception_parallel_v1_r2_mu010,R2,uniform_high,64,69,eval_mean_mean_resource_fraction,0.11544154977198576
ecology_perception_parallel_v1_r2_mu010,R2,uniform_high,64,69,eval_mean_mean_reserve_welfare,0.6468033541684738
ecology_perception_parallel_v1_r2_mu010,R2,uniform_high,64,69,final_wealth_gini,0.528643864846488
ecology_perception_parallel_v1_r2_mu010,R2,patchy_high,64,69,eval_mean_mean_resource_fraction,0.1174407915070214
ecology_perception_parallel_v1_r2_mu010,R2,patchy_high,64,69,eval_mean_mean_reserve_welfare,0.6641969837412152
ecology_perception_parallel_v1_r2_mu010,R2,patchy_high,64,69,final_wealth_gini,0.5040070113117423
ecology_perception_parallel_v1_r2_mu010,R2,split_high_low,64,69,eval_mean_mean_resource_fraction,0.17717187321745168
ecology_perception_parallel_v1_r2_mu010,R2,split_high_low,64,69,eval_mean_mean_reserve_welfare,0.7873845834698532
ecology_perception_parallel_v1_r2_mu010,R2,split_high_low,64,69,final_wealth_gini,0.4960481335121927
ecology_perception_parallel_v1_r2_mu010,R2,uniform_high,64,70,eval_mean_mean_resource_fraction,0.07170945624216207
ecology_perception_parallel_v1_r2_mu010,R2,uniform_high,64,70,eval_mean_mean_reserve_welfare,0.7191777022602976
ecology_perception_parallel_v1_r2_mu010,R2,uniform_high,64,70,final_wealth_gini,0.374834431265479
ecology_perception_parallel_v1_r2_mu010,R2,patchy_high,64,70,eval_mean_mean_resource_fraction,0.11427202172526615
ecology_perception_parallel_v1_r2_mu010,R2,patchy_high,64,70,eval_mean_mean_reserve_welfare,0.8086365287166486
ecology_perception_parallel_v1_r2_mu010,R2,patchy_high,64,70,final_wealth_gini,0.4026241516721749
ecology_perception_parallel_v1_r2_mu010,R2,split_high_low,64,70,eval_mean_mean_resource_fraction,0.14746502403981385
ecology_perception_parallel_v1_r2_mu010,R2,split_high_low,64,70,eval_mean_mean_reserve_welfare,0.6526778443887867
ecology_perception_parallel_v1_r2_mu010,R2,split_high_low,64,70,final_wealth_gini,0.627346984478862
ecology_perception_parallel_v1_r2_mu010,R2,uniform_high,64,71,eval_mean_mean_resource_fraction,0.09886512828048061
ecology_perception_parallel_v1_r2_mu010,R2,uniform_high,64,71,eval_mean_mean_reserve_welfare,0.7368463217815516
ecology_perception_parallel_v1_r2_mu010,R2,uniform_high,64,71,final_wealth_gini,0.4428242193555252
ecology_perception_parallel_v1_r2_mu010,R2,patchy_high,64,71,eval_mean_mean_resource_fraction,0.0779274753041162
ecology_perception_parallel_v1_r2_mu010,R2,patchy_high,64,71,eval_mean_mean_reserve_welfare,0.7451800969542315
ecology_perception_parallel_v1_r2_mu010,R2,patchy_high,64,71,final_wealth_gini,0.39565184927053454
ecology_perception_parallel_v1_r2_mu010,R2,split_high_low,64,71,eval_mean_mean_resource_fraction,0.09461359078526783
ecology_perception_parallel_v1_r2_mu010,R2,split_high_low,64,71,eval_mean_mean_reserve_welfare,0.6401542266821648
ecology_perception_parallel_v1_r2_mu010,R2,split_high_low,64,71,final_wealth_gini,0.6161161953705476
ecology_perception_parallel_v1_r2_mu010,R2,uniform_high,64,72,eval_mean_mean_resource_fraction,0.1350260401400762
ecology_perception_parallel_v1_r2_mu010,R2,uniform_high,64,72,eval_mean_mean_reserve_welfare,0.8606383210135055
ecology_perception_parallel_v1_r2_mu010,R2,uniform_high,64,72,final_wealth_gini,0.39894007555624356
ecology_perception_parallel_v1_r2_mu010,R2,patchy_high,64,72,eval_mean_mean_resource_fraction,0.058160995959945165
ecology_perception_parallel_v1_r2_mu010,R2,patchy_high,64,72,eval_mean_mean_reserve_welfare,0.6618855932261974
ecology_perception_parallel_v1_r2_mu010,R2,patchy_high,64,72,final_wealth_gini,0.3578704768284475
ecology_perception_parallel_v1_r2_mu010,R2,split_high_low,64,72,eval_mean_mean_resource_fraction,0.12598717237817045
ecology_perception_parallel_v1_r2_mu010,R2,split_high_low,64,72,eval_mean_mean_reserve_welfare,0.6913476197948776
ecology_perception_parallel_v1_r2_mu010,R2,split_high_low,64,72,final_wealth_gini,0.6191873171497637
ecology_perception_parallel_v1_r2_mu010,R2,uniform_high,64,73,eval_mean_mean_resource_fraction,0.11153780633787316
ecology_perception_parallel_v1_r2_mu010,R2,uniform_high,64,73,eval_mean_mean_reserve_welfare,0.7776142780554426
ecology_perception_parallel_v1_r2_mu010,R2,uniform_high,64,73,final_wealth_gini,0.4219824416569724
ecology_perception_parallel_v1_r2_mu010,R2,patchy_high,64,73,eval_mean_mean_resource_fraction,0.09855737150486456
ecology_perception_parallel_v1_r2_mu010,R2,patchy_high,64,73,eval_mean_mean_reserve_welfare,0.7605712402088782
ecology_perception_parallel_v1_r2_mu010,R2,patchy_high,64,73,final_wealth_gini,0.41401573430343896
ecology_perception_parallel_v1_r2_mu010,R2,split_high_low,64,73,eval_mean_mean_resource_fraction,0.180460486998487
ecology_perception_parallel_v1_r2_mu010,R2,split_high_low,64,73,eval_mean_mean_reserve_welfare,0.6529810161357504
ecology_perception_parallel_v1_r2_mu010,R2,split_high_low,64,73,final_wealth_gini,0.6477779558832018
ecology_perception_parallel_v1_r2_mu010,R2,uniform_high,64,74,eval_mean_mean_resource_fraction,0.13939819186539723
ecology_perception_parallel_v1_r2_mu010,R2,uniform_high,64,74,eval_mean_mean_reserve_welfare,0.7332367001605113
ecology_perception_parallel_v1_r2_mu010,R2,uniform_high,64,74,final_wealth_gini,0.5000365478374862
ecology_perception_parallel_v1_r2_mu010,R2,patchy_high,64,74,eval_mean_mean_resource_fraction,0.1704890264590008
ecology_perception_parallel_v1_r2_mu010,R2,patchy_high,64,74,eval_mean_mean_reserve_welfare,0.8386873423155994
ecology_perception_parallel_v1_r2_mu010,R2,patchy_high,64,74,final_wealth_gini,0.4719308170311052
ecology_perception_parallel_v1_r2_mu010,R2,split_high_low,64,74,eval_mean_mean_resource_fraction,0.2278969572832559
ecology_perception_parallel_v1_r2_mu010,R2,split_high_low,64,74,eval_mean_mean_reserve_welfare,0.6920032138339752
ecology_perception_parallel_v1_r2_mu010,R2,split_high_low,64,74,final_wealth_gini,0.6316296422469259
ecology_perception_parallel_v1_r2_mu010,R2,uniform_high,64,75,eval_mean_mean_resource_fraction,0.07941179233755166
ecology_perception_parallel_v1_r2_mu010,R2,uniform_high,64,75,eval_mean_mean_reserve_welfare,0.705145013211436
ecology_perception_parallel_v1_r2_mu010,R2,uniform_high,64,75,final_wealth_gini,0.4090875164138459
ecology_perception_parallel_v1_r2_mu010,R2,patchy_high,64,75,eval_mean_mean_resource_fraction,0.09575907961164341
ecology_perception_parallel_v1_r2_mu010,R2,patchy_high,64,75,eval_mean_mean_reserve_welfare,0.7785109353238292
ecology_perception_parallel_v1_r2_mu010,R2,patchy_high,64,75,final_wealth_gini,0.41019102795568463
ecology_perception_parallel_v1_r2_mu010,R2,split_high_low,64,75,eval_mean_mean_resource_fraction,0.12897410693442876
ecology_perception_parallel_v1_r2_mu010,R2,split_high_low,64,75,eval_mean_mean_reserve_welfare,0.6980578148079448
ecology_perception_parallel_v1_r2_mu010,R2,split_high_low,64,75,final_wealth_gini,0.5920602857005508
ecology_perception_parallel_v1_r2_mu010,R2,uniform_high,64,76,eval_mean_mean_resource_fraction,0.07972099613605102
ecology_perception_parallel_v1_r2_mu010,R2,uniform_high,64,76,eval_mean_mean_reserve_welfare,0.5780684489909577
ecology_perception_parallel_v1_r2_mu010,R2,uniform_high,64,76,final_wealth_gini,0.4930951531931447
ecology_perception_parallel_v1_r2_mu010,R2,patchy_high,64,76,eval_mean_mean_resource_fraction,0.08514630599260163
ecology_perception_parallel_v1_r2_mu010,R2,patchy_high,64,76,eval_mean_mean_reserve_welfare,0.6374460228499303
ecology_perception_parallel_v1_r2_mu010,R2,patchy_high,64,76,final_wealth_gini,0.47143588408538606
ecology_perception_parallel_v1_r2_mu010,R2,split_high_low,64,76,eval_mean_mean_resource_fraction,0.13011192012288814
ecology_perception_parallel_v1_r2_mu010,R2,split_high_low,64,76,eval_mean_mean_reserve_welfare,0.5742293134679665
ecology_perception_parallel_v1_r2_mu010,R2,split_high_low,64,76,final_wealth_gini,0.6878038893251945
ecology_perception_parallel_v1_r2_mu010,R2,uniform_high,64,77,eval_mean_mean_resource_fraction,0.09545452844266765
ecology_perception_parallel_v1_r2_mu010,R2,uniform_high,64,77,eval_mean_mean_reserve_welfare,0.8002942894296905
ecology_perception_parallel_v1_r2_mu010,R2,uniform_high,64,77,final_wealth_gini,0.37469519376993565
ecology_perception_parallel_v1_r2_mu010,R2,patchy_high,64,77,eval_mean_mean_resource_fraction,0.08419552659552396
ecology_perception_parallel_v1_r2_mu010,R2,patchy_high,64,77,eval_mean_mean_reserve_welfare,0.6941188631790323
ecology_perception_parallel_v1_r2_mu010,R2,patchy_high,64,77,final_wealth_gini,0.4393241387738207
ecology_perception_parallel_v1_r2_mu010,R2,split_high_low,64,77,eval_mean_mean_resource_fraction,0.09129115901768131
ecology_perception_parallel_v1_r2_mu010,R2,split_high_low,64,77,eval_mean_mean_reserve_welfare,0.6704969610225847
ecology_perception_parallel_v1_r2_mu010,R2,split_high_low,64,77,final_wealth_gini,0.5858477006982972
ecology_perception_parallel_v1_r2_mu010,R2,uniform_high,64,78,eval_mean_mean_resource_fraction,0.08500879386237904
ecology_perception_parallel_v1_r2_mu010,R2,uniform_high,64,78,eval_mean_mean_reserve_welfare,0.7408184598718996
ecology_perception_parallel_v1_r2_mu010,R2,uniform_high,64,78,final_wealth_gini,0.3454573998333059
ecology_perception_parallel_v1_r2_mu010,R2,patchy_high,64,78,eval_mean_mean_resource_fraction,0.0933618099529965
ecology_perception_parallel_v1_r2_mu010,R2,patchy_high,64,78,eval_mean_mean_reserve_welfare,0.7866559896371389
ecology_perception_parallel_v1_r2_mu010,R2,patchy_high,64,78,final_wealth_gini,0.36419978204509595
ecology_perception_parallel_v1_r2_mu010,R2,split_high_low,64,78,eval_mean_mean_resource_fraction,0.10744357242419562
ecology_perception_parallel_v1_r2_mu010,R2,split_high_low,64,78,eval_mean_mean_reserve_welfare,0.6655905917789114
ecology_perception_parallel_v1_r2_mu010,R2,split_high_low,64,78,final_wealth_gini,0.6023810303879846
ecology_perception_parallel_v1_r2_mu010,R2,uniform_high,64,79,eval_mean_mean_resource_fraction,0.07817786280447463
ecology_perception_parallel_v1_r2_mu010,R2,uniform_high,64,79,eval_mean_mean_reserve_welfare,0.6213924272091835
ecology_perception_parallel_v1_r2_mu010,R2,uniform_high,64,79,final_wealth_gini,0.49249852030957975
ecology_perception_parallel_v1_r2_mu010,R2,patchy_high,64,79,eval_mean_mean_resource_fraction,0.09182960530471514
ecology_perception_parallel_v1_r2_mu010,R2,patchy_high,64,79,eval_mean_mean_reserve_welfare,0.7358659037666794
ecology_perception_parallel_v1_r2_mu010,R2,patchy_high,64,79,final_wealth_gini,0.4583478747234706
ecology_perception_parallel_v1_r2_mu010,R2,split_high_low,64,79,eval_mean_mean_resource_fraction,0.16380935105933878
ecology_perception_parallel_v1_r2_mu010,R2,split_high_low,64,79,eval_mean_mean_reserve_welfare,0.7225533942927139
ecology_perception_parallel_v1_r2_mu010,R2,split_high_low,64,79,final_wealth_gini,0.6035587025974687
ecology_perception_parallel_v1_r2_mu010,R2,uniform_high,64,80,eval_mean_mean_resource_fraction,0.1364368938048753
ecology_perception_parallel_v1_r2_mu010,R2,uniform_high,64,80,eval_mean_mean_reserve_welfare,0.745414075972267
ecology_perception_parallel_v1_r2_mu010,R2,uniform_high,64,80,final_wealth_gini,0.5268918694428693
ecology_perception_parallel_v1_r2_mu010,R2,patchy_high,64,80,eval_mean_mean_resource_fraction,0.10801158038360009
ecology_perception_parallel_v1_r2_mu010,R2,patchy_high,64,80,eval_mean_mean_reserve_welfare,0.719568247005425
ecology_perception_parallel_v1_r2_mu010,R2,patchy_high,64,80,final_wealth_gini,0.5178887191679284
ecology_perception_parallel_v1_r2_mu010,R2,split_high_low,64,80,eval_mean_mean_resource_fraction,0.14916455493094652
ecology_perception_parallel_v1_r2_mu010,R2,split_high_low,64,80,eval_mean_mean_reserve_welfare,0.5933077725654488
ecology_perception_parallel_v1_r2_mu010,R2,split_high_low,64,80,final_wealth_gini,0.6839272525707574
ecology_perception_parallel_v1_r2_mu010,R2,uniform_high,64,81,eval_mean_mean_resource_fraction,0.09090660489698052
ecology_perception_parallel_v1_r2_mu010,R2,uniform_high,64,81,eval_mean_mean_reserve_welfare,0.7269214338137049
ecology_perception_parallel_v1_r2_mu010,R2,uniform_high,64,81,final_wealth_gini,0.44504345358628483
ecology_perception_parallel_v1_r2_mu010,R2,patchy_high,64,81,eval_mean_mean_resource_fraction,0.08123964179862765
ecology_perception_parallel_v1_r2_mu010,R2,patchy_high,64,81,eval_mean_mean_reserve_welfare,0.6981031657173598
ecology_perception_parallel_v1_r2_mu010,R2,patchy_high,64,81,final_wealth_gini,0.45795304185785346
ecology_perception_parallel_v1_r2_mu010,R2,split_high_low,64,81,eval_mean_mean_resource_fraction,0.1584288766042741
ecology_perception_parallel_v1_r2_mu010,R2,split_high_low,64,81,eval_mean_mean_reserve_welfare,0.6498353909639412
ecology_perception_parallel_v1_r2_mu010,R2,split_high_low,64,81,final_wealth_gini,0.6659437723923318
ecology_perception_parallel_v1_r2_mu010,R2,uniform_high,64,82,eval_mean_mean_resource_fraction,0.17363847071597094
ecology_perception_parallel_v1_r2_mu010,R2,uniform_high,64,82,eval_mean_mean_reserve_welfare,0.8025926225083696
ecology_perception_parallel_v1_r2_mu010,R2,uniform_high,64,82,final_wealth_gini,0.48808353416665695
ecology_perception_parallel_v1_r2_mu010,R2,patchy_high,64,82,eval_mean_mean_resource_fraction,0.1526547492419761
ecology_perception_parallel_v1_r2_mu010,R2,patchy_high,64,82,eval_mean_mean_reserve_welfare,0.7885896154921553
ecology_perception_parallel_v1_r2_mu010,R2,patchy_high,64,82,final_wealth_gini,0.487678758970999
ecology_perception_parallel_v1_r2_mu010,R2,split_high_low,64,82,eval_mean_mean_resource_fraction,0.08953242592531185
ecology_perception_parallel_v1_r2_mu010,R2,split_high_low,64,82,eval_mean_mean_reserve_welfare,0.6392098773037889
ecology_perception_parallel_v1_r2_mu010,R2,split_high_low,64,82,final_wealth_gini,0.5940118336641298
ecology_perception_parallel_v1_r2_mu010,R2,uniform_high,64,83,eval_mean_mean_resource_fraction,0.07892760226135845
ecology_perception_parallel_v1_r2_mu010,R2,uniform_high,64,83,eval_mean_mean_reserve_welfare,0.6823694540828804
ecology_perception_parallel_v1_r2_mu010,R2,uniform_high,64,83,final_wealth_gini,0.45071148657952076
ecology_perception_parallel_v1_r2_mu010,R2,patchy_high,64,83,eval_mean_mean_resource_fraction,0.08136162524918944
ecology_perception_parallel_v1_r2_mu010,R2,patchy_high,64,83,eval_mean_mean_reserve_welfare,0.6733899704920507
ecology_perception_parallel_v1_r2_mu010,R2,patchy_high,64,83,final_wealth_gini,0.45284494014985155
ecology_perception_parallel_v1_r2_mu010,R2,split_high_low,64,83,eval_mean_mean_resource_fraction,0.10785382951964917
ecology_perception_parallel_v1_r2_mu010,R2,split_high_low,64,83,eval_mean_mean_reserve_welfare,0.6321128892692268
ecology_perception_parallel_v1_r2_mu010,R2,split_high_low,64,83,final_wealth_gini,0.5916020952223757
ecology_perception_parallel_v1_r2_mu010,R2,uniform_high,64,84,eval_mean_mean_resource_fraction,0.09910540498054249
ecology_perception_parallel_v1_r2_mu010,R2,uniform_high,64,84,eval_mean_mean_reserve_welfare,0.6776220772076632
ecology_perception_parallel_v1_r2_mu010,R2,uniform_high,64,84,final_wealth_gini,0.4977352398765018
ecology_perception_parallel_v1_r2_mu010,R2,patchy_high,64,84,eval_mean_mean_resource_fraction,0.12811792850794126
ecology_perception_parallel_v1_r2_mu010,R2,patchy_high,64,84,eval_mean_mean_reserve_welfare,0.7324489564335681
ecology_perception_parallel_v1_r2_mu010,R2,patchy_high,64,84,final_wealth_gini,0.49030848969353125
ecology_perception_parallel_v1_r2_mu010,R2,split_high_low,64,84,eval_mean_mean_resource_fraction,0.10302705974285792
ecology_perception_parallel_v1_r2_mu010,R2,split_high_low,64,84,eval_mean_mean_reserve_welfare,0.6752869685656877
ecology_perception_parallel_v1_r2_mu010,R2,split_high_low,64,84,final_wealth_gini,0.5834710023986547
ecology_perception_parallel_v1_r2_mu010,R2,uniform_high,64,85,eval_mean_mean_resource_fraction,0.09024255447484554
ecology_perception_parallel_v1_r2_mu010,R2,uniform_high,64,85,eval_mean_mean_reserve_welfare,0.6391716444968663
ecology_perception_parallel_v1_r2_mu010,R2,uniform_high,64,85,final_wealth_gini,0.5195653615320528
ecology_perception_parallel_v1_r2_mu010,R2,patchy_high,64,85,eval_mean_mean_resource_fraction,0.1696493250443947
ecology_perception_parallel_v1_r2_mu010,R2,patchy_high,64,85,eval_mean_mean_reserve_welfare,0.9224759940586688
ecology_perception_parallel_v1_r2_mu010,R2,patchy_high,64,85,final_wealth_gini,0.39731906734083
ecology_perception_parallel_v1_r2_mu010,R2,split_high_low,64,85,eval_mean_mean_resource_fraction,0.13872913248377433
ecology_perception_parallel_v1_r2_mu010,R2,split_high_low,64,85,eval_mean_mean_reserve_welfare,0.6558250461809714
ecology_perception_parallel_v1_r2_mu010,R2,split_high_low,64,85,final_wealth_gini,0.6418776028707283
ecology_perception_parallel_v1_r2_mu010,R2,uniform_high,64,86,eval_mean_mean_resource_fraction,0.14738470293773723
ecology_perception_parallel_v1_r2_mu010,R2,uniform_high,64,86,eval_mean_mean_reserve_welfare,0.7920756950222884
ecology_perception_parallel_v1_r2_mu010,R2,uniform_high,64,86,final_wealth_gini,0.46002974920521056
ecology_perception_parallel_v1_r2_mu010,R2,patchy_high,64,86,eval_mean_mean_resource_fraction,0.1653732181255362
ecology_perception_parallel_v1_r2_mu010,R2,patchy_high,64,86,eval_mean_mean_reserve_welfare,0.8353393662132553
ecology_perception_parallel_v1_r2_mu010,R2,patchy_high,64,86,final_wealth_gini,0.46752855677980265
ecology_perception_parallel_v1_r2_mu010,R2,split_high_low,64,86,eval_mean_mean_resource_fraction,0.08816653902813541
ecology_perception_parallel_v1_r2_mu010,R2,split_high_low,64,86,eval_mean_mean_reserve_welfare,0.6967677805711444
ecology_perception_parallel_v1_r2_mu010,R2,split_high_low,64,86,final_wealth_gini,0.6028676509665525
ecology_perception_parallel_v1_r2_mu010,R2,uniform_high,64,87,eval_mean_mean_resource_fraction,0.10663792061274313
ecology_perception_parallel_v1_r2_mu010,R2,uniform_high,64,87,eval_mean_mean_reserve_welfare,0.846799132672536
ecology_perception_parallel_v1_r2_mu010,R2,uniform_high,64,87,final_wealth_gini,0.37170404018040437
ecology_perception_parallel_v1_r2_mu010,R2,patchy_high,64,87,eval_mean_mean_resource_fraction,0.09381459158465098
ecology_perception_parallel_v1_r2_mu010,R2,patchy_high,64,87,eval_mean_mean_reserve_welfare,0.7694948533276847
ecology_perception_parallel_v1_r2_mu010,R2,patchy_high,64,87,final_wealth_gini,0.4196554989593182
ecology_perception_parallel_v1_r2_mu010,R2,split_high_low,64,87,eval_mean_mean_resource_fraction,0.08159282727980147
ecology_perception_parallel_v1_r2_mu010,R2,split_high_low,64,87,eval_mean_mean_reserve_welfare,0.6545543823000244
ecology_perception_parallel_v1_r2_mu010,R2,split_high_low,64,87,final_wealth_gini,0.5858655513211395
ecology_perception_parallel_v1_r2_mu010,R2,uniform_high,64,88,eval_mean_mean_resource_fraction,0.12278697093354261
ecology_perception_parallel_v1_r2_mu010,R2,uniform_high,64,88,eval_mean_mean_reserve_welfare,0.7325165252813077
ecology_perception_parallel_v1_r2_mu010,R2,uniform_high,64,88,final_wealth_gini,0.4959872692812062
ecology_perception_parallel_v1_r2_mu010,R2,patchy_high,64,88,eval_mean_mean_resource_fraction,0.11435059872360023
ecology_perception_parallel_v1_r2_mu010,R2,patchy_high,64,88,eval_mean_mean_reserve_welfare,0.7144738848450916
ecology_perception_parallel_v1_r2_mu010,R2,patchy_high,64,88,final_wealth_gini,0.4959277376663833
ecology_perception_parallel_v1_r2_mu010,R2,split_high_low,64,88,eval_mean_mean_resource_fraction,0.15953394211623062
ecology_perception_parallel_v1_r2_mu010,R2,split_high_low,64,88,eval_mean_mean_reserve_welfare,0.674266110085787
ecology_perception_parallel_v1_r2_mu010,R2,split_high_low,64,88,final_wealth_gini,0.6294902185681708
ecology_perception_parallel_v1_r2_mu010,R2,uniform_high,64,89,eval_mean_mean_resource_fraction,0.11590357655505827
ecology_perception_parallel_v1_r2_mu010,R2,uniform_high,64,89,eval_mean_mean_reserve_welfare,0.7754252916907176
ecology_perception_parallel_v1_r2_mu010,R2,uniform_high,64,89,final_wealth_gini,0.4501084798786401
ecology_perception_parallel_v1_r2_mu010,R2,patchy_high,64,89,eval_mean_mean_resource_fraction,0.12152009363280555
ecology_perception_parallel_v1_r2_mu010,R2,patchy_high,64,89,eval_mean_mean_reserve_welfare,0.7555022456767339
ecology_perception_parallel_v1_r2_mu010,R2,patchy_high,64,89,final_wealth_gini,0.4517980833549231
ecology_perception_parallel_v1_r2_mu010,R2,split_high_low,64,89,eval_mean_mean_resource_fraction,0.18100250506036797
ecology_perception_parallel_v1_r2_mu010,R2,split_high_low,64,89,eval_mean_mean_reserve_welfare,0.7089213682358608
ecology_perception_parallel_v1_r2_mu010,R2,split_high_low,64,89,final_wealth_gini,0.6024882339896802
ecology_perception_parallel_v1_r2_mu010,R2,uniform_high,64,90,eval_mean_mean_resource_fraction,0.07921197968006934
ecology_perception_parallel_v1_r2_mu010,R2,uniform_high,64,90,eval_mean_mean_reserve_welfare,0.6999251286218487
ecology_perception_parallel_v1_r2_mu010,R2,uniform_high,64,90,final_wealth_gini,0.4239950094003111
ecology_perception_parallel_v1_r2_mu010,R2,patchy_high,64,90,eval_mean_mean_resource_fraction,0.1133146548249622
ecology_perception_parallel_v1_r2_mu010,R2,patchy_high,64,90,eval_mean_mean_reserve_welfare,0.8159121252958697
ecology_perception_parallel_v1_r2_mu010,R2,patchy_high,64,90,final_wealth_gini,0.39383572502307196
ecology_perception_parallel_v1_r2_mu010,R2,split_high_low,64,90,eval_mean_mean_resource_fraction,0.1587340041845652
ecology_perception_parallel_v1_r2_mu010,R2,split_high_low,64,90,eval_mean_mean_reserve_welfare,0.7300231022460041
ecology_perception_parallel_v1_r2_mu010,R2,split_high_low,64,90,final_wealth_gini,0.5820797692579271
ecology_perception_parallel_v1_r2_mu010,R2,uniform_high,64,91,eval_mean_mean_resource_fraction,0.13276486108099264
ecology_perception_parallel_v1_r2_mu010,R2,uniform_high,64,91,eval_mean_mean_reserve_welfare,0.8218385573877575
ecology_perception_parallel_v1_r2_mu010,R2,uniform_high,64,91,final_wealth_gini,0.43428958951263263
ecology_perception_parallel_v1_r2_mu010,R2,patchy_high,64,91,eval_mean_mean_resource_fraction,0.12956333673449524
ecology_perception_parallel_v1_r2_mu010,R2,patchy_high,64,91,eval_mean_mean_reserve_welfare,0.7281365215257888
ecology_perception_parallel_v1_r2_mu010,R2,patchy_high,64,91,final_wealth_gini,0.49174278642532143
ecology_perception_parallel_v1_r2_mu010,R2,split_high_low,64,91,eval_mean_mean_resource_fraction,0.14654931564765578
ecology_perception_parallel_v1_r2_mu010,R2,split_high_low,64,91,eval_mean_mean_reserve_welfare,0.6969044493761417
ecology_perception_parallel_v1_r2_mu010,R2,split_high_low,64,91,final_wealth_gini,0.5810986621038137
ecology_perception_parallel_v1_r2_mu010,R2,uniform_high,64,92,eval_mean_mean_resource_fraction,0.11890792678226243
ecology_perception_parallel_v1_r2_mu010,R2,uniform_high,64,92,eval_mean_mean_reserve_welfare,0.6542588299241517
ecology_perception_parallel_v1_r2_mu010,R2,uniform_high,64,92,final_wealth_gini,0.5562467667017637
ecology_perception_parallel_v1_r2_mu010,R2,patchy_high,64,92,eval_mean_mean_resource_fraction,0.12757239722537056
ecology_perception_parallel_v1_r2_mu010,R2,patchy_high,64,92,eval_mean_mean_reserve_welfare,0.6515492825767552
ecology_perception_parallel_v1_r2_mu010,R2,patchy_high,64,92,final_wealth_gini,0.5640307973749892
ecology_perception_parallel_v1_r2_mu010,R2,split_high_low,64,92,eval_mean_mean_resource_fraction,0.10456744021138947
ecology_perception_parallel_v1_r2_mu010,R2,split_high_low,64,92,eval_mean_mean_reserve_welfare,0.6057388559286763
ecology_perception_parallel_v1_r2_mu010,R2,split_high_low,64,92,final_wealth_gini,0.6206378494230935
ecology_perception_parallel_v1_r2_mu010,R2,uniform_high,64,93,eval_mean_mean_resource_fraction,0.09384530856993806
ecology_perception_parallel_v1_r2_mu010,R2,uniform_high,64,93,eval_mean_mean_reserve_welfare,0.8218425311698176
ecology_perception_parallel_v1_r2_mu010,R2,uniform_high,64,93,final_wealth_gini,0.36526517266390557
ecology_perception_parallel_v1_r2_mu010,R2,patchy_high,64,93,eval_mean_mean_resource_fraction,0.08676228900075841
ecology_perception_parallel_v1_r2_mu010,R2,patchy_high,64,93,eval_mean_mean_reserve_welfare,0.7457839579293194
ecology_perception_parallel_v1_r2_mu010,R2,patchy_high,64,93,final_wealth_gini,0.4341935446403422
ecology_perception_parallel_v1_r2_mu010,R2,split_high_low,64,93,eval_mean_mean_resource_fraction,0.16520427881955674
ecology_perception_parallel_v1_r2_mu010,R2,split_high_low,64,93,eval_mean_mean_reserve_welfare,0.6442903764468991
ecology_perception_parallel_v1_r2_mu010,R2,split_high_low,64,93,final_wealth_gini,0.6605854246283658
ecology_perception_parallel_v1_r2_mu010,R2,uniform_high,64,94,eval_mean_mean_resource_fraction,0.12087055539465558
ecology_perception_parallel_v1_r2_mu010,R2,uniform_high,64,94,eval_mean_mean_reserve_welfare,0.7421849401692259
ecology_perception_parallel_v1_r2_mu010,R2,uniform_high,64,94,final_wealth_gini,0.43063051558922516
ecology_perception_parallel_v1_r2_mu010,R2,patchy_high,64,94,eval_mean_mean_resource_fraction,0.10597229394374238
ecology_perception_parallel_v1_r2_mu010,R2,patchy_high,64,94,eval_mean_mean_reserve_welfare,0.6981618855819833
ecology_perception_parallel_v1_r2_mu010,R2,patchy_high,64,94,final_wealth_gini,0.4916634757497611
ecology_perception_parallel_v1_r2_mu010,R2,split_high_low,64,94,eval_mean_mean_resource_fraction,0.10560393812546615
ecology_perception_parallel_v1_r2_mu010,R2,split_high_low,64,94,eval_mean_mean_reserve_welfare,0.6279056169460809
ecology_perception_parallel_v1_r2_mu010,R2,split_high_low,64,94,final_wealth_gini,0.6340783395508196
ecology_perception_parallel_v1_r2_mu010,R2,uniform_high,64,95,eval_mean_mean_resource_fraction,0.15165772470322877
ecology_perception_parallel_v1_r2_mu010,R2,uniform_high,64,95,eval_mean_mean_reserve_welfare,0.8096666778043805
ecology_perception_parallel_v1_r2_mu010,R2,uniform_high,64,95,final_wealth_gini,0.46118199192278153
ecology_perception_parallel_v1_r2_mu010,R2,patchy_high,64,95,eval_mean_mean_resource_fraction,0.1360401985927856
ecology_perception_parallel_v1_r2_mu010,R2,patchy_high,64,95,eval_mean_mean_reserve_welfare,0.7239880468290645
ecology_perception_parallel_v1_r2_mu010,R2,patchy_high,64,95,final_wealth_gini,0.4822806224709588
ecology_perception_parallel_v1_r2_mu010,R2,split_high_low,64,95,eval_mean_mean_resource_fraction,0.13507962034466245
ecology_perception_parallel_v1_r2_mu010,R2,split_high_low,64,95,eval_mean_mean_reserve_welfare,0.7614245422108336
ecology_perception_parallel_v1_r2_mu010,R2,split_high_low,64,95,final_wealth_gini,0.5381773968341719
ecology_perception_parallel_v1_r2_mu010,R2,uniform_high,64,96,eval_mean_mean_resource_fraction,0.19815829283788397
ecology_perception_parallel_v1_r2_mu010,R2,uniform_high,64,96,eval_mean_mean_reserve_welfare,0.8834352550669011
ecology_perception_parallel_v1_r2_mu010,R2,uniform_high,64,96,final_wealth_gini,0.40734467759392223
ecology_perception_parallel_v1_r2_mu010,R2,patchy_high,64,96,eval_mean_mean_resource_fraction,0.16583290173881207
ecology_perception_parallel_v1_r2_mu010,R2,patchy_high,64,96,eval_mean_mean_reserve_welfare,0.8374761111680862
ecology_perception_parallel_v1_r2_mu010,R2,patchy_high,64,96,final_wealth_gini,0.4451540603637314
ecology_perception_parallel_v1_r2_mu010,R2,split_high_low,64,96,eval_mean_mean_resource_fraction,0.1824167761289526
ecology_perception_parallel_v1_r2_mu010,R2,split_high_low,64,96,eval_mean_mean_reserve_welfare,0.7122872743758937
ecology_perception_parallel_v1_r2_mu010,R2,split_high_low,64,96,final_wealth_gini,0.5900033131988667
ecology_perception_parallel_v1_r2_mu010,R2,uniform_high,64,97,eval_mean_mean_resource_fraction,0.14346590557271677
ecology_perception_parallel_v1_r2_mu010,R2,uniform_high,64,97,eval_mean_mean_reserve_welfare,0.9127922398496994
ecology_perception_parallel_v1_r2_mu010,R2,uniform_high,64,97,final_wealth_gini,0.3573703109782218
ecology_perception_parallel_v1_r2_mu010,R2,patchy_high,64,97,eval_mean_mean_resource_fraction,0.1482145334561763
ecology_perception_parallel_v1_r2_mu010,R2,patchy_high,64,97,eval_mean_mean_reserve_welfare,0.8801745925809906
ecology_perception_parallel_v1_r2_mu010,R2,patchy_high,64,97,final_wealth_gini,0.3800998614980038
ecology_perception_parallel_v1_r2_mu010,R2,split_high_low,64,97,eval_mean_mean_resource_fraction,0.11532020543876166
ecology_perception_parallel_v1_r2_mu010,R2,split_high_low,64,97,eval_mean_mean_reserve_welfare,0.7030779266596549
ecology_perception_parallel_v1_r2_mu010,R2,split_high_low,64,97,final_wealth_gini,0.593284902847675
ecology_perception_parallel_v1_r2_mu010,R2,uniform_high,64,98,eval_mean_mean_resource_fraction,0.09515662112540685
ecology_perception_parallel_v1_r2_mu010,R2,uniform_high,64,98,eval_mean_mean_reserve_welfare,0.6772667555460651
ecology_perception_parallel_v1_r2_mu010,R2,uniform_high,64,98,final_wealth_gini,0.5081378931671092
ecology_perception_parallel_v1_r2_mu010,R2,patchy_high,64,98,eval_mean_mean_resource_fraction,0.10541409013504724
ecology_perception_parallel_v1_r2_mu010,R2,patchy_high,64,98,eval_mean_mean_reserve_welfare,0.6962102520547916
ecology_perception_parallel_v1_r2_mu010,R2,patchy_high,64,98,final_wealth_gini,0.517734415435545
ecology_perception_parallel_v1_r2_mu010,R2,split_high_low,64,98,eval_mean_mean_resource_fraction,0.08239770930350415
ecology_perception_parallel_v1_r2_mu010,R2,split_high_low,64,98,eval_mean_mean_reserve_welfare,0.5975898647758984
ecology_perception_parallel_v1_r2_mu010,R2,split_high_low,64,98,final_wealth_gini,0.6576757981476413
ecology_perception_parallel_v1_r2_mu010,R2,uniform_high,64,99,eval_mean_mean_resource_fraction,0.11314210650943683
ecology_perception_parallel_v1_r2_mu010,R2,uniform_high,64,99,eval_mean_mean_reserve_welfare,0.7566383211703182
ecology_perception_parallel_v1_r2_mu010,R2,uniform_high,64,99,final_wealth_gini,0.45664954894498244
ecology_perception_parallel_v1_r2_mu010,R2,patchy_high,64,99,eval_mean_mean_resource_fraction,0.11073313921991981
ecology_perception_parallel_v1_r2_mu010,R2,patchy_high,64,99,eval_mean_mean_reserve_welfare,0.7829151306946767
ecology_perception_parallel_v1_r2_mu010,R2,patchy_high,64,99,final_wealth_gini,0.4408954294534613
ecology_perception_parallel_v1_r2_mu010,R2,split_high_low,64,99,eval_mean_mean_resource_fraction,0.11308147499573834
ecology_perception_parallel_v1_r2_mu010,R2,split_high_low,64,99,eval_mean_mean_reserve_welfare,0.665136345429196
ecology_perception_parallel_v1_r2_mu010,R2,split_high_low,64,99,final_wealth_gini,0.6235267519776011
ecology_perception_parallel_v1_r0_r2_mu010,"R0 (theta=0.25, matched mu=0.1)",uniform_high,64,0,eval_mean_mean_resource_fraction,0.09215941674547967
ecology_perception_parallel_v1_r0_r2_mu010,"R0 (theta=0.25, matched mu=0.1)",uniform_high,64,0,eval_mean_mean_reserve_welfare,0.7628007535799177
ecology_perception_parallel_v1_r0_r2_mu010,"R0 (theta=0.25, matched mu=0.1)",uniform_high,64,0,final_wealth_gini,0.3786986623548778
ecology_perception_parallel_v1_r0_r2_mu010,"R0 (theta=0.25, matched mu=0.1)",patchy_high,64,0,eval_mean_mean_resource_fraction,0.11008910754122912
ecology_perception_parallel_v1_r0_r2_mu010,"R0 (theta=0.25, matched mu=0.1)",patchy_high,64,0,eval_mean_mean_reserve_welfare,0.8044510965976052
ecology_perception_parallel_v1_r0_r2_mu010,"R0 (theta=0.25, matched mu=0.1)",patchy_high,64,0,final_wealth_gini,0.41688856453402257
ecology_perception_parallel_v1_r0_r2_mu010,"R0 (theta=0.25, matched mu=0.1)",split_high_low,64,0,eval_mean_mean_resource_fraction,0.07520864467482011
ecology_perception_parallel_v1_r0_r2_mu010,"R0 (theta=0.25, matched mu=0.1)",split_high_low,64,0,eval_mean_mean_reserve_welfare,0.6797282136746695
ecology_perception_parallel_v1_r0_r2_mu010,"R0 (theta=0.25, matched mu=0.1)",split_high_low,64,0,final_wealth_gini,0.5710987339283484
ecology_perception_parallel_v1_r0_r2_mu010,"R0 (theta=0.25, matched mu=0.1)",uniform_high,64,1,eval_mean_mean_resource_fraction,0.07018077060350027
ecology_perception_parallel_v1_r0_r2_mu010,"R0 (theta=0.25, matched mu=0.1)",uniform_high,64,1,eval_mean_mean_reserve_welfare,0.6075601264812974
ecology_perception_parallel_v1_r0_r2_mu010,"R0 (theta=0.25, matched mu=0.1)",uniform_high,64,1,final_wealth_gini,0.46687472760269877
ecology_perception_parallel_v1_r0_r2_mu010,"R0 (theta=0.25, matched mu=0.1)",patchy_high,64,1,eval_mean_mean_resource_fraction,0.0689154356799888
ecology_perception_parallel_v1_r0_r2_mu010,"R0 (theta=0.25, matched mu=0.1)",patchy_high,64,1,eval_mean_mean_reserve_welfare,0.5979798518114178
ecology_perception_parallel_v1_r0_r2_mu010,"R0 (theta=0.25, matched mu=0.1)",patchy_high,64,1,final_wealth_gini,0.49027542819035785
ecology_perception_parallel_v1_r0_r2_mu010,"R0 (theta=0.25, matched mu=0.1)",split_high_low,64,1,eval_mean_mean_resource_fraction,0.05682582337544676
ecology_perception_parallel_v1_r0_r2_mu010,"R0 (theta=0.25, matched mu=0.1)",split_high_low,64,1,eval_mean_mean_reserve_welfare,0.649970070661876
ecology_perception_parallel_v1_r0_r2_mu010,"R0 (theta=0.25, matched mu=0.1)",split_high_low,64,1,final_wealth_gini,0.5234088993047943
ecology_perception_parallel_v1_r0_r2_mu010,"R0 (theta=0.25, matched mu=0.1)",uniform_high,64,2,eval_mean_mean_resource_fraction,0.07985428135456314
ecology_perception_parallel_v1_r0_r2_mu010,"R0 (theta=0.25, matched mu=0.1)",uniform_high,64,2,eval_mean_mean_reserve_welfare,0.7106275485579133
ecology_perception_parallel_v1_r0_r2_mu010,"R0 (theta=0.25, matched mu=0.1)",uniform_high,64,2,final_wealth_gini,0.37558129368092175
ecology_perception_parallel_v1_r0_r2_mu010,"R0 (theta=0.25, matched mu=0.1)",patchy_high,64,2,eval_mean_mean_resource_fraction,0.1461462105150988
ecology_perception_parallel_v1_r0_r2_mu010,"R0 (theta=0.25, matched mu=0.1)",patchy_high,64,2,eval_mean_mean_reserve_welfare,0.8633234850261894
ecology_perception_parallel_v1_r0_r2_mu010,"R0 (theta=0.25, matched mu=0.1)",patchy_high,64,2,final_wealth_gini,0.4183548451096921
ecology_perception_parallel_v1_r0_r2_mu010,"R0 (theta=0.25, matched mu=0.1)",split_high_low,64,2,eval_mean_mean_resource_fraction,0.07155021533062725
ecology_perception_parallel_v1_r0_r2_mu010,"R0 (theta=0.25, matched mu=0.1)",split_high_low,64,2,eval_mean_mean_reserve_welfare,0.614222810739891
ecology_perception_parallel_v1_r0_r2_mu010,"R0 (theta=0.25, matched mu=0.1)",split_high_low,64,2,final_wealth_gini,0.5536366451459545
ecology_perception_parallel_v1_r0_r2_mu010,"R0 (theta=0.25, matched mu=0.1)",uniform_high,64,3,eval_mean_mean_resource_fraction,0.0793448576601681
ecology_perception_parallel_v1_r0_r2_mu010,"R0 (theta=0.25, matched mu=0.1)",uniform_high,64,3,eval_mean_mean_reserve_welfare,0.6811900880107749
ecology_perception_parallel_v1_r0_r2_mu010,"R0 (theta=0.25, matched mu=0.1)",uniform_high,64,3,final_wealth_gini,0.4750624163595818
ecology_perception_parallel_v1_r0_r2_mu010,"R0 (theta=0.25, matched mu=0.1)",patchy_high,64,3,eval_mean_mean_resource_fraction,0.08347604444736886
ecology_perception_parallel_v1_r0_r2_mu010,"R0 (theta=0.25, matched mu=0.1)",patchy_high,64,3,eval_mean_mean_reserve_welfare,0.6685526869464967
ecology_perception_parallel_v1_r0_r2_mu010,"R0 (theta=0.25, matched mu=0.1)",patchy_high,64,3,final_wealth_gini,0.4883433578148142
ecology_perception_parallel_v1_r0_r2_mu010,"R0 (theta=0.25, matched mu=0.1)",split_high_low,64,3,eval_mean_mean_resource_fraction,0.1497786273193815
ecology_perception_parallel_v1_r0_r2_mu010,"R0 (theta=0.25, matched mu=0.1)",split_high_low,64,3,eval_mean_mean_reserve_welfare,0.603127477130528
ecology_perception_parallel_v1_r0_r2_mu010,"R0 (theta=0.25, matched mu=0.1)",split_high_low,64,3,final_wealth_gini,0.6738812657960869
ecology_perception_parallel_v1_r0_r2_mu010,"R0 (theta=0.25, matched mu=0.1)",uniform_high,64,4,eval_mean_mean_resource_fraction,0.10430100991895408
ecology_perception_parallel_v1_r0_r2_mu010,"R0 (theta=0.25, matched mu=0.1)",uniform_high,64,4,eval_mean_mean_reserve_welfare,0.7540043076034126
ecology_perception_parallel_v1_r0_r2_mu010,"R0 (theta=0.25, matched mu=0.1)",uniform_high,64,4,final_wealth_gini,0.43350012915369307
ecology_perception_parallel_v1_r0_r2_mu010,"R0 (theta=0.25, matched mu=0.1)",patchy_high,64,4,eval_mean_mean_resource_fraction,0.13743764483827645
ecology_perception_parallel_v1_r0_r2_mu010,"R0 (theta=0.25, matched mu=0.1)",patchy_high,64,4,eval_mean_mean_reserve_welfare,0.8084837887819231
ecology_perception_parallel_v1_r0_r2_mu010,"R0 (theta=0.25, matched mu=0.1)",patchy_high,64,4,final_wealth_gini,0.44673647518311865
ecology_perception_parallel_v1_r0_r2_mu010,"R0 (theta=0.25, matched mu=0.1)",split_high_low,64,4,eval_mean_mean_resource_fraction,0.10434685617854063
ecology_perception_parallel_v1_r0_r2_mu010,"R0 (theta=0.25, matched mu=0.1)",split_high_low,64,4,eval_mean_mean_reserve_welfare,0.6152768617392269
ecology_perception_parallel_v1_r0_r2_mu010,"R0 (theta=0.25, matched mu=0.1)",split_high_low,64,4,final_wealth_gini,0.6334420486473584
ecology_perception_parallel_v1_r0_r2_mu010,"R0 (theta=0.25, matched mu=0.1)",uniform_high,64,5,eval_mean_mean_resource_fraction,0.11694852917910814
ecology_perception_parallel_v1_r0_r2_mu010,"R0 (theta=0.25, matched mu=0.1)",uniform_high,64,5,eval_mean_mean_reserve_welfare,0.7553801703824802
ecology_perception_parallel_v1_r0_r2_mu010,"R0 (theta=0.25, matched mu=0.1)",uniform_high,64,5,final_wealth_gini,0.47975475017003943
ecology_perception_parallel_v1_r0_r2_mu010,"R0 (theta=0.25, matched mu=0.1)",patchy_high,64,5,eval_mean_mean_resource_fraction,0.12260596875858497
ecology_perception_parallel_v1_r0_r2_mu010,"R0 (theta=0.25, matched mu=0.1)",patchy_high,64,5,eval_mean_mean_reserve_welfare,0.7432596258220648
ecology_perception_parallel_v1_r0_r2_mu010,"R0 (theta=0.25, matched mu=0.1)",patchy_high,64,5,final_wealth_gini,0.4829374365325745
ecology_perception_parallel_v1_r0_r2_mu010,"R0 (theta=0.25, matched mu=0.1)",split_high_low,64,5,eval_mean_mean_resource_fraction,0.08672960904792476
ecology_perception_parallel_v1_r0_r2_mu010,"R0 (theta=0.25, matched mu=0.1)",split_high_low,64,5,eval_mean_mean_reserve_welfare,0.5936366868516313
ecology_perception_parallel_v1_r0_r2_mu010,"R0 (theta=0.25, matched mu=0.1)",split_high_low,64,5,final_wealth_gini,0.624789757305733
ecology_perception_parallel_v1_r0_r2_mu010,"R0 (theta=0.25, matched mu=0.1)",uniform_high,64,6,eval_mean_mean_resource_fraction,0.11501236578944014
ecology_perception_parallel_v1_r0_r2_mu010,"R0 (theta=0.25, matched mu=0.1)",uniform_high,64,6,eval_mean_mean_reserve_welfare,0.7561437848401544
ecology_perception_parallel_v1_r0_r2_mu010,"R0 (theta=0.25, matched mu=0.1)",uniform_high,64,6,final_wealth_gini,0.45922821852792217
ecology_perception_parallel_v1_r0_r2_mu010,"R0 (theta=0.25, matched mu=0.1)",patchy_high,64,6,eval_mean_mean_resource_fraction,0.11417772300527938
ecology_perception_parallel_v1_r0_r2_mu010,"R0 (theta=0.25, matched mu=0.1)",patchy_high,64,6,eval_mean_mean_reserve_welfare,0.7421397758163094
ecology_perception_parallel_v1_r0_r2_mu010,"R0 (theta=0.25, matched mu=0.1)",patchy_high,64,6,final_wealth_gini,0.45729995355023223
ecology_perception_parallel_v1_r0_r2_mu010,"R0 (theta=0.25, matched mu=0.1)",split_high_low,64,6,eval_mean_mean_resource_fraction,0.1464731766089362
ecology_perception_parallel_v1_r0_r2_mu010,"R0 (theta=0.25, matched mu=0.1)",split_high_low,64,6,eval_mean_mean_reserve_welfare,0.7409090723441171
ecology_perception_parallel_v1_r0_r2_mu010,"R0 (theta=0.25, matched mu=0.1)",split_high_low,64,6,final_wealth_gini,0.5502488879686136
ecology_perception_parallel_v1_r0_r2_mu010,"R0 (theta=0.25, matched mu=0.1)",uniform_high,64,7,eval_mean_mean_resource_fraction,0.07518896070871661
ecology_perception_parallel_v1_r0_r2_mu010,"R0 (theta=0.25, matched mu=0.1)",uniform_high,64,7,eval_mean_mean_reserve_welfare,0.6885116025878315
ecology_perception_parallel_v1_r0_r2_mu010,"R0 (theta=0.25, matched mu=0.1)",uniform_high,64,7,final_wealth_gini,0.46215879233350177
ecology_perception_parallel_v1_r0_r2_mu010,"R0 (theta=0.25, matched mu=0.1)",patchy_high,64,7,eval_mean_mean_resource_fraction,0.07284791801862436
ecology_perception_parallel_v1_r0_r2_mu010,"R0 (theta=0.25, matched mu=0.1)",patchy_high,64,7,eval_mean_mean_reserve_welfare,0.7170021104848101
ecology_perception_parallel_v1_r0_r2_mu010,"R0 (theta=0.25, matched mu=0.1)",patchy_high,64,7,final_wealth_gini,0.4282573245738406
ecology_perception_parallel_v1_r0_r2_mu010,"R0 (theta=0.25, matched mu=0.1)",split_high_low,64,7,eval_mean_mean_resource_fraction,0.14880542979983832
ecology_perception_parallel_v1_r0_r2_mu010,"R0 (theta=0.25, matched mu=0.1)",split_high_low,64,7,eval_mean_mean_reserve_welfare,0.638605269757144
ecology_perception_parallel_v1_r0_r2_mu010,"R0 (theta=0.25, matched mu=0.1)",split_high_low,64,7,final_wealth_gini,0.6395232345952817
ecology_perception_parallel_v1_r0_r2_mu010,"R0 (theta=0.25, matched mu=0.1)",uniform_high,64,8,eval_mean_mean_resource_fraction,0.15443990614297173
ecology_perception_parallel_v1_r0_r2_mu010,"R0 (theta=0.25, matched mu=0.1)",uniform_high,64,8,eval_mean_mean_reserve_welfare,0.6894747600199634
ecology_perception_parallel_v1_r0_r2_mu010,"R0 (theta=0.25, matched mu=0.1)",uniform_high,64,8,final_wealth_gini,0.5779916324660026
ecology_perception_parallel_v1_r0_r2_mu010,"R0 (theta=0.25, matched mu=0.1)",patchy_high,64,8,eval_mean_mean_resource_fraction,0.1600913504916336
ecology_perception_parallel_v1_r0_r2_mu010,"R0 (theta=0.25, matched mu=0.1)",patchy_high,64,8,eval_mean_mean_reserve_welfare,0.6851344713283789
ecology_perception_parallel_v1_r0_r2_mu010,"R0 (theta=0.25, matched mu=0.1)",patchy_high,64,8,final_wealth_gini,0.572335371313941
ecology_perception_parallel_v1_r0_r2_mu010,"R0 (theta=0.25, matched mu=0.1)",split_high_low,64,8,eval_mean_mean_resource_fraction,0.11457407340810923
ecology_perception_parallel_v1_r0_r2_mu010,"R0 (theta=0.25, matched mu=0.1)",split_high_low,64,8,eval_mean_mean_reserve_welfare,0.6867945004675082
ecology_perception_parallel_v1_r0_r2_mu010,"R0 (theta=0.25, matched mu=0.1)",split_high_low,64,8,final_wealth_gini,0.5572554368859282
ecology_perception_parallel_v1_r0_r2_mu010,"R0 (theta=0.25, matched mu=0.1)",uniform_high,64,9,eval_mean_mean_resource_fraction,0.1325502041349392
ecology_perception_parallel_v1_r0_r2_mu010,"R0 (theta=0.25, matched mu=0.1)",uniform_high,64,9,eval_mean_mean_reserve_welfare,0.7334571070852867
ecology_perception_parallel_v1_r0_r2_mu010,"R0 (theta=0.25, matched mu=0.1)",uniform_high,64,9,final_wealth_gini,0.4856432215808104
ecology_perception_parallel_v1_r0_r2_mu010,"R0 (theta=0.25, matched mu=0.1)",patchy_high,64,9,eval_mean_mean_resource_fraction,0.15465334564274583
ecology_perception_parallel_v1_r0_r2_mu010,"R0 (theta=0.25, matched mu=0.1)",patchy_high,64,9,eval_mean_mean_reserve_welfare,0.8265892421442413
ecology_perception_parallel_v1_r0_r2_mu010,"R0 (theta=0.25, matched mu=0.1)",patchy_high,64,9,final_wealth_gini,0.43721845482371924
ecology_perception_parallel_v1_r0_r2_mu010,"R0 (theta=0.25, matched mu=0.1)",split_high_low,64,9,eval_mean_mean_resource_fraction,0.16526144488278782
ecology_perception_parallel_v1_r0_r2_mu010,"R0 (theta=0.25, matched mu=0.1)",split_high_low,64,9,eval_mean_mean_reserve_welfare,0.6473494519539629
ecology_perception_parallel_v1_r0_r2_mu010,"R0 (theta=0.25, matched mu=0.1)",split_high_low,64,9,final_wealth_gini,0.608451248360327
ecology_perception_parallel_v1_r0_r2_mu010,"R0 (theta=0.25, matched mu=0.1)",uniform_high,64,10,eval_mean_mean_resource_fraction,0.11545839074230686
ecology_perception_parallel_v1_r0_r2_mu010,"R0 (theta=0.25, matched mu=0.1)",uniform_high,64,10,eval_mean_mean_reserve_welfare,0.8025304756006572
ecology_perception_parallel_v1_r0_r2_mu010,"R0 (theta=0.25, matched mu=0.1)",uniform_high,64,10,final_wealth_gini,0.4502880203993531
ecology_perception_parallel_v1_r0_r2_mu010,"R0 (theta=0.25, matched mu=0.1)",patchy_high,64,10,eval_mean_mean_resource_fraction,0.15637137907019757
ecology_perception_parallel_v1_r0_r2_mu010,"R0 (theta=0.25, matched mu=0.1)",patchy_high,64,10,eval_mean_mean_reserve_welfare,0.8207269592921497
ecology_perception_parallel_v1_r0_r2_mu010,"R0 (theta=0.25, matched mu=0.1)",patchy_high,64,10,final_wealth_gini,0.43254566893193225
ecology_perception_parallel_v1_r0_r2_mu010,"R0 (theta=0.25, matched mu=0.1)",split_high_low,64,10,eval_mean_mean_resource_fraction,0.14482065206347117
ecology_perception_parallel_v1_r0_r2_mu010,"R0 (theta=0.25, matched mu=0.1)",split_high_low,64,10,eval_mean_mean_reserve_welfare,0.6530465255508419
ecology_perception_parallel_v1_r0_r2_mu010,"R0 (theta=0.25, matched mu=0.1)",split_high_low,64,10,final_wealth_gini,0.618305812424297
ecology_perception_parallel_v1_r0_r2_mu010,"R0 (theta=0.25, matched mu=0.1)",uniform_high,64,11,eval_mean_mean_resource_fraction,0.08879433129515038
ecology_perception_parallel_v1_r0_r2_mu010,"R0 (theta=0.25, matched mu=0.1)",uniform_high,64,11,eval_mean_mean_reserve_welfare,0.6184079844509306
ecology_perception_parallel_v1_r0_r2_mu010,"R0 (theta=0.25, matched mu=0.1)",uniform_high,64,11,final_wealth_gini,0.5397838110517403
ecology_perception_parallel_v1_r0_r2_mu010,"R0 (theta=0.25, matched mu=0.1)",patchy_high,64,11,eval_mean_mean_resource_fraction,0.1107501770465981
ecology_perception_parallel_v1_r0_r2_mu010,"R0 (theta=0.25, matched mu=0.1)",patchy_high,64,11,eval_mean_mean_reserve_welfare,0.6614168548862311
ecology_perception_parallel_v1_r0_r2_mu010,"R0 (theta=0.25, matched mu=0.1)",patchy_high,64,11,final_wealth_gini,0.49315273931858306
ecology_perception_parallel_v1_r0_r2_mu010,"R0 (theta=0.25, matched mu=0.1)",split_high_low,64,11,eval_mean_mean_resource_fraction,0.08772213865280773
ecology_perception_parallel_v1_r0_r2_mu010,"R0 (theta=0.25, matched mu=0.1)",split_high_low,64,11,eval_mean_mean_reserve_welfare,0.6502962442231756
ecology_perception_parallel_v1_r0_r2_mu010,"R0 (theta=0.25, matched mu=0.1)",split_high_low,64,11,final_wealth_gini,0.5978091451192313
ecology_perception_parallel_v1_r0_r2_mu010,"R0 (theta=0.25, matched mu=0.1)",uniform_high,64,12,eval_mean_mean_resource_fraction,0.1004984027116474
ecology_perception_parallel_v1_r0_r2_mu010,"R0 (theta=0.25, matched mu=0.1)",uniform_high,64,12,eval_mean_mean_reserve_welfare,0.7682488561884565
ecology_perception_parallel_v1_r0_r2_mu010,"R0 (theta=0.25, matched mu=0.1)",uniform_high,64,12,final_wealth_gini,0.4417614532487919
ecology_perception_parallel_v1_r0_r2_mu010,"R0 (theta=0.25, matched mu=0.1)",patchy_high,64,12,eval_mean_mean_resource_fraction,0.11183316070855774
ecology_perception_parallel_v1_r0_r2_mu010,"R0 (theta=0.25, matched mu=0.1)",patchy_high,64,12,eval_mean_mean_reserve_welfare,0.7601199650068413
ecology_perception_parallel_v1_r0_r2_mu010,"R0 (theta=0.25, matched mu=0.1)",patchy_high,64,12,final_wealth_gini,0.4298643530194366
ecology_perception_parallel_v1_r0_r2_mu010,"R0 (theta=0.25, matched mu=0.1)",split_high_low,64,12,eval_mean_mean_resource_fraction,0.1736795816668435
ecology_perception_parallel_v1_r0_r2_mu010,"R0 (theta=0.25, matched mu=0.1)",split_high_low,64,12,eval_mean_mean_reserve_welfare,0.603719848824775
ecology_perception_parallel_v1_r0_r2_mu010,"R0 (theta=0.25, matched mu=0.1)",split_high_low,64,12,final_wealth_gini,0.6981610058428873
ecology_perception_parallel_v1_r0_r2_mu010,"R0 (theta=0.25, matched mu=0.1)",uniform_high,64,13,eval_mean_mean_resource_fraction,0.09966162322222144
ecology_perception_parallel_v1_r0_r2_mu010,"R0 (theta=0.25, matched mu=0.1)",uniform_high,64,13,eval_mean_mean_reserve_welfare,0.6730861507543145
ecology_perception_parallel_v1_r0_r2_mu010,"R0 (theta=0.25, matched mu=0.1)",uniform_high,64,13,final_wealth_gini,0.5231660020631004
ecology_perception_parallel_v1_r0_r2_mu010,"R0 (theta=0.25, matched mu=0.1)",patchy_high,64,13,eval_mean_mean_resource_fraction,0.10159270837888289
ecology_perception_parallel_v1_r0_r2_mu010,"R0 (theta=0.25, matched mu=0.1)",patchy_high,64,13,eval_mean_mean_reserve_welfare,0.6709443387143035
ecology_perception_parallel_v1_r0_r2_mu010,"R0 (theta=0.25, matched mu=0.1)",patchy_high,64,13,final_wealth_gini,0.5271638322410246
ecology_perception_parallel_v1_r0_r2_mu010,"R0 (theta=0.25, matched mu=0.1)",split_high_low,64,13,eval_mean_mean_resource_fraction,0.13065183132825303
ecology_perception_parallel_v1_r0_r2_mu010,"R0 (theta=0.25, matched mu=0.1)",split_high_low,64,13,eval_mean_mean_reserve_welfare,0.597036376685775
ecology_perception_parallel_v1_r0_r2_mu010,"R0 (theta=0.25, matched mu=0.1)",split_high_low,64,13,final_wealth_gini,0.6892380177852779
ecology_perception_parallel_v1_r0_r2_mu010,"R0 (theta=0.25, matched mu=0.1)",uniform_high,64,14,eval_mean_mean_resource_fraction,0.09175606723563215
ecology_perception_parallel_v1_r0_r2_mu010,"R0 (theta=0.25, matched mu=0.1)",uniform_high,64,14,eval_mean_mean_reserve_welfare,0.7614901076808869
ecology_perception_parallel_v1_r0_r2_mu010,"R0 (theta=0.25, matched mu=0.1)",uniform_high,64,14,final_wealth_gini,0.4171524075062252
ecology_perception_parallel_v1_r0_r2_mu010,"R0 (theta=0.25, matched mu=0.1)",patchy_high,64,14,eval_mean_mean_resource_fraction,0.137329971305139
ecology_perception_parallel_v1_r0_r2_mu010,"R0 (theta=0.25, matched mu=0.1)",patchy_high,64,14,eval_mean_mean_reserve_welfare,0.8537709974268242
ecology_perception_parallel_v1_r0_r2_mu010,"R0 (theta=0.25, matched mu=0.1)",patchy_high,64,14,final_wealth_gini,0.39690130251130085
ecology_perception_parallel_v1_r0_r2_mu010,"R0 (theta=0.25, matched mu=0.1)",split_high_low,64,14,eval_mean_mean_resource_fraction,0.16674485505986048
ecology_perception_parallel_v1_r0_r2_mu010,"R0 (theta=0.25, matched mu=0.1)",split_high_low,64,14,eval_mean_mean_reserve_welfare,0.6284286162099805
ecology_perception_parallel_v1_r0_r2_mu010,"R0 (theta=0.25, matched mu=0.1)",split_high_low,64,14,final_wealth_gini,0.6559693420063082
ecology_perception_parallel_v1_r0_r2_mu010,"R0 (theta=0.25, matched mu=0.1)",uniform_high,64,15,eval_mean_mean_resource_fraction,0.12785103788740157
ecology_perception_parallel_v1_r0_r2_mu010,"R0 (theta=0.25, matched mu=0.1)",uniform_high,64,15,eval_mean_mean_reserve_welfare,0.7755586570719367
ecology_perception_parallel_v1_r0_r2_mu010,"R0 (theta=0.25, matched mu=0.1)",uniform_high,64,15,final_wealth_gini,0.46439190202969693
ecology_perception_parallel_v1_r0_r2_mu010,"R0 (theta=0.25, matched mu=0.1)",patchy_high,64,15,eval_mean_mean_resource_fraction,0.11829883078434102
ecology_perception_parallel_v1_r0_r2_mu010,"R0 (theta=0.25, matched mu=0.1)",patchy_high,64,15,eval_mean_mean_reserve_welfare,0.8293134857054113
ecology_perception_parallel_v1_r0_r2_mu010,"R0 (theta=0.25, matched mu=0.1)",patchy_high,64,15,final_wealth_gini,0.39030772859293617
ecology_perception_parallel_v1_r0_r2_mu010,"R0 (theta=0.25, matched mu=0.1)",split_high_low,64,15,eval_mean_mean_resource_fraction,0.12505039338520252
ecology_perception_parallel_v1_r0_r2_mu010,"R0 (theta=0.25, matched mu=0.1)",split_high_low,64,15,eval_mean_mean_reserve_welfare,0.5984618719997522
ecology_perception_parallel_v1_r0_r2_mu010,"R0 (theta=0.25, matched mu=0.1)",split_high_low,64,15,final_wealth_gini,0.65119810575926
ecology_perception_parallel_v1_r0_r2_mu010,"R0 (theta=0.25, matched mu=0.1)",uniform_high,64,16,eval_mean_mean_resource_fraction,0.10503065285124207
ecology_perception_parallel_v1_r0_r2_mu010,"R0 (theta=0.25, matched mu=0.1)",uniform_high,64,16,eval_mean_mean_reserve_welfare,0.7571951998996562
ecology_perception_parallel_v1_r0_r2_mu010,"R0 (theta=0.25, matched mu=0.1)",uniform_high,64,16,final_wealth_gini,0.44618782380645583
ecology_perception_parallel_v1_r0_r2_mu010,"R0 (theta=0.25, matched mu=0.1)",patchy_high,64,16,eval_mean_mean_resource_fraction,0.11980185199403581
ecology_perception_parallel_v1_r0_r2_mu010,"R0 (theta=0.25, matched mu=0.1)",patchy_high,64,16,eval_mean_mean_reserve_welfare,0.7309094552502617
ecology_perception_parallel_v1_r0_r2_mu010,"R0 (theta=0.25, matched mu=0.1)",patchy_high,64,16,final_wealth_gini,0.4753350213147416
ecology_perception_parallel_v1_r0_r2_mu010,"R0 (theta=0.25, matched mu=0.1)",split_high_low,64,16,eval_mean_mean_resource_fraction,0.08752315241566189
ecology_perception_parallel_v1_r0_r2_mu010,"R0 (theta=0.25, matched mu=0.1)",split_high_low,64,16,eval_mean_mean_reserve_welfare,0.5286936092988999
ecology_perception_parallel_v1_r0_r2_mu010,"R0 (theta=0.25, matched mu=0.1)",split_high_low,64,16,final_wealth_gini,0.6727613604684577
ecology_perception_parallel_v1_r0_r2_mu010,"R0 (theta=0.25, matched mu=0.1)",uniform_high,64,17,eval_mean_mean_resource_fraction,0.12244899511672047
ecology_perception_parallel_v1_r0_r2_mu010,"R0 (theta=0.25, matched mu=0.1)",uniform_high,64,17,eval_mean_mean_reserve_welfare,0.7051150370655009
ecology_perception_parallel_v1_r0_r2_mu010,"R0 (theta=0.25, matched mu=0.1)",uniform_high,64,17,final_wealth_gini,0.5092994033830827
ecology_perception_parallel_v1_r0_r2_mu010,"R0 (theta=0.25, matched mu=0.1)",patchy_high,64,17,eval_mean_mean_resource_fraction,0.1026571813543452
ecology_perception_parallel_v1_r0_r2_mu010,"R0 (theta=0.25, matched mu=0.1)",patchy_high,64,17,eval_mean_mean_reserve_welfare,0.6195614935675566
ecology_perception_parallel_v1_r0_r2_mu010,"R0 (theta=0.25, matched mu=0.1)",patchy_high,64,17,final_wealth_gini,0.5355642483113923
ecology_perception_parallel_v1_r0_r2_mu010,"R0 (theta=0.25, matched mu=0.1)",split_high_low,64,17,eval_mean_mean_resource_fraction,0.12664956783933753
ecology_perception_parallel_v1_r0_r2_mu010,"R0 (theta=0.25, matched mu=0.1)",split_high_low,64,17,eval_mean_mean_reserve_welfare,0.5567793103411875
ecology_perception_parallel_v1_r0_r2_mu010,"R0 (theta=0.25, matched mu=0.1)",split_high_low,64,17,final_wealth_gini,0.6913335092923445
ecology_perception_parallel_v1_r0_r2_mu010,"R0 (theta=0.25, matched mu=0.1)",uniform_high,64,18,eval_mean_mean_resource_fraction,0.16724750282031065
ecology_perception_parallel_v1_r0_r2_mu010,"R0 (theta=0.25, matched mu=0.1)",uniform_high,64,18,eval_mean_mean_reserve_welfare,0.869671728733408
ecology_perception_parallel_v1_r0_r2_mu010,"R0 (theta=0.25, matched mu=0.1)",uniform_high,64,18,final_wealth_gini,0.4099003476654306
ecology_perception_parallel_v1_r0_r2_mu010,"R0 (theta=0.25, matched mu=0.1)",patchy_high,64,18,eval_mean_mean_resource_fraction,0.08433596420064852
ecology_perception_parallel_v1_r0_r2_mu010,"R0 (theta=0.25, matched mu=0.1)",patchy_high,64,18,eval_mean_mean_reserve_welfare,0.7326009929063544
ecology_perception_parallel_v1_r0_r2_mu010,"R0 (theta=0.25, matched mu=0.1)",patchy_high,64,18,final_wealth_gini,0.3550687975676028
ecology_perception_parallel_v1_r0_r2_mu010,"R0 (theta=0.25, matched mu=0.1)",split_high_low,64,18,eval_mean_mean_resource_fraction,0.08575534446218445
ecology_perception_parallel_v1_r0_r2_mu010,"R0 (theta=0.25, matched mu=0.1)",split_high_low,64,18,eval_mean_mean_reserve_welfare,0.6138827748284504
ecology_perception_parallel_v1_r0_r2_mu010,"R0 (theta=0.25, matched mu=0.1)",split_high_low,64,18,final_wealth_gini,0.600249925379357
ecology_perception_parallel_v1_r0_r2_mu010,"R0 (theta=0.25, matched mu=0.1)",uniform_high,64,19,eval_mean_mean_resource_fraction,0.10070599414771052
ecology_perception_parallel_v1_r0_r2_mu010,"R0 (theta=0.25, matched mu=0.1)",uniform_high,64,19,eval_mean_mean_reserve_welfare,0.8218353768038612
ecology_perception_parallel_v1_r0_r2_mu010,"R0 (theta=0.25, matched mu=0.1)",uniform_high,64,19,final_wealth_gini,0.3693954367663568
ecology_perception_parallel_v1_r0_r2_mu010,"R0 (theta=0.25, matched mu=0.1)",patchy_high,64,19,eval_mean_mean_resource_fraction,0.07275288569414173
ecology_perception_parallel_v1_r0_r2_mu010,"R0 (theta=0.25, matched mu=0.1)",patchy_high,64,19,eval_mean_mean_reserve_welfare,0.6775626477273031
ecology_perception_parallel_v1_r0_r2_mu010,"R0 (theta=0.25, matched mu=0.1)",patchy_high,64,19,final_wealth_gini,0.4264874284941236
ecology_perception_parallel_v1_r0_r2_mu010,"R0 (theta=0.25, matched mu=0.1)",split_high_low,64,19,eval_mean_mean_resource_fraction,0.08349929907083646
ecology_perception_parallel_v1_r0_r2_mu010,"R0 (theta=0.25, matched mu=0.1)",split_high_low,64,19,eval_mean_mean_reserve_welfare,0.6495618272064514
ecology_perception_parallel_v1_r0_r2_mu010,"R0 (theta=0.25, matched mu=0.1)",split_high_low,64,19,final_wealth_gini,0.5986433073835633
ecology_perception_parallel_v1_r0_r2_mu010,"R0 (theta=0.25, matched mu=0.1)",uniform_high,64,20,eval_mean_mean_resource_fraction,0.09738706525572506
ecology_perception_parallel_v1_r0_r2_mu010,"R0 (theta=0.25, matched mu=0.1)",uniform_high,64,20,eval_mean_mean_reserve_welfare,0.7244151945837973
ecology_perception_parallel_v1_r0_r2_mu010,"R0 (theta=0.25, matched mu=0.1)",uniform_high,64,20,final_wealth_gini,0.4660451776263457
ecology_perception_parallel_v1_r0_r2_mu010,"R0 (theta=0.25, matched mu=0.1)",patchy_high,64,20,eval_mean_mean_resource_fraction,0.10424490142498624
ecology_perception_parallel_v1_r0_r2_mu010,"R0 (theta=0.25, matched mu=0.1)",patchy_high,64,20,eval_mean_mean_reserve_welfare,0.7228639203351163
ecology_perception_parallel_v1_r0_r2_mu010,"R0 (theta=0.25, matched mu=0.1)",patchy_high,64,20,final_wealth_gini,0.49057538450903304
ecology_perception_parallel_v1_r0_r2_mu010,"R0 (theta=0.25, matched mu=0.1)",split_high_low,64,20,eval_mean_mean_resource_fraction,0.11168032558316306
ecology_perception_parallel_v1_r0_r2_mu010,"R0 (theta=0.25, matched mu=0.1)",split_high_low,64,20,eval_mean_mean_reserve_welfare,0.5790434401892174
ecology_perception_parallel_v1_r0_r2_mu010,"R0 (theta=0.25, matched mu=0.1)",split_high_low,64,20,final_wealth_gini,0.6622108837334066
ecology_perception_parallel_v1_r0_r2_mu010,"R0 (theta=0.25, matched mu=0.1)",uniform_high,64,21,eval_mean_mean_resource_fraction,0.09132602039631016
ecology_perception_parallel_v1_r0_r2_mu010,"R0 (theta=0.25, matched mu=0.1)",uniform_high,64,21,eval_mean_mean_reserve_welfare,0.7213595016710439
ecology_perception_parallel_v1_r0_r2_mu010,"R0 (theta=0.25, matched mu=0.1)",uniform_high,64,21,final_wealth_gini,0.43532007242131643
ecology_perception_parallel_v1_r0_r2_mu010,"R0 (theta=0.25, matched mu=0.1)",patchy_high,64,21,eval_mean_mean_resource_fraction,0.11118535004088302
ecology_perception_parallel_v1_r0_r2_mu010,"R0 (theta=0.25, matched mu=0.1)",patchy_high,64,21,eval_mean_mean_reserve_welfare,0.7682090088077285
ecology_perception_parallel_v1_r0_r2_mu010,"R0 (theta=0.25, matched mu=0.1)",patchy_high,64,21,final_wealth_gini,0.4642524147100515
ecology_perception_parallel_v1_r0_r2_mu010,"R0 (theta=0.25, matched mu=0.1)",split_high_low,64,21,eval_mean_mean_resource_fraction,0.10833292766754818
ecology_perception_parallel_v1_r0_r2_mu010,"R0 (theta=0.25, matched mu=0.1)",split_high_low,64,21,eval_mean_mean_reserve_welfare,0.6542378914306781
ecology_perception_parallel_v1_r0_r2_mu010,"R0 (theta=0.25, matched mu=0.1)",split_high_low,64,21,final_wealth_gini,0.6355802367834091
ecology_perception_parallel_v1_r0_r2_mu010,"R0 (theta=0.25, matched mu=0.1)",uniform_high,64,22,eval_mean_mean_resource_fraction,0.11371288409041791
ecology_perception_parallel_v1_r0_r2_mu010,"R0 (theta=0.25, matched mu=0.1)",uniform_high,64,22,eval_mean_mean_reserve_welfare,0.8245757434337162
ecology_perception_parallel_v1_r0_r2_mu010,"R0 (theta=0.25, matched mu=0.1)",uniform_high,64,22,final_wealth_gini,0.3940836306049691
ecology_perception_parallel_v1_r0_r2_mu010,"R0 (theta=0.25, matched mu=0.1)",patchy_high,64,22,eval_mean_mean_resource_fraction,0.12690030084118042
ecology_perception_parallel_v1_r0_r2_mu010,"R0 (theta=0.25, matched mu=0.1)",patchy_high,64,22,eval_mean_mean_reserve_welfare,0.8622437039614466
ecology_perception_parallel_v1_r0_r2_mu010,"R0 (theta=0.25, matched mu=0.1)",patchy_high,64,22,final_wealth_gini,0.3735836583934431
ecology_perception_parallel_v1_r0_r2_mu010,"R0 (theta=0.25, matched mu=0.1)",split_high_low,64,22,eval_mean_mean_resource_fraction,0.13196908677652283
ecology_perception_parallel_v1_r0_r2_mu010,"R0 (theta=0.25, matched mu=0.1)",split_high_low,64,22,eval_mean_mean_reserve_welfare,0.6575844923410075
ecology_perception_parallel_v1_r0_r2_mu010,"R0 (theta=0.25, matched mu=0.1)",split_high_low,64,22,final_wealth_gini,0.6586868691394123
ecology_perception_parallel_v1_r0_r2_mu010,"R0 (theta=0.25, matched mu=0.1)",uniform_high,64,23,eval_mean_mean_resource_fraction,0.14619317730886477
ecology_perception_parallel_v1_r0_r2_mu010,"R0 (theta=0.25, matched mu=0.1)",uniform_high,64,23,eval_mean_mean_reserve_welfare,0.8446447349540653
ecology_perception_parallel_v1_r0_r2_mu010,"R0 (theta=0.25, matched mu=0.1)",uniform_high,64,23,final_wealth_gini,0.45087004107383377
ecology_perception_parallel_v1_r0_r2_mu010,"R0 (theta=0.25, matched mu=0.1)",patchy_high,64,23,eval_mean_mean_resource_fraction,0.13137492966898645
ecology_perception_parallel_v1_r0_r2_mu010,"R0 (theta=0.25, matched mu=0.1)",patchy_high,64,23,eval_mean_mean_reserve_welfare,0.7854391933075151
ecology_perception_parallel_v1_r0_r2_mu010,"R0 (theta=0.25, matched mu=0.1)",patchy_high,64,23,final_wealth_gini,0.44356372640102926
ecology_perception_parallel_v1_r0_r2_mu010,"R0 (theta=0.25, matched mu=0.1)",split_high_low,64,23,eval_mean_mean_resource_fraction,0.15683246411695095
ecology_perception_parallel_v1_r0_r2_mu010,"R0 (theta=0.25, matched mu=0.1)",split_high_low,64,23,eval_mean_mean_reserve_welfare,0.6794889170900892
ecology_perception_parallel_v1_r0_r2_mu010,"R0 (theta=0.25, matched mu=0.1)",split_high_low,64,23,final_wealth_gini,0.5833110740177063
ecology_perception_parallel_v1_r0_r2_mu010,"R0 (theta=0.25, matched mu=0.1)",uniform_high,64,24,eval_mean_mean_resource_fraction,0.13781290689001646
ecology_perception_parallel_v1_r0_r2_mu010,"R0 (theta=0.25, matched mu=0.1)",uniform_high,64,24,eval_mean_mean_reserve_welfare,0.927335472934656
ecology_perception_parallel_v1_r0_r2_mu010,"R0 (theta=0.25, matched mu=0.1)",uniform_high,64,24,final_wealth_gini,0.3503482947425707
ecology_perception_parallel_v1_r0_r2_mu010,"R0 (theta=0.25, matched mu=0.1)",patchy_high,64,24,eval_mean_mean_resource_fraction,0.08609252307105646
ecology_perception_parallel_v1_r0_r2_mu010,"R0 (theta=0.25, matched mu=0.1)",patchy_high,64,24,eval_mean_mean_reserve_welfare,0.7201659711469336
ecology_perception_parallel_v1_r0_r2_mu010,"R0 (theta=0.25, matched mu=0.1)",patchy_high,64,24,final_wealth_gini,0.4305620146992959
ecology_perception_parallel_v1_r0_r2_mu010,"R0 (theta=0.25, matched mu=0.1)",split_high_low,64,24,eval_mean_mean_resource_fraction,0.12063298388710174
ecology_perception_parallel_v1_r0_r2_mu010,"R0 (theta=0.25, matched mu=0.1)",split_high_low,64,24,eval_mean_mean_reserve_welfare,0.7175102258485863
ecology_perception_parallel_v1_r0_r2_mu010,"R0 (theta=0.25, matched mu=0.1)",split_high_low,64,24,final_wealth_gini,0.5281594589672747
ecology_perception_parallel_v1_r0_r2_mu010,"R0 (theta=0.25, matched mu=0.1)",uniform_high,64,25,eval_mean_mean_resource_fraction,0.13746909090884568
ecology_perception_parallel_v1_r0_r2_mu010,"R0 (theta=0.25, matched mu=0.1)",uniform_high,64,25,eval_mean_mean_reserve_welfare,0.8211924024376678
ecology_perception_parallel_v1_r0_r2_mu010,"R0 (theta=0.25, matched mu=0.1)",uniform_high,64,25,final_wealth_gini,0.41418136752698875
ecology_perception_parallel_v1_r0_r2_mu010,"R0 (theta=0.25, matched mu=0.1)",patchy_high,64,25,eval_mean_mean_resource_fraction,0.17420362367876208
ecology_perception_parallel_v1_r0_r2_mu010,"R0 (theta=0.25, matched mu=0.1)",patchy_high,64,25,eval_mean_mean_reserve_welfare,0.8630977903780673
ecology_perception_parallel_v1_r0_r2_mu010,"R0 (theta=0.25, matched mu=0.1)",patchy_high,64,25,final_wealth_gini,0.46469695456951543
ecology_perception_parallel_v1_r0_r2_mu010,"R0 (theta=0.25, matched mu=0.1)",split_high_low,64,25,eval_mean_mean_resource_fraction,0.1164383775672341
ecology_perception_parallel_v1_r0_r2_mu010,"R0 (theta=0.25, matched mu=0.1)",split_high_low,64,25,eval_mean_mean_reserve_welfare,0.6726964229063179
ecology_perception_parallel_v1_r0_r2_mu010,"R0 (theta=0.25, matched mu=0.1)",split_high_low,64,25,final_wealth_gini,0.6278668289690035
ecology_perception_parallel_v1_r0_r2_mu010,"R0 (theta=0.25, matched mu=0.1)",uniform_high,64,26,eval_mean_mean_resource_fraction,0.13493794234550543
ecology_perception_parallel_v1_r0_r2_mu010,"R0 (theta=0.25, matched mu=0.1)",uniform_high,64,26,eval_mean_mean_reserve_welfare,0.7825090731164797
ecology_perception_parallel_v1_r0_r2_mu010,"R0 (theta=0.25, matched mu=0.1)",uniform_high,64,26,final_wealth_gini,0.46154746927814316
ecology_perception_parallel_v1_r0_r2_mu010,"R0 (theta=0.25, matched mu=0.1)",patchy_high,64,26,eval_mean_mean_resource_fraction,0.0919215596699902
ecology_perception_parallel_v1_r0_r2_mu010,"R0 (theta=0.25, matched mu=0.1)",patchy_high,64,26,eval_mean_mean_reserve_welfare,0.7537387119422406
ecology_perception_parallel_v1_r0_r2_mu010,"R0 (theta=0.25, matched mu=0.1)",patchy_high,64,26,final_wealth_gini,0.42864721238670844
ecology_perception_parallel_v1_r0_r2_mu010,"R0 (theta=0.25, matched mu=0.1)",split_high_low,64,26,eval_mean_mean_resource_fraction,0.10185204609557912
ecology_perception_parallel_v1_r0_r2_mu010,"R0 (theta=0.25, matched mu=0.1)",split_high_low,64,26,eval_mean_mean_reserve_welfare,0.646920481056949
ecology_perception_parallel_v1_r0_r2_mu010,"R0 (theta=0.25, matched mu=0.1)",split_high_low,64,26,final_wealth_gini,0.5936762222579521
ecology_perception_parallel_v1_r0_r2_mu010,"R0 (theta=0.25, matched mu=0.1)",uniform_high,64,27,eval_mean_mean_resource_fraction,0.14521173151251715
ecology_perception_parallel_v1_r0_r2_mu010,"R0 (theta=0.25, matched mu=0.1)",uniform_high,64,27,eval_mean_mean_reserve_welfare,0.8636864918271674
ecology_perception_parallel_v1_r0_r2_mu010,"R0 (theta=0.25, matched mu=0.1)",uniform_high,64,27,final_wealth_gini,0.39317116188580425
ecology_perception_parallel_v1_r0_r2_mu010,"R0 (theta=0.25, matched mu=0.1)",patchy_high,64,27,eval_mean_mean_resource_fraction,0.12158665036214229
ecology_perception_parallel_v1_r0_r2_mu010,"R0 (theta=0.25, matched mu=0.1)",patchy_high,64,27,eval_mean_mean_reserve_welfare,0.8127023389541973
ecology_perception_parallel_v1_r0_r2_mu010,"R0 (theta=0.25, matched mu=0.1)",patchy_high,64,27,final_wealth_gini,0.42273175602698654
ecology_perception_parallel_v1_r0_r2_mu010,"R0 (theta=0.25, matched mu=0.1)",split_high_low,64,27,eval_mean_mean_resource_fraction,0.12746890528021057
ecology_perception_parallel_v1_r0_r2_mu010,"R0 (theta=0.25, matched mu=0.1)",split_high_low,64,27,eval_mean_mean_reserve_welfare,0.6903923387679062
ecology_perception_parallel_v1_r0_r2_mu010,"R0 (theta=0.25, matched mu=0.1)",split_high_low,64,27,final_wealth_gini,0.6136282421347046
ecology_perception_parallel_v1_r0_r2_mu010,"R0 (theta=0.25, matched mu=0.1)",uniform_high,64,28,eval_mean_mean_resource_fraction,0.09692442546716913
ecology_perception_parallel_v1_r0_r2_mu010,"R0 (theta=0.25, matched mu=0.1)",uniform_high,64,28,eval_mean_mean_reserve_welfare,0.720249431116211
ecology_perception_parallel_v1_r0_r2_mu010,"R0 (theta=0.25, matched mu=0.1)",uniform_high,64,28,final_wealth_gini,0.48138729878120246
ecology_perception_parallel_v1_r0_r2_mu010,"R0 (theta=0.25, matched mu=0.1)",patchy_high,64,28,eval_mean_mean_resource_fraction,0.09286703724006014
ecology_perception_parallel_v1_r0_r2_mu010,"R0 (theta=0.25, matched mu=0.1)",patchy_high,64,28,eval_mean_mean_reserve_welfare,0.7310685276041393
ecology_perception_parallel_v1_r0_r2_mu010,"R0 (theta=0.25, matched mu=0.1)",patchy_high,64,28,final_wealth_gini,0.47006647190920514
ecology_perception_parallel_v1_r0_r2_mu010,"R0 (theta=0.25, matched mu=0.1)",split_high_low,64,28,eval_mean_mean_resource_fraction,0.15779199809281147
ecology_perception_parallel_v1_r0_r2_mu010,"R0 (theta=0.25, matched mu=0.1)",split_high_low,64,28,eval_mean_mean_reserve_welfare,0.5913640609136729
ecology_perception_parallel_v1_r0_r2_mu010,"R0 (theta=0.25, matched mu=0.1)",split_high_low,64,28,final_wealth_gini,0.6903888675374146
ecology_perception_parallel_v1_r0_r2_mu010,"R0 (theta=0.25, matched mu=0.1)",uniform_high,64,29,eval_mean_mean_resource_fraction,0.1486532718188539
ecology_perception_parallel_v1_r0_r2_mu010,"R0 (theta=0.25, matched mu=0.1)",uniform_high,64,29,eval_mean_mean_reserve_welfare,0.8345771606716902
ecology_perception_parallel_v1_r0_r2_mu010,"R0 (theta=0.25, matched mu=0.1)",uniform_high,64,29,final_wealth_gini,0.4325567870802327
ecology_perception_parallel_v1_r0_r2_mu010,"R0 (theta=0.25, matched mu=0.1)",patchy_high,64,29,eval_mean_mean_resource_fraction,0.15730588291001216
ecology_perception_parallel_v1_r0_r2_mu010,"R0 (theta=0.25, matched mu=0.1)",patchy_high,64,29,eval_mean_mean_reserve_welfare,0.8402307129249229
ecology_perception_parallel_v1_r0_r2_mu010,"R0 (theta=0.25, matched mu=0.1)",patchy_high,64,29,final_wealth_gini,0.4125100976610494
ecology_perception_parallel_v1_r0_r2_mu010,"R0 (theta=0.25, matched mu=0.1)",split_high_low,64,29,eval_mean_mean_resource_fraction,0.1082078032804822
ecology_perception_parallel_v1_r0_r2_mu010,"R0 (theta=0.25, matched mu=0.1)",split_high_low,64,29,eval_mean_mean_reserve_welfare,0.6924117508066159
ecology_perception_parallel_v1_r0_r2_mu010,"R0 (theta=0.25, matched mu=0.1)",split_high_low,64,29,final_wealth_gini,0.5846217341968802
ecology_perception_parallel_v1_r0_r2_mu010,"R0 (theta=0.25, matched mu=0.1)",uniform_high,64,30,eval_mean_mean_resource_fraction,0.10548819872968795
ecology_perception_parallel_v1_r0_r2_mu010,"R0 (theta=0.25, matched mu=0.1)",uniform_high,64,30,eval_mean_mean_reserve_welfare,0.7234303346890892
ecology_perception_parallel_v1_r0_r2_mu010,"R0 (theta=0.25, matched mu=0.1)",uniform_high,64,30,final_wealth_gini,0.4725899303460839
ecology_perception_parallel_v1_r0_r2_mu010,"R0 (theta=0.25, matched mu=0.1)",patchy_high,64,30,eval_mean_mean_resource_fraction,0.13006082552320838
ecology_perception_parallel_v1_r0_r2_mu010,"R0 (theta=0.25, matched mu=0.1)",patchy_high,64,30,eval_mean_mean_reserve_welfare,0.7659577319332527
ecology_perception_parallel_v1_r0_r2_mu010,"R0 (theta=0.25, matched mu=0.1)",patchy_high,64,30,final_wealth_gini,0.4488154967237503
ecology_perception_parallel_v1_r0_r2_mu010,"R0 (theta=0.25, matched mu=0.1)",split_high_low,64,30,eval_mean_mean_resource_fraction,0.055342615535627575
ecology_perception_parallel_v1_r0_r2_mu010,"R0 (theta=0.25, matched mu=0.1)",split_high_low,64,30,eval_mean_mean_reserve_welfare,0.5227359964554754
ecology_perception_parallel_v1_r0_r2_mu010,"R0 (theta=0.25, matched mu=0.1)",split_high_low,64,30,final_wealth_gini,0.5737354203977167
ecology_perception_parallel_v1_r0_r2_mu010,"R0 (theta=0.25, matched mu=0.1)",uniform_high,64,31,eval_mean_mean_resource_fraction,0.09247057349942343
ecology_perception_parallel_v1_r0_r2_mu010,"R0 (theta=0.25, matched mu=0.1)",uniform_high,64,31,eval_mean_mean_reserve_welfare,0.6789098032044795
ecology_perception_parallel_v1_r0_r2_mu010,"R0 (theta=0.25, matched mu=0.1)",uniform_high,64,31,final_wealth_gini,0.41912946110337845
ecology_perception_parallel_v1_r0_r2_mu010,"R0 (theta=0.25, matched mu=0.1)",patchy_high,64,31,eval_mean_mean_resource_fraction,0.08432559436499436
ecology_perception_parallel_v1_r0_r2_mu010,"R0 (theta=0.25, matched mu=0.1)",patchy_high,64,31,eval_mean_mean_reserve_welfare,0.6326640698019463
ecology_perception_parallel_v1_r0_r2_mu010,"R0 (theta=0.25, matched mu=0.1)",patchy_high,64,31,final_wealth_gini,0.4180446482434248
ecology_perception_parallel_v1_r0_r2_mu010,"R0 (theta=0.25, matched mu=0.1)",split_high_low,64,31,eval_mean_mean_resource_fraction,0.14523972066525462
ecology_perception_parallel_v1_r0_r2_mu010,"R0 (theta=0.25, matched mu=0.1)",split_high_low,64,31,eval_mean_mean_reserve_welfare,0.6830177732864975
ecology_perception_parallel_v1_r0_r2_mu010,"R0 (theta=0.25, matched mu=0.1)",split_high_low,64,31,final_wealth_gini,0.6111022518487219
ecology_perception_parallel_v1_r0_r2_mu010,"R0 (theta=0.25, matched mu=0.1)",uniform_high,64,32,eval_mean_mean_resource_fraction,0.12215405094498828
ecology_perception_parallel_v1_r0_r2_mu010,"R0 (theta=0.25, matched mu=0.1)",uniform_high,64,32,eval_mean_mean_reserve_welfare,0.7884870266635612
ecology_perception_parallel_v1_r0_r2_mu010,"R0 (theta=0.25, matched mu=0.1)",uniform_high,64,32,final_wealth_gini,0.42510454505678363
ecology_perception_parallel_v1_r0_r2_mu010,"R0 (theta=0.25, matched mu=0.1)",patchy_high,64,32,eval_mean_mean_resource_fraction,0.12960571039073115
ecology_perception_parallel_v1_r0_r2_mu010,"R0 (theta=0.25, matched mu=0.1)",patchy_high,64,32,eval_mean_mean_reserve_welfare,0.8139886439930991
ecology_perception_parallel_v1_r0_r2_mu010,"R0 (theta=0.25, matched mu=0.1)",patchy_high,64,32,final_wealth_gini,0.4112660187978143
ecology_perception_parallel_v1_r0_r2_mu010,"R0 (theta=0.25, matched mu=0.1)",split_high_low,64,32,eval_mean_mean_resource_fraction,0.16033941646650016
ecology_perception_parallel_v1_r0_r2_mu010,"R0 (theta=0.25, matched mu=0.1)",split_high_low,64,32,eval_mean_mean_reserve_welfare,0.6544794952918929
ecology_perception_parallel_v1_r0_r2_mu010,"R0 (theta=0.25, matched mu=0.1)",split_high_low,64,32,final_wealth_gini,0.6237735093402719
ecology_perception_parallel_v1_r0_r2_mu010,"R0 (theta=0.25, matched mu=0.1)",uniform_high,64,33,eval_mean_mean_resource_fraction,0.10288405464250805
ecology_perception_parallel_v1_r0_r2_mu010,"R0 (theta=0.25, matched mu=0.1)",uniform_high,64,33,eval_mean_mean_reserve_welfare,0.7219883997596384
ecology_perception_parallel_v1_r0_r2_mu010,"R0 (theta=0.25, matched mu=0.1)",uniform_high,64,33,final_wealth_gini,0.47481179324582845
ecology_perception_parallel_v1_r0_r2_mu010,"R0 (theta=0.25, matched mu=0.1)",patchy_high,64,33,eval_mean_mean_resource_fraction,0.1566887156637945
ecology_perception_parallel_v1_r0_r2_mu010,"R0 (theta=0.25, matched mu=0.1)",patchy_high,64,33,eval_mean_mean_reserve_welfare,0.7978888047110234
ecology_perception_parallel_v1_r0_r2_mu010,"R0 (theta=0.25, matched mu=0.1)",patchy_high,64,33,final_wealth_gini,0.44247256392873835
ecology_perception_parallel_v1_r0_r2_mu010,"R0 (theta=0.25, matched mu=0.1)",split_high_low,64,33,eval_mean_mean_resource_fraction,0.09224153993747601
ecology_perception_parallel_v1_r0_r2_mu010,"R0 (theta=0.25, matched mu=0.1)",split_high_low,64,33,eval_mean_mean_reserve_welfare,0.641256523405075
ecology_perception_parallel_v1_r0_r2_mu010,"R0 (theta=0.25, matched mu=0.1)",split_high_low,64,33,final_wealth_gini,0.6195930002756518
ecology_perception_parallel_v1_r0_r2_mu010,"R0 (theta=0.25, matched mu=0.1)",uniform_high,64,34,eval_mean_mean_resource_fraction,0.11907149665360722
ecology_perception_parallel_v1_r0_r2_mu010,"R0 (theta=0.25, matched mu=0.1)",uniform_high,64,34,eval_mean_mean_reserve_welfare,0.5786663090225318
ecology_perception_parallel_v1_r0_r2_mu010,"R0 (theta=0.25, matched mu=0.1)",uniform_high,64,34,final_wealth_gini,0.6062223321602984
ecology_perception_parallel_v1_r0_r2_mu010,"R0 (theta=0.25, matched mu=0.1)",patchy_high,64,34,eval_mean_mean_resource_fraction,0.1565710386215594
ecology_perception_parallel_v1_r0_r2_mu010,"R0 (theta=0.25, matched mu=0.1)",patchy_high,64,34,eval_mean_mean_reserve_welfare,0.8443548758440296
ecology_perception_parallel_v1_r0_r2_mu010,"R0 (theta=0.25, matched mu=0.1)",patchy_high,64,34,final_wealth_gini,0.464370133890194
ecology_perception_parallel_v1_r0_r2_mu010,"R0 (theta=0.25, matched mu=0.1)",split_high_low,64,34,eval_mean_mean_resource_fraction,0.11493333671755672
ecology_perception_parallel_v1_r0_r2_mu010,"R0 (theta=0.25, matched mu=0.1)",split_high_low,64,34,eval_mean_mean_reserve_welfare,0.6366337905521113
ecology_perception_parallel_v1_r0_r2_mu010,"R0 (theta=0.25, matched mu=0.1)",split_high_low,64,34,final_wealth_gini,0.6451670492315138
ecology_perception_parallel_v1_r0_r2_mu010,"R0 (theta=0.25, matched mu=0.1)",uniform_high,64,35,eval_mean_mean_resource_fraction,0.13053878033098518
ecology_perception_parallel_v1_r0_r2_mu010,"R0 (theta=0.25, matched mu=0.1)",uniform_high,64,35,eval_mean_mean_reserve_welfare,0.7471239675283307
ecology_perception_parallel_v1_r0_r2_mu010,"R0 (theta=0.25, matched mu=0.1)",uniform_high,64,35,final_wealth_gini,0.5094290387390297
ecology_perception_parallel_v1_r0_r2_mu010,"R0 (theta=0.25, matched mu=0.1)",patchy_high,64,35,eval_mean_mean_resource_fraction,0.10670146640172447
ecology_perception_parallel_v1_r0_r2_mu010,"R0 (theta=0.25, matched mu=0.1)",patchy_high,64,35,eval_mean_mean_reserve_welfare,0.7464304110416945
ecology_perception_parallel_v1_r0_r2_mu010,"R0 (theta=0.25, matched mu=0.1)",patchy_high,64,35,final_wealth_gini,0.49006143641186983
ecology_perception_parallel_v1_r0_r2_mu010,"R0 (theta=0.25, matched mu=0.1)",split_high_low,64,35,eval_mean_mean_resource_fraction,0.15033340020683622
ecology_perception_parallel_v1_r0_r2_mu010,"R0 (theta=0.25, matched mu=0.1)",split_high_low,64,35,eval_mean_mean_reserve_welfare,0.6322686145583144
ecology_perception_parallel_v1_r0_r2_mu010,"R0 (theta=0.25, matched mu=0.1)",split_high_low,64,35,final_wealth_gini,0.6380782430965395
ecology_perception_parallel_v1_r0_r2_mu010,"R0 (theta=0.25, matched mu=0.1)",uniform_high,64,36,eval_mean_mean_resource_fraction,0.1590513556489886
ecology_perception_parallel_v1_r0_r2_mu010,"R0 (theta=0.25, matched mu=0.1)",uniform_high,64,36,eval_mean_mean_reserve_welfare,0.8601664274695808
ecology_perception_parallel_v1_r0_r2_mu010,"R0 (theta=0.25, matched mu=0.1)",uniform_high,64,36,final_wealth_gini,0.4079515462466694
ecology_perception_parallel_v1_r0_r2_mu010,"R0 (theta=0.25, matched mu=0.1)",patchy_high,64,36,eval_mean_mean_resource_fraction,0.10419906994496815
ecology_perception_parallel_v1_r0_r2_mu010,"R0 (theta=0.25, matched mu=0.1)",patchy_high,64,36,eval_mean_mean_reserve_welfare,0.7428643938179673
ecology_perception_parallel_v1_r0_r2_mu010,"R0 (theta=0.25, matched mu=0.1)",patchy_high,64,36,final_wealth_gini,0.41740160996206477
ecology_perception_parallel_v1_r0_r2_mu010,"R0 (theta=0.25, matched mu=0.1)",split_high_low,64,36,eval_mean_mean_resource_fraction,0.1716905366735001
ecology_perception_parallel_v1_r0_r2_mu010,"R0 (theta=0.25, matched mu=0.1)",split_high_low,64,36,eval_mean_mean_reserve_welfare,0.7037086225928377
ecology_perception_parallel_v1_r0_r2_mu010,"R0 (theta=0.25, matched mu=0.1)",split_high_low,64,36,final_wealth_gini,0.5904108871409395
ecology_perception_parallel_v1_r0_r2_mu010,"R0 (theta=0.25, matched mu=0.1)",uniform_high,64,37,eval_mean_mean_resource_fraction,0.16192420526560852
ecology_perception_parallel_v1_r0_r2_mu010,"R0 (theta=0.25, matched mu=0.1)",uniform_high,64,37,eval_mean_mean_reserve_welfare,0.8280400647430827
ecology_perception_parallel_v1_r0_r2_mu010,"R0 (theta=0.25, matched mu=0.1)",uniform_high,64,37,final_wealth_gini,0.4658857145945121
ecology_perception_parallel_v1_r0_r2_mu010,"R0 (theta=0.25, matched mu=0.1)",patchy_high,64,37,eval_mean_mean_resource_fraction,0.09561285723092122
ecology_perception_parallel_v1_r0_r2_mu010,"R0 (theta=0.25, matched mu=0.1)",patchy_high,64,37,eval_mean_mean_reserve_welfare,0.648171641292493
ecology_perception_parallel_v1_r0_r2_mu010,"R0 (theta=0.25, matched mu=0.1)",patchy_high,64,37,final_wealth_gini,0.5378080178427025
ecology_perception_parallel_v1_r0_r2_mu010,"R0 (theta=0.25, matched mu=0.1)",split_high_low,64,37,eval_mean_mean_resource_fraction,0.0704712853350914
ecology_perception_parallel_v1_r0_r2_mu010,"R0 (theta=0.25, matched mu=0.1)",split_high_low,64,37,eval_mean_mean_reserve_welfare,0.6427893651636336
ecology_perception_parallel_v1_r0_r2_mu010,"R0 (theta=0.25, matched mu=0.1)",split_high_low,64,37,final_wealth_gini,0.5312043490332594
ecology_perception_parallel_v1_r0_r2_mu010,"R0 (theta=0.25, matched mu=0.1)",uniform_high,64,38,eval_mean_mean_resource_fraction,0.10142086652174533
ecology_perception_parallel_v1_r0_r2_mu010,"R0 (theta=0.25, matched mu=0.1)",uniform_high,64,38,eval_mean_mean_reserve_welfare,0.7996662398109396
ecology_perception_parallel_v1_r0_r2_mu010,"R0 (theta=0.25, matched mu=0.1)",uniform_high,64,38,final_wealth_gini,0.38553619252690563
ecology_perception_parallel_v1_r0_r2_mu010,"R0 (theta=0.25, matched mu=0.1)",patchy_high,64,38,eval_mean_mean_resource_fraction,0.14989434618114336
ecology_perception_parallel_v1_r0_r2_mu010,"R0 (theta=0.25, matched mu=0.1)",patchy_high,64,38,eval_mean_mean_reserve_welfare,0.8665023879908472
ecology_perception_parallel_v1_r0_r2_mu010,"R0 (theta=0.25, matched mu=0.1)",patchy_high,64,38,final_wealth_gini,0.3957803343333217
ecology_perception_parallel_v1_r0_r2_mu010,"R0 (theta=0.25, matched mu=0.1)",split_high_low,64,38,eval_mean_mean_resource_fraction,0.09007235472151823
ecology_perception_parallel_v1_r0_r2_mu010,"R0 (theta=0.25, matched mu=0.1)",split_high_low,64,38,eval_mean_mean_reserve_welfare,0.6448790630743375
ecology_perception_parallel_v1_r0_r2_mu010,"R0 (theta=0.25, matched mu=0.1)",split_high_low,64,38,final_wealth_gini,0.5750538147889974
ecology_perception_parallel_v1_r0_r2_mu010,"R0 (theta=0.25, matched mu=0.1)",uniform_high,64,39,eval_mean_mean_resource_fraction,0.12978142976033707
ecology_perception_parallel_v1_r0_r2_mu010,"R0 (theta=0.25, matched mu=0.1)",uniform_high,64,39,eval_mean_mean_reserve_welfare,0.8684509134228394
ecology_perception_parallel_v1_r0_r2_mu010,"R0 (theta=0.25, matched mu=0.1)",uniform_high,64,39,final_wealth_gini,0.3711119071942417
ecology_perception_parallel_v1_r0_r2_mu010,"R0 (theta=0.25, matched mu=0.1)",patchy_high,64,39,eval_mean_mean_resource_fraction,0.10659300351050975
ecology_perception_parallel_v1_r0_r2_mu010,"R0 (theta=0.25, matched mu=0.1)",patchy_high,64,39,eval_mean_mean_reserve_welfare,0.793551912148453
ecology_perception_parallel_v1_r0_r2_mu010,"R0 (theta=0.25, matched mu=0.1)",patchy_high,64,39,final_wealth_gini,0.4084463820632309
ecology_perception_parallel_v1_r0_r2_mu010,"R0 (theta=0.25, matched mu=0.1)",split_high_low,64,39,eval_mean_mean_resource_fraction,0.08932866453676301
ecology_perception_parallel_v1_r0_r2_mu010,"R0 (theta=0.25, matched mu=0.1)",split_high_low,64,39,eval_mean_mean_reserve_welfare,0.630530306811353
ecology_perception_parallel_v1_r0_r2_mu010,"R0 (theta=0.25, matched mu=0.1)",split_high_low,64,39,final_wealth_gini,0.5637379296839478
ecology_perception_parallel_v1_r0_r2_mu010,"R0 (theta=0.25, matched mu=0.1)",uniform_high,64,40,eval_mean_mean_resource_fraction,0.10080828026895915
ecology_perception_parallel_v1_r0_r2_mu010,"R0 (theta=0.25, matched mu=0.1)",uniform_high,64,40,eval_mean_mean_reserve_welfare,0.7310357284530739
ecology_perception_parallel_v1_r0_r2_mu010,"R0 (theta=0.25, matched mu=0.1)",uniform_high,64,40,final_wealth_gini,0.45987222457569144
ecology_perception_parallel_v1_r0_r2_mu010,"R0 (theta=0.25, matched mu=0.1)",patchy_high,64,40,eval_mean_mean_resource_fraction,0.11460195407351353
ecology_perception_parallel_v1_r0_r2_mu010,"R0 (theta=0.25, matched mu=0.1)",patchy_high,64,40,eval_mean_mean_reserve_welfare,0.787727211568415
ecology_perception_parallel_v1_r0_r2_mu010,"R0 (theta=0.25, matched mu=0.1)",patchy_high,64,40,final_wealth_gini,0.4508951138094257
ecology_perception_parallel_v1_r0_r2_mu010,"R0 (theta=0.25, matched mu=0.1)",split_high_low,64,40,eval_mean_mean_resource_fraction,0.07232727178820686
ecology_perception_parallel_v1_r0_r2_mu010,"R0 (theta=0.25, matched mu=0.1)",split_high_low,64,40,eval_mean_mean_reserve_welfare,0.6227198146944026
ecology_perception_parallel_v1_r0_r2_mu010,"R0 (theta=0.25, matched mu=0.1)",split_high_low,64,40,final_wealth_gini,0.5718221640155188
ecology_perception_parallel_v1_r0_r2_mu010,"R0 (theta=0.25, matched mu=0.1)",uniform_high,64,41,eval_mean_mean_resource_fraction,0.10888211603532554
ecology_perception_parallel_v1_r0_r2_mu010,"R0 (theta=0.25, matched mu=0.1)",uniform_high,64,41,eval_mean_mean_reserve_welfare,0.7440555016671437
ecology_perception_parallel_v1_r0_r2_mu010,"R0 (theta=0.25, matched mu=0.1)",uniform_high,64,41,final_wealth_gini,0.480399956834237
ecology_perception_parallel_v1_r0_r2_mu010,"R0 (theta=0.25, matched mu=0.1)",patchy_high,64,41,eval_mean_mean_resource_fraction,0.15357529145096083
ecology_perception_parallel_v1_r0_r2_mu010,"R0 (theta=0.25, matched mu=0.1)",patchy_high,64,41,eval_mean_mean_reserve_welfare,0.8317047459060487
ecology_perception_parallel_v1_r0_r2_mu010,"R0 (theta=0.25, matched mu=0.1)",patchy_high,64,41,final_wealth_gini,0.42662451476102103
ecology_perception_parallel_v1_r0_r2_mu010,"R0 (theta=0.25, matched mu=0.1)",split_high_low,64,41,eval_mean_mean_resource_fraction,0.12175688381033896
ecology_perception_parallel_v1_r0_r2_mu010,"R0 (theta=0.25, matched mu=0.1)",split_high_low,64,41,eval_mean_mean_reserve_welfare,0.6213680135870999
ecology_perception_parallel_v1_r0_r2_mu010,"R0 (theta=0.25, matched mu=0.1)",split_high_low,64,41,final_wealth_gini,0.6677638843022038
ecology_perception_parallel_v1_r0_r2_mu010,"R0 (theta=0.25, matched mu=0.1)",uniform_high,64,42,eval_mean_mean_resource_fraction,0.10184512258926123
ecology_perception_parallel_v1_r0_r2_mu010,"R0 (theta=0.25, matched mu=0.1)",uniform_high,64,42,eval_mean_mean_reserve_welfare,0.7223804531277371
ecology_perception_parallel_v1_r0_r2_mu010,"R0 (theta=0.25, matched mu=0.1)",uniform_high,64,42,final_wealth_gini,0.4646708200567078
ecology_perception_parallel_v1_r0_r2_mu010,"R0 (theta=0.25, matched mu=0.1)",patchy_high,64,42,eval_mean_mean_resource_fraction,0.1250992048567305
ecology_perception_parallel_v1_r0_r2_mu010,"R0 (theta=0.25, matched mu=0.1)",patchy_high,64,42,eval_mean_mean_reserve_welfare,0.7901100690704274
ecology_perception_parallel_v1_r0_r2_mu010,"R0 (theta=0.25, matched mu=0.1)",patchy_high,64,42,final_wealth_gini,0.4461306496148256
ecology_perception_parallel_v1_r0_r2_mu010,"R0 (theta=0.25, matched mu=0.1)",split_high_low,64,42,eval_mean_mean_resource_fraction,0.13521197570305032
ecology_perception_parallel_v1_r0_r2_mu010,"R0 (theta=0.25, matched mu=0.1)",split_high_low,64,42,eval_mean_mean_reserve_welfare,0.6240631216942473
ecology_perception_parallel_v1_r0_r2_mu010,"R0 (theta=0.25, matched mu=0.1)",split_high_low,64,42,final_wealth_gini,0.6515400844381247
ecology_perception_parallel_v1_r0_r2_mu010,"R0 (theta=0.25, matched mu=0.1)",uniform_high,64,43,eval_mean_mean_resource_fraction,0.1002299830217936
ecology_perception_parallel_v1_r0_r2_mu010,"R0 (theta=0.25, matched mu=0.1)",uniform_high,64,43,eval_mean_mean_reserve_welfare,0.786167512490149
ecology_perception_parallel_v1_r0_r2_mu010,"R0 (theta=0.25, matched mu=0.1)",uniform_high,64,43,final_wealth_gini,0.4050883504315621
ecology_perception_parallel_v1_r0_r2_mu010,"R0 (theta=0.25, matched mu=0.1)",patchy_high,64,43,eval_mean_mean_resource_fraction,0.16268648867581484
ecology_perception_parallel_v1_r0_r2_mu010,"R0 (theta=0.25, matched mu=0.1)",patchy_high,64,43,eval_mean_mean_reserve_welfare,0.9256370208331062
ecology_perception_parallel_v1_r0_r2_mu010,"R0 (theta=0.25, matched mu=0.1)",patchy_high,64,43,final_wealth_gini,0.35784043380368247
ecology_perception_parallel_v1_r0_r2_mu010,"R0 (theta=0.25, matched mu=0.1)",split_high_low,64,43,eval_mean_mean_resource_fraction,0.10224017719083645
ecology_perception_parallel_v1_r0_r2_mu010,"R0 (theta=0.25, matched mu=0.1)",split_high_low,64,43,eval_mean_mean_reserve_welfare,0.6396988720574457
ecology_perception_parallel_v1_r0_r2_mu010,"R0 (theta=0.25, matched mu=0.1)",split_high_low,64,43,final_wealth_gini,0.6201138437571565
ecology_perception_parallel_v1_r0_r2_mu010,"R0 (theta=0.25, matched mu=0.1)",uniform_high,64,44,eval_mean_mean_resource_fraction,0.11242785708267046
ecology_perception_parallel_v1_r0_r2_mu010,"R0 (theta=0.25, matched mu=0.1)",uniform_high,64,44,eval_mean_mean_reserve_welfare,0.7686512459661895
ecology_perception_parallel_v1_r0_r2_mu010,"R0 (theta=0.25, matched mu=0.1)",uniform_high,64,44,final_wealth_gini,0.4195721308637539
ecology_perception_parallel_v1_r0_r2_mu010,"R0 (theta=0.25, matched mu=0.1)",patchy_high,64,44,eval_mean_mean_resource_fraction,0.12000033105036388
ecology_perception_parallel_v1_r0_r2_mu010,"R0 (theta=0.25, matched mu=0.1)",patchy_high,64,44,eval_mean_mean_reserve_welfare,0.8180522365759627
ecology_perception_parallel_v1_r0_r2_mu010,"R0 (theta=0.25, matched mu=0.1)",patchy_high,64,44,final_wealth_gini,0.4239288627833371
ecology_perception_parallel_v1_r0_r2_mu010,"R0 (theta=0.25, matched mu=0.1)",split_high_low,64,44,eval_mean_mean_resource_fraction,0.09968203557321711
ecology_perception_parallel_v1_r0_r2_mu010,"R0 (theta=0.25, matched mu=0.1)",split_high_low,64,44,eval_mean_mean_reserve_welfare,0.6898174404524082
ecology_perception_parallel_v1_r0_r2_mu010,"R0 (theta=0.25, matched mu=0.1)",split_high_low,64,44,final_wealth_gini,0.5745373688937163
ecology_perception_parallel_v1_r0_r2_mu010,"R0 (theta=0.25, matched mu=0.1)",uniform_high,64,45,eval_mean_mean_resource_fraction,0.08204531258327374
ecology_perception_parallel_v1_r0_r2_mu010,"R0 (theta=0.25, matched mu=0.1)",uniform_high,64,45,eval_mean_mean_reserve_welfare,0.7440096385897279
ecology_perception_parallel_v1_r0_r2_mu010,"R0 (theta=0.25, matched mu=0.1)",uniform_high,64,45,final_wealth_gini,0.41053305338753776
ecology_perception_parallel_v1_r0_r2_mu010,"R0 (theta=0.25, matched mu=0.1)",patchy_high,64,45,eval_mean_mean_resource_fraction,0.07885330111891671
ecology_perception_parallel_v1_r0_r2_mu010,"R0 (theta=0.25, matched mu=0.1)",patchy_high,64,45,eval_mean_mean_reserve_welfare,0.7433772370764261
ecology_perception_parallel_v1_r0_r2_mu010,"R0 (theta=0.25, matched mu=0.1)",patchy_high,64,45,final_wealth_gini,0.4050406364254133
ecology_perception_parallel_v1_r0_r2_mu010,"R0 (theta=0.25, matched mu=0.1)",split_high_low,64,45,eval_mean_mean_resource_fraction,0.14774927745475708
ecology_perception_parallel_v1_r0_r2_mu010,"R0 (theta=0.25, matched mu=0.1)",split_high_low,64,45,eval_mean_mean_reserve_welfare,0.680033006603679
ecology_perception_parallel_v1_r0_r2_mu010,"R0 (theta=0.25, matched mu=0.1)",split_high_low,64,45,final_wealth_gini,0.6100129118287914
ecology_perception_parallel_v1_r0_r2_mu010,"R0 (theta=0.25, matched mu=0.1)",uniform_high,64,46,eval_mean_mean_resource_fraction,0.0950881869677671
ecology_perception_parallel_v1_r0_r2_mu010,"R0 (theta=0.25, matched mu=0.1)",uniform_high,64,46,eval_mean_mean_reserve_welfare,0.7132848556907291
ecology_perception_parallel_v1_r0_r2_mu010,"R0 (theta=0.25, matched mu=0.1)",uniform_high,64,46,final_wealth_gini,0.4533682211119645
ecology_perception_parallel_v1_r0_r2_mu010,"R0 (theta=0.25, matched mu=0.1)",patchy_high,64,46,eval_mean_mean_resource_fraction,0.14407235968548354
ecology_perception_parallel_v1_r0_r2_mu010,"R0 (theta=0.25, matched mu=0.1)",patchy_high,64,46,eval_mean_mean_reserve_welfare,0.8090731578373077
ecology_perception_parallel_v1_r0_r2_mu010,"R0 (theta=0.25, matched mu=0.1)",patchy_high,64,46,final_wealth_gini,0.4618722267690185
ecology_perception_parallel_v1_r0_r2_mu010,"R0 (theta=0.25, matched mu=0.1)",split_high_low,64,46,eval_mean_mean_resource_fraction,0.0955288207881893
ecology_perception_parallel_v1_r0_r2_mu010,"R0 (theta=0.25, matched mu=0.1)",split_high_low,64,46,eval_mean_mean_reserve_welfare,0.6134890618930364
ecology_perception_parallel_v1_r0_r2_mu010,"R0 (theta=0.25, matched mu=0.1)",split_high_low,64,46,final_wealth_gini,0.6292979724945644
ecology_perception_parallel_v1_r0_r2_mu010,"R0 (theta=0.25, matched mu=0.1)",uniform_high,64,47,eval_mean_mean_resource_fraction,0.15802187306602325
ecology_perception_parallel_v1_r0_r2_mu010,"R0 (theta=0.25, matched mu=0.1)",uniform_high,64,47,eval_mean_mean_reserve_welfare,0.91023956754094
ecology_perception_parallel_v1_r0_r2_mu010,"R0 (theta=0.25, matched mu=0.1)",uniform_high,64,47,final_wealth_gini,0.3326969269790023
ecology_perception_parallel_v1_r0_r2_mu010,"R0 (theta=0.25, matched mu=0.1)",patchy_high,64,47,eval_mean_mean_resource_fraction,0.10203576578813871
ecology_perception_parallel_v1_r0_r2_mu010,"R0 (theta=0.25, matched mu=0.1)",patchy_high,64,47,eval_mean_mean_reserve_welfare,0.7908119792730067
ecology_perception_parallel_v1_r0_r2_mu010,"R0 (theta=0.25, matched mu=0.1)",patchy_high,64,47,final_wealth_gini,0.41166760668338487
ecology_perception_parallel_v1_r0_r2_mu010,"R0 (theta=0.25, matched mu=0.1)",split_high_low,64,47,eval_mean_mean_resource_fraction,0.0780702046538487
ecology_perception_parallel_v1_r0_r2_mu010,"R0 (theta=0.25, matched mu=0.1)",split_high_low,64,47,eval_mean_mean_reserve_welfare,0.6442539167156436
ecology_perception_parallel_v1_r0_r2_mu010,"R0 (theta=0.25, matched mu=0.1)",split_high_low,64,47,final_wealth_gini,0.5678031055031996
ecology_perception_parallel_v1_r0_r2_mu010,"R0 (theta=0.25, matched mu=0.1)",uniform_high,64,48,eval_mean_mean_resource_fraction,0.12208643538140174
ecology_perception_parallel_v1_r0_r2_mu010,"R0 (theta=0.25, matched mu=0.1)",uniform_high,64,48,eval_mean_mean_reserve_welfare,0.800880990535529
ecology_perception_parallel_v1_r0_r2_mu010,"R0 (theta=0.25, matched mu=0.1)",uniform_high,64,48,final_wealth_gini,0.38608552007567165
ecology_perception_parallel_v1_r0_r2_mu010,"R0 (theta=0.25, matched mu=0.1)",patchy_high,64,48,eval_mean_mean_resource_fraction,0.10233191237467804
ecology_perception_parallel_v1_r0_r2_mu010,"R0 (theta=0.25, matched mu=0.1)",patchy_high,64,48,eval_mean_mean_reserve_welfare,0.7813375580457097
ecology_perception_parallel_v1_r0_r2_mu010,"R0 (theta=0.25, matched mu=0.1)",patchy_high,64,48,final_wealth_gini,0.37483887485984524
ecology_perception_parallel_v1_r0_r2_mu010,"R0 (theta=0.25, matched mu=0.1)",split_high_low,64,48,eval_mean_mean_resource_fraction,0.105686593295782
ecology_perception_parallel_v1_r0_r2_mu010,"R0 (theta=0.25, matched mu=0.1)",split_high_low,64,48,eval_mean_mean_reserve_welfare,0.6894986613357762
ecology_perception_parallel_v1_r0_r2_mu010,"R0 (theta=0.25, matched mu=0.1)",split_high_low,64,48,final_wealth_gini,0.5555916852153604
ecology_perception_parallel_v1_r0_r2_mu010,"R0 (theta=0.25, matched mu=0.1)",uniform_high,64,49,eval_mean_mean_resource_fraction,0.13235960057208146
ecology_perception_parallel_v1_r0_r2_mu010,"R0 (theta=0.25, matched mu=0.1)",uniform_high,64,49,eval_mean_mean_reserve_welfare,0.8182475433499631
ecology_perception_parallel_v1_r0_r2_mu010,"R0 (theta=0.25, matched mu=0.1)",uniform_high,64,49,final_wealth_gini,0.4229679112573781
ecology_perception_parallel_v1_r0_r2_mu010,"R0 (theta=0.25, matched mu=0.1)",patchy_high,64,49,eval_mean_mean_resource_fraction,0.06329680156366395
ecology_perception_parallel_v1_r0_r2_mu010,"R0 (theta=0.25, matched mu=0.1)",patchy_high,64,49,eval_mean_mean_reserve_welfare,0.6558352728077914
ecology_perception_parallel_v1_r0_r2_mu010,"R0 (theta=0.25, matched mu=0.1)",patchy_high,64,49,final_wealth_gini,0.42105015889259967
ecology_perception_parallel_v1_r0_r2_mu010,"R0 (theta=0.25, matched mu=0.1)",split_high_low,64,49,eval_mean_mean_resource_fraction,0.11022624388415438
ecology_perception_parallel_v1_r0_r2_mu010,"R0 (theta=0.25, matched mu=0.1)",split_high_low,64,49,eval_mean_mean_reserve_welfare,0.6343840614238532
ecology_perception_parallel_v1_r0_r2_mu010,"R0 (theta=0.25, matched mu=0.1)",split_high_low,64,49,final_wealth_gini,0.6509809653348146
ecology_perception_parallel_v1_r0_r2_mu010,"R0 (theta=0.25, matched mu=0.1)",uniform_high,64,50,eval_mean_mean_resource_fraction,0.1286437456709826
ecology_perception_parallel_v1_r0_r2_mu010,"R0 (theta=0.25, matched mu=0.1)",uniform_high,64,50,eval_mean_mean_reserve_welfare,0.8444946976731242
ecology_perception_parallel_v1_r0_r2_mu010,"R0 (theta=0.25, matched mu=0.1)",uniform_high,64,50,final_wealth_gini,0.38708590045975444
ecology_perception_parallel_v1_r0_r2_mu010,"R0 (theta=0.25, matched mu=0.1)",patchy_high,64,50,eval_mean_mean_resource_fraction,0.11517835468601902
ecology_perception_parallel_v1_r0_r2_mu010,"R0 (theta=0.25, matched mu=0.1)",patchy_high,64,50,eval_mean_mean_reserve_welfare,0.8393274277719379
ecology_perception_parallel_v1_r0_r2_mu010,"R0 (theta=0.25, matched mu=0.1)",patchy_high,64,50,final_wealth_gini,0.35493286468559027
ecology_perception_parallel_v1_r0_r2_mu010,"R0 (theta=0.25, matched mu=0.1)",split_high_low,64,50,eval_mean_mean_resource_fraction,0.14542657129218178
ecology_perception_parallel_v1_r0_r2_mu010,"R0 (theta=0.25, matched mu=0.1)",split_high_low,64,50,eval_mean_mean_reserve_welfare,0.7148198873579327
ecology_perception_parallel_v1_r0_r2_mu010,"R0 (theta=0.25, matched mu=0.1)",split_high_low,64,50,final_wealth_gini,0.6042939633779167
ecology_perception_parallel_v1_r0_r2_mu010,"R0 (theta=0.25, matched mu=0.1)",uniform_high,64,51,eval_mean_mean_resource_fraction,0.08919656323512246
ecology_perception_parallel_v1_r0_r2_mu010,"R0 (theta=0.25, matched mu=0.1)",uniform_high,64,51,eval_mean_mean_reserve_welfare,0.6714023528853601
ecology_perception_parallel_v1_r0_r2_mu010,"R0 (theta=0.25, matched mu=0.1)",uniform_high,64,51,final_wealth_gini,0.49475183370497855
ecology_perception_parallel_v1_r0_r2_mu010,"R0 (theta=0.25, matched mu=0.1)",patchy_high,64,51,eval_mean_mean_resource_fraction,0.11412749358775011
ecology_perception_parallel_v1_r0_r2_mu010,"R0 (theta=0.25, matched mu=0.1)",patchy_high,64,51,eval_mean_mean_reserve_welfare,0.8484803578392734
ecology_perception_parallel_v1_r0_r2_mu010,"R0 (theta=0.25, matched mu=0.1)",patchy_high,64,51,final_wealth_gini,0.42073664820863566
ecology_perception_parallel_v1_r0_r2_mu010,"R0 (theta=0.25, matched mu=0.1)",split_high_low,64,51,eval_mean_mean_resource_fraction,0.0936585845554771
ecology_perception_parallel_v1_r0_r2_mu010,"R0 (theta=0.25, matched mu=0.1)",split_high_low,64,51,eval_mean_mean_reserve_welfare,0.5632828130705544
ecology_perception_parallel_v1_r0_r2_mu010,"R0 (theta=0.25, matched mu=0.1)",split_high_low,64,51,final_wealth_gini,0.6768859636389273
ecology_perception_parallel_v1_r0_r2_mu010,"R0 (theta=0.25, matched mu=0.1)",uniform_high,64,52,eval_mean_mean_resource_fraction,0.09659238755466168
ecology_perception_parallel_v1_r0_r2_mu010,"R0 (theta=0.25, matched mu=0.1)",uniform_high,64,52,eval_mean_mean_reserve_welfare,0.7002343063949527
ecology_perception_parallel_v1_r0_r2_mu010,"R0 (theta=0.25, matched mu=0.1)",uniform_high,64,52,final_wealth_gini,0.46240388936947485
ecology_perception_parallel_v1_r0_r2_mu010,"R0 (theta=0.25, matched mu=0.1)",patchy_high,64,52,eval_mean_mean_resource_fraction,0.09737094605707367
ecology_perception_parallel_v1_r0_r2_mu010,"R0 (theta=0.25, matched mu=0.1)",patchy_high,64,52,eval_mean_mean_reserve_welfare,0.7629478756131112
ecology_perception_parallel_v1_r0_r2_mu010,"R0 (theta=0.25, matched mu=0.1)",patchy_high,64,52,final_wealth_gini,0.41505220611318183
ecology_perception_parallel_v1_r0_r2_mu010,"R0 (theta=0.25, matched mu=0.1)",split_high_low,64,52,eval_mean_mean_resource_fraction,0.12229784964992502
ecology_perception_parallel_v1_r0_r2_mu010,"R0 (theta=0.25, matched mu=0.1)",split_high_low,64,52,eval_mean_mean_reserve_welfare,0.6949791844601078
ecology_perception_parallel_v1_r0_r2_mu010,"R0 (theta=0.25, matched mu=0.1)",split_high_low,64,52,final_wealth_gini,0.5603753809732626
ecology_perception_parallel_v1_r0_r2_mu010,"R0 (theta=0.25, matched mu=0.1)",uniform_high,64,53,eval_mean_mean_resource_fraction,0.10023714433989604
ecology_perception_parallel_v1_r0_r2_mu010,"R0 (theta=0.25, matched mu=0.1)",uniform_high,64,53,eval_mean_mean_reserve_welfare,0.6810964702365545
ecology_perception_parallel_v1_r0_r2_mu010,"R0 (theta=0.25, matched mu=0.1)",uniform_high,64,53,final_wealth_gini,0.47254815859558597
ecology_perception_parallel_v1_r0_r2_mu010,"R0 (theta=0.25, matched mu=0.1)",patchy_high,64,53,eval_mean_mean_resource_fraction,0.1561710753639626
ecology_perception_parallel_v1_r0_r2_mu010,"R0 (theta=0.25, matched mu=0.1)",patchy_high,64,53,eval_mean_mean_reserve_welfare,0.8294563650175661
ecology_perception_parallel_v1_r0_r2_mu010,"R0 (theta=0.25, matched mu=0.1)",patchy_high,64,53,final_wealth_gini,0.4105307226303332
ecology_perception_parallel_v1_r0_r2_mu010,"R0 (theta=0.25, matched mu=0.1)",split_high_low,64,53,eval_mean_mean_resource_fraction,0.10581118041851104
ecology_perception_parallel_v1_r0_r2_mu010,"R0 (theta=0.25, matched mu=0.1)",split_high_low,64,53,eval_mean_mean_reserve_welfare,0.6147917203469884
ecology_perception_parallel_v1_r0_r2_mu010,"R0 (theta=0.25, matched mu=0.1)",split_high_low,64,53,final_wealth_gini,0.6549435885327264
ecology_perception_parallel_v1_r0_r2_mu010,"R0 (theta=0.25, matched mu=0.1)",uniform_high,64,54,eval_mean_mean_resource_fraction,0.10105147244685247
ecology_perception_parallel_v1_r0_r2_mu010,"R0 (theta=0.25, matched mu=0.1)",uniform_high,64,54,eval_mean_mean_reserve_welfare,0.8052421617398482
ecology_perception_parallel_v1_r0_r2_mu010,"R0 (theta=0.25, matched mu=0.1)",uniform_high,64,54,final_wealth_gini,0.36690719069741884
ecology_perception_parallel_v1_r0_r2_mu010,"R0 (theta=0.25, matched mu=0.1)",patchy_high,64,54,eval_mean_mean_resource_fraction,0.14391447343273245
ecology_perception_parallel_v1_r0_r2_mu010,"R0 (theta=0.25, matched mu=0.1)",patchy_high,64,54,eval_mean_mean_reserve_welfare,0.8582907910013509
ecology_perception_parallel_v1_r0_r2_mu010,"R0 (theta=0.25, matched mu=0.1)",patchy_high,64,54,final_wealth_gini,0.4124470603565944
ecology_perception_parallel_v1_r0_r2_mu010,"R0 (theta=0.25, matched mu=0.1)",split_high_low,64,54,eval_mean_mean_resource_fraction,0.1378701643717934
ecology_perception_parallel_v1_r0_r2_mu010,"R0 (theta=0.25, matched mu=0.1)",split_high_low,64,54,eval_mean_mean_reserve_welfare,0.7012691295471684
ecology_perception_parallel_v1_r0_r2_mu010,"R0 (theta=0.25, matched mu=0.1)",split_high_low,64,54,final_wealth_gini,0.5888187921581867
ecology_perception_parallel_v1_r0_r2_mu010,"R0 (theta=0.25, matched mu=0.1)",uniform_high,64,55,eval_mean_mean_resource_fraction,0.10960876332143758
ecology_perception_parallel_v1_r0_r2_mu010,"R0 (theta=0.25, matched mu=0.1)",uniform_high,64,55,eval_mean_mean_reserve_welfare,0.6589065080551861
ecology_perception_parallel_v1_r0_r2_mu010,"R0 (theta=0.25, matched mu=0.1)",uniform_high,64,55,final_wealth_gini,0.5447952250757004
ecology_perception_parallel_v1_r0_r2_mu010,"R0 (theta=0.25, matched mu=0.1)",patchy_high,64,55,eval_mean_mean_resource_fraction,0.11581881305540599
ecology_perception_parallel_v1_r0_r2_mu010,"R0 (theta=0.25, matched mu=0.1)",patchy_high,64,55,eval_mean_mean_reserve_welfare,0.6762790664510777
ecology_perception_parallel_v1_r0_r2_mu010,"R0 (theta=0.25, matched mu=0.1)",patchy_high,64,55,final_wealth_gini,0.5261066537918513
ecology_perception_parallel_v1_r0_r2_mu010,"R0 (theta=0.25, matched mu=0.1)",split_high_low,64,55,eval_mean_mean_resource_fraction,0.1279352973971633
ecology_perception_parallel_v1_r0_r2_mu010,"R0 (theta=0.25, matched mu=0.1)",split_high_low,64,55,eval_mean_mean_reserve_welfare,0.5677125947232973
ecology_perception_parallel_v1_r0_r2_mu010,"R0 (theta=0.25, matched mu=0.1)",split_high_low,64,55,final_wealth_gini,0.6946227505029838
ecology_perception_parallel_v1_r0_r2_mu010,"R0 (theta=0.25, matched mu=0.1)",uniform_high,64,56,eval_mean_mean_resource_fraction,0.10546287925329413
ecology_perception_parallel_v1_r0_r2_mu010,"R0 (theta=0.25, matched mu=0.1)",uniform_high,64,56,eval_mean_mean_reserve_welfare,0.7068121783849588
ecology_perception_parallel_v1_r0_r2_mu010,"R0 (theta=0.25, matched mu=0.1)",uniform_high,64,56,final_wealth_gini,0.49238701559477116
ecology_perception_parallel_v1_r0_r2_mu010,"R0 (theta=0.25, matched mu=0.1)",patchy_high,64,56,eval_mean_mean_resource_fraction,0.12868473939663239
ecology_perception_parallel_v1_r0_r2_mu010,"R0 (theta=0.25, matched mu=0.1)",patchy_high,64,56,eval_mean_mean_reserve_welfare,0.8000393180167474
ecology_perception_parallel_v1_r0_r2_mu010,"R0 (theta=0.25, matched mu=0.1)",patchy_high,64,56,final_wealth_gini,0.4634485865952116
ecology_perception_parallel_v1_r0_r2_mu010,"R0 (theta=0.25, matched mu=0.1)",split_high_low,64,56,eval_mean_mean_resource_fraction,0.10294262914543804
ecology_perception_parallel_v1_r0_r2_mu010,"R0 (theta=0.25, matched mu=0.1)",split_high_low,64,56,eval_mean_mean_reserve_welfare,0.6268005271602191
ecology_perception_parallel_v1_r0_r2_mu010,"R0 (theta=0.25, matched mu=0.1)",split_high_low,64,56,final_wealth_gini,0.6423908181278788
ecology_perception_parallel_v1_r0_r2_mu010,"R0 (theta=0.25, matched mu=0.1)",uniform_high,64,57,eval_mean_mean_resource_fraction,0.1945580866048681
ecology_perception_parallel_v1_r0_r2_mu010,"R0 (theta=0.25, matched mu=0.1)",uniform_high,64,57,eval_mean_mean_reserve_welfare,0.9150550329868188
ecology_perception_parallel_v1_r0_r2_mu010,"R0 (theta=0.25, matched mu=0.1)",uniform_high,64,57,final_wealth_gini,0.41370704743535636
ecology_perception_parallel_v1_r0_r2_mu010,"R0 (theta=0.25, matched mu=0.1)",patchy_high,64,57,eval_mean_mean_resource_fraction,0.1293527656644869
ecology_perception_parallel_v1_r0_r2_mu010,"R0 (theta=0.25, matched mu=0.1)",patchy_high,64,57,eval_mean_mean_reserve_welfare,0.8010131530993116
ecology_perception_parallel_v1_r0_r2_mu010,"R0 (theta=0.25, matched mu=0.1)",patchy_high,64,57,final_wealth_gini,0.43240697944124107
ecology_perception_parallel_v1_r0_r2_mu010,"R0 (theta=0.25, matched mu=0.1)",split_high_low,64,57,eval_mean_mean_resource_fraction,0.10031012851984278
ecology_perception_parallel_v1_r0_r2_mu010,"R0 (theta=0.25, matched mu=0.1)",split_high_low,64,57,eval_mean_mean_reserve_welfare,0.6331888103675243
ecology_perception_parallel_v1_r0_r2_mu010,"R0 (theta=0.25, matched mu=0.1)",split_high_low,64,57,final_wealth_gini,0.6132304546479399
ecology_perception_parallel_v1_r0_r2_mu010,"R0 (theta=0.25, matched mu=0.1)",uniform_high,64,58,eval_mean_mean_resource_fraction,0.11123200197286166
ecology_perception_parallel_v1_r0_r2_mu010,"R0 (theta=0.25, matched mu=0.1)",uniform_high,64,58,eval_mean_mean_reserve_welfare,0.8049475433192338
ecology_perception_parallel_v1_r0_r2_mu010,"R0 (theta=0.25, matched mu=0.1)",uniform_high,64,58,final_wealth_gini,0.41043401283142456
ecology_perception_parallel_v1_r0_r2_mu010,"R0 (theta=0.25, matched mu=0.1)",patchy_high,64,58,eval_mean_mean_resource_fraction,0.13649938814732304
ecology_perception_parallel_v1_r0_r2_mu010,"R0 (theta=0.25, matched mu=0.1)",patchy_high,64,58,eval_mean_mean_reserve_welfare,0.8651210908481507
ecology_perception_parallel_v1_r0_r2_mu010,"R0 (theta=0.25, matched mu=0.1)",patchy_high,64,58,final_wealth_gini,0.40382354879135396
ecology_perception_parallel_v1_r0_r2_mu010,"R0 (theta=0.25, matched mu=0.1)",split_high_low,64,58,eval_mean_mean_resource_fraction,0.17147339222042557
ecology_perception_parallel_v1_r0_r2_mu010,"R0 (theta=0.25, matched mu=0.1)",split_high_low,64,58,eval_mean_mean_reserve_welfare,0.6570994181717759
ecology_perception_parallel_v1_r0_r2_mu010,"R0 (theta=0.25, matched mu=0.1)",split_high_low,64,58,final_wealth_gini,0.6552520401275799
ecology_perception_parallel_v1_r0_r2_mu010,"R0 (theta=0.25, matched mu=0.1)",uniform_high,64,59,eval_mean_mean_resource_fraction,0.08978430178812488
ecology_perception_parallel_v1_r0_r2_mu010,"R0 (theta=0.25, matched mu=0.1)",uniform_high,64,59,eval_mean_mean_reserve_welfare,0.7207543470687288
ecology_perception_parallel_v1_r0_r2_mu010,"R0 (theta=0.25, matched mu=0.1)",uniform_high,64,59,final_wealth_gini,0.4853992207345226
ecology_perception_parallel_v1_r0_r2_mu010,"R0 (theta=0.25, matched mu=0.1)",patchy_high,64,59,eval_mean_mean_resource_fraction,0.09911072306415031
ecology_perception_parallel_v1_r0_r2_mu010,"R0 (theta=0.25, matched mu=0.1)",patchy_high,64,59,eval_mean_mean_reserve_welfare,0.7337163485251221
ecology_perception_parallel_v1_r0_r2_mu010,"R0 (theta=0.25, matched mu=0.1)",patchy_high,64,59,final_wealth_gini,0.48801184962856703
ecology_perception_parallel_v1_r0_r2_mu010,"R0 (theta=0.25, matched mu=0.1)",split_high_low,64,59,eval_mean_mean_resource_fraction,0.14035390897814734
ecology_perception_parallel_v1_r0_r2_mu010,"R0 (theta=0.25, matched mu=0.1)",split_high_low,64,59,eval_mean_mean_reserve_welfare,0.62760562143369
ecology_perception_parallel_v1_r0_r2_mu010,"R0 (theta=0.25, matched mu=0.1)",split_high_low,64,59,final_wealth_gini,0.6575811692340121
ecology_perception_parallel_v1_r0_r2_mu010,"R0 (theta=0.25, matched mu=0.1)",uniform_high,64,60,eval_mean_mean_resource_fraction,0.07787749239876327
ecology_perception_parallel_v1_r0_r2_mu010,"R0 (theta=0.25, matched mu=0.1)",uniform_high,64,60,eval_mean_mean_reserve_welfare,0.7490423772548129
ecology_perception_parallel_v1_r0_r2_mu010,"R0 (theta=0.25, matched mu=0.1)",uniform_high,64,60,final_wealth_gini,0.37061247725209956
ecology_perception_parallel_v1_r0_r2_mu010,"R0 (theta=0.25, matched mu=0.1)",patchy_high,64,60,eval_mean_mean_resource_fraction,0.10073443966632452
ecology_perception_parallel_v1_r0_r2_mu010,"R0 (theta=0.25, matched mu=0.1)",patchy_high,64,60,eval_mean_mean_reserve_welfare,0.7786303499943058
ecology_perception_parallel_v1_r0_r2_mu010,"R0 (theta=0.25, matched mu=0.1)",patchy_high,64,60,final_wealth_gini,0.39542546032541614
ecology_perception_parallel_v1_r0_r2_mu010,"R0 (theta=0.25, matched mu=0.1)",split_high_low,64,60,eval_mean_mean_resource_fraction,0.11707463293378563
ecology_perception_parallel_v1_r0_r2_mu010,"R0 (theta=0.25, matched mu=0.1)",split_high_low,64,60,eval_mean_mean_reserve_welfare,0.6790959175410817
ecology_perception_parallel_v1_r0_r2_mu010,"R0 (theta=0.25, matched mu=0.1)",split_high_low,64,60,final_wealth_gini,0.5691555979388523
ecology_perception_parallel_v1_r0_r2_mu010,"R0 (theta=0.25, matched mu=0.1)",uniform_high,64,61,eval_mean_mean_resource_fraction,0.09638630849348445
ecology_perception_parallel_v1_r0_r2_mu010,"R0 (theta=0.25, matched mu=0.1)",uniform_high,64,61,eval_mean_mean_reserve_welfare,0.65283597452325
ecology_perception_parallel_v1_r0_r2_mu010,"R0 (theta=0.25, matched mu=0.1)",uniform_high,64,61,final_wealth_gini,0.49241063436885435
ecology_perception_parallel_v1_r0_r2_mu010,"R0 (theta=0.25, matched mu=0.1)",patchy_high,64,61,eval_mean_mean_resource_fraction,0.10243914559102266
ecology_perception_parallel_v1_r0_r2_mu010,"R0 (theta=0.25, matched mu=0.1)",patchy_high,64,61,eval_mean_mean_reserve_welfare,0.7139283300864386
ecology_perception_parallel_v1_r0_r2_mu010,"R0 (theta=0.25, matched mu=0.1)",patchy_high,64,61,final_wealth_gini,0.4675555369422908
ecology_perception_parallel_v1_r0_r2_mu010,"R0 (theta=0.25, matched mu=0.1)",split_high_low,64,61,eval_mean_mean_resource_fraction,0.153987155053633
ecology_perception_parallel_v1_r0_r2_mu010,"R0 (theta=0.25, matched mu=0.1)",split_high_low,64,61,eval_mean_mean_reserve_welfare,0.6182107199953482
ecology_perception_parallel_v1_r0_r2_mu010,"R0 (theta=0.25, matched mu=0.1)",split_high_low,64,61,final_wealth_gini,0.6594294439072474
ecology_perception_parallel_v1_r0_r2_mu010,"R0 (theta=0.25, matched mu=0.1)",uniform_high,64,62,eval_mean_mean_resource_fraction,0.10759789667390345
ecology_perception_parallel_v1_r0_r2_mu010,"R0 (theta=0.25, matched mu=0.1)",uniform_high,64,62,eval_mean_mean_reserve_welfare,0.7871579665577069
ecology_perception_parallel_v1_r0_r2_mu010,"R0 (theta=0.25, matched mu=0.1)",uniform_high,64,62,final_wealth_gini,0.4138928393812329
ecology_perception_parallel_v1_r0_r2_mu010,"R0 (theta=0.25, matched mu=0.1)",patchy_high,64,62,eval_mean_mean_resource_fraction,0.09706694877693615
ecology_perception_parallel_v1_r0_r2_mu010,"R0 (theta=0.25, matched mu=0.1)",patchy_high,64,62,eval_mean_mean_reserve_welfare,0.7121267455616592
ecology_perception_parallel_v1_r0_r2_mu010,"R0 (theta=0.25, matched mu=0.1)",patchy_high,64,62,final_wealth_gini,0.4356997463054211
ecology_perception_parallel_v1_r0_r2_mu010,"R0 (theta=0.25, matched mu=0.1)",split_high_low,64,62,eval_mean_mean_resource_fraction,0.11732029741337793
ecology_perception_parallel_v1_r0_r2_mu010,"R0 (theta=0.25, matched mu=0.1)",split_high_low,64,62,eval_mean_mean_reserve_welfare,0.5795414089610008
ecology_perception_parallel_v1_r0_r2_mu010,"R0 (theta=0.25, matched mu=0.1)",split_high_low,64,62,final_wealth_gini,0.6747258567296381
ecology_perception_parallel_v1_r0_r2_mu010,"R0 (theta=0.25, matched mu=0.1)",uniform_high,64,63,eval_mean_mean_resource_fraction,0.09594843334507618
ecology_perception_parallel_v1_r0_r2_mu010,"R0 (theta=0.25, matched mu=0.1)",uniform_high,64,63,eval_mean_mean_reserve_welfare,0.8312702796076524
ecology_perception_parallel_v1_r0_r2_mu010,"R0 (theta=0.25, matched mu=0.1)",uniform_high,64,63,final_wealth_gini,0.354951856866083
ecology_perception_parallel_v1_r0_r2_mu010,"R0 (theta=0.25, matched mu=0.1)",patchy_high,64,63,eval_mean_mean_resource_fraction,0.10489075301907562
ecology_perception_parallel_v1_r0_r2_mu010,"R0 (theta=0.25, matched mu=0.1)",patchy_high,64,63,eval_mean_mean_reserve_welfare,0.751510148630314
ecology_perception_parallel_v1_r0_r2_mu010,"R0 (theta=0.25, matched mu=0.1)",patchy_high,64,63,final_wealth_gini,0.43240717546268437
ecology_perception_parallel_v1_r0_r2_mu010,"R0 (theta=0.25, matched mu=0.1)",split_high_low,64,63,eval_mean_mean_resource_fraction,0.08575070296449677
ecology_perception_parallel_v1_r0_r2_mu010,"R0 (theta=0.25, matched mu=0.1)",split_high_low,64,63,eval_mean_mean_reserve_welfare,0.6062143153449135
ecology_perception_parallel_v1_r0_r2_mu010,"R0 (theta=0.25, matched mu=0.1)",split_high_low,64,63,final_wealth_gini,0.5999100240007456
ecology_perception_parallel_v1_r0_r2_mu010,"R0 (theta=0.25, matched mu=0.1)",uniform_high,64,64,eval_mean_mean_resource_fraction,0.12566121788413617
ecology_perception_parallel_v1_r0_r2_mu010,"R0 (theta=0.25, matched mu=0.1)",uniform_high,64,64,eval_mean_mean_reserve_welfare,0.7505085751396182
ecology_perception_parallel_v1_r0_r2_mu010,"R0 (theta=0.25, matched mu=0.1)",uniform_high,64,64,final_wealth_gini,0.4429140395001254
ecology_perception_parallel_v1_r0_r2_mu010,"R0 (theta=0.25, matched mu=0.1)",patchy_high,64,64,eval_mean_mean_resource_fraction,0.1470312802872137
ecology_perception_parallel_v1_r0_r2_mu010,"R0 (theta=0.25, matched mu=0.1)",patchy_high,64,64,eval_mean_mean_reserve_welfare,0.7793579141745578
ecology_perception_parallel_v1_r0_r2_mu010,"R0 (theta=0.25, matched mu=0.1)",patchy_high,64,64,final_wealth_gini,0.4542250474483176
ecology_perception_parallel_v1_r0_r2_mu010,"R0 (theta=0.25, matched mu=0.1)",split_high_low,64,64,eval_mean_mean_resource_fraction,0.17914605121866692
ecology_perception_parallel_v1_r0_r2_mu010,"R0 (theta=0.25, matched mu=0.1)",split_high_low,64,64,eval_mean_mean_reserve_welfare,0.7353376837909819
ecology_perception_parallel_v1_r0_r2_mu010,"R0 (theta=0.25, matched mu=0.1)",split_high_low,64,64,final_wealth_gini,0.5213078496882553
ecology_perception_parallel_v1_r0_r2_mu010,"R0 (theta=0.25, matched mu=0.1)",uniform_high,64,65,eval_mean_mean_resource_fraction,0.12694710886605753
ecology_perception_parallel_v1_r0_r2_mu010,"R0 (theta=0.25, matched mu=0.1)",uniform_high,64,65,eval_mean_mean_reserve_welfare,0.8966657617204041
ecology_perception_parallel_v1_r0_r2_mu010,"R0 (theta=0.25, matched mu=0.1)",uniform_high,64,65,final_wealth_gini,0.33321288797417314
ecology_perception_parallel_v1_r0_r2_mu010,"R0 (theta=0.25, matched mu=0.1)",patchy_high,64,65,eval_mean_mean_resource_fraction,0.19751899558199476
ecology_perception_parallel_v1_r0_r2_mu010,"R0 (theta=0.25, matched mu=0.1)",patchy_high,64,65,eval_mean_mean_reserve_welfare,0.9588924365237844
ecology_perception_parallel_v1_r0_r2_mu010,"R0 (theta=0.25, matched mu=0.1)",patchy_high,64,65,final_wealth_gini,0.3400284286182922
ecology_perception_parallel_v1_r0_r2_mu010,"R0 (theta=0.25, matched mu=0.1)",split_high_low,64,65,eval_mean_mean_resource_fraction,0.16252826819977179
ecology_perception_parallel_v1_r0_r2_mu010,"R0 (theta=0.25, matched mu=0.1)",split_high_low,64,65,eval_mean_mean_reserve_welfare,0.7685894543187132
ecology_perception_parallel_v1_r0_r2_mu010,"R0 (theta=0.25, matched mu=0.1)",split_high_low,64,65,final_wealth_gini,0.5601519828301558
ecology_perception_parallel_v1_r0_r2_mu010,"R0 (theta=0.25, matched mu=0.1)",uniform_high,64,66,eval_mean_mean_resource_fraction,0.11243213996236813
ecology_perception_parallel_v1_r0_r2_mu010,"R0 (theta=0.25, matched mu=0.1)",uniform_high,64,66,eval_mean_mean_reserve_welfare,0.6731324837238034
ecology_perception_parallel_v1_r0_r2_mu010,"R0 (theta=0.25, matched mu=0.1)",uniform_high,64,66,final_wealth_gini,0.5029621248467258
ecology_perception_parallel_v1_r0_r2_mu010,"R0 (theta=0.25, matched mu=0.1)",patchy_high,64,66,eval_mean_mean_resource_fraction,0.11366856567085032
ecology_perception_parallel_v1_r0_r2_mu010,"R0 (theta=0.25, matched mu=0.1)",patchy_high,64,66,eval_mean_mean_reserve_welfare,0.7026499734076174
ecology_perception_parallel_v1_r0_r2_mu010,"R0 (theta=0.25, matched mu=0.1)",patchy_high,64,66,final_wealth_gini,0.4707755127560429
ecology_perception_parallel_v1_r0_r2_mu010,"R0 (theta=0.25, matched mu=0.1)",split_high_low,64,66,eval_mean_mean_resource_fraction,0.13898729714327981
ecology_perception_parallel_v1_r0_r2_mu010,"R0 (theta=0.25, matched mu=0.1)",split_high_low,64,66,eval_mean_mean_reserve_welfare,0.6194204910850676
ecology_perception_parallel_v1_r0_r2_mu010,"R0 (theta=0.25, matched mu=0.1)",split_high_low,64,66,final_wealth_gini,0.6547171328601831
ecology_perception_parallel_v1_r0_r2_mu010,"R0 (theta=0.25, matched mu=0.1)",uniform_high,64,67,eval_mean_mean_resource_fraction,0.1254046881674586
ecology_perception_parallel_v1_r0_r2_mu010,"R0 (theta=0.25, matched mu=0.1)",uniform_high,64,67,eval_mean_mean_reserve_welfare,0.8187362358785057
ecology_perception_parallel_v1_r0_r2_mu010,"R0 (theta=0.25, matched mu=0.1)",uniform_high,64,67,final_wealth_gini,0.42253701138329935
ecology_perception_parallel_v1_r0_r2_mu010,"R0 (theta=0.25, matched mu=0.1)",patchy_high,64,67,eval_mean_mean_resource_fraction,0.11718076968747941
ecology_perception_parallel_v1_r0_r2_mu010,"R0 (theta=0.25, matched mu=0.1)",patchy_high,64,67,eval_mean_mean_reserve_welfare,0.7702249550850656
ecology_perception_parallel_v1_r0_r2_mu010,"R0 (theta=0.25, matched mu=0.1)",patchy_high,64,67,final_wealth_gini,0.44714233023742356
ecology_perception_parallel_v1_r0_r2_mu010,"R0 (theta=0.25, matched mu=0.1)",split_high_low,64,67,eval_mean_mean_resource_fraction,0.14936815782445695
ecology_perception_parallel_v1_r0_r2_mu010,"R0 (theta=0.25, matched mu=0.1)",split_high_low,64,67,eval_mean_mean_reserve_welfare,0.5901485500454396
ecology_perception_parallel_v1_r0_r2_mu010,"R0 (theta=0.25, matched mu=0.1)",split_high_low,64,67,final_wealth_gini,0.6746658839538286
ecology_perception_parallel_v1_r0_r2_mu010,"R0 (theta=0.25, matched mu=0.1)",uniform_high,64,68,eval_mean_mean_resource_fraction,0.08593444590220262
ecology_perception_parallel_v1_r0_r2_mu010,"R0 (theta=0.25, matched mu=0.1)",uniform_high,64,68,eval_mean_mean_reserve_welfare,0.7340440009355982
ecology_perception_parallel_v1_r0_r2_mu010,"R0 (theta=0.25, matched mu=0.1)",uniform_high,64,68,final_wealth_gini,0.4152759932568719
ecology_perception_parallel_v1_r0_r2_mu010,"R0 (theta=0.25, matched mu=0.1)",patchy_high,64,68,eval_mean_mean_resource_fraction,0.10064013678196897
ecology_perception_parallel_v1_r0_r2_mu010,"R0 (theta=0.25, matched mu=0.1)",patchy_high,64,68,eval_mean_mean_reserve_welfare,0.7406627771763976
ecology_perception_parallel_v1_r0_r2_mu010,"R0 (theta=0.25, matched mu=0.1)",patchy_high,64,68,final_wealth_gini,0.43351786496919753
ecology_perception_parallel_v1_r0_r2_mu010,"R0 (theta=0.25, matched mu=0.1)",split_high_low,64,68,eval_mean_mean_resource_fraction,0.07744125927490934
ecology_perception_parallel_v1_r0_r2_mu010,"R0 (theta=0.25, matched mu=0.1)",split_high_low,64,68,eval_mean_mean_reserve_welfare,0.6765137587248664
ecology_perception_parallel_v1_r0_r2_mu010,"R0 (theta=0.25, matched mu=0.1)",split_high_low,64,68,final_wealth_gini,0.5564603786203144
ecology_perception_parallel_v1_r0_r2_mu010,"R0 (theta=0.25, matched mu=0.1)",uniform_high,64,69,eval_mean_mean_resource_fraction,0.11657119448567851
ecology_perception_parallel_v1_r0_r2_mu010,"R0 (theta=0.25, matched mu=0.1)",uniform_high,64,69,eval_mean_mean_reserve_welfare,0.6553387537075448
ecology_perception_parallel_v1_r0_r2_mu010,"R0 (theta=0.25, matched mu=0.1)",uniform_high,64,69,final_wealth_gini,0.5263337300267266
ecology_perception_parallel_v1_r0_r2_mu010,"R0 (theta=0.25, matched mu=0.1)",patchy_high,64,69,eval_mean_mean_resource_fraction,0.1542614257133843
ecology_perception_parallel_v1_r0_r2_mu010,"R0 (theta=0.25, matched mu=0.1)",patchy_high,64,69,eval_mean_mean_reserve_welfare,0.8754770171297664
ecology_perception_parallel_v1_r0_r2_mu010,"R0 (theta=0.25, matched mu=0.1)",patchy_high,64,69,final_wealth_gini,0.3951958053623532
ecology_perception_parallel_v1_r0_r2_mu010,"R0 (theta=0.25, matched mu=0.1)",split_high_low,64,69,eval_mean_mean_resource_fraction,0.15653497070545608
ecology_perception_parallel_v1_r0_r2_mu010,"R0 (theta=0.25, matched mu=0.1)",split_high_low,64,69,eval_mean_mean_reserve_welfare,0.7436870327959798
ecology_perception_parallel_v1_r0_r2_mu010,"R0 (theta=0.25, matched mu=0.1)",split_high_low,64,69,final_wealth_gini,0.5097006772706596
ecology_perception_parallel_v1_r0_r2_mu010,"R0 (theta=0.25, matched mu=0.1)",uniform_high,64,70,eval_mean_mean_resource_fraction,0.11273147563304095
ecology_perception_parallel_v1_r0_r2_mu010,"R0 (theta=0.25, matched mu=0.1)",uniform_high,64,70,eval_mean_mean_reserve_welfare,0.8547727707636508
ecology_perception_parallel_v1_r0_r2_mu010,"R0 (theta=0.25, matched mu=0.1)",uniform_high,64,70,final_wealth_gini,0.37031639664814797
ecology_perception_parallel_v1_r0_r2_mu010,"R0 (theta=0.25, matched mu=0.1)",patchy_high,64,70,eval_mean_mean_resource_fraction,0.12695890688812883
ecology_perception_parallel_v1_r0_r2_mu010,"R0 (theta=0.25, matched mu=0.1)",patchy_high,64,70,eval_mean_mean_reserve_welfare,0.8811768569191814
ecology_perception_parallel_v1_r0_r2_mu010,"R0 (theta=0.25, matched mu=0.1)",patchy_high,64,70,final_wealth_gini,0.3543860357927795
ecology_perception_parallel_v1_r0_r2_mu010,"R0 (theta=0.25, matched mu=0.1)",split_high_low,64,70,eval_mean_mean_resource_fraction,0.13024547195354877
ecology_perception_parallel_v1_r0_r2_mu010,"R0 (theta=0.25, matched mu=0.1)",split_high_low,64,70,eval_mean_mean_reserve_welfare,0.660412606283948
ecology_perception_parallel_v1_r0_r2_mu010,"R0 (theta=0.25, matched mu=0.1)",split_high_low,64,70,final_wealth_gini,0.6254266303088039
ecology_perception_parallel_v1_r0_r2_mu010,"R0 (theta=0.25, matched mu=0.1)",uniform_high,64,71,eval_mean_mean_resource_fraction,0.06374191295663413
ecology_perception_parallel_v1_r0_r2_mu010,"R0 (theta=0.25, matched mu=0.1)",uniform_high,64,71,eval_mean_mean_reserve_welfare,0.6538216823868199
ecology_perception_parallel_v1_r0_r2_mu010,"R0 (theta=0.25, matched mu=0.1)",uniform_high,64,71,final_wealth_gini,0.42462398568962834
ecology_perception_parallel_v1_r0_r2_mu010,"R0 (theta=0.25, matched mu=0.1)",patchy_high,64,71,eval_mean_mean_resource_fraction,0.09233835071751818
ecology_perception_parallel_v1_r0_r2_mu010,"R0 (theta=0.25, matched mu=0.1)",patchy_high,64,71,eval_mean_mean_reserve_welfare,0.7318802866026046
ecology_perception_parallel_v1_r0_r2_mu010,"R0 (theta=0.25, matched mu=0.1)",patchy_high,64,71,final_wealth_gini,0.42709792727039986
ecology_perception_parallel_v1_r0_r2_mu010,"R0 (theta=0.25, matched mu=0.1)",split_high_low,64,71,eval_mean_mean_resource_fraction,0.15359872757248622
ecology_perception_parallel_v1_r0_r2_mu010,"R0 (theta=0.25, matched mu=0.1)",split_high_low,64,71,eval_mean_mean_reserve_welfare,0.7048837360165697
ecology_perception_parallel_v1_r0_r2_mu010,"R0 (theta=0.25, matched mu=0.1)",split_high_low,64,71,final_wealth_gini,0.6339468153779477
ecology_perception_parallel_v1_r0_r2_mu010,"R0 (theta=0.25, matched mu=0.1)",uniform_high,64,72,eval_mean_mean_resource_fraction,0.12208838616371129
ecology_perception_parallel_v1_r0_r2_mu010,"R0 (theta=0.25, matched mu=0.1)",uniform_high,64,72,eval_mean_mean_reserve_welfare,0.8449060193529481
ecology_perception_parallel_v1_r0_r2_mu010,"R0 (theta=0.25, matched mu=0.1)",uniform_high,64,72,final_wealth_gini,0.3728371778177948
ecology_perception_parallel_v1_r0_r2_mu010,"R0 (theta=0.25, matched mu=0.1)",patchy_high,64,72,eval_mean_mean_resource_fraction,0.11134847019148982
ecology_perception_parallel_v1_r0_r2_mu010,"R0 (theta=0.25, matched mu=0.1)",patchy_high,64,72,eval_mean_mean_reserve_welfare,0.7665925310764523
ecology_perception_parallel_v1_r0_r2_mu010,"R0 (theta=0.25, matched mu=0.1)",patchy_high,64,72,final_wealth_gini,0.40146282745893336
ecology_perception_parallel_v1_r0_r2_mu010,"R0 (theta=0.25, matched mu=0.1)",split_high_low,64,72,eval_mean_mean_resource_fraction,0.1095132248712859
ecology_perception_parallel_v1_r0_r2_mu010,"R0 (theta=0.25, matched mu=0.1)",split_high_low,64,72,eval_mean_mean_reserve_welfare,0.6038136721642468
ecology_perception_parallel_v1_r0_r2_mu010,"R0 (theta=0.25, matched mu=0.1)",split_high_low,64,72,final_wealth_gini,0.6086793123883407
ecology_perception_parallel_v1_r0_r2_mu010,"R0 (theta=0.25, matched mu=0.1)",uniform_high,64,73,eval_mean_mean_resource_fraction,0.08259948311323473
ecology_perception_parallel_v1_r0_r2_mu010,"R0 (theta=0.25, matched mu=0.1)",uniform_high,64,73,eval_mean_mean_reserve_welfare,0.6841238555554171
ecology_perception_parallel_v1_r0_r2_mu010,"R0 (theta=0.25, matched mu=0.1)",uniform_high,64,73,final_wealth_gini,0.45933927849197054
ecology_perception_parallel_v1_r0_r2_mu010,"R0 (theta=0.25, matched mu=0.1)",patchy_high,64,73,eval_mean_mean_resource_fraction,0.11983849553202008
ecology_perception_parallel_v1_r0_r2_mu010,"R0 (theta=0.25, matched mu=0.1)",patchy_high,64,73,eval_mean_mean_reserve_welfare,0.7936129449554707
ecology_perception_parallel_v1_r0_r2_mu010,"R0 (theta=0.25, matched mu=0.1)",patchy_high,64,73,final_wealth_gini,0.41104192795692174
ecology_perception_parallel_v1_r0_r2_mu010,"R0 (theta=0.25, matched mu=0.1)",split_high_low,64,73,eval_mean_mean_resource_fraction,0.20038009325990394
ecology_perception_parallel_v1_r0_r2_mu010,"R0 (theta=0.25, matched mu=0.1)",split_high_low,64,73,eval_mean_mean_reserve_welfare,0.6734105876991971
ecology_perception_parallel_v1_r0_r2_mu010,"R0 (theta=0.25, matched mu=0.1)",split_high_low,64,73,final_wealth_gini,0.6359527112818821
ecology_perception_parallel_v1_r0_r2_mu010,"R0 (theta=0.25, matched mu=0.1)",uniform_high,64,74,eval_mean_mean_resource_fraction,0.23335933853934812
ecology_perception_parallel_v1_r0_r2_mu010,"R0 (theta=0.25, matched mu=0.1)",uniform_high,64,74,eval_mean_mean_reserve_welfare,0.9026374259868242
ecology_perception_parallel_v1_r0_r2_mu010,"R0 (theta=0.25, matched mu=0.1)",uniform_high,64,74,final_wealth_gini,0.4225776575271074
ecology_perception_parallel_v1_r0_r2_mu010,"R0 (theta=0.25, matched mu=0.1)",patchy_high,64,74,eval_mean_mean_resource_fraction,0.12940414251748023
ecology_perception_parallel_v1_r0_r2_mu010,"R0 (theta=0.25, matched mu=0.1)",patchy_high,64,74,eval_mean_mean_reserve_welfare,0.7614816766261101
ecology_perception_parallel_v1_r0_r2_mu010,"R0 (theta=0.25, matched mu=0.1)",patchy_high,64,74,final_wealth_gini,0.4738474288291592
ecology_perception_parallel_v1_r0_r2_mu010,"R0 (theta=0.25, matched mu=0.1)",split_high_low,64,74,eval_mean_mean_resource_fraction,0.21736105695775915
ecology_perception_parallel_v1_r0_r2_mu010,"R0 (theta=0.25, matched mu=0.1)",split_high_low,64,74,eval_mean_mean_reserve_welfare,0.7237521961919728
ecology_perception_parallel_v1_r0_r2_mu010,"R0 (theta=0.25, matched mu=0.1)",split_high_low,64,74,final_wealth_gini,0.609630813640631
ecology_perception_parallel_v1_r0_r2_mu010,"R0 (theta=0.25, matched mu=0.1)",uniform_high,64,75,eval_mean_mean_resource_fraction,0.08333399836970252
ecology_perception_parallel_v1_r0_r2_mu010,"R0 (theta=0.25, matched mu=0.1)",uniform_high,64,75,eval_mean_mean_reserve_welfare,0.7418572639632998
ecology_perception_parallel_v1_r0_r2_mu010,"R0 (theta=0.25, matched mu=0.1)",uniform_high,64,75,final_wealth_gini,0.41866617845419496
ecology_perception_parallel_v1_r0_r2_mu010,"R0 (theta=0.25, matched mu=0.1)",patchy_high,64,75,eval_mean_mean_resource_fraction,0.07881587094235204
ecology_perception_parallel_v1_r0_r2_mu010,"R0 (theta=0.25, matched mu=0.1)",patchy_high,64,75,eval_mean_mean_reserve_welfare,0.6948804010625169
ecology_perception_parallel_v1_r0_r2_mu010,"R0 (theta=0.25, matched mu=0.1)",patchy_high,64,75,final_wealth_gini,0.43174492911674944
ecology_perception_parallel_v1_r0_r2_mu010,"R0 (theta=0.25, matched mu=0.1)",split_high_low,64,75,eval_mean_mean_resource_fraction,0.08441971350798594
ecology_perception_parallel_v1_r0_r2_mu010,"R0 (theta=0.25, matched mu=0.1)",split_high_low,64,75,eval_mean_mean_reserve_welfare,0.7032428336018236
ecology_perception_parallel_v1_r0_r2_mu010,"R0 (theta=0.25, matched mu=0.1)",split_high_low,64,75,final_wealth_gini,0.5513619982192945
ecology_perception_parallel_v1_r0_r2_mu010,"R0 (theta=0.25, matched mu=0.1)",uniform_high,64,76,eval_mean_mean_resource_fraction,0.10534261407342282
ecology_perception_parallel_v1_r0_r2_mu010,"R0 (theta=0.25, matched mu=0.1)",uniform_high,64,76,eval_mean_mean_reserve_welfare,0.6853378284949112
ecology_perception_parallel_v1_r0_r2_mu010,"R0 (theta=0.25, matched mu=0.1)",uniform_high,64,76,final_wealth_gini,0.49119902509407676
ecology_perception_parallel_v1_r0_r2_mu010,"R0 (theta=0.25, matched mu=0.1)",patchy_high,64,76,eval_mean_mean_resource_fraction,0.088463970568023
ecology_perception_parallel_v1_r0_r2_mu010,"R0 (theta=0.25, matched mu=0.1)",patchy_high,64,76,eval_mean_mean_reserve_welfare,0.6409947458192933
ecology_perception_parallel_v1_r0_r2_mu010,"R0 (theta=0.25, matched mu=0.1)",patchy_high,64,76,final_wealth_gini,0.47007921102149597
ecology_perception_parallel_v1_r0_r2_mu010,"R0 (theta=0.25, matched mu=0.1)",split_high_low,64,76,eval_mean_mean_resource_fraction,0.09362919410488352
ecology_perception_parallel_v1_r0_r2_mu010,"R0 (theta=0.25, matched mu=0.1)",split_high_low,64,76,eval_mean_mean_reserve_welfare,0.5349808871211492
ecology_perception_parallel_v1_r0_r2_mu010,"R0 (theta=0.25, matched mu=0.1)",split_high_low,64,76,final_wealth_gini,0.6915364816437033
ecology_perception_parallel_v1_r0_r2_mu010,"R0 (theta=0.25, matched mu=0.1)",uniform_high,64,77,eval_mean_mean_resource_fraction,0.10330110374255667
ecology_perception_parallel_v1_r0_r2_mu010,"R0 (theta=0.25, matched mu=0.1)",uniform_high,64,77,eval_mean_mean_reserve_welfare,0.7322476332036417
ecology_perception_parallel_v1_r0_r2_mu010,"R0 (theta=0.25, matched mu=0.1)",uniform_high,64,77,final_wealth_gini,0.45467611003223407
ecology_perception_parallel_v1_r0_r2_mu010,"R0 (theta=0.25, matched mu=0.1)",patchy_high,64,77,eval_mean_mean_resource_fraction,0.08823536504200549
ecology_perception_parallel_v1_r0_r2_mu010,"R0 (theta=0.25, matched mu=0.1)",patchy_high,64,77,eval_mean_mean_reserve_welfare,0.7019279831516968
ecology_perception_parallel_v1_r0_r2_mu010,"R0 (theta=0.25, matched mu=0.1)",patchy_high,64,77,final_wealth_gini,0.4630762792726688
ecology_perception_parallel_v1_r0_r2_mu010,"R0 (theta=0.25, matched mu=0.1)",split_high_low,64,77,eval_mean_mean_resource_fraction,0.08962435943484685
ecology_perception_parallel_v1_r0_r2_mu010,"R0 (theta=0.25, matched mu=0.1)",split_high_low,64,77,eval_mean_mean_reserve_welfare,0.6365138896026734
ecology_perception_parallel_v1_r0_r2_mu010,"R0 (theta=0.25, matched mu=0.1)",split_high_low,64,77,final_wealth_gini,0.616821321607685
ecology_perception_parallel_v1_r0_r2_mu010,"R0 (theta=0.25, matched mu=0.1)",uniform_high,64,78,eval_mean_mean_resource_fraction,0.09309403721194372
ecology_perception_parallel_v1_r0_r2_mu010,"R0 (theta=0.25, matched mu=0.1)",uniform_high,64,78,eval_mean_mean_reserve_welfare,0.7628968752304948
ecology_perception_parallel_v1_r0_r2_mu010,"R0 (theta=0.25, matched mu=0.1)",uniform_high,64,78,final_wealth_gini,0.399042775246218
ecology_perception_parallel_v1_r0_r2_mu010,"R0 (theta=0.25, matched mu=0.1)",patchy_high,64,78,eval_mean_mean_resource_fraction,0.10991918762780714
ecology_perception_parallel_v1_r0_r2_mu010,"R0 (theta=0.25, matched mu=0.1)",patchy_high,64,78,eval_mean_mean_reserve_welfare,0.735296905238053
ecology_perception_parallel_v1_r0_r2_mu010,"R0 (theta=0.25, matched mu=0.1)",patchy_high,64,78,final_wealth_gini,0.41705584241267557
ecology_perception_parallel_v1_r0_r2_mu010,"R0 (theta=0.25, matched mu=0.1)",split_high_low,64,78,eval_mean_mean_resource_fraction,0.08301694288960434
ecology_perception_parallel_v1_r0_r2_mu010,"R0 (theta=0.25, matched mu=0.1)",split_high_low,64,78,eval_mean_mean_reserve_welfare,0.6097106251082641
ecology_perception_parallel_v1_r0_r2_mu010,"R0 (theta=0.25, matched mu=0.1)",split_high_low,64,78,final_wealth_gini,0.6140719047217114
ecology_perception_parallel_v1_r0_r2_mu010,"R0 (theta=0.25, matched mu=0.1)",uniform_high,64,79,eval_mean_mean_resource_fraction,0.15012162059684164
ecology_perception_parallel_v1_r0_r2_mu010,"R0 (theta=0.25, matched mu=0.1)",uniform_high,64,79,eval_mean_mean_reserve_welfare,0.9095863267277555
ecology_perception_parallel_v1_r0_r2_mu010,"R0 (theta=0.25, matched mu=0.1)",uniform_high,64,79,final_wealth_gini,0.38107850239557517
ecology_perception_parallel_v1_r0_r2_mu010,"R0 (theta=0.25, matched mu=0.1)",patchy_high,64,79,eval_mean_mean_resource_fraction,0.15655551432987802
ecology_perception_parallel_v1_r0_r2_mu010,"R0 (theta=0.25, matched mu=0.1)",patchy_high,64,79,eval_mean_mean_reserve_welfare,0.7949554913261799
ecology_perception_parallel_v1_r0_r2_mu010,"R0 (theta=0.25, matched mu=0.1)",patchy_high,64,79,final_wealth_gini,0.4641101540291521
ecology_perception_parallel_v1_r0_r2_mu010,"R0 (theta=0.25, matched mu=0.1)",split_high_low,64,79,eval_mean_mean_resource_fraction,0.18463207843743323
ecology_perception_parallel_v1_r0_r2_mu010,"R0 (theta=0.25, matched mu=0.1)",split_high_low,64,79,eval_mean_mean_reserve_welfare,0.7459840649210132
ecology_perception_parallel_v1_r0_r2_mu010,"R0 (theta=0.25, matched mu=0.1)",split_high_low,64,79,final_wealth_gini,0.5879968912742852
ecology_perception_parallel_v1_r0_r2_mu010,"R0 (theta=0.25, matched mu=0.1)",uniform_high,64,80,eval_mean_mean_resource_fraction,0.11099419492053057
ecology_perception_parallel_v1_r0_r2_mu010,"R0 (theta=0.25, matched mu=0.1)",uniform_high,64,80,eval_mean_mean_reserve_welfare,0.736418988267615
ecology_perception_parallel_v1_r0_r2_mu010,"R0 (theta=0.25, matched mu=0.1)",uniform_high,64,80,final_wealth_gini,0.49873824168701963
ecology_perception_parallel_v1_r0_r2_mu010,"R0 (theta=0.25, matched mu=0.1)",patchy_high,64,80,eval_mean_mean_resource_fraction,0.11282393836504606
ecology_perception_parallel_v1_r0_r2_mu010,"R0 (theta=0.25, matched mu=0.1)",patchy_high,64,80,eval_mean_mean_reserve_welfare,0.7343211524046641
ecology_perception_parallel_v1_r0_r2_mu010,"R0 (theta=0.25, matched mu=0.1)",patchy_high,64,80,final_wealth_gini,0.5091150391424561
ecology_perception_parallel_v1_r0_r2_mu010,"R0 (theta=0.25, matched mu=0.1)",split_high_low,64,80,eval_mean_mean_resource_fraction,0.14790994044225028
ecology_perception_parallel_v1_r0_r2_mu010,"R0 (theta=0.25, matched mu=0.1)",split_high_low,64,80,eval_mean_mean_reserve_welfare,0.588445024167467
ecology_perception_parallel_v1_r0_r2_mu010,"R0 (theta=0.25, matched mu=0.1)",split_high_low,64,80,final_wealth_gini,0.6847516290157221
ecology_perception_parallel_v1_r0_r2_mu010,"R0 (theta=0.25, matched mu=0.1)",uniform_high,64,81,eval_mean_mean_resource_fraction,0.08115887137580348
ecology_perception_parallel_v1_r0_r2_mu010,"R0 (theta=0.25, matched mu=0.1)",uniform_high,64,81,eval_mean_mean_reserve_welfare,0.7163632918050575
ecology_perception_parallel_v1_r0_r2_mu010,"R0 (theta=0.25, matched mu=0.1)",uniform_high,64,81,final_wealth_gini,0.4371676838963887
ecology_perception_parallel_v1_r0_r2_mu010,"R0 (theta=0.25, matched mu=0.1)",patchy_high,64,81,eval_mean_mean_resource_fraction,0.09906508694123442
ecology_perception_parallel_v1_r0_r2_mu010,"R0 (theta=0.25, matched mu=0.1)",patchy_high,64,81,eval_mean_mean_reserve_welfare,0.7564207806877549
ecology_perception_parallel_v1_r0_r2_mu010,"R0 (theta=0.25, matched mu=0.1)",patchy_high,64,81,final_wealth_gini,0.4367072437192765
ecology_perception_parallel_v1_r0_r2_mu010,"R0 (theta=0.25, matched mu=0.1)",split_high_low,64,81,eval_mean_mean_resource_fraction,0.20879917182006602
ecology_perception_parallel_v1_r0_r2_mu010,"R0 (theta=0.25, matched mu=0.1)",split_high_low,64,81,eval_mean_mean_reserve_welfare,0.6936344665702991
ecology_perception_parallel_v1_r0_r2_mu010,"R0 (theta=0.25, matched mu=0.1)",split_high_low,64,81,final_wealth_gini,0.6119352791227026
ecology_perception_parallel_v1_r0_r2_mu010,"R0 (theta=0.25, matched mu=0.1)",uniform_high,64,82,eval_mean_mean_resource_fraction,0.08918940289434221
ecology_perception_parallel_v1_r0_r2_mu010,"R0 (theta=0.25, matched mu=0.1)",uniform_high,64,82,eval_mean_mean_reserve_welfare,0.6931644443214122
ecology_perception_parallel_v1_r0_r2_mu010,"R0 (theta=0.25, matched mu=0.1)",uniform_high,64,82,final_wealth_gini,0.48349840009277845
ecology_perception_parallel_v1_r0_r2_mu010,"R0 (theta=0.25, matched mu=0.1)",patchy_high,64,82,eval_mean_mean_resource_fraction,0.2148328884636872
ecology_perception_parallel_v1_r0_r2_mu010,"R0 (theta=0.25, matched mu=0.1)",patchy_high,64,82,eval_mean_mean_reserve_welfare,0.8506964891573006
ecology_perception_parallel_v1_r0_r2_mu010,"R0 (theta=0.25, matched mu=0.1)",patchy_high,64,82,final_wealth_gini,0.48752105653671296
ecology_perception_parallel_v1_r0_r2_mu010,"R0 (theta=0.25, matched mu=0.1)",split_high_low,64,82,eval_mean_mean_resource_fraction,0.08280954808281894
ecology_perception_parallel_v1_r0_r2_mu010,"R0 (theta=0.25, matched mu=0.1)",split_high_low,64,82,eval_mean_mean_reserve_welfare,0.6038562489356613
ecology_perception_parallel_v1_r0_r2_mu010,"R0 (theta=0.25, matched mu=0.1)",split_high_low,64,82,final_wealth_gini,0.6108655419646649
ecology_perception_parallel_v1_r0_r2_mu010,"R0 (theta=0.25, matched mu=0.1)",uniform_high,64,83,eval_mean_mean_resource_fraction,0.08944824040083249
ecology_perception_parallel_v1_r0_r2_mu010,"R0 (theta=0.25, matched mu=0.1)",uniform_high,64,83,eval_mean_mean_reserve_welfare,0.731375803479152
ecology_perception_parallel_v1_r0_r2_mu010,"R0 (theta=0.25, matched mu=0.1)",uniform_high,64,83,final_wealth_gini,0.4400255891846081
ecology_perception_parallel_v1_r0_r2_mu010,"R0 (theta=0.25, matched mu=0.1)",patchy_high,64,83,eval_mean_mean_resource_fraction,0.13051749223218992
ecology_perception_parallel_v1_r0_r2_mu010,"R0 (theta=0.25, matched mu=0.1)",patchy_high,64,83,eval_mean_mean_reserve_welfare,0.802487311998911
ecology_perception_parallel_v1_r0_r2_mu010,"R0 (theta=0.25, matched mu=0.1)",patchy_high,64,83,final_wealth_gini,0.4436214111808525
ecology_perception_parallel_v1_r0_r2_mu010,"R0 (theta=0.25, matched mu=0.1)",split_high_low,64,83,eval_mean_mean_resource_fraction,0.10816163671432176
ecology_perception_parallel_v1_r0_r2_mu010,"R0 (theta=0.25, matched mu=0.1)",split_high_low,64,83,eval_mean_mean_reserve_welfare,0.7281643828197555
ecology_perception_parallel_v1_r0_r2_mu010,"R0 (theta=0.25, matched mu=0.1)",split_high_low,64,83,final_wealth_gini,0.5407653481031438
ecology_perception_parallel_v1_r0_r2_mu010,"R0 (theta=0.25, matched mu=0.1)",uniform_high,64,84,eval_mean_mean_resource_fraction,0.11345650300457522
ecology_perception_parallel_v1_r0_r2_mu010,"R0 (theta=0.25, matched mu=0.1)",uniform_high,64,84,eval_mean_mean_reserve_welfare,0.7484777037417357
ecology_perception_parallel_v1_r0_r2_mu010,"R0 (theta=0.25, matched mu=0.1)",uniform_high,64,84,final_wealth_gini,0.44785565418700557
ecology_perception_parallel_v1_r0_r2_mu010,"R0 (theta=0.25, matched mu=0.1)",patchy_high,64,84,eval_mean_mean_resource_fraction,0.17774654928070874
ecology_perception_parallel_v1_r0_r2_mu010,"R0 (theta=0.25, matched mu=0.1)",patchy_high,64,84,eval_mean_mean_reserve_welfare,0.8631514852601122
ecology_perception_parallel_v1_r0_r2_mu010,"R0 (theta=0.25, matched mu=0.1)",patchy_high,64,84,final_wealth_gini,0.4365918733179297
ecology_perception_parallel_v1_r0_r2_mu010,"R0 (theta=0.25, matched mu=0.1)",split_high_low,64,84,eval_mean_mean_resource_fraction,0.09435235397168548
ecology_perception_parallel_v1_r0_r2_mu010,"R0 (theta=0.25, matched mu=0.1)",split_high_low,64,84,eval_mean_mean_reserve_welfare,0.6133559478195781
ecology_perception_parallel_v1_r0_r2_mu010,"R0 (theta=0.25, matched mu=0.1)",split_high_low,64,84,final_wealth_gini,0.6328658697332745
ecology_perception_parallel_v1_r0_r2_mu010,"R0 (theta=0.25, matched mu=0.1)",uniform_high,64,85,eval_mean_mean_resource_fraction,0.0982425729296561
ecology_perception_parallel_v1_r0_r2_mu010,"R0 (theta=0.25, matched mu=0.1)",uniform_high,64,85,eval_mean_mean_reserve_welfare,0.707769970557261
ecology_perception_parallel_v1_r0_r2_mu010,"R0 (theta=0.25, matched mu=0.1)",uniform_high,64,85,final_wealth_gini,0.4869174877252158
ecology_perception_parallel_v1_r0_r2_mu010,"R0 (theta=0.25, matched mu=0.1)",patchy_high,64,85,eval_mean_mean_resource_fraction,0.1040581036115229
ecology_perception_parallel_v1_r0_r2_mu010,"R0 (theta=0.25, matched mu=0.1)",patchy_high,64,85,eval_mean_mean_reserve_welfare,0.730699234852915
ecology_perception_parallel_v1_r0_r2_mu010,"R0 (theta=0.25, matched mu=0.1)",patchy_high,64,85,final_wealth_gini,0.48595539422433665
ecology_perception_parallel_v1_r0_r2_mu010,"R0 (theta=0.25, matched mu=0.1)",split_high_low,64,85,eval_mean_mean_resource_fraction,0.13189294005444271
ecology_perception_parallel_v1_r0_r2_mu010,"R0 (theta=0.25, matched mu=0.1)",split_high_low,64,85,eval_mean_mean_reserve_welfare,0.635560779690745
ecology_perception_parallel_v1_r0_r2_mu010,"R0 (theta=0.25, matched mu=0.1)",split_high_low,64,85,final_wealth_gini,0.6370585010273182
ecology_perception_parallel_v1_r0_r2_mu010,"R0 (theta=0.25, matched mu=0.1)",uniform_high,64,86,eval_mean_mean_resource_fraction,0.16589555550387453
ecology_perception_parallel_v1_r0_r2_mu010,"R0 (theta=0.25, matched mu=0.1)",uniform_high,64,86,eval_mean_mean_reserve_welfare,0.9178871752376413
ecology_perception_parallel_v1_r0_r2_mu010,"R0 (theta=0.25, matched mu=0.1)",uniform_high,64,86,final_wealth_gini,0.36147678835326835
ecology_perception_parallel_v1_r0_r2_mu010,"R0 (theta=0.25, matched mu=0.1)",patchy_high,64,86,eval_mean_mean_resource_fraction,0.11442497519600373
ecology_perception_parallel_v1_r0_r2_mu010,"R0 (theta=0.25, matched mu=0.1)",patchy_high,64,86,eval_mean_mean_reserve_welfare,0.7543404981602038
ecology_perception_parallel_v1_r0_r2_mu010,"R0 (theta=0.25, matched mu=0.1)",patchy_high,64,86,final_wealth_gini,0.4824509103357808
ecology_perception_parallel_v1_r0_r2_mu010,"R0 (theta=0.25, matched mu=0.1)",split_high_low,64,86,eval_mean_mean_resource_fraction,0.1156626298580899
ecology_perception_parallel_v1_r0_r2_mu010,"R0 (theta=0.25, matched mu=0.1)",split_high_low,64,86,eval_mean_mean_reserve_welfare,0.7010439947810665
ecology_perception_parallel_v1_r0_r2_mu010,"R0 (theta=0.25, matched mu=0.1)",split_high_low,64,86,final_wealth_gini,0.6108169970210171
ecology_perception_parallel_v1_r0_r2_mu010,"R0 (theta=0.25, matched mu=0.1)",uniform_high,64,87,eval_mean_mean_resource_fraction,0.08076138127271358
ecology_perception_parallel_v1_r0_r2_mu010,"R0 (theta=0.25, matched mu=0.1)",uniform_high,64,87,eval_mean_mean_reserve_welfare,0.7041491956478808
ecology_perception_parallel_v1_r0_r2_mu010,"R0 (theta=0.25, matched mu=0.1)",uniform_high,64,87,final_wealth_gini,0.41883857379164535
ecology_perception_parallel_v1_r0_r2_mu010,"R0 (theta=0.25, matched mu=0.1)",patchy_high,64,87,eval_mean_mean_resource_fraction,0.1265180277211095
ecology_perception_parallel_v1_r0_r2_mu010,"R0 (theta=0.25, matched mu=0.1)",patchy_high,64,87,eval_mean_mean_reserve_welfare,0.8892703390629104
ecology_perception_parallel_v1_r0_r2_mu010,"R0 (theta=0.25, matched mu=0.1)",patchy_high,64,87,final_wealth_gini,0.37412225859061365
ecology_perception_parallel_v1_r0_r2_mu010,"R0 (theta=0.25, matched mu=0.1)",split_high_low,64,87,eval_mean_mean_resource_fraction,0.10319261384330204
ecology_perception_parallel_v1_r0_r2_mu010,"R0 (theta=0.25, matched mu=0.1)",split_high_low,64,87,eval_mean_mean_reserve_welfare,0.6645741635248371
ecology_perception_parallel_v1_r0_r2_mu010,"R0 (theta=0.25, matched mu=0.1)",split_high_low,64,87,final_wealth_gini,0.6288624283298598
ecology_perception_parallel_v1_r0_r2_mu010,"R0 (theta=0.25, matched mu=0.1)",uniform_high,64,88,eval_mean_mean_resource_fraction,0.11736378503603503
ecology_perception_parallel_v1_r0_r2_mu010,"R0 (theta=0.25, matched mu=0.1)",uniform_high,64,88,eval_mean_mean_reserve_welfare,0.7271965340458362
ecology_perception_parallel_v1_r0_r2_mu010,"R0 (theta=0.25, matched mu=0.1)",uniform_high,64,88,final_wealth_gini,0.502970079650148
ecology_perception_parallel_v1_r0_r2_mu010,"R0 (theta=0.25, matched mu=0.1)",patchy_high,64,88,eval_mean_mean_resource_fraction,0.12694449063291977
ecology_perception_parallel_v1_r0_r2_mu010,"R0 (theta=0.25, matched mu=0.1)",patchy_high,64,88,eval_mean_mean_reserve_welfare,0.7511190442819902
ecology_perception_parallel_v1_r0_r2_mu010,"R0 (theta=0.25, matched mu=0.1)",patchy_high,64,88,final_wealth_gini,0.492539685866771
ecology_perception_parallel_v1_r0_r2_mu010,"R0 (theta=0.25, matched mu=0.1)",split_high_low,64,88,eval_mean_mean_resource_fraction,0.17125443503344695
ecology_perception_parallel_v1_r0_r2_mu010,"R0 (theta=0.25, matched mu=0.1)",split_high_low,64,88,eval_mean_mean_reserve_welfare,0.7141745833922689
ecology_perception_parallel_v1_r0_r2_mu010,"R0 (theta=0.25, matched mu=0.1)",split_high_low,64,88,final_wealth_gini,0.6068485744207717
ecology_perception_parallel_v1_r0_r2_mu010,"R0 (theta=0.25, matched mu=0.1)",uniform_high,64,89,eval_mean_mean_resource_fraction,0.16433539099999667
ecology_perception_parallel_v1_r0_r2_mu010,"R0 (theta=0.25, matched mu=0.1)",uniform_high,64,89,eval_mean_mean_reserve_welfare,0.8697593744017275
ecology_perception_parallel_v1_r0_r2_mu010,"R0 (theta=0.25, matched mu=0.1)",uniform_high,64,89,final_wealth_gini,0.40864772603349664
ecology_perception_parallel_v1_r0_r2_mu010,"R0 (theta=0.25, matched mu=0.1)",patchy_high,64,89,eval_mean_mean_resource_fraction,0.1258146587762661
ecology_perception_parallel_v1_r0_r2_mu010,"R0 (theta=0.25, matched mu=0.1)",patchy_high,64,89,eval_mean_mean_reserve_welfare,0.8276334879080215
ecology_perception_parallel_v1_r0_r2_mu010,"R0 (theta=0.25, matched mu=0.1)",patchy_high,64,89,final_wealth_gini,0.43286650691781103
ecology_perception_parallel_v1_r0_r2_mu010,"R0 (theta=0.25, matched mu=0.1)",split_high_low,64,89,eval_mean_mean_resource_fraction,0.16449399335606146
ecology_perception_parallel_v1_r0_r2_mu010,"R0 (theta=0.25, matched mu=0.1)",split_high_low,64,89,eval_mean_mean_reserve_welfare,0.6648556419067181
ecology_perception_parallel_v1_r0_r2_mu010,"R0 (theta=0.25, matched mu=0.1)",split_high_low,64,89,final_wealth_gini,0.6335109167534156
ecology_perception_parallel_v1_r0_r2_mu010,"R0 (theta=0.25, matched mu=0.1)",uniform_high,64,90,eval_mean_mean_resource_fraction,0.11492800889433827
ecology_perception_parallel_v1_r0_r2_mu010,"R0 (theta=0.25, matched mu=0.1)",uniform_high,64,90,eval_mean_mean_reserve_welfare,0.8651467787268954
ecology_perception_parallel_v1_r0_r2_mu010,"R0 (theta=0.25, matched mu=0.1)",uniform_high,64,90,final_wealth_gini,0.369753124706107
ecology_perception_parallel_v1_r0_r2_mu010,"R0 (theta=0.25, matched mu=0.1)",patchy_high,64,90,eval_mean_mean_resource_fraction,0.07470282924196521
ecology_perception_parallel_v1_r0_r2_mu010,"R0 (theta=0.25, matched mu=0.1)",patchy_high,64,90,eval_mean_mean_reserve_welfare,0.6597966505895069
ecology_perception_parallel_v1_r0_r2_mu010,"R0 (theta=0.25, matched mu=0.1)",patchy_high,64,90,final_wealth_gini,0.44193250898833236
ecology_perception_parallel_v1_r0_r2_mu010,"R0 (theta=0.25, matched mu=0.1)",split_high_low,64,90,eval_mean_mean_resource_fraction,0.12341770297206191
ecology_perception_parallel_v1_r0_r2_mu010,"R0 (theta=0.25, matched mu=0.1)",split_high_low,64,90,eval_mean_mean_reserve_welfare,0.6665277808382094
ecology_perception_parallel_v1_r0_r2_mu010,"R0 (theta=0.25, matched mu=0.1)",split_high_low,64,90,final_wealth_gini,0.6162554759819039
ecology_perception_parallel_v1_r0_r2_mu010,"R0 (theta=0.25, matched mu=0.1)",uniform_high,64,91,eval_mean_mean_resource_fraction,0.12711823087843718
ecology_perception_parallel_v1_r0_r2_mu010,"R0 (theta=0.25, matched mu=0.1)",uniform_high,64,91,eval_mean_mean_reserve_welfare,0.7599410742482847
ecology_perception_parallel_v1_r0_r2_mu010,"R0 (theta=0.25, matched mu=0.1)",uniform_high,64,91,final_wealth_gini,0.4708374463624361
ecology_perception_parallel_v1_r0_r2_mu010,"R0 (theta=0.25, matched mu=0.1)",patchy_high,64,91,eval_mean_mean_resource_fraction,0.1236310077759217
ecology_perception_parallel_v1_r0_r2_mu010,"R0 (theta=0.25, matched mu=0.1)",patchy_high,64,91,eval_mean_mean_reserve_welfare,0.7461431834801314
ecology_perception_parallel_v1_r0_r2_mu010,"R0 (theta=0.25, matched mu=0.1)",patchy_high,64,91,final_wealth_gini,0.47116918917232087
ecology_perception_parallel_v1_r0_r2_mu010,"R0 (theta=0.25, matched mu=0.1)",split_high_low,64,91,eval_mean_mean_resource_fraction,0.16027888462990314
ecology_perception_parallel_v1_r0_r2_mu010,"R0 (theta=0.25, matched mu=0.1)",split_high_low,64,91,eval_mean_mean_reserve_welfare,0.7245717864060447
ecology_perception_parallel_v1_r0_r2_mu010,"R0 (theta=0.25, matched mu=0.1)",split_high_low,64,91,final_wealth_gini,0.5780080313348337
ecology_perception_parallel_v1_r0_r2_mu010,"R0 (theta=0.25, matched mu=0.1)",uniform_high,64,92,eval_mean_mean_resource_fraction,0.09290802222885397
ecology_perception_parallel_v1_r0_r2_mu010,"R0 (theta=0.25, matched mu=0.1)",uniform_high,64,92,eval_mean_mean_reserve_welfare,0.6822133502102574
ecology_perception_parallel_v1_r0_r2_mu010,"R0 (theta=0.25, matched mu=0.1)",uniform_high,64,92,final_wealth_gini,0.5048825098415926
ecology_perception_parallel_v1_r0_r2_mu010,"R0 (theta=0.25, matched mu=0.1)",patchy_high,64,92,eval_mean_mean_resource_fraction,0.1209789477083162
ecology_perception_parallel_v1_r0_r2_mu010,"R0 (theta=0.25, matched mu=0.1)",patchy_high,64,92,eval_mean_mean_reserve_welfare,0.677853635689507
ecology_perception_parallel_v1_r0_r2_mu010,"R0 (theta=0.25, matched mu=0.1)",patchy_high,64,92,final_wealth_gini,0.5401754070393106
ecology_perception_parallel_v1_r0_r2_mu010,"R0 (theta=0.25, matched mu=0.1)",split_high_low,64,92,eval_mean_mean_resource_fraction,0.14325905809984205
ecology_perception_parallel_v1_r0_r2_mu010,"R0 (theta=0.25, matched mu=0.1)",split_high_low,64,92,eval_mean_mean_reserve_welfare,0.6843830459884257
ecology_perception_parallel_v1_r0_r2_mu010,"R0 (theta=0.25, matched mu=0.1)",split_high_low,64,92,final_wealth_gini,0.6114585205155392
ecology_perception_parallel_v1_r0_r2_mu010,"R0 (theta=0.25, matched mu=0.1)",uniform_high,64,93,eval_mean_mean_resource_fraction,0.09447820263846844
ecology_perception_parallel_v1_r0_r2_mu010,"R0 (theta=0.25, matched mu=0.1)",uniform_high,64,93,eval_mean_mean_reserve_welfare,0.8288106542950368
ecology_perception_parallel_v1_r0_r2_mu010,"R0 (theta=0.25, matched mu=0.1)",uniform_high,64,93,final_wealth_gini,0.3507654038193935
ecology_perception_parallel_v1_r0_r2_mu010,"R0 (theta=0.25, matched mu=0.1)",patchy_high,64,93,eval_mean_mean_resource_fraction,0.07989150545585824
ecology_perception_parallel_v1_r0_r2_mu010,"R0 (theta=0.25, matched mu=0.1)",patchy_high,64,93,eval_mean_mean_reserve_welfare,0.7226684304416453
ecology_perception_parallel_v1_r0_r2_mu010,"R0 (theta=0.25, matched mu=0.1)",patchy_high,64,93,final_wealth_gini,0.42512107462218296
ecology_perception_parallel_v1_r0_r2_mu010,"R0 (theta=0.25, matched mu=0.1)",split_high_low,64,93,eval_mean_mean_resource_fraction,0.1636271924543902
ecology_perception_parallel_v1_r0_r2_mu010,"R0 (theta=0.25, matched mu=0.1)",split_high_low,64,93,eval_mean_mean_reserve_welfare,0.6540161138968726
ecology_perception_parallel_v1_r0_r2_mu010,"R0 (theta=0.25, matched mu=0.1)",split_high_low,64,93,final_wealth_gini,0.6411472617106193
ecology_perception_parallel_v1_r0_r2_mu010,"R0 (theta=0.25, matched mu=0.1)",uniform_high,64,94,eval_mean_mean_resource_fraction,0.09195724965897911
ecology_perception_parallel_v1_r0_r2_mu010,"R0 (theta=0.25, matched mu=0.1)",uniform_high,64,94,eval_mean_mean_reserve_welfare,0.6650331297409682
ecology_perception_parallel_v1_r0_r2_mu010,"R0 (theta=0.25, matched mu=0.1)",uniform_high,64,94,final_wealth_gini,0.4928128061181558
ecology_perception_parallel_v1_r0_r2_mu010,"R0 (theta=0.25, matched mu=0.1)",patchy_high,64,94,eval_mean_mean_resource_fraction,0.09716500246161312
ecology_perception_parallel_v1_r0_r2_mu010,"R0 (theta=0.25, matched mu=0.1)",patchy_high,64,94,eval_mean_mean_reserve_welfare,0.6964609672564608
ecology_perception_parallel_v1_r0_r2_mu010,"R0 (theta=0.25, matched mu=0.1)",patchy_high,64,94,final_wealth_gini,0.46429390643277135
ecology_perception_parallel_v1_r0_r2_mu010,"R0 (theta=0.25, matched mu=0.1)",split_high_low,64,94,eval_mean_mean_resource_fraction,0.13584468603623315
ecology_perception_parallel_v1_r0_r2_mu010,"R0 (theta=0.25, matched mu=0.1)",split_high_low,64,94,eval_mean_mean_reserve_welfare,0.6959095998503042
ecology_perception_parallel_v1_r0_r2_mu010,"R0 (theta=0.25, matched mu=0.1)",split_high_low,64,94,final_wealth_gini,0.6029723427171554
ecology_perception_parallel_v1_r0_r2_mu010,"R0 (theta=0.25, matched mu=0.1)",uniform_high,64,95,eval_mean_mean_resource_fraction,0.1217165388885048
ecology_perception_parallel_v1_r0_r2_mu010,"R0 (theta=0.25, matched mu=0.1)",uniform_high,64,95,eval_mean_mean_reserve_welfare,0.6966809669464457
ecology_perception_parallel_v1_r0_r2_mu010,"R0 (theta=0.25, matched mu=0.1)",uniform_high,64,95,final_wealth_gini,0.4906219444352182
ecology_perception_parallel_v1_r0_r2_mu010,"R0 (theta=0.25, matched mu=0.1)",patchy_high,64,95,eval_mean_mean_resource_fraction,0.16513181213721395
ecology_perception_parallel_v1_r0_r2_mu010,"R0 (theta=0.25, matched mu=0.1)",patchy_high,64,95,eval_mean_mean_reserve_welfare,0.7799668925264652
ecology_perception_parallel_v1_r0_r2_mu010,"R0 (theta=0.25, matched mu=0.1)",patchy_high,64,95,final_wealth_gini,0.48110389542359044
ecology_perception_parallel_v1_r0_r2_mu010,"R0 (theta=0.25, matched mu=0.1)",split_high_low,64,95,eval_mean_mean_resource_fraction,0.09830338787341657
ecology_perception_parallel_v1_r0_r2_mu010,"R0 (theta=0.25, matched mu=0.1)",split_high_low,64,95,eval_mean_mean_reserve_welfare,0.6903456852572522
ecology_perception_parallel_v1_r0_r2_mu010,"R0 (theta=0.25, matched mu=0.1)",split_high_low,64,95,final_wealth_gini,0.5511938604506059
ecology_perception_parallel_v1_r0_r2_mu010,"R0 (theta=0.25, matched mu=0.1)",uniform_high,64,96,eval_mean_mean_resource_fraction,0.16991365068164396
ecology_perception_parallel_v1_r0_r2_mu010,"R0 (theta=0.25, matched mu=0.1)",uniform_high,64,96,eval_mean_mean_reserve_welfare,0.8385481606451978
ecology_perception_parallel_v1_r0_r2_mu010,"R0 (theta=0.25, matched mu=0.1)",uniform_high,64,96,final_wealth_gini,0.41505736789065084
ecology_perception_parallel_v1_r0_r2_mu010,"R0 (theta=0.25, matched mu=0.1)",patchy_high,64,96,eval_mean_mean_resource_fraction,0.1937660483588226
ecology_perception_parallel_v1_r0_r2_mu010,"R0 (theta=0.25, matched mu=0.1)",patchy_high,64,96,eval_mean_mean_reserve_welfare,0.9116374535996077
ecology_perception_parallel_v1_r0_r2_mu010,"R0 (theta=0.25, matched mu=0.1)",patchy_high,64,96,final_wealth_gini,0.42598666338008373
ecology_perception_parallel_v1_r0_r2_mu010,"R0 (theta=0.25, matched mu=0.1)",split_high_low,64,96,eval_mean_mean_resource_fraction,0.12930068708123565
ecology_perception_parallel_v1_r0_r2_mu010,"R0 (theta=0.25, matched mu=0.1)",split_high_low,64,96,eval_mean_mean_reserve_welfare,0.6874292915432275
ecology_perception_parallel_v1_r0_r2_mu010,"R0 (theta=0.25, matched mu=0.1)",split_high_low,64,96,final_wealth_gini,0.5647389156002782
ecology_perception_parallel_v1_r0_r2_mu010,"R0 (theta=0.25, matched mu=0.1)",uniform_high,64,97,eval_mean_mean_resource_fraction,0.08012324821205138
ecology_perception_parallel_v1_r0_r2_mu010,"R0 (theta=0.25, matched mu=0.1)",uniform_high,64,97,eval_mean_mean_reserve_welfare,0.6513226344129088
ecology_perception_parallel_v1_r0_r2_mu010,"R0 (theta=0.25, matched mu=0.1)",uniform_high,64,97,final_wealth_gini,0.4799211907056773
ecology_perception_parallel_v1_r0_r2_mu010,"R0 (theta=0.25, matched mu=0.1)",patchy_high,64,97,eval_mean_mean_resource_fraction,0.07057769489114522
ecology_perception_parallel_v1_r0_r2_mu010,"R0 (theta=0.25, matched mu=0.1)",patchy_high,64,97,eval_mean_mean_reserve_welfare,0.6608213104114498
ecology_perception_parallel_v1_r0_r2_mu010,"R0 (theta=0.25, matched mu=0.1)",patchy_high,64,97,final_wealth_gini,0.391106392892721
ecology_perception_parallel_v1_r0_r2_mu010,"R0 (theta=0.25, matched mu=0.1)",split_high_low,64,97,eval_mean_mean_resource_fraction,0.0815962526890305
ecology_perception_parallel_v1_r0_r2_mu010,"R0 (theta=0.25, matched mu=0.1)",split_high_low,64,97,eval_mean_mean_reserve_welfare,0.6012913272163128
ecology_perception_parallel_v1_r0_r2_mu010,"R0 (theta=0.25, matched mu=0.1)",split_high_low,64,97,final_wealth_gini,0.6254239538069932
ecology_perception_parallel_v1_r0_r2_mu010,"R0 (theta=0.25, matched mu=0.1)",uniform_high,64,98,eval_mean_mean_resource_fraction,0.11402470319143498
ecology_perception_parallel_v1_r0_r2_mu010,"R0 (theta=0.25, matched mu=0.1)",uniform_high,64,98,eval_mean_mean_reserve_welfare,0.7489028494971918
ecology_perception_parallel_v1_r0_r2_mu010,"R0 (theta=0.25, matched mu=0.1)",uniform_high,64,98,final_wealth_gini,0.5109181555188804
ecology_perception_parallel_v1_r0_r2_mu010,"R0 (theta=0.25, matched mu=0.1)",patchy_high,64,98,eval_mean_mean_resource_fraction,0.10685566526281974
ecology_perception_parallel_v1_r0_r2_mu010,"R0 (theta=0.25, matched mu=0.1)",patchy_high,64,98,eval_mean_mean_reserve_welfare,0.6929293189252633
ecology_perception_parallel_v1_r0_r2_mu010,"R0 (theta=0.25, matched mu=0.1)",patchy_high,64,98,final_wealth_gini,0.5207823411191137
ecology_perception_parallel_v1_r0_r2_mu010,"R0 (theta=0.25, matched mu=0.1)",split_high_low,64,98,eval_mean_mean_resource_fraction,0.17348503888671007
ecology_perception_parallel_v1_r0_r2_mu010,"R0 (theta=0.25, matched mu=0.1)",split_high_low,64,98,eval_mean_mean_reserve_welfare,0.6405407447900504
ecology_perception_parallel_v1_r0_r2_mu010,"R0 (theta=0.25, matched mu=0.1)",split_high_low,64,98,final_wealth_gini,0.6663366114905038
ecology_perception_parallel_v1_r0_r2_mu010,"R0 (theta=0.25, matched mu=0.1)",uniform_high,64,99,eval_mean_mean_resource_fraction,0.13170644728250633
ecology_perception_parallel_v1_r0_r2_mu010,"R0 (theta=0.25, matched mu=0.1)",uniform_high,64,99,eval_mean_mean_reserve_welfare,0.8074235091266757
ecology_perception_parallel_v1_r0_r2_mu010,"R0 (theta=0.25, matched mu=0.1)",uniform_high,64,99,final_wealth_gini,0.4316574278606742
ecology_perception_parallel_v1_r0_r2_mu010,"R0 (theta=0.25, matched mu=0.1)",patchy_high,64,99,eval_mean_mean_resource_fraction,0.1476901641750433
ecology_perception_parallel_v1_r0_r2_mu010,"R0 (theta=0.25, matched mu=0.1)",patchy_high,64,99,eval_mean_mean_reserve_welfare,0.8248871369545424
ecology_perception_parallel_v1_r0_r2_mu010,"R0 (theta=0.25, matched mu=0.1)",patchy_high,64,99,final_wealth_gini,0.4637016834364718
ecology_perception_parallel_v1_r0_r2_mu010,"R0 (theta=0.25, matched mu=0.1)",split_high_low,64,99,eval_mean_mean_resource_fraction,0.1052311003325795
ecology_perception_parallel_v1_r0_r2_mu010,"R0 (theta=0.25, matched mu=0.1)",split_high_low,64,99,eval_mean_mean_reserve_welfare,0.6023113801771226
ecology_perception_parallel_v1_r0_r2_mu010,"R0 (theta=0.25, matched mu=0.1)",split_high_low,64,99,final_wealth_gini,0.6581721636641247
ecology_perception_parallel_v1_r3_mu010,R3,uniform_high,64,0,eval_mean_mean_resource_fraction,0.09400841644271415
ecology_perception_parallel_v1_r3_mu010,R3,uniform_high,64,0,eval_mean_mean_reserve_welfare,0.7899261238620914
ecology_perception_parallel_v1_r3_mu010,R3,uniform_high,64,0,final_wealth_gini,0.4061039714706196
ecology_perception_parallel_v1_r3_mu010,R3,patchy_high,64,0,eval_mean_mean_resource_fraction,0.09160753654139024
ecology_perception_parallel_v1_r3_mu010,R3,patchy_high,64,0,eval_mean_mean_reserve_welfare,0.7464435901929292
ecology_perception_parallel_v1_r3_mu010,R3,patchy_high,64,0,final_wealth_gini,0.38707455423449244
ecology_perception_parallel_v1_r3_mu010,R3,split_high_low,64,0,eval_mean_mean_resource_fraction,0.07889776297529806
ecology_perception_parallel_v1_r3_mu010,R3,split_high_low,64,0,eval_mean_mean_reserve_welfare,0.706026549086295
ecology_perception_parallel_v1_r3_mu010,R3,split_high_low,64,0,final_wealth_gini,0.5653436441637789
ecology_perception_parallel_v1_r3_mu010,R3,uniform_high,64,1,eval_mean_mean_resource_fraction,0.08694811747163905
ecology_perception_parallel_v1_r3_mu010,R3,uniform_high,64,1,eval_mean_mean_reserve_welfare,0.6695818197455987
ecology_perception_parallel_v1_r3_mu010,R3,uniform_high,64,1,final_wealth_gini,0.45623509960161135
ecology_perception_parallel_v1_r3_mu010,R3,patchy_high,64,1,eval_mean_mean_resource_fraction,0.09980720481847256
ecology_perception_parallel_v1_r3_mu010,R3,patchy_high,64,1,eval_mean_mean_reserve_welfare,0.7073207842100053
ecology_perception_parallel_v1_r3_mu010,R3,patchy_high,64,1,final_wealth_gini,0.46998757469334196
ecology_perception_parallel_v1_r3_mu010,R3,split_high_low,64,1,eval_mean_mean_resource_fraction,0.04020319069116583
ecology_perception_parallel_v1_r3_mu010,R3,split_high_low,64,1,eval_mean_mean_reserve_welfare,0.5673146279887876
ecology_perception_parallel_v1_r3_mu010,R3,split_high_low,64,1,final_wealth_gini,0.5385796818913684
ecology_perception_parallel_v1_r3_mu010,R3,uniform_high,64,2,eval_mean_mean_resource_fraction,0.07245778717387233
ecology_perception_parallel_v1_r3_mu010,R3,uniform_high,64,2,eval_mean_mean_reserve_welfare,0.6244759561786027
ecology_perception_parallel_v1_r3_mu010,R3,uniform_high,64,2,final_wealth_gini,0.42883808271103363
ecology_perception_parallel_v1_r3_mu010,R3,patchy_high,64,2,eval_mean_mean_resource_fraction,0.06535867435307136
ecology_perception_parallel_v1_r3_mu010,R3,patchy_high,64,2,eval_mean_mean_reserve_welfare,0.5911859945055808
ecology_perception_parallel_v1_r3_mu010,R3,patchy_high,64,2,final_wealth_gini,0.41779828315288614
ecology_perception_parallel_v1_r3_mu010,R3,split_high_low,64,2,eval_mean_mean_resource_fraction,0.0717777240257634
ecology_perception_parallel_v1_r3_mu010,R3,split_high_low,64,2,eval_mean_mean_reserve_welfare,0.6241263912384827
ecology_perception_parallel_v1_r3_mu010,R3,split_high_low,64,2,final_wealth_gini,0.5622272248872933
ecology_perception_parallel_v1_r3_mu010,R3,uniform_high,64,3,eval_mean_mean_resource_fraction,0.07868476124677279
ecology_perception_parallel_v1_r3_mu010,R3,uniform_high,64,3,eval_mean_mean_reserve_welfare,0.6534463278778246
ecology_perception_parallel_v1_r3_mu010,R3,uniform_high,64,3,final_wealth_gini,0.49522323456597817
ecology_perception_parallel_v1_r3_mu010,R3,patchy_high,64,3,eval_mean_mean_resource_fraction,0.08909746956104937
ecology_perception_parallel_v1_r3_mu010,R3,patchy_high,64,3,eval_mean_mean_reserve_welfare,0.6705974221412696
ecology_perception_parallel_v1_r3_mu010,R3,patchy_high,64,3,final_wealth_gini,0.5133888701944656
ecology_perception_parallel_v1_r3_mu010,R3,split_high_low,64,3,eval_mean_mean_resource_fraction,0.15494987496690135
ecology_perception_parallel_v1_r3_mu010,R3,split_high_low,64,3,eval_mean_mean_reserve_welfare,0.6005339550240676
ecology_perception_parallel_v1_r3_mu010,R3,split_high_low,64,3,final_wealth_gini,0.683147403338334
ecology_perception_parallel_v1_r3_mu010,R3,uniform_high,64,4,eval_mean_mean_resource_fraction,0.1265671992206144
ecology_perception_parallel_v1_r3_mu010,R3,uniform_high,64,4,eval_mean_mean_reserve_welfare,0.822845978540665
ecology_perception_parallel_v1_r3_mu010,R3,uniform_high,64,4,final_wealth_gini,0.4024557959614976
ecology_perception_parallel_v1_r3_mu010,R3,patchy_high,64,4,eval_mean_mean_resource_fraction,0.10458550050629804
ecology_perception_parallel_v1_r3_mu010,R3,patchy_high,64,4,eval_mean_mean_reserve_welfare,0.7815675682898217
ecology_perception_parallel_v1_r3_mu010,R3,patchy_high,64,4,final_wealth_gini,0.42843127493436794
ecology_perception_parallel_v1_r3_mu010,R3,split_high_low,64,4,eval_mean_mean_resource_fraction,0.11480350351514892
ecology_perception_parallel_v1_r3_mu010,R3,split_high_low,64,4,eval_mean_mean_reserve_welfare,0.6334558598282174
ecology_perception_parallel_v1_r3_mu010,R3,split_high_low,64,4,final_wealth_gini,0.6334629415229829
ecology_perception_parallel_v1_r3_mu010,R3,uniform_high,64,5,eval_mean_mean_resource_fraction,0.10261496271546579
ecology_perception_parallel_v1_r3_mu010,R3,uniform_high,64,5,eval_mean_mean_reserve_welfare,0.7378902552330526
ecology_perception_parallel_v1_r3_mu010,R3,uniform_high,64,5,final_wealth_gini,0.44840915533440673
ecology_perception_parallel_v1_r3_mu010,R3,patchy_high,64,5,eval_mean_mean_resource_fraction,0.11270433657133772
ecology_perception_parallel_v1_r3_mu010,R3,patchy_high,64,5,eval_mean_mean_reserve_welfare,0.7727225937501355
ecology_perception_parallel_v1_r3_mu010,R3,patchy_high,64,5,final_wealth_gini,0.4562016870645722
ecology_perception_parallel_v1_r3_mu010,R3,split_high_low,64,5,eval_mean_mean_resource_fraction,0.09923796020929937
ecology_perception_parallel_v1_r3_mu010,R3,split_high_low,64,5,eval_mean_mean_reserve_welfare,0.6299265918464139
ecology_perception_parallel_v1_r3_mu010,R3,split_high_low,64,5,final_wealth_gini,0.605648891769502
ecology_perception_parallel_v1_r3_mu010,R3,uniform_high,64,6,eval_mean_mean_resource_fraction,0.11557293626803132
ecology_perception_parallel_v1_r3_mu010,R3,uniform_high,64,6,eval_mean_mean_reserve_welfare,0.7589767225187578
ecology_perception_parallel_v1_r3_mu010,R3,uniform_high,64,6,final_wealth_gini,0.456012446288113
ecology_perception_parallel_v1_r3_mu010,R3,patchy_high,64,6,eval_mean_mean_resource_fraction,0.1306610860720854
ecology_perception_parallel_v1_r3_mu010,R3,patchy_high,64,6,eval_mean_mean_reserve_welfare,0.7896454694657354
ecology_perception_parallel_v1_r3_mu010,R3,patchy_high,64,6,final_wealth_gini,0.4541595897384407
ecology_perception_parallel_v1_r3_mu010,R3,split_high_low,64,6,eval_mean_mean_resource_fraction,0.17211328059811834
ecology_perception_parallel_v1_r3_mu010,R3,split_high_low,64,6,eval_mean_mean_reserve_welfare,0.7747920566974942
ecology_perception_parallel_v1_r3_mu010,R3,split_high_low,64,6,final_wealth_gini,0.5493535952442583
ecology_perception_parallel_v1_r3_mu010,R3,uniform_high,64,7,eval_mean_mean_resource_fraction,0.10140309815289722
ecology_perception_parallel_v1_r3_mu010,R3,uniform_high,64,7,eval_mean_mean_reserve_welfare,0.8108923431715863
ecology_perception_parallel_v1_r3_mu010,R3,uniform_high,64,7,final_wealth_gini,0.4026174228078754
ecology_perception_parallel_v1_r3_mu010,R3,patchy_high,64,7,eval_mean_mean_resource_fraction,0.109186176636429
ecology_perception_parallel_v1_r3_mu010,R3,patchy_high,64,7,eval_mean_mean_reserve_welfare,0.849971886016644
ecology_perception_parallel_v1_r3_mu010,R3,patchy_high,64,7,final_wealth_gini,0.4019070730244061
ecology_perception_parallel_v1_r3_mu010,R3,split_high_low,64,7,eval_mean_mean_resource_fraction,0.1356784317515861
ecology_perception_parallel_v1_r3_mu010,R3,split_high_low,64,7,eval_mean_mean_reserve_welfare,0.6454351695109131
ecology_perception_parallel_v1_r3_mu010,R3,split_high_low,64,7,final_wealth_gini,0.6321571817555576
ecology_perception_parallel_v1_r3_mu010,R3,uniform_high,64,8,eval_mean_mean_resource_fraction,0.1527149284083212
ecology_perception_parallel_v1_r3_mu010,R3,uniform_high,64,8,eval_mean_mean_reserve_welfare,0.6672324393552974
ecology_perception_parallel_v1_r3_mu010,R3,uniform_high,64,8,final_wealth_gini,0.590534263885816
ecology_perception_parallel_v1_r3_mu010,R3,patchy_high,64,8,eval_mean_mean_resource_fraction,0.17252459126357755
ecology_perception_parallel_v1_r3_mu010,R3,patchy_high,64,8,eval_mean_mean_reserve_welfare,0.692298277620785
ecology_perception_parallel_v1_r3_mu010,R3,patchy_high,64,8,final_wealth_gini,0.5716292252911594
ecology_perception_parallel_v1_r3_mu010,R3,split_high_low,64,8,eval_mean_mean_resource_fraction,0.11240943623799456
ecology_perception_parallel_v1_r3_mu010,R3,split_high_low,64,8,eval_mean_mean_reserve_welfare,0.6725618732920441
ecology_perception_parallel_v1_r3_mu010,R3,split_high_low,64,8,final_wealth_gini,0.5685628530558553
ecology_perception_parallel_v1_r3_mu010,R3,uniform_high,64,9,eval_mean_mean_resource_fraction,0.12285395310087405
ecology_perception_parallel_v1_r3_mu010,R3,uniform_high,64,9,eval_mean_mean_reserve_welfare,0.765595135134834
ecology_perception_parallel_v1_r3_mu010,R3,uniform_high,64,9,final_wealth_gini,0.4845850824417244
ecology_perception_parallel_v1_r3_mu010,R3,patchy_high,64,9,eval_mean_mean_resource_fraction,0.12775351735477086
ecology_perception_parallel_v1_r3_mu010,R3,patchy_high,64,9,eval_mean_mean_reserve_welfare,0.7421634563374307
ecology_perception_parallel_v1_r3_mu010,R3,patchy_high,64,9,final_wealth_gini,0.46305167445936735
ecology_perception_parallel_v1_r3_mu010,R3,split_high_low,64,9,eval_mean_mean_resource_fraction,0.13384933502004231
ecology_perception_parallel_v1_r3_mu010,R3,split_high_low,64,9,eval_mean_mean_reserve_welfare,0.5984639757590922
ecology_perception_parallel_v1_r3_mu010,R3,split_high_low,64,9,final_wealth_gini,0.6600932341078274
ecology_perception_parallel_v1_r3_mu010,R3,uniform_high,64,10,eval_mean_mean_resource_fraction,0.10400928031439664
ecology_perception_parallel_v1_r3_mu010,R3,uniform_high,64,10,eval_mean_mean_reserve_welfare,0.8004314986549568
ecology_perception_parallel_v1_r3_mu010,R3,uniform_high,64,10,final_wealth_gini,0.40870313798874824
ecology_perception_parallel_v1_r3_mu010,R3,patchy_high,64,10,eval_mean_mean_resource_fraction,0.10888118349797099
ecology_perception_parallel_v1_r3_mu010,R3,patchy_high,64,10,eval_mean_mean_reserve_welfare,0.8184010212477576
ecology_perception_parallel_v1_r3_mu010,R3,patchy_high,64,10,final_wealth_gini,0.4003934104778535
ecology_perception_parallel_v1_r3_mu010,R3,split_high_low,64,10,eval_mean_mean_resource_fraction,0.12487302264486463
ecology_perception_parallel_v1_r3_mu010,R3,split_high_low,64,10,eval_mean_mean_reserve_welfare,0.6481893573034029
ecology_perception_parallel_v1_r3_mu010,R3,split_high_low,64,10,final_wealth_gini,0.5908582522631725
ecology_perception_parallel_v1_r3_mu010,R3,uniform_high,64,11,eval_mean_mean_resource_fraction,0.09254663629773976
ecology_perception_parallel_v1_r3_mu010,R3,uniform_high,64,11,eval_mean_mean_reserve_welfare,0.6192710155808065
ecology_perception_parallel_v1_r3_mu010,R3,uniform_high,64,11,final_wealth_gini,0.5573443385268717
ecology_perception_parallel_v1_r3_mu010,R3,patchy_high,64,11,eval_mean_mean_resource_fraction,0.10709468343306977
ecology_perception_parallel_v1_r3_mu010,R3,patchy_high,64,11,eval_mean_mean_reserve_welfare,0.7356446694440185
ecology_perception_parallel_v1_r3_mu010,R3,patchy_high,64,11,final_wealth_gini,0.47102008079514435
ecology_perception_parallel_v1_r3_mu010,R3,split_high_low,64,11,eval_mean_mean_resource_fraction,0.10952733245467007
ecology_perception_parallel_v1_r3_mu010,R3,split_high_low,64,11,eval_mean_mean_reserve_welfare,0.6594563621027404
ecology_perception_parallel_v1_r3_mu010,R3,split_high_low,64,11,final_wealth_gini,0.6188633424741139
ecology_perception_parallel_v1_r3_mu010,R3,uniform_high,64,12,eval_mean_mean_resource_fraction,0.09378161258421526
ecology_perception_parallel_v1_r3_mu010,R3,uniform_high,64,12,eval_mean_mean_reserve_welfare,0.745173187227561
ecology_perception_parallel_v1_r3_mu010,R3,uniform_high,64,12,final_wealth_gini,0.4461093714852977
ecology_perception_parallel_v1_r3_mu010,R3,patchy_high,64,12,eval_mean_mean_resource_fraction,0.10354074671564925
ecology_perception_parallel_v1_r3_mu010,R3,patchy_high,64,12,eval_mean_mean_reserve_welfare,0.747267639623801
ecology_perception_parallel_v1_r3_mu010,R3,patchy_high,64,12,final_wealth_gini,0.4479628944513314
ecology_perception_parallel_v1_r3_mu010,R3,split_high_low,64,12,eval_mean_mean_resource_fraction,0.17545969136044118
ecology_perception_parallel_v1_r3_mu010,R3,split_high_low,64,12,eval_mean_mean_reserve_welfare,0.5882870118263055
ecology_perception_parallel_v1_r3_mu010,R3,split_high_low,64,12,final_wealth_gini,0.7045245711246555
ecology_perception_parallel_v1_r3_mu010,R3,uniform_high,64,13,eval_mean_mean_resource_fraction,0.09784981790680956
ecology_perception_parallel_v1_r3_mu010,R3,uniform_high,64,13,eval_mean_mean_reserve_welfare,0.6634569569627864
ecology_perception_parallel_v1_r3_mu010,R3,uniform_high,64,13,final_wealth_gini,0.5208638741334923
ecology_perception_parallel_v1_r3_mu010,R3,patchy_high,64,13,eval_mean_mean_resource_fraction,0.10289065160054366
ecology_perception_parallel_v1_r3_mu010,R3,patchy_high,64,13,eval_mean_mean_reserve_welfare,0.6595505632789048
ecology_perception_parallel_v1_r3_mu010,R3,patchy_high,64,13,final_wealth_gini,0.5119596917675853
ecology_perception_parallel_v1_r3_mu010,R3,split_high_low,64,13,eval_mean_mean_resource_fraction,0.1321773581940638
ecology_perception_parallel_v1_r3_mu010,R3,split_high_low,64,13,eval_mean_mean_reserve_welfare,0.5973240309853891
ecology_perception_parallel_v1_r3_mu010,R3,split_high_low,64,13,final_wealth_gini,0.6880033125897578
ecology_perception_parallel_v1_r3_mu010,R3,uniform_high,64,14,eval_mean_mean_resource_fraction,0.0924365626729082
ecology_perception_parallel_v1_r3_mu010,R3,uniform_high,64,14,eval_mean_mean_reserve_welfare,0.7507969086171438
ecology_perception_parallel_v1_r3_mu010,R3,uniform_high,64,14,final_wealth_gini,0.43428116491205726
ecology_perception_parallel_v1_r3_mu010,R3,patchy_high,64,14,eval_mean_mean_resource_fraction,0.06967215278653571
ecology_perception_parallel_v1_r3_mu010,R3,patchy_high,64,14,eval_mean_mean_reserve_welfare,0.6960662538478889
ecology_perception_parallel_v1_r3_mu010,R3,patchy_high,64,14,final_wealth_gini,0.42523887878962663
ecology_perception_parallel_v1_r3_mu010,R3,split_high_low,64,14,eval_mean_mean_resource_fraction,0.11966556133206627
ecology_perception_parallel_v1_r3_mu010,R3,split_high_low,64,14,eval_mean_mean_reserve_welfare,0.5904593714563612
ecology_perception_parallel_v1_r3_mu010,R3,split_high_low,64,14,final_wealth_gini,0.6817115374370994
ecology_perception_parallel_v1_r3_mu010,R3,uniform_high,64,15,eval_mean_mean_resource_fraction,0.13150472572292357
ecology_perception_parallel_v1_r3_mu010,R3,uniform_high,64,15,eval_mean_mean_reserve_welfare,0.7299000255993828
ecology_perception_parallel_v1_r3_mu010,R3,uniform_high,64,15,final_wealth_gini,0.4696371276788076
ecology_perception_parallel_v1_r3_mu010,R3,patchy_high,64,15,eval_mean_mean_resource_fraction,0.1384026250346809
ecology_perception_parallel_v1_r3_mu010,R3,patchy_high,64,15,eval_mean_mean_reserve_welfare,0.7851704668648756
ecology_perception_parallel_v1_r3_mu010,R3,patchy_high,64,15,final_wealth_gini,0.4631758876193426
ecology_perception_parallel_v1_r3_mu010,R3,split_high_low,64,15,eval_mean_mean_resource_fraction,0.10813452678932829
ecology_perception_parallel_v1_r3_mu010,R3,split_high_low,64,15,eval_mean_mean_reserve_welfare,0.6010012082836222
ecology_perception_parallel_v1_r3_mu010,R3,split_high_low,64,15,final_wealth_gini,0.6572588184026631
ecology_perception_parallel_v1_r3_mu010,R3,uniform_high,64,16,eval_mean_mean_resource_fraction,0.105717100988009
ecology_perception_parallel_v1_r3_mu010,R3,uniform_high,64,16,eval_mean_mean_reserve_welfare,0.7116841766369408
ecology_perception_parallel_v1_r3_mu010,R3,uniform_high,64,16,final_wealth_gini,0.4554605728190748
ecology_perception_parallel_v1_r3_mu010,R3,patchy_high,64,16,eval_mean_mean_resource_fraction,0.13470703807735693
ecology_perception_parallel_v1_r3_mu010,R3,patchy_high,64,16,eval_mean_mean_reserve_welfare,0.7875399633646425
ecology_perception_parallel_v1_r3_mu010,R3,patchy_high,64,16,final_wealth_gini,0.44393550865894293
ecology_perception_parallel_v1_r3_mu010,R3,split_high_low,64,16,eval_mean_mean_resource_fraction,0.10158642547196985
ecology_perception_parallel_v1_r3_mu010,R3,split_high_low,64,16,eval_mean_mean_reserve_welfare,0.5656402331608875
ecology_perception_parallel_v1_r3_mu010,R3,split_high_low,64,16,final_wealth_gini,0.6548616679651764
ecology_perception_parallel_v1_r3_mu010,R3,uniform_high,64,17,eval_mean_mean_resource_fraction,0.13174514855859493
ecology_perception_parallel_v1_r3_mu010,R3,uniform_high,64,17,eval_mean_mean_reserve_welfare,0.699018909880428
ecology_perception_parallel_v1_r3_mu010,R3,uniform_high,64,17,final_wealth_gini,0.5170599408368781
ecology_perception_parallel_v1_r3_mu010,R3,patchy_high,64,17,eval_mean_mean_resource_fraction,0.11275357518962034
ecology_perception_parallel_v1_r3_mu010,R3,patchy_high,64,17,eval_mean_mean_reserve_welfare,0.6849838994220756
ecology_perception_parallel_v1_r3_mu010,R3,patchy_high,64,17,final_wealth_gini,0.512201088367003
ecology_perception_parallel_v1_r3_mu010,R3,split_high_low,64,17,eval_mean_mean_resource_fraction,0.1540221011077527
ecology_perception_parallel_v1_r3_mu010,R3,split_high_low,64,17,eval_mean_mean_reserve_welfare,0.6055448737524974
ecology_perception_parallel_v1_r3_mu010,R3,split_high_low,64,17,final_wealth_gini,0.6577481251902113
ecology_perception_parallel_v1_r3_mu010,R3,uniform_high,64,18,eval_mean_mean_resource_fraction,0.13208403237028774
ecology_perception_parallel_v1_r3_mu010,R3,uniform_high,64,18,eval_mean_mean_reserve_welfare,0.8328366361441306
ecology_perception_parallel_v1_r3_mu010,R3,uniform_high,64,18,final_wealth_gini,0.3878232278886482
ecology_perception_parallel_v1_r3_mu010,R3,patchy_high,64,18,eval_mean_mean_resource_fraction,0.11130395425134675
ecology_perception_parallel_v1_r3_mu010,R3,patchy_high,64,18,eval_mean_mean_reserve_welfare,0.7823123536915105
ecology_perception_parallel_v1_r3_mu010,R3,patchy_high,64,18,final_wealth_gini,0.41244499726030237
ecology_perception_parallel_v1_r3_mu010,R3,split_high_low,64,18,eval_mean_mean_resource_fraction,0.08867375191552639
ecology_perception_parallel_v1_r3_mu010,R3,split_high_low,64,18,eval_mean_mean_reserve_welfare,0.614334958419862
ecology_perception_parallel_v1_r3_mu010,R3,split_high_low,64,18,final_wealth_gini,0.6111009795141749
ecology_perception_parallel_v1_r3_mu010,R3,uniform_high,64,19,eval_mean_mean_resource_fraction,0.17473268860697716
ecology_perception_parallel_v1_r3_mu010,R3,uniform_high,64,19,eval_mean_mean_reserve_welfare,0.910353166595022
ecology_perception_parallel_v1_r3_mu010,R3,uniform_high,64,19,final_wealth_gini,0.39060667607480903
ecology_perception_parallel_v1_r3_mu010,R3,patchy_high,64,19,eval_mean_mean_resource_fraction,0.09702850527079751
ecology_perception_parallel_v1_r3_mu010,R3,patchy_high,64,19,eval_mean_mean_reserve_welfare,0.7628495175303571
ecology_perception_parallel_v1_r3_mu010,R3,patchy_high,64,19,final_wealth_gini,0.39030217915376664
ecology_perception_parallel_v1_r3_mu010,R3,split_high_low,64,19,eval_mean_mean_resource_fraction,0.08618974080010958
ecology_perception_parallel_v1_r3_mu010,R3,split_high_low,64,19,eval_mean_mean_reserve_welfare,0.6583797759917406
ecology_perception_parallel_v1_r3_mu010,R3,split_high_low,64,19,final_wealth_gini,0.5936482562424372
ecology_perception_parallel_v1_r3_mu010,R3,uniform_high,64,20,eval_mean_mean_resource_fraction,0.11975544478121204
ecology_perception_parallel_v1_r3_mu010,R3,uniform_high,64,20,eval_mean_mean_reserve_welfare,0.7237082721624063
ecology_perception_parallel_v1_r3_mu010,R3,uniform_high,64,20,final_wealth_gini,0.5056111650046597
ecology_perception_parallel_v1_r3_mu010,R3,patchy_high,64,20,eval_mean_mean_resource_fraction,0.09117247944931868
ecology_perception_parallel_v1_r3_mu010,R3,patchy_high,64,20,eval_mean_mean_reserve_welfare,0.686935528741815
ecology_perception_parallel_v1_r3_mu010,R3,patchy_high,64,20,final_wealth_gini,0.4950192804616156
ecology_perception_parallel_v1_r3_mu010,R3,split_high_low,64,20,eval_mean_mean_resource_fraction,0.13489734022092395
ecology_perception_parallel_v1_r3_mu010,R3,split_high_low,64,20,eval_mean_mean_reserve_welfare,0.6334334867106172
ecology_perception_parallel_v1_r3_mu010,R3,split_high_low,64,20,final_wealth_gini,0.6215844672248854
ecology_perception_parallel_v1_r3_mu010,R3,uniform_high,64,21,eval_mean_mean_resource_fraction,0.13128081391288215
ecology_perception_parallel_v1_r3_mu010,R3,uniform_high,64,21,eval_mean_mean_reserve_welfare,0.7821368983813275
ecology_perception_parallel_v1_r3_mu010,R3,uniform_high,64,21,final_wealth_gini,0.43076879101839216
ecology_perception_parallel_v1_r3_mu010,R3,patchy_high,64,21,eval_mean_mean_resource_fraction,0.16937410330345187
ecology_perception_parallel_v1_r3_mu010,R3,patchy_high,64,21,eval_mean_mean_reserve_welfare,0.8470796918256608
ecology_perception_parallel_v1_r3_mu010,R3,patchy_high,64,21,final_wealth_gini,0.4709237735271341
ecology_perception_parallel_v1_r3_mu010,R3,split_high_low,64,21,eval_mean_mean_resource_fraction,0.14623057172190992
ecology_perception_parallel_v1_r3_mu010,R3,split_high_low,64,21,eval_mean_mean_reserve_welfare,0.7084005990261264
ecology_perception_parallel_v1_r3_mu010,R3,split_high_low,64,21,final_wealth_gini,0.5996047392557784
ecology_perception_parallel_v1_r3_mu010,R3,uniform_high,64,22,eval_mean_mean_resource_fraction,0.10484168750349063
ecology_perception_parallel_v1_r3_mu010,R3,uniform_high,64,22,eval_mean_mean_reserve_welfare,0.7750626776981374
ecology_perception_parallel_v1_r3_mu010,R3,uniform_high,64,22,final_wealth_gini,0.39710012033150055
ecology_perception_parallel_v1_r3_mu010,R3,patchy_high,64,22,eval_mean_mean_resource_fraction,0.07483007872364494
ecology_perception_parallel_v1_r3_mu010,R3,patchy_high,64,22,eval_mean_mean_reserve_welfare,0.731933079142142
ecology_perception_parallel_v1_r3_mu010,R3,patchy_high,64,22,final_wealth_gini,0.37255318458078635
ecology_perception_parallel_v1_r3_mu010,R3,split_high_low,64,22,eval_mean_mean_resource_fraction,0.1198404510712833
ecology_perception_parallel_v1_r3_mu010,R3,split_high_low,64,22,eval_mean_mean_reserve_welfare,0.659061030794561
ecology_perception_parallel_v1_r3_mu010,R3,split_high_low,64,22,final_wealth_gini,0.6513336829378593
ecology_perception_parallel_v1_r3_mu010,R3,uniform_high,64,23,eval_mean_mean_resource_fraction,0.1489559531378849
ecology_perception_parallel_v1_r3_mu010,R3,uniform_high,64,23,eval_mean_mean_reserve_welfare,0.8298382782993522
ecology_perception_parallel_v1_r3_mu010,R3,uniform_high,64,23,final_wealth_gini,0.4649368387428374
ecology_perception_parallel_v1_r3_mu010,R3,patchy_high,64,23,eval_mean_mean_resource_fraction,0.12674220687470314
ecology_perception_parallel_v1_r3_mu010,R3,patchy_high,64,23,eval_mean_mean_reserve_welfare,0.7599262752620239
ecology_perception_parallel_v1_r3_mu010,R3,patchy_high,64,23,final_wealth_gini,0.47118525465393324
ecology_perception_parallel_v1_r3_mu010,R3,split_high_low,64,23,eval_mean_mean_resource_fraction,0.12935846857932373
ecology_perception_parallel_v1_r3_mu010,R3,split_high_low,64,23,eval_mean_mean_reserve_welfare,0.6553121282517352
ecology_perception_parallel_v1_r3_mu010,R3,split_high_low,64,23,final_wealth_gini,0.6068907999754325
ecology_perception_parallel_v1_r3_mu010,R3,uniform_high,64,24,eval_mean_mean_resource_fraction,0.09130423030284308
ecology_perception_parallel_v1_r3_mu010,R3,uniform_high,64,24,eval_mean_mean_reserve_welfare,0.7682726071366159
ecology_perception_parallel_v1_r3_mu010,R3,uniform_high,64,24,final_wealth_gini,0.42373602764989315
ecology_perception_parallel_v1_r3_mu010,R3,patchy_high,64,24,eval_mean_mean_resource_fraction,0.08523745465761735
ecology_perception_parallel_v1_r3_mu010,R3,patchy_high,64,24,eval_mean_mean_reserve_welfare,0.7057345574256297
ecology_perception_parallel_v1_r3_mu010,R3,patchy_high,64,24,final_wealth_gini,0.44438955342593967
ecology_perception_parallel_v1_r3_mu010,R3,split_high_low,64,24,eval_mean_mean_resource_fraction,0.13699984298380838
ecology_perception_parallel_v1_r3_mu010,R3,split_high_low,64,24,eval_mean_mean_reserve_welfare,0.7739849054175011
ecology_perception_parallel_v1_r3_mu010,R3,split_high_low,64,24,final_wealth_gini,0.5087531989271123
ecology_perception_parallel_v1_r3_mu010,R3,uniform_high,64,25,eval_mean_mean_resource_fraction,0.11896890598347797
ecology_perception_parallel_v1_r3_mu010,R3,uniform_high,64,25,eval_mean_mean_reserve_welfare,0.8130948152965268
ecology_perception_parallel_v1_r3_mu010,R3,uniform_high,64,25,final_wealth_gini,0.37679141012309425
ecology_perception_parallel_v1_r3_mu010,R3,patchy_high,64,25,eval_mean_mean_resource_fraction,0.10240987639656043
ecology_perception_parallel_v1_r3_mu010,R3,patchy_high,64,25,eval_mean_mean_reserve_welfare,0.7807485316035389
ecology_perception_parallel_v1_r3_mu010,R3,patchy_high,64,25,final_wealth_gini,0.431021019996888
ecology_perception_parallel_v1_r3_mu010,R3,split_high_low,64,25,eval_mean_mean_resource_fraction,0.1628681947549865
ecology_perception_parallel_v1_r3_mu010,R3,split_high_low,64,25,eval_mean_mean_reserve_welfare,0.6561245360180087
ecology_perception_parallel_v1_r3_mu010,R3,split_high_low,64,25,final_wealth_gini,0.6322621493625535
ecology_perception_parallel_v1_r3_mu010,R3,uniform_high,64,26,eval_mean_mean_resource_fraction,0.16923830350379723
ecology_perception_parallel_v1_r3_mu010,R3,uniform_high,64,26,eval_mean_mean_reserve_welfare,0.8843255927355853
ecology_perception_parallel_v1_r3_mu010,R3,uniform_high,64,26,final_wealth_gini,0.4125084191268902
ecology_perception_parallel_v1_r3_mu010,R3,patchy_high,64,26,eval_mean_mean_resource_fraction,0.12145058591605012
ecology_perception_parallel_v1_r3_mu010,R3,patchy_high,64,26,eval_mean_mean_reserve_welfare,0.8028974704992233
ecology_perception_parallel_v1_r3_mu010,R3,patchy_high,64,26,final_wealth_gini,0.43195155047264233
ecology_perception_parallel_v1_r3_mu010,R3,split_high_low,64,26,eval_mean_mean_resource_fraction,0.10142271060690007
ecology_perception_parallel_v1_r3_mu010,R3,split_high_low,64,26,eval_mean_mean_reserve_welfare,0.5953791504292373
ecology_perception_parallel_v1_r3_mu010,R3,split_high_low,64,26,final_wealth_gini,0.636639641952423
ecology_perception_parallel_v1_r3_mu010,R3,uniform_high,64,27,eval_mean_mean_resource_fraction,0.09514406385899368
ecology_perception_parallel_v1_r3_mu010,R3,uniform_high,64,27,eval_mean_mean_reserve_welfare,0.7160271338124916
ecology_perception_parallel_v1_r3_mu010,R3,uniform_high,64,27,final_wealth_gini,0.4219035445368524
ecology_perception_parallel_v1_r3_mu010,R3,patchy_high,64,27,eval_mean_mean_resource_fraction,0.184572801412955
ecology_perception_parallel_v1_r3_mu010,R3,patchy_high,64,27,eval_mean_mean_reserve_welfare,0.9034538906492149
ecology_perception_parallel_v1_r3_mu010,R3,patchy_high,64,27,final_wealth_gini,0.40953524148227194
ecology_perception_parallel_v1_r3_mu010,R3,split_high_low,64,27,eval_mean_mean_resource_fraction,0.10262199800558722
ecology_perception_parallel_v1_r3_mu010,R3,split_high_low,64,27,eval_mean_mean_reserve_welfare,0.6366757151685465
ecology_perception_parallel_v1_r3_mu010,R3,split_high_low,64,27,final_wealth_gini,0.6225207329100606
ecology_perception_parallel_v1_r3_mu010,R3,uniform_high,64,28,eval_mean_mean_resource_fraction,0.10196056379768172
ecology_perception_parallel_v1_r3_mu010,R3,uniform_high,64,28,eval_mean_mean_reserve_welfare,0.7753346693857792
ecology_perception_parallel_v1_r3_mu010,R3,uniform_high,64,28,final_wealth_gini,0.4399178848882699
ecology_perception_parallel_v1_r3_mu010,R3,patchy_high,64,28,eval_mean_mean_resource_fraction,0.11986788556768249
ecology_perception_parallel_v1_r3_mu010,R3,patchy_high,64,28,eval_mean_mean_reserve_welfare,0.7954835984186902
ecology_perception_parallel_v1_r3_mu010,R3,patchy_high,64,28,final_wealth_gini,0.438509015654178
ecology_perception_parallel_v1_r3_mu010,R3,split_high_low,64,28,eval_mean_mean_resource_fraction,0.13184574478395114
ecology_perception_parallel_v1_r3_mu010,R3,split_high_low,64,28,eval_mean_mean_reserve_welfare,0.5629355860764093
ecology_perception_parallel_v1_r3_mu010,R3,split_high_low,64,28,final_wealth_gini,0.7044541277973562
ecology_perception_parallel_v1_r3_mu010,R3,uniform_high,64,29,eval_mean_mean_resource_fraction,0.1614711800091502
ecology_perception_parallel_v1_r3_mu010,R3,uniform_high,64,29,eval_mean_mean_reserve_welfare,0.8433537416149598
ecology_perception_parallel_v1_r3_mu010,R3,uniform_high,64,29,final_wealth_gini,0.4237533411235046
ecology_perception_parallel_v1_r3_mu010,R3,patchy_high,64,29,eval_mean_mean_resource_fraction,0.14023017370560464
ecology_perception_parallel_v1_r3_mu010,R3,patchy_high,64,29,eval_mean_mean_reserve_welfare,0.7865160785995364
ecology_perception_parallel_v1_r3_mu010,R3,patchy_high,64,29,final_wealth_gini,0.45476980176100024
ecology_perception_parallel_v1_r3_mu010,R3,split_high_low,64,29,eval_mean_mean_resource_fraction,0.12619622227112628
ecology_perception_parallel_v1_r3_mu010,R3,split_high_low,64,29,eval_mean_mean_reserve_welfare,0.7090799620244843
ecology_perception_parallel_v1_r3_mu010,R3,split_high_low,64,29,final_wealth_gini,0.5955560468642165
ecology_perception_parallel_v1_r3_mu010,R3,uniform_high,64,30,eval_mean_mean_resource_fraction,0.07898180136186192
ecology_perception_parallel_v1_r3_mu010,R3,uniform_high,64,30,eval_mean_mean_reserve_welfare,0.6388051302180677
ecology_perception_parallel_v1_r3_mu010,R3,uniform_high,64,30,final_wealth_gini,0.4694306746669259
ecology_perception_parallel_v1_r3_mu010,R3,patchy_high,64,30,eval_mean_mean_resource_fraction,0.09284343635141795
ecology_perception_parallel_v1_r3_mu010,R3,patchy_high,64,30,eval_mean_mean_reserve_welfare,0.7287103523904425
ecology_perception_parallel_v1_r3_mu010,R3,patchy_high,64,30,final_wealth_gini,0.41523275223530587
ecology_perception_parallel_v1_r3_mu010,R3,split_high_low,64,30,eval_mean_mean_resource_fraction,0.11180733807418998
ecology_perception_parallel_v1_r3_mu010,R3,split_high_low,64,30,eval_mean_mean_reserve_welfare,0.6636528925153463
ecology_perception_parallel_v1_r3_mu010,R3,split_high_low,64,30,final_wealth_gini,0.5877165380192315
ecology_perception_parallel_v1_r3_mu010,R3,uniform_high,64,31,eval_mean_mean_resource_fraction,0.10554212886027521
ecology_perception_parallel_v1_r3_mu010,R3,uniform_high,64,31,eval_mean_mean_reserve_welfare,0.6789544739027439
ecology_perception_parallel_v1_r3_mu010,R3,uniform_high,64,31,final_wealth_gini,0.4209970078413914
ecology_perception_parallel_v1_r3_mu010,R3,patchy_high,64,31,eval_mean_mean_resource_fraction,0.07750180232727771
ecology_perception_parallel_v1_r3_mu010,R3,patchy_high,64,31,eval_mean_mean_reserve_welfare,0.6788786624204223
ecology_perception_parallel_v1_r3_mu010,R3,patchy_high,64,31,final_wealth_gini,0.3917718705797628
ecology_perception_parallel_v1_r3_mu010,R3,split_high_low,64,31,eval_mean_mean_resource_fraction,0.09019517592818732
ecology_perception_parallel_v1_r3_mu010,R3,split_high_low,64,31,eval_mean_mean_reserve_welfare,0.6225481075252867
ecology_perception_parallel_v1_r3_mu010,R3,split_high_low,64,31,final_wealth_gini,0.6169613964600988
ecology_perception_parallel_v1_r3_mu010,R3,uniform_high,64,32,eval_mean_mean_resource_fraction,0.1308968103508939
ecology_perception_parallel_v1_r3_mu010,R3,uniform_high,64,32,eval_mean_mean_reserve_welfare,0.8183188036904058
ecology_perception_parallel_v1_r3_mu010,R3,uniform_high,64,32,final_wealth_gini,0.4081398657790005
ecology_perception_parallel_v1_r3_mu010,R3,patchy_high,64,32,eval_mean_mean_resource_fraction,0.12316869434626568
ecology_perception_parallel_v1_r3_mu010,R3,patchy_high,64,32,eval_mean_mean_reserve_welfare,0.792500031448101
ecology_perception_parallel_v1_r3_mu010,R3,patchy_high,64,32,final_wealth_gini,0.42526539871630287
ecology_perception_parallel_v1_r3_mu010,R3,split_high_low,64,32,eval_mean_mean_resource_fraction,0.19059469519090147
ecology_perception_parallel_v1_r3_mu010,R3,split_high_low,64,32,eval_mean_mean_reserve_welfare,0.6438494936841268
ecology_perception_parallel_v1_r3_mu010,R3,split_high_low,64,32,final_wealth_gini,0.650257694474786
ecology_perception_parallel_v1_r3_mu010,R3,uniform_high,64,33,eval_mean_mean_resource_fraction,0.12985317397433918
ecology_perception_parallel_v1_r3_mu010,R3,uniform_high,64,33,eval_mean_mean_reserve_welfare,0.7871750968902049
ecology_perception_parallel_v1_r3_mu010,R3,uniform_high,64,33,final_wealth_gini,0.4332995088221927
ecology_perception_parallel_v1_r3_mu010,R3,patchy_high,64,33,eval_mean_mean_resource_fraction,0.0867403433802294
ecology_perception_parallel_v1_r3_mu010,R3,patchy_high,64,33,eval_mean_mean_reserve_welfare,0.7139929419450035
ecology_perception_parallel_v1_r3_mu010,R3,patchy_high,64,33,final_wealth_gini,0.3974927670458879
ecology_perception_parallel_v1_r3_mu010,R3,split_high_low,64,33,eval_mean_mean_resource_fraction,0.10818930093126189
ecology_perception_parallel_v1_r3_mu010,R3,split_high_low,64,33,eval_mean_mean_reserve_welfare,0.6373303465328052
ecology_perception_parallel_v1_r3_mu010,R3,split_high_low,64,33,final_wealth_gini,0.6389050835161258
ecology_perception_parallel_v1_r3_mu010,R3,uniform_high,64,34,eval_mean_mean_resource_fraction,0.13509335854478705
ecology_perception_parallel_v1_r3_mu010,R3,uniform_high,64,34,eval_mean_mean_reserve_welfare,0.6607029019310926
ecology_perception_parallel_v1_r3_mu010,R3,uniform_high,64,34,final_wealth_gini,0.5522600374934066
ecology_perception_parallel_v1_r3_mu010,R3,patchy_high,64,34,eval_mean_mean_resource_fraction,0.11031855633294324
ecology_perception_parallel_v1_r3_mu010,R3,patchy_high,64,34,eval_mean_mean_reserve_welfare,0.7287683971075636
ecology_perception_parallel_v1_r3_mu010,R3,patchy_high,64,34,final_wealth_gini,0.5118946601893253
ecology_perception_parallel_v1_r3_mu010,R3,split_high_low,64,34,eval_mean_mean_resource_fraction,0.13314113540154035
ecology_perception_parallel_v1_r3_mu010,R3,split_high_low,64,34,eval_mean_mean_reserve_welfare,0.6231483239207389
ecology_perception_parallel_v1_r3_mu010,R3,split_high_low,64,34,final_wealth_gini,0.6474936756453229
ecology_perception_parallel_v1_r3_mu010,R3,uniform_high,64,35,eval_mean_mean_resource_fraction,0.09311723702016189
ecology_perception_parallel_v1_r3_mu010,R3,uniform_high,64,35,eval_mean_mean_reserve_welfare,0.7340175131876114
ecology_perception_parallel_v1_r3_mu010,R3,uniform_high,64,35,final_wealth_gini,0.4884524195471458
ecology_perception_parallel_v1_r3_mu010,R3,patchy_high,64,35,eval_mean_mean_resource_fraction,0.09243812919927477
ecology_perception_parallel_v1_r3_mu010,R3,patchy_high,64,35,eval_mean_mean_reserve_welfare,0.704605344158963
ecology_perception_parallel_v1_r3_mu010,R3,patchy_high,64,35,final_wealth_gini,0.48113494652332545
ecology_perception_parallel_v1_r3_mu010,R3,split_high_low,64,35,eval_mean_mean_resource_fraction,0.13902789729164106
ecology_perception_parallel_v1_r3_mu010,R3,split_high_low,64,35,eval_mean_mean_reserve_welfare,0.6029303987992829
ecology_perception_parallel_v1_r3_mu010,R3,split_high_low,64,35,final_wealth_gini,0.6473118450136714
ecology_perception_parallel_v1_r3_mu010,R3,uniform_high,64,36,eval_mean_mean_resource_fraction,0.0956776689942506
ecology_perception_parallel_v1_r3_mu010,R3,uniform_high,64,36,eval_mean_mean_reserve_welfare,0.7455359243714933
ecology_perception_parallel_v1_r3_mu010,R3,uniform_high,64,36,final_wealth_gini,0.3992590435489898
ecology_perception_parallel_v1_r3_mu010,R3,patchy_high,64,36,eval_mean_mean_resource_fraction,0.1625692342313592
ecology_perception_parallel_v1_r3_mu010,R3,patchy_high,64,36,eval_mean_mean_reserve_welfare,0.8644428186368641
ecology_perception_parallel_v1_r3_mu010,R3,patchy_high,64,36,final_wealth_gini,0.3940634003452099
ecology_perception_parallel_v1_r3_mu010,R3,split_high_low,64,36,eval_mean_mean_resource_fraction,0.13386038261098557
ecology_perception_parallel_v1_r3_mu010,R3,split_high_low,64,36,eval_mean_mean_reserve_welfare,0.654545110434106
ecology_perception_parallel_v1_r3_mu010,R3,split_high_low,64,36,final_wealth_gini,0.6242916605774542
ecology_perception_parallel_v1_r3_mu010,R3,uniform_high,64,37,eval_mean_mean_resource_fraction,0.12597156593731598
ecology_perception_parallel_v1_r3_mu010,R3,uniform_high,64,37,eval_mean_mean_reserve_welfare,0.7850912376680471
ecology_perception_parallel_v1_r3_mu010,R3,uniform_high,64,37,final_wealth_gini,0.4729079841599928
ecology_perception_parallel_v1_r3_mu010,R3,patchy_high,64,37,eval_mean_mean_resource_fraction,0.11529159098682042
ecology_perception_parallel_v1_r3_mu010,R3,patchy_high,64,37,eval_mean_mean_reserve_welfare,0.6324503426320708
ecology_perception_parallel_v1_r3_mu010,R3,patchy_high,64,37,final_wealth_gini,0.5391900820177034
ecology_perception_parallel_v1_r3_mu010,R3,split_high_low,64,37,eval_mean_mean_resource_fraction,0.14778186818420555
ecology_perception_parallel_v1_r3_mu010,R3,split_high_low,64,37,eval_mean_mean_reserve_welfare,0.7590015951460648
ecology_perception_parallel_v1_r3_mu010,R3,split_high_low,64,37,final_wealth_gini,0.5691052991173187
ecology_perception_parallel_v1_r3_mu010,R3,uniform_high,64,38,eval_mean_mean_resource_fraction,0.18255548956730167
ecology_perception_parallel_v1_r3_mu010,R3,uniform_high,64,38,eval_mean_mean_reserve_welfare,0.9404646528650811
ecology_perception_parallel_v1_r3_mu010,R3,uniform_high,64,38,final_wealth_gini,0.3493809684296596
ecology_perception_parallel_v1_r3_mu010,R3,patchy_high,64,38,eval_mean_mean_resource_fraction,0.12303471683805434
ecology_perception_parallel_v1_r3_mu010,R3,patchy_high,64,38,eval_mean_mean_reserve_welfare,0.8719488297458882
ecology_perception_parallel_v1_r3_mu010,R3,patchy_high,64,38,final_wealth_gini,0.3923550253352701
ecology_perception_parallel_v1_r3_mu010,R3,split_high_low,64,38,eval_mean_mean_resource_fraction,0.10632220783806556
ecology_perception_parallel_v1_r3_mu010,R3,split_high_low,64,38,eval_mean_mean_reserve_welfare,0.6489760747083196
ecology_perception_parallel_v1_r3_mu010,R3,split_high_low,64,38,final_wealth_gini,0.5998232745675336
ecology_perception_parallel_v1_r3_mu010,R3,uniform_high,64,39,eval_mean_mean_resource_fraction,0.0657863778343265
ecology_perception_parallel_v1_r3_mu010,R3,uniform_high,64,39,eval_mean_mean_reserve_welfare,0.6740466879475571
ecology_perception_parallel_v1_r3_mu010,R3,uniform_high,64,39,final_wealth_gini,0.428126823827635
ecology_perception_parallel_v1_r3_mu010,R3,patchy_high,64,39,eval_mean_mean_resource_fraction,0.10821717302138806
ecology_perception_parallel_v1_r3_mu010,R3,patchy_high,64,39,eval_mean_mean_reserve_welfare,0.7831728970829702
ecology_perception_parallel_v1_r3_mu010,R3,patchy_high,64,39,final_wealth_gini,0.41029589404986067
ecology_perception_parallel_v1_r3_mu010,R3,split_high_low,64,39,eval_mean_mean_resource_fraction,0.08303643578202113
ecology_perception_parallel_v1_r3_mu010,R3,split_high_low,64,39,eval_mean_mean_reserve_welfare,0.6643592899556894
ecology_perception_parallel_v1_r3_mu010,R3,split_high_low,64,39,final_wealth_gini,0.553162639675681
ecology_perception_parallel_v1_r3_mu010,R3,uniform_high,64,40,eval_mean_mean_resource_fraction,0.171251353461059
ecology_perception_parallel_v1_r3_mu010,R3,uniform_high,64,40,eval_mean_mean_reserve_welfare,0.8650281777202808
ecology_perception_parallel_v1_r3_mu010,R3,uniform_high,64,40,final_wealth_gini,0.4402131477370037
ecology_perception_parallel_v1_r3_mu010,R3,patchy_high,64,40,eval_mean_mean_resource_fraction,0.11643234295667049
ecology_perception_parallel_v1_r3_mu010,R3,patchy_high,64,40,eval_mean_mean_reserve_welfare,0.7090899806599886
ecology_perception_parallel_v1_r3_mu010,R3,patchy_high,64,40,final_wealth_gini,0.4804115919335712
ecology_perception_parallel_v1_r3_mu010,R3,split_high_low,64,40,eval_mean_mean_resource_fraction,0.08268119062913856
ecology_perception_parallel_v1_r3_mu010,R3,split_high_low,64,40,eval_mean_mean_reserve_welfare,0.6557090942830478
ecology_perception_parallel_v1_r3_mu010,R3,split_high_low,64,40,final_wealth_gini,0.5701808821662651
ecology_perception_parallel_v1_r3_mu010,R3,uniform_high,64,41,eval_mean_mean_resource_fraction,0.12328547530298976
ecology_perception_parallel_v1_r3_mu010,R3,uniform_high,64,41,eval_mean_mean_reserve_welfare,0.7435556834245916
ecology_perception_parallel_v1_r3_mu010,R3,uniform_high,64,41,final_wealth_gini,0.4954231967381004
ecology_perception_parallel_v1_r3_mu010,R3,patchy_high,64,41,eval_mean_mean_resource_fraction,0.09438300155433152
ecology_perception_parallel_v1_r3_mu010,R3,patchy_high,64,41,eval_mean_mean_reserve_welfare,0.7068588586326785
ecology_perception_parallel_v1_r3_mu010,R3,patchy_high,64,41,final_wealth_gini,0.4853518667915351
ecology_perception_parallel_v1_r3_mu010,R3,split_high_low,64,41,eval_mean_mean_resource_fraction,0.09325789550752203
ecology_perception_parallel_v1_r3_mu010,R3,split_high_low,64,41,eval_mean_mean_reserve_welfare,0.567854827229067
ecology_perception_parallel_v1_r3_mu010,R3,split_high_low,64,41,final_wealth_gini,0.667424587874726
ecology_perception_parallel_v1_r3_mu010,R3,uniform_high,64,42,eval_mean_mean_resource_fraction,0.09056809542366376
ecology_perception_parallel_v1_r3_mu010,R3,uniform_high,64,42,eval_mean_mean_reserve_welfare,0.6512973444207873
ecology_perception_parallel_v1_r3_mu010,R3,uniform_high,64,42,final_wealth_gini,0.4788021319933442
ecology_perception_parallel_v1_r3_mu010,R3,patchy_high,64,42,eval_mean_mean_resource_fraction,0.11608620289641697
ecology_perception_parallel_v1_r3_mu010,R3,patchy_high,64,42,eval_mean_mean_reserve_welfare,0.7382851054732537
ecology_perception_parallel_v1_r3_mu010,R3,patchy_high,64,42,final_wealth_gini,0.47081178258381606
ecology_perception_parallel_v1_r3_mu010,R3,split_high_low,64,42,eval_mean_mean_resource_fraction,0.12783918797700702
ecology_perception_parallel_v1_r3_mu010,R3,split_high_low,64,42,eval_mean_mean_reserve_welfare,0.6412941807642999
ecology_perception_parallel_v1_r3_mu010,R3,split_high_low,64,42,final_wealth_gini,0.6355378563065686
ecology_perception_parallel_v1_r3_mu010,R3,uniform_high,64,43,eval_mean_mean_resource_fraction,0.13238966430745464
ecology_perception_parallel_v1_r3_mu010,R3,uniform_high,64,43,eval_mean_mean_reserve_welfare,0.8709533384023923
ecology_perception_parallel_v1_r3_mu010,R3,uniform_high,64,43,final_wealth_gini,0.39790519521110657
ecology_perception_parallel_v1_r3_mu010,R3,patchy_high,64,43,eval_mean_mean_resource_fraction,0.1670949012436123
ecology_perception_parallel_v1_r3_mu010,R3,patchy_high,64,43,eval_mean_mean_reserve_welfare,0.8779857753279579
ecology_perception_parallel_v1_r3_mu010,R3,patchy_high,64,43,final_wealth_gini,0.396195504643128
ecology_perception_parallel_v1_r3_mu010,R3,split_high_low,64,43,eval_mean_mean_resource_fraction,0.09155947489922132
ecology_perception_parallel_v1_r3_mu010,R3,split_high_low,64,43,eval_mean_mean_reserve_welfare,0.6494357477896266
ecology_perception_parallel_v1_r3_mu010,R3,split_high_low,64,43,final_wealth_gini,0.6071126564652947
ecology_perception_parallel_v1_r3_mu010,R3,uniform_high,64,44,eval_mean_mean_resource_fraction,0.0955770781715976
ecology_perception_parallel_v1_r3_mu010,R3,uniform_high,64,44,eval_mean_mean_reserve_welfare,0.7468817888010144
ecology_perception_parallel_v1_r3_mu010,R3,uniform_high,64,44,final_wealth_gini,0.41090878717893364
ecology_perception_parallel_v1_r3_mu010,R3,patchy_high,64,44,eval_mean_mean_resource_fraction,0.11960652798853721
ecology_perception_parallel_v1_r3_mu010,R3,patchy_high,64,44,eval_mean_mean_reserve_welfare,0.7868098329123218
ecology_perception_parallel_v1_r3_mu010,R3,patchy_high,64,44,final_wealth_gini,0.41794781554412364
ecology_perception_parallel_v1_r3_mu010,R3,split_high_low,64,44,eval_mean_mean_resource_fraction,0.12713311593389687
ecology_perception_parallel_v1_r3_mu010,R3,split_high_low,64,44,eval_mean_mean_reserve_welfare,0.7276843606152542
ecology_perception_parallel_v1_r3_mu010,R3,split_high_low,64,44,final_wealth_gini,0.5887803610076054
ecology_perception_parallel_v1_r3_mu010,R3,uniform_high,64,45,eval_mean_mean_resource_fraction,0.07451629901771416
ecology_perception_parallel_v1_r3_mu010,R3,uniform_high,64,45,eval_mean_mean_reserve_welfare,0.7174665942383037
ecology_perception_parallel_v1_r3_mu010,R3,uniform_high,64,45,final_wealth_gini,0.4211940640557277
ecology_perception_parallel_v1_r3_mu010,R3,patchy_high,64,45,eval_mean_mean_resource_fraction,0.08267258524587766
ecology_perception_parallel_v1_r3_mu010,R3,patchy_high,64,45,eval_mean_mean_reserve_welfare,0.7706987849061362
ecology_perception_parallel_v1_r3_mu010,R3,patchy_high,64,45,final_wealth_gini,0.394699007442326
ecology_perception_parallel_v1_r3_mu010,R3,split_high_low,64,45,eval_mean_mean_resource_fraction,0.17519333405821294
ecology_perception_parallel_v1_r3_mu010,R3,split_high_low,64,45,eval_mean_mean_reserve_welfare,0.7109048270339614
ecology_perception_parallel_v1_r3_mu010,R3,split_high_low,64,45,final_wealth_gini,0.6191436322745496
ecology_perception_parallel_v1_r3_mu010,R3,uniform_high,64,46,eval_mean_mean_resource_fraction,0.09799646472986424
ecology_perception_parallel_v1_r3_mu010,R3,uniform_high,64,46,eval_mean_mean_reserve_welfare,0.7399614693799306
ecology_perception_parallel_v1_r3_mu010,R3,uniform_high,64,46,final_wealth_gini,0.46021481706351786
ecology_perception_parallel_v1_r3_mu010,R3,patchy_high,64,46,eval_mean_mean_resource_fraction,0.13769397621176632
ecology_perception_parallel_v1_r3_mu010,R3,patchy_high,64,46,eval_mean_mean_reserve_welfare,0.8117300291625681
ecology_perception_parallel_v1_r3_mu010,R3,patchy_high,64,46,final_wealth_gini,0.46472715536886233
ecology_perception_parallel_v1_r3_mu010,R3,split_high_low,64,46,eval_mean_mean_resource_fraction,0.09615566227972162
ecology_perception_parallel_v1_r3_mu010,R3,split_high_low,64,46,eval_mean_mean_reserve_welfare,0.6175130598907553
ecology_perception_parallel_v1_r3_mu010,R3,split_high_low,64,46,final_wealth_gini,0.6252223120652118
ecology_perception_parallel_v1_r3_mu010,R3,uniform_high,64,47,eval_mean_mean_resource_fraction,0.13539321266429047
ecology_perception_parallel_v1_r3_mu010,R3,uniform_high,64,47,eval_mean_mean_reserve_welfare,0.8369301145838187
ecology_perception_parallel_v1_r3_mu010,R3,uniform_high,64,47,final_wealth_gini,0.40306966065045247
ecology_perception_parallel_v1_r3_mu010,R3,patchy_high,64,47,eval_mean_mean_resource_fraction,0.1082282093762526
ecology_perception_parallel_v1_r3_mu010,R3,patchy_high,64,47,eval_mean_mean_reserve_welfare,0.8456327946167987
ecology_perception_parallel_v1_r3_mu010,R3,patchy_high,64,47,final_wealth_gini,0.3829173594690072
ecology_perception_parallel_v1_r3_mu010,R3,split_high_low,64,47,eval_mean_mean_resource_fraction,0.09119626550467433
ecology_perception_parallel_v1_r3_mu010,R3,split_high_low,64,47,eval_mean_mean_reserve_welfare,0.6751456880435881
ecology_perception_parallel_v1_r3_mu010,R3,split_high_low,64,47,final_wealth_gini,0.5643750753204027
ecology_perception_parallel_v1_r3_mu010,R3,uniform_high,64,48,eval_mean_mean_resource_fraction,0.10473471794351474
ecology_perception_parallel_v1_r3_mu010,R3,uniform_high,64,48,eval_mean_mean_reserve_welfare,0.786077488072797
ecology_perception_parallel_v1_r3_mu010,R3,uniform_high,64,48,final_wealth_gini,0.3715659100073405
ecology_perception_parallel_v1_r3_mu010,R3,patchy_high,64,48,eval_mean_mean_resource_fraction,0.11908143325331891
ecology_perception_parallel_v1_r3_mu010,R3,patchy_high,64,48,eval_mean_mean_reserve_welfare,0.7719462388764091
ecology_perception_parallel_v1_r3_mu010,R3,patchy_high,64,48,final_wealth_gini,0.4185019515199593
ecology_perception_parallel_v1_r3_mu010,R3,split_high_low,64,48,eval_mean_mean_resource_fraction,0.0997776138007683
ecology_perception_parallel_v1_r3_mu010,R3,split_high_low,64,48,eval_mean_mean_reserve_welfare,0.660510688761296
ecology_perception_parallel_v1_r3_mu010,R3,split_high_low,64,48,final_wealth_gini,0.5758783909984027
ecology_perception_parallel_v1_r3_mu010,R3,uniform_high,64,49,eval_mean_mean_resource_fraction,0.10277976071500376
ecology_perception_parallel_v1_r3_mu010,R3,uniform_high,64,49,eval_mean_mean_reserve_welfare,0.7020425170059952
ecology_perception_parallel_v1_r3_mu010,R3,uniform_high,64,49,final_wealth_gini,0.4756977178238655
ecology_perception_parallel_v1_r3_mu010,R3,patchy_high,64,49,eval_mean_mean_resource_fraction,0.1210535793871732
ecology_perception_parallel_v1_r3_mu010,R3,patchy_high,64,49,eval_mean_mean_reserve_welfare,0.8274987266699216
ecology_perception_parallel_v1_r3_mu010,R3,patchy_high,64,49,final_wealth_gini,0.3970205410421115
ecology_perception_parallel_v1_r3_mu010,R3,split_high_low,64,49,eval_mean_mean_resource_fraction,0.13338366271332774
ecology_perception_parallel_v1_r3_mu010,R3,split_high_low,64,49,eval_mean_mean_reserve_welfare,0.6738658191686521
ecology_perception_parallel_v1_r3_mu010,R3,split_high_low,64,49,final_wealth_gini,0.6518141621323568
ecology_perception_parallel_v1_r3_mu010,R3,uniform_high,64,50,eval_mean_mean_resource_fraction,0.12817710129487825
ecology_perception_parallel_v1_r3_mu010,R3,uniform_high,64,50,eval_mean_mean_reserve_welfare,0.8365131193227967
ecology_perception_parallel_v1_r3_mu010,R3,uniform_high,64,50,final_wealth_gini,0.3916074705154702
ecology_perception_parallel_v1_r3_mu010,R3,patchy_high,64,50,eval_mean_mean_resource_fraction,0.11648915083407549
ecology_perception_parallel_v1_r3_mu010,R3,patchy_high,64,50,eval_mean_mean_reserve_welfare,0.8378464437515909
ecology_perception_parallel_v1_r3_mu010,R3,patchy_high,64,50,final_wealth_gini,0.3562248392181333
ecology_perception_parallel_v1_r3_mu010,R3,split_high_low,64,50,eval_mean_mean_resource_fraction,0.12572695111642965
ecology_perception_parallel_v1_r3_mu010,R3,split_high_low,64,50,eval_mean_mean_reserve_welfare,0.6868078594345439
ecology_perception_parallel_v1_r3_mu010,R3,split_high_low,64,50,final_wealth_gini,0.5792799180548631
ecology_perception_parallel_v1_r3_mu010,R3,uniform_high,64,51,eval_mean_mean_resource_fraction,0.0967469757724221
ecology_perception_parallel_v1_r3_mu010,R3,uniform_high,64,51,eval_mean_mean_reserve_welfare,0.7322472488950356
ecology_perception_parallel_v1_r3_mu010,R3,uniform_high,64,51,final_wealth_gini,0.4609207176206147
ecology_perception_parallel_v1_r3_mu010,R3,patchy_high,64,51,eval_mean_mean_resource_fraction,0.07100791079197799
ecology_perception_parallel_v1_r3_mu010,R3,patchy_high,64,51,eval_mean_mean_reserve_welfare,0.602204823026854
ecology_perception_parallel_v1_r3_mu010,R3,patchy_high,64,51,final_wealth_gini,0.49705131675482717
ecology_perception_parallel_v1_r3_mu010,R3,split_high_low,64,51,eval_mean_mean_resource_fraction,0.15668987267224316
ecology_perception_parallel_v1_r3_mu010,R3,split_high_low,64,51,eval_mean_mean_reserve_welfare,0.6047309215756344
ecology_perception_parallel_v1_r3_mu010,R3,split_high_low,64,51,final_wealth_gini,0.7035131175015337
ecology_perception_parallel_v1_r3_mu010,R3,uniform_high,64,52,eval_mean_mean_resource_fraction,0.10339849204998976
ecology_perception_parallel_v1_r3_mu010,R3,uniform_high,64,52,eval_mean_mean_reserve_welfare,0.7215817573285621
ecology_perception_parallel_v1_r3_mu010,R3,uniform_high,64,52,final_wealth_gini,0.45009917499148266
ecology_perception_parallel_v1_r3_mu010,R3,patchy_high,64,52,eval_mean_mean_resource_fraction,0.08825378191327715
ecology_perception_parallel_v1_r3_mu010,R3,patchy_high,64,52,eval_mean_mean_reserve_welfare,0.6771016767034683
ecology_perception_parallel_v1_r3_mu010,R3,patchy_high,64,52,final_wealth_gini,0.44077183278475585
ecology_perception_parallel_v1_r3_mu010,R3,split_high_low,64,52,eval_mean_mean_resource_fraction,0.13076969976367422
ecology_perception_parallel_v1_r3_mu010,R3,split_high_low,64,52,eval_mean_mean_reserve_welfare,0.737068931142574
ecology_perception_parallel_v1_r3_mu010,R3,split_high_low,64,52,final_wealth_gini,0.5558364095135424
ecology_perception_parallel_v1_r3_mu010,R3,uniform_high,64,53,eval_mean_mean_resource_fraction,0.11815830673544778
ecology_perception_parallel_v1_r3_mu010,R3,uniform_high,64,53,eval_mean_mean_reserve_welfare,0.7478940553999509
ecology_perception_parallel_v1_r3_mu010,R3,uniform_high,64,53,final_wealth_gini,0.4452886619759482
ecology_perception_parallel_v1_r3_mu010,R3,patchy_high,64,53,eval_mean_mean_resource_fraction,0.1382909350730033
ecology_perception_parallel_v1_r3_mu010,R3,patchy_high,64,53,eval_mean_mean_reserve_welfare,0.7307280807805732
ecology_perception_parallel_v1_r3_mu010,R3,patchy_high,64,53,final_wealth_gini,0.4885035972894314
ecology_perception_parallel_v1_r3_mu010,R3,split_high_low,64,53,eval_mean_mean_resource_fraction,0.14741613815031532
ecology_perception_parallel_v1_r3_mu010,R3,split_high_low,64,53,eval_mean_mean_reserve_welfare,0.6219019536304878
ecology_perception_parallel_v1_r3_mu010,R3,split_high_low,64,53,final_wealth_gini,0.6720829052730097
ecology_perception_parallel_v1_r3_mu010,R3,uniform_high,64,54,eval_mean_mean_resource_fraction,0.0904187860780981
ecology_perception_parallel_v1_r3_mu010,R3,uniform_high,64,54,eval_mean_mean_reserve_welfare,0.7577808138321741
ecology_perception_parallel_v1_r3_mu010,R3,uniform_high,64,54,final_wealth_gini,0.37870887010494636
ecology_perception_parallel_v1_r3_mu010,R3,patchy_high,64,54,eval_mean_mean_resource_fraction,0.11151695920838481
ecology_perception_parallel_v1_r3_mu010,R3,patchy_high,64,54,eval_mean_mean_reserve_welfare,0.8318780053178455
ecology_perception_parallel_v1_r3_mu010,R3,patchy_high,64,54,final_wealth_gini,0.3679179413842395
ecology_perception_parallel_v1_r3_mu010,R3,split_high_low,64,54,eval_mean_mean_resource_fraction,0.13217397891450453
ecology_perception_parallel_v1_r3_mu010,R3,split_high_low,64,54,eval_mean_mean_reserve_welfare,0.6994649035351477
ecology_perception_parallel_v1_r3_mu010,R3,split_high_low,64,54,final_wealth_gini,0.5647535039803064
ecology_perception_parallel_v1_r3_mu010,R3,uniform_high,64,55,eval_mean_mean_resource_fraction,0.12036322045947545
ecology_perception_parallel_v1_r3_mu010,R3,uniform_high,64,55,eval_mean_mean_reserve_welfare,0.7313150721966567
ecology_perception_parallel_v1_r3_mu010,R3,uniform_high,64,55,final_wealth_gini,0.5022767812416207
ecology_perception_parallel_v1_r3_mu010,R3,patchy_high,64,55,eval_mean_mean_resource_fraction,0.11264325317039096
ecology_perception_parallel_v1_r3_mu010,R3,patchy_high,64,55,eval_mean_mean_reserve_welfare,0.6575853564604484
ecology_perception_parallel_v1_r3_mu010,R3,patchy_high,64,55,final_wealth_gini,0.5547987494009099
ecology_perception_parallel_v1_r3_mu010,R3,split_high_low,64,55,eval_mean_mean_resource_fraction,0.17217316263245802
ecology_perception_parallel_v1_r3_mu010,R3,split_high_low,64,55,eval_mean_mean_reserve_welfare,0.6283629764093055
ecology_perception_parallel_v1_r3_mu010,R3,split_high_low,64,55,final_wealth_gini,0.659896973169964
ecology_perception_parallel_v1_r3_mu010,R3,uniform_high,64,56,eval_mean_mean_resource_fraction,0.1177959774184147
ecology_perception_parallel_v1_r3_mu010,R3,uniform_high,64,56,eval_mean_mean_reserve_welfare,0.779760379481215
ecology_perception_parallel_v1_r3_mu010,R3,uniform_high,64,56,final_wealth_gini,0.4648780888272479
ecology_perception_parallel_v1_r3_mu010,R3,patchy_high,64,56,eval_mean_mean_resource_fraction,0.08314392688362145
ecology_perception_parallel_v1_r3_mu010,R3,patchy_high,64,56,eval_mean_mean_reserve_welfare,0.6412854805558936
ecology_perception_parallel_v1_r3_mu010,R3,patchy_high,64,56,final_wealth_gini,0.5044090182710885
ecology_perception_parallel_v1_r3_mu010,R3,split_high_low,64,56,eval_mean_mean_resource_fraction,0.12439463955454423
ecology_perception_parallel_v1_r3_mu010,R3,split_high_low,64,56,eval_mean_mean_reserve_welfare,0.64159223468883
ecology_perception_parallel_v1_r3_mu010,R3,split_high_low,64,56,final_wealth_gini,0.6490729024234507
ecology_perception_parallel_v1_r3_mu010,R3,uniform_high,64,57,eval_mean_mean_resource_fraction,0.15860352075807374
ecology_perception_parallel_v1_r3_mu010,R3,uniform_high,64,57,eval_mean_mean_reserve_welfare,0.9145210268125709
ecology_perception_parallel_v1_r3_mu010,R3,uniform_high,64,57,final_wealth_gini,0.376824013112794
ecology_perception_parallel_v1_r3_mu010,R3,patchy_high,64,57,eval_mean_mean_resource_fraction,0.13275940439381584
ecology_perception_parallel_v1_r3_mu010,R3,patchy_high,64,57,eval_mean_mean_reserve_welfare,0.871721603774575
ecology_perception_parallel_v1_r3_mu010,R3,patchy_high,64,57,final_wealth_gini,0.3933910517913526
ecology_perception_parallel_v1_r3_mu010,R3,split_high_low,64,57,eval_mean_mean_resource_fraction,0.0885099107909074
ecology_perception_parallel_v1_r3_mu010,R3,split_high_low,64,57,eval_mean_mean_reserve_welfare,0.6439475118850767
ecology_perception_parallel_v1_r3_mu010,R3,split_high_low,64,57,final_wealth_gini,0.5857437940049299
ecology_perception_parallel_v1_r3_mu010,R3,uniform_high,64,58,eval_mean_mean_resource_fraction,0.12015819678625848
ecology_perception_parallel_v1_r3_mu010,R3,uniform_high,64,58,eval_mean_mean_reserve_welfare,0.7636015075304616
ecology_perception_parallel_v1_r3_mu010,R3,uniform_high,64,58,final_wealth_gini,0.4752167550783166
ecology_perception_parallel_v1_r3_mu010,R3,patchy_high,64,58,eval_mean_mean_resource_fraction,0.08933288508181082
ecology_perception_parallel_v1_r3_mu010,R3,patchy_high,64,58,eval_mean_mean_reserve_welfare,0.7382217074499062
ecology_perception_parallel_v1_r3_mu010,R3,patchy_high,64,58,final_wealth_gini,0.4383567460976767
ecology_perception_parallel_v1_r3_mu010,R3,split_high_low,64,58,eval_mean_mean_resource_fraction,0.1549925516493893
ecology_perception_parallel_v1_r3_mu010,R3,split_high_low,64,58,eval_mean_mean_reserve_welfare,0.6297545904613303
ecology_perception_parallel_v1_r3_mu010,R3,split_high_low,64,58,final_wealth_gini,0.6394403748277624
ecology_perception_parallel_v1_r3_mu010,R3,uniform_high,64,59,eval_mean_mean_resource_fraction,0.11219731588986147
ecology_perception_parallel_v1_r3_mu010,R3,uniform_high,64,59,eval_mean_mean_reserve_welfare,0.7914381121418187
ecology_perception_parallel_v1_r3_mu010,R3,uniform_high,64,59,final_wealth_gini,0.42226427820889145
ecology_perception_parallel_v1_r3_mu010,R3,patchy_high,64,59,eval_mean_mean_resource_fraction,0.13053700418794967
ecology_perception_parallel_v1_r3_mu010,R3,patchy_high,64,59,eval_mean_mean_reserve_welfare,0.7160390565317694
ecology_perception_parallel_v1_r3_mu010,R3,patchy_high,64,59,final_wealth_gini,0.5368901789553153
ecology_perception_parallel_v1_r3_mu010,R3,split_high_low,64,59,eval_mean_mean_resource_fraction,0.15193817228869383
ecology_perception_parallel_v1_r3_mu010,R3,split_high_low,64,59,eval_mean_mean_reserve_welfare,0.6478823347408799
ecology_perception_parallel_v1_r3_mu010,R3,split_high_low,64,59,final_wealth_gini,0.6411554207985821
ecology_perception_parallel_v1_r3_mu010,R3,uniform_high,64,60,eval_mean_mean_resource_fraction,0.12862834222627315
ecology_perception_parallel_v1_r3_mu010,R3,uniform_high,64,60,eval_mean_mean_reserve_welfare,0.881765087124792
ecology_perception_parallel_v1_r3_mu010,R3,uniform_high,64,60,final_wealth_gini,0.35188778026132095
ecology_perception_parallel_v1_r3_mu010,R3,patchy_high,64,60,eval_mean_mean_resource_fraction,0.09430812480933531
ecology_perception_parallel_v1_r3_mu010,R3,patchy_high,64,60,eval_mean_mean_reserve_welfare,0.7775644271219303
ecology_perception_parallel_v1_r3_mu010,R3,patchy_high,64,60,final_wealth_gini,0.40335213363832456
ecology_perception_parallel_v1_r3_mu010,R3,split_high_low,64,60,eval_mean_mean_resource_fraction,0.16076914468407716
ecology_perception_parallel_v1_r3_mu010,R3,split_high_low,64,60,eval_mean_mean_reserve_welfare,0.7407711531924538
ecology_perception_parallel_v1_r3_mu010,R3,split_high_low,64,60,final_wealth_gini,0.55370718218689
ecology_perception_parallel_v1_r3_mu010,R3,uniform_high,64,61,eval_mean_mean_resource_fraction,0.10547421182115593
ecology_perception_parallel_v1_r3_mu010,R3,uniform_high,64,61,eval_mean_mean_reserve_welfare,0.7257559126912777
ecology_perception_parallel_v1_r3_mu010,R3,uniform_high,64,61,final_wealth_gini,0.44749455504445956
ecology_perception_parallel_v1_r3_mu010,R3,patchy_high,64,61,eval_mean_mean_resource_fraction,0.09571442279907617
ecology_perception_parallel_v1_r3_mu010,R3,patchy_high,64,61,eval_mean_mean_reserve_welfare,0.6331452052620259
ecology_perception_parallel_v1_r3_mu010,R3,patchy_high,64,61,final_wealth_gini,0.49517906460964656
ecology_perception_parallel_v1_r3_mu010,R3,split_high_low,64,61,eval_mean_mean_resource_fraction,0.15049269795089212
ecology_perception_parallel_v1_r3_mu010,R3,split_high_low,64,61,eval_mean_mean_reserve_welfare,0.6208781187759892
ecology_perception_parallel_v1_r3_mu010,R3,split_high_low,64,61,final_wealth_gini,0.6450992745028292
ecology_perception_parallel_v1_r3_mu010,R3,uniform_high,64,62,eval_mean_mean_resource_fraction,0.10990095988004887
ecology_perception_parallel_v1_r3_mu010,R3,uniform_high,64,62,eval_mean_mean_reserve_welfare,0.7690946949750467
ecology_perception_parallel_v1_r3_mu010,R3,uniform_high,64,62,final_wealth_gini,0.44271345182715316
ecology_perception_parallel_v1_r3_mu010,R3,patchy_high,64,62,eval_mean_mean_resource_fraction,0.1445136236868638
ecology_perception_parallel_v1_r3_mu010,R3,patchy_high,64,62,eval_mean_mean_reserve_welfare,0.8591930369703126
ecology_perception_parallel_v1_r3_mu010,R3,patchy_high,64,62,final_wealth_gini,0.39919917540711514
ecology_perception_parallel_v1_r3_mu010,R3,split_high_low,64,62,eval_mean_mean_resource_fraction,0.12367464875149169
ecology_perception_parallel_v1_r3_mu010,R3,split_high_low,64,62,eval_mean_mean_reserve_welfare,0.6153945549766404
ecology_perception_parallel_v1_r3_mu010,R3,split_high_low,64,62,final_wealth_gini,0.6576658054305569
ecology_perception_parallel_v1_r3_mu010,R3,uniform_high,64,63,eval_mean_mean_resource_fraction,0.12065845622218148
ecology_perception_parallel_v1_r3_mu010,R3,uniform_high,64,63,eval_mean_mean_reserve_welfare,0.8603992510240485
ecology_perception_parallel_v1_r3_mu010,R3,uniform_high,64,63,final_wealth_gini,0.3575535269129959
ecology_perception_parallel_v1_r3_mu010,R3,patchy_high,64,63,eval_mean_mean_resource_fraction,0.07247244299028083
ecology_perception_parallel_v1_r3_mu010,R3,patchy_high,64,63,eval_mean_mean_reserve_welfare,0.7516661235078116
ecology_perception_parallel_v1_r3_mu010,R3,patchy_high,64,63,final_wealth_gini,0.35610417463084176
ecology_perception_parallel_v1_r3_mu010,R3,split_high_low,64,63,eval_mean_mean_resource_fraction,0.11449847591991434
ecology_perception_parallel_v1_r3_mu010,R3,split_high_low,64,63,eval_mean_mean_reserve_welfare,0.6797337141753445
ecology_perception_parallel_v1_r3_mu010,R3,split_high_low,64,63,final_wealth_gini,0.591575540963605
ecology_perception_parallel_v1_r3_mu010,R3,uniform_high,64,64,eval_mean_mean_resource_fraction,0.12419123351070101
ecology_perception_parallel_v1_r3_mu010,R3,uniform_high,64,64,eval_mean_mean_reserve_welfare,0.74938016644869
ecology_perception_parallel_v1_r3_mu010,R3,uniform_high,64,64,final_wealth_gini,0.44313719219296765
ecology_perception_parallel_v1_r3_mu010,R3,patchy_high,64,64,eval_mean_mean_resource_fraction,0.12531790591171493
ecology_perception_parallel_v1_r3_mu010,R3,patchy_high,64,64,eval_mean_mean_reserve_welfare,0.7441529082281523
ecology_perception_parallel_v1_r3_mu010,R3,patchy_high,64,64,final_wealth_gini,0.43974727935335434
ecology_perception_parallel_v1_r3_mu010,R3,split_high_low,64,64,eval_mean_mean_resource_fraction,0.1551951246056453
ecology_perception_parallel_v1_r3_mu010,R3,split_high_low,64,64,eval_mean_mean_reserve_welfare,0.704399695433036
ecology_perception_parallel_v1_r3_mu010,R3,split_high_low,64,64,final_wealth_gini,0.5396313321288948
ecology_perception_parallel_v1_r3_mu010,R3,uniform_high,64,65,eval_mean_mean_resource_fraction,0.08211381982642711
ecology_perception_parallel_v1_r3_mu010,R3,uniform_high,64,65,eval_mean_mean_reserve_welfare,0.7942420731256057
ecology_perception_parallel_v1_r3_mu010,R3,uniform_high,64,65,final_wealth_gini,0.3174498587637491
ecology_perception_parallel_v1_r3_mu010,R3,patchy_high,64,65,eval_mean_mean_resource_fraction,0.17372562953042267
ecology_perception_parallel_v1_r3_mu010,R3,patchy_high,64,65,eval_mean_mean_reserve_welfare,0.9298585698886093
ecology_perception_parallel_v1_r3_mu010,R3,patchy_high,64,65,final_wealth_gini,0.3751619932869965
ecology_perception_parallel_v1_r3_mu010,R3,split_high_low,64,65,eval_mean_mean_resource_fraction,0.13890638969867297
ecology_perception_parallel_v1_r3_mu010,R3,split_high_low,64,65,eval_mean_mean_reserve_welfare,0.7533069888928495
ecology_perception_parallel_v1_r3_mu010,R3,split_high_low,64,65,final_wealth_gini,0.5713082279091821
ecology_perception_parallel_v1_r3_mu010,R3,uniform_high,64,66,eval_mean_mean_resource_fraction,0.12821382882207333
ecology_perception_parallel_v1_r3_mu010,R3,uniform_high,64,66,eval_mean_mean_reserve_welfare,0.748068089477189
ecology_perception_parallel_v1_r3_mu010,R3,uniform_high,64,66,final_wealth_gini,0.46826597420137284
ecology_perception_parallel_v1_r3_mu010,R3,patchy_high,64,66,eval_mean_mean_resource_fraction,0.11982914200658332
ecology_perception_parallel_v1_r3_mu010,R3,patchy_high,64,66,eval_mean_mean_reserve_welfare,0.7261703387332322
ecology_perception_parallel_v1_r3_mu010,R3,patchy_high,64,66,final_wealth_gini,0.4581787214006223
ecology_perception_parallel_v1_r3_mu010,R3,split_high_low,64,66,eval_mean_mean_resource_fraction,0.1335302539489332
ecology_perception_parallel_v1_r3_mu010,R3,split_high_low,64,66,eval_mean_mean_reserve_welfare,0.6045610327385886
ecology_perception_parallel_v1_r3_mu010,R3,split_high_low,64,66,final_wealth_gini,0.6606698364663377
ecology_perception_parallel_v1_r3_mu010,R3,uniform_high,64,67,eval_mean_mean_resource_fraction,0.11655771692227763
ecology_perception_parallel_v1_r3_mu010,R3,uniform_high,64,67,eval_mean_mean_reserve_welfare,0.7790449507574235
ecology_perception_parallel_v1_r3_mu010,R3,uniform_high,64,67,final_wealth_gini,0.43445904108153655
ecology_perception_parallel_v1_r3_mu010,R3,patchy_high,64,67,eval_mean_mean_resource_fraction,0.11762585847105735
ecology_perception_parallel_v1_r3_mu010,R3,patchy_high,64,67,eval_mean_mean_reserve_welfare,0.7849891762940941
ecology_perception_parallel_v1_r3_mu010,R3,patchy_high,64,67,final_wealth_gini,0.4302923274708528
ecology_perception_parallel_v1_r3_mu010,R3,split_high_low,64,67,eval_mean_mean_resource_fraction,0.15707393976116688
ecology_perception_parallel_v1_r3_mu010,R3,split_high_low,64,67,eval_mean_mean_reserve_welfare,0.5900193872625898
ecology_perception_parallel_v1_r3_mu010,R3,split_high_low,64,67,final_wealth_gini,0.6699591777983076
ecology_perception_parallel_v1_r3_mu010,R3,uniform_high,64,68,eval_mean_mean_resource_fraction,0.10938139123424244
ecology_perception_parallel_v1_r3_mu010,R3,uniform_high,64,68,eval_mean_mean_reserve_welfare,0.7564666121749812
ecology_perception_parallel_v1_r3_mu010,R3,uniform_high,64,68,final_wealth_gini,0.45998435759599454
ecology_perception_parallel_v1_r3_mu010,R3,patchy_high,64,68,eval_mean_mean_resource_fraction,0.152990418423232
ecology_perception_parallel_v1_r3_mu010,R3,patchy_high,64,68,eval_mean_mean_reserve_welfare,0.8335501339087955
ecology_perception_parallel_v1_r3_mu010,R3,patchy_high,64,68,final_wealth_gini,0.4264779675274446
ecology_perception_parallel_v1_r3_mu010,R3,split_high_low,64,68,eval_mean_mean_resource_fraction,0.08498653732418442
ecology_perception_parallel_v1_r3_mu010,R3,split_high_low,64,68,eval_mean_mean_reserve_welfare,0.6962757039959567
ecology_perception_parallel_v1_r3_mu010,R3,split_high_low,64,68,final_wealth_gini,0.54492148824503
ecology_perception_parallel_v1_r3_mu010,R3,uniform_high,64,69,eval_mean_mean_resource_fraction,0.11681900423203212
ecology_perception_parallel_v1_r3_mu010,R3,uniform_high,64,69,eval_mean_mean_reserve_welfare,0.6543567320258439
ecology_perception_parallel_v1_r3_mu010,R3,uniform_high,64,69,final_wealth_gini,0.5272443997502585
ecology_perception_parallel_v1_r3_mu010,R3,patchy_high,64,69,eval_mean_mean_resource_fraction,0.16108958517914349
ecology_perception_parallel_v1_r3_mu010,R3,patchy_high,64,69,eval_mean_mean_reserve_welfare,0.7277710805755757
ecology_perception_parallel_v1_r3_mu010,R3,patchy_high,64,69,final_wealth_gini,0.5273059091091887
ecology_perception_parallel_v1_r3_mu010,R3,split_high_low,64,69,eval_mean_mean_resource_fraction,0.13070977192317998
ecology_perception_parallel_v1_r3_mu010,R3,split_high_low,64,69,eval_mean_mean_reserve_welfare,0.7129287438063364
ecology_perception_parallel_v1_r3_mu010,R3,split_high_low,64,69,final_wealth_gini,0.5299241577724041
ecology_perception_parallel_v1_r3_mu010,R3,uniform_high,64,70,eval_mean_mean_resource_fraction,0.08254213567228359
ecology_perception_parallel_v1_r3_mu010,R3,uniform_high,64,70,eval_mean_mean_reserve_welfare,0.7932699315527111
ecology_perception_parallel_v1_r3_mu010,R3,uniform_high,64,70,final_wealth_gini,0.35505366828749896
ecology_perception_parallel_v1_r3_mu010,R3,patchy_high,64,70,eval_mean_mean_resource_fraction,0.12926474479516514
ecology_perception_parallel_v1_r3_mu010,R3,patchy_high,64,70,eval_mean_mean_reserve_welfare,0.8764089621267194
ecology_perception_parallel_v1_r3_mu010,R3,patchy_high,64,70,final_wealth_gini,0.36833731056196695
ecology_perception_parallel_v1_r3_mu010,R3,split_high_low,64,70,eval_mean_mean_resource_fraction,0.14563447378680908
ecology_perception_parallel_v1_r3_mu010,R3,split_high_low,64,70,eval_mean_mean_reserve_welfare,0.6400485868933946
ecology_perception_parallel_v1_r3_mu010,R3,split_high_low,64,70,final_wealth_gini,0.6311169825913789
ecology_perception_parallel_v1_r3_mu010,R3,uniform_high,64,71,eval_mean_mean_resource_fraction,0.055288338714709485
ecology_perception_parallel_v1_r3_mu010,R3,uniform_high,64,71,eval_mean_mean_reserve_welfare,0.6045436767704251
ecology_perception_parallel_v1_r3_mu010,R3,uniform_high,64,71,final_wealth_gini,0.3840701080001532
ecology_perception_parallel_v1_r3_mu010,R3,patchy_high,64,71,eval_mean_mean_resource_fraction,0.046620621187677874
ecology_perception_parallel_v1_r3_mu010,R3,patchy_high,64,71,eval_mean_mean_reserve_welfare,0.544286105163125
ecology_perception_parallel_v1_r3_mu010,R3,patchy_high,64,71,final_wealth_gini,0.3898462175720685
ecology_perception_parallel_v1_r3_mu010,R3,split_high_low,64,71,eval_mean_mean_resource_fraction,0.12440512919472584
ecology_perception_parallel_v1_r3_mu010,R3,split_high_low,64,71,eval_mean_mean_reserve_welfare,0.6679707619415326
ecology_perception_parallel_v1_r3_mu010,R3,split_high_low,64,71,final_wealth_gini,0.6288981298250824
ecology_perception_parallel_v1_r3_mu010,R3,uniform_high,64,72,eval_mean_mean_resource_fraction,0.10323413142766122
ecology_perception_parallel_v1_r3_mu010,R3,uniform_high,64,72,eval_mean_mean_reserve_welfare,0.7892080035222677
ecology_perception_parallel_v1_r3_mu010,R3,uniform_high,64,72,final_wealth_gini,0.42131405805205335
ecology_perception_parallel_v1_r3_mu010,R3,patchy_high,64,72,eval_mean_mean_resource_fraction,0.09283533378478018
ecology_perception_parallel_v1_r3_mu010,R3,patchy_high,64,72,eval_mean_mean_reserve_welfare,0.728734158481785
ecology_perception_parallel_v1_r3_mu010,R3,patchy_high,64,72,final_wealth_gini,0.38905507429080055
ecology_perception_parallel_v1_r3_mu010,R3,split_high_low,64,72,eval_mean_mean_resource_fraction,0.14841687896409367
ecology_perception_parallel_v1_r3_mu010,R3,split_high_low,64,72,eval_mean_mean_reserve_welfare,0.6940140707337853
ecology_perception_parallel_v1_r3_mu010,R3,split_high_low,64,72,final_wealth_gini,0.6006970414374853
ecology_perception_parallel_v1_r3_mu010,R3,uniform_high,64,73,eval_mean_mean_resource_fraction,0.11204849011844213
ecology_perception_parallel_v1_r3_mu010,R3,uniform_high,64,73,eval_mean_mean_reserve_welfare,0.7983689064426648
ecology_perception_parallel_v1_r3_mu010,R3,uniform_high,64,73,final_wealth_gini,0.4205983605504606
ecology_perception_parallel_v1_r3_mu010,R3,patchy_high,64,73,eval_mean_mean_resource_fraction,0.13457569034516653
ecology_perception_parallel_v1_r3_mu010,R3,patchy_high,64,73,eval_mean_mean_reserve_welfare,0.8231097385518101
ecology_perception_parallel_v1_r3_mu010,R3,patchy_high,64,73,final_wealth_gini,0.40937683139532455
ecology_perception_parallel_v1_r3_mu010,R3,split_high_low,64,73,eval_mean_mean_resource_fraction,0.1660500668532801
ecology_perception_parallel_v1_r3_mu010,R3,split_high_low,64,73,eval_mean_mean_reserve_welfare,0.6803808387005776
ecology_perception_parallel_v1_r3_mu010,R3,split_high_low,64,73,final_wealth_gini,0.6270063317622436
ecology_perception_parallel_v1_r3_mu010,R3,uniform_high,64,74,eval_mean_mean_resource_fraction,0.19450113775828048
ecology_perception_parallel_v1_r3_mu010,R3,uniform_high,64,74,eval_mean_mean_reserve_welfare,0.8761733615353914
ecology_perception_parallel_v1_r3_mu010,R3,uniform_high,64,74,final_wealth_gini,0.4553703881575102
ecology_perception_parallel_v1_r3_mu010,R3,patchy_high,64,74,eval_mean_mean_resource_fraction,0.2137896699822986
ecology_perception_parallel_v1_r3_mu010,R3,patchy_high,64,74,eval_mean_mean_reserve_welfare,0.8684185267956666
ecology_perception_parallel_v1_r3_mu010,R3,patchy_high,64,74,final_wealth_gini,0.4825947628527181
ecology_perception_parallel_v1_r3_mu010,R3,split_high_low,64,74,eval_mean_mean_resource_fraction,0.205395608494286
ecology_perception_parallel_v1_r3_mu010,R3,split_high_low,64,74,eval_mean_mean_reserve_welfare,0.7172334965837198
ecology_perception_parallel_v1_r3_mu010,R3,split_high_low,64,74,final_wealth_gini,0.6036418405840043
ecology_perception_parallel_v1_r3_mu010,R3,uniform_high,64,75,eval_mean_mean_resource_fraction,0.11419895993773514
ecology_perception_parallel_v1_r3_mu010,R3,uniform_high,64,75,eval_mean_mean_reserve_welfare,0.8252688771562804
ecology_perception_parallel_v1_r3_mu010,R3,uniform_high,64,75,final_wealth_gini,0.38294743418396804
ecology_perception_parallel_v1_r3_mu010,R3,patchy_high,64,75,eval_mean_mean_resource_fraction,0.09536192906586423
ecology_perception_parallel_v1_r3_mu010,R3,patchy_high,64,75,eval_mean_mean_reserve_welfare,0.7684307893068579
ecology_perception_parallel_v1_r3_mu010,R3,patchy_high,64,75,final_wealth_gini,0.4152686463941426
ecology_perception_parallel_v1_r3_mu010,R3,split_high_low,64,75,eval_mean_mean_resource_fraction,0.10076484678847987
ecology_perception_parallel_v1_r3_mu010,R3,split_high_low,64,75,eval_mean_mean_reserve_welfare,0.7141892738209235
ecology_perception_parallel_v1_r3_mu010,R3,split_high_low,64,75,final_wealth_gini,0.5546788360769399
ecology_perception_parallel_v1_r3_mu010,R3,uniform_high,64,76,eval_mean_mean_resource_fraction,0.10632588093334658
ecology_perception_parallel_v1_r3_mu010,R3,uniform_high,64,76,eval_mean_mean_reserve_welfare,0.6751976069402855
ecology_perception_parallel_v1_r3_mu010,R3,uniform_high,64,76,final_wealth_gini,0.5019845328204635
ecology_perception_parallel_v1_r3_mu010,R3,patchy_high,64,76,eval_mean_mean_resource_fraction,0.15983063880248885
ecology_perception_parallel_v1_r3_mu010,R3,patchy_high,64,76,eval_mean_mean_reserve_welfare,0.8561736394072824
ecology_perception_parallel_v1_r3_mu010,R3,patchy_high,64,76,final_wealth_gini,0.4464344868908594
ecology_perception_parallel_v1_r3_mu010,R3,split_high_low,64,76,eval_mean_mean_resource_fraction,0.11085816802726557
ecology_perception_parallel_v1_r3_mu010,R3,split_high_low,64,76,eval_mean_mean_reserve_welfare,0.5626169353890151
ecology_perception_parallel_v1_r3_mu010,R3,split_high_low,64,76,final_wealth_gini,0.7011119995854094
ecology_perception_parallel_v1_r3_mu010,R3,uniform_high,64,77,eval_mean_mean_resource_fraction,0.09295226496836241
ecology_perception_parallel_v1_r3_mu010,R3,uniform_high,64,77,eval_mean_mean_reserve_welfare,0.6995506834125974
ecology_perception_parallel_v1_r3_mu010,R3,uniform_high,64,77,final_wealth_gini,0.45508591298955525
ecology_perception_parallel_v1_r3_mu010,R3,patchy_high,64,77,eval_mean_mean_resource_fraction,0.11190989918961919
ecology_perception_parallel_v1_r3_mu010,R3,patchy_high,64,77,eval_mean_mean_reserve_welfare,0.8464036714241285
ecology_perception_parallel_v1_r3_mu010,R3,patchy_high,64,77,final_wealth_gini,0.37497327730756247
ecology_perception_parallel_v1_r3_mu010,R3,split_high_low,64,77,eval_mean_mean_resource_fraction,0.08257709860793151
ecology_perception_parallel_v1_r3_mu010,R3,split_high_low,64,77,eval_mean_mean_reserve_welfare,0.6503534766478588
ecology_perception_parallel_v1_r3_mu010,R3,split_high_low,64,77,final_wealth_gini,0.5749140927647847
ecology_perception_parallel_v1_r3_mu010,R3,uniform_high,64,78,eval_mean_mean_resource_fraction,0.0896188948594211
ecology_perception_parallel_v1_r3_mu010,R3,uniform_high,64,78,eval_mean_mean_reserve_welfare,0.6859806462299
ecology_perception_parallel_v1_r3_mu010,R3,uniform_high,64,78,final_wealth_gini,0.4299291609132436
ecology_perception_parallel_v1_r3_mu010,R3,patchy_high,64,78,eval_mean_mean_resource_fraction,0.10303647799162827
ecology_perception_parallel_v1_r3_mu010,R3,patchy_high,64,78,eval_mean_mean_reserve_welfare,0.7993126014674522
ecology_perception_parallel_v1_r3_mu010,R3,patchy_high,64,78,final_wealth_gini,0.4006634794205566
ecology_perception_parallel_v1_r3_mu010,R3,split_high_low,64,78,eval_mean_mean_resource_fraction,0.11535632572208294
ecology_perception_parallel_v1_r3_mu010,R3,split_high_low,64,78,eval_mean_mean_reserve_welfare,0.6745508508724748
ecology_perception_parallel_v1_r3_mu010,R3,split_high_low,64,78,final_wealth_gini,0.5885046857327263
ecology_perception_parallel_v1_r3_mu010,R3,uniform_high,64,79,eval_mean_mean_resource_fraction,0.10390825672219958
ecology_perception_parallel_v1_r3_mu010,R3,uniform_high,64,79,eval_mean_mean_reserve_welfare,0.7092403463206389
ecology_perception_parallel_v1_r3_mu010,R3,uniform_high,64,79,final_wealth_gini,0.49526117849163787
ecology_perception_parallel_v1_r3_mu010,R3,patchy_high,64,79,eval_mean_mean_resource_fraction,0.12925369529203673
ecology_perception_parallel_v1_r3_mu010,R3,patchy_high,64,79,eval_mean_mean_reserve_welfare,0.8166580798615983
ecology_perception_parallel_v1_r3_mu010,R3,patchy_high,64,79,final_wealth_gini,0.4226207529037347
ecology_perception_parallel_v1_r3_mu010,R3,split_high_low,64,79,eval_mean_mean_resource_fraction,0.1748094051588578
ecology_perception_parallel_v1_r3_mu010,R3,split_high_low,64,79,eval_mean_mean_reserve_welfare,0.7227590691086266
ecology_perception_parallel_v1_r3_mu010,R3,split_high_low,64,79,final_wealth_gini,0.6111760159103026
ecology_perception_parallel_v1_r3_mu010,R3,uniform_high,64,80,eval_mean_mean_resource_fraction,0.1408477944722193
ecology_perception_parallel_v1_r3_mu010,R3,uniform_high,64,80,eval_mean_mean_reserve_welfare,0.7639214632441814
ecology_perception_parallel_v1_r3_mu010,R3,uniform_high,64,80,final_wealth_gini,0.5171528265134386
ecology_perception_parallel_v1_r3_mu010,R3,patchy_high,64,80,eval_mean_mean_resource_fraction,0.09544763869133076
ecology_perception_parallel_v1_r3_mu010,R3,patchy_high,64,80,eval_mean_mean_reserve_welfare,0.71438242029611
ecology_perception_parallel_v1_r3_mu010,R3,patchy_high,64,80,final_wealth_gini,0.49707308075710044
ecology_perception_parallel_v1_r3_mu010,R3,split_high_low,64,80,eval_mean_mean_resource_fraction,0.15319793438175264
ecology_perception_parallel_v1_r3_mu010,R3,split_high_low,64,80,eval_mean_mean_reserve_welfare,0.5874920212480674
ecology_perception_parallel_v1_r3_mu010,R3,split_high_low,64,80,final_wealth_gini,0.6868075520880736
ecology_perception_parallel_v1_r3_mu010,R3,uniform_high,64,81,eval_mean_mean_resource_fraction,0.08996815071300474
ecology_perception_parallel_v1_r3_mu010,R3,uniform_high,64,81,eval_mean_mean_reserve_welfare,0.7154968809932922
ecology_perception_parallel_v1_r3_mu010,R3,uniform_high,64,81,final_wealth_gini,0.4568276532973128
ecology_perception_parallel_v1_r3_mu010,R3,patchy_high,64,81,eval_mean_mean_resource_fraction,0.12556306999480837
ecology_perception_parallel_v1_r3_mu010,R3,patchy_high,64,81,eval_mean_mean_reserve_welfare,0.8290397461797646
ecology_perception_parallel_v1_r3_mu010,R3,patchy_high,64,81,final_wealth_gini,0.42770841991613073
ecology_perception_parallel_v1_r3_mu010,R3,split_high_low,64,81,eval_mean_mean_resource_fraction,0.1792416425220206
ecology_perception_parallel_v1_r3_mu010,R3,split_high_low,64,81,eval_mean_mean_reserve_welfare,0.6733887484123235
ecology_perception_parallel_v1_r3_mu010,R3,split_high_low,64,81,final_wealth_gini,0.6378497001708037
ecology_perception_parallel_v1_r3_mu010,R3,uniform_high,64,82,eval_mean_mean_resource_fraction,0.1540978586543929
ecology_perception_parallel_v1_r3_mu010,R3,uniform_high,64,82,eval_mean_mean_reserve_welfare,0.7833519571766149
ecology_perception_parallel_v1_r3_mu010,R3,uniform_high,64,82,final_wealth_gini,0.4851446409910527
ecology_perception_parallel_v1_r3_mu010,R3,patchy_high,64,82,eval_mean_mean_resource_fraction,0.09830679804725806
ecology_perception_parallel_v1_r3_mu010,R3,patchy_high,64,82,eval_mean_mean_reserve_welfare,0.7191351747728217
ecology_perception_parallel_v1_r3_mu010,R3,patchy_high,64,82,final_wealth_gini,0.4761159699608668
ecology_perception_parallel_v1_r3_mu010,R3,split_high_low,64,82,eval_mean_mean_resource_fraction,0.10285783860108728
ecology_perception_parallel_v1_r3_mu010,R3,split_high_low,64,82,eval_mean_mean_reserve_welfare,0.6474307818465888
ecology_perception_parallel_v1_r3_mu010,R3,split_high_low,64,82,final_wealth_gini,0.5889488098077686
ecology_perception_parallel_v1_r3_mu010,R3,uniform_high,64,83,eval_mean_mean_resource_fraction,0.08075682979849506
ecology_perception_parallel_v1_r3_mu010,R3,uniform_high,64,83,eval_mean_mean_reserve_welfare,0.723381012438409
ecology_perception_parallel_v1_r3_mu010,R3,uniform_high,64,83,final_wealth_gini,0.4227290416663101
ecology_perception_parallel_v1_r3_mu010,R3,patchy_high,64,83,eval_mean_mean_resource_fraction,0.11884237914932441
ecology_perception_parallel_v1_r3_mu010,R3,patchy_high,64,83,eval_mean_mean_reserve_welfare,0.7628176468070351
ecology_perception_parallel_v1_r3_mu010,R3,patchy_high,64,83,final_wealth_gini,0.473336495222914
ecology_perception_parallel_v1_r3_mu010,R3,split_high_low,64,83,eval_mean_mean_resource_fraction,0.09894245503437397
ecology_perception_parallel_v1_r3_mu010,R3,split_high_low,64,83,eval_mean_mean_reserve_welfare,0.6400798713858401
ecology_perception_parallel_v1_r3_mu010,R3,split_high_low,64,83,final_wealth_gini,0.5782491030242434
ecology_perception_parallel_v1_r3_mu010,R3,uniform_high,64,84,eval_mean_mean_resource_fraction,0.13090197413314184
ecology_perception_parallel_v1_r3_mu010,R3,uniform_high,64,84,eval_mean_mean_reserve_welfare,0.8083471609231258
ecology_perception_parallel_v1_r3_mu010,R3,uniform_high,64,84,final_wealth_gini,0.4204459683013202
ecology_perception_parallel_v1_r3_mu010,R3,patchy_high,64,84,eval_mean_mean_resource_fraction,0.12784559442407442
ecology_perception_parallel_v1_r3_mu010,R3,patchy_high,64,84,eval_mean_mean_reserve_welfare,0.7895904259220947
ecology_perception_parallel_v1_r3_mu010,R3,patchy_high,64,84,final_wealth_gini,0.44354435915891877
ecology_perception_parallel_v1_r3_mu010,R3,split_high_low,64,84,eval_mean_mean_resource_fraction,0.0829651761071322
ecology_perception_parallel_v1_r3_mu010,R3,split_high_low,64,84,eval_mean_mean_reserve_welfare,0.5889943023732833
ecology_perception_parallel_v1_r3_mu010,R3,split_high_low,64,84,final_wealth_gini,0.6276721573657467
ecology_perception_parallel_v1_r3_mu010,R3,uniform_high,64,85,eval_mean_mean_resource_fraction,0.10327741169355073
ecology_perception_parallel_v1_r3_mu010,R3,uniform_high,64,85,eval_mean_mean_reserve_welfare,0.7393835862131896
ecology_perception_parallel_v1_r3_mu010,R3,uniform_high,64,85,final_wealth_gini,0.4755465250824531
ecology_perception_parallel_v1_r3_mu010,R3,patchy_high,64,85,eval_mean_mean_resource_fraction,0.16184054985372281
ecology_perception_parallel_v1_r3_mu010,R3,patchy_high,64,85,eval_mean_mean_reserve_welfare,0.8564167620230431
ecology_perception_parallel_v1_r3_mu010,R3,patchy_high,64,85,final_wealth_gini,0.46119712161684423
ecology_perception_parallel_v1_r3_mu010,R3,split_high_low,64,85,eval_mean_mean_resource_fraction,0.1330572770202776
ecology_perception_parallel_v1_r3_mu010,R3,split_high_low,64,85,eval_mean_mean_reserve_welfare,0.6429933601461962
ecology_perception_parallel_v1_r3_mu010,R3,split_high_low,64,85,final_wealth_gini,0.6318980529267304
ecology_perception_parallel_v1_r3_mu010,R3,uniform_high,64,86,eval_mean_mean_resource_fraction,0.14845958102417595
ecology_perception_parallel_v1_r3_mu010,R3,uniform_high,64,86,eval_mean_mean_reserve_welfare,0.901870635390147
ecology_perception_parallel_v1_r3_mu010,R3,uniform_high,64,86,final_wealth_gini,0.38604117104106406
ecology_perception_parallel_v1_r3_mu010,R3,patchy_high,64,86,eval_mean_mean_resource_fraction,0.11552450858187856
ecology_perception_parallel_v1_r3_mu010,R3,patchy_high,64,86,eval_mean_mean_reserve_welfare,0.7712995974143815
ecology_perception_parallel_v1_r3_mu010,R3,patchy_high,64,86,final_wealth_gini,0.4503016281680088
ecology_perception_parallel_v1_r3_mu010,R3,split_high_low,64,86,eval_mean_mean_resource_fraction,0.12112113421092943
ecology_perception_parallel_v1_r3_mu010,R3,split_high_low,64,86,eval_mean_mean_reserve_welfare,0.7229055005546396
ecology_perception_parallel_v1_r3_mu010,R3,split_high_low,64,86,final_wealth_gini,0.6070484014841642
ecology_perception_parallel_v1_r3_mu010,R3,uniform_high,64,87,eval_mean_mean_resource_fraction,0.08040907478212495
ecology_perception_parallel_v1_r3_mu010,R3,uniform_high,64,87,eval_mean_mean_reserve_welfare,0.7395953806669808
ecology_perception_parallel_v1_r3_mu010,R3,uniform_high,64,87,final_wealth_gini,0.3932676788043179
ecology_perception_parallel_v1_r3_mu010,R3,patchy_high,64,87,eval_mean_mean_resource_fraction,0.09575794180038258
ecology_perception_parallel_v1_r3_mu010,R3,patchy_high,64,87,eval_mean_mean_reserve_welfare,0.7956324143582896
ecology_perception_parallel_v1_r3_mu010,R3,patchy_high,64,87,final_wealth_gini,0.40389428975661446
ecology_perception_parallel_v1_r3_mu010,R3,split_high_low,64,87,eval_mean_mean_resource_fraction,0.12581046937088194
ecology_perception_parallel_v1_r3_mu010,R3,split_high_low,64,87,eval_mean_mean_reserve_welfare,0.7022790720015499
ecology_perception_parallel_v1_r3_mu010,R3,split_high_low,64,87,final_wealth_gini,0.6008924639265665
ecology_perception_parallel_v1_r3_mu010,R3,uniform_high,64,88,eval_mean_mean_resource_fraction,0.16598288902270622
ecology_perception_parallel_v1_r3_mu010,R3,uniform_high,64,88,eval_mean_mean_reserve_welfare,0.822776414009146
ecology_perception_parallel_v1_r3_mu010,R3,uniform_high,64,88,final_wealth_gini,0.4687632296716826
ecology_perception_parallel_v1_r3_mu010,R3,patchy_high,64,88,eval_mean_mean_resource_fraction,0.10875883548115886
ecology_perception_parallel_v1_r3_mu010,R3,patchy_high,64,88,eval_mean_mean_reserve_welfare,0.6996719397786405
ecology_perception_parallel_v1_r3_mu010,R3,patchy_high,64,88,final_wealth_gini,0.5080330930742758
ecology_perception_parallel_v1_r3_mu010,R3,split_high_low,64,88,eval_mean_mean_resource_fraction,0.16415940174809102
ecology_perception_parallel_v1_r3_mu010,R3,split_high_low,64,88,eval_mean_mean_reserve_welfare,0.6805215203976032
ecology_perception_parallel_v1_r3_mu010,R3,split_high_low,64,88,final_wealth_gini,0.6352781985436837
ecology_perception_parallel_v1_r3_mu010,R3,uniform_high,64,89,eval_mean_mean_resource_fraction,0.10518965010717095
ecology_perception_parallel_v1_r3_mu010,R3,uniform_high,64,89,eval_mean_mean_reserve_welfare,0.7615550442657304
ecology_perception_parallel_v1_r3_mu010,R3,uniform_high,64,89,final_wealth_gini,0.42642086137473467
ecology_perception_parallel_v1_r3_mu010,R3,patchy_high,64,89,eval_mean_mean_resource_fraction,0.1519736151411625
ecology_perception_parallel_v1_r3_mu010,R3,patchy_high,64,89,eval_mean_mean_reserve_welfare,0.8783934175120878
ecology_perception_parallel_v1_r3_mu010,R3,patchy_high,64,89,final_wealth_gini,0.4098363335151747
ecology_perception_parallel_v1_r3_mu010,R3,split_high_low,64,89,eval_mean_mean_resource_fraction,0.12687871935566342
ecology_perception_parallel_v1_r3_mu010,R3,split_high_low,64,89,eval_mean_mean_reserve_welfare,0.6567189918166806
ecology_perception_parallel_v1_r3_mu010,R3,split_high_low,64,89,final_wealth_gini,0.6377535473539151
ecology_perception_parallel_v1_r3_mu010,R3,uniform_high,64,90,eval_mean_mean_resource_fraction,0.07240430252159558
ecology_perception_parallel_v1_r3_mu010,R3,uniform_high,64,90,eval_mean_mean_reserve_welfare,0.6722452879933775
ecology_perception_parallel_v1_r3_mu010,R3,uniform_high,64,90,final_wealth_gini,0.4345173353883176
ecology_perception_parallel_v1_r3_mu010,R3,patchy_high,64,90,eval_mean_mean_resource_fraction,0.08940022363315345
ecology_perception_parallel_v1_r3_mu010,R3,patchy_high,64,90,eval_mean_mean_reserve_welfare,0.7108988855584089
ecology_perception_parallel_v1_r3_mu010,R3,patchy_high,64,90,final_wealth_gini,0.4233721388476128
ecology_perception_parallel_v1_r3_mu010,R3,split_high_low,64,90,eval_mean_mean_resource_fraction,0.10653141295133262
ecology_perception_parallel_v1_r3_mu010,R3,split_high_low,64,90,eval_mean_mean_reserve_welfare,0.6620009564939283
ecology_perception_parallel_v1_r3_mu010,R3,split_high_low,64,90,final_wealth_gini,0.595572774571218
ecology_perception_parallel_v1_r3_mu010,R3,uniform_high,64,91,eval_mean_mean_resource_fraction,0.12245213948134538
ecology_perception_parallel_v1_r3_mu010,R3,uniform_high,64,91,eval_mean_mean_reserve_welfare,0.7471930522071252
ecology_perception_parallel_v1_r3_mu010,R3,uniform_high,64,91,final_wealth_gini,0.4811061025133958
ecology_perception_parallel_v1_r3_mu010,R3,patchy_high,64,91,eval_mean_mean_resource_fraction,0.15349243380646105
ecology_perception_parallel_v1_r3_mu010,R3,patchy_high,64,91,eval_mean_mean_reserve_welfare,0.7556494537807081
ecology_perception_parallel_v1_r3_mu010,R3,patchy_high,64,91,final_wealth_gini,0.4964753056492641
ecology_perception_parallel_v1_r3_mu010,R3,split_high_low,64,91,eval_mean_mean_resource_fraction,0.15774543413447684
ecology_perception_parallel_v1_r3_mu010,R3,split_high_low,64,91,eval_mean_mean_reserve_welfare,0.7118779445739511
ecology_perception_parallel_v1_r3_mu010,R3,split_high_low,64,91,final_wealth_gini,0.5842820414825787
ecology_perception_parallel_v1_r3_mu010,R3,uniform_high,64,92,eval_mean_mean_resource_fraction,0.1161969661465682
ecology_perception_parallel_v1_r3_mu010,R3,uniform_high,64,92,eval_mean_mean_reserve_welfare,0.7010584656331915
ecology_perception_parallel_v1_r3_mu010,R3,uniform_high,64,92,final_wealth_gini,0.528273374270247
ecology_perception_parallel_v1_r3_mu010,R3,patchy_high,64,92,eval_mean_mean_resource_fraction,0.11250013838014096
ecology_perception_parallel_v1_r3_mu010,R3,patchy_high,64,92,eval_mean_mean_reserve_welfare,0.6522287124018109
ecology_perception_parallel_v1_r3_mu010,R3,patchy_high,64,92,final_wealth_gini,0.5678106395328144
ecology_perception_parallel_v1_r3_mu010,R3,split_high_low,64,92,eval_mean_mean_resource_fraction,0.10210444816397946
ecology_perception_parallel_v1_r3_mu010,R3,split_high_low,64,92,eval_mean_mean_reserve_welfare,0.6070720138656268
ecology_perception_parallel_v1_r3_mu010,R3,split_high_low,64,92,final_wealth_gini,0.6123148112885186
ecology_perception_parallel_v1_r3_mu010,R3,uniform_high,64,93,eval_mean_mean_resource_fraction,0.08609488187581035
ecology_perception_parallel_v1_r3_mu010,R3,uniform_high,64,93,eval_mean_mean_reserve_welfare,0.7464233268988739
ecology_perception_parallel_v1_r3_mu010,R3,uniform_high,64,93,final_wealth_gini,0.426947625792236
ecology_perception_parallel_v1_r3_mu010,R3,patchy_high,64,93,eval_mean_mean_resource_fraction,0.0717068890855462
ecology_perception_parallel_v1_r3_mu010,R3,patchy_high,64,93,eval_mean_mean_reserve_welfare,0.6838863954838473
ecology_perception_parallel_v1_r3_mu010,R3,patchy_high,64,93,final_wealth_gini,0.4228922535702968
ecology_perception_parallel_v1_r3_mu010,R3,split_high_low,64,93,eval_mean_mean_resource_fraction,0.12662729416344706
ecology_perception_parallel_v1_r3_mu010,R3,split_high_low,64,93,eval_mean_mean_reserve_welfare,0.6376256200380186
ecology_perception_parallel_v1_r3_mu010,R3,split_high_low,64,93,final_wealth_gini,0.6492630204569434
ecology_perception_parallel_v1_r3_mu010,R3,uniform_high,64,94,eval_mean_mean_resource_fraction,0.1244282276877105
ecology_perception_parallel_v1_r3_mu010,R3,uniform_high,64,94,eval_mean_mean_reserve_welfare,0.7803944216798443
ecology_perception_parallel_v1_r3_mu010,R3,uniform_high,64,94,final_wealth_gini,0.46323332543873597
ecology_perception_parallel_v1_r3_mu010,R3,patchy_high,64,94,eval_mean_mean_resource_fraction,0.09810718854846245
ecology_perception_parallel_v1_r3_mu010,R3,patchy_high,64,94,eval_mean_mean_reserve_welfare,0.669015970422415
ecology_perception_parallel_v1_r3_mu010,R3,patchy_high,64,94,final_wealth_gini,0.4904856405284739
ecology_perception_parallel_v1_r3_mu010,R3,split_high_low,64,94,eval_mean_mean_resource_fraction,0.17146074815001994
ecology_perception_parallel_v1_r3_mu010,R3,split_high_low,64,94,eval_mean_mean_reserve_welfare,0.7143212205742343
ecology_perception_parallel_v1_r3_mu010,R3,split_high_low,64,94,final_wealth_gini,0.6047213925863812
ecology_perception_parallel_v1_r3_mu010,R3,uniform_high,64,95,eval_mean_mean_resource_fraction,0.12904852248812224
ecology_perception_parallel_v1_r3_mu010,R3,uniform_high,64,95,eval_mean_mean_reserve_welfare,0.6722169424261667
ecology_perception_parallel_v1_r3_mu010,R3,uniform_high,64,95,final_wealth_gini,0.5354821110594952
ecology_perception_parallel_v1_r3_mu010,R3,patchy_high,64,95,eval_mean_mean_resource_fraction,0.11689922784864318
ecology_perception_parallel_v1_r3_mu010,R3,patchy_high,64,95,eval_mean_mean_reserve_welfare,0.6477667087084217
ecology_perception_parallel_v1_r3_mu010,R3,patchy_high,64,95,final_wealth_gini,0.5190937858988756
ecology_perception_parallel_v1_r3_mu010,R3,split_high_low,64,95,eval_mean_mean_resource_fraction,0.11171777279188294
ecology_perception_parallel_v1_r3_mu010,R3,split_high_low,64,95,eval_mean_mean_reserve_welfare,0.7274957646306945
ecology_perception_parallel_v1_r3_mu010,R3,split_high_low,64,95,final_wealth_gini,0.544123756427799
ecology_perception_parallel_v1_r3_mu010,R3,uniform_high,64,96,eval_mean_mean_resource_fraction,0.1329401405007842
ecology_perception_parallel_v1_r3_mu010,R3,uniform_high,64,96,eval_mean_mean_reserve_welfare,0.7610250935548379
ecology_perception_parallel_v1_r3_mu010,R3,uniform_high,64,96,final_wealth_gini,0.4323818937746515
ecology_perception_parallel_v1_r3_mu010,R3,patchy_high,64,96,eval_mean_mean_resource_fraction,0.12457516088368044
ecology_perception_parallel_v1_r3_mu010,R3,patchy_high,64,96,eval_mean_mean_reserve_welfare,0.7875388584785082
ecology_perception_parallel_v1_r3_mu010,R3,patchy_high,64,96,final_wealth_gini,0.43107272076262837
ecology_perception_parallel_v1_r3_mu010,R3,split_high_low,64,96,eval_mean_mean_resource_fraction,0.15821753991172993
ecology_perception_parallel_v1_r3_mu010,R3,split_high_low,64,96,eval_mean_mean_reserve_welfare,0.7082837605246255
ecology_perception_parallel_v1_r3_mu010,R3,split_high_low,64,96,final_wealth_gini,0.5691383411038318
ecology_perception_parallel_v1_r3_mu010,R3,uniform_high,64,97,eval_mean_mean_resource_fraction,0.10855969401676821
ecology_perception_parallel_v1_r3_mu010,R3,uniform_high,64,97,eval_mean_mean_reserve_welfare,0.6777946159982444
ecology_perception_parallel_v1_r3_mu010,R3,uniform_high,64,97,final_wealth_gini,0.5020058156742455
ecology_perception_parallel_v1_r3_mu010,R3,patchy_high,64,97,eval_mean_mean_resource_fraction,0.08488187130800103
ecology_perception_parallel_v1_r3_mu010,R3,patchy_high,64,97,eval_mean_mean_reserve_welfare,0.6927101737018384
ecology_perception_parallel_v1_r3_mu010,R3,patchy_high,64,97,final_wealth_gini,0.44711670194970976
ecology_perception_parallel_v1_r3_mu010,R3,split_high_low,64,97,eval_mean_mean_resource_fraction,0.08115264413093903
ecology_perception_parallel_v1_r3_mu010,R3,split_high_low,64,97,eval_mean_mean_reserve_welfare,0.5926163204792142
ecology_perception_parallel_v1_r3_mu010,R3,split_high_low,64,97,final_wealth_gini,0.6340154564401332
ecology_perception_parallel_v1_r3_mu010,R3,uniform_high,64,98,eval_mean_mean_resource_fraction,0.07227371141261253
ecology_perception_parallel_v1_r3_mu010,R3,uniform_high,64,98,eval_mean_mean_reserve_welfare,0.6634686847689145
ecology_perception_parallel_v1_r3_mu010,R3,uniform_high,64,98,final_wealth_gini,0.46795584588710915
ecology_perception_parallel_v1_r3_mu010,R3,patchy_high,64,98,eval_mean_mean_resource_fraction,0.09237925308830651
ecology_perception_parallel_v1_r3_mu010,R3,patchy_high,64,98,eval_mean_mean_reserve_welfare,0.667185068567676
ecology_perception_parallel_v1_r3_mu010,R3,patchy_high,64,98,final_wealth_gini,0.5346456217457589
ecology_perception_parallel_v1_r3_mu010,R3,split_high_low,64,98,eval_mean_mean_resource_fraction,0.08544958874751306
ecology_perception_parallel_v1_r3_mu010,R3,split_high_low,64,98,eval_mean_mean_reserve_welfare,0.5853047457530374
ecology_perception_parallel_v1_r3_mu010,R3,split_high_low,64,98,final_wealth_gini,0.6598692904104695
ecology_perception_parallel_v1_r3_mu010,R3,uniform_high,64,99,eval_mean_mean_resource_fraction,0.1324706183746364
ecology_perception_parallel_v1_r3_mu010,R3,uniform_high,64,99,eval_mean_mean_reserve_welfare,0.8247234508663521
ecology_perception_parallel_v1_r3_mu010,R3,uniform_high,64,99,final_wealth_gini,0.43092251660173164
ecology_perception_parallel_v1_r3_mu010,R3,patchy_high,64,99,eval_mean_mean_resource_fraction,0.10004147679850497
ecology_perception_parallel_v1_r3_mu010,R3,patchy_high,64,99,eval_mean_mean_reserve_welfare,0.7597157444216437
ecology_perception_parallel_v1_r3_mu010,R3,patchy_high,64,99,final_wealth_gini,0.4563784703118243
ecology_perception_parallel_v1_r3_mu010,R3,split_high_low,64,99,eval_mean_mean_resource_fraction,0.16076037350349207
ecology_perception_parallel_v1_r3_mu010,R3,split_high_low,64,99,eval_mean_mean_reserve_welfare,0.6663400065874125
ecology_perception_parallel_v1_r3_mu010,R3,split_high_low,64,99,final_wealth_gini,0.6458015519660159
ecology_perception_parallel_v1_r0_r3_mu010,"R0 (theta=1, matched mu=0.1)",uniform_high,64,0,eval_mean_mean_resource_fraction,0.15061398572089796
ecology_perception_parallel_v1_r0_r3_mu010,"R0 (theta=1, matched mu=0.1)",uniform_high,64,0,eval_mean_mean_reserve_welfare,0.8970597054210898
ecology_perception_parallel_v1_r0_r3_mu010,"R0 (theta=1, matched mu=0.1)",uniform_high,64,0,final_wealth_gini,0.3904448863940053
ecology_perception_parallel_v1_r0_r3_mu010,"R0 (theta=1, matched mu=0.1)",patchy_high,64,0,eval_mean_mean_resource_fraction,0.07047378699812176
ecology_perception_parallel_v1_r0_r3_mu010,"R0 (theta=1, matched mu=0.1)",patchy_high,64,0,eval_mean_mean_reserve_welfare,0.7002393110484432
ecology_perception_parallel_v1_r0_r3_mu010,"R0 (theta=1, matched mu=0.1)",patchy_high,64,0,final_wealth_gini,0.34966162578302984
ecology_perception_parallel_v1_r0_r3_mu010,"R0 (theta=1, matched mu=0.1)",split_high_low,64,0,eval_mean_mean_resource_fraction,0.1043494345902548
ecology_perception_parallel_v1_r0_r3_mu010,"R0 (theta=1, matched mu=0.1)",split_high_low,64,0,eval_mean_mean_reserve_welfare,0.6829650823382373
ecology_perception_parallel_v1_r0_r3_mu010,"R0 (theta=1, matched mu=0.1)",split_high_low,64,0,final_wealth_gini,0.6105872474825098
ecology_perception_parallel_v1_r0_r3_mu010,"R0 (theta=1, matched mu=0.1)",uniform_high,64,1,eval_mean_mean_resource_fraction,0.1319010198596085
ecology_perception_parallel_v1_r0_r3_mu010,"R0 (theta=1, matched mu=0.1)",uniform_high,64,1,eval_mean_mean_reserve_welfare,0.7499400776297758
ecology_perception_parallel_v1_r0_r3_mu010,"R0 (theta=1, matched mu=0.1)",uniform_high,64,1,final_wealth_gini,0.46808630711193966
ecology_perception_parallel_v1_r0_r3_mu010,"R0 (theta=1, matched mu=0.1)",patchy_high,64,1,eval_mean_mean_resource_fraction,0.0964454552234173
ecology_perception_parallel_v1_r0_r3_mu010,"R0 (theta=1, matched mu=0.1)",patchy_high,64,1,eval_mean_mean_reserve_welfare,0.7422541601072667
ecology_perception_parallel_v1_r0_r3_mu010,"R0 (theta=1, matched mu=0.1)",patchy_high,64,1,final_wealth_gini,0.44775210043197666
ecology_perception_parallel_v1_r0_r3_mu010,"R0 (theta=1, matched mu=0.1)",split_high_low,64,1,eval_mean_mean_resource_fraction,0.09341857791853618
ecology_perception_parallel_v1_r0_r3_mu010,"R0 (theta=1, matched mu=0.1)",split_high_low,64,1,eval_mean_mean_reserve_welfare,0.7203367491341154
ecology_perception_parallel_v1_r0_r3_mu010,"R0 (theta=1, matched mu=0.1)",split_high_low,64,1,final_wealth_gini,0.5368961313964657
ecology_perception_parallel_v1_r0_r3_mu010,"R0 (theta=1, matched mu=0.1)",uniform_high,64,2,eval_mean_mean_resource_fraction,0.076075512764781
ecology_perception_parallel_v1_r0_r3_mu010,"R0 (theta=1, matched mu=0.1)",uniform_high,64,2,eval_mean_mean_reserve_welfare,0.6997692158155324
ecology_perception_parallel_v1_r0_r3_mu010,"R0 (theta=1, matched mu=0.1)",uniform_high,64,2,final_wealth_gini,0.398474162538923
ecology_perception_parallel_v1_r0_r3_mu010,"R0 (theta=1, matched mu=0.1)",patchy_high,64,2,eval_mean_mean_resource_fraction,0.0929151713291865
ecology_perception_parallel_v1_r0_r3_mu010,"R0 (theta=1, matched mu=0.1)",patchy_high,64,2,eval_mean_mean_reserve_welfare,0.71233990451095
ecology_perception_parallel_v1_r0_r3_mu010,"R0 (theta=1, matched mu=0.1)",patchy_high,64,2,final_wealth_gini,0.41703252233583776
ecology_perception_parallel_v1_r0_r3_mu010,"R0 (theta=1, matched mu=0.1)",split_high_low,64,2,eval_mean_mean_resource_fraction,0.06904776014110875
ecology_perception_parallel_v1_r0_r3_mu010,"R0 (theta=1, matched mu=0.1)",split_high_low,64,2,eval_mean_mean_reserve_welfare,0.6281385343879036
ecology_perception_parallel_v1_r0_r3_mu010,"R0 (theta=1, matched mu=0.1)",split_high_low,64,2,final_wealth_gini,0.5600620537186063
ecology_perception_parallel_v1_r0_r3_mu010,"R0 (theta=1, matched mu=0.1)",uniform_high,64,3,eval_mean_mean_resource_fraction,0.08626705795353873
ecology_perception_parallel_v1_r0_r3_mu010,"R0 (theta=1, matched mu=0.1)",uniform_high,64,3,eval_mean_mean_reserve_welfare,0.6904790204420299
ecology_perception_parallel_v1_r0_r3_mu010,"R0 (theta=1, matched mu=0.1)",uniform_high,64,3,final_wealth_gini,0.4812474682589487
ecology_perception_parallel_v1_r0_r3_mu010,"R0 (theta=1, matched mu=0.1)",patchy_high,64,3,eval_mean_mean_resource_fraction,0.08393192435798791
ecology_perception_parallel_v1_r0_r3_mu010,"R0 (theta=1, matched mu=0.1)",patchy_high,64,3,eval_mean_mean_reserve_welfare,0.6715295723228242
ecology_perception_parallel_v1_r0_r3_mu010,"R0 (theta=1, matched mu=0.1)",patchy_high,64,3,final_wealth_gini,0.49096354274684395
ecology_perception_parallel_v1_r0_r3_mu010,"R0 (theta=1, matched mu=0.1)",split_high_low,64,3,eval_mean_mean_resource_fraction,0.14942473346750748
ecology_perception_parallel_v1_r0_r3_mu010,"R0 (theta=1, matched mu=0.1)",split_high_low,64,3,eval_mean_mean_reserve_welfare,0.6030379996029045
ecology_perception_parallel_v1_r0_r3_mu010,"R0 (theta=1, matched mu=0.1)",split_high_low,64,3,final_wealth_gini,0.6896491355738028
ecology_perception_parallel_v1_r0_r3_mu010,"R0 (theta=1, matched mu=0.1)",uniform_high,64,4,eval_mean_mean_resource_fraction,0.13681060274669427
ecology_perception_parallel_v1_r0_r3_mu010,"R0 (theta=1, matched mu=0.1)",uniform_high,64,4,eval_mean_mean_reserve_welfare,0.8073320801703998
ecology_perception_parallel_v1_r0_r3_mu010,"R0 (theta=1, matched mu=0.1)",uniform_high,64,4,final_wealth_gini,0.45773143374705505
ecology_perception_parallel_v1_r0_r3_mu010,"R0 (theta=1, matched mu=0.1)",patchy_high,64,4,eval_mean_mean_resource_fraction,0.1293327050157435
ecology_perception_parallel_v1_r0_r3_mu010,"R0 (theta=1, matched mu=0.1)",patchy_high,64,4,eval_mean_mean_reserve_welfare,0.8124412568670136
ecology_perception_parallel_v1_r0_r3_mu010,"R0 (theta=1, matched mu=0.1)",patchy_high,64,4,final_wealth_gini,0.4289959676130706
ecology_perception_parallel_v1_r0_r3_mu010,"R0 (theta=1, matched mu=0.1)",split_high_low,64,4,eval_mean_mean_resource_fraction,0.10360274829954544
ecology_perception_parallel_v1_r0_r3_mu010,"R0 (theta=1, matched mu=0.1)",split_high_low,64,4,eval_mean_mean_reserve_welfare,0.6569573555253717
ecology_perception_parallel_v1_r0_r3_mu010,"R0 (theta=1, matched mu=0.1)",split_high_low,64,4,final_wealth_gini,0.6070905445946924
ecology_perception_parallel_v1_r0_r3_mu010,"R0 (theta=1, matched mu=0.1)",uniform_high,64,5,eval_mean_mean_resource_fraction,0.09989145257810433
ecology_perception_parallel_v1_r0_r3_mu010,"R0 (theta=1, matched mu=0.1)",uniform_high,64,5,eval_mean_mean_reserve_welfare,0.7053315958803464
ecology_perception_parallel_v1_r0_r3_mu010,"R0 (theta=1, matched mu=0.1)",uniform_high,64,5,final_wealth_gini,0.4678947134476066
ecology_perception_parallel_v1_r0_r3_mu010,"R0 (theta=1, matched mu=0.1)",patchy_high,64,5,eval_mean_mean_resource_fraction,0.11516389137231255
ecology_perception_parallel_v1_r0_r3_mu010,"R0 (theta=1, matched mu=0.1)",patchy_high,64,5,eval_mean_mean_reserve_welfare,0.7507902100576429
ecology_perception_parallel_v1_r0_r3_mu010,"R0 (theta=1, matched mu=0.1)",patchy_high,64,5,final_wealth_gini,0.4507728269493694
ecology_perception_parallel_v1_r0_r3_mu010,"R0 (theta=1, matched mu=0.1)",split_high_low,64,5,eval_mean_mean_resource_fraction,0.0898656631510373
ecology_perception_parallel_v1_r0_r3_mu010,"R0 (theta=1, matched mu=0.1)",split_high_low,64,5,eval_mean_mean_reserve_welfare,0.6158468621434895
ecology_perception_parallel_v1_r0_r3_mu010,"R0 (theta=1, matched mu=0.1)",split_high_low,64,5,final_wealth_gini,0.6123058364834744
ecology_perception_parallel_v1_r0_r3_mu010,"R0 (theta=1, matched mu=0.1)",uniform_high,64,6,eval_mean_mean_resource_fraction,0.10792374372145466
ecology_perception_parallel_v1_r0_r3_mu010,"R0 (theta=1, matched mu=0.1)",uniform_high,64,6,eval_mean_mean_reserve_welfare,0.6947724697045833
ecology_perception_parallel_v1_r0_r3_mu010,"R0 (theta=1, matched mu=0.1)",uniform_high,64,6,final_wealth_gini,0.4961963552217581
ecology_perception_parallel_v1_r0_r3_mu010,"R0 (theta=1, matched mu=0.1)",patchy_high,64,6,eval_mean_mean_resource_fraction,0.11988836265724478
ecology_perception_parallel_v1_r0_r3_mu010,"R0 (theta=1, matched mu=0.1)",patchy_high,64,6,eval_mean_mean_reserve_welfare,0.7503482997477392
ecology_perception_parallel_v1_r0_r3_mu010,"R0 (theta=1, matched mu=0.1)",patchy_high,64,6,final_wealth_gini,0.4676469244964343
ecology_perception_parallel_v1_r0_r3_mu010,"R0 (theta=1, matched mu=0.1)",split_high_low,64,6,eval_mean_mean_resource_fraction,0.17703730132220488
ecology_perception_parallel_v1_r0_r3_mu010,"R0 (theta=1, matched mu=0.1)",split_high_low,64,6,eval_mean_mean_reserve_welfare,0.6963850527643128
ecology_perception_parallel_v1_r0_r3_mu010,"R0 (theta=1, matched mu=0.1)",split_high_low,64,6,final_wealth_gini,0.5932164009128704
ecology_perception_parallel_v1_r0_r3_mu010,"R0 (theta=1, matched mu=0.1)",uniform_high,64,7,eval_mean_mean_resource_fraction,0.0874704931413591
ecology_perception_parallel_v1_r0_r3_mu010,"R0 (theta=1, matched mu=0.1)",uniform_high,64,7,eval_mean_mean_reserve_welfare,0.7087076018270902
ecology_perception_parallel_v1_r0_r3_mu010,"R0 (theta=1, matched mu=0.1)",uniform_high,64,7,final_wealth_gini,0.4810123400636295
ecology_perception_parallel_v1_r0_r3_mu010,"R0 (theta=1, matched mu=0.1)",patchy_high,64,7,eval_mean_mean_resource_fraction,0.08042549810063088
ecology_perception_parallel_v1_r0_r3_mu010,"R0 (theta=1, matched mu=0.1)",patchy_high,64,7,eval_mean_mean_reserve_welfare,0.7506023788828716
ecology_perception_parallel_v1_r0_r3_mu010,"R0 (theta=1, matched mu=0.1)",patchy_high,64,7,final_wealth_gini,0.41692387137542575
ecology_perception_parallel_v1_r0_r3_mu010,"R0 (theta=1, matched mu=0.1)",split_high_low,64,7,eval_mean_mean_resource_fraction,0.1539969763961962
ecology_perception_parallel_v1_r0_r3_mu010,"R0 (theta=1, matched mu=0.1)",split_high_low,64,7,eval_mean_mean_reserve_welfare,0.6448311448910468
ecology_perception_parallel_v1_r0_r3_mu010,"R0 (theta=1, matched mu=0.1)",split_high_low,64,7,final_wealth_gini,0.6301573862987111
ecology_perception_parallel_v1_r0_r3_mu010,"R0 (theta=1, matched mu=0.1)",uniform_high,64,8,eval_mean_mean_resource_fraction,0.15424033035240087
ecology_perception_parallel_v1_r0_r3_mu010,"R0 (theta=1, matched mu=0.1)",uniform_high,64,8,eval_mean_mean_reserve_welfare,0.6763338033604652
ecology_perception_parallel_v1_r0_r3_mu010,"R0 (theta=1, matched mu=0.1)",uniform_high,64,8,final_wealth_gini,0.5855058813909635
ecology_perception_parallel_v1_r0_r3_mu010,"R0 (theta=1, matched mu=0.1)",patchy_high,64,8,eval_mean_mean_resource_fraction,0.15799573069766898
ecology_perception_parallel_v1_r0_r3_mu010,"R0 (theta=1, matched mu=0.1)",patchy_high,64,8,eval_mean_mean_reserve_welfare,0.6740888278873747
ecology_perception_parallel_v1_r0_r3_mu010,"R0 (theta=1, matched mu=0.1)",patchy_high,64,8,final_wealth_gini,0.5756203368479849
ecology_perception_parallel_v1_r0_r3_mu010,"R0 (theta=1, matched mu=0.1)",split_high_low,64,8,eval_mean_mean_resource_fraction,0.13056330368564795
ecology_perception_parallel_v1_r0_r3_mu010,"R0 (theta=1, matched mu=0.1)",split_high_low,64,8,eval_mean_mean_reserve_welfare,0.703213704508213
ecology_perception_parallel_v1_r0_r3_mu010,"R0 (theta=1, matched mu=0.1)",split_high_low,64,8,final_wealth_gini,0.5719540302939652
ecology_perception_parallel_v1_r0_r3_mu010,"R0 (theta=1, matched mu=0.1)",uniform_high,64,9,eval_mean_mean_resource_fraction,0.12161197547139027
ecology_perception_parallel_v1_r0_r3_mu010,"R0 (theta=1, matched mu=0.1)",uniform_high,64,9,eval_mean_mean_reserve_welfare,0.7017587296389044
ecology_perception_parallel_v1_r0_r3_mu010,"R0 (theta=1, matched mu=0.1)",uniform_high,64,9,final_wealth_gini,0.5026424302667403
ecology_perception_parallel_v1_r0_r3_mu010,"R0 (theta=1, matched mu=0.1)",patchy_high,64,9,eval_mean_mean_resource_fraction,0.1406000573559759
ecology_perception_parallel_v1_r0_r3_mu010,"R0 (theta=1, matched mu=0.1)",patchy_high,64,9,eval_mean_mean_reserve_welfare,0.7909205465199347
ecology_perception_parallel_v1_r0_r3_mu010,"R0 (theta=1, matched mu=0.1)",patchy_high,64,9,final_wealth_gini,0.4463888485763785
ecology_perception_parallel_v1_r0_r3_mu010,"R0 (theta=1, matched mu=0.1)",split_high_low,64,9,eval_mean_mean_resource_fraction,0.14619927882887873
ecology_perception_parallel_v1_r0_r3_mu010,"R0 (theta=1, matched mu=0.1)",split_high_low,64,9,eval_mean_mean_reserve_welfare,0.613383258576722
ecology_perception_parallel_v1_r0_r3_mu010,"R0 (theta=1, matched mu=0.1)",split_high_low,64,9,final_wealth_gini,0.6601100613628776
ecology_perception_parallel_v1_r0_r3_mu010,"R0 (theta=1, matched mu=0.1)",uniform_high,64,10,eval_mean_mean_resource_fraction,0.09254814544651602
ecology_perception_parallel_v1_r0_r3_mu010,"R0 (theta=1, matched mu=0.1)",uniform_high,64,10,eval_mean_mean_reserve_welfare,0.7600893059217018
ecology_perception_parallel_v1_r0_r3_mu010,"R0 (theta=1, matched mu=0.1)",uniform_high,64,10,final_wealth_gini,0.4242008545605376
ecology_perception_parallel_v1_r0_r3_mu010,"R0 (theta=1, matched mu=0.1)",patchy_high,64,10,eval_mean_mean_resource_fraction,0.1303851973691852
ecology_perception_parallel_v1_r0_r3_mu010,"R0 (theta=1, matched mu=0.1)",patchy_high,64,10,eval_mean_mean_reserve_welfare,0.8112245336175475
ecology_perception_parallel_v1_r0_r3_mu010,"R0 (theta=1, matched mu=0.1)",patchy_high,64,10,final_wealth_gini,0.435564703342465
ecology_perception_parallel_v1_r0_r3_mu010,"R0 (theta=1, matched mu=0.1)",split_high_low,64,10,eval_mean_mean_resource_fraction,0.12842084041146354
ecology_perception_parallel_v1_r0_r3_mu010,"R0 (theta=1, matched mu=0.1)",split_high_low,64,10,eval_mean_mean_reserve_welfare,0.6493975588313464
ecology_perception_parallel_v1_r0_r3_mu010,"R0 (theta=1, matched mu=0.1)",split_high_low,64,10,final_wealth_gini,0.5880695022203095
ecology_perception_parallel_v1_r0_r3_mu010,"R0 (theta=1, matched mu=0.1)",uniform_high,64,11,eval_mean_mean_resource_fraction,0.08492221296621841
ecology_perception_parallel_v1_r0_r3_mu010,"R0 (theta=1, matched mu=0.1)",uniform_high,64,11,eval_mean_mean_reserve_welfare,0.6304034707268019
ecology_perception_parallel_v1_r0_r3_mu010,"R0 (theta=1, matched mu=0.1)",uniform_high,64,11,final_wealth_gini,0.5116846003919131
ecology_perception_parallel_v1_r0_r3_mu010,"R0 (theta=1, matched mu=0.1)",patchy_high,64,11,eval_mean_mean_resource_fraction,0.13269847011826016
ecology_perception_parallel_v1_r0_r3_mu010,"R0 (theta=1, matched mu=0.1)",patchy_high,64,11,eval_mean_mean_reserve_welfare,0.6535543035867197
ecology_perception_parallel_v1_r0_r3_mu010,"R0 (theta=1, matched mu=0.1)",patchy_high,64,11,final_wealth_gini,0.5439524183767712
ecology_perception_parallel_v1_r0_r3_mu010,"R0 (theta=1, matched mu=0.1)",split_high_low,64,11,eval_mean_mean_resource_fraction,0.09212133701255039
ecology_perception_parallel_v1_r0_r3_mu010,"R0 (theta=1, matched mu=0.1)",split_high_low,64,11,eval_mean_mean_reserve_welfare,0.614077360435818
ecology_perception_parallel_v1_r0_r3_mu010,"R0 (theta=1, matched mu=0.1)",split_high_low,64,11,final_wealth_gini,0.6013073160531379
ecology_perception_parallel_v1_r0_r3_mu010,"R0 (theta=1, matched mu=0.1)",uniform_high,64,12,eval_mean_mean_resource_fraction,0.09242279344033227
ecology_perception_parallel_v1_r0_r3_mu010,"R0 (theta=1, matched mu=0.1)",uniform_high,64,12,eval_mean_mean_reserve_welfare,0.7098828762291441
ecology_perception_parallel_v1_r0_r3_mu010,"R0 (theta=1, matched mu=0.1)",uniform_high,64,12,final_wealth_gini,0.47610902076456085
ecology_perception_parallel_v1_r0_r3_mu010,"R0 (theta=1, matched mu=0.1)",patchy_high,64,12,eval_mean_mean_resource_fraction,0.10381500123451494
ecology_perception_parallel_v1_r0_r3_mu010,"R0 (theta=1, matched mu=0.1)",patchy_high,64,12,eval_mean_mean_reserve_welfare,0.7780822202575132
ecology_perception_parallel_v1_r0_r3_mu010,"R0 (theta=1, matched mu=0.1)",patchy_high,64,12,final_wealth_gini,0.4430577734069969
ecology_perception_parallel_v1_r0_r3_mu010,"R0 (theta=1, matched mu=0.1)",split_high_low,64,12,eval_mean_mean_resource_fraction,0.1765117303160287
ecology_perception_parallel_v1_r0_r3_mu010,"R0 (theta=1, matched mu=0.1)",split_high_low,64,12,eval_mean_mean_reserve_welfare,0.5943654607401121
ecology_perception_parallel_v1_r0_r3_mu010,"R0 (theta=1, matched mu=0.1)",split_high_low,64,12,final_wealth_gini,0.6991561766019785
ecology_perception_parallel_v1_r0_r3_mu010,"R0 (theta=1, matched mu=0.1)",uniform_high,64,13,eval_mean_mean_resource_fraction,0.09901709150995862
ecology_perception_parallel_v1_r0_r3_mu010,"R0 (theta=1, matched mu=0.1)",uniform_high,64,13,eval_mean_mean_reserve_welfare,0.6201051420891459
ecology_perception_parallel_v1_r0_r3_mu010,"R0 (theta=1, matched mu=0.1)",uniform_high,64,13,final_wealth_gini,0.5388599075813876
ecology_perception_parallel_v1_r0_r3_mu010,"R0 (theta=1, matched mu=0.1)",patchy_high,64,13,eval_mean_mean_resource_fraction,0.10478592135120543
ecology_perception_parallel_v1_r0_r3_mu010,"R0 (theta=1, matched mu=0.1)",patchy_high,64,13,eval_mean_mean_reserve_welfare,0.6925684658727804
ecology_perception_parallel_v1_r0_r3_mu010,"R0 (theta=1, matched mu=0.1)",patchy_high,64,13,final_wealth_gini,0.49378322634054483
ecology_perception_parallel_v1_r0_r3_mu010,"R0 (theta=1, matched mu=0.1)",split_high_low,64,13,eval_mean_mean_resource_fraction,0.13134544900751804
ecology_perception_parallel_v1_r0_r3_mu010,"R0 (theta=1, matched mu=0.1)",split_high_low,64,13,eval_mean_mean_reserve_welfare,0.5967066006950457
ecology_perception_parallel_v1_r0_r3_mu010,"R0 (theta=1, matched mu=0.1)",split_high_low,64,13,final_wealth_gini,0.6879238448963139
ecology_perception_parallel_v1_r0_r3_mu010,"R0 (theta=1, matched mu=0.1)",uniform_high,64,14,eval_mean_mean_resource_fraction,0.09722932061406844
ecology_perception_parallel_v1_r0_r3_mu010,"R0 (theta=1, matched mu=0.1)",uniform_high,64,14,eval_mean_mean_reserve_welfare,0.7032157371083203
ecology_perception_parallel_v1_r0_r3_mu010,"R0 (theta=1, matched mu=0.1)",uniform_high,64,14,final_wealth_gini,0.4706823328692007
ecology_perception_parallel_v1_r0_r3_mu010,"R0 (theta=1, matched mu=0.1)",patchy_high,64,14,eval_mean_mean_resource_fraction,0.08743852049616785
ecology_perception_parallel_v1_r0_r3_mu010,"R0 (theta=1, matched mu=0.1)",patchy_high,64,14,eval_mean_mean_reserve_welfare,0.6794477668016274
ecology_perception_parallel_v1_r0_r3_mu010,"R0 (theta=1, matched mu=0.1)",patchy_high,64,14,final_wealth_gini,0.4195022703605762
ecology_perception_parallel_v1_r0_r3_mu010,"R0 (theta=1, matched mu=0.1)",split_high_low,64,14,eval_mean_mean_resource_fraction,0.12921121632999943
ecology_perception_parallel_v1_r0_r3_mu010,"R0 (theta=1, matched mu=0.1)",split_high_low,64,14,eval_mean_mean_reserve_welfare,0.5673032330998976
ecology_perception_parallel_v1_r0_r3_mu010,"R0 (theta=1, matched mu=0.1)",split_high_low,64,14,final_wealth_gini,0.6797570843649956
ecology_perception_parallel_v1_r0_r3_mu010,"R0 (theta=1, matched mu=0.1)",uniform_high,64,15,eval_mean_mean_resource_fraction,0.14061485454454958
ecology_perception_parallel_v1_r0_r3_mu010,"R0 (theta=1, matched mu=0.1)",uniform_high,64,15,eval_mean_mean_reserve_welfare,0.8616614006330672
ecology_perception_parallel_v1_r0_r3_mu010,"R0 (theta=1, matched mu=0.1)",uniform_high,64,15,final_wealth_gini,0.41523859789242645
ecology_perception_parallel_v1_r0_r3_mu010,"R0 (theta=1, matched mu=0.1)",patchy_high,64,15,eval_mean_mean_resource_fraction,0.11049472340149046
ecology_perception_parallel_v1_r0_r3_mu010,"R0 (theta=1, matched mu=0.1)",patchy_high,64,15,eval_mean_mean_reserve_welfare,0.7587060375146766
ecology_perception_parallel_v1_r0_r3_mu010,"R0 (theta=1, matched mu=0.1)",patchy_high,64,15,final_wealth_gini,0.44182442212233086
ecology_perception_parallel_v1_r0_r3_mu010,"R0 (theta=1, matched mu=0.1)",split_high_low,64,15,eval_mean_mean_resource_fraction,0.10792201534730486
ecology_perception_parallel_v1_r0_r3_mu010,"R0 (theta=1, matched mu=0.1)",split_high_low,64,15,eval_mean_mean_reserve_welfare,0.6002625534174779
ecology_perception_parallel_v1_r0_r3_mu010,"R0 (theta=1, matched mu=0.1)",split_high_low,64,15,final_wealth_gini,0.6478084133203463
ecology_perception_parallel_v1_r0_r3_mu010,"R0 (theta=1, matched mu=0.1)",uniform_high,64,16,eval_mean_mean_resource_fraction,0.11060230390013319
ecology_perception_parallel_v1_r0_r3_mu010,"R0 (theta=1, matched mu=0.1)",uniform_high,64,16,eval_mean_mean_reserve_welfare,0.7735043683672107
ecology_perception_parallel_v1_r0_r3_mu010,"R0 (theta=1, matched mu=0.1)",uniform_high,64,16,final_wealth_gini,0.42791848787711784
ecology_perception_parallel_v1_r0_r3_mu010,"R0 (theta=1, matched mu=0.1)",patchy_high,64,16,eval_mean_mean_resource_fraction,0.12650478035924198
ecology_perception_parallel_v1_r0_r3_mu010,"R0 (theta=1, matched mu=0.1)",patchy_high,64,16,eval_mean_mean_reserve_welfare,0.7773854039827663
ecology_perception_parallel_v1_r0_r3_mu010,"R0 (theta=1, matched mu=0.1)",patchy_high,64,16,final_wealth_gini,0.44845731108657416
ecology_perception_parallel_v1_r0_r3_mu010,"R0 (theta=1, matched mu=0.1)",split_high_low,64,16,eval_mean_mean_resource_fraction,0.08774771721020573
ecology_perception_parallel_v1_r0_r3_mu010,"R0 (theta=1, matched mu=0.1)",split_high_low,64,16,eval_mean_mean_reserve_welfare,0.5319100071681201
ecology_perception_parallel_v1_r0_r3_mu010,"R0 (theta=1, matched mu=0.1)",split_high_low,64,16,final_wealth_gini,0.6686694477155972
ecology_perception_parallel_v1_r0_r3_mu010,"R0 (theta=1, matched mu=0.1)",uniform_high,64,17,eval_mean_mean_resource_fraction,0.1100136728464025
ecology_perception_parallel_v1_r0_r3_mu010,"R0 (theta=1, matched mu=0.1)",uniform_high,64,17,eval_mean_mean_reserve_welfare,0.628914496594361
ecology_perception_parallel_v1_r0_r3_mu010,"R0 (theta=1, matched mu=0.1)",uniform_high,64,17,final_wealth_gini,0.5488962497138199
ecology_perception_parallel_v1_r0_r3_mu010,"R0 (theta=1, matched mu=0.1)",patchy_high,64,17,eval_mean_mean_resource_fraction,0.10529107857866628
ecology_perception_parallel_v1_r0_r3_mu010,"R0 (theta=1, matched mu=0.1)",patchy_high,64,17,eval_mean_mean_reserve_welfare,0.6555047692444398
ecology_perception_parallel_v1_r0_r3_mu010,"R0 (theta=1, matched mu=0.1)",patchy_high,64,17,final_wealth_gini,0.5369560651058627
ecology_perception_parallel_v1_r0_r3_mu010,"R0 (theta=1, matched mu=0.1)",split_high_low,64,17,eval_mean_mean_resource_fraction,0.1280866430226769
ecology_perception_parallel_v1_r0_r3_mu010,"R0 (theta=1, matched mu=0.1)",split_high_low,64,17,eval_mean_mean_reserve_welfare,0.5452530072492248
ecology_perception_parallel_v1_r0_r3_mu010,"R0 (theta=1, matched mu=0.1)",split_high_low,64,17,final_wealth_gini,0.6967844307000994
ecology_perception_parallel_v1_r0_r3_mu010,"R0 (theta=1, matched mu=0.1)",uniform_high,64,18,eval_mean_mean_resource_fraction,0.06711505957959048
ecology_perception_parallel_v1_r0_r3_mu010,"R0 (theta=1, matched mu=0.1)",uniform_high,64,18,eval_mean_mean_reserve_welfare,0.7216105790797201
ecology_perception_parallel_v1_r0_r3_mu010,"R0 (theta=1, matched mu=0.1)",uniform_high,64,18,final_wealth_gini,0.3462164035841728
ecology_perception_parallel_v1_r0_r3_mu010,"R0 (theta=1, matched mu=0.1)",patchy_high,64,18,eval_mean_mean_resource_fraction,0.08719243527625684
ecology_perception_parallel_v1_r0_r3_mu010,"R0 (theta=1, matched mu=0.1)",patchy_high,64,18,eval_mean_mean_reserve_welfare,0.7234351974226118
ecology_perception_parallel_v1_r0_r3_mu010,"R0 (theta=1, matched mu=0.1)",patchy_high,64,18,final_wealth_gini,0.3730853989450187
ecology_perception_parallel_v1_r0_r3_mu010,"R0 (theta=1, matched mu=0.1)",split_high_low,64,18,eval_mean_mean_resource_fraction,0.09374540479773233
ecology_perception_parallel_v1_r0_r3_mu010,"R0 (theta=1, matched mu=0.1)",split_high_low,64,18,eval_mean_mean_reserve_welfare,0.6422910128294613
ecology_perception_parallel_v1_r0_r3_mu010,"R0 (theta=1, matched mu=0.1)",split_high_low,64,18,final_wealth_gini,0.5857575687963774
ecology_perception_parallel_v1_r0_r3_mu010,"R0 (theta=1, matched mu=0.1)",uniform_high,64,19,eval_mean_mean_resource_fraction,0.1108455044254218
ecology_perception_parallel_v1_r0_r3_mu010,"R0 (theta=1, matched mu=0.1)",uniform_high,64,19,eval_mean_mean_reserve_welfare,0.7976328976246335
ecology_perception_parallel_v1_r0_r3_mu010,"R0 (theta=1, matched mu=0.1)",uniform_high,64,19,final_wealth_gini,0.41594108193861046
ecology_perception_parallel_v1_r0_r3_mu010,"R0 (theta=1, matched mu=0.1)",patchy_high,64,19,eval_mean_mean_resource_fraction,0.11074373040144549
ecology_perception_parallel_v1_r0_r3_mu010,"R0 (theta=1, matched mu=0.1)",patchy_high,64,19,eval_mean_mean_reserve_welfare,0.7886228321092809
ecology_perception_parallel_v1_r0_r3_mu010,"R0 (theta=1, matched mu=0.1)",patchy_high,64,19,final_wealth_gini,0.4076937600102106
ecology_perception_parallel_v1_r0_r3_mu010,"R0 (theta=1, matched mu=0.1)",split_high_low,64,19,eval_mean_mean_resource_fraction,0.09605762808223536
ecology_perception_parallel_v1_r0_r3_mu010,"R0 (theta=1, matched mu=0.1)",split_high_low,64,19,eval_mean_mean_reserve_welfare,0.6728611530885378
ecology_perception_parallel_v1_r0_r3_mu010,"R0 (theta=1, matched mu=0.1)",split_high_low,64,19,final_wealth_gini,0.5976603751340037
ecology_perception_parallel_v1_r0_r3_mu010,"R0 (theta=1, matched mu=0.1)",uniform_high,64,20,eval_mean_mean_resource_fraction,0.13281707807867793
ecology_perception_parallel_v1_r0_r3_mu010,"R0 (theta=1, matched mu=0.1)",uniform_high,64,20,eval_mean_mean_reserve_welfare,0.7396428220047203
ecology_perception_parallel_v1_r0_r3_mu010,"R0 (theta=1, matched mu=0.1)",uniform_high,64,20,final_wealth_gini,0.5121843164734423
ecology_perception_parallel_v1_r0_r3_mu010,"R0 (theta=1, matched mu=0.1)",patchy_high,64,20,eval_mean_mean_resource_fraction,0.10958166677605348
ecology_perception_parallel_v1_r0_r3_mu010,"R0 (theta=1, matched mu=0.1)",patchy_high,64,20,eval_mean_mean_reserve_welfare,0.722454330213992
ecology_perception_parallel_v1_r0_r3_mu010,"R0 (theta=1, matched mu=0.1)",patchy_high,64,20,final_wealth_gini,0.5026258502356706
ecology_perception_parallel_v1_r0_r3_mu010,"R0 (theta=1, matched mu=0.1)",split_high_low,64,20,eval_mean_mean_resource_fraction,0.09638331462025584
ecology_perception_parallel_v1_r0_r3_mu010,"R0 (theta=1, matched mu=0.1)",split_high_low,64,20,eval_mean_mean_reserve_welfare,0.49944988182681244
ecology_perception_parallel_v1_r0_r3_mu010,"R0 (theta=1, matched mu=0.1)",split_high_low,64,20,final_wealth_gini,0.6935495182758029
ecology_perception_parallel_v1_r0_r3_mu010,"R0 (theta=1, matched mu=0.1)",uniform_high,64,21,eval_mean_mean_resource_fraction,0.12390216146711153
ecology_perception_parallel_v1_r0_r3_mu010,"R0 (theta=1, matched mu=0.1)",uniform_high,64,21,eval_mean_mean_reserve_welfare,0.8241048540567217
ecology_perception_parallel_v1_r0_r3_mu010,"R0 (theta=1, matched mu=0.1)",uniform_high,64,21,final_wealth_gini,0.420156559354939
ecology_perception_parallel_v1_r0_r3_mu010,"R0 (theta=1, matched mu=0.1)",patchy_high,64,21,eval_mean_mean_resource_fraction,0.2035028421973592
ecology_perception_parallel_v1_r0_r3_mu010,"R0 (theta=1, matched mu=0.1)",patchy_high,64,21,eval_mean_mean_reserve_welfare,0.8499594120462396
ecology_perception_parallel_v1_r0_r3_mu010,"R0 (theta=1, matched mu=0.1)",patchy_high,64,21,final_wealth_gini,0.45552661310937226
ecology_perception_parallel_v1_r0_r3_mu010,"R0 (theta=1, matched mu=0.1)",split_high_low,64,21,eval_mean_mean_resource_fraction,0.08739649000614107
ecology_perception_parallel_v1_r0_r3_mu010,"R0 (theta=1, matched mu=0.1)",split_high_low,64,21,eval_mean_mean_reserve_welfare,0.6080178478576879
ecology_perception_parallel_v1_r0_r3_mu010,"R0 (theta=1, matched mu=0.1)",split_high_low,64,21,final_wealth_gini,0.6515964801416068
ecology_perception_parallel_v1_r0_r3_mu010,"R0 (theta=1, matched mu=0.1)",uniform_high,64,22,eval_mean_mean_resource_fraction,0.11466271979045954
ecology_perception_parallel_v1_r0_r3_mu010,"R0 (theta=1, matched mu=0.1)",uniform_high,64,22,eval_mean_mean_reserve_welfare,0.8389702335637037
ecology_perception_parallel_v1_r0_r3_mu010,"R0 (theta=1, matched mu=0.1)",uniform_high,64,22,final_wealth_gini,0.3846216402689635
ecology_perception_parallel_v1_r0_r3_mu010,"R0 (theta=1, matched mu=0.1)",patchy_high,64,22,eval_mean_mean_resource_fraction,0.10528363354467027
ecology_perception_parallel_v1_r0_r3_mu010,"R0 (theta=1, matched mu=0.1)",patchy_high,64,22,eval_mean_mean_reserve_welfare,0.7911212652280853
ecology_perception_parallel_v1_r0_r3_mu010,"R0 (theta=1, matched mu=0.1)",patchy_high,64,22,final_wealth_gini,0.40399482550677224
ecology_perception_parallel_v1_r0_r3_mu010,"R0 (theta=1, matched mu=0.1)",split_high_low,64,22,eval_mean_mean_resource_fraction,0.12874513867556403
ecology_perception_parallel_v1_r0_r3_mu010,"R0 (theta=1, matched mu=0.1)",split_high_low,64,22,eval_mean_mean_reserve_welfare,0.6559740672663469
ecology_perception_parallel_v1_r0_r3_mu010,"R0 (theta=1, matched mu=0.1)",split_high_low,64,22,final_wealth_gini,0.6433447361932068
ecology_perception_parallel_v1_r0_r3_mu010,"R0 (theta=1, matched mu=0.1)",uniform_high,64,23,eval_mean_mean_resource_fraction,0.09103566405719997
ecology_perception_parallel_v1_r0_r3_mu010,"R0 (theta=1, matched mu=0.1)",uniform_high,64,23,eval_mean_mean_reserve_welfare,0.7177336917095056
ecology_perception_parallel_v1_r0_r3_mu010,"R0 (theta=1, matched mu=0.1)",uniform_high,64,23,final_wealth_gini,0.4555830918686097
ecology_perception_parallel_v1_r0_r3_mu010,"R0 (theta=1, matched mu=0.1)",patchy_high,64,23,eval_mean_mean_resource_fraction,0.0970487464169501
ecology_perception_parallel_v1_r0_r3_mu010,"R0 (theta=1, matched mu=0.1)",patchy_high,64,23,eval_mean_mean_reserve_welfare,0.7499204822966749
ecology_perception_parallel_v1_r0_r3_mu010,"R0 (theta=1, matched mu=0.1)",patchy_high,64,23,final_wealth_gini,0.4375008699793925
ecology_perception_parallel_v1_r0_r3_mu010,"R0 (theta=1, matched mu=0.1)",split_high_low,64,23,eval_mean_mean_resource_fraction,0.12155048819762829
ecology_perception_parallel_v1_r0_r3_mu010,"R0 (theta=1, matched mu=0.1)",split_high_low,64,23,eval_mean_mean_reserve_welfare,0.6663117434414348
ecology_perception_parallel_v1_r0_r3_mu010,"R0 (theta=1, matched mu=0.1)",split_high_low,64,23,final_wealth_gini,0.6177220254295539
ecology_perception_parallel_v1_r0_r3_mu010,"R0 (theta=1, matched mu=0.1)",uniform_high,64,24,eval_mean_mean_resource_fraction,0.07363432564875357
ecology_perception_parallel_v1_r0_r3_mu010,"R0 (theta=1, matched mu=0.1)",uniform_high,64,24,eval_mean_mean_reserve_welfare,0.6972998739584167
ecology_perception_parallel_v1_r0_r3_mu010,"R0 (theta=1, matched mu=0.1)",uniform_high,64,24,final_wealth_gini,0.42506921210865856
ecology_perception_parallel_v1_r0_r3_mu010,"R0 (theta=1, matched mu=0.1)",patchy_high,64,24,eval_mean_mean_resource_fraction,0.127941924171645
ecology_perception_parallel_v1_r0_r3_mu010,"R0 (theta=1, matched mu=0.1)",patchy_high,64,24,eval_mean_mean_reserve_welfare,0.7377217320128259
ecology_perception_parallel_v1_r0_r3_mu010,"R0 (theta=1, matched mu=0.1)",patchy_high,64,24,final_wealth_gini,0.5076851927910204
ecology_perception_parallel_v1_r0_r3_mu010,"R0 (theta=1, matched mu=0.1)",split_high_low,64,24,eval_mean_mean_resource_fraction,0.0752064452243002
ecology_perception_parallel_v1_r0_r3_mu010,"R0 (theta=1, matched mu=0.1)",split_high_low,64,24,eval_mean_mean_reserve_welfare,0.6450573770773356
ecology_perception_parallel_v1_r0_r3_mu010,"R0 (theta=1, matched mu=0.1)",split_high_low,64,24,final_wealth_gini,0.5293312410117377
ecology_perception_parallel_v1_r0_r3_mu010,"R0 (theta=1, matched mu=0.1)",uniform_high,64,25,eval_mean_mean_resource_fraction,0.151722364661524
ecology_perception_parallel_v1_r0_r3_mu010,"R0 (theta=1, matched mu=0.1)",uniform_high,64,25,eval_mean_mean_reserve_welfare,0.8153698089690188
ecology_perception_parallel_v1_r0_r3_mu010,"R0 (theta=1, matched mu=0.1)",uniform_high,64,25,final_wealth_gini,0.46244505394541413
ecology_perception_parallel_v1_r0_r3_mu010,"R0 (theta=1, matched mu=0.1)",patchy_high,64,25,eval_mean_mean_resource_fraction,0.1279793193936931
ecology_perception_parallel_v1_r0_r3_mu010,"R0 (theta=1, matched mu=0.1)",patchy_high,64,25,eval_mean_mean_reserve_welfare,0.8003872618948633
ecology_perception_parallel_v1_r0_r3_mu010,"R0 (theta=1, matched mu=0.1)",patchy_high,64,25,final_wealth_gini,0.4582332776240301
ecology_perception_parallel_v1_r0_r3_mu010,"R0 (theta=1, matched mu=0.1)",split_high_low,64,25,eval_mean_mean_resource_fraction,0.15630937705241144
ecology_perception_parallel_v1_r0_r3_mu010,"R0 (theta=1, matched mu=0.1)",split_high_low,64,25,eval_mean_mean_reserve_welfare,0.6959247501728155
ecology_perception_parallel_v1_r0_r3_mu010,"R0 (theta=1, matched mu=0.1)",split_high_low,64,25,final_wealth_gini,0.6210050589148326
ecology_perception_parallel_v1_r0_r3_mu010,"R0 (theta=1, matched mu=0.1)",uniform_high,64,26,eval_mean_mean_resource_fraction,0.14639847057580765
ecology_perception_parallel_v1_r0_r3_mu010,"R0 (theta=1, matched mu=0.1)",uniform_high,64,26,eval_mean_mean_reserve_welfare,0.825499432458236
ecology_perception_parallel_v1_r0_r3_mu010,"R0 (theta=1, matched mu=0.1)",uniform_high,64,26,final_wealth_gini,0.43362348539521633
ecology_perception_parallel_v1_r0_r3_mu010,"R0 (theta=1, matched mu=0.1)",patchy_high,64,26,eval_mean_mean_resource_fraction,0.15954036183318443
ecology_perception_parallel_v1_r0_r3_mu010,"R0 (theta=1, matched mu=0.1)",patchy_high,64,26,eval_mean_mean_reserve_welfare,0.8350244405097719
ecology_perception_parallel_v1_r0_r3_mu010,"R0 (theta=1, matched mu=0.1)",patchy_high,64,26,final_wealth_gini,0.44764630691346485
ecology_perception_parallel_v1_r0_r3_mu010,"R0 (theta=1, matched mu=0.1)",split_high_low,64,26,eval_mean_mean_resource_fraction,0.11392627568027003
ecology_perception_parallel_v1_r0_r3_mu010,"R0 (theta=1, matched mu=0.1)",split_high_low,64,26,eval_mean_mean_reserve_welfare,0.6540385526268475
ecology_perception_parallel_v1_r0_r3_mu010,"R0 (theta=1, matched mu=0.1)",split_high_low,64,26,final_wealth_gini,0.6125247905338496
ecology_perception_parallel_v1_r0_r3_mu010,"R0 (theta=1, matched mu=0.1)",uniform_high,64,27,eval_mean_mean_resource_fraction,0.13454931788687666
ecology_perception_parallel_v1_r0_r3_mu010,"R0 (theta=1, matched mu=0.1)",uniform_high,64,27,eval_mean_mean_reserve_welfare,0.8501699891483666
ecology_perception_parallel_v1_r0_r3_mu010,"R0 (theta=1, matched mu=0.1)",uniform_high,64,27,final_wealth_gini,0.36896878867577754
ecology_perception_parallel_v1_r0_r3_mu010,"R0 (theta=1, matched mu=0.1)",patchy_high,64,27,eval_mean_mean_resource_fraction,0.10958168495810208
ecology_perception_parallel_v1_r0_r3_mu010,"R0 (theta=1, matched mu=0.1)",patchy_high,64,27,eval_mean_mean_reserve_welfare,0.7823541248281788
ecology_perception_parallel_v1_r0_r3_mu010,"R0 (theta=1, matched mu=0.1)",patchy_high,64,27,final_wealth_gini,0.41859560049885935
ecology_perception_parallel_v1_r0_r3_mu010,"R0 (theta=1, matched mu=0.1)",split_high_low,64,27,eval_mean_mean_resource_fraction,0.13847210663876622
ecology_perception_parallel_v1_r0_r3_mu010,"R0 (theta=1, matched mu=0.1)",split_high_low,64,27,eval_mean_mean_reserve_welfare,0.6766416165756018
ecology_perception_parallel_v1_r0_r3_mu010,"R0 (theta=1, matched mu=0.1)",split_high_low,64,27,final_wealth_gini,0.6196454910815317
ecology_perception_parallel_v1_r0_r3_mu010,"R0 (theta=1, matched mu=0.1)",uniform_high,64,28,eval_mean_mean_resource_fraction,0.1056067585558887
ecology_perception_parallel_v1_r0_r3_mu010,"R0 (theta=1, matched mu=0.1)",uniform_high,64,28,eval_mean_mean_reserve_welfare,0.7341682218330936
ecology_perception_parallel_v1_r0_r3_mu010,"R0 (theta=1, matched mu=0.1)",uniform_high,64,28,final_wealth_gini,0.4945799544930993
ecology_perception_parallel_v1_r0_r3_mu010,"R0 (theta=1, matched mu=0.1)",patchy_high,64,28,eval_mean_mean_resource_fraction,0.1036845716744927
ecology_perception_parallel_v1_r0_r3_mu010,"R0 (theta=1, matched mu=0.1)",patchy_high,64,28,eval_mean_mean_reserve_welfare,0.7587120748611047
ecology_perception_parallel_v1_r0_r3_mu010,"R0 (theta=1, matched mu=0.1)",patchy_high,64,28,final_wealth_gini,0.47866762131668095
ecology_perception_parallel_v1_r0_r3_mu010,"R0 (theta=1, matched mu=0.1)",split_high_low,64,28,eval_mean_mean_resource_fraction,0.12877229568814594
ecology_perception_parallel_v1_r0_r3_mu010,"R0 (theta=1, matched mu=0.1)",split_high_low,64,28,eval_mean_mean_reserve_welfare,0.5657728741551407
ecology_perception_parallel_v1_r0_r3_mu010,"R0 (theta=1, matched mu=0.1)",split_high_low,64,28,final_wealth_gini,0.7027804864717744
ecology_perception_parallel_v1_r0_r3_mu010,"R0 (theta=1, matched mu=0.1)",uniform_high,64,29,eval_mean_mean_resource_fraction,0.1287225180047675
ecology_perception_parallel_v1_r0_r3_mu010,"R0 (theta=1, matched mu=0.1)",uniform_high,64,29,eval_mean_mean_reserve_welfare,0.7195785652981761
ecology_perception_parallel_v1_r0_r3_mu010,"R0 (theta=1, matched mu=0.1)",uniform_high,64,29,final_wealth_gini,0.4569715717014675
ecology_perception_parallel_v1_r0_r3_mu010,"R0 (theta=1, matched mu=0.1)",patchy_high,64,29,eval_mean_mean_resource_fraction,0.12834109711115924
ecology_perception_parallel_v1_r0_r3_mu010,"R0 (theta=1, matched mu=0.1)",patchy_high,64,29,eval_mean_mean_reserve_welfare,0.7656024782002775
ecology_perception_parallel_v1_r0_r3_mu010,"R0 (theta=1, matched mu=0.1)",patchy_high,64,29,final_wealth_gini,0.45475412458761166
ecology_perception_parallel_v1_r0_r3_mu010,"R0 (theta=1, matched mu=0.1)",split_high_low,64,29,eval_mean_mean_resource_fraction,0.10648100816433771
ecology_perception_parallel_v1_r0_r3_mu010,"R0 (theta=1, matched mu=0.1)",split_high_low,64,29,eval_mean_mean_reserve_welfare,0.6755385178137167
ecology_perception_parallel_v1_r0_r3_mu010,"R0 (theta=1, matched mu=0.1)",split_high_low,64,29,final_wealth_gini,0.5858465366564529
ecology_perception_parallel_v1_r0_r3_mu010,"R0 (theta=1, matched mu=0.1)",uniform_high,64,30,eval_mean_mean_resource_fraction,0.08525632402747609
ecology_perception_parallel_v1_r0_r3_mu010,"R0 (theta=1, matched mu=0.1)",uniform_high,64,30,eval_mean_mean_reserve_welfare,0.6840026818442645
ecology_perception_parallel_v1_r0_r3_mu010,"R0 (theta=1, matched mu=0.1)",uniform_high,64,30,final_wealth_gini,0.46188915089577387
ecology_perception_parallel_v1_r0_r3_mu010,"R0 (theta=1, matched mu=0.1)",patchy_high,64,30,eval_mean_mean_resource_fraction,0.09243068593115521
ecology_perception_parallel_v1_r0_r3_mu010,"R0 (theta=1, matched mu=0.1)",patchy_high,64,30,eval_mean_mean_reserve_welfare,0.6462173303515947
ecology_perception_parallel_v1_r0_r3_mu010,"R0 (theta=1, matched mu=0.1)",patchy_high,64,30,final_wealth_gini,0.48534840148107405
ecology_perception_parallel_v1_r0_r3_mu010,"R0 (theta=1, matched mu=0.1)",split_high_low,64,30,eval_mean_mean_resource_fraction,0.09143220816151895
ecology_perception_parallel_v1_r0_r3_mu010,"R0 (theta=1, matched mu=0.1)",split_high_low,64,30,eval_mean_mean_reserve_welfare,0.6596966660113758
ecology_perception_parallel_v1_r0_r3_mu010,"R0 (theta=1, matched mu=0.1)",split_high_low,64,30,final_wealth_gini,0.5782172929948479
ecology_perception_parallel_v1_r0_r3_mu010,"R0 (theta=1, matched mu=0.1)",uniform_high,64,31,eval_mean_mean_resource_fraction,0.08138970672406053
ecology_perception_parallel_v1_r0_r3_mu010,"R0 (theta=1, matched mu=0.1)",uniform_high,64,31,eval_mean_mean_reserve_welfare,0.6833583482246236
ecology_perception_parallel_v1_r0_r3_mu010,"R0 (theta=1, matched mu=0.1)",uniform_high,64,31,final_wealth_gini,0.4288237857129351
ecology_perception_parallel_v1_r0_r3_mu010,"R0 (theta=1, matched mu=0.1)",patchy_high,64,31,eval_mean_mean_resource_fraction,0.09770054996221506
ecology_perception_parallel_v1_r0_r3_mu010,"R0 (theta=1, matched mu=0.1)",patchy_high,64,31,eval_mean_mean_reserve_welfare,0.7063181150149733
ecology_perception_parallel_v1_r0_r3_mu010,"R0 (theta=1, matched mu=0.1)",patchy_high,64,31,final_wealth_gini,0.39221137891576374
ecology_perception_parallel_v1_r0_r3_mu010,"R0 (theta=1, matched mu=0.1)",split_high_low,64,31,eval_mean_mean_resource_fraction,0.09217804896531677
ecology_perception_parallel_v1_r0_r3_mu010,"R0 (theta=1, matched mu=0.1)",split_high_low,64,31,eval_mean_mean_reserve_welfare,0.6994717972067092
ecology_perception_parallel_v1_r0_r3_mu010,"R0 (theta=1, matched mu=0.1)",split_high_low,64,31,final_wealth_gini,0.548108677173869
ecology_perception_parallel_v1_r0_r3_mu010,"R0 (theta=1, matched mu=0.1)",uniform_high,64,32,eval_mean_mean_resource_fraction,0.12738130584528562
ecology_perception_parallel_v1_r0_r3_mu010,"R0 (theta=1, matched mu=0.1)",uniform_high,64,32,eval_mean_mean_reserve_welfare,0.793655752771475
ecology_perception_parallel_v1_r0_r3_mu010,"R0 (theta=1, matched mu=0.1)",uniform_high,64,32,final_wealth_gini,0.4435460334917929
ecology_perception_parallel_v1_r0_r3_mu010,"R0 (theta=1, matched mu=0.1)",patchy_high,64,32,eval_mean_mean_resource_fraction,0.13530081065737745
ecology_perception_parallel_v1_r0_r3_mu010,"R0 (theta=1, matched mu=0.1)",patchy_high,64,32,eval_mean_mean_reserve_welfare,0.8475682869666655
ecology_perception_parallel_v1_r0_r3_mu010,"R0 (theta=1, matched mu=0.1)",patchy_high,64,32,final_wealth_gini,0.40644332366055513
ecology_perception_parallel_v1_r0_r3_mu010,"R0 (theta=1, matched mu=0.1)",split_high_low,64,32,eval_mean_mean_resource_fraction,0.15667330887987513
ecology_perception_parallel_v1_r0_r3_mu010,"R0 (theta=1, matched mu=0.1)",split_high_low,64,32,eval_mean_mean_reserve_welfare,0.6519896999708601
ecology_perception_parallel_v1_r0_r3_mu010,"R0 (theta=1, matched mu=0.1)",split_high_low,64,32,final_wealth_gini,0.6229223189382098
ecology_perception_parallel_v1_r0_r3_mu010,"R0 (theta=1, matched mu=0.1)",uniform_high,64,33,eval_mean_mean_resource_fraction,0.1323459163983757
ecology_perception_parallel_v1_r0_r3_mu010,"R0 (theta=1, matched mu=0.1)",uniform_high,64,33,eval_mean_mean_reserve_welfare,0.822860559285208
ecology_perception_parallel_v1_r0_r3_mu010,"R0 (theta=1, matched mu=0.1)",uniform_high,64,33,final_wealth_gini,0.4273401405673676
ecology_perception_parallel_v1_r0_r3_mu010,"R0 (theta=1, matched mu=0.1)",patchy_high,64,33,eval_mean_mean_resource_fraction,0.11772785139679164
ecology_perception_parallel_v1_r0_r3_mu010,"R0 (theta=1, matched mu=0.1)",patchy_high,64,33,eval_mean_mean_reserve_welfare,0.7587382527588468
ecology_perception_parallel_v1_r0_r3_mu010,"R0 (theta=1, matched mu=0.1)",patchy_high,64,33,final_wealth_gini,0.4360907610523763
ecology_perception_parallel_v1_r0_r3_mu010,"R0 (theta=1, matched mu=0.1)",split_high_low,64,33,eval_mean_mean_resource_fraction,0.11846700177920326
ecology_perception_parallel_v1_r0_r3_mu010,"R0 (theta=1, matched mu=0.1)",split_high_low,64,33,eval_mean_mean_reserve_welfare,0.6610531346254487
ecology_perception_parallel_v1_r0_r3_mu010,"R0 (theta=1, matched mu=0.1)",split_high_low,64,33,final_wealth_gini,0.6229716525574975
ecology_perception_parallel_v1_r0_r3_mu010,"R0 (theta=1, matched mu=0.1)",uniform_high,64,34,eval_mean_mean_resource_fraction,0.11641924761149028
ecology_perception_parallel_v1_r0_r3_mu010,"R0 (theta=1, matched mu=0.1)",uniform_high,64,34,eval_mean_mean_reserve_welfare,0.693444200892033
ecology_perception_parallel_v1_r0_r3_mu010,"R0 (theta=1, matched mu=0.1)",uniform_high,64,34,final_wealth_gini,0.5661625516736846
ecology_perception_parallel_v1_r0_r3_mu010,"R0 (theta=1, matched mu=0.1)",patchy_high,64,34,eval_mean_mean_resource_fraction,0.12539734113818668
ecology_perception_parallel_v1_r0_r3_mu010,"R0 (theta=1, matched mu=0.1)",patchy_high,64,34,eval_mean_mean_reserve_welfare,0.7322412173707595
ecology_perception_parallel_v1_r0_r3_mu010,"R0 (theta=1, matched mu=0.1)",patchy_high,64,34,final_wealth_gini,0.5143329643506362
ecology_perception_parallel_v1_r0_r3_mu010,"R0 (theta=1, matched mu=0.1)",split_high_low,64,34,eval_mean_mean_resource_fraction,0.1099482553558744
ecology_perception_parallel_v1_r0_r3_mu010,"R0 (theta=1, matched mu=0.1)",split_high_low,64,34,eval_mean_mean_reserve_welfare,0.6102744253772875
ecology_perception_parallel_v1_r0_r3_mu010,"R0 (theta=1, matched mu=0.1)",split_high_low,64,34,final_wealth_gini,0.6475540076548794
ecology_perception_parallel_v1_r0_r3_mu010,"R0 (theta=1, matched mu=0.1)",uniform_high,64,35,eval_mean_mean_resource_fraction,0.11277331860091097
ecology_perception_parallel_v1_r0_r3_mu010,"R0 (theta=1, matched mu=0.1)",uniform_high,64,35,eval_mean_mean_reserve_welfare,0.7506971660028423
ecology_perception_parallel_v1_r0_r3_mu010,"R0 (theta=1, matched mu=0.1)",uniform_high,64,35,final_wealth_gini,0.4885638880084475
ecology_perception_parallel_v1_r0_r3_mu010,"R0 (theta=1, matched mu=0.1)",patchy_high,64,35,eval_mean_mean_resource_fraction,0.10650344164799322
ecology_perception_parallel_v1_r0_r3_mu010,"R0 (theta=1, matched mu=0.1)",patchy_high,64,35,eval_mean_mean_reserve_welfare,0.729159252428208
ecology_perception_parallel_v1_r0_r3_mu010,"R0 (theta=1, matched mu=0.1)",patchy_high,64,35,final_wealth_gini,0.4936699274095766
ecology_perception_parallel_v1_r0_r3_mu010,"R0 (theta=1, matched mu=0.1)",split_high_low,64,35,eval_mean_mean_resource_fraction,0.1293540282206884
ecology_perception_parallel_v1_r0_r3_mu010,"R0 (theta=1, matched mu=0.1)",split_high_low,64,35,eval_mean_mean_reserve_welfare,0.5944200830522552
ecology_perception_parallel_v1_r0_r3_mu010,"R0 (theta=1, matched mu=0.1)",split_high_low,64,35,final_wealth_gini,0.6581272163936747
ecology_perception_parallel_v1_r0_r3_mu010,"R0 (theta=1, matched mu=0.1)",uniform_high,64,36,eval_mean_mean_resource_fraction,0.10649294693264544
ecology_perception_parallel_v1_r0_r3_mu010,"R0 (theta=1, matched mu=0.1)",uniform_high,64,36,eval_mean_mean_reserve_welfare,0.8029780640914952
ecology_perception_parallel_v1_r0_r3_mu010,"R0 (theta=1, matched mu=0.1)",uniform_high,64,36,final_wealth_gini,0.3813827723964469
ecology_perception_parallel_v1_r0_r3_mu010,"R0 (theta=1, matched mu=0.1)",patchy_high,64,36,eval_mean_mean_resource_fraction,0.15228851045169164
ecology_perception_parallel_v1_r0_r3_mu010,"R0 (theta=1, matched mu=0.1)",patchy_high,64,36,eval_mean_mean_reserve_welfare,0.8394903135780617
ecology_perception_parallel_v1_r0_r3_mu010,"R0 (theta=1, matched mu=0.1)",patchy_high,64,36,final_wealth_gini,0.41606682682043794
ecology_perception_parallel_v1_r0_r3_mu010,"R0 (theta=1, matched mu=0.1)",split_high_low,64,36,eval_mean_mean_resource_fraction,0.1332226638170913
ecology_perception_parallel_v1_r0_r3_mu010,"R0 (theta=1, matched mu=0.1)",split_high_low,64,36,eval_mean_mean_reserve_welfare,0.6541274217195483
ecology_perception_parallel_v1_r0_r3_mu010,"R0 (theta=1, matched mu=0.1)",split_high_low,64,36,final_wealth_gini,0.6113995791829032
ecology_perception_parallel_v1_r0_r3_mu010,"R0 (theta=1, matched mu=0.1)",uniform_high,64,37,eval_mean_mean_resource_fraction,0.10944714330608366
ecology_perception_parallel_v1_r0_r3_mu010,"R0 (theta=1, matched mu=0.1)",uniform_high,64,37,eval_mean_mean_reserve_welfare,0.6615974511995611
ecology_perception_parallel_v1_r0_r3_mu010,"R0 (theta=1, matched mu=0.1)",uniform_high,64,37,final_wealth_gini,0.5288620707209275
ecology_perception_parallel_v1_r0_r3_mu010,"R0 (theta=1, matched mu=0.1)",patchy_high,64,37,eval_mean_mean_resource_fraction,0.10455698826710161
ecology_perception_parallel_v1_r0_r3_mu010,"R0 (theta=1, matched mu=0.1)",patchy_high,64,37,eval_mean_mean_reserve_welfare,0.713669213307838
ecology_perception_parallel_v1_r0_r3_mu010,"R0 (theta=1, matched mu=0.1)",patchy_high,64,37,final_wealth_gini,0.5056337509726809
ecology_perception_parallel_v1_r0_r3_mu010,"R0 (theta=1, matched mu=0.1)",split_high_low,64,37,eval_mean_mean_resource_fraction,0.08742775181215517
ecology_perception_parallel_v1_r0_r3_mu010,"R0 (theta=1, matched mu=0.1)",split_high_low,64,37,eval_mean_mean_reserve_welfare,0.6814007210109166
ecology_perception_parallel_v1_r0_r3_mu010,"R0 (theta=1, matched mu=0.1)",split_high_low,64,37,final_wealth_gini,0.5513107447119443
ecology_perception_parallel_v1_r0_r3_mu010,"R0 (theta=1, matched mu=0.1)",uniform_high,64,38,eval_mean_mean_resource_fraction,0.1027245829216561
ecology_perception_parallel_v1_r0_r3_mu010,"R0 (theta=1, matched mu=0.1)",uniform_high,64,38,eval_mean_mean_reserve_welfare,0.7917538248510357
ecology_perception_parallel_v1_r0_r3_mu010,"R0 (theta=1, matched mu=0.1)",uniform_high,64,38,final_wealth_gini,0.41407218702795934
ecology_perception_parallel_v1_r0_r3_mu010,"R0 (theta=1, matched mu=0.1)",patchy_high,64,38,eval_mean_mean_resource_fraction,0.07864971671674126
ecology_perception_parallel_v1_r0_r3_mu010,"R0 (theta=1, matched mu=0.1)",patchy_high,64,38,eval_mean_mean_reserve_welfare,0.7345212386122026
ecology_perception_parallel_v1_r0_r3_mu010,"R0 (theta=1, matched mu=0.1)",patchy_high,64,38,final_wealth_gini,0.42356679488814586
ecology_perception_parallel_v1_r0_r3_mu010,"R0 (theta=1, matched mu=0.1)",split_high_low,64,38,eval_mean_mean_resource_fraction,0.08390748789657725
ecology_perception_parallel_v1_r0_r3_mu010,"R0 (theta=1, matched mu=0.1)",split_high_low,64,38,eval_mean_mean_reserve_welfare,0.6198562498743491
ecology_perception_parallel_v1_r0_r3_mu010,"R0 (theta=1, matched mu=0.1)",split_high_low,64,38,final_wealth_gini,0.5871389985792623
ecology_perception_parallel_v1_r0_r3_mu010,"R0 (theta=1, matched mu=0.1)",uniform_high,64,39,eval_mean_mean_resource_fraction,0.09657460583180205
ecology_perception_parallel_v1_r0_r3_mu010,"R0 (theta=1, matched mu=0.1)",uniform_high,64,39,eval_mean_mean_reserve_welfare,0.7680865770812011
ecology_perception_parallel_v1_r0_r3_mu010,"R0 (theta=1, matched mu=0.1)",uniform_high,64,39,final_wealth_gini,0.41923184625347387
ecology_perception_parallel_v1_r0_r3_mu010,"R0 (theta=1, matched mu=0.1)",patchy_high,64,39,eval_mean_mean_resource_fraction,0.1524972139104863
ecology_perception_parallel_v1_r0_r3_mu010,"R0 (theta=1, matched mu=0.1)",patchy_high,64,39,eval_mean_mean_reserve_welfare,0.9036492988659793
ecology_perception_parallel_v1_r0_r3_mu010,"R0 (theta=1, matched mu=0.1)",patchy_high,64,39,final_wealth_gini,0.36526162243498983
ecology_perception_parallel_v1_r0_r3_mu010,"R0 (theta=1, matched mu=0.1)",split_high_low,64,39,eval_mean_mean_resource_fraction,0.08669802987922866
ecology_perception_parallel_v1_r0_r3_mu010,"R0 (theta=1, matched mu=0.1)",split_high_low,64,39,eval_mean_mean_reserve_welfare,0.6429033510347719
ecology_perception_parallel_v1_r0_r3_mu010,"R0 (theta=1, matched mu=0.1)",split_high_low,64,39,final_wealth_gini,0.5496487542748438
ecology_perception_parallel_v1_r0_r3_mu010,"R0 (theta=1, matched mu=0.1)",uniform_high,64,40,eval_mean_mean_resource_fraction,0.1534593567256174
ecology_perception_parallel_v1_r0_r3_mu010,"R0 (theta=1, matched mu=0.1)",uniform_high,64,40,eval_mean_mean_reserve_welfare,0.8672754301493876
ecology_perception_parallel_v1_r0_r3_mu010,"R0 (theta=1, matched mu=0.1)",uniform_high,64,40,final_wealth_gini,0.4341568813918928
ecology_perception_parallel_v1_r0_r3_mu010,"R0 (theta=1, matched mu=0.1)",patchy_high,64,40,eval_mean_mean_resource_fraction,0.13154647635398986
ecology_perception_parallel_v1_r0_r3_mu010,"R0 (theta=1, matched mu=0.1)",patchy_high,64,40,eval_mean_mean_reserve_welfare,0.8271853413913441
ecology_perception_parallel_v1_r0_r3_mu010,"R0 (theta=1, matched mu=0.1)",patchy_high,64,40,final_wealth_gini,0.428913628307813
ecology_perception_parallel_v1_r0_r3_mu010,"R0 (theta=1, matched mu=0.1)",split_high_low,64,40,eval_mean_mean_resource_fraction,0.07134785041011299
ecology_perception_parallel_v1_r0_r3_mu010,"R0 (theta=1, matched mu=0.1)",split_high_low,64,40,eval_mean_mean_reserve_welfare,0.6307041369482357
ecology_perception_parallel_v1_r0_r3_mu010,"R0 (theta=1, matched mu=0.1)",split_high_low,64,40,final_wealth_gini,0.5667137506301358
ecology_perception_parallel_v1_r0_r3_mu010,"R0 (theta=1, matched mu=0.1)",uniform_high,64,41,eval_mean_mean_resource_fraction,0.15781942947998892
ecology_perception_parallel_v1_r0_r3_mu010,"R0 (theta=1, matched mu=0.1)",uniform_high,64,41,eval_mean_mean_reserve_welfare,0.8704575468839941
ecology_perception_parallel_v1_r0_r3_mu010,"R0 (theta=1, matched mu=0.1)",uniform_high,64,41,final_wealth_gini,0.423072519547828
ecology_perception_parallel_v1_r0_r3_mu010,"R0 (theta=1, matched mu=0.1)",patchy_high,64,41,eval_mean_mean_resource_fraction,0.10640372119354438
ecology_perception_parallel_v1_r0_r3_mu010,"R0 (theta=1, matched mu=0.1)",patchy_high,64,41,eval_mean_mean_reserve_welfare,0.6965704984917863
ecology_perception_parallel_v1_r0_r3_mu010,"R0 (theta=1, matched mu=0.1)",patchy_high,64,41,final_wealth_gini,0.49589521213688315
ecology_perception_parallel_v1_r0_r3_mu010,"R0 (theta=1, matched mu=0.1)",split_high_low,64,41,eval_mean_mean_resource_fraction,0.09187652989832586
ecology_perception_parallel_v1_r0_r3_mu010,"R0 (theta=1, matched mu=0.1)",split_high_low,64,41,eval_mean_mean_reserve_welfare,0.5700652024266886
ecology_perception_parallel_v1_r0_r3_mu010,"R0 (theta=1, matched mu=0.1)",split_high_low,64,41,final_wealth_gini,0.6775707406573204
ecology_perception_parallel_v1_r0_r3_mu010,"R0 (theta=1, matched mu=0.1)",uniform_high,64,42,eval_mean_mean_resource_fraction,0.10515197111928021
ecology_perception_parallel_v1_r0_r3_mu010,"R0 (theta=1, matched mu=0.1)",uniform_high,64,42,eval_mean_mean_reserve_welfare,0.6636035995728661
ecology_perception_parallel_v1_r0_r3_mu010,"R0 (theta=1, matched mu=0.1)",uniform_high,64,42,final_wealth_gini,0.5075995454408295
ecology_perception_parallel_v1_r0_r3_mu010,"R0 (theta=1, matched mu=0.1)",patchy_high,64,42,eval_mean_mean_resource_fraction,0.09410292651919219
ecology_perception_parallel_v1_r0_r3_mu010,"R0 (theta=1, matched mu=0.1)",patchy_high,64,42,eval_mean_mean_reserve_welfare,0.6607412831659717
ecology_perception_parallel_v1_r0_r3_mu010,"R0 (theta=1, matched mu=0.1)",patchy_high,64,42,final_wealth_gini,0.4743793457109853
ecology_perception_parallel_v1_r0_r3_mu010,"R0 (theta=1, matched mu=0.1)",split_high_low,64,42,eval_mean_mean_resource_fraction,0.12087053758455113
ecology_perception_parallel_v1_r0_r3_mu010,"R0 (theta=1, matched mu=0.1)",split_high_low,64,42,eval_mean_mean_reserve_welfare,0.6105951128921043
ecology_perception_parallel_v1_r0_r3_mu010,"R0 (theta=1, matched mu=0.1)",split_high_low,64,42,final_wealth_gini,0.6506826180424241
ecology_perception_parallel_v1_r0_r3_mu010,"R0 (theta=1, matched mu=0.1)",uniform_high,64,43,eval_mean_mean_resource_fraction,0.09427780118207647
ecology_perception_parallel_v1_r0_r3_mu010,"R0 (theta=1, matched mu=0.1)",uniform_high,64,43,eval_mean_mean_reserve_welfare,0.739817126937417
ecology_perception_parallel_v1_r0_r3_mu010,"R0 (theta=1, matched mu=0.1)",uniform_high,64,43,final_wealth_gini,0.4160882719951451
ecology_perception_parallel_v1_r0_r3_mu010,"R0 (theta=1, matched mu=0.1)",patchy_high,64,43,eval_mean_mean_resource_fraction,0.12398035264155816
ecology_perception_parallel_v1_r0_r3_mu010,"R0 (theta=1, matched mu=0.1)",patchy_high,64,43,eval_mean_mean_reserve_welfare,0.8445748350119979
ecology_perception_parallel_v1_r0_r3_mu010,"R0 (theta=1, matched mu=0.1)",patchy_high,64,43,final_wealth_gini,0.4183289631760383
ecology_perception_parallel_v1_r0_r3_mu010,"R0 (theta=1, matched mu=0.1)",split_high_low,64,43,eval_mean_mean_resource_fraction,0.10345082630794655
ecology_perception_parallel_v1_r0_r3_mu010,"R0 (theta=1, matched mu=0.1)",split_high_low,64,43,eval_mean_mean_reserve_welfare,0.6575795658607256
ecology_perception_parallel_v1_r0_r3_mu010,"R0 (theta=1, matched mu=0.1)",split_high_low,64,43,final_wealth_gini,0.6207433016105506
ecology_perception_parallel_v1_r0_r3_mu010,"R0 (theta=1, matched mu=0.1)",uniform_high,64,44,eval_mean_mean_resource_fraction,0.13430820827444784
ecology_perception_parallel_v1_r0_r3_mu010,"R0 (theta=1, matched mu=0.1)",uniform_high,64,44,eval_mean_mean_reserve_welfare,0.8786667051914019
ecology_perception_parallel_v1_r0_r3_mu010,"R0 (theta=1, matched mu=0.1)",uniform_high,64,44,final_wealth_gini,0.38701766138293436
ecology_perception_parallel_v1_r0_r3_mu010,"R0 (theta=1, matched mu=0.1)",patchy_high,64,44,eval_mean_mean_resource_fraction,0.13413805617327534
ecology_perception_parallel_v1_r0_r3_mu010,"R0 (theta=1, matched mu=0.1)",patchy_high,64,44,eval_mean_mean_reserve_welfare,0.8870532997341376
ecology_perception_parallel_v1_r0_r3_mu010,"R0 (theta=1, matched mu=0.1)",patchy_high,64,44,final_wealth_gini,0.3663336638511614
ecology_perception_parallel_v1_r0_r3_mu010,"R0 (theta=1, matched mu=0.1)",split_high_low,64,44,eval_mean_mean_resource_fraction,0.12812732677090252
ecology_perception_parallel_v1_r0_r3_mu010,"R0 (theta=1, matched mu=0.1)",split_high_low,64,44,eval_mean_mean_reserve_welfare,0.7273316895136793
ecology_perception_parallel_v1_r0_r3_mu010,"R0 (theta=1, matched mu=0.1)",split_high_low,64,44,final_wealth_gini,0.5681531233444337
ecology_perception_parallel_v1_r0_r3_mu010,"R0 (theta=1, matched mu=0.1)",uniform_high,64,45,eval_mean_mean_resource_fraction,0.07128787431664543
ecology_perception_parallel_v1_r0_r3_mu010,"R0 (theta=1, matched mu=0.1)",uniform_high,64,45,eval_mean_mean_reserve_welfare,0.6863626048733849
ecology_perception_parallel_v1_r0_r3_mu010,"R0 (theta=1, matched mu=0.1)",uniform_high,64,45,final_wealth_gini,0.4314141165156873
ecology_perception_parallel_v1_r0_r3_mu010,"R0 (theta=1, matched mu=0.1)",patchy_high,64,45,eval_mean_mean_resource_fraction,0.07331132263263057
ecology_perception_parallel_v1_r0_r3_mu010,"R0 (theta=1, matched mu=0.1)",patchy_high,64,45,eval_mean_mean_reserve_welfare,0.7002011846678792
ecology_perception_parallel_v1_r0_r3_mu010,"R0 (theta=1, matched mu=0.1)",patchy_high,64,45,final_wealth_gini,0.40447495927360144
ecology_perception_parallel_v1_r0_r3_mu010,"R0 (theta=1, matched mu=0.1)",split_high_low,64,45,eval_mean_mean_resource_fraction,0.1068933551466234
ecology_perception_parallel_v1_r0_r3_mu010,"R0 (theta=1, matched mu=0.1)",split_high_low,64,45,eval_mean_mean_reserve_welfare,0.5841812385970799
ecology_perception_parallel_v1_r0_r3_mu010,"R0 (theta=1, matched mu=0.1)",split_high_low,64,45,final_wealth_gini,0.6718490183790431
ecology_perception_parallel_v1_r0_r3_mu010,"R0 (theta=1, matched mu=0.1)",uniform_high,64,46,eval_mean_mean_resource_fraction,0.14263663143506827
ecology_perception_parallel_v1_r0_r3_mu010,"R0 (theta=1, matched mu=0.1)",uniform_high,64,46,eval_mean_mean_reserve_welfare,0.8286213121522127
ecology_perception_parallel_v1_r0_r3_mu010,"R0 (theta=1, matched mu=0.1)",uniform_high,64,46,final_wealth_gini,0.45460006764430916
ecology_perception_parallel_v1_r0_r3_mu010,"R0 (theta=1, matched mu=0.1)",patchy_high,64,46,eval_mean_mean_resource_fraction,0.09760445426194977
ecology_perception_parallel_v1_r0_r3_mu010,"R0 (theta=1, matched mu=0.1)",patchy_high,64,46,eval_mean_mean_reserve_welfare,0.7136405704592855
ecology_perception_parallel_v1_r0_r3_mu010,"R0 (theta=1, matched mu=0.1)",patchy_high,64,46,final_wealth_gini,0.46957354110246285
ecology_perception_parallel_v1_r0_r3_mu010,"R0 (theta=1, matched mu=0.1)",split_high_low,64,46,eval_mean_mean_resource_fraction,0.12905165633204388
ecology_perception_parallel_v1_r0_r3_mu010,"R0 (theta=1, matched mu=0.1)",split_high_low,64,46,eval_mean_mean_reserve_welfare,0.7542408588457055
ecology_perception_parallel_v1_r0_r3_mu010,"R0 (theta=1, matched mu=0.1)",split_high_low,64,46,final_wealth_gini,0.5404816512304522
ecology_perception_parallel_v1_r0_r3_mu010,"R0 (theta=1, matched mu=0.1)",uniform_high,64,47,eval_mean_mean_resource_fraction,0.0924542459534726
ecology_perception_parallel_v1_r0_r3_mu010,"R0 (theta=1, matched mu=0.1)",uniform_high,64,47,eval_mean_mean_reserve_welfare,0.7263583027091718
ecology_perception_parallel_v1_r0_r3_mu010,"R0 (theta=1, matched mu=0.1)",uniform_high,64,47,final_wealth_gini,0.40617694364846924
ecology_perception_parallel_v1_r0_r3_mu010,"R0 (theta=1, matched mu=0.1)",patchy_high,64,47,eval_mean_mean_resource_fraction,0.11894252435229348
ecology_perception_parallel_v1_r0_r3_mu010,"R0 (theta=1, matched mu=0.1)",patchy_high,64,47,eval_mean_mean_reserve_welfare,0.8680314051888511
ecology_perception_parallel_v1_r0_r3_mu010,"R0 (theta=1, matched mu=0.1)",patchy_high,64,47,final_wealth_gini,0.3464549113229163
ecology_perception_parallel_v1_r0_r3_mu010,"R0 (theta=1, matched mu=0.1)",split_high_low,64,47,eval_mean_mean_resource_fraction,0.07304502229891596
ecology_perception_parallel_v1_r0_r3_mu010,"R0 (theta=1, matched mu=0.1)",split_high_low,64,47,eval_mean_mean_reserve_welfare,0.6185548147611046
ecology_perception_parallel_v1_r0_r3_mu010,"R0 (theta=1, matched mu=0.1)",split_high_low,64,47,final_wealth_gini,0.5763043491467688
ecology_perception_parallel_v1_r0_r3_mu010,"R0 (theta=1, matched mu=0.1)",uniform_high,64,48,eval_mean_mean_resource_fraction,0.13827949951454227
ecology_perception_parallel_v1_r0_r3_mu010,"R0 (theta=1, matched mu=0.1)",uniform_high,64,48,eval_mean_mean_reserve_welfare,0.9030882697122083
ecology_perception_parallel_v1_r0_r3_mu010,"R0 (theta=1, matched mu=0.1)",uniform_high,64,48,final_wealth_gini,0.33055306466204404
ecology_perception_parallel_v1_r0_r3_mu010,"R0 (theta=1, matched mu=0.1)",patchy_high,64,48,eval_mean_mean_resource_fraction,0.14789129180762517
ecology_perception_parallel_v1_r0_r3_mu010,"R0 (theta=1, matched mu=0.1)",patchy_high,64,48,eval_mean_mean_reserve_welfare,0.937302923240166
ecology_perception_parallel_v1_r0_r3_mu010,"R0 (theta=1, matched mu=0.1)",patchy_high,64,48,final_wealth_gini,0.3277833862567683
ecology_perception_parallel_v1_r0_r3_mu010,"R0 (theta=1, matched mu=0.1)",split_high_low,64,48,eval_mean_mean_resource_fraction,0.14877228587826452
ecology_perception_parallel_v1_r0_r3_mu010,"R0 (theta=1, matched mu=0.1)",split_high_low,64,48,eval_mean_mean_reserve_welfare,0.7343935894158178
ecology_perception_parallel_v1_r0_r3_mu010,"R0 (theta=1, matched mu=0.1)",split_high_low,64,48,final_wealth_gini,0.553864723946512
ecology_perception_parallel_v1_r0_r3_mu010,"R0 (theta=1, matched mu=0.1)",uniform_high,64,49,eval_mean_mean_resource_fraction,0.11721860905829593
ecology_perception_parallel_v1_r0_r3_mu010,"R0 (theta=1, matched mu=0.1)",uniform_high,64,49,eval_mean_mean_reserve_welfare,0.8687387486579118
ecology_perception_parallel_v1_r0_r3_mu010,"R0 (theta=1, matched mu=0.1)",uniform_high,64,49,final_wealth_gini,0.37606235155652823
ecology_perception_parallel_v1_r0_r3_mu010,"R0 (theta=1, matched mu=0.1)",patchy_high,64,49,eval_mean_mean_resource_fraction,0.1141008146983957
ecology_perception_parallel_v1_r0_r3_mu010,"R0 (theta=1, matched mu=0.1)",patchy_high,64,49,eval_mean_mean_reserve_welfare,0.7681501458894702
ecology_perception_parallel_v1_r0_r3_mu010,"R0 (theta=1, matched mu=0.1)",patchy_high,64,49,final_wealth_gini,0.42724563735022225
ecology_perception_parallel_v1_r0_r3_mu010,"R0 (theta=1, matched mu=0.1)",split_high_low,64,49,eval_mean_mean_resource_fraction,0.06701876460764866
ecology_perception_parallel_v1_r0_r3_mu010,"R0 (theta=1, matched mu=0.1)",split_high_low,64,49,eval_mean_mean_reserve_welfare,0.5680884832956777
ecology_perception_parallel_v1_r0_r3_mu010,"R0 (theta=1, matched mu=0.1)",split_high_low,64,49,final_wealth_gini,0.6592332488263235
ecology_perception_parallel_v1_r0_r3_mu010,"R0 (theta=1, matched mu=0.1)",uniform_high,64,50,eval_mean_mean_resource_fraction,0.12790882499382744
ecology_perception_parallel_v1_r0_r3_mu010,"R0 (theta=1, matched mu=0.1)",uniform_high,64,50,eval_mean_mean_reserve_welfare,0.8391472877143616
ecology_perception_parallel_v1_r0_r3_mu010,"R0 (theta=1, matched mu=0.1)",uniform_high,64,50,final_wealth_gini,0.39153457893608623
ecology_perception_parallel_v1_r0_r3_mu010,"R0 (theta=1, matched mu=0.1)",patchy_high,64,50,eval_mean_mean_resource_fraction,0.12014792927601528
ecology_perception_parallel_v1_r0_r3_mu010,"R0 (theta=1, matched mu=0.1)",patchy_high,64,50,eval_mean_mean_reserve_welfare,0.8444480742649497
ecology_perception_parallel_v1_r0_r3_mu010,"R0 (theta=1, matched mu=0.1)",patchy_high,64,50,final_wealth_gini,0.3615245590743381
ecology_perception_parallel_v1_r0_r3_mu010,"R0 (theta=1, matched mu=0.1)",split_high_low,64,50,eval_mean_mean_resource_fraction,0.12792994337428684
ecology_perception_parallel_v1_r0_r3_mu010,"R0 (theta=1, matched mu=0.1)",split_high_low,64,50,eval_mean_mean_reserve_welfare,0.6945373416533717
ecology_perception_parallel_v1_r0_r3_mu010,"R0 (theta=1, matched mu=0.1)",split_high_low,64,50,final_wealth_gini,0.5775432174861248
ecology_perception_parallel_v1_r0_r3_mu010,"R0 (theta=1, matched mu=0.1)",uniform_high,64,51,eval_mean_mean_resource_fraction,0.09981139301130362
ecology_perception_parallel_v1_r0_r3_mu010,"R0 (theta=1, matched mu=0.1)",uniform_high,64,51,eval_mean_mean_reserve_welfare,0.705645042049606
ecology_perception_parallel_v1_r0_r3_mu010,"R0 (theta=1, matched mu=0.1)",uniform_high,64,51,final_wealth_gini,0.4547955779127071
ecology_perception_parallel_v1_r0_r3_mu010,"R0 (theta=1, matched mu=0.1)",patchy_high,64,51,eval_mean_mean_resource_fraction,0.11841564319721266
ecology_perception_parallel_v1_r0_r3_mu010,"R0 (theta=1, matched mu=0.1)",patchy_high,64,51,eval_mean_mean_reserve_welfare,0.8381651362941807
ecology_perception_parallel_v1_r0_r3_mu010,"R0 (theta=1, matched mu=0.1)",patchy_high,64,51,final_wealth_gini,0.3848317397367855
ecology_perception_parallel_v1_r0_r3_mu010,"R0 (theta=1, matched mu=0.1)",split_high_low,64,51,eval_mean_mean_resource_fraction,0.14937526890980093
ecology_perception_parallel_v1_r0_r3_mu010,"R0 (theta=1, matched mu=0.1)",split_high_low,64,51,eval_mean_mean_reserve_welfare,0.566151961238294
ecology_perception_parallel_v1_r0_r3_mu010,"R0 (theta=1, matched mu=0.1)",split_high_low,64,51,final_wealth_gini,0.701090564040896
ecology_perception_parallel_v1_r0_r3_mu010,"R0 (theta=1, matched mu=0.1)",uniform_high,64,52,eval_mean_mean_resource_fraction,0.0819522315457759
ecology_perception_parallel_v1_r0_r3_mu010,"R0 (theta=1, matched mu=0.1)",uniform_high,64,52,eval_mean_mean_reserve_welfare,0.6406253973339907
ecology_perception_parallel_v1_r0_r3_mu010,"R0 (theta=1, matched mu=0.1)",uniform_high,64,52,final_wealth_gini,0.4870775485669534
ecology_perception_parallel_v1_r0_r3_mu010,"R0 (theta=1, matched mu=0.1)",patchy_high,64,52,eval_mean_mean_resource_fraction,0.09680465673482314
ecology_perception_parallel_v1_r0_r3_mu010,"R0 (theta=1, matched mu=0.1)",patchy_high,64,52,eval_mean_mean_reserve_welfare,0.7071740408731637
ecology_perception_parallel_v1_r0_r3_mu010,"R0 (theta=1, matched mu=0.1)",patchy_high,64,52,final_wealth_gini,0.44736000660835007
ecology_perception_parallel_v1_r0_r3_mu010,"R0 (theta=1, matched mu=0.1)",split_high_low,64,52,eval_mean_mean_resource_fraction,0.1198714024953427
ecology_perception_parallel_v1_r0_r3_mu010,"R0 (theta=1, matched mu=0.1)",split_high_low,64,52,eval_mean_mean_reserve_welfare,0.6962921192094945
ecology_perception_parallel_v1_r0_r3_mu010,"R0 (theta=1, matched mu=0.1)",split_high_low,64,52,final_wealth_gini,0.5448869143264492
ecology_perception_parallel_v1_r0_r3_mu010,"R0 (theta=1, matched mu=0.1)",uniform_high,64,53,eval_mean_mean_resource_fraction,0.14679505619943967
ecology_perception_parallel_v1_r0_r3_mu010,"R0 (theta=1, matched mu=0.1)",uniform_high,64,53,eval_mean_mean_reserve_welfare,0.7864584816143354
ecology_perception_parallel_v1_r0_r3_mu010,"R0 (theta=1, matched mu=0.1)",uniform_high,64,53,final_wealth_gini,0.45464044770276013
ecology_perception_parallel_v1_r0_r3_mu010,"R0 (theta=1, matched mu=0.1)",patchy_high,64,53,eval_mean_mean_resource_fraction,0.10588900689567006
ecology_perception_parallel_v1_r0_r3_mu010,"R0 (theta=1, matched mu=0.1)",patchy_high,64,53,eval_mean_mean_reserve_welfare,0.6972493701866616
ecology_perception_parallel_v1_r0_r3_mu010,"R0 (theta=1, matched mu=0.1)",patchy_high,64,53,final_wealth_gini,0.4609555947318522
ecology_perception_parallel_v1_r0_r3_mu010,"R0 (theta=1, matched mu=0.1)",split_high_low,64,53,eval_mean_mean_resource_fraction,0.13053163166369244
ecology_perception_parallel_v1_r0_r3_mu010,"R0 (theta=1, matched mu=0.1)",split_high_low,64,53,eval_mean_mean_reserve_welfare,0.628502116432586
ecology_perception_parallel_v1_r0_r3_mu010,"R0 (theta=1, matched mu=0.1)",split_high_low,64,53,final_wealth_gini,0.6562313086489446
ecology_perception_parallel_v1_r0_r3_mu010,"R0 (theta=1, matched mu=0.1)",uniform_high,64,54,eval_mean_mean_resource_fraction,0.11343107180493321
ecology_perception_parallel_v1_r0_r3_mu010,"R0 (theta=1, matched mu=0.1)",uniform_high,64,54,eval_mean_mean_reserve_welfare,0.8398423354167919
ecology_perception_parallel_v1_r0_r3_mu010,"R0 (theta=1, matched mu=0.1)",uniform_high,64,54,final_wealth_gini,0.351497331176468
ecology_perception_parallel_v1_r0_r3_mu010,"R0 (theta=1, matched mu=0.1)",patchy_high,64,54,eval_mean_mean_resource_fraction,0.10102659079460821
ecology_perception_parallel_v1_r0_r3_mu010,"R0 (theta=1, matched mu=0.1)",patchy_high,64,54,eval_mean_mean_reserve_welfare,0.8005120212407462
ecology_perception_parallel_v1_r0_r3_mu010,"R0 (theta=1, matched mu=0.1)",patchy_high,64,54,final_wealth_gini,0.39084686377240674
ecology_perception_parallel_v1_r0_r3_mu010,"R0 (theta=1, matched mu=0.1)",split_high_low,64,54,eval_mean_mean_resource_fraction,0.12188092251017357
ecology_perception_parallel_v1_r0_r3_mu010,"R0 (theta=1, matched mu=0.1)",split_high_low,64,54,eval_mean_mean_reserve_welfare,0.6951439294319125
ecology_perception_parallel_v1_r0_r3_mu010,"R0 (theta=1, matched mu=0.1)",split_high_low,64,54,final_wealth_gini,0.5654532327229458
ecology_perception_parallel_v1_r0_r3_mu010,"R0 (theta=1, matched mu=0.1)",uniform_high,64,55,eval_mean_mean_resource_fraction,0.10627241577400062
ecology_perception_parallel_v1_r0_r3_mu010,"R0 (theta=1, matched mu=0.1)",uniform_high,64,55,eval_mean_mean_reserve_welfare,0.6328533585604973
ecology_perception_parallel_v1_r0_r3_mu010,"R0 (theta=1, matched mu=0.1)",uniform_high,64,55,final_wealth_gini,0.5417287498549928
ecology_perception_parallel_v1_r0_r3_mu010,"R0 (theta=1, matched mu=0.1)",patchy_high,64,55,eval_mean_mean_resource_fraction,0.10375078442812093
ecology_perception_parallel_v1_r0_r3_mu010,"R0 (theta=1, matched mu=0.1)",patchy_high,64,55,eval_mean_mean_reserve_welfare,0.6339337414681931
ecology_perception_parallel_v1_r0_r3_mu010,"R0 (theta=1, matched mu=0.1)",patchy_high,64,55,final_wealth_gini,0.549080526026799
ecology_perception_parallel_v1_r0_r3_mu010,"R0 (theta=1, matched mu=0.1)",split_high_low,64,55,eval_mean_mean_resource_fraction,0.13723019490850316
ecology_perception_parallel_v1_r0_r3_mu010,"R0 (theta=1, matched mu=0.1)",split_high_low,64,55,eval_mean_mean_reserve_welfare,0.6282949342780119
ecology_perception_parallel_v1_r0_r3_mu010,"R0 (theta=1, matched mu=0.1)",split_high_low,64,55,final_wealth_gini,0.6549113211833222
ecology_perception_parallel_v1_r0_r3_mu010,"R0 (theta=1, matched mu=0.1)",uniform_high,64,56,eval_mean_mean_resource_fraction,0.1285626911036775
ecology_perception_parallel_v1_r0_r3_mu010,"R0 (theta=1, matched mu=0.1)",uniform_high,64,56,eval_mean_mean_reserve_welfare,0.7782499574076718
ecology_perception_parallel_v1_r0_r3_mu010,"R0 (theta=1, matched mu=0.1)",uniform_high,64,56,final_wealth_gini,0.45681038682330244
ecology_perception_parallel_v1_r0_r3_mu010,"R0 (theta=1, matched mu=0.1)",patchy_high,64,56,eval_mean_mean_resource_fraction,0.13073112983337337
ecology_perception_parallel_v1_r0_r3_mu010,"R0 (theta=1, matched mu=0.1)",patchy_high,64,56,eval_mean_mean_reserve_welfare,0.7921152694751442
ecology_perception_parallel_v1_r0_r3_mu010,"R0 (theta=1, matched mu=0.1)",patchy_high,64,56,final_wealth_gini,0.45854473154751796
ecology_perception_parallel_v1_r0_r3_mu010,"R0 (theta=1, matched mu=0.1)",split_high_low,64,56,eval_mean_mean_resource_fraction,0.13179157207509754
ecology_perception_parallel_v1_r0_r3_mu010,"R0 (theta=1, matched mu=0.1)",split_high_low,64,56,eval_mean_mean_reserve_welfare,0.6644361991811306
ecology_perception_parallel_v1_r0_r3_mu010,"R0 (theta=1, matched mu=0.1)",split_high_low,64,56,final_wealth_gini,0.6446700348908279
ecology_perception_parallel_v1_r0_r3_mu010,"R0 (theta=1, matched mu=0.1)",uniform_high,64,57,eval_mean_mean_resource_fraction,0.12662042477931867
ecology_perception_parallel_v1_r0_r3_mu010,"R0 (theta=1, matched mu=0.1)",uniform_high,64,57,eval_mean_mean_reserve_welfare,0.7912160356649713
ecology_perception_parallel_v1_r0_r3_mu010,"R0 (theta=1, matched mu=0.1)",uniform_high,64,57,final_wealth_gini,0.4190574432316996
ecology_perception_parallel_v1_r0_r3_mu010,"R0 (theta=1, matched mu=0.1)",patchy_high,64,57,eval_mean_mean_resource_fraction,0.13040937093433655
ecology_perception_parallel_v1_r0_r3_mu010,"R0 (theta=1, matched mu=0.1)",patchy_high,64,57,eval_mean_mean_reserve_welfare,0.8893168334599494
ecology_perception_parallel_v1_r0_r3_mu010,"R0 (theta=1, matched mu=0.1)",patchy_high,64,57,final_wealth_gini,0.3941467533470018
ecology_perception_parallel_v1_r0_r3_mu010,"R0 (theta=1, matched mu=0.1)",split_high_low,64,57,eval_mean_mean_resource_fraction,0.09029628130016346
ecology_perception_parallel_v1_r0_r3_mu010,"R0 (theta=1, matched mu=0.1)",split_high_low,64,57,eval_mean_mean_reserve_welfare,0.646833917648036
ecology_perception_parallel_v1_r0_r3_mu010,"R0 (theta=1, matched mu=0.1)",split_high_low,64,57,final_wealth_gini,0.5811758191043974
ecology_perception_parallel_v1_r0_r3_mu010,"R0 (theta=1, matched mu=0.1)",uniform_high,64,58,eval_mean_mean_resource_fraction,0.1211882166496718
ecology_perception_parallel_v1_r0_r3_mu010,"R0 (theta=1, matched mu=0.1)",uniform_high,64,58,eval_mean_mean_reserve_welfare,0.8308582910384739
ecology_perception_parallel_v1_r0_r3_mu010,"R0 (theta=1, matched mu=0.1)",uniform_high,64,58,final_wealth_gini,0.3879465184080715
ecology_perception_parallel_v1_r0_r3_mu010,"R0 (theta=1, matched mu=0.1)",patchy_high,64,58,eval_mean_mean_resource_fraction,0.11387183886265577
ecology_perception_parallel_v1_r0_r3_mu010,"R0 (theta=1, matched mu=0.1)",patchy_high,64,58,eval_mean_mean_reserve_welfare,0.7338067083334956
ecology_perception_parallel_v1_r0_r3_mu010,"R0 (theta=1, matched mu=0.1)",patchy_high,64,58,final_wealth_gini,0.4519161792337787
ecology_perception_parallel_v1_r0_r3_mu010,"R0 (theta=1, matched mu=0.1)",split_high_low,64,58,eval_mean_mean_resource_fraction,0.1508776509067327
ecology_perception_parallel_v1_r0_r3_mu010,"R0 (theta=1, matched mu=0.1)",split_high_low,64,58,eval_mean_mean_reserve_welfare,0.635400905494535
ecology_perception_parallel_v1_r0_r3_mu010,"R0 (theta=1, matched mu=0.1)",split_high_low,64,58,final_wealth_gini,0.6300216875694109
ecology_perception_parallel_v1_r0_r3_mu010,"R0 (theta=1, matched mu=0.1)",uniform_high,64,59,eval_mean_mean_resource_fraction,0.10782745285207757
ecology_perception_parallel_v1_r0_r3_mu010,"R0 (theta=1, matched mu=0.1)",uniform_high,64,59,eval_mean_mean_reserve_welfare,0.7651109551354704
ecology_perception_parallel_v1_r0_r3_mu010,"R0 (theta=1, matched mu=0.1)",uniform_high,64,59,final_wealth_gini,0.4527366116089324
ecology_perception_parallel_v1_r0_r3_mu010,"R0 (theta=1, matched mu=0.1)",patchy_high,64,59,eval_mean_mean_resource_fraction,0.08819338130146093
ecology_perception_parallel_v1_r0_r3_mu010,"R0 (theta=1, matched mu=0.1)",patchy_high,64,59,eval_mean_mean_reserve_welfare,0.6795958782808702
ecology_perception_parallel_v1_r0_r3_mu010,"R0 (theta=1, matched mu=0.1)",patchy_high,64,59,final_wealth_gini,0.503155082176233
ecology_perception_parallel_v1_r0_r3_mu010,"R0 (theta=1, matched mu=0.1)",split_high_low,64,59,eval_mean_mean_resource_fraction,0.16278323575903084
ecology_perception_parallel_v1_r0_r3_mu010,"R0 (theta=1, matched mu=0.1)",split_high_low,64,59,eval_mean_mean_reserve_welfare,0.6545789857612359
ecology_perception_parallel_v1_r0_r3_mu010,"R0 (theta=1, matched mu=0.1)",split_high_low,64,59,final_wealth_gini,0.6659340656083841
ecology_perception_parallel_v1_r0_r3_mu010,"R0 (theta=1, matched mu=0.1)",uniform_high,64,60,eval_mean_mean_resource_fraction,0.13514129112839407
ecology_perception_parallel_v1_r0_r3_mu010,"R0 (theta=1, matched mu=0.1)",uniform_high,64,60,eval_mean_mean_reserve_welfare,0.9010415136592169
ecology_perception_parallel_v1_r0_r3_mu010,"R0 (theta=1, matched mu=0.1)",uniform_high,64,60,final_wealth_gini,0.3658986083054061
ecology_perception_parallel_v1_r0_r3_mu010,"R0 (theta=1, matched mu=0.1)",patchy_high,64,60,eval_mean_mean_resource_fraction,0.10100441414936907
ecology_perception_parallel_v1_r0_r3_mu010,"R0 (theta=1, matched mu=0.1)",patchy_high,64,60,eval_mean_mean_reserve_welfare,0.8330039923885852
ecology_perception_parallel_v1_r0_r3_mu010,"R0 (theta=1, matched mu=0.1)",patchy_high,64,60,final_wealth_gini,0.38255280317998297
ecology_perception_parallel_v1_r0_r3_mu010,"R0 (theta=1, matched mu=0.1)",split_high_low,64,60,eval_mean_mean_resource_fraction,0.0927207468733781
ecology_perception_parallel_v1_r0_r3_mu010,"R0 (theta=1, matched mu=0.1)",split_high_low,64,60,eval_mean_mean_reserve_welfare,0.6343638540137135
ecology_perception_parallel_v1_r0_r3_mu010,"R0 (theta=1, matched mu=0.1)",split_high_low,64,60,final_wealth_gini,0.5915573820656304
ecology_perception_parallel_v1_r0_r3_mu010,"R0 (theta=1, matched mu=0.1)",uniform_high,64,61,eval_mean_mean_resource_fraction,0.09426008658492381
ecology_perception_parallel_v1_r0_r3_mu010,"R0 (theta=1, matched mu=0.1)",uniform_high,64,61,eval_mean_mean_reserve_welfare,0.6243164483989155
ecology_perception_parallel_v1_r0_r3_mu010,"R0 (theta=1, matched mu=0.1)",uniform_high,64,61,final_wealth_gini,0.4968885088373898
ecology_perception_parallel_v1_r0_r3_mu010,"R0 (theta=1, matched mu=0.1)",patchy_high,64,61,eval_mean_mean_resource_fraction,0.11687820132704162
ecology_perception_parallel_v1_r0_r3_mu010,"R0 (theta=1, matched mu=0.1)",patchy_high,64,61,eval_mean_mean_reserve_welfare,0.7442997287134745
ecology_perception_parallel_v1_r0_r3_mu010,"R0 (theta=1, matched mu=0.1)",patchy_high,64,61,final_wealth_gini,0.4448802303586459
ecology_perception_parallel_v1_r0_r3_mu010,"R0 (theta=1, matched mu=0.1)",split_high_low,64,61,eval_mean_mean_resource_fraction,0.16704323210087824
ecology_perception_parallel_v1_r0_r3_mu010,"R0 (theta=1, matched mu=0.1)",split_high_low,64,61,eval_mean_mean_reserve_welfare,0.633047568030197
ecology_perception_parallel_v1_r0_r3_mu010,"R0 (theta=1, matched mu=0.1)",split_high_low,64,61,final_wealth_gini,0.6557680062524507
ecology_perception_parallel_v1_r0_r3_mu010,"R0 (theta=1, matched mu=0.1)",uniform_high,64,62,eval_mean_mean_resource_fraction,0.1264633442047361
ecology_perception_parallel_v1_r0_r3_mu010,"R0 (theta=1, matched mu=0.1)",uniform_high,64,62,eval_mean_mean_reserve_welfare,0.8434239812898313
ecology_perception_parallel_v1_r0_r3_mu010,"R0 (theta=1, matched mu=0.1)",uniform_high,64,62,final_wealth_gini,0.3884051039823715
ecology_perception_parallel_v1_r0_r3_mu010,"R0 (theta=1, matched mu=0.1)",patchy_high,64,62,eval_mean_mean_resource_fraction,0.12019769548040454
ecology_perception_parallel_v1_r0_r3_mu010,"R0 (theta=1, matched mu=0.1)",patchy_high,64,62,eval_mean_mean_reserve_welfare,0.8285136006147921
ecology_perception_parallel_v1_r0_r3_mu010,"R0 (theta=1, matched mu=0.1)",patchy_high,64,62,final_wealth_gini,0.38338952947375393
ecology_perception_parallel_v1_r0_r3_mu010,"R0 (theta=1, matched mu=0.1)",split_high_low,64,62,eval_mean_mean_resource_fraction,0.13978226603320384
ecology_perception_parallel_v1_r0_r3_mu010,"R0 (theta=1, matched mu=0.1)",split_high_low,64,62,eval_mean_mean_reserve_welfare,0.6188864910739462
ecology_perception_parallel_v1_r0_r3_mu010,"R0 (theta=1, matched mu=0.1)",split_high_low,64,62,final_wealth_gini,0.6541868117854466
ecology_perception_parallel_v1_r0_r3_mu010,"R0 (theta=1, matched mu=0.1)",uniform_high,64,63,eval_mean_mean_resource_fraction,0.10516946041777069
ecology_perception_parallel_v1_r0_r3_mu010,"R0 (theta=1, matched mu=0.1)",uniform_high,64,63,eval_mean_mean_reserve_welfare,0.8152001736910323
ecology_perception_parallel_v1_r0_r3_mu010,"R0 (theta=1, matched mu=0.1)",uniform_high,64,63,final_wealth_gini,0.3762330109136611
ecology_perception_parallel_v1_r0_r3_mu010,"R0 (theta=1, matched mu=0.1)",patchy_high,64,63,eval_mean_mean_resource_fraction,0.12462045214555845
ecology_perception_parallel_v1_r0_r3_mu010,"R0 (theta=1, matched mu=0.1)",patchy_high,64,63,eval_mean_mean_reserve_welfare,0.8742481256712279
ecology_perception_parallel_v1_r0_r3_mu010,"R0 (theta=1, matched mu=0.1)",patchy_high,64,63,final_wealth_gini,0.3880513223520792
ecology_perception_parallel_v1_r0_r3_mu010,"R0 (theta=1, matched mu=0.1)",split_high_low,64,63,eval_mean_mean_resource_fraction,0.131420741637123
ecology_perception_parallel_v1_r0_r3_mu010,"R0 (theta=1, matched mu=0.1)",split_high_low,64,63,eval_mean_mean_reserve_welfare,0.7285067672762452
ecology_perception_parallel_v1_r0_r3_mu010,"R0 (theta=1, matched mu=0.1)",split_high_low,64,63,final_wealth_gini,0.5519654173562119
ecology_perception_parallel_v1_r0_r3_mu010,"R0 (theta=1, matched mu=0.1)",uniform_high,64,64,eval_mean_mean_resource_fraction,0.13064944869266745
ecology_perception_parallel_v1_r0_r3_mu010,"R0 (theta=1, matched mu=0.1)",uniform_high,64,64,eval_mean_mean_reserve_welfare,0.7848092432504756
ecology_perception_parallel_v1_r0_r3_mu010,"R0 (theta=1, matched mu=0.1)",uniform_high,64,64,final_wealth_gini,0.4311983750620516
ecology_perception_parallel_v1_r0_r3_mu010,"R0 (theta=1, matched mu=0.1)",patchy_high,64,64,eval_mean_mean_resource_fraction,0.12549579944398404
ecology_perception_parallel_v1_r0_r3_mu010,"R0 (theta=1, matched mu=0.1)",patchy_high,64,64,eval_mean_mean_reserve_welfare,0.7462906271491149
ecology_perception_parallel_v1_r0_r3_mu010,"R0 (theta=1, matched mu=0.1)",patchy_high,64,64,final_wealth_gini,0.43841837278812257
ecology_perception_parallel_v1_r0_r3_mu010,"R0 (theta=1, matched mu=0.1)",split_high_low,64,64,eval_mean_mean_resource_fraction,0.1550867337033816
ecology_perception_parallel_v1_r0_r3_mu010,"R0 (theta=1, matched mu=0.1)",split_high_low,64,64,eval_mean_mean_reserve_welfare,0.7060601993949451
ecology_perception_parallel_v1_r0_r3_mu010,"R0 (theta=1, matched mu=0.1)",split_high_low,64,64,final_wealth_gini,0.5388181012859226
ecology_perception_parallel_v1_r0_r3_mu010,"R0 (theta=1, matched mu=0.1)",uniform_high,64,65,eval_mean_mean_resource_fraction,0.08473299010176782
ecology_perception_parallel_v1_r0_r3_mu010,"R0 (theta=1, matched mu=0.1)",uniform_high,64,65,eval_mean_mean_reserve_welfare,0.7746673869731494
ecology_perception_parallel_v1_r0_r3_mu010,"R0 (theta=1, matched mu=0.1)",uniform_high,64,65,final_wealth_gini,0.3332397366063604
ecology_perception_parallel_v1_r0_r3_mu010,"R0 (theta=1, matched mu=0.1)",patchy_high,64,65,eval_mean_mean_resource_fraction,0.11672203011066395
ecology_perception_parallel_v1_r0_r3_mu010,"R0 (theta=1, matched mu=0.1)",patchy_high,64,65,eval_mean_mean_reserve_welfare,0.8511021353983266
ecology_perception_parallel_v1_r0_r3_mu010,"R0 (theta=1, matched mu=0.1)",patchy_high,64,65,final_wealth_gini,0.3554708947333045
ecology_perception_parallel_v1_r0_r3_mu010,"R0 (theta=1, matched mu=0.1)",split_high_low,64,65,eval_mean_mean_resource_fraction,0.09579034537717537
ecology_perception_parallel_v1_r0_r3_mu010,"R0 (theta=1, matched mu=0.1)",split_high_low,64,65,eval_mean_mean_reserve_welfare,0.7078721848897103
ecology_perception_parallel_v1_r0_r3_mu010,"R0 (theta=1, matched mu=0.1)",split_high_low,64,65,final_wealth_gini,0.5602889863255449
ecology_perception_parallel_v1_r0_r3_mu010,"R0 (theta=1, matched mu=0.1)",uniform_high,64,66,eval_mean_mean_resource_fraction,0.11931281657510323
ecology_perception_parallel_v1_r0_r3_mu010,"R0 (theta=1, matched mu=0.1)",uniform_high,64,66,eval_mean_mean_reserve_welfare,0.7212327617150445
ecology_perception_parallel_v1_r0_r3_mu010,"R0 (theta=1, matched mu=0.1)",uniform_high,64,66,final_wealth_gini,0.4771466954363328
ecology_perception_parallel_v1_r0_r3_mu010,"R0 (theta=1, matched mu=0.1)",patchy_high,64,66,eval_mean_mean_resource_fraction,0.14491160669177924
ecology_perception_parallel_v1_r0_r3_mu010,"R0 (theta=1, matched mu=0.1)",patchy_high,64,66,eval_mean_mean_reserve_welfare,0.7737641408612087
ecology_perception_parallel_v1_r0_r3_mu010,"R0 (theta=1, matched mu=0.1)",patchy_high,64,66,final_wealth_gini,0.4666958903209151
ecology_perception_parallel_v1_r0_r3_mu010,"R0 (theta=1, matched mu=0.1)",split_high_low,64,66,eval_mean_mean_resource_fraction,0.13528250341875053
ecology_perception_parallel_v1_r0_r3_mu010,"R0 (theta=1, matched mu=0.1)",split_high_low,64,66,eval_mean_mean_reserve_welfare,0.6153870872164957
ecology_perception_parallel_v1_r0_r3_mu010,"R0 (theta=1, matched mu=0.1)",split_high_low,64,66,final_wealth_gini,0.6567774697340061
ecology_perception_parallel_v1_r0_r3_mu010,"R0 (theta=1, matched mu=0.1)",uniform_high,64,67,eval_mean_mean_resource_fraction,0.09508600276889874
ecology_perception_parallel_v1_r0_r3_mu010,"R0 (theta=1, matched mu=0.1)",uniform_high,64,67,eval_mean_mean_reserve_welfare,0.6785566510220992
ecology_perception_parallel_v1_r0_r3_mu010,"R0 (theta=1, matched mu=0.1)",uniform_high,64,67,final_wealth_gini,0.49249347938931054
ecology_perception_parallel_v1_r0_r3_mu010,"R0 (theta=1, matched mu=0.1)",patchy_high,64,67,eval_mean_mean_resource_fraction,0.09732958149372946
ecology_perception_parallel_v1_r0_r3_mu010,"R0 (theta=1, matched mu=0.1)",patchy_high,64,67,eval_mean_mean_reserve_welfare,0.6975578244788839
ecology_perception_parallel_v1_r0_r3_mu010,"R0 (theta=1, matched mu=0.1)",patchy_high,64,67,final_wealth_gini,0.4855376518244896
ecology_perception_parallel_v1_r0_r3_mu010,"R0 (theta=1, matched mu=0.1)",split_high_low,64,67,eval_mean_mean_resource_fraction,0.1766668853679731
ecology_perception_parallel_v1_r0_r3_mu010,"R0 (theta=1, matched mu=0.1)",split_high_low,64,67,eval_mean_mean_reserve_welfare,0.6250579054601565
ecology_perception_parallel_v1_r0_r3_mu010,"R0 (theta=1, matched mu=0.1)",split_high_low,64,67,final_wealth_gini,0.6651835975983103
ecology_perception_parallel_v1_r0_r3_mu010,"R0 (theta=1, matched mu=0.1)",uniform_high,64,68,eval_mean_mean_resource_fraction,0.12344567634881559
ecology_perception_parallel_v1_r0_r3_mu010,"R0 (theta=1, matched mu=0.1)",uniform_high,64,68,eval_mean_mean_reserve_welfare,0.8480387839805588
ecology_perception_parallel_v1_r0_r3_mu010,"R0 (theta=1, matched mu=0.1)",uniform_high,64,68,final_wealth_gini,0.37121693007162504
ecology_perception_parallel_v1_r0_r3_mu010,"R0 (theta=1, matched mu=0.1)",patchy_high,64,68,eval_mean_mean_resource_fraction,0.07065227865016235
ecology_perception_parallel_v1_r0_r3_mu010,"R0 (theta=1, matched mu=0.1)",patchy_high,64,68,eval_mean_mean_reserve_welfare,0.6544812310217951
ecology_perception_parallel_v1_r0_r3_mu010,"R0 (theta=1, matched mu=0.1)",patchy_high,64,68,final_wealth_gini,0.40441607266473145
ecology_perception_parallel_v1_r0_r3_mu010,"R0 (theta=1, matched mu=0.1)",split_high_low,64,68,eval_mean_mean_resource_fraction,0.07639069351508672
ecology_perception_parallel_v1_r0_r3_mu010,"R0 (theta=1, matched mu=0.1)",split_high_low,64,68,eval_mean_mean_reserve_welfare,0.7023292160216822
ecology_perception_parallel_v1_r0_r3_mu010,"R0 (theta=1, matched mu=0.1)",split_high_low,64,68,final_wealth_gini,0.5449088785672762
ecology_perception_parallel_v1_r0_r3_mu010,"R0 (theta=1, matched mu=0.1)",uniform_high,64,69,eval_mean_mean_resource_fraction,0.15289356769411933
ecology_perception_parallel_v1_r0_r3_mu010,"R0 (theta=1, matched mu=0.1)",uniform_high,64,69,eval_mean_mean_reserve_welfare,0.7419885301504019
ecology_perception_parallel_v1_r0_r3_mu010,"R0 (theta=1, matched mu=0.1)",uniform_high,64,69,final_wealth_gini,0.5018736881505188
ecology_perception_parallel_v1_r0_r3_mu010,"R0 (theta=1, matched mu=0.1)",patchy_high,64,69,eval_mean_mean_resource_fraction,0.12387889348918965
ecology_perception_parallel_v1_r0_r3_mu010,"R0 (theta=1, matched mu=0.1)",patchy_high,64,69,eval_mean_mean_reserve_welfare,0.6682324101233628
ecology_perception_parallel_v1_r0_r3_mu010,"R0 (theta=1, matched mu=0.1)",patchy_high,64,69,final_wealth_gini,0.5050113820324198
ecology_perception_parallel_v1_r0_r3_mu010,"R0 (theta=1, matched mu=0.1)",split_high_low,64,69,eval_mean_mean_resource_fraction,0.1009641165101234
ecology_perception_parallel_v1_r0_r3_mu010,"R0 (theta=1, matched mu=0.1)",split_high_low,64,69,eval_mean_mean_reserve_welfare,0.6172978514665632
ecology_perception_parallel_v1_r0_r3_mu010,"R0 (theta=1, matched mu=0.1)",split_high_low,64,69,final_wealth_gini,0.558289405369927
ecology_perception_parallel_v1_r0_r3_mu010,"R0 (theta=1, matched mu=0.1)",uniform_high,64,70,eval_mean_mean_resource_fraction,0.10430683160595705
ecology_perception_parallel_v1_r0_r3_mu010,"R0 (theta=1, matched mu=0.1)",uniform_high,64,70,eval_mean_mean_reserve_welfare,0.8494662362117879
ecology_perception_parallel_v1_r0_r3_mu010,"R0 (theta=1, matched mu=0.1)",uniform_high,64,70,final_wealth_gini,0.3759807706664735
ecology_perception_parallel_v1_r0_r3_mu010,"R0 (theta=1, matched mu=0.1)",patchy_high,64,70,eval_mean_mean_resource_fraction,0.08949818622225636
ecology_perception_parallel_v1_r0_r3_mu010,"R0 (theta=1, matched mu=0.1)",patchy_high,64,70,eval_mean_mean_reserve_welfare,0.790931828059299
ecology_perception_parallel_v1_r0_r3_mu010,"R0 (theta=1, matched mu=0.1)",patchy_high,64,70,final_wealth_gini,0.37836903520157716
ecology_perception_parallel_v1_r0_r3_mu010,"R0 (theta=1, matched mu=0.1)",split_high_low,64,70,eval_mean_mean_resource_fraction,0.147306464313098
ecology_perception_parallel_v1_r0_r3_mu010,"R0 (theta=1, matched mu=0.1)",split_high_low,64,70,eval_mean_mean_reserve_welfare,0.6464028928529525
ecology_perception_parallel_v1_r0_r3_mu010,"R0 (theta=1, matched mu=0.1)",split_high_low,64,70,final_wealth_gini,0.6294887378442071
ecology_perception_parallel_v1_r0_r3_mu010,"R0 (theta=1, matched mu=0.1)",uniform_high,64,71,eval_mean_mean_resource_fraction,0.13714517375180593
ecology_perception_parallel_v1_r0_r3_mu010,"R0 (theta=1, matched mu=0.1)",uniform_high,64,71,eval_mean_mean_reserve_welfare,0.818235619239817
ecology_perception_parallel_v1_r0_r3_mu010,"R0 (theta=1, matched mu=0.1)",uniform_high,64,71,final_wealth_gini,0.447283698553504
ecology_perception_parallel_v1_r0_r3_mu010,"R0 (theta=1, matched mu=0.1)",patchy_high,64,71,eval_mean_mean_resource_fraction,0.07064887911016308
ecology_perception_parallel_v1_r0_r3_mu010,"R0 (theta=1, matched mu=0.1)",patchy_high,64,71,eval_mean_mean_reserve_welfare,0.6890215278001257
ecology_perception_parallel_v1_r0_r3_mu010,"R0 (theta=1, matched mu=0.1)",patchy_high,64,71,final_wealth_gini,0.41660411081122883
ecology_perception_parallel_v1_r0_r3_mu010,"R0 (theta=1, matched mu=0.1)",split_high_low,64,71,eval_mean_mean_resource_fraction,0.06496416691515035
ecology_perception_parallel_v1_r0_r3_mu010,"R0 (theta=1, matched mu=0.1)",split_high_low,64,71,eval_mean_mean_reserve_welfare,0.6282516681502425
ecology_perception_parallel_v1_r0_r3_mu010,"R0 (theta=1, matched mu=0.1)",split_high_low,64,71,final_wealth_gini,0.5835656957800825
ecology_perception_parallel_v1_r0_r3_mu010,"R0 (theta=1, matched mu=0.1)",uniform_high,64,72,eval_mean_mean_resource_fraction,0.07125206231919744
ecology_perception_parallel_v1_r0_r3_mu010,"R0 (theta=1, matched mu=0.1)",uniform_high,64,72,eval_mean_mean_reserve_welfare,0.7170298519694006
ecology_perception_parallel_v1_r0_r3_mu010,"R0 (theta=1, matched mu=0.1)",uniform_high,64,72,final_wealth_gini,0.3155813605603617
ecology_perception_parallel_v1_r0_r3_mu010,"R0 (theta=1, matched mu=0.1)",patchy_high,64,72,eval_mean_mean_resource_fraction,0.10060966618232695
ecology_perception_parallel_v1_r0_r3_mu010,"R0 (theta=1, matched mu=0.1)",patchy_high,64,72,eval_mean_mean_reserve_welfare,0.7488729628374355
ecology_perception_parallel_v1_r0_r3_mu010,"R0 (theta=1, matched mu=0.1)",patchy_high,64,72,final_wealth_gini,0.3804449218594397
ecology_perception_parallel_v1_r0_r3_mu010,"R0 (theta=1, matched mu=0.1)",split_high_low,64,72,eval_mean_mean_resource_fraction,0.08326067080592955
ecology_perception_parallel_v1_r0_r3_mu010,"R0 (theta=1, matched mu=0.1)",split_high_low,64,72,eval_mean_mean_reserve_welfare,0.6578407715544711
ecology_perception_parallel_v1_r0_r3_mu010,"R0 (theta=1, matched mu=0.1)",split_high_low,64,72,final_wealth_gini,0.5732028938115412
ecology_perception_parallel_v1_r0_r3_mu010,"R0 (theta=1, matched mu=0.1)",uniform_high,64,73,eval_mean_mean_resource_fraction,0.09561223964879406
ecology_perception_parallel_v1_r0_r3_mu010,"R0 (theta=1, matched mu=0.1)",uniform_high,64,73,eval_mean_mean_reserve_welfare,0.7265230267537869
ecology_perception_parallel_v1_r0_r3_mu010,"R0 (theta=1, matched mu=0.1)",uniform_high,64,73,final_wealth_gini,0.44204421798374893
ecology_perception_parallel_v1_r0_r3_mu010,"R0 (theta=1, matched mu=0.1)",patchy_high,64,73,eval_mean_mean_resource_fraction,0.098447648636999
ecology_perception_parallel_v1_r0_r3_mu010,"R0 (theta=1, matched mu=0.1)",patchy_high,64,73,eval_mean_mean_reserve_welfare,0.7373419733013095
ecology_perception_parallel_v1_r0_r3_mu010,"R0 (theta=1, matched mu=0.1)",patchy_high,64,73,final_wealth_gini,0.42572741344343545
ecology_perception_parallel_v1_r0_r3_mu010,"R0 (theta=1, matched mu=0.1)",split_high_low,64,73,eval_mean_mean_resource_fraction,0.189606663870891
ecology_perception_parallel_v1_r0_r3_mu010,"R0 (theta=1, matched mu=0.1)",split_high_low,64,73,eval_mean_mean_reserve_welfare,0.6559847150533147
ecology_perception_parallel_v1_r0_r3_mu010,"R0 (theta=1, matched mu=0.1)",split_high_low,64,73,final_wealth_gini,0.6355076468879748
ecology_perception_parallel_v1_r0_r3_mu010,"R0 (theta=1, matched mu=0.1)",uniform_high,64,74,eval_mean_mean_resource_fraction,0.1561212181129549
ecology_perception_parallel_v1_r0_r3_mu010,"R0 (theta=1, matched mu=0.1)",uniform_high,64,74,eval_mean_mean_reserve_welfare,0.8257334433590918
ecology_perception_parallel_v1_r0_r3_mu010,"R0 (theta=1, matched mu=0.1)",uniform_high,64,74,final_wealth_gini,0.46291074997862625
ecology_perception_parallel_v1_r0_r3_mu010,"R0 (theta=1, matched mu=0.1)",patchy_high,64,74,eval_mean_mean_resource_fraction,0.2036336586930654
ecology_perception_parallel_v1_r0_r3_mu010,"R0 (theta=1, matched mu=0.1)",patchy_high,64,74,eval_mean_mean_reserve_welfare,0.8360186355712104
ecology_perception_parallel_v1_r0_r3_mu010,"R0 (theta=1, matched mu=0.1)",patchy_high,64,74,final_wealth_gini,0.48658346939162356
ecology_perception_parallel_v1_r0_r3_mu010,"R0 (theta=1, matched mu=0.1)",split_high_low,64,74,eval_mean_mean_resource_fraction,0.2165092622130125
ecology_perception_parallel_v1_r0_r3_mu010,"R0 (theta=1, matched mu=0.1)",split_high_low,64,74,eval_mean_mean_reserve_welfare,0.7173110267667822
ecology_perception_parallel_v1_r0_r3_mu010,"R0 (theta=1, matched mu=0.1)",split_high_low,64,74,final_wealth_gini,0.6112998897058579
ecology_perception_parallel_v1_r0_r3_mu010,"R0 (theta=1, matched mu=0.1)",uniform_high,64,75,eval_mean_mean_resource_fraction,0.0802484486207102
ecology_perception_parallel_v1_r0_r3_mu010,"R0 (theta=1, matched mu=0.1)",uniform_high,64,75,eval_mean_mean_reserve_welfare,0.6928313674538962
ecology_perception_parallel_v1_r0_r3_mu010,"R0 (theta=1, matched mu=0.1)",uniform_high,64,75,final_wealth_gini,0.43604144585678695
ecology_perception_parallel_v1_r0_r3_mu010,"R0 (theta=1, matched mu=0.1)",patchy_high,64,75,eval_mean_mean_resource_fraction,0.08074324573917656
ecology_perception_parallel_v1_r0_r3_mu010,"R0 (theta=1, matched mu=0.1)",patchy_high,64,75,eval_mean_mean_reserve_welfare,0.7376466803555498
ecology_perception_parallel_v1_r0_r3_mu010,"R0 (theta=1, matched mu=0.1)",patchy_high,64,75,final_wealth_gini,0.4102508789831796
ecology_perception_parallel_v1_r0_r3_mu010,"R0 (theta=1, matched mu=0.1)",split_high_low,64,75,eval_mean_mean_resource_fraction,0.1173372616525642
ecology_perception_parallel_v1_r0_r3_mu010,"R0 (theta=1, matched mu=0.1)",split_high_low,64,75,eval_mean_mean_reserve_welfare,0.7278651043036326
ecology_perception_parallel_v1_r0_r3_mu010,"R0 (theta=1, matched mu=0.1)",split_high_low,64,75,final_wealth_gini,0.5392497781991779
ecology_perception_parallel_v1_r0_r3_mu010,"R0 (theta=1, matched mu=0.1)",uniform_high,64,76,eval_mean_mean_resource_fraction,0.08218131354544783
ecology_perception_parallel_v1_r0_r3_mu010,"R0 (theta=1, matched mu=0.1)",uniform_high,64,76,eval_mean_mean_reserve_welfare,0.6012896034365985
ecology_perception_parallel_v1_r0_r3_mu010,"R0 (theta=1, matched mu=0.1)",uniform_high,64,76,final_wealth_gini,0.48668842335094964
ecology_perception_parallel_v1_r0_r3_mu010,"R0 (theta=1, matched mu=0.1)",patchy_high,64,76,eval_mean_mean_resource_fraction,0.11409539708334343
ecology_perception_parallel_v1_r0_r3_mu010,"R0 (theta=1, matched mu=0.1)",patchy_high,64,76,eval_mean_mean_reserve_welfare,0.7420781054086805
ecology_perception_parallel_v1_r0_r3_mu010,"R0 (theta=1, matched mu=0.1)",patchy_high,64,76,final_wealth_gini,0.459106893749587
ecology_perception_parallel_v1_r0_r3_mu010,"R0 (theta=1, matched mu=0.1)",split_high_low,64,76,eval_mean_mean_resource_fraction,0.1046942910031583
ecology_perception_parallel_v1_r0_r3_mu010,"R0 (theta=1, matched mu=0.1)",split_high_low,64,76,eval_mean_mean_reserve_welfare,0.5291154673788251
ecology_perception_parallel_v1_r0_r3_mu010,"R0 (theta=1, matched mu=0.1)",split_high_low,64,76,final_wealth_gini,0.7029333481172975
ecology_perception_parallel_v1_r0_r3_mu010,"R0 (theta=1, matched mu=0.1)",uniform_high,64,77,eval_mean_mean_resource_fraction,0.06098292144041535
ecology_perception_parallel_v1_r0_r3_mu010,"R0 (theta=1, matched mu=0.1)",uniform_high,64,77,eval_mean_mean_reserve_welfare,0.5958111155684735
ecology_perception_parallel_v1_r0_r3_mu010,"R0 (theta=1, matched mu=0.1)",uniform_high,64,77,final_wealth_gini,0.4107409142495222
ecology_perception_parallel_v1_r0_r3_mu010,"R0 (theta=1, matched mu=0.1)",patchy_high,64,77,eval_mean_mean_resource_fraction,0.16083738626369073
ecology_perception_parallel_v1_r0_r3_mu010,"R0 (theta=1, matched mu=0.1)",patchy_high,64,77,eval_mean_mean_reserve_welfare,0.9120051930766494
ecology_perception_parallel_v1_r0_r3_mu010,"R0 (theta=1, matched mu=0.1)",patchy_high,64,77,final_wealth_gini,0.40377853904300176
ecology_perception_parallel_v1_r0_r3_mu010,"R0 (theta=1, matched mu=0.1)",split_high_low,64,77,eval_mean_mean_resource_fraction,0.12286339520710152
ecology_perception_parallel_v1_r0_r3_mu010,"R0 (theta=1, matched mu=0.1)",split_high_low,64,77,eval_mean_mean_reserve_welfare,0.7202765806328316
ecology_perception_parallel_v1_r0_r3_mu010,"R0 (theta=1, matched mu=0.1)",split_high_low,64,77,final_wealth_gini,0.5849600450539663
ecology_perception_parallel_v1_r0_r3_mu010,"R0 (theta=1, matched mu=0.1)",uniform_high,64,78,eval_mean_mean_resource_fraction,0.08174936376960026
ecology_perception_parallel_v1_r0_r3_mu010,"R0 (theta=1, matched mu=0.1)",uniform_high,64,78,eval_mean_mean_reserve_welfare,0.7297445795907991
ecology_perception_parallel_v1_r0_r3_mu010,"R0 (theta=1, matched mu=0.1)",uniform_high,64,78,final_wealth_gini,0.41489978460033305
ecology_perception_parallel_v1_r0_r3_mu010,"R0 (theta=1, matched mu=0.1)",patchy_high,64,78,eval_mean_mean_resource_fraction,0.05292549433183908
ecology_perception_parallel_v1_r0_r3_mu010,"R0 (theta=1, matched mu=0.1)",patchy_high,64,78,eval_mean_mean_reserve_welfare,0.663112145064637
ecology_perception_parallel_v1_r0_r3_mu010,"R0 (theta=1, matched mu=0.1)",patchy_high,64,78,final_wealth_gini,0.3251598451703963
ecology_perception_parallel_v1_r0_r3_mu010,"R0 (theta=1, matched mu=0.1)",split_high_low,64,78,eval_mean_mean_resource_fraction,0.07640762031289422
ecology_perception_parallel_v1_r0_r3_mu010,"R0 (theta=1, matched mu=0.1)",split_high_low,64,78,eval_mean_mean_reserve_welfare,0.6087743807482634
ecology_perception_parallel_v1_r0_r3_mu010,"R0 (theta=1, matched mu=0.1)",split_high_low,64,78,final_wealth_gini,0.6149173734141893
ecology_perception_parallel_v1_r0_r3_mu010,"R0 (theta=1, matched mu=0.1)",uniform_high,64,79,eval_mean_mean_resource_fraction,0.1555732341194807
ecology_perception_parallel_v1_r0_r3_mu010,"R0 (theta=1, matched mu=0.1)",uniform_high,64,79,eval_mean_mean_reserve_welfare,0.8131978363865421
ecology_perception_parallel_v1_r0_r3_mu010,"R0 (theta=1, matched mu=0.1)",uniform_high,64,79,final_wealth_gini,0.4709741353460015
ecology_perception_parallel_v1_r0_r3_mu010,"R0 (theta=1, matched mu=0.1)",patchy_high,64,79,eval_mean_mean_resource_fraction,0.10609195162370279
ecology_perception_parallel_v1_r0_r3_mu010,"R0 (theta=1, matched mu=0.1)",patchy_high,64,79,eval_mean_mean_reserve_welfare,0.7225345155801567
ecology_perception_parallel_v1_r0_r3_mu010,"R0 (theta=1, matched mu=0.1)",patchy_high,64,79,final_wealth_gini,0.4591444338439512
ecology_perception_parallel_v1_r0_r3_mu010,"R0 (theta=1, matched mu=0.1)",split_high_low,64,79,eval_mean_mean_resource_fraction,0.1330987136194729
ecology_perception_parallel_v1_r0_r3_mu010,"R0 (theta=1, matched mu=0.1)",split_high_low,64,79,eval_mean_mean_reserve_welfare,0.7046402773415018
ecology_perception_parallel_v1_r0_r3_mu010,"R0 (theta=1, matched mu=0.1)",split_high_low,64,79,final_wealth_gini,0.6197553487442282
ecology_perception_parallel_v1_r0_r3_mu010,"R0 (theta=1, matched mu=0.1)",uniform_high,64,80,eval_mean_mean_resource_fraction,0.11538589797086644
ecology_perception_parallel_v1_r0_r3_mu010,"R0 (theta=1, matched mu=0.1)",uniform_high,64,80,eval_mean_mean_reserve_welfare,0.7161086597028639
ecology_perception_parallel_v1_r0_r3_mu010,"R0 (theta=1, matched mu=0.1)",uniform_high,64,80,final_wealth_gini,0.5329853620046716
ecology_perception_parallel_v1_r0_r3_mu010,"R0 (theta=1, matched mu=0.1)",patchy_high,64,80,eval_mean_mean_resource_fraction,0.09763144886168408
ecology_perception_parallel_v1_r0_r3_mu010,"R0 (theta=1, matched mu=0.1)",patchy_high,64,80,eval_mean_mean_reserve_welfare,0.7218784856503583
ecology_perception_parallel_v1_r0_r3_mu010,"R0 (theta=1, matched mu=0.1)",patchy_high,64,80,final_wealth_gini,0.4923402705471529
ecology_perception_parallel_v1_r0_r3_mu010,"R0 (theta=1, matched mu=0.1)",split_high_low,64,80,eval_mean_mean_resource_fraction,0.14532185201248307
ecology_perception_parallel_v1_r0_r3_mu010,"R0 (theta=1, matched mu=0.1)",split_high_low,64,80,eval_mean_mean_reserve_welfare,0.5854720027537315
ecology_perception_parallel_v1_r0_r3_mu010,"R0 (theta=1, matched mu=0.1)",split_high_low,64,80,final_wealth_gini,0.6846798157839347
ecology_perception_parallel_v1_r0_r3_mu010,"R0 (theta=1, matched mu=0.1)",uniform_high,64,81,eval_mean_mean_resource_fraction,0.0762143315653463
ecology_perception_parallel_v1_r0_r3_mu010,"R0 (theta=1, matched mu=0.1)",uniform_high,64,81,eval_mean_mean_reserve_welfare,0.6909092360765173
ecology_perception_parallel_v1_r0_r3_mu010,"R0 (theta=1, matched mu=0.1)",uniform_high,64,81,final_wealth_gini,0.43711790501101633
ecology_perception_parallel_v1_r0_r3_mu010,"R0 (theta=1, matched mu=0.1)",patchy_high,64,81,eval_mean_mean_resource_fraction,0.08312777535103413
ecology_perception_parallel_v1_r0_r3_mu010,"R0 (theta=1, matched mu=0.1)",patchy_high,64,81,eval_mean_mean_reserve_welfare,0.683732121726559
ecology_perception_parallel_v1_r0_r3_mu010,"R0 (theta=1, matched mu=0.1)",patchy_high,64,81,final_wealth_gini,0.47007045199166564
ecology_perception_parallel_v1_r0_r3_mu010,"R0 (theta=1, matched mu=0.1)",split_high_low,64,81,eval_mean_mean_resource_fraction,0.14833492020043137
ecology_perception_parallel_v1_r0_r3_mu010,"R0 (theta=1, matched mu=0.1)",split_high_low,64,81,eval_mean_mean_reserve_welfare,0.6338094235547833
ecology_perception_parallel_v1_r0_r3_mu010,"R0 (theta=1, matched mu=0.1)",split_high_low,64,81,final_wealth_gini,0.6430669589557014
ecology_perception_parallel_v1_r0_r3_mu010,"R0 (theta=1, matched mu=0.1)",uniform_high,64,82,eval_mean_mean_resource_fraction,0.140353178005029
ecology_perception_parallel_v1_r0_r3_mu010,"R0 (theta=1, matched mu=0.1)",uniform_high,64,82,eval_mean_mean_reserve_welfare,0.775524596679965
ecology_perception_parallel_v1_r0_r3_mu010,"R0 (theta=1, matched mu=0.1)",uniform_high,64,82,final_wealth_gini,0.48643961954445825
ecology_perception_parallel_v1_r0_r3_mu010,"R0 (theta=1, matched mu=0.1)",patchy_high,64,82,eval_mean_mean_resource_fraction,0.1540125158649332
ecology_perception_parallel_v1_r0_r3_mu010,"R0 (theta=1, matched mu=0.1)",patchy_high,64,82,eval_mean_mean_reserve_welfare,0.7890112148890982
ecology_perception_parallel_v1_r0_r3_mu010,"R0 (theta=1, matched mu=0.1)",patchy_high,64,82,final_wealth_gini,0.481314094073114
ecology_perception_parallel_v1_r0_r3_mu010,"R0 (theta=1, matched mu=0.1)",split_high_low,64,82,eval_mean_mean_resource_fraction,0.08376693623298545
ecology_perception_parallel_v1_r0_r3_mu010,"R0 (theta=1, matched mu=0.1)",split_high_low,64,82,eval_mean_mean_reserve_welfare,0.604184899424902
ecology_perception_parallel_v1_r0_r3_mu010,"R0 (theta=1, matched mu=0.1)",split_high_low,64,82,final_wealth_gini,0.6050901718843982
ecology_perception_parallel_v1_r0_r3_mu010,"R0 (theta=1, matched mu=0.1)",uniform_high,64,83,eval_mean_mean_resource_fraction,0.07997312496826851
ecology_perception_parallel_v1_r0_r3_mu010,"R0 (theta=1, matched mu=0.1)",uniform_high,64,83,eval_mean_mean_reserve_welfare,0.7078889905567836
ecology_perception_parallel_v1_r0_r3_mu010,"R0 (theta=1, matched mu=0.1)",uniform_high,64,83,final_wealth_gini,0.45034057864451094
ecology_perception_parallel_v1_r0_r3_mu010,"R0 (theta=1, matched mu=0.1)",patchy_high,64,83,eval_mean_mean_resource_fraction,0.07383152691776387
ecology_perception_parallel_v1_r0_r3_mu010,"R0 (theta=1, matched mu=0.1)",patchy_high,64,83,eval_mean_mean_reserve_welfare,0.6502526519395669
ecology_perception_parallel_v1_r0_r3_mu010,"R0 (theta=1, matched mu=0.1)",patchy_high,64,83,final_wealth_gini,0.39713820046965
ecology_perception_parallel_v1_r0_r3_mu010,"R0 (theta=1, matched mu=0.1)",split_high_low,64,83,eval_mean_mean_resource_fraction,0.1129672287264727
ecology_perception_parallel_v1_r0_r3_mu010,"R0 (theta=1, matched mu=0.1)",split_high_low,64,83,eval_mean_mean_reserve_welfare,0.6577156909455544
ecology_perception_parallel_v1_r0_r3_mu010,"R0 (theta=1, matched mu=0.1)",split_high_low,64,83,final_wealth_gini,0.598949418880169
ecology_perception_parallel_v1_r0_r3_mu010,"R0 (theta=1, matched mu=0.1)",uniform_high,64,84,eval_mean_mean_resource_fraction,0.1277315570534677
ecology_perception_parallel_v1_r0_r3_mu010,"R0 (theta=1, matched mu=0.1)",uniform_high,64,84,eval_mean_mean_reserve_welfare,0.7809250343616486
ecology_perception_parallel_v1_r0_r3_mu010,"R0 (theta=1, matched mu=0.1)",uniform_high,64,84,final_wealth_gini,0.4601509650919089
ecology_perception_parallel_v1_r0_r3_mu010,"R0 (theta=1, matched mu=0.1)",patchy_high,64,84,eval_mean_mean_resource_fraction,0.13742962654661153
ecology_perception_parallel_v1_r0_r3_mu010,"R0 (theta=1, matched mu=0.1)",patchy_high,64,84,eval_mean_mean_reserve_welfare,0.8110300271339366
ecology_perception_parallel_v1_r0_r3_mu010,"R0 (theta=1, matched mu=0.1)",patchy_high,64,84,final_wealth_gini,0.4618255866707093
ecology_perception_parallel_v1_r0_r3_mu010,"R0 (theta=1, matched mu=0.1)",split_high_low,64,84,eval_mean_mean_resource_fraction,0.08256199523147052
ecology_perception_parallel_v1_r0_r3_mu010,"R0 (theta=1, matched mu=0.1)",split_high_low,64,84,eval_mean_mean_reserve_welfare,0.5762268642086368
ecology_perception_parallel_v1_r0_r3_mu010,"R0 (theta=1, matched mu=0.1)",split_high_low,64,84,final_wealth_gini,0.6344049401684075
ecology_perception_parallel_v1_r0_r3_mu010,"R0 (theta=1, matched mu=0.1)",uniform_high,64,85,eval_mean_mean_resource_fraction,0.11142637616784615
ecology_perception_parallel_v1_r0_r3_mu010,"R0 (theta=1, matched mu=0.1)",uniform_high,64,85,eval_mean_mean_reserve_welfare,0.7728055197122501
ecology_perception_parallel_v1_r0_r3_mu010,"R0 (theta=1, matched mu=0.1)",uniform_high,64,85,final_wealth_gini,0.457139523135792
ecology_perception_parallel_v1_r0_r3_mu010,"R0 (theta=1, matched mu=0.1)",patchy_high,64,85,eval_mean_mean_resource_fraction,0.13173903352611163
ecology_perception_parallel_v1_r0_r3_mu010,"R0 (theta=1, matched mu=0.1)",patchy_high,64,85,eval_mean_mean_reserve_welfare,0.8148178850486505
ecology_perception_parallel_v1_r0_r3_mu010,"R0 (theta=1, matched mu=0.1)",patchy_high,64,85,final_wealth_gini,0.4664295133535399
ecology_perception_parallel_v1_r0_r3_mu010,"R0 (theta=1, matched mu=0.1)",split_high_low,64,85,eval_mean_mean_resource_fraction,0.11355408048506678
ecology_perception_parallel_v1_r0_r3_mu010,"R0 (theta=1, matched mu=0.1)",split_high_low,64,85,eval_mean_mean_reserve_welfare,0.6323866164617143
ecology_perception_parallel_v1_r0_r3_mu010,"R0 (theta=1, matched mu=0.1)",split_high_low,64,85,final_wealth_gini,0.6449606987361367
ecology_perception_parallel_v1_r0_r3_mu010,"R0 (theta=1, matched mu=0.1)",uniform_high,64,86,eval_mean_mean_resource_fraction,0.14263659373421997
ecology_perception_parallel_v1_r0_r3_mu010,"R0 (theta=1, matched mu=0.1)",uniform_high,64,86,eval_mean_mean_reserve_welfare,0.7972804810596711
ecology_perception_parallel_v1_r0_r3_mu010,"R0 (theta=1, matched mu=0.1)",uniform_high,64,86,final_wealth_gini,0.45082156237976
ecology_perception_parallel_v1_r0_r3_mu010,"R0 (theta=1, matched mu=0.1)",patchy_high,64,86,eval_mean_mean_resource_fraction,0.12233992139241605
ecology_perception_parallel_v1_r0_r3_mu010,"R0 (theta=1, matched mu=0.1)",patchy_high,64,86,eval_mean_mean_reserve_welfare,0.7985399212050422
ecology_perception_parallel_v1_r0_r3_mu010,"R0 (theta=1, matched mu=0.1)",patchy_high,64,86,final_wealth_gini,0.4518996779335107
ecology_perception_parallel_v1_r0_r3_mu010,"R0 (theta=1, matched mu=0.1)",split_high_low,64,86,eval_mean_mean_resource_fraction,0.11121746336127308
ecology_perception_parallel_v1_r0_r3_mu010,"R0 (theta=1, matched mu=0.1)",split_high_low,64,86,eval_mean_mean_reserve_welfare,0.6441393245583403
ecology_perception_parallel_v1_r0_r3_mu010,"R0 (theta=1, matched mu=0.1)",split_high_low,64,86,final_wealth_gini,0.6354365324314797
ecology_perception_parallel_v1_r0_r3_mu010,"R0 (theta=1, matched mu=0.1)",uniform_high,64,87,eval_mean_mean_resource_fraction,0.12218970858730026
ecology_perception_parallel_v1_r0_r3_mu010,"R0 (theta=1, matched mu=0.1)",uniform_high,64,87,eval_mean_mean_reserve_welfare,0.8440203385188026
ecology_perception_parallel_v1_r0_r3_mu010,"R0 (theta=1, matched mu=0.1)",uniform_high,64,87,final_wealth_gini,0.3985774357836842
ecology_perception_parallel_v1_r0_r3_mu010,"R0 (theta=1, matched mu=0.1)",patchy_high,64,87,eval_mean_mean_resource_fraction,0.0743265518831443
ecology_perception_parallel_v1_r0_r3_mu010,"R0 (theta=1, matched mu=0.1)",patchy_high,64,87,eval_mean_mean_reserve_welfare,0.7402758966775569
ecology_perception_parallel_v1_r0_r3_mu010,"R0 (theta=1, matched mu=0.1)",patchy_high,64,87,final_wealth_gini,0.3926381201801399
ecology_perception_parallel_v1_r0_r3_mu010,"R0 (theta=1, matched mu=0.1)",split_high_low,64,87,eval_mean_mean_resource_fraction,0.09877185591003826
ecology_perception_parallel_v1_r0_r3_mu010,"R0 (theta=1, matched mu=0.1)",split_high_low,64,87,eval_mean_mean_reserve_welfare,0.662246951670189
ecology_perception_parallel_v1_r0_r3_mu010,"R0 (theta=1, matched mu=0.1)",split_high_low,64,87,final_wealth_gini,0.6205222670604111
ecology_perception_parallel_v1_r0_r3_mu010,"R0 (theta=1, matched mu=0.1)",uniform_high,64,88,eval_mean_mean_resource_fraction,0.11470634745350342
ecology_perception_parallel_v1_r0_r3_mu010,"R0 (theta=1, matched mu=0.1)",uniform_high,64,88,eval_mean_mean_reserve_welfare,0.717938953963549
ecology_perception_parallel_v1_r0_r3_mu010,"R0 (theta=1, matched mu=0.1)",uniform_high,64,88,final_wealth_gini,0.5006363705511463
ecology_perception_parallel_v1_r0_r3_mu010,"R0 (theta=1, matched mu=0.1)",patchy_high,64,88,eval_mean_mean_resource_fraction,0.1362158639280263
ecology_perception_parallel_v1_r0_r3_mu010,"R0 (theta=1, matched mu=0.1)",patchy_high,64,88,eval_mean_mean_reserve_welfare,0.7819708727005772
ecology_perception_parallel_v1_r0_r3_mu010,"R0 (theta=1, matched mu=0.1)",patchy_high,64,88,final_wealth_gini,0.4844573485579531
ecology_perception_parallel_v1_r0_r3_mu010,"R0 (theta=1, matched mu=0.1)",split_high_low,64,88,eval_mean_mean_resource_fraction,0.1887149609146594
ecology_perception_parallel_v1_r0_r3_mu010,"R0 (theta=1, matched mu=0.1)",split_high_low,64,88,eval_mean_mean_reserve_welfare,0.6844831548122641
ecology_perception_parallel_v1_r0_r3_mu010,"R0 (theta=1, matched mu=0.1)",split_high_low,64,88,final_wealth_gini,0.6345094024809694
ecology_perception_parallel_v1_r0_r3_mu010,"R0 (theta=1, matched mu=0.1)",uniform_high,64,89,eval_mean_mean_resource_fraction,0.173967434769818
ecology_perception_parallel_v1_r0_r3_mu010,"R0 (theta=1, matched mu=0.1)",uniform_high,64,89,eval_mean_mean_reserve_welfare,0.9226465878580543
ecology_perception_parallel_v1_r0_r3_mu010,"R0 (theta=1, matched mu=0.1)",uniform_high,64,89,final_wealth_gini,0.39061353999263293
ecology_perception_parallel_v1_r0_r3_mu010,"R0 (theta=1, matched mu=0.1)",patchy_high,64,89,eval_mean_mean_resource_fraction,0.13522112722361504
ecology_perception_parallel_v1_r0_r3_mu010,"R0 (theta=1, matched mu=0.1)",patchy_high,64,89,eval_mean_mean_reserve_welfare,0.857760076310424
ecology_perception_parallel_v1_r0_r3_mu010,"R0 (theta=1, matched mu=0.1)",patchy_high,64,89,final_wealth_gini,0.40121222444766413
ecology_perception_parallel_v1_r0_r3_mu010,"R0 (theta=1, matched mu=0.1)",split_high_low,64,89,eval_mean_mean_resource_fraction,0.12003689590224072
ecology_perception_parallel_v1_r0_r3_mu010,"R0 (theta=1, matched mu=0.1)",split_high_low,64,89,eval_mean_mean_reserve_welfare,0.64960679662893
ecology_perception_parallel_v1_r0_r3_mu010,"R0 (theta=1, matched mu=0.1)",split_high_low,64,89,final_wealth_gini,0.6429407624682848
ecology_perception_parallel_v1_r0_r3_mu010,"R0 (theta=1, matched mu=0.1)",uniform_high,64,90,eval_mean_mean_resource_fraction,0.06755925396588937
ecology_perception_parallel_v1_r0_r3_mu010,"R0 (theta=1, matched mu=0.1)",uniform_high,64,90,eval_mean_mean_reserve_welfare,0.6256189766073649
ecology_perception_parallel_v1_r0_r3_mu010,"R0 (theta=1, matched mu=0.1)",uniform_high,64,90,final_wealth_gini,0.4395444003335398
ecology_perception_parallel_v1_r0_r3_mu010,"R0 (theta=1, matched mu=0.1)",patchy_high,64,90,eval_mean_mean_resource_fraction,0.17195044855206412
ecology_perception_parallel_v1_r0_r3_mu010,"R0 (theta=1, matched mu=0.1)",patchy_high,64,90,eval_mean_mean_reserve_welfare,0.9080177675772879
ecology_perception_parallel_v1_r0_r3_mu010,"R0 (theta=1, matched mu=0.1)",patchy_high,64,90,final_wealth_gini,0.4152210391374165
ecology_perception_parallel_v1_r0_r3_mu010,"R0 (theta=1, matched mu=0.1)",split_high_low,64,90,eval_mean_mean_resource_fraction,0.14362598642350502
ecology_perception_parallel_v1_r0_r3_mu010,"R0 (theta=1, matched mu=0.1)",split_high_low,64,90,eval_mean_mean_reserve_welfare,0.722259949944114
ecology_perception_parallel_v1_r0_r3_mu010,"R0 (theta=1, matched mu=0.1)",split_high_low,64,90,final_wealth_gini,0.5672979808095382
ecology_perception_parallel_v1_r0_r3_mu010,"R0 (theta=1, matched mu=0.1)",uniform_high,64,91,eval_mean_mean_resource_fraction,0.12244436049531243
ecology_perception_parallel_v1_r0_r3_mu010,"R0 (theta=1, matched mu=0.1)",uniform_high,64,91,eval_mean_mean_reserve_welfare,0.7336464424449517
ecology_perception_parallel_v1_r0_r3_mu010,"R0 (theta=1, matched mu=0.1)",uniform_high,64,91,final_wealth_gini,0.48948374576331966
ecology_perception_parallel_v1_r0_r3_mu010,"R0 (theta=1, matched mu=0.1)",patchy_high,64,91,eval_mean_mean_resource_fraction,0.12872970174555018
ecology_perception_parallel_v1_r0_r3_mu010,"R0 (theta=1, matched mu=0.1)",patchy_high,64,91,eval_mean_mean_reserve_welfare,0.7963409504682011
ecology_perception_parallel_v1_r0_r3_mu010,"R0 (theta=1, matched mu=0.1)",patchy_high,64,91,final_wealth_gini,0.45146797496718416
ecology_perception_parallel_v1_r0_r3_mu010,"R0 (theta=1, matched mu=0.1)",split_high_low,64,91,eval_mean_mean_resource_fraction,0.11543936070962589
ecology_perception_parallel_v1_r0_r3_mu010,"R0 (theta=1, matched mu=0.1)",split_high_low,64,91,eval_mean_mean_reserve_welfare,0.6861875318415239
ecology_perception_parallel_v1_r0_r3_mu010,"R0 (theta=1, matched mu=0.1)",split_high_low,64,91,final_wealth_gini,0.5609847266209866
ecology_perception_parallel_v1_r0_r3_mu010,"R0 (theta=1, matched mu=0.1)",uniform_high,64,92,eval_mean_mean_resource_fraction,0.08590623202609979
ecology_perception_parallel_v1_r0_r3_mu010,"R0 (theta=1, matched mu=0.1)",uniform_high,64,92,eval_mean_mean_reserve_welfare,0.6240972497164202
ecology_perception_parallel_v1_r0_r3_mu010,"R0 (theta=1, matched mu=0.1)",uniform_high,64,92,final_wealth_gini,0.5350486759960444
ecology_perception_parallel_v1_r0_r3_mu010,"R0 (theta=1, matched mu=0.1)",patchy_high,64,92,eval_mean_mean_resource_fraction,0.1449316204089572
ecology_perception_parallel_v1_r0_r3_mu010,"R0 (theta=1, matched mu=0.1)",patchy_high,64,92,eval_mean_mean_reserve_welfare,0.7182490656259086
ecology_perception_parallel_v1_r0_r3_mu010,"R0 (theta=1, matched mu=0.1)",patchy_high,64,92,final_wealth_gini,0.5414962145633422
ecology_perception_parallel_v1_r0_r3_mu010,"R0 (theta=1, matched mu=0.1)",split_high_low,64,92,eval_mean_mean_resource_fraction,0.12757383768416086
ecology_perception_parallel_v1_r0_r3_mu010,"R0 (theta=1, matched mu=0.1)",split_high_low,64,92,eval_mean_mean_reserve_welfare,0.6856930160234334
ecology_perception_parallel_v1_r0_r3_mu010,"R0 (theta=1, matched mu=0.1)",split_high_low,64,92,final_wealth_gini,0.6069858285840066
ecology_perception_parallel_v1_r0_r3_mu010,"R0 (theta=1, matched mu=0.1)",uniform_high,64,93,eval_mean_mean_resource_fraction,0.08893924847859079
ecology_perception_parallel_v1_r0_r3_mu010,"R0 (theta=1, matched mu=0.1)",uniform_high,64,93,eval_mean_mean_reserve_welfare,0.7629913130287191
ecology_perception_parallel_v1_r0_r3_mu010,"R0 (theta=1, matched mu=0.1)",uniform_high,64,93,final_wealth_gini,0.4154730911491995
ecology_perception_parallel_v1_r0_r3_mu010,"R0 (theta=1, matched mu=0.1)",patchy_high,64,93,eval_mean_mean_resource_fraction,0.16301797020280434
ecology_perception_parallel_v1_r0_r3_mu010,"R0 (theta=1, matched mu=0.1)",patchy_high,64,93,eval_mean_mean_reserve_welfare,0.9125757928205253
ecology_perception_parallel_v1_r0_r3_mu010,"R0 (theta=1, matched mu=0.1)",patchy_high,64,93,final_wealth_gini,0.39336862187527943
ecology_perception_parallel_v1_r0_r3_mu010,"R0 (theta=1, matched mu=0.1)",split_high_low,64,93,eval_mean_mean_resource_fraction,0.13994716225161052
ecology_perception_parallel_v1_r0_r3_mu010,"R0 (theta=1, matched mu=0.1)",split_high_low,64,93,eval_mean_mean_reserve_welfare,0.6384692341809436
ecology_perception_parallel_v1_r0_r3_mu010,"R0 (theta=1, matched mu=0.1)",split_high_low,64,93,final_wealth_gini,0.6499034419876502
ecology_perception_parallel_v1_r0_r3_mu010,"R0 (theta=1, matched mu=0.1)",uniform_high,64,94,eval_mean_mean_resource_fraction,0.11129839136811312
ecology_perception_parallel_v1_r0_r3_mu010,"R0 (theta=1, matched mu=0.1)",uniform_high,64,94,eval_mean_mean_reserve_welfare,0.771469786922532
ecology_perception_parallel_v1_r0_r3_mu010,"R0 (theta=1, matched mu=0.1)",uniform_high,64,94,final_wealth_gini,0.4356413709728719
ecology_perception_parallel_v1_r0_r3_mu010,"R0 (theta=1, matched mu=0.1)",patchy_high,64,94,eval_mean_mean_resource_fraction,0.09357360502550964
ecology_perception_parallel_v1_r0_r3_mu010,"R0 (theta=1, matched mu=0.1)",patchy_high,64,94,eval_mean_mean_reserve_welfare,0.662408462940646
ecology_perception_parallel_v1_r0_r3_mu010,"R0 (theta=1, matched mu=0.1)",patchy_high,64,94,final_wealth_gini,0.4838503517534096
ecology_perception_parallel_v1_r0_r3_mu010,"R0 (theta=1, matched mu=0.1)",split_high_low,64,94,eval_mean_mean_resource_fraction,0.10213390747146717
ecology_perception_parallel_v1_r0_r3_mu010,"R0 (theta=1, matched mu=0.1)",split_high_low,64,94,eval_mean_mean_reserve_welfare,0.6386629585127734
ecology_perception_parallel_v1_r0_r3_mu010,"R0 (theta=1, matched mu=0.1)",split_high_low,64,94,final_wealth_gini,0.6149018939358204
ecology_perception_parallel_v1_r0_r3_mu010,"R0 (theta=1, matched mu=0.1)",uniform_high,64,95,eval_mean_mean_resource_fraction,0.1357236055364745
ecology_perception_parallel_v1_r0_r3_mu010,"R0 (theta=1, matched mu=0.1)",uniform_high,64,95,eval_mean_mean_reserve_welfare,0.6613984525722111
ecology_perception_parallel_v1_r0_r3_mu010,"R0 (theta=1, matched mu=0.1)",uniform_high,64,95,final_wealth_gini,0.5230983856989799
ecology_perception_parallel_v1_r0_r3_mu010,"R0 (theta=1, matched mu=0.1)",patchy_high,64,95,eval_mean_mean_resource_fraction,0.16037271570768855
ecology_perception_parallel_v1_r0_r3_mu010,"R0 (theta=1, matched mu=0.1)",patchy_high,64,95,eval_mean_mean_reserve_welfare,0.8182143664232503
ecology_perception_parallel_v1_r0_r3_mu010,"R0 (theta=1, matched mu=0.1)",patchy_high,64,95,final_wealth_gini,0.45493712753387294
ecology_perception_parallel_v1_r0_r3_mu010,"R0 (theta=1, matched mu=0.1)",split_high_low,64,95,eval_mean_mean_resource_fraction,0.1497617602801148
ecology_perception_parallel_v1_r0_r3_mu010,"R0 (theta=1, matched mu=0.1)",split_high_low,64,95,eval_mean_mean_reserve_welfare,0.8090184591484986
ecology_perception_parallel_v1_r0_r3_mu010,"R0 (theta=1, matched mu=0.1)",split_high_low,64,95,final_wealth_gini,0.5337525885259382
ecology_perception_parallel_v1_r0_r3_mu010,"R0 (theta=1, matched mu=0.1)",uniform_high,64,96,eval_mean_mean_resource_fraction,0.15841869409629647
ecology_perception_parallel_v1_r0_r3_mu010,"R0 (theta=1, matched mu=0.1)",uniform_high,64,96,eval_mean_mean_reserve_welfare,0.8555046843066774
ecology_perception_parallel_v1_r0_r3_mu010,"R0 (theta=1, matched mu=0.1)",uniform_high,64,96,final_wealth_gini,0.43256303546418917
ecology_perception_parallel_v1_r0_r3_mu010,"R0 (theta=1, matched mu=0.1)",patchy_high,64,96,eval_mean_mean_resource_fraction,0.12289376321048406
ecology_perception_parallel_v1_r0_r3_mu010,"R0 (theta=1, matched mu=0.1)",patchy_high,64,96,eval_mean_mean_reserve_welfare,0.8060207776081292
ecology_perception_parallel_v1_r0_r3_mu010,"R0 (theta=1, matched mu=0.1)",patchy_high,64,96,final_wealth_gini,0.43479713332671777
ecology_perception_parallel_v1_r0_r3_mu010,"R0 (theta=1, matched mu=0.1)",split_high_low,64,96,eval_mean_mean_resource_fraction,0.09795030899742205
ecology_perception_parallel_v1_r0_r3_mu010,"R0 (theta=1, matched mu=0.1)",split_high_low,64,96,eval_mean_mean_reserve_welfare,0.6394670061800216
ecology_perception_parallel_v1_r0_r3_mu010,"R0 (theta=1, matched mu=0.1)",split_high_low,64,96,final_wealth_gini,0.5835773026234834
ecology_perception_parallel_v1_r0_r3_mu010,"R0 (theta=1, matched mu=0.1)",uniform_high,64,97,eval_mean_mean_resource_fraction,0.08503766204616824
ecology_perception_parallel_v1_r0_r3_mu010,"R0 (theta=1, matched mu=0.1)",uniform_high,64,97,eval_mean_mean_reserve_welfare,0.7084620600400695
ecology_perception_parallel_v1_r0_r3_mu010,"R0 (theta=1, matched mu=0.1)",uniform_high,64,97,final_wealth_gini,0.4353565912824724
ecology_perception_parallel_v1_r0_r3_mu010,"R0 (theta=1, matched mu=0.1)",patchy_high,64,97,eval_mean_mean_resource_fraction,0.09361143467320468
ecology_perception_parallel_v1_r0_r3_mu010,"R0 (theta=1, matched mu=0.1)",patchy_high,64,97,eval_mean_mean_reserve_welfare,0.7747522037348451
ecology_perception_parallel_v1_r0_r3_mu010,"R0 (theta=1, matched mu=0.1)",patchy_high,64,97,final_wealth_gini,0.3533645406228545
ecology_perception_parallel_v1_r0_r3_mu010,"R0 (theta=1, matched mu=0.1)",split_high_low,64,97,eval_mean_mean_resource_fraction,0.09121804396335192
ecology_perception_parallel_v1_r0_r3_mu010,"R0 (theta=1, matched mu=0.1)",split_high_low,64,97,eval_mean_mean_reserve_welfare,0.609928600146019
ecology_perception_parallel_v1_r0_r3_mu010,"R0 (theta=1, matched mu=0.1)",split_high_low,64,97,final_wealth_gini,0.6316082090246122
ecology_perception_parallel_v1_r0_r3_mu010,"R0 (theta=1, matched mu=0.1)",uniform_high,64,98,eval_mean_mean_resource_fraction,0.0743989799693249
ecology_perception_parallel_v1_r0_r3_mu010,"R0 (theta=1, matched mu=0.1)",uniform_high,64,98,eval_mean_mean_reserve_welfare,0.6408868459854475
ecology_perception_parallel_v1_r0_r3_mu010,"R0 (theta=1, matched mu=0.1)",uniform_high,64,98,final_wealth_gini,0.4967656600221204
ecology_perception_parallel_v1_r0_r3_mu010,"R0 (theta=1, matched mu=0.1)",patchy_high,64,98,eval_mean_mean_resource_fraction,0.07589985276522353
ecology_perception_parallel_v1_r0_r3_mu010,"R0 (theta=1, matched mu=0.1)",patchy_high,64,98,eval_mean_mean_reserve_welfare,0.6454741802960454
ecology_perception_parallel_v1_r0_r3_mu010,"R0 (theta=1, matched mu=0.1)",patchy_high,64,98,final_wealth_gini,0.5109066533620181
ecology_perception_parallel_v1_r0_r3_mu010,"R0 (theta=1, matched mu=0.1)",split_high_low,64,98,eval_mean_mean_resource_fraction,0.15107180567594014
ecology_perception_parallel_v1_r0_r3_mu010,"R0 (theta=1, matched mu=0.1)",split_high_low,64,98,eval_mean_mean_reserve_welfare,0.6398746922517939
ecology_perception_parallel_v1_r0_r3_mu010,"R0 (theta=1, matched mu=0.1)",split_high_low,64,98,final_wealth_gini,0.6713088848526341
ecology_perception_parallel_v1_r0_r3_mu010,"R0 (theta=1, matched mu=0.1)",uniform_high,64,99,eval_mean_mean_resource_fraction,0.0859890254315609
ecology_perception_parallel_v1_r0_r3_mu010,"R0 (theta=1, matched mu=0.1)",uniform_high,64,99,eval_mean_mean_reserve_welfare,0.7342166836978837
ecology_perception_parallel_v1_r0_r3_mu010,"R0 (theta=1, matched mu=0.1)",uniform_high,64,99,final_wealth_gini,0.42879018311967476
ecology_perception_parallel_v1_r0_r3_mu010,"R0 (theta=1, matched mu=0.1)",patchy_high,64,99,eval_mean_mean_resource_fraction,0.08090343459097019
ecology_perception_parallel_v1_r0_r3_mu010,"R0 (theta=1, matched mu=0.1)",patchy_high,64,99,eval_mean_mean_reserve_welfare,0.6967999925063679
ecology_perception_parallel_v1_r0_r3_mu010,"R0 (theta=1, matched mu=0.1)",patchy_high,64,99,final_wealth_gini,0.464370576115829
ecology_perception_parallel_v1_r0_r3_mu010,"R0 (theta=1, matched mu=0.1)",split_high_low,64,99,eval_mean_mean_resource_fraction,0.0884959160569446
ecology_perception_parallel_v1_r0_r3_mu010,"R0 (theta=1, matched mu=0.1)",split_high_low,64,99,eval_mean_mean_reserve_welfare,0.589270299137334
ecology_perception_parallel_v1_r0_r3_mu010,"R0 (theta=1, matched mu=0.1)",split_high_low,64,99,final_wealth_gini,0.6566019347287735
