run_id,analysis_label,treatment,rewire_theta,rewire_mu,scenario,population,replicate,metric,carried_terminal_value,reset_initial_value,carried_minus_reset
pilot_v1_s1,S1,S1,0.25,0.1,patchy_high,32,0,resource_fraction,0.32585100710352616,0.32585100710352616,0.0
pilot_v1_s1,S1,S1,0.25,0.1,patchy_high,32,0,reserve_welfare,0.9747790665748025,0.9747790665748025,0.0
pilot_v1_s1,S1,S1,0.25,0.1,patchy_high,32,0,wealth_gini,0.33859570304046693,0.33859570304046693,0.0
pilot_v1_s1,S1,S1,0.25,0.1,patchy_high,32,0,perception_error,0.12236466733870967,0.12236466733870967,0.0
pilot_v1_s1,S1,S1,0.25,0.1,patchy_high,32,1,resource_fraction,0.333837622889586,0.333837622889586,0.0
pilot_v1_s1,S1,S1,0.25,0.1,patchy_high,32,1,reserve_welfare,0.9756451594661352,0.9756451594661352,0.0
pilot_v1_s1,S1,S1,0.25,0.1,patchy_high,32,1,wealth_gini,0.39187255235755014,0.39187255235755014,0.0
pilot_v1_s1,S1,S1,0.25,0.1,patchy_high,32,1,perception_error,0.052863155241935474,0.052863155241935474,0.0
pilot_v1_s1,S1,S1,0.25,0.1,patchy_high,32,2,resource_fraction,0.24852259211170394,0.24852259211170394,0.0
pilot_v1_s1,S1,S1,0.25,0.1,patchy_high,32,2,reserve_welfare,0.9979999999999998,0.9979999999999998,0.0
pilot_v1_s1,S1,S1,0.25,0.1,patchy_high,32,2,wealth_gini,0.28457906079911366,0.28457906079911366,0.0
pilot_v1_s1,S1,S1,0.25,0.1,patchy_high,32,2,perception_error,0.014986391129032259,0.014986391129032259,0.0
pilot_v1_s1,S1,S1,0.25,0.1,patchy_high,32,3,resource_fraction,0.2087844295492282,0.2087844295492282,0.0
pilot_v1_s1,S1,S1,0.25,0.1,patchy_high,32,3,reserve_welfare,0.9979999999999998,0.9979999999999998,0.0
pilot_v1_s1,S1,S1,0.25,0.1,patchy_high,32,3,wealth_gini,0.25972103987998785,0.25972103987998785,0.0
pilot_v1_s1,S1,S1,0.25,0.1,patchy_high,32,3,perception_error,0.015227570564516126,0.015227570564516126,0.0
pilot_v1_s1,S1,S1,0.25,0.1,patchy_high,32,4,resource_fraction,0.23982503550701018,0.23982503550701018,0.0
pilot_v1_s1,S1,S1,0.25,0.1,patchy_high,32,4,reserve_welfare,0.9261818300444427,0.9261818300444427,0.0
pilot_v1_s1,S1,S1,0.25,0.1,patchy_high,32,4,wealth_gini,0.33717550692738274,0.33717550692738274,0.0
pilot_v1_s1,S1,S1,0.25,0.1,patchy_high,32,4,perception_error,0.09411769153225807,0.09411769153225807,0.0
pilot_v1_s1,S1,S1,0.25,0.1,patchy_high,32,5,resource_fraction,0.28260079322588444,0.28260079322588444,0.0
pilot_v1_s1,S1,S1,0.25,0.1,patchy_high,32,5,reserve_welfare,0.972957861055589,0.972957861055589,0.0
pilot_v1_s1,S1,S1,0.25,0.1,patchy_high,32,5,wealth_gini,0.3431346392592267,0.3431346392592267,0.0
pilot_v1_s1,S1,S1,0.25,0.1,patchy_high,32,5,perception_error,0.025547379032258063,0.025547379032258063,0.0
pilot_v1_s1,S1,S1,0.25,0.1,patchy_high,32,6,resource_fraction,0.3143919666303505,0.3143919666303505,0.0
pilot_v1_s1,S1,S1,0.25,0.1,patchy_high,32,6,reserve_welfare,0.8711385250121829,0.8711385250121829,0.0
pilot_v1_s1,S1,S1,0.25,0.1,patchy_high,32,6,wealth_gini,0.3905411180752807,0.3905411180752807,0.0
pilot_v1_s1,S1,S1,0.25,0.1,patchy_high,32,6,perception_error,0.08114818548387097,0.08114818548387097,0.0
pilot_v1_s1,S1,S1,0.25,0.1,patchy_high,32,7,resource_fraction,0.32209357554207735,0.32209357554207735,0.0
pilot_v1_s1,S1,S1,0.25,0.1,patchy_high,32,7,reserve_welfare,0.9549944559999417,0.9549944559999417,0.0
pilot_v1_s1,S1,S1,0.25,0.1,patchy_high,32,7,wealth_gini,0.3468697588871281,0.3468697588871281,0.0
pilot_v1_s1,S1,S1,0.25,0.1,patchy_high,32,7,perception_error,0.1281391129032258,0.1281391129032258,0.0
pilot_v1_s1,S1,S1,0.25,0.1,patchy_high,32,8,resource_fraction,0.3009632176268209,0.3009632176268209,0.0
pilot_v1_s1,S1,S1,0.25,0.1,patchy_high,32,8,reserve_welfare,0.8848241985177531,0.8848241985177531,0.0
pilot_v1_s1,S1,S1,0.25,0.1,patchy_high,32,8,wealth_gini,0.4238446950703567,0.4238446950703567,0.0
pilot_v1_s1,S1,S1,0.25,0.1,patchy_high,32,8,perception_error,0.14149092741935482,0.14149092741935482,0.0
pilot_v1_s1,S1,S1,0.25,0.1,patchy_high,32,9,resource_fraction,0.3159424981374127,0.3159424981374127,0.0
pilot_v1_s1,S1,S1,0.25,0.1,patchy_high,32,9,reserve_welfare,0.9663496638545289,0.9663496638545289,0.0
pilot_v1_s1,S1,S1,0.25,0.1,patchy_high,32,9,wealth_gini,0.3010339611054422,0.3010339611054422,0.0
pilot_v1_s1,S1,S1,0.25,0.1,patchy_high,32,9,perception_error,0.12204914314516128,0.12204914314516128,0.0
pilot_v1_s1,S1,S1,0.25,0.1,patchy_high,64,0,resource_fraction,0.06644927227906479,0.06644927227906479,0.0
pilot_v1_s1,S1,S1,0.25,0.1,patchy_high,64,0,reserve_welfare,0.694661704972965,0.694661704972965,0.0
pilot_v1_s1,S1,S1,0.25,0.1,patchy_high,64,0,wealth_gini,0.4085867272985091,0.4085867272985091,0.0
pilot_v1_s1,S1,S1,0.25,0.1,patchy_high,64,0,perception_error,0.15615538194444445,0.15615538194444445,0.0
pilot_v1_s1,S1,S1,0.25,0.1,patchy_high,64,1,resource_fraction,0.11784434215988226,0.11784434215988226,0.0
pilot_v1_s1,S1,S1,0.25,0.1,patchy_high,64,1,reserve_welfare,0.7771581020204376,0.7771581020204376,0.0
pilot_v1_s1,S1,S1,0.25,0.1,patchy_high,64,1,wealth_gini,0.47003440680864594,0.47003440680864594,0.0
pilot_v1_s1,S1,S1,0.25,0.1,patchy_high,64,1,perception_error,0.17752988591269844,0.17752988591269844,0.0
pilot_v1_s1,S1,S1,0.25,0.1,patchy_high,64,2,resource_fraction,0.15767395011472757,0.15767395011472757,0.0
pilot_v1_s1,S1,S1,0.25,0.1,patchy_high,64,2,reserve_welfare,0.8119903582317991,0.8119903582317991,0.0
pilot_v1_s1,S1,S1,0.25,0.1,patchy_high,64,2,wealth_gini,0.46229796436116555,0.46229796436116555,0.0
pilot_v1_s1,S1,S1,0.25,0.1,patchy_high,64,2,perception_error,0.14595814732142856,0.14595814732142856,0.0
pilot_v1_s1,S1,S1,0.25,0.1,patchy_high,64,3,resource_fraction,0.13186673569789917,0.13186673569789917,0.0
pilot_v1_s1,S1,S1,0.25,0.1,patchy_high,64,3,reserve_welfare,0.8545239710273512,0.8545239710273512,0.0
pilot_v1_s1,S1,S1,0.25,0.1,patchy_high,64,3,wealth_gini,0.4056978955363417,0.4056978955363417,0.0
pilot_v1_s1,S1,S1,0.25,0.1,patchy_high,64,3,perception_error,0.18834412202380957,0.18834412202380957,0.0
pilot_v1_s1,S1,S1,0.25,0.1,patchy_high,64,4,resource_fraction,0.10533168437271541,0.10533168437271541,0.0
pilot_v1_s1,S1,S1,0.25,0.1,patchy_high,64,4,reserve_welfare,0.7303107338949387,0.7303107338949387,0.0
pilot_v1_s1,S1,S1,0.25,0.1,patchy_high,64,4,wealth_gini,0.44055360662643417,0.44055360662643417,0.0
pilot_v1_s1,S1,S1,0.25,0.1,patchy_high,64,4,perception_error,0.18045262896825398,0.18045262896825398,0.0
pilot_v1_s1,S1,S1,0.25,0.1,patchy_high,64,5,resource_fraction,0.13588326694511574,0.13588326694511574,0.0
pilot_v1_s1,S1,S1,0.25,0.1,patchy_high,64,5,reserve_welfare,0.853705553719579,0.853705553719579,0.0
pilot_v1_s1,S1,S1,0.25,0.1,patchy_high,64,5,wealth_gini,0.396495895486463,0.396495895486463,0.0
pilot_v1_s1,S1,S1,0.25,0.1,patchy_high,64,5,perception_error,0.15389012896825396,0.15389012896825396,0.0
pilot_v1_s1,S1,S1,0.25,0.1,patchy_high,64,6,resource_fraction,0.08836332434114519,0.08836332434114519,0.0
pilot_v1_s1,S1,S1,0.25,0.1,patchy_high,64,6,reserve_welfare,0.6646809272612172,0.6646809272612172,0.0
pilot_v1_s1,S1,S1,0.25,0.1,patchy_high,64,6,wealth_gini,0.42641088708222696,0.42641088708222696,0.0
pilot_v1_s1,S1,S1,0.25,0.1,patchy_high,64,6,perception_error,0.18766598462301584,0.18766598462301584,0.0
pilot_v1_s1,S1,S1,0.25,0.1,patchy_high,64,7,resource_fraction,0.11940710355588519,0.11940710355588519,0.0
pilot_v1_s1,S1,S1,0.25,0.1,patchy_high,64,7,reserve_welfare,0.6949702705467256,0.6949702705467256,0.0
pilot_v1_s1,S1,S1,0.25,0.1,patchy_high,64,7,wealth_gini,0.5403873952990836,0.5403873952990836,0.0
pilot_v1_s1,S1,S1,0.25,0.1,patchy_high,64,7,perception_error,0.13216592261904758,0.13216592261904758,0.0
pilot_v1_s1,S1,S1,0.25,0.1,patchy_high,64,8,resource_fraction,0.10288616220132528,0.10288616220132528,0.0
pilot_v1_s1,S1,S1,0.25,0.1,patchy_high,64,8,reserve_welfare,0.6813150279837369,0.6813150279837369,0.0
pilot_v1_s1,S1,S1,0.25,0.1,patchy_high,64,8,wealth_gini,0.4796140463186531,0.4796140463186531,0.0
pilot_v1_s1,S1,S1,0.25,0.1,patchy_high,64,8,perception_error,0.176437251984127,0.176437251984127,0.0
pilot_v1_s1,S1,S1,0.25,0.1,patchy_high,64,9,resource_fraction,0.08239480464459116,0.08239480464459116,0.0
pilot_v1_s1,S1,S1,0.25,0.1,patchy_high,64,9,reserve_welfare,0.7540248387711123,0.7540248387711123,0.0
pilot_v1_s1,S1,S1,0.25,0.1,patchy_high,64,9,wealth_gini,0.40240062140178123,0.40240062140178123,0.0
pilot_v1_s1,S1,S1,0.25,0.1,patchy_high,64,9,perception_error,0.1281711929563492,0.1281711929563492,0.0
pilot_v1_s1,S1,S1,0.25,0.1,split_high_low,32,0,resource_fraction,0.38084101333417936,0.38084101333417936,0.0
pilot_v1_s1,S1,S1,0.25,0.1,split_high_low,32,0,reserve_welfare,0.8076221637811025,0.8076221637811025,0.0
pilot_v1_s1,S1,S1,0.25,0.1,split_high_low,32,0,wealth_gini,0.502405188722034,0.502405188722034,0.0
pilot_v1_s1,S1,S1,0.25,0.1,split_high_low,32,0,perception_error,0.15930594758064515,0.15930594758064515,0.0
pilot_v1_s1,S1,S1,0.25,0.1,split_high_low,32,1,resource_fraction,0.35247316966148035,0.35247316966148035,0.0
pilot_v1_s1,S1,S1,0.25,0.1,split_high_low,32,1,reserve_welfare,0.8218698311480905,0.8218698311480905,0.0
pilot_v1_s1,S1,S1,0.25,0.1,split_high_low,32,1,wealth_gini,0.5412167674948942,0.5412167674948942,0.0
pilot_v1_s1,S1,S1,0.25,0.1,split_high_low,32,1,perception_error,0.10495388104838707,0.10495388104838707,0.0
pilot_v1_s1,S1,S1,0.25,0.1,split_high_low,32,2,resource_fraction,0.2783752885437874,0.2783752885437874,0.0
pilot_v1_s1,S1,S1,0.25,0.1,split_high_low,32,2,reserve_welfare,0.8254613535105637,0.8254613535105637,0.0
pilot_v1_s1,S1,S1,0.25,0.1,split_high_low,32,2,wealth_gini,0.483280868349226,0.483280868349226,0.0
pilot_v1_s1,S1,S1,0.25,0.1,split_high_low,32,2,perception_error,0.0475327620967742,0.0475327620967742,0.0
pilot_v1_s1,S1,S1,0.25,0.1,split_high_low,32,3,resource_fraction,0.31275213233052684,0.31275213233052684,0.0
pilot_v1_s1,S1,S1,0.25,0.1,split_high_low,32,3,reserve_welfare,0.8227661492946827,0.8227661492946827,0.0
pilot_v1_s1,S1,S1,0.25,0.1,split_high_low,32,3,wealth_gini,0.4778049262205628,0.4778049262205628,0.0
pilot_v1_s1,S1,S1,0.25,0.1,split_high_low,32,3,perception_error,0.13688331653225805,0.13688331653225805,0.0
pilot_v1_s1,S1,S1,0.25,0.1,split_high_low,32,4,resource_fraction,0.25004559286946065,0.25004559286946065,0.0
pilot_v1_s1,S1,S1,0.25,0.1,split_high_low,32,4,reserve_welfare,0.9041299449559191,0.9041299449559191,0.0
pilot_v1_s1,S1,S1,0.25,0.1,split_high_low,32,4,wealth_gini,0.4369852108096166,0.4369852108096166,0.0
pilot_v1_s1,S1,S1,0.25,0.1,split_high_low,32,4,perception_error,0.1371882560483871,0.1371882560483871,0.0
pilot_v1_s1,S1,S1,0.25,0.1,split_high_low,32,5,resource_fraction,0.30758112813124266,0.30758112813124266,0.0
pilot_v1_s1,S1,S1,0.25,0.1,split_high_low,32,5,reserve_welfare,0.9338798240026116,0.9338798240026116,0.0
pilot_v1_s1,S1,S1,0.25,0.1,split_high_low,32,5,wealth_gini,0.43486870458815496,0.43486870458815496,0.0
pilot_v1_s1,S1,S1,0.25,0.1,split_high_low,32,5,perception_error,0.14870614919354838,0.14870614919354838,0.0
pilot_v1_s1,S1,S1,0.25,0.1,split_high_low,32,6,resource_fraction,0.31393368671602495,0.31393368671602495,0.0
pilot_v1_s1,S1,S1,0.25,0.1,split_high_low,32,6,reserve_welfare,0.9912575948720468,0.9912575948720468,0.0
pilot_v1_s1,S1,S1,0.25,0.1,split_high_low,32,6,wealth_gini,0.3881834279898062,0.3881834279898062,0.0
pilot_v1_s1,S1,S1,0.25,0.1,split_high_low,32,6,perception_error,0.14414768145161289,0.14414768145161289,0.0
pilot_v1_s1,S1,S1,0.25,0.1,split_high_low,32,7,resource_fraction,0.3265455688120522,0.3265455688120522,0.0
pilot_v1_s1,S1,S1,0.25,0.1,split_high_low,32,7,reserve_welfare,0.8249222866392794,0.8249222866392794,0.0
pilot_v1_s1,S1,S1,0.25,0.1,split_high_low,32,7,wealth_gini,0.4798469166699846,0.4798469166699846,0.0
pilot_v1_s1,S1,S1,0.25,0.1,split_high_low,32,7,perception_error,0.15246345766129032,0.15246345766129032,0.0
pilot_v1_s1,S1,S1,0.25,0.1,split_high_low,32,8,resource_fraction,0.3670594228629223,0.3670594228629223,0.0
pilot_v1_s1,S1,S1,0.25,0.1,split_high_low,32,8,reserve_welfare,0.8017267149347658,0.8017267149347658,0.0
pilot_v1_s1,S1,S1,0.25,0.1,split_high_low,32,8,wealth_gini,0.5317947546947972,0.5317947546947972,0.0
pilot_v1_s1,S1,S1,0.25,0.1,split_high_low,32,8,perception_error,0.1649851310483871,0.1649851310483871,0.0
pilot_v1_s1,S1,S1,0.25,0.1,split_high_low,32,9,resource_fraction,0.26274732011905483,0.26274732011905483,0.0
pilot_v1_s1,S1,S1,0.25,0.1,split_high_low,32,9,reserve_welfare,0.8797221725257329,0.8797221725257329,0.0
pilot_v1_s1,S1,S1,0.25,0.1,split_high_low,32,9,wealth_gini,0.3931004067667603,0.3931004067667603,0.0
pilot_v1_s1,S1,S1,0.25,0.1,split_high_low,32,9,perception_error,0.11312449596774192,0.11312449596774192,0.0
pilot_v1_s1,S1,S1,0.25,0.1,split_high_low,64,0,resource_fraction,0.10791186849013204,0.10791186849013204,0.0
pilot_v1_s1,S1,S1,0.25,0.1,split_high_low,64,0,reserve_welfare,0.6890457684842937,0.6890457684842937,0.0
pilot_v1_s1,S1,S1,0.25,0.1,split_high_low,64,0,wealth_gini,0.57256316227221,0.57256316227221,0.0
pilot_v1_s1,S1,S1,0.25,0.1,split_high_low,64,0,perception_error,0.19520641121031748,0.19520641121031748,0.0
pilot_v1_s1,S1,S1,0.25,0.1,split_high_low,64,1,resource_fraction,0.13913124451976744,0.13913124451976744,0.0
pilot_v1_s1,S1,S1,0.25,0.1,split_high_low,64,1,reserve_welfare,0.6307111812139693,0.6307111812139693,0.0
pilot_v1_s1,S1,S1,0.25,0.1,split_high_low,64,1,wealth_gini,0.6587309139863229,0.6587309139863229,0.0
pilot_v1_s1,S1,S1,0.25,0.1,split_high_low,64,1,perception_error,0.1387215401785714,0.1387215401785714,0.0
pilot_v1_s1,S1,S1,0.25,0.1,split_high_low,64,2,resource_fraction,0.1178478133913354,0.1178478133913354,0.0
pilot_v1_s1,S1,S1,0.25,0.1,split_high_low,64,2,reserve_welfare,0.6601111261610829,0.6601111261610829,0.0
pilot_v1_s1,S1,S1,0.25,0.1,split_high_low,64,2,wealth_gini,0.606546076440968,0.606546076440968,0.0
pilot_v1_s1,S1,S1,0.25,0.1,split_high_low,64,2,perception_error,0.1628353174603174,0.1628353174603174,0.0
pilot_v1_s1,S1,S1,0.25,0.1,split_high_low,64,3,resource_fraction,0.12297721601478113,0.12297721601478113,0.0
pilot_v1_s1,S1,S1,0.25,0.1,split_high_low,64,3,reserve_welfare,0.6895825050704076,0.6895825050704076,0.0
pilot_v1_s1,S1,S1,0.25,0.1,split_high_low,64,3,wealth_gini,0.612924658459693,0.612924658459693,0.0
pilot_v1_s1,S1,S1,0.25,0.1,split_high_low,64,3,perception_error,0.19080741567460316,0.19080741567460316,0.0
pilot_v1_s1,S1,S1,0.25,0.1,split_high_low,64,4,resource_fraction,0.0887637575088807,0.0887637575088807,0.0
pilot_v1_s1,S1,S1,0.25,0.1,split_high_low,64,4,reserve_welfare,0.6659813078470945,0.6659813078470945,0.0
pilot_v1_s1,S1,S1,0.25,0.1,split_high_low,64,4,wealth_gini,0.558527282581111,0.558527282581111,0.0
pilot_v1_s1,S1,S1,0.25,0.1,split_high_low,64,4,perception_error,0.20410255456349205,0.20410255456349205,0.0
pilot_v1_s1,S1,S1,0.25,0.1,split_high_low,64,5,resource_fraction,0.15133667216184796,0.15133667216184796,0.0
pilot_v1_s1,S1,S1,0.25,0.1,split_high_low,64,5,reserve_welfare,0.6522999617208552,0.6522999617208552,0.0
pilot_v1_s1,S1,S1,0.25,0.1,split_high_low,64,5,wealth_gini,0.6221728775111761,0.6221728775111761,0.0
pilot_v1_s1,S1,S1,0.25,0.1,split_high_low,64,5,perception_error,0.14774578373015873,0.14774578373015873,0.0
pilot_v1_s1,S1,S1,0.25,0.1,split_high_low,64,6,resource_fraction,0.08113154955261513,0.08113154955261513,0.0
pilot_v1_s1,S1,S1,0.25,0.1,split_high_low,64,6,reserve_welfare,0.5510568853070987,0.5510568853070987,0.0
pilot_v1_s1,S1,S1,0.25,0.1,split_high_low,64,6,wealth_gini,0.6559263903915775,0.6559263903915775,0.0
pilot_v1_s1,S1,S1,0.25,0.1,split_high_low,64,6,perception_error,0.1995690104166667,0.1995690104166667,0.0
pilot_v1_s1,S1,S1,0.25,0.1,split_high_low,64,7,resource_fraction,0.1806315402601082,0.1806315402601082,0.0
pilot_v1_s1,S1,S1,0.25,0.1,split_high_low,64,7,reserve_welfare,0.5854105023359645,0.5854105023359645,0.0
pilot_v1_s1,S1,S1,0.25,0.1,split_high_low,64,7,wealth_gini,0.6923554594920458,0.6923554594920458,0.0
pilot_v1_s1,S1,S1,0.25,0.1,split_high_low,64,7,perception_error,0.14897327628968254,0.14897327628968254,0.0
pilot_v1_s1,S1,S1,0.25,0.1,split_high_low,64,8,resource_fraction,0.1170228138240186,0.1170228138240186,0.0
pilot_v1_s1,S1,S1,0.25,0.1,split_high_low,64,8,reserve_welfare,0.5686047346286875,0.5686047346286875,0.0
pilot_v1_s1,S1,S1,0.25,0.1,split_high_low,64,8,wealth_gini,0.6849047196727376,0.6849047196727376,0.0
pilot_v1_s1,S1,S1,0.25,0.1,split_high_low,64,8,perception_error,0.19660621279761903,0.19660621279761903,0.0
pilot_v1_s1,S1,S1,0.25,0.1,split_high_low,64,9,resource_fraction,0.10890539387788843,0.10890539387788843,0.0
pilot_v1_s1,S1,S1,0.25,0.1,split_high_low,64,9,reserve_welfare,0.7390170351916832,0.7390170351916832,0.0
pilot_v1_s1,S1,S1,0.25,0.1,split_high_low,64,9,wealth_gini,0.5168375888743424,0.5168375888743424,0.0
pilot_v1_s1,S1,S1,0.25,0.1,split_high_low,64,9,perception_error,0.1410623139880953,0.1410623139880953,0.0
pilot_v1_s1,S1,S1,0.25,0.1,uniform_high,32,0,resource_fraction,0.3069049188271479,0.3069049188271479,0.0
pilot_v1_s1,S1,S1,0.25,0.1,uniform_high,32,0,reserve_welfare,0.9802355948563011,0.9802355948563011,0.0
pilot_v1_s1,S1,S1,0.25,0.1,uniform_high,32,0,wealth_gini,0.33116382414675494,0.33116382414675494,0.0
pilot_v1_s1,S1,S1,0.25,0.1,uniform_high,32,0,perception_error,0.10898664314516125,0.10898664314516125,0.0
pilot_v1_s1,S1,S1,0.25,0.1,uniform_high,32,1,resource_fraction,0.332007045396782,0.332007045396782,0.0
pilot_v1_s1,S1,S1,0.25,0.1,uniform_high,32,1,reserve_welfare,0.9745254154535508,0.9745254154535508,0.0
pilot_v1_s1,S1,S1,0.25,0.1,uniform_high,32,1,wealth_gini,0.40846478571052924,0.40846478571052924,0.0
pilot_v1_s1,S1,S1,0.25,0.1,uniform_high,32,1,perception_error,0.10348891129032257,0.10348891129032257,0.0
pilot_v1_s1,S1,S1,0.25,0.1,uniform_high,32,2,resource_fraction,0.24278194801717473,0.24278194801717473,0.0
pilot_v1_s1,S1,S1,0.25,0.1,uniform_high,32,2,reserve_welfare,0.9979999999999998,0.9979999999999998,0.0
pilot_v1_s1,S1,S1,0.25,0.1,uniform_high,32,2,wealth_gini,0.2889550777490397,0.2889550777490397,0.0
pilot_v1_s1,S1,S1,0.25,0.1,uniform_high,32,2,perception_error,0.0009241431451612902,0.0009241431451612902,0.0
pilot_v1_s1,S1,S1,0.25,0.1,uniform_high,32,3,resource_fraction,0.23171292754766998,0.23171292754766998,0.0
pilot_v1_s1,S1,S1,0.25,0.1,uniform_high,32,3,reserve_welfare,0.9979983699619464,0.9979983699619464,0.0
pilot_v1_s1,S1,S1,0.25,0.1,uniform_high,32,3,wealth_gini,0.26938151664739274,0.26938151664739274,0.0
pilot_v1_s1,S1,S1,0.25,0.1,uniform_high,32,3,perception_error,0.06628251008064515,0.06628251008064515,0.0
pilot_v1_s1,S1,S1,0.25,0.1,uniform_high,32,4,resource_fraction,0.24711826330184505,0.24711826330184505,0.0
pilot_v1_s1,S1,S1,0.25,0.1,uniform_high,32,4,reserve_welfare,0.9293064888143963,0.9293064888143963,0.0
pilot_v1_s1,S1,S1,0.25,0.1,uniform_high,32,4,wealth_gini,0.3412889593578645,0.3412889593578645,0.0
pilot_v1_s1,S1,S1,0.25,0.1,uniform_high,32,4,perception_error,0.1165645161290322,0.1165645161290322,0.0
pilot_v1_s1,S1,S1,0.25,0.1,uniform_high,32,5,resource_fraction,0.28422101257771865,0.28422101257771865,0.0
pilot_v1_s1,S1,S1,0.25,0.1,uniform_high,32,5,reserve_welfare,0.9709860660681253,0.9709860660681253,0.0
pilot_v1_s1,S1,S1,0.25,0.1,uniform_high,32,5,wealth_gini,0.3511492164751233,0.3511492164751233,0.0
pilot_v1_s1,S1,S1,0.25,0.1,uniform_high,32,5,perception_error,0.08120060483870967,0.08120060483870967,0.0
pilot_v1_s1,S1,S1,0.25,0.1,uniform_high,32,6,resource_fraction,0.3182454186899183,0.3182454186899183,0.0
pilot_v1_s1,S1,S1,0.25,0.1,uniform_high,32,6,reserve_welfare,0.9326960283501597,0.9326960283501597,0.0
pilot_v1_s1,S1,S1,0.25,0.1,uniform_high,32,6,wealth_gini,0.3894409539357997,0.3894409539357997,0.0
pilot_v1_s1,S1,S1,0.25,0.1,uniform_high,32,6,perception_error,0.15656502016129029,0.15656502016129029,0.0
pilot_v1_s1,S1,S1,0.25,0.1,uniform_high,32,7,resource_fraction,0.2705331539146034,0.2705331539146034,0.0
pilot_v1_s1,S1,S1,0.25,0.1,uniform_high,32,7,reserve_welfare,0.9534062085760813,0.9534062085760813,0.0
pilot_v1_s1,S1,S1,0.25,0.1,uniform_high,32,7,wealth_gini,0.3230968842421642,0.3230968842421642,0.0
pilot_v1_s1,S1,S1,0.25,0.1,uniform_high,32,7,perception_error,0.008282762096774194,0.008282762096774194,0.0
pilot_v1_s1,S1,S1,0.25,0.1,uniform_high,32,8,resource_fraction,0.26485256277934116,0.26485256277934116,0.0
pilot_v1_s1,S1,S1,0.25,0.1,uniform_high,32,8,reserve_welfare,0.9051893071635911,0.9051893071635911,0.0
pilot_v1_s1,S1,S1,0.25,0.1,uniform_high,32,8,wealth_gini,0.39314697128207854,0.39314697128207854,0.0
pilot_v1_s1,S1,S1,0.25,0.1,uniform_high,32,8,perception_error,0.13352646169354837,0.13352646169354837,0.0
pilot_v1_s1,S1,S1,0.25,0.1,uniform_high,32,9,resource_fraction,0.31147076064182455,0.31147076064182455,0.0
pilot_v1_s1,S1,S1,0.25,0.1,uniform_high,32,9,reserve_welfare,0.9645930340719733,0.9645930340719733,0.0
pilot_v1_s1,S1,S1,0.25,0.1,uniform_high,32,9,wealth_gini,0.29347897141434975,0.29347897141434975,0.0
pilot_v1_s1,S1,S1,0.25,0.1,uniform_high,32,9,perception_error,0.07229813508064516,0.07229813508064516,0.0
pilot_v1_s1,S1,S1,0.25,0.1,uniform_high,64,0,resource_fraction,0.083838332086515,0.083838332086515,0.0
pilot_v1_s1,S1,S1,0.25,0.1,uniform_high,64,0,reserve_welfare,0.7648315482878795,0.7648315482878795,0.0
pilot_v1_s1,S1,S1,0.25,0.1,uniform_high,64,0,wealth_gini,0.40401607934514794,0.40401607934514794,0.0
pilot_v1_s1,S1,S1,0.25,0.1,uniform_high,64,0,perception_error,0.15697631448412694,0.15697631448412694,0.0
pilot_v1_s1,S1,S1,0.25,0.1,uniform_high,64,1,resource_fraction,0.1379772082861909,0.1379772082861909,0.0
pilot_v1_s1,S1,S1,0.25,0.1,uniform_high,64,1,reserve_welfare,0.8289524424222927,0.8289524424222927,0.0
pilot_v1_s1,S1,S1,0.25,0.1,uniform_high,64,1,wealth_gini,0.470750299492279,0.470750299492279,0.0
pilot_v1_s1,S1,S1,0.25,0.1,uniform_high,64,1,perception_error,0.16441827876984125,0.16441827876984125,0.0
pilot_v1_s1,S1,S1,0.25,0.1,uniform_high,64,2,resource_fraction,0.11071087369386881,0.11071087369386881,0.0
pilot_v1_s1,S1,S1,0.25,0.1,uniform_high,64,2,reserve_welfare,0.7459713730199236,0.7459713730199236,0.0
pilot_v1_s1,S1,S1,0.25,0.1,uniform_high,64,2,wealth_gini,0.4659300225129994,0.4659300225129994,0.0
pilot_v1_s1,S1,S1,0.25,0.1,uniform_high,64,2,perception_error,0.13907204861111114,0.13907204861111114,0.0
pilot_v1_s1,S1,S1,0.25,0.1,uniform_high,64,3,resource_fraction,0.08405153397369544,0.08405153397369544,0.0
pilot_v1_s1,S1,S1,0.25,0.1,uniform_high,64,3,reserve_welfare,0.7574137239588092,0.7574137239588092,0.0
pilot_v1_s1,S1,S1,0.25,0.1,uniform_high,64,3,wealth_gini,0.38426777254986955,0.38426777254986955,0.0
pilot_v1_s1,S1,S1,0.25,0.1,uniform_high,64,3,perception_error,0.1774751364087302,0.1774751364087302,0.0
pilot_v1_s1,S1,S1,0.25,0.1,uniform_high,64,4,resource_fraction,0.12982084656735177,0.12982084656735177,0.0
pilot_v1_s1,S1,S1,0.25,0.1,uniform_high,64,4,reserve_welfare,0.7735830031783516,0.7735830031783516,0.0
pilot_v1_s1,S1,S1,0.25,0.1,uniform_high,64,4,wealth_gini,0.45808840255316263,0.45808840255316263,0.0
pilot_v1_s1,S1,S1,0.25,0.1,uniform_high,64,4,perception_error,0.1782208581349206,0.1782208581349206,0.0
pilot_v1_s1,S1,S1,0.25,0.1,uniform_high,64,5,resource_fraction,0.11818464687739766,0.11818464687739766,0.0
pilot_v1_s1,S1,S1,0.25,0.1,uniform_high,64,5,reserve_welfare,0.7399822621808602,0.7399822621808602,0.0
pilot_v1_s1,S1,S1,0.25,0.1,uniform_high,64,5,wealth_gini,0.4792300291334517,0.4792300291334517,0.0
pilot_v1_s1,S1,S1,0.25,0.1,uniform_high,64,5,perception_error,0.14605822172619048,0.14605822172619048,0.0
pilot_v1_s1,S1,S1,0.25,0.1,uniform_high,64,6,resource_fraction,0.12230969523571295,0.12230969523571295,0.0
pilot_v1_s1,S1,S1,0.25,0.1,uniform_high,64,6,reserve_welfare,0.7176775408874162,0.7176775408874162,0.0
pilot_v1_s1,S1,S1,0.25,0.1,uniform_high,64,6,wealth_gini,0.504845531126888,0.504845531126888,0.0
pilot_v1_s1,S1,S1,0.25,0.1,uniform_high,64,6,perception_error,0.1881446552579365,0.1881446552579365,0.0
pilot_v1_s1,S1,S1,0.25,0.1,uniform_high,64,7,resource_fraction,0.11704973091648216,0.11704973091648216,0.0
pilot_v1_s1,S1,S1,0.25,0.1,uniform_high,64,7,reserve_welfare,0.7029766999820365,0.7029766999820365,0.0
pilot_v1_s1,S1,S1,0.25,0.1,uniform_high,64,7,wealth_gini,0.5274909666673768,0.5274909666673768,0.0
pilot_v1_s1,S1,S1,0.25,0.1,uniform_high,64,7,perception_error,0.15086935763888892,0.15086935763888892,0.0
pilot_v1_s1,S1,S1,0.25,0.1,uniform_high,64,8,resource_fraction,0.09873084793767047,0.09873084793767047,0.0
pilot_v1_s1,S1,S1,0.25,0.1,uniform_high,64,8,reserve_welfare,0.7017544057773716,0.7017544057773716,0.0
pilot_v1_s1,S1,S1,0.25,0.1,uniform_high,64,8,wealth_gini,0.47173425876409336,0.47173425876409336,0.0
pilot_v1_s1,S1,S1,0.25,0.1,uniform_high,64,8,perception_error,0.1836775793650794,0.1836775793650794,0.0
pilot_v1_s1,S1,S1,0.25,0.1,uniform_high,64,9,resource_fraction,0.08159079382103497,0.08159079382103497,0.0
pilot_v1_s1,S1,S1,0.25,0.1,uniform_high,64,9,reserve_welfare,0.7721404119687615,0.7721404119687615,0.0
pilot_v1_s1,S1,S1,0.25,0.1,uniform_high,64,9,wealth_gini,0.3839686687207797,0.3839686687207797,0.0
pilot_v1_s1,S1,S1,0.25,0.1,uniform_high,64,9,perception_error,0.15158128720238084,0.15158128720238084,0.0
pilot_v1_s2,S2,S2,0.25,0.1,patchy_high,32,0,resource_fraction,0.32516866009228784,0.32516866009228784,0.0
pilot_v1_s2,S2,S2,0.25,0.1,patchy_high,32,0,reserve_welfare,0.9752391571808412,0.9752391571808412,0.0
pilot_v1_s2,S2,S2,0.25,0.1,patchy_high,32,0,wealth_gini,0.33273520091407427,0.33273520091407427,0.0
pilot_v1_s2,S2,S2,0.25,0.1,patchy_high,32,0,perception_error,0.15364337714536808,0.15364337714536808,0.0
pilot_v1_s2,S2,S2,0.25,0.1,patchy_high,32,1,resource_fraction,0.3757579325137498,0.3757579325137498,0.0
pilot_v1_s2,S2,S2,0.25,0.1,patchy_high,32,1,reserve_welfare,0.9689332025073389,0.9689332025073389,0.0
pilot_v1_s2,S2,S2,0.25,0.1,patchy_high,32,1,wealth_gini,0.3865397328279978,0.3865397328279978,0.0
pilot_v1_s2,S2,S2,0.25,0.1,patchy_high,32,1,perception_error,0.1603774137544803,0.1603774137544803,0.0
pilot_v1_s2,S2,S2,0.25,0.1,patchy_high,32,2,resource_fraction,0.2597728346383527,0.2597728346383527,0.0
pilot_v1_s2,S2,S2,0.25,0.1,patchy_high,32,2,reserve_welfare,0.9979999999999998,0.9979999999999998,0.0
pilot_v1_s2,S2,S2,0.25,0.1,patchy_high,32,2,wealth_gini,0.2872425368882239,0.2872425368882239,0.0
pilot_v1_s2,S2,S2,0.25,0.1,patchy_high,32,2,perception_error,0.054840435969720235,0.054840435969720235,0.0
pilot_v1_s2,S2,S2,0.25,0.1,patchy_high,32,3,resource_fraction,0.21383040018916857,0.21383040018916857,0.0
pilot_v1_s2,S2,S2,0.25,0.1,patchy_high,32,3,reserve_welfare,0.9979999999999998,0.9979999999999998,0.0
pilot_v1_s2,S2,S2,0.25,0.1,patchy_high,32,3,wealth_gini,0.26291081244805214,0.26291081244805214,0.0
pilot_v1_s2,S2,S2,0.25,0.1,patchy_high,32,3,perception_error,0.020751753712237586,0.020751753712237586,0.0
pilot_v1_s2,S2,S2,0.25,0.1,patchy_high,32,4,resource_fraction,0.2417849542064342,0.2417849542064342,0.0
pilot_v1_s2,S2,S2,0.25,0.1,patchy_high,32,4,reserve_welfare,0.9253317596006045,0.9253317596006045,0.0
pilot_v1_s2,S2,S2,0.25,0.1,patchy_high,32,4,wealth_gini,0.33898483387871914,0.33898483387871914,0.0
pilot_v1_s2,S2,S2,0.25,0.1,patchy_high,32,4,perception_error,0.08424737681673165,0.08424737681673165,0.0
pilot_v1_s2,S2,S2,0.25,0.1,patchy_high,32,5,resource_fraction,0.2943806861261527,0.2943806861261527,0.0
pilot_v1_s2,S2,S2,0.25,0.1,patchy_high,32,5,reserve_welfare,0.9736476186933967,0.9736476186933967,0.0
pilot_v1_s2,S2,S2,0.25,0.1,patchy_high,32,5,wealth_gini,0.34286737471558815,0.34286737471558815,0.0
pilot_v1_s2,S2,S2,0.25,0.1,patchy_high,32,5,perception_error,0.091584700329912,0.091584700329912,0.0
pilot_v1_s2,S2,S2,0.25,0.1,patchy_high,32,6,resource_fraction,0.38416100642563245,0.38416100642563245,0.0
pilot_v1_s2,S2,S2,0.25,0.1,patchy_high,32,6,reserve_welfare,0.9772311271380003,0.9772311271380003,0.0
pilot_v1_s2,S2,S2,0.25,0.1,patchy_high,32,6,wealth_gini,0.4219344948566228,0.4219344948566228,0.0
pilot_v1_s2,S2,S2,0.25,0.1,patchy_high,32,6,perception_error,0.19991081149193554,0.19991081149193554,0.0
pilot_v1_s2,S2,S2,0.25,0.1,patchy_high,32,7,resource_fraction,0.3319081772603978,0.3319081772603978,0.0
pilot_v1_s2,S2,S2,0.25,0.1,patchy_high,32,7,reserve_welfare,0.9550907376785072,0.9550907376785072,0.0
pilot_v1_s2,S2,S2,0.25,0.1,patchy_high,32,7,wealth_gini,0.3471925429412859,0.3471925429412859,0.0
pilot_v1_s2,S2,S2,0.25,0.1,patchy_high,32,7,perception_error,0.13455589957757297,0.13455589957757297,0.0
pilot_v1_s2,S2,S2,0.25,0.1,patchy_high,32,8,resource_fraction,0.26729052622470534,0.26729052622470534,0.0
pilot_v1_s2,S2,S2,0.25,0.1,patchy_high,32,8,reserve_welfare,0.8922331137295307,0.8922331137295307,0.0
pilot_v1_s2,S2,S2,0.25,0.1,patchy_high,32,8,wealth_gini,0.3830969904698498,0.3830969904698498,0.0
pilot_v1_s2,S2,S2,0.25,0.1,patchy_high,32,8,perception_error,0.1094298219086021,0.1094298219086021,0.0
pilot_v1_s2,S2,S2,0.25,0.1,patchy_high,32,9,resource_fraction,0.3154395516793831,0.3154395516793831,0.0
pilot_v1_s2,S2,S2,0.25,0.1,patchy_high,32,9,reserve_welfare,0.9723725203191681,0.9723725203191681,0.0
pilot_v1_s2,S2,S2,0.25,0.1,patchy_high,32,9,wealth_gini,0.2908213638774533,0.2908213638774533,0.0
pilot_v1_s2,S2,S2,0.25,0.1,patchy_high,32,9,perception_error,0.07398719361955247,0.07398719361955247,0.0
pilot_v1_s2,S2,S2,0.25,0.1,patchy_high,64,0,resource_fraction,0.0775615266607217,0.0775615266607217,0.0
pilot_v1_s2,S2,S2,0.25,0.1,patchy_high,64,0,reserve_welfare,0.7391131106880959,0.7391131106880959,0.0
pilot_v1_s2,S2,S2,0.25,0.1,patchy_high,64,0,wealth_gini,0.38133578988863914,0.38133578988863914,0.0
pilot_v1_s2,S2,S2,0.25,0.1,patchy_high,64,0,perception_error,0.1833204242372211,0.1833204242372211,0.0
pilot_v1_s2,S2,S2,0.25,0.1,patchy_high,64,1,resource_fraction,0.12808419852182154,0.12808419852182154,0.0
pilot_v1_s2,S2,S2,0.25,0.1,patchy_high,64,1,reserve_welfare,0.782648156172161,0.782648156172161,0.0
pilot_v1_s2,S2,S2,0.25,0.1,patchy_high,64,1,wealth_gini,0.468852562522142,0.468852562522142,0.0
pilot_v1_s2,S2,S2,0.25,0.1,patchy_high,64,1,perception_error,0.22492159017963245,0.22492159017963245,0.0
pilot_v1_s2,S2,S2,0.25,0.1,patchy_high,64,2,resource_fraction,0.12808545572239782,0.12808545572239782,0.0
pilot_v1_s2,S2,S2,0.25,0.1,patchy_high,64,2,reserve_welfare,0.8145715028994261,0.8145715028994261,0.0
pilot_v1_s2,S2,S2,0.25,0.1,patchy_high,64,2,wealth_gini,0.43470812466388487,0.43470812466388487,0.0
pilot_v1_s2,S2,S2,0.25,0.1,patchy_high,64,2,perception_error,0.21015172258297257,0.21015172258297257,0.0
pilot_v1_s2,S2,S2,0.25,0.1,patchy_high,64,3,resource_fraction,0.08668778405428829,0.08668778405428829,0.0
pilot_v1_s2,S2,S2,0.25,0.1,patchy_high,64,3,reserve_welfare,0.7482062222965984,0.7482062222965984,0.0
pilot_v1_s2,S2,S2,0.25,0.1,patchy_high,64,3,wealth_gini,0.3991043045582692,0.3991043045582692,0.0
pilot_v1_s2,S2,S2,0.25,0.1,patchy_high,64,3,perception_error,0.22372612076189732,0.22372612076189732,0.0
pilot_v1_s2,S2,S2,0.25,0.1,patchy_high,64,4,resource_fraction,0.13090515094548283,0.13090515094548283,0.0
pilot_v1_s2,S2,S2,0.25,0.1,patchy_high,64,4,reserve_welfare,0.7952698690080034,0.7952698690080034,0.0
pilot_v1_s2,S2,S2,0.25,0.1,patchy_high,64,4,wealth_gini,0.45489603452033234,0.45489603452033234,0.0
pilot_v1_s2,S2,S2,0.25,0.1,patchy_high,64,4,perception_error,0.20969527529761905,0.20969527529761905,0.0
pilot_v1_s2,S2,S2,0.25,0.1,patchy_high,64,5,resource_fraction,0.10195204367228707,0.10195204367228707,0.0
pilot_v1_s2,S2,S2,0.25,0.1,patchy_high,64,5,reserve_welfare,0.6854410422337252,0.6854410422337252,0.0
pilot_v1_s2,S2,S2,0.25,0.1,patchy_high,64,5,wealth_gini,0.4853281763753603,0.4853281763753603,0.0
pilot_v1_s2,S2,S2,0.25,0.1,patchy_high,64,5,perception_error,0.18297874551663615,0.18297874551663615,0.0
pilot_v1_s2,S2,S2,0.25,0.1,patchy_high,64,6,resource_fraction,0.14024331850989785,0.14024331850989785,0.0
pilot_v1_s2,S2,S2,0.25,0.1,patchy_high,64,6,reserve_welfare,0.7575332069350876,0.7575332069350876,0.0
pilot_v1_s2,S2,S2,0.25,0.1,patchy_high,64,6,wealth_gini,0.4705466922264945,0.4705466922264945,0.0
pilot_v1_s2,S2,S2,0.25,0.1,patchy_high,64,6,perception_error,0.2732816042761149,0.2732816042761149,0.0
pilot_v1_s2,S2,S2,0.25,0.1,patchy_high,64,7,resource_fraction,0.14796612795740455,0.14796612795740455,0.0
pilot_v1_s2,S2,S2,0.25,0.1,patchy_high,64,7,reserve_welfare,0.7183749569390153,0.7183749569390153,0.0
pilot_v1_s2,S2,S2,0.25,0.1,patchy_high,64,7,wealth_gini,0.5353760649040151,0.5353760649040151,0.0
pilot_v1_s2,S2,S2,0.25,0.1,patchy_high,64,7,perception_error,0.19364867077367073,0.19364867077367073,0.0
pilot_v1_s2,S2,S2,0.25,0.1,patchy_high,64,8,resource_fraction,0.1469928739849039,0.1469928739849039,0.0
pilot_v1_s2,S2,S2,0.25,0.1,patchy_high,64,8,reserve_welfare,0.8484619284423555,0.8484619284423555,0.0
pilot_v1_s2,S2,S2,0.25,0.1,patchy_high,64,8,wealth_gini,0.46684145916751496,0.46684145916751496,0.0
pilot_v1_s2,S2,S2,0.25,0.1,patchy_high,64,8,perception_error,0.1837108305106352,0.1837108305106352,0.0
pilot_v1_s2,S2,S2,0.25,0.1,patchy_high,64,9,resource_fraction,0.08085064541138866,0.08085064541138866,0.0
pilot_v1_s2,S2,S2,0.25,0.1,patchy_high,64,9,reserve_welfare,0.7474056297046348,0.7474056297046348,0.0
pilot_v1_s2,S2,S2,0.25,0.1,patchy_high,64,9,wealth_gini,0.4032488040608204,0.4032488040608204,0.0
pilot_v1_s2,S2,S2,0.25,0.1,patchy_high,64,9,perception_error,0.1925012667045985,0.1925012667045985,0.0
pilot_v1_s2,S2,S2,0.25,0.1,split_high_low,32,0,resource_fraction,0.3806214159173911,0.3806214159173911,0.0
pilot_v1_s2,S2,S2,0.25,0.1,split_high_low,32,0,reserve_welfare,0.8091295641865976,0.8091295641865976,0.0
pilot_v1_s2,S2,S2,0.25,0.1,split_high_low,32,0,wealth_gini,0.5024731358393024,0.5024731358393024,0.0
pilot_v1_s2,S2,S2,0.25,0.1,split_high_low,32,0,perception_error,0.16820787259615383,0.16820787259615383,0.0
pilot_v1_s2,S2,S2,0.25,0.1,split_high_low,32,1,resource_fraction,0.3353526143121584,0.3353526143121584,0.0
pilot_v1_s2,S2,S2,0.25,0.1,split_high_low,32,1,reserve_welfare,0.8048040275545711,0.8048040275545711,0.0
pilot_v1_s2,S2,S2,0.25,0.1,split_high_low,32,1,wealth_gini,0.5450663947200816,0.5450663947200816,0.0
pilot_v1_s2,S2,S2,0.25,0.1,split_high_low,32,1,perception_error,0.09957874842171717,0.09957874842171717,0.0
pilot_v1_s2,S2,S2,0.25,0.1,split_high_low,32,2,resource_fraction,0.3372876530577341,0.3372876530577341,0.0
pilot_v1_s2,S2,S2,0.25,0.1,split_high_low,32,2,reserve_welfare,0.8366453421947051,0.8366453421947051,0.0
pilot_v1_s2,S2,S2,0.25,0.1,split_high_low,32,2,wealth_gini,0.49238542901827187,0.49238542901827187,0.0
pilot_v1_s2,S2,S2,0.25,0.1,split_high_low,32,2,perception_error,0.21298854857619973,0.21298854857619973,0.0
pilot_v1_s2,S2,S2,0.25,0.1,split_high_low,32,3,resource_fraction,0.3115557508656922,0.3115557508656922,0.0
pilot_v1_s2,S2,S2,0.25,0.1,split_high_low,32,3,reserve_welfare,0.8189247739867485,0.8189247739867485,0.0
pilot_v1_s2,S2,S2,0.25,0.1,split_high_low,32,3,wealth_gini,0.49182255248197904,0.49182255248197904,0.0
pilot_v1_s2,S2,S2,0.25,0.1,split_high_low,32,3,perception_error,0.17883603510624682,0.17883603510624682,0.0
pilot_v1_s2,S2,S2,0.25,0.1,split_high_low,32,4,resource_fraction,0.2538965653971628,0.2538965653971628,0.0
pilot_v1_s2,S2,S2,0.25,0.1,split_high_low,32,4,reserve_welfare,0.9200902044163946,0.9200902044163946,0.0
pilot_v1_s2,S2,S2,0.25,0.1,split_high_low,32,4,wealth_gini,0.42308309260481214,0.42308309260481214,0.0
pilot_v1_s2,S2,S2,0.25,0.1,split_high_low,32,4,perception_error,0.12443296106335422,0.12443296106335422,0.0
pilot_v1_s2,S2,S2,0.25,0.1,split_high_low,32,5,resource_fraction,0.32963932274277613,0.32963932274277613,0.0
pilot_v1_s2,S2,S2,0.25,0.1,split_high_low,32,5,reserve_welfare,0.947865613283326,0.947865613283326,0.0
pilot_v1_s2,S2,S2,0.25,0.1,split_high_low,32,5,wealth_gini,0.4461633964227445,0.4461633964227445,0.0
pilot_v1_s2,S2,S2,0.25,0.1,split_high_low,32,5,perception_error,0.21593519367057673,0.21593519367057673,0.0
pilot_v1_s2,S2,S2,0.25,0.1,split_high_low,32,6,resource_fraction,0.2637755387189142,0.2637755387189142,0.0
pilot_v1_s2,S2,S2,0.25,0.1,split_high_low,32,6,reserve_welfare,0.9340779316102964,0.9340779316102964,0.0
pilot_v1_s2,S2,S2,0.25,0.1,split_high_low,32,6,wealth_gini,0.42655365442037185,0.42655365442037185,0.0
pilot_v1_s2,S2,S2,0.25,0.1,split_high_low,32,6,perception_error,0.1721433035714286,0.1721433035714286,0.0
pilot_v1_s2,S2,S2,0.25,0.1,split_high_low,32,7,resource_fraction,0.3144707734018017,0.3144707734018017,0.0
pilot_v1_s2,S2,S2,0.25,0.1,split_high_low,32,7,reserve_welfare,0.8206146918377314,0.8206146918377314,0.0
pilot_v1_s2,S2,S2,0.25,0.1,split_high_low,32,7,wealth_gini,0.5029937209766271,0.5029937209766271,0.0
pilot_v1_s2,S2,S2,0.25,0.1,split_high_low,32,7,perception_error,0.21145234495007678,0.21145234495007678,0.0
pilot_v1_s2,S2,S2,0.25,0.1,split_high_low,32,8,resource_fraction,0.38890245672286244,0.38890245672286244,0.0
pilot_v1_s2,S2,S2,0.25,0.1,split_high_low,32,8,reserve_welfare,0.8118512173867509,0.8118512173867509,0.0
pilot_v1_s2,S2,S2,0.25,0.1,split_high_low,32,8,wealth_gini,0.5493287029671425,0.5493287029671425,0.0
pilot_v1_s2,S2,S2,0.25,0.1,split_high_low,32,8,perception_error,0.2389846438172043,0.2389846438172043,0.0
pilot_v1_s2,S2,S2,0.25,0.1,split_high_low,32,9,resource_fraction,0.2780352437766827,0.2780352437766827,0.0
pilot_v1_s2,S2,S2,0.25,0.1,split_high_low,32,9,reserve_welfare,0.8889387453030051,0.8889387453030051,0.0
pilot_v1_s2,S2,S2,0.25,0.1,split_high_low,32,9,wealth_gini,0.3886797703836353,0.3886797703836353,0.0
pilot_v1_s2,S2,S2,0.25,0.1,split_high_low,32,9,perception_error,0.1210812560339526,0.1210812560339526,0.0
pilot_v1_s2,S2,S2,0.25,0.1,split_high_low,64,0,resource_fraction,0.09803836446353714,0.09803836446353714,0.0
pilot_v1_s2,S2,S2,0.25,0.1,split_high_low,64,0,reserve_welfare,0.6675082017172198,0.6675082017172198,0.0
pilot_v1_s2,S2,S2,0.25,0.1,split_high_low,64,0,wealth_gini,0.5877390704582273,0.5877390704582273,0.0
pilot_v1_s2,S2,S2,0.25,0.1,split_high_low,64,0,perception_error,0.21567597463300586,0.21567597463300586,0.0
pilot_v1_s2,S2,S2,0.25,0.1,split_high_low,64,1,resource_fraction,0.1314701919017628,0.1314701919017628,0.0
pilot_v1_s2,S2,S2,0.25,0.1,split_high_low,64,1,reserve_welfare,0.6040735456535761,0.6040735456535761,0.0
pilot_v1_s2,S2,S2,0.25,0.1,split_high_low,64,1,wealth_gini,0.6763016014013605,0.6763016014013605,0.0
pilot_v1_s2,S2,S2,0.25,0.1,split_high_low,64,1,perception_error,0.19539126317667216,0.19539126317667216,0.0
pilot_v1_s2,S2,S2,0.25,0.1,split_high_low,64,2,resource_fraction,0.10042800180332095,0.10042800180332095,0.0
pilot_v1_s2,S2,S2,0.25,0.1,split_high_low,64,2,reserve_welfare,0.6330753192321734,0.6330753192321734,0.0
pilot_v1_s2,S2,S2,0.25,0.1,split_high_low,64,2,wealth_gini,0.6201196803269333,0.6201196803269333,0.0
pilot_v1_s2,S2,S2,0.25,0.1,split_high_low,64,2,perception_error,0.17957154384244234,0.17957154384244234,0.0
pilot_v1_s2,S2,S2,0.25,0.1,split_high_low,64,3,resource_fraction,0.13820850996978112,0.13820850996978112,0.0
pilot_v1_s2,S2,S2,0.25,0.1,split_high_low,64,3,reserve_welfare,0.7480425839773842,0.7480425839773842,0.0
pilot_v1_s2,S2,S2,0.25,0.1,split_high_low,64,3,wealth_gini,0.5570905586907682,0.5570905586907682,0.0
pilot_v1_s2,S2,S2,0.25,0.1,split_high_low,64,3,perception_error,0.24371652262922944,0.24371652262922944,0.0
pilot_v1_s2,S2,S2,0.25,0.1,split_high_low,64,4,resource_fraction,0.10297481252765746,0.10297481252765746,0.0
pilot_v1_s2,S2,S2,0.25,0.1,split_high_low,64,4,reserve_welfare,0.7193876542881038,0.7193876542881038,0.0
pilot_v1_s2,S2,S2,0.25,0.1,split_high_low,64,4,wealth_gini,0.5462380235510664,0.5462380235510664,0.0
pilot_v1_s2,S2,S2,0.25,0.1,split_high_low,64,4,perception_error,0.24811531498015868,0.24811531498015868,0.0
pilot_v1_s2,S2,S2,0.25,0.1,split_high_low,64,5,resource_fraction,0.15522387511323274,0.15522387511323274,0.0
pilot_v1_s2,S2,S2,0.25,0.1,split_high_low,64,5,reserve_welfare,0.6922632761505053,0.6922632761505053,0.0
pilot_v1_s2,S2,S2,0.25,0.1,split_high_low,64,5,wealth_gini,0.6160644341928232,0.6160644341928232,0.0
pilot_v1_s2,S2,S2,0.25,0.1,split_high_low,64,5,perception_error,0.18694445159874848,0.18694445159874848,0.0
pilot_v1_s2,S2,S2,0.25,0.1,split_high_low,64,6,resource_fraction,0.07467133391115607,0.07467133391115607,0.0
pilot_v1_s2,S2,S2,0.25,0.1,split_high_low,64,6,reserve_welfare,0.5560520288725502,0.5560520288725502,0.0
pilot_v1_s2,S2,S2,0.25,0.1,split_high_low,64,6,wealth_gini,0.6365763656353447,0.6365763656353447,0.0
pilot_v1_s2,S2,S2,0.25,0.1,split_high_low,64,6,perception_error,0.2358114524592732,0.2358114524592732,0.0
pilot_v1_s2,S2,S2,0.25,0.1,split_high_low,64,7,resource_fraction,0.19773188562231553,0.19773188562231553,0.0
pilot_v1_s2,S2,S2,0.25,0.1,split_high_low,64,7,reserve_welfare,0.5819593090169322,0.5819593090169322,0.0
pilot_v1_s2,S2,S2,0.25,0.1,split_high_low,64,7,wealth_gini,0.7065875683104796,0.7065875683104796,0.0
pilot_v1_s2,S2,S2,0.25,0.1,split_high_low,64,7,perception_error,0.20969485778977962,0.20969485778977962,0.0
pilot_v1_s2,S2,S2,0.25,0.1,split_high_low,64,8,resource_fraction,0.10667923555670941,0.10667923555670941,0.0
pilot_v1_s2,S2,S2,0.25,0.1,split_high_low,64,8,reserve_welfare,0.5493205456777066,0.5493205456777066,0.0
pilot_v1_s2,S2,S2,0.25,0.1,split_high_low,64,8,wealth_gini,0.7010383440784322,0.7010383440784322,0.0
pilot_v1_s2,S2,S2,0.25,0.1,split_high_low,64,8,perception_error,0.2212018730184746,0.2212018730184746,0.0
pilot_v1_s2,S2,S2,0.25,0.1,split_high_low,64,9,resource_fraction,0.10295548898554069,0.10295548898554069,0.0
pilot_v1_s2,S2,S2,0.25,0.1,split_high_low,64,9,reserve_welfare,0.7024902684939257,0.7024902684939257,0.0
pilot_v1_s2,S2,S2,0.25,0.1,split_high_low,64,9,wealth_gini,0.5517083941731664,0.5517083941731664,0.0
pilot_v1_s2,S2,S2,0.25,0.1,split_high_low,64,9,perception_error,0.1997298495741498,0.1997298495741498,0.0
pilot_v1_s2,S2,S2,0.25,0.1,uniform_high,32,0,resource_fraction,0.31710128016017364,0.31710128016017364,0.0
pilot_v1_s2,S2,S2,0.25,0.1,uniform_high,32,0,reserve_welfare,0.9802667722403883,0.9802667722403883,0.0
pilot_v1_s2,S2,S2,0.25,0.1,uniform_high,32,0,wealth_gini,0.32867155012423055,0.32867155012423055,0.0
pilot_v1_s2,S2,S2,0.25,0.1,uniform_high,32,0,perception_error,0.09053017279259717,0.09053017279259717,0.0
pilot_v1_s2,S2,S2,0.25,0.1,uniform_high,32,1,resource_fraction,0.38105157110228094,0.38105157110228094,0.0
pilot_v1_s2,S2,S2,0.25,0.1,uniform_high,32,1,reserve_welfare,0.9734873183287368,0.9734873183287368,0.0
pilot_v1_s2,S2,S2,0.25,0.1,uniform_high,32,1,wealth_gini,0.42083898802764996,0.42083898802764996,0.0
pilot_v1_s2,S2,S2,0.25,0.1,uniform_high,32,1,perception_error,0.2062614697886119,0.2062614697886119,0.0
pilot_v1_s2,S2,S2,0.25,0.1,uniform_high,32,2,resource_fraction,0.2956503392195839,0.2956503392195839,0.0
pilot_v1_s2,S2,S2,0.25,0.1,uniform_high,32,2,reserve_welfare,0.9979999999999998,0.9979999999999998,0.0
pilot_v1_s2,S2,S2,0.25,0.1,uniform_high,32,2,wealth_gini,0.26046148193749974,0.26046148193749974,0.0
pilot_v1_s2,S2,S2,0.25,0.1,uniform_high,32,2,perception_error,0.09921180722838989,0.09921180722838989,0.0
pilot_v1_s2,S2,S2,0.25,0.1,uniform_high,32,3,resource_fraction,0.2190789851679931,0.2190789851679931,0.0
pilot_v1_s2,S2,S2,0.25,0.1,uniform_high,32,3,reserve_welfare,0.9979999999999998,0.9979999999999998,0.0
pilot_v1_s2,S2,S2,0.25,0.1,uniform_high,32,3,wealth_gini,0.27872020855452617,0.27872020855452617,0.0
pilot_v1_s2,S2,S2,0.25,0.1,uniform_high,32,3,perception_error,0.05662529841909882,0.05662529841909882,0.0
pilot_v1_s2,S2,S2,0.25,0.1,uniform_high,32,4,resource_fraction,0.24501741899011273,0.24501741899011273,0.0
pilot_v1_s2,S2,S2,0.25,0.1,uniform_high,32,4,reserve_welfare,0.9294878975276608,0.9294878975276608,0.0
pilot_v1_s2,S2,S2,0.25,0.1,uniform_high,32,4,wealth_gini,0.3411736046312781,0.3411736046312781,0.0
pilot_v1_s2,S2,S2,0.25,0.1,uniform_high,32,4,perception_error,0.09796820116487456,0.09796820116487456,0.0
pilot_v1_s2,S2,S2,0.25,0.1,uniform_high,32,5,resource_fraction,0.29276317477644126,0.29276317477644126,0.0
pilot_v1_s2,S2,S2,0.25,0.1,uniform_high,32,5,reserve_welfare,0.9687361024522368,0.9687361024522368,0.0
pilot_v1_s2,S2,S2,0.25,0.1,uniform_high,32,5,wealth_gini,0.3417968216527958,0.3417968216527958,0.0
pilot_v1_s2,S2,S2,0.25,0.1,uniform_high,32,5,perception_error,0.06847262952101661,0.06847262952101661,0.0
pilot_v1_s2,S2,S2,0.25,0.1,uniform_high,32,6,resource_fraction,0.32642305278996797,0.32642305278996797,0.0
pilot_v1_s2,S2,S2,0.25,0.1,uniform_high,32,6,reserve_welfare,0.8702169488434826,0.8702169488434826,0.0
pilot_v1_s2,S2,S2,0.25,0.1,uniform_high,32,6,wealth_gini,0.39955612375878724,0.39955612375878724,0.0
pilot_v1_s2,S2,S2,0.25,0.1,uniform_high,32,6,perception_error,0.21116743111559136,0.21116743111559136,0.0
pilot_v1_s2,S2,S2,0.25,0.1,uniform_high,32,7,resource_fraction,0.3339652358047522,0.3339652358047522,0.0
pilot_v1_s2,S2,S2,0.25,0.1,uniform_high,32,7,reserve_welfare,0.9399602500142155,0.9399602500142155,0.0
pilot_v1_s2,S2,S2,0.25,0.1,uniform_high,32,7,wealth_gini,0.33191060671065786,0.33191060671065786,0.0
pilot_v1_s2,S2,S2,0.25,0.1,uniform_high,32,7,perception_error,0.14392452316948284,0.14392452316948284,0.0
pilot_v1_s2,S2,S2,0.25,0.1,uniform_high,32,8,resource_fraction,0.3119421977063529,0.3119421977063529,0.0
pilot_v1_s2,S2,S2,0.25,0.1,uniform_high,32,8,reserve_welfare,0.8711344259720772,0.8711344259720772,0.0
pilot_v1_s2,S2,S2,0.25,0.1,uniform_high,32,8,wealth_gini,0.43515814956598375,0.43515814956598375,0.0
pilot_v1_s2,S2,S2,0.25,0.1,uniform_high,32,8,perception_error,0.13942422715053765,0.13942422715053765,0.0
pilot_v1_s2,S2,S2,0.25,0.1,uniform_high,32,9,resource_fraction,0.29235546313782707,0.29235546313782707,0.0
pilot_v1_s2,S2,S2,0.25,0.1,uniform_high,32,9,reserve_welfare,0.974423373092995,0.974423373092995,0.0
pilot_v1_s2,S2,S2,0.25,0.1,uniform_high,32,9,wealth_gini,0.30382078193792994,0.30382078193792994,0.0
pilot_v1_s2,S2,S2,0.25,0.1,uniform_high,32,9,perception_error,0.07344554967881578,0.07344554967881578,0.0
pilot_v1_s2,S2,S2,0.25,0.1,uniform_high,64,0,resource_fraction,0.09893550624596002,0.09893550624596002,0.0
pilot_v1_s2,S2,S2,0.25,0.1,uniform_high,64,0,reserve_welfare,0.7496936627511257,0.7496936627511257,0.0
pilot_v1_s2,S2,S2,0.25,0.1,uniform_high,64,0,wealth_gini,0.3862538205327144,0.3862538205327144,0.0
pilot_v1_s2,S2,S2,0.25,0.1,uniform_high,64,0,perception_error,0.21070590793754854,0.21070590793754854,0.0
pilot_v1_s2,S2,S2,0.25,0.1,uniform_high,64,1,resource_fraction,0.11443948936380391,0.11443948936380391,0.0
pilot_v1_s2,S2,S2,0.25,0.1,uniform_high,64,1,reserve_welfare,0.7204204026748549,0.7204204026748549,0.0
pilot_v1_s2,S2,S2,0.25,0.1,uniform_high,64,1,wealth_gini,0.5045866102254137,0.5045866102254137,0.0
pilot_v1_s2,S2,S2,0.25,0.1,uniform_high,64,1,perception_error,0.210085664748854,0.210085664748854,0.0
pilot_v1_s2,S2,S2,0.25,0.1,uniform_high,64,2,resource_fraction,0.12892362335938054,0.12892362335938054,0.0
pilot_v1_s2,S2,S2,0.25,0.1,uniform_high,64,2,reserve_welfare,0.773120784451486,0.773120784451486,0.0
pilot_v1_s2,S2,S2,0.25,0.1,uniform_high,64,2,wealth_gini,0.4516303967089419,0.4516303967089419,0.0
pilot_v1_s2,S2,S2,0.25,0.1,uniform_high,64,2,perception_error,0.210520854752886,0.210520854752886,0.0
pilot_v1_s2,S2,S2,0.25,0.1,uniform_high,64,3,resource_fraction,0.10116604681822602,0.10116604681822602,0.0
pilot_v1_s2,S2,S2,0.25,0.1,uniform_high,64,3,reserve_welfare,0.7696953846435366,0.7696953846435366,0.0
pilot_v1_s2,S2,S2,0.25,0.1,uniform_high,64,3,wealth_gini,0.4146019705266024,0.4146019705266024,0.0
pilot_v1_s2,S2,S2,0.25,0.1,uniform_high,64,3,perception_error,0.26595447726803423,0.26595447726803423,0.0
pilot_v1_s2,S2,S2,0.25,0.1,uniform_high,64,4,resource_fraction,0.09894665184749404,0.09894665184749404,0.0
pilot_v1_s2,S2,S2,0.25,0.1,uniform_high,64,4,reserve_welfare,0.7110598501317463,0.7110598501317463,0.0
pilot_v1_s2,S2,S2,0.25,0.1,uniform_high,64,4,wealth_gini,0.4699110025879081,0.4699110025879081,0.0
pilot_v1_s2,S2,S2,0.25,0.1,uniform_high,64,4,perception_error,0.260968998015873,0.260968998015873,0.0
pilot_v1_s2,S2,S2,0.25,0.1,uniform_high,64,5,resource_fraction,0.10475970200940049,0.10475970200940049,0.0
pilot_v1_s2,S2,S2,0.25,0.1,uniform_high,64,5,reserve_welfare,0.723134191009055,0.723134191009055,0.0
pilot_v1_s2,S2,S2,0.25,0.1,uniform_high,64,5,wealth_gini,0.48216016387155225,0.48216016387155225,0.0
pilot_v1_s2,S2,S2,0.25,0.1,uniform_high,64,5,perception_error,0.2177941058073871,0.2177941058073871,0.0
pilot_v1_s2,S2,S2,0.25,0.1,uniform_high,64,6,resource_fraction,0.08876284019905675,0.08876284019905675,0.0
pilot_v1_s2,S2,S2,0.25,0.1,uniform_high,64,6,reserve_welfare,0.6739020608105061,0.6739020608105061,0.0
pilot_v1_s2,S2,S2,0.25,0.1,uniform_high,64,6,wealth_gini,0.4904364011132465,0.4904364011132465,0.0
pilot_v1_s2,S2,S2,0.25,0.1,uniform_high,64,6,perception_error,0.23774063220450964,0.23774063220450964,0.0
pilot_v1_s2,S2,S2,0.25,0.1,uniform_high,64,7,resource_fraction,0.13354620586153337,0.13354620586153337,0.0
pilot_v1_s2,S2,S2,0.25,0.1,uniform_high,64,7,reserve_welfare,0.6849750777053812,0.6849750777053812,0.0
pilot_v1_s2,S2,S2,0.25,0.1,uniform_high,64,7,wealth_gini,0.5476695010918542,0.5476695010918542,0.0
pilot_v1_s2,S2,S2,0.25,0.1,uniform_high,64,7,perception_error,0.17268095584970586,0.17268095584970586,0.0
pilot_v1_s2,S2,S2,0.25,0.1,uniform_high,64,8,resource_fraction,0.07209611412438162,0.07209611412438162,0.0
pilot_v1_s2,S2,S2,0.25,0.1,uniform_high,64,8,reserve_welfare,0.5637440010524324,0.5637440010524324,0.0
pilot_v1_s2,S2,S2,0.25,0.1,uniform_high,64,8,wealth_gini,0.47660995860087385,0.47660995860087385,0.0
pilot_v1_s2,S2,S2,0.25,0.1,uniform_high,64,8,perception_error,0.22319805071230855,0.22319805071230855,0.0
pilot_v1_s2,S2,S2,0.25,0.1,uniform_high,64,9,resource_fraction,0.11408847492310717,0.11408847492310717,0.0
pilot_v1_s2,S2,S2,0.25,0.1,uniform_high,64,9,reserve_welfare,0.894265565145568,0.894265565145568,0.0
pilot_v1_s2,S2,S2,0.25,0.1,uniform_high,64,9,wealth_gini,0.3533364499891223,0.3533364499891223,0.0
pilot_v1_s2,S2,S2,0.25,0.1,uniform_high,64,9,perception_error,0.19877758038248186,0.19877758038248186,0.0
pilot_v1_r1_mu010,R1,R1,0.0,0.1,patchy_high,32,0,resource_fraction,0.31530297226997006,0.3157396315947206,-0.0004366593247505657
pilot_v1_r1_mu010,R1,R1,0.0,0.1,patchy_high,32,0,reserve_welfare,0.977306778084756,0.9772569904524012,4.978763235474748e-05
pilot_v1_r1_mu010,R1,R1,0.0,0.1,patchy_high,32,0,wealth_gini,0.33370665485627726,0.33393287471122735,-0.00022621985495008268
pilot_v1_r1_mu010,R1,R1,0.0,0.1,patchy_high,32,0,perception_error,0.12639616935483872,0.13675756048387097,-0.010361391129032255
pilot_v1_r1_mu010,R1,R1,0.0,0.1,patchy_high,32,1,resource_fraction,0.35212811996882604,0.3520656417872583,6.247818156773777e-05
pilot_v1_r1_mu010,R1,R1,0.0,0.1,patchy_high,32,1,reserve_welfare,0.9952821828080103,0.9952765759456934,5.606862316875905e-06
pilot_v1_r1_mu010,R1,R1,0.0,0.1,patchy_high,32,1,wealth_gini,0.39796652961322376,0.3978856533200257,8.087629319808443e-05
pilot_v1_r1_mu010,R1,R1,0.0,0.1,patchy_high,32,1,perception_error,0.08681249999999997,0.08679334677419352,1.9153225806450846e-05
pilot_v1_r1_mu010,R1,R1,0.0,0.1,patchy_high,32,2,resource_fraction,0.24855754614291306,0.24852259211170394,3.495403120912233e-05
pilot_v1_r1_mu010,R1,R1,0.0,0.1,patchy_high,32,2,reserve_welfare,0.9979999999999998,0.9979999999999998,0.0
pilot_v1_r1_mu010,R1,R1,0.0,0.1,patchy_high,32,2,wealth_gini,0.2846307118846001,0.28457906079911366,5.1651085486437154e-05
pilot_v1_r1_mu010,R1,R1,0.0,0.1,patchy_high,32,2,perception_error,0.015023941532258066,0.014986391129032259,3.755040322580769e-05
pilot_v1_r1_mu010,R1,R1,0.0,0.1,patchy_high,32,3,resource_fraction,0.20884791716621964,0.2087844295492282,6.348761699143113e-05
pilot_v1_r1_mu010,R1,R1,0.0,0.1,patchy_high,32,3,reserve_welfare,0.9979999999999998,0.9979999999999998,0.0
pilot_v1_r1_mu010,R1,R1,0.0,0.1,patchy_high,32,3,wealth_gini,0.259775841541086,0.25972103987998785,5.480166109816942e-05
pilot_v1_r1_mu010,R1,R1,0.0,0.1,patchy_high,32,3,perception_error,0.01751789314516129,0.015227570564516126,0.002290322580645163
pilot_v1_r1_mu010,R1,R1,0.0,0.1,patchy_high,32,4,resource_fraction,0.2737859229533875,0.2763169285122666,-0.0025310055588790847
pilot_v1_r1_mu010,R1,R1,0.0,0.1,patchy_high,32,4,reserve_welfare,0.9687061328670088,0.9711012543955312,-0.0023951215285223926
pilot_v1_r1_mu010,R1,R1,0.0,0.1,patchy_high,32,4,wealth_gini,0.30473721129714515,0.3046192748613499,0.00011793643579527391
pilot_v1_r1_mu010,R1,R1,0.0,0.1,patchy_high,32,4,perception_error,0.13997631048387096,0.1430430947580645,-0.003066784274193546
pilot_v1_r1_mu010,R1,R1,0.0,0.1,patchy_high,32,5,resource_fraction,0.28505725375089924,0.28260079322588444,0.002456460525014803
pilot_v1_r1_mu010,R1,R1,0.0,0.1,patchy_high,32,5,reserve_welfare,0.9726518840963421,0.972957861055589,-0.00030597695924694523
pilot_v1_r1_mu010,R1,R1,0.0,0.1,patchy_high,32,5,wealth_gini,0.3425390082999289,0.3431346392592267,-0.0005956309592978215
pilot_v1_r1_mu010,R1,R1,0.0,0.1,patchy_high,32,5,perception_error,0.025605342741935485,0.025547379032258063,5.796370967742215e-05
pilot_v1_r1_mu010,R1,R1,0.0,0.1,patchy_high,32,6,resource_fraction,0.31346297532399503,0.3147860914935458,-0.0013231161695507754
pilot_v1_r1_mu010,R1,R1,0.0,0.1,patchy_high,32,6,reserve_welfare,0.8861605832750301,0.8879641742962762,-0.0018035910212460537
pilot_v1_r1_mu010,R1,R1,0.0,0.1,patchy_high,32,6,wealth_gini,0.3962743699298812,0.3908322925620331,0.005442077367848075
pilot_v1_r1_mu010,R1,R1,0.0,0.1,patchy_high,32,6,perception_error,0.10806401209677417,0.10173689516129031,0.006327116935483865
pilot_v1_r1_mu010,R1,R1,0.0,0.1,patchy_high,32,7,resource_fraction,0.3234013304572175,0.32209357554207735,0.0013077549151401247
pilot_v1_r1_mu010,R1,R1,0.0,0.1,patchy_high,32,7,reserve_welfare,0.9571460101105038,0.9549944559999417,0.002151554110562115
pilot_v1_r1_mu010,R1,R1,0.0,0.1,patchy_high,32,7,wealth_gini,0.345038291722791,0.3468697588871281,-0.0018314671643371305
pilot_v1_r1_mu010,R1,R1,0.0,0.1,patchy_high,32,7,perception_error,0.1230022681451613,0.1281391129032258,-0.005136844758064502
pilot_v1_r1_mu010,R1,R1,0.0,0.1,patchy_high,32,8,resource_fraction,0.30407466125703436,0.2899762438001504,0.01409841745688395
pilot_v1_r1_mu010,R1,R1,0.0,0.1,patchy_high,32,8,reserve_welfare,0.9056671441877922,0.8972403596638561,0.008426784523936082
pilot_v1_r1_mu010,R1,R1,0.0,0.1,patchy_high,32,8,wealth_gini,0.36279184115723484,0.36917764215848203,-0.006385801001247193
pilot_v1_r1_mu010,R1,R1,0.0,0.1,patchy_high,32,8,perception_error,0.15193271169354838,0.13938180443548384,0.012550907258064542
pilot_v1_r1_mu010,R1,R1,0.0,0.1,patchy_high,32,9,resource_fraction,0.3125268168576721,0.3127035250615166,-0.00017670820384452224
pilot_v1_r1_mu010,R1,R1,0.0,0.1,patchy_high,32,9,reserve_welfare,0.9696560321209657,0.9686176571456155,0.001038374975350198
pilot_v1_r1_mu010,R1,R1,0.0,0.1,patchy_high,32,9,wealth_gini,0.2912395799998302,0.2909956243428049,0.00024395565702528543
pilot_v1_r1_mu010,R1,R1,0.0,0.1,patchy_high,32,9,perception_error,0.10801033266129033,0.11927923387096773,-0.011268901209677398
pilot_v1_r1_mu010,R1,R1,0.0,0.1,patchy_high,64,0,resource_fraction,0.08618891596704782,0.12400325113054379,-0.03781433516349597
pilot_v1_r1_mu010,R1,R1,0.0,0.1,patchy_high,64,0,reserve_welfare,0.776052493162056,0.8029676644337664,-0.026915171271710392
pilot_v1_r1_mu010,R1,R1,0.0,0.1,patchy_high,64,0,wealth_gini,0.3881702024463112,0.43076214624914444,-0.042591943802833265
pilot_v1_r1_mu010,R1,R1,0.0,0.1,patchy_high,64,0,perception_error,0.15373046875,0.16193470982142857,-0.008204241071428586
pilot_v1_r1_mu010,R1,R1,0.0,0.1,patchy_high,64,1,resource_fraction,0.15792122985373117,0.09887450586673525,0.05904672398699591
pilot_v1_r1_mu010,R1,R1,0.0,0.1,patchy_high,64,1,reserve_welfare,0.8673878028715203,0.776212045200914,0.09117575767060626
pilot_v1_r1_mu010,R1,R1,0.0,0.1,patchy_high,64,1,wealth_gini,0.4256982973764307,0.44974137866962227,-0.02404308129319155
pilot_v1_r1_mu010,R1,R1,0.0,0.1,patchy_high,64,1,perception_error,0.18333767361111108,0.20787741815476188,-0.024539744543650793
pilot_v1_r1_mu010,R1,R1,0.0,0.1,patchy_high,64,2,resource_fraction,0.11525116459126608,0.13006976637463472,-0.014818601783368635
pilot_v1_r1_mu010,R1,R1,0.0,0.1,patchy_high,64,2,reserve_welfare,0.7892576481612132,0.7813098735126138,0.007947774648599415
pilot_v1_r1_mu010,R1,R1,0.0,0.1,patchy_high,64,2,wealth_gini,0.4155526809475856,0.4503688212277197,-0.034816140280134134
pilot_v1_r1_mu010,R1,R1,0.0,0.1,patchy_high,64,2,perception_error,0.21877139136904772,0.176628658234127,0.04214273313492073
pilot_v1_r1_mu010,R1,R1,0.0,0.1,patchy_high,64,3,resource_fraction,0.0788546341751546,0.08267043065583667,-0.00381579648068206
pilot_v1_r1_mu010,R1,R1,0.0,0.1,patchy_high,64,3,reserve_welfare,0.715911748620564,0.7157415408915121,0.00017020772905185222
pilot_v1_r1_mu010,R1,R1,0.0,0.1,patchy_high,64,3,wealth_gini,0.404558095428579,0.41788068821397895,-0.013322592785399934
pilot_v1_r1_mu010,R1,R1,0.0,0.1,patchy_high,64,3,perception_error,0.15511173115079363,0.14803999255952383,0.007071738591269805
pilot_v1_r1_mu010,R1,R1,0.0,0.1,patchy_high,64,4,resource_fraction,0.11223302537002905,0.12449016917679753,-0.012257143806768483
pilot_v1_r1_mu010,R1,R1,0.0,0.1,patchy_high,64,4,reserve_welfare,0.7538270139893227,0.7686845574198528,-0.014857543430530029
pilot_v1_r1_mu010,R1,R1,0.0,0.1,patchy_high,64,4,wealth_gini,0.4534044759418734,0.4494519907430812,0.0039524851987922105
pilot_v1_r1_mu010,R1,R1,0.0,0.1,patchy_high,64,4,perception_error,0.16906876240079358,0.17556739831349208,-0.006498635912698503
pilot_v1_r1_mu010,R1,R1,0.0,0.1,patchy_high,64,5,resource_fraction,0.1284869135379866,0.11325149340581503,0.015235420132171579
pilot_v1_r1_mu010,R1,R1,0.0,0.1,patchy_high,64,5,reserve_welfare,0.8499583838713763,0.7540821421021264,0.09587624176924991
pilot_v1_r1_mu010,R1,R1,0.0,0.1,patchy_high,64,5,wealth_gini,0.4203087957113938,0.4543731223224361,-0.034064326611042306
pilot_v1_r1_mu010,R1,R1,0.0,0.1,patchy_high,64,5,perception_error,0.13186272321428572,0.1685719866071429,-0.03670926339285718
pilot_v1_r1_mu010,R1,R1,0.0,0.1,patchy_high,64,6,resource_fraction,0.1064299355675189,0.12541711452252702,-0.01898717895500812
pilot_v1_r1_mu010,R1,R1,0.0,0.1,patchy_high,64,6,reserve_welfare,0.714258002769823,0.7709531106182325,-0.056695107848409476
pilot_v1_r1_mu010,R1,R1,0.0,0.1,patchy_high,64,6,wealth_gini,0.44494108970274193,0.4349143580633279,0.010026731639414033
pilot_v1_r1_mu010,R1,R1,0.0,0.1,patchy_high,64,6,perception_error,0.19284796626984127,0.1715568576388889,0.021291108630952377
pilot_v1_r1_mu010,R1,R1,0.0,0.1,patchy_high,64,7,resource_fraction,0.11720685547469577,0.12015900111467545,-0.0029521456399796836
pilot_v1_r1_mu010,R1,R1,0.0,0.1,patchy_high,64,7,reserve_welfare,0.6880250970014051,0.7150550347016713,-0.027029937700266182
pilot_v1_r1_mu010,R1,R1,0.0,0.1,patchy_high,64,7,wealth_gini,0.5476525845545508,0.5330674047420871,0.014585179812463656
pilot_v1_r1_mu010,R1,R1,0.0,0.1,patchy_high,64,7,perception_error,0.15933891369047615,0.1630672743055556,-0.0037283606150794457
pilot_v1_r1_mu010,R1,R1,0.0,0.1,patchy_high,64,8,resource_fraction,0.12366241434257631,0.1083455899628648,0.015316824379711519
pilot_v1_r1_mu010,R1,R1,0.0,0.1,patchy_high,64,8,reserve_welfare,0.7476715100086626,0.7091039756165692,0.03856753439209337
pilot_v1_r1_mu010,R1,R1,0.0,0.1,patchy_high,64,8,wealth_gini,0.4846040614130245,0.4441715311512684,0.04043253026175608
pilot_v1_r1_mu010,R1,R1,0.0,0.1,patchy_high,64,8,perception_error,0.1883763020833333,0.22027188740079356,-0.03189558531746026
pilot_v1_r1_mu010,R1,R1,0.0,0.1,patchy_high,64,9,resource_fraction,0.09372184876582441,0.09306100183269993,0.0006608469331244871
pilot_v1_r1_mu010,R1,R1,0.0,0.1,patchy_high,64,9,reserve_welfare,0.7899734127126764,0.7862512745345895,0.0037221381780868645
pilot_v1_r1_mu010,R1,R1,0.0,0.1,patchy_high,64,9,wealth_gini,0.3888076668699112,0.39095177109263224,-0.002144104222721044
pilot_v1_r1_mu010,R1,R1,0.0,0.1,patchy_high,64,9,perception_error,0.15477771577380953,0.1437811259920635,0.01099658978174603
pilot_v1_r1_mu010,R1,R1,0.0,0.1,split_high_low,32,0,resource_fraction,0.40148706378850874,0.3811203163651179,0.02036674742339084
pilot_v1_r1_mu010,R1,R1,0.0,0.1,split_high_low,32,0,reserve_welfare,0.8154123075747218,0.8115115488756398,0.0039007586990820187
pilot_v1_r1_mu010,R1,R1,0.0,0.1,split_high_low,32,0,wealth_gini,0.5328892275696757,0.5022313485404151,0.03065787902926065
pilot_v1_r1_mu010,R1,R1,0.0,0.1,split_high_low,32,0,perception_error,0.17284425403225803,0.1320607358870968,0.040783518145161235
pilot_v1_r1_mu010,R1,R1,0.0,0.1,split_high_low,32,1,resource_fraction,0.3658602294039539,0.3660485825655253,-0.00018835316157139737
pilot_v1_r1_mu010,R1,R1,0.0,0.1,split_high_low,32,1,reserve_welfare,0.8191668509333838,0.8194555764310419,-0.0002887254976581266
pilot_v1_r1_mu010,R1,R1,0.0,0.1,split_high_low,32,1,wealth_gini,0.5509003946038766,0.5507397887418863,0.0001606058619902928
pilot_v1_r1_mu010,R1,R1,0.0,0.1,split_high_low,32,1,perception_error,0.13456275201612902,0.12596849798387097,0.008594254032258053
pilot_v1_r1_mu010,R1,R1,0.0,0.1,split_high_low,32,2,resource_fraction,0.27971295509106253,0.2797228361300097,-9.881038947168186e-06
pilot_v1_r1_mu010,R1,R1,0.0,0.1,split_high_low,32,2,reserve_welfare,0.8323479534864638,0.8323118053380304,3.6148148433445826e-05
pilot_v1_r1_mu010,R1,R1,0.0,0.1,split_high_low,32,2,wealth_gini,0.4828494554061442,0.4827981756563562,5.127974978802463e-05
pilot_v1_r1_mu010,R1,R1,0.0,0.1,split_high_low,32,2,perception_error,0.05222404233870968,0.05756401209677417,-0.005339969758064493
pilot_v1_r1_mu010,R1,R1,0.0,0.1,split_high_low,32,3,resource_fraction,0.31386205315292204,0.3198054773854311,-0.0059434242325090425
pilot_v1_r1_mu010,R1,R1,0.0,0.1,split_high_low,32,3,reserve_welfare,0.8211890072300583,0.8195095195509575,0.0016794876791007551
pilot_v1_r1_mu010,R1,R1,0.0,0.1,split_high_low,32,3,wealth_gini,0.4778156795663937,0.49165359388729124,-0.013837914320897537
pilot_v1_r1_mu010,R1,R1,0.0,0.1,split_high_low,32,3,perception_error,0.13689894153225807,0.1407429435483871,-0.003844002016129028
pilot_v1_r1_mu010,R1,R1,0.0,0.1,split_high_low,32,4,resource_fraction,0.2710658499512082,0.24719393684948618,0.023871913101722014
pilot_v1_r1_mu010,R1,R1,0.0,0.1,split_high_low,32,4,reserve_welfare,0.9348971317810683,0.9195128624575268,0.015384269323541422
pilot_v1_r1_mu010,R1,R1,0.0,0.1,split_high_low,32,4,wealth_gini,0.43765679008956626,0.4442137597395004,-0.00655696964993413
pilot_v1_r1_mu010,R1,R1,0.0,0.1,split_high_low,32,4,perception_error,0.13067842741935484,0.12839717741935483,0.0022812500000000124
pilot_v1_r1_mu010,R1,R1,0.0,0.1,split_high_low,32,5,resource_fraction,0.28768870238170485,0.3082988819026917,-0.02061017952098687
pilot_v1_r1_mu010,R1,R1,0.0,0.1,split_high_low,32,5,reserve_welfare,0.9117138279801211,0.9269765395023691,-0.015262711522248007
pilot_v1_r1_mu010,R1,R1,0.0,0.1,split_high_low,32,5,wealth_gini,0.45339602986663396,0.46177505432847377,-0.008379024461839801
pilot_v1_r1_mu010,R1,R1,0.0,0.1,split_high_low,32,5,perception_error,0.1003712197580645,0.13107106854838707,-0.030699848790322573
pilot_v1_r1_mu010,R1,R1,0.0,0.1,split_high_low,32,6,resource_fraction,0.2555537949904466,0.25536511220800956,0.00018868278243705516
pilot_v1_r1_mu010,R1,R1,0.0,0.1,split_high_low,32,6,reserve_welfare,0.9177926516224166,0.917368466864613,0.00042418475780359177
pilot_v1_r1_mu010,R1,R1,0.0,0.1,split_high_low,32,6,wealth_gini,0.42129949492155827,0.42284392239240676,-0.0015444274708484862
pilot_v1_r1_mu010,R1,R1,0.0,0.1,split_high_low,32,6,perception_error,0.07593321572580644,0.09211769153225807,-0.01618447580645163
pilot_v1_r1_mu010,R1,R1,0.0,0.1,split_high_low,32,7,resource_fraction,0.31631760244633006,0.3181822990499121,-0.0018646966035820167
pilot_v1_r1_mu010,R1,R1,0.0,0.1,split_high_low,32,7,reserve_welfare,0.8121641173838788,0.8186155035057404,-0.00645138612186158
pilot_v1_r1_mu010,R1,R1,0.0,0.1,split_high_low,32,7,wealth_gini,0.49551915750859066,0.4920214412582977,0.003497716250292937
pilot_v1_r1_mu010,R1,R1,0.0,0.1,split_high_low,32,7,perception_error,0.14380090725806452,0.14660080645161291,-0.002799899193548394
pilot_v1_r1_mu010,R1,R1,0.0,0.1,split_high_low,32,8,resource_fraction,0.3353128896080989,0.3374024153745548,-0.0020895257664558797
pilot_v1_r1_mu010,R1,R1,0.0,0.1,split_high_low,32,8,reserve_welfare,0.793869818888405,0.7745125283900913,0.019357290498313695
pilot_v1_r1_mu010,R1,R1,0.0,0.1,split_high_low,32,8,wealth_gini,0.5272475042260083,0.5461537772333025,-0.018906273007294194
pilot_v1_r1_mu010,R1,R1,0.0,0.1,split_high_low,32,8,perception_error,0.20286013104838707,0.18243170362903224,0.020428427419354828
pilot_v1_r1_mu010,R1,R1,0.0,0.1,split_high_low,32,9,resource_fraction,0.2676740696945336,0.3824555335545913,-0.11478146386005766
pilot_v1_r1_mu010,R1,R1,0.0,0.1,split_high_low,32,9,reserve_welfare,0.8820415550529237,0.9395649479477304,-0.05752339289480668
pilot_v1_r1_mu010,R1,R1,0.0,0.1,split_high_low,32,9,wealth_gini,0.42578794397272235,0.43983121526960955,-0.014043271296887205
pilot_v1_r1_mu010,R1,R1,0.0,0.1,split_high_low,32,9,perception_error,0.12578629032258068,0.21026587701612903,-0.08447958669354835
pilot_v1_r1_mu010,R1,R1,0.0,0.1,split_high_low,64,0,resource_fraction,0.0924214058485364,0.15014721958442753,-0.05772581373589113
pilot_v1_r1_mu010,R1,R1,0.0,0.1,split_high_low,64,0,reserve_welfare,0.649552898173522,0.7302254430258194,-0.08067254485229736
pilot_v1_r1_mu010,R1,R1,0.0,0.1,split_high_low,64,0,wealth_gini,0.5935840840666571,0.5705864280306383,0.022997656036018777
pilot_v1_r1_mu010,R1,R1,0.0,0.1,split_high_low,64,0,perception_error,0.16871013144841274,0.19231969246031738,-0.023609561011904645
pilot_v1_r1_mu010,R1,R1,0.0,0.1,split_high_low,64,1,resource_fraction,0.1362837197198087,0.164183591199236,-0.027899871479427296
pilot_v1_r1_mu010,R1,R1,0.0,0.1,split_high_low,64,1,reserve_welfare,0.61315237908512,0.6175782565064631,-0.0044258774213431495
pilot_v1_r1_mu010,R1,R1,0.0,0.1,split_high_low,64,1,wealth_gini,0.6641359929884167,0.6531836589656066,0.01095233402281015
pilot_v1_r1_mu010,R1,R1,0.0,0.1,split_high_low,64,1,perception_error,0.1534024677579365,0.17094946676587297,-0.017546999007936465
pilot_v1_r1_mu010,R1,R1,0.0,0.1,split_high_low,64,2,resource_fraction,0.10209673177400148,0.114019864862037,-0.011923133088035512
pilot_v1_r1_mu010,R1,R1,0.0,0.1,split_high_low,64,2,reserve_welfare,0.6263990685921631,0.6225812532286372,0.0038178153635258782
pilot_v1_r1_mu010,R1,R1,0.0,0.1,split_high_low,64,2,wealth_gini,0.6226325879627674,0.6464195798215018,-0.02378699185873434
pilot_v1_r1_mu010,R1,R1,0.0,0.1,split_high_low,64,2,perception_error,0.1655507192460317,0.16949355158730162,-0.0039428323412699084
pilot_v1_r1_mu010,R1,R1,0.0,0.1,split_high_low,64,3,resource_fraction,0.14895533161412589,0.12632879979612527,0.022626531818000617
pilot_v1_r1_mu010,R1,R1,0.0,0.1,split_high_low,64,3,reserve_welfare,0.7443711139342992,0.7189746812524347,0.025396432681864534
pilot_v1_r1_mu010,R1,R1,0.0,0.1,split_high_low,64,3,wealth_gini,0.5737491730767608,0.5723930002197501,0.001356172857010618
pilot_v1_r1_mu010,R1,R1,0.0,0.1,split_high_low,64,3,perception_error,0.17997960069444446,0.16675496031746032,0.013224640376984148
pilot_v1_r1_mu010,R1,R1,0.0,0.1,split_high_low,64,4,resource_fraction,0.08522788214821266,0.08488091829334797,0.00034696385486468473
pilot_v1_r1_mu010,R1,R1,0.0,0.1,split_high_low,64,4,reserve_welfare,0.645479502635706,0.6452888908495296,0.00019061178617640895
pilot_v1_r1_mu010,R1,R1,0.0,0.1,split_high_low,64,4,wealth_gini,0.5642226325248403,0.5643831044057921,-0.00016047188095180687
pilot_v1_r1_mu010,R1,R1,0.0,0.1,split_high_low,64,4,perception_error,0.14678348214285714,0.15824373759920632,-0.011460255456349183
pilot_v1_r1_mu010,R1,R1,0.0,0.1,split_high_low,64,5,resource_fraction,0.1612250967396973,0.1633030072114679,-0.002077910471770611
pilot_v1_r1_mu010,R1,R1,0.0,0.1,split_high_low,64,5,reserve_welfare,0.6876859493207726,0.6903944727623096,-0.0027085234415369364
pilot_v1_r1_mu010,R1,R1,0.0,0.1,split_high_low,64,5,wealth_gini,0.6126343452039966,0.6119784495076119,0.0006558956963846896
pilot_v1_r1_mu010,R1,R1,0.0,0.1,split_high_low,64,5,perception_error,0.15005989583333337,0.14461563740079367,0.005444258432539706
pilot_v1_r1_mu010,R1,R1,0.0,0.1,split_high_low,64,6,resource_fraction,0.07498877395119972,0.08495854483360742,-0.009969770882407691
pilot_v1_r1_mu010,R1,R1,0.0,0.1,split_high_low,64,6,reserve_welfare,0.5685515333233992,0.6141834376798696,-0.045631904356470354
pilot_v1_r1_mu010,R1,R1,0.0,0.1,split_high_low,64,6,wealth_gini,0.6281427569122653,0.6171135328746356,0.011029224037629737
pilot_v1_r1_mu010,R1,R1,0.0,0.1,split_high_low,64,6,perception_error,0.20532713293650795,0.2029480406746032,0.002379092261904747
pilot_v1_r1_mu010,R1,R1,0.0,0.1,split_high_low,64,7,resource_fraction,0.1941527100061809,0.19451230268999792,-0.0003595926838170227
pilot_v1_r1_mu010,R1,R1,0.0,0.1,split_high_low,64,7,reserve_welfare,0.6041243166762568,0.5917862366893032,0.012338079986953576
pilot_v1_r1_mu010,R1,R1,0.0,0.1,split_high_low,64,7,wealth_gini,0.6827239126449896,0.6954643400268052,-0.012740427381815689
pilot_v1_r1_mu010,R1,R1,0.0,0.1,split_high_low,64,7,perception_error,0.2004345238095238,0.1834213169642857,0.017013206845238105
pilot_v1_r1_mu010,R1,R1,0.0,0.1,split_high_low,64,8,resource_fraction,0.1168092725908555,0.10807318990707433,0.008736082683781163
pilot_v1_r1_mu010,R1,R1,0.0,0.1,split_high_low,64,8,reserve_welfare,0.5681711209029856,0.5634097970425844,0.004761323860401179
pilot_v1_r1_mu010,R1,R1,0.0,0.1,split_high_low,64,8,wealth_gini,0.6917120618869692,0.6775359369430518,0.0141761249439174
pilot_v1_r1_mu010,R1,R1,0.0,0.1,split_high_low,64,8,perception_error,0.1752865823412699,0.18510385664682538,-0.009817274305555485
pilot_v1_r1_mu010,R1,R1,0.0,0.1,split_high_low,64,9,resource_fraction,0.10720432578188667,0.11889068599588944,-0.011686360214002767
pilot_v1_r1_mu010,R1,R1,0.0,0.1,split_high_low,64,9,reserve_welfare,0.710965950665646,0.7381156612940644,-0.02714971062841831
pilot_v1_r1_mu010,R1,R1,0.0,0.1,split_high_low,64,9,wealth_gini,0.5505393338389486,0.5325347264588007,0.018004607380147863
pilot_v1_r1_mu010,R1,R1,0.0,0.1,split_high_low,64,9,perception_error,0.18785974702380945,0.155272941468254,0.03258680555555546
pilot_v1_r1_mu010,R1,R1,0.0,0.1,uniform_high,32,0,resource_fraction,0.30732769809649074,0.3069049188271479,0.0004227792693428656
pilot_v1_r1_mu010,R1,R1,0.0,0.1,uniform_high,32,0,reserve_welfare,0.980271046880907,0.9802355948563011,3.5452024605975296e-05
pilot_v1_r1_mu010,R1,R1,0.0,0.1,uniform_high,32,0,wealth_gini,0.3310967162375664,0.33116382414675494,-6.710790918851295e-05
pilot_v1_r1_mu010,R1,R1,0.0,0.1,uniform_high,32,0,perception_error,0.09977368951612903,0.10898664314516125,-0.009212953629032225
pilot_v1_r1_mu010,R1,R1,0.0,0.1,uniform_high,32,1,resource_fraction,0.3311392272356076,0.33103522230247745,0.00010400493313017511
pilot_v1_r1_mu010,R1,R1,0.0,0.1,uniform_high,32,1,reserve_welfare,0.9740056526293575,0.9740447027743668,-3.905014500937831e-05
pilot_v1_r1_mu010,R1,R1,0.0,0.1,uniform_high,32,1,wealth_gini,0.4079689016956669,0.4076310262364311,0.00033787545923580353
pilot_v1_r1_mu010,R1,R1,0.0,0.1,uniform_high,32,1,perception_error,0.0653939012096774,0.07156577620967741,-0.006171875000000007
pilot_v1_r1_mu010,R1,R1,0.0,0.1,uniform_high,32,2,resource_fraction,0.24278194801717473,0.24278194801717473,0.0
pilot_v1_r1_mu010,R1,R1,0.0,0.1,uniform_high,32,2,reserve_welfare,0.9979999999999998,0.9979999999999998,0.0
pilot_v1_r1_mu010,R1,R1,0.0,0.1,uniform_high,32,2,wealth_gini,0.2889550777490397,0.2889550777490397,0.0
pilot_v1_r1_mu010,R1,R1,0.0,0.1,uniform_high,32,2,perception_error,0.0007164818548387097,0.0009241431451612902,-0.00020766129032258047
pilot_v1_r1_mu010,R1,R1,0.0,0.1,uniform_high,32,3,resource_fraction,0.24069585521383355,0.23387455807130653,0.006821297142527022
pilot_v1_r1_mu010,R1,R1,0.0,0.1,uniform_high,32,3,reserve_welfare,0.9979642308907937,0.9979998511172727,-3.5620226479071704e-05
pilot_v1_r1_mu010,R1,R1,0.0,0.1,uniform_high,32,3,wealth_gini,0.2665590963542339,0.2719100908487033,-0.005350994494469408
pilot_v1_r1_mu010,R1,R1,0.0,0.1,uniform_high,32,3,perception_error,0.12646068548387096,0.12147731854838707,0.004983366935483888
pilot_v1_r1_mu010,R1,R1,0.0,0.1,uniform_high,32,4,resource_fraction,0.2924099523043139,0.2699363368081207,0.0224736154961932
pilot_v1_r1_mu010,R1,R1,0.0,0.1,uniform_high,32,4,reserve_welfare,0.9235918459100969,0.922303344738403,0.0012885011716938788
pilot_v1_r1_mu010,R1,R1,0.0,0.1,uniform_high,32,4,wealth_gini,0.38262991372630206,0.36409274241527045,0.01853717131103161
pilot_v1_r1_mu010,R1,R1,0.0,0.1,uniform_high,32,4,perception_error,0.12300277217741942,0.11051537298387099,0.012487399193548437
pilot_v1_r1_mu010,R1,R1,0.0,0.1,uniform_high,32,5,resource_fraction,0.28363041277955064,0.2836860645342802,-5.565175472954653e-05
pilot_v1_r1_mu010,R1,R1,0.0,0.1,uniform_high,32,5,reserve_welfare,0.9682811510090849,0.9682634197127743,1.773129631055248e-05
pilot_v1_r1_mu010,R1,R1,0.0,0.1,uniform_high,32,5,wealth_gini,0.35304136852408563,0.353002353738189,3.9014785896629434e-05
pilot_v1_r1_mu010,R1,R1,0.0,0.1,uniform_high,32,5,perception_error,0.01883492943548387,0.02191305443548387,-0.0030781249999999975
pilot_v1_r1_mu010,R1,R1,0.0,0.1,uniform_high,32,6,resource_fraction,0.30781345523351855,0.3078714400861675,-5.798485264896236e-05
pilot_v1_r1_mu010,R1,R1,0.0,0.1,uniform_high,32,6,reserve_welfare,0.8661138525665508,0.8692942405705406,-0.003180388003989787
pilot_v1_r1_mu010,R1,R1,0.0,0.1,uniform_high,32,6,wealth_gini,0.40442033763823937,0.402407749175665,0.0020125884625743495
pilot_v1_r1_mu010,R1,R1,0.0,0.1,uniform_high,32,6,perception_error,0.0336227318548387,0.044578377016129024,-0.010955645161290321
pilot_v1_r1_mu010,R1,R1,0.0,0.1,uniform_high,32,7,resource_fraction,0.2705331539146034,0.2705331539146034,0.0
pilot_v1_r1_mu010,R1,R1,0.0,0.1,uniform_high,32,7,reserve_welfare,0.9534062085760813,0.9534062085760813,0.0
pilot_v1_r1_mu010,R1,R1,0.0,0.1,uniform_high,32,7,wealth_gini,0.3230968842421642,0.3230968842421642,0.0
pilot_v1_r1_mu010,R1,R1,0.0,0.1,uniform_high,32,7,perception_error,0.008051411290322582,0.008282762096774194,-0.00023135080645161205
pilot_v1_r1_mu010,R1,R1,0.0,0.1,uniform_high,32,8,resource_fraction,0.27487898449714815,0.27254851968414945,0.0023304648129987005
pilot_v1_r1_mu010,R1,R1,0.0,0.1,uniform_high,32,8,reserve_welfare,0.8796014025122899,0.87794745073629,0.0016539517759999178
pilot_v1_r1_mu010,R1,R1,0.0,0.1,uniform_high,32,8,wealth_gini,0.3974131767645821,0.3960747272340104,0.001338449530571717
pilot_v1_r1_mu010,R1,R1,0.0,0.1,uniform_high,32,8,perception_error,0.11759551411290323,0.1335728326612903,-0.015977318548387076
pilot_v1_r1_mu010,R1,R1,0.0,0.1,uniform_high,32,9,resource_fraction,0.3140119583121584,0.3134621059930694,0.0005498523190889948
pilot_v1_r1_mu010,R1,R1,0.0,0.1,uniform_high,32,9,reserve_welfare,0.9672550489572713,0.9676902499898533,-0.00043520103258198883
pilot_v1_r1_mu010,R1,R1,0.0,0.1,uniform_high,32,9,wealth_gini,0.2887949536623102,0.28854122117262904,0.000253732489681191
pilot_v1_r1_mu010,R1,R1,0.0,0.1,uniform_high,32,9,perception_error,0.1126771673387097,0.12175201612903226,-0.009074848790322568
pilot_v1_r1_mu010,R1,R1,0.0,0.1,uniform_high,64,0,resource_fraction,0.07560981100456927,0.08040385407205086,-0.004794043067481588
pilot_v1_r1_mu010,R1,R1,0.0,0.1,uniform_high,64,0,reserve_welfare,0.7398690341083115,0.7389284581588068,0.0009405759495046961
pilot_v1_r1_mu010,R1,R1,0.0,0.1,uniform_high,64,0,wealth_gini,0.3854853447383544,0.3841212606665476,0.0013640840718067704
pilot_v1_r1_mu010,R1,R1,0.0,0.1,uniform_high,64,0,perception_error,0.1674030257936508,0.16637158978174607,0.001031436011904724
pilot_v1_r1_mu010,R1,R1,0.0,0.1,uniform_high,64,1,resource_fraction,0.11883933968208443,0.08830914235167472,0.03053019733040971
pilot_v1_r1_mu010,R1,R1,0.0,0.1,uniform_high,64,1,reserve_welfare,0.7541691521609935,0.6541819320317791,0.09998722012921435
pilot_v1_r1_mu010,R1,R1,0.0,0.1,uniform_high,64,1,wealth_gini,0.4902134931328166,0.5067894471610837,-0.01657595402826706
pilot_v1_r1_mu010,R1,R1,0.0,0.1,uniform_high,64,1,perception_error,0.18772563244047621,0.20300204613095235,-0.015276413690476137
pilot_v1_r1_mu010,R1,R1,0.0,0.1,uniform_high,64,2,resource_fraction,0.127822880371645,0.10338273057078017,0.024440149800864827
pilot_v1_r1_mu010,R1,R1,0.0,0.1,uniform_high,64,2,reserve_welfare,0.7819749808729094,0.7085891141919547,0.0733858666809547
pilot_v1_r1_mu010,R1,R1,0.0,0.1,uniform_high,64,2,wealth_gini,0.45927846883444334,0.46685378017365875,-0.007575311339215407
pilot_v1_r1_mu010,R1,R1,0.0,0.1,uniform_high,64,2,perception_error,0.17443061755952385,0.18605977182539685,-0.011629154265872993
pilot_v1_r1_mu010,R1,R1,0.0,0.1,uniform_high,64,3,resource_fraction,0.11198505002671875,0.12612730096231556,-0.014142250935596803
pilot_v1_r1_mu010,R1,R1,0.0,0.1,uniform_high,64,3,reserve_welfare,0.7631923225067251,0.8273434873981705,-0.06415116489144546
pilot_v1_r1_mu010,R1,R1,0.0,0.1,uniform_high,64,3,wealth_gini,0.4183431726987039,0.3942874008995134,0.024055771799190495
pilot_v1_r1_mu010,R1,R1,0.0,0.1,uniform_high,64,3,perception_error,0.15135757688492063,0.18894866071428573,-0.0375910838293651
pilot_v1_r1_mu010,R1,R1,0.0,0.1,uniform_high,64,4,resource_fraction,0.12241649919864267,0.10829192504021722,0.014124574158425454
pilot_v1_r1_mu010,R1,R1,0.0,0.1,uniform_high,64,4,reserve_welfare,0.7986103274799672,0.7267527994562683,0.07185752802369894
pilot_v1_r1_mu010,R1,R1,0.0,0.1,uniform_high,64,4,wealth_gini,0.42383936928775734,0.45939137987678125,-0.03555201058902391
pilot_v1_r1_mu010,R1,R1,0.0,0.1,uniform_high,64,4,perception_error,0.1680268477182539,0.1634634796626984,0.004563368055555517
pilot_v1_r1_mu010,R1,R1,0.0,0.1,uniform_high,64,5,resource_fraction,0.1282185672053137,0.11821682156601158,0.010001745639302104
pilot_v1_r1_mu010,R1,R1,0.0,0.1,uniform_high,64,5,reserve_welfare,0.7559804330874881,0.6816002199263864,0.07438021316110166
pilot_v1_r1_mu010,R1,R1,0.0,0.1,uniform_high,64,5,wealth_gini,0.47569534356178655,0.5213102811731174,-0.04561493761133084
pilot_v1_r1_mu010,R1,R1,0.0,0.1,uniform_high,64,5,perception_error,0.15876841517857138,0.15456560019841273,0.004202814980158648
pilot_v1_r1_mu010,R1,R1,0.0,0.1,uniform_high,64,6,resource_fraction,0.11842605985454273,0.08732174120561413,0.031104318648928597
pilot_v1_r1_mu010,R1,R1,0.0,0.1,uniform_high,64,6,reserve_welfare,0.7040844017779195,0.6563000555271042,0.04778434625081529
pilot_v1_r1_mu010,R1,R1,0.0,0.1,uniform_high,64,6,wealth_gini,0.4824255057693436,0.464668923346917,0.017756582422426614
pilot_v1_r1_mu010,R1,R1,0.0,0.1,uniform_high,64,6,perception_error,0.20297581845238097,0.20683513144841276,-0.0038593129960317885
pilot_v1_r1_mu010,R1,R1,0.0,0.1,uniform_high,64,7,resource_fraction,0.15604920094774502,0.18427119926271504,-0.02822199831497002
pilot_v1_r1_mu010,R1,R1,0.0,0.1,uniform_high,64,7,reserve_welfare,0.8188617617241779,0.8613945860208189,-0.04253282429664096
pilot_v1_r1_mu010,R1,R1,0.0,0.1,uniform_high,64,7,wealth_gini,0.4673570888123051,0.4463624785556144,0.020994610256690693
pilot_v1_r1_mu010,R1,R1,0.0,0.1,uniform_high,64,7,perception_error,0.14296794394841272,0.17283110119047615,-0.029863157242063426
pilot_v1_r1_mu010,R1,R1,0.0,0.1,uniform_high,64,8,resource_fraction,0.0929427370863092,0.09300583773286679,-6.310064655759562e-05
pilot_v1_r1_mu010,R1,R1,0.0,0.1,uniform_high,64,8,reserve_welfare,0.6123006425029803,0.6392309949310786,-0.02693035242809827
pilot_v1_r1_mu010,R1,R1,0.0,0.1,uniform_high,64,8,wealth_gini,0.4976239684322845,0.5049139304792187,-0.0072899620469342175
pilot_v1_r1_mu010,R1,R1,0.0,0.1,uniform_high,64,8,perception_error,0.1943670634920635,0.21552876984126984,-0.021161706349206333
pilot_v1_r1_mu010,R1,R1,0.0,0.1,uniform_high,64,9,resource_fraction,0.07881580089353384,0.07684516526068802,0.0019706356328458158
pilot_v1_r1_mu010,R1,R1,0.0,0.1,uniform_high,64,9,reserve_welfare,0.7384841296393174,0.7329472034491242,0.005536926190193192
pilot_v1_r1_mu010,R1,R1,0.0,0.1,uniform_high,64,9,wealth_gini,0.39592395015136983,0.4003716187143198,-0.00444766856294998
pilot_v1_r1_mu010,R1,R1,0.0,0.1,uniform_high,64,9,perception_error,0.12502232142857145,0.14679036458333333,-0.021768043154761885
pilot_v1_r0_r1_mu010,"R0 (theta=0, matched mu=0.1)",R0,0.0,0.1,patchy_high,32,0,resource_fraction,0.31106321451528596,0.31104825761508315,1.4956900202811596e-05
pilot_v1_r0_r1_mu010,"R0 (theta=0, matched mu=0.1)",R0,0.0,0.1,patchy_high,32,0,reserve_welfare,0.9703739728645087,0.9703676779805189,6.294883989732547e-06
pilot_v1_r0_r1_mu010,"R0 (theta=0, matched mu=0.1)",R0,0.0,0.1,patchy_high,32,0,wealth_gini,0.32633086076779017,0.3263313429900079,-4.822222177125468e-07
pilot_v1_r0_r1_mu010,"R0 (theta=0, matched mu=0.1)",R0,0.0,0.1,patchy_high,32,0,perception_error,0.051749495967741935,0.04911794354838709,0.002631552419354845
pilot_v1_r0_r1_mu010,"R0 (theta=0, matched mu=0.1)",R0,0.0,0.1,patchy_high,32,1,resource_fraction,0.34057928143268096,0.34047884270839157,0.00010043872428938672
pilot_v1_r0_r1_mu010,"R0 (theta=0, matched mu=0.1)",R0,0.0,0.1,patchy_high,32,1,reserve_welfare,0.975790114514121,0.9757093559068026,8.075860731837636e-05
pilot_v1_r0_r1_mu010,"R0 (theta=0, matched mu=0.1)",R0,0.0,0.1,patchy_high,32,1,wealth_gini,0.383829510375167,0.3835891336869308,0.00024037668823617686
pilot_v1_r0_r1_mu010,"R0 (theta=0, matched mu=0.1)",R0,0.0,0.1,patchy_high,32,1,perception_error,0.060566532258064514,0.06521446572580643,-0.004647933467741915
pilot_v1_r0_r1_mu010,"R0 (theta=0, matched mu=0.1)",R0,0.0,0.1,patchy_high,32,2,resource_fraction,0.24847996153276686,0.24852259211170394,-4.2630578937080665e-05
pilot_v1_r0_r1_mu010,"R0 (theta=0, matched mu=0.1)",R0,0.0,0.1,patchy_high,32,2,reserve_welfare,0.9979999999999998,0.9979999999999998,0.0
pilot_v1_r0_r1_mu010,"R0 (theta=0, matched mu=0.1)",R0,0.0,0.1,patchy_high,32,2,wealth_gini,0.28458662213725683,0.28457906079911366,7.561338143169394e-06
pilot_v1_r0_r1_mu010,"R0 (theta=0, matched mu=0.1)",R0,0.0,0.1,patchy_high,32,2,perception_error,0.013109879032258067,0.014986391129032259,-0.0018765120967741914
pilot_v1_r0_r1_mu010,"R0 (theta=0, matched mu=0.1)",R0,0.0,0.1,patchy_high,32,3,resource_fraction,0.2088434002713364,0.20898161644723637,-0.00013821617589995783
pilot_v1_r0_r1_mu010,"R0 (theta=0, matched mu=0.1)",R0,0.0,0.1,patchy_high,32,3,reserve_welfare,0.9979999999999998,0.9979999999999998,0.0
pilot_v1_r0_r1_mu010,"R0 (theta=0, matched mu=0.1)",R0,0.0,0.1,patchy_high,32,3,wealth_gini,0.25966896756293756,0.25950690957024913,0.0001620579926884247
pilot_v1_r0_r1_mu010,"R0 (theta=0, matched mu=0.1)",R0,0.0,0.1,patchy_high,32,3,perception_error,0.01594178427419355,0.015460937499999999,0.00048084677419355133
pilot_v1_r0_r1_mu010,"R0 (theta=0, matched mu=0.1)",R0,0.0,0.1,patchy_high,32,4,resource_fraction,0.2558125662538805,0.2564134972980328,-0.0006009310441523197
pilot_v1_r0_r1_mu010,"R0 (theta=0, matched mu=0.1)",R0,0.0,0.1,patchy_high,32,4,reserve_welfare,0.9641385762207387,0.9641572019690493,-1.8625748310574508e-05
pilot_v1_r0_r1_mu010,"R0 (theta=0, matched mu=0.1)",R0,0.0,0.1,patchy_high,32,4,wealth_gini,0.3041733345645845,0.30399791044843316,0.0001754241161513459
pilot_v1_r0_r1_mu010,"R0 (theta=0, matched mu=0.1)",R0,0.0,0.1,patchy_high,32,4,perception_error,0.10738482862903229,0.10741103830645164,-2.620967741935598e-05
pilot_v1_r0_r1_mu010,"R0 (theta=0, matched mu=0.1)",R0,0.0,0.1,patchy_high,32,5,resource_fraction,0.2826918197461081,0.28260079322588444,9.1026520223636e-05
pilot_v1_r0_r1_mu010,"R0 (theta=0, matched mu=0.1)",R0,0.0,0.1,patchy_high,32,5,reserve_welfare,0.9730199343034697,0.972957861055589,6.207324788065627e-05
pilot_v1_r0_r1_mu010,"R0 (theta=0, matched mu=0.1)",R0,0.0,0.1,patchy_high,32,5,wealth_gini,0.34310819696256667,0.3431346392592267,-2.6442296660045272e-05
pilot_v1_r0_r1_mu010,"R0 (theta=0, matched mu=0.1)",R0,0.0,0.1,patchy_high,32,5,perception_error,0.0260844254032258,0.025547379032258063,0.0005370463709677385
pilot_v1_r0_r1_mu010,"R0 (theta=0, matched mu=0.1)",R0,0.0,0.1,patchy_high,32,6,resource_fraction,0.3155969558146821,0.335009314821011,-0.019412359006328872
pilot_v1_r0_r1_mu010,"R0 (theta=0, matched mu=0.1)",R0,0.0,0.1,patchy_high,32,6,reserve_welfare,0.8727376978234256,0.931971138404234,-0.05923344058080837
pilot_v1_r0_r1_mu010,"R0 (theta=0, matched mu=0.1)",R0,0.0,0.1,patchy_high,32,6,wealth_gini,0.3848719847928239,0.3637008382031688,0.021171146589655132
pilot_v1_r0_r1_mu010,"R0 (theta=0, matched mu=0.1)",R0,0.0,0.1,patchy_high,32,6,perception_error,0.13871900201612902,0.16036643145161286,-0.02164742943548384
pilot_v1_r0_r1_mu010,"R0 (theta=0, matched mu=0.1)",R0,0.0,0.1,patchy_high,32,7,resource_fraction,0.33317570025866894,0.34018415968988686,-0.007008459431217917
pilot_v1_r0_r1_mu010,"R0 (theta=0, matched mu=0.1)",R0,0.0,0.1,patchy_high,32,7,reserve_welfare,0.9957610562646582,0.9964062073843633,-0.0006451511197050896
pilot_v1_r0_r1_mu010,"R0 (theta=0, matched mu=0.1)",R0,0.0,0.1,patchy_high,32,7,wealth_gini,0.27134074899530347,0.2795267493363678,-0.008186000341064315
pilot_v1_r0_r1_mu010,"R0 (theta=0, matched mu=0.1)",R0,0.0,0.1,patchy_high,32,7,perception_error,0.12337525201612902,0.1492406754032258,-0.025865423387096784
pilot_v1_r0_r1_mu010,"R0 (theta=0, matched mu=0.1)",R0,0.0,0.1,patchy_high,32,8,resource_fraction,0.32997785153572157,0.2977198806863989,0.03225797084932269
pilot_v1_r0_r1_mu010,"R0 (theta=0, matched mu=0.1)",R0,0.0,0.1,patchy_high,32,8,reserve_welfare,0.9132507373575948,0.8872441972717727,0.02600654008582204
pilot_v1_r0_r1_mu010,"R0 (theta=0, matched mu=0.1)",R0,0.0,0.1,patchy_high,32,8,wealth_gini,0.3810391025468238,0.3786454237640189,0.002393678782804942
pilot_v1_r0_r1_mu010,"R0 (theta=0, matched mu=0.1)",R0,0.0,0.1,patchy_high,32,8,perception_error,0.15402318548387098,0.15072051411290324,0.0033026713709677358
pilot_v1_r0_r1_mu010,"R0 (theta=0, matched mu=0.1)",R0,0.0,0.1,patchy_high,32,9,resource_fraction,0.31421226304823974,0.3157548567825049,-0.0015425937342651852
pilot_v1_r0_r1_mu010,"R0 (theta=0, matched mu=0.1)",R0,0.0,0.1,patchy_high,32,9,reserve_welfare,0.9773316882327322,0.9808444543232205,-0.0035127660904883395
pilot_v1_r0_r1_mu010,"R0 (theta=0, matched mu=0.1)",R0,0.0,0.1,patchy_high,32,9,wealth_gini,0.26763914040122727,0.2658501495657244,0.0017889908355028794
pilot_v1_r0_r1_mu010,"R0 (theta=0, matched mu=0.1)",R0,0.0,0.1,patchy_high,32,9,perception_error,0.13118800403225805,0.14151260080645162,-0.010324596774193562
pilot_v1_r0_r1_mu010,"R0 (theta=0, matched mu=0.1)",R0,0.0,0.1,patchy_high,64,0,resource_fraction,0.08539655998722862,0.08479358306348594,0.0006029769237426708
pilot_v1_r0_r1_mu010,"R0 (theta=0, matched mu=0.1)",R0,0.0,0.1,patchy_high,64,0,reserve_welfare,0.7678130163599185,0.7673045270266625,0.0005084893332559792
pilot_v1_r0_r1_mu010,"R0 (theta=0, matched mu=0.1)",R0,0.0,0.1,patchy_high,64,0,wealth_gini,0.4017087957349932,0.4021382077126905,-0.00042941197769730266
pilot_v1_r0_r1_mu010,"R0 (theta=0, matched mu=0.1)",R0,0.0,0.1,patchy_high,64,0,perception_error,0.18072848462301586,0.15379092261904764,0.026937562003968213
pilot_v1_r0_r1_mu010,"R0 (theta=0, matched mu=0.1)",R0,0.0,0.1,patchy_high,64,1,resource_fraction,0.11873037603299276,0.11875260433280276,-2.222829980999541e-05
pilot_v1_r0_r1_mu010,"R0 (theta=0, matched mu=0.1)",R0,0.0,0.1,patchy_high,64,1,reserve_welfare,0.7047182291533136,0.7091536635122699,-0.004435434358956325
pilot_v1_r0_r1_mu010,"R0 (theta=0, matched mu=0.1)",R0,0.0,0.1,patchy_high,64,1,wealth_gini,0.523325867187713,0.5180963172223496,0.0052295499653634
pilot_v1_r0_r1_mu010,"R0 (theta=0, matched mu=0.1)",R0,0.0,0.1,patchy_high,64,1,perception_error,0.16398170882936505,0.15445858134920637,0.009523127480158683
pilot_v1_r0_r1_mu010,"R0 (theta=0, matched mu=0.1)",R0,0.0,0.1,patchy_high,64,2,resource_fraction,0.11389951423518827,0.11340011951980508,0.0004993947153831835
pilot_v1_r0_r1_mu010,"R0 (theta=0, matched mu=0.1)",R0,0.0,0.1,patchy_high,64,2,reserve_welfare,0.771051866145294,0.7744605655405571,-0.003408699395263115
pilot_v1_r0_r1_mu010,"R0 (theta=0, matched mu=0.1)",R0,0.0,0.1,patchy_high,64,2,wealth_gini,0.4234962343496431,0.42790024546605565,-0.004404011116412532
pilot_v1_r0_r1_mu010,"R0 (theta=0, matched mu=0.1)",R0,0.0,0.1,patchy_high,64,2,perception_error,0.14120820932539682,0.17735683283730153,-0.036148623511904704
pilot_v1_r0_r1_mu010,"R0 (theta=0, matched mu=0.1)",R0,0.0,0.1,patchy_high,64,3,resource_fraction,0.08743200195420278,0.08660874797041512,0.0008232539837876585
pilot_v1_r0_r1_mu010,"R0 (theta=0, matched mu=0.1)",R0,0.0,0.1,patchy_high,64,3,reserve_welfare,0.726848970965468,0.7289954322461911,-0.0021464612807231553
pilot_v1_r0_r1_mu010,"R0 (theta=0, matched mu=0.1)",R0,0.0,0.1,patchy_high,64,3,wealth_gini,0.4205244617037478,0.4168465234485408,0.003677938255207014
pilot_v1_r0_r1_mu010,"R0 (theta=0, matched mu=0.1)",R0,0.0,0.1,patchy_high,64,3,perception_error,0.15815612599206344,0.14346273561507933,0.014693390376984111
pilot_v1_r0_r1_mu010,"R0 (theta=0, matched mu=0.1)",R0,0.0,0.1,patchy_high,64,4,resource_fraction,0.12968481404333126,0.11427086285476634,0.015413951188564923
pilot_v1_r0_r1_mu010,"R0 (theta=0, matched mu=0.1)",R0,0.0,0.1,patchy_high,64,4,reserve_welfare,0.8454779155742289,0.7397172956232497,0.10576061995097918
pilot_v1_r0_r1_mu010,"R0 (theta=0, matched mu=0.1)",R0,0.0,0.1,patchy_high,64,4,wealth_gini,0.39568566775680014,0.4566012646408235,-0.06091559688402337
pilot_v1_r0_r1_mu010,"R0 (theta=0, matched mu=0.1)",R0,0.0,0.1,patchy_high,64,4,perception_error,0.20184300595238103,0.20523468501984132,-0.003391679067460296
pilot_v1_r0_r1_mu010,"R0 (theta=0, matched mu=0.1)",R0,0.0,0.1,patchy_high,64,5,resource_fraction,0.13742797333170365,0.13374444267067964,0.0036835306610240037
pilot_v1_r0_r1_mu010,"R0 (theta=0, matched mu=0.1)",R0,0.0,0.1,patchy_high,64,5,reserve_welfare,0.8680684156838672,0.8501937612056553,0.017874654478211904
pilot_v1_r0_r1_mu010,"R0 (theta=0, matched mu=0.1)",R0,0.0,0.1,patchy_high,64,5,wealth_gini,0.3983281523234783,0.4105678902560934,-0.012239737932615125
pilot_v1_r0_r1_mu010,"R0 (theta=0, matched mu=0.1)",R0,0.0,0.1,patchy_high,64,5,perception_error,0.17067745535714285,0.13352945188492063,0.03714800347222222
pilot_v1_r0_r1_mu010,"R0 (theta=0, matched mu=0.1)",R0,0.0,0.1,patchy_high,64,6,resource_fraction,0.1194694690053117,0.12026128308497769,-0.0007918140796659839
pilot_v1_r0_r1_mu010,"R0 (theta=0, matched mu=0.1)",R0,0.0,0.1,patchy_high,64,6,reserve_welfare,0.7436703769912726,0.7469974668833071,-0.0033270898920345626
pilot_v1_r0_r1_mu010,"R0 (theta=0, matched mu=0.1)",R0,0.0,0.1,patchy_high,64,6,wealth_gini,0.43242882199674293,0.46729356056526083,-0.034864738568517906
pilot_v1_r0_r1_mu010,"R0 (theta=0, matched mu=0.1)",R0,0.0,0.1,patchy_high,64,6,perception_error,0.2306803695436508,0.2087841021825397,0.021896267361111083
pilot_v1_r0_r1_mu010,"R0 (theta=0, matched mu=0.1)",R0,0.0,0.1,patchy_high,64,7,resource_fraction,0.12204228436571408,0.11727798561257512,0.004764298753138968
pilot_v1_r0_r1_mu010,"R0 (theta=0, matched mu=0.1)",R0,0.0,0.1,patchy_high,64,7,reserve_welfare,0.7159872799605496,0.6905582627265858,0.025429017233963735
pilot_v1_r0_r1_mu010,"R0 (theta=0, matched mu=0.1)",R0,0.0,0.1,patchy_high,64,7,wealth_gini,0.5249493135697207,0.5458505346682003,-0.020901221098479583
pilot_v1_r0_r1_mu010,"R0 (theta=0, matched mu=0.1)",R0,0.0,0.1,patchy_high,64,7,perception_error,0.1699893353174603,0.1484042038690476,0.021585131448412703
pilot_v1_r0_r1_mu010,"R0 (theta=0, matched mu=0.1)",R0,0.0,0.1,patchy_high,64,8,resource_fraction,0.07816170130760969,0.07367018793107456,0.004491513376535125
pilot_v1_r0_r1_mu010,"R0 (theta=0, matched mu=0.1)",R0,0.0,0.1,patchy_high,64,8,reserve_welfare,0.6068553213143227,0.5731981283502563,0.03365719296406644
pilot_v1_r0_r1_mu010,"R0 (theta=0, matched mu=0.1)",R0,0.0,0.1,patchy_high,64,8,wealth_gini,0.4954924904523619,0.5038394235407739,-0.008346933088412056
pilot_v1_r0_r1_mu010,"R0 (theta=0, matched mu=0.1)",R0,0.0,0.1,patchy_high,64,8,perception_error,0.2066109871031746,0.2041814236111111,0.0024295634920634968
pilot_v1_r0_r1_mu010,"R0 (theta=0, matched mu=0.1)",R0,0.0,0.1,patchy_high,64,9,resource_fraction,0.0796384836670193,0.0785609541455806,0.0010775295214386915
pilot_v1_r0_r1_mu010,"R0 (theta=0, matched mu=0.1)",R0,0.0,0.1,patchy_high,64,9,reserve_welfare,0.7395374137084072,0.7389326904650615,0.0006047232433457062
pilot_v1_r0_r1_mu010,"R0 (theta=0, matched mu=0.1)",R0,0.0,0.1,patchy_high,64,9,wealth_gini,0.4052206862575989,0.40555331552025087,-0.00033262926265198445
pilot_v1_r0_r1_mu010,"R0 (theta=0, matched mu=0.1)",R0,0.0,0.1,patchy_high,64,9,perception_error,0.13103862847222222,0.13825582837301584,-0.007217199900793614
pilot_v1_r0_r1_mu010,"R0 (theta=0, matched mu=0.1)",R0,0.0,0.1,split_high_low,32,0,resource_fraction,0.38092736183482867,0.3805697531827174,0.00035760865211126314
pilot_v1_r0_r1_mu010,"R0 (theta=0, matched mu=0.1)",R0,0.0,0.1,split_high_low,32,0,reserve_welfare,0.8086960752568958,0.8080708481551466,0.0006252271017491706
pilot_v1_r0_r1_mu010,"R0 (theta=0, matched mu=0.1)",R0,0.0,0.1,split_high_low,32,0,wealth_gini,0.5023183785849885,0.5023149850328583,3.3935521301931004e-06
pilot_v1_r0_r1_mu010,"R0 (theta=0, matched mu=0.1)",R0,0.0,0.1,split_high_low,32,0,perception_error,0.12644405241935486,0.13605367943548388,-0.009609627016129024
pilot_v1_r0_r1_mu010,"R0 (theta=0, matched mu=0.1)",R0,0.0,0.1,split_high_low,32,1,resource_fraction,0.35521055470847873,0.3555679180139636,-0.00035736330548485906
pilot_v1_r0_r1_mu010,"R0 (theta=0, matched mu=0.1)",R0,0.0,0.1,split_high_low,32,1,reserve_welfare,0.8192627939748922,0.8196691491999737,-0.00040635522508147837
pilot_v1_r0_r1_mu010,"R0 (theta=0, matched mu=0.1)",R0,0.0,0.1,split_high_low,32,1,wealth_gini,0.5382822185921718,0.5381015282759738,0.0001806903161980511
pilot_v1_r0_r1_mu010,"R0 (theta=0, matched mu=0.1)",R0,0.0,0.1,split_high_low,32,1,perception_error,0.07978351814516128,0.08580972782258066,-0.006026209677419375
pilot_v1_r0_r1_mu010,"R0 (theta=0, matched mu=0.1)",R0,0.0,0.1,split_high_low,32,2,resource_fraction,0.280065757836054,0.28002948122994326,3.627660611071892e-05
pilot_v1_r0_r1_mu010,"R0 (theta=0, matched mu=0.1)",R0,0.0,0.1,split_high_low,32,2,reserve_welfare,0.8337301946083251,0.8336541717486157,7.602285970942368e-05
pilot_v1_r0_r1_mu010,"R0 (theta=0, matched mu=0.1)",R0,0.0,0.1,split_high_low,32,2,wealth_gini,0.4828238044706654,0.4828169006104801,6.903860185314414e-06
pilot_v1_r0_r1_mu010,"R0 (theta=0, matched mu=0.1)",R0,0.0,0.1,split_high_low,32,2,perception_error,0.08341910282258064,0.08426386088709677,-0.0008447580645161296
pilot_v1_r0_r1_mu010,"R0 (theta=0, matched mu=0.1)",R0,0.0,0.1,split_high_low,32,3,resource_fraction,0.311914268653254,0.31216921589041147,-0.0002549472371574657
pilot_v1_r0_r1_mu010,"R0 (theta=0, matched mu=0.1)",R0,0.0,0.1,split_high_low,32,3,reserve_welfare,0.8185354368600729,0.8195133775194522,-0.0009779406593792839
pilot_v1_r0_r1_mu010,"R0 (theta=0, matched mu=0.1)",R0,0.0,0.1,split_high_low,32,3,wealth_gini,0.47854860985949466,0.4780829973206979,0.0004656125387967336
pilot_v1_r0_r1_mu010,"R0 (theta=0, matched mu=0.1)",R0,0.0,0.1,split_high_low,32,3,perception_error,0.1621625504032258,0.1617865423387097,0.0003760080645160979
pilot_v1_r0_r1_mu010,"R0 (theta=0, matched mu=0.1)",R0,0.0,0.1,split_high_low,32,4,resource_fraction,0.3248542264657094,0.2901628819915207,0.0346913444741887
pilot_v1_r0_r1_mu010,"R0 (theta=0, matched mu=0.1)",R0,0.0,0.1,split_high_low,32,4,reserve_welfare,0.9588606459545531,0.9579114085771548,0.000949237377398271
pilot_v1_r0_r1_mu010,"R0 (theta=0, matched mu=0.1)",R0,0.0,0.1,split_high_low,32,4,wealth_gini,0.4095158059568216,0.4165738641534118,-0.007058058196590222
pilot_v1_r0_r1_mu010,"R0 (theta=0, matched mu=0.1)",R0,0.0,0.1,split_high_low,32,4,perception_error,0.1790491431451613,0.1633961693548387,0.0156529737903226
pilot_v1_r0_r1_mu010,"R0 (theta=0, matched mu=0.1)",R0,0.0,0.1,split_high_low,32,5,resource_fraction,0.3129933658374064,0.31427665268821786,-0.0012832868508114714
pilot_v1_r0_r1_mu010,"R0 (theta=0, matched mu=0.1)",R0,0.0,0.1,split_high_low,32,5,reserve_welfare,0.9322958952728194,0.9332822850816131,-0.0009863898087937306
pilot_v1_r0_r1_mu010,"R0 (theta=0, matched mu=0.1)",R0,0.0,0.1,split_high_low,32,5,wealth_gini,0.43604006201410006,0.4366121553178528,-0.0005720933037527409
pilot_v1_r0_r1_mu010,"R0 (theta=0, matched mu=0.1)",R0,0.0,0.1,split_high_low,32,5,perception_error,0.15159879032258067,0.15923714717741938,-0.007638356854838713
pilot_v1_r0_r1_mu010,"R0 (theta=0, matched mu=0.1)",R0,0.0,0.1,split_high_low,32,6,resource_fraction,0.28917916192418486,0.28253327629320585,0.006645885630979009
pilot_v1_r0_r1_mu010,"R0 (theta=0, matched mu=0.1)",R0,0.0,0.1,split_high_low,32,6,reserve_welfare,0.9475173881135278,0.9493615578289097,-0.001844169715381927
pilot_v1_r0_r1_mu010,"R0 (theta=0, matched mu=0.1)",R0,0.0,0.1,split_high_low,32,6,wealth_gini,0.41260140647534116,0.40438262328058006,0.008218783194761103
pilot_v1_r0_r1_mu010,"R0 (theta=0, matched mu=0.1)",R0,0.0,0.1,split_high_low,32,6,perception_error,0.15679637096774196,0.15496875,0.001827620967741972
pilot_v1_r0_r1_mu010,"R0 (theta=0, matched mu=0.1)",R0,0.0,0.1,split_high_low,32,7,resource_fraction,0.3338390916955347,0.3470227140131925,-0.013183622317657795
pilot_v1_r0_r1_mu010,"R0 (theta=0, matched mu=0.1)",R0,0.0,0.1,split_high_low,32,7,reserve_welfare,0.8417483054152142,0.8475162572270096,-0.005767951811795458
pilot_v1_r0_r1_mu010,"R0 (theta=0, matched mu=0.1)",R0,0.0,0.1,split_high_low,32,7,wealth_gini,0.49734321395976555,0.5086200658334294,-0.011276851873663896
pilot_v1_r0_r1_mu010,"R0 (theta=0, matched mu=0.1)",R0,0.0,0.1,split_high_low,32,7,perception_error,0.15045640120967743,0.1605378024193548,-0.010081401209677376
pilot_v1_r0_r1_mu010,"R0 (theta=0, matched mu=0.1)",R0,0.0,0.1,split_high_low,32,8,resource_fraction,0.34392968778218447,0.3430512525005757,0.0008784352816087471
pilot_v1_r0_r1_mu010,"R0 (theta=0, matched mu=0.1)",R0,0.0,0.1,split_high_low,32,8,reserve_welfare,0.781240020268024,0.7802759326189552,0.0009640876490687456
pilot_v1_r0_r1_mu010,"R0 (theta=0, matched mu=0.1)",R0,0.0,0.1,split_high_low,32,8,wealth_gini,0.5177121008298318,0.5192118521468589,-0.001499751317027176
pilot_v1_r0_r1_mu010,"R0 (theta=0, matched mu=0.1)",R0,0.0,0.1,split_high_low,32,8,perception_error,0.15140498991935483,0.19202898185483874,-0.04062399193548391
pilot_v1_r0_r1_mu010,"R0 (theta=0, matched mu=0.1)",R0,0.0,0.1,split_high_low,32,9,resource_fraction,0.3720918141473171,0.31380098613600954,0.05829082801130758
pilot_v1_r0_r1_mu010,"R0 (theta=0, matched mu=0.1)",R0,0.0,0.1,split_high_low,32,9,reserve_welfare,0.9326906946990036,0.8999424622446,0.032748232454403614
pilot_v1_r0_r1_mu010,"R0 (theta=0, matched mu=0.1)",R0,0.0,0.1,split_high_low,32,9,wealth_gini,0.41704446105022686,0.4009910602834783,0.01605340076674855
pilot_v1_r0_r1_mu010,"R0 (theta=0, matched mu=0.1)",R0,0.0,0.1,split_high_low,32,9,perception_error,0.22172857862903225,0.1807275705645161,0.04100100806451615
pilot_v1_r0_r1_mu010,"R0 (theta=0, matched mu=0.1)",R0,0.0,0.1,split_high_low,64,0,resource_fraction,0.14469900074904465,0.13046544280665262,0.014233557942392033
pilot_v1_r0_r1_mu010,"R0 (theta=0, matched mu=0.1)",R0,0.0,0.1,split_high_low,64,0,reserve_welfare,0.6881075184616793,0.6769932879624926,0.011114230499186695
pilot_v1_r0_r1_mu010,"R0 (theta=0, matched mu=0.1)",R0,0.0,0.1,split_high_low,64,0,wealth_gini,0.611991931140742,0.5907245337943581,0.021267397346383943
pilot_v1_r0_r1_mu010,"R0 (theta=0, matched mu=0.1)",R0,0.0,0.1,split_high_low,64,0,perception_error,0.2047899305555555,0.16183172123015874,0.04295820932539676
pilot_v1_r0_r1_mu010,"R0 (theta=0, matched mu=0.1)",R0,0.0,0.1,split_high_low,64,1,resource_fraction,0.14330009413557102,0.14539149107826935,-0.0020913969426983314
pilot_v1_r0_r1_mu010,"R0 (theta=0, matched mu=0.1)",R0,0.0,0.1,split_high_low,64,1,reserve_welfare,0.6332978723938353,0.6459929144708001,-0.012695042076964813
pilot_v1_r0_r1_mu010,"R0 (theta=0, matched mu=0.1)",R0,0.0,0.1,split_high_low,64,1,wealth_gini,0.6670486131090161,0.6662441623196367,0.0008044507893794073
pilot_v1_r0_r1_mu010,"R0 (theta=0, matched mu=0.1)",R0,0.0,0.1,split_high_low,64,1,perception_error,0.13589496527777778,0.16048691716269844,-0.024591951884920665
pilot_v1_r0_r1_mu010,"R0 (theta=0, matched mu=0.1)",R0,0.0,0.1,split_high_low,64,2,resource_fraction,0.10044951007023888,0.11726492115834534,-0.01681541108810647
pilot_v1_r0_r1_mu010,"R0 (theta=0, matched mu=0.1)",R0,0.0,0.1,split_high_low,64,2,reserve_welfare,0.6173070447061932,0.6197387750957276,-0.00243173038953437
pilot_v1_r0_r1_mu010,"R0 (theta=0, matched mu=0.1)",R0,0.0,0.1,split_high_low,64,2,wealth_gini,0.6259760861776611,0.6543818744156871,-0.028405788238025975
pilot_v1_r0_r1_mu010,"R0 (theta=0, matched mu=0.1)",R0,0.0,0.1,split_high_low,64,2,perception_error,0.15141865079365077,0.17875514632936507,-0.027336495535714295
pilot_v1_r0_r1_mu010,"R0 (theta=0, matched mu=0.1)",R0,0.0,0.1,split_high_low,64,3,resource_fraction,0.09373137440329841,0.10179772602374772,-0.008066351620449302
pilot_v1_r0_r1_mu010,"R0 (theta=0, matched mu=0.1)",R0,0.0,0.1,split_high_low,64,3,reserve_welfare,0.6153290654245309,0.6676115653268642,-0.052282499902333246
pilot_v1_r0_r1_mu010,"R0 (theta=0, matched mu=0.1)",R0,0.0,0.1,split_high_low,64,3,wealth_gini,0.6306840319671803,0.6062909518220214,0.02439308014515884
pilot_v1_r0_r1_mu010,"R0 (theta=0, matched mu=0.1)",R0,0.0,0.1,split_high_low,64,3,perception_error,0.12839050099206345,0.1589645337301587,-0.030574032738095253
pilot_v1_r0_r1_mu010,"R0 (theta=0, matched mu=0.1)",R0,0.0,0.1,split_high_low,64,4,resource_fraction,0.11411136994453326,0.1171872975314814,-0.003075927586948135
pilot_v1_r0_r1_mu010,"R0 (theta=0, matched mu=0.1)",R0,0.0,0.1,split_high_low,64,4,reserve_welfare,0.7372548504993622,0.7440687852890627,-0.006813934789700493
pilot_v1_r0_r1_mu010,"R0 (theta=0, matched mu=0.1)",R0,0.0,0.1,split_high_low,64,4,wealth_gini,0.5510167213500838,0.5466800373837828,0.004336683966301047
pilot_v1_r0_r1_mu010,"R0 (theta=0, matched mu=0.1)",R0,0.0,0.1,split_high_low,64,4,perception_error,0.15820256696428578,0.1982493179563492,-0.040046750992063423
pilot_v1_r0_r1_mu010,"R0 (theta=0, matched mu=0.1)",R0,0.0,0.1,split_high_low,64,5,resource_fraction,0.14811287162028652,0.14727349411131602,0.0008393775089705069
pilot_v1_r0_r1_mu010,"R0 (theta=0, matched mu=0.1)",R0,0.0,0.1,split_high_low,64,5,reserve_welfare,0.6077953053636324,0.6081090545920821,-0.0003137492284497334
pilot_v1_r0_r1_mu010,"R0 (theta=0, matched mu=0.1)",R0,0.0,0.1,split_high_low,64,5,wealth_gini,0.6476766739654922,0.6491510146365642,-0.0014743406710719942
pilot_v1_r0_r1_mu010,"R0 (theta=0, matched mu=0.1)",R0,0.0,0.1,split_high_low,64,5,perception_error,0.1490643601190476,0.17694277033730157,-0.027878410218253963
pilot_v1_r0_r1_mu010,"R0 (theta=0, matched mu=0.1)",R0,0.0,0.1,split_high_low,64,6,resource_fraction,0.09101490522531361,0.09111209849909697,-9.71932737833664e-05
pilot_v1_r0_r1_mu010,"R0 (theta=0, matched mu=0.1)",R0,0.0,0.1,split_high_low,64,6,reserve_welfare,0.554500875894653,0.5481508647347223,0.006350011159930724
pilot_v1_r0_r1_mu010,"R0 (theta=0, matched mu=0.1)",R0,0.0,0.1,split_high_low,64,6,wealth_gini,0.6612424354941961,0.6622317533564672,-0.0009893178622710774
pilot_v1_r0_r1_mu010,"R0 (theta=0, matched mu=0.1)",R0,0.0,0.1,split_high_low,64,6,perception_error,0.22152566964285714,0.202812748015873,0.018712921626984125
pilot_v1_r0_r1_mu010,"R0 (theta=0, matched mu=0.1)",R0,0.0,0.1,split_high_low,64,7,resource_fraction,0.20236651461062188,0.2114280620070028,-0.009061547396380903
pilot_v1_r0_r1_mu010,"R0 (theta=0, matched mu=0.1)",R0,0.0,0.1,split_high_low,64,7,reserve_welfare,0.6023646510078795,0.6460704630373584,-0.043705812029478874
pilot_v1_r0_r1_mu010,"R0 (theta=0, matched mu=0.1)",R0,0.0,0.1,split_high_low,64,7,wealth_gini,0.6985056424618803,0.6668574072694431,0.0316482351924372
pilot_v1_r0_r1_mu010,"R0 (theta=0, matched mu=0.1)",R0,0.0,0.1,split_high_low,64,7,perception_error,0.17315265376984126,0.14796521577380956,0.02518743799603171
pilot_v1_r0_r1_mu010,"R0 (theta=0, matched mu=0.1)",R0,0.0,0.1,split_high_low,64,8,resource_fraction,0.13094762442993707,0.10925410343252738,0.02169352099740969
pilot_v1_r0_r1_mu010,"R0 (theta=0, matched mu=0.1)",R0,0.0,0.1,split_high_low,64,8,reserve_welfare,0.6194494888619219,0.5708369171797485,0.04861257168217337
pilot_v1_r0_r1_mu010,"R0 (theta=0, matched mu=0.1)",R0,0.0,0.1,split_high_low,64,8,wealth_gini,0.659944035707773,0.6860423184231756,-0.0260982827154026
pilot_v1_r0_r1_mu010,"R0 (theta=0, matched mu=0.1)",R0,0.0,0.1,split_high_low,64,8,perception_error,0.2032795138888889,0.190410652281746,0.0128688616071429
pilot_v1_r0_r1_mu010,"R0 (theta=0, matched mu=0.1)",R0,0.0,0.1,split_high_low,64,9,resource_fraction,0.11135518170829574,0.11794090744705192,-0.006585725738756182
pilot_v1_r0_r1_mu010,"R0 (theta=0, matched mu=0.1)",R0,0.0,0.1,split_high_low,64,9,reserve_welfare,0.7344353832696355,0.7344511526506394,-1.5769381003893912e-05
pilot_v1_r0_r1_mu010,"R0 (theta=0, matched mu=0.1)",R0,0.0,0.1,split_high_low,64,9,wealth_gini,0.5301900833105557,0.5319426262656748,-0.001752542955119063
pilot_v1_r0_r1_mu010,"R0 (theta=0, matched mu=0.1)",R0,0.0,0.1,split_high_low,64,9,perception_error,0.16294773065476187,0.15968898809523807,0.0032587425595237973
pilot_v1_r0_r1_mu010,"R0 (theta=0, matched mu=0.1)",R0,0.0,0.1,uniform_high,32,0,resource_fraction,0.29252181943688893,0.2925659980229557,-4.417858606675651e-05
pilot_v1_r0_r1_mu010,"R0 (theta=0, matched mu=0.1)",R0,0.0,0.1,uniform_high,32,0,reserve_welfare,0.9800921133909799,0.9801450755308827,-5.29621399028013e-05
pilot_v1_r0_r1_mu010,"R0 (theta=0, matched mu=0.1)",R0,0.0,0.1,uniform_high,32,0,wealth_gini,0.33374878729826585,0.33365549896039615,9.328833786970137e-05
pilot_v1_r0_r1_mu010,"R0 (theta=0, matched mu=0.1)",R0,0.0,0.1,uniform_high,32,0,perception_error,0.09494984879032259,0.09875403225806449,-0.0038041834677419034
pilot_v1_r0_r1_mu010,"R0 (theta=0, matched mu=0.1)",R0,0.0,0.1,uniform_high,32,1,resource_fraction,0.3192807564377271,0.31962162916368814,-0.0003408727259610611
pilot_v1_r0_r1_mu010,"R0 (theta=0, matched mu=0.1)",R0,0.0,0.1,uniform_high,32,1,reserve_welfare,0.9723987386888026,0.9725674214879338,-0.00016868279913129225
pilot_v1_r0_r1_mu010,"R0 (theta=0, matched mu=0.1)",R0,0.0,0.1,uniform_high,32,1,wealth_gini,0.41299129000755874,0.4124581172523776,0.000533172755181166
pilot_v1_r0_r1_mu010,"R0 (theta=0, matched mu=0.1)",R0,0.0,0.1,uniform_high,32,1,perception_error,0.050894657258064496,0.05257585685483869,-0.0016811995967741938
pilot_v1_r0_r1_mu010,"R0 (theta=0, matched mu=0.1)",R0,0.0,0.1,uniform_high,32,2,resource_fraction,0.24281865417182072,0.24278194801717473,3.670615464598792e-05
pilot_v1_r0_r1_mu010,"R0 (theta=0, matched mu=0.1)",R0,0.0,0.1,uniform_high,32,2,reserve_welfare,0.9979999999999998,0.9979999999999998,0.0
pilot_v1_r0_r1_mu010,"R0 (theta=0, matched mu=0.1)",R0,0.0,0.1,uniform_high,32,2,wealth_gini,0.2889872311644699,0.2889550777490397,3.2153415430169474e-05
pilot_v1_r0_r1_mu010,"R0 (theta=0, matched mu=0.1)",R0,0.0,0.1,uniform_high,32,2,perception_error,0.0010347782258064517,0.0009241431451612902,0.00011063508064516154
pilot_v1_r0_r1_mu010,"R0 (theta=0, matched mu=0.1)",R0,0.0,0.1,uniform_high,32,3,resource_fraction,0.228083277628985,0.22829254838188634,-0.000209270752901336
pilot_v1_r0_r1_mu010,"R0 (theta=0, matched mu=0.1)",R0,0.0,0.1,uniform_high,32,3,reserve_welfare,0.9979999999999998,0.9979999999999998,0.0
pilot_v1_r0_r1_mu010,"R0 (theta=0, matched mu=0.1)",R0,0.0,0.1,uniform_high,32,3,wealth_gini,0.2716652181562633,0.271339871287124,0.0003253468691393202
pilot_v1_r0_r1_mu010,"R0 (theta=0, matched mu=0.1)",R0,0.0,0.1,uniform_high,32,3,perception_error,0.06160887096774193,0.06261391129032255,-0.0010050403225806206
pilot_v1_r0_r1_mu010,"R0 (theta=0, matched mu=0.1)",R0,0.0,0.1,uniform_high,32,4,resource_fraction,0.31231574006438517,0.28430528720097203,0.028010452863413138
pilot_v1_r0_r1_mu010,"R0 (theta=0, matched mu=0.1)",R0,0.0,0.1,uniform_high,32,4,reserve_welfare,0.9741496513060656,0.9455642936611585,0.028585357644907106
pilot_v1_r0_r1_mu010,"R0 (theta=0, matched mu=0.1)",R0,0.0,0.1,uniform_high,32,4,wealth_gini,0.3241374496346552,0.34216045259938754,-0.01802300296473236
pilot_v1_r0_r1_mu010,"R0 (theta=0, matched mu=0.1)",R0,0.0,0.1,uniform_high,32,4,perception_error,0.14741154233870968,0.15457459677419355,-0.007163054435483873
pilot_v1_r0_r1_mu010,"R0 (theta=0, matched mu=0.1)",R0,0.0,0.1,uniform_high,32,5,resource_fraction,0.28398155618054216,0.28529767786480803,-0.0013161216842658696
pilot_v1_r0_r1_mu010,"R0 (theta=0, matched mu=0.1)",R0,0.0,0.1,uniform_high,32,5,reserve_welfare,0.968885672383494,0.9693858865004316,-0.0005002141169375696
pilot_v1_r0_r1_mu010,"R0 (theta=0, matched mu=0.1)",R0,0.0,0.1,uniform_high,32,5,wealth_gini,0.35256965105601235,0.35095304101050484,0.001616610045507505
pilot_v1_r0_r1_mu010,"R0 (theta=0, matched mu=0.1)",R0,0.0,0.1,uniform_high,32,5,perception_error,0.07905519153225805,0.08131905241935483,-0.0022638608870967775
pilot_v1_r0_r1_mu010,"R0 (theta=0, matched mu=0.1)",R0,0.0,0.1,uniform_high,32,6,resource_fraction,0.3182395827812616,0.3172823449892679,0.0009572377919936925
pilot_v1_r0_r1_mu010,"R0 (theta=0, matched mu=0.1)",R0,0.0,0.1,uniform_high,32,6,reserve_welfare,0.9500803570111457,0.9498311328291518,0.0002492241819939123
pilot_v1_r0_r1_mu010,"R0 (theta=0, matched mu=0.1)",R0,0.0,0.1,uniform_high,32,6,wealth_gini,0.3861583491941596,0.38776131696557536,-0.0016029677714157753
pilot_v1_r0_r1_mu010,"R0 (theta=0, matched mu=0.1)",R0,0.0,0.1,uniform_high,32,6,perception_error,0.13753956653225807,0.14141985887096778,-0.0038802923387097066
pilot_v1_r0_r1_mu010,"R0 (theta=0, matched mu=0.1)",R0,0.0,0.1,uniform_high,32,7,resource_fraction,0.2705331539146034,0.2705331539146034,0.0
pilot_v1_r0_r1_mu010,"R0 (theta=0, matched mu=0.1)",R0,0.0,0.1,uniform_high,32,7,reserve_welfare,0.9534062085760813,0.9534062085760813,0.0
pilot_v1_r0_r1_mu010,"R0 (theta=0, matched mu=0.1)",R0,0.0,0.1,uniform_high,32,7,wealth_gini,0.3230968842421642,0.3230968842421642,0.0
pilot_v1_r0_r1_mu010,"R0 (theta=0, matched mu=0.1)",R0,0.0,0.1,uniform_high,32,7,perception_error,0.008285030241935486,0.008282762096774194,2.268145161292423e-06
pilot_v1_r0_r1_mu010,"R0 (theta=0, matched mu=0.1)",R0,0.0,0.1,uniform_high,32,8,resource_fraction,0.26284711875585653,0.2668889565485966,-0.004041837792740088
pilot_v1_r0_r1_mu010,"R0 (theta=0, matched mu=0.1)",R0,0.0,0.1,uniform_high,32,8,reserve_welfare,0.8826192770655527,0.8775343185255371,0.005084958540015561
pilot_v1_r0_r1_mu010,"R0 (theta=0, matched mu=0.1)",R0,0.0,0.1,uniform_high,32,8,wealth_gini,0.400325321177178,0.3974736073810521,0.002851713796125921
pilot_v1_r0_r1_mu010,"R0 (theta=0, matched mu=0.1)",R0,0.0,0.1,uniform_high,32,8,perception_error,0.1555239415322581,0.16889415322580642,-0.013370211693548323
pilot_v1_r0_r1_mu010,"R0 (theta=0, matched mu=0.1)",R0,0.0,0.1,uniform_high,32,9,resource_fraction,0.3134248591505904,0.3140788854338267,-0.000654026283236353
pilot_v1_r0_r1_mu010,"R0 (theta=0, matched mu=0.1)",R0,0.0,0.1,uniform_high,32,9,reserve_welfare,0.9663080840178391,0.967900020297652,-0.001591936279812911
pilot_v1_r0_r1_mu010,"R0 (theta=0, matched mu=0.1)",R0,0.0,0.1,uniform_high,32,9,wealth_gini,0.289723179726868,0.2870290168229759,0.0026941629038921278
pilot_v1_r0_r1_mu010,"R0 (theta=0, matched mu=0.1)",R0,0.0,0.1,uniform_high,32,9,perception_error,0.11680090725806451,0.1308608870967742,-0.0140599798387097
pilot_v1_r0_r1_mu010,"R0 (theta=0, matched mu=0.1)",R0,0.0,0.1,uniform_high,64,0,resource_fraction,0.07372069641291713,0.07325422399339726,0.00046647241951987273
pilot_v1_r0_r1_mu010,"R0 (theta=0, matched mu=0.1)",R0,0.0,0.1,uniform_high,64,0,reserve_welfare,0.7023685867972976,0.6962573681622869,0.00611121863501074
pilot_v1_r0_r1_mu010,"R0 (theta=0, matched mu=0.1)",R0,0.0,0.1,uniform_high,64,0,wealth_gini,0.4087908673110203,0.4245187265639656,-0.015727859252945287
pilot_v1_r0_r1_mu010,"R0 (theta=0, matched mu=0.1)",R0,0.0,0.1,uniform_high,64,0,perception_error,0.1551571180555556,0.16438349454365078,-0.009226376488095184
pilot_v1_r0_r1_mu010,"R0 (theta=0, matched mu=0.1)",R0,0.0,0.1,uniform_high,64,1,resource_fraction,0.11720401101770776,0.16474103322107372,-0.04753702220336596
pilot_v1_r0_r1_mu010,"R0 (theta=0, matched mu=0.1)",R0,0.0,0.1,uniform_high,64,1,reserve_welfare,0.7869602701604224,0.8634670763277903,-0.07650680616736794
pilot_v1_r0_r1_mu010,"R0 (theta=0, matched mu=0.1)",R0,0.0,0.1,uniform_high,64,1,wealth_gini,0.46893554752884126,0.4286904391830184,0.040245108345822844
pilot_v1_r0_r1_mu010,"R0 (theta=0, matched mu=0.1)",R0,0.0,0.1,uniform_high,64,1,perception_error,0.18306646825396825,0.1989040798611111,-0.015837611607142865
pilot_v1_r0_r1_mu010,"R0 (theta=0, matched mu=0.1)",R0,0.0,0.1,uniform_high,64,2,resource_fraction,0.11902156404626185,0.10328070946267288,0.015740854583588967
pilot_v1_r0_r1_mu010,"R0 (theta=0, matched mu=0.1)",R0,0.0,0.1,uniform_high,64,2,reserve_welfare,0.7770495531793226,0.7460762904746576,0.03097326270466494
pilot_v1_r0_r1_mu010,"R0 (theta=0, matched mu=0.1)",R0,0.0,0.1,uniform_high,64,2,wealth_gini,0.42661288590919666,0.44365111621370246,-0.017038230304505797
pilot_v1_r0_r1_mu010,"R0 (theta=0, matched mu=0.1)",R0,0.0,0.1,uniform_high,64,2,perception_error,0.19076469494047615,0.18338163442460317,0.00738306051587298
pilot_v1_r0_r1_mu010,"R0 (theta=0, matched mu=0.1)",R0,0.0,0.1,uniform_high,64,3,resource_fraction,0.09187016240418736,0.09450900651323721,-0.0026388441090498538
pilot_v1_r0_r1_mu010,"R0 (theta=0, matched mu=0.1)",R0,0.0,0.1,uniform_high,64,3,reserve_welfare,0.77029039716694,0.7894193396193362,-0.019128942452396158
pilot_v1_r0_r1_mu010,"R0 (theta=0, matched mu=0.1)",R0,0.0,0.1,uniform_high,64,3,wealth_gini,0.398243483415764,0.40258200437026237,-0.004338520954498382
pilot_v1_r0_r1_mu010,"R0 (theta=0, matched mu=0.1)",R0,0.0,0.1,uniform_high,64,3,perception_error,0.14855809771825398,0.19603769841269839,-0.0474796006944444
pilot_v1_r0_r1_mu010,"R0 (theta=0, matched mu=0.1)",R0,0.0,0.1,uniform_high,64,4,resource_fraction,0.11347701477696734,0.10905971315793005,0.004417301619037292
pilot_v1_r0_r1_mu010,"R0 (theta=0, matched mu=0.1)",R0,0.0,0.1,uniform_high,64,4,reserve_welfare,0.7377228729219583,0.7216942060128859,0.016028666909072342
pilot_v1_r0_r1_mu010,"R0 (theta=0, matched mu=0.1)",R0,0.0,0.1,uniform_high,64,4,wealth_gini,0.46220469695612554,0.4796390011299638,-0.01743430417383829
pilot_v1_r0_r1_mu010,"R0 (theta=0, matched mu=0.1)",R0,0.0,0.1,uniform_high,64,4,perception_error,0.15516803075396826,0.17912332589285712,-0.02395529513888886
pilot_v1_r0_r1_mu010,"R0 (theta=0, matched mu=0.1)",R0,0.0,0.1,uniform_high,64,5,resource_fraction,0.13928489169247935,0.13534078891832774,0.003944102774151609
pilot_v1_r0_r1_mu010,"R0 (theta=0, matched mu=0.1)",R0,0.0,0.1,uniform_high,64,5,reserve_welfare,0.8108532883038884,0.7947529367157803,0.016100351588108075
pilot_v1_r0_r1_mu010,"R0 (theta=0, matched mu=0.1)",R0,0.0,0.1,uniform_high,64,5,wealth_gini,0.4261328278667751,0.43957253546393216,-0.013439707597157069
pilot_v1_r0_r1_mu010,"R0 (theta=0, matched mu=0.1)",R0,0.0,0.1,uniform_high,64,5,perception_error,0.13673766121031744,0.1512696552579365,-0.014531994047619068
pilot_v1_r0_r1_mu010,"R0 (theta=0, matched mu=0.1)",R0,0.0,0.1,uniform_high,64,6,resource_fraction,0.08419662000156553,0.08874125600107169,-0.004544635999506164
pilot_v1_r0_r1_mu010,"R0 (theta=0, matched mu=0.1)",R0,0.0,0.1,uniform_high,64,6,reserve_welfare,0.6190710472942966,0.6528050164743264,-0.0337339691800298
pilot_v1_r0_r1_mu010,"R0 (theta=0, matched mu=0.1)",R0,0.0,0.1,uniform_high,64,6,wealth_gini,0.5032971229579359,0.4784365111077189,0.02486061185021704
pilot_v1_r0_r1_mu010,"R0 (theta=0, matched mu=0.1)",R0,0.0,0.1,uniform_high,64,6,perception_error,0.1784225570436508,0.1893147941468254,-0.010892237103174607
pilot_v1_r0_r1_mu010,"R0 (theta=0, matched mu=0.1)",R0,0.0,0.1,uniform_high,64,7,resource_fraction,0.11435087810311327,0.11457637825676788,-0.0002255001536546064
pilot_v1_r0_r1_mu010,"R0 (theta=0, matched mu=0.1)",R0,0.0,0.1,uniform_high,64,7,reserve_welfare,0.681374873413579,0.6809625248906982,0.00041234852288085655
pilot_v1_r0_r1_mu010,"R0 (theta=0, matched mu=0.1)",R0,0.0,0.1,uniform_high,64,7,wealth_gini,0.5424682578793449,0.5420331820739825,0.0004350758053623949
pilot_v1_r0_r1_mu010,"R0 (theta=0, matched mu=0.1)",R0,0.0,0.1,uniform_high,64,7,perception_error,0.14177653769841275,0.13913417658730165,0.0026423611111111023
pilot_v1_r0_r1_mu010,"R0 (theta=0, matched mu=0.1)",R0,0.0,0.1,uniform_high,64,8,resource_fraction,0.07532147978735818,0.1622194216717582,-0.08689794188440003
pilot_v1_r0_r1_mu010,"R0 (theta=0, matched mu=0.1)",R0,0.0,0.1,uniform_high,64,8,reserve_welfare,0.5767710493709869,0.7955605091216434,-0.21878945975065656
pilot_v1_r0_r1_mu010,"R0 (theta=0, matched mu=0.1)",R0,0.0,0.1,uniform_high,64,8,wealth_gini,0.4868974771469772,0.49002020540307334,-0.0031227282560961633
pilot_v1_r0_r1_mu010,"R0 (theta=0, matched mu=0.1)",R0,0.0,0.1,uniform_high,64,8,perception_error,0.19507347470238093,0.19715507192460316,-0.002081597222222231
pilot_v1_r0_r1_mu010,"R0 (theta=0, matched mu=0.1)",R0,0.0,0.1,uniform_high,64,9,resource_fraction,0.1017039436550737,0.0974215610694801,0.004282382585593589
pilot_v1_r0_r1_mu010,"R0 (theta=0, matched mu=0.1)",R0,0.0,0.1,uniform_high,64,9,reserve_welfare,0.8546576166607772,0.845614329760438,0.009043286900339176
pilot_v1_r0_r1_mu010,"R0 (theta=0, matched mu=0.1)",R0,0.0,0.1,uniform_high,64,9,wealth_gini,0.3502444557395019,0.3559049291640288,-0.005660473424526913
pilot_v1_r0_r1_mu010,"R0 (theta=0, matched mu=0.1)",R0,0.0,0.1,uniform_high,64,9,perception_error,0.14907229662698415,0.14766660466269846,0.0014056919642856935
pilot_v1_r2_mu010,R2,R2,0.25,0.1,patchy_high,32,0,resource_fraction,0.3133256655157791,0.3133943036811903,-6.86381654111945e-05
pilot_v1_r2_mu010,R2,R2,0.25,0.1,patchy_high,32,0,reserve_welfare,0.975992927856702,0.9760068800058957,-1.3952149193752206e-05
pilot_v1_r2_mu010,R2,R2,0.25,0.1,patchy_high,32,0,wealth_gini,0.3172493912112966,0.3171623012073417,8.709000395490385e-05
pilot_v1_r2_mu010,R2,R2,0.25,0.1,patchy_high,32,0,perception_error,0.08173387096774193,0.08670942540322579,-0.004975554435483864
pilot_v1_r2_mu010,R2,R2,0.25,0.1,patchy_high,32,1,resource_fraction,0.3587341112667209,0.35868789430754966,4.6216959171230254e-05
pilot_v1_r2_mu010,R2,R2,0.25,0.1,patchy_high,32,1,reserve_welfare,0.9953034216354218,0.9953035444152711,-1.2277984928754648e-07
pilot_v1_r2_mu010,R2,R2,0.25,0.1,patchy_high,32,1,wealth_gini,0.3911818617139866,0.3911201171644516,6.17445495350033e-05
pilot_v1_r2_mu010,R2,R2,0.25,0.1,patchy_high,32,1,perception_error,0.08813180443548391,0.0974087701612903,-0.0092769657258064
pilot_v1_r2_mu010,R2,R2,0.25,0.1,patchy_high,32,2,resource_fraction,0.24855754614291306,0.24852259211170394,3.495403120912233e-05
pilot_v1_r2_mu010,R2,R2,0.25,0.1,patchy_high,32,2,reserve_welfare,0.9979999999999998,0.9979999999999998,0.0
pilot_v1_r2_mu010,R2,R2,0.25,0.1,patchy_high,32,2,wealth_gini,0.2846307118846001,0.28457906079911366,5.1651085486437154e-05
pilot_v1_r2_mu010,R2,R2,0.25,0.1,patchy_high,32,2,perception_error,0.014992943548387098,0.014986391129032259,6.552419354838995e-06
pilot_v1_r2_mu010,R2,R2,0.25,0.1,patchy_high,32,3,resource_fraction,0.20884489187223643,0.2087844295492282,6.0462323008214636e-05
pilot_v1_r2_mu010,R2,R2,0.25,0.1,patchy_high,32,3,reserve_welfare,0.9979999999999998,0.9979999999999998,0.0
pilot_v1_r2_mu010,R2,R2,0.25,0.1,patchy_high,32,3,wealth_gini,0.25978906289258763,0.25972103987998785,6.802301259978272e-05
pilot_v1_r2_mu010,R2,R2,0.25,0.1,patchy_high,32,3,perception_error,0.016023941532258067,0.015227570564516126,0.0007963709677419415
pilot_v1_r2_mu010,R2,R2,0.25,0.1,patchy_high,32,4,resource_fraction,0.25275827418460917,0.24159779658787991,0.011160477596729251
pilot_v1_r2_mu010,R2,R2,0.25,0.1,patchy_high,32,4,reserve_welfare,0.9528352458183216,0.9277842727555744,0.025050973062747173
pilot_v1_r2_mu010,R2,R2,0.25,0.1,patchy_high,32,4,wealth_gini,0.3260685981098843,0.3382337754295548,-0.012165177319670484
pilot_v1_r2_mu010,R2,R2,0.25,0.1,patchy_high,32,4,perception_error,0.1349977318548387,0.11198009072580645,0.023017641129032262
pilot_v1_r2_mu010,R2,R2,0.25,0.1,patchy_high,32,5,resource_fraction,0.2821561536026951,0.2826146870869888,-0.00045853348429369944
pilot_v1_r2_mu010,R2,R2,0.25,0.1,patchy_high,32,5,reserve_welfare,0.9729195409834273,0.972986126236571,-6.658525314373609e-05
pilot_v1_r2_mu010,R2,R2,0.25,0.1,patchy_high,32,5,wealth_gini,0.3433808534869529,0.34310864359735427,0.00027220988959864023
pilot_v1_r2_mu010,R2,R2,0.25,0.1,patchy_high,32,5,perception_error,0.019560735887096777,0.025560987903225807,-0.00600025201612903
pilot_v1_r2_mu010,R2,R2,0.25,0.1,patchy_high,32,6,resource_fraction,0.3407878667385098,0.3297027422115182,0.011085124526991619
pilot_v1_r2_mu010,R2,R2,0.25,0.1,patchy_high,32,6,reserve_welfare,0.9814440334262201,0.9645273771759195,0.016916656250300588
pilot_v1_r2_mu010,R2,R2,0.25,0.1,patchy_high,32,6,wealth_gini,0.35194616870415607,0.3683851412252084,-0.01643897252105231
pilot_v1_r2_mu010,R2,R2,0.25,0.1,patchy_high,32,6,perception_error,0.1500476310483871,0.14005544354838712,0.009992187499999972
pilot_v1_r2_mu010,R2,R2,0.25,0.1,patchy_high,32,7,resource_fraction,0.2980150600340528,0.3180434682182121,-0.020028408184159296
pilot_v1_r2_mu010,R2,R2,0.25,0.1,patchy_high,32,7,reserve_welfare,0.9689165439620806,0.9956873660589666,-0.02677082209688597
pilot_v1_r2_mu010,R2,R2,0.25,0.1,patchy_high,32,7,wealth_gini,0.3010358391782675,0.29089790102518487,0.010137938153082615
pilot_v1_r2_mu010,R2,R2,0.25,0.1,patchy_high,32,7,perception_error,0.09076940524193548,0.13108845766129038,-0.04031905241935489
pilot_v1_r2_mu010,R2,R2,0.25,0.1,patchy_high,32,8,resource_fraction,0.28305646212034674,0.2799910020797659,0.0030654600405808363
pilot_v1_r2_mu010,R2,R2,0.25,0.1,patchy_high,32,8,reserve_welfare,0.9012162331368697,0.8940531915184888,0.007163041618380883
pilot_v1_r2_mu010,R2,R2,0.25,0.1,patchy_high,32,8,wealth_gini,0.3651812949091915,0.37877398545620866,-0.013592690547017172
pilot_v1_r2_mu010,R2,R2,0.25,0.1,patchy_high,32,8,perception_error,0.14361013104838713,0.1361728830645161,0.00743724798387102
pilot_v1_r2_mu010,R2,R2,0.25,0.1,patchy_high,32,9,resource_fraction,0.3150295317205885,0.3222243171093604,-0.007194785388771885
pilot_v1_r2_mu010,R2,R2,0.25,0.1,patchy_high,32,9,reserve_welfare,0.9774179945248561,0.9778883225071549,-0.00047032798229873496
pilot_v1_r2_mu010,R2,R2,0.25,0.1,patchy_high,32,9,wealth_gini,0.26524951748651016,0.26447778826366575,0.0007717292228444084
pilot_v1_r2_mu010,R2,R2,0.25,0.1,patchy_high,32,9,perception_error,0.11636365927419354,0.13509299395161292,-0.018729334677419385
pilot_v1_r2_mu010,R2,R2,0.25,0.1,patchy_high,64,0,resource_fraction,0.11151267177952713,0.0844558512516024,0.027056820527924727
pilot_v1_r2_mu010,R2,R2,0.25,0.1,patchy_high,64,0,reserve_welfare,0.855986309542883,0.7793051958244029,0.07668111371848008
pilot_v1_r2_mu010,R2,R2,0.25,0.1,patchy_high,64,0,wealth_gini,0.3551711997839442,0.38951706405080144,-0.03434586426685726
pilot_v1_r2_mu010,R2,R2,0.25,0.1,patchy_high,64,0,perception_error,0.16027628968253968,0.14946949404761897,0.010806795634920707
pilot_v1_r2_mu010,R2,R2,0.25,0.1,patchy_high,64,1,resource_fraction,0.08920511281255326,0.07524802494664193,0.013957087865911336
pilot_v1_r2_mu010,R2,R2,0.25,0.1,patchy_high,64,1,reserve_welfare,0.663814990891005,0.6345467227268133,0.029268268164191702
pilot_v1_r2_mu010,R2,R2,0.25,0.1,patchy_high,64,1,wealth_gini,0.4812915354867664,0.4801224817876997,0.0011690536990667244
pilot_v1_r2_mu010,R2,R2,0.25,0.1,patchy_high,64,1,perception_error,0.18896602182539682,0.1687801339285714,0.020185887896825405
pilot_v1_r2_mu010,R2,R2,0.25,0.1,patchy_high,64,2,resource_fraction,0.14464930732840509,0.14691079360692952,-0.0022614862785244327
pilot_v1_r2_mu010,R2,R2,0.25,0.1,patchy_high,64,2,reserve_welfare,0.8332098753422027,0.8153961145474778,0.017813760794724853
pilot_v1_r2_mu010,R2,R2,0.25,0.1,patchy_high,64,2,wealth_gini,0.4296000171965364,0.46014374911557954,-0.030543731919043138
pilot_v1_r2_mu010,R2,R2,0.25,0.1,patchy_high,64,2,perception_error,0.18360329861111108,0.19076674107142855,-0.007163442460317471
pilot_v1_r2_mu010,R2,R2,0.25,0.1,patchy_high,64,3,resource_fraction,0.11058111077767062,0.10153555983688382,0.009045550940786795
pilot_v1_r2_mu010,R2,R2,0.25,0.1,patchy_high,64,3,reserve_welfare,0.783015945530338,0.8125699625430484,-0.02955401701271032
pilot_v1_r2_mu010,R2,R2,0.25,0.1,patchy_high,64,3,wealth_gini,0.4100885594999193,0.39324343765730285,0.01684512184261644
pilot_v1_r2_mu010,R2,R2,0.25,0.1,patchy_high,64,3,perception_error,0.17531640625,0.19438268849206347,-0.01906628224206347
pilot_v1_r2_mu010,R2,R2,0.25,0.1,patchy_high,64,4,resource_fraction,0.15901905294337945,0.13095972737828102,0.028059325565098436
pilot_v1_r2_mu010,R2,R2,0.25,0.1,patchy_high,64,4,reserve_welfare,0.8926075767588368,0.81685784583202,0.0757497309268168
pilot_v1_r2_mu010,R2,R2,0.25,0.1,patchy_high,64,4,wealth_gini,0.4052484409095265,0.43351803315793846,-0.028269592248411968
pilot_v1_r2_mu010,R2,R2,0.25,0.1,patchy_high,64,4,perception_error,0.1943857266865079,0.18630189732142854,0.008083829365079342
pilot_v1_r2_mu010,R2,R2,0.25,0.1,patchy_high,64,5,resource_fraction,0.11973482393944125,0.1390932016514568,-0.019358377712015554
pilot_v1_r2_mu010,R2,R2,0.25,0.1,patchy_high,64,5,reserve_welfare,0.7999334696161109,0.8464083569597229,-0.04647488734361205
pilot_v1_r2_mu010,R2,R2,0.25,0.1,patchy_high,64,5,wealth_gini,0.422789384139711,0.41305545938777644,0.009733924751934575
pilot_v1_r2_mu010,R2,R2,0.25,0.1,patchy_high,64,5,perception_error,0.11929383680555551,0.17246806795634917,-0.05317423115079366
pilot_v1_r2_mu010,R2,R2,0.25,0.1,patchy_high,64,6,resource_fraction,0.10840794811633296,0.09218813657744933,0.016219811538883633
pilot_v1_r2_mu010,R2,R2,0.25,0.1,patchy_high,64,6,reserve_welfare,0.6885299943530331,0.6661974139639467,0.022332580389086365
pilot_v1_r2_mu010,R2,R2,0.25,0.1,patchy_high,64,6,wealth_gini,0.48196164791595697,0.46696913572654486,0.01499251218941211
pilot_v1_r2_mu010,R2,R2,0.25,0.1,patchy_high,64,6,perception_error,0.19925979662698412,0.1632772197420635,0.035982576884920625
pilot_v1_r2_mu010,R2,R2,0.25,0.1,patchy_high,64,7,resource_fraction,0.1150676204632297,0.11692840695486698,-0.0018607864916372757
pilot_v1_r2_mu010,R2,R2,0.25,0.1,patchy_high,64,7,reserve_welfare,0.6734292914925311,0.6821404768256222,-0.00871118533309112
pilot_v1_r2_mu010,R2,R2,0.25,0.1,patchy_high,64,7,wealth_gini,0.5588748384751419,0.5593205343988739,-0.0004456959237320035
pilot_v1_r2_mu010,R2,R2,0.25,0.1,patchy_high,64,7,perception_error,0.14645851934523813,0.16619345238095237,-0.019734933035714247
pilot_v1_r2_mu010,R2,R2,0.25,0.1,patchy_high,64,8,resource_fraction,0.11518070995833468,0.11391159583045458,0.0012691141278800971
pilot_v1_r2_mu010,R2,R2,0.25,0.1,patchy_high,64,8,reserve_welfare,0.7442163004897148,0.7037849625062178,0.04043133798349696
pilot_v1_r2_mu010,R2,R2,0.25,0.1,patchy_high,64,8,wealth_gini,0.4955130876015068,0.5135097576104295,-0.01799667000892269
pilot_v1_r2_mu010,R2,R2,0.25,0.1,patchy_high,64,8,perception_error,0.19142869543650795,0.20748443700396826,-0.016055741567460313
pilot_v1_r2_mu010,R2,R2,0.25,0.1,patchy_high,64,9,resource_fraction,0.08533636173694142,0.08391049649942707,0.0014258652375143538
pilot_v1_r2_mu010,R2,R2,0.25,0.1,patchy_high,64,9,reserve_welfare,0.7641824936001747,0.7625027214407475,0.001679772159427162
pilot_v1_r2_mu010,R2,R2,0.25,0.1,patchy_high,64,9,wealth_gini,0.3998384164122373,0.40093631760601056,-0.0010979011937732874
pilot_v1_r2_mu010,R2,R2,0.25,0.1,patchy_high,64,9,perception_error,0.15720244295634922,0.1507954489087302,0.006406994047619019
pilot_v1_r2_mu010,R2,R2,0.25,0.1,split_high_low,32,0,resource_fraction,0.3814637181512943,0.38029030520756213,0.0011734129437321883
pilot_v1_r2_mu010,R2,R2,0.25,0.1,split_high_low,32,0,reserve_welfare,0.8106244783338923,0.8091649541579802,0.001459524175912108
pilot_v1_r2_mu010,R2,R2,0.25,0.1,split_high_low,32,0,wealth_gini,0.5016727424088603,0.502307860671166,-0.0006351182623056673
pilot_v1_r2_mu010,R2,R2,0.25,0.1,split_high_low,32,0,perception_error,0.14906451612903232,0.14886214717741933,0.00020236895161299118
pilot_v1_r2_mu010,R2,R2,0.25,0.1,split_high_low,32,1,resource_fraction,0.39317188313999246,0.3698038057256522,0.02336807741434027
pilot_v1_r2_mu010,R2,R2,0.25,0.1,split_high_low,32,1,reserve_welfare,0.8375665979883684,0.8390828198487211,-0.0015162218603527178
pilot_v1_r2_mu010,R2,R2,0.25,0.1,split_high_low,32,1,wealth_gini,0.5385391886954332,0.5447953491821456,-0.006256160486712403
pilot_v1_r2_mu010,R2,R2,0.25,0.1,split_high_low,32,1,perception_error,0.16465725806451612,0.1575922379032258,0.00706502016129032
pilot_v1_r2_mu010,R2,R2,0.25,0.1,split_high_low,32,2,resource_fraction,0.2805492912795643,0.28056488418759506,-1.5592908030770403e-05
pilot_v1_r2_mu010,R2,R2,0.25,0.1,split_high_low,32,2,reserve_welfare,0.8372577787175424,0.8372359696244756,2.1809093066815777e-05
pilot_v1_r2_mu010,R2,R2,0.25,0.1,split_high_low,32,2,wealth_gini,0.48248556942340004,0.4824531938111769,3.2375612223134453e-05
pilot_v1_r2_mu010,R2,R2,0.25,0.1,split_high_low,32,2,perception_error,0.10657434475806452,0.10667036290322579,-9.601814516127516e-05
pilot_v1_r2_mu010,R2,R2,0.25,0.1,split_high_low,32,3,resource_fraction,0.3107859578005407,0.31069733844897396,8.861935156673217e-05
pilot_v1_r2_mu010,R2,R2,0.25,0.1,split_high_low,32,3,reserve_welfare,0.8140350913183779,0.8138704184521207,0.00016467286625720945
pilot_v1_r2_mu010,R2,R2,0.25,0.1,split_high_low,32,3,wealth_gini,0.47835990773713477,0.478380679551921,-2.0771814786213483e-05
pilot_v1_r2_mu010,R2,R2,0.25,0.1,split_high_low,32,3,perception_error,0.13381224798387098,0.1324654737903226,0.0013467741935483668
pilot_v1_r2_mu010,R2,R2,0.25,0.1,split_high_low,32,4,resource_fraction,0.24892068150848445,0.25047089616696844,-0.0015502146584839838
pilot_v1_r2_mu010,R2,R2,0.25,0.1,split_high_low,32,4,reserve_welfare,0.9085005525046154,0.9092710222293424,-0.000770469724727052
pilot_v1_r2_mu010,R2,R2,0.25,0.1,split_high_low,32,4,wealth_gini,0.464470958436912,0.46321351775417763,0.0012574406827343676
pilot_v1_r2_mu010,R2,R2,0.25,0.1,split_high_low,32,4,perception_error,0.1570667842741936,0.15621925403225811,0.0008475302419354847
pilot_v1_r2_mu010,R2,R2,0.25,0.1,split_high_low,32,5,resource_fraction,0.31748732528294615,0.3113643413458784,0.0061229839370677275
pilot_v1_r2_mu010,R2,R2,0.25,0.1,split_high_low,32,5,reserve_welfare,0.9409311411123199,0.940120001357461,0.0008111397548589139
pilot_v1_r2_mu010,R2,R2,0.25,0.1,split_high_low,32,5,wealth_gini,0.46017554896263935,0.42925851109797475,0.030917037864664598
pilot_v1_r2_mu010,R2,R2,0.25,0.1,split_high_low,32,5,perception_error,0.1373228326612903,0.14677444556451616,-0.009451612903225853
pilot_v1_r2_mu010,R2,R2,0.25,0.1,split_high_low,32,6,resource_fraction,0.29387079501296615,0.28492069757007543,0.008950097442890714
pilot_v1_r2_mu010,R2,R2,0.25,0.1,split_high_low,32,6,reserve_welfare,0.9363356875418951,0.9249844768087913,0.011351210733103856
pilot_v1_r2_mu010,R2,R2,0.25,0.1,split_high_low,32,6,wealth_gini,0.4228564262836958,0.42052423712249265,0.0023321891612031465
pilot_v1_r2_mu010,R2,R2,0.25,0.1,split_high_low,32,6,perception_error,0.1434430443548387,0.15102872983870966,-0.007585685483870952
pilot_v1_r2_mu010,R2,R2,0.25,0.1,split_high_low,32,7,resource_fraction,0.32783953453421977,0.32543626846723184,0.00240326606698793
pilot_v1_r2_mu010,R2,R2,0.25,0.1,split_high_low,32,7,reserve_welfare,0.8260359550417469,0.822331339475033,0.0037046155667138647
pilot_v1_r2_mu010,R2,R2,0.25,0.1,split_high_low,32,7,wealth_gini,0.47404625325437677,0.48641468769835305,-0.012368434443976284
pilot_v1_r2_mu010,R2,R2,0.25,0.1,split_high_low,32,7,perception_error,0.14829611895161293,0.13363054435483873,0.0146655745967742
pilot_v1_r2_mu010,R2,R2,0.25,0.1,split_high_low,32,8,resource_fraction,0.3274092314602892,0.3092292194250699,0.018180012035219295
pilot_v1_r2_mu010,R2,R2,0.25,0.1,split_high_low,32,8,reserve_welfare,0.7759049180771392,0.7675857757458027,0.008319142331336571
pilot_v1_r2_mu010,R2,R2,0.25,0.1,split_high_low,32,8,wealth_gini,0.5062811378593557,0.5232750312951979,-0.016993893435842233
pilot_v1_r2_mu010,R2,R2,0.25,0.1,split_high_low,32,8,perception_error,0.19120110887096775,0.17948361895161286,0.011717489919354895
pilot_v1_r2_mu010,R2,R2,0.25,0.1,split_high_low,32,9,resource_fraction,0.2507194489466636,0.24929715095882032,0.0014222979878432684
pilot_v1_r2_mu010,R2,R2,0.25,0.1,split_high_low,32,9,reserve_welfare,0.8844421666864773,0.8863334502245477,-0.001891283538070332
pilot_v1_r2_mu010,R2,R2,0.25,0.1,split_high_low,32,9,wealth_gini,0.3860885170313104,0.38653604225263916,-0.0004475252213287373
pilot_v1_r2_mu010,R2,R2,0.25,0.1,split_high_low,32,9,perception_error,0.10955367943548387,0.12664112903225808,-0.017087449596774204
pilot_v1_r2_mu010,R2,R2,0.25,0.1,split_high_low,64,0,resource_fraction,0.110004443032703,0.11248067707808733,-0.002476234045384329
pilot_v1_r2_mu010,R2,R2,0.25,0.1,split_high_low,64,0,reserve_welfare,0.696857270037475,0.6936892962169663,0.003167973820508707
pilot_v1_r2_mu010,R2,R2,0.25,0.1,split_high_low,64,0,wealth_gini,0.5786319263059061,0.5732145611943136,0.00541736511159252
pilot_v1_r2_mu010,R2,R2,0.25,0.1,split_high_low,64,0,perception_error,0.1762529141865079,0.15452827380952375,0.021724640376984156
pilot_v1_r2_mu010,R2,R2,0.25,0.1,split_high_low,64,1,resource_fraction,0.1362330896887209,0.1509357868514195,-0.01470269716269862
pilot_v1_r2_mu010,R2,R2,0.25,0.1,split_high_low,64,1,reserve_welfare,0.6183454363968177,0.6270212324696045,-0.00867579607278679
pilot_v1_r2_mu010,R2,R2,0.25,0.1,split_high_low,64,1,wealth_gini,0.6631243302610894,0.668114521536554,-0.004990191275464628
pilot_v1_r2_mu010,R2,R2,0.25,0.1,split_high_low,64,1,perception_error,0.13480673363095239,0.18090228174603173,-0.04609554811507935
pilot_v1_r2_mu010,R2,R2,0.25,0.1,split_high_low,64,2,resource_fraction,0.13068603713653704,0.12269526244630503,0.007990774690232003
pilot_v1_r2_mu010,R2,R2,0.25,0.1,split_high_low,64,2,reserve_welfare,0.6492075571490727,0.6272946308943518,0.021912926254720966
pilot_v1_r2_mu010,R2,R2,0.25,0.1,split_high_low,64,2,wealth_gini,0.626676783269799,0.629993776119312,-0.003316992849512923
pilot_v1_r2_mu010,R2,R2,0.25,0.1,split_high_low,64,2,perception_error,0.18048753720238092,0.15798102678571427,0.022506510416666653
pilot_v1_r2_mu010,R2,R2,0.25,0.1,split_high_low,64,3,resource_fraction,0.12681288182320688,0.11899381425825707,0.007819067564949808
pilot_v1_r2_mu010,R2,R2,0.25,0.1,split_high_low,64,3,reserve_welfare,0.7139337919705935,0.6646017312823578,0.0493320606882357
pilot_v1_r2_mu010,R2,R2,0.25,0.1,split_high_low,64,3,wealth_gini,0.586925158228327,0.6153693007240928,-0.028444142495765767
pilot_v1_r2_mu010,R2,R2,0.25,0.1,split_high_low,64,3,perception_error,0.17825229414682536,0.15926500496031748,0.018987289186507883
pilot_v1_r2_mu010,R2,R2,0.25,0.1,split_high_low,64,4,resource_fraction,0.08815556683524942,0.08975391917566404,-0.0015983523404146244
pilot_v1_r2_mu010,R2,R2,0.25,0.1,split_high_low,64,4,reserve_welfare,0.6562070341755023,0.6648620055721872,-0.008654971396684918
pilot_v1_r2_mu010,R2,R2,0.25,0.1,split_high_low,64,4,wealth_gini,0.5564843423522592,0.5525893862557507,0.003894956096508473
pilot_v1_r2_mu010,R2,R2,0.25,0.1,split_high_low,64,4,perception_error,0.21282192460317462,0.17288901289682543,0.03993291170634919
pilot_v1_r2_mu010,R2,R2,0.25,0.1,split_high_low,64,5,resource_fraction,0.16804757718968755,0.1520094576681169,0.016038119521570637
pilot_v1_r2_mu010,R2,R2,0.25,0.1,split_high_low,64,5,reserve_welfare,0.7052205601880662,0.6588298215700042,0.04639073861806198
pilot_v1_r2_mu010,R2,R2,0.25,0.1,split_high_low,64,5,wealth_gini,0.6013938497726303,0.6319382402505456,-0.03054439047791524
pilot_v1_r2_mu010,R2,R2,0.25,0.1,split_high_low,64,5,perception_error,0.13411861359126984,0.19298077876984132,-0.058862165178571485
pilot_v1_r2_mu010,R2,R2,0.25,0.1,split_high_low,64,6,resource_fraction,0.1021648707778524,0.100841154544904,0.0013237162329483992
pilot_v1_r2_mu010,R2,R2,0.25,0.1,split_high_low,64,6,reserve_welfare,0.6141081833145697,0.6183287778442803,-0.004220594529710575
pilot_v1_r2_mu010,R2,R2,0.25,0.1,split_high_low,64,6,wealth_gini,0.6419401437017269,0.638359192105443,0.00358095159628391
pilot_v1_r2_mu010,R2,R2,0.25,0.1,split_high_low,64,6,perception_error,0.22690445188492062,0.19122042410714288,0.03568402777777774
pilot_v1_r2_mu010,R2,R2,0.25,0.1,split_high_low,64,7,resource_fraction,0.22958267111687525,0.18427967992708819,0.04530299118978706
pilot_v1_r2_mu010,R2,R2,0.25,0.1,split_high_low,64,7,reserve_welfare,0.6448089581287008,0.5868930762917871,0.05791588183691365
pilot_v1_r2_mu010,R2,R2,0.25,0.1,split_high_low,64,7,wealth_gini,0.6845019859988053,0.7003354292633577,-0.015833443264552383
pilot_v1_r2_mu010,R2,R2,0.25,0.1,split_high_low,64,7,perception_error,0.18273673115079359,0.13843824404761906,0.04429848710317452
pilot_v1_r2_mu010,R2,R2,0.25,0.1,split_high_low,64,8,resource_fraction,0.11339671521309612,0.11084028643196424,0.002556428781131881
pilot_v1_r2_mu010,R2,R2,0.25,0.1,split_high_low,64,8,reserve_welfare,0.5617793144714166,0.571164168598972,-0.009384854127555409
pilot_v1_r2_mu010,R2,R2,0.25,0.1,split_high_low,64,8,wealth_gini,0.6826361380269257,0.6993576945250315,-0.016721556498105805
pilot_v1_r2_mu010,R2,R2,0.25,0.1,split_high_low,64,8,perception_error,0.18501320684523812,0.18090153769841272,0.004111669146825397
pilot_v1_r2_mu010,R2,R2,0.25,0.1,split_high_low,64,9,resource_fraction,0.11141118418029562,0.11818819889344524,-0.0067770147131496206
pilot_v1_r2_mu010,R2,R2,0.25,0.1,split_high_low,64,9,reserve_welfare,0.7377541992222474,0.7418084829034524,-0.004054283681204973
pilot_v1_r2_mu010,R2,R2,0.25,0.1,split_high_low,64,9,wealth_gini,0.5289785516169507,0.5306393161243739,-0.0016607645074231403
pilot_v1_r2_mu010,R2,R2,0.25,0.1,split_high_low,64,9,perception_error,0.14334864831349203,0.13673369295634916,0.0066149553571428765
pilot_v1_r2_mu010,R2,R2,0.25,0.1,uniform_high,32,0,resource_fraction,0.31181375719598675,0.3118303087376994,-1.6551541712650497e-05
pilot_v1_r2_mu010,R2,R2,0.25,0.1,uniform_high,32,0,reserve_welfare,0.9802841178514943,0.9802886800224859,-4.562170991651016e-06
pilot_v1_r2_mu010,R2,R2,0.25,0.1,uniform_high,32,0,wealth_gini,0.3303554630999377,0.3303404522191562,1.501088078148527e-05
pilot_v1_r2_mu010,R2,R2,0.25,0.1,uniform_high,32,0,perception_error,0.13262147177419353,0.1322021169354839,0.0004193548387096402
pilot_v1_r2_mu010,R2,R2,0.25,0.1,uniform_high,32,1,resource_fraction,0.3306758415539416,0.33008810236024666,0.000587739193694925
pilot_v1_r2_mu010,R2,R2,0.25,0.1,uniform_high,32,1,reserve_welfare,0.969471141899877,0.9687829553946865,0.0006881865051905356
pilot_v1_r2_mu010,R2,R2,0.25,0.1,uniform_high,32,1,wealth_gini,0.4089355883947001,0.40839040097333035,0.0005451874213697749
pilot_v1_r2_mu010,R2,R2,0.25,0.1,uniform_high,32,1,perception_error,0.07650579637096774,0.07289440524193547,0.0036113911290322764
pilot_v1_r2_mu010,R2,R2,0.25,0.1,uniform_high,32,2,resource_fraction,0.24278194801717473,0.24278194801717473,0.0
pilot_v1_r2_mu010,R2,R2,0.25,0.1,uniform_high,32,2,reserve_welfare,0.9979999999999998,0.9979999999999998,0.0
pilot_v1_r2_mu010,R2,R2,0.25,0.1,uniform_high,32,2,wealth_gini,0.2889550777490397,0.2889550777490397,0.0
pilot_v1_r2_mu010,R2,R2,0.25,0.1,uniform_high,32,2,perception_error,0.0008828125,0.0009241431451612902,-4.133064516129018e-05
pilot_v1_r2_mu010,R2,R2,0.25,0.1,uniform_high,32,3,resource_fraction,0.22833517359060312,0.22831191271745147,2.3260873151659256e-05
pilot_v1_r2_mu010,R2,R2,0.25,0.1,uniform_high,32,3,reserve_welfare,0.9979999999999998,0.9979999999999998,0.0
pilot_v1_r2_mu010,R2,R2,0.25,0.1,uniform_high,32,3,wealth_gini,0.2713119968376949,0.2712693571914808,4.263964621409322e-05
pilot_v1_r2_mu010,R2,R2,0.25,0.1,uniform_high,32,3,perception_error,0.06174495967741935,0.06263432459677418,-0.000889364919354825
pilot_v1_r2_mu010,R2,R2,0.25,0.1,uniform_high,32,4,resource_fraction,0.2658462507639729,0.27848926707448424,-0.012643016310511346
pilot_v1_r2_mu010,R2,R2,0.25,0.1,uniform_high,32,4,reserve_welfare,0.9312305842368844,0.9518011876148832,-0.020570603377998764
pilot_v1_r2_mu010,R2,R2,0.25,0.1,uniform_high,32,4,wealth_gini,0.3560901615816292,0.33679162208909874,0.019298539492530464
pilot_v1_r2_mu010,R2,R2,0.25,0.1,uniform_high,32,4,perception_error,0.11459853830645161,0.15046648185483869,-0.03586794354838707
pilot_v1_r2_mu010,R2,R2,0.25,0.1,uniform_high,32,5,resource_fraction,0.28371220966824134,0.2836860645342802,2.6145133961152922e-05
pilot_v1_r2_mu010,R2,R2,0.25,0.1,uniform_high,32,5,reserve_welfare,0.9682675120502156,0.9682634197127743,4.0923374412527025e-06
pilot_v1_r2_mu010,R2,R2,0.25,0.1,uniform_high,32,5,wealth_gini,0.35296327585339915,0.353002353738189,-3.907788478985097e-05
pilot_v1_r2_mu010,R2,R2,0.25,0.1,uniform_high,32,5,perception_error,0.023714213709677415,0.02191305443548387,0.0018011592741935464
pilot_v1_r2_mu010,R2,R2,0.25,0.1,uniform_high,32,6,resource_fraction,0.3031707298537022,0.30117254910769925,0.001998180746002942
pilot_v1_r2_mu010,R2,R2,0.25,0.1,uniform_high,32,6,reserve_welfare,0.8869975657860825,0.8872237904169874,-0.0002262246309049365
pilot_v1_r2_mu010,R2,R2,0.25,0.1,uniform_high,32,6,wealth_gini,0.40789985926872063,0.41012508687922966,-0.0022252276105090285
pilot_v1_r2_mu010,R2,R2,0.25,0.1,uniform_high,32,6,perception_error,0.11659324596774195,0.11257081653225809,0.004022429435483865
pilot_v1_r2_mu010,R2,R2,0.25,0.1,uniform_high,32,7,resource_fraction,0.2705331539146034,0.2705331539146034,0.0
pilot_v1_r2_mu010,R2,R2,0.25,0.1,uniform_high,32,7,reserve_welfare,0.9534062085760813,0.9534062085760813,0.0
pilot_v1_r2_mu010,R2,R2,0.25,0.1,uniform_high,32,7,wealth_gini,0.3230968842421642,0.3230968842421642,0.0
pilot_v1_r2_mu010,R2,R2,0.25,0.1,uniform_high,32,7,perception_error,0.008029485887096774,0.008282762096774194,-0.0002532762096774197
pilot_v1_r2_mu010,R2,R2,0.25,0.1,uniform_high,32,8,resource_fraction,0.2810415122489202,0.3045664792843978,-0.023524967035477573
pilot_v1_r2_mu010,R2,R2,0.25,0.1,uniform_high,32,8,reserve_welfare,0.8929951689260954,0.8936556645017601,-0.0006604955756647213
pilot_v1_r2_mu010,R2,R2,0.25,0.1,uniform_high,32,8,wealth_gini,0.3783946010345285,0.36885294248398437,0.009541658550544119
pilot_v1_r2_mu010,R2,R2,0.25,0.1,uniform_high,32,8,perception_error,0.13230317540322578,0.15940826612903225,-0.02710509072580647
pilot_v1_r2_mu010,R2,R2,0.25,0.1,uniform_high,32,9,resource_fraction,0.3128593947425175,0.3135134812159577,-0.0006540864734401741
pilot_v1_r2_mu010,R2,R2,0.25,0.1,uniform_high,32,9,reserve_welfare,0.9656165087348011,0.9675321662077692,-0.0019156574729680687
pilot_v1_r2_mu010,R2,R2,0.25,0.1,uniform_high,32,9,wealth_gini,0.2906643808550755,0.2883328818118145,0.0023314990432610205
pilot_v1_r2_mu010,R2,R2,0.25,0.1,uniform_high,32,9,perception_error,0.1129485887096774,0.1221844758064516,-0.009235887096774198
pilot_v1_r2_mu010,R2,R2,0.25,0.1,uniform_high,64,0,resource_fraction,0.09597293641396948,0.09747717829894578,-0.001504241884976304
pilot_v1_r2_mu010,R2,R2,0.25,0.1,uniform_high,64,0,reserve_welfare,0.7747033641234284,0.8059641930000123,-0.03126082887658388
pilot_v1_r2_mu010,R2,R2,0.25,0.1,uniform_high,64,0,wealth_gini,0.40807030622302043,0.3944120659095587,0.013658240313461745
pilot_v1_r2_mu010,R2,R2,0.25,0.1,uniform_high,64,0,perception_error,0.13050564236111115,0.15702263144841266,-0.026516989087301518
pilot_v1_r2_mu010,R2,R2,0.25,0.1,uniform_high,64,1,resource_fraction,0.18302363834251043,0.1436726056847043,0.03935103265780612
pilot_v1_r2_mu010,R2,R2,0.25,0.1,uniform_high,64,1,reserve_welfare,0.8618302142640252,0.7586167293456192,0.10321348491840598
pilot_v1_r2_mu010,R2,R2,0.25,0.1,uniform_high,64,1,wealth_gini,0.43384769990171645,0.4972024709121785,-0.06335477101046205
pilot_v1_r2_mu010,R2,R2,0.25,0.1,uniform_high,64,1,perception_error,0.1813154761904762,0.20301798115079364,-0.021702504960317448
pilot_v1_r2_mu010,R2,R2,0.25,0.1,uniform_high,64,2,resource_fraction,0.11574094271129691,0.10310543393476707,0.012635508776529844
pilot_v1_r2_mu010,R2,R2,0.25,0.1,uniform_high,64,2,reserve_welfare,0.7904929611828393,0.7292477497458572,0.06124521143698214
pilot_v1_r2_mu010,R2,R2,0.25,0.1,uniform_high,64,2,wealth_gini,0.4236245523998423,0.45547347716027464,-0.03184892476043233
pilot_v1_r2_mu010,R2,R2,0.25,0.1,uniform_high,64,2,perception_error,0.16511979166666663,0.19929867311507937,-0.034178881448412746
pilot_v1_r2_mu010,R2,R2,0.25,0.1,uniform_high,64,3,resource_fraction,0.11049122442485514,0.11564446815849516,-0.0051532437336400255
pilot_v1_r2_mu010,R2,R2,0.25,0.1,uniform_high,64,3,reserve_welfare,0.7442627300286476,0.7779548429905215,-0.03369211296187391
pilot_v1_r2_mu010,R2,R2,0.25,0.1,uniform_high,64,3,wealth_gini,0.4202961983888811,0.40454873740690434,0.01574746098197677
pilot_v1_r2_mu010,R2,R2,0.25,0.1,uniform_high,64,3,perception_error,0.15485429067460307,0.16456553819444444,-0.00971124751984137
pilot_v1_r2_mu010,R2,R2,0.25,0.1,uniform_high,64,4,resource_fraction,0.10424366231520114,0.15954979918386308,-0.05530613686866194
pilot_v1_r2_mu010,R2,R2,0.25,0.1,uniform_high,64,4,reserve_welfare,0.7153582105893677,0.8377000583074519,-0.1223418477180842
pilot_v1_r2_mu010,R2,R2,0.25,0.1,uniform_high,64,4,wealth_gini,0.46466008427494465,0.44937566981889665,0.015284414456048001
pilot_v1_r2_mu010,R2,R2,0.25,0.1,uniform_high,64,4,perception_error,0.18016052827380952,0.18075055803571427,-0.0005900297619047534
pilot_v1_r2_mu010,R2,R2,0.25,0.1,uniform_high,64,5,resource_fraction,0.1174000001861673,0.11159553468395535,0.005804465502211947
pilot_v1_r2_mu010,R2,R2,0.25,0.1,uniform_high,64,5,reserve_welfare,0.7699604375258022,0.7717801431750132,-0.0018197056492109676
pilot_v1_r2_mu010,R2,R2,0.25,0.1,uniform_high,64,5,wealth_gini,0.4712968390755812,0.45619244283752103,0.015104396238060147
pilot_v1_r2_mu010,R2,R2,0.25,0.1,uniform_high,64,5,perception_error,0.14787810019841272,0.13806981646825392,0.009808283730158796
pilot_v1_r2_mu010,R2,R2,0.25,0.1,uniform_high,64,6,resource_fraction,0.09180838445166907,0.12164113679484907,-0.029832752343180002
pilot_v1_r2_mu010,R2,R2,0.25,0.1,uniform_high,64,6,reserve_welfare,0.6830160060772827,0.7369399040175373,-0.05392389794025454
pilot_v1_r2_mu010,R2,R2,0.25,0.1,uniform_high,64,6,wealth_gini,0.4628392600191591,0.4478916993622173,0.014947560656941805
pilot_v1_r2_mu010,R2,R2,0.25,0.1,uniform_high,64,6,perception_error,0.17910354662698413,0.19734294394841267,-0.01823939732142854
pilot_v1_r2_mu010,R2,R2,0.25,0.1,uniform_high,64,7,resource_fraction,0.11845310085488323,0.11598398588384598,0.002469114971037245
pilot_v1_r2_mu010,R2,R2,0.25,0.1,uniform_high,64,7,reserve_welfare,0.7022984994639082,0.6857016324273466,0.016596867036561602
pilot_v1_r2_mu010,R2,R2,0.25,0.1,uniform_high,64,7,wealth_gini,0.5295801426759217,0.539611248764543,-0.010031106088621344
pilot_v1_r2_mu010,R2,R2,0.25,0.1,uniform_high,64,7,perception_error,0.1362137896825397,0.18235565476190477,-0.046141865079365074
pilot_v1_r2_mu010,R2,R2,0.25,0.1,uniform_high,64,8,resource_fraction,0.07713980882952978,0.12658158445566114,-0.04944177562613136
pilot_v1_r2_mu010,R2,R2,0.25,0.1,uniform_high,64,8,reserve_welfare,0.6096513672847877,0.8097210228046852,-0.20006965551989742
pilot_v1_r2_mu010,R2,R2,0.25,0.1,uniform_high,64,8,wealth_gini,0.48959057392576777,0.42483725116920534,0.06475332275656243
pilot_v1_r2_mu010,R2,R2,0.25,0.1,uniform_high,64,8,perception_error,0.23663175843253967,0.20277734375,0.03385441468253966
pilot_v1_r2_mu010,R2,R2,0.25,0.1,uniform_high,64,9,resource_fraction,0.08522559013373532,0.08559873308586734,-0.000373142952132019
pilot_v1_r2_mu010,R2,R2,0.25,0.1,uniform_high,64,9,reserve_welfare,0.7599203058981768,0.7525500615136563,0.007370244384520497
pilot_v1_r2_mu010,R2,R2,0.25,0.1,uniform_high,64,9,wealth_gini,0.3988141983482123,0.40761703023183005,-0.008802831883617745
pilot_v1_r2_mu010,R2,R2,0.25,0.1,uniform_high,64,9,perception_error,0.15005028521825392,0.1370325520833334,0.013017733134920523
pilot_v1_r0_r2_mu010,"R0 (theta=0.25, matched mu=0.1)",R0,0.25,0.1,patchy_high,32,0,resource_fraction,0.311008896708614,0.31104825761508315,-3.936090646916579e-05
pilot_v1_r0_r2_mu010,"R0 (theta=0.25, matched mu=0.1)",R0,0.25,0.1,patchy_high,32,0,reserve_welfare,0.970354901321731,0.9703676779805189,-1.2776658787960748e-05
pilot_v1_r0_r2_mu010,"R0 (theta=0.25, matched mu=0.1)",R0,0.25,0.1,patchy_high,32,0,wealth_gini,0.3263483499401463,0.3263313429900079,1.700695013839848e-05
pilot_v1_r0_r2_mu010,"R0 (theta=0.25, matched mu=0.1)",R0,0.25,0.1,patchy_high,32,0,perception_error,0.05086038306451613,0.04911794354838709,0.0017424395161290407
pilot_v1_r0_r2_mu010,"R0 (theta=0.25, matched mu=0.1)",R0,0.25,0.1,patchy_high,32,1,resource_fraction,0.3521396755651956,0.3520656417872583,7.403377793729904e-05
pilot_v1_r0_r2_mu010,"R0 (theta=0.25, matched mu=0.1)",R0,0.25,0.1,patchy_high,32,1,reserve_welfare,0.9952785716434874,0.9952765759456934,1.9956977940216447e-06
pilot_v1_r0_r2_mu010,"R0 (theta=0.25, matched mu=0.1)",R0,0.25,0.1,patchy_high,32,1,wealth_gini,0.3979877625195176,0.3978856533200257,0.00010210919949193986
pilot_v1_r0_r2_mu010,"R0 (theta=0.25, matched mu=0.1)",R0,0.25,0.1,patchy_high,32,1,perception_error,0.08702797379032257,0.08679334677419352,0.00023462701612904369
pilot_v1_r0_r2_mu010,"R0 (theta=0.25, matched mu=0.1)",R0,0.25,0.1,patchy_high,32,2,resource_fraction,0.24847996153276686,0.24852259211170394,-4.2630578937080665e-05
pilot_v1_r0_r2_mu010,"R0 (theta=0.25, matched mu=0.1)",R0,0.25,0.1,patchy_high,32,2,reserve_welfare,0.9979999999999998,0.9979999999999998,0.0
pilot_v1_r0_r2_mu010,"R0 (theta=0.25, matched mu=0.1)",R0,0.25,0.1,patchy_high,32,2,wealth_gini,0.28458662213725683,0.28457906079911366,7.561338143169394e-06
pilot_v1_r0_r2_mu010,"R0 (theta=0.25, matched mu=0.1)",R0,0.25,0.1,patchy_high,32,2,perception_error,0.0131023185483871,0.014986391129032259,-0.0018840725806451592
pilot_v1_r0_r2_mu010,"R0 (theta=0.25, matched mu=0.1)",R0,0.25,0.1,patchy_high,32,3,resource_fraction,0.2090286647592151,0.20898161644723637,4.7048311978742374e-05
pilot_v1_r0_r2_mu010,"R0 (theta=0.25, matched mu=0.1)",R0,0.25,0.1,patchy_high,32,3,reserve_welfare,0.9979999999999998,0.9979999999999998,0.0
pilot_v1_r0_r2_mu010,"R0 (theta=0.25, matched mu=0.1)",R0,0.25,0.1,patchy_high,32,3,wealth_gini,0.25939893851370677,0.25950690957024913,-0.00010797105654236638
pilot_v1_r0_r2_mu010,"R0 (theta=0.25, matched mu=0.1)",R0,0.25,0.1,patchy_high,32,3,perception_error,0.01630443548387097,0.015460937499999999,0.0008434979838709711
pilot_v1_r0_r2_mu010,"R0 (theta=0.25, matched mu=0.1)",R0,0.25,0.1,patchy_high,32,4,resource_fraction,0.2654305924036535,0.2442603177200863,0.02117027468356722
pilot_v1_r0_r2_mu010,"R0 (theta=0.25, matched mu=0.1)",R0,0.25,0.1,patchy_high,32,4,reserve_welfare,0.9856303427868133,0.9308776293595795,0.05475271342723376
pilot_v1_r0_r2_mu010,"R0 (theta=0.25, matched mu=0.1)",R0,0.25,0.1,patchy_high,32,4,wealth_gini,0.30640804392055365,0.33137079608206443,-0.02496275216151078
pilot_v1_r0_r2_mu010,"R0 (theta=0.25, matched mu=0.1)",R0,0.25,0.1,patchy_high,32,4,perception_error,0.1416461693548387,0.11531678427419359,0.026329385080645112
pilot_v1_r0_r2_mu010,"R0 (theta=0.25, matched mu=0.1)",R0,0.25,0.1,patchy_high,32,5,resource_fraction,0.28360021163889143,0.28442577938174707,-0.0008255677428556374
pilot_v1_r0_r2_mu010,"R0 (theta=0.25, matched mu=0.1)",R0,0.25,0.1,patchy_high,32,5,reserve_welfare,0.9736669210492789,0.9738491328302055,-0.00018221178092658885
pilot_v1_r0_r2_mu010,"R0 (theta=0.25, matched mu=0.1)",R0,0.25,0.1,patchy_high,32,5,wealth_gini,0.3423285204221995,0.34110092627083866,0.0012275941513608668
pilot_v1_r0_r2_mu010,"R0 (theta=0.25, matched mu=0.1)",R0,0.25,0.1,patchy_high,32,5,perception_error,0.0831242439516129,0.08327394153225806,-0.00014969758064516114
pilot_v1_r0_r2_mu010,"R0 (theta=0.25, matched mu=0.1)",R0,0.25,0.1,patchy_high,32,6,resource_fraction,0.31436875034134754,0.3204713370903152,-0.006102586748967687
pilot_v1_r0_r2_mu010,"R0 (theta=0.25, matched mu=0.1)",R0,0.25,0.1,patchy_high,32,6,reserve_welfare,0.8712834336974518,0.8743897610037777,-0.0031063273063259844
pilot_v1_r0_r2_mu010,"R0 (theta=0.25, matched mu=0.1)",R0,0.25,0.1,patchy_high,32,6,wealth_gini,0.38888466044394376,0.3798101435827532,0.00907451686119054
pilot_v1_r0_r2_mu010,"R0 (theta=0.25, matched mu=0.1)",R0,0.25,0.1,patchy_high,32,6,perception_error,0.10328024193548385,0.11672706653225805,-0.013446824596774196
pilot_v1_r0_r2_mu010,"R0 (theta=0.25, matched mu=0.1)",R0,0.25,0.1,patchy_high,32,7,resource_fraction,0.3727716120892463,0.34018415968988686,0.03258745239935945
pilot_v1_r0_r2_mu010,"R0 (theta=0.25, matched mu=0.1)",R0,0.25,0.1,patchy_high,32,7,reserve_welfare,0.9979921285402681,0.9964062073843633,0.0015859211559048347
pilot_v1_r0_r2_mu010,"R0 (theta=0.25, matched mu=0.1)",R0,0.25,0.1,patchy_high,32,7,wealth_gini,0.3123947907797173,0.2795267493363678,0.03286804144334954
pilot_v1_r0_r2_mu010,"R0 (theta=0.25, matched mu=0.1)",R0,0.25,0.1,patchy_high,32,7,perception_error,0.12628855846774195,0.1492406754032258,-0.02295211693548385
pilot_v1_r0_r2_mu010,"R0 (theta=0.25, matched mu=0.1)",R0,0.25,0.1,patchy_high,32,8,resource_fraction,0.27885642476212,0.29480524833259064,-0.015948823570470616
pilot_v1_r0_r2_mu010,"R0 (theta=0.25, matched mu=0.1)",R0,0.25,0.1,patchy_high,32,8,reserve_welfare,0.8803151266305943,0.9169156719515829,-0.03660054532098855
pilot_v1_r0_r2_mu010,"R0 (theta=0.25, matched mu=0.1)",R0,0.25,0.1,patchy_high,32,8,wealth_gini,0.39386767684101653,0.3734499341692388,0.02041774267177776
pilot_v1_r0_r2_mu010,"R0 (theta=0.25, matched mu=0.1)",R0,0.25,0.1,patchy_high,32,8,perception_error,0.14172227822580646,0.1484659778225806,-0.00674369959677415
pilot_v1_r0_r2_mu010,"R0 (theta=0.25, matched mu=0.1)",R0,0.25,0.1,patchy_high,32,9,resource_fraction,0.3153164318526191,0.3199510780599141,-0.004634646207294979
pilot_v1_r0_r2_mu010,"R0 (theta=0.25, matched mu=0.1)",R0,0.25,0.1,patchy_high,32,9,reserve_welfare,0.9772897807545812,0.9794850622655009,-0.0021952815109197443
pilot_v1_r0_r2_mu010,"R0 (theta=0.25, matched mu=0.1)",R0,0.25,0.1,patchy_high,32,9,wealth_gini,0.26595277595774913,0.26382903469129615,0.002123741266452983
pilot_v1_r0_r2_mu010,"R0 (theta=0.25, matched mu=0.1)",R0,0.25,0.1,patchy_high,32,9,perception_error,0.12502268145161288,0.13670161290322583,-0.011678931451612945
pilot_v1_r0_r2_mu010,"R0 (theta=0.25, matched mu=0.1)",R0,0.25,0.1,patchy_high,64,0,resource_fraction,0.0795149066878048,0.07681639282999563,0.0026985138578091705
pilot_v1_r0_r2_mu010,"R0 (theta=0.25, matched mu=0.1)",R0,0.25,0.1,patchy_high,64,0,reserve_welfare,0.7342421350328445,0.7274398195668973,0.0068023154659472285
pilot_v1_r0_r2_mu010,"R0 (theta=0.25, matched mu=0.1)",R0,0.25,0.1,patchy_high,64,0,wealth_gini,0.4096569680089308,0.4077949904234097,0.0018619775855210907
pilot_v1_r0_r2_mu010,"R0 (theta=0.25, matched mu=0.1)",R0,0.25,0.1,patchy_high,64,0,perception_error,0.14114161706349201,0.15770864335317458,-0.016567026289682568
pilot_v1_r0_r2_mu010,"R0 (theta=0.25, matched mu=0.1)",R0,0.25,0.1,patchy_high,64,1,resource_fraction,0.11211066016939199,0.13235756226129627,-0.020246902091904287
pilot_v1_r0_r2_mu010,"R0 (theta=0.25, matched mu=0.1)",R0,0.25,0.1,patchy_high,64,1,reserve_welfare,0.7732231853743596,0.7265676022958049,0.046655583078554774
pilot_v1_r0_r2_mu010,"R0 (theta=0.25, matched mu=0.1)",R0,0.25,0.1,patchy_high,64,1,wealth_gini,0.48020461158835137,0.4991948473828127,-0.018990235794461352
pilot_v1_r0_r2_mu010,"R0 (theta=0.25, matched mu=0.1)",R0,0.25,0.1,patchy_high,64,1,perception_error,0.17744363839285712,0.18801748511904762,-0.010573846726190494
pilot_v1_r0_r2_mu010,"R0 (theta=0.25, matched mu=0.1)",R0,0.25,0.1,patchy_high,64,2,resource_fraction,0.15268618973184708,0.15346590232610777,-0.0007797125942606842
pilot_v1_r0_r2_mu010,"R0 (theta=0.25, matched mu=0.1)",R0,0.25,0.1,patchy_high,64,2,reserve_welfare,0.7844601625490489,0.7993291447262358,-0.014868982177186907
pilot_v1_r0_r2_mu010,"R0 (theta=0.25, matched mu=0.1)",R0,0.25,0.1,patchy_high,64,2,wealth_gini,0.48947439185139174,0.47757412590296733,0.011900265948424416
pilot_v1_r0_r2_mu010,"R0 (theta=0.25, matched mu=0.1)",R0,0.25,0.1,patchy_high,64,2,perception_error,0.1692980530753968,0.1335739087301587,0.0357241443452381
pilot_v1_r0_r2_mu010,"R0 (theta=0.25, matched mu=0.1)",R0,0.25,0.1,patchy_high,64,3,resource_fraction,0.1478123054647827,0.09596793048731658,0.05184437497746611
pilot_v1_r0_r2_mu010,"R0 (theta=0.25, matched mu=0.1)",R0,0.25,0.1,patchy_high,64,3,reserve_welfare,0.82081116086037,0.7626027633276965,0.058208397532673484
pilot_v1_r0_r2_mu010,"R0 (theta=0.25, matched mu=0.1)",R0,0.25,0.1,patchy_high,64,3,wealth_gini,0.4368252129860797,0.3938000855344088,0.043025127451670864
pilot_v1_r0_r2_mu010,"R0 (theta=0.25, matched mu=0.1)",R0,0.25,0.1,patchy_high,64,3,perception_error,0.16411204117063496,0.1663102058531746,-0.0021981646825396384
pilot_v1_r0_r2_mu010,"R0 (theta=0.25, matched mu=0.1)",R0,0.25,0.1,patchy_high,64,4,resource_fraction,0.11344773615034376,0.13396192319291372,-0.020514187042569965
pilot_v1_r0_r2_mu010,"R0 (theta=0.25, matched mu=0.1)",R0,0.25,0.1,patchy_high,64,4,reserve_welfare,0.7564931886365507,0.7944759093728919,-0.037982720736341236
pilot_v1_r0_r2_mu010,"R0 (theta=0.25, matched mu=0.1)",R0,0.25,0.1,patchy_high,64,4,wealth_gini,0.45173880421630574,0.4428458757209792,0.008892928495326524
pilot_v1_r0_r2_mu010,"R0 (theta=0.25, matched mu=0.1)",R0,0.25,0.1,patchy_high,64,4,perception_error,0.16840494791666663,0.2137532242063492,-0.045348276289682576
pilot_v1_r0_r2_mu010,"R0 (theta=0.25, matched mu=0.1)",R0,0.25,0.1,patchy_high,64,5,resource_fraction,0.10333345573292706,0.12720853191604586,-0.023875076183118807
pilot_v1_r0_r2_mu010,"R0 (theta=0.25, matched mu=0.1)",R0,0.25,0.1,patchy_high,64,5,reserve_welfare,0.7115141486906098,0.8498454528065497,-0.13833130411593986
pilot_v1_r0_r2_mu010,"R0 (theta=0.25, matched mu=0.1)",R0,0.25,0.1,patchy_high,64,5,wealth_gini,0.47377349687192827,0.4231582391697919,0.050615257702136374
pilot_v1_r0_r2_mu010,"R0 (theta=0.25, matched mu=0.1)",R0,0.25,0.1,patchy_high,64,5,perception_error,0.15192044890873016,0.15382899305555553,-0.0019085441468253694
pilot_v1_r0_r2_mu010,"R0 (theta=0.25, matched mu=0.1)",R0,0.25,0.1,patchy_high,64,6,resource_fraction,0.09865570923080529,0.11011820054418674,-0.011462491313381451
pilot_v1_r0_r2_mu010,"R0 (theta=0.25, matched mu=0.1)",R0,0.25,0.1,patchy_high,64,6,reserve_welfare,0.6818657450740272,0.7254627629020813,-0.04359701782805414
pilot_v1_r0_r2_mu010,"R0 (theta=0.25, matched mu=0.1)",R0,0.25,0.1,patchy_high,64,6,wealth_gini,0.45616451533417,0.45020364047946093,0.005960874854709086
pilot_v1_r0_r2_mu010,"R0 (theta=0.25, matched mu=0.1)",R0,0.25,0.1,patchy_high,64,6,perception_error,0.16381175595238096,0.2176853918650794,-0.05387363591269845
pilot_v1_r0_r2_mu010,"R0 (theta=0.25, matched mu=0.1)",R0,0.25,0.1,patchy_high,64,7,resource_fraction,0.14487550538586527,0.12304201334422794,0.02183349204163733
pilot_v1_r0_r2_mu010,"R0 (theta=0.25, matched mu=0.1)",R0,0.25,0.1,patchy_high,64,7,reserve_welfare,0.8090027534982569,0.728995443469669,0.08000731002858785
pilot_v1_r0_r2_mu010,"R0 (theta=0.25, matched mu=0.1)",R0,0.25,0.1,patchy_high,64,7,wealth_gini,0.4652624050767944,0.5216107372354895,-0.05634833215869506
pilot_v1_r0_r2_mu010,"R0 (theta=0.25, matched mu=0.1)",R0,0.25,0.1,patchy_high,64,7,perception_error,0.14188690476190477,0.13607750496031748,0.005809399801587289
pilot_v1_r0_r2_mu010,"R0 (theta=0.25, matched mu=0.1)",R0,0.25,0.1,patchy_high,64,8,resource_fraction,0.130417902379457,0.10094764148444892,0.02947026089500808
pilot_v1_r0_r2_mu010,"R0 (theta=0.25, matched mu=0.1)",R0,0.25,0.1,patchy_high,64,8,reserve_welfare,0.7636080802427756,0.6891607669404158,0.07444731330235976
pilot_v1_r0_r2_mu010,"R0 (theta=0.25, matched mu=0.1)",R0,0.25,0.1,patchy_high,64,8,wealth_gini,0.49013337858282546,0.4943728553458666,-0.00423947676304115
pilot_v1_r0_r2_mu010,"R0 (theta=0.25, matched mu=0.1)",R0,0.25,0.1,patchy_high,64,8,perception_error,0.21688671875,0.20812847222222222,0.008758246527777791
pilot_v1_r0_r2_mu010,"R0 (theta=0.25, matched mu=0.1)",R0,0.25,0.1,patchy_high,64,9,resource_fraction,0.08242411544995644,0.0783568996082585,0.004067215841697933
pilot_v1_r0_r2_mu010,"R0 (theta=0.25, matched mu=0.1)",R0,0.25,0.1,patchy_high,64,9,reserve_welfare,0.747984039882692,0.7370145417170996,0.01096949816559245
pilot_v1_r0_r2_mu010,"R0 (theta=0.25, matched mu=0.1)",R0,0.25,0.1,patchy_high,64,9,wealth_gini,0.39973440259471227,0.39669027073370766,0.0030441318610046064
pilot_v1_r0_r2_mu010,"R0 (theta=0.25, matched mu=0.1)",R0,0.25,0.1,patchy_high,64,9,perception_error,0.1588343874007937,0.1381673487103174,0.020667038690476286
pilot_v1_r0_r2_mu010,"R0 (theta=0.25, matched mu=0.1)",R0,0.25,0.1,split_high_low,32,0,resource_fraction,0.3774456277210702,0.37998942038384054,-0.002543792662770328
pilot_v1_r0_r2_mu010,"R0 (theta=0.25, matched mu=0.1)",R0,0.25,0.1,split_high_low,32,0,reserve_welfare,0.80633254710958,0.8063279565798632,4.590529716796965e-06
pilot_v1_r0_r2_mu010,"R0 (theta=0.25, matched mu=0.1)",R0,0.25,0.1,split_high_low,32,0,wealth_gini,0.505332300450714,0.5027172169615939,0.002615083489120096
pilot_v1_r0_r2_mu010,"R0 (theta=0.25, matched mu=0.1)",R0,0.25,0.1,split_high_low,32,0,perception_error,0.15012298387096773,0.1563447580645161,-0.006221774193548357
pilot_v1_r0_r2_mu010,"R0 (theta=0.25, matched mu=0.1)",R0,0.25,0.1,split_high_low,32,1,resource_fraction,0.3570476125284943,0.365879331434932,-0.008831718906437691
pilot_v1_r0_r2_mu010,"R0 (theta=0.25, matched mu=0.1)",R0,0.25,0.1,split_high_low,32,1,reserve_welfare,0.8193280582204064,0.8192848366114578,4.322160894865146e-05
pilot_v1_r0_r2_mu010,"R0 (theta=0.25, matched mu=0.1)",R0,0.25,0.1,split_high_low,32,1,wealth_gini,0.5593287760783303,0.5508146054488352,0.00851417062949511
pilot_v1_r0_r2_mu010,"R0 (theta=0.25, matched mu=0.1)",R0,0.25,0.1,split_high_low,32,1,perception_error,0.10669178427419358,0.1258429939516129,-0.01915120967741933
pilot_v1_r0_r2_mu010,"R0 (theta=0.25, matched mu=0.1)",R0,0.25,0.1,split_high_low,32,2,resource_fraction,0.2795159422962265,0.29784509448156016,-0.018329152185333653
pilot_v1_r0_r2_mu010,"R0 (theta=0.25, matched mu=0.1)",R0,0.25,0.1,split_high_low,32,2,reserve_welfare,0.8318889330733793,0.8370410463348605,-0.005152113261481239
pilot_v1_r0_r2_mu010,"R0 (theta=0.25, matched mu=0.1)",R0,0.25,0.1,split_high_low,32,2,wealth_gini,0.48308941715865683,0.4788638091275186,0.0042256080311382505
pilot_v1_r0_r2_mu010,"R0 (theta=0.25, matched mu=0.1)",R0,0.25,0.1,split_high_low,32,2,perception_error,0.12526915322580645,0.15226360887096774,-0.026994455645161286
pilot_v1_r0_r2_mu010,"R0 (theta=0.25, matched mu=0.1)",R0,0.25,0.1,split_high_low,32,3,resource_fraction,0.31286572673782986,0.31951809551881727,-0.0066523687809874055
pilot_v1_r0_r2_mu010,"R0 (theta=0.25, matched mu=0.1)",R0,0.25,0.1,split_high_low,32,3,reserve_welfare,0.821832104739275,0.8335568856813416,-0.011724780942066526
pilot_v1_r0_r2_mu010,"R0 (theta=0.25, matched mu=0.1)",R0,0.25,0.1,split_high_low,32,3,wealth_gini,0.480292076474806,0.47701770386224984,0.0032743726125561423
pilot_v1_r0_r2_mu010,"R0 (theta=0.25, matched mu=0.1)",R0,0.25,0.1,split_high_low,32,3,perception_error,0.1415148689516129,0.15398235887096776,-0.012467489919354868
pilot_v1_r0_r2_mu010,"R0 (theta=0.25, matched mu=0.1)",R0,0.25,0.1,split_high_low,32,4,resource_fraction,0.2750699456192826,0.2842382485394925,-0.00916830292020987
pilot_v1_r0_r2_mu010,"R0 (theta=0.25, matched mu=0.1)",R0,0.25,0.1,split_high_low,32,4,reserve_welfare,0.9321489859321037,0.9334423234616958,-0.0012933375295920424
pilot_v1_r0_r2_mu010,"R0 (theta=0.25, matched mu=0.1)",R0,0.25,0.1,split_high_low,32,4,wealth_gini,0.423026975999405,0.42538524667100375,-0.0023582706715987722
pilot_v1_r0_r2_mu010,"R0 (theta=0.25, matched mu=0.1)",R0,0.25,0.1,split_high_low,32,4,perception_error,0.18329208669354838,0.17301260080645162,0.010279485887096762
pilot_v1_r0_r2_mu010,"R0 (theta=0.25, matched mu=0.1)",R0,0.25,0.1,split_high_low,32,5,resource_fraction,0.28902168891297664,0.2888998824884336,0.00012180642454301394
pilot_v1_r0_r2_mu010,"R0 (theta=0.25, matched mu=0.1)",R0,0.25,0.1,split_high_low,32,5,reserve_welfare,0.9134677619663657,0.9137310472355001,-0.00026328526913443895
pilot_v1_r0_r2_mu010,"R0 (theta=0.25, matched mu=0.1)",R0,0.25,0.1,split_high_low,32,5,wealth_gini,0.45270139929670905,0.4535259735467938,-0.000824574250084753
pilot_v1_r0_r2_mu010,"R0 (theta=0.25, matched mu=0.1)",R0,0.25,0.1,split_high_low,32,5,perception_error,0.09673790322580643,0.11211844758064514,-0.01538054435483871
pilot_v1_r0_r2_mu010,"R0 (theta=0.25, matched mu=0.1)",R0,0.25,0.1,split_high_low,32,6,resource_fraction,0.3341967415205494,0.34637001010900487,-0.012173268588455466
pilot_v1_r0_r2_mu010,"R0 (theta=0.25, matched mu=0.1)",R0,0.25,0.1,split_high_low,32,6,reserve_welfare,0.9928797652668636,0.9928620785380533,1.768672881030664e-05
pilot_v1_r0_r2_mu010,"R0 (theta=0.25, matched mu=0.1)",R0,0.25,0.1,split_high_low,32,6,wealth_gini,0.4126654497184439,0.42338560167364303,-0.010720151955199153
pilot_v1_r0_r2_mu010,"R0 (theta=0.25, matched mu=0.1)",R0,0.25,0.1,split_high_low,32,6,perception_error,0.18203024193548387,0.18943447580645165,-0.00740423387096778
pilot_v1_r0_r2_mu010,"R0 (theta=0.25, matched mu=0.1)",R0,0.25,0.1,split_high_low,32,7,resource_fraction,0.30815499617504677,0.30707851739668685,0.001076478778359924
pilot_v1_r0_r2_mu010,"R0 (theta=0.25, matched mu=0.1)",R0,0.25,0.1,split_high_low,32,7,reserve_welfare,0.8161066909332774,0.8124158873337027,0.0036908035995746324
pilot_v1_r0_r2_mu010,"R0 (theta=0.25, matched mu=0.1)",R0,0.25,0.1,split_high_low,32,7,wealth_gini,0.502232666910591,0.5024859290157269,-0.0002532621051358763
pilot_v1_r0_r2_mu010,"R0 (theta=0.25, matched mu=0.1)",R0,0.25,0.1,split_high_low,32,7,perception_error,0.13903654233870963,0.12296648185483873,0.0160700604838709
pilot_v1_r0_r2_mu010,"R0 (theta=0.25, matched mu=0.1)",R0,0.25,0.1,split_high_low,32,8,resource_fraction,0.3580558547670437,0.3190464002733031,0.0390094544937406
pilot_v1_r0_r2_mu010,"R0 (theta=0.25, matched mu=0.1)",R0,0.25,0.1,split_high_low,32,8,reserve_welfare,0.791543736485115,0.7604765871991501,0.03106714928596488
pilot_v1_r0_r2_mu010,"R0 (theta=0.25, matched mu=0.1)",R0,0.25,0.1,split_high_low,32,8,wealth_gini,0.52836520479201,0.5196351047338847,0.008730100058125245
pilot_v1_r0_r2_mu010,"R0 (theta=0.25, matched mu=0.1)",R0,0.25,0.1,split_high_low,32,8,perception_error,0.16950025201612906,0.13500957661290322,0.03449067540322584
pilot_v1_r0_r2_mu010,"R0 (theta=0.25, matched mu=0.1)",R0,0.25,0.1,split_high_low,32,9,resource_fraction,0.366547565987167,0.3155385177375634,0.05100904824960356
pilot_v1_r0_r2_mu010,"R0 (theta=0.25, matched mu=0.1)",R0,0.25,0.1,split_high_low,32,9,reserve_welfare,0.9122217474291981,0.897234703493042,0.01498704393615613
pilot_v1_r0_r2_mu010,"R0 (theta=0.25, matched mu=0.1)",R0,0.25,0.1,split_high_low,32,9,wealth_gini,0.41800581230850753,0.4108676168201242,0.007138195488383348
pilot_v1_r0_r2_mu010,"R0 (theta=0.25, matched mu=0.1)",R0,0.25,0.1,split_high_low,32,9,perception_error,0.19565851814516128,0.17878251008064514,0.01687600806451614
pilot_v1_r0_r2_mu010,"R0 (theta=0.25, matched mu=0.1)",R0,0.25,0.1,split_high_low,64,0,resource_fraction,0.11190239772607362,0.09504770000943862,0.016854697716635003
pilot_v1_r0_r2_mu010,"R0 (theta=0.25, matched mu=0.1)",R0,0.25,0.1,split_high_low,64,0,reserve_welfare,0.6748110145260796,0.6578570812342271,0.016953933291852463
pilot_v1_r0_r2_mu010,"R0 (theta=0.25, matched mu=0.1)",R0,0.25,0.1,split_high_low,64,0,wealth_gini,0.5968450829207677,0.5894406560725469,0.007404426848220735
pilot_v1_r0_r2_mu010,"R0 (theta=0.25, matched mu=0.1)",R0,0.25,0.1,split_high_low,64,0,perception_error,0.17333779761904766,0.1588937251984127,0.014444072420634974
pilot_v1_r0_r2_mu010,"R0 (theta=0.25, matched mu=0.1)",R0,0.25,0.1,split_high_low,64,1,resource_fraction,0.12202257018715076,0.13215047070899583,-0.010127900521845062
pilot_v1_r0_r2_mu010,"R0 (theta=0.25, matched mu=0.1)",R0,0.25,0.1,split_high_low,64,1,reserve_welfare,0.5976186229211065,0.6091499402609724,-0.011531317339865899
pilot_v1_r0_r2_mu010,"R0 (theta=0.25, matched mu=0.1)",R0,0.25,0.1,split_high_low,64,1,wealth_gini,0.6701337505948082,0.6725224985522165,-0.002388747957408288
pilot_v1_r0_r2_mu010,"R0 (theta=0.25, matched mu=0.1)",R0,0.25,0.1,split_high_low,64,1,perception_error,0.15894766865079368,0.15909691220238095,-0.0001492435515872692
pilot_v1_r0_r2_mu010,"R0 (theta=0.25, matched mu=0.1)",R0,0.25,0.1,split_high_low,64,2,resource_fraction,0.1046533972078348,0.10452411809711865,0.0001292791107161545
pilot_v1_r0_r2_mu010,"R0 (theta=0.25, matched mu=0.1)",R0,0.25,0.1,split_high_low,64,2,reserve_welfare,0.6523623273338678,0.6518277119948281,0.0005346153390396458
pilot_v1_r0_r2_mu010,"R0 (theta=0.25, matched mu=0.1)",R0,0.25,0.1,split_high_low,64,2,wealth_gini,0.6030233627261752,0.6025411076793512,0.00048225504682397613
pilot_v1_r0_r2_mu010,"R0 (theta=0.25, matched mu=0.1)",R0,0.25,0.1,split_high_low,64,2,perception_error,0.15296360367063494,0.1427238963293651,0.010239707341269833
pilot_v1_r0_r2_mu010,"R0 (theta=0.25, matched mu=0.1)",R0,0.25,0.1,split_high_low,64,3,resource_fraction,0.12343923458777732,0.11728400145148651,0.006155233136290808
pilot_v1_r0_r2_mu010,"R0 (theta=0.25, matched mu=0.1)",R0,0.25,0.1,split_high_low,64,3,reserve_welfare,0.730184229777092,0.7178796595747484,0.012304570202343545
pilot_v1_r0_r2_mu010,"R0 (theta=0.25, matched mu=0.1)",R0,0.25,0.1,split_high_low,64,3,wealth_gini,0.5640141317951262,0.5782721285741903,-0.014257996779064142
pilot_v1_r0_r2_mu010,"R0 (theta=0.25, matched mu=0.1)",R0,0.25,0.1,split_high_low,64,3,perception_error,0.2059462425595238,0.1784177827380953,0.027528459821428486
pilot_v1_r0_r2_mu010,"R0 (theta=0.25, matched mu=0.1)",R0,0.25,0.1,split_high_low,64,4,resource_fraction,0.08394470124376872,0.09439477301955233,-0.01045007177578361
pilot_v1_r0_r2_mu010,"R0 (theta=0.25, matched mu=0.1)",R0,0.25,0.1,split_high_low,64,4,reserve_welfare,0.638128306225183,0.6535435450014595,-0.015415238776276485
pilot_v1_r0_r2_mu010,"R0 (theta=0.25, matched mu=0.1)",R0,0.25,0.1,split_high_low,64,4,wealth_gini,0.569361578085696,0.5694967976897074,-0.0001352196040114162
pilot_v1_r0_r2_mu010,"R0 (theta=0.25, matched mu=0.1)",R0,0.25,0.1,split_high_low,64,4,perception_error,0.1501759052579365,0.16739682539682538,-0.017220920138888873
pilot_v1_r0_r2_mu010,"R0 (theta=0.25, matched mu=0.1)",R0,0.25,0.1,split_high_low,64,5,resource_fraction,0.1508562779059156,0.15074475177733648,0.00011152612857912025
pilot_v1_r0_r2_mu010,"R0 (theta=0.25, matched mu=0.1)",R0,0.25,0.1,split_high_low,64,5,reserve_welfare,0.6595991711034055,0.6255511461268108,0.03404802497659465
pilot_v1_r0_r2_mu010,"R0 (theta=0.25, matched mu=0.1)",R0,0.25,0.1,split_high_low,64,5,wealth_gini,0.6220519260953434,0.6393518298969905,-0.017299903801647032
pilot_v1_r0_r2_mu010,"R0 (theta=0.25, matched mu=0.1)",R0,0.25,0.1,split_high_low,64,5,perception_error,0.1736641865079365,0.20383705357142856,-0.030172867063492065
pilot_v1_r0_r2_mu010,"R0 (theta=0.25, matched mu=0.1)",R0,0.25,0.1,split_high_low,64,6,resource_fraction,0.07934457964710574,0.08350507655146092,-0.004160496904355174
pilot_v1_r0_r2_mu010,"R0 (theta=0.25, matched mu=0.1)",R0,0.25,0.1,split_high_low,64,6,reserve_welfare,0.5682977917088767,0.6427065296159021,-0.0744087379070254
pilot_v1_r0_r2_mu010,"R0 (theta=0.25, matched mu=0.1)",R0,0.25,0.1,split_high_low,64,6,wealth_gini,0.6351851549020548,0.6048102558627726,0.030374899039282255
pilot_v1_r0_r2_mu010,"R0 (theta=0.25, matched mu=0.1)",R0,0.25,0.1,split_high_low,64,6,perception_error,0.1601056547619048,0.17931305803571435,-0.019207403273809542
pilot_v1_r0_r2_mu010,"R0 (theta=0.25, matched mu=0.1)",R0,0.25,0.1,split_high_low,64,7,resource_fraction,0.2153213484628043,0.17845078006316703,0.03687056839963726
pilot_v1_r0_r2_mu010,"R0 (theta=0.25, matched mu=0.1)",R0,0.25,0.1,split_high_low,64,7,reserve_welfare,0.6071115627805471,0.5888817808680409,0.018229781912506238
pilot_v1_r0_r2_mu010,"R0 (theta=0.25, matched mu=0.1)",R0,0.25,0.1,split_high_low,64,7,wealth_gini,0.6915438111106074,0.6846178245799861,0.006925986530621264
pilot_v1_r0_r2_mu010,"R0 (theta=0.25, matched mu=0.1)",R0,0.25,0.1,split_high_low,64,7,perception_error,0.1828601810515873,0.14266387648809525,0.04019630456349205
pilot_v1_r0_r2_mu010,"R0 (theta=0.25, matched mu=0.1)",R0,0.25,0.1,split_high_low,64,8,resource_fraction,0.11198204823897012,0.11222754549645282,-0.00024549725748269913
pilot_v1_r0_r2_mu010,"R0 (theta=0.25, matched mu=0.1)",R0,0.25,0.1,split_high_low,64,8,reserve_welfare,0.5661110934405706,0.5633278885129619,0.002783204927608751
pilot_v1_r0_r2_mu010,"R0 (theta=0.25, matched mu=0.1)",R0,0.25,0.1,split_high_low,64,8,wealth_gini,0.66777403408831,0.685188292867108,-0.017414258778797986
pilot_v1_r0_r2_mu010,"R0 (theta=0.25, matched mu=0.1)",R0,0.25,0.1,split_high_low,64,8,perception_error,0.1808970734126984,0.1826083209325397,-0.001711247519841308
pilot_v1_r0_r2_mu010,"R0 (theta=0.25, matched mu=0.1)",R0,0.25,0.1,split_high_low,64,9,resource_fraction,0.11064710930495124,0.10879954314581027,0.001847566159140973
pilot_v1_r0_r2_mu010,"R0 (theta=0.25, matched mu=0.1)",R0,0.25,0.1,split_high_low,64,9,reserve_welfare,0.7416006309908189,0.7405425455081255,0.0010580854826933717
pilot_v1_r0_r2_mu010,"R0 (theta=0.25, matched mu=0.1)",R0,0.25,0.1,split_high_low,64,9,wealth_gini,0.5150465346983182,0.5172148119636395,-0.0021682772653213167
pilot_v1_r0_r2_mu010,"R0 (theta=0.25, matched mu=0.1)",R0,0.25,0.1,split_high_low,64,9,perception_error,0.17230443948412694,0.14792497519841272,0.02437946428571422
pilot_v1_r0_r2_mu010,"R0 (theta=0.25, matched mu=0.1)",R0,0.25,0.1,uniform_high,32,0,resource_fraction,0.3166353429102295,0.2925659980229557,0.024069344887273803
pilot_v1_r0_r2_mu010,"R0 (theta=0.25, matched mu=0.1)",R0,0.25,0.1,uniform_high,32,0,reserve_welfare,0.9802750431398096,0.9801450755308827,0.0001299676089269175
pilot_v1_r0_r2_mu010,"R0 (theta=0.25, matched mu=0.1)",R0,0.25,0.1,uniform_high,32,0,wealth_gini,0.3528706286234058,0.33365549896039615,0.019215129663009645
pilot_v1_r0_r2_mu010,"R0 (theta=0.25, matched mu=0.1)",R0,0.25,0.1,uniform_high,32,0,perception_error,0.13343245967741935,0.09875403225806449,0.034678427419354854
pilot_v1_r0_r2_mu010,"R0 (theta=0.25, matched mu=0.1)",R0,0.25,0.1,uniform_high,32,1,resource_fraction,0.3186613661472648,0.3184507365790273,0.00021062956823753032
pilot_v1_r0_r2_mu010,"R0 (theta=0.25, matched mu=0.1)",R0,0.25,0.1,uniform_high,32,1,reserve_welfare,0.9673338916142498,0.9672724914208607,6.140019338907177e-05
pilot_v1_r0_r2_mu010,"R0 (theta=0.25, matched mu=0.1)",R0,0.25,0.1,uniform_high,32,1,wealth_gini,0.4138168705999621,0.4140593651881157,-0.0002424945881536189
pilot_v1_r0_r2_mu010,"R0 (theta=0.25, matched mu=0.1)",R0,0.25,0.1,uniform_high,32,1,perception_error,0.04971522177419355,0.054599042338709665,-0.0048838205645161115
pilot_v1_r0_r2_mu010,"R0 (theta=0.25, matched mu=0.1)",R0,0.25,0.1,uniform_high,32,2,resource_fraction,0.24281865417182072,0.24278194801717473,3.670615464598792e-05
pilot_v1_r0_r2_mu010,"R0 (theta=0.25, matched mu=0.1)",R0,0.25,0.1,uniform_high,32,2,reserve_welfare,0.9979999999999998,0.9979999999999998,0.0
pilot_v1_r0_r2_mu010,"R0 (theta=0.25, matched mu=0.1)",R0,0.25,0.1,uniform_high,32,2,wealth_gini,0.2889872311644699,0.2889550777490397,3.2153415430169474e-05
pilot_v1_r0_r2_mu010,"R0 (theta=0.25, matched mu=0.1)",R0,0.25,0.1,uniform_high,32,2,perception_error,0.0010345262096774195,0.0009241431451612902,0.00011038306451612934
pilot_v1_r0_r2_mu010,"R0 (theta=0.25, matched mu=0.1)",R0,0.25,0.1,uniform_high,32,3,resource_fraction,0.22824734206610914,0.2283988109809288,-0.0001514689148196524
pilot_v1_r0_r2_mu010,"R0 (theta=0.25, matched mu=0.1)",R0,0.25,0.1,uniform_high,32,3,reserve_welfare,0.9979999999999998,0.9979999999999998,0.0
pilot_v1_r0_r2_mu010,"R0 (theta=0.25, matched mu=0.1)",R0,0.25,0.1,uniform_high,32,3,wealth_gini,0.2717966115995192,0.2714562796752922,0.00034033192422699976
pilot_v1_r0_r2_mu010,"R0 (theta=0.25, matched mu=0.1)",R0,0.25,0.1,uniform_high,32,3,perception_error,0.06337147177419354,0.06267011088709676,0.000701360887096783
pilot_v1_r0_r2_mu010,"R0 (theta=0.25, matched mu=0.1)",R0,0.25,0.1,uniform_high,32,4,resource_fraction,0.2758174417912471,0.27578082443692903,3.661735431809143e-05
pilot_v1_r0_r2_mu010,"R0 (theta=0.25, matched mu=0.1)",R0,0.25,0.1,uniform_high,32,4,reserve_welfare,0.9668471575445095,0.9668312519640136,1.590558049580082e-05
pilot_v1_r0_r2_mu010,"R0 (theta=0.25, matched mu=0.1)",R0,0.25,0.1,uniform_high,32,4,wealth_gini,0.3077005822752663,0.30772104432182923,-2.0462046562919056e-05
pilot_v1_r0_r2_mu010,"R0 (theta=0.25, matched mu=0.1)",R0,0.25,0.1,uniform_high,32,4,perception_error,0.14422681451612904,0.1325,0.01172681451612903
pilot_v1_r0_r2_mu010,"R0 (theta=0.25, matched mu=0.1)",R0,0.25,0.1,uniform_high,32,5,resource_fraction,0.2841101160081578,0.28422101257771865,-0.0001108965695608699
pilot_v1_r0_r2_mu010,"R0 (theta=0.25, matched mu=0.1)",R0,0.25,0.1,uniform_high,32,5,reserve_welfare,0.9708962947123347,0.9709860660681253,-8.977135579057993e-05
pilot_v1_r0_r2_mu010,"R0 (theta=0.25, matched mu=0.1)",R0,0.25,0.1,uniform_high,32,5,wealth_gini,0.3511946689275336,0.3511492164751233,4.545245241027729e-05
pilot_v1_r0_r2_mu010,"R0 (theta=0.25, matched mu=0.1)",R0,0.25,0.1,uniform_high,32,5,perception_error,0.07657132056451613,0.08120060483870967,-0.00462928427419354
pilot_v1_r0_r2_mu010,"R0 (theta=0.25, matched mu=0.1)",R0,0.25,0.1,uniform_high,32,6,resource_fraction,0.3084658783767256,0.30824341865144084,0.00022245972528478486
pilot_v1_r0_r2_mu010,"R0 (theta=0.25, matched mu=0.1)",R0,0.25,0.1,uniform_high,32,6,reserve_welfare,0.8767560081306113,0.8761554076974787,0.000600600433132592
pilot_v1_r0_r2_mu010,"R0 (theta=0.25, matched mu=0.1)",R0,0.25,0.1,uniform_high,32,6,wealth_gini,0.4000346971789577,0.4003009258903112,-0.0002662287113535111
pilot_v1_r0_r2_mu010,"R0 (theta=0.25, matched mu=0.1)",R0,0.25,0.1,uniform_high,32,6,perception_error,0.075890625,0.07634097782258065,-0.0004503528225806436
pilot_v1_r0_r2_mu010,"R0 (theta=0.25, matched mu=0.1)",R0,0.25,0.1,uniform_high,32,7,resource_fraction,0.272019464942078,0.272019464942078,0.0
pilot_v1_r0_r2_mu010,"R0 (theta=0.25, matched mu=0.1)",R0,0.25,0.1,uniform_high,32,7,reserve_welfare,0.9721915327549742,0.9721915327549742,0.0
pilot_v1_r0_r2_mu010,"R0 (theta=0.25, matched mu=0.1)",R0,0.25,0.1,uniform_high,32,7,wealth_gini,0.31855335509263627,0.31855335509263627,0.0
pilot_v1_r0_r2_mu010,"R0 (theta=0.25, matched mu=0.1)",R0,0.25,0.1,uniform_high,32,7,perception_error,0.0660141129032258,0.060613911290322585,0.005400201612903215
pilot_v1_r0_r2_mu010,"R0 (theta=0.25, matched mu=0.1)",R0,0.25,0.1,uniform_high,32,8,resource_fraction,0.2625445100015839,0.2613904821380073,0.001154027863576601
pilot_v1_r0_r2_mu010,"R0 (theta=0.25, matched mu=0.1)",R0,0.25,0.1,uniform_high,32,8,reserve_welfare,0.8754272158802393,0.8732445044713649,0.0021827114088743826
pilot_v1_r0_r2_mu010,"R0 (theta=0.25, matched mu=0.1)",R0,0.25,0.1,uniform_high,32,8,wealth_gini,0.40108292165132053,0.40275517230027,-0.0016722506489494915
pilot_v1_r0_r2_mu010,"R0 (theta=0.25, matched mu=0.1)",R0,0.25,0.1,uniform_high,32,8,perception_error,0.1165715725806452,0.1274944556451613,-0.010922883064516095
pilot_v1_r0_r2_mu010,"R0 (theta=0.25, matched mu=0.1)",R0,0.25,0.1,uniform_high,32,9,resource_fraction,0.32238612994237265,0.3176806791556228,0.004705450786749832
pilot_v1_r0_r2_mu010,"R0 (theta=0.25, matched mu=0.1)",R0,0.25,0.1,uniform_high,32,9,reserve_welfare,0.9773307211361976,0.979835897582758,-0.002505176446560453
pilot_v1_r0_r2_mu010,"R0 (theta=0.25, matched mu=0.1)",R0,0.25,0.1,uniform_high,32,9,wealth_gini,0.2665454070098088,0.25901801875649366,0.007527388253315115
pilot_v1_r0_r2_mu010,"R0 (theta=0.25, matched mu=0.1)",R0,0.25,0.1,uniform_high,32,9,perception_error,0.13123160282258067,0.1446844758064516,-0.013452872983870934
pilot_v1_r0_r2_mu010,"R0 (theta=0.25, matched mu=0.1)",R0,0.25,0.1,uniform_high,64,0,resource_fraction,0.07287505564118535,0.07292644968872192,-5.139404753656818e-05
pilot_v1_r0_r2_mu010,"R0 (theta=0.25, matched mu=0.1)",R0,0.25,0.1,uniform_high,64,0,reserve_welfare,0.7016793821821179,0.7017741116961431,-9.472951402522689e-05
pilot_v1_r0_r2_mu010,"R0 (theta=0.25, matched mu=0.1)",R0,0.25,0.1,uniform_high,64,0,wealth_gini,0.4268000368445124,0.4311678715600378,-0.004367834715525376
pilot_v1_r0_r2_mu010,"R0 (theta=0.25, matched mu=0.1)",R0,0.25,0.1,uniform_high,64,0,perception_error,0.1532813740079365,0.17832056051587306,-0.025039186507936545
pilot_v1_r0_r2_mu010,"R0 (theta=0.25, matched mu=0.1)",R0,0.25,0.1,uniform_high,64,1,resource_fraction,0.12172611818429718,0.1023365548836219,0.01938956330067529
pilot_v1_r0_r2_mu010,"R0 (theta=0.25, matched mu=0.1)",R0,0.25,0.1,uniform_high,64,1,reserve_welfare,0.7272399845581327,0.6647036748758015,0.06253630968233115
pilot_v1_r0_r2_mu010,"R0 (theta=0.25, matched mu=0.1)",R0,0.25,0.1,uniform_high,64,1,wealth_gini,0.5296234556044424,0.5373620898884373,-0.007738634283994905
pilot_v1_r0_r2_mu010,"R0 (theta=0.25, matched mu=0.1)",R0,0.25,0.1,uniform_high,64,1,perception_error,0.20014663938492067,0.1638941592261904,0.036252480158730255
pilot_v1_r0_r2_mu010,"R0 (theta=0.25, matched mu=0.1)",R0,0.25,0.1,uniform_high,64,2,resource_fraction,0.14997515492790986,0.11200997787161851,0.03796517705629135
pilot_v1_r0_r2_mu010,"R0 (theta=0.25, matched mu=0.1)",R0,0.25,0.1,uniform_high,64,2,reserve_welfare,0.7918589554102151,0.7414895947474028,0.05036936066281228
pilot_v1_r0_r2_mu010,"R0 (theta=0.25, matched mu=0.1)",R0,0.25,0.1,uniform_high,64,2,wealth_gini,0.4600020564123286,0.4551457379118087,0.004856318500519929
pilot_v1_r0_r2_mu010,"R0 (theta=0.25, matched mu=0.1)",R0,0.25,0.1,uniform_high,64,2,perception_error,0.16337245783730156,0.14949076140873016,0.0138816964285714
pilot_v1_r0_r2_mu010,"R0 (theta=0.25, matched mu=0.1)",R0,0.25,0.1,uniform_high,64,3,resource_fraction,0.11352005721763511,0.14846972572508305,-0.034949668507447934
pilot_v1_r0_r2_mu010,"R0 (theta=0.25, matched mu=0.1)",R0,0.25,0.1,uniform_high,64,3,reserve_welfare,0.8228472886761086,0.8464531248821708,-0.02360583620606227
pilot_v1_r0_r2_mu010,"R0 (theta=0.25, matched mu=0.1)",R0,0.25,0.1,uniform_high,64,3,wealth_gini,0.3944662784365387,0.4109121156419433,-0.0164458372054046
pilot_v1_r0_r2_mu010,"R0 (theta=0.25, matched mu=0.1)",R0,0.25,0.1,uniform_high,64,3,perception_error,0.20384883432539685,0.2002109375,0.0036378968253968635
pilot_v1_r0_r2_mu010,"R0 (theta=0.25, matched mu=0.1)",R0,0.25,0.1,uniform_high,64,4,resource_fraction,0.12646228889295036,0.1171479430238637,0.009314345869086665
pilot_v1_r0_r2_mu010,"R0 (theta=0.25, matched mu=0.1)",R0,0.25,0.1,uniform_high,64,4,reserve_welfare,0.7666583902797245,0.7513672736384408,0.015291116641283686
pilot_v1_r0_r2_mu010,"R0 (theta=0.25, matched mu=0.1)",R0,0.25,0.1,uniform_high,64,4,wealth_gini,0.4555498248614527,0.43262570188507055,0.022924122976382133
pilot_v1_r0_r2_mu010,"R0 (theta=0.25, matched mu=0.1)",R0,0.25,0.1,uniform_high,64,4,perception_error,0.15709288194444443,0.16082558283730156,-0.003732700892857127
pilot_v1_r0_r2_mu010,"R0 (theta=0.25, matched mu=0.1)",R0,0.25,0.1,uniform_high,64,5,resource_fraction,0.11336167033830775,0.1129865190797806,0.00037515125852714826
pilot_v1_r0_r2_mu010,"R0 (theta=0.25, matched mu=0.1)",R0,0.25,0.1,uniform_high,64,5,reserve_welfare,0.6746552883535171,0.6780175673563121,-0.0033622790027950655
pilot_v1_r0_r2_mu010,"R0 (theta=0.25, matched mu=0.1)",R0,0.25,0.1,uniform_high,64,5,wealth_gini,0.514044532223453,0.5087797726406018,0.0052647595828512195
pilot_v1_r0_r2_mu010,"R0 (theta=0.25, matched mu=0.1)",R0,0.25,0.1,uniform_high,64,5,perception_error,0.15080772569444442,0.15970045882936512,-0.0088927331349207
pilot_v1_r0_r2_mu010,"R0 (theta=0.25, matched mu=0.1)",R0,0.25,0.1,uniform_high,64,6,resource_fraction,0.08131975594336761,0.10652382078096881,-0.025204064837601195
pilot_v1_r0_r2_mu010,"R0 (theta=0.25, matched mu=0.1)",R0,0.25,0.1,uniform_high,64,6,reserve_welfare,0.6415369865455045,0.7253280269187177,-0.08379104037321317
pilot_v1_r0_r2_mu010,"R0 (theta=0.25, matched mu=0.1)",R0,0.25,0.1,uniform_high,64,6,wealth_gini,0.47624824878183714,0.45717234709867727,0.019075901683159868
pilot_v1_r0_r2_mu010,"R0 (theta=0.25, matched mu=0.1)",R0,0.25,0.1,uniform_high,64,6,perception_error,0.15391617063492063,0.1715175471230158,-0.017601376488095177
pilot_v1_r0_r2_mu010,"R0 (theta=0.25, matched mu=0.1)",R0,0.25,0.1,uniform_high,64,7,resource_fraction,0.11791953047247491,0.14888947369583985,-0.030969943223364937
pilot_v1_r0_r2_mu010,"R0 (theta=0.25, matched mu=0.1)",R0,0.25,0.1,uniform_high,64,7,reserve_welfare,0.7066495151339713,0.803630490820281,-0.0969809756863097
pilot_v1_r0_r2_mu010,"R0 (theta=0.25, matched mu=0.1)",R0,0.25,0.1,uniform_high,64,7,wealth_gini,0.5233135052333453,0.4647733822568163,0.058540122976529
pilot_v1_r0_r2_mu010,"R0 (theta=0.25, matched mu=0.1)",R0,0.25,0.1,uniform_high,64,7,perception_error,0.15492689732142859,0.14096341765873013,0.013963479662698453
pilot_v1_r0_r2_mu010,"R0 (theta=0.25, matched mu=0.1)",R0,0.25,0.1,uniform_high,64,8,resource_fraction,0.07359208144598685,0.12625472538773336,-0.05266264394174651
pilot_v1_r0_r2_mu010,"R0 (theta=0.25, matched mu=0.1)",R0,0.25,0.1,uniform_high,64,8,reserve_welfare,0.5609746679646119,0.8013338269186211,-0.24035915895400917
pilot_v1_r0_r2_mu010,"R0 (theta=0.25, matched mu=0.1)",R0,0.25,0.1,uniform_high,64,8,wealth_gini,0.47098483251773415,0.43275328564920623,0.03823154686852792
pilot_v1_r0_r2_mu010,"R0 (theta=0.25, matched mu=0.1)",R0,0.25,0.1,uniform_high,64,8,perception_error,0.1851268601190476,0.1962661830357143,-0.011139322916666694
pilot_v1_r0_r2_mu010,"R0 (theta=0.25, matched mu=0.1)",R0,0.25,0.1,uniform_high,64,9,resource_fraction,0.08814153003678878,0.09149534624401699,-0.0033538162072282163
pilot_v1_r0_r2_mu010,"R0 (theta=0.25, matched mu=0.1)",R0,0.25,0.1,uniform_high,64,9,reserve_welfare,0.7813932911284623,0.7946782006092866,-0.01328490948082428
pilot_v1_r0_r2_mu010,"R0 (theta=0.25, matched mu=0.1)",R0,0.25,0.1,uniform_high,64,9,wealth_gini,0.38984188178710566,0.38363628862619503,0.006205593160910627
pilot_v1_r0_r2_mu010,"R0 (theta=0.25, matched mu=0.1)",R0,0.25,0.1,uniform_high,64,9,perception_error,0.16784629216269834,0.1331220858134921,0.03472420634920623
pilot_v1_r3_mu010,R3,R3,1.0,0.1,patchy_high,32,0,resource_fraction,0.3133096774768864,0.3133943036811903,-8.462620430393919e-05
pilot_v1_r3_mu010,R3,R3,1.0,0.1,patchy_high,32,0,reserve_welfare,0.976004148053786,0.9760068800058957,-2.7319521097579624e-06
pilot_v1_r3_mu010,R3,R3,1.0,0.1,patchy_high,32,0,wealth_gini,0.31718964585650333,0.3171623012073417,2.7344649161653578e-05
pilot_v1_r3_mu010,R3,R3,1.0,0.1,patchy_high,32,0,perception_error,0.08302620967741935,0.08670942540322579,-0.0036832157258064463
pilot_v1_r3_mu010,R3,R3,1.0,0.1,patchy_high,32,1,resource_fraction,0.334023467262196,0.333837622889586,0.00018584437260998898
pilot_v1_r3_mu010,R3,R3,1.0,0.1,patchy_high,32,1,reserve_welfare,0.9757011959302058,0.9756451594661352,5.6036464070596814e-05
pilot_v1_r3_mu010,R3,R3,1.0,0.1,patchy_high,32,1,wealth_gini,0.39171747996174044,0.39187255235755014,-0.00015507239580969667
pilot_v1_r3_mu010,R3,R3,1.0,0.1,patchy_high,32,1,perception_error,0.0535148689516129,0.052863155241935474,0.0006517137096774261
pilot_v1_r3_mu010,R3,R3,1.0,0.1,patchy_high,32,2,resource_fraction,0.24858550929734285,0.24852259211170394,6.291718563891657e-05
pilot_v1_r3_mu010,R3,R3,1.0,0.1,patchy_high,32,2,reserve_welfare,0.9979999999999998,0.9979999999999998,0.0
pilot_v1_r3_mu010,R3,R3,1.0,0.1,patchy_high,32,2,wealth_gini,0.284596923312028,0.28457906079911366,1.7862512914357254e-05
pilot_v1_r3_mu010,R3,R3,1.0,0.1,patchy_high,32,2,perception_error,0.015045110887096773,0.014986391129032259,5.871975806451442e-05
pilot_v1_r3_mu010,R3,R3,1.0,0.1,patchy_high,32,3,resource_fraction,0.20882315327248097,0.2087844295492282,3.872372325275375e-05
pilot_v1_r3_mu010,R3,R3,1.0,0.1,patchy_high,32,3,reserve_welfare,0.9979999999999998,0.9979999999999998,0.0
pilot_v1_r3_mu010,R3,R3,1.0,0.1,patchy_high,32,3,wealth_gini,0.2597976776070898,0.25972103987998785,7.663772710198025e-05
pilot_v1_r3_mu010,R3,R3,1.0,0.1,patchy_high,32,3,perception_error,0.014676411290322584,0.015227570564516126,-0.0005511592741935419
pilot_v1_r3_mu010,R3,R3,1.0,0.1,patchy_high,32,4,resource_fraction,0.2651786889881041,0.2667655567650777,-0.0015868677769735884
pilot_v1_r3_mu010,R3,R3,1.0,0.1,patchy_high,32,4,reserve_welfare,0.9503554635259847,0.9600373511613087,-0.009681887635324071
pilot_v1_r3_mu010,R3,R3,1.0,0.1,patchy_high,32,4,wealth_gini,0.32241009061905057,0.3176176704564482,0.0047924201626023955
pilot_v1_r3_mu010,R3,R3,1.0,0.1,patchy_high,32,4,perception_error,0.13855897177419357,0.1706842237903226,-0.032125252016129036
pilot_v1_r3_mu010,R3,R3,1.0,0.1,patchy_high,32,5,resource_fraction,0.282097658919658,0.28264466436980695,-0.000547005450148963
pilot_v1_r3_mu010,R3,R3,1.0,0.1,patchy_high,32,5,reserve_welfare,0.9729567443091788,0.9729261722162489,3.057209292989249e-05
pilot_v1_r3_mu010,R3,R3,1.0,0.1,patchy_high,32,5,wealth_gini,0.3434912163574353,0.3431645835774233,0.0003266327800119928
pilot_v1_r3_mu010,R3,R3,1.0,0.1,patchy_high,32,5,perception_error,0.023298387096774193,0.025502016129032256,-0.002203629032258063
pilot_v1_r3_mu010,R3,R3,1.0,0.1,patchy_high,32,6,resource_fraction,0.34846533822920034,0.33145545521513237,0.017009883014067972
pilot_v1_r3_mu010,R3,R3,1.0,0.1,patchy_high,32,6,reserve_welfare,0.9670868490287201,0.9295040183666224,0.037582830662097666
pilot_v1_r3_mu010,R3,R3,1.0,0.1,patchy_high,32,6,wealth_gini,0.36019671840779166,0.37121662198418015,-0.01101990357638849
pilot_v1_r3_mu010,R3,R3,1.0,0.1,patchy_high,32,6,perception_error,0.17010357862903225,0.145390625,0.024712953629032253
pilot_v1_r3_mu010,R3,R3,1.0,0.1,patchy_high,32,7,resource_fraction,0.3450578221055619,0.3402067158844451,0.0048511062211167855
pilot_v1_r3_mu010,R3,R3,1.0,0.1,patchy_high,32,7,reserve_welfare,0.9727231959470067,0.9954298319957929,-0.0227066360487862
pilot_v1_r3_mu010,R3,R3,1.0,0.1,patchy_high,32,7,wealth_gini,0.3307621416605475,0.27946227306147176,0.05129986859907576
pilot_v1_r3_mu010,R3,R3,1.0,0.1,patchy_high,32,7,perception_error,0.13562147177419354,0.15115272177419353,-0.015531249999999996
pilot_v1_r3_mu010,R3,R3,1.0,0.1,patchy_high,32,8,resource_fraction,0.2704425050990485,0.2705982668322552,-0.00015576173320669406
pilot_v1_r3_mu010,R3,R3,1.0,0.1,patchy_high,32,8,reserve_welfare,0.9007625404601585,0.9016369030942009,-0.0008743626340423916
pilot_v1_r3_mu010,R3,R3,1.0,0.1,patchy_high,32,8,wealth_gini,0.38295602334651746,0.3825037960985549,0.00045222724796256664
pilot_v1_r3_mu010,R3,R3,1.0,0.1,patchy_high,32,8,perception_error,0.13805166330645155,0.13311517137096773,0.004936491935483817
pilot_v1_r3_mu010,R3,R3,1.0,0.1,patchy_high,32,9,resource_fraction,0.3375481948626108,0.3353849472675503,0.00216324759506048
pilot_v1_r3_mu010,R3,R3,1.0,0.1,patchy_high,32,9,reserve_welfare,0.9788084216227623,0.9780823758797805,0.0007260457429817402
pilot_v1_r3_mu010,R3,R3,1.0,0.1,patchy_high,32,9,wealth_gini,0.27500713315561587,0.272696540339767,0.0023105928158488886
pilot_v1_r3_mu010,R3,R3,1.0,0.1,patchy_high,32,9,perception_error,0.14985761088709676,0.15203074596774194,-0.0021731350806451777
pilot_v1_r3_mu010,R3,R3,1.0,0.1,patchy_high,64,0,resource_fraction,0.08418381178488166,0.09058093326416156,-0.006397121479279899
pilot_v1_r3_mu010,R3,R3,1.0,0.1,patchy_high,64,0,reserve_welfare,0.7892413266599008,0.8154882615862137,-0.026246934926312915
pilot_v1_r3_mu010,R3,R3,1.0,0.1,patchy_high,64,0,wealth_gini,0.37359185518634597,0.37143758627047707,0.0021542689158688955
pilot_v1_r3_mu010,R3,R3,1.0,0.1,patchy_high,64,0,perception_error,0.18546310763888887,0.18656212797619048,-0.0010990203373016094
pilot_v1_r3_mu010,R3,R3,1.0,0.1,patchy_high,64,1,resource_fraction,0.14850178443643575,0.1072887228246974,0.04121306161173835
pilot_v1_r3_mu010,R3,R3,1.0,0.1,patchy_high,64,1,reserve_welfare,0.858911858354807,0.6809532002599288,0.1779586580948782
pilot_v1_r3_mu010,R3,R3,1.0,0.1,patchy_high,64,1,wealth_gini,0.42226421329696584,0.5015499867065878,-0.07928577340962195
pilot_v1_r3_mu010,R3,R3,1.0,0.1,patchy_high,64,1,perception_error,0.16593824404761906,0.12463120039682539,0.04130704365079367
pilot_v1_r3_mu010,R3,R3,1.0,0.1,patchy_high,64,2,resource_fraction,0.11004217842970991,0.11040752335880363,-0.0003653449290937222
pilot_v1_r3_mu010,R3,R3,1.0,0.1,patchy_high,64,2,reserve_welfare,0.7784476035467153,0.7613105254731135,0.017137078073601764
pilot_v1_r3_mu010,R3,R3,1.0,0.1,patchy_high,64,2,wealth_gini,0.41199888929682915,0.4202260043285748,-0.008227115031745669
pilot_v1_r3_mu010,R3,R3,1.0,0.1,patchy_high,64,2,perception_error,0.1442834201388889,0.14514620535714287,-0.0008627852182539753
pilot_v1_r3_mu010,R3,R3,1.0,0.1,patchy_high,64,3,resource_fraction,0.09909877945701778,0.08155061985018244,0.01754815960683534
pilot_v1_r3_mu010,R3,R3,1.0,0.1,patchy_high,64,3,reserve_welfare,0.7492378052543416,0.7119393251528834,0.0372984801014582
pilot_v1_r3_mu010,R3,R3,1.0,0.1,patchy_high,64,3,wealth_gini,0.4567987478348472,0.42219036665708765,0.03460838117775955
pilot_v1_r3_mu010,R3,R3,1.0,0.1,patchy_high,64,3,perception_error,0.1826928943452381,0.17002821180555555,0.012664682539682559
pilot_v1_r3_mu010,R3,R3,1.0,0.1,patchy_high,64,4,resource_fraction,0.20260887572840766,0.1841677699757176,0.018441105752690062
pilot_v1_r3_mu010,R3,R3,1.0,0.1,patchy_high,64,4,reserve_welfare,0.9177964640602223,0.913074647861469,0.004721816198753337
pilot_v1_r3_mu010,R3,R3,1.0,0.1,patchy_high,64,4,wealth_gini,0.4099231762812481,0.4221889396801568,-0.012265763398908724
pilot_v1_r3_mu010,R3,R3,1.0,0.1,patchy_high,64,4,perception_error,0.18998443700396825,0.20521409970238097,-0.015229662698412721
pilot_v1_r3_mu010,R3,R3,1.0,0.1,patchy_high,64,5,resource_fraction,0.10127570473785635,0.10947175637152132,-0.008196051633664964
pilot_v1_r3_mu010,R3,R3,1.0,0.1,patchy_high,64,5,reserve_welfare,0.6926401636750407,0.7077343384872019,-0.015094174812161243
pilot_v1_r3_mu010,R3,R3,1.0,0.1,patchy_high,64,5,wealth_gini,0.48655010835885704,0.48893082916668607,-0.0023807208078290287
pilot_v1_r3_mu010,R3,R3,1.0,0.1,patchy_high,64,5,perception_error,0.16638454861111104,0.14739105902777777,0.018993489583333273
pilot_v1_r3_mu010,R3,R3,1.0,0.1,patchy_high,64,6,resource_fraction,0.09333539760261864,0.08771796647502339,0.005617431127595246
pilot_v1_r3_mu010,R3,R3,1.0,0.1,patchy_high,64,6,reserve_welfare,0.6534860802145702,0.6782541836071185,-0.024768103392548313
pilot_v1_r3_mu010,R3,R3,1.0,0.1,patchy_high,64,6,wealth_gini,0.48384319394456354,0.45847503812711254,0.025368155817451
pilot_v1_r3_mu010,R3,R3,1.0,0.1,patchy_high,64,6,perception_error,0.20074479166666667,0.17090848214285714,0.02983630952380953
pilot_v1_r3_mu010,R3,R3,1.0,0.1,patchy_high,64,7,resource_fraction,0.12090164640425066,0.1216096269316821,-0.0007079805274314427
pilot_v1_r3_mu010,R3,R3,1.0,0.1,patchy_high,64,7,reserve_welfare,0.7156703050504104,0.7169663598280694,-0.0012960547776590392
pilot_v1_r3_mu010,R3,R3,1.0,0.1,patchy_high,64,7,wealth_gini,0.5291021934692066,0.5277095391314313,0.0013926543377753564
pilot_v1_r3_mu010,R3,R3,1.0,0.1,patchy_high,64,7,perception_error,0.14893923611111115,0.1663104538690476,-0.017371217757936458
pilot_v1_r3_mu010,R3,R3,1.0,0.1,patchy_high,64,8,resource_fraction,0.14510536232280874,0.13180349827885163,0.013301864043957112
pilot_v1_r3_mu010,R3,R3,1.0,0.1,patchy_high,64,8,reserve_welfare,0.7678251030955453,0.7629639578558742,0.004861145239671072
pilot_v1_r3_mu010,R3,R3,1.0,0.1,patchy_high,64,8,wealth_gini,0.48325527501552634,0.4957994293828589,-0.012544154367332583
pilot_v1_r3_mu010,R3,R3,1.0,0.1,patchy_high,64,8,perception_error,0.19927256944444446,0.18726109871031746,0.012011470734127005
pilot_v1_r3_mu010,R3,R3,1.0,0.1,patchy_high,64,9,resource_fraction,0.07945144207621135,0.07948625792081342,-3.481584460206244e-05
pilot_v1_r3_mu010,R3,R3,1.0,0.1,patchy_high,64,9,reserve_welfare,0.7514255804837373,0.738920413615041,0.012505166868696294
pilot_v1_r3_mu010,R3,R3,1.0,0.1,patchy_high,64,9,wealth_gini,0.3987665103727054,0.40499798112956253,-0.006231470756857149
pilot_v1_r3_mu010,R3,R3,1.0,0.1,patchy_high,64,9,perception_error,0.14278763640873016,0.14445467509920634,-0.0016670386904761858
pilot_v1_r3_mu010,R3,R3,1.0,0.1,split_high_low,32,0,resource_fraction,0.38077679767364747,0.38074930535836443,2.7492315283039748e-05
pilot_v1_r3_mu010,R3,R3,1.0,0.1,split_high_low,32,0,reserve_welfare,0.8090736476614956,0.8090336349944992,4.001266699638073e-05
pilot_v1_r3_mu010,R3,R3,1.0,0.1,split_high_low,32,0,wealth_gini,0.5021531001532971,0.5021719437979837,-1.8843644686628025e-05
pilot_v1_r3_mu010,R3,R3,1.0,0.1,split_high_low,32,0,perception_error,0.13199672379032257,0.1358913810483871,-0.0038946572580645378
pilot_v1_r3_mu010,R3,R3,1.0,0.1,split_high_low,32,1,resource_fraction,0.36651728690428637,0.366669010475529,-0.00015172357124265679
pilot_v1_r3_mu010,R3,R3,1.0,0.1,split_high_low,32,1,reserve_welfare,0.8220963897088696,0.822292955763322,-0.00019656605445239617
pilot_v1_r3_mu010,R3,R3,1.0,0.1,split_high_low,32,1,wealth_gini,0.5511717468799628,0.550984474349592,0.00018727253037087443
pilot_v1_r3_mu010,R3,R3,1.0,0.1,split_high_low,32,1,perception_error,0.13961920362903227,0.14054107862903226,-0.0009218749999999887
pilot_v1_r3_mu010,R3,R3,1.0,0.1,split_high_low,32,2,resource_fraction,0.27960802256619866,0.27974488589057556,-0.0001368633243769013
pilot_v1_r3_mu010,R3,R3,1.0,0.1,split_high_low,32,2,reserve_welfare,0.8329174428251642,0.8330206341060388,-0.00010319128087454832
pilot_v1_r3_mu010,R3,R3,1.0,0.1,split_high_low,32,2,wealth_gini,0.4828163009941857,0.4827180124341717,9.828856001403707e-05
pilot_v1_r3_mu010,R3,R3,1.0,0.1,split_high_low,32,2,perception_error,0.12561895161290326,0.12179838709677421,0.0038205645161290547
pilot_v1_r3_mu010,R3,R3,1.0,0.1,split_high_low,32,3,resource_fraction,0.3278690565263549,0.34899720460818273,-0.021128148081827836
pilot_v1_r3_mu010,R3,R3,1.0,0.1,split_high_low,32,3,reserve_welfare,0.8269904451926177,0.8251479354642804,0.001842509728337216
pilot_v1_r3_mu010,R3,R3,1.0,0.1,split_high_low,32,3,wealth_gini,0.496612236219526,0.5384521906730584,-0.04183995445353239
pilot_v1_r3_mu010,R3,R3,1.0,0.1,split_high_low,32,3,perception_error,0.16000176411290323,0.16734223790322583,-0.007340473790322599
pilot_v1_r3_mu010,R3,R3,1.0,0.1,split_high_low,32,4,resource_fraction,0.2965062688126416,0.24488946939041992,0.051616799422221665
pilot_v1_r3_mu010,R3,R3,1.0,0.1,split_high_low,32,4,reserve_welfare,0.9668504913695048,0.9125404145198822,0.054310076849622635
pilot_v1_r3_mu010,R3,R3,1.0,0.1,split_high_low,32,4,wealth_gini,0.4190380687515931,0.4558221538435572,-0.03678408509196407
pilot_v1_r3_mu010,R3,R3,1.0,0.1,split_high_low,32,4,perception_error,0.15575907258064514,0.14321950604838707,0.012539566532258073
pilot_v1_r3_mu010,R3,R3,1.0,0.1,split_high_low,32,5,resource_fraction,0.309917010329488,0.30985435605354317,6.265427594481787e-05
pilot_v1_r3_mu010,R3,R3,1.0,0.1,split_high_low,32,5,reserve_welfare,0.932112038019933,0.9321041348688468,7.903151086230409e-06
pilot_v1_r3_mu010,R3,R3,1.0,0.1,split_high_low,32,5,wealth_gini,0.4396888480799288,0.4394031221012893,0.0002857259786395172
pilot_v1_r3_mu010,R3,R3,1.0,0.1,split_high_low,32,5,perception_error,0.15065776209677417,0.14924395161290324,0.0014138104838709309
pilot_v1_r3_mu010,R3,R3,1.0,0.1,split_high_low,32,6,resource_fraction,0.2729424207407671,0.3162766333243175,-0.04333421258355041
pilot_v1_r3_mu010,R3,R3,1.0,0.1,split_high_low,32,6,reserve_welfare,0.9667445160338226,0.9473857320071571,0.019358784026665465
pilot_v1_r3_mu010,R3,R3,1.0,0.1,split_high_low,32,6,wealth_gini,0.39044828374663787,0.41111227283759777,-0.0206639890909599
pilot_v1_r3_mu010,R3,R3,1.0,0.1,split_high_low,32,6,perception_error,0.13548109879032255,0.17807081653225812,-0.04258971774193557
pilot_v1_r3_mu010,R3,R3,1.0,0.1,split_high_low,32,7,resource_fraction,0.3252970201477142,0.32776282854605304,-0.00246580839833882
pilot_v1_r3_mu010,R3,R3,1.0,0.1,split_high_low,32,7,reserve_welfare,0.8235293795376744,0.8174860459988459,0.006043333538828466
pilot_v1_r3_mu010,R3,R3,1.0,0.1,split_high_low,32,7,wealth_gini,0.5112053787437976,0.5045741233201941,0.006631255423603433
pilot_v1_r3_mu010,R3,R3,1.0,0.1,split_high_low,32,7,perception_error,0.15853049395161292,0.15163306451612904,0.006897429435483882
pilot_v1_r3_mu010,R3,R3,1.0,0.1,split_high_low,32,8,resource_fraction,0.3517911077763705,0.33221985729998216,0.019571250476388358
pilot_v1_r3_mu010,R3,R3,1.0,0.1,split_high_low,32,8,reserve_welfare,0.7889784126011382,0.7734895629559349,0.015488849645203362
pilot_v1_r3_mu010,R3,R3,1.0,0.1,split_high_low,32,8,wealth_gini,0.5090077043492731,0.504391633776742,0.004616070572531106
pilot_v1_r3_mu010,R3,R3,1.0,0.1,split_high_low,32,8,perception_error,0.17448891129032257,0.1653273689516129,0.009161542338709666
pilot_v1_r3_mu010,R3,R3,1.0,0.1,split_high_low,32,9,resource_fraction,0.2843104827013945,0.26919373677951136,0.015116745921883112
pilot_v1_r3_mu010,R3,R3,1.0,0.1,split_high_low,32,9,reserve_welfare,0.8898933630580745,0.8871602225981442,0.002733140459930339
pilot_v1_r3_mu010,R3,R3,1.0,0.1,split_high_low,32,9,wealth_gini,0.38773202958430053,0.3934925453414535,-0.005760515757152973
pilot_v1_r3_mu010,R3,R3,1.0,0.1,split_high_low,32,9,perception_error,0.15686466733870966,0.13916507056451616,0.0176995967741935
pilot_v1_r3_mu010,R3,R3,1.0,0.1,split_high_low,64,0,resource_fraction,0.09637260321848926,0.1068650962807476,-0.010492493062258343
pilot_v1_r3_mu010,R3,R3,1.0,0.1,split_high_low,64,0,reserve_welfare,0.6700475640593825,0.6791051548657678,-0.009057590806385352
pilot_v1_r3_mu010,R3,R3,1.0,0.1,split_high_low,64,0,wealth_gini,0.5883420616381283,0.5795528502487939,0.008789211389334417
pilot_v1_r3_mu010,R3,R3,1.0,0.1,split_high_low,64,0,perception_error,0.16355493551587297,0.1787551463293651,-0.015200210813492127
pilot_v1_r3_mu010,R3,R3,1.0,0.1,split_high_low,64,1,resource_fraction,0.17297287627461463,0.1454344596179786,0.027538416656636033
pilot_v1_r3_mu010,R3,R3,1.0,0.1,split_high_low,64,1,reserve_welfare,0.6819334762635624,0.6369898653895611,0.04494361087400123
pilot_v1_r3_mu010,R3,R3,1.0,0.1,split_high_low,64,1,wealth_gini,0.65502685709164,0.6680903311534567,-0.013063474061816738
pilot_v1_r3_mu010,R3,R3,1.0,0.1,split_high_low,64,1,perception_error,0.17847023809523807,0.19077560763888884,-0.012305369543650774
pilot_v1_r3_mu010,R3,R3,1.0,0.1,split_high_low,64,2,resource_fraction,0.12142759177719549,0.12482407778827441,-0.0033964860110789197
pilot_v1_r3_mu010,R3,R3,1.0,0.1,split_high_low,64,2,reserve_welfare,0.6361993250247717,0.6343776423660383,0.0018216826587333923
pilot_v1_r3_mu010,R3,R3,1.0,0.1,split_high_low,64,2,wealth_gini,0.6119927653993216,0.6508198597503159,-0.038827094350994296
pilot_v1_r3_mu010,R3,R3,1.0,0.1,split_high_low,64,2,perception_error,0.14548573908730156,0.1820185391865079,-0.03653280009920634
pilot_v1_r3_mu010,R3,R3,1.0,0.1,split_high_low,64,3,resource_fraction,0.12059439635601166,0.11358475267174552,0.00700964368426614
pilot_v1_r3_mu010,R3,R3,1.0,0.1,split_high_low,64,3,reserve_welfare,0.6824017691568784,0.6687562663978857,0.013645502758992789
pilot_v1_r3_mu010,R3,R3,1.0,0.1,split_high_low,64,3,wealth_gini,0.5892192152268949,0.6041902416826799,-0.014971026455784964
pilot_v1_r3_mu010,R3,R3,1.0,0.1,split_high_low,64,3,perception_error,0.18810379464285715,0.21188671875000006,-0.023782924107142916
pilot_v1_r3_mu010,R3,R3,1.0,0.1,split_high_low,64,4,resource_fraction,0.12298697697582059,0.10261496617889364,0.02037201079692695
pilot_v1_r3_mu010,R3,R3,1.0,0.1,split_high_low,64,4,reserve_welfare,0.7653942819536752,0.6939450669684222,0.07144921498525303
pilot_v1_r3_mu010,R3,R3,1.0,0.1,split_high_low,64,4,wealth_gini,0.511764254209965,0.5625152227339814,-0.05075096852401639
pilot_v1_r3_mu010,R3,R3,1.0,0.1,split_high_low,64,4,perception_error,0.2097105654761905,0.20281553819444448,0.006895027281746013
pilot_v1_r3_mu010,R3,R3,1.0,0.1,split_high_low,64,5,resource_fraction,0.15047658163461017,0.15179202510485276,-0.0013154434702425943
pilot_v1_r3_mu010,R3,R3,1.0,0.1,split_high_low,64,5,reserve_welfare,0.656641321016016,0.6611441674074152,-0.004502846391399196
pilot_v1_r3_mu010,R3,R3,1.0,0.1,split_high_low,64,5,wealth_gini,0.6215601445000909,0.6203009965053152,0.0012591479947756667
pilot_v1_r3_mu010,R3,R3,1.0,0.1,split_high_low,64,5,perception_error,0.13516790674603177,0.15787220982142855,-0.02270430307539678
pilot_v1_r3_mu010,R3,R3,1.0,0.1,split_high_low,64,6,resource_fraction,0.08260954361963374,0.08211738937174706,0.000492154247886678
pilot_v1_r3_mu010,R3,R3,1.0,0.1,split_high_low,64,6,reserve_welfare,0.5549131293734306,0.5609221768324373,-0.006009047459006656
pilot_v1_r3_mu010,R3,R3,1.0,0.1,split_high_low,64,6,wealth_gini,0.6404448500920468,0.6381189216881533,0.0023259284038934513
pilot_v1_r3_mu010,R3,R3,1.0,0.1,split_high_low,64,6,perception_error,0.18299832589285714,0.18287909226190477,0.00011923363095237005
pilot_v1_r3_mu010,R3,R3,1.0,0.1,split_high_low,64,7,resource_fraction,0.1783524635144061,0.17787613297674926,0.00047633053765683275
pilot_v1_r3_mu010,R3,R3,1.0,0.1,split_high_low,64,7,reserve_welfare,0.5860786372257184,0.5849559722880595,0.0011226649376588904
pilot_v1_r3_mu010,R3,R3,1.0,0.1,split_high_low,64,7,wealth_gini,0.6855615790842033,0.6862903894133421,-0.0007288103291387404
pilot_v1_r3_mu010,R3,R3,1.0,0.1,split_high_low,64,7,perception_error,0.16888392857142856,0.14455915178571427,0.02432477678571429
pilot_v1_r3_mu010,R3,R3,1.0,0.1,split_high_low,64,8,resource_fraction,0.11314070966949805,0.11698343964777429,-0.003842729978276241
pilot_v1_r3_mu010,R3,R3,1.0,0.1,split_high_low,64,8,reserve_welfare,0.585240744349325,0.5901048314210593,-0.004864087071734247
pilot_v1_r3_mu010,R3,R3,1.0,0.1,split_high_low,64,8,wealth_gini,0.6649130767088693,0.6621579164280531,0.002755160280816238
pilot_v1_r3_mu010,R3,R3,1.0,0.1,split_high_low,64,8,perception_error,0.19382775297619045,0.21787034970238092,-0.02404259672619047
pilot_v1_r3_mu010,R3,R3,1.0,0.1,split_high_low,64,9,resource_fraction,0.11127814716386496,0.1031153343989314,0.008162812764933552
pilot_v1_r3_mu010,R3,R3,1.0,0.1,split_high_low,64,9,reserve_welfare,0.7027147124036411,0.7018556102065433,0.0008591021970978385
pilot_v1_r3_mu010,R3,R3,1.0,0.1,split_high_low,64,9,wealth_gini,0.557851935316368,0.5522656711513223,0.005586264165045707
pilot_v1_r3_mu010,R3,R3,1.0,0.1,split_high_low,64,9,perception_error,0.1556159474206349,0.14061514136904768,0.015000806051587212
pilot_v1_r3_mu010,R3,R3,1.0,0.1,uniform_high,32,0,resource_fraction,0.30686579639042183,0.3069276878880902,-6.189149766838709e-05
pilot_v1_r3_mu010,R3,R3,1.0,0.1,uniform_high,32,0,reserve_welfare,0.9802519341610516,0.9802358335495742,1.6100611477387616e-05
pilot_v1_r3_mu010,R3,R3,1.0,0.1,uniform_high,32,0,wealth_gini,0.3308281980245067,0.33116779099412175,-0.0003395929696150546
pilot_v1_r3_mu010,R3,R3,1.0,0.1,uniform_high,32,0,perception_error,0.10920186491935485,0.10900252016129029,0.00019934475806455965
pilot_v1_r3_mu010,R3,R3,1.0,0.1,uniform_high,32,1,resource_fraction,0.31966166867021617,0.31978282028577826,-0.00012115161556208731
pilot_v1_r3_mu010,R3,R3,1.0,0.1,uniform_high,32,1,reserve_welfare,0.9725568365219774,0.9726138344774359,-5.6997955458437666e-05
pilot_v1_r3_mu010,R3,R3,1.0,0.1,uniform_high,32,1,wealth_gini,0.4124573376671312,0.4124384890126582,1.8848654472991555e-05
pilot_v1_r3_mu010,R3,R3,1.0,0.1,uniform_high,32,1,perception_error,0.05371270161290321,0.052799395161290306,0.0009133064516129025
pilot_v1_r3_mu010,R3,R3,1.0,0.1,uniform_high,32,2,resource_fraction,0.24278194801717473,0.24278194801717473,0.0
pilot_v1_r3_mu010,R3,R3,1.0,0.1,uniform_high,32,2,reserve_welfare,0.9979999999999998,0.9979999999999998,0.0
pilot_v1_r3_mu010,R3,R3,1.0,0.1,uniform_high,32,2,wealth_gini,0.2889550777490397,0.2889550777490397,0.0
pilot_v1_r3_mu010,R3,R3,1.0,0.1,uniform_high,32,2,perception_error,0.0007227822580645161,0.0009241431451612902,-0.00020136088709677411
pilot_v1_r3_mu010,R3,R3,1.0,0.1,uniform_high,32,3,resource_fraction,0.2263826453456552,0.22829254838188634,-0.0019099030362311475
pilot_v1_r3_mu010,R3,R3,1.0,0.1,uniform_high,32,3,reserve_welfare,0.9979999999999998,0.9979999999999998,0.0
pilot_v1_r3_mu010,R3,R3,1.0,0.1,uniform_high,32,3,wealth_gini,0.2657481981321015,0.271339871287124,-0.005591673155022514
pilot_v1_r3_mu010,R3,R3,1.0,0.1,uniform_high,32,3,perception_error,0.0555907258064516,0.06261391129032255,-0.0070231854838709515
pilot_v1_r3_mu010,R3,R3,1.0,0.1,uniform_high,32,4,resource_fraction,0.2821737392323513,0.27493849775194706,0.00723524148040422
pilot_v1_r3_mu010,R3,R3,1.0,0.1,uniform_high,32,4,reserve_welfare,0.9510865400868115,0.9371840482376286,0.013902491849182907
pilot_v1_r3_mu010,R3,R3,1.0,0.1,uniform_high,32,4,wealth_gini,0.3411538335743738,0.3472538800617886,-0.006100046487414801
pilot_v1_r3_mu010,R3,R3,1.0,0.1,uniform_high,32,4,perception_error,0.1412265625,0.14628150201612902,-0.005054939516129009
pilot_v1_r3_mu010,R3,R3,1.0,0.1,uniform_high,32,5,resource_fraction,0.28419062272268675,0.28422101257771865,-3.0389855031898172e-05
pilot_v1_r3_mu010,R3,R3,1.0,0.1,uniform_high,32,5,reserve_welfare,0.9709849042132191,0.9709860660681253,-1.1618549061731542e-06
pilot_v1_r3_mu010,R3,R3,1.0,0.1,uniform_high,32,5,wealth_gini,0.3511882732620004,0.3511492164751233,3.905678687710079e-05
pilot_v1_r3_mu010,R3,R3,1.0,0.1,uniform_high,32,5,perception_error,0.08592615927419353,0.08120060483870967,0.004725554435483864
pilot_v1_r3_mu010,R3,R3,1.0,0.1,uniform_high,32,6,resource_fraction,0.3357992818847554,0.3184364827241236,0.01736279916063177
pilot_v1_r3_mu010,R3,R3,1.0,0.1,uniform_high,32,6,reserve_welfare,0.9448664749740442,0.9272343987448947,0.01763207622914953
pilot_v1_r3_mu010,R3,R3,1.0,0.1,uniform_high,32,6,wealth_gini,0.4265336852897461,0.3928964243809214,0.033637260908824684
pilot_v1_r3_mu010,R3,R3,1.0,0.1,uniform_high,32,6,perception_error,0.15921270161290324,0.14091834677419354,0.018294354838709698
pilot_v1_r3_mu010,R3,R3,1.0,0.1,uniform_high,32,7,resource_fraction,0.2705331539146034,0.2705331539146034,0.0
pilot_v1_r3_mu010,R3,R3,1.0,0.1,uniform_high,32,7,reserve_welfare,0.9534062085760813,0.9534062085760813,0.0
pilot_v1_r3_mu010,R3,R3,1.0,0.1,uniform_high,32,7,wealth_gini,0.3230968842421642,0.3230968842421642,0.0
pilot_v1_r3_mu010,R3,R3,1.0,0.1,uniform_high,32,7,perception_error,0.008008316532258064,0.008282762096774194,-0.0002744455645161299
pilot_v1_r3_mu010,R3,R3,1.0,0.1,uniform_high,32,8,resource_fraction,0.2697360767827388,0.26989925543158994,-0.00016317864885112554
pilot_v1_r3_mu010,R3,R3,1.0,0.1,uniform_high,32,8,reserve_welfare,0.8979014252843742,0.8950385213422255,0.00286290394214872
pilot_v1_r3_mu010,R3,R3,1.0,0.1,uniform_high,32,8,wealth_gini,0.3787129806469236,0.3796092074697033,-0.0008962268227796777
pilot_v1_r3_mu010,R3,R3,1.0,0.1,uniform_high,32,8,perception_error,0.1266801915322581,0.11420614919354835,0.012474042338709745
pilot_v1_r3_mu010,R3,R3,1.0,0.1,uniform_high,32,9,resource_fraction,0.31869060673107963,0.3167248930937653,0.001965713637314348
pilot_v1_r3_mu010,R3,R3,1.0,0.1,uniform_high,32,9,reserve_welfare,0.9774037780312443,0.9789150046424644,-0.0015112266112200512
pilot_v1_r3_mu010,R3,R3,1.0,0.1,uniform_high,32,9,wealth_gini,0.2565827157361311,0.26119029892462864,-0.004607583188497522
pilot_v1_r3_mu010,R3,R3,1.0,0.1,uniform_high,32,9,perception_error,0.14464339717741936,0.1381000504032258,0.006543346774193576
pilot_v1_r3_mu010,R3,R3,1.0,0.1,uniform_high,64,0,resource_fraction,0.09175313240558564,0.09229329382751028,-0.0005401614219246453
pilot_v1_r3_mu010,R3,R3,1.0,0.1,uniform_high,64,0,reserve_welfare,0.7881324527314685,0.7878095716685771,0.0003228810628913559
pilot_v1_r3_mu010,R3,R3,1.0,0.1,uniform_high,64,0,wealth_gini,0.382741145000145,0.42071438129938143,-0.037973236299236435
pilot_v1_r3_mu010,R3,R3,1.0,0.1,uniform_high,64,0,perception_error,0.1690225694444444,0.15043384176587302,0.018588727678571393
pilot_v1_r3_mu010,R3,R3,1.0,0.1,uniform_high,64,1,resource_fraction,0.1512383404766225,0.1266463492656148,0.02459199121100769
pilot_v1_r3_mu010,R3,R3,1.0,0.1,uniform_high,64,1,reserve_welfare,0.7557220436709801,0.7594788006809492,-0.003756757009969136
pilot_v1_r3_mu010,R3,R3,1.0,0.1,uniform_high,64,1,wealth_gini,0.5118268011043543,0.5027205765051885,0.009106224599165769
pilot_v1_r3_mu010,R3,R3,1.0,0.1,uniform_high,64,1,perception_error,0.16445058283730157,0.210481212797619,-0.046030629960317426
pilot_v1_r3_mu010,R3,R3,1.0,0.1,uniform_high,64,2,resource_fraction,0.1106436537744545,0.1101668081592434,0.0004768456152110939
pilot_v1_r3_mu010,R3,R3,1.0,0.1,uniform_high,64,2,reserve_welfare,0.7635722080622802,0.7683143518647553,-0.004742143802475063
pilot_v1_r3_mu010,R3,R3,1.0,0.1,uniform_high,64,2,wealth_gini,0.417515282155118,0.41886834021055597,-0.00135305805543795
pilot_v1_r3_mu010,R3,R3,1.0,0.1,uniform_high,64,2,perception_error,0.1541134672619047,0.15394711061507937,0.00016635664682532192
pilot_v1_r3_mu010,R3,R3,1.0,0.1,uniform_high,64,3,resource_fraction,0.09961594010920978,0.08089993932243777,0.018716000786772005
pilot_v1_r3_mu010,R3,R3,1.0,0.1,uniform_high,64,3,reserve_welfare,0.772262270726438,0.7267765123746246,0.045485758351813455
pilot_v1_r3_mu010,R3,R3,1.0,0.1,uniform_high,64,3,wealth_gini,0.40965644737421014,0.402583552678621,0.007072894695589138
pilot_v1_r3_mu010,R3,R3,1.0,0.1,uniform_high,64,3,perception_error,0.1640722346230159,0.1732859002976191,-0.009213665674603189
pilot_v1_r3_mu010,R3,R3,1.0,0.1,uniform_high,64,4,resource_fraction,0.13236374215734428,0.14317166163534245,-0.010807919477998168
pilot_v1_r3_mu010,R3,R3,1.0,0.1,uniform_high,64,4,reserve_welfare,0.7628008543090187,0.8024128658924676,-0.03961201158344896
pilot_v1_r3_mu010,R3,R3,1.0,0.1,uniform_high,64,4,wealth_gini,0.47666129045997296,0.47517369466294235,0.0014875957970306164
pilot_v1_r3_mu010,R3,R3,1.0,0.1,uniform_high,64,4,perception_error,0.1777402033730159,0.13541170634920632,0.042328497023809586
pilot_v1_r3_mu010,R3,R3,1.0,0.1,uniform_high,64,5,resource_fraction,0.11271993538119435,0.11951130935644326,-0.006791373975248913
pilot_v1_r3_mu010,R3,R3,1.0,0.1,uniform_high,64,5,reserve_welfare,0.6835853360684673,0.6875105144644399,-0.003925178395972617
pilot_v1_r3_mu010,R3,R3,1.0,0.1,uniform_high,64,5,wealth_gini,0.5062195641707925,0.5147365894217948,-0.008517025251002286
pilot_v1_r3_mu010,R3,R3,1.0,0.1,uniform_high,64,5,perception_error,0.16960447668650794,0.17456218998015868,-0.004957713293650745
pilot_v1_r3_mu010,R3,R3,1.0,0.1,uniform_high,64,6,resource_fraction,0.10821873059152474,0.10185358638640256,0.006365144205122186
pilot_v1_r3_mu010,R3,R3,1.0,0.1,uniform_high,64,6,reserve_welfare,0.6987278846320346,0.7064060081641799,-0.0076781235321452534
pilot_v1_r3_mu010,R3,R3,1.0,0.1,uniform_high,64,6,wealth_gini,0.46334665510028405,0.4692347127384371,-0.0058880576381530325
pilot_v1_r3_mu010,R3,R3,1.0,0.1,uniform_high,64,6,perception_error,0.19390407986111113,0.17875055803571432,0.01515352182539681
pilot_v1_r3_mu010,R3,R3,1.0,0.1,uniform_high,64,7,resource_fraction,0.15367107198617413,0.12060962011585638,0.033061451870317754
pilot_v1_r3_mu010,R3,R3,1.0,0.1,uniform_high,64,7,reserve_welfare,0.8288942770195463,0.724486004894936,0.10440827212461035
pilot_v1_r3_mu010,R3,R3,1.0,0.1,uniform_high,64,7,wealth_gini,0.4487652572787617,0.5188441249398184,-0.07007886766105664
pilot_v1_r3_mu010,R3,R3,1.0,0.1,uniform_high,64,7,perception_error,0.16568340773809523,0.16347991071428578,0.002203497023809453
pilot_v1_r3_mu010,R3,R3,1.0,0.1,uniform_high,64,8,resource_fraction,0.137326607979023,0.07733888794194567,0.05998772003707732
pilot_v1_r3_mu010,R3,R3,1.0,0.1,uniform_high,64,8,reserve_welfare,0.761941100778014,0.5915590743127487,0.17038202646526535
pilot_v1_r3_mu010,R3,R3,1.0,0.1,uniform_high,64,8,wealth_gini,0.47318258228794674,0.48094542592223255,-0.00776284363428581
pilot_v1_r3_mu010,R3,R3,1.0,0.1,uniform_high,64,8,perception_error,0.19965376984126984,0.18805840773809523,0.011595362103174606
pilot_v1_r3_mu010,R3,R3,1.0,0.1,uniform_high,64,9,resource_fraction,0.08762726601318704,0.08069865290591792,0.006928613107269124
pilot_v1_r3_mu010,R3,R3,1.0,0.1,uniform_high,64,9,reserve_welfare,0.7662356330580797,0.7418307756589805,0.024404857399099256
pilot_v1_r3_mu010,R3,R3,1.0,0.1,uniform_high,64,9,wealth_gini,0.39953181783141845,0.3981293872456717,0.001402430585746739
pilot_v1_r3_mu010,R3,R3,1.0,0.1,uniform_high,64,9,perception_error,0.15658314732142856,0.15738355654761904,-0.0008004092261904849
pilot_v1_r0_r3_mu010,"R0 (theta=1, matched mu=0.1)",R0,1.0,0.1,patchy_high,32,0,resource_fraction,0.3279117287409827,0.32795451397349884,-4.278523251616262e-05
pilot_v1_r0_r3_mu010,"R0 (theta=1, matched mu=0.1)",R0,1.0,0.1,patchy_high,32,0,reserve_welfare,0.9699201098103,0.9699084373180125,1.1672492287506664e-05
pilot_v1_r0_r3_mu010,"R0 (theta=1, matched mu=0.1)",R0,1.0,0.1,patchy_high,32,0,wealth_gini,0.3646414597144856,0.36453159646972755,0.000109863244758035
pilot_v1_r0_r3_mu010,"R0 (theta=1, matched mu=0.1)",R0,1.0,0.1,patchy_high,32,0,perception_error,0.10962575604838712,0.10605015120967738,0.0035756048387097367
pilot_v1_r0_r3_mu010,"R0 (theta=1, matched mu=0.1)",R0,1.0,0.1,patchy_high,32,1,resource_fraction,0.35237767027810946,0.3523566519560413,2.10183220681337e-05
pilot_v1_r0_r3_mu010,"R0 (theta=1, matched mu=0.1)",R0,1.0,0.1,patchy_high,32,1,reserve_welfare,0.9954736642502184,0.9954706503743194,3.0138758990716497e-06
pilot_v1_r0_r3_mu010,"R0 (theta=1, matched mu=0.1)",R0,1.0,0.1,patchy_high,32,1,wealth_gini,0.3987526332484139,0.39850039576379137,0.0002522374846225528
pilot_v1_r0_r3_mu010,"R0 (theta=1, matched mu=0.1)",R0,1.0,0.1,patchy_high,32,1,perception_error,0.12042111895161295,0.11494884072580647,0.005472278225806482
pilot_v1_r0_r3_mu010,"R0 (theta=1, matched mu=0.1)",R0,1.0,0.1,patchy_high,32,2,resource_fraction,0.24852259211170394,0.24852259211170394,0.0
pilot_v1_r0_r3_mu010,"R0 (theta=1, matched mu=0.1)",R0,1.0,0.1,patchy_high,32,2,reserve_welfare,0.9979999999999998,0.9979999999999998,0.0
pilot_v1_r0_r3_mu010,"R0 (theta=1, matched mu=0.1)",R0,1.0,0.1,patchy_high,32,2,wealth_gini,0.28457906079911366,0.28457906079911366,0.0
pilot_v1_r0_r3_mu010,"R0 (theta=1, matched mu=0.1)",R0,1.0,0.1,patchy_high,32,2,perception_error,0.014988407258064518,0.014986391129032259,2.0161290322593534e-06
pilot_v1_r0_r3_mu010,"R0 (theta=1, matched mu=0.1)",R0,1.0,0.1,patchy_high,32,3,resource_fraction,0.2089598275974111,0.20898161644723637,-2.1788849825260526e-05
pilot_v1_r0_r3_mu010,"R0 (theta=1, matched mu=0.1)",R0,1.0,0.1,patchy_high,32,3,reserve_welfare,0.9979999999999998,0.9979999999999998,0.0
pilot_v1_r0_r3_mu010,"R0 (theta=1, matched mu=0.1)",R0,1.0,0.1,patchy_high,32,3,wealth_gini,0.2595166846959489,0.25950690957024913,9.775125699773568e-06
pilot_v1_r0_r3_mu010,"R0 (theta=1, matched mu=0.1)",R0,1.0,0.1,patchy_high,32,3,perception_error,0.01659929435483871,0.015460937499999999,0.001138356854838712
pilot_v1_r0_r3_mu010,"R0 (theta=1, matched mu=0.1)",R0,1.0,0.1,patchy_high,32,4,resource_fraction,0.24555232568989424,0.24555071795349073,1.6077364035083086e-06
pilot_v1_r0_r3_mu010,"R0 (theta=1, matched mu=0.1)",R0,1.0,0.1,patchy_high,32,4,reserve_welfare,0.9228341101543985,0.9228390957940216,-4.9856396230341105e-06
pilot_v1_r0_r3_mu010,"R0 (theta=1, matched mu=0.1)",R0,1.0,0.1,patchy_high,32,4,wealth_gini,0.33698911144446764,0.3369799568994092,9.154545058454033e-06
pilot_v1_r0_r3_mu010,"R0 (theta=1, matched mu=0.1)",R0,1.0,0.1,patchy_high,32,4,perception_error,0.08229914314516128,0.08988936491935481,-0.007590221774193537
pilot_v1_r0_r3_mu010,"R0 (theta=1, matched mu=0.1)",R0,1.0,0.1,patchy_high,32,5,resource_fraction,0.28306165404595457,0.28300668274775137,5.4971298203199126e-05
pilot_v1_r0_r3_mu010,"R0 (theta=1, matched mu=0.1)",R0,1.0,0.1,patchy_high,32,5,reserve_welfare,0.9737277884871985,0.9737335818878887,-5.793400690179418e-06
pilot_v1_r0_r3_mu010,"R0 (theta=1, matched mu=0.1)",R0,1.0,0.1,patchy_high,32,5,wealth_gini,0.34265830622146076,0.34271385335166005,-5.554713019928492e-05
pilot_v1_r0_r3_mu010,"R0 (theta=1, matched mu=0.1)",R0,1.0,0.1,patchy_high,32,5,perception_error,0.08624369959677418,0.08207913306451613,0.004164566532258052
pilot_v1_r0_r3_mu010,"R0 (theta=1, matched mu=0.1)",R0,1.0,0.1,patchy_high,32,6,resource_fraction,0.3108226083029344,0.3129547265640009,-0.002132118261066518
pilot_v1_r0_r3_mu010,"R0 (theta=1, matched mu=0.1)",R0,1.0,0.1,patchy_high,32,6,reserve_welfare,0.8638639611555868,0.868451788559111,-0.004587827403524147
pilot_v1_r0_r3_mu010,"R0 (theta=1, matched mu=0.1)",R0,1.0,0.1,patchy_high,32,6,wealth_gini,0.3954034066570331,0.3924093404095239,0.0029940662475091973
pilot_v1_r0_r3_mu010,"R0 (theta=1, matched mu=0.1)",R0,1.0,0.1,patchy_high,32,6,perception_error,0.040565524193548384,0.05436794354838709,-0.013802419354838703
pilot_v1_r0_r3_mu010,"R0 (theta=1, matched mu=0.1)",R0,1.0,0.1,patchy_high,32,7,resource_fraction,0.3243473972378059,0.3180434682182121,0.0063039290195938125
pilot_v1_r0_r3_mu010,"R0 (theta=1, matched mu=0.1)",R0,1.0,0.1,patchy_high,32,7,reserve_welfare,0.9683439974155337,0.9956873660589666,-0.027343368643432897
pilot_v1_r0_r3_mu010,"R0 (theta=1, matched mu=0.1)",R0,1.0,0.1,patchy_high,32,7,wealth_gini,0.34213541111480583,0.29089790102518487,0.05123751008962096
pilot_v1_r0_r3_mu010,"R0 (theta=1, matched mu=0.1)",R0,1.0,0.1,patchy_high,32,7,perception_error,0.14065650201612903,0.13108845766129038,0.009568044354838656
pilot_v1_r0_r3_mu010,"R0 (theta=1, matched mu=0.1)",R0,1.0,0.1,patchy_high,32,8,resource_fraction,0.2893614402013696,0.2753479157781581,0.01401352442321152
pilot_v1_r0_r3_mu010,"R0 (theta=1, matched mu=0.1)",R0,1.0,0.1,patchy_high,32,8,reserve_welfare,0.883096135567894,0.8839124591061769,-0.0008163235382828704
pilot_v1_r0_r3_mu010,"R0 (theta=1, matched mu=0.1)",R0,1.0,0.1,patchy_high,32,8,wealth_gini,0.38111625570655905,0.39274606814638036,-0.011629812439821308
pilot_v1_r0_r3_mu010,"R0 (theta=1, matched mu=0.1)",R0,1.0,0.1,patchy_high,32,8,perception_error,0.13511592741935483,0.15844052419354834,-0.023324596774193518
pilot_v1_r0_r3_mu010,"R0 (theta=1, matched mu=0.1)",R0,1.0,0.1,patchy_high,32,9,resource_fraction,0.3028126196728167,0.30299862862786037,-0.00018600895504367054
pilot_v1_r0_r3_mu010,"R0 (theta=1, matched mu=0.1)",R0,1.0,0.1,patchy_high,32,9,reserve_welfare,0.9643053066540024,0.9643365907112044,-3.128405720198568e-05
pilot_v1_r0_r3_mu010,"R0 (theta=1, matched mu=0.1)",R0,1.0,0.1,patchy_high,32,9,wealth_gini,0.29787942368792364,0.29799030743099286,-0.00011088374306922333
pilot_v1_r0_r3_mu010,"R0 (theta=1, matched mu=0.1)",R0,1.0,0.1,patchy_high,32,9,perception_error,0.06669354838709678,0.06280846774193548,0.0038850806451612985
pilot_v1_r0_r3_mu010,"R0 (theta=1, matched mu=0.1)",R0,1.0,0.1,patchy_high,64,0,resource_fraction,0.10442043627562343,0.08750932440736273,0.016911111868260706
pilot_v1_r0_r3_mu010,"R0 (theta=1, matched mu=0.1)",R0,1.0,0.1,patchy_high,64,0,reserve_welfare,0.8217723730383395,0.7525503914218075,0.06922198161653204
pilot_v1_r0_r3_mu010,"R0 (theta=1, matched mu=0.1)",R0,1.0,0.1,patchy_high,64,0,wealth_gini,0.3859335519971372,0.4219192611024112,-0.03598570910527399
pilot_v1_r0_r3_mu010,"R0 (theta=1, matched mu=0.1)",R0,1.0,0.1,patchy_high,64,0,perception_error,0.17615352182539676,0.17554371279761904,0.0006098090277777135
pilot_v1_r0_r3_mu010,"R0 (theta=1, matched mu=0.1)",R0,1.0,0.1,patchy_high,64,1,resource_fraction,0.13250521095182216,0.13932843690575697,-0.006823225953934808
pilot_v1_r0_r3_mu010,"R0 (theta=1, matched mu=0.1)",R0,1.0,0.1,patchy_high,64,1,reserve_welfare,0.8295156991020308,0.8223956470551539,0.007120052046876935
pilot_v1_r0_r3_mu010,"R0 (theta=1, matched mu=0.1)",R0,1.0,0.1,patchy_high,64,1,wealth_gini,0.4413026845187602,0.4562844270359676,-0.014981742517207408
pilot_v1_r0_r3_mu010,"R0 (theta=1, matched mu=0.1)",R0,1.0,0.1,patchy_high,64,1,perception_error,0.19819630456349205,0.19136979166666662,0.006826512896825426
pilot_v1_r0_r3_mu010,"R0 (theta=1, matched mu=0.1)",R0,1.0,0.1,patchy_high,64,2,resource_fraction,0.10097442880854998,0.1107188823610208,-0.00974445355247082
pilot_v1_r0_r3_mu010,"R0 (theta=1, matched mu=0.1)",R0,1.0,0.1,patchy_high,64,2,reserve_welfare,0.7118323927785967,0.7454218566335569,-0.0335894638549602
pilot_v1_r0_r3_mu010,"R0 (theta=1, matched mu=0.1)",R0,1.0,0.1,patchy_high,64,2,wealth_gini,0.45596090339064377,0.45557661679218153,0.0003842865984622357
pilot_v1_r0_r3_mu010,"R0 (theta=1, matched mu=0.1)",R0,1.0,0.1,patchy_high,64,2,perception_error,0.15007638888888883,0.18097135416666668,-0.030894965277777853
pilot_v1_r0_r3_mu010,"R0 (theta=1, matched mu=0.1)",R0,1.0,0.1,patchy_high,64,3,resource_fraction,0.14994856070645238,0.14996834621978047,-1.9785513328096638e-05
pilot_v1_r0_r3_mu010,"R0 (theta=1, matched mu=0.1)",R0,1.0,0.1,patchy_high,64,3,reserve_welfare,0.8374400958016334,0.8414414206825211,-0.00400132488088778
pilot_v1_r0_r3_mu010,"R0 (theta=1, matched mu=0.1)",R0,1.0,0.1,patchy_high,64,3,wealth_gini,0.42797161161869424,0.42923740003071487,-0.0012657884120206297
pilot_v1_r0_r3_mu010,"R0 (theta=1, matched mu=0.1)",R0,1.0,0.1,patchy_high,64,3,perception_error,0.15454296875,0.1697443576388889,-0.01520138888888889
pilot_v1_r0_r3_mu010,"R0 (theta=1, matched mu=0.1)",R0,1.0,0.1,patchy_high,64,4,resource_fraction,0.12018565903417877,0.11907155190878727,0.0011141071253915058
pilot_v1_r0_r3_mu010,"R0 (theta=1, matched mu=0.1)",R0,1.0,0.1,patchy_high,64,4,reserve_welfare,0.7861805937602531,0.7875810959865928,-0.001400502226339695
pilot_v1_r0_r3_mu010,"R0 (theta=1, matched mu=0.1)",R0,1.0,0.1,patchy_high,64,4,wealth_gini,0.42781550401880075,0.4317030444857475,-0.003887540466946726
pilot_v1_r0_r3_mu010,"R0 (theta=1, matched mu=0.1)",R0,1.0,0.1,patchy_high,64,4,perception_error,0.12695008680555553,0.14891071428571429,-0.021960627480158756
pilot_v1_r0_r3_mu010,"R0 (theta=1, matched mu=0.1)",R0,1.0,0.1,patchy_high,64,5,resource_fraction,0.10463052086818697,0.10686579514284451,-0.002235274274657542
pilot_v1_r0_r3_mu010,"R0 (theta=1, matched mu=0.1)",R0,1.0,0.1,patchy_high,64,5,reserve_welfare,0.7297580076694783,0.7403083257674598,-0.01055031809798146
pilot_v1_r0_r3_mu010,"R0 (theta=1, matched mu=0.1)",R0,1.0,0.1,patchy_high,64,5,wealth_gini,0.46227019969107364,0.4521280521661821,0.01014214752489151
pilot_v1_r0_r3_mu010,"R0 (theta=1, matched mu=0.1)",R0,1.0,0.1,patchy_high,64,5,perception_error,0.16376568700396826,0.14946583581349204,0.01429985119047622
pilot_v1_r0_r3_mu010,"R0 (theta=1, matched mu=0.1)",R0,1.0,0.1,patchy_high,64,6,resource_fraction,0.08524942839952387,0.1106540708240872,-0.02540464242456332
pilot_v1_r0_r3_mu010,"R0 (theta=1, matched mu=0.1)",R0,1.0,0.1,patchy_high,64,6,reserve_welfare,0.6510764817856309,0.778243285950997,-0.12716680416536608
pilot_v1_r0_r3_mu010,"R0 (theta=1, matched mu=0.1)",R0,1.0,0.1,patchy_high,64,6,wealth_gini,0.4560893159860311,0.43227325006024153,0.023816065925789554
pilot_v1_r0_r3_mu010,"R0 (theta=1, matched mu=0.1)",R0,1.0,0.1,patchy_high,64,6,perception_error,0.1784621775793651,0.17714112103174603,0.001321056547619076
pilot_v1_r0_r3_mu010,"R0 (theta=1, matched mu=0.1)",R0,1.0,0.1,patchy_high,64,7,resource_fraction,0.12204479456362541,0.11948697292160682,0.002557821642018593
pilot_v1_r0_r3_mu010,"R0 (theta=1, matched mu=0.1)",R0,1.0,0.1,patchy_high,64,7,reserve_welfare,0.7297535934961645,0.7082061797319186,0.02154741376424596
pilot_v1_r0_r3_mu010,"R0 (theta=1, matched mu=0.1)",R0,1.0,0.1,patchy_high,64,7,wealth_gini,0.5268760188327946,0.5407129133282753,-0.013836894495480756
pilot_v1_r0_r3_mu010,"R0 (theta=1, matched mu=0.1)",R0,1.0,0.1,patchy_high,64,7,perception_error,0.1517412574404762,0.1741475694444444,-0.0224063120039682
pilot_v1_r0_r3_mu010,"R0 (theta=1, matched mu=0.1)",R0,1.0,0.1,patchy_high,64,8,resource_fraction,0.08868246972863852,0.08350909778320578,0.005173371945432742
pilot_v1_r0_r3_mu010,"R0 (theta=1, matched mu=0.1)",R0,1.0,0.1,patchy_high,64,8,reserve_welfare,0.6342445761201317,0.6163140011323164,0.017930574987815362
pilot_v1_r0_r3_mu010,"R0 (theta=1, matched mu=0.1)",R0,1.0,0.1,patchy_high,64,8,wealth_gini,0.5133186950215705,0.48454976483463974,0.02876893018693072
pilot_v1_r0_r3_mu010,"R0 (theta=1, matched mu=0.1)",R0,1.0,0.1,patchy_high,64,8,perception_error,0.18258141121031746,0.2078046875,-0.025223276289682545
pilot_v1_r0_r3_mu010,"R0 (theta=1, matched mu=0.1)",R0,1.0,0.1,patchy_high,64,9,resource_fraction,0.09776724453424526,0.10033944968112926,-0.002572205146883999
pilot_v1_r0_r3_mu010,"R0 (theta=1, matched mu=0.1)",R0,1.0,0.1,patchy_high,64,9,reserve_welfare,0.7926820658554554,0.8103458229529001,-0.01766375709744472
pilot_v1_r0_r3_mu010,"R0 (theta=1, matched mu=0.1)",R0,1.0,0.1,patchy_high,64,9,wealth_gini,0.40149792716917965,0.39482984148530664,0.006668085683873004
pilot_v1_r0_r3_mu010,"R0 (theta=1, matched mu=0.1)",R0,1.0,0.1,patchy_high,64,9,perception_error,0.17484002976190471,0.13203180803571427,0.04280822172619045
pilot_v1_r0_r3_mu010,"R0 (theta=1, matched mu=0.1)",R0,1.0,0.1,split_high_low,32,0,resource_fraction,0.38063549116306455,0.38088133560671394,-0.00024584444364939007
pilot_v1_r0_r3_mu010,"R0 (theta=1, matched mu=0.1)",R0,1.0,0.1,split_high_low,32,0,reserve_welfare,0.8090896138998782,0.8096607263530184,-0.0005711124531402323
pilot_v1_r0_r3_mu010,"R0 (theta=1, matched mu=0.1)",R0,1.0,0.1,split_high_low,32,0,wealth_gini,0.5022270234200301,0.5022267231119177,3.003081123775786e-07
pilot_v1_r0_r3_mu010,"R0 (theta=1, matched mu=0.1)",R0,1.0,0.1,split_high_low,32,0,perception_error,0.14294027217741936,0.13859072580645165,0.004349546370967711
pilot_v1_r0_r3_mu010,"R0 (theta=1, matched mu=0.1)",R0,1.0,0.1,split_high_low,32,1,resource_fraction,0.3466045914082256,0.3518672807743831,-0.005262689366157536
pilot_v1_r0_r3_mu010,"R0 (theta=1, matched mu=0.1)",R0,1.0,0.1,split_high_low,32,1,reserve_welfare,0.819488668164453,0.8195636404221748,-7.497225772179483e-05
pilot_v1_r0_r3_mu010,"R0 (theta=1, matched mu=0.1)",R0,1.0,0.1,split_high_low,32,1,wealth_gini,0.5483843625690423,0.5409908688534919,0.0073934937155504254
pilot_v1_r0_r3_mu010,"R0 (theta=1, matched mu=0.1)",R0,1.0,0.1,split_high_low,32,1,perception_error,0.05584022177419355,0.07625428427419355,-0.020414062499999996
pilot_v1_r0_r3_mu010,"R0 (theta=1, matched mu=0.1)",R0,1.0,0.1,split_high_low,32,2,resource_fraction,0.2803312697073255,0.28023673476947736,9.453493784816747e-05
pilot_v1_r0_r3_mu010,"R0 (theta=1, matched mu=0.1)",R0,1.0,0.1,split_high_low,32,2,reserve_welfare,0.835205352098354,0.8351870365828624,1.8315515491584833e-05
pilot_v1_r0_r3_mu010,"R0 (theta=1, matched mu=0.1)",R0,1.0,0.1,split_high_low,32,2,wealth_gini,0.48243039113471964,0.4825456742680938,-0.00011528313337416662
pilot_v1_r0_r3_mu010,"R0 (theta=1, matched mu=0.1)",R0,1.0,0.1,split_high_low,32,2,perception_error,0.1319972278225807,0.12646748991935486,0.005529737903225834
pilot_v1_r0_r3_mu010,"R0 (theta=1, matched mu=0.1)",R0,1.0,0.1,split_high_low,32,3,resource_fraction,0.3083599560521479,0.3217131261582709,-0.013353170106123025
pilot_v1_r0_r3_mu010,"R0 (theta=1, matched mu=0.1)",R0,1.0,0.1,split_high_low,32,3,reserve_welfare,0.8172287478414184,0.8175514659284686,-0.0003227180870502
pilot_v1_r0_r3_mu010,"R0 (theta=1, matched mu=0.1)",R0,1.0,0.1,split_high_low,32,3,wealth_gini,0.4813036193599909,0.4920562402094184,-0.010752620849427519
pilot_v1_r0_r3_mu010,"R0 (theta=1, matched mu=0.1)",R0,1.0,0.1,split_high_low,32,3,perception_error,0.1504319556451613,0.17491481854838714,-0.02448286290322585
pilot_v1_r0_r3_mu010,"R0 (theta=1, matched mu=0.1)",R0,1.0,0.1,split_high_low,32,4,resource_fraction,0.2768037740085481,0.28338239839025836,-0.006578624381710252
pilot_v1_r0_r3_mu010,"R0 (theta=1, matched mu=0.1)",R0,1.0,0.1,split_high_low,32,4,reserve_welfare,0.9482094336553502,0.9488134734132788,-0.0006040397579286649
pilot_v1_r0_r3_mu010,"R0 (theta=1, matched mu=0.1)",R0,1.0,0.1,split_high_low,32,4,wealth_gini,0.4300131515216403,0.4187904566909799,0.011222694830660407
pilot_v1_r0_r3_mu010,"R0 (theta=1, matched mu=0.1)",R0,1.0,0.1,split_high_low,32,4,perception_error,0.13672782258064517,0.1468790322580645,-0.010151209677419337
pilot_v1_r0_r3_mu010,"R0 (theta=1, matched mu=0.1)",R0,1.0,0.1,split_high_low,32,5,resource_fraction,0.29364424601747585,0.29309048813478056,0.0005537578826952938
pilot_v1_r0_r3_mu010,"R0 (theta=1, matched mu=0.1)",R0,1.0,0.1,split_high_low,32,5,reserve_welfare,0.9244604651861239,0.9064138074895174,0.018046657696606516
pilot_v1_r0_r3_mu010,"R0 (theta=1, matched mu=0.1)",R0,1.0,0.1,split_high_low,32,5,wealth_gini,0.452849674638073,0.4607468290816681,-0.007897154443595067
pilot_v1_r0_r3_mu010,"R0 (theta=1, matched mu=0.1)",R0,1.0,0.1,split_high_low,32,5,perception_error,0.1533523185483871,0.14709198588709677,0.006260332661290335
pilot_v1_r0_r3_mu010,"R0 (theta=1, matched mu=0.1)",R0,1.0,0.1,split_high_low,32,6,resource_fraction,0.26162405271838485,0.2810557778106561,-0.019431725092271257
pilot_v1_r0_r3_mu010,"R0 (theta=1, matched mu=0.1)",R0,1.0,0.1,split_high_low,32,6,reserve_welfare,0.9216864983650662,0.9343528420253445,-0.0126663436602783
pilot_v1_r0_r3_mu010,"R0 (theta=1, matched mu=0.1)",R0,1.0,0.1,split_high_low,32,6,wealth_gini,0.4159577219451822,0.41678522811863905,-0.0008275061734568379
pilot_v1_r0_r3_mu010,"R0 (theta=1, matched mu=0.1)",R0,1.0,0.1,split_high_low,32,6,perception_error,0.13265574596774193,0.14369858870967744,-0.01104284274193551
pilot_v1_r0_r3_mu010,"R0 (theta=1, matched mu=0.1)",R0,1.0,0.1,split_high_low,32,7,resource_fraction,0.3171236986288652,0.31646103444758217,0.0006626641812830236
pilot_v1_r0_r3_mu010,"R0 (theta=1, matched mu=0.1)",R0,1.0,0.1,split_high_low,32,7,reserve_welfare,0.8126134311199938,0.813002610202802,-0.000389179082808111
pilot_v1_r0_r3_mu010,"R0 (theta=1, matched mu=0.1)",R0,1.0,0.1,split_high_low,32,7,wealth_gini,0.49521223705927886,0.495351423516464,-0.00013918645718513645
pilot_v1_r0_r3_mu010,"R0 (theta=1, matched mu=0.1)",R0,1.0,0.1,split_high_low,32,7,perception_error,0.13893447580645163,0.12344959677419354,0.015484879032258092
pilot_v1_r0_r3_mu010,"R0 (theta=1, matched mu=0.1)",R0,1.0,0.1,split_high_low,32,8,resource_fraction,0.32032344043322597,0.33445468940440104,-0.01413124897117507
pilot_v1_r0_r3_mu010,"R0 (theta=1, matched mu=0.1)",R0,1.0,0.1,split_high_low,32,8,reserve_welfare,0.763385621477546,0.7691223965396797,-0.00573677506213377
pilot_v1_r0_r3_mu010,"R0 (theta=1, matched mu=0.1)",R0,1.0,0.1,split_high_low,32,8,wealth_gini,0.5184413394004568,0.5403007661454486,-0.02185942674499186
pilot_v1_r0_r3_mu010,"R0 (theta=1, matched mu=0.1)",R0,1.0,0.1,split_high_low,32,8,perception_error,0.14677923387096772,0.17979032258064512,-0.033011088709677394
pilot_v1_r0_r3_mu010,"R0 (theta=1, matched mu=0.1)",R0,1.0,0.1,split_high_low,32,9,resource_fraction,0.2604244098556436,0.2619560523166434,-0.0015316424609997936
pilot_v1_r0_r3_mu010,"R0 (theta=1, matched mu=0.1)",R0,1.0,0.1,split_high_low,32,9,reserve_welfare,0.8903274118851353,0.8886240047213637,0.0017034071637715975
pilot_v1_r0_r3_mu010,"R0 (theta=1, matched mu=0.1)",R0,1.0,0.1,split_high_low,32,9,wealth_gini,0.39747816329565655,0.3976174632831142,-0.00013929998745765282
pilot_v1_r0_r3_mu010,"R0 (theta=1, matched mu=0.1)",R0,1.0,0.1,split_high_low,32,9,perception_error,0.12541633064516128,0.12828881048387097,-0.002872479838709696
pilot_v1_r0_r3_mu010,"R0 (theta=1, matched mu=0.1)",R0,1.0,0.1,split_high_low,64,0,resource_fraction,0.1053606397816323,0.12092016376659552,-0.015559523984963214
pilot_v1_r0_r3_mu010,"R0 (theta=1, matched mu=0.1)",R0,1.0,0.1,split_high_low,64,0,reserve_welfare,0.6855187739188562,0.7198853889646298,-0.03436661504577365
pilot_v1_r0_r3_mu010,"R0 (theta=1, matched mu=0.1)",R0,1.0,0.1,split_high_low,64,0,wealth_gini,0.5863210226780604,0.5611071018836042,0.02521392079445617
pilot_v1_r0_r3_mu010,"R0 (theta=1, matched mu=0.1)",R0,1.0,0.1,split_high_low,64,0,perception_error,0.1770125248015873,0.18686780753968252,-0.009855282738095217
pilot_v1_r0_r3_mu010,"R0 (theta=1, matched mu=0.1)",R0,1.0,0.1,split_high_low,64,1,resource_fraction,0.14965120659701484,0.13969759155716677,0.009953615039848068
pilot_v1_r0_r3_mu010,"R0 (theta=1, matched mu=0.1)",R0,1.0,0.1,split_high_low,64,1,reserve_welfare,0.660411223036949,0.629852010326159,0.030559212710789985
pilot_v1_r0_r3_mu010,"R0 (theta=1, matched mu=0.1)",R0,1.0,0.1,split_high_low,64,1,wealth_gini,0.6558018864371744,0.6647129952090884,-0.008911108771914034
pilot_v1_r0_r3_mu010,"R0 (theta=1, matched mu=0.1)",R0,1.0,0.1,split_high_low,64,1,perception_error,0.1563795262896825,0.19110565476190475,-0.034726128472222256
pilot_v1_r0_r3_mu010,"R0 (theta=1, matched mu=0.1)",R0,1.0,0.1,split_high_low,64,2,resource_fraction,0.10705452915802334,0.10863860842784573,-0.0015840792698223888
pilot_v1_r0_r3_mu010,"R0 (theta=1, matched mu=0.1)",R0,1.0,0.1,split_high_low,64,2,reserve_welfare,0.6706065838907045,0.672480796408785,-0.0018742125180805091
pilot_v1_r0_r3_mu010,"R0 (theta=1, matched mu=0.1)",R0,1.0,0.1,split_high_low,64,2,wealth_gini,0.5908322631582796,0.5894217007649771,0.0014105623933025058
pilot_v1_r0_r3_mu010,"R0 (theta=1, matched mu=0.1)",R0,1.0,0.1,split_high_low,64,2,perception_error,0.1420053943452381,0.1850120907738095,-0.04300669642857141
pilot_v1_r0_r3_mu010,"R0 (theta=1, matched mu=0.1)",R0,1.0,0.1,split_high_low,64,3,resource_fraction,0.12764925428464588,0.1150054911781643,0.012643763106481576
pilot_v1_r0_r3_mu010,"R0 (theta=1, matched mu=0.1)",R0,1.0,0.1,split_high_low,64,3,reserve_welfare,0.7273829502158653,0.7059747669745818,0.021408183241283463
pilot_v1_r0_r3_mu010,"R0 (theta=1, matched mu=0.1)",R0,1.0,0.1,split_high_low,64,3,wealth_gini,0.5827039663285714,0.5764842466062783,0.006219719722293071
pilot_v1_r0_r3_mu010,"R0 (theta=1, matched mu=0.1)",R0,1.0,0.1,split_high_low,64,3,perception_error,0.17237468998015873,0.1798881448412699,-0.007513454861111157
pilot_v1_r0_r3_mu010,"R0 (theta=1, matched mu=0.1)",R0,1.0,0.1,split_high_low,64,4,resource_fraction,0.11650496281824015,0.10059432218307578,0.01591064063516437
pilot_v1_r0_r3_mu010,"R0 (theta=1, matched mu=0.1)",R0,1.0,0.1,split_high_low,64,4,reserve_welfare,0.7307591684863435,0.6635009311894631,0.06725823729688041
pilot_v1_r0_r3_mu010,"R0 (theta=1, matched mu=0.1)",R0,1.0,0.1,split_high_low,64,4,wealth_gini,0.5581083866263576,0.5684200263818537,-0.010311639755496094
pilot_v1_r0_r3_mu010,"R0 (theta=1, matched mu=0.1)",R0,1.0,0.1,split_high_low,64,4,perception_error,0.2049474206349206,0.2197559523809524,-0.014808531746031806
pilot_v1_r0_r3_mu010,"R0 (theta=1, matched mu=0.1)",R0,1.0,0.1,split_high_low,64,5,resource_fraction,0.1593366894574752,0.15998044335215109,-0.0006437538946758858
pilot_v1_r0_r3_mu010,"R0 (theta=1, matched mu=0.1)",R0,1.0,0.1,split_high_low,64,5,reserve_welfare,0.6734326579121411,0.6675601853527425,0.0058724725593986005
pilot_v1_r0_r3_mu010,"R0 (theta=1, matched mu=0.1)",R0,1.0,0.1,split_high_low,64,5,wealth_gini,0.6207350199673591,0.6212917985530773,-0.0005567785857181207
pilot_v1_r0_r3_mu010,"R0 (theta=1, matched mu=0.1)",R0,1.0,0.1,split_high_low,64,5,perception_error,0.15117695932539688,0.19561216517857138,-0.04443520585317451
pilot_v1_r0_r3_mu010,"R0 (theta=1, matched mu=0.1)",R0,1.0,0.1,split_high_low,64,6,resource_fraction,0.08417587716627344,0.08663801822606196,-0.0024621410597885224
pilot_v1_r0_r3_mu010,"R0 (theta=1, matched mu=0.1)",R0,1.0,0.1,split_high_low,64,6,reserve_welfare,0.5641112651020738,0.5729617273867268,-0.008850462284653027
pilot_v1_r0_r3_mu010,"R0 (theta=1, matched mu=0.1)",R0,1.0,0.1,split_high_low,64,6,wealth_gini,0.6501223116321968,0.6459732448772033,0.004149066754993491
pilot_v1_r0_r3_mu010,"R0 (theta=1, matched mu=0.1)",R0,1.0,0.1,split_high_low,64,6,perception_error,0.20405040922619047,0.22267218501984126,-0.01862177579365079
pilot_v1_r0_r3_mu010,"R0 (theta=1, matched mu=0.1)",R0,1.0,0.1,split_high_low,64,7,resource_fraction,0.23236721901629218,0.21527167243592474,0.017095546580367438
pilot_v1_r0_r3_mu010,"R0 (theta=1, matched mu=0.1)",R0,1.0,0.1,split_high_low,64,7,reserve_welfare,0.6303290927364269,0.6026244511113342,0.027704641625092674
pilot_v1_r0_r3_mu010,"R0 (theta=1, matched mu=0.1)",R0,1.0,0.1,split_high_low,64,7,wealth_gini,0.6895961740005594,0.7058865832523968,-0.016290409251837445
pilot_v1_r0_r3_mu010,"R0 (theta=1, matched mu=0.1)",R0,1.0,0.1,split_high_low,64,7,perception_error,0.17152151537698415,0.15900235615079367,0.012519159226190485
pilot_v1_r0_r3_mu010,"R0 (theta=1, matched mu=0.1)",R0,1.0,0.1,split_high_low,64,8,resource_fraction,0.12295407706296682,0.10656203639552882,0.016392040667438004
pilot_v1_r0_r3_mu010,"R0 (theta=1, matched mu=0.1)",R0,1.0,0.1,split_high_low,64,8,reserve_welfare,0.5894105142299388,0.5537827783654905,0.03562773586444834
pilot_v1_r0_r3_mu010,"R0 (theta=1, matched mu=0.1)",R0,1.0,0.1,split_high_low,64,8,wealth_gini,0.6805518483768134,0.6762748074285476,0.004277040948265753
pilot_v1_r0_r3_mu010,"R0 (theta=1, matched mu=0.1)",R0,1.0,0.1,split_high_low,64,8,perception_error,0.22136774553571426,0.19986216517857142,0.02150558035714284
pilot_v1_r0_r3_mu010,"R0 (theta=1, matched mu=0.1)",R0,1.0,0.1,split_high_low,64,9,resource_fraction,0.10356557891512458,0.10339973786288391,0.00016584105224067003
pilot_v1_r0_r3_mu010,"R0 (theta=1, matched mu=0.1)",R0,1.0,0.1,split_high_low,64,9,reserve_welfare,0.7017620700241134,0.7040485284286018,-0.0022864584044883784
pilot_v1_r0_r3_mu010,"R0 (theta=1, matched mu=0.1)",R0,1.0,0.1,split_high_low,64,9,wealth_gini,0.5541527759961431,0.5518881197188932,0.0022646562772499212
pilot_v1_r0_r3_mu010,"R0 (theta=1, matched mu=0.1)",R0,1.0,0.1,split_high_low,64,9,perception_error,0.15233147321428572,0.1373359375,0.014995535714285718
pilot_v1_r0_r3_mu010,"R0 (theta=1, matched mu=0.1)",R0,1.0,0.1,uniform_high,32,0,resource_fraction,0.31711667898970736,0.3144979903001731,0.002618688689534243
pilot_v1_r0_r3_mu010,"R0 (theta=1, matched mu=0.1)",R0,1.0,0.1,uniform_high,32,0,reserve_welfare,0.9800777718349475,0.9815200945215975,-0.0014423226866500105
pilot_v1_r0_r3_mu010,"R0 (theta=1, matched mu=0.1)",R0,1.0,0.1,uniform_high,32,0,wealth_gini,0.3246986600780606,0.3235587809960192,0.001139879082041384
pilot_v1_r0_r3_mu010,"R0 (theta=1, matched mu=0.1)",R0,1.0,0.1,uniform_high,32,0,perception_error,0.09538936491935485,0.13861668346774192,-0.04322731854838707
pilot_v1_r0_r3_mu010,"R0 (theta=1, matched mu=0.1)",R0,1.0,0.1,uniform_high,32,1,resource_fraction,0.31844536392720146,0.3184507365790273,-5.37265182581903e-06
pilot_v1_r0_r3_mu010,"R0 (theta=1, matched mu=0.1)",R0,1.0,0.1,uniform_high,32,1,reserve_welfare,0.9672551978522622,0.9672724914208607,-1.7293568598475417e-05
pilot_v1_r0_r3_mu010,"R0 (theta=1, matched mu=0.1)",R0,1.0,0.1,uniform_high,32,1,wealth_gini,0.41370768112196155,0.4140593651881157,-0.0003516840661541565
pilot_v1_r0_r3_mu010,"R0 (theta=1, matched mu=0.1)",R0,1.0,0.1,uniform_high,32,1,perception_error,0.05220110887096773,0.054599042338709665,-0.0023979334677419334
pilot_v1_r0_r3_mu010,"R0 (theta=1, matched mu=0.1)",R0,1.0,0.1,uniform_high,32,2,resource_fraction,0.24282708031120892,0.24278194801717473,4.513229403418917e-05
pilot_v1_r0_r3_mu010,"R0 (theta=1, matched mu=0.1)",R0,1.0,0.1,uniform_high,32,2,reserve_welfare,0.9979999999999998,0.9979999999999998,0.0
pilot_v1_r0_r3_mu010,"R0 (theta=1, matched mu=0.1)",R0,1.0,0.1,uniform_high,32,2,wealth_gini,0.2889452112240265,0.2889550777490397,-9.866525013224603e-06
pilot_v1_r0_r3_mu010,"R0 (theta=1, matched mu=0.1)",R0,1.0,0.1,uniform_high,32,2,perception_error,0.0010181451612903225,0.0009241431451612902,9.400201612903229e-05
pilot_v1_r0_r3_mu010,"R0 (theta=1, matched mu=0.1)",R0,1.0,0.1,uniform_high,32,3,resource_fraction,0.2281065337928904,0.22829254838188634,-0.00018601458899594747
pilot_v1_r0_r3_mu010,"R0 (theta=1, matched mu=0.1)",R0,1.0,0.1,uniform_high,32,3,reserve_welfare,0.9979999999999998,0.9979999999999998,0.0
pilot_v1_r0_r3_mu010,"R0 (theta=1, matched mu=0.1)",R0,1.0,0.1,uniform_high,32,3,wealth_gini,0.27170788354330666,0.271339871287124,0.0003680122561826593
pilot_v1_r0_r3_mu010,"R0 (theta=1, matched mu=0.1)",R0,1.0,0.1,uniform_high,32,3,perception_error,0.06363356854838709,0.06261391129032255,0.0010196572580645352
pilot_v1_r0_r3_mu010,"R0 (theta=1, matched mu=0.1)",R0,1.0,0.1,uniform_high,32,4,resource_fraction,0.24461528752938122,0.24459954406857,1.5743460811207255e-05
pilot_v1_r0_r3_mu010,"R0 (theta=1, matched mu=0.1)",R0,1.0,0.1,uniform_high,32,4,reserve_welfare,0.9139372294473281,0.9139102311306888,2.699831663932617e-05
pilot_v1_r0_r3_mu010,"R0 (theta=1, matched mu=0.1)",R0,1.0,0.1,uniform_high,32,4,wealth_gini,0.3467144122154231,0.34671439937012716,1.2845295938035406e-08
pilot_v1_r0_r3_mu010,"R0 (theta=1, matched mu=0.1)",R0,1.0,0.1,uniform_high,32,4,perception_error,0.05273135080645161,0.06222429435483871,-0.009492943548387103
pilot_v1_r0_r3_mu010,"R0 (theta=1, matched mu=0.1)",R0,1.0,0.1,uniform_high,32,5,resource_fraction,0.28409007404807446,0.28426753203308497,-0.00017745798501050958
pilot_v1_r0_r3_mu010,"R0 (theta=1, matched mu=0.1)",R0,1.0,0.1,uniform_high,32,5,reserve_welfare,0.9708576952062181,0.9709895798638323,-0.00013188465761415635
pilot_v1_r0_r3_mu010,"R0 (theta=1, matched mu=0.1)",R0,1.0,0.1,uniform_high,32,5,wealth_gini,0.35111966262085614,0.3511054649416987,1.4197679157446075e-05
pilot_v1_r0_r3_mu010,"R0 (theta=1, matched mu=0.1)",R0,1.0,0.1,uniform_high,32,5,perception_error,0.08285181451612902,0.08123160282258064,0.0016202116935483818
pilot_v1_r0_r3_mu010,"R0 (theta=1, matched mu=0.1)",R0,1.0,0.1,uniform_high,32,6,resource_fraction,0.3282251951143596,0.3114334223150032,0.016791772799356397
pilot_v1_r0_r3_mu010,"R0 (theta=1, matched mu=0.1)",R0,1.0,0.1,uniform_high,32,6,reserve_welfare,0.893226881361938,0.8949697162435041,-0.0017428348815661243
pilot_v1_r0_r3_mu010,"R0 (theta=1, matched mu=0.1)",R0,1.0,0.1,uniform_high,32,6,wealth_gini,0.4329208652074763,0.39447135629821717,0.038449508909259134
pilot_v1_r0_r3_mu010,"R0 (theta=1, matched mu=0.1)",R0,1.0,0.1,uniform_high,32,6,perception_error,0.13793573588709676,0.11475428427419354,0.02318145161290322
pilot_v1_r0_r3_mu010,"R0 (theta=1, matched mu=0.1)",R0,1.0,0.1,uniform_high,32,7,resource_fraction,0.2923192442739882,0.2705331539146034,0.02178609035938478
pilot_v1_r0_r3_mu010,"R0 (theta=1, matched mu=0.1)",R0,1.0,0.1,uniform_high,32,7,reserve_welfare,0.9587354843432775,0.9534062085760813,0.005329275767196218
pilot_v1_r0_r3_mu010,"R0 (theta=1, matched mu=0.1)",R0,1.0,0.1,uniform_high,32,7,wealth_gini,0.3627821776666913,0.3230968842421642,0.03968529342452709
pilot_v1_r0_r3_mu010,"R0 (theta=1, matched mu=0.1)",R0,1.0,0.1,uniform_high,32,7,perception_error,0.0997313508064516,0.008282762096774194,0.0914485887096774
pilot_v1_r0_r3_mu010,"R0 (theta=1, matched mu=0.1)",R0,1.0,0.1,uniform_high,32,8,resource_fraction,0.2674760510298462,0.26476560702408825,0.002710444005757928
pilot_v1_r0_r3_mu010,"R0 (theta=1, matched mu=0.1)",R0,1.0,0.1,uniform_high,32,8,reserve_welfare,0.893074113225162,0.8917701868758572,0.0013039263493047626
pilot_v1_r0_r3_mu010,"R0 (theta=1, matched mu=0.1)",R0,1.0,0.1,uniform_high,32,8,wealth_gini,0.38459928210415284,0.3863584571658176,-0.001759175061664786
pilot_v1_r0_r3_mu010,"R0 (theta=1, matched mu=0.1)",R0,1.0,0.1,uniform_high,32,8,perception_error,0.06142893145161289,0.06406552419354838,-0.0026365927419354923
pilot_v1_r0_r3_mu010,"R0 (theta=1, matched mu=0.1)",R0,1.0,0.1,uniform_high,32,9,resource_fraction,0.32447749555489064,0.3167248930937653,0.0077526024611253574
pilot_v1_r0_r3_mu010,"R0 (theta=1, matched mu=0.1)",R0,1.0,0.1,uniform_high,32,9,reserve_welfare,0.9780036020422703,0.9789150046424644,-0.0009114026001940667
pilot_v1_r0_r3_mu010,"R0 (theta=1, matched mu=0.1)",R0,1.0,0.1,uniform_high,32,9,wealth_gini,0.26204773341148546,0.26119029892462864,0.0008574344868568229
pilot_v1_r0_r3_mu010,"R0 (theta=1, matched mu=0.1)",R0,1.0,0.1,uniform_high,32,9,perception_error,0.12834274193548387,0.1381000504032258,-0.00975730846774192
pilot_v1_r0_r3_mu010,"R0 (theta=1, matched mu=0.1)",R0,1.0,0.1,uniform_high,64,0,resource_fraction,0.11992691334360103,0.10099359711006878,0.018933316233532255
pilot_v1_r0_r3_mu010,"R0 (theta=1, matched mu=0.1)",R0,1.0,0.1,uniform_high,64,0,reserve_welfare,0.7932463961470763,0.7639422615715052,0.029304134575571017
pilot_v1_r0_r3_mu010,"R0 (theta=1, matched mu=0.1)",R0,1.0,0.1,uniform_high,64,0,wealth_gini,0.419066114226905,0.44016818411305114,-0.021102069886146158
pilot_v1_r0_r3_mu010,"R0 (theta=1, matched mu=0.1)",R0,1.0,0.1,uniform_high,64,0,perception_error,0.17816071428571428,0.1707157738095238,0.007444940476190487
pilot_v1_r0_r3_mu010,"R0 (theta=1, matched mu=0.1)",R0,1.0,0.1,uniform_high,64,1,resource_fraction,0.12735119782728163,0.10388016860759251,0.02347102921968912
pilot_v1_r0_r3_mu010,"R0 (theta=1, matched mu=0.1)",R0,1.0,0.1,uniform_high,64,1,reserve_welfare,0.7819625732572569,0.7520231045608428,0.029939468696414173
pilot_v1_r0_r3_mu010,"R0 (theta=1, matched mu=0.1)",R0,1.0,0.1,uniform_high,64,1,wealth_gini,0.48574842851645883,0.4862300925500933,-0.00048166403363447685
pilot_v1_r0_r3_mu010,"R0 (theta=1, matched mu=0.1)",R0,1.0,0.1,uniform_high,64,1,perception_error,0.17909213789682538,0.1449137524801587,0.03417838541666668
pilot_v1_r0_r3_mu010,"R0 (theta=1, matched mu=0.1)",R0,1.0,0.1,uniform_high,64,2,resource_fraction,0.1437389911454451,0.12344548280374544,0.02029350834169967
pilot_v1_r0_r3_mu010,"R0 (theta=1, matched mu=0.1)",R0,1.0,0.1,uniform_high,64,2,reserve_welfare,0.811681836650947,0.7612398768223883,0.0504419598285587
pilot_v1_r0_r3_mu010,"R0 (theta=1, matched mu=0.1)",R0,1.0,0.1,uniform_high,64,2,wealth_gini,0.46622106988048295,0.4701991794485363,-0.003978109568053334
pilot_v1_r0_r3_mu010,"R0 (theta=1, matched mu=0.1)",R0,1.0,0.1,uniform_high,64,2,perception_error,0.17740314980158728,0.1640490451388889,0.013354104662698374
pilot_v1_r0_r3_mu010,"R0 (theta=1, matched mu=0.1)",R0,1.0,0.1,uniform_high,64,3,resource_fraction,0.10734208529383185,0.09376751303889,0.013574572254941852
pilot_v1_r0_r3_mu010,"R0 (theta=1, matched mu=0.1)",R0,1.0,0.1,uniform_high,64,3,reserve_welfare,0.7651207136083035,0.7650531414115709,6.75721967325904e-05
pilot_v1_r0_r3_mu010,"R0 (theta=1, matched mu=0.1)",R0,1.0,0.1,uniform_high,64,3,wealth_gini,0.412699076231841,0.41811897377528084,-0.0054198975434398555
pilot_v1_r0_r3_mu010,"R0 (theta=1, matched mu=0.1)",R0,1.0,0.1,uniform_high,64,3,perception_error,0.16596521577380957,0.15419345238095242,0.011771763392857154
pilot_v1_r0_r3_mu010,"R0 (theta=1, matched mu=0.1)",R0,1.0,0.1,uniform_high,64,4,resource_fraction,0.11077663737399258,0.1178975226318622,-0.007120885257869622
pilot_v1_r0_r3_mu010,"R0 (theta=1, matched mu=0.1)",R0,1.0,0.1,uniform_high,64,4,reserve_welfare,0.765702105929632,0.7638135689228904,0.0018885370067415197
pilot_v1_r0_r3_mu010,"R0 (theta=1, matched mu=0.1)",R0,1.0,0.1,uniform_high,64,4,wealth_gini,0.43419823978033256,0.44308430163181556,-0.008886061851482996
pilot_v1_r0_r3_mu010,"R0 (theta=1, matched mu=0.1)",R0,1.0,0.1,uniform_high,64,4,perception_error,0.1682513020833333,0.1687147817460317,-0.00046347966269838503
pilot_v1_r0_r3_mu010,"R0 (theta=1, matched mu=0.1)",R0,1.0,0.1,uniform_high,64,5,resource_fraction,0.11122663687422094,0.10209480358959853,0.009131833284622401
pilot_v1_r0_r3_mu010,"R0 (theta=1, matched mu=0.1)",R0,1.0,0.1,uniform_high,64,5,reserve_welfare,0.787611567249548,0.7073034074399337,0.08030815980961425
pilot_v1_r0_r3_mu010,"R0 (theta=1, matched mu=0.1)",R0,1.0,0.1,uniform_high,64,5,wealth_gini,0.4458383360501468,0.4916913009234636,-0.045852964873316804
pilot_v1_r0_r3_mu010,"R0 (theta=1, matched mu=0.1)",R0,1.0,0.1,uniform_high,64,5,perception_error,0.14320535714285715,0.16057583085317462,-0.01737047371031747
pilot_v1_r0_r3_mu010,"R0 (theta=1, matched mu=0.1)",R0,1.0,0.1,uniform_high,64,6,resource_fraction,0.0927772886876221,0.11270345371584899,-0.01992616502822689
pilot_v1_r0_r3_mu010,"R0 (theta=1, matched mu=0.1)",R0,1.0,0.1,uniform_high,64,6,reserve_welfare,0.6634159688008068,0.7318255565332064,-0.06840958773239958
pilot_v1_r0_r3_mu010,"R0 (theta=1, matched mu=0.1)",R0,1.0,0.1,uniform_high,64,6,wealth_gini,0.4673544106004226,0.4678798837163549,-0.0005254731159323178
pilot_v1_r0_r3_mu010,"R0 (theta=1, matched mu=0.1)",R0,1.0,0.1,uniform_high,64,6,perception_error,0.20459895833333336,0.19214732142857138,0.012451636904761976
pilot_v1_r0_r3_mu010,"R0 (theta=1, matched mu=0.1)",R0,1.0,0.1,uniform_high,64,7,resource_fraction,0.12094779861224285,0.18460709435057585,-0.063659295738333
pilot_v1_r0_r3_mu010,"R0 (theta=1, matched mu=0.1)",R0,1.0,0.1,uniform_high,64,7,reserve_welfare,0.73089439244296,0.8294535410045318,-0.09855914856157189
pilot_v1_r0_r3_mu010,"R0 (theta=1, matched mu=0.1)",R0,1.0,0.1,uniform_high,64,7,wealth_gini,0.5118001798504674,0.46034974123877004,0.0514504386116974
pilot_v1_r0_r3_mu010,"R0 (theta=1, matched mu=0.1)",R0,1.0,0.1,uniform_high,64,7,perception_error,0.14573313492063494,0.15700967261904758,-0.011276537698412636
pilot_v1_r0_r3_mu010,"R0 (theta=1, matched mu=0.1)",R0,1.0,0.1,uniform_high,64,8,resource_fraction,0.1274701192828392,0.11185706960267583,0.01561304968016336
pilot_v1_r0_r3_mu010,"R0 (theta=1, matched mu=0.1)",R0,1.0,0.1,uniform_high,64,8,reserve_welfare,0.8083904246785314,0.7086773131354459,0.09971311154308549
pilot_v1_r0_r3_mu010,"R0 (theta=1, matched mu=0.1)",R0,1.0,0.1,uniform_high,64,8,wealth_gini,0.43860456195142206,0.4862425078995365,-0.047637945948114435
pilot_v1_r0_r3_mu010,"R0 (theta=1, matched mu=0.1)",R0,1.0,0.1,uniform_high,64,8,perception_error,0.20975465029761903,0.20141164434523806,0.008343005952380966
pilot_v1_r0_r3_mu010,"R0 (theta=1, matched mu=0.1)",R0,1.0,0.1,uniform_high,64,9,resource_fraction,0.07594201750830959,0.07544269774967229,0.0004993197586373038
pilot_v1_r0_r3_mu010,"R0 (theta=1, matched mu=0.1)",R0,1.0,0.1,uniform_high,64,9,reserve_welfare,0.7292013821287766,0.7285457377372866,0.0006556443914900179
pilot_v1_r0_r3_mu010,"R0 (theta=1, matched mu=0.1)",R0,1.0,0.1,uniform_high,64,9,wealth_gini,0.3966454152876948,0.398141549353785,-0.0014961340660901712
pilot_v1_r0_r3_mu010,"R0 (theta=1, matched mu=0.1)",R0,1.0,0.1,uniform_high,64,9,perception_error,0.14988405257936505,0.1461063368055555,0.003777715773809559
