adaptive_run_id,r0_run_id,adaptive_label,r0_label,rewire_theta,rewire_mu,scenario,population,replicate,metric,adaptive_value,r0_value,adaptive_minus_r0
pilot_v1_r1_mu010,pilot_v1_r0_r1_mu010,R1,"R0 (theta=0, matched mu=0.1)",0.0,0.1,patchy_high,32,0,resource_fraction,0.31530297226997006,0.31106321451528596,0.004239757754684104
pilot_v1_r1_mu010,pilot_v1_r0_r1_mu010,R1,"R0 (theta=0, matched mu=0.1)",0.0,0.1,patchy_high,32,0,reserve_welfare,0.977306778084756,0.9703739728645087,0.006932805220247307
pilot_v1_r1_mu010,pilot_v1_r0_r1_mu010,R1,"R0 (theta=0, matched mu=0.1)",0.0,0.1,patchy_high,32,0,need_satisfaction,1.0,1.0,0.0
pilot_v1_r1_mu010,pilot_v1_r0_r1_mu010,R1,"R0 (theta=0, matched mu=0.1)",0.0,0.1,patchy_high,32,0,deprivation_rate,0.0,0.0,0.0
pilot_v1_r1_mu010,pilot_v1_r0_r1_mu010,R1,"R0 (theta=0, matched mu=0.1)",0.0,0.1,patchy_high,32,0,wealth_gini,0.33370665485627726,0.32633086076779017,0.007375794088487098
pilot_v1_r1_mu010,pilot_v1_r0_r1_mu010,R1,"R0 (theta=0, matched mu=0.1)",0.0,0.1,patchy_high,32,0,perception_error,0.12639616935483872,0.051749495967741935,0.07464667338709678
pilot_v1_r1_mu010,pilot_v1_r0_r1_mu010,R1,"R0 (theta=0, matched mu=0.1)",0.0,0.1,patchy_high,32,0,visibility_gini,0.23388671875,0.2470703125,-0.01318359375
pilot_v1_r1_mu010,pilot_v1_r0_r1_mu010,R1,"R0 (theta=0, matched mu=0.1)",0.0,0.1,patchy_high,32,0,majority_mismatch_rate,0.0,0.0,0.0
pilot_v1_r1_mu010,pilot_v1_r0_r1_mu010,R1,"R0 (theta=0, matched mu=0.1)",0.0,0.1,patchy_high,32,1,resource_fraction,0.35212811996882604,0.34057928143268096,0.011548838536145078
pilot_v1_r1_mu010,pilot_v1_r0_r1_mu010,R1,"R0 (theta=0, matched mu=0.1)",0.0,0.1,patchy_high,32,1,reserve_welfare,0.9952821828080103,0.975790114514121,0.019492068293889275
pilot_v1_r1_mu010,pilot_v1_r0_r1_mu010,R1,"R0 (theta=0, matched mu=0.1)",0.0,0.1,patchy_high,32,1,need_satisfaction,1.0,1.0,0.0
pilot_v1_r1_mu010,pilot_v1_r0_r1_mu010,R1,"R0 (theta=0, matched mu=0.1)",0.0,0.1,patchy_high,32,1,deprivation_rate,0.0,0.0,0.0
pilot_v1_r1_mu010,pilot_v1_r0_r1_mu010,R1,"R0 (theta=0, matched mu=0.1)",0.0,0.1,patchy_high,32,1,wealth_gini,0.39796652961322376,0.383829510375167,0.01413701923805677
pilot_v1_r1_mu010,pilot_v1_r0_r1_mu010,R1,"R0 (theta=0, matched mu=0.1)",0.0,0.1,patchy_high,32,1,perception_error,0.08681249999999997,0.060566532258064514,0.02624596774193546
pilot_v1_r1_mu010,pilot_v1_r0_r1_mu010,R1,"R0 (theta=0, matched mu=0.1)",0.0,0.1,patchy_high,32,1,visibility_gini,0.2490234375,0.28369140625,-0.03466796875
pilot_v1_r1_mu010,pilot_v1_r0_r1_mu010,R1,"R0 (theta=0, matched mu=0.1)",0.0,0.1,patchy_high,32,1,majority_mismatch_rate,0.00031937817416078285,0.00038247621943274116,-6.309804527195831e-05
pilot_v1_r1_mu010,pilot_v1_r0_r1_mu010,R1,"R0 (theta=0, matched mu=0.1)",0.0,0.1,patchy_high,32,2,resource_fraction,0.24855754614291306,0.24847996153276686,7.758461014620299e-05
pilot_v1_r1_mu010,pilot_v1_r0_r1_mu010,R1,"R0 (theta=0, matched mu=0.1)",0.0,0.1,patchy_high,32,2,reserve_welfare,0.9979999999999998,0.9979999999999998,0.0
pilot_v1_r1_mu010,pilot_v1_r0_r1_mu010,R1,"R0 (theta=0, matched mu=0.1)",0.0,0.1,patchy_high,32,2,need_satisfaction,1.0,1.0,0.0
pilot_v1_r1_mu010,pilot_v1_r0_r1_mu010,R1,"R0 (theta=0, matched mu=0.1)",0.0,0.1,patchy_high,32,2,deprivation_rate,0.0,0.0,0.0
pilot_v1_r1_mu010,pilot_v1_r0_r1_mu010,R1,"R0 (theta=0, matched mu=0.1)",0.0,0.1,patchy_high,32,2,wealth_gini,0.2846307118846001,0.28458662213725683,4.408974734326776e-05
pilot_v1_r1_mu010,pilot_v1_r0_r1_mu010,R1,"R0 (theta=0, matched mu=0.1)",0.0,0.1,patchy_high,32,2,perception_error,0.015023941532258066,0.013109879032258067,0.001914062499999999
pilot_v1_r1_mu010,pilot_v1_r0_r1_mu010,R1,"R0 (theta=0, matched mu=0.1)",0.0,0.1,patchy_high,32,2,visibility_gini,0.34130859375,0.31689453125,0.0244140625
pilot_v1_r1_mu010,pilot_v1_r0_r1_mu010,R1,"R0 (theta=0, matched mu=0.1)",0.0,0.1,patchy_high,32,2,majority_mismatch_rate,0.0,0.0,0.0
pilot_v1_r1_mu010,pilot_v1_r0_r1_mu010,R1,"R0 (theta=0, matched mu=0.1)",0.0,0.1,patchy_high,32,3,resource_fraction,0.20884791716621964,0.2088434002713364,4.516894883233036e-06
pilot_v1_r1_mu010,pilot_v1_r0_r1_mu010,R1,"R0 (theta=0, matched mu=0.1)",0.0,0.1,patchy_high,32,3,reserve_welfare,0.9979999999999998,0.9979999999999998,0.0
pilot_v1_r1_mu010,pilot_v1_r0_r1_mu010,R1,"R0 (theta=0, matched mu=0.1)",0.0,0.1,patchy_high,32,3,need_satisfaction,1.0,1.0,0.0
pilot_v1_r1_mu010,pilot_v1_r0_r1_mu010,R1,"R0 (theta=0, matched mu=0.1)",0.0,0.1,patchy_high,32,3,deprivation_rate,0.0,0.0,0.0
pilot_v1_r1_mu010,pilot_v1_r0_r1_mu010,R1,"R0 (theta=0, matched mu=0.1)",0.0,0.1,patchy_high,32,3,wealth_gini,0.259775841541086,0.25966896756293756,0.00010687397814845845
pilot_v1_r1_mu010,pilot_v1_r0_r1_mu010,R1,"R0 (theta=0, matched mu=0.1)",0.0,0.1,patchy_high,32,3,perception_error,0.01751789314516129,0.01594178427419355,0.0015761088709677386
pilot_v1_r1_mu010,pilot_v1_r0_r1_mu010,R1,"R0 (theta=0, matched mu=0.1)",0.0,0.1,patchy_high,32,3,visibility_gini,0.32666015625,0.31787109375,0.0087890625
pilot_v1_r1_mu010,pilot_v1_r0_r1_mu010,R1,"R0 (theta=0, matched mu=0.1)",0.0,0.1,patchy_high,32,3,majority_mismatch_rate,7.142857142857142e-05,4.1666666666666665e-05,2.9761904761904755e-05
pilot_v1_r1_mu010,pilot_v1_r0_r1_mu010,R1,"R0 (theta=0, matched mu=0.1)",0.0,0.1,patchy_high,32,4,resource_fraction,0.2737859229533875,0.2558125662538805,0.017973356699507004
pilot_v1_r1_mu010,pilot_v1_r0_r1_mu010,R1,"R0 (theta=0, matched mu=0.1)",0.0,0.1,patchy_high,32,4,reserve_welfare,0.9687061328670088,0.9641385762207387,0.004567556646270066
pilot_v1_r1_mu010,pilot_v1_r0_r1_mu010,R1,"R0 (theta=0, matched mu=0.1)",0.0,0.1,patchy_high,32,4,need_satisfaction,0.9876547997523949,0.9860391806159035,0.0016156191364914418
pilot_v1_r1_mu010,pilot_v1_r0_r1_mu010,R1,"R0 (theta=0, matched mu=0.1)",0.0,0.1,patchy_high,32,4,deprivation_rate,0.012375,0.01396875,-0.0015937499999999997
pilot_v1_r1_mu010,pilot_v1_r0_r1_mu010,R1,"R0 (theta=0, matched mu=0.1)",0.0,0.1,patchy_high,32,4,wealth_gini,0.30473721129714515,0.3041733345645845,0.000563876732560642
pilot_v1_r1_mu010,pilot_v1_r0_r1_mu010,R1,"R0 (theta=0, matched mu=0.1)",0.0,0.1,patchy_high,32,4,perception_error,0.13997631048387096,0.10738482862903229,0.03259148185483868
pilot_v1_r1_mu010,pilot_v1_r0_r1_mu010,R1,"R0 (theta=0, matched mu=0.1)",0.0,0.1,patchy_high,32,4,visibility_gini,0.3056640625,0.25732421875,0.04833984375
pilot_v1_r1_mu010,pilot_v1_r0_r1_mu010,R1,"R0 (theta=0, matched mu=0.1)",0.0,0.1,patchy_high,32,4,majority_mismatch_rate,0.0,0.0,0.0
pilot_v1_r1_mu010,pilot_v1_r0_r1_mu010,R1,"R0 (theta=0, matched mu=0.1)",0.0,0.1,patchy_high,32,5,resource_fraction,0.28505725375089924,0.2826918197461081,0.002365434004791167
pilot_v1_r1_mu010,pilot_v1_r0_r1_mu010,R1,"R0 (theta=0, matched mu=0.1)",0.0,0.1,patchy_high,32,5,reserve_welfare,0.9726518840963421,0.9730199343034697,-0.0003680502071276015
pilot_v1_r1_mu010,pilot_v1_r0_r1_mu010,R1,"R0 (theta=0, matched mu=0.1)",0.0,0.1,patchy_high,32,5,need_satisfaction,0.9858558727577137,0.9862834406323988,-0.0004275678746851197
pilot_v1_r1_mu010,pilot_v1_r0_r1_mu010,R1,"R0 (theta=0, matched mu=0.1)",0.0,0.1,patchy_high,32,5,deprivation_rate,0.01415625,0.01371875,0.0004375000000000004
pilot_v1_r1_mu010,pilot_v1_r0_r1_mu010,R1,"R0 (theta=0, matched mu=0.1)",0.0,0.1,patchy_high,32,5,wealth_gini,0.3425390082999289,0.34310819696256667,-0.0005691886626377762
pilot_v1_r1_mu010,pilot_v1_r0_r1_mu010,R1,"R0 (theta=0, matched mu=0.1)",0.0,0.1,patchy_high,32,5,perception_error,0.025605342741935485,0.0260844254032258,-0.0004790826612903164
pilot_v1_r1_mu010,pilot_v1_r0_r1_mu010,R1,"R0 (theta=0, matched mu=0.1)",0.0,0.1,patchy_high,32,5,visibility_gini,0.32177734375,0.29833984375,0.0234375
pilot_v1_r1_mu010,pilot_v1_r0_r1_mu010,R1,"R0 (theta=0, matched mu=0.1)",0.0,0.1,patchy_high,32,5,majority_mismatch_rate,0.002736346249397224,0.0002668253968253968,0.002469520852571827
pilot_v1_r1_mu010,pilot_v1_r0_r1_mu010,R1,"R0 (theta=0, matched mu=0.1)",0.0,0.1,patchy_high,32,6,resource_fraction,0.31346297532399503,0.3155969558146821,-0.002133980490687082
pilot_v1_r1_mu010,pilot_v1_r0_r1_mu010,R1,"R0 (theta=0, matched mu=0.1)",0.0,0.1,patchy_high,32,6,reserve_welfare,0.8861605832750301,0.8727376978234256,0.013422885451604527
pilot_v1_r1_mu010,pilot_v1_r0_r1_mu010,R1,"R0 (theta=0, matched mu=0.1)",0.0,0.1,patchy_high,32,6,need_satisfaction,0.9684938741824966,0.9527256260566128,0.015768248125883733
pilot_v1_r1_mu010,pilot_v1_r0_r1_mu010,R1,"R0 (theta=0, matched mu=0.1)",0.0,0.1,patchy_high,32,6,deprivation_rate,0.03678125,0.052125,-0.015343749999999996
pilot_v1_r1_mu010,pilot_v1_r0_r1_mu010,R1,"R0 (theta=0, matched mu=0.1)",0.0,0.1,patchy_high,32,6,wealth_gini,0.3962743699298812,0.3848719847928239,0.01140238513705727
pilot_v1_r1_mu010,pilot_v1_r0_r1_mu010,R1,"R0 (theta=0, matched mu=0.1)",0.0,0.1,patchy_high,32,6,perception_error,0.10806401209677417,0.13871900201612902,-0.03065498991935485
pilot_v1_r1_mu010,pilot_v1_r0_r1_mu010,R1,"R0 (theta=0, matched mu=0.1)",0.0,0.1,patchy_high,32,6,visibility_gini,0.3037109375,0.2919921875,0.01171875
pilot_v1_r1_mu010,pilot_v1_r0_r1_mu010,R1,"R0 (theta=0, matched mu=0.1)",0.0,0.1,patchy_high,32,6,majority_mismatch_rate,0.008435219157274165,0.017555127190262126,-0.00911990803298796
pilot_v1_r1_mu010,pilot_v1_r0_r1_mu010,R1,"R0 (theta=0, matched mu=0.1)",0.0,0.1,patchy_high,32,7,resource_fraction,0.3234013304572175,0.33317570025866894,-0.009774369801451466
pilot_v1_r1_mu010,pilot_v1_r0_r1_mu010,R1,"R0 (theta=0, matched mu=0.1)",0.0,0.1,patchy_high,32,7,reserve_welfare,0.9571460101105038,0.9957610562646582,-0.03861504615415434
pilot_v1_r1_mu010,pilot_v1_r0_r1_mu010,R1,"R0 (theta=0, matched mu=0.1)",0.0,0.1,patchy_high,32,7,need_satisfaction,0.9918010767209745,1.0,-0.008198923279025494
pilot_v1_r1_mu010,pilot_v1_r0_r1_mu010,R1,"R0 (theta=0, matched mu=0.1)",0.0,0.1,patchy_high,32,7,deprivation_rate,0.0104375,0.0,0.0104375
pilot_v1_r1_mu010,pilot_v1_r0_r1_mu010,R1,"R0 (theta=0, matched mu=0.1)",0.0,0.1,patchy_high,32,7,wealth_gini,0.345038291722791,0.27134074899530347,0.07369754272748752
pilot_v1_r1_mu010,pilot_v1_r0_r1_mu010,R1,"R0 (theta=0, matched mu=0.1)",0.0,0.1,patchy_high,32,7,perception_error,0.1230022681451613,0.12337525201612902,-0.0003729838709677219
pilot_v1_r1_mu010,pilot_v1_r0_r1_mu010,R1,"R0 (theta=0, matched mu=0.1)",0.0,0.1,patchy_high,32,7,visibility_gini,0.3037109375,0.2861328125,0.017578125
pilot_v1_r1_mu010,pilot_v1_r0_r1_mu010,R1,"R0 (theta=0, matched mu=0.1)",0.0,0.1,patchy_high,32,7,majority_mismatch_rate,0.0,0.00020476190476190475,-0.00020476190476190475
pilot_v1_r1_mu010,pilot_v1_r0_r1_mu010,R1,"R0 (theta=0, matched mu=0.1)",0.0,0.1,patchy_high,32,8,resource_fraction,0.30407466125703436,0.32997785153572157,-0.025903190278687205
pilot_v1_r1_mu010,pilot_v1_r0_r1_mu010,R1,"R0 (theta=0, matched mu=0.1)",0.0,0.1,patchy_high,32,8,reserve_welfare,0.9056671441877922,0.9132507373575948,-0.007583593169802616
pilot_v1_r1_mu010,pilot_v1_r0_r1_mu010,R1,"R0 (theta=0, matched mu=0.1)",0.0,0.1,patchy_high,32,8,need_satisfaction,0.947844129509763,0.9626195452251847,-0.014775415715421625
pilot_v1_r1_mu010,pilot_v1_r0_r1_mu010,R1,"R0 (theta=0, matched mu=0.1)",0.0,0.1,patchy_high,32,8,deprivation_rate,0.05225,0.0375,0.01475
pilot_v1_r1_mu010,pilot_v1_r0_r1_mu010,R1,"R0 (theta=0, matched mu=0.1)",0.0,0.1,patchy_high,32,8,wealth_gini,0.36279184115723484,0.3810391025468238,-0.018247261389588987
pilot_v1_r1_mu010,pilot_v1_r0_r1_mu010,R1,"R0 (theta=0, matched mu=0.1)",0.0,0.1,patchy_high,32,8,perception_error,0.15193271169354838,0.15402318548387098,-0.0020904737903225945
pilot_v1_r1_mu010,pilot_v1_r0_r1_mu010,R1,"R0 (theta=0, matched mu=0.1)",0.0,0.1,patchy_high,32,8,visibility_gini,0.341796875,0.392578125,-0.05078125
pilot_v1_r1_mu010,pilot_v1_r0_r1_mu010,R1,"R0 (theta=0, matched mu=0.1)",0.0,0.1,patchy_high,32,8,majority_mismatch_rate,0.03158989332645255,0.013242601343905692,0.01834729198254686
pilot_v1_r1_mu010,pilot_v1_r0_r1_mu010,R1,"R0 (theta=0, matched mu=0.1)",0.0,0.1,patchy_high,32,9,resource_fraction,0.3125268168576721,0.31421226304823974,-0.001685446190567652
pilot_v1_r1_mu010,pilot_v1_r0_r1_mu010,R1,"R0 (theta=0, matched mu=0.1)",0.0,0.1,patchy_high,32,9,reserve_welfare,0.9696560321209657,0.9773316882327322,-0.00767565611176646
pilot_v1_r1_mu010,pilot_v1_r0_r1_mu010,R1,"R0 (theta=0, matched mu=0.1)",0.0,0.1,patchy_high,32,9,need_satisfaction,0.9909284180034906,0.9873342681680526,0.003594149835438043
pilot_v1_r1_mu010,pilot_v1_r0_r1_mu010,R1,"R0 (theta=0, matched mu=0.1)",0.0,0.1,patchy_high,32,9,deprivation_rate,0.00921875,0.0128125,-0.0035937499999999997
pilot_v1_r1_mu010,pilot_v1_r0_r1_mu010,R1,"R0 (theta=0, matched mu=0.1)",0.0,0.1,patchy_high,32,9,wealth_gini,0.2912395799998302,0.26763914040122727,0.023600439598602918
pilot_v1_r1_mu010,pilot_v1_r0_r1_mu010,R1,"R0 (theta=0, matched mu=0.1)",0.0,0.1,patchy_high,32,9,perception_error,0.10801033266129033,0.13118800403225805,-0.023177671370967726
pilot_v1_r1_mu010,pilot_v1_r0_r1_mu010,R1,"R0 (theta=0, matched mu=0.1)",0.0,0.1,patchy_high,32,9,visibility_gini,0.328125,0.2646484375,0.0634765625
pilot_v1_r1_mu010,pilot_v1_r0_r1_mu010,R1,"R0 (theta=0, matched mu=0.1)",0.0,0.1,patchy_high,32,9,majority_mismatch_rate,0.000787024088786675,0.008977488499758352,-0.008190464410971677
pilot_v1_r1_mu010,pilot_v1_r0_r1_mu010,R1,"R0 (theta=0, matched mu=0.1)",0.0,0.1,patchy_high,64,0,resource_fraction,0.08618891596704782,0.08539655998722862,0.0007923559798192065
pilot_v1_r1_mu010,pilot_v1_r0_r1_mu010,R1,"R0 (theta=0, matched mu=0.1)",0.0,0.1,patchy_high,64,0,reserve_welfare,0.776052493162056,0.7678130163599185,0.008239476802137546
pilot_v1_r1_mu010,pilot_v1_r0_r1_mu010,R1,"R0 (theta=0, matched mu=0.1)",0.0,0.1,patchy_high,64,0,need_satisfaction,0.9188585806556948,0.9066976801116905,0.012160900544004316
pilot_v1_r1_mu010,pilot_v1_r0_r1_mu010,R1,"R0 (theta=0, matched mu=0.1)",0.0,0.1,patchy_high,64,0,deprivation_rate,0.08446875,0.098421875,-0.01395312500000001
pilot_v1_r1_mu010,pilot_v1_r0_r1_mu010,R1,"R0 (theta=0, matched mu=0.1)",0.0,0.1,patchy_high,64,0,wealth_gini,0.3881702024463112,0.4017087957349932,-0.01353859328868201
pilot_v1_r1_mu010,pilot_v1_r0_r1_mu010,R1,"R0 (theta=0, matched mu=0.1)",0.0,0.1,patchy_high,64,0,perception_error,0.15373046875,0.18072848462301586,-0.026998015873015868
pilot_v1_r1_mu010,pilot_v1_r0_r1_mu010,R1,"R0 (theta=0, matched mu=0.1)",0.0,0.1,patchy_high,64,0,visibility_gini,0.405029296875,0.4580078125,-0.052978515625
pilot_v1_r1_mu010,pilot_v1_r0_r1_mu010,R1,"R0 (theta=0, matched mu=0.1)",0.0,0.1,patchy_high,64,0,majority_mismatch_rate,0.01694422417009186,0.13016746884213792,-0.11322324467204606
pilot_v1_r1_mu010,pilot_v1_r0_r1_mu010,R1,"R0 (theta=0, matched mu=0.1)",0.0,0.1,patchy_high,64,1,resource_fraction,0.15792122985373117,0.11873037603299276,0.039190853820738406
pilot_v1_r1_mu010,pilot_v1_r0_r1_mu010,R1,"R0 (theta=0, matched mu=0.1)",0.0,0.1,patchy_high,64,1,reserve_welfare,0.8673878028715203,0.7047182291533136,0.16266957371820667
pilot_v1_r1_mu010,pilot_v1_r0_r1_mu010,R1,"R0 (theta=0, matched mu=0.1)",0.0,0.1,patchy_high,64,1,need_satisfaction,0.95098969521856,0.8714789190192237,0.07951077619933633
pilot_v1_r1_mu010,pilot_v1_r0_r1_mu010,R1,"R0 (theta=0, matched mu=0.1)",0.0,0.1,patchy_high,64,1,deprivation_rate,0.055578125,0.137515625,-0.0819375
pilot_v1_r1_mu010,pilot_v1_r0_r1_mu010,R1,"R0 (theta=0, matched mu=0.1)",0.0,0.1,patchy_high,64,1,wealth_gini,0.4256982973764307,0.523325867187713,-0.09762756981128229
pilot_v1_r1_mu010,pilot_v1_r0_r1_mu010,R1,"R0 (theta=0, matched mu=0.1)",0.0,0.1,patchy_high,64,1,perception_error,0.18333767361111108,0.16398170882936505,0.019355964781746032
pilot_v1_r1_mu010,pilot_v1_r0_r1_mu010,R1,"R0 (theta=0, matched mu=0.1)",0.0,0.1,patchy_high,64,1,visibility_gini,0.4564208984375,0.39697265625,0.0594482421875
pilot_v1_r1_mu010,pilot_v1_r0_r1_mu010,R1,"R0 (theta=0, matched mu=0.1)",0.0,0.1,patchy_high,64,1,majority_mismatch_rate,0.06536603448394401,0.0915413418735055,-0.02617530738956149
pilot_v1_r1_mu010,pilot_v1_r0_r1_mu010,R1,"R0 (theta=0, matched mu=0.1)",0.0,0.1,patchy_high,64,2,resource_fraction,0.11525116459126608,0.11389951423518827,0.001351650356077816
pilot_v1_r1_mu010,pilot_v1_r0_r1_mu010,R1,"R0 (theta=0, matched mu=0.1)",0.0,0.1,patchy_high,64,2,reserve_welfare,0.7892576481612132,0.771051866145294,0.01820578201591927
pilot_v1_r1_mu010,pilot_v1_r0_r1_mu010,R1,"R0 (theta=0, matched mu=0.1)",0.0,0.1,patchy_high,64,2,need_satisfaction,0.9096234869716254,0.904305632505793,0.005317854465832439
pilot_v1_r1_mu010,pilot_v1_r0_r1_mu010,R1,"R0 (theta=0, matched mu=0.1)",0.0,0.1,patchy_high,64,2,deprivation_rate,0.0935,0.098875,-0.005375000000000005
pilot_v1_r1_mu010,pilot_v1_r0_r1_mu010,R1,"R0 (theta=0, matched mu=0.1)",0.0,0.1,patchy_high,64,2,wealth_gini,0.4155526809475856,0.4234962343496431,-0.007943553402057546
pilot_v1_r1_mu010,pilot_v1_r0_r1_mu010,R1,"R0 (theta=0, matched mu=0.1)",0.0,0.1,patchy_high,64,2,perception_error,0.21877139136904772,0.14120820932539682,0.0775631820436509
pilot_v1_r1_mu010,pilot_v1_r0_r1_mu010,R1,"R0 (theta=0, matched mu=0.1)",0.0,0.1,patchy_high,64,2,visibility_gini,0.4095458984375,0.435546875,-0.0260009765625
pilot_v1_r1_mu010,pilot_v1_r0_r1_mu010,R1,"R0 (theta=0, matched mu=0.1)",0.0,0.1,patchy_high,64,2,majority_mismatch_rate,0.25044370606817257,0.05944481674424175,0.19099888932393083
pilot_v1_r1_mu010,pilot_v1_r0_r1_mu010,R1,"R0 (theta=0, matched mu=0.1)",0.0,0.1,patchy_high,64,3,resource_fraction,0.0788546341751546,0.08743200195420278,-0.008577367779048176
pilot_v1_r1_mu010,pilot_v1_r0_r1_mu010,R1,"R0 (theta=0, matched mu=0.1)",0.0,0.1,patchy_high,64,3,reserve_welfare,0.715911748620564,0.726848970965468,-0.010937222344904018
pilot_v1_r1_mu010,pilot_v1_r0_r1_mu010,R1,"R0 (theta=0, matched mu=0.1)",0.0,0.1,patchy_high,64,3,need_satisfaction,0.8961241756324904,0.898156485577472,-0.002032309944981603
pilot_v1_r1_mu010,pilot_v1_r0_r1_mu010,R1,"R0 (theta=0, matched mu=0.1)",0.0,0.1,patchy_high,64,3,deprivation_rate,0.10753125,0.1059375,0.001593749999999991
pilot_v1_r1_mu010,pilot_v1_r0_r1_mu010,R1,"R0 (theta=0, matched mu=0.1)",0.0,0.1,patchy_high,64,3,wealth_gini,0.404558095428579,0.4205244617037478,-0.015966366275168786
pilot_v1_r1_mu010,pilot_v1_r0_r1_mu010,R1,"R0 (theta=0, matched mu=0.1)",0.0,0.1,patchy_high,64,3,perception_error,0.15511173115079363,0.15815612599206344,-0.0030443948412698096
pilot_v1_r1_mu010,pilot_v1_r0_r1_mu010,R1,"R0 (theta=0, matched mu=0.1)",0.0,0.1,patchy_high,64,3,visibility_gini,0.394775390625,0.3560791015625,0.0386962890625
pilot_v1_r1_mu010,pilot_v1_r0_r1_mu010,R1,"R0 (theta=0, matched mu=0.1)",0.0,0.1,patchy_high,64,3,majority_mismatch_rate,0.0344596235398752,0.01886918769861539,0.015590435841259812
pilot_v1_r1_mu010,pilot_v1_r0_r1_mu010,R1,"R0 (theta=0, matched mu=0.1)",0.0,0.1,patchy_high,64,4,resource_fraction,0.11223302537002905,0.12968481404333126,-0.017451788673302215
pilot_v1_r1_mu010,pilot_v1_r0_r1_mu010,R1,"R0 (theta=0, matched mu=0.1)",0.0,0.1,patchy_high,64,4,reserve_welfare,0.7538270139893227,0.8454779155742289,-0.09165090158490619
pilot_v1_r1_mu010,pilot_v1_r0_r1_mu010,R1,"R0 (theta=0, matched mu=0.1)",0.0,0.1,patchy_high,64,4,need_satisfaction,0.9138142737750029,0.9501711778445642,-0.03635690406956127
pilot_v1_r1_mu010,pilot_v1_r0_r1_mu010,R1,"R0 (theta=0, matched mu=0.1)",0.0,0.1,patchy_high,64,4,deprivation_rate,0.087703125,0.055859375,0.031843750000000004
pilot_v1_r1_mu010,pilot_v1_r0_r1_mu010,R1,"R0 (theta=0, matched mu=0.1)",0.0,0.1,patchy_high,64,4,wealth_gini,0.4534044759418734,0.39568566775680014,0.057718808185073245
pilot_v1_r1_mu010,pilot_v1_r0_r1_mu010,R1,"R0 (theta=0, matched mu=0.1)",0.0,0.1,patchy_high,64,4,perception_error,0.16906876240079358,0.20184300595238103,-0.03277424355158745
pilot_v1_r1_mu010,pilot_v1_r0_r1_mu010,R1,"R0 (theta=0, matched mu=0.1)",0.0,0.1,patchy_high,64,4,visibility_gini,0.3736572265625,0.3763427734375,-0.002685546875
pilot_v1_r1_mu010,pilot_v1_r0_r1_mu010,R1,"R0 (theta=0, matched mu=0.1)",0.0,0.1,patchy_high,64,4,majority_mismatch_rate,0.022640974320855652,0.20826658891218466,-0.185625614591329
pilot_v1_r1_mu010,pilot_v1_r0_r1_mu010,R1,"R0 (theta=0, matched mu=0.1)",0.0,0.1,patchy_high,64,5,resource_fraction,0.1284869135379866,0.13742797333170365,-0.008941059793717038
pilot_v1_r1_mu010,pilot_v1_r0_r1_mu010,R1,"R0 (theta=0, matched mu=0.1)",0.0,0.1,patchy_high,64,5,reserve_welfare,0.8499583838713763,0.8680684156838672,-0.018110031812490823
pilot_v1_r1_mu010,pilot_v1_r0_r1_mu010,R1,"R0 (theta=0, matched mu=0.1)",0.0,0.1,patchy_high,64,5,need_satisfaction,0.9383965686456283,0.962331977379864,-0.02393540873423572
pilot_v1_r1_mu010,pilot_v1_r0_r1_mu010,R1,"R0 (theta=0, matched mu=0.1)",0.0,0.1,patchy_high,64,5,deprivation_rate,0.06259375,0.04225,0.02034375
pilot_v1_r1_mu010,pilot_v1_r0_r1_mu010,R1,"R0 (theta=0, matched mu=0.1)",0.0,0.1,patchy_high,64,5,wealth_gini,0.4203087957113938,0.3983281523234783,0.0219806433879155
pilot_v1_r1_mu010,pilot_v1_r0_r1_mu010,R1,"R0 (theta=0, matched mu=0.1)",0.0,0.1,patchy_high,64,5,perception_error,0.13186272321428572,0.17067745535714285,-0.03881473214285713
pilot_v1_r1_mu010,pilot_v1_r0_r1_mu010,R1,"R0 (theta=0, matched mu=0.1)",0.0,0.1,patchy_high,64,5,visibility_gini,0.3372802734375,0.39111328125,-0.0538330078125
pilot_v1_r1_mu010,pilot_v1_r0_r1_mu010,R1,"R0 (theta=0, matched mu=0.1)",0.0,0.1,patchy_high,64,5,majority_mismatch_rate,0.03822793120306333,0.07129159890137865,-0.03306366769831532
pilot_v1_r1_mu010,pilot_v1_r0_r1_mu010,R1,"R0 (theta=0, matched mu=0.1)",0.0,0.1,patchy_high,64,6,resource_fraction,0.1064299355675189,0.1194694690053117,-0.013039533437792808
pilot_v1_r1_mu010,pilot_v1_r0_r1_mu010,R1,"R0 (theta=0, matched mu=0.1)",0.0,0.1,patchy_high,64,6,reserve_welfare,0.714258002769823,0.7436703769912726,-0.0294123742214496
pilot_v1_r1_mu010,pilot_v1_r0_r1_mu010,R1,"R0 (theta=0, matched mu=0.1)",0.0,0.1,patchy_high,64,6,need_satisfaction,0.8755860504504437,0.8914342755494621,-0.015848225099018398
pilot_v1_r1_mu010,pilot_v1_r0_r1_mu010,R1,"R0 (theta=0, matched mu=0.1)",0.0,0.1,patchy_high,64,6,deprivation_rate,0.129359375,0.1148125,0.014546875
pilot_v1_r1_mu010,pilot_v1_r0_r1_mu010,R1,"R0 (theta=0, matched mu=0.1)",0.0,0.1,patchy_high,64,6,wealth_gini,0.44494108970274193,0.43242882199674293,0.012512267705999003
pilot_v1_r1_mu010,pilot_v1_r0_r1_mu010,R1,"R0 (theta=0, matched mu=0.1)",0.0,0.1,patchy_high,64,6,perception_error,0.19284796626984127,0.2306803695436508,-0.03783240327380952
pilot_v1_r1_mu010,pilot_v1_r0_r1_mu010,R1,"R0 (theta=0, matched mu=0.1)",0.0,0.1,patchy_high,64,6,visibility_gini,0.46337890625,0.380615234375,0.082763671875
pilot_v1_r1_mu010,pilot_v1_r0_r1_mu010,R1,"R0 (theta=0, matched mu=0.1)",0.0,0.1,patchy_high,64,6,majority_mismatch_rate,0.11335386262308303,0.29476319489411734,-0.1814093322710343
pilot_v1_r1_mu010,pilot_v1_r0_r1_mu010,R1,"R0 (theta=0, matched mu=0.1)",0.0,0.1,patchy_high,64,7,resource_fraction,0.11720685547469577,0.12204228436571408,-0.004835428891018317
pilot_v1_r1_mu010,pilot_v1_r0_r1_mu010,R1,"R0 (theta=0, matched mu=0.1)",0.0,0.1,patchy_high,64,7,reserve_welfare,0.6880250970014051,0.7159872799605496,-0.027962182959144433
pilot_v1_r1_mu010,pilot_v1_r0_r1_mu010,R1,"R0 (theta=0, matched mu=0.1)",0.0,0.1,patchy_high,64,7,need_satisfaction,0.8487007864741537,0.8720743298259462,-0.023373543351792536
pilot_v1_r1_mu010,pilot_v1_r0_r1_mu010,R1,"R0 (theta=0, matched mu=0.1)",0.0,0.1,patchy_high,64,7,deprivation_rate,0.1605625,0.135828125,0.024734375000000003
pilot_v1_r1_mu010,pilot_v1_r0_r1_mu010,R1,"R0 (theta=0, matched mu=0.1)",0.0,0.1,patchy_high,64,7,wealth_gini,0.5476525845545508,0.5249493135697207,0.02270327098483005
pilot_v1_r1_mu010,pilot_v1_r0_r1_mu010,R1,"R0 (theta=0, matched mu=0.1)",0.0,0.1,patchy_high,64,7,perception_error,0.15933891369047615,0.1699893353174603,-0.010650421626984152
pilot_v1_r1_mu010,pilot_v1_r0_r1_mu010,R1,"R0 (theta=0, matched mu=0.1)",0.0,0.1,patchy_high,64,7,visibility_gini,0.3743896484375,0.3643798828125,0.010009765625
pilot_v1_r1_mu010,pilot_v1_r0_r1_mu010,R1,"R0 (theta=0, matched mu=0.1)",0.0,0.1,patchy_high,64,7,majority_mismatch_rate,0.001459756017260879,0.0373892854630644,-0.03592952944580352
pilot_v1_r1_mu010,pilot_v1_r0_r1_mu010,R1,"R0 (theta=0, matched mu=0.1)",0.0,0.1,patchy_high,64,8,resource_fraction,0.12366241434257631,0.07816170130760969,0.045500713034966625
pilot_v1_r1_mu010,pilot_v1_r0_r1_mu010,R1,"R0 (theta=0, matched mu=0.1)",0.0,0.1,patchy_high,64,8,reserve_welfare,0.7476715100086626,0.6068553213143227,0.14081618869433987
pilot_v1_r1_mu010,pilot_v1_r0_r1_mu010,R1,"R0 (theta=0, matched mu=0.1)",0.0,0.1,patchy_high,64,8,need_satisfaction,0.8805823901056286,0.8223376196651363,0.058244770440492255
pilot_v1_r1_mu010,pilot_v1_r0_r1_mu010,R1,"R0 (theta=0, matched mu=0.1)",0.0,0.1,patchy_high,64,8,deprivation_rate,0.12046875,0.177984375,-0.057515625
pilot_v1_r1_mu010,pilot_v1_r0_r1_mu010,R1,"R0 (theta=0, matched mu=0.1)",0.0,0.1,patchy_high,64,8,wealth_gini,0.4846040614130245,0.4954924904523619,-0.0108884290393374
pilot_v1_r1_mu010,pilot_v1_r0_r1_mu010,R1,"R0 (theta=0, matched mu=0.1)",0.0,0.1,patchy_high,64,8,perception_error,0.1883763020833333,0.2066109871031746,-0.018234685019841296
pilot_v1_r1_mu010,pilot_v1_r0_r1_mu010,R1,"R0 (theta=0, matched mu=0.1)",0.0,0.1,patchy_high,64,8,visibility_gini,0.4022216796875,0.4229736328125,-0.020751953125
pilot_v1_r1_mu010,pilot_v1_r0_r1_mu010,R1,"R0 (theta=0, matched mu=0.1)",0.0,0.1,patchy_high,64,8,majority_mismatch_rate,0.5255122903690473,0.3770624748550729,0.14844981551397446
pilot_v1_r1_mu010,pilot_v1_r0_r1_mu010,R1,"R0 (theta=0, matched mu=0.1)",0.0,0.1,patchy_high,64,9,resource_fraction,0.09372184876582441,0.0796384836670193,0.014083365098805117
pilot_v1_r1_mu010,pilot_v1_r0_r1_mu010,R1,"R0 (theta=0, matched mu=0.1)",0.0,0.1,patchy_high,64,9,reserve_welfare,0.7899734127126764,0.7395374137084072,0.050435999004269205
pilot_v1_r1_mu010,pilot_v1_r0_r1_mu010,R1,"R0 (theta=0, matched mu=0.1)",0.0,0.1,patchy_high,64,9,need_satisfaction,0.9241185257265916,0.8964477686161639,0.027670757110427657
pilot_v1_r1_mu010,pilot_v1_r0_r1_mu010,R1,"R0 (theta=0, matched mu=0.1)",0.0,0.1,patchy_high,64,9,deprivation_rate,0.081234375,0.109890625,-0.028656250000000008
pilot_v1_r1_mu010,pilot_v1_r0_r1_mu010,R1,"R0 (theta=0, matched mu=0.1)",0.0,0.1,patchy_high,64,9,wealth_gini,0.3888076668699112,0.4052206862575989,-0.01641301938768769
pilot_v1_r1_mu010,pilot_v1_r0_r1_mu010,R1,"R0 (theta=0, matched mu=0.1)",0.0,0.1,patchy_high,64,9,perception_error,0.15477771577380953,0.13103862847222222,0.023739087301587303
pilot_v1_r1_mu010,pilot_v1_r0_r1_mu010,R1,"R0 (theta=0, matched mu=0.1)",0.0,0.1,patchy_high,64,9,visibility_gini,0.3748779296875,0.38671875,-0.0118408203125
pilot_v1_r1_mu010,pilot_v1_r0_r1_mu010,R1,"R0 (theta=0, matched mu=0.1)",0.0,0.1,patchy_high,64,9,majority_mismatch_rate,0.017116576571001588,0.00459315649039791,0.012523420080603677
pilot_v1_r1_mu010,pilot_v1_r0_r1_mu010,R1,"R0 (theta=0, matched mu=0.1)",0.0,0.1,split_high_low,32,0,resource_fraction,0.40148706378850874,0.38092736183482867,0.020559701953680065
pilot_v1_r1_mu010,pilot_v1_r0_r1_mu010,R1,"R0 (theta=0, matched mu=0.1)",0.0,0.1,split_high_low,32,0,reserve_welfare,0.8154123075747218,0.8086960752568958,0.006716232317826032
pilot_v1_r1_mu010,pilot_v1_r0_r1_mu010,R1,"R0 (theta=0, matched mu=0.1)",0.0,0.1,split_high_low,32,0,need_satisfaction,0.9227846103624616,0.9182533673942712,0.004531242968190408
pilot_v1_r1_mu010,pilot_v1_r0_r1_mu010,R1,"R0 (theta=0, matched mu=0.1)",0.0,0.1,split_high_low,32,0,deprivation_rate,0.0856875,0.09040625,-0.004718749999999994
pilot_v1_r1_mu010,pilot_v1_r0_r1_mu010,R1,"R0 (theta=0, matched mu=0.1)",0.0,0.1,split_high_low,32,0,wealth_gini,0.5328892275696757,0.5023183785849885,0.030570848984687204
pilot_v1_r1_mu010,pilot_v1_r0_r1_mu010,R1,"R0 (theta=0, matched mu=0.1)",0.0,0.1,split_high_low,32,0,perception_error,0.17284425403225803,0.12644405241935486,0.046400201612903175
pilot_v1_r1_mu010,pilot_v1_r0_r1_mu010,R1,"R0 (theta=0, matched mu=0.1)",0.0,0.1,split_high_low,32,0,visibility_gini,0.251953125,0.2109375,0.041015625
pilot_v1_r1_mu010,pilot_v1_r0_r1_mu010,R1,"R0 (theta=0, matched mu=0.1)",0.0,0.1,split_high_low,32,0,majority_mismatch_rate,0.0737024013024013,0.00020607671074856837,0.07349632459165273
pilot_v1_r1_mu010,pilot_v1_r0_r1_mu010,R1,"R0 (theta=0, matched mu=0.1)",0.0,0.1,split_high_low,32,1,resource_fraction,0.3658602294039539,0.35521055470847873,0.010649674695475175
pilot_v1_r1_mu010,pilot_v1_r0_r1_mu010,R1,"R0 (theta=0, matched mu=0.1)",0.0,0.1,split_high_low,32,1,reserve_welfare,0.8191668509333838,0.8192627939748922,-9.594304150839505e-05
pilot_v1_r1_mu010,pilot_v1_r0_r1_mu010,R1,"R0 (theta=0, matched mu=0.1)",0.0,0.1,split_high_low,32,1,need_satisfaction,0.9213539451507712,0.9214131504923274,-5.920534155623436e-05
pilot_v1_r1_mu010,pilot_v1_r0_r1_mu010,R1,"R0 (theta=0, matched mu=0.1)",0.0,0.1,split_high_low,32,1,deprivation_rate,0.0924375,0.0923125,0.0001250000000000001
pilot_v1_r1_mu010,pilot_v1_r0_r1_mu010,R1,"R0 (theta=0, matched mu=0.1)",0.0,0.1,split_high_low,32,1,wealth_gini,0.5509003946038766,0.5382822185921718,0.012618176011704785
pilot_v1_r1_mu010,pilot_v1_r0_r1_mu010,R1,"R0 (theta=0, matched mu=0.1)",0.0,0.1,split_high_low,32,1,perception_error,0.13456275201612902,0.07978351814516128,0.05477923387096774
pilot_v1_r1_mu010,pilot_v1_r0_r1_mu010,R1,"R0 (theta=0, matched mu=0.1)",0.0,0.1,split_high_low,32,1,visibility_gini,0.2607421875,0.2763671875,-0.015625
pilot_v1_r1_mu010,pilot_v1_r0_r1_mu010,R1,"R0 (theta=0, matched mu=0.1)",0.0,0.1,split_high_low,32,1,majority_mismatch_rate,0.0011529125844915319,0.0005555089390788477,0.0005974036454126842
pilot_v1_r1_mu010,pilot_v1_r0_r1_mu010,R1,"R0 (theta=0, matched mu=0.1)",0.0,0.1,split_high_low,32,2,resource_fraction,0.27971295509106253,0.280065757836054,-0.0003528027449914428
pilot_v1_r1_mu010,pilot_v1_r0_r1_mu010,R1,"R0 (theta=0, matched mu=0.1)",0.0,0.1,split_high_low,32,2,reserve_welfare,0.8323479534864638,0.8337301946083251,-0.0013822411218612496
pilot_v1_r1_mu010,pilot_v1_r0_r1_mu010,R1,"R0 (theta=0, matched mu=0.1)",0.0,0.1,split_high_low,32,2,need_satisfaction,0.9517552499196346,0.952808409411043,-0.0010531594914083842
pilot_v1_r1_mu010,pilot_v1_r0_r1_mu010,R1,"R0 (theta=0, matched mu=0.1)",0.0,0.1,split_high_low,32,2,deprivation_rate,0.0609375,0.05959375,0.0013437499999999977
pilot_v1_r1_mu010,pilot_v1_r0_r1_mu010,R1,"R0 (theta=0, matched mu=0.1)",0.0,0.1,split_high_low,32,2,wealth_gini,0.4828494554061442,0.4828238044706654,2.5650935478793713e-05
pilot_v1_r1_mu010,pilot_v1_r0_r1_mu010,R1,"R0 (theta=0, matched mu=0.1)",0.0,0.1,split_high_low,32,2,perception_error,0.05222404233870968,0.08341910282258064,-0.03119506048387096
pilot_v1_r1_mu010,pilot_v1_r0_r1_mu010,R1,"R0 (theta=0, matched mu=0.1)",0.0,0.1,split_high_low,32,2,visibility_gini,0.30859375,0.28466796875,0.02392578125
pilot_v1_r1_mu010,pilot_v1_r0_r1_mu010,R1,"R0 (theta=0, matched mu=0.1)",0.0,0.1,split_high_low,32,2,majority_mismatch_rate,0.00024166666666666667,0.0003723201763173712,-0.00013065350965070456
pilot_v1_r1_mu010,pilot_v1_r0_r1_mu010,R1,"R0 (theta=0, matched mu=0.1)",0.0,0.1,split_high_low,32,3,resource_fraction,0.31386205315292204,0.311914268653254,0.0019477844996680371
pilot_v1_r1_mu010,pilot_v1_r0_r1_mu010,R1,"R0 (theta=0, matched mu=0.1)",0.0,0.1,split_high_low,32,3,reserve_welfare,0.8211890072300583,0.8185354368600729,0.0026535703699853697
pilot_v1_r1_mu010,pilot_v1_r0_r1_mu010,R1,"R0 (theta=0, matched mu=0.1)",0.0,0.1,split_high_low,32,3,need_satisfaction,0.9297794764849063,0.9274157183093391,0.002363758175567221
pilot_v1_r1_mu010,pilot_v1_r0_r1_mu010,R1,"R0 (theta=0, matched mu=0.1)",0.0,0.1,split_high_low,32,3,deprivation_rate,0.0784375,0.0810625,-0.0026250000000000023
pilot_v1_r1_mu010,pilot_v1_r0_r1_mu010,R1,"R0 (theta=0, matched mu=0.1)",0.0,0.1,split_high_low,32,3,wealth_gini,0.4778156795663937,0.47854860985949466,-0.0007329302931009529
pilot_v1_r1_mu010,pilot_v1_r0_r1_mu010,R1,"R0 (theta=0, matched mu=0.1)",0.0,0.1,split_high_low,32,3,perception_error,0.13689894153225807,0.1621625504032258,-0.025263608870967735
pilot_v1_r1_mu010,pilot_v1_r0_r1_mu010,R1,"R0 (theta=0, matched mu=0.1)",0.0,0.1,split_high_low,32,3,visibility_gini,0.3271484375,0.4091796875,-0.08203125
pilot_v1_r1_mu010,pilot_v1_r0_r1_mu010,R1,"R0 (theta=0, matched mu=0.1)",0.0,0.1,split_high_low,32,3,majority_mismatch_rate,0.010709713766437904,0.004131544325239977,0.006578169441197926
pilot_v1_r1_mu010,pilot_v1_r0_r1_mu010,R1,"R0 (theta=0, matched mu=0.1)",0.0,0.1,split_high_low,32,4,resource_fraction,0.2710658499512082,0.3248542264657094,-0.05378837651450119
pilot_v1_r1_mu010,pilot_v1_r0_r1_mu010,R1,"R0 (theta=0, matched mu=0.1)",0.0,0.1,split_high_low,32,4,reserve_welfare,0.9348971317810683,0.9588606459545531,-0.023963514173484857
pilot_v1_r1_mu010,pilot_v1_r0_r1_mu010,R1,"R0 (theta=0, matched mu=0.1)",0.0,0.1,split_high_low,32,4,need_satisfaction,0.9913214537965849,1.0,-0.008678546203415127
pilot_v1_r1_mu010,pilot_v1_r0_r1_mu010,R1,"R0 (theta=0, matched mu=0.1)",0.0,0.1,split_high_low,32,4,deprivation_rate,0.0100625,0.0,0.0100625
pilot_v1_r1_mu010,pilot_v1_r0_r1_mu010,R1,"R0 (theta=0, matched mu=0.1)",0.0,0.1,split_high_low,32,4,wealth_gini,0.43765679008956626,0.4095158059568216,0.028140984132744684
pilot_v1_r1_mu010,pilot_v1_r0_r1_mu010,R1,"R0 (theta=0, matched mu=0.1)",0.0,0.1,split_high_low,32,4,perception_error,0.13067842741935484,0.1790491431451613,-0.04837071572580645
pilot_v1_r1_mu010,pilot_v1_r0_r1_mu010,R1,"R0 (theta=0, matched mu=0.1)",0.0,0.1,split_high_low,32,4,visibility_gini,0.27783203125,0.29296875,-0.01513671875
pilot_v1_r1_mu010,pilot_v1_r0_r1_mu010,R1,"R0 (theta=0, matched mu=0.1)",0.0,0.1,split_high_low,32,4,majority_mismatch_rate,0.008614030091772026,0.20431674776078473,-0.1957027176690127
pilot_v1_r1_mu010,pilot_v1_r0_r1_mu010,R1,"R0 (theta=0, matched mu=0.1)",0.0,0.1,split_high_low,32,5,resource_fraction,0.28768870238170485,0.3129933658374064,-0.025304663455701537
pilot_v1_r1_mu010,pilot_v1_r0_r1_mu010,R1,"R0 (theta=0, matched mu=0.1)",0.0,0.1,split_high_low,32,5,reserve_welfare,0.9117138279801211,0.9322958952728194,-0.02058206729269829
pilot_v1_r1_mu010,pilot_v1_r0_r1_mu010,R1,"R0 (theta=0, matched mu=0.1)",0.0,0.1,split_high_low,32,5,need_satisfaction,0.9785954844458804,0.9788404577911402,-0.0002449733452597469
pilot_v1_r1_mu010,pilot_v1_r0_r1_mu010,R1,"R0 (theta=0, matched mu=0.1)",0.0,0.1,split_high_low,32,5,deprivation_rate,0.0219375,0.02165625,0.00028125000000000025
pilot_v1_r1_mu010,pilot_v1_r0_r1_mu010,R1,"R0 (theta=0, matched mu=0.1)",0.0,0.1,split_high_low,32,5,wealth_gini,0.45339602986663396,0.43604006201410006,0.017355967852533905
pilot_v1_r1_mu010,pilot_v1_r0_r1_mu010,R1,"R0 (theta=0, matched mu=0.1)",0.0,0.1,split_high_low,32,5,perception_error,0.1003712197580645,0.15159879032258067,-0.05122757056451617
pilot_v1_r1_mu010,pilot_v1_r0_r1_mu010,R1,"R0 (theta=0, matched mu=0.1)",0.0,0.1,split_high_low,32,5,visibility_gini,0.29052734375,0.2958984375,-0.00537109375
pilot_v1_r1_mu010,pilot_v1_r0_r1_mu010,R1,"R0 (theta=0, matched mu=0.1)",0.0,0.1,split_high_low,32,5,majority_mismatch_rate,0.0021900205189335623,0.008033997186388489,-0.005843976667454927
pilot_v1_r1_mu010,pilot_v1_r0_r1_mu010,R1,"R0 (theta=0, matched mu=0.1)",0.0,0.1,split_high_low,32,6,resource_fraction,0.2555537949904466,0.28917916192418486,-0.03362536693373824
pilot_v1_r1_mu010,pilot_v1_r0_r1_mu010,R1,"R0 (theta=0, matched mu=0.1)",0.0,0.1,split_high_low,32,6,reserve_welfare,0.9177926516224166,0.9475173881135278,-0.02972473649111118
pilot_v1_r1_mu010,pilot_v1_r0_r1_mu010,R1,"R0 (theta=0, matched mu=0.1)",0.0,0.1,split_high_low,32,6,need_satisfaction,0.9790646334845545,0.9928028221161255,-0.013738188631570947
pilot_v1_r1_mu010,pilot_v1_r0_r1_mu010,R1,"R0 (theta=0, matched mu=0.1)",0.0,0.1,split_high_low,32,6,deprivation_rate,0.0209375,0.00725,0.013687500000000002
pilot_v1_r1_mu010,pilot_v1_r0_r1_mu010,R1,"R0 (theta=0, matched mu=0.1)",0.0,0.1,split_high_low,32,6,wealth_gini,0.42129949492155827,0.41260140647534116,0.008698088446217112
pilot_v1_r1_mu010,pilot_v1_r0_r1_mu010,R1,"R0 (theta=0, matched mu=0.1)",0.0,0.1,split_high_low,32,6,perception_error,0.07593321572580644,0.15679637096774196,-0.08086315524193552
pilot_v1_r1_mu010,pilot_v1_r0_r1_mu010,R1,"R0 (theta=0, matched mu=0.1)",0.0,0.1,split_high_low,32,6,visibility_gini,0.24951171875,0.30078125,-0.05126953125
pilot_v1_r1_mu010,pilot_v1_r0_r1_mu010,R1,"R0 (theta=0, matched mu=0.1)",0.0,0.1,split_high_low,32,6,majority_mismatch_rate,0.003558622561013865,0.03410577148086966,-0.030547148919855792
pilot_v1_r1_mu010,pilot_v1_r0_r1_mu010,R1,"R0 (theta=0, matched mu=0.1)",0.0,0.1,split_high_low,32,7,resource_fraction,0.31631760244633006,0.3338390916955347,-0.017521489249204658
pilot_v1_r1_mu010,pilot_v1_r0_r1_mu010,R1,"R0 (theta=0, matched mu=0.1)",0.0,0.1,split_high_low,32,7,reserve_welfare,0.8121641173838788,0.8417483054152142,-0.029584188031335334
pilot_v1_r1_mu010,pilot_v1_r0_r1_mu010,R1,"R0 (theta=0, matched mu=0.1)",0.0,0.1,split_high_low,32,7,need_satisfaction,0.9216214478958985,0.9462389460241862,-0.02461749812828773
pilot_v1_r1_mu010,pilot_v1_r0_r1_mu010,R1,"R0 (theta=0, matched mu=0.1)",0.0,0.1,split_high_low,32,7,deprivation_rate,0.0838125,0.05671875,0.02709375
pilot_v1_r1_mu010,pilot_v1_r0_r1_mu010,R1,"R0 (theta=0, matched mu=0.1)",0.0,0.1,split_high_low,32,7,wealth_gini,0.49551915750859066,0.49734321395976555,-0.0018240564511748936
pilot_v1_r1_mu010,pilot_v1_r0_r1_mu010,R1,"R0 (theta=0, matched mu=0.1)",0.0,0.1,split_high_low,32,7,perception_error,0.14380090725806452,0.15045640120967743,-0.006655493951612912
pilot_v1_r1_mu010,pilot_v1_r0_r1_mu010,R1,"R0 (theta=0, matched mu=0.1)",0.0,0.1,split_high_low,32,7,visibility_gini,0.3505859375,0.32763671875,0.02294921875
pilot_v1_r1_mu010,pilot_v1_r0_r1_mu010,R1,"R0 (theta=0, matched mu=0.1)",0.0,0.1,split_high_low,32,7,majority_mismatch_rate,0.005196801995827483,0.007320079629923901,-0.0021232776340964184
pilot_v1_r1_mu010,pilot_v1_r0_r1_mu010,R1,"R0 (theta=0, matched mu=0.1)",0.0,0.1,split_high_low,32,8,resource_fraction,0.3353128896080989,0.34392968778218447,-0.00861679817408556
pilot_v1_r1_mu010,pilot_v1_r0_r1_mu010,R1,"R0 (theta=0, matched mu=0.1)",0.0,0.1,split_high_low,32,8,reserve_welfare,0.793869818888405,0.781240020268024,0.01262979862038105
pilot_v1_r1_mu010,pilot_v1_r0_r1_mu010,R1,"R0 (theta=0, matched mu=0.1)",0.0,0.1,split_high_low,32,8,need_satisfaction,0.8988454385268149,0.8926705565706186,0.00617488195619631
pilot_v1_r1_mu010,pilot_v1_r0_r1_mu010,R1,"R0 (theta=0, matched mu=0.1)",0.0,0.1,split_high_low,32,8,deprivation_rate,0.10409375,0.11059375,-0.006500000000000006
pilot_v1_r1_mu010,pilot_v1_r0_r1_mu010,R1,"R0 (theta=0, matched mu=0.1)",0.0,0.1,split_high_low,32,8,wealth_gini,0.5272475042260083,0.5177121008298318,0.009535403396176534
pilot_v1_r1_mu010,pilot_v1_r0_r1_mu010,R1,"R0 (theta=0, matched mu=0.1)",0.0,0.1,split_high_low,32,8,perception_error,0.20286013104838707,0.15140498991935483,0.05145514112903224
pilot_v1_r1_mu010,pilot_v1_r0_r1_mu010,R1,"R0 (theta=0, matched mu=0.1)",0.0,0.1,split_high_low,32,8,visibility_gini,0.33935546875,0.42041015625,-0.0810546875
pilot_v1_r1_mu010,pilot_v1_r0_r1_mu010,R1,"R0 (theta=0, matched mu=0.1)",0.0,0.1,split_high_low,32,8,majority_mismatch_rate,0.14096720685111988,0.03415833028802826,0.10680887656309163
pilot_v1_r1_mu010,pilot_v1_r0_r1_mu010,R1,"R0 (theta=0, matched mu=0.1)",0.0,0.1,split_high_low,32,9,resource_fraction,0.2676740696945336,0.3720918141473171,-0.10441774445278351
pilot_v1_r1_mu010,pilot_v1_r0_r1_mu010,R1,"R0 (theta=0, matched mu=0.1)",0.0,0.1,split_high_low,32,9,reserve_welfare,0.8820415550529237,0.9326906946990036,-0.050649139646079866
pilot_v1_r1_mu010,pilot_v1_r0_r1_mu010,R1,"R0 (theta=0, matched mu=0.1)",0.0,0.1,split_high_low,32,9,need_satisfaction,0.9586415796627779,0.9788288457715605,-0.02018726610878263
pilot_v1_r1_mu010,pilot_v1_r0_r1_mu010,R1,"R0 (theta=0, matched mu=0.1)",0.0,0.1,split_high_low,32,9,deprivation_rate,0.0448125,0.0240625,0.020749999999999998
pilot_v1_r1_mu010,pilot_v1_r0_r1_mu010,R1,"R0 (theta=0, matched mu=0.1)",0.0,0.1,split_high_low,32,9,wealth_gini,0.42578794397272235,0.41704446105022686,0.008743482922495494
pilot_v1_r1_mu010,pilot_v1_r0_r1_mu010,R1,"R0 (theta=0, matched mu=0.1)",0.0,0.1,split_high_low,32,9,perception_error,0.12578629032258068,0.22172857862903225,-0.09594228830645157
pilot_v1_r1_mu010,pilot_v1_r0_r1_mu010,R1,"R0 (theta=0, matched mu=0.1)",0.0,0.1,split_high_low,32,9,visibility_gini,0.34814453125,0.31689453125,0.03125
pilot_v1_r1_mu010,pilot_v1_r0_r1_mu010,R1,"R0 (theta=0, matched mu=0.1)",0.0,0.1,split_high_low,32,9,majority_mismatch_rate,0.0033121878504637128,0.16676679729593524,-0.16345460944547152
pilot_v1_r1_mu010,pilot_v1_r0_r1_mu010,R1,"R0 (theta=0, matched mu=0.1)",0.0,0.1,split_high_low,64,0,resource_fraction,0.0924214058485364,0.14469900074904465,-0.05227759490050825
pilot_v1_r1_mu010,pilot_v1_r0_r1_mu010,R1,"R0 (theta=0, matched mu=0.1)",0.0,0.1,split_high_low,64,0,reserve_welfare,0.649552898173522,0.6881075184616793,-0.03855462028815726
pilot_v1_r1_mu010,pilot_v1_r0_r1_mu010,R1,"R0 (theta=0, matched mu=0.1)",0.0,0.1,split_high_low,64,0,need_satisfaction,0.8044703787203705,0.8381772101486249,-0.03370683142825437
pilot_v1_r1_mu010,pilot_v1_r0_r1_mu010,R1,"R0 (theta=0, matched mu=0.1)",0.0,0.1,split_high_low,64,0,deprivation_rate,0.200578125,0.169015625,0.03156249999999999
pilot_v1_r1_mu010,pilot_v1_r0_r1_mu010,R1,"R0 (theta=0, matched mu=0.1)",0.0,0.1,split_high_low,64,0,wealth_gini,0.5935840840666571,0.611991931140742,-0.018407847074084938
pilot_v1_r1_mu010,pilot_v1_r0_r1_mu010,R1,"R0 (theta=0, matched mu=0.1)",0.0,0.1,split_high_low,64,0,perception_error,0.16871013144841274,0.2047899305555555,-0.03607979910714276
pilot_v1_r1_mu010,pilot_v1_r0_r1_mu010,R1,"R0 (theta=0, matched mu=0.1)",0.0,0.1,split_high_low,64,0,visibility_gini,0.45068359375,0.3853759765625,0.0653076171875
pilot_v1_r1_mu010,pilot_v1_r0_r1_mu010,R1,"R0 (theta=0, matched mu=0.1)",0.0,0.1,split_high_low,64,0,majority_mismatch_rate,0.043990673840177304,0.10440601283358965,-0.060415338993412344
pilot_v1_r1_mu010,pilot_v1_r0_r1_mu010,R1,"R0 (theta=0, matched mu=0.1)",0.0,0.1,split_high_low,64,1,resource_fraction,0.1362837197198087,0.14330009413557102,-0.007016374415762305
pilot_v1_r1_mu010,pilot_v1_r0_r1_mu010,R1,"R0 (theta=0, matched mu=0.1)",0.0,0.1,split_high_low,64,1,reserve_welfare,0.61315237908512,0.6332978723938353,-0.02014549330871529
pilot_v1_r1_mu010,pilot_v1_r0_r1_mu010,R1,"R0 (theta=0, matched mu=0.1)",0.0,0.1,split_high_low,64,1,need_satisfaction,0.8034034640382929,0.8179084079716312,-0.014504943933338343
pilot_v1_r1_mu010,pilot_v1_r0_r1_mu010,R1,"R0 (theta=0, matched mu=0.1)",0.0,0.1,split_high_low,64,1,deprivation_rate,0.204703125,0.191296875,0.013406250000000008
pilot_v1_r1_mu010,pilot_v1_r0_r1_mu010,R1,"R0 (theta=0, matched mu=0.1)",0.0,0.1,split_high_low,64,1,wealth_gini,0.6641359929884167,0.6670486131090161,-0.0029126201205993407
pilot_v1_r1_mu010,pilot_v1_r0_r1_mu010,R1,"R0 (theta=0, matched mu=0.1)",0.0,0.1,split_high_low,64,1,perception_error,0.1534024677579365,0.13589496527777778,0.017507502480158726
pilot_v1_r1_mu010,pilot_v1_r0_r1_mu010,R1,"R0 (theta=0, matched mu=0.1)",0.0,0.1,split_high_low,64,1,visibility_gini,0.38037109375,0.416259765625,-0.035888671875
pilot_v1_r1_mu010,pilot_v1_r0_r1_mu010,R1,"R0 (theta=0, matched mu=0.1)",0.0,0.1,split_high_low,64,1,majority_mismatch_rate,0.0061679842215690865,0.0023257847408666363,0.00384219948070245
pilot_v1_r1_mu010,pilot_v1_r0_r1_mu010,R1,"R0 (theta=0, matched mu=0.1)",0.0,0.1,split_high_low,64,2,resource_fraction,0.10209673177400148,0.10044951007023888,0.001647221703762608
pilot_v1_r1_mu010,pilot_v1_r0_r1_mu010,R1,"R0 (theta=0, matched mu=0.1)",0.0,0.1,split_high_low,64,2,reserve_welfare,0.6263990685921631,0.6173070447061932,0.009092023885969858
pilot_v1_r1_mu010,pilot_v1_r0_r1_mu010,R1,"R0 (theta=0, matched mu=0.1)",0.0,0.1,split_high_low,64,2,need_satisfaction,0.798972080858555,0.7899447152160423,0.009027365642512719
pilot_v1_r1_mu010,pilot_v1_r0_r1_mu010,R1,"R0 (theta=0, matched mu=0.1)",0.0,0.1,split_high_low,64,2,deprivation_rate,0.20609375,0.21528125,-0.009187500000000015
pilot_v1_r1_mu010,pilot_v1_r0_r1_mu010,R1,"R0 (theta=0, matched mu=0.1)",0.0,0.1,split_high_low,64,2,wealth_gini,0.6226325879627674,0.6259760861776611,-0.0033434982148936587
pilot_v1_r1_mu010,pilot_v1_r0_r1_mu010,R1,"R0 (theta=0, matched mu=0.1)",0.0,0.1,split_high_low,64,2,perception_error,0.1655507192460317,0.15141865079365077,0.014132068452380936
pilot_v1_r1_mu010,pilot_v1_r0_r1_mu010,R1,"R0 (theta=0, matched mu=0.1)",0.0,0.1,split_high_low,64,2,visibility_gini,0.4273681640625,0.3956298828125,0.03173828125
pilot_v1_r1_mu010,pilot_v1_r0_r1_mu010,R1,"R0 (theta=0, matched mu=0.1)",0.0,0.1,split_high_low,64,2,majority_mismatch_rate,0.10307892487492853,0.029576705614224322,0.07350221926070422
pilot_v1_r1_mu010,pilot_v1_r0_r1_mu010,R1,"R0 (theta=0, matched mu=0.1)",0.0,0.1,split_high_low,64,3,resource_fraction,0.14895533161412589,0.09373137440329841,0.05522395721082747
pilot_v1_r1_mu010,pilot_v1_r0_r1_mu010,R1,"R0 (theta=0, matched mu=0.1)",0.0,0.1,split_high_low,64,3,reserve_welfare,0.7443711139342992,0.6153290654245309,0.1290420485097683
pilot_v1_r1_mu010,pilot_v1_r0_r1_mu010,R1,"R0 (theta=0, matched mu=0.1)",0.0,0.1,split_high_low,64,3,need_satisfaction,0.8699473182043326,0.7988486621435061,0.07109865606082644
pilot_v1_r1_mu010,pilot_v1_r0_r1_mu010,R1,"R0 (theta=0, matched mu=0.1)",0.0,0.1,split_high_low,64,3,deprivation_rate,0.134265625,0.20503125,-0.070765625
pilot_v1_r1_mu010,pilot_v1_r0_r1_mu010,R1,"R0 (theta=0, matched mu=0.1)",0.0,0.1,split_high_low,64,3,wealth_gini,0.5737491730767608,0.6306840319671803,-0.05693485889041949
pilot_v1_r1_mu010,pilot_v1_r0_r1_mu010,R1,"R0 (theta=0, matched mu=0.1)",0.0,0.1,split_high_low,64,3,perception_error,0.17997960069444446,0.12839050099206345,0.051589099702381014
pilot_v1_r1_mu010,pilot_v1_r0_r1_mu010,R1,"R0 (theta=0, matched mu=0.1)",0.0,0.1,split_high_low,64,3,visibility_gini,0.423828125,0.3853759765625,0.0384521484375
pilot_v1_r1_mu010,pilot_v1_r0_r1_mu010,R1,"R0 (theta=0, matched mu=0.1)",0.0,0.1,split_high_low,64,3,majority_mismatch_rate,0.02072893373451092,0.0005058800420124463,0.020223053692498473
pilot_v1_r1_mu010,pilot_v1_r0_r1_mu010,R1,"R0 (theta=0, matched mu=0.1)",0.0,0.1,split_high_low,64,4,resource_fraction,0.08522788214821266,0.11411136994453326,-0.028883487796320606
pilot_v1_r1_mu010,pilot_v1_r0_r1_mu010,R1,"R0 (theta=0, matched mu=0.1)",0.0,0.1,split_high_low,64,4,reserve_welfare,0.645479502635706,0.7372548504993622,-0.09177534786365626
pilot_v1_r1_mu010,pilot_v1_r0_r1_mu010,R1,"R0 (theta=0, matched mu=0.1)",0.0,0.1,split_high_low,64,4,need_satisfaction,0.8190524226530065,0.8708007850337822,-0.051748362380775736
pilot_v1_r1_mu010,pilot_v1_r0_r1_mu010,R1,"R0 (theta=0, matched mu=0.1)",0.0,0.1,split_high_low,64,4,deprivation_rate,0.183296875,0.133078125,0.050218750000000006
pilot_v1_r1_mu010,pilot_v1_r0_r1_mu010,R1,"R0 (theta=0, matched mu=0.1)",0.0,0.1,split_high_low,64,4,wealth_gini,0.5642226325248403,0.5510167213500838,0.013205911174756446
pilot_v1_r1_mu010,pilot_v1_r0_r1_mu010,R1,"R0 (theta=0, matched mu=0.1)",0.0,0.1,split_high_low,64,4,perception_error,0.14678348214285714,0.15820256696428578,-0.011419084821428643
pilot_v1_r1_mu010,pilot_v1_r0_r1_mu010,R1,"R0 (theta=0, matched mu=0.1)",0.0,0.1,split_high_low,64,4,visibility_gini,0.362548828125,0.3408203125,0.021728515625
pilot_v1_r1_mu010,pilot_v1_r0_r1_mu010,R1,"R0 (theta=0, matched mu=0.1)",0.0,0.1,split_high_low,64,4,majority_mismatch_rate,0.0008722270673047923,0.06167044320971749,-0.0607982161424127
pilot_v1_r1_mu010,pilot_v1_r0_r1_mu010,R1,"R0 (theta=0, matched mu=0.1)",0.0,0.1,split_high_low,64,5,resource_fraction,0.1612250967396973,0.14811287162028652,0.013112225119410764
pilot_v1_r1_mu010,pilot_v1_r0_r1_mu010,R1,"R0 (theta=0, matched mu=0.1)",0.0,0.1,split_high_low,64,5,reserve_welfare,0.6876859493207726,0.6077953053636324,0.0798906439571403
pilot_v1_r1_mu010,pilot_v1_r0_r1_mu010,R1,"R0 (theta=0, matched mu=0.1)",0.0,0.1,split_high_low,64,5,need_satisfaction,0.8345892647202307,0.7897354162359865,0.04485384848424412
pilot_v1_r1_mu010,pilot_v1_r0_r1_mu010,R1,"R0 (theta=0, matched mu=0.1)",0.0,0.1,split_high_low,64,5,deprivation_rate,0.174734375,0.222890625,-0.04815625000000001
pilot_v1_r1_mu010,pilot_v1_r0_r1_mu010,R1,"R0 (theta=0, matched mu=0.1)",0.0,0.1,split_high_low,64,5,wealth_gini,0.6126343452039966,0.6476766739654922,-0.0350423287614956
pilot_v1_r1_mu010,pilot_v1_r0_r1_mu010,R1,"R0 (theta=0, matched mu=0.1)",0.0,0.1,split_high_low,64,5,perception_error,0.15005989583333337,0.1490643601190476,0.0009955357142857613
pilot_v1_r1_mu010,pilot_v1_r0_r1_mu010,R1,"R0 (theta=0, matched mu=0.1)",0.0,0.1,split_high_low,64,5,visibility_gini,0.3614501953125,0.3236083984375,0.037841796875
pilot_v1_r1_mu010,pilot_v1_r0_r1_mu010,R1,"R0 (theta=0, matched mu=0.1)",0.0,0.1,split_high_low,64,5,majority_mismatch_rate,0.005125044186203578,0.03545464281590616,-0.030329598629702578
pilot_v1_r1_mu010,pilot_v1_r0_r1_mu010,R1,"R0 (theta=0, matched mu=0.1)",0.0,0.1,split_high_low,64,6,resource_fraction,0.07498877395119972,0.09101490522531361,-0.016026131274113883
pilot_v1_r1_mu010,pilot_v1_r0_r1_mu010,R1,"R0 (theta=0, matched mu=0.1)",0.0,0.1,split_high_low,64,6,reserve_welfare,0.5685515333233992,0.554500875894653,0.014050657428746227
pilot_v1_r1_mu010,pilot_v1_r0_r1_mu010,R1,"R0 (theta=0, matched mu=0.1)",0.0,0.1,split_high_low,64,6,need_satisfaction,0.7623425684429256,0.7406574129410886,0.021685155501837028
pilot_v1_r1_mu010,pilot_v1_r0_r1_mu010,R1,"R0 (theta=0, matched mu=0.1)",0.0,0.1,split_high_low,64,6,deprivation_rate,0.24009375,0.2618125,-0.02171875000000001
pilot_v1_r1_mu010,pilot_v1_r0_r1_mu010,R1,"R0 (theta=0, matched mu=0.1)",0.0,0.1,split_high_low,64,6,wealth_gini,0.6281427569122653,0.6612424354941961,-0.03309967858193086
pilot_v1_r1_mu010,pilot_v1_r0_r1_mu010,R1,"R0 (theta=0, matched mu=0.1)",0.0,0.1,split_high_low,64,6,perception_error,0.20532713293650795,0.22152566964285714,-0.016198536706349187
pilot_v1_r1_mu010,pilot_v1_r0_r1_mu010,R1,"R0 (theta=0, matched mu=0.1)",0.0,0.1,split_high_low,64,6,visibility_gini,0.445068359375,0.41650390625,0.028564453125
pilot_v1_r1_mu010,pilot_v1_r0_r1_mu010,R1,"R0 (theta=0, matched mu=0.1)",0.0,0.1,split_high_low,64,6,majority_mismatch_rate,0.13171191149612732,0.43931943277690194,-0.3076075212807746
pilot_v1_r1_mu010,pilot_v1_r0_r1_mu010,R1,"R0 (theta=0, matched mu=0.1)",0.0,0.1,split_high_low,64,7,resource_fraction,0.1941527100061809,0.20236651461062188,-0.008213804604440988
pilot_v1_r1_mu010,pilot_v1_r0_r1_mu010,R1,"R0 (theta=0, matched mu=0.1)",0.0,0.1,split_high_low,64,7,reserve_welfare,0.6041243166762568,0.6023646510078795,0.0017596656683772638
pilot_v1_r1_mu010,pilot_v1_r0_r1_mu010,R1,"R0 (theta=0, matched mu=0.1)",0.0,0.1,split_high_low,64,7,need_satisfaction,0.7896453359032553,0.788531222001497,0.0011141139017583068
pilot_v1_r1_mu010,pilot_v1_r0_r1_mu010,R1,"R0 (theta=0, matched mu=0.1)",0.0,0.1,split_high_low,64,7,deprivation_rate,0.217015625,0.2189375,-0.0019218750000000173
pilot_v1_r1_mu010,pilot_v1_r0_r1_mu010,R1,"R0 (theta=0, matched mu=0.1)",0.0,0.1,split_high_low,64,7,wealth_gini,0.6827239126449896,0.6985056424618803,-0.015781729816890744
pilot_v1_r1_mu010,pilot_v1_r0_r1_mu010,R1,"R0 (theta=0, matched mu=0.1)",0.0,0.1,split_high_low,64,7,perception_error,0.2004345238095238,0.17315265376984126,0.02728187003968255
pilot_v1_r1_mu010,pilot_v1_r0_r1_mu010,R1,"R0 (theta=0, matched mu=0.1)",0.0,0.1,split_high_low,64,7,visibility_gini,0.4150390625,0.35205078125,0.06298828125
pilot_v1_r1_mu010,pilot_v1_r0_r1_mu010,R1,"R0 (theta=0, matched mu=0.1)",0.0,0.1,split_high_low,64,7,majority_mismatch_rate,0.12809591842333695,0.09055942675327545,0.0375364916700615
pilot_v1_r1_mu010,pilot_v1_r0_r1_mu010,R1,"R0 (theta=0, matched mu=0.1)",0.0,0.1,split_high_low,64,8,resource_fraction,0.1168092725908555,0.13094762442993707,-0.014138351839081575
pilot_v1_r1_mu010,pilot_v1_r0_r1_mu010,R1,"R0 (theta=0, matched mu=0.1)",0.0,0.1,split_high_low,64,8,reserve_welfare,0.5681711209029856,0.6194494888619219,-0.051278367958936255
pilot_v1_r1_mu010,pilot_v1_r0_r1_mu010,R1,"R0 (theta=0, matched mu=0.1)",0.0,0.1,split_high_low,64,8,need_satisfaction,0.7459595926873542,0.7856049438523419,-0.039645351164987686
pilot_v1_r1_mu010,pilot_v1_r0_r1_mu010,R1,"R0 (theta=0, matched mu=0.1)",0.0,0.1,split_high_low,64,8,deprivation_rate,0.25571875,0.218546875,0.03717187499999999
pilot_v1_r1_mu010,pilot_v1_r0_r1_mu010,R1,"R0 (theta=0, matched mu=0.1)",0.0,0.1,split_high_low,64,8,wealth_gini,0.6917120618869692,0.659944035707773,0.03176802617919616
pilot_v1_r1_mu010,pilot_v1_r0_r1_mu010,R1,"R0 (theta=0, matched mu=0.1)",0.0,0.1,split_high_low,64,8,perception_error,0.1752865823412699,0.2032795138888889,-0.027992931547619004
pilot_v1_r1_mu010,pilot_v1_r0_r1_mu010,R1,"R0 (theta=0, matched mu=0.1)",0.0,0.1,split_high_low,64,8,visibility_gini,0.4400634765625,0.366943359375,0.0731201171875
pilot_v1_r1_mu010,pilot_v1_r0_r1_mu010,R1,"R0 (theta=0, matched mu=0.1)",0.0,0.1,split_high_low,64,8,majority_mismatch_rate,0.3966891364412053,0.1030047593181223,0.293684377123083
pilot_v1_r1_mu010,pilot_v1_r0_r1_mu010,R1,"R0 (theta=0, matched mu=0.1)",0.0,0.1,split_high_low,64,9,resource_fraction,0.10720432578188667,0.11135518170829574,-0.004150855926409069
pilot_v1_r1_mu010,pilot_v1_r0_r1_mu010,R1,"R0 (theta=0, matched mu=0.1)",0.0,0.1,split_high_low,64,9,reserve_welfare,0.710965950665646,0.7344353832696355,-0.023469432603989482
pilot_v1_r1_mu010,pilot_v1_r0_r1_mu010,R1,"R0 (theta=0, matched mu=0.1)",0.0,0.1,split_high_low,64,9,need_satisfaction,0.8414167687274363,0.8518721184434233,-0.010455349715986939
pilot_v1_r1_mu010,pilot_v1_r0_r1_mu010,R1,"R0 (theta=0, matched mu=0.1)",0.0,0.1,split_high_low,64,9,deprivation_rate,0.161671875,0.151359375,0.010312500000000002
pilot_v1_r1_mu010,pilot_v1_r0_r1_mu010,R1,"R0 (theta=0, matched mu=0.1)",0.0,0.1,split_high_low,64,9,wealth_gini,0.5505393338389486,0.5301900833105557,0.02034925052839287
pilot_v1_r1_mu010,pilot_v1_r0_r1_mu010,R1,"R0 (theta=0, matched mu=0.1)",0.0,0.1,split_high_low,64,9,perception_error,0.18785974702380945,0.16294773065476187,0.02491201636904758
pilot_v1_r1_mu010,pilot_v1_r0_r1_mu010,R1,"R0 (theta=0, matched mu=0.1)",0.0,0.1,split_high_low,64,9,visibility_gini,0.3306884765625,0.3544921875,-0.0238037109375
pilot_v1_r1_mu010,pilot_v1_r0_r1_mu010,R1,"R0 (theta=0, matched mu=0.1)",0.0,0.1,split_high_low,64,9,majority_mismatch_rate,0.040814058162273244,0.0033763519713654396,0.037437706190907805
pilot_v1_r1_mu010,pilot_v1_r0_r1_mu010,R1,"R0 (theta=0, matched mu=0.1)",0.0,0.1,uniform_high,32,0,resource_fraction,0.30732769809649074,0.29252181943688893,0.014805878659601812
pilot_v1_r1_mu010,pilot_v1_r0_r1_mu010,R1,"R0 (theta=0, matched mu=0.1)",0.0,0.1,uniform_high,32,0,reserve_welfare,0.980271046880907,0.9800921133909799,0.00017893348992714664
pilot_v1_r1_mu010,pilot_v1_r0_r1_mu010,R1,"R0 (theta=0, matched mu=0.1)",0.0,0.1,uniform_high,32,0,need_satisfaction,1.0,1.0,0.0
pilot_v1_r1_mu010,pilot_v1_r0_r1_mu010,R1,"R0 (theta=0, matched mu=0.1)",0.0,0.1,uniform_high,32,0,deprivation_rate,0.0,0.0,0.0
pilot_v1_r1_mu010,pilot_v1_r0_r1_mu010,R1,"R0 (theta=0, matched mu=0.1)",0.0,0.1,uniform_high,32,0,wealth_gini,0.3310967162375664,0.33374878729826585,-0.0026520710606994236
pilot_v1_r1_mu010,pilot_v1_r0_r1_mu010,R1,"R0 (theta=0, matched mu=0.1)",0.0,0.1,uniform_high,32,0,perception_error,0.09977368951612903,0.09494984879032259,0.004823840725806439
pilot_v1_r1_mu010,pilot_v1_r0_r1_mu010,R1,"R0 (theta=0, matched mu=0.1)",0.0,0.1,uniform_high,32,0,visibility_gini,0.275390625,0.29541015625,-0.02001953125
pilot_v1_r1_mu010,pilot_v1_r0_r1_mu010,R1,"R0 (theta=0, matched mu=0.1)",0.0,0.1,uniform_high,32,0,majority_mismatch_rate,0.0009238502238502238,0.0011245605974485285,-0.00020071037359830474
pilot_v1_r1_mu010,pilot_v1_r0_r1_mu010,R1,"R0 (theta=0, matched mu=0.1)",0.0,0.1,uniform_high,32,1,resource_fraction,0.3311392272356076,0.3192807564377271,0.01185847079788055
pilot_v1_r1_mu010,pilot_v1_r0_r1_mu010,R1,"R0 (theta=0, matched mu=0.1)",0.0,0.1,uniform_high,32,1,reserve_welfare,0.9740056526293575,0.9723987386888026,0.0016069139405548993
pilot_v1_r1_mu010,pilot_v1_r0_r1_mu010,R1,"R0 (theta=0, matched mu=0.1)",0.0,0.1,uniform_high,32,1,need_satisfaction,1.0,1.0,0.0
pilot_v1_r1_mu010,pilot_v1_r0_r1_mu010,R1,"R0 (theta=0, matched mu=0.1)",0.0,0.1,uniform_high,32,1,deprivation_rate,0.0,0.0,0.0
pilot_v1_r1_mu010,pilot_v1_r0_r1_mu010,R1,"R0 (theta=0, matched mu=0.1)",0.0,0.1,uniform_high,32,1,wealth_gini,0.4079689016956669,0.41299129000755874,-0.0050223883118918344
pilot_v1_r1_mu010,pilot_v1_r0_r1_mu010,R1,"R0 (theta=0, matched mu=0.1)",0.0,0.1,uniform_high,32,1,perception_error,0.0653939012096774,0.050894657258064496,0.014499243951612908
pilot_v1_r1_mu010,pilot_v1_r0_r1_mu010,R1,"R0 (theta=0, matched mu=0.1)",0.0,0.1,uniform_high,32,1,visibility_gini,0.2431640625,0.24365234375,-0.00048828125
pilot_v1_r1_mu010,pilot_v1_r0_r1_mu010,R1,"R0 (theta=0, matched mu=0.1)",0.0,0.1,uniform_high,32,1,majority_mismatch_rate,0.00026920227920227926,0.0002963062119733784,-2.710393277109913e-05
pilot_v1_r1_mu010,pilot_v1_r0_r1_mu010,R1,"R0 (theta=0, matched mu=0.1)",0.0,0.1,uniform_high,32,2,resource_fraction,0.24278194801717473,0.24281865417182072,-3.670615464598792e-05
pilot_v1_r1_mu010,pilot_v1_r0_r1_mu010,R1,"R0 (theta=0, matched mu=0.1)",0.0,0.1,uniform_high,32,2,reserve_welfare,0.9979999999999998,0.9979999999999998,0.0
pilot_v1_r1_mu010,pilot_v1_r0_r1_mu010,R1,"R0 (theta=0, matched mu=0.1)",0.0,0.1,uniform_high,32,2,need_satisfaction,1.0,1.0,0.0
pilot_v1_r1_mu010,pilot_v1_r0_r1_mu010,R1,"R0 (theta=0, matched mu=0.1)",0.0,0.1,uniform_high,32,2,deprivation_rate,0.0,0.0,0.0
pilot_v1_r1_mu010,pilot_v1_r0_r1_mu010,R1,"R0 (theta=0, matched mu=0.1)",0.0,0.1,uniform_high,32,2,wealth_gini,0.2889550777490397,0.2889872311644699,-3.2153415430169474e-05
pilot_v1_r1_mu010,pilot_v1_r0_r1_mu010,R1,"R0 (theta=0, matched mu=0.1)",0.0,0.1,uniform_high,32,2,perception_error,0.0007164818548387097,0.0010347782258064517,-0.000318296370967742
pilot_v1_r1_mu010,pilot_v1_r0_r1_mu010,R1,"R0 (theta=0, matched mu=0.1)",0.0,0.1,uniform_high,32,2,visibility_gini,0.35009765625,0.31982421875,0.0302734375
pilot_v1_r1_mu010,pilot_v1_r0_r1_mu010,R1,"R0 (theta=0, matched mu=0.1)",0.0,0.1,uniform_high,32,2,majority_mismatch_rate,3.571428571428571e-05,0.00011666666666666667,-8.095238095238096e-05
pilot_v1_r1_mu010,pilot_v1_r0_r1_mu010,R1,"R0 (theta=0, matched mu=0.1)",0.0,0.1,uniform_high,32,3,resource_fraction,0.24069585521383355,0.228083277628985,0.012612577584848544
pilot_v1_r1_mu010,pilot_v1_r0_r1_mu010,R1,"R0 (theta=0, matched mu=0.1)",0.0,0.1,uniform_high,32,3,reserve_welfare,0.9979642308907937,0.9979999999999998,-3.576910920610743e-05
pilot_v1_r1_mu010,pilot_v1_r0_r1_mu010,R1,"R0 (theta=0, matched mu=0.1)",0.0,0.1,uniform_high,32,3,need_satisfaction,1.0,1.0,0.0
pilot_v1_r1_mu010,pilot_v1_r0_r1_mu010,R1,"R0 (theta=0, matched mu=0.1)",0.0,0.1,uniform_high,32,3,deprivation_rate,0.0,0.0,0.0
pilot_v1_r1_mu010,pilot_v1_r0_r1_mu010,R1,"R0 (theta=0, matched mu=0.1)",0.0,0.1,uniform_high,32,3,wealth_gini,0.2665590963542339,0.2716652181562633,-0.005106121802029406
pilot_v1_r1_mu010,pilot_v1_r0_r1_mu010,R1,"R0 (theta=0, matched mu=0.1)",0.0,0.1,uniform_high,32,3,perception_error,0.12646068548387096,0.06160887096774193,0.06485181451612904
pilot_v1_r1_mu010,pilot_v1_r0_r1_mu010,R1,"R0 (theta=0, matched mu=0.1)",0.0,0.1,uniform_high,32,3,visibility_gini,0.2861328125,0.32421875,-0.0380859375
pilot_v1_r1_mu010,pilot_v1_r0_r1_mu010,R1,"R0 (theta=0, matched mu=0.1)",0.0,0.1,uniform_high,32,3,majority_mismatch_rate,0.0049527472527472515,0.0001111111111111111,0.00484163614163614
pilot_v1_r1_mu010,pilot_v1_r0_r1_mu010,R1,"R0 (theta=0, matched mu=0.1)",0.0,0.1,uniform_high,32,4,resource_fraction,0.2924099523043139,0.31231574006438517,-0.019905787760071292
pilot_v1_r1_mu010,pilot_v1_r0_r1_mu010,R1,"R0 (theta=0, matched mu=0.1)",0.0,0.1,uniform_high,32,4,reserve_welfare,0.9235918459100969,0.9741496513060656,-0.05055780539596866
pilot_v1_r1_mu010,pilot_v1_r0_r1_mu010,R1,"R0 (theta=0, matched mu=0.1)",0.0,0.1,uniform_high,32,4,need_satisfaction,0.9655898384833019,0.9861660280589002,-0.020576189575598258
pilot_v1_r1_mu010,pilot_v1_r0_r1_mu010,R1,"R0 (theta=0, matched mu=0.1)",0.0,0.1,uniform_high,32,4,deprivation_rate,0.0383125,0.01396875,0.024343749999999997
pilot_v1_r1_mu010,pilot_v1_r0_r1_mu010,R1,"R0 (theta=0, matched mu=0.1)",0.0,0.1,uniform_high,32,4,wealth_gini,0.38262991372630206,0.3241374496346552,0.05849246409164688
pilot_v1_r1_mu010,pilot_v1_r0_r1_mu010,R1,"R0 (theta=0, matched mu=0.1)",0.0,0.1,uniform_high,32,4,perception_error,0.12300277217741942,0.14741154233870968,-0.024408770161290255
pilot_v1_r1_mu010,pilot_v1_r0_r1_mu010,R1,"R0 (theta=0, matched mu=0.1)",0.0,0.1,uniform_high,32,4,visibility_gini,0.2490234375,0.294921875,-0.0458984375
pilot_v1_r1_mu010,pilot_v1_r0_r1_mu010,R1,"R0 (theta=0, matched mu=0.1)",0.0,0.1,uniform_high,32,4,majority_mismatch_rate,0.0,0.008880397022332506,-0.008880397022332506
pilot_v1_r1_mu010,pilot_v1_r0_r1_mu010,R1,"R0 (theta=0, matched mu=0.1)",0.0,0.1,uniform_high,32,5,resource_fraction,0.28363041277955064,0.28398155618054216,-0.000351143400991516
pilot_v1_r1_mu010,pilot_v1_r0_r1_mu010,R1,"R0 (theta=0, matched mu=0.1)",0.0,0.1,uniform_high,32,5,reserve_welfare,0.9682811510090849,0.968885672383494,-0.0006045213744091393
pilot_v1_r1_mu010,pilot_v1_r0_r1_mu010,R1,"R0 (theta=0, matched mu=0.1)",0.0,0.1,uniform_high,32,5,need_satisfaction,0.98612261206977,0.9867420626081485,-0.0006194505383784188
pilot_v1_r1_mu010,pilot_v1_r0_r1_mu010,R1,"R0 (theta=0, matched mu=0.1)",0.0,0.1,uniform_high,32,5,deprivation_rate,0.01390625,0.01328125,0.0006250000000000006
pilot_v1_r1_mu010,pilot_v1_r0_r1_mu010,R1,"R0 (theta=0, matched mu=0.1)",0.0,0.1,uniform_high,32,5,wealth_gini,0.35304136852408563,0.35256965105601235,0.00047171746807328496
pilot_v1_r1_mu010,pilot_v1_r0_r1_mu010,R1,"R0 (theta=0, matched mu=0.1)",0.0,0.1,uniform_high,32,5,perception_error,0.01883492943548387,0.07905519153225805,-0.06022026209677418
pilot_v1_r1_mu010,pilot_v1_r0_r1_mu010,R1,"R0 (theta=0, matched mu=0.1)",0.0,0.1,uniform_high,32,5,visibility_gini,0.3125,0.28173828125,0.03076171875
pilot_v1_r1_mu010,pilot_v1_r0_r1_mu010,R1,"R0 (theta=0, matched mu=0.1)",0.0,0.1,uniform_high,32,5,majority_mismatch_rate,8e-05,0.0006232701780977643,-0.0005432701780977643
pilot_v1_r1_mu010,pilot_v1_r0_r1_mu010,R1,"R0 (theta=0, matched mu=0.1)",0.0,0.1,uniform_high,32,6,resource_fraction,0.30781345523351855,0.3182395827812616,-0.010426127547743025
pilot_v1_r1_mu010,pilot_v1_r0_r1_mu010,R1,"R0 (theta=0, matched mu=0.1)",0.0,0.1,uniform_high,32,6,reserve_welfare,0.8661138525665508,0.9500803570111457,-0.08396650444459486
pilot_v1_r1_mu010,pilot_v1_r0_r1_mu010,R1,"R0 (theta=0, matched mu=0.1)",0.0,0.1,uniform_high,32,6,need_satisfaction,0.9459208571110999,0.9943076170165042,-0.04838675990540431
pilot_v1_r1_mu010,pilot_v1_r0_r1_mu010,R1,"R0 (theta=0, matched mu=0.1)",0.0,0.1,uniform_high,32,6,deprivation_rate,0.05915625,0.00834375,0.0508125
pilot_v1_r1_mu010,pilot_v1_r0_r1_mu010,R1,"R0 (theta=0, matched mu=0.1)",0.0,0.1,uniform_high,32,6,wealth_gini,0.40442033763823937,0.3861583491941596,0.01826198844407978
pilot_v1_r1_mu010,pilot_v1_r0_r1_mu010,R1,"R0 (theta=0, matched mu=0.1)",0.0,0.1,uniform_high,32,6,perception_error,0.0336227318548387,0.13753956653225807,-0.10391683467741937
pilot_v1_r1_mu010,pilot_v1_r0_r1_mu010,R1,"R0 (theta=0, matched mu=0.1)",0.0,0.1,uniform_high,32,6,visibility_gini,0.27587890625,0.31005859375,-0.0341796875
pilot_v1_r1_mu010,pilot_v1_r0_r1_mu010,R1,"R0 (theta=0, matched mu=0.1)",0.0,0.1,uniform_high,32,6,majority_mismatch_rate,0.007128185517948945,0.005885889474713677,0.0012422960432352673
pilot_v1_r1_mu010,pilot_v1_r0_r1_mu010,R1,"R0 (theta=0, matched mu=0.1)",0.0,0.1,uniform_high,32,7,resource_fraction,0.2705331539146034,0.2705331539146034,0.0
pilot_v1_r1_mu010,pilot_v1_r0_r1_mu010,R1,"R0 (theta=0, matched mu=0.1)",0.0,0.1,uniform_high,32,7,reserve_welfare,0.9534062085760813,0.9534062085760813,0.0
pilot_v1_r1_mu010,pilot_v1_r0_r1_mu010,R1,"R0 (theta=0, matched mu=0.1)",0.0,0.1,uniform_high,32,7,need_satisfaction,0.9945165621084432,0.9945165621084432,0.0
pilot_v1_r1_mu010,pilot_v1_r0_r1_mu010,R1,"R0 (theta=0, matched mu=0.1)",0.0,0.1,uniform_high,32,7,deprivation_rate,0.0080625,0.0080625,0.0
pilot_v1_r1_mu010,pilot_v1_r0_r1_mu010,R1,"R0 (theta=0, matched mu=0.1)",0.0,0.1,uniform_high,32,7,wealth_gini,0.3230968842421642,0.3230968842421642,0.0
pilot_v1_r1_mu010,pilot_v1_r0_r1_mu010,R1,"R0 (theta=0, matched mu=0.1)",0.0,0.1,uniform_high,32,7,perception_error,0.008051411290322582,0.008285030241935486,-0.00023361895161290447
pilot_v1_r1_mu010,pilot_v1_r0_r1_mu010,R1,"R0 (theta=0, matched mu=0.1)",0.0,0.1,uniform_high,32,7,visibility_gini,0.275390625,0.25634765625,0.01904296875
pilot_v1_r1_mu010,pilot_v1_r0_r1_mu010,R1,"R0 (theta=0, matched mu=0.1)",0.0,0.1,uniform_high,32,7,majority_mismatch_rate,0.0,0.0,0.0
pilot_v1_r1_mu010,pilot_v1_r0_r1_mu010,R1,"R0 (theta=0, matched mu=0.1)",0.0,0.1,uniform_high,32,8,resource_fraction,0.27487898449714815,0.26284711875585653,0.012031865741291614
pilot_v1_r1_mu010,pilot_v1_r0_r1_mu010,R1,"R0 (theta=0, matched mu=0.1)",0.0,0.1,uniform_high,32,8,reserve_welfare,0.8796014025122899,0.8826192770655527,-0.003017874553262745
pilot_v1_r1_mu010,pilot_v1_r0_r1_mu010,R1,"R0 (theta=0, matched mu=0.1)",0.0,0.1,uniform_high,32,8,need_satisfaction,0.9303469688744245,0.934226889626235,-0.0038799207518105394
pilot_v1_r1_mu010,pilot_v1_r0_r1_mu010,R1,"R0 (theta=0, matched mu=0.1)",0.0,0.1,uniform_high,32,8,deprivation_rate,0.06975,0.06584375,0.00390625
pilot_v1_r1_mu010,pilot_v1_r0_r1_mu010,R1,"R0 (theta=0, matched mu=0.1)",0.0,0.1,uniform_high,32,8,wealth_gini,0.3974131767645821,0.400325321177178,-0.0029121444125959073
pilot_v1_r1_mu010,pilot_v1_r0_r1_mu010,R1,"R0 (theta=0, matched mu=0.1)",0.0,0.1,uniform_high,32,8,perception_error,0.11759551411290323,0.1555239415322581,-0.03792842741935487
pilot_v1_r1_mu010,pilot_v1_r0_r1_mu010,R1,"R0 (theta=0, matched mu=0.1)",0.0,0.1,uniform_high,32,8,visibility_gini,0.2705078125,0.3134765625,-0.04296875
pilot_v1_r1_mu010,pilot_v1_r0_r1_mu010,R1,"R0 (theta=0, matched mu=0.1)",0.0,0.1,uniform_high,32,8,majority_mismatch_rate,0.009089117613465442,0.03732373368260923,-0.02823461606914379
pilot_v1_r1_mu010,pilot_v1_r0_r1_mu010,R1,"R0 (theta=0, matched mu=0.1)",0.0,0.1,uniform_high,32,9,resource_fraction,0.3140119583121584,0.3134248591505904,0.0005870991615680166
pilot_v1_r1_mu010,pilot_v1_r0_r1_mu010,R1,"R0 (theta=0, matched mu=0.1)",0.0,0.1,uniform_high,32,9,reserve_welfare,0.9672550489572713,0.9663080840178391,0.0009469649394322488
pilot_v1_r1_mu010,pilot_v1_r0_r1_mu010,R1,"R0 (theta=0, matched mu=0.1)",0.0,0.1,uniform_high,32,9,need_satisfaction,0.9878306138662556,0.9870488074267588,0.0007818064394967683
pilot_v1_r1_mu010,pilot_v1_r0_r1_mu010,R1,"R0 (theta=0, matched mu=0.1)",0.0,0.1,uniform_high,32,9,deprivation_rate,0.0121875,0.01296875,-0.000781249999999999
pilot_v1_r1_mu010,pilot_v1_r0_r1_mu010,R1,"R0 (theta=0, matched mu=0.1)",0.0,0.1,uniform_high,32,9,wealth_gini,0.2887949536623102,0.289723179726868,-0.00092822606455778
pilot_v1_r1_mu010,pilot_v1_r0_r1_mu010,R1,"R0 (theta=0, matched mu=0.1)",0.0,0.1,uniform_high,32,9,perception_error,0.1126771673387097,0.11680090725806451,-0.004123739919354816
pilot_v1_r1_mu010,pilot_v1_r0_r1_mu010,R1,"R0 (theta=0, matched mu=0.1)",0.0,0.1,uniform_high,32,9,visibility_gini,0.26220703125,0.27880859375,-0.0166015625
pilot_v1_r1_mu010,pilot_v1_r0_r1_mu010,R1,"R0 (theta=0, matched mu=0.1)",0.0,0.1,uniform_high,32,9,majority_mismatch_rate,0.004137343142725452,0.002002176697715884,0.0021351664450095682
pilot_v1_r1_mu010,pilot_v1_r0_r1_mu010,R1,"R0 (theta=0, matched mu=0.1)",0.0,0.1,uniform_high,64,0,resource_fraction,0.07560981100456927,0.07372069641291713,0.0018891145916521412
pilot_v1_r1_mu010,pilot_v1_r0_r1_mu010,R1,"R0 (theta=0, matched mu=0.1)",0.0,0.1,uniform_high,64,0,reserve_welfare,0.7398690341083115,0.7023685867972976,0.037500447311013874
pilot_v1_r1_mu010,pilot_v1_r0_r1_mu010,R1,"R0 (theta=0, matched mu=0.1)",0.0,0.1,uniform_high,64,0,need_satisfaction,0.9076952021764969,0.8681907283407184,0.039504473835778486
pilot_v1_r1_mu010,pilot_v1_r0_r1_mu010,R1,"R0 (theta=0, matched mu=0.1)",0.0,0.1,uniform_high,64,0,deprivation_rate,0.0949375,0.139546875,-0.04460937499999999
pilot_v1_r1_mu010,pilot_v1_r0_r1_mu010,R1,"R0 (theta=0, matched mu=0.1)",0.0,0.1,uniform_high,64,0,wealth_gini,0.3854853447383544,0.4087908673110203,-0.023305522572665938
pilot_v1_r1_mu010,pilot_v1_r0_r1_mu010,R1,"R0 (theta=0, matched mu=0.1)",0.0,0.1,uniform_high,64,0,perception_error,0.1674030257936508,0.1551571180555556,0.012245907738095196
pilot_v1_r1_mu010,pilot_v1_r0_r1_mu010,R1,"R0 (theta=0, matched mu=0.1)",0.0,0.1,uniform_high,64,0,visibility_gini,0.4014892578125,0.37890625,0.0225830078125
pilot_v1_r1_mu010,pilot_v1_r0_r1_mu010,R1,"R0 (theta=0, matched mu=0.1)",0.0,0.1,uniform_high,64,0,majority_mismatch_rate,0.07670559454074584,0.021220492035671883,0.055485102505073956
pilot_v1_r1_mu010,pilot_v1_r0_r1_mu010,R1,"R0 (theta=0, matched mu=0.1)",0.0,0.1,uniform_high,64,1,resource_fraction,0.11883933968208443,0.11720401101770776,0.0016353286643766701
pilot_v1_r1_mu010,pilot_v1_r0_r1_mu010,R1,"R0 (theta=0, matched mu=0.1)",0.0,0.1,uniform_high,64,1,reserve_welfare,0.7541691521609935,0.7869602701604224,-0.03279111799942891
pilot_v1_r1_mu010,pilot_v1_r0_r1_mu010,R1,"R0 (theta=0, matched mu=0.1)",0.0,0.1,uniform_high,64,1,need_satisfaction,0.8962237723457708,0.9229127250016743,-0.02668895265590354
pilot_v1_r1_mu010,pilot_v1_r0_r1_mu010,R1,"R0 (theta=0, matched mu=0.1)",0.0,0.1,uniform_high,64,1,deprivation_rate,0.108390625,0.08646875,0.021921875000000007
pilot_v1_r1_mu010,pilot_v1_r0_r1_mu010,R1,"R0 (theta=0, matched mu=0.1)",0.0,0.1,uniform_high,64,1,wealth_gini,0.4902134931328166,0.46893554752884126,0.021277945603975335
pilot_v1_r1_mu010,pilot_v1_r0_r1_mu010,R1,"R0 (theta=0, matched mu=0.1)",0.0,0.1,uniform_high,64,1,perception_error,0.18772563244047621,0.18306646825396825,0.004659164186507969
pilot_v1_r1_mu010,pilot_v1_r0_r1_mu010,R1,"R0 (theta=0, matched mu=0.1)",0.0,0.1,uniform_high,64,1,visibility_gini,0.44189453125,0.40283203125,0.0390625
pilot_v1_r1_mu010,pilot_v1_r0_r1_mu010,R1,"R0 (theta=0, matched mu=0.1)",0.0,0.1,uniform_high,64,1,majority_mismatch_rate,0.10781570963786372,0.14610152332542709,-0.03828581368756337
pilot_v1_r1_mu010,pilot_v1_r0_r1_mu010,R1,"R0 (theta=0, matched mu=0.1)",0.0,0.1,uniform_high,64,2,resource_fraction,0.127822880371645,0.11902156404626185,0.00880131632538314
pilot_v1_r1_mu010,pilot_v1_r0_r1_mu010,R1,"R0 (theta=0, matched mu=0.1)",0.0,0.1,uniform_high,64,2,reserve_welfare,0.7819749808729094,0.7770495531793226,0.004925427693586837
pilot_v1_r1_mu010,pilot_v1_r0_r1_mu010,R1,"R0 (theta=0, matched mu=0.1)",0.0,0.1,uniform_high,64,2,need_satisfaction,0.9076837732809798,0.9220542604634896,-0.014370487182509772
pilot_v1_r1_mu010,pilot_v1_r0_r1_mu010,R1,"R0 (theta=0, matched mu=0.1)",0.0,0.1,uniform_high,64,2,deprivation_rate,0.094203125,0.08184375,0.012359374999999992
pilot_v1_r1_mu010,pilot_v1_r0_r1_mu010,R1,"R0 (theta=0, matched mu=0.1)",0.0,0.1,uniform_high,64,2,wealth_gini,0.45927846883444334,0.42661288590919666,0.03266558292524668
pilot_v1_r1_mu010,pilot_v1_r0_r1_mu010,R1,"R0 (theta=0, matched mu=0.1)",0.0,0.1,uniform_high,64,2,perception_error,0.17443061755952385,0.19076469494047615,-0.0163340773809523
pilot_v1_r1_mu010,pilot_v1_r0_r1_mu010,R1,"R0 (theta=0, matched mu=0.1)",0.0,0.1,uniform_high,64,2,visibility_gini,0.4234619140625,0.4385986328125,-0.01513671875
pilot_v1_r1_mu010,pilot_v1_r0_r1_mu010,R1,"R0 (theta=0, matched mu=0.1)",0.0,0.1,uniform_high,64,2,majority_mismatch_rate,0.1899745176013209,0.18300312138004535,0.006971396221275544
pilot_v1_r1_mu010,pilot_v1_r0_r1_mu010,R1,"R0 (theta=0, matched mu=0.1)",0.0,0.1,uniform_high,64,3,resource_fraction,0.11198505002671875,0.09187016240418736,0.0201148876225314
pilot_v1_r1_mu010,pilot_v1_r0_r1_mu010,R1,"R0 (theta=0, matched mu=0.1)",0.0,0.1,uniform_high,64,3,reserve_welfare,0.7631923225067251,0.77029039716694,-0.007098074660214948
pilot_v1_r1_mu010,pilot_v1_r0_r1_mu010,R1,"R0 (theta=0, matched mu=0.1)",0.0,0.1,uniform_high,64,3,need_satisfaction,0.9062859390557899,0.9176007760055962,-0.011314836949806284
pilot_v1_r1_mu010,pilot_v1_r0_r1_mu010,R1,"R0 (theta=0, matched mu=0.1)",0.0,0.1,uniform_high,64,3,deprivation_rate,0.096859375,0.08471875,0.012140625000000002
pilot_v1_r1_mu010,pilot_v1_r0_r1_mu010,R1,"R0 (theta=0, matched mu=0.1)",0.0,0.1,uniform_high,64,3,wealth_gini,0.4183431726987039,0.398243483415764,0.020099689282939925
pilot_v1_r1_mu010,pilot_v1_r0_r1_mu010,R1,"R0 (theta=0, matched mu=0.1)",0.0,0.1,uniform_high,64,3,perception_error,0.15135757688492063,0.14855809771825398,0.0027994791666666463
pilot_v1_r1_mu010,pilot_v1_r0_r1_mu010,R1,"R0 (theta=0, matched mu=0.1)",0.0,0.1,uniform_high,64,3,visibility_gini,0.4075927734375,0.39306640625,0.0145263671875
pilot_v1_r1_mu010,pilot_v1_r0_r1_mu010,R1,"R0 (theta=0, matched mu=0.1)",0.0,0.1,uniform_high,64,3,majority_mismatch_rate,0.0008098212419096789,0.002975019005934852,-0.002165197764025173
pilot_v1_r1_mu010,pilot_v1_r0_r1_mu010,R1,"R0 (theta=0, matched mu=0.1)",0.0,0.1,uniform_high,64,4,resource_fraction,0.12241649919864267,0.11347701477696734,0.008939484421675331
pilot_v1_r1_mu010,pilot_v1_r0_r1_mu010,R1,"R0 (theta=0, matched mu=0.1)",0.0,0.1,uniform_high,64,4,reserve_welfare,0.7986103274799672,0.7377228729219583,0.060887454558008924
pilot_v1_r1_mu010,pilot_v1_r0_r1_mu010,R1,"R0 (theta=0, matched mu=0.1)",0.0,0.1,uniform_high,64,4,need_satisfaction,0.9521513620068122,0.8996567525777768,0.05249460942903539
pilot_v1_r1_mu010,pilot_v1_r0_r1_mu010,R1,"R0 (theta=0, matched mu=0.1)",0.0,0.1,uniform_high,64,4,deprivation_rate,0.050390625,0.10503125,-0.054640625000000005
pilot_v1_r1_mu010,pilot_v1_r0_r1_mu010,R1,"R0 (theta=0, matched mu=0.1)",0.0,0.1,uniform_high,64,4,wealth_gini,0.42383936928775734,0.46220469695612554,-0.0383653276683682
pilot_v1_r1_mu010,pilot_v1_r0_r1_mu010,R1,"R0 (theta=0, matched mu=0.1)",0.0,0.1,uniform_high,64,4,perception_error,0.1680268477182539,0.15516803075396826,0.012858816964285646
pilot_v1_r1_mu010,pilot_v1_r0_r1_mu010,R1,"R0 (theta=0, matched mu=0.1)",0.0,0.1,uniform_high,64,4,visibility_gini,0.321044921875,0.39453125,-0.073486328125
pilot_v1_r1_mu010,pilot_v1_r0_r1_mu010,R1,"R0 (theta=0, matched mu=0.1)",0.0,0.1,uniform_high,64,4,majority_mismatch_rate,0.08424281550075849,0.048275996357500746,0.03596681914325774
pilot_v1_r1_mu010,pilot_v1_r0_r1_mu010,R1,"R0 (theta=0, matched mu=0.1)",0.0,0.1,uniform_high,64,5,resource_fraction,0.1282185672053137,0.13928489169247935,-0.011066324487165657
pilot_v1_r1_mu010,pilot_v1_r0_r1_mu010,R1,"R0 (theta=0, matched mu=0.1)",0.0,0.1,uniform_high,64,5,reserve_welfare,0.7559804330874881,0.8108532883038884,-0.054872855216400285
pilot_v1_r1_mu010,pilot_v1_r0_r1_mu010,R1,"R0 (theta=0, matched mu=0.1)",0.0,0.1,uniform_high,64,5,need_satisfaction,0.8928192462909957,0.9433198865530741,-0.050500640262078345
pilot_v1_r1_mu010,pilot_v1_r0_r1_mu010,R1,"R0 (theta=0, matched mu=0.1)",0.0,0.1,uniform_high,64,5,deprivation_rate,0.111484375,0.060828125,0.05065625
pilot_v1_r1_mu010,pilot_v1_r0_r1_mu010,R1,"R0 (theta=0, matched mu=0.1)",0.0,0.1,uniform_high,64,5,wealth_gini,0.47569534356178655,0.4261328278667751,0.049562515695011466
pilot_v1_r1_mu010,pilot_v1_r0_r1_mu010,R1,"R0 (theta=0, matched mu=0.1)",0.0,0.1,uniform_high,64,5,perception_error,0.15876841517857138,0.13673766121031744,0.022030753968253936
pilot_v1_r1_mu010,pilot_v1_r0_r1_mu010,R1,"R0 (theta=0, matched mu=0.1)",0.0,0.1,uniform_high,64,5,visibility_gini,0.39306640625,0.362060546875,0.031005859375
pilot_v1_r1_mu010,pilot_v1_r0_r1_mu010,R1,"R0 (theta=0, matched mu=0.1)",0.0,0.1,uniform_high,64,5,majority_mismatch_rate,0.03694421217963931,0.025632449598827652,0.011311762580811655
pilot_v1_r1_mu010,pilot_v1_r0_r1_mu010,R1,"R0 (theta=0, matched mu=0.1)",0.0,0.1,uniform_high,64,6,resource_fraction,0.11842605985454273,0.08419662000156553,0.0342294398529772
pilot_v1_r1_mu010,pilot_v1_r0_r1_mu010,R1,"R0 (theta=0, matched mu=0.1)",0.0,0.1,uniform_high,64,6,reserve_welfare,0.7040844017779195,0.6190710472942966,0.0850133544836229
pilot_v1_r1_mu010,pilot_v1_r0_r1_mu010,R1,"R0 (theta=0, matched mu=0.1)",0.0,0.1,uniform_high,64,6,need_satisfaction,0.8651782695932109,0.8273031519219064,0.03787511767130447
pilot_v1_r1_mu010,pilot_v1_r0_r1_mu010,R1,"R0 (theta=0, matched mu=0.1)",0.0,0.1,uniform_high,64,6,deprivation_rate,0.139546875,0.17675,-0.037203125000000004
pilot_v1_r1_mu010,pilot_v1_r0_r1_mu010,R1,"R0 (theta=0, matched mu=0.1)",0.0,0.1,uniform_high,64,6,wealth_gini,0.4824255057693436,0.5032971229579359,-0.020871617188592317
pilot_v1_r1_mu010,pilot_v1_r0_r1_mu010,R1,"R0 (theta=0, matched mu=0.1)",0.0,0.1,uniform_high,64,6,perception_error,0.20297581845238097,0.1784225570436508,0.02455326140873018
pilot_v1_r1_mu010,pilot_v1_r0_r1_mu010,R1,"R0 (theta=0, matched mu=0.1)",0.0,0.1,uniform_high,64,6,visibility_gini,0.395263671875,0.446044921875,-0.05078125
pilot_v1_r1_mu010,pilot_v1_r0_r1_mu010,R1,"R0 (theta=0, matched mu=0.1)",0.0,0.1,uniform_high,64,6,majority_mismatch_rate,0.041550098793382444,0.2190030537796864,-0.17745295498630395
pilot_v1_r1_mu010,pilot_v1_r0_r1_mu010,R1,"R0 (theta=0, matched mu=0.1)",0.0,0.1,uniform_high,64,7,resource_fraction,0.15604920094774502,0.11435087810311327,0.04169832284463175
pilot_v1_r1_mu010,pilot_v1_r0_r1_mu010,R1,"R0 (theta=0, matched mu=0.1)",0.0,0.1,uniform_high,64,7,reserve_welfare,0.8188617617241779,0.681374873413579,0.13748688831059885
pilot_v1_r1_mu010,pilot_v1_r0_r1_mu010,R1,"R0 (theta=0, matched mu=0.1)",0.0,0.1,uniform_high,64,7,need_satisfaction,0.9275740240828191,0.8509173469527641,0.07665667713005497
pilot_v1_r1_mu010,pilot_v1_r0_r1_mu010,R1,"R0 (theta=0, matched mu=0.1)",0.0,0.1,uniform_high,64,7,deprivation_rate,0.078703125,0.1556875,-0.07698437500000001
pilot_v1_r1_mu010,pilot_v1_r0_r1_mu010,R1,"R0 (theta=0, matched mu=0.1)",0.0,0.1,uniform_high,64,7,wealth_gini,0.4673570888123051,0.5424682578793449,-0.07511116906703985
pilot_v1_r1_mu010,pilot_v1_r0_r1_mu010,R1,"R0 (theta=0, matched mu=0.1)",0.0,0.1,uniform_high,64,7,perception_error,0.14296794394841272,0.14177653769841275,0.0011914062499999711
pilot_v1_r1_mu010,pilot_v1_r0_r1_mu010,R1,"R0 (theta=0, matched mu=0.1)",0.0,0.1,uniform_high,64,7,visibility_gini,0.3865966796875,0.3221435546875,0.064453125
pilot_v1_r1_mu010,pilot_v1_r0_r1_mu010,R1,"R0 (theta=0, matched mu=0.1)",0.0,0.1,uniform_high,64,7,majority_mismatch_rate,0.001486059466719844,0.0019722088994609303,-0.0004861494327410862
pilot_v1_r1_mu010,pilot_v1_r0_r1_mu010,R1,"R0 (theta=0, matched mu=0.1)",0.0,0.1,uniform_high,64,8,resource_fraction,0.0929427370863092,0.07532147978735818,0.017621257298951018
pilot_v1_r1_mu010,pilot_v1_r0_r1_mu010,R1,"R0 (theta=0, matched mu=0.1)",0.0,0.1,uniform_high,64,8,reserve_welfare,0.6123006425029803,0.5767710493709869,0.03552959313199344
pilot_v1_r1_mu010,pilot_v1_r0_r1_mu010,R1,"R0 (theta=0, matched mu=0.1)",0.0,0.1,uniform_high,64,8,need_satisfaction,0.8014804896718649,0.7947049268471279,0.006775562824737014
pilot_v1_r1_mu010,pilot_v1_r0_r1_mu010,R1,"R0 (theta=0, matched mu=0.1)",0.0,0.1,uniform_high,64,8,deprivation_rate,0.2021875,0.205703125,-0.0035156249999999944
pilot_v1_r1_mu010,pilot_v1_r0_r1_mu010,R1,"R0 (theta=0, matched mu=0.1)",0.0,0.1,uniform_high,64,8,wealth_gini,0.4976239684322845,0.4868974771469772,0.010726491285307338
pilot_v1_r1_mu010,pilot_v1_r0_r1_mu010,R1,"R0 (theta=0, matched mu=0.1)",0.0,0.1,uniform_high,64,8,perception_error,0.1943670634920635,0.19507347470238093,-0.0007064112103174203
pilot_v1_r1_mu010,pilot_v1_r0_r1_mu010,R1,"R0 (theta=0, matched mu=0.1)",0.0,0.1,uniform_high,64,8,visibility_gini,0.4254150390625,0.4774169921875,-0.052001953125
pilot_v1_r1_mu010,pilot_v1_r0_r1_mu010,R1,"R0 (theta=0, matched mu=0.1)",0.0,0.1,uniform_high,64,8,majority_mismatch_rate,0.2533268285940939,0.30193426332378626,-0.04860743472969237
pilot_v1_r1_mu010,pilot_v1_r0_r1_mu010,R1,"R0 (theta=0, matched mu=0.1)",0.0,0.1,uniform_high,64,9,resource_fraction,0.07881580089353384,0.1017039436550737,-0.02288814276153986
pilot_v1_r1_mu010,pilot_v1_r0_r1_mu010,R1,"R0 (theta=0, matched mu=0.1)",0.0,0.1,uniform_high,64,9,reserve_welfare,0.7384841296393174,0.8546576166607772,-0.1161734870214598
pilot_v1_r1_mu010,pilot_v1_r0_r1_mu010,R1,"R0 (theta=0, matched mu=0.1)",0.0,0.1,uniform_high,64,9,need_satisfaction,0.9000536797517514,0.9586396576905989,-0.058585977938847456
pilot_v1_r1_mu010,pilot_v1_r0_r1_mu010,R1,"R0 (theta=0, matched mu=0.1)",0.0,0.1,uniform_high,64,9,deprivation_rate,0.106171875,0.044328125,0.061843749999999996
pilot_v1_r1_mu010,pilot_v1_r0_r1_mu010,R1,"R0 (theta=0, matched mu=0.1)",0.0,0.1,uniform_high,64,9,wealth_gini,0.39592395015136983,0.3502444557395019,0.045679494411867916
pilot_v1_r1_mu010,pilot_v1_r0_r1_mu010,R1,"R0 (theta=0, matched mu=0.1)",0.0,0.1,uniform_high,64,9,perception_error,0.12502232142857145,0.14907229662698415,-0.024049975198412704
pilot_v1_r1_mu010,pilot_v1_r0_r1_mu010,R1,"R0 (theta=0, matched mu=0.1)",0.0,0.1,uniform_high,64,9,visibility_gini,0.4163818359375,0.3990478515625,0.017333984375
pilot_v1_r1_mu010,pilot_v1_r0_r1_mu010,R1,"R0 (theta=0, matched mu=0.1)",0.0,0.1,uniform_high,64,9,majority_mismatch_rate,0.0016232114183249756,0.0023331217435211427,-0.0007099103251961671
pilot_v1_r2_mu010,pilot_v1_r0_r2_mu010,R2,"R0 (theta=0.25, matched mu=0.1)",0.25,0.1,patchy_high,32,0,resource_fraction,0.3133256655157791,0.311008896708614,0.002316768807165137
pilot_v1_r2_mu010,pilot_v1_r0_r2_mu010,R2,"R0 (theta=0.25, matched mu=0.1)",0.25,0.1,patchy_high,32,0,reserve_welfare,0.975992927856702,0.970354901321731,0.00563802653497103
pilot_v1_r2_mu010,pilot_v1_r0_r2_mu010,R2,"R0 (theta=0.25, matched mu=0.1)",0.25,0.1,patchy_high,32,0,need_satisfaction,1.0,1.0,0.0
pilot_v1_r2_mu010,pilot_v1_r0_r2_mu010,R2,"R0 (theta=0.25, matched mu=0.1)",0.25,0.1,patchy_high,32,0,deprivation_rate,0.0,0.0,0.0
pilot_v1_r2_mu010,pilot_v1_r0_r2_mu010,R2,"R0 (theta=0.25, matched mu=0.1)",0.25,0.1,patchy_high,32,0,wealth_gini,0.3172493912112966,0.3263483499401463,-0.009098958728849693
pilot_v1_r2_mu010,pilot_v1_r0_r2_mu010,R2,"R0 (theta=0.25, matched mu=0.1)",0.25,0.1,patchy_high,32,0,perception_error,0.08173387096774193,0.05086038306451613,0.030873487903225798
pilot_v1_r2_mu010,pilot_v1_r0_r2_mu010,R2,"R0 (theta=0.25, matched mu=0.1)",0.25,0.1,patchy_high,32,0,visibility_gini,0.2578125,0.24755859375,0.01025390625
pilot_v1_r2_mu010,pilot_v1_r0_r2_mu010,R2,"R0 (theta=0.25, matched mu=0.1)",0.25,0.1,patchy_high,32,0,majority_mismatch_rate,0.0,4.545454545454546e-05,-4.545454545454546e-05
pilot_v1_r2_mu010,pilot_v1_r0_r2_mu010,R2,"R0 (theta=0.25, matched mu=0.1)",0.25,0.1,patchy_high,32,1,resource_fraction,0.3587341112667209,0.3521396755651956,0.006594435701525292
pilot_v1_r2_mu010,pilot_v1_r0_r2_mu010,R2,"R0 (theta=0.25, matched mu=0.1)",0.25,0.1,patchy_high,32,1,reserve_welfare,0.9953034216354218,0.9952785716434874,2.484999193441695e-05
pilot_v1_r2_mu010,pilot_v1_r0_r2_mu010,R2,"R0 (theta=0.25, matched mu=0.1)",0.25,0.1,patchy_high,32,1,need_satisfaction,1.0,1.0,0.0
pilot_v1_r2_mu010,pilot_v1_r0_r2_mu010,R2,"R0 (theta=0.25, matched mu=0.1)",0.25,0.1,patchy_high,32,1,deprivation_rate,0.0,0.0,0.0
pilot_v1_r2_mu010,pilot_v1_r0_r2_mu010,R2,"R0 (theta=0.25, matched mu=0.1)",0.25,0.1,patchy_high,32,1,wealth_gini,0.3911818617139866,0.3979877625195176,-0.006805900805531007
pilot_v1_r2_mu010,pilot_v1_r0_r2_mu010,R2,"R0 (theta=0.25, matched mu=0.1)",0.25,0.1,patchy_high,32,1,perception_error,0.08813180443548391,0.08702797379032257,0.001103830645161341
pilot_v1_r2_mu010,pilot_v1_r0_r2_mu010,R2,"R0 (theta=0.25, matched mu=0.1)",0.25,0.1,patchy_high,32,1,visibility_gini,0.24658203125,0.28125,-0.03466796875
pilot_v1_r2_mu010,pilot_v1_r0_r2_mu010,R2,"R0 (theta=0.25, matched mu=0.1)",0.25,0.1,patchy_high,32,1,majority_mismatch_rate,0.0007724548440065682,0.0003102882685641306,0.0004621665754424376
pilot_v1_r2_mu010,pilot_v1_r0_r2_mu010,R2,"R0 (theta=0.25, matched mu=0.1)",0.25,0.1,patchy_high,32,2,resource_fraction,0.24855754614291306,0.24847996153276686,7.758461014620299e-05
pilot_v1_r2_mu010,pilot_v1_r0_r2_mu010,R2,"R0 (theta=0.25, matched mu=0.1)",0.25,0.1,patchy_high,32,2,reserve_welfare,0.9979999999999998,0.9979999999999998,0.0
pilot_v1_r2_mu010,pilot_v1_r0_r2_mu010,R2,"R0 (theta=0.25, matched mu=0.1)",0.25,0.1,patchy_high,32,2,need_satisfaction,1.0,1.0,0.0
pilot_v1_r2_mu010,pilot_v1_r0_r2_mu010,R2,"R0 (theta=0.25, matched mu=0.1)",0.25,0.1,patchy_high,32,2,deprivation_rate,0.0,0.0,0.0
pilot_v1_r2_mu010,pilot_v1_r0_r2_mu010,R2,"R0 (theta=0.25, matched mu=0.1)",0.25,0.1,patchy_high,32,2,wealth_gini,0.2846307118846001,0.28458662213725683,4.408974734326776e-05
pilot_v1_r2_mu010,pilot_v1_r0_r2_mu010,R2,"R0 (theta=0.25, matched mu=0.1)",0.25,0.1,patchy_high,32,2,perception_error,0.014992943548387098,0.0131023185483871,0.0018906249999999982
pilot_v1_r2_mu010,pilot_v1_r0_r2_mu010,R2,"R0 (theta=0.25, matched mu=0.1)",0.25,0.1,patchy_high,32,2,visibility_gini,0.35107421875,0.2978515625,0.05322265625
pilot_v1_r2_mu010,pilot_v1_r0_r2_mu010,R2,"R0 (theta=0.25, matched mu=0.1)",0.25,0.1,patchy_high,32,2,majority_mismatch_rate,0.0,0.0,0.0
pilot_v1_r2_mu010,pilot_v1_r0_r2_mu010,R2,"R0 (theta=0.25, matched mu=0.1)",0.25,0.1,patchy_high,32,3,resource_fraction,0.20884489187223643,0.2090286647592151,-0.00018377288697868366
pilot_v1_r2_mu010,pilot_v1_r0_r2_mu010,R2,"R0 (theta=0.25, matched mu=0.1)",0.25,0.1,patchy_high,32,3,reserve_welfare,0.9979999999999998,0.9979999999999998,0.0
pilot_v1_r2_mu010,pilot_v1_r0_r2_mu010,R2,"R0 (theta=0.25, matched mu=0.1)",0.25,0.1,patchy_high,32,3,need_satisfaction,1.0,1.0,0.0
pilot_v1_r2_mu010,pilot_v1_r0_r2_mu010,R2,"R0 (theta=0.25, matched mu=0.1)",0.25,0.1,patchy_high,32,3,deprivation_rate,0.0,0.0,0.0
pilot_v1_r2_mu010,pilot_v1_r0_r2_mu010,R2,"R0 (theta=0.25, matched mu=0.1)",0.25,0.1,patchy_high,32,3,wealth_gini,0.25978906289258763,0.25939893851370677,0.0003901243788808628
pilot_v1_r2_mu010,pilot_v1_r0_r2_mu010,R2,"R0 (theta=0.25, matched mu=0.1)",0.25,0.1,patchy_high,32,3,perception_error,0.016023941532258067,0.01630443548387097,-0.0002804939516129028
pilot_v1_r2_mu010,pilot_v1_r0_r2_mu010,R2,"R0 (theta=0.25, matched mu=0.1)",0.25,0.1,patchy_high,32,3,visibility_gini,0.3173828125,0.30517578125,0.01220703125
pilot_v1_r2_mu010,pilot_v1_r0_r2_mu010,R2,"R0 (theta=0.25, matched mu=0.1)",0.25,0.1,patchy_high,32,3,majority_mismatch_rate,6.896551724137931e-05,0.00032917035072207486,-0.00026020483348069553
pilot_v1_r2_mu010,pilot_v1_r0_r2_mu010,R2,"R0 (theta=0.25, matched mu=0.1)",0.25,0.1,patchy_high,32,4,resource_fraction,0.25275827418460917,0.2654305924036535,-0.012672318219044354
pilot_v1_r2_mu010,pilot_v1_r0_r2_mu010,R2,"R0 (theta=0.25, matched mu=0.1)",0.25,0.1,patchy_high,32,4,reserve_welfare,0.9528352458183216,0.9856303427868133,-0.0327950969684917
pilot_v1_r2_mu010,pilot_v1_r0_r2_mu010,R2,"R0 (theta=0.25, matched mu=0.1)",0.25,0.1,patchy_high,32,4,need_satisfaction,0.9832018509631764,1.0,-0.01679814903682364
pilot_v1_r2_mu010,pilot_v1_r0_r2_mu010,R2,"R0 (theta=0.25, matched mu=0.1)",0.25,0.1,patchy_high,32,4,deprivation_rate,0.0178125,0.0,0.0178125
pilot_v1_r2_mu010,pilot_v1_r0_r2_mu010,R2,"R0 (theta=0.25, matched mu=0.1)",0.25,0.1,patchy_high,32,4,wealth_gini,0.3260685981098843,0.30640804392055365,0.01966055418933066
pilot_v1_r2_mu010,pilot_v1_r0_r2_mu010,R2,"R0 (theta=0.25, matched mu=0.1)",0.25,0.1,patchy_high,32,4,perception_error,0.1349977318548387,0.1416461693548387,-0.006648437499999993
pilot_v1_r2_mu010,pilot_v1_r0_r2_mu010,R2,"R0 (theta=0.25, matched mu=0.1)",0.25,0.1,patchy_high,32,4,visibility_gini,0.224609375,0.259765625,-0.03515625
pilot_v1_r2_mu010,pilot_v1_r0_r2_mu010,R2,"R0 (theta=0.25, matched mu=0.1)",0.25,0.1,patchy_high,32,4,majority_mismatch_rate,3.571428571428571e-05,0.0026516129032258056,-0.00261589861751152
pilot_v1_r2_mu010,pilot_v1_r0_r2_mu010,R2,"R0 (theta=0.25, matched mu=0.1)",0.25,0.1,patchy_high,32,5,resource_fraction,0.2821561536026951,0.28360021163889143,-0.0014440580361963495
pilot_v1_r2_mu010,pilot_v1_r0_r2_mu010,R2,"R0 (theta=0.25, matched mu=0.1)",0.25,0.1,patchy_high,32,5,reserve_welfare,0.9729195409834273,0.9736669210492789,-0.0007473800658516216
pilot_v1_r2_mu010,pilot_v1_r0_r2_mu010,R2,"R0 (theta=0.25, matched mu=0.1)",0.25,0.1,patchy_high,32,5,need_satisfaction,0.9861913697072098,0.9868955171793011,-0.0007041474720913543
pilot_v1_r2_mu010,pilot_v1_r0_r2_mu010,R2,"R0 (theta=0.25, matched mu=0.1)",0.25,0.1,patchy_high,32,5,deprivation_rate,0.0138125,0.013125,0.0006875000000000006
pilot_v1_r2_mu010,pilot_v1_r0_r2_mu010,R2,"R0 (theta=0.25, matched mu=0.1)",0.25,0.1,patchy_high,32,5,wealth_gini,0.3433808534869529,0.3423285204221995,0.0010523330647533857
pilot_v1_r2_mu010,pilot_v1_r0_r2_mu010,R2,"R0 (theta=0.25, matched mu=0.1)",0.25,0.1,patchy_high,32,5,perception_error,0.019560735887096777,0.0831242439516129,-0.06356350806451612
pilot_v1_r2_mu010,pilot_v1_r0_r2_mu010,R2,"R0 (theta=0.25, matched mu=0.1)",0.25,0.1,patchy_high,32,5,visibility_gini,0.30322265625,0.30517578125,-0.001953125
pilot_v1_r2_mu010,pilot_v1_r0_r2_mu010,R2,"R0 (theta=0.25, matched mu=0.1)",0.25,0.1,patchy_high,32,5,majority_mismatch_rate,0.0001456043956043956,0.0004950961538461539,-0.0003494917582417583
pilot_v1_r2_mu010,pilot_v1_r0_r2_mu010,R2,"R0 (theta=0.25, matched mu=0.1)",0.25,0.1,patchy_high,32,6,resource_fraction,0.3407878667385098,0.31436875034134754,0.026419116397162268
pilot_v1_r2_mu010,pilot_v1_r0_r2_mu010,R2,"R0 (theta=0.25, matched mu=0.1)",0.25,0.1,patchy_high,32,6,reserve_welfare,0.9814440334262201,0.8712834336974518,0.11016059972876835
pilot_v1_r2_mu010,pilot_v1_r0_r2_mu010,R2,"R0 (theta=0.25, matched mu=0.1)",0.25,0.1,patchy_high,32,6,need_satisfaction,1.0,0.9511125589371452,0.04888744106285481
pilot_v1_r2_mu010,pilot_v1_r0_r2_mu010,R2,"R0 (theta=0.25, matched mu=0.1)",0.25,0.1,patchy_high,32,6,deprivation_rate,0.0,0.05346875,-0.05346875
pilot_v1_r2_mu010,pilot_v1_r0_r2_mu010,R2,"R0 (theta=0.25, matched mu=0.1)",0.25,0.1,patchy_high,32,6,wealth_gini,0.35194616870415607,0.38888466044394376,-0.03693849173978769
pilot_v1_r2_mu010,pilot_v1_r0_r2_mu010,R2,"R0 (theta=0.25, matched mu=0.1)",0.25,0.1,patchy_high,32,6,perception_error,0.1500476310483871,0.10328024193548385,0.046767389112903235
pilot_v1_r2_mu010,pilot_v1_r0_r2_mu010,R2,"R0 (theta=0.25, matched mu=0.1)",0.25,0.1,patchy_high,32,6,visibility_gini,0.26611328125,0.29833984375,-0.0322265625
pilot_v1_r2_mu010,pilot_v1_r0_r2_mu010,R2,"R0 (theta=0.25, matched mu=0.1)",0.25,0.1,patchy_high,32,6,majority_mismatch_rate,0.03292860445111433,0.0033712066886619077,0.02955739776245242
pilot_v1_r2_mu010,pilot_v1_r0_r2_mu010,R2,"R0 (theta=0.25, matched mu=0.1)",0.25,0.1,patchy_high,32,7,resource_fraction,0.2980150600340528,0.3727716120892463,-0.07475655205519349
pilot_v1_r2_mu010,pilot_v1_r0_r2_mu010,R2,"R0 (theta=0.25, matched mu=0.1)",0.25,0.1,patchy_high,32,7,reserve_welfare,0.9689165439620806,0.9979921285402681,-0.029075584578187486
pilot_v1_r2_mu010,pilot_v1_r0_r2_mu010,R2,"R0 (theta=0.25, matched mu=0.1)",0.25,0.1,patchy_high,32,7,need_satisfaction,0.9996617009628311,1.0,-0.00033829903716886545
pilot_v1_r2_mu010,pilot_v1_r0_r2_mu010,R2,"R0 (theta=0.25, matched mu=0.1)",0.25,0.1,patchy_high,32,7,deprivation_rate,0.0005,0.0,0.0005
pilot_v1_r2_mu010,pilot_v1_r0_r2_mu010,R2,"R0 (theta=0.25, matched mu=0.1)",0.25,0.1,patchy_high,32,7,wealth_gini,0.3010358391782675,0.3123947907797173,-0.01135895160144984
pilot_v1_r2_mu010,pilot_v1_r0_r2_mu010,R2,"R0 (theta=0.25, matched mu=0.1)",0.25,0.1,patchy_high,32,7,perception_error,0.09076940524193548,0.12628855846774195,-0.03551915322580647
pilot_v1_r2_mu010,pilot_v1_r0_r2_mu010,R2,"R0 (theta=0.25, matched mu=0.1)",0.25,0.1,patchy_high,32,7,visibility_gini,0.255859375,0.26513671875,-0.00927734375
pilot_v1_r2_mu010,pilot_v1_r0_r2_mu010,R2,"R0 (theta=0.25, matched mu=0.1)",0.25,0.1,patchy_high,32,7,majority_mismatch_rate,0.0,0.0034717948717948714,-0.0034717948717948714
pilot_v1_r2_mu010,pilot_v1_r0_r2_mu010,R2,"R0 (theta=0.25, matched mu=0.1)",0.25,0.1,patchy_high,32,8,resource_fraction,0.28305646212034674,0.27885642476212,0.004200037358226716
pilot_v1_r2_mu010,pilot_v1_r0_r2_mu010,R2,"R0 (theta=0.25, matched mu=0.1)",0.25,0.1,patchy_high,32,8,reserve_welfare,0.9012162331368697,0.8803151266305943,0.020901106506275413
pilot_v1_r2_mu010,pilot_v1_r0_r2_mu010,R2,"R0 (theta=0.25, matched mu=0.1)",0.25,0.1,patchy_high,32,8,need_satisfaction,0.9437065001770307,0.9317169230655292,0.011989577111501504
pilot_v1_r2_mu010,pilot_v1_r0_r2_mu010,R2,"R0 (theta=0.25, matched mu=0.1)",0.25,0.1,patchy_high,32,8,deprivation_rate,0.05640625,0.068375,-0.011968750000000007
pilot_v1_r2_mu010,pilot_v1_r0_r2_mu010,R2,"R0 (theta=0.25, matched mu=0.1)",0.25,0.1,patchy_high,32,8,wealth_gini,0.3651812949091915,0.39386767684101653,-0.028686381931825045
pilot_v1_r2_mu010,pilot_v1_r0_r2_mu010,R2,"R0 (theta=0.25, matched mu=0.1)",0.25,0.1,patchy_high,32,8,perception_error,0.14361013104838713,0.14172227822580646,0.0018878528225806657
pilot_v1_r2_mu010,pilot_v1_r0_r2_mu010,R2,"R0 (theta=0.25, matched mu=0.1)",0.25,0.1,patchy_high,32,8,visibility_gini,0.359375,0.31982421875,0.03955078125
pilot_v1_r2_mu010,pilot_v1_r0_r2_mu010,R2,"R0 (theta=0.25, matched mu=0.1)",0.25,0.1,patchy_high,32,8,majority_mismatch_rate,0.03215899796638254,0.007995998881690662,0.024162999084691876
pilot_v1_r2_mu010,pilot_v1_r0_r2_mu010,R2,"R0 (theta=0.25, matched mu=0.1)",0.25,0.1,patchy_high,32,9,resource_fraction,0.3150295317205885,0.3153164318526191,-0.0002869001320305875
pilot_v1_r2_mu010,pilot_v1_r0_r2_mu010,R2,"R0 (theta=0.25, matched mu=0.1)",0.25,0.1,patchy_high,32,9,reserve_welfare,0.9774179945248561,0.9772897807545812,0.00012821377027494307
pilot_v1_r2_mu010,pilot_v1_r0_r2_mu010,R2,"R0 (theta=0.25, matched mu=0.1)",0.25,0.1,patchy_high,32,9,need_satisfaction,0.987189248020898,0.9872472425311171,-5.799451021903934e-05
pilot_v1_r2_mu010,pilot_v1_r0_r2_mu010,R2,"R0 (theta=0.25, matched mu=0.1)",0.25,0.1,patchy_high,32,9,deprivation_rate,0.0128125,0.012875,-6.250000000000006e-05
pilot_v1_r2_mu010,pilot_v1_r0_r2_mu010,R2,"R0 (theta=0.25, matched mu=0.1)",0.25,0.1,patchy_high,32,9,wealth_gini,0.26524951748651016,0.26595277595774913,-0.0007032584712389767
pilot_v1_r2_mu010,pilot_v1_r0_r2_mu010,R2,"R0 (theta=0.25, matched mu=0.1)",0.25,0.1,patchy_high,32,9,perception_error,0.11636365927419354,0.12502268145161288,-0.008659022177419345
pilot_v1_r2_mu010,pilot_v1_r0_r2_mu010,R2,"R0 (theta=0.25, matched mu=0.1)",0.25,0.1,patchy_high,32,9,visibility_gini,0.298828125,0.31201171875,-0.01318359375
pilot_v1_r2_mu010,pilot_v1_r0_r2_mu010,R2,"R0 (theta=0.25, matched mu=0.1)",0.25,0.1,patchy_high,32,9,majority_mismatch_rate,0.0015487242642415057,0.0007051088369321187,0.0008436154273093869
pilot_v1_r2_mu010,pilot_v1_r0_r2_mu010,R2,"R0 (theta=0.25, matched mu=0.1)",0.25,0.1,patchy_high,64,0,resource_fraction,0.11151267177952713,0.0795149066878048,0.031997765091722336
pilot_v1_r2_mu010,pilot_v1_r0_r2_mu010,R2,"R0 (theta=0.25, matched mu=0.1)",0.25,0.1,patchy_high,64,0,reserve_welfare,0.855986309542883,0.7342421350328445,0.1217441745100385
pilot_v1_r2_mu010,pilot_v1_r0_r2_mu010,R2,"R0 (theta=0.25, matched mu=0.1)",0.25,0.1,patchy_high,64,0,need_satisfaction,0.9407517186033174,0.8838272455884234,0.056924473014894006
pilot_v1_r2_mu010,pilot_v1_r0_r2_mu010,R2,"R0 (theta=0.25, matched mu=0.1)",0.25,0.1,patchy_high,64,0,deprivation_rate,0.062125,0.121625,-0.0595
pilot_v1_r2_mu010,pilot_v1_r0_r2_mu010,R2,"R0 (theta=0.25, matched mu=0.1)",0.25,0.1,patchy_high,64,0,wealth_gini,0.3551711997839442,0.4096569680089308,-0.05448576822498663
pilot_v1_r2_mu010,pilot_v1_r0_r2_mu010,R2,"R0 (theta=0.25, matched mu=0.1)",0.25,0.1,patchy_high,64,0,perception_error,0.16027628968253968,0.14114161706349201,0.019134672619047666
pilot_v1_r2_mu010,pilot_v1_r0_r2_mu010,R2,"R0 (theta=0.25, matched mu=0.1)",0.25,0.1,patchy_high,64,0,visibility_gini,0.4041748046875,0.3660888671875,0.0380859375
pilot_v1_r2_mu010,pilot_v1_r0_r2_mu010,R2,"R0 (theta=0.25, matched mu=0.1)",0.25,0.1,patchy_high,64,0,majority_mismatch_rate,0.019183341856726443,0.038892392734821916,-0.019709050878095474
pilot_v1_r2_mu010,pilot_v1_r0_r2_mu010,R2,"R0 (theta=0.25, matched mu=0.1)",0.25,0.1,patchy_high,64,1,resource_fraction,0.08920511281255326,0.11211066016939199,-0.022905547356838724
pilot_v1_r2_mu010,pilot_v1_r0_r2_mu010,R2,"R0 (theta=0.25, matched mu=0.1)",0.25,0.1,patchy_high,64,1,reserve_welfare,0.663814990891005,0.7732231853743596,-0.10940819448335459
pilot_v1_r2_mu010,pilot_v1_r0_r2_mu010,R2,"R0 (theta=0.25, matched mu=0.1)",0.25,0.1,patchy_high,64,1,need_satisfaction,0.8496302261323702,0.9226672069047003,-0.07303698077233012
pilot_v1_r2_mu010,pilot_v1_r0_r2_mu010,R2,"R0 (theta=0.25, matched mu=0.1)",0.25,0.1,patchy_high,64,1,deprivation_rate,0.154828125,0.0799375,0.07489062500000002
pilot_v1_r2_mu010,pilot_v1_r0_r2_mu010,R2,"R0 (theta=0.25, matched mu=0.1)",0.25,0.1,patchy_high,64,1,wealth_gini,0.4812915354867664,0.48020461158835137,0.0010869238984150265
pilot_v1_r2_mu010,pilot_v1_r0_r2_mu010,R2,"R0 (theta=0.25, matched mu=0.1)",0.25,0.1,patchy_high,64,1,perception_error,0.18896602182539682,0.17744363839285712,0.011522383432539696
pilot_v1_r2_mu010,pilot_v1_r0_r2_mu010,R2,"R0 (theta=0.25, matched mu=0.1)",0.25,0.1,patchy_high,64,1,visibility_gini,0.3746337890625,0.3900146484375,-0.015380859375
pilot_v1_r2_mu010,pilot_v1_r0_r2_mu010,R2,"R0 (theta=0.25, matched mu=0.1)",0.25,0.1,patchy_high,64,1,majority_mismatch_rate,0.159037622572729,0.0730187887202702,0.08601883385245879
pilot_v1_r2_mu010,pilot_v1_r0_r2_mu010,R2,"R0 (theta=0.25, matched mu=0.1)",0.25,0.1,patchy_high,64,2,resource_fraction,0.14464930732840509,0.15268618973184708,-0.008036882403441997
pilot_v1_r2_mu010,pilot_v1_r0_r2_mu010,R2,"R0 (theta=0.25, matched mu=0.1)",0.25,0.1,patchy_high,64,2,reserve_welfare,0.8332098753422027,0.7844601625490489,0.048749712793153765
pilot_v1_r2_mu010,pilot_v1_r0_r2_mu010,R2,"R0 (theta=0.25, matched mu=0.1)",0.25,0.1,patchy_high,64,2,need_satisfaction,0.9388394274480258,0.8995985335115015,0.0392408939365243
pilot_v1_r2_mu010,pilot_v1_r0_r2_mu010,R2,"R0 (theta=0.25, matched mu=0.1)",0.25,0.1,patchy_high,64,2,deprivation_rate,0.06340625,0.102171875,-0.038765625
pilot_v1_r2_mu010,pilot_v1_r0_r2_mu010,R2,"R0 (theta=0.25, matched mu=0.1)",0.25,0.1,patchy_high,64,2,wealth_gini,0.4296000171965364,0.48947439185139174,-0.059874374654855345
pilot_v1_r2_mu010,pilot_v1_r0_r2_mu010,R2,"R0 (theta=0.25, matched mu=0.1)",0.25,0.1,patchy_high,64,2,perception_error,0.18360329861111108,0.1692980530753968,0.014305245535714273
pilot_v1_r2_mu010,pilot_v1_r0_r2_mu010,R2,"R0 (theta=0.25, matched mu=0.1)",0.25,0.1,patchy_high,64,2,visibility_gini,0.3936767578125,0.36279296875,0.0308837890625
pilot_v1_r2_mu010,pilot_v1_r0_r2_mu010,R2,"R0 (theta=0.25, matched mu=0.1)",0.25,0.1,patchy_high,64,2,majority_mismatch_rate,0.06601389239119496,0.10128017060190467,-0.03526627821070971
pilot_v1_r2_mu010,pilot_v1_r0_r2_mu010,R2,"R0 (theta=0.25, matched mu=0.1)",0.25,0.1,patchy_high,64,3,resource_fraction,0.11058111077767062,0.1478123054647827,-0.03723119468711207
pilot_v1_r2_mu010,pilot_v1_r0_r2_mu010,R2,"R0 (theta=0.25, matched mu=0.1)",0.25,0.1,patchy_high,64,3,reserve_welfare,0.783015945530338,0.82081116086037,-0.03779521533003194
pilot_v1_r2_mu010,pilot_v1_r0_r2_mu010,R2,"R0 (theta=0.25, matched mu=0.1)",0.25,0.1,patchy_high,64,3,need_satisfaction,0.9449461951224621,0.9241634921776625,0.02078270294479967
pilot_v1_r2_mu010,pilot_v1_r0_r2_mu010,R2,"R0 (theta=0.25, matched mu=0.1)",0.25,0.1,patchy_high,64,3,deprivation_rate,0.05740625,0.077875,-0.02046875
pilot_v1_r2_mu010,pilot_v1_r0_r2_mu010,R2,"R0 (theta=0.25, matched mu=0.1)",0.25,0.1,patchy_high,64,3,wealth_gini,0.4100885594999193,0.4368252129860797,-0.02673665348616039
pilot_v1_r2_mu010,pilot_v1_r0_r2_mu010,R2,"R0 (theta=0.25, matched mu=0.1)",0.25,0.1,patchy_high,64,3,perception_error,0.17531640625,0.16411204117063496,0.011204365079365036
pilot_v1_r2_mu010,pilot_v1_r0_r2_mu010,R2,"R0 (theta=0.25, matched mu=0.1)",0.25,0.1,patchy_high,64,3,visibility_gini,0.3314208984375,0.331787109375,-0.0003662109375
pilot_v1_r2_mu010,pilot_v1_r0_r2_mu010,R2,"R0 (theta=0.25, matched mu=0.1)",0.25,0.1,patchy_high,64,3,majority_mismatch_rate,0.045196383651452544,0.10435860992150436,-0.05916222627005182
pilot_v1_r2_mu010,pilot_v1_r0_r2_mu010,R2,"R0 (theta=0.25, matched mu=0.1)",0.25,0.1,patchy_high,64,4,resource_fraction,0.15901905294337945,0.11344773615034376,0.04557131679303569
pilot_v1_r2_mu010,pilot_v1_r0_r2_mu010,R2,"R0 (theta=0.25, matched mu=0.1)",0.25,0.1,patchy_high,64,4,reserve_welfare,0.8926075767588368,0.7564931886365507,0.13611438812228616
pilot_v1_r2_mu010,pilot_v1_r0_r2_mu010,R2,"R0 (theta=0.25, matched mu=0.1)",0.25,0.1,patchy_high,64,4,need_satisfaction,0.9702931936324702,0.9128423992527198,0.057450794379750425
pilot_v1_r2_mu010,pilot_v1_r0_r2_mu010,R2,"R0 (theta=0.25, matched mu=0.1)",0.25,0.1,patchy_high,64,4,deprivation_rate,0.03034375,0.09178125,-0.06143749999999999
pilot_v1_r2_mu010,pilot_v1_r0_r2_mu010,R2,"R0 (theta=0.25, matched mu=0.1)",0.25,0.1,patchy_high,64,4,wealth_gini,0.4052484409095265,0.45173880421630574,-0.04649036330677925
pilot_v1_r2_mu010,pilot_v1_r0_r2_mu010,R2,"R0 (theta=0.25, matched mu=0.1)",0.25,0.1,patchy_high,64,4,perception_error,0.1943857266865079,0.16840494791666663,0.025980778769841256
pilot_v1_r2_mu010,pilot_v1_r0_r2_mu010,R2,"R0 (theta=0.25, matched mu=0.1)",0.25,0.1,patchy_high,64,4,visibility_gini,0.309814453125,0.3717041015625,-0.0618896484375
pilot_v1_r2_mu010,pilot_v1_r0_r2_mu010,R2,"R0 (theta=0.25, matched mu=0.1)",0.25,0.1,patchy_high,64,4,majority_mismatch_rate,0.17550788547656637,0.16629370825900747,0.009214177217558905
pilot_v1_r2_mu010,pilot_v1_r0_r2_mu010,R2,"R0 (theta=0.25, matched mu=0.1)",0.25,0.1,patchy_high,64,5,resource_fraction,0.11973482393944125,0.10333345573292706,0.016401368206514194
pilot_v1_r2_mu010,pilot_v1_r0_r2_mu010,R2,"R0 (theta=0.25, matched mu=0.1)",0.25,0.1,patchy_high,64,5,reserve_welfare,0.7999334696161109,0.7115141486906098,0.08841932092550109
pilot_v1_r2_mu010,pilot_v1_r0_r2_mu010,R2,"R0 (theta=0.25, matched mu=0.1)",0.25,0.1,patchy_high,64,5,need_satisfaction,0.9274023859877911,0.8806464909263307,0.046755895061460384
pilot_v1_r2_mu010,pilot_v1_r0_r2_mu010,R2,"R0 (theta=0.25, matched mu=0.1)",0.25,0.1,patchy_high,64,5,deprivation_rate,0.07671875,0.12215625,-0.04543749999999999
pilot_v1_r2_mu010,pilot_v1_r0_r2_mu010,R2,"R0 (theta=0.25, matched mu=0.1)",0.25,0.1,patchy_high,64,5,wealth_gini,0.422789384139711,0.47377349687192827,-0.05098411273221726
pilot_v1_r2_mu010,pilot_v1_r0_r2_mu010,R2,"R0 (theta=0.25, matched mu=0.1)",0.25,0.1,patchy_high,64,5,perception_error,0.11929383680555551,0.15192044890873016,-0.03262661210317465
pilot_v1_r2_mu010,pilot_v1_r0_r2_mu010,R2,"R0 (theta=0.25, matched mu=0.1)",0.25,0.1,patchy_high,64,5,visibility_gini,0.3271484375,0.3759765625,-0.048828125
pilot_v1_r2_mu010,pilot_v1_r0_r2_mu010,R2,"R0 (theta=0.25, matched mu=0.1)",0.25,0.1,patchy_high,64,5,majority_mismatch_rate,0.002291972313160833,0.022046322322618443,-0.01975435000945761
pilot_v1_r2_mu010,pilot_v1_r0_r2_mu010,R2,"R0 (theta=0.25, matched mu=0.1)",0.25,0.1,patchy_high,64,6,resource_fraction,0.10840794811633296,0.09865570923080529,0.009752238885527675
pilot_v1_r2_mu010,pilot_v1_r0_r2_mu010,R2,"R0 (theta=0.25, matched mu=0.1)",0.25,0.1,patchy_high,64,6,reserve_welfare,0.6885299943530331,0.6818657450740272,0.006664249279005885
pilot_v1_r2_mu010,pilot_v1_r0_r2_mu010,R2,"R0 (theta=0.25, matched mu=0.1)",0.25,0.1,patchy_high,64,6,need_satisfaction,0.8552307758526385,0.866465509844312,-0.011234733991673518
pilot_v1_r2_mu010,pilot_v1_r0_r2_mu010,R2,"R0 (theta=0.25, matched mu=0.1)",0.25,0.1,patchy_high,64,6,deprivation_rate,0.148703125,0.14040625,0.008296874999999981
pilot_v1_r2_mu010,pilot_v1_r0_r2_mu010,R2,"R0 (theta=0.25, matched mu=0.1)",0.25,0.1,patchy_high,64,6,wealth_gini,0.48196164791595697,0.45616451533417,0.025797132581786952
pilot_v1_r2_mu010,pilot_v1_r0_r2_mu010,R2,"R0 (theta=0.25, matched mu=0.1)",0.25,0.1,patchy_high,64,6,perception_error,0.19925979662698412,0.16381175595238096,0.035448040674603165
pilot_v1_r2_mu010,pilot_v1_r0_r2_mu010,R2,"R0 (theta=0.25, matched mu=0.1)",0.25,0.1,patchy_high,64,6,visibility_gini,0.361083984375,0.30517578125,0.055908203125
pilot_v1_r2_mu010,pilot_v1_r0_r2_mu010,R2,"R0 (theta=0.25, matched mu=0.1)",0.25,0.1,patchy_high,64,6,majority_mismatch_rate,0.22842877649400703,0.05076374381913125,0.17766503267487577
pilot_v1_r2_mu010,pilot_v1_r0_r2_mu010,R2,"R0 (theta=0.25, matched mu=0.1)",0.25,0.1,patchy_high,64,7,resource_fraction,0.1150676204632297,0.14487550538586527,-0.029807884922635572
pilot_v1_r2_mu010,pilot_v1_r0_r2_mu010,R2,"R0 (theta=0.25, matched mu=0.1)",0.25,0.1,patchy_high,64,7,reserve_welfare,0.6734292914925311,0.8090027534982569,-0.13557346200572584
pilot_v1_r2_mu010,pilot_v1_r0_r2_mu010,R2,"R0 (theta=0.25, matched mu=0.1)",0.25,0.1,patchy_high,64,7,need_satisfaction,0.8409903515237607,0.9307381884740085,-0.0897478369502478
pilot_v1_r2_mu010,pilot_v1_r0_r2_mu010,R2,"R0 (theta=0.25, matched mu=0.1)",0.25,0.1,patchy_high,64,7,deprivation_rate,0.16590625,0.07771875,0.0881875
pilot_v1_r2_mu010,pilot_v1_r0_r2_mu010,R2,"R0 (theta=0.25, matched mu=0.1)",0.25,0.1,patchy_high,64,7,wealth_gini,0.5588748384751419,0.4652624050767944,0.09361243339834746
pilot_v1_r2_mu010,pilot_v1_r0_r2_mu010,R2,"R0 (theta=0.25, matched mu=0.1)",0.25,0.1,patchy_high,64,7,perception_error,0.14645851934523813,0.14188690476190477,0.0045716145833333555
pilot_v1_r2_mu010,pilot_v1_r0_r2_mu010,R2,"R0 (theta=0.25, matched mu=0.1)",0.25,0.1,patchy_high,64,7,visibility_gini,0.3480224609375,0.3402099609375,0.0078125
pilot_v1_r2_mu010,pilot_v1_r0_r2_mu010,R2,"R0 (theta=0.25, matched mu=0.1)",0.25,0.1,patchy_high,64,7,majority_mismatch_rate,0.0009524514142797788,0.039774485346147845,-0.03882203393186807
pilot_v1_r2_mu010,pilot_v1_r0_r2_mu010,R2,"R0 (theta=0.25, matched mu=0.1)",0.25,0.1,patchy_high,64,8,resource_fraction,0.11518070995833468,0.130417902379457,-0.015237192421122314
pilot_v1_r2_mu010,pilot_v1_r0_r2_mu010,R2,"R0 (theta=0.25, matched mu=0.1)",0.25,0.1,patchy_high,64,8,reserve_welfare,0.7442163004897148,0.7636080802427756,-0.019391779753060834
pilot_v1_r2_mu010,pilot_v1_r0_r2_mu010,R2,"R0 (theta=0.25, matched mu=0.1)",0.25,0.1,patchy_high,64,8,need_satisfaction,0.8677229012649333,0.8947686053789414,-0.027045704114008084
pilot_v1_r2_mu010,pilot_v1_r0_r2_mu010,R2,"R0 (theta=0.25, matched mu=0.1)",0.25,0.1,patchy_high,64,8,deprivation_rate,0.13278125,0.1070625,0.025718749999999985
pilot_v1_r2_mu010,pilot_v1_r0_r2_mu010,R2,"R0 (theta=0.25, matched mu=0.1)",0.25,0.1,patchy_high,64,8,wealth_gini,0.4955130876015068,0.49013337858282546,0.0053797090186813445
pilot_v1_r2_mu010,pilot_v1_r0_r2_mu010,R2,"R0 (theta=0.25, matched mu=0.1)",0.25,0.1,patchy_high,64,8,perception_error,0.19142869543650795,0.21688671875,-0.025458023313492062
pilot_v1_r2_mu010,pilot_v1_r0_r2_mu010,R2,"R0 (theta=0.25, matched mu=0.1)",0.25,0.1,patchy_high,64,8,visibility_gini,0.3941650390625,0.3646240234375,0.029541015625
pilot_v1_r2_mu010,pilot_v1_r0_r2_mu010,R2,"R0 (theta=0.25, matched mu=0.1)",0.25,0.1,patchy_high,64,8,majority_mismatch_rate,0.4854977119203664,0.45951553542215173,0.02598217649821466
pilot_v1_r2_mu010,pilot_v1_r0_r2_mu010,R2,"R0 (theta=0.25, matched mu=0.1)",0.25,0.1,patchy_high,64,9,resource_fraction,0.08533636173694142,0.08242411544995644,0.0029122462869849847
pilot_v1_r2_mu010,pilot_v1_r0_r2_mu010,R2,"R0 (theta=0.25, matched mu=0.1)",0.25,0.1,patchy_high,64,9,reserve_welfare,0.7641824936001747,0.747984039882692,0.01619845371748263
pilot_v1_r2_mu010,pilot_v1_r0_r2_mu010,R2,"R0 (theta=0.25, matched mu=0.1)",0.25,0.1,patchy_high,64,9,need_satisfaction,0.9076851298376726,0.8959897802150564,0.011695349622616202
pilot_v1_r2_mu010,pilot_v1_r0_r2_mu010,R2,"R0 (theta=0.25, matched mu=0.1)",0.25,0.1,patchy_high,64,9,deprivation_rate,0.097078125,0.11021875,-0.013140625000000003
pilot_v1_r2_mu010,pilot_v1_r0_r2_mu010,R2,"R0 (theta=0.25, matched mu=0.1)",0.25,0.1,patchy_high,64,9,wealth_gini,0.3998384164122373,0.39973440259471227,0.00010401381752500605
pilot_v1_r2_mu010,pilot_v1_r0_r2_mu010,R2,"R0 (theta=0.25, matched mu=0.1)",0.25,0.1,patchy_high,64,9,perception_error,0.15720244295634922,0.1588343874007937,-0.0016319444444444775
pilot_v1_r2_mu010,pilot_v1_r0_r2_mu010,R2,"R0 (theta=0.25, matched mu=0.1)",0.25,0.1,patchy_high,64,9,visibility_gini,0.35791015625,0.33154296875,0.0263671875
pilot_v1_r2_mu010,pilot_v1_r0_r2_mu010,R2,"R0 (theta=0.25, matched mu=0.1)",0.25,0.1,patchy_high,64,9,majority_mismatch_rate,0.002672394832838253,0.004335023053155908,-0.001662628220317655
pilot_v1_r2_mu010,pilot_v1_r0_r2_mu010,R2,"R0 (theta=0.25, matched mu=0.1)",0.25,0.1,split_high_low,32,0,resource_fraction,0.3814637181512943,0.3774456277210702,0.004018090430224108
pilot_v1_r2_mu010,pilot_v1_r0_r2_mu010,R2,"R0 (theta=0.25, matched mu=0.1)",0.25,0.1,split_high_low,32,0,reserve_welfare,0.8106244783338923,0.80633254710958,0.004291931224312262
pilot_v1_r2_mu010,pilot_v1_r0_r2_mu010,R2,"R0 (theta=0.25, matched mu=0.1)",0.25,0.1,split_high_low,32,0,need_satisfaction,0.9198508980098454,0.917417712006251,0.002433186003594434
pilot_v1_r2_mu010,pilot_v1_r0_r2_mu010,R2,"R0 (theta=0.25, matched mu=0.1)",0.25,0.1,split_high_low,32,0,deprivation_rate,0.08871875,0.0913125,-0.0025937500000000058
pilot_v1_r2_mu010,pilot_v1_r0_r2_mu010,R2,"R0 (theta=0.25, matched mu=0.1)",0.25,0.1,split_high_low,32,0,wealth_gini,0.5016727424088603,0.505332300450714,-0.0036595580418536944
pilot_v1_r2_mu010,pilot_v1_r0_r2_mu010,R2,"R0 (theta=0.25, matched mu=0.1)",0.25,0.1,split_high_low,32,0,perception_error,0.14906451612903232,0.15012298387096773,-0.0010584677419354094
pilot_v1_r2_mu010,pilot_v1_r0_r2_mu010,R2,"R0 (theta=0.25, matched mu=0.1)",0.25,0.1,split_high_low,32,0,visibility_gini,0.31005859375,0.2822265625,0.02783203125
pilot_v1_r2_mu010,pilot_v1_r0_r2_mu010,R2,"R0 (theta=0.25, matched mu=0.1)",0.25,0.1,split_high_low,32,0,majority_mismatch_rate,0.0012647150997150995,0.000456429483670863,0.0008082856160442364
pilot_v1_r2_mu010,pilot_v1_r0_r2_mu010,R2,"R0 (theta=0.25, matched mu=0.1)",0.25,0.1,split_high_low,32,1,resource_fraction,0.39317188313999246,0.3570476125284943,0.036124270611498144
pilot_v1_r2_mu010,pilot_v1_r0_r2_mu010,R2,"R0 (theta=0.25, matched mu=0.1)",0.25,0.1,split_high_low,32,1,reserve_welfare,0.8375665979883684,0.8193280582204064,0.01823853976796197
pilot_v1_r2_mu010,pilot_v1_r0_r2_mu010,R2,"R0 (theta=0.25, matched mu=0.1)",0.25,0.1,split_high_low,32,1,need_satisfaction,0.9487815762619134,0.920877264177165,0.027904312084748417
pilot_v1_r2_mu010,pilot_v1_r0_r2_mu010,R2,"R0 (theta=0.25, matched mu=0.1)",0.25,0.1,split_high_low,32,1,deprivation_rate,0.06303125,0.0925625,-0.02953125000000001
pilot_v1_r2_mu010,pilot_v1_r0_r2_mu010,R2,"R0 (theta=0.25, matched mu=0.1)",0.25,0.1,split_high_low,32,1,wealth_gini,0.5385391886954332,0.5593287760783303,-0.020789587382897157
pilot_v1_r2_mu010,pilot_v1_r0_r2_mu010,R2,"R0 (theta=0.25, matched mu=0.1)",0.25,0.1,split_high_low,32,1,perception_error,0.16465725806451612,0.10669178427419358,0.05796547379032253
pilot_v1_r2_mu010,pilot_v1_r0_r2_mu010,R2,"R0 (theta=0.25, matched mu=0.1)",0.25,0.1,split_high_low,32,1,visibility_gini,0.24267578125,0.24169921875,0.0009765625
pilot_v1_r2_mu010,pilot_v1_r0_r2_mu010,R2,"R0 (theta=0.25, matched mu=0.1)",0.25,0.1,split_high_low,32,1,majority_mismatch_rate,0.015002940591583094,0.0012283310328962504,0.013774609558686843
pilot_v1_r2_mu010,pilot_v1_r0_r2_mu010,R2,"R0 (theta=0.25, matched mu=0.1)",0.25,0.1,split_high_low,32,2,resource_fraction,0.2805492912795643,0.2795159422962265,0.0010333489833377896
pilot_v1_r2_mu010,pilot_v1_r0_r2_mu010,R2,"R0 (theta=0.25, matched mu=0.1)",0.25,0.1,split_high_low,32,2,reserve_welfare,0.8372577787175424,0.8318889330733793,0.005368845644163067
pilot_v1_r2_mu010,pilot_v1_r0_r2_mu010,R2,"R0 (theta=0.25, matched mu=0.1)",0.25,0.1,split_high_low,32,2,need_satisfaction,0.9553157073388427,0.9512547835510172,0.004060923787825521
pilot_v1_r2_mu010,pilot_v1_r0_r2_mu010,R2,"R0 (theta=0.25, matched mu=0.1)",0.25,0.1,split_high_low,32,2,deprivation_rate,0.0564375,0.061875,-0.005437499999999998
pilot_v1_r2_mu010,pilot_v1_r0_r2_mu010,R2,"R0 (theta=0.25, matched mu=0.1)",0.25,0.1,split_high_low,32,2,wealth_gini,0.48248556942340004,0.48308941715865683,-0.0006038477352567906
pilot_v1_r2_mu010,pilot_v1_r0_r2_mu010,R2,"R0 (theta=0.25, matched mu=0.1)",0.25,0.1,split_high_low,32,2,perception_error,0.10657434475806452,0.12526915322580645,-0.018694808467741936
pilot_v1_r2_mu010,pilot_v1_r0_r2_mu010,R2,"R0 (theta=0.25, matched mu=0.1)",0.25,0.1,split_high_low,32,2,visibility_gini,0.3046875,0.24169921875,0.06298828125
pilot_v1_r2_mu010,pilot_v1_r0_r2_mu010,R2,"R0 (theta=0.25, matched mu=0.1)",0.25,0.1,split_high_low,32,2,majority_mismatch_rate,0.00029440789473684207,0.0003872674517835808,-9.285955704673875e-05
pilot_v1_r2_mu010,pilot_v1_r0_r2_mu010,R2,"R0 (theta=0.25, matched mu=0.1)",0.25,0.1,split_high_low,32,3,resource_fraction,0.3107859578005407,0.31286572673782986,-0.0020797689372891726
pilot_v1_r2_mu010,pilot_v1_r0_r2_mu010,R2,"R0 (theta=0.25, matched mu=0.1)",0.25,0.1,split_high_low,32,3,reserve_welfare,0.8140350913183779,0.821832104739275,-0.007797013420897114
pilot_v1_r2_mu010,pilot_v1_r0_r2_mu010,R2,"R0 (theta=0.25, matched mu=0.1)",0.25,0.1,split_high_low,32,3,need_satisfaction,0.9241917726548959,0.930470261969537,-0.006278489314641034
pilot_v1_r2_mu010,pilot_v1_r0_r2_mu010,R2,"R0 (theta=0.25, matched mu=0.1)",0.25,0.1,split_high_low,32,3,deprivation_rate,0.084875,0.0774375,0.0074375
pilot_v1_r2_mu010,pilot_v1_r0_r2_mu010,R2,"R0 (theta=0.25, matched mu=0.1)",0.25,0.1,split_high_low,32,3,wealth_gini,0.47835990773713477,0.480292076474806,-0.0019321687376712138
pilot_v1_r2_mu010,pilot_v1_r0_r2_mu010,R2,"R0 (theta=0.25, matched mu=0.1)",0.25,0.1,split_high_low,32,3,perception_error,0.13381224798387098,0.1415148689516129,-0.007702620967741908
pilot_v1_r2_mu010,pilot_v1_r0_r2_mu010,R2,"R0 (theta=0.25, matched mu=0.1)",0.25,0.1,split_high_low,32,3,visibility_gini,0.30419921875,0.27294921875,0.03125
pilot_v1_r2_mu010,pilot_v1_r0_r2_mu010,R2,"R0 (theta=0.25, matched mu=0.1)",0.25,0.1,split_high_low,32,3,majority_mismatch_rate,8.193979933110368e-05,0.00995944895684026,-0.009877509157509156
pilot_v1_r2_mu010,pilot_v1_r0_r2_mu010,R2,"R0 (theta=0.25, matched mu=0.1)",0.25,0.1,split_high_low,32,4,resource_fraction,0.24892068150848445,0.2750699456192826,-0.026149264110798154
pilot_v1_r2_mu010,pilot_v1_r0_r2_mu010,R2,"R0 (theta=0.25, matched mu=0.1)",0.25,0.1,split_high_low,32,4,reserve_welfare,0.9085005525046154,0.9321489859321037,-0.023648433427488347
pilot_v1_r2_mu010,pilot_v1_r0_r2_mu010,R2,"R0 (theta=0.25, matched mu=0.1)",0.25,0.1,split_high_low,32,4,need_satisfaction,0.9765605183796244,0.9902051618051879,-0.013644643425563485
pilot_v1_r2_mu010,pilot_v1_r0_r2_mu010,R2,"R0 (theta=0.25, matched mu=0.1)",0.25,0.1,split_high_low,32,4,deprivation_rate,0.02575,0.012125,0.013624999999999998
pilot_v1_r2_mu010,pilot_v1_r0_r2_mu010,R2,"R0 (theta=0.25, matched mu=0.1)",0.25,0.1,split_high_low,32,4,wealth_gini,0.464470958436912,0.423026975999405,0.04144398243750702
pilot_v1_r2_mu010,pilot_v1_r0_r2_mu010,R2,"R0 (theta=0.25, matched mu=0.1)",0.25,0.1,split_high_low,32,4,perception_error,0.1570667842741936,0.18329208669354838,-0.02622530241935478
pilot_v1_r2_mu010,pilot_v1_r0_r2_mu010,R2,"R0 (theta=0.25, matched mu=0.1)",0.25,0.1,split_high_low,32,4,visibility_gini,0.24462890625,0.26123046875,-0.0166015625
pilot_v1_r2_mu010,pilot_v1_r0_r2_mu010,R2,"R0 (theta=0.25, matched mu=0.1)",0.25,0.1,split_high_low,32,4,majority_mismatch_rate,3.571428571428571e-05,0.10784548221556636,-0.10780976792985207
pilot_v1_r2_mu010,pilot_v1_r0_r2_mu010,R2,"R0 (theta=0.25, matched mu=0.1)",0.25,0.1,split_high_low,32,5,resource_fraction,0.31748732528294615,0.28902168891297664,0.028465636369969516
pilot_v1_r2_mu010,pilot_v1_r0_r2_mu010,R2,"R0 (theta=0.25, matched mu=0.1)",0.25,0.1,split_high_low,32,5,reserve_welfare,0.9409311411123199,0.9134677619663657,0.027463379145954203
pilot_v1_r2_mu010,pilot_v1_r0_r2_mu010,R2,"R0 (theta=0.25, matched mu=0.1)",0.25,0.1,split_high_low,32,5,need_satisfaction,0.9852292505425913,0.9798920487932273,0.005337201749363918
pilot_v1_r2_mu010,pilot_v1_r0_r2_mu010,R2,"R0 (theta=0.25, matched mu=0.1)",0.25,0.1,split_high_low,32,5,deprivation_rate,0.0150625,0.02065625,-0.0055937500000000015
pilot_v1_r2_mu010,pilot_v1_r0_r2_mu010,R2,"R0 (theta=0.25, matched mu=0.1)",0.25,0.1,split_high_low,32,5,wealth_gini,0.46017554896263935,0.45270139929670905,0.007474149665930296
pilot_v1_r2_mu010,pilot_v1_r0_r2_mu010,R2,"R0 (theta=0.25, matched mu=0.1)",0.25,0.1,split_high_low,32,5,perception_error,0.1373228326612903,0.09673790322580643,0.04058492943548388
pilot_v1_r2_mu010,pilot_v1_r0_r2_mu010,R2,"R0 (theta=0.25, matched mu=0.1)",0.25,0.1,split_high_low,32,5,visibility_gini,0.318359375,0.2666015625,0.0517578125
pilot_v1_r2_mu010,pilot_v1_r0_r2_mu010,R2,"R0 (theta=0.25, matched mu=0.1)",0.25,0.1,split_high_low,32,5,majority_mismatch_rate,0.002004442619959861,0.004396668186225664,-0.0023922255662658025
pilot_v1_r2_mu010,pilot_v1_r0_r2_mu010,R2,"R0 (theta=0.25, matched mu=0.1)",0.25,0.1,split_high_low,32,6,resource_fraction,0.29387079501296615,0.3341967415205494,-0.040325946507583255
pilot_v1_r2_mu010,pilot_v1_r0_r2_mu010,R2,"R0 (theta=0.25, matched mu=0.1)",0.25,0.1,split_high_low,32,6,reserve_welfare,0.9363356875418951,0.9928797652668636,-0.0565440777249685
pilot_v1_r2_mu010,pilot_v1_r0_r2_mu010,R2,"R0 (theta=0.25, matched mu=0.1)",0.25,0.1,split_high_low,32,6,need_satisfaction,0.9742475293753148,1.0,-0.02575247062468522
pilot_v1_r2_mu010,pilot_v1_r0_r2_mu010,R2,"R0 (theta=0.25, matched mu=0.1)",0.25,0.1,split_high_low,32,6,deprivation_rate,0.0275625,0.0,0.0275625
pilot_v1_r2_mu010,pilot_v1_r0_r2_mu010,R2,"R0 (theta=0.25, matched mu=0.1)",0.25,0.1,split_high_low,32,6,wealth_gini,0.4228564262836958,0.4126654497184439,0.010190976565251919
pilot_v1_r2_mu010,pilot_v1_r0_r2_mu010,R2,"R0 (theta=0.25, matched mu=0.1)",0.25,0.1,split_high_low,32,6,perception_error,0.1434430443548387,0.18203024193548387,-0.03858719758064516
pilot_v1_r2_mu010,pilot_v1_r0_r2_mu010,R2,"R0 (theta=0.25, matched mu=0.1)",0.25,0.1,split_high_low,32,6,visibility_gini,0.29736328125,0.24853515625,0.048828125
pilot_v1_r2_mu010,pilot_v1_r0_r2_mu010,R2,"R0 (theta=0.25, matched mu=0.1)",0.25,0.1,split_high_low,32,6,majority_mismatch_rate,0.008286119660592554,0.08591883616891625,-0.07763271650832371
pilot_v1_r2_mu010,pilot_v1_r0_r2_mu010,R2,"R0 (theta=0.25, matched mu=0.1)",0.25,0.1,split_high_low,32,7,resource_fraction,0.32783953453421977,0.30815499617504677,0.019684538359173
pilot_v1_r2_mu010,pilot_v1_r0_r2_mu010,R2,"R0 (theta=0.25, matched mu=0.1)",0.25,0.1,split_high_low,32,7,reserve_welfare,0.8260359550417469,0.8161066909332774,0.009929264108469504
pilot_v1_r2_mu010,pilot_v1_r0_r2_mu010,R2,"R0 (theta=0.25, matched mu=0.1)",0.25,0.1,split_high_low,32,7,need_satisfaction,0.9271702134179882,0.9236306179485839,0.0035395954694042997
pilot_v1_r2_mu010,pilot_v1_r0_r2_mu010,R2,"R0 (theta=0.25, matched mu=0.1)",0.25,0.1,split_high_low,32,7,deprivation_rate,0.078,0.08128125,-0.0032812499999999994
pilot_v1_r2_mu010,pilot_v1_r0_r2_mu010,R2,"R0 (theta=0.25, matched mu=0.1)",0.25,0.1,split_high_low,32,7,wealth_gini,0.47404625325437677,0.502232666910591,-0.028186413656214215
pilot_v1_r2_mu010,pilot_v1_r0_r2_mu010,R2,"R0 (theta=0.25, matched mu=0.1)",0.25,0.1,split_high_low,32,7,perception_error,0.14829611895161293,0.13903654233870963,0.009259576612903303
pilot_v1_r2_mu010,pilot_v1_r0_r2_mu010,R2,"R0 (theta=0.25, matched mu=0.1)",0.25,0.1,split_high_low,32,7,visibility_gini,0.2431640625,0.24560546875,-0.00244140625
pilot_v1_r2_mu010,pilot_v1_r0_r2_mu010,R2,"R0 (theta=0.25, matched mu=0.1)",0.25,0.1,split_high_low,32,7,majority_mismatch_rate,0.010032790273991368,0.0007863541042754057,0.009246436169715962
pilot_v1_r2_mu010,pilot_v1_r0_r2_mu010,R2,"R0 (theta=0.25, matched mu=0.1)",0.25,0.1,split_high_low,32,8,resource_fraction,0.3274092314602892,0.3580558547670437,-0.030646623306754495
pilot_v1_r2_mu010,pilot_v1_r0_r2_mu010,R2,"R0 (theta=0.25, matched mu=0.1)",0.25,0.1,split_high_low,32,8,reserve_welfare,0.7759049180771392,0.791543736485115,-0.015638818407975763
pilot_v1_r2_mu010,pilot_v1_r0_r2_mu010,R2,"R0 (theta=0.25, matched mu=0.1)",0.25,0.1,split_high_low,32,8,need_satisfaction,0.8942531690691665,0.9002363659784914,-0.005983196909324917
pilot_v1_r2_mu010,pilot_v1_r0_r2_mu010,R2,"R0 (theta=0.25, matched mu=0.1)",0.25,0.1,split_high_low,32,8,deprivation_rate,0.10915625,0.1040625,0.005093749999999994
pilot_v1_r2_mu010,pilot_v1_r0_r2_mu010,R2,"R0 (theta=0.25, matched mu=0.1)",0.25,0.1,split_high_low,32,8,wealth_gini,0.5062811378593557,0.52836520479201,-0.0220840669326543
pilot_v1_r2_mu010,pilot_v1_r0_r2_mu010,R2,"R0 (theta=0.25, matched mu=0.1)",0.25,0.1,split_high_low,32,8,perception_error,0.19120110887096775,0.16950025201612906,0.02170085685483869
pilot_v1_r2_mu010,pilot_v1_r0_r2_mu010,R2,"R0 (theta=0.25, matched mu=0.1)",0.25,0.1,split_high_low,32,8,visibility_gini,0.3720703125,0.34814453125,0.02392578125
pilot_v1_r2_mu010,pilot_v1_r0_r2_mu010,R2,"R0 (theta=0.25, matched mu=0.1)",0.25,0.1,split_high_low,32,8,majority_mismatch_rate,0.10212952174052307,0.10251709378951067,-0.00038757204898759445
pilot_v1_r2_mu010,pilot_v1_r0_r2_mu010,R2,"R0 (theta=0.25, matched mu=0.1)",0.25,0.1,split_high_low,32,9,resource_fraction,0.2507194489466636,0.366547565987167,-0.11582811704050339
pilot_v1_r2_mu010,pilot_v1_r0_r2_mu010,R2,"R0 (theta=0.25, matched mu=0.1)",0.25,0.1,split_high_low,32,9,reserve_welfare,0.8844421666864773,0.9122217474291981,-0.0277795807427208
pilot_v1_r2_mu010,pilot_v1_r0_r2_mu010,R2,"R0 (theta=0.25, matched mu=0.1)",0.25,0.1,split_high_low,32,9,need_satisfaction,0.9587937025361489,0.9663384942475014,-0.007544791711352472
pilot_v1_r2_mu010,pilot_v1_r0_r2_mu010,R2,"R0 (theta=0.25, matched mu=0.1)",0.25,0.1,split_high_low,32,9,deprivation_rate,0.04465625,0.03675,0.007906250000000004
pilot_v1_r2_mu010,pilot_v1_r0_r2_mu010,R2,"R0 (theta=0.25, matched mu=0.1)",0.25,0.1,split_high_low,32,9,wealth_gini,0.3860885170313104,0.41800581230850753,-0.03191729527719711
pilot_v1_r2_mu010,pilot_v1_r0_r2_mu010,R2,"R0 (theta=0.25, matched mu=0.1)",0.25,0.1,split_high_low,32,9,perception_error,0.10955367943548387,0.19565851814516128,-0.0861048387096774
pilot_v1_r2_mu010,pilot_v1_r0_r2_mu010,R2,"R0 (theta=0.25, matched mu=0.1)",0.25,0.1,split_high_low,32,9,visibility_gini,0.2734375,0.36474609375,-0.09130859375
pilot_v1_r2_mu010,pilot_v1_r0_r2_mu010,R2,"R0 (theta=0.25, matched mu=0.1)",0.25,0.1,split_high_low,32,9,majority_mismatch_rate,0.002145103262277175,0.14286641300511604,-0.14072130974283886
pilot_v1_r2_mu010,pilot_v1_r0_r2_mu010,R2,"R0 (theta=0.25, matched mu=0.1)",0.25,0.1,split_high_low,64,0,resource_fraction,0.110004443032703,0.11190239772607362,-0.0018979546933706182
pilot_v1_r2_mu010,pilot_v1_r0_r2_mu010,R2,"R0 (theta=0.25, matched mu=0.1)",0.25,0.1,split_high_low,64,0,reserve_welfare,0.696857270037475,0.6748110145260796,0.022046255511395385
pilot_v1_r2_mu010,pilot_v1_r0_r2_mu010,R2,"R0 (theta=0.25, matched mu=0.1)",0.25,0.1,split_high_low,64,0,need_satisfaction,0.832759062012521,0.821523207214722,0.011235854797798983
pilot_v1_r2_mu010,pilot_v1_r0_r2_mu010,R2,"R0 (theta=0.25, matched mu=0.1)",0.25,0.1,split_high_low,64,0,deprivation_rate,0.17171875,0.183140625,-0.011421874999999998
pilot_v1_r2_mu010,pilot_v1_r0_r2_mu010,R2,"R0 (theta=0.25, matched mu=0.1)",0.25,0.1,split_high_low,64,0,wealth_gini,0.5786319263059061,0.5968450829207677,-0.01821315661486156
pilot_v1_r2_mu010,pilot_v1_r0_r2_mu010,R2,"R0 (theta=0.25, matched mu=0.1)",0.25,0.1,split_high_low,64,0,perception_error,0.1762529141865079,0.17333779761904766,0.002915116567460241
pilot_v1_r2_mu010,pilot_v1_r0_r2_mu010,R2,"R0 (theta=0.25, matched mu=0.1)",0.25,0.1,split_high_low,64,0,visibility_gini,0.38232421875,0.3388671875,0.04345703125
pilot_v1_r2_mu010,pilot_v1_r0_r2_mu010,R2,"R0 (theta=0.25, matched mu=0.1)",0.25,0.1,split_high_low,64,0,majority_mismatch_rate,0.06732382347684883,0.04845676516556717,0.01886705831128166
pilot_v1_r2_mu010,pilot_v1_r0_r2_mu010,R2,"R0 (theta=0.25, matched mu=0.1)",0.25,0.1,split_high_low,64,1,resource_fraction,0.1362330896887209,0.12202257018715076,0.014210519501570124
pilot_v1_r2_mu010,pilot_v1_r0_r2_mu010,R2,"R0 (theta=0.25, matched mu=0.1)",0.25,0.1,split_high_low,64,1,reserve_welfare,0.6183454363968177,0.5976186229211065,0.02072681347571126
pilot_v1_r2_mu010,pilot_v1_r0_r2_mu010,R2,"R0 (theta=0.25, matched mu=0.1)",0.25,0.1,split_high_low,64,1,need_satisfaction,0.8078252496249834,0.806400079129997,0.0014251704949863608
pilot_v1_r2_mu010,pilot_v1_r0_r2_mu010,R2,"R0 (theta=0.25, matched mu=0.1)",0.25,0.1,split_high_low,64,1,deprivation_rate,0.199625,0.201609375,-0.0019843750000000104
pilot_v1_r2_mu010,pilot_v1_r0_r2_mu010,R2,"R0 (theta=0.25, matched mu=0.1)",0.25,0.1,split_high_low,64,1,wealth_gini,0.6631243302610894,0.6701337505948082,-0.007009420333718763
pilot_v1_r2_mu010,pilot_v1_r0_r2_mu010,R2,"R0 (theta=0.25, matched mu=0.1)",0.25,0.1,split_high_low,64,1,perception_error,0.13480673363095239,0.15894766865079368,-0.024140935019841298
pilot_v1_r2_mu010,pilot_v1_r0_r2_mu010,R2,"R0 (theta=0.25, matched mu=0.1)",0.25,0.1,split_high_low,64,1,visibility_gini,0.371337890625,0.4068603515625,-0.0355224609375
pilot_v1_r2_mu010,pilot_v1_r0_r2_mu010,R2,"R0 (theta=0.25, matched mu=0.1)",0.25,0.1,split_high_low,64,1,majority_mismatch_rate,0.00543545566173508,0.03814222164491869,-0.03270676598318361
pilot_v1_r2_mu010,pilot_v1_r0_r2_mu010,R2,"R0 (theta=0.25, matched mu=0.1)",0.25,0.1,split_high_low,64,2,resource_fraction,0.13068603713653704,0.1046533972078348,0.026032639928702236
pilot_v1_r2_mu010,pilot_v1_r0_r2_mu010,R2,"R0 (theta=0.25, matched mu=0.1)",0.25,0.1,split_high_low,64,2,reserve_welfare,0.6492075571490727,0.6523623273338678,-0.0031547701847950416
pilot_v1_r2_mu010,pilot_v1_r0_r2_mu010,R2,"R0 (theta=0.25, matched mu=0.1)",0.25,0.1,split_high_low,64,2,need_satisfaction,0.8304151519338787,0.8126079075693838,0.01780724436449488
pilot_v1_r2_mu010,pilot_v1_r0_r2_mu010,R2,"R0 (theta=0.25, matched mu=0.1)",0.25,0.1,split_high_low,64,2,deprivation_rate,0.1784375,0.19359375,-0.01515625000000001
pilot_v1_r2_mu010,pilot_v1_r0_r2_mu010,R2,"R0 (theta=0.25, matched mu=0.1)",0.25,0.1,split_high_low,64,2,wealth_gini,0.626676783269799,0.6030233627261752,0.02365342054362385
pilot_v1_r2_mu010,pilot_v1_r0_r2_mu010,R2,"R0 (theta=0.25, matched mu=0.1)",0.25,0.1,split_high_low,64,2,perception_error,0.18048753720238092,0.15296360367063494,0.02752393353174598
pilot_v1_r2_mu010,pilot_v1_r0_r2_mu010,R2,"R0 (theta=0.25, matched mu=0.1)",0.25,0.1,split_high_low,64,2,visibility_gini,0.40234375,0.32568359375,0.07666015625
pilot_v1_r2_mu010,pilot_v1_r0_r2_mu010,R2,"R0 (theta=0.25, matched mu=0.1)",0.25,0.1,split_high_low,64,2,majority_mismatch_rate,0.020627216530152807,0.03705794453506633,-0.01643072800491352
pilot_v1_r2_mu010,pilot_v1_r0_r2_mu010,R2,"R0 (theta=0.25, matched mu=0.1)",0.25,0.1,split_high_low,64,3,resource_fraction,0.12681288182320688,0.12343923458777732,0.0033736472354295582
pilot_v1_r2_mu010,pilot_v1_r0_r2_mu010,R2,"R0 (theta=0.25, matched mu=0.1)",0.25,0.1,split_high_low,64,3,reserve_welfare,0.7139337919705935,0.730184229777092,-0.016250437806498486
pilot_v1_r2_mu010,pilot_v1_r0_r2_mu010,R2,"R0 (theta=0.25, matched mu=0.1)",0.25,0.1,split_high_low,64,3,need_satisfaction,0.8530020607919537,0.8610842122180129,-0.00808215142605917
pilot_v1_r2_mu010,pilot_v1_r0_r2_mu010,R2,"R0 (theta=0.25, matched mu=0.1)",0.25,0.1,split_high_low,64,3,deprivation_rate,0.1499375,0.14446875,0.0054687499999999944
pilot_v1_r2_mu010,pilot_v1_r0_r2_mu010,R2,"R0 (theta=0.25, matched mu=0.1)",0.25,0.1,split_high_low,64,3,wealth_gini,0.586925158228327,0.5640141317951262,0.022911026433200865
pilot_v1_r2_mu010,pilot_v1_r0_r2_mu010,R2,"R0 (theta=0.25, matched mu=0.1)",0.25,0.1,split_high_low,64,3,perception_error,0.17825229414682536,0.2059462425595238,-0.027693948412698427
pilot_v1_r2_mu010,pilot_v1_r0_r2_mu010,R2,"R0 (theta=0.25, matched mu=0.1)",0.25,0.1,split_high_low,64,3,visibility_gini,0.4190673828125,0.3662109375,0.0528564453125
pilot_v1_r2_mu010,pilot_v1_r0_r2_mu010,R2,"R0 (theta=0.25, matched mu=0.1)",0.25,0.1,split_high_low,64,3,majority_mismatch_rate,0.008860486063919528,0.10125473716023665,-0.09239425109631713
pilot_v1_r2_mu010,pilot_v1_r0_r2_mu010,R2,"R0 (theta=0.25, matched mu=0.1)",0.25,0.1,split_high_low,64,4,resource_fraction,0.08815556683524942,0.08394470124376872,0.004210865591480692
pilot_v1_r2_mu010,pilot_v1_r0_r2_mu010,R2,"R0 (theta=0.25, matched mu=0.1)",0.25,0.1,split_high_low,64,4,reserve_welfare,0.6562070341755023,0.638128306225183,0.018078727950319284
pilot_v1_r2_mu010,pilot_v1_r0_r2_mu010,R2,"R0 (theta=0.25, matched mu=0.1)",0.25,0.1,split_high_low,64,4,need_satisfaction,0.8266678194062497,0.81190072085759,0.014767098548659652
pilot_v1_r2_mu010,pilot_v1_r0_r2_mu010,R2,"R0 (theta=0.25, matched mu=0.1)",0.25,0.1,split_high_low,64,4,deprivation_rate,0.175203125,0.190546875,-0.015343750000000017
pilot_v1_r2_mu010,pilot_v1_r0_r2_mu010,R2,"R0 (theta=0.25, matched mu=0.1)",0.25,0.1,split_high_low,64,4,wealth_gini,0.5564843423522592,0.569361578085696,-0.012877235733436798
pilot_v1_r2_mu010,pilot_v1_r0_r2_mu010,R2,"R0 (theta=0.25, matched mu=0.1)",0.25,0.1,split_high_low,64,4,perception_error,0.21282192460317462,0.1501759052579365,0.06264601934523811
pilot_v1_r2_mu010,pilot_v1_r0_r2_mu010,R2,"R0 (theta=0.25, matched mu=0.1)",0.25,0.1,split_high_low,64,4,visibility_gini,0.2928466796875,0.3341064453125,-0.041259765625
pilot_v1_r2_mu010,pilot_v1_r0_r2_mu010,R2,"R0 (theta=0.25, matched mu=0.1)",0.25,0.1,split_high_low,64,4,majority_mismatch_rate,0.13895788120896788,0.033646903193020626,0.10531097801594724
pilot_v1_r2_mu010,pilot_v1_r0_r2_mu010,R2,"R0 (theta=0.25, matched mu=0.1)",0.25,0.1,split_high_low,64,5,resource_fraction,0.16804757718968755,0.1508562779059156,0.017191299283771944
pilot_v1_r2_mu010,pilot_v1_r0_r2_mu010,R2,"R0 (theta=0.25, matched mu=0.1)",0.25,0.1,split_high_low,64,5,reserve_welfare,0.7052205601880662,0.6595991711034055,0.045621389084660735
pilot_v1_r2_mu010,pilot_v1_r0_r2_mu010,R2,"R0 (theta=0.25, matched mu=0.1)",0.25,0.1,split_high_low,64,5,need_satisfaction,0.8419337459472545,0.8338222331121674,0.008111512835087042
pilot_v1_r2_mu010,pilot_v1_r0_r2_mu010,R2,"R0 (theta=0.25, matched mu=0.1)",0.25,0.1,split_high_low,64,5,deprivation_rate,0.16753125,0.175671875,-0.008140625000000012
pilot_v1_r2_mu010,pilot_v1_r0_r2_mu010,R2,"R0 (theta=0.25, matched mu=0.1)",0.25,0.1,split_high_low,64,5,wealth_gini,0.6013938497726303,0.6220519260953434,-0.020658076322713104
pilot_v1_r2_mu010,pilot_v1_r0_r2_mu010,R2,"R0 (theta=0.25, matched mu=0.1)",0.25,0.1,split_high_low,64,5,perception_error,0.13411861359126984,0.1736641865079365,-0.03954557291666666
pilot_v1_r2_mu010,pilot_v1_r0_r2_mu010,R2,"R0 (theta=0.25, matched mu=0.1)",0.25,0.1,split_high_low,64,5,visibility_gini,0.3475341796875,0.33837890625,0.0091552734375
pilot_v1_r2_mu010,pilot_v1_r0_r2_mu010,R2,"R0 (theta=0.25, matched mu=0.1)",0.25,0.1,split_high_low,64,5,majority_mismatch_rate,0.005325817196000749,0.05973683907386673,-0.054411021877865985
pilot_v1_r2_mu010,pilot_v1_r0_r2_mu010,R2,"R0 (theta=0.25, matched mu=0.1)",0.25,0.1,split_high_low,64,6,resource_fraction,0.1021648707778524,0.07934457964710574,0.022820291130746656
pilot_v1_r2_mu010,pilot_v1_r0_r2_mu010,R2,"R0 (theta=0.25, matched mu=0.1)",0.25,0.1,split_high_low,64,6,reserve_welfare,0.6141081833145697,0.5682977917088767,0.045810391605693
pilot_v1_r2_mu010,pilot_v1_r0_r2_mu010,R2,"R0 (theta=0.25, matched mu=0.1)",0.25,0.1,split_high_low,64,6,need_satisfaction,0.792104839071114,0.7604938721532678,0.03161096691784615
pilot_v1_r2_mu010,pilot_v1_r0_r2_mu010,R2,"R0 (theta=0.25, matched mu=0.1)",0.25,0.1,split_high_low,64,6,deprivation_rate,0.214078125,0.241890625,-0.02781249999999999
pilot_v1_r2_mu010,pilot_v1_r0_r2_mu010,R2,"R0 (theta=0.25, matched mu=0.1)",0.25,0.1,split_high_low,64,6,wealth_gini,0.6419401437017269,0.6351851549020548,0.006754988799672068
pilot_v1_r2_mu010,pilot_v1_r0_r2_mu010,R2,"R0 (theta=0.25, matched mu=0.1)",0.25,0.1,split_high_low,64,6,perception_error,0.22690445188492062,0.1601056547619048,0.06679879712301581
pilot_v1_r2_mu010,pilot_v1_r0_r2_mu010,R2,"R0 (theta=0.25, matched mu=0.1)",0.25,0.1,split_high_low,64,6,visibility_gini,0.3892822265625,0.3167724609375,0.072509765625
pilot_v1_r2_mu010,pilot_v1_r0_r2_mu010,R2,"R0 (theta=0.25, matched mu=0.1)",0.25,0.1,split_high_low,64,6,majority_mismatch_rate,0.0684250667513299,0.07218895183621948,-0.00376388508488959
pilot_v1_r2_mu010,pilot_v1_r0_r2_mu010,R2,"R0 (theta=0.25, matched mu=0.1)",0.25,0.1,split_high_low,64,7,resource_fraction,0.22958267111687525,0.2153213484628043,0.014261322654070957
pilot_v1_r2_mu010,pilot_v1_r0_r2_mu010,R2,"R0 (theta=0.25, matched mu=0.1)",0.25,0.1,split_high_low,64,7,reserve_welfare,0.6448089581287008,0.6071115627805471,0.03769739534815364
pilot_v1_r2_mu010,pilot_v1_r0_r2_mu010,R2,"R0 (theta=0.25, matched mu=0.1)",0.25,0.1,split_high_low,64,7,need_satisfaction,0.8130386911346416,0.7916611640916579,0.02137752704298368
pilot_v1_r2_mu010,pilot_v1_r0_r2_mu010,R2,"R0 (theta=0.25, matched mu=0.1)",0.25,0.1,split_high_low,64,7,deprivation_rate,0.1938125,0.2145625,-0.02074999999999999
pilot_v1_r2_mu010,pilot_v1_r0_r2_mu010,R2,"R0 (theta=0.25, matched mu=0.1)",0.25,0.1,split_high_low,64,7,wealth_gini,0.6845019859988053,0.6915438111106074,-0.007041825111802069
pilot_v1_r2_mu010,pilot_v1_r0_r2_mu010,R2,"R0 (theta=0.25, matched mu=0.1)",0.25,0.1,split_high_low,64,7,perception_error,0.18273673115079359,0.1828601810515873,-0.0001234499007937151
pilot_v1_r2_mu010,pilot_v1_r0_r2_mu010,R2,"R0 (theta=0.25, matched mu=0.1)",0.25,0.1,split_high_low,64,7,visibility_gini,0.3822021484375,0.3343505859375,0.0478515625
pilot_v1_r2_mu010,pilot_v1_r0_r2_mu010,R2,"R0 (theta=0.25, matched mu=0.1)",0.25,0.1,split_high_low,64,7,majority_mismatch_rate,0.059347851187793225,0.1284504679584221,-0.06910261677062887
pilot_v1_r2_mu010,pilot_v1_r0_r2_mu010,R2,"R0 (theta=0.25, matched mu=0.1)",0.25,0.1,split_high_low,64,8,resource_fraction,0.11339671521309612,0.11198204823897012,0.001414666974125997
pilot_v1_r2_mu010,pilot_v1_r0_r2_mu010,R2,"R0 (theta=0.25, matched mu=0.1)",0.25,0.1,split_high_low,64,8,reserve_welfare,0.5617793144714166,0.5661110934405706,-0.004331778969154043
pilot_v1_r2_mu010,pilot_v1_r0_r2_mu010,R2,"R0 (theta=0.25, matched mu=0.1)",0.25,0.1,split_high_low,64,8,need_satisfaction,0.7387717935380312,0.7446823730352566,-0.005910579497225399
pilot_v1_r2_mu010,pilot_v1_r0_r2_mu010,R2,"R0 (theta=0.25, matched mu=0.1)",0.25,0.1,split_high_low,64,8,deprivation_rate,0.2618125,0.2561875,0.005624999999999991
pilot_v1_r2_mu010,pilot_v1_r0_r2_mu010,R2,"R0 (theta=0.25, matched mu=0.1)",0.25,0.1,split_high_low,64,8,wealth_gini,0.6826361380269257,0.66777403408831,0.014862103938615645
pilot_v1_r2_mu010,pilot_v1_r0_r2_mu010,R2,"R0 (theta=0.25, matched mu=0.1)",0.25,0.1,split_high_low,64,8,perception_error,0.18501320684523812,0.1808970734126984,0.00411613343253972
pilot_v1_r2_mu010,pilot_v1_r0_r2_mu010,R2,"R0 (theta=0.25, matched mu=0.1)",0.25,0.1,split_high_low,64,8,visibility_gini,0.3919677734375,0.37353515625,0.0184326171875
pilot_v1_r2_mu010,pilot_v1_r0_r2_mu010,R2,"R0 (theta=0.25, matched mu=0.1)",0.25,0.1,split_high_low,64,8,majority_mismatch_rate,0.20731780967969524,0.08942734859504359,0.11789046108465165
pilot_v1_r2_mu010,pilot_v1_r0_r2_mu010,R2,"R0 (theta=0.25, matched mu=0.1)",0.25,0.1,split_high_low,64,9,resource_fraction,0.11141118418029562,0.11064710930495124,0.0007640748753443838
pilot_v1_r2_mu010,pilot_v1_r0_r2_mu010,R2,"R0 (theta=0.25, matched mu=0.1)",0.25,0.1,split_high_low,64,9,reserve_welfare,0.7377541992222474,0.7416006309908189,-0.0038464317685714677
pilot_v1_r2_mu010,pilot_v1_r0_r2_mu010,R2,"R0 (theta=0.25, matched mu=0.1)",0.25,0.1,split_high_low,64,9,need_satisfaction,0.8550805682810249,0.8517717325758024,0.003308835705222446
pilot_v1_r2_mu010,pilot_v1_r0_r2_mu010,R2,"R0 (theta=0.25, matched mu=0.1)",0.25,0.1,split_high_low,64,9,deprivation_rate,0.148109375,0.151359375,-0.003250000000000003
pilot_v1_r2_mu010,pilot_v1_r0_r2_mu010,R2,"R0 (theta=0.25, matched mu=0.1)",0.25,0.1,split_high_low,64,9,wealth_gini,0.5289785516169507,0.5150465346983182,0.01393201691863255
pilot_v1_r2_mu010,pilot_v1_r0_r2_mu010,R2,"R0 (theta=0.25, matched mu=0.1)",0.25,0.1,split_high_low,64,9,perception_error,0.14334864831349203,0.17230443948412694,-0.028955791170634904
pilot_v1_r2_mu010,pilot_v1_r0_r2_mu010,R2,"R0 (theta=0.25, matched mu=0.1)",0.25,0.1,split_high_low,64,9,visibility_gini,0.401611328125,0.291259765625,0.1103515625
pilot_v1_r2_mu010,pilot_v1_r0_r2_mu010,R2,"R0 (theta=0.25, matched mu=0.1)",0.25,0.1,split_high_low,64,9,majority_mismatch_rate,0.0011387026749442501,0.02293027721205313,-0.02179157453710888
pilot_v1_r2_mu010,pilot_v1_r0_r2_mu010,R2,"R0 (theta=0.25, matched mu=0.1)",0.25,0.1,uniform_high,32,0,resource_fraction,0.31181375719598675,0.3166353429102295,-0.004821585714242738
pilot_v1_r2_mu010,pilot_v1_r0_r2_mu010,R2,"R0 (theta=0.25, matched mu=0.1)",0.25,0.1,uniform_high,32,0,reserve_welfare,0.9802841178514943,0.9802750431398096,9.074711684653458e-06
pilot_v1_r2_mu010,pilot_v1_r0_r2_mu010,R2,"R0 (theta=0.25, matched mu=0.1)",0.25,0.1,uniform_high,32,0,need_satisfaction,1.0,1.0,0.0
pilot_v1_r2_mu010,pilot_v1_r0_r2_mu010,R2,"R0 (theta=0.25, matched mu=0.1)",0.25,0.1,uniform_high,32,0,deprivation_rate,0.0,0.0,0.0
pilot_v1_r2_mu010,pilot_v1_r0_r2_mu010,R2,"R0 (theta=0.25, matched mu=0.1)",0.25,0.1,uniform_high,32,0,wealth_gini,0.3303554630999377,0.3528706286234058,-0.022515165523468106
pilot_v1_r2_mu010,pilot_v1_r0_r2_mu010,R2,"R0 (theta=0.25, matched mu=0.1)",0.25,0.1,uniform_high,32,0,perception_error,0.13262147177419353,0.13343245967741935,-0.0008109879032258127
pilot_v1_r2_mu010,pilot_v1_r0_r2_mu010,R2,"R0 (theta=0.25, matched mu=0.1)",0.25,0.1,uniform_high,32,0,visibility_gini,0.2470703125,0.28271484375,-0.03564453125
pilot_v1_r2_mu010,pilot_v1_r0_r2_mu010,R2,"R0 (theta=0.25, matched mu=0.1)",0.25,0.1,uniform_high,32,0,majority_mismatch_rate,4e-05,0.0005015134865134865,-0.0004615134865134865
pilot_v1_r2_mu010,pilot_v1_r0_r2_mu010,R2,"R0 (theta=0.25, matched mu=0.1)",0.25,0.1,uniform_high,32,1,resource_fraction,0.3306758415539416,0.3186613661472648,0.012014475406676772
pilot_v1_r2_mu010,pilot_v1_r0_r2_mu010,R2,"R0 (theta=0.25, matched mu=0.1)",0.25,0.1,uniform_high,32,1,reserve_welfare,0.969471141899877,0.9673338916142498,0.002137250285627279
pilot_v1_r2_mu010,pilot_v1_r0_r2_mu010,R2,"R0 (theta=0.25, matched mu=0.1)",0.25,0.1,uniform_high,32,1,need_satisfaction,1.0,1.0,0.0
pilot_v1_r2_mu010,pilot_v1_r0_r2_mu010,R2,"R0 (theta=0.25, matched mu=0.1)",0.25,0.1,uniform_high,32,1,deprivation_rate,0.0,0.0,0.0
pilot_v1_r2_mu010,pilot_v1_r0_r2_mu010,R2,"R0 (theta=0.25, matched mu=0.1)",0.25,0.1,uniform_high,32,1,wealth_gini,0.4089355883947001,0.4138168705999621,-0.004881282205261961
pilot_v1_r2_mu010,pilot_v1_r0_r2_mu010,R2,"R0 (theta=0.25, matched mu=0.1)",0.25,0.1,uniform_high,32,1,perception_error,0.07650579637096774,0.04971522177419355,0.02679057459677419
pilot_v1_r2_mu010,pilot_v1_r0_r2_mu010,R2,"R0 (theta=0.25, matched mu=0.1)",0.25,0.1,uniform_high,32,1,visibility_gini,0.26318359375,0.28125,-0.01806640625
pilot_v1_r2_mu010,pilot_v1_r0_r2_mu010,R2,"R0 (theta=0.25, matched mu=0.1)",0.25,0.1,uniform_high,32,1,majority_mismatch_rate,0.002025528523303829,0.0007980399804537736,0.0012274885428500554
pilot_v1_r2_mu010,pilot_v1_r0_r2_mu010,R2,"R0 (theta=0.25, matched mu=0.1)",0.25,0.1,uniform_high,32,2,resource_fraction,0.24278194801717473,0.24281865417182072,-3.670615464598792e-05
pilot_v1_r2_mu010,pilot_v1_r0_r2_mu010,R2,"R0 (theta=0.25, matched mu=0.1)",0.25,0.1,uniform_high,32,2,reserve_welfare,0.9979999999999998,0.9979999999999998,0.0
pilot_v1_r2_mu010,pilot_v1_r0_r2_mu010,R2,"R0 (theta=0.25, matched mu=0.1)",0.25,0.1,uniform_high,32,2,need_satisfaction,1.0,1.0,0.0
pilot_v1_r2_mu010,pilot_v1_r0_r2_mu010,R2,"R0 (theta=0.25, matched mu=0.1)",0.25,0.1,uniform_high,32,2,deprivation_rate,0.0,0.0,0.0
pilot_v1_r2_mu010,pilot_v1_r0_r2_mu010,R2,"R0 (theta=0.25, matched mu=0.1)",0.25,0.1,uniform_high,32,2,wealth_gini,0.2889550777490397,0.2889872311644699,-3.2153415430169474e-05
pilot_v1_r2_mu010,pilot_v1_r0_r2_mu010,R2,"R0 (theta=0.25, matched mu=0.1)",0.25,0.1,uniform_high,32,2,perception_error,0.0008828125,0.0010345262096774195,-0.00015171370967741952
pilot_v1_r2_mu010,pilot_v1_r0_r2_mu010,R2,"R0 (theta=0.25, matched mu=0.1)",0.25,0.1,uniform_high,32,2,visibility_gini,0.3173828125,0.31982421875,-0.00244140625
pilot_v1_r2_mu010,pilot_v1_r0_r2_mu010,R2,"R0 (theta=0.25, matched mu=0.1)",0.25,0.1,uniform_high,32,2,majority_mismatch_rate,3.571428571428571e-05,0.00011666666666666667,-8.095238095238096e-05
pilot_v1_r2_mu010,pilot_v1_r0_r2_mu010,R2,"R0 (theta=0.25, matched mu=0.1)",0.25,0.1,uniform_high,32,3,resource_fraction,0.22833517359060312,0.22824734206610914,8.783152449398646e-05
pilot_v1_r2_mu010,pilot_v1_r0_r2_mu010,R2,"R0 (theta=0.25, matched mu=0.1)",0.25,0.1,uniform_high,32,3,reserve_welfare,0.9979999999999998,0.9979999999999998,0.0
pilot_v1_r2_mu010,pilot_v1_r0_r2_mu010,R2,"R0 (theta=0.25, matched mu=0.1)",0.25,0.1,uniform_high,32,3,need_satisfaction,1.0,1.0,0.0
pilot_v1_r2_mu010,pilot_v1_r0_r2_mu010,R2,"R0 (theta=0.25, matched mu=0.1)",0.25,0.1,uniform_high,32,3,deprivation_rate,0.0,0.0,0.0
pilot_v1_r2_mu010,pilot_v1_r0_r2_mu010,R2,"R0 (theta=0.25, matched mu=0.1)",0.25,0.1,uniform_high,32,3,wealth_gini,0.2713119968376949,0.2717966115995192,-0.00048461476182426466
pilot_v1_r2_mu010,pilot_v1_r0_r2_mu010,R2,"R0 (theta=0.25, matched mu=0.1)",0.25,0.1,uniform_high,32,3,perception_error,0.06174495967741935,0.06337147177419354,-0.0016265120967741895
pilot_v1_r2_mu010,pilot_v1_r0_r2_mu010,R2,"R0 (theta=0.25, matched mu=0.1)",0.25,0.1,uniform_high,32,3,visibility_gini,0.3017578125,0.2705078125,0.03125
pilot_v1_r2_mu010,pilot_v1_r0_r2_mu010,R2,"R0 (theta=0.25, matched mu=0.1)",0.25,0.1,uniform_high,32,3,majority_mismatch_rate,0.00010714285714285714,0.0001111111111111111,-3.9682539682539655e-06
pilot_v1_r2_mu010,pilot_v1_r0_r2_mu010,R2,"R0 (theta=0.25, matched mu=0.1)",0.25,0.1,uniform_high,32,4,resource_fraction,0.2658462507639729,0.2758174417912471,-0.009971191027274229
pilot_v1_r2_mu010,pilot_v1_r0_r2_mu010,R2,"R0 (theta=0.25, matched mu=0.1)",0.25,0.1,uniform_high,32,4,reserve_welfare,0.9312305842368844,0.9668471575445095,-0.03561657330762502
pilot_v1_r2_mu010,pilot_v1_r0_r2_mu010,R2,"R0 (theta=0.25, matched mu=0.1)",0.25,0.1,uniform_high,32,4,need_satisfaction,0.9737684794964486,0.9875845901944542,-0.01381611069800559
pilot_v1_r2_mu010,pilot_v1_r0_r2_mu010,R2,"R0 (theta=0.25, matched mu=0.1)",0.25,0.1,uniform_high,32,4,deprivation_rate,0.02734375,0.0124375,0.01490625
pilot_v1_r2_mu010,pilot_v1_r0_r2_mu010,R2,"R0 (theta=0.25, matched mu=0.1)",0.25,0.1,uniform_high,32,4,wealth_gini,0.3560901615816292,0.3077005822752663,0.048389579306362895
pilot_v1_r2_mu010,pilot_v1_r0_r2_mu010,R2,"R0 (theta=0.25, matched mu=0.1)",0.25,0.1,uniform_high,32,4,perception_error,0.11459853830645161,0.14422681451612904,-0.029628276209677423
pilot_v1_r2_mu010,pilot_v1_r0_r2_mu010,R2,"R0 (theta=0.25, matched mu=0.1)",0.25,0.1,uniform_high,32,4,visibility_gini,0.2509765625,0.2861328125,-0.03515625
pilot_v1_r2_mu010,pilot_v1_r0_r2_mu010,R2,"R0 (theta=0.25, matched mu=0.1)",0.25,0.1,uniform_high,32,4,majority_mismatch_rate,3.7037037037037037e-05,0.0033188291019325493,-0.003281792064895512
pilot_v1_r2_mu010,pilot_v1_r0_r2_mu010,R2,"R0 (theta=0.25, matched mu=0.1)",0.25,0.1,uniform_high,32,5,resource_fraction,0.28371220966824134,0.2841101160081578,-0.00039790633991643176
pilot_v1_r2_mu010,pilot_v1_r0_r2_mu010,R2,"R0 (theta=0.25, matched mu=0.1)",0.25,0.1,uniform_high,32,5,reserve_welfare,0.9682675120502156,0.9708962947123347,-0.002628782662119189
pilot_v1_r2_mu010,pilot_v1_r0_r2_mu010,R2,"R0 (theta=0.25, matched mu=0.1)",0.25,0.1,uniform_high,32,5,need_satisfaction,0.9860912645817467,0.9885759386471005,-0.002484674065353798
pilot_v1_r2_mu010,pilot_v1_r0_r2_mu010,R2,"R0 (theta=0.25, matched mu=0.1)",0.25,0.1,uniform_high,32,5,deprivation_rate,0.0139375,0.0114375,0.0025000000000000005
pilot_v1_r2_mu010,pilot_v1_r0_r2_mu010,R2,"R0 (theta=0.25, matched mu=0.1)",0.25,0.1,uniform_high,32,5,wealth_gini,0.35296327585339915,0.3511946689275336,0.0017686069258655568
pilot_v1_r2_mu010,pilot_v1_r0_r2_mu010,R2,"R0 (theta=0.25, matched mu=0.1)",0.25,0.1,uniform_high,32,5,perception_error,0.023714213709677415,0.07657132056451613,-0.052857106854838715
pilot_v1_r2_mu010,pilot_v1_r0_r2_mu010,R2,"R0 (theta=0.25, matched mu=0.1)",0.25,0.1,uniform_high,32,5,visibility_gini,0.3115234375,0.318359375,-0.0068359375
pilot_v1_r2_mu010,pilot_v1_r0_r2_mu010,R2,"R0 (theta=0.25, matched mu=0.1)",0.25,0.1,uniform_high,32,5,majority_mismatch_rate,0.00011186371100164203,0.000165273132664437,-5.340942166279496e-05
pilot_v1_r2_mu010,pilot_v1_r0_r2_mu010,R2,"R0 (theta=0.25, matched mu=0.1)",0.25,0.1,uniform_high,32,6,resource_fraction,0.3031707298537022,0.3084658783767256,-0.00529514852302343
pilot_v1_r2_mu010,pilot_v1_r0_r2_mu010,R2,"R0 (theta=0.25, matched mu=0.1)",0.25,0.1,uniform_high,32,6,reserve_welfare,0.8869975657860825,0.8767560081306113,0.01024155765547119
pilot_v1_r2_mu010,pilot_v1_r0_r2_mu010,R2,"R0 (theta=0.25, matched mu=0.1)",0.25,0.1,uniform_high,32,6,need_satisfaction,0.9616797062999194,0.9534447321368097,0.008234974163109698
pilot_v1_r2_mu010,pilot_v1_r0_r2_mu010,R2,"R0 (theta=0.25, matched mu=0.1)",0.25,0.1,uniform_high,32,6,deprivation_rate,0.04253125,0.05125,-0.008718749999999997
pilot_v1_r2_mu010,pilot_v1_r0_r2_mu010,R2,"R0 (theta=0.25, matched mu=0.1)",0.25,0.1,uniform_high,32,6,wealth_gini,0.40789985926872063,0.4000346971789577,0.007865162089762956
pilot_v1_r2_mu010,pilot_v1_r0_r2_mu010,R2,"R0 (theta=0.25, matched mu=0.1)",0.25,0.1,uniform_high,32,6,perception_error,0.11659324596774195,0.075890625,0.04070262096774195
pilot_v1_r2_mu010,pilot_v1_r0_r2_mu010,R2,"R0 (theta=0.25, matched mu=0.1)",0.25,0.1,uniform_high,32,6,visibility_gini,0.30859375,0.2724609375,0.0361328125
pilot_v1_r2_mu010,pilot_v1_r0_r2_mu010,R2,"R0 (theta=0.25, matched mu=0.1)",0.25,0.1,uniform_high,32,6,majority_mismatch_rate,0.004862064606248211,0.0015691765641765642,0.0032928880420716464
pilot_v1_r2_mu010,pilot_v1_r0_r2_mu010,R2,"R0 (theta=0.25, matched mu=0.1)",0.25,0.1,uniform_high,32,7,resource_fraction,0.2705331539146034,0.272019464942078,-0.001486311027474596
pilot_v1_r2_mu010,pilot_v1_r0_r2_mu010,R2,"R0 (theta=0.25, matched mu=0.1)",0.25,0.1,uniform_high,32,7,reserve_welfare,0.9534062085760813,0.9721915327549742,-0.018785324178892893
pilot_v1_r2_mu010,pilot_v1_r0_r2_mu010,R2,"R0 (theta=0.25, matched mu=0.1)",0.25,0.1,uniform_high,32,7,need_satisfaction,0.9945165621084432,1.0,-0.005483437891556808
pilot_v1_r2_mu010,pilot_v1_r0_r2_mu010,R2,"R0 (theta=0.25, matched mu=0.1)",0.25,0.1,uniform_high,32,7,deprivation_rate,0.0080625,0.0,0.0080625
pilot_v1_r2_mu010,pilot_v1_r0_r2_mu010,R2,"R0 (theta=0.25, matched mu=0.1)",0.25,0.1,uniform_high,32,7,wealth_gini,0.3230968842421642,0.31855335509263627,0.004543529149527936
pilot_v1_r2_mu010,pilot_v1_r0_r2_mu010,R2,"R0 (theta=0.25, matched mu=0.1)",0.25,0.1,uniform_high,32,7,perception_error,0.008029485887096774,0.0660141129032258,-0.057984627016129026
pilot_v1_r2_mu010,pilot_v1_r0_r2_mu010,R2,"R0 (theta=0.25, matched mu=0.1)",0.25,0.1,uniform_high,32,7,visibility_gini,0.26025390625,0.26416015625,-0.00390625
pilot_v1_r2_mu010,pilot_v1_r0_r2_mu010,R2,"R0 (theta=0.25, matched mu=0.1)",0.25,0.1,uniform_high,32,7,majority_mismatch_rate,0.0,3.3333333333333335e-05,-3.3333333333333335e-05
pilot_v1_r2_mu010,pilot_v1_r0_r2_mu010,R2,"R0 (theta=0.25, matched mu=0.1)",0.25,0.1,uniform_high,32,8,resource_fraction,0.2810415122489202,0.2625445100015839,0.018497002247336303
pilot_v1_r2_mu010,pilot_v1_r0_r2_mu010,R2,"R0 (theta=0.25, matched mu=0.1)",0.25,0.1,uniform_high,32,8,reserve_welfare,0.8929951689260954,0.8754272158802393,0.01756795304585612
pilot_v1_r2_mu010,pilot_v1_r0_r2_mu010,R2,"R0 (theta=0.25, matched mu=0.1)",0.25,0.1,uniform_high,32,8,need_satisfaction,0.9339133332967667,0.9272292271601225,0.0066841061366442744
pilot_v1_r2_mu010,pilot_v1_r0_r2_mu010,R2,"R0 (theta=0.25, matched mu=0.1)",0.25,0.1,uniform_high,32,8,deprivation_rate,0.06615625,0.07290625,-0.006750000000000006
pilot_v1_r2_mu010,pilot_v1_r0_r2_mu010,R2,"R0 (theta=0.25, matched mu=0.1)",0.25,0.1,uniform_high,32,8,wealth_gini,0.3783946010345285,0.40108292165132053,-0.022688320616792046
pilot_v1_r2_mu010,pilot_v1_r0_r2_mu010,R2,"R0 (theta=0.25, matched mu=0.1)",0.25,0.1,uniform_high,32,8,perception_error,0.13230317540322578,0.1165715725806452,0.015731602822580584
pilot_v1_r2_mu010,pilot_v1_r0_r2_mu010,R2,"R0 (theta=0.25, matched mu=0.1)",0.25,0.1,uniform_high,32,8,visibility_gini,0.29296875,0.322265625,-0.029296875
pilot_v1_r2_mu010,pilot_v1_r0_r2_mu010,R2,"R0 (theta=0.25, matched mu=0.1)",0.25,0.1,uniform_high,32,8,majority_mismatch_rate,0.004873948005139375,0.0019936318264122104,0.002880316178727165
pilot_v1_r2_mu010,pilot_v1_r0_r2_mu010,R2,"R0 (theta=0.25, matched mu=0.1)",0.25,0.1,uniform_high,32,9,resource_fraction,0.3128593947425175,0.32238612994237265,-0.00952673519985514
pilot_v1_r2_mu010,pilot_v1_r0_r2_mu010,R2,"R0 (theta=0.25, matched mu=0.1)",0.25,0.1,uniform_high,32,9,reserve_welfare,0.9656165087348011,0.9773307211361976,-0.011714212401396473
pilot_v1_r2_mu010,pilot_v1_r0_r2_mu010,R2,"R0 (theta=0.25, matched mu=0.1)",0.25,0.1,uniform_high,32,9,need_satisfaction,0.9867255138557435,0.9871018078560654,-0.0003762940003219084
pilot_v1_r2_mu010,pilot_v1_r0_r2_mu010,R2,"R0 (theta=0.25, matched mu=0.1)",0.25,0.1,uniform_high,32,9,deprivation_rate,0.01328125,0.01290625,0.00037500000000000033
pilot_v1_r2_mu010,pilot_v1_r0_r2_mu010,R2,"R0 (theta=0.25, matched mu=0.1)",0.25,0.1,uniform_high,32,9,wealth_gini,0.2906643808550755,0.2665454070098088,0.024118973845266733
pilot_v1_r2_mu010,pilot_v1_r0_r2_mu010,R2,"R0 (theta=0.25, matched mu=0.1)",0.25,0.1,uniform_high,32,9,perception_error,0.1129485887096774,0.13123160282258067,-0.01828301411290327
pilot_v1_r2_mu010,pilot_v1_r0_r2_mu010,R2,"R0 (theta=0.25, matched mu=0.1)",0.25,0.1,uniform_high,32,9,visibility_gini,0.28857421875,0.27197265625,0.0166015625
pilot_v1_r2_mu010,pilot_v1_r0_r2_mu010,R2,"R0 (theta=0.25, matched mu=0.1)",0.25,0.1,uniform_high,32,9,majority_mismatch_rate,0.0022514397784475647,0.0028351071886079378,-0.0005836674101603731
pilot_v1_r2_mu010,pilot_v1_r0_r2_mu010,R2,"R0 (theta=0.25, matched mu=0.1)",0.25,0.1,uniform_high,64,0,resource_fraction,0.09597293641396948,0.07287505564118535,0.02309788077278413
pilot_v1_r2_mu010,pilot_v1_r0_r2_mu010,R2,"R0 (theta=0.25, matched mu=0.1)",0.25,0.1,uniform_high,64,0,reserve_welfare,0.7747033641234284,0.7016793821821179,0.07302398194131055
pilot_v1_r2_mu010,pilot_v1_r0_r2_mu010,R2,"R0 (theta=0.25, matched mu=0.1)",0.25,0.1,uniform_high,64,0,need_satisfaction,0.9034801722217888,0.8795882738085066,0.02389189841328221
pilot_v1_r2_mu010,pilot_v1_r0_r2_mu010,R2,"R0 (theta=0.25, matched mu=0.1)",0.25,0.1,uniform_high,64,0,deprivation_rate,0.10103125,0.127171875,-0.026140624999999987
pilot_v1_r2_mu010,pilot_v1_r0_r2_mu010,R2,"R0 (theta=0.25, matched mu=0.1)",0.25,0.1,uniform_high,64,0,wealth_gini,0.40807030622302043,0.4268000368445124,-0.01872973062149197
pilot_v1_r2_mu010,pilot_v1_r0_r2_mu010,R2,"R0 (theta=0.25, matched mu=0.1)",0.25,0.1,uniform_high,64,0,perception_error,0.13050564236111115,0.1532813740079365,-0.022775731646825365
pilot_v1_r2_mu010,pilot_v1_r0_r2_mu010,R2,"R0 (theta=0.25, matched mu=0.1)",0.25,0.1,uniform_high,64,0,visibility_gini,0.370361328125,0.37109375,-0.000732421875
pilot_v1_r2_mu010,pilot_v1_r0_r2_mu010,R2,"R0 (theta=0.25, matched mu=0.1)",0.25,0.1,uniform_high,64,0,majority_mismatch_rate,0.003363376731372632,0.020805182095862733,-0.017441805364490102
pilot_v1_r2_mu010,pilot_v1_r0_r2_mu010,R2,"R0 (theta=0.25, matched mu=0.1)",0.25,0.1,uniform_high,64,1,resource_fraction,0.18302363834251043,0.12172611818429718,0.06129752015821324
pilot_v1_r2_mu010,pilot_v1_r0_r2_mu010,R2,"R0 (theta=0.25, matched mu=0.1)",0.25,0.1,uniform_high,64,1,reserve_welfare,0.8618302142640252,0.7272399845581327,0.13459022970589252
pilot_v1_r2_mu010,pilot_v1_r0_r2_mu010,R2,"R0 (theta=0.25, matched mu=0.1)",0.25,0.1,uniform_high,64,1,need_satisfaction,0.9485469342860315,0.8818597178126496,0.06668721647338194
pilot_v1_r2_mu010,pilot_v1_r0_r2_mu010,R2,"R0 (theta=0.25, matched mu=0.1)",0.25,0.1,uniform_high,64,1,deprivation_rate,0.055671875,0.1245625,-0.06889062500000001
pilot_v1_r2_mu010,pilot_v1_r0_r2_mu010,R2,"R0 (theta=0.25, matched mu=0.1)",0.25,0.1,uniform_high,64,1,wealth_gini,0.43384769990171645,0.5296234556044424,-0.0957757557027259
pilot_v1_r2_mu010,pilot_v1_r0_r2_mu010,R2,"R0 (theta=0.25, matched mu=0.1)",0.25,0.1,uniform_high,64,1,perception_error,0.1813154761904762,0.20014663938492067,-0.018831163194444472
pilot_v1_r2_mu010,pilot_v1_r0_r2_mu010,R2,"R0 (theta=0.25, matched mu=0.1)",0.25,0.1,uniform_high,64,1,visibility_gini,0.389892578125,0.374267578125,0.015625
pilot_v1_r2_mu010,pilot_v1_r0_r2_mu010,R2,"R0 (theta=0.25, matched mu=0.1)",0.25,0.1,uniform_high,64,1,majority_mismatch_rate,0.14110614186114018,0.14387823408497863,-0.0027720922238384516
pilot_v1_r2_mu010,pilot_v1_r0_r2_mu010,R2,"R0 (theta=0.25, matched mu=0.1)",0.25,0.1,uniform_high,64,2,resource_fraction,0.11574094271129691,0.14997515492790986,-0.03423421221661295
pilot_v1_r2_mu010,pilot_v1_r0_r2_mu010,R2,"R0 (theta=0.25, matched mu=0.1)",0.25,0.1,uniform_high,64,2,reserve_welfare,0.7904929611828393,0.7918589554102151,-0.0013659942273758219
pilot_v1_r2_mu010,pilot_v1_r0_r2_mu010,R2,"R0 (theta=0.25, matched mu=0.1)",0.25,0.1,uniform_high,64,2,need_satisfaction,0.9151197847672013,0.9165831228494726,-0.0014633380822712816
pilot_v1_r2_mu010,pilot_v1_r0_r2_mu010,R2,"R0 (theta=0.25, matched mu=0.1)",0.25,0.1,uniform_high,64,2,deprivation_rate,0.0880625,0.090015625,-0.001953125
pilot_v1_r2_mu010,pilot_v1_r0_r2_mu010,R2,"R0 (theta=0.25, matched mu=0.1)",0.25,0.1,uniform_high,64,2,wealth_gini,0.4236245523998423,0.4600020564123286,-0.036377504012486295
pilot_v1_r2_mu010,pilot_v1_r0_r2_mu010,R2,"R0 (theta=0.25, matched mu=0.1)",0.25,0.1,uniform_high,64,2,perception_error,0.16511979166666663,0.16337245783730156,0.0017473338293650664
pilot_v1_r2_mu010,pilot_v1_r0_r2_mu010,R2,"R0 (theta=0.25, matched mu=0.1)",0.25,0.1,uniform_high,64,2,visibility_gini,0.34912109375,0.365966796875,-0.016845703125
pilot_v1_r2_mu010,pilot_v1_r0_r2_mu010,R2,"R0 (theta=0.25, matched mu=0.1)",0.25,0.1,uniform_high,64,2,majority_mismatch_rate,0.10600137552735484,0.021216064396678013,0.08478531113067682
pilot_v1_r2_mu010,pilot_v1_r0_r2_mu010,R2,"R0 (theta=0.25, matched mu=0.1)",0.25,0.1,uniform_high,64,3,resource_fraction,0.11049122442485514,0.11352005721763511,-0.0030288327927799757
pilot_v1_r2_mu010,pilot_v1_r0_r2_mu010,R2,"R0 (theta=0.25, matched mu=0.1)",0.25,0.1,uniform_high,64,3,reserve_welfare,0.7442627300286476,0.8228472886761086,-0.07858455864746094
pilot_v1_r2_mu010,pilot_v1_r0_r2_mu010,R2,"R0 (theta=0.25, matched mu=0.1)",0.25,0.1,uniform_high,64,3,need_satisfaction,0.9065447511072036,0.9292625118100204,-0.022717760702816836
pilot_v1_r2_mu010,pilot_v1_r0_r2_mu010,R2,"R0 (theta=0.25, matched mu=0.1)",0.25,0.1,uniform_high,64,3,deprivation_rate,0.097484375,0.072515625,0.024968749999999998
pilot_v1_r2_mu010,pilot_v1_r0_r2_mu010,R2,"R0 (theta=0.25, matched mu=0.1)",0.25,0.1,uniform_high,64,3,wealth_gini,0.4202961983888811,0.3944662784365387,0.025829919952342406
pilot_v1_r2_mu010,pilot_v1_r0_r2_mu010,R2,"R0 (theta=0.25, matched mu=0.1)",0.25,0.1,uniform_high,64,3,perception_error,0.15485429067460307,0.20384883432539685,-0.04899454365079378
pilot_v1_r2_mu010,pilot_v1_r0_r2_mu010,R2,"R0 (theta=0.25, matched mu=0.1)",0.25,0.1,uniform_high,64,3,visibility_gini,0.3299560546875,0.3319091796875,-0.001953125
pilot_v1_r2_mu010,pilot_v1_r0_r2_mu010,R2,"R0 (theta=0.25, matched mu=0.1)",0.25,0.1,uniform_high,64,3,majority_mismatch_rate,0.01816093852976413,0.21094563615026057,-0.19278469762049644
pilot_v1_r2_mu010,pilot_v1_r0_r2_mu010,R2,"R0 (theta=0.25, matched mu=0.1)",0.25,0.1,uniform_high,64,4,resource_fraction,0.10424366231520114,0.12646228889295036,-0.022218626577749215
pilot_v1_r2_mu010,pilot_v1_r0_r2_mu010,R2,"R0 (theta=0.25, matched mu=0.1)",0.25,0.1,uniform_high,64,4,reserve_welfare,0.7153582105893677,0.7666583902797245,-0.05130017969035683
pilot_v1_r2_mu010,pilot_v1_r0_r2_mu010,R2,"R0 (theta=0.25, matched mu=0.1)",0.25,0.1,uniform_high,64,4,need_satisfaction,0.893541175886425,0.9196133047872472,-0.026072128900822222
pilot_v1_r2_mu010,pilot_v1_r0_r2_mu010,R2,"R0 (theta=0.25, matched mu=0.1)",0.25,0.1,uniform_high,64,4,deprivation_rate,0.111921875,0.0845625,0.027359375000000005
pilot_v1_r2_mu010,pilot_v1_r0_r2_mu010,R2,"R0 (theta=0.25, matched mu=0.1)",0.25,0.1,uniform_high,64,4,wealth_gini,0.46466008427494465,0.4555498248614527,0.009110259413491972
pilot_v1_r2_mu010,pilot_v1_r0_r2_mu010,R2,"R0 (theta=0.25, matched mu=0.1)",0.25,0.1,uniform_high,64,4,perception_error,0.18016052827380952,0.15709288194444443,0.023067646329365088
pilot_v1_r2_mu010,pilot_v1_r0_r2_mu010,R2,"R0 (theta=0.25, matched mu=0.1)",0.25,0.1,uniform_high,64,4,visibility_gini,0.326171875,0.3231201171875,0.0030517578125
pilot_v1_r2_mu010,pilot_v1_r0_r2_mu010,R2,"R0 (theta=0.25, matched mu=0.1)",0.25,0.1,uniform_high,64,4,majority_mismatch_rate,0.08042250617513082,0.03126504276100582,0.049157463414125
pilot_v1_r2_mu010,pilot_v1_r0_r2_mu010,R2,"R0 (theta=0.25, matched mu=0.1)",0.25,0.1,uniform_high,64,5,resource_fraction,0.1174000001861673,0.11336167033830775,0.00403832984785954
pilot_v1_r2_mu010,pilot_v1_r0_r2_mu010,R2,"R0 (theta=0.25, matched mu=0.1)",0.25,0.1,uniform_high,64,5,reserve_welfare,0.7699604375258022,0.6746552883535171,0.09530514917228516
pilot_v1_r2_mu010,pilot_v1_r0_r2_mu010,R2,"R0 (theta=0.25, matched mu=0.1)",0.25,0.1,uniform_high,64,5,need_satisfaction,0.9248776950908453,0.839343919725007,0.08553377536583828
pilot_v1_r2_mu010,pilot_v1_r0_r2_mu010,R2,"R0 (theta=0.25, matched mu=0.1)",0.25,0.1,uniform_high,64,5,deprivation_rate,0.07846875,0.163921875,-0.08545312499999999
pilot_v1_r2_mu010,pilot_v1_r0_r2_mu010,R2,"R0 (theta=0.25, matched mu=0.1)",0.25,0.1,uniform_high,64,5,wealth_gini,0.4712968390755812,0.514044532223453,-0.04274769314787186
pilot_v1_r2_mu010,pilot_v1_r0_r2_mu010,R2,"R0 (theta=0.25, matched mu=0.1)",0.25,0.1,uniform_high,64,5,perception_error,0.14787810019841272,0.15080772569444442,-0.002929625496031707
pilot_v1_r2_mu010,pilot_v1_r0_r2_mu010,R2,"R0 (theta=0.25, matched mu=0.1)",0.25,0.1,uniform_high,64,5,visibility_gini,0.344482421875,0.3133544921875,0.0311279296875
pilot_v1_r2_mu010,pilot_v1_r0_r2_mu010,R2,"R0 (theta=0.25, matched mu=0.1)",0.25,0.1,uniform_high,64,5,majority_mismatch_rate,0.05787290370164034,0.012198896350902889,0.04567400735073745
pilot_v1_r2_mu010,pilot_v1_r0_r2_mu010,R2,"R0 (theta=0.25, matched mu=0.1)",0.25,0.1,uniform_high,64,6,resource_fraction,0.09180838445166907,0.08131975594336761,0.010488628508301456
pilot_v1_r2_mu010,pilot_v1_r0_r2_mu010,R2,"R0 (theta=0.25, matched mu=0.1)",0.25,0.1,uniform_high,64,6,reserve_welfare,0.6830160060772827,0.6415369865455045,0.04147901953177824
pilot_v1_r2_mu010,pilot_v1_r0_r2_mu010,R2,"R0 (theta=0.25, matched mu=0.1)",0.25,0.1,uniform_high,64,6,need_satisfaction,0.8743165305593272,0.8387594254908018,0.035557105068525385
pilot_v1_r2_mu010,pilot_v1_r0_r2_mu010,R2,"R0 (theta=0.25, matched mu=0.1)",0.25,0.1,uniform_high,64,6,deprivation_rate,0.13075,0.16409375,-0.033343750000000005
pilot_v1_r2_mu010,pilot_v1_r0_r2_mu010,R2,"R0 (theta=0.25, matched mu=0.1)",0.25,0.1,uniform_high,64,6,wealth_gini,0.4628392600191591,0.47624824878183714,-0.013408988762678042
pilot_v1_r2_mu010,pilot_v1_r0_r2_mu010,R2,"R0 (theta=0.25, matched mu=0.1)",0.25,0.1,uniform_high,64,6,perception_error,0.17910354662698413,0.15391617063492063,0.0251873759920635
pilot_v1_r2_mu010,pilot_v1_r0_r2_mu010,R2,"R0 (theta=0.25, matched mu=0.1)",0.25,0.1,uniform_high,64,6,visibility_gini,0.4134521484375,0.34375,0.0697021484375
pilot_v1_r2_mu010,pilot_v1_r0_r2_mu010,R2,"R0 (theta=0.25, matched mu=0.1)",0.25,0.1,uniform_high,64,6,majority_mismatch_rate,0.0915182730490556,0.005081760160204331,0.08643651288885128
pilot_v1_r2_mu010,pilot_v1_r0_r2_mu010,R2,"R0 (theta=0.25, matched mu=0.1)",0.25,0.1,uniform_high,64,7,resource_fraction,0.11845310085488323,0.11791953047247491,0.0005335703824083105
pilot_v1_r2_mu010,pilot_v1_r0_r2_mu010,R2,"R0 (theta=0.25, matched mu=0.1)",0.25,0.1,uniform_high,64,7,reserve_welfare,0.7022984994639082,0.7066495151339713,-0.00435101567006313
pilot_v1_r2_mu010,pilot_v1_r0_r2_mu010,R2,"R0 (theta=0.25, matched mu=0.1)",0.25,0.1,uniform_high,64,7,need_satisfaction,0.8642008178209735,0.8790348623312364,-0.014834044510262934
pilot_v1_r2_mu010,pilot_v1_r0_r2_mu010,R2,"R0 (theta=0.25, matched mu=0.1)",0.25,0.1,uniform_high,64,7,deprivation_rate,0.14259375,0.1271875,0.015406249999999982
pilot_v1_r2_mu010,pilot_v1_r0_r2_mu010,R2,"R0 (theta=0.25, matched mu=0.1)",0.25,0.1,uniform_high,64,7,wealth_gini,0.5295801426759217,0.5233135052333453,0.006266637442576384
pilot_v1_r2_mu010,pilot_v1_r0_r2_mu010,R2,"R0 (theta=0.25, matched mu=0.1)",0.25,0.1,uniform_high,64,7,perception_error,0.1362137896825397,0.15492689732142859,-0.018713107638888893
pilot_v1_r2_mu010,pilot_v1_r0_r2_mu010,R2,"R0 (theta=0.25, matched mu=0.1)",0.25,0.1,uniform_high,64,7,visibility_gini,0.34326171875,0.333984375,0.00927734375
pilot_v1_r2_mu010,pilot_v1_r0_r2_mu010,R2,"R0 (theta=0.25, matched mu=0.1)",0.25,0.1,uniform_high,64,7,majority_mismatch_rate,0.031773168284071736,0.02230144790269194,0.009471720381379795
pilot_v1_r2_mu010,pilot_v1_r0_r2_mu010,R2,"R0 (theta=0.25, matched mu=0.1)",0.25,0.1,uniform_high,64,8,resource_fraction,0.07713980882952978,0.07359208144598685,0.003547727383542934
pilot_v1_r2_mu010,pilot_v1_r0_r2_mu010,R2,"R0 (theta=0.25, matched mu=0.1)",0.25,0.1,uniform_high,64,8,reserve_welfare,0.6096513672847877,0.5609746679646119,0.04867669932017582
pilot_v1_r2_mu010,pilot_v1_r0_r2_mu010,R2,"R0 (theta=0.25, matched mu=0.1)",0.25,0.1,uniform_high,64,8,need_satisfaction,0.825345507103285,0.7865480731253784,0.03879743397790658
pilot_v1_r2_mu010,pilot_v1_r0_r2_mu010,R2,"R0 (theta=0.25, matched mu=0.1)",0.25,0.1,uniform_high,64,8,deprivation_rate,0.1750625,0.2140625,-0.03899999999999998
pilot_v1_r2_mu010,pilot_v1_r0_r2_mu010,R2,"R0 (theta=0.25, matched mu=0.1)",0.25,0.1,uniform_high,64,8,wealth_gini,0.48959057392576777,0.47098483251773415,0.018605741408033616
pilot_v1_r2_mu010,pilot_v1_r0_r2_mu010,R2,"R0 (theta=0.25, matched mu=0.1)",0.25,0.1,uniform_high,64,8,perception_error,0.23663175843253967,0.1851268601190476,0.05150489831349206
pilot_v1_r2_mu010,pilot_v1_r0_r2_mu010,R2,"R0 (theta=0.25, matched mu=0.1)",0.25,0.1,uniform_high,64,8,visibility_gini,0.3831787109375,0.361083984375,0.0220947265625
pilot_v1_r2_mu010,pilot_v1_r0_r2_mu010,R2,"R0 (theta=0.25, matched mu=0.1)",0.25,0.1,uniform_high,64,8,majority_mismatch_rate,0.38000684517391786,0.39295159506554656,-0.012944749891628693
pilot_v1_r2_mu010,pilot_v1_r0_r2_mu010,R2,"R0 (theta=0.25, matched mu=0.1)",0.25,0.1,uniform_high,64,9,resource_fraction,0.08522559013373532,0.08814153003678878,-0.0029159399030534577
pilot_v1_r2_mu010,pilot_v1_r0_r2_mu010,R2,"R0 (theta=0.25, matched mu=0.1)",0.25,0.1,uniform_high,64,9,reserve_welfare,0.7599203058981768,0.7813932911284623,-0.021472985230285513
pilot_v1_r2_mu010,pilot_v1_r0_r2_mu010,R2,"R0 (theta=0.25, matched mu=0.1)",0.25,0.1,uniform_high,64,9,need_satisfaction,0.9088419269240678,0.9170365535767134,-0.008194626652645587
pilot_v1_r2_mu010,pilot_v1_r0_r2_mu010,R2,"R0 (theta=0.25, matched mu=0.1)",0.25,0.1,uniform_high,64,9,deprivation_rate,0.0979375,0.087796875,0.010140625
pilot_v1_r2_mu010,pilot_v1_r0_r2_mu010,R2,"R0 (theta=0.25, matched mu=0.1)",0.25,0.1,uniform_high,64,9,wealth_gini,0.3988141983482123,0.38984188178710566,0.008972316561106641
pilot_v1_r2_mu010,pilot_v1_r0_r2_mu010,R2,"R0 (theta=0.25, matched mu=0.1)",0.25,0.1,uniform_high,64,9,perception_error,0.15005028521825392,0.16784629216269834,-0.017796006944444415
pilot_v1_r2_mu010,pilot_v1_r0_r2_mu010,R2,"R0 (theta=0.25, matched mu=0.1)",0.25,0.1,uniform_high,64,9,visibility_gini,0.346435546875,0.3507080078125,-0.0042724609375
pilot_v1_r2_mu010,pilot_v1_r0_r2_mu010,R2,"R0 (theta=0.25, matched mu=0.1)",0.25,0.1,uniform_high,64,9,majority_mismatch_rate,0.002529415524545607,0.0014979381845920008,0.0010314773399536063
pilot_v1_r3_mu010,pilot_v1_r0_r3_mu010,R3,"R0 (theta=1, matched mu=0.1)",1.0,0.1,patchy_high,32,0,resource_fraction,0.3133096774768864,0.3279117287409827,-0.014602051264096305
pilot_v1_r3_mu010,pilot_v1_r0_r3_mu010,R3,"R0 (theta=1, matched mu=0.1)",1.0,0.1,patchy_high,32,0,reserve_welfare,0.976004148053786,0.9699201098103,0.006084038243486023
pilot_v1_r3_mu010,pilot_v1_r0_r3_mu010,R3,"R0 (theta=1, matched mu=0.1)",1.0,0.1,patchy_high,32,0,need_satisfaction,1.0,1.0,0.0
pilot_v1_r3_mu010,pilot_v1_r0_r3_mu010,R3,"R0 (theta=1, matched mu=0.1)",1.0,0.1,patchy_high,32,0,deprivation_rate,0.0,0.0,0.0
pilot_v1_r3_mu010,pilot_v1_r0_r3_mu010,R3,"R0 (theta=1, matched mu=0.1)",1.0,0.1,patchy_high,32,0,wealth_gini,0.31718964585650333,0.3646414597144856,-0.04745181385798225
pilot_v1_r3_mu010,pilot_v1_r0_r3_mu010,R3,"R0 (theta=1, matched mu=0.1)",1.0,0.1,patchy_high,32,0,perception_error,0.08302620967741935,0.10962575604838712,-0.026599546370967772
pilot_v1_r3_mu010,pilot_v1_r0_r3_mu010,R3,"R0 (theta=1, matched mu=0.1)",1.0,0.1,patchy_high,32,0,visibility_gini,0.2197265625,0.20947265625,0.01025390625
pilot_v1_r3_mu010,pilot_v1_r0_r3_mu010,R3,"R0 (theta=1, matched mu=0.1)",1.0,0.1,patchy_high,32,0,majority_mismatch_rate,3.125e-05,0.0013297357304253856,-0.0012984857304253856
pilot_v1_r3_mu010,pilot_v1_r0_r3_mu010,R3,"R0 (theta=1, matched mu=0.1)",1.0,0.1,patchy_high,32,1,resource_fraction,0.334023467262196,0.35237767027810946,-0.01835420301591345
pilot_v1_r3_mu010,pilot_v1_r0_r3_mu010,R3,"R0 (theta=1, matched mu=0.1)",1.0,0.1,patchy_high,32,1,reserve_welfare,0.9757011959302058,0.9954736642502184,-0.01977246832001267
pilot_v1_r3_mu010,pilot_v1_r0_r3_mu010,R3,"R0 (theta=1, matched mu=0.1)",1.0,0.1,patchy_high,32,1,need_satisfaction,1.0,1.0,0.0
pilot_v1_r3_mu010,pilot_v1_r0_r3_mu010,R3,"R0 (theta=1, matched mu=0.1)",1.0,0.1,patchy_high,32,1,deprivation_rate,0.0,0.0,0.0
pilot_v1_r3_mu010,pilot_v1_r0_r3_mu010,R3,"R0 (theta=1, matched mu=0.1)",1.0,0.1,patchy_high,32,1,wealth_gini,0.39171747996174044,0.3987526332484139,-0.007035153286673479
pilot_v1_r3_mu010,pilot_v1_r0_r3_mu010,R3,"R0 (theta=1, matched mu=0.1)",1.0,0.1,patchy_high,32,1,perception_error,0.0535148689516129,0.12042111895161295,-0.06690625000000006
pilot_v1_r3_mu010,pilot_v1_r0_r3_mu010,R3,"R0 (theta=1, matched mu=0.1)",1.0,0.1,patchy_high,32,1,visibility_gini,0.25927734375,0.24462890625,0.0146484375
pilot_v1_r3_mu010,pilot_v1_r0_r3_mu010,R3,"R0 (theta=1, matched mu=0.1)",1.0,0.1,patchy_high,32,1,majority_mismatch_rate,0.00045507825507825505,0.0002086231884057971,0.00024645506667245794
pilot_v1_r3_mu010,pilot_v1_r0_r3_mu010,R3,"R0 (theta=1, matched mu=0.1)",1.0,0.1,patchy_high,32,2,resource_fraction,0.24858550929734285,0.24852259211170394,6.291718563891657e-05
pilot_v1_r3_mu010,pilot_v1_r0_r3_mu010,R3,"R0 (theta=1, matched mu=0.1)",1.0,0.1,patchy_high,32,2,reserve_welfare,0.9979999999999998,0.9979999999999998,0.0
pilot_v1_r3_mu010,pilot_v1_r0_r3_mu010,R3,"R0 (theta=1, matched mu=0.1)",1.0,0.1,patchy_high,32,2,need_satisfaction,1.0,1.0,0.0
pilot_v1_r3_mu010,pilot_v1_r0_r3_mu010,R3,"R0 (theta=1, matched mu=0.1)",1.0,0.1,patchy_high,32,2,deprivation_rate,0.0,0.0,0.0
pilot_v1_r3_mu010,pilot_v1_r0_r3_mu010,R3,"R0 (theta=1, matched mu=0.1)",1.0,0.1,patchy_high,32,2,wealth_gini,0.284596923312028,0.28457906079911366,1.7862512914357254e-05
pilot_v1_r3_mu010,pilot_v1_r0_r3_mu010,R3,"R0 (theta=1, matched mu=0.1)",1.0,0.1,patchy_high,32,2,perception_error,0.015045110887096773,0.014988407258064518,5.6703629032255065e-05
pilot_v1_r3_mu010,pilot_v1_r0_r3_mu010,R3,"R0 (theta=1, matched mu=0.1)",1.0,0.1,patchy_high,32,2,visibility_gini,0.28564453125,0.28076171875,0.0048828125
pilot_v1_r3_mu010,pilot_v1_r0_r3_mu010,R3,"R0 (theta=1, matched mu=0.1)",1.0,0.1,patchy_high,32,2,majority_mismatch_rate,3.3333333333333335e-05,0.0,3.3333333333333335e-05
pilot_v1_r3_mu010,pilot_v1_r0_r3_mu010,R3,"R0 (theta=1, matched mu=0.1)",1.0,0.1,patchy_high,32,3,resource_fraction,0.20882315327248097,0.2089598275974111,-0.00013667432493014164
pilot_v1_r3_mu010,pilot_v1_r0_r3_mu010,R3,"R0 (theta=1, matched mu=0.1)",1.0,0.1,patchy_high,32,3,reserve_welfare,0.9979999999999998,0.9979999999999998,0.0
pilot_v1_r3_mu010,pilot_v1_r0_r3_mu010,R3,"R0 (theta=1, matched mu=0.1)",1.0,0.1,patchy_high,32,3,need_satisfaction,1.0,1.0,0.0
pilot_v1_r3_mu010,pilot_v1_r0_r3_mu010,R3,"R0 (theta=1, matched mu=0.1)",1.0,0.1,patchy_high,32,3,deprivation_rate,0.0,0.0,0.0
pilot_v1_r3_mu010,pilot_v1_r0_r3_mu010,R3,"R0 (theta=1, matched mu=0.1)",1.0,0.1,patchy_high,32,3,wealth_gini,0.2597976776070898,0.2595166846959489,0.0002809929111409204
pilot_v1_r3_mu010,pilot_v1_r0_r3_mu010,R3,"R0 (theta=1, matched mu=0.1)",1.0,0.1,patchy_high,32,3,perception_error,0.014676411290322584,0.01659929435483871,-0.001922883064516127
pilot_v1_r3_mu010,pilot_v1_r0_r3_mu010,R3,"R0 (theta=1, matched mu=0.1)",1.0,0.1,patchy_high,32,3,visibility_gini,0.2939453125,0.29150390625,0.00244140625
pilot_v1_r3_mu010,pilot_v1_r0_r3_mu010,R3,"R0 (theta=1, matched mu=0.1)",1.0,0.1,patchy_high,32,3,majority_mismatch_rate,0.0,4e-05,-4e-05
pilot_v1_r3_mu010,pilot_v1_r0_r3_mu010,R3,"R0 (theta=1, matched mu=0.1)",1.0,0.1,patchy_high,32,4,resource_fraction,0.2651786889881041,0.24555232568989424,0.019626363298209853
pilot_v1_r3_mu010,pilot_v1_r0_r3_mu010,R3,"R0 (theta=1, matched mu=0.1)",1.0,0.1,patchy_high,32,4,reserve_welfare,0.9503554635259847,0.9228341101543985,0.02752135337158612
pilot_v1_r3_mu010,pilot_v1_r0_r3_mu010,R3,"R0 (theta=1, matched mu=0.1)",1.0,0.1,patchy_high,32,4,need_satisfaction,0.9889807571391085,0.9629955832421774,0.025985173896931113
pilot_v1_r3_mu010,pilot_v1_r0_r3_mu010,R3,"R0 (theta=1, matched mu=0.1)",1.0,0.1,patchy_high,32,4,deprivation_rate,0.01103125,0.03975,-0.02871875
pilot_v1_r3_mu010,pilot_v1_r0_r3_mu010,R3,"R0 (theta=1, matched mu=0.1)",1.0,0.1,patchy_high,32,4,wealth_gini,0.32241009061905057,0.33698911144446764,-0.014579020825417066
pilot_v1_r3_mu010,pilot_v1_r0_r3_mu010,R3,"R0 (theta=1, matched mu=0.1)",1.0,0.1,patchy_high,32,4,perception_error,0.13855897177419357,0.08229914314516128,0.056259828629032296
pilot_v1_r3_mu010,pilot_v1_r0_r3_mu010,R3,"R0 (theta=1, matched mu=0.1)",1.0,0.1,patchy_high,32,4,visibility_gini,0.1884765625,0.23388671875,-0.04541015625
pilot_v1_r3_mu010,pilot_v1_r0_r3_mu010,R3,"R0 (theta=1, matched mu=0.1)",1.0,0.1,patchy_high,32,4,majority_mismatch_rate,0.0,0.0,0.0
pilot_v1_r3_mu010,pilot_v1_r0_r3_mu010,R3,"R0 (theta=1, matched mu=0.1)",1.0,0.1,patchy_high,32,5,resource_fraction,0.282097658919658,0.28306165404595457,-0.0009639951262965796
pilot_v1_r3_mu010,pilot_v1_r0_r3_mu010,R3,"R0 (theta=1, matched mu=0.1)",1.0,0.1,patchy_high,32,5,reserve_welfare,0.9729567443091788,0.9737277884871985,-0.0007710441780197641
pilot_v1_r3_mu010,pilot_v1_r0_r3_mu010,R3,"R0 (theta=1, matched mu=0.1)",1.0,0.1,patchy_high,32,5,need_satisfaction,0.9862257257231262,0.9870016490553563,-0.0007759233322300885
pilot_v1_r3_mu010,pilot_v1_r0_r3_mu010,R3,"R0 (theta=1, matched mu=0.1)",1.0,0.1,patchy_high,32,5,deprivation_rate,0.01378125,0.013,0.0007812500000000007
pilot_v1_r3_mu010,pilot_v1_r0_r3_mu010,R3,"R0 (theta=1, matched mu=0.1)",1.0,0.1,patchy_high,32,5,wealth_gini,0.3434912163574353,0.34265830622146076,0.0008329101359745295
pilot_v1_r3_mu010,pilot_v1_r0_r3_mu010,R3,"R0 (theta=1, matched mu=0.1)",1.0,0.1,patchy_high,32,5,perception_error,0.023298387096774193,0.08624369959677418,-0.06294531249999999
pilot_v1_r3_mu010,pilot_v1_r0_r3_mu010,R3,"R0 (theta=1, matched mu=0.1)",1.0,0.1,patchy_high,32,5,visibility_gini,0.2978515625,0.296875,0.0009765625
pilot_v1_r3_mu010,pilot_v1_r0_r3_mu010,R3,"R0 (theta=1, matched mu=0.1)",1.0,0.1,patchy_high,32,5,majority_mismatch_rate,0.0001153846153846154,0.0007556827230740276,-0.0006402981076894122
pilot_v1_r3_mu010,pilot_v1_r0_r3_mu010,R3,"R0 (theta=1, matched mu=0.1)",1.0,0.1,patchy_high,32,6,resource_fraction,0.34846533822920034,0.3108226083029344,0.03764272992626594
pilot_v1_r3_mu010,pilot_v1_r0_r3_mu010,R3,"R0 (theta=1, matched mu=0.1)",1.0,0.1,patchy_high,32,6,reserve_welfare,0.9670868490287201,0.8638639611555868,0.10322288787313327
pilot_v1_r3_mu010,pilot_v1_r0_r3_mu010,R3,"R0 (theta=1, matched mu=0.1)",1.0,0.1,patchy_high,32,6,need_satisfaction,0.9995407417164736,0.9457178012949692,0.05382294042150437
pilot_v1_r3_mu010,pilot_v1_r0_r3_mu010,R3,"R0 (theta=1, matched mu=0.1)",1.0,0.1,patchy_high,32,6,deprivation_rate,0.00046875,0.05909375,-0.058625000000000003
pilot_v1_r3_mu010,pilot_v1_r0_r3_mu010,R3,"R0 (theta=1, matched mu=0.1)",1.0,0.1,patchy_high,32,6,wealth_gini,0.36019671840779166,0.3954034066570331,-0.03520668824924145
pilot_v1_r3_mu010,pilot_v1_r0_r3_mu010,R3,"R0 (theta=1, matched mu=0.1)",1.0,0.1,patchy_high,32,6,perception_error,0.17010357862903225,0.040565524193548384,0.12953805443548386
pilot_v1_r3_mu010,pilot_v1_r0_r3_mu010,R3,"R0 (theta=1, matched mu=0.1)",1.0,0.1,patchy_high,32,6,visibility_gini,0.22900390625,0.2490234375,-0.02001953125
pilot_v1_r3_mu010,pilot_v1_r0_r3_mu010,R3,"R0 (theta=1, matched mu=0.1)",1.0,0.1,patchy_high,32,6,majority_mismatch_rate,0.07420036765759147,0.0006429024134906488,0.07355746524410083
pilot_v1_r3_mu010,pilot_v1_r0_r3_mu010,R3,"R0 (theta=1, matched mu=0.1)",1.0,0.1,patchy_high,32,7,resource_fraction,0.3450578221055619,0.3243473972378059,0.020710424867755983
pilot_v1_r3_mu010,pilot_v1_r0_r3_mu010,R3,"R0 (theta=1, matched mu=0.1)",1.0,0.1,patchy_high,32,7,reserve_welfare,0.9727231959470067,0.9683439974155337,0.004379198531473061
pilot_v1_r3_mu010,pilot_v1_r0_r3_mu010,R3,"R0 (theta=1, matched mu=0.1)",1.0,0.1,patchy_high,32,7,need_satisfaction,1.0,1.0,0.0
pilot_v1_r3_mu010,pilot_v1_r0_r3_mu010,R3,"R0 (theta=1, matched mu=0.1)",1.0,0.1,patchy_high,32,7,deprivation_rate,0.0,0.0,0.0
pilot_v1_r3_mu010,pilot_v1_r0_r3_mu010,R3,"R0 (theta=1, matched mu=0.1)",1.0,0.1,patchy_high,32,7,wealth_gini,0.3307621416605475,0.34213541111480583,-0.011373269454258317
pilot_v1_r3_mu010,pilot_v1_r0_r3_mu010,R3,"R0 (theta=1, matched mu=0.1)",1.0,0.1,patchy_high,32,7,perception_error,0.13562147177419354,0.14065650201612903,-0.005035030241935495
pilot_v1_r3_mu010,pilot_v1_r0_r3_mu010,R3,"R0 (theta=1, matched mu=0.1)",1.0,0.1,patchy_high,32,7,visibility_gini,0.244140625,0.2431640625,0.0009765625
pilot_v1_r3_mu010,pilot_v1_r0_r3_mu010,R3,"R0 (theta=1, matched mu=0.1)",1.0,0.1,patchy_high,32,7,majority_mismatch_rate,0.005448952324814394,0.011774193548387093,-0.006325241223572699
pilot_v1_r3_mu010,pilot_v1_r0_r3_mu010,R3,"R0 (theta=1, matched mu=0.1)",1.0,0.1,patchy_high,32,8,resource_fraction,0.2704425050990485,0.2893614402013696,-0.01891893510232112
pilot_v1_r3_mu010,pilot_v1_r0_r3_mu010,R3,"R0 (theta=1, matched mu=0.1)",1.0,0.1,patchy_high,32,8,reserve_welfare,0.9007625404601585,0.883096135567894,0.017666404892264453
pilot_v1_r3_mu010,pilot_v1_r0_r3_mu010,R3,"R0 (theta=1, matched mu=0.1)",1.0,0.1,patchy_high,32,8,need_satisfaction,0.9437950955574622,0.9345158688180424,0.009279226739419832
pilot_v1_r3_mu010,pilot_v1_r0_r3_mu010,R3,"R0 (theta=1, matched mu=0.1)",1.0,0.1,patchy_high,32,8,deprivation_rate,0.0563125,0.0655625,-0.009249999999999994
pilot_v1_r3_mu010,pilot_v1_r0_r3_mu010,R3,"R0 (theta=1, matched mu=0.1)",1.0,0.1,patchy_high,32,8,wealth_gini,0.38295602334651746,0.38111625570655905,0.0018397676399584117
pilot_v1_r3_mu010,pilot_v1_r0_r3_mu010,R3,"R0 (theta=1, matched mu=0.1)",1.0,0.1,patchy_high,32,8,perception_error,0.13805166330645155,0.13511592741935483,0.0029357358870967243
pilot_v1_r3_mu010,pilot_v1_r0_r3_mu010,R3,"R0 (theta=1, matched mu=0.1)",1.0,0.1,patchy_high,32,8,visibility_gini,0.267578125,0.30029296875,-0.03271484375
pilot_v1_r3_mu010,pilot_v1_r0_r3_mu010,R3,"R0 (theta=1, matched mu=0.1)",1.0,0.1,patchy_high,32,8,majority_mismatch_rate,0.0023530163793321684,0.010247508242108523,-0.007894491862776354
pilot_v1_r3_mu010,pilot_v1_r0_r3_mu010,R3,"R0 (theta=1, matched mu=0.1)",1.0,0.1,patchy_high,32,9,resource_fraction,0.3375481948626108,0.3028126196728167,0.03473557518979409
pilot_v1_r3_mu010,pilot_v1_r0_r3_mu010,R3,"R0 (theta=1, matched mu=0.1)",1.0,0.1,patchy_high,32,9,reserve_welfare,0.9788084216227623,0.9643053066540024,0.01450311496875989
pilot_v1_r3_mu010,pilot_v1_r0_r3_mu010,R3,"R0 (theta=1, matched mu=0.1)",1.0,0.1,patchy_high,32,9,need_satisfaction,0.9886448507897201,0.985388184704457,0.0032566660852630935
pilot_v1_r3_mu010,pilot_v1_r0_r3_mu010,R3,"R0 (theta=1, matched mu=0.1)",1.0,0.1,patchy_high,32,9,deprivation_rate,0.01140625,0.014625,-0.003218750000000001
pilot_v1_r3_mu010,pilot_v1_r0_r3_mu010,R3,"R0 (theta=1, matched mu=0.1)",1.0,0.1,patchy_high,32,9,wealth_gini,0.27500713315561587,0.29787942368792364,-0.02287229053230777
pilot_v1_r3_mu010,pilot_v1_r0_r3_mu010,R3,"R0 (theta=1, matched mu=0.1)",1.0,0.1,patchy_high,32,9,perception_error,0.14985761088709676,0.06669354838709678,0.08316406249999998
pilot_v1_r3_mu010,pilot_v1_r0_r3_mu010,R3,"R0 (theta=1, matched mu=0.1)",1.0,0.1,patchy_high,32,9,visibility_gini,0.267578125,0.23876953125,0.02880859375
pilot_v1_r3_mu010,pilot_v1_r0_r3_mu010,R3,"R0 (theta=1, matched mu=0.1)",1.0,0.1,patchy_high,32,9,majority_mismatch_rate,0.013515973853823497,0.000277037037037037,0.01323893681678646
pilot_v1_r3_mu010,pilot_v1_r0_r3_mu010,R3,"R0 (theta=1, matched mu=0.1)",1.0,0.1,patchy_high,64,0,resource_fraction,0.08418381178488166,0.10442043627562343,-0.020236624490741775
pilot_v1_r3_mu010,pilot_v1_r0_r3_mu010,R3,"R0 (theta=1, matched mu=0.1)",1.0,0.1,patchy_high,64,0,reserve_welfare,0.7892413266599008,0.8217723730383395,-0.03253104637843873
pilot_v1_r3_mu010,pilot_v1_r0_r3_mu010,R3,"R0 (theta=1, matched mu=0.1)",1.0,0.1,patchy_high,64,0,need_satisfaction,0.9286183781126738,0.9246584367284391,0.003959941384234722
pilot_v1_r3_mu010,pilot_v1_r0_r3_mu010,R3,"R0 (theta=1, matched mu=0.1)",1.0,0.1,patchy_high,64,0,deprivation_rate,0.073765625,0.07821875,-0.004453125000000002
pilot_v1_r3_mu010,pilot_v1_r0_r3_mu010,R3,"R0 (theta=1, matched mu=0.1)",1.0,0.1,patchy_high,64,0,wealth_gini,0.37359185518634597,0.3859335519971372,-0.012341696810791225
pilot_v1_r3_mu010,pilot_v1_r0_r3_mu010,R3,"R0 (theta=1, matched mu=0.1)",1.0,0.1,patchy_high,64,0,perception_error,0.18546310763888887,0.17615352182539676,0.009309585813492116
pilot_v1_r3_mu010,pilot_v1_r0_r3_mu010,R3,"R0 (theta=1, matched mu=0.1)",1.0,0.1,patchy_high,64,0,visibility_gini,0.271484375,0.2596435546875,0.0118408203125
pilot_v1_r3_mu010,pilot_v1_r0_r3_mu010,R3,"R0 (theta=1, matched mu=0.1)",1.0,0.1,patchy_high,64,0,majority_mismatch_rate,0.07105524207326169,0.06270572607648187,0.008349515996779827
pilot_v1_r3_mu010,pilot_v1_r0_r3_mu010,R3,"R0 (theta=1, matched mu=0.1)",1.0,0.1,patchy_high,64,1,resource_fraction,0.14850178443643575,0.13250521095182216,0.015996573484613585
pilot_v1_r3_mu010,pilot_v1_r0_r3_mu010,R3,"R0 (theta=1, matched mu=0.1)",1.0,0.1,patchy_high,64,1,reserve_welfare,0.858911858354807,0.8295156991020308,0.029396159252776166
pilot_v1_r3_mu010,pilot_v1_r0_r3_mu010,R3,"R0 (theta=1, matched mu=0.1)",1.0,0.1,patchy_high,64,1,need_satisfaction,0.951209853641857,0.9491359351085259,0.002073918533331054
pilot_v1_r3_mu010,pilot_v1_r0_r3_mu010,R3,"R0 (theta=1, matched mu=0.1)",1.0,0.1,patchy_high,64,1,deprivation_rate,0.054546875,0.056703125,-0.0021562499999999984
pilot_v1_r3_mu010,pilot_v1_r0_r3_mu010,R3,"R0 (theta=1, matched mu=0.1)",1.0,0.1,patchy_high,64,1,wealth_gini,0.42226421329696584,0.4413026845187602,-0.019038471221794362
pilot_v1_r3_mu010,pilot_v1_r0_r3_mu010,R3,"R0 (theta=1, matched mu=0.1)",1.0,0.1,patchy_high,64,1,perception_error,0.16593824404761906,0.19819630456349205,-0.03225806051587299
pilot_v1_r3_mu010,pilot_v1_r0_r3_mu010,R3,"R0 (theta=1, matched mu=0.1)",1.0,0.1,patchy_high,64,1,visibility_gini,0.2818603515625,0.315185546875,-0.0333251953125
pilot_v1_r3_mu010,pilot_v1_r0_r3_mu010,R3,"R0 (theta=1, matched mu=0.1)",1.0,0.1,patchy_high,64,1,majority_mismatch_rate,0.10985535421113886,0.21793676706527798,-0.10808141285413912
pilot_v1_r3_mu010,pilot_v1_r0_r3_mu010,R3,"R0 (theta=1, matched mu=0.1)",1.0,0.1,patchy_high,64,2,resource_fraction,0.11004217842970991,0.10097442880854998,0.009067749621159929
pilot_v1_r3_mu010,pilot_v1_r0_r3_mu010,R3,"R0 (theta=1, matched mu=0.1)",1.0,0.1,patchy_high,64,2,reserve_welfare,0.7784476035467153,0.7118323927785967,0.0666152107681186
pilot_v1_r3_mu010,pilot_v1_r0_r3_mu010,R3,"R0 (theta=1, matched mu=0.1)",1.0,0.1,patchy_high,64,2,need_satisfaction,0.9226590100610692,0.8773737731573384,0.04528523690373076
pilot_v1_r3_mu010,pilot_v1_r0_r3_mu010,R3,"R0 (theta=1, matched mu=0.1)",1.0,0.1,patchy_high,64,2,deprivation_rate,0.080859375,0.125125,-0.04426562499999999
pilot_v1_r3_mu010,pilot_v1_r0_r3_mu010,R3,"R0 (theta=1, matched mu=0.1)",1.0,0.1,patchy_high,64,2,wealth_gini,0.41199888929682915,0.45596090339064377,-0.043962014093814616
pilot_v1_r3_mu010,pilot_v1_r0_r3_mu010,R3,"R0 (theta=1, matched mu=0.1)",1.0,0.1,patchy_high,64,2,perception_error,0.1442834201388889,0.15007638888888883,-0.005792968749999933
pilot_v1_r3_mu010,pilot_v1_r0_r3_mu010,R3,"R0 (theta=1, matched mu=0.1)",1.0,0.1,patchy_high,64,2,visibility_gini,0.302734375,0.2401123046875,0.0626220703125
pilot_v1_r3_mu010,pilot_v1_r0_r3_mu010,R3,"R0 (theta=1, matched mu=0.1)",1.0,0.1,patchy_high,64,2,majority_mismatch_rate,0.0030203547749820796,0.004423025830895319,-0.0014026710559132396
pilot_v1_r3_mu010,pilot_v1_r0_r3_mu010,R3,"R0 (theta=1, matched mu=0.1)",1.0,0.1,patchy_high,64,3,resource_fraction,0.09909877945701778,0.14994856070645238,-0.050849781249434595
pilot_v1_r3_mu010,pilot_v1_r0_r3_mu010,R3,"R0 (theta=1, matched mu=0.1)",1.0,0.1,patchy_high,64,3,reserve_welfare,0.7492378052543416,0.8374400958016334,-0.08820229054729178
pilot_v1_r3_mu010,pilot_v1_r0_r3_mu010,R3,"R0 (theta=1, matched mu=0.1)",1.0,0.1,patchy_high,64,3,need_satisfaction,0.9327693846733579,0.938218333095983,-0.005448948422625111
pilot_v1_r3_mu010,pilot_v1_r0_r3_mu010,R3,"R0 (theta=1, matched mu=0.1)",1.0,0.1,patchy_high,64,3,deprivation_rate,0.07171875,0.06484375,0.006874999999999992
pilot_v1_r3_mu010,pilot_v1_r0_r3_mu010,R3,"R0 (theta=1, matched mu=0.1)",1.0,0.1,patchy_high,64,3,wealth_gini,0.4567987478348472,0.42797161161869424,0.02882713621615296
pilot_v1_r3_mu010,pilot_v1_r0_r3_mu010,R3,"R0 (theta=1, matched mu=0.1)",1.0,0.1,patchy_high,64,3,perception_error,0.1826928943452381,0.15454296875,0.0281499255952381
pilot_v1_r3_mu010,pilot_v1_r0_r3_mu010,R3,"R0 (theta=1, matched mu=0.1)",1.0,0.1,patchy_high,64,3,visibility_gini,0.3389892578125,0.2230224609375,0.115966796875
pilot_v1_r3_mu010,pilot_v1_r0_r3_mu010,R3,"R0 (theta=1, matched mu=0.1)",1.0,0.1,patchy_high,64,3,majority_mismatch_rate,0.11844513258094386,0.06864584246302671,0.049799290117917144
pilot_v1_r3_mu010,pilot_v1_r0_r3_mu010,R3,"R0 (theta=1, matched mu=0.1)",1.0,0.1,patchy_high,64,4,resource_fraction,0.20260887572840766,0.12018565903417877,0.08242321669422889
pilot_v1_r3_mu010,pilot_v1_r0_r3_mu010,R3,"R0 (theta=1, matched mu=0.1)",1.0,0.1,patchy_high,64,4,reserve_welfare,0.9177964640602223,0.7861805937602531,0.13161587029996924
pilot_v1_r3_mu010,pilot_v1_r0_r3_mu010,R3,"R0 (theta=1, matched mu=0.1)",1.0,0.1,patchy_high,64,4,need_satisfaction,0.9930124655940292,0.940368453977322,0.052644011616707176
pilot_v1_r3_mu010,pilot_v1_r0_r3_mu010,R3,"R0 (theta=1, matched mu=0.1)",1.0,0.1,patchy_high,64,4,deprivation_rate,0.009765625,0.0624375,-0.052671875
pilot_v1_r3_mu010,pilot_v1_r0_r3_mu010,R3,"R0 (theta=1, matched mu=0.1)",1.0,0.1,patchy_high,64,4,wealth_gini,0.4099231762812481,0.42781550401880075,-0.01789232773755267
pilot_v1_r3_mu010,pilot_v1_r0_r3_mu010,R3,"R0 (theta=1, matched mu=0.1)",1.0,0.1,patchy_high,64,4,perception_error,0.18998443700396825,0.12695008680555553,0.06303435019841272
pilot_v1_r3_mu010,pilot_v1_r0_r3_mu010,R3,"R0 (theta=1, matched mu=0.1)",1.0,0.1,patchy_high,64,4,visibility_gini,0.2606201171875,0.263671875,-0.0030517578125
pilot_v1_r3_mu010,pilot_v1_r0_r3_mu010,R3,"R0 (theta=1, matched mu=0.1)",1.0,0.1,patchy_high,64,4,majority_mismatch_rate,0.29994511973559046,0.03751830198987459,0.26242681774571586
pilot_v1_r3_mu010,pilot_v1_r0_r3_mu010,R3,"R0 (theta=1, matched mu=0.1)",1.0,0.1,patchy_high,64,5,resource_fraction,0.10127570473785635,0.10463052086818697,-0.003354816130330618
pilot_v1_r3_mu010,pilot_v1_r0_r3_mu010,R3,"R0 (theta=1, matched mu=0.1)",1.0,0.1,patchy_high,64,5,reserve_welfare,0.6926401636750407,0.7297580076694783,-0.03711784399443763
pilot_v1_r3_mu010,pilot_v1_r0_r3_mu010,R3,"R0 (theta=1, matched mu=0.1)",1.0,0.1,patchy_high,64,5,need_satisfaction,0.8645985844283373,0.893840231820708,-0.029241647392370784
pilot_v1_r3_mu010,pilot_v1_r0_r3_mu010,R3,"R0 (theta=1, matched mu=0.1)",1.0,0.1,patchy_high,64,5,deprivation_rate,0.137671875,0.1084375,0.029234374999999993
pilot_v1_r3_mu010,pilot_v1_r0_r3_mu010,R3,"R0 (theta=1, matched mu=0.1)",1.0,0.1,patchy_high,64,5,wealth_gini,0.48655010835885704,0.46227019969107364,0.0242799086677834
pilot_v1_r3_mu010,pilot_v1_r0_r3_mu010,R3,"R0 (theta=1, matched mu=0.1)",1.0,0.1,patchy_high,64,5,perception_error,0.16638454861111104,0.16376568700396826,0.0026188616071427806
pilot_v1_r3_mu010,pilot_v1_r0_r3_mu010,R3,"R0 (theta=1, matched mu=0.1)",1.0,0.1,patchy_high,64,5,visibility_gini,0.267822265625,0.25439453125,0.013427734375
pilot_v1_r3_mu010,pilot_v1_r0_r3_mu010,R3,"R0 (theta=1, matched mu=0.1)",1.0,0.1,patchy_high,64,5,majority_mismatch_rate,0.03811285075663614,0.019073177169777987,0.019039673586858152
pilot_v1_r3_mu010,pilot_v1_r0_r3_mu010,R3,"R0 (theta=1, matched mu=0.1)",1.0,0.1,patchy_high,64,6,resource_fraction,0.09333539760261864,0.08524942839952387,0.008085969203094762
pilot_v1_r3_mu010,pilot_v1_r0_r3_mu010,R3,"R0 (theta=1, matched mu=0.1)",1.0,0.1,patchy_high,64,6,reserve_welfare,0.6534860802145702,0.6510764817856309,0.0024095984289392858
pilot_v1_r3_mu010,pilot_v1_r0_r3_mu010,R3,"R0 (theta=1, matched mu=0.1)",1.0,0.1,patchy_high,64,6,need_satisfaction,0.8372034035630599,0.8505330591788677,-0.01332965561580779
pilot_v1_r3_mu010,pilot_v1_r0_r3_mu010,R3,"R0 (theta=1, matched mu=0.1)",1.0,0.1,patchy_high,64,6,deprivation_rate,0.166734375,0.15325,0.013484374999999993
pilot_v1_r3_mu010,pilot_v1_r0_r3_mu010,R3,"R0 (theta=1, matched mu=0.1)",1.0,0.1,patchy_high,64,6,wealth_gini,0.48384319394456354,0.4560893159860311,0.027753877958532458
pilot_v1_r3_mu010,pilot_v1_r0_r3_mu010,R3,"R0 (theta=1, matched mu=0.1)",1.0,0.1,patchy_high,64,6,perception_error,0.20074479166666667,0.1784621775793651,0.02228261408730156
pilot_v1_r3_mu010,pilot_v1_r0_r3_mu010,R3,"R0 (theta=1, matched mu=0.1)",1.0,0.1,patchy_high,64,6,visibility_gini,0.2657470703125,0.2557373046875,0.010009765625
pilot_v1_r3_mu010,pilot_v1_r0_r3_mu010,R3,"R0 (theta=1, matched mu=0.1)",1.0,0.1,patchy_high,64,6,majority_mismatch_rate,0.17938640103246703,0.10813121218662815,0.07125518884583888
pilot_v1_r3_mu010,pilot_v1_r0_r3_mu010,R3,"R0 (theta=1, matched mu=0.1)",1.0,0.1,patchy_high,64,7,resource_fraction,0.12090164640425066,0.12204479456362541,-0.0011431481593747461
pilot_v1_r3_mu010,pilot_v1_r0_r3_mu010,R3,"R0 (theta=1, matched mu=0.1)",1.0,0.1,patchy_high,64,7,reserve_welfare,0.7156703050504104,0.7297535934961645,-0.014083288445754127
pilot_v1_r3_mu010,pilot_v1_r0_r3_mu010,R3,"R0 (theta=1, matched mu=0.1)",1.0,0.1,patchy_high,64,7,need_satisfaction,0.8740196783928457,0.8848677078399765,-0.010848029447130814
pilot_v1_r3_mu010,pilot_v1_r0_r3_mu010,R3,"R0 (theta=1, matched mu=0.1)",1.0,0.1,patchy_high,64,7,deprivation_rate,0.1338125,0.1223125,0.011499999999999996
pilot_v1_r3_mu010,pilot_v1_r0_r3_mu010,R3,"R0 (theta=1, matched mu=0.1)",1.0,0.1,patchy_high,64,7,wealth_gini,0.5291021934692066,0.5268760188327946,0.0022261746364120594
pilot_v1_r3_mu010,pilot_v1_r0_r3_mu010,R3,"R0 (theta=1, matched mu=0.1)",1.0,0.1,patchy_high,64,7,perception_error,0.14893923611111115,0.1517412574404762,-0.002802021329365051
pilot_v1_r3_mu010,pilot_v1_r0_r3_mu010,R3,"R0 (theta=1, matched mu=0.1)",1.0,0.1,patchy_high,64,7,visibility_gini,0.280517578125,0.2442626953125,0.0362548828125
pilot_v1_r3_mu010,pilot_v1_r0_r3_mu010,R3,"R0 (theta=1, matched mu=0.1)",1.0,0.1,patchy_high,64,7,majority_mismatch_rate,0.018843103393933996,0.020102430490652166,-0.0012593270967181693
pilot_v1_r3_mu010,pilot_v1_r0_r3_mu010,R3,"R0 (theta=1, matched mu=0.1)",1.0,0.1,patchy_high,64,8,resource_fraction,0.14510536232280874,0.08868246972863852,0.056422892594170215
pilot_v1_r3_mu010,pilot_v1_r0_r3_mu010,R3,"R0 (theta=1, matched mu=0.1)",1.0,0.1,patchy_high,64,8,reserve_welfare,0.7678251030955453,0.6342445761201317,0.13358052697541356
pilot_v1_r3_mu010,pilot_v1_r0_r3_mu010,R3,"R0 (theta=1, matched mu=0.1)",1.0,0.1,patchy_high,64,8,need_satisfaction,0.8773728277222576,0.8336159216856248,0.04375690603663274
pilot_v1_r3_mu010,pilot_v1_r0_r3_mu010,R3,"R0 (theta=1, matched mu=0.1)",1.0,0.1,patchy_high,64,8,deprivation_rate,0.12428125,0.169671875,-0.045390625000000004
pilot_v1_r3_mu010,pilot_v1_r0_r3_mu010,R3,"R0 (theta=1, matched mu=0.1)",1.0,0.1,patchy_high,64,8,wealth_gini,0.48325527501552634,0.5133186950215705,-0.030063420006044117
pilot_v1_r3_mu010,pilot_v1_r0_r3_mu010,R3,"R0 (theta=1, matched mu=0.1)",1.0,0.1,patchy_high,64,8,perception_error,0.19927256944444446,0.18258141121031746,0.016691158234127007
pilot_v1_r3_mu010,pilot_v1_r0_r3_mu010,R3,"R0 (theta=1, matched mu=0.1)",1.0,0.1,patchy_high,64,8,visibility_gini,0.2783203125,0.275146484375,0.003173828125
pilot_v1_r3_mu010,pilot_v1_r0_r3_mu010,R3,"R0 (theta=1, matched mu=0.1)",1.0,0.1,patchy_high,64,8,majority_mismatch_rate,0.35298872413481525,0.14869909011597665,0.2042896340188386
pilot_v1_r3_mu010,pilot_v1_r0_r3_mu010,R3,"R0 (theta=1, matched mu=0.1)",1.0,0.1,patchy_high,64,9,resource_fraction,0.07945144207621135,0.09776724453424526,-0.01831580245803391
pilot_v1_r3_mu010,pilot_v1_r0_r3_mu010,R3,"R0 (theta=1, matched mu=0.1)",1.0,0.1,patchy_high,64,9,reserve_welfare,0.7514255804837373,0.7926820658554554,-0.04125648537171811
pilot_v1_r3_mu010,pilot_v1_r0_r3_mu010,R3,"R0 (theta=1, matched mu=0.1)",1.0,0.1,patchy_high,64,9,need_satisfaction,0.9077579146642393,0.9162204231018507,-0.008462508437611427
pilot_v1_r3_mu010,pilot_v1_r0_r3_mu010,R3,"R0 (theta=1, matched mu=0.1)",1.0,0.1,patchy_high,64,9,deprivation_rate,0.09865625,0.091265625,0.007390624999999998
pilot_v1_r3_mu010,pilot_v1_r0_r3_mu010,R3,"R0 (theta=1, matched mu=0.1)",1.0,0.1,patchy_high,64,9,wealth_gini,0.3987665103727054,0.40149792716917965,-0.002731416796474262
pilot_v1_r3_mu010,pilot_v1_r0_r3_mu010,R3,"R0 (theta=1, matched mu=0.1)",1.0,0.1,patchy_high,64,9,perception_error,0.14278763640873016,0.17484002976190471,-0.03205239335317456
pilot_v1_r3_mu010,pilot_v1_r0_r3_mu010,R3,"R0 (theta=1, matched mu=0.1)",1.0,0.1,patchy_high,64,9,visibility_gini,0.259033203125,0.29296875,-0.033935546875
pilot_v1_r3_mu010,pilot_v1_r0_r3_mu010,R3,"R0 (theta=1, matched mu=0.1)",1.0,0.1,patchy_high,64,9,majority_mismatch_rate,0.002099616596540085,0.05583182931346736,-0.053732212716927276
pilot_v1_r3_mu010,pilot_v1_r0_r3_mu010,R3,"R0 (theta=1, matched mu=0.1)",1.0,0.1,split_high_low,32,0,resource_fraction,0.38077679767364747,0.38063549116306455,0.000141306510582917
pilot_v1_r3_mu010,pilot_v1_r0_r3_mu010,R3,"R0 (theta=1, matched mu=0.1)",1.0,0.1,split_high_low,32,0,reserve_welfare,0.8090736476614956,0.8090896138998782,-1.5966238382625342e-05
pilot_v1_r3_mu010,pilot_v1_r0_r3_mu010,R3,"R0 (theta=1, matched mu=0.1)",1.0,0.1,split_high_low,32,0,need_satisfaction,0.9186404117110369,0.9188308819895865,-0.00019047027854957044
pilot_v1_r3_mu010,pilot_v1_r0_r3_mu010,R3,"R0 (theta=1, matched mu=0.1)",1.0,0.1,split_high_low,32,0,deprivation_rate,0.090125,0.089875,0.0002500000000000002
pilot_v1_r3_mu010,pilot_v1_r0_r3_mu010,R3,"R0 (theta=1, matched mu=0.1)",1.0,0.1,split_high_low,32,0,wealth_gini,0.5021531001532971,0.5022270234200301,-7.392326673305583e-05
pilot_v1_r3_mu010,pilot_v1_r0_r3_mu010,R3,"R0 (theta=1, matched mu=0.1)",1.0,0.1,split_high_low,32,0,perception_error,0.13199672379032257,0.14294027217741936,-0.010943548387096796
pilot_v1_r3_mu010,pilot_v1_r0_r3_mu010,R3,"R0 (theta=1, matched mu=0.1)",1.0,0.1,split_high_low,32,0,visibility_gini,0.2451171875,0.25439453125,-0.00927734375
pilot_v1_r3_mu010,pilot_v1_r0_r3_mu010,R3,"R0 (theta=1, matched mu=0.1)",1.0,0.1,split_high_low,32,0,majority_mismatch_rate,0.011790205095864767,0.011808793309438466,-1.8588213573698595e-05
pilot_v1_r3_mu010,pilot_v1_r0_r3_mu010,R3,"R0 (theta=1, matched mu=0.1)",1.0,0.1,split_high_low,32,1,resource_fraction,0.36651728690428637,0.3466045914082256,0.019912695496060784
pilot_v1_r3_mu010,pilot_v1_r0_r3_mu010,R3,"R0 (theta=1, matched mu=0.1)",1.0,0.1,split_high_low,32,1,reserve_welfare,0.8220963897088696,0.819488668164453,0.0026077215444165747
pilot_v1_r3_mu010,pilot_v1_r0_r3_mu010,R3,"R0 (theta=1, matched mu=0.1)",1.0,0.1,split_high_low,32,1,need_satisfaction,0.9248307002600473,0.9209530674274128,0.0038776328326345366
pilot_v1_r3_mu010,pilot_v1_r0_r3_mu010,R3,"R0 (theta=1, matched mu=0.1)",1.0,0.1,split_high_low,32,1,deprivation_rate,0.088375,0.092375,-0.0040000000000000036
pilot_v1_r3_mu010,pilot_v1_r0_r3_mu010,R3,"R0 (theta=1, matched mu=0.1)",1.0,0.1,split_high_low,32,1,wealth_gini,0.5511717468799628,0.5483843625690423,0.0027873843109205154
pilot_v1_r3_mu010,pilot_v1_r0_r3_mu010,R3,"R0 (theta=1, matched mu=0.1)",1.0,0.1,split_high_low,32,1,perception_error,0.13961920362903227,0.05584022177419355,0.08377898185483872
pilot_v1_r3_mu010,pilot_v1_r0_r3_mu010,R3,"R0 (theta=1, matched mu=0.1)",1.0,0.1,split_high_low,32,1,visibility_gini,0.23828125,0.27734375,-0.0390625
pilot_v1_r3_mu010,pilot_v1_r0_r3_mu010,R3,"R0 (theta=1, matched mu=0.1)",1.0,0.1,split_high_low,32,1,majority_mismatch_rate,0.0010554719465663994,0.0008802465650291737,0.00017522538153722563
pilot_v1_r3_mu010,pilot_v1_r0_r3_mu010,R3,"R0 (theta=1, matched mu=0.1)",1.0,0.1,split_high_low,32,2,resource_fraction,0.27960802256619866,0.2803312697073255,-0.0007232471411268704
pilot_v1_r3_mu010,pilot_v1_r0_r3_mu010,R3,"R0 (theta=1, matched mu=0.1)",1.0,0.1,split_high_low,32,2,reserve_welfare,0.8329174428251642,0.835205352098354,-0.002287909273189781
pilot_v1_r3_mu010,pilot_v1_r0_r3_mu010,R3,"R0 (theta=1, matched mu=0.1)",1.0,0.1,split_high_low,32,2,need_satisfaction,0.952095501463556,0.9542565960434617,-0.0021610945799056536
pilot_v1_r3_mu010,pilot_v1_r0_r3_mu010,R3,"R0 (theta=1, matched mu=0.1)",1.0,0.1,split_high_low,32,2,deprivation_rate,0.06075,0.05809375,0.002656249999999999
pilot_v1_r3_mu010,pilot_v1_r0_r3_mu010,R3,"R0 (theta=1, matched mu=0.1)",1.0,0.1,split_high_low,32,2,wealth_gini,0.4828163009941857,0.48243039113471964,0.0003859098594660715
pilot_v1_r3_mu010,pilot_v1_r0_r3_mu010,R3,"R0 (theta=1, matched mu=0.1)",1.0,0.1,split_high_low,32,2,perception_error,0.12561895161290326,0.1319972278225807,-0.00637827620967743
pilot_v1_r3_mu010,pilot_v1_r0_r3_mu010,R3,"R0 (theta=1, matched mu=0.1)",1.0,0.1,split_high_low,32,2,visibility_gini,0.3203125,0.236328125,0.083984375
pilot_v1_r3_mu010,pilot_v1_r0_r3_mu010,R3,"R0 (theta=1, matched mu=0.1)",1.0,0.1,split_high_low,32,2,majority_mismatch_rate,0.00017647058823529413,0.00043738656987295823,-0.0002609159816376641
pilot_v1_r3_mu010,pilot_v1_r0_r3_mu010,R3,"R0 (theta=1, matched mu=0.1)",1.0,0.1,split_high_low,32,3,resource_fraction,0.3278690565263549,0.3083599560521479,0.01950910047420701
pilot_v1_r3_mu010,pilot_v1_r0_r3_mu010,R3,"R0 (theta=1, matched mu=0.1)",1.0,0.1,split_high_low,32,3,reserve_welfare,0.8269904451926177,0.8172287478414184,0.00976169735119925
pilot_v1_r3_mu010,pilot_v1_r0_r3_mu010,R3,"R0 (theta=1, matched mu=0.1)",1.0,0.1,split_high_low,32,3,need_satisfaction,0.9340930568274706,0.9266903269916654,0.007402729835805144
pilot_v1_r3_mu010,pilot_v1_r0_r3_mu010,R3,"R0 (theta=1, matched mu=0.1)",1.0,0.1,split_high_low,32,3,deprivation_rate,0.0733125,0.08175,-0.0084375
pilot_v1_r3_mu010,pilot_v1_r0_r3_mu010,R3,"R0 (theta=1, matched mu=0.1)",1.0,0.1,split_high_low,32,3,wealth_gini,0.496612236219526,0.4813036193599909,0.015308616859535107
pilot_v1_r3_mu010,pilot_v1_r0_r3_mu010,R3,"R0 (theta=1, matched mu=0.1)",1.0,0.1,split_high_low,32,3,perception_error,0.16000176411290323,0.1504319556451613,0.009569808467741941
pilot_v1_r3_mu010,pilot_v1_r0_r3_mu010,R3,"R0 (theta=1, matched mu=0.1)",1.0,0.1,split_high_low,32,3,visibility_gini,0.271484375,0.26025390625,0.01123046875
pilot_v1_r3_mu010,pilot_v1_r0_r3_mu010,R3,"R0 (theta=1, matched mu=0.1)",1.0,0.1,split_high_low,32,3,majority_mismatch_rate,0.05072441746659138,3.846153846153846e-05,0.05068595592812984
pilot_v1_r3_mu010,pilot_v1_r0_r3_mu010,R3,"R0 (theta=1, matched mu=0.1)",1.0,0.1,split_high_low,32,4,resource_fraction,0.2965062688126416,0.2768037740085481,0.019702494804093473
pilot_v1_r3_mu010,pilot_v1_r0_r3_mu010,R3,"R0 (theta=1, matched mu=0.1)",1.0,0.1,split_high_low,32,4,reserve_welfare,0.9668504913695048,0.9482094336553502,0.018641057714154696
pilot_v1_r3_mu010,pilot_v1_r0_r3_mu010,R3,"R0 (theta=1, matched mu=0.1)",1.0,0.1,split_high_low,32,4,need_satisfaction,0.9986344153532813,0.9870420616708373,0.011592353682444045
pilot_v1_r3_mu010,pilot_v1_r0_r3_mu010,R3,"R0 (theta=1, matched mu=0.1)",1.0,0.1,split_high_low,32,4,deprivation_rate,0.001875,0.0154375,-0.0135625
pilot_v1_r3_mu010,pilot_v1_r0_r3_mu010,R3,"R0 (theta=1, matched mu=0.1)",1.0,0.1,split_high_low,32,4,wealth_gini,0.4190380687515931,0.4300131515216403,-0.010975082770047218
pilot_v1_r3_mu010,pilot_v1_r0_r3_mu010,R3,"R0 (theta=1, matched mu=0.1)",1.0,0.1,split_high_low,32,4,perception_error,0.15575907258064514,0.13672782258064517,0.019031249999999972
pilot_v1_r3_mu010,pilot_v1_r0_r3_mu010,R3,"R0 (theta=1, matched mu=0.1)",1.0,0.1,split_high_low,32,4,visibility_gini,0.20703125,0.23291015625,-0.02587890625
pilot_v1_r3_mu010,pilot_v1_r0_r3_mu010,R3,"R0 (theta=1, matched mu=0.1)",1.0,0.1,split_high_low,32,4,majority_mismatch_rate,0.034020800230365446,0.006247131733672334,0.02777366849669311
pilot_v1_r3_mu010,pilot_v1_r0_r3_mu010,R3,"R0 (theta=1, matched mu=0.1)",1.0,0.1,split_high_low,32,5,resource_fraction,0.309917010329488,0.29364424601747585,0.016272764312012133
pilot_v1_r3_mu010,pilot_v1_r0_r3_mu010,R3,"R0 (theta=1, matched mu=0.1)",1.0,0.1,split_high_low,32,5,reserve_welfare,0.932112038019933,0.9244604651861239,0.007651572833809128
pilot_v1_r3_mu010,pilot_v1_r0_r3_mu010,R3,"R0 (theta=1, matched mu=0.1)",1.0,0.1,split_high_low,32,5,need_satisfaction,0.980201705497529,0.9824553147297893,-0.0022536092322602563
pilot_v1_r3_mu010,pilot_v1_r0_r3_mu010,R3,"R0 (theta=1, matched mu=0.1)",1.0,0.1,split_high_low,32,5,deprivation_rate,0.02034375,0.0179375,0.002406250000000002
pilot_v1_r3_mu010,pilot_v1_r0_r3_mu010,R3,"R0 (theta=1, matched mu=0.1)",1.0,0.1,split_high_low,32,5,wealth_gini,0.4396888480799288,0.452849674638073,-0.013160826558144212
pilot_v1_r3_mu010,pilot_v1_r0_r3_mu010,R3,"R0 (theta=1, matched mu=0.1)",1.0,0.1,split_high_low,32,5,perception_error,0.15065776209677417,0.1533523185483871,-0.0026945564516129283
pilot_v1_r3_mu010,pilot_v1_r0_r3_mu010,R3,"R0 (theta=1, matched mu=0.1)",1.0,0.1,split_high_low,32,5,visibility_gini,0.2763671875,0.25537109375,0.02099609375
pilot_v1_r3_mu010,pilot_v1_r0_r3_mu010,R3,"R0 (theta=1, matched mu=0.1)",1.0,0.1,split_high_low,32,5,majority_mismatch_rate,0.00696996266823853,0.0004088179936006023,0.006561144674637928
pilot_v1_r3_mu010,pilot_v1_r0_r3_mu010,R3,"R0 (theta=1, matched mu=0.1)",1.0,0.1,split_high_low,32,6,resource_fraction,0.2729424207407671,0.26162405271838485,0.01131836802238223
pilot_v1_r3_mu010,pilot_v1_r0_r3_mu010,R3,"R0 (theta=1, matched mu=0.1)",1.0,0.1,split_high_low,32,6,reserve_welfare,0.9667445160338226,0.9216864983650662,0.04505801766875639
pilot_v1_r3_mu010,pilot_v1_r0_r3_mu010,R3,"R0 (theta=1, matched mu=0.1)",1.0,0.1,split_high_low,32,6,need_satisfaction,0.9944638810086786,0.9800567874199715,0.014407093588707065
pilot_v1_r3_mu010,pilot_v1_r0_r3_mu010,R3,"R0 (theta=1, matched mu=0.1)",1.0,0.1,split_high_low,32,6,deprivation_rate,0.0055625,0.01996875,-0.01440625
pilot_v1_r3_mu010,pilot_v1_r0_r3_mu010,R3,"R0 (theta=1, matched mu=0.1)",1.0,0.1,split_high_low,32,6,wealth_gini,0.39044828374663787,0.4159577219451822,-0.025509438198544343
pilot_v1_r3_mu010,pilot_v1_r0_r3_mu010,R3,"R0 (theta=1, matched mu=0.1)",1.0,0.1,split_high_low,32,6,perception_error,0.13548109879032255,0.13265574596774193,0.002825352822580618
pilot_v1_r3_mu010,pilot_v1_r0_r3_mu010,R3,"R0 (theta=1, matched mu=0.1)",1.0,0.1,split_high_low,32,6,visibility_gini,0.23681640625,0.26123046875,-0.0244140625
pilot_v1_r3_mu010,pilot_v1_r0_r3_mu010,R3,"R0 (theta=1, matched mu=0.1)",1.0,0.1,split_high_low,32,6,majority_mismatch_rate,0.01204895959238807,0.014752830373836751,-0.0027038707814486806
pilot_v1_r3_mu010,pilot_v1_r0_r3_mu010,R3,"R0 (theta=1, matched mu=0.1)",1.0,0.1,split_high_low,32,7,resource_fraction,0.3252970201477142,0.3171236986288652,0.00817332151884903
pilot_v1_r3_mu010,pilot_v1_r0_r3_mu010,R3,"R0 (theta=1, matched mu=0.1)",1.0,0.1,split_high_low,32,7,reserve_welfare,0.8235293795376744,0.8126134311199938,0.01091594841768051
pilot_v1_r3_mu010,pilot_v1_r0_r3_mu010,R3,"R0 (theta=1, matched mu=0.1)",1.0,0.1,split_high_low,32,7,need_satisfaction,0.9239139439569174,0.9214235742776797,0.0024903696792376584
pilot_v1_r3_mu010,pilot_v1_r0_r3_mu010,R3,"R0 (theta=1, matched mu=0.1)",1.0,0.1,split_high_low,32,7,deprivation_rate,0.081125,0.083875,-0.0027500000000000024
pilot_v1_r3_mu010,pilot_v1_r0_r3_mu010,R3,"R0 (theta=1, matched mu=0.1)",1.0,0.1,split_high_low,32,7,wealth_gini,0.5112053787437976,0.49521223705927886,0.015993141684518708
pilot_v1_r3_mu010,pilot_v1_r0_r3_mu010,R3,"R0 (theta=1, matched mu=0.1)",1.0,0.1,split_high_low,32,7,perception_error,0.15853049395161292,0.13893447580645163,0.019596018145161292
pilot_v1_r3_mu010,pilot_v1_r0_r3_mu010,R3,"R0 (theta=1, matched mu=0.1)",1.0,0.1,split_high_low,32,7,visibility_gini,0.26171875,0.2314453125,0.0302734375
pilot_v1_r3_mu010,pilot_v1_r0_r3_mu010,R3,"R0 (theta=1, matched mu=0.1)",1.0,0.1,split_high_low,32,7,majority_mismatch_rate,0.0,0.0009271742247979129,-0.0009271742247979129
pilot_v1_r3_mu010,pilot_v1_r0_r3_mu010,R3,"R0 (theta=1, matched mu=0.1)",1.0,0.1,split_high_low,32,8,resource_fraction,0.3517911077763705,0.32032344043322597,0.031467667343144545
pilot_v1_r3_mu010,pilot_v1_r0_r3_mu010,R3,"R0 (theta=1, matched mu=0.1)",1.0,0.1,split_high_low,32,8,reserve_welfare,0.7889784126011382,0.763385621477546,0.02559279112359225
pilot_v1_r3_mu010,pilot_v1_r0_r3_mu010,R3,"R0 (theta=1, matched mu=0.1)",1.0,0.1,split_high_low,32,8,need_satisfaction,0.8944913633472632,0.8915657975838126,0.0029255657634505994
pilot_v1_r3_mu010,pilot_v1_r0_r3_mu010,R3,"R0 (theta=1, matched mu=0.1)",1.0,0.1,split_high_low,32,8,deprivation_rate,0.108875,0.11225,-0.003375000000000003
pilot_v1_r3_mu010,pilot_v1_r0_r3_mu010,R3,"R0 (theta=1, matched mu=0.1)",1.0,0.1,split_high_low,32,8,wealth_gini,0.5090077043492731,0.5184413394004568,-0.009433635051183664
pilot_v1_r3_mu010,pilot_v1_r0_r3_mu010,R3,"R0 (theta=1, matched mu=0.1)",1.0,0.1,split_high_low,32,8,perception_error,0.17448891129032257,0.14677923387096772,0.027709677419354845
pilot_v1_r3_mu010,pilot_v1_r0_r3_mu010,R3,"R0 (theta=1, matched mu=0.1)",1.0,0.1,split_high_low,32,8,visibility_gini,0.28955078125,0.24365234375,0.0458984375
pilot_v1_r3_mu010,pilot_v1_r0_r3_mu010,R3,"R0 (theta=1, matched mu=0.1)",1.0,0.1,split_high_low,32,8,majority_mismatch_rate,0.21431617744565853,0.017375378008606907,0.19694079943705162
pilot_v1_r3_mu010,pilot_v1_r0_r3_mu010,R3,"R0 (theta=1, matched mu=0.1)",1.0,0.1,split_high_low,32,9,resource_fraction,0.2843104827013945,0.2604244098556436,0.023886072845750894
pilot_v1_r3_mu010,pilot_v1_r0_r3_mu010,R3,"R0 (theta=1, matched mu=0.1)",1.0,0.1,split_high_low,32,9,reserve_welfare,0.8898933630580745,0.8903274118851353,-0.0004340488270607734
pilot_v1_r3_mu010,pilot_v1_r0_r3_mu010,R3,"R0 (theta=1, matched mu=0.1)",1.0,0.1,split_high_low,32,9,need_satisfaction,0.9583055819851835,0.9596302591537703,-0.001324677168586863
pilot_v1_r3_mu010,pilot_v1_r0_r3_mu010,R3,"R0 (theta=1, matched mu=0.1)",1.0,0.1,split_high_low,32,9,deprivation_rate,0.04521875,0.0436875,0.0015312500000000048
pilot_v1_r3_mu010,pilot_v1_r0_r3_mu010,R3,"R0 (theta=1, matched mu=0.1)",1.0,0.1,split_high_low,32,9,wealth_gini,0.38773202958430053,0.39747816329565655,-0.00974613371135602
pilot_v1_r3_mu010,pilot_v1_r0_r3_mu010,R3,"R0 (theta=1, matched mu=0.1)",1.0,0.1,split_high_low,32,9,perception_error,0.15686466733870966,0.12541633064516128,0.03144833669354838
pilot_v1_r3_mu010,pilot_v1_r0_r3_mu010,R3,"R0 (theta=1, matched mu=0.1)",1.0,0.1,split_high_low,32,9,visibility_gini,0.20361328125,0.271484375,-0.06787109375
pilot_v1_r3_mu010,pilot_v1_r0_r3_mu010,R3,"R0 (theta=1, matched mu=0.1)",1.0,0.1,split_high_low,32,9,majority_mismatch_rate,0.007806532448061683,0.00017894685136064448,0.0076275855967010385
pilot_v1_r3_mu010,pilot_v1_r0_r3_mu010,R3,"R0 (theta=1, matched mu=0.1)",1.0,0.1,split_high_low,64,0,resource_fraction,0.09637260321848926,0.1053606397816323,-0.008988036563143051
pilot_v1_r3_mu010,pilot_v1_r0_r3_mu010,R3,"R0 (theta=1, matched mu=0.1)",1.0,0.1,split_high_low,64,0,reserve_welfare,0.6700475640593825,0.6855187739188562,-0.0154712098594737
pilot_v1_r3_mu010,pilot_v1_r0_r3_mu010,R3,"R0 (theta=1, matched mu=0.1)",1.0,0.1,split_high_low,64,0,need_satisfaction,0.8176355539254241,0.8260100696401407,-0.00837451571471659
pilot_v1_r3_mu010,pilot_v1_r0_r3_mu010,R3,"R0 (theta=1, matched mu=0.1)",1.0,0.1,split_high_low,64,0,deprivation_rate,0.186234375,0.17903125,0.007203125000000005
pilot_v1_r3_mu010,pilot_v1_r0_r3_mu010,R3,"R0 (theta=1, matched mu=0.1)",1.0,0.1,split_high_low,64,0,wealth_gini,0.5883420616381283,0.5863210226780604,0.002021038960067889
pilot_v1_r3_mu010,pilot_v1_r0_r3_mu010,R3,"R0 (theta=1, matched mu=0.1)",1.0,0.1,split_high_low,64,0,perception_error,0.16355493551587297,0.1770125248015873,-0.013457589285714333
pilot_v1_r3_mu010,pilot_v1_r0_r3_mu010,R3,"R0 (theta=1, matched mu=0.1)",1.0,0.1,split_high_low,64,0,visibility_gini,0.3255615234375,0.27880859375,0.0467529296875
pilot_v1_r3_mu010,pilot_v1_r0_r3_mu010,R3,"R0 (theta=1, matched mu=0.1)",1.0,0.1,split_high_low,64,0,majority_mismatch_rate,0.02261014749110744,0.08120469102351928,-0.058594543532411836
pilot_v1_r3_mu010,pilot_v1_r0_r3_mu010,R3,"R0 (theta=1, matched mu=0.1)",1.0,0.1,split_high_low,64,1,resource_fraction,0.17297287627461463,0.14965120659701484,0.0233216696775998
pilot_v1_r3_mu010,pilot_v1_r0_r3_mu010,R3,"R0 (theta=1, matched mu=0.1)",1.0,0.1,split_high_low,64,1,reserve_welfare,0.6819334762635624,0.660411223036949,0.021522253226613386
pilot_v1_r3_mu010,pilot_v1_r0_r3_mu010,R3,"R0 (theta=1, matched mu=0.1)",1.0,0.1,split_high_low,64,1,need_satisfaction,0.8420608483542398,0.8349291308537761,0.007131717500463708
pilot_v1_r3_mu010,pilot_v1_r0_r3_mu010,R3,"R0 (theta=1, matched mu=0.1)",1.0,0.1,split_high_low,64,1,deprivation_rate,0.164796875,0.170125,-0.005328124999999989
pilot_v1_r3_mu010,pilot_v1_r0_r3_mu010,R3,"R0 (theta=1, matched mu=0.1)",1.0,0.1,split_high_low,64,1,wealth_gini,0.65502685709164,0.6558018864371744,-0.000775029345534417
pilot_v1_r3_mu010,pilot_v1_r0_r3_mu010,R3,"R0 (theta=1, matched mu=0.1)",1.0,0.1,split_high_low,64,1,perception_error,0.17847023809523807,0.1563795262896825,0.02209071180555558
pilot_v1_r3_mu010,pilot_v1_r0_r3_mu010,R3,"R0 (theta=1, matched mu=0.1)",1.0,0.1,split_high_low,64,1,visibility_gini,0.2596435546875,0.28076171875,-0.0211181640625
pilot_v1_r3_mu010,pilot_v1_r0_r3_mu010,R3,"R0 (theta=1, matched mu=0.1)",1.0,0.1,split_high_low,64,1,majority_mismatch_rate,0.12694432442825043,0.031095425608350175,0.09584889881990026
pilot_v1_r3_mu010,pilot_v1_r0_r3_mu010,R3,"R0 (theta=1, matched mu=0.1)",1.0,0.1,split_high_low,64,2,resource_fraction,0.12142759177719549,0.10705452915802334,0.01437306261917215
pilot_v1_r3_mu010,pilot_v1_r0_r3_mu010,R3,"R0 (theta=1, matched mu=0.1)",1.0,0.1,split_high_low,64,2,reserve_welfare,0.6361993250247717,0.6706065838907045,-0.034407258865932766
pilot_v1_r3_mu010,pilot_v1_r0_r3_mu010,R3,"R0 (theta=1, matched mu=0.1)",1.0,0.1,split_high_low,64,2,need_satisfaction,0.8091423854504768,0.8331341604491824,-0.02399177499870564
pilot_v1_r3_mu010,pilot_v1_r0_r3_mu010,R3,"R0 (theta=1, matched mu=0.1)",1.0,0.1,split_high_low,64,2,deprivation_rate,0.196015625,0.17375,0.02226562500000001
pilot_v1_r3_mu010,pilot_v1_r0_r3_mu010,R3,"R0 (theta=1, matched mu=0.1)",1.0,0.1,split_high_low,64,2,wealth_gini,0.6119927653993216,0.5908322631582796,0.021160502241041934
pilot_v1_r3_mu010,pilot_v1_r0_r3_mu010,R3,"R0 (theta=1, matched mu=0.1)",1.0,0.1,split_high_low,64,2,perception_error,0.14548573908730156,0.1420053943452381,0.0034803447420634626
pilot_v1_r3_mu010,pilot_v1_r0_r3_mu010,R3,"R0 (theta=1, matched mu=0.1)",1.0,0.1,split_high_low,64,2,visibility_gini,0.240966796875,0.2769775390625,-0.0360107421875
pilot_v1_r3_mu010,pilot_v1_r0_r3_mu010,R3,"R0 (theta=1, matched mu=0.1)",1.0,0.1,split_high_low,64,2,majority_mismatch_rate,0.02158388745187158,0.059952259792592305,-0.03836837234072073
pilot_v1_r3_mu010,pilot_v1_r0_r3_mu010,R3,"R0 (theta=1, matched mu=0.1)",1.0,0.1,split_high_low,64,3,resource_fraction,0.12059439635601166,0.12764925428464588,-0.007054857928634223
pilot_v1_r3_mu010,pilot_v1_r0_r3_mu010,R3,"R0 (theta=1, matched mu=0.1)",1.0,0.1,split_high_low,64,3,reserve_welfare,0.6824017691568784,0.7273829502158653,-0.04498118105898685
pilot_v1_r3_mu010,pilot_v1_r0_r3_mu010,R3,"R0 (theta=1, matched mu=0.1)",1.0,0.1,split_high_low,64,3,need_satisfaction,0.8346675207504857,0.861320148903429,-0.026652628152943336
pilot_v1_r3_mu010,pilot_v1_r0_r3_mu010,R3,"R0 (theta=1, matched mu=0.1)",1.0,0.1,split_high_low,64,3,deprivation_rate,0.169453125,0.140890625,0.02856250000000002
pilot_v1_r3_mu010,pilot_v1_r0_r3_mu010,R3,"R0 (theta=1, matched mu=0.1)",1.0,0.1,split_high_low,64,3,wealth_gini,0.5892192152268949,0.5827039663285714,0.006515248898323556
pilot_v1_r3_mu010,pilot_v1_r0_r3_mu010,R3,"R0 (theta=1, matched mu=0.1)",1.0,0.1,split_high_low,64,3,perception_error,0.18810379464285715,0.17237468998015873,0.015729104662698418
pilot_v1_r3_mu010,pilot_v1_r0_r3_mu010,R3,"R0 (theta=1, matched mu=0.1)",1.0,0.1,split_high_low,64,3,visibility_gini,0.303955078125,0.263671875,0.040283203125
pilot_v1_r3_mu010,pilot_v1_r0_r3_mu010,R3,"R0 (theta=1, matched mu=0.1)",1.0,0.1,split_high_low,64,3,majority_mismatch_rate,0.11018706366228469,0.08126161679850975,0.028925446863774934
pilot_v1_r3_mu010,pilot_v1_r0_r3_mu010,R3,"R0 (theta=1, matched mu=0.1)",1.0,0.1,split_high_low,64,4,resource_fraction,0.12298697697582059,0.11650496281824015,0.006482014157580443
pilot_v1_r3_mu010,pilot_v1_r0_r3_mu010,R3,"R0 (theta=1, matched mu=0.1)",1.0,0.1,split_high_low,64,4,reserve_welfare,0.7653942819536752,0.7307591684863435,0.034635113467331724
pilot_v1_r3_mu010,pilot_v1_r0_r3_mu010,R3,"R0 (theta=1, matched mu=0.1)",1.0,0.1,split_high_low,64,4,need_satisfaction,0.8899204661247564,0.8699265333501949,0.019993932774561518
pilot_v1_r3_mu010,pilot_v1_r0_r3_mu010,R3,"R0 (theta=1, matched mu=0.1)",1.0,0.1,split_high_low,64,4,deprivation_rate,0.11346875,0.134765625,-0.021296875000000007
pilot_v1_r3_mu010,pilot_v1_r0_r3_mu010,R3,"R0 (theta=1, matched mu=0.1)",1.0,0.1,split_high_low,64,4,wealth_gini,0.511764254209965,0.5581083866263576,-0.04634413241639268
pilot_v1_r3_mu010,pilot_v1_r0_r3_mu010,R3,"R0 (theta=1, matched mu=0.1)",1.0,0.1,split_high_low,64,4,perception_error,0.2097105654761905,0.2049474206349206,0.004763144841269884
pilot_v1_r3_mu010,pilot_v1_r0_r3_mu010,R3,"R0 (theta=1, matched mu=0.1)",1.0,0.1,split_high_low,64,4,visibility_gini,0.2860107421875,0.3076171875,-0.0216064453125
pilot_v1_r3_mu010,pilot_v1_r0_r3_mu010,R3,"R0 (theta=1, matched mu=0.1)",1.0,0.1,split_high_low,64,4,majority_mismatch_rate,0.2379107997853909,0.21611713193474927,0.02179366785064163
pilot_v1_r3_mu010,pilot_v1_r0_r3_mu010,R3,"R0 (theta=1, matched mu=0.1)",1.0,0.1,split_high_low,64,5,resource_fraction,0.15047658163461017,0.1593366894574752,-0.008860107822865032
pilot_v1_r3_mu010,pilot_v1_r0_r3_mu010,R3,"R0 (theta=1, matched mu=0.1)",1.0,0.1,split_high_low,64,5,reserve_welfare,0.656641321016016,0.6734326579121411,-0.01679133689612511
pilot_v1_r3_mu010,pilot_v1_r0_r3_mu010,R3,"R0 (theta=1, matched mu=0.1)",1.0,0.1,split_high_low,64,5,need_satisfaction,0.8303074513719284,0.8264701470404122,0.003837304331516189
pilot_v1_r3_mu010,pilot_v1_r0_r3_mu010,R3,"R0 (theta=1, matched mu=0.1)",1.0,0.1,split_high_low,64,5,deprivation_rate,0.179515625,0.1851875,-0.005671874999999993
pilot_v1_r3_mu010,pilot_v1_r0_r3_mu010,R3,"R0 (theta=1, matched mu=0.1)",1.0,0.1,split_high_low,64,5,wealth_gini,0.6215601445000909,0.6207350199673591,0.000825124532731758
pilot_v1_r3_mu010,pilot_v1_r0_r3_mu010,R3,"R0 (theta=1, matched mu=0.1)",1.0,0.1,split_high_low,64,5,perception_error,0.13516790674603177,0.15117695932539688,-0.016009052579365107
pilot_v1_r3_mu010,pilot_v1_r0_r3_mu010,R3,"R0 (theta=1, matched mu=0.1)",1.0,0.1,split_high_low,64,5,visibility_gini,0.2679443359375,0.20751953125,0.0604248046875
pilot_v1_r3_mu010,pilot_v1_r0_r3_mu010,R3,"R0 (theta=1, matched mu=0.1)",1.0,0.1,split_high_low,64,5,majority_mismatch_rate,0.004462436762632809,0.10628606134261932,-0.10182362457998652
pilot_v1_r3_mu010,pilot_v1_r0_r3_mu010,R3,"R0 (theta=1, matched mu=0.1)",1.0,0.1,split_high_low,64,6,resource_fraction,0.08260954361963374,0.08417587716627344,-0.001566333546639695
pilot_v1_r3_mu010,pilot_v1_r0_r3_mu010,R3,"R0 (theta=1, matched mu=0.1)",1.0,0.1,split_high_low,64,6,reserve_welfare,0.5549131293734306,0.5641112651020738,-0.009198135728643142
pilot_v1_r3_mu010,pilot_v1_r0_r3_mu010,R3,"R0 (theta=1, matched mu=0.1)",1.0,0.1,split_high_low,64,6,need_satisfaction,0.7486800983197839,0.7582772456588731,-0.00959714733908923
pilot_v1_r3_mu010,pilot_v1_r0_r3_mu010,R3,"R0 (theta=1, matched mu=0.1)",1.0,0.1,split_high_low,64,6,deprivation_rate,0.25409375,0.244234375,0.009859375000000004
pilot_v1_r3_mu010,pilot_v1_r0_r3_mu010,R3,"R0 (theta=1, matched mu=0.1)",1.0,0.1,split_high_low,64,6,wealth_gini,0.6404448500920468,0.6501223116321968,-0.009677461540150034
pilot_v1_r3_mu010,pilot_v1_r0_r3_mu010,R3,"R0 (theta=1, matched mu=0.1)",1.0,0.1,split_high_low,64,6,perception_error,0.18299832589285714,0.20405040922619047,-0.021052083333333332
pilot_v1_r3_mu010,pilot_v1_r0_r3_mu010,R3,"R0 (theta=1, matched mu=0.1)",1.0,0.1,split_high_low,64,6,visibility_gini,0.2557373046875,0.2635498046875,-0.0078125
pilot_v1_r3_mu010,pilot_v1_r0_r3_mu010,R3,"R0 (theta=1, matched mu=0.1)",1.0,0.1,split_high_low,64,6,majority_mismatch_rate,0.2139937142754286,0.19340340898613134,0.020590305289297256
pilot_v1_r3_mu010,pilot_v1_r0_r3_mu010,R3,"R0 (theta=1, matched mu=0.1)",1.0,0.1,split_high_low,64,7,resource_fraction,0.1783524635144061,0.23236721901629218,-0.054014755501886086
pilot_v1_r3_mu010,pilot_v1_r0_r3_mu010,R3,"R0 (theta=1, matched mu=0.1)",1.0,0.1,split_high_low,64,7,reserve_welfare,0.5860786372257184,0.6303290927364269,-0.0442504555107085
pilot_v1_r3_mu010,pilot_v1_r0_r3_mu010,R3,"R0 (theta=1, matched mu=0.1)",1.0,0.1,split_high_low,64,7,need_satisfaction,0.765417701641573,0.8028677736873299,-0.0374500720457569
pilot_v1_r3_mu010,pilot_v1_r0_r3_mu010,R3,"R0 (theta=1, matched mu=0.1)",1.0,0.1,split_high_low,64,7,deprivation_rate,0.241203125,0.203921875,0.03728124999999999
pilot_v1_r3_mu010,pilot_v1_r0_r3_mu010,R3,"R0 (theta=1, matched mu=0.1)",1.0,0.1,split_high_low,64,7,wealth_gini,0.6855615790842033,0.6895961740005594,-0.004034594916356049
pilot_v1_r3_mu010,pilot_v1_r0_r3_mu010,R3,"R0 (theta=1, matched mu=0.1)",1.0,0.1,split_high_low,64,7,perception_error,0.16888392857142856,0.17152151537698415,-0.0026375868055555918
pilot_v1_r3_mu010,pilot_v1_r0_r3_mu010,R3,"R0 (theta=1, matched mu=0.1)",1.0,0.1,split_high_low,64,7,visibility_gini,0.27392578125,0.2296142578125,0.0443115234375
pilot_v1_r3_mu010,pilot_v1_r0_r3_mu010,R3,"R0 (theta=1, matched mu=0.1)",1.0,0.1,split_high_low,64,7,majority_mismatch_rate,0.024598342251082293,0.019244506647438847,0.0053538356036434455
pilot_v1_r3_mu010,pilot_v1_r0_r3_mu010,R3,"R0 (theta=1, matched mu=0.1)",1.0,0.1,split_high_low,64,8,resource_fraction,0.11314070966949805,0.12295407706296682,-0.009813367393468775
pilot_v1_r3_mu010,pilot_v1_r0_r3_mu010,R3,"R0 (theta=1, matched mu=0.1)",1.0,0.1,split_high_low,64,8,reserve_welfare,0.585240744349325,0.5894105142299388,-0.004169769880613794
pilot_v1_r3_mu010,pilot_v1_r0_r3_mu010,R3,"R0 (theta=1, matched mu=0.1)",1.0,0.1,split_high_low,64,8,need_satisfaction,0.7503919403034094,0.7656325800476871,-0.015240639744277695
pilot_v1_r3_mu010,pilot_v1_r0_r3_mu010,R3,"R0 (theta=1, matched mu=0.1)",1.0,0.1,split_high_low,64,8,deprivation_rate,0.24990625,0.237453125,0.01245312500000001
pilot_v1_r3_mu010,pilot_v1_r0_r3_mu010,R3,"R0 (theta=1, matched mu=0.1)",1.0,0.1,split_high_low,64,8,wealth_gini,0.6649130767088693,0.6805518483768134,-0.01563877166794403
pilot_v1_r3_mu010,pilot_v1_r0_r3_mu010,R3,"R0 (theta=1, matched mu=0.1)",1.0,0.1,split_high_low,64,8,perception_error,0.19382775297619045,0.22136774553571426,-0.0275399925595238
pilot_v1_r3_mu010,pilot_v1_r0_r3_mu010,R3,"R0 (theta=1, matched mu=0.1)",1.0,0.1,split_high_low,64,8,visibility_gini,0.2630615234375,0.2978515625,-0.0347900390625
pilot_v1_r3_mu010,pilot_v1_r0_r3_mu010,R3,"R0 (theta=1, matched mu=0.1)",1.0,0.1,split_high_low,64,8,majority_mismatch_rate,0.1451605508853984,0.32754841737765317,-0.18238786649225477
pilot_v1_r3_mu010,pilot_v1_r0_r3_mu010,R3,"R0 (theta=1, matched mu=0.1)",1.0,0.1,split_high_low,64,9,resource_fraction,0.11127814716386496,0.10356557891512458,0.0077125682487403785
pilot_v1_r3_mu010,pilot_v1_r0_r3_mu010,R3,"R0 (theta=1, matched mu=0.1)",1.0,0.1,split_high_low,64,9,reserve_welfare,0.7027147124036411,0.7017620700241134,0.0009526423795277461
pilot_v1_r3_mu010,pilot_v1_r0_r3_mu010,R3,"R0 (theta=1, matched mu=0.1)",1.0,0.1,split_high_low,64,9,need_satisfaction,0.8342944797485131,0.833401024782973,0.0008934549655401636
pilot_v1_r3_mu010,pilot_v1_r0_r3_mu010,R3,"R0 (theta=1, matched mu=0.1)",1.0,0.1,split_high_low,64,9,deprivation_rate,0.169203125,0.16990625,-0.0007031249999999989
pilot_v1_r3_mu010,pilot_v1_r0_r3_mu010,R3,"R0 (theta=1, matched mu=0.1)",1.0,0.1,split_high_low,64,9,wealth_gini,0.557851935316368,0.5541527759961431,0.0036991593202249096
pilot_v1_r3_mu010,pilot_v1_r0_r3_mu010,R3,"R0 (theta=1, matched mu=0.1)",1.0,0.1,split_high_low,64,9,perception_error,0.1556159474206349,0.15233147321428572,0.0032844742063491694
pilot_v1_r3_mu010,pilot_v1_r0_r3_mu010,R3,"R0 (theta=1, matched mu=0.1)",1.0,0.1,split_high_low,64,9,visibility_gini,0.287353515625,0.23193359375,0.055419921875
pilot_v1_r3_mu010,pilot_v1_r0_r3_mu010,R3,"R0 (theta=1, matched mu=0.1)",1.0,0.1,split_high_low,64,9,majority_mismatch_rate,0.003442658950800448,0.019458004886634152,-0.016015345935833706
pilot_v1_r3_mu010,pilot_v1_r0_r3_mu010,R3,"R0 (theta=1, matched mu=0.1)",1.0,0.1,uniform_high,32,0,resource_fraction,0.30686579639042183,0.31711667898970736,-0.010250882599285527
pilot_v1_r3_mu010,pilot_v1_r0_r3_mu010,R3,"R0 (theta=1, matched mu=0.1)",1.0,0.1,uniform_high,32,0,reserve_welfare,0.9802519341610516,0.9800777718349475,0.0001741623261041214
pilot_v1_r3_mu010,pilot_v1_r0_r3_mu010,R3,"R0 (theta=1, matched mu=0.1)",1.0,0.1,uniform_high,32,0,need_satisfaction,1.0,1.0,0.0
pilot_v1_r3_mu010,pilot_v1_r0_r3_mu010,R3,"R0 (theta=1, matched mu=0.1)",1.0,0.1,uniform_high,32,0,deprivation_rate,0.0,0.0,0.0
pilot_v1_r3_mu010,pilot_v1_r0_r3_mu010,R3,"R0 (theta=1, matched mu=0.1)",1.0,0.1,uniform_high,32,0,wealth_gini,0.3308281980245067,0.3246986600780606,0.006129537946446106
pilot_v1_r3_mu010,pilot_v1_r0_r3_mu010,R3,"R0 (theta=1, matched mu=0.1)",1.0,0.1,uniform_high,32,0,perception_error,0.10920186491935485,0.09538936491935485,0.013812500000000005
pilot_v1_r3_mu010,pilot_v1_r0_r3_mu010,R3,"R0 (theta=1, matched mu=0.1)",1.0,0.1,uniform_high,32,0,visibility_gini,0.1943359375,0.2548828125,-0.060546875
pilot_v1_r3_mu010,pilot_v1_r0_r3_mu010,R3,"R0 (theta=1, matched mu=0.1)",1.0,0.1,uniform_high,32,0,majority_mismatch_rate,5e-05,0.0012600604287017329,-0.001210060428701733
pilot_v1_r3_mu010,pilot_v1_r0_r3_mu010,R3,"R0 (theta=1, matched mu=0.1)",1.0,0.1,uniform_high,32,1,resource_fraction,0.31966166867021617,0.31844536392720146,0.0012163047430147067
pilot_v1_r3_mu010,pilot_v1_r0_r3_mu010,R3,"R0 (theta=1, matched mu=0.1)",1.0,0.1,uniform_high,32,1,reserve_welfare,0.9725568365219774,0.9672551978522622,0.005301638669715225
pilot_v1_r3_mu010,pilot_v1_r0_r3_mu010,R3,"R0 (theta=1, matched mu=0.1)",1.0,0.1,uniform_high,32,1,need_satisfaction,1.0,1.0,0.0
pilot_v1_r3_mu010,pilot_v1_r0_r3_mu010,R3,"R0 (theta=1, matched mu=0.1)",1.0,0.1,uniform_high,32,1,deprivation_rate,0.0,0.0,0.0
pilot_v1_r3_mu010,pilot_v1_r0_r3_mu010,R3,"R0 (theta=1, matched mu=0.1)",1.0,0.1,uniform_high,32,1,wealth_gini,0.4124573376671312,0.41370768112196155,-0.0012503434548303272
pilot_v1_r3_mu010,pilot_v1_r0_r3_mu010,R3,"R0 (theta=1, matched mu=0.1)",1.0,0.1,uniform_high,32,1,perception_error,0.05371270161290321,0.05220110887096773,0.0015115927419354774
pilot_v1_r3_mu010,pilot_v1_r0_r3_mu010,R3,"R0 (theta=1, matched mu=0.1)",1.0,0.1,uniform_high,32,1,visibility_gini,0.22412109375,0.27587890625,-0.0517578125
pilot_v1_r3_mu010,pilot_v1_r0_r3_mu010,R3,"R0 (theta=1, matched mu=0.1)",1.0,0.1,uniform_high,32,1,majority_mismatch_rate,0.0007925894244968579,0.00033978021978021977,0.00045280920471663815
pilot_v1_r3_mu010,pilot_v1_r0_r3_mu010,R3,"R0 (theta=1, matched mu=0.1)",1.0,0.1,uniform_high,32,2,resource_fraction,0.24278194801717473,0.24282708031120892,-4.513229403418917e-05
pilot_v1_r3_mu010,pilot_v1_r0_r3_mu010,R3,"R0 (theta=1, matched mu=0.1)",1.0,0.1,uniform_high,32,2,reserve_welfare,0.9979999999999998,0.9979999999999998,0.0
pilot_v1_r3_mu010,pilot_v1_r0_r3_mu010,R3,"R0 (theta=1, matched mu=0.1)",1.0,0.1,uniform_high,32,2,need_satisfaction,1.0,1.0,0.0
pilot_v1_r3_mu010,pilot_v1_r0_r3_mu010,R3,"R0 (theta=1, matched mu=0.1)",1.0,0.1,uniform_high,32,2,deprivation_rate,0.0,0.0,0.0
pilot_v1_r3_mu010,pilot_v1_r0_r3_mu010,R3,"R0 (theta=1, matched mu=0.1)",1.0,0.1,uniform_high,32,2,wealth_gini,0.2889550777490397,0.2889452112240265,9.866525013224603e-06
pilot_v1_r3_mu010,pilot_v1_r0_r3_mu010,R3,"R0 (theta=1, matched mu=0.1)",1.0,0.1,uniform_high,32,2,perception_error,0.0007227822580645161,0.0010181451612903225,-0.0002953629032258064
pilot_v1_r3_mu010,pilot_v1_r0_r3_mu010,R3,"R0 (theta=1, matched mu=0.1)",1.0,0.1,uniform_high,32,2,visibility_gini,0.27294921875,0.27001953125,0.0029296875
pilot_v1_r3_mu010,pilot_v1_r0_r3_mu010,R3,"R0 (theta=1, matched mu=0.1)",1.0,0.1,uniform_high,32,2,majority_mismatch_rate,3.571428571428571e-05,0.0001153846153846154,-7.967032967032969e-05
pilot_v1_r3_mu010,pilot_v1_r0_r3_mu010,R3,"R0 (theta=1, matched mu=0.1)",1.0,0.1,uniform_high,32,3,resource_fraction,0.2263826453456552,0.2281065337928904,-0.0017238884472352
pilot_v1_r3_mu010,pilot_v1_r0_r3_mu010,R3,"R0 (theta=1, matched mu=0.1)",1.0,0.1,uniform_high,32,3,reserve_welfare,0.9979999999999998,0.9979999999999998,0.0
pilot_v1_r3_mu010,pilot_v1_r0_r3_mu010,R3,"R0 (theta=1, matched mu=0.1)",1.0,0.1,uniform_high,32,3,need_satisfaction,1.0,1.0,0.0
pilot_v1_r3_mu010,pilot_v1_r0_r3_mu010,R3,"R0 (theta=1, matched mu=0.1)",1.0,0.1,uniform_high,32,3,deprivation_rate,0.0,0.0,0.0
pilot_v1_r3_mu010,pilot_v1_r0_r3_mu010,R3,"R0 (theta=1, matched mu=0.1)",1.0,0.1,uniform_high,32,3,wealth_gini,0.2657481981321015,0.27170788354330666,-0.005959685411205173
pilot_v1_r3_mu010,pilot_v1_r0_r3_mu010,R3,"R0 (theta=1, matched mu=0.1)",1.0,0.1,uniform_high,32,3,perception_error,0.0555907258064516,0.06363356854838709,-0.008042842741935487
pilot_v1_r3_mu010,pilot_v1_r0_r3_mu010,R3,"R0 (theta=1, matched mu=0.1)",1.0,0.1,uniform_high,32,3,visibility_gini,0.2607421875,0.2705078125,-0.009765625
pilot_v1_r3_mu010,pilot_v1_r0_r3_mu010,R3,"R0 (theta=1, matched mu=0.1)",1.0,0.1,uniform_high,32,3,majority_mismatch_rate,0.00036186371100164203,0.0001111111111111111,0.00025075259989053094
pilot_v1_r3_mu010,pilot_v1_r0_r3_mu010,R3,"R0 (theta=1, matched mu=0.1)",1.0,0.1,uniform_high,32,4,resource_fraction,0.2821737392323513,0.24461528752938122,0.037558451702970064
pilot_v1_r3_mu010,pilot_v1_r0_r3_mu010,R3,"R0 (theta=1, matched mu=0.1)",1.0,0.1,uniform_high,32,4,reserve_welfare,0.9510865400868115,0.9139372294473281,0.037149310639483346
pilot_v1_r3_mu010,pilot_v1_r0_r3_mu010,R3,"R0 (theta=1, matched mu=0.1)",1.0,0.1,uniform_high,32,4,need_satisfaction,0.9839743441942518,0.9607700669815821,0.02320427721266971
pilot_v1_r3_mu010,pilot_v1_r0_r3_mu010,R3,"R0 (theta=1, matched mu=0.1)",1.0,0.1,uniform_high,32,4,deprivation_rate,0.0166875,0.0415625,-0.024875
pilot_v1_r3_mu010,pilot_v1_r0_r3_mu010,R3,"R0 (theta=1, matched mu=0.1)",1.0,0.1,uniform_high,32,4,wealth_gini,0.3411538335743738,0.3467144122154231,-0.0055605786410493074
pilot_v1_r3_mu010,pilot_v1_r0_r3_mu010,R3,"R0 (theta=1, matched mu=0.1)",1.0,0.1,uniform_high,32,4,perception_error,0.1412265625,0.05273135080645161,0.0884952116935484
pilot_v1_r3_mu010,pilot_v1_r0_r3_mu010,R3,"R0 (theta=1, matched mu=0.1)",1.0,0.1,uniform_high,32,4,visibility_gini,0.263671875,0.22265625,0.041015625
pilot_v1_r3_mu010,pilot_v1_r0_r3_mu010,R3,"R0 (theta=1, matched mu=0.1)",1.0,0.1,uniform_high,32,4,majority_mismatch_rate,0.005770840646316297,0.0,0.005770840646316297
pilot_v1_r3_mu010,pilot_v1_r0_r3_mu010,R3,"R0 (theta=1, matched mu=0.1)",1.0,0.1,uniform_high,32,5,resource_fraction,0.28419062272268675,0.28409007404807446,0.00010054867461228856
pilot_v1_r3_mu010,pilot_v1_r0_r3_mu010,R3,"R0 (theta=1, matched mu=0.1)",1.0,0.1,uniform_high,32,5,reserve_welfare,0.9709849042132191,0.9708576952062181,0.00012720900700102789
pilot_v1_r3_mu010,pilot_v1_r0_r3_mu010,R3,"R0 (theta=1, matched mu=0.1)",1.0,0.1,uniform_high,32,5,need_satisfaction,0.9886386796610548,0.9885453773347801,9.330232627469126e-05
pilot_v1_r3_mu010,pilot_v1_r0_r3_mu010,R3,"R0 (theta=1, matched mu=0.1)",1.0,0.1,uniform_high,32,5,deprivation_rate,0.011375,0.01146875,-9.375000000000008e-05
pilot_v1_r3_mu010,pilot_v1_r0_r3_mu010,R3,"R0 (theta=1, matched mu=0.1)",1.0,0.1,uniform_high,32,5,wealth_gini,0.3511882732620004,0.35111966262085614,6.861064114427329e-05
pilot_v1_r3_mu010,pilot_v1_r0_r3_mu010,R3,"R0 (theta=1, matched mu=0.1)",1.0,0.1,uniform_high,32,5,perception_error,0.08592615927419353,0.08285181451612902,0.0030743447580645067
pilot_v1_r3_mu010,pilot_v1_r0_r3_mu010,R3,"R0 (theta=1, matched mu=0.1)",1.0,0.1,uniform_high,32,5,visibility_gini,0.26904296875,0.28857421875,-0.01953125
pilot_v1_r3_mu010,pilot_v1_r0_r3_mu010,R3,"R0 (theta=1, matched mu=0.1)",1.0,0.1,uniform_high,32,5,majority_mismatch_rate,7.919254658385093e-05,0.00011952861952861952,-4.0336072944768594e-05
pilot_v1_r3_mu010,pilot_v1_r0_r3_mu010,R3,"R0 (theta=1, matched mu=0.1)",1.0,0.1,uniform_high,32,6,resource_fraction,0.3357992818847554,0.3282251951143596,0.007574086770395783
pilot_v1_r3_mu010,pilot_v1_r0_r3_mu010,R3,"R0 (theta=1, matched mu=0.1)",1.0,0.1,uniform_high,32,6,reserve_welfare,0.9448664749740442,0.893226881361938,0.05163959361210624
pilot_v1_r3_mu010,pilot_v1_r0_r3_mu010,R3,"R0 (theta=1, matched mu=0.1)",1.0,0.1,uniform_high,32,6,need_satisfaction,0.996500401194293,0.970238846214269,0.026261554980023916
pilot_v1_r3_mu010,pilot_v1_r0_r3_mu010,R3,"R0 (theta=1, matched mu=0.1)",1.0,0.1,uniform_high,32,6,deprivation_rate,0.005375,0.0331875,-0.027812500000000004
pilot_v1_r3_mu010,pilot_v1_r0_r3_mu010,R3,"R0 (theta=1, matched mu=0.1)",1.0,0.1,uniform_high,32,6,wealth_gini,0.4265336852897461,0.4329208652074763,-0.00638717991773019
pilot_v1_r3_mu010,pilot_v1_r0_r3_mu010,R3,"R0 (theta=1, matched mu=0.1)",1.0,0.1,uniform_high,32,6,perception_error,0.15921270161290324,0.13793573588709676,0.02127696572580648
pilot_v1_r3_mu010,pilot_v1_r0_r3_mu010,R3,"R0 (theta=1, matched mu=0.1)",1.0,0.1,uniform_high,32,6,visibility_gini,0.26611328125,0.27392578125,-0.0078125
pilot_v1_r3_mu010,pilot_v1_r0_r3_mu010,R3,"R0 (theta=1, matched mu=0.1)",1.0,0.1,uniform_high,32,6,majority_mismatch_rate,0.035216408737558005,0.002985095459573368,0.03223131327798464
pilot_v1_r3_mu010,pilot_v1_r0_r3_mu010,R3,"R0 (theta=1, matched mu=0.1)",1.0,0.1,uniform_high,32,7,resource_fraction,0.2705331539146034,0.2923192442739882,-0.02178609035938478
pilot_v1_r3_mu010,pilot_v1_r0_r3_mu010,R3,"R0 (theta=1, matched mu=0.1)",1.0,0.1,uniform_high,32,7,reserve_welfare,0.9534062085760813,0.9587354843432775,-0.005329275767196218
pilot_v1_r3_mu010,pilot_v1_r0_r3_mu010,R3,"R0 (theta=1, matched mu=0.1)",1.0,0.1,uniform_high,32,7,need_satisfaction,0.9945165621084432,0.9945830858218371,-6.652371339388452e-05
pilot_v1_r3_mu010,pilot_v1_r0_r3_mu010,R3,"R0 (theta=1, matched mu=0.1)",1.0,0.1,uniform_high,32,7,deprivation_rate,0.0080625,0.0079375,0.0001250000000000001
pilot_v1_r3_mu010,pilot_v1_r0_r3_mu010,R3,"R0 (theta=1, matched mu=0.1)",1.0,0.1,uniform_high,32,7,wealth_gini,0.3230968842421642,0.3627821776666913,-0.03968529342452709
pilot_v1_r3_mu010,pilot_v1_r0_r3_mu010,R3,"R0 (theta=1, matched mu=0.1)",1.0,0.1,uniform_high,32,7,perception_error,0.008008316532258064,0.0997313508064516,-0.09172303427419354
pilot_v1_r3_mu010,pilot_v1_r0_r3_mu010,R3,"R0 (theta=1, matched mu=0.1)",1.0,0.1,uniform_high,32,7,visibility_gini,0.24658203125,0.2236328125,0.02294921875
pilot_v1_r3_mu010,pilot_v1_r0_r3_mu010,R3,"R0 (theta=1, matched mu=0.1)",1.0,0.1,uniform_high,32,7,majority_mismatch_rate,0.0,0.0,0.0
pilot_v1_r3_mu010,pilot_v1_r0_r3_mu010,R3,"R0 (theta=1, matched mu=0.1)",1.0,0.1,uniform_high,32,8,resource_fraction,0.2697360767827388,0.2674760510298462,0.002260025752892636
pilot_v1_r3_mu010,pilot_v1_r0_r3_mu010,R3,"R0 (theta=1, matched mu=0.1)",1.0,0.1,uniform_high,32,8,reserve_welfare,0.8979014252843742,0.893074113225162,0.004827312059212274
pilot_v1_r3_mu010,pilot_v1_r0_r3_mu010,R3,"R0 (theta=1, matched mu=0.1)",1.0,0.1,uniform_high,32,8,need_satisfaction,0.9397071890633424,0.9352748245441747,0.004432364519167731
pilot_v1_r3_mu010,pilot_v1_r0_r3_mu010,R3,"R0 (theta=1, matched mu=0.1)",1.0,0.1,uniform_high,32,8,deprivation_rate,0.06040625,0.0648125,-0.0044062499999999935
pilot_v1_r3_mu010,pilot_v1_r0_r3_mu010,R3,"R0 (theta=1, matched mu=0.1)",1.0,0.1,uniform_high,32,8,wealth_gini,0.3787129806469236,0.38459928210415284,-0.005886301457229237
pilot_v1_r3_mu010,pilot_v1_r0_r3_mu010,R3,"R0 (theta=1, matched mu=0.1)",1.0,0.1,uniform_high,32,8,perception_error,0.1266801915322581,0.06142893145161289,0.0652512600806452
pilot_v1_r3_mu010,pilot_v1_r0_r3_mu010,R3,"R0 (theta=1, matched mu=0.1)",1.0,0.1,uniform_high,32,8,visibility_gini,0.2412109375,0.2431640625,-0.001953125
pilot_v1_r3_mu010,pilot_v1_r0_r3_mu010,R3,"R0 (theta=1, matched mu=0.1)",1.0,0.1,uniform_high,32,8,majority_mismatch_rate,0.0030946098251437514,0.004005585027998821,-0.0009109752028550696
pilot_v1_r3_mu010,pilot_v1_r0_r3_mu010,R3,"R0 (theta=1, matched mu=0.1)",1.0,0.1,uniform_high,32,9,resource_fraction,0.31869060673107963,0.32447749555489064,-0.0057868888238110094
pilot_v1_r3_mu010,pilot_v1_r0_r3_mu010,R3,"R0 (theta=1, matched mu=0.1)",1.0,0.1,uniform_high,32,9,reserve_welfare,0.9774037780312443,0.9780036020422703,-0.0005998240110259845
pilot_v1_r3_mu010,pilot_v1_r0_r3_mu010,R3,"R0 (theta=1, matched mu=0.1)",1.0,0.1,uniform_high,32,9,need_satisfaction,0.9871751847983928,0.9887071409262329,-0.0015319561278400728
pilot_v1_r3_mu010,pilot_v1_r0_r3_mu010,R3,"R0 (theta=1, matched mu=0.1)",1.0,0.1,uniform_high,32,9,deprivation_rate,0.01284375,0.01184375,0.0009999999999999992
pilot_v1_r3_mu010,pilot_v1_r0_r3_mu010,R3,"R0 (theta=1, matched mu=0.1)",1.0,0.1,uniform_high,32,9,wealth_gini,0.2565827157361311,0.26204773341148546,-0.0054650176753543445
pilot_v1_r3_mu010,pilot_v1_r0_r3_mu010,R3,"R0 (theta=1, matched mu=0.1)",1.0,0.1,uniform_high,32,9,perception_error,0.14464339717741936,0.12834274193548387,0.016300655241935497
pilot_v1_r3_mu010,pilot_v1_r0_r3_mu010,R3,"R0 (theta=1, matched mu=0.1)",1.0,0.1,uniform_high,32,9,visibility_gini,0.208984375,0.28662109375,-0.07763671875
pilot_v1_r3_mu010,pilot_v1_r0_r3_mu010,R3,"R0 (theta=1, matched mu=0.1)",1.0,0.1,uniform_high,32,9,majority_mismatch_rate,0.024902406137216553,0.0023210687349384937,0.022581337402278058
pilot_v1_r3_mu010,pilot_v1_r0_r3_mu010,R3,"R0 (theta=1, matched mu=0.1)",1.0,0.1,uniform_high,64,0,resource_fraction,0.09175313240558564,0.11992691334360103,-0.028173780938015397
pilot_v1_r3_mu010,pilot_v1_r0_r3_mu010,R3,"R0 (theta=1, matched mu=0.1)",1.0,0.1,uniform_high,64,0,reserve_welfare,0.7881324527314685,0.7932463961470763,-0.00511394341560778
pilot_v1_r3_mu010,pilot_v1_r0_r3_mu010,R3,"R0 (theta=1, matched mu=0.1)",1.0,0.1,uniform_high,64,0,need_satisfaction,0.9151337643725953,0.9118006762271366,0.00333308814545874
pilot_v1_r3_mu010,pilot_v1_r0_r3_mu010,R3,"R0 (theta=1, matched mu=0.1)",1.0,0.1,uniform_high,64,0,deprivation_rate,0.088078125,0.092203125,-0.004125000000000004
pilot_v1_r3_mu010,pilot_v1_r0_r3_mu010,R3,"R0 (theta=1, matched mu=0.1)",1.0,0.1,uniform_high,64,0,wealth_gini,0.382741145000145,0.419066114226905,-0.036324969226759984
pilot_v1_r3_mu010,pilot_v1_r0_r3_mu010,R3,"R0 (theta=1, matched mu=0.1)",1.0,0.1,uniform_high,64,0,perception_error,0.1690225694444444,0.17816071428571428,-0.009138144841269874
pilot_v1_r3_mu010,pilot_v1_r0_r3_mu010,R3,"R0 (theta=1, matched mu=0.1)",1.0,0.1,uniform_high,64,0,visibility_gini,0.2977294921875,0.293212890625,0.0045166015625
pilot_v1_r3_mu010,pilot_v1_r0_r3_mu010,R3,"R0 (theta=1, matched mu=0.1)",1.0,0.1,uniform_high,64,0,majority_mismatch_rate,0.02991589596114189,0.040395194031581996,-0.010479298070440107
pilot_v1_r3_mu010,pilot_v1_r0_r3_mu010,R3,"R0 (theta=1, matched mu=0.1)",1.0,0.1,uniform_high,64,1,resource_fraction,0.1512383404766225,0.12735119782728163,0.02388714264934086
pilot_v1_r3_mu010,pilot_v1_r0_r3_mu010,R3,"R0 (theta=1, matched mu=0.1)",1.0,0.1,uniform_high,64,1,reserve_welfare,0.7557220436709801,0.7819625732572569,-0.026240529586276873
pilot_v1_r3_mu010,pilot_v1_r0_r3_mu010,R3,"R0 (theta=1, matched mu=0.1)",1.0,0.1,uniform_high,64,1,need_satisfaction,0.9000013110681153,0.9160446238105413,-0.016043312742425986
pilot_v1_r3_mu010,pilot_v1_r0_r3_mu010,R3,"R0 (theta=1, matched mu=0.1)",1.0,0.1,uniform_high,64,1,deprivation_rate,0.106546875,0.088546875,0.018000000000000002
pilot_v1_r3_mu010,pilot_v1_r0_r3_mu010,R3,"R0 (theta=1, matched mu=0.1)",1.0,0.1,uniform_high,64,1,wealth_gini,0.5118268011043543,0.48574842851645883,0.02607837258789547
pilot_v1_r3_mu010,pilot_v1_r0_r3_mu010,R3,"R0 (theta=1, matched mu=0.1)",1.0,0.1,uniform_high,64,1,perception_error,0.16445058283730157,0.17909213789682538,-0.014641555059523803
pilot_v1_r3_mu010,pilot_v1_r0_r3_mu010,R3,"R0 (theta=1, matched mu=0.1)",1.0,0.1,uniform_high,64,1,visibility_gini,0.297119140625,0.295654296875,0.00146484375
pilot_v1_r3_mu010,pilot_v1_r0_r3_mu010,R3,"R0 (theta=1, matched mu=0.1)",1.0,0.1,uniform_high,64,1,majority_mismatch_rate,0.1184094893788308,0.11656511404912917,0.0018443753297016363
pilot_v1_r3_mu010,pilot_v1_r0_r3_mu010,R3,"R0 (theta=1, matched mu=0.1)",1.0,0.1,uniform_high,64,2,resource_fraction,0.1106436537744545,0.1437389911454451,-0.033095337370990616
pilot_v1_r3_mu010,pilot_v1_r0_r3_mu010,R3,"R0 (theta=1, matched mu=0.1)",1.0,0.1,uniform_high,64,2,reserve_welfare,0.7635722080622802,0.811681836650947,-0.04810962858866674
pilot_v1_r3_mu010,pilot_v1_r0_r3_mu010,R3,"R0 (theta=1, matched mu=0.1)",1.0,0.1,uniform_high,64,2,need_satisfaction,0.899515991064786,0.9071845092179988,-0.007668518153212789
pilot_v1_r3_mu010,pilot_v1_r0_r3_mu010,R3,"R0 (theta=1, matched mu=0.1)",1.0,0.1,uniform_high,64,2,deprivation_rate,0.102875,0.0941875,0.0086875
pilot_v1_r3_mu010,pilot_v1_r0_r3_mu010,R3,"R0 (theta=1, matched mu=0.1)",1.0,0.1,uniform_high,64,2,wealth_gini,0.417515282155118,0.46622106988048295,-0.048705787725364935
pilot_v1_r3_mu010,pilot_v1_r0_r3_mu010,R3,"R0 (theta=1, matched mu=0.1)",1.0,0.1,uniform_high,64,2,perception_error,0.1541134672619047,0.17740314980158728,-0.023289682539682582
pilot_v1_r3_mu010,pilot_v1_r0_r3_mu010,R3,"R0 (theta=1, matched mu=0.1)",1.0,0.1,uniform_high,64,2,visibility_gini,0.3289794921875,0.2879638671875,0.041015625
pilot_v1_r3_mu010,pilot_v1_r0_r3_mu010,R3,"R0 (theta=1, matched mu=0.1)",1.0,0.1,uniform_high,64,2,majority_mismatch_rate,0.040619830468347135,0.10245102985074653,-0.06183119938239939
pilot_v1_r3_mu010,pilot_v1_r0_r3_mu010,R3,"R0 (theta=1, matched mu=0.1)",1.0,0.1,uniform_high,64,3,resource_fraction,0.09961594010920978,0.10734208529383185,-0.007726145184622071
pilot_v1_r3_mu010,pilot_v1_r0_r3_mu010,R3,"R0 (theta=1, matched mu=0.1)",1.0,0.1,uniform_high,64,3,reserve_welfare,0.772262270726438,0.7651207136083035,0.007141557118134578
pilot_v1_r3_mu010,pilot_v1_r0_r3_mu010,R3,"R0 (theta=1, matched mu=0.1)",1.0,0.1,uniform_high,64,3,need_satisfaction,0.9071234759519317,0.9159806168099708,-0.008857140858039125
pilot_v1_r3_mu010,pilot_v1_r0_r3_mu010,R3,"R0 (theta=1, matched mu=0.1)",1.0,0.1,uniform_high,64,3,deprivation_rate,0.09571875,0.086484375,0.009234375000000003
pilot_v1_r3_mu010,pilot_v1_r0_r3_mu010,R3,"R0 (theta=1, matched mu=0.1)",1.0,0.1,uniform_high,64,3,wealth_gini,0.40965644737421014,0.412699076231841,-0.003042628857630847
pilot_v1_r3_mu010,pilot_v1_r0_r3_mu010,R3,"R0 (theta=1, matched mu=0.1)",1.0,0.1,uniform_high,64,3,perception_error,0.1640722346230159,0.16596521577380957,-0.0018929811507936711
pilot_v1_r3_mu010,pilot_v1_r0_r3_mu010,R3,"R0 (theta=1, matched mu=0.1)",1.0,0.1,uniform_high,64,3,visibility_gini,0.3026123046875,0.260986328125,0.0416259765625
pilot_v1_r3_mu010,pilot_v1_r0_r3_mu010,R3,"R0 (theta=1, matched mu=0.1)",1.0,0.1,uniform_high,64,3,majority_mismatch_rate,0.056493220338687096,0.019686098600201922,0.036807121738485174
pilot_v1_r3_mu010,pilot_v1_r0_r3_mu010,R3,"R0 (theta=1, matched mu=0.1)",1.0,0.1,uniform_high,64,4,resource_fraction,0.13236374215734428,0.11077663737399258,0.0215871047833517
pilot_v1_r3_mu010,pilot_v1_r0_r3_mu010,R3,"R0 (theta=1, matched mu=0.1)",1.0,0.1,uniform_high,64,4,reserve_welfare,0.7628008543090187,0.765702105929632,-0.0029012516206132766
pilot_v1_r3_mu010,pilot_v1_r0_r3_mu010,R3,"R0 (theta=1, matched mu=0.1)",1.0,0.1,uniform_high,64,4,need_satisfaction,0.9171614281004756,0.9254477760853332,-0.008286347984857612
pilot_v1_r3_mu010,pilot_v1_r0_r3_mu010,R3,"R0 (theta=1, matched mu=0.1)",1.0,0.1,uniform_high,64,4,deprivation_rate,0.0910625,0.079,0.012062500000000004
pilot_v1_r3_mu010,pilot_v1_r0_r3_mu010,R3,"R0 (theta=1, matched mu=0.1)",1.0,0.1,uniform_high,64,4,wealth_gini,0.47666129045997296,0.43419823978033256,0.0424630506796404
pilot_v1_r3_mu010,pilot_v1_r0_r3_mu010,R3,"R0 (theta=1, matched mu=0.1)",1.0,0.1,uniform_high,64,4,perception_error,0.1777402033730159,0.1682513020833333,0.009488901289682605
pilot_v1_r3_mu010,pilot_v1_r0_r3_mu010,R3,"R0 (theta=1, matched mu=0.1)",1.0,0.1,uniform_high,64,4,visibility_gini,0.263916015625,0.24951171875,0.014404296875
pilot_v1_r3_mu010,pilot_v1_r0_r3_mu010,R3,"R0 (theta=1, matched mu=0.1)",1.0,0.1,uniform_high,64,4,majority_mismatch_rate,0.0633142998776772,0.040843863908788164,0.022470435968889035
pilot_v1_r3_mu010,pilot_v1_r0_r3_mu010,R3,"R0 (theta=1, matched mu=0.1)",1.0,0.1,uniform_high,64,5,resource_fraction,0.11271993538119435,0.11122663687422094,0.0014932985069734117
pilot_v1_r3_mu010,pilot_v1_r0_r3_mu010,R3,"R0 (theta=1, matched mu=0.1)",1.0,0.1,uniform_high,64,5,reserve_welfare,0.6835853360684673,0.787611567249548,-0.10402623118108068
pilot_v1_r3_mu010,pilot_v1_r0_r3_mu010,R3,"R0 (theta=1, matched mu=0.1)",1.0,0.1,uniform_high,64,5,need_satisfaction,0.8494460187557447,0.9235423864625351,-0.0740963677067904
pilot_v1_r3_mu010,pilot_v1_r0_r3_mu010,R3,"R0 (theta=1, matched mu=0.1)",1.0,0.1,uniform_high,64,5,deprivation_rate,0.15378125,0.07771875,0.0760625
pilot_v1_r3_mu010,pilot_v1_r0_r3_mu010,R3,"R0 (theta=1, matched mu=0.1)",1.0,0.1,uniform_high,64,5,wealth_gini,0.5062195641707925,0.4458383360501468,0.060381228120645725
pilot_v1_r3_mu010,pilot_v1_r0_r3_mu010,R3,"R0 (theta=1, matched mu=0.1)",1.0,0.1,uniform_high,64,5,perception_error,0.16960447668650794,0.14320535714285715,0.02639911954365079
pilot_v1_r3_mu010,pilot_v1_r0_r3_mu010,R3,"R0 (theta=1, matched mu=0.1)",1.0,0.1,uniform_high,64,5,visibility_gini,0.2933349609375,0.2236328125,0.0697021484375
pilot_v1_r3_mu010,pilot_v1_r0_r3_mu010,R3,"R0 (theta=1, matched mu=0.1)",1.0,0.1,uniform_high,64,5,majority_mismatch_rate,0.027102485466681238,0.0017794653322390063,0.02532302013444223
pilot_v1_r3_mu010,pilot_v1_r0_r3_mu010,R3,"R0 (theta=1, matched mu=0.1)",1.0,0.1,uniform_high,64,6,resource_fraction,0.10821873059152474,0.0927772886876221,0.015441441903902647
pilot_v1_r3_mu010,pilot_v1_r0_r3_mu010,R3,"R0 (theta=1, matched mu=0.1)",1.0,0.1,uniform_high,64,6,reserve_welfare,0.6987278846320346,0.6634159688008068,0.035311915831227836
pilot_v1_r3_mu010,pilot_v1_r0_r3_mu010,R3,"R0 (theta=1, matched mu=0.1)",1.0,0.1,uniform_high,64,6,need_satisfaction,0.8789410916444073,0.8580681268047949,0.020872964839612318
pilot_v1_r3_mu010,pilot_v1_r0_r3_mu010,R3,"R0 (theta=1, matched mu=0.1)",1.0,0.1,uniform_high,64,6,deprivation_rate,0.127078125,0.1465625,-0.019484375000000026
pilot_v1_r3_mu010,pilot_v1_r0_r3_mu010,R3,"R0 (theta=1, matched mu=0.1)",1.0,0.1,uniform_high,64,6,wealth_gini,0.46334665510028405,0.4673544106004226,-0.004007755500138543
pilot_v1_r3_mu010,pilot_v1_r0_r3_mu010,R3,"R0 (theta=1, matched mu=0.1)",1.0,0.1,uniform_high,64,6,perception_error,0.19390407986111113,0.20459895833333336,-0.010694878472222225
pilot_v1_r3_mu010,pilot_v1_r0_r3_mu010,R3,"R0 (theta=1, matched mu=0.1)",1.0,0.1,uniform_high,64,6,visibility_gini,0.2666015625,0.2821044921875,-0.0155029296875
pilot_v1_r3_mu010,pilot_v1_r0_r3_mu010,R3,"R0 (theta=1, matched mu=0.1)",1.0,0.1,uniform_high,64,6,majority_mismatch_rate,0.13643227364305494,0.26126536873358613,-0.1248330950905312
pilot_v1_r3_mu010,pilot_v1_r0_r3_mu010,R3,"R0 (theta=1, matched mu=0.1)",1.0,0.1,uniform_high,64,7,resource_fraction,0.15367107198617413,0.12094779861224285,0.032723273373931286
pilot_v1_r3_mu010,pilot_v1_r0_r3_mu010,R3,"R0 (theta=1, matched mu=0.1)",1.0,0.1,uniform_high,64,7,reserve_welfare,0.8288942770195463,0.73089439244296,0.09799988457658637
pilot_v1_r3_mu010,pilot_v1_r0_r3_mu010,R3,"R0 (theta=1, matched mu=0.1)",1.0,0.1,uniform_high,64,7,need_satisfaction,0.9342198354810056,0.8860327450838363,0.048187090397169285
pilot_v1_r3_mu010,pilot_v1_r0_r3_mu010,R3,"R0 (theta=1, matched mu=0.1)",1.0,0.1,uniform_high,64,7,deprivation_rate,0.07209375,0.120796875,-0.048703125
pilot_v1_r3_mu010,pilot_v1_r0_r3_mu010,R3,"R0 (theta=1, matched mu=0.1)",1.0,0.1,uniform_high,64,7,wealth_gini,0.4487652572787617,0.5118001798504674,-0.06303492257170573
pilot_v1_r3_mu010,pilot_v1_r0_r3_mu010,R3,"R0 (theta=1, matched mu=0.1)",1.0,0.1,uniform_high,64,7,perception_error,0.16568340773809523,0.14573313492063494,0.019950272817460285
pilot_v1_r3_mu010,pilot_v1_r0_r3_mu010,R3,"R0 (theta=1, matched mu=0.1)",1.0,0.1,uniform_high,64,7,visibility_gini,0.2476806640625,0.256591796875,-0.0089111328125
pilot_v1_r3_mu010,pilot_v1_r0_r3_mu010,R3,"R0 (theta=1, matched mu=0.1)",1.0,0.1,uniform_high,64,7,majority_mismatch_rate,0.02067161294714296,0.0015271414897382075,0.019144471457404753
pilot_v1_r3_mu010,pilot_v1_r0_r3_mu010,R3,"R0 (theta=1, matched mu=0.1)",1.0,0.1,uniform_high,64,8,resource_fraction,0.137326607979023,0.1274701192828392,0.009856488696183802
pilot_v1_r3_mu010,pilot_v1_r0_r3_mu010,R3,"R0 (theta=1, matched mu=0.1)",1.0,0.1,uniform_high,64,8,reserve_welfare,0.761941100778014,0.8083904246785314,-0.04644932390051737
pilot_v1_r3_mu010,pilot_v1_r0_r3_mu010,R3,"R0 (theta=1, matched mu=0.1)",1.0,0.1,uniform_high,64,8,need_satisfaction,0.8869420408931347,0.9346069013410048,-0.047664860447870105
pilot_v1_r3_mu010,pilot_v1_r0_r3_mu010,R3,"R0 (theta=1, matched mu=0.1)",1.0,0.1,uniform_high,64,8,deprivation_rate,0.116875,0.0688125,0.04806250000000001
pilot_v1_r3_mu010,pilot_v1_r0_r3_mu010,R3,"R0 (theta=1, matched mu=0.1)",1.0,0.1,uniform_high,64,8,wealth_gini,0.47318258228794674,0.43860456195142206,0.034578020336524684
pilot_v1_r3_mu010,pilot_v1_r0_r3_mu010,R3,"R0 (theta=1, matched mu=0.1)",1.0,0.1,uniform_high,64,8,perception_error,0.19965376984126984,0.20975465029761903,-0.010100880456349187
pilot_v1_r3_mu010,pilot_v1_r0_r3_mu010,R3,"R0 (theta=1, matched mu=0.1)",1.0,0.1,uniform_high,64,8,visibility_gini,0.258056640625,0.26171875,-0.003662109375
pilot_v1_r3_mu010,pilot_v1_r0_r3_mu010,R3,"R0 (theta=1, matched mu=0.1)",1.0,0.1,uniform_high,64,8,majority_mismatch_rate,0.3227075127405565,0.5853467780687464,-0.2626392653281899
pilot_v1_r3_mu010,pilot_v1_r0_r3_mu010,R3,"R0 (theta=1, matched mu=0.1)",1.0,0.1,uniform_high,64,9,resource_fraction,0.08762726601318704,0.07594201750830959,0.011685248504877455
pilot_v1_r3_mu010,pilot_v1_r0_r3_mu010,R3,"R0 (theta=1, matched mu=0.1)",1.0,0.1,uniform_high,64,9,reserve_welfare,0.7662356330580797,0.7292013821287766,0.037034250929303125
pilot_v1_r3_mu010,pilot_v1_r0_r3_mu010,R3,"R0 (theta=1, matched mu=0.1)",1.0,0.1,uniform_high,64,9,need_satisfaction,0.9144830433365885,0.8948711194879304,0.019611923848658064
pilot_v1_r3_mu010,pilot_v1_r0_r3_mu010,R3,"R0 (theta=1, matched mu=0.1)",1.0,0.1,uniform_high,64,9,deprivation_rate,0.0895625,0.111828125,-0.022265624999999997
pilot_v1_r3_mu010,pilot_v1_r0_r3_mu010,R3,"R0 (theta=1, matched mu=0.1)",1.0,0.1,uniform_high,64,9,wealth_gini,0.39953181783141845,0.3966454152876948,0.002886402543723632
pilot_v1_r3_mu010,pilot_v1_r0_r3_mu010,R3,"R0 (theta=1, matched mu=0.1)",1.0,0.1,uniform_high,64,9,perception_error,0.15658314732142856,0.14988405257936505,0.0066990947420635105
pilot_v1_r3_mu010,pilot_v1_r0_r3_mu010,R3,"R0 (theta=1, matched mu=0.1)",1.0,0.1,uniform_high,64,9,visibility_gini,0.27392578125,0.2689208984375,0.0050048828125
pilot_v1_r3_mu010,pilot_v1_r0_r3_mu010,R3,"R0 (theta=1, matched mu=0.1)",1.0,0.1,uniform_high,64,9,majority_mismatch_rate,0.06861531424216008,0.002988669281633682,0.06562664496052639
