run_id,analysis_label,treatment,rewire_theta,rewire_mu,scenario,population,replicate,training_time,training_resource_fraction,training_wealth_gini,training_visibility_gini,training_perception_error,training_degree_action_correlation,mean_edge_turnover,sum_edge_turnover,cumulative_rewires,eval_mean_resource_fraction,eval_final_resource_fraction
pilot_v1_b0,B0,B0,0.25,0.1,uniform_high,32,0,5000,0.2670845240742425,0.31834164704387136,nan,nan,nan,nan,nan,0,0.28266078877391615,0.2666221143569531
pilot_v1_b0,B0,B0,0.25,0.1,uniform_high,64,0,5000,0.03310948268680785,0.5285579218288599,nan,nan,nan,nan,nan,0,0.09346374851927214,0.067153133907055
pilot_v1_b0,B0,B0,0.25,0.1,patchy_high,32,0,5000,0.28510553342393935,0.33212984163015125,nan,nan,nan,nan,nan,0,0.2995070494769271,0.2843691012385592
pilot_v1_b0,B0,B0,0.25,0.1,patchy_high,64,0,5000,0.03378949950532049,0.5278318060835079,nan,nan,nan,nan,nan,0,0.09160989913715453,0.05689498730465463
pilot_v1_b0,B0,B0,0.25,0.1,split_high_low,32,0,5000,0.36674131631245244,0.5137611532385491,nan,nan,nan,nan,nan,0,0.3717476416706625,0.36554726302170626
pilot_v1_b0,B0,B0,0.25,0.1,split_high_low,64,0,5000,0.07093534747495035,0.6357023639087436,nan,nan,nan,nan,nan,0,0.08960238932731585,0.07090846900078522
pilot_v1_b0,B0,B0,0.25,0.1,uniform_high,32,1,5000,0.3022858377194295,0.4319973095786269,nan,nan,nan,nan,nan,0,0.31822226990249386,0.30187556083392025
pilot_v1_b0,B0,B0,0.25,0.1,uniform_high,64,1,5000,0.04112282636259623,0.6545994427677848,nan,nan,nan,nan,nan,0,0.16243875722493265,0.14412512800804925
pilot_v1_b0,B0,B0,0.25,0.1,patchy_high,32,1,5000,0.3206102237540358,0.4059943025216506,nan,nan,nan,nan,nan,0,0.33204893159114357,0.3198251637478557
pilot_v1_b0,B0,B0,0.25,0.1,patchy_high,64,1,5000,0.04109112635862757,0.6439950090729434,nan,nan,nan,nan,nan,0,0.1304869023985105,0.10927726318534864
pilot_v1_b0,B0,B0,0.25,0.1,split_high_low,32,1,5000,0.3162898826259295,0.54976730362218,nan,nan,nan,nan,nan,0,0.328814694581383,0.31491483601676135
pilot_v1_b0,B0,B0,0.25,0.1,split_high_low,64,1,5000,0.0947775858608804,0.7188716320503958,nan,nan,nan,nan,nan,0,0.10927730919716824,0.09485231418189853
pilot_v1_b0,B0,B0,0.25,0.1,uniform_high,32,2,5000,0.22473938264004206,0.2996480900840306,nan,nan,nan,nan,nan,0,0.24247131229024943,0.2244991809246104
pilot_v1_b0,B0,B0,0.25,0.1,uniform_high,64,2,5000,0.06844132506833572,0.5783174856058788,nan,nan,nan,nan,nan,0,0.13754475863815585,0.11311379209375126
pilot_v1_b0,B0,B0,0.25,0.1,patchy_high,32,2,5000,0.22500741119038772,0.29086816660001236,nan,nan,nan,nan,nan,0,0.2430984383140946,0.22481106866919084
pilot_v1_b0,B0,B0,0.25,0.1,patchy_high,64,2,5000,0.06895887306759754,0.5805819615739309,nan,nan,nan,nan,nan,0,0.12044441643524076,0.09344652590123387
pilot_v1_b0,B0,B0,0.25,0.1,split_high_low,32,2,5000,0.265773885744125,0.49275748795467966,nan,nan,nan,nan,nan,0,0.2794671780187672,0.2653185857261505
pilot_v1_b0,B0,B0,0.25,0.1,split_high_low,64,2,5000,0.076696735628177,0.6947283417511461,nan,nan,nan,nan,nan,0,0.09850585852067607,0.07929965517844882
pilot_v1_b0,B0,B0,0.25,0.1,uniform_high,32,3,5000,0.17991760426087997,0.27827189067371205,nan,nan,nan,nan,nan,0,0.20436742402425392,0.1798030353461363
pilot_v1_b0,B0,B0,0.25,0.1,uniform_high,64,3,5000,0.04836516376148075,0.5416252469827889,nan,nan,nan,nan,nan,0,0.07145145109670684,0.04876841336209853
pilot_v1_b0,B0,B0,0.25,0.1,patchy_high,32,3,5000,0.17973911894563974,0.25017628439103134,nan,nan,nan,nan,nan,0,0.2050655234538581,0.17980442476610267
pilot_v1_b0,B0,B0,0.25,0.1,patchy_high,64,3,5000,0.04921666869601386,0.546604039136674,nan,nan,nan,nan,nan,0,0.0726404416355315,0.04961594243847176
pilot_v1_b0,B0,B0,0.25,0.1,split_high_low,32,3,5000,0.27154548045356447,0.4844668482802683,nan,nan,nan,nan,nan,0,0.28150871811766515,0.26956105408836395
pilot_v1_b0,B0,B0,0.25,0.1,split_high_low,64,3,5000,0.07567753281651524,0.7219291870320927,nan,nan,nan,nan,nan,0,0.10527040063442732,0.08755829584176862
pilot_v1_b0,B0,B0,0.25,0.1,uniform_high,32,4,5000,0.22085830490981778,0.39038786929515457,nan,nan,nan,nan,nan,0,0.2587348776383259,0.23943187902095286
pilot_v1_b0,B0,B0,0.25,0.1,uniform_high,64,4,5000,0.0739050999068064,0.588470378006978,nan,nan,nan,nan,nan,0,0.11612309554711377,0.09564275467135323
pilot_v1_b0,B0,B0,0.25,0.1,patchy_high,32,4,5000,0.21691957928175867,0.3784457410639528,nan,nan,nan,nan,nan,0,0.2555449142348272,0.23594335716028195
pilot_v1_b0,B0,B0,0.25,0.1,patchy_high,64,4,5000,0.0732760848550802,0.5711208016857414,nan,nan,nan,nan,nan,0,0.10400530890466499,0.080299173993587
pilot_v1_b0,B0,B0,0.25,0.1,split_high_low,32,4,5000,0.22911715145320422,0.4393775558279853,nan,nan,nan,nan,nan,0,0.24766393708563597,0.2290028893642191
pilot_v1_b0,B0,B0,0.25,0.1,split_high_low,64,4,5000,0.06417251482813471,0.6396859154733376,nan,nan,nan,nan,nan,0,0.08353032721077247,0.06424702736119334
pilot_v1_b0,B0,B0,0.25,0.1,uniform_high,32,5,5000,0.25956763939220534,0.3642177961945614,nan,nan,nan,nan,nan,0,0.2760293958512152,0.2581091953110111
pilot_v1_b0,B0,B0,0.25,0.1,uniform_high,64,5,5000,0.07736176863536257,0.6267939832314009,nan,nan,nan,nan,nan,0,0.1509030508751294,0.1363192329028711
pilot_v1_b0,B0,B0,0.25,0.1,patchy_high,32,5,5000,0.2542490945805235,0.35867454109975627,nan,nan,nan,nan,nan,0,0.2710843193023096,0.2533851618562988
pilot_v1_b0,B0,B0,0.25,0.1,patchy_high,64,5,5000,0.07784783336032111,0.6158588563906255,nan,nan,nan,nan,nan,0,0.11650867334691987,0.07931529758716946
pilot_v1_b0,B0,B0,0.25,0.1,split_high_low,32,5,5000,0.26449595422162375,0.4566878905541809,nan,nan,nan,nan,nan,0,0.2860414990800119,0.26556830992745195
pilot_v1_b0,B0,B0,0.25,0.1,split_high_low,64,5,5000,0.13482703269824514,0.6959408117697392,nan,nan,nan,nan,nan,0,0.1492722388767786,0.1369050479797714
pilot_v1_b0,B0,B0,0.25,0.1,uniform_high,32,6,5000,0.28148765841458023,0.4326697563284736,nan,nan,nan,nan,nan,0,0.29486898996705435,0.28057868108760686
pilot_v1_b0,B0,B0,0.25,0.1,uniform_high,64,6,5000,0.04955694063514799,0.6628706410587146,nan,nan,nan,nan,nan,0,0.13020549123159633,0.1114151656554538
pilot_v1_b0,B0,B0,0.25,0.1,patchy_high,32,6,5000,0.2815726352924644,0.4212079160361224,nan,nan,nan,nan,nan,0,0.2956019993241062,0.28020516751816105
pilot_v1_b0,B0,B0,0.25,0.1,patchy_high,64,6,5000,0.04816416519753932,0.6446545262062531,nan,nan,nan,nan,nan,0,0.1149340260773702,0.09357599688179345
pilot_v1_b0,B0,B0,0.25,0.1,split_high_low,32,6,5000,0.2325820683631271,0.4249219176363428,nan,nan,nan,nan,nan,0,0.2497823440305361,0.23255835921702886
pilot_v1_b0,B0,B0,0.25,0.1,split_high_low,64,6,5000,0.031791759803342395,0.7206550279593393,nan,nan,nan,nan,nan,0,0.10677257113531212,0.08248292125114932
pilot_v1_b0,B0,B0,0.25,0.1,uniform_high,32,7,5000,0.25058720409469204,0.3068632249137788,nan,nan,nan,nan,nan,0,0.26874129249126577,0.2503088972594053
pilot_v1_b0,B0,B0,0.25,0.1,uniform_high,64,7,5000,0.0910451336364191,0.6395969905403704,nan,nan,nan,nan,nan,0,0.1205811937020996,0.0915351577907394
pilot_v1_b0,B0,B0,0.25,0.1,patchy_high,32,7,5000,0.2536626382947312,0.3202886340268396,nan,nan,nan,nan,nan,0,0.27259613395019117,0.2533319410626061
pilot_v1_b0,B0,B0,0.25,0.1,patchy_high,64,7,5000,0.09174442846686277,0.6353025831499952,nan,nan,nan,nan,nan,0,0.11626287474939594,0.09378468076566725
pilot_v1_b0,B0,B0,0.25,0.1,split_high_low,32,7,5000,0.2825978978419139,0.5106349330830395,nan,nan,nan,nan,nan,0,0.31920797455568684,0.30601400500064113
pilot_v1_b0,B0,B0,0.25,0.1,split_high_low,64,7,5000,0.15757011403541088,0.7182549337235511,nan,nan,nan,nan,nan,0,0.16909497415774974,0.15661702032398248
pilot_v1_b0,B0,B0,0.25,0.1,uniform_high,32,8,5000,0.238699433027388,0.4180525888079314,nan,nan,nan,nan,nan,0,0.286393176479694,0.26854217305555705
pilot_v1_b0,B0,B0,0.25,0.1,uniform_high,64,8,5000,0.03987337589450646,0.7470190084846318,nan,nan,nan,nan,nan,0,0.10238258466589564,0.06324804243309798
pilot_v1_b0,B0,B0,0.25,0.1,patchy_high,32,8,5000,0.24291317399716486,0.40490666420328925,nan,nan,nan,nan,nan,0,0.2598393833017616,0.24184960080588572
pilot_v1_b0,B0,B0,0.25,0.1,patchy_high,64,8,5000,0.04098150232253404,0.7679732304588709,nan,nan,nan,nan,nan,0,0.1424722691370382,0.11869605865264475
pilot_v1_b0,B0,B0,0.25,0.1,split_high_low,32,8,5000,0.2932399611296776,0.5263798644846469,nan,nan,nan,nan,nan,0,0.30606101963501864,0.29203053409203117
pilot_v1_b0,B0,B0,0.25,0.1,split_high_low,64,8,5000,0.07847422605921996,0.7715211391546435,nan,nan,nan,nan,nan,0,0.09657243729309929,0.08152458001321967
pilot_v1_b0,B0,B0,0.25,0.1,uniform_high,32,9,5000,0.25808149820565474,0.31044597521435446,nan,nan,nan,nan,nan,0,0.2815270827654432,0.26756057449422893
pilot_v1_b0,B0,B0,0.25,0.1,uniform_high,64,9,5000,0.04908490784234829,0.4993603976607264,nan,nan,nan,nan,nan,0,0.08815061696105879,0.06480793671953951
pilot_v1_b0,B0,B0,0.25,0.1,patchy_high,32,9,5000,0.26472985491299783,0.30752579964552473,nan,nan,nan,nan,nan,0,0.2876530370507577,0.2729514262502432
pilot_v1_b0,B0,B0,0.25,0.1,patchy_high,64,9,5000,0.04960780652718071,0.4987677464901519,nan,nan,nan,nan,nan,0,0.07669932933897107,0.05153101811192932
pilot_v1_b0,B0,B0,0.25,0.1,split_high_low,32,9,5000,0.20644653467479127,0.3860770001735596,nan,nan,nan,nan,nan,0,0.2517331499415871,0.22830763519305436
pilot_v1_b0,B0,B0,0.25,0.1,split_high_low,64,9,5000,0.08626621471146016,0.6073598608011517,nan,nan,nan,nan,nan,0,0.11017011741815635,0.09407588050495228
pilot_v1_s1,S1,S1,0.25,0.1,uniform_high,32,0,5000,0.28108638107720746,0.32301807403196636,0.21337890625,0.09122983870967741,0.16979054399120355,0.0,0.0,0,0.3069049188271479,0.29297845816937257
pilot_v1_s1,S1,S1,0.25,0.1,uniform_high,64,0,5000,0.03314762383687712,0.5287076427385573,0.2823486328125,0.1568080357142857,-0.050515682028272155,0.0,0.0,0,0.083838332086515,0.04701138875181057
pilot_v1_s1,S1,S1,0.25,0.1,patchy_high,32,0,5000,0.2966225304072717,0.3186973190223754,0.21337890625,0.0889616935483871,0.08489527199560178,0.0,0.0,0,0.32585100710352616,0.314241866429224
pilot_v1_s1,S1,S1,0.25,0.1,patchy_high,64,0,5000,0.03379012975307735,0.5251927262567315,0.2823486328125,0.14310515873015872,-0.03553345272593507,0.0,0.0,0,0.06644927227906479,0.03425946721475398
pilot_v1_s1,S1,S1,0.25,0.1,split_high_low,32,0,5000,0.3759187071573389,0.505241955749473,0.21337890625,0.15524193548387097,0.0,0.0,0.0,0,0.38084101333417936,0.3755312873020303
pilot_v1_s1,S1,S1,0.25,0.1,split_high_low,64,0,5000,0.08097201371089914,0.6256478803897234,0.2823486328125,0.14589533730158732,0.18352543224830542,0.0,0.0,0,0.10791186849013204,0.0838631977446719
pilot_v1_s1,S1,S1,0.25,0.1,uniform_high,32,1,5000,0.31557226311845765,0.4271739322615742,0.23046875,0.0,nan,0.0,0.0,0,0.332007045396782,0.31524024684575
pilot_v1_s1,S1,S1,0.25,0.1,uniform_high,64,1,5000,0.04128488733551814,0.6569760011437067,0.2880859375,0.1724330357142857,-0.017160587235046418,0.0,0.0,0,0.1379772082861909,0.11144305361381131
pilot_v1_s1,S1,S1,0.25,0.1,patchy_high,32,1,5000,0.32052668741369006,0.40598597940183456,0.23046875,0.0486391129032258,0.10592542826647519,0.0,0.0,0,0.333837622889586,0.3198314868637681
pilot_v1_s1,S1,S1,0.25,0.1,patchy_high,64,1,5000,0.04114312474034632,0.6394380689306167,0.2880859375,0.19308035714285715,0.03191534511615645,0.0,0.0,0,0.11784434215988226,0.08130862433925498
pilot_v1_s1,S1,S1,0.25,0.1,split_high_low,32,1,5000,0.3116933094925615,0.5473554984197837,0.23046875,0.0,nan,0.0,0.0,0,0.35247316966148035,0.3429986679651369
pilot_v1_s1,S1,S1,0.25,0.1,split_high_low,64,1,5000,0.11882293879372119,0.7001399104903969,0.2880859375,0.15873015873015872,-0.14002800840280097,0.0,0.0,0,0.13913124451976744,0.12614275676556935
pilot_v1_s1,S1,S1,0.25,0.1,uniform_high,32,2,5000,0.2246791122017513,0.2974730019618661,0.2978515625,0.0,nan,0.0,0.0,0,0.24278194801717473,0.22449918605835958
pilot_v1_s1,S1,S1,0.25,0.1,uniform_high,64,2,5000,0.06845978624189192,0.5783115327205322,0.2679443359375,0.17497519841269843,-0.0361950193198602,0.0,0.0,0,0.11071087369386881,0.07001296326095537
pilot_v1_s1,S1,S1,0.25,0.1,patchy_high,32,2,5000,0.22496269749568565,0.2934964481796485,0.2978515625,0.0,nan,0.0,0.0,0,0.24852259211170394,0.2248127970235387
pilot_v1_s1,S1,S1,0.25,0.1,patchy_high,64,2,5000,0.06902689776572597,0.578416094360731,0.2679443359375,0.1617063492063492,-0.16677527969003325,0.0,0.0,0,0.15767395011472757,0.13751924131305748
pilot_v1_s1,S1,S1,0.25,0.1,split_high_low,32,2,5000,0.2658226125273439,0.4859386596724211,0.2978515625,0.08518145161290322,0.1217161238900369,0.0,0.0,0,0.2783752885437874,0.26537205076637355
pilot_v1_s1,S1,S1,0.25,0.1,split_high_low,64,2,5000,0.08627486695699497,0.7007330233628448,0.2679443359375,0.17509920634920634,0.0,0.0,0.0,0,0.1178478133913354,0.09425677126828287
pilot_v1_s1,S1,S1,0.25,0.1,uniform_high,32,3,5000,0.1798366288893853,0.2682892327638631,0.287109375,0.0,nan,0.0,0.0,0,0.23171292754766998,0.19992525654600019
pilot_v1_s1,S1,S1,0.25,0.1,uniform_high,64,3,5000,0.048379416289023876,0.539698255537951,0.265625,0.15463789682539683,-0.04501063853705185,0.0,0.0,0,0.08405153397369544,0.0549424693584227
pilot_v1_s1,S1,S1,0.25,0.1,patchy_high,32,3,5000,0.17967577061845896,0.25588977678760005,0.287109375,0.0,nan,0.0,0.0,0,0.2087844295492282,0.17980669566927301
pilot_v1_s1,S1,S1,0.25,0.1,patchy_high,64,3,5000,0.049285036411728225,0.5489095773834849,0.265625,0.14403521825396826,-0.09645136829368253,0.0,0.0,0,0.13186673569789917,0.10745038630224273
pilot_v1_s1,S1,S1,0.25,0.1,split_high_low,32,3,5000,0.28427106942792685,0.4695944943132897,0.287109375,0.16154233870967744,-0.2966328055430732,0.0,0.0,0,0.31275213233052684,0.3017479292139386
pilot_v1_s1,S1,S1,0.25,0.1,split_high_low,64,3,5000,0.07564062900915695,0.7262793132438403,0.265625,0.19866071428571427,0.03525905902319634,0.0,0.0,0,0.12297721601478113,0.10709404762112493
pilot_v1_s1,S1,S1,0.25,0.1,uniform_high,32,4,5000,0.2213357474685755,0.37551295085713843,0.16455078125,0.13634072580645162,0.35892126803877705,0.0,0.0,0,0.24711826330184505,0.2204709340047761
pilot_v1_s1,S1,S1,0.25,0.1,uniform_high,64,4,5000,0.07425450485190356,0.5821617334211069,0.2669677734375,0.19549851190476192,-0.017353620003765318,0.0,0.0,0,0.12982084656735177,0.09514485992671158
pilot_v1_s1,S1,S1,0.25,0.1,patchy_high,32,4,5000,0.2170896322159284,0.3773259169483201,0.16455078125,0.1297883064516129,0.2153527608232662,0.0,0.0,0,0.23982503550701018,0.21644530128921816
pilot_v1_s1,S1,S1,0.25,0.1,patchy_high,64,4,5000,0.07340440422022054,0.5685294487002475,0.2669677734375,0.17100694444444442,-0.1945729213162854,0.0,0.0,0,0.10533168437271541,0.07401433871862595
pilot_v1_s1,S1,S1,0.25,0.1,split_high_low,32,4,5000,0.20856638398970656,0.4535582041584991,0.16455078125,0.1383568548387097,0.3152441624956403,0.0,0.0,0,0.25004559286946065,0.2280320006280433
pilot_v1_s1,S1,S1,0.25,0.1,split_high_low,64,4,5000,0.06423937774734804,0.644825434747776,0.2669677734375,0.19593253968253968,0.17025130615174972,0.0,0.0,0,0.0887637575088807,0.06424604652006244
pilot_v1_s1,S1,S1,0.25,0.1,uniform_high,32,5,5000,0.2676472026231394,0.34556484558589884,0.27197265625,0.09274193548387097,0.0,0.0,0.0,0,0.28422101257771865,0.2663273225089213
pilot_v1_s1,S1,S1,0.25,0.1,uniform_high,64,5,5000,0.09262736128112818,0.6268779581408843,0.2606201171875,0.14006696428571427,-0.17437145811572893,0.0,0.0,0,0.11818464687739766,0.09253100091424693
pilot_v1_s1,S1,S1,0.25,0.1,patchy_high,32,5,5000,0.26534163597743615,0.33505347049222456,0.27197265625,0.12852822580645162,-0.09376144618769909,0.0,0.0,0,0.28260079322588444,0.2637590870274769
pilot_v1_s1,S1,S1,0.25,0.1,patchy_high,64,5,5000,0.07792526229658503,0.6148016593717032,0.2606201171875,0.19425843253968253,-0.05812381937190965,0.0,0.0,0,0.13588326694511574,0.10558074068736772
pilot_v1_s1,S1,S1,0.25,0.1,split_high_low,32,5,5000,0.27646810872653294,0.4575419715073872,0.27197265625,0.1731350806451613,-0.4482925200969555,0.0,0.0,0,0.30758112813124266,0.2876050066688679
pilot_v1_s1,S1,S1,0.25,0.1,split_high_low,64,5,5000,0.13498206256883447,0.6924311077355914,0.2606201171875,0.17894345238095238,-0.04298839201461073,0.0,0.0,0,0.15133667216184796,0.13824931059069243
pilot_v1_s1,S1,S1,0.25,0.1,uniform_high,32,6,5000,0.28156837327212325,0.41087147713386574,0.25927734375,0.042842741935483875,0.19552948669513767,0.0,0.0,0,0.3182454186899183,0.3003237687265749
pilot_v1_s1,S1,S1,0.25,0.1,uniform_high,64,6,5000,0.04962974178398155,0.6688549617770532,0.2545166015625,0.17199900793650794,-0.06857076385806196,0.0,0.0,0,0.12230969523571295,0.10204980914895188
pilot_v1_s1,S1,S1,0.25,0.1,patchy_high,32,6,5000,0.29843891976020703,0.40312141565904813,0.25927734375,0.08921370967741934,0.14054567378526128,0.0,0.0,0,0.3143919666303505,0.294634588312431
pilot_v1_s1,S1,S1,0.25,0.1,patchy_high,64,6,5000,0.048309428796162034,0.6490947592422147,0.2545166015625,0.15432787698412698,-0.058654641525433135,0.0,0.0,0,0.08836332434114519,0.048819609713146965
pilot_v1_s1,S1,S1,0.25,0.1,split_high_low,32,6,5000,0.2331187702654683,0.3793580726383814,0.25927734375,0.13432459677419356,0.25717224993681986,0.0,0.0,0,0.31393368671602495,0.29239936046517667
pilot_v1_s1,S1,S1,0.25,0.1,split_high_low,64,6,5000,0.056053888706902255,0.7130906055542248,0.2545166015625,0.19215029761904762,0.017644359336211123,0.0,0.0,0,0.08113154955261513,0.059344093256871094
pilot_v1_s1,S1,S1,0.25,0.1,uniform_high,32,7,5000,0.250806340354836,0.3187693741075046,0.22900390625,0.054435483870967735,0.0,0.0,0.0,0,0.2705331539146034,0.2503089867441584
pilot_v1_s1,S1,S1,0.25,0.1,uniform_high,64,7,5000,0.09125046452307288,0.6397596525817169,0.28857421875,0.16722470238095238,0.018333969940564222,0.0,0.0,0,0.11704973091648216,0.09156862269050883
pilot_v1_s1,S1,S1,0.25,0.1,patchy_high,32,7,5000,0.2750603669533512,0.2990845709414285,0.22900390625,0.054435483870967735,0.0,0.0,0.0,0,0.32209357554207735,0.30529942166668794
pilot_v1_s1,S1,S1,0.25,0.1,patchy_high,64,7,5000,0.09227391181025928,0.6326188927910246,0.28857421875,0.15110367063492064,-0.05651581899003075,0.0,0.0,0,0.11940710355588519,0.09370209948707604
pilot_v1_s1,S1,S1,0.25,0.1,split_high_low,32,7,5000,0.3121946631234864,0.4901715432153564,0.22900390625,0.16683467741935484,-0.1049998974610877,0.0,0.0,0,0.3265455688120522,0.3147326312893984
pilot_v1_s1,S1,S1,0.25,0.1,split_high_low,64,7,5000,0.15931458882583738,0.726374144269128,0.28857421875,0.15209573412698413,0.10044799257822758,0.0,0.0,0,0.1806315402601082,0.1681331137988432
pilot_v1_s1,S1,S1,0.25,0.1,uniform_high,32,8,5000,0.24295685010155793,0.39490851692268447,0.29931640625,0.11189516129032258,-0.22951012421969877,0.0,0.0,0,0.26485256277934116,0.23747742190803367
pilot_v1_s1,S1,S1,0.25,0.1,uniform_high,64,8,5000,0.03986973496129676,0.7426378696312201,0.262939453125,0.1722470238095238,0.12807943388114781,0.0,0.0,0,0.09873084793767047,0.06520541842513791
pilot_v1_s1,S1,S1,0.25,0.1,patchy_high,32,8,5000,0.24344738700321714,0.40332467910019076,0.29931640625,0.12651209677419356,-0.09529889198558177,0.0,0.0,0,0.3009632176268209,0.2787694052474072
pilot_v1_s1,S1,S1,0.25,0.1,patchy_high,64,8,5000,0.04097672682090131,0.7617101807291489,0.262939453125,0.16734871031746035,0.11206950464600433,0.0,0.0,0,0.10288616220132528,0.06470612987540045
pilot_v1_s1,S1,S1,0.25,0.1,split_high_low,32,8,5000,0.31737688713367224,0.5064704493037819,0.29931640625,0.1459173387096774,0.09267307291425547,0.0,0.0,0,0.3670594228629223,0.35800061199666666
pilot_v1_s1,S1,S1,0.25,0.1,split_high_low,64,8,5000,0.09142377281871074,0.7500463234438188,0.262939453125,0.22030009920634921,0.016065423090395995,0.0,0.0,0,0.1170228138240186,0.09923878325832573
pilot_v1_s1,S1,S1,0.25,0.1,uniform_high,32,9,5000,0.29878955383478745,0.29457439093292637,0.24462890625,0.14264112903225806,-0.08882311833686551,0.0,0.0,0,0.31147076064182455,0.2990131732254507
pilot_v1_s1,S1,S1,0.25,0.1,uniform_high,64,9,5000,0.04910369823308306,0.49779958382224554,0.2685546875,0.15215773809523808,-0.04207846269986292,0.0,0.0,0,0.08159079382103497,0.050314960121725184
pilot_v1_s1,S1,S1,0.25,0.1,patchy_high,32,9,5000,0.29173363918035505,0.2921822712224833,0.24462890625,0.12474798387096775,-0.05947010334500527,0.0,0.0,0,0.3159424981374127,0.3038542902195985
pilot_v1_s1,S1,S1,0.25,0.1,patchy_high,64,9,5000,0.04965918667134938,0.49448240041232894,0.2685546875,0.15159970238095238,0.10930430596399215,0.0,0.0,0,0.08239480464459116,0.05182017114702117
pilot_v1_s1,S1,S1,0.25,0.1,split_high_low,32,9,5000,0.24804445325400679,0.3861907281216028,0.24462890625,0.13205645161290322,0.20965696734438372,0.0,0.0,0,0.26274732011905483,0.245813638501616
pilot_v1_s1,S1,S1,0.25,0.1,split_high_low,64,9,5000,0.08627338910891508,0.6094884637704872,0.2685546875,0.15575396825396826,0.0,0.0,0.0,0,0.10890539387788843,0.09343066111773476
pilot_v1_s2,S2,S2,0.25,0.1,uniform_high,32,0,5000,0.2932254356098329,0.30525917646859657,0.3186475409836065,0.0,nan,0.0,0.0,0,0.31710128016017364,0.3053732101566946
pilot_v1_s2,S2,S2,0.25,0.1,uniform_high,64,0,5000,0.03311113489208464,0.5258503712054083,0.344125,0.2240655611749362,-0.3164409233974706,0.0,0.0,0,0.09893550624596002,0.07078368740156404
pilot_v1_s2,S2,S2,0.25,0.1,patchy_high,32,0,5000,0.2972422103088368,0.33361651905056244,0.3186475409836065,0.07585685483870969,-0.08269236826233112,0.0,0.0,0,0.32516866009228784,0.3139335825229458
pilot_v1_s2,S2,S2,0.25,0.1,patchy_high,64,0,5000,0.033791230618298515,0.5235573114148959,0.344125,0.24110273407148408,-0.0892162593264151,0.0,0.0,0,0.0775615266607217,0.034412022288581326
pilot_v1_s2,S2,S2,0.25,0.1,split_high_low,32,0,5000,0.3760347093965407,0.5043606925382926,0.3186475409836065,0.15927850151640474,-0.023381671744162013,0.0,0.0,0,0.3806214159173911,0.3754607222710517
pilot_v1_s2,S2,S2,0.25,0.1,split_high_low,64,0,5000,0.07104906869734746,0.6283118610608058,0.344125,0.25424232885170384,-0.08988094782481892,0.0,0.0,0,0.09803836446353714,0.07122916617712896
pilot_v1_s2,S2,S2,0.25,0.1,uniform_high,32,1,5000,0.3183099703852949,0.39428566121301567,0.32889344262295084,0.050982862903225803,0.05711816944026607,0.0,0.0,0,0.38105157110228094,0.3710103431643328
pilot_v1_s2,S2,S2,0.25,0.1,uniform_high,64,1,5000,0.04112651612503068,0.6527155862328311,0.3596250000000001,0.2482272170231729,-0.1461644999313253,0.0,0.0,0,0.11443948936380391,0.08731882565077313
pilot_v1_s2,S2,S2,0.25,0.1,patchy_high,32,1,5000,0.33315463113579563,0.3972861483645964,0.32889344262295084,0.037373991935483866,0.12741745490520895,0.0,0.0,0,0.3757579325137498,0.36599559555729777
pilot_v1_s2,S2,S2,0.25,0.1,patchy_high,64,1,5000,0.04108879336324531,0.643499890281295,0.3596250000000001,0.19206660884050591,-0.031244707479227814,0.0,0.0,0,0.12808419852182154,0.10573531666493569
pilot_v1_s2,S2,S2,0.25,0.1,split_high_low,32,1,5000,0.3209801224812346,0.5446488390358073,0.32889344262295084,0.08152721774193548,0.13264333732669492,0.0,0.0,0,0.3353526143121584,0.3195464330034763
pilot_v1_s2,S2,S2,0.25,0.1,split_high_low,64,1,5000,0.11431964733133766,0.6987183079732937,0.3596250000000001,0.20987607164077754,0.0044571406158384255,0.0,0.0,0,0.1314701919017628,0.11292552728844794
pilot_v1_s2,S2,S2,0.25,0.1,uniform_high,32,2,5000,0.2816178458295827,0.26929474344593807,0.336577868852459,0.0719396586836103,0.07810238122308509,0.0,0.0,0,0.2956503392195839,0.2811829694211035
pilot_v1_s2,S2,S2,0.25,0.1,uniform_high,64,2,5000,0.06845258674017334,0.5772746682339531,0.37812500000000004,0.20632299558080808,-0.009880428753933346,0.0,0.0,0,0.12892362335938054,0.107324625085689
pilot_v1_s2,S2,S2,0.25,0.1,patchy_high,32,2,5000,0.24174483772005595,0.27680139818160887,0.336577868852459,0.11056380335614206,-0.3468676497743716,0.0,0.0,0,0.2597728346383527,0.24103851689812913
pilot_v1_s2,S2,S2,0.25,0.1,patchy_high,64,2,5000,0.06897210737867393,0.5804060567954059,0.37812500000000004,0.2280122655122655,0.17611778706879794,0.0,0.0,0,0.12808545572239782,0.10038499187131956
pilot_v1_s2,S2,S2,0.25,0.1,split_high_low,32,2,5000,0.26735525242916597,0.461907179137768,0.336577868852459,0.20038497009263137,-0.2374549877760806,0.0,0.0,0,0.3372876530577341,0.3249768375027575
pilot_v1_s2,S2,S2,0.25,0.1,split_high_low,64,2,5000,0.07682563095140743,0.6986363025155378,0.37812500000000004,0.1932153566919192,0.01991155622909714,0.0,0.0,0,0.10042800180332095,0.079293924257501
pilot_v1_s2,S2,S2,0.25,0.1,uniform_high,32,3,5000,0.17993223996074637,0.23275080272370063,0.305327868852459,0.0,nan,0.0,0.0,0,0.2190789851679931,0.17991635238108464
pilot_v1_s2,S2,S2,0.25,0.1,uniform_high,64,3,5000,0.048363286881799986,0.5390741157263099,0.36624999999999996,0.250334043509595,-0.005465460171972529,0.0,0.0,0,0.10116604681822602,0.07191244477979081
pilot_v1_s2,S2,S2,0.25,0.1,patchy_high,32,3,5000,0.17990224904156993,0.23435696960844576,0.305327868852459,0.033814964157706094,0.13692504282200113,0.0,0.0,0,0.21383040018916857,0.1798111434995151
pilot_v1_s2,S2,S2,0.25,0.1,patchy_high,64,3,5000,0.04921710662120381,0.5455783460340022,0.36624999999999996,0.22558544141724285,-0.07227526798653937,0.0,0.0,0,0.08668778405428829,0.05059478705526951
pilot_v1_s2,S2,S2,0.25,0.1,split_high_low,32,3,5000,0.27862410715419994,0.47359926928063256,0.305327868852459,0.15408346134152587,-0.06955282182764388,0.0,0.0,0,0.3115557508656922,0.2993784031443187
pilot_v1_s2,S2,S2,0.25,0.1,split_high_low,64,3,5000,0.08607940624464089,0.7175296467855092,0.36624999999999996,0.2384140496962188,0.13889487917478546,0.0,0.0,0,0.13820850996978112,0.1256979151008627
pilot_v1_s2,S2,S2,0.25,0.1,uniform_high,32,4,5000,0.22643900878660908,0.36308682671490167,0.32018442622950816,0.1333367181653472,-0.521764973916727,0.0,0.0,0,0.24501741899011273,0.22044320118439487
pilot_v1_s2,S2,S2,0.25,0.1,uniform_high,64,4,5000,0.07391404712920831,0.5770587012980353,0.36624999999999996,0.23407738095238095,-0.14362229918654665,0.0,0.0,0,0.09894665184749404,0.0744694222804715
pilot_v1_s2,S2,S2,0.25,0.1,patchy_high,32,4,5000,0.21799248121321368,0.35999501580029913,0.32018442622950816,0.18142108787270078,-0.15984314351602208,0.0,0.0,0,0.2417849542064342,0.21644979137303508
pilot_v1_s2,S2,S2,0.25,0.1,patchy_high,64,4,5000,0.07327816945524444,0.5699448038651329,0.36624999999999996,0.2772693452380952,-0.2963899339093214,0.0,0.0,0,0.13090515094548283,0.10440390302174896
pilot_v1_s2,S2,S2,0.25,0.1,split_high_low,32,4,5000,0.2343018870340846,0.4334413338381833,0.32018442622950816,0.25426174967505616,-0.668445890278859,0.0,0.0,0,0.2538965653971628,0.2322946175470906
pilot_v1_s2,S2,S2,0.25,0.1,split_high_low,64,4,5000,0.06427721182957773,0.6447156479697258,0.36624999999999996,0.24779265873015874,-0.2465253091531713,0.0,0.0,0,0.10297481252765746,0.07967226206032282
pilot_v1_s2,S2,S2,0.25,0.1,uniform_high,32,5,5000,0.2804168047454483,0.2974319343943006,0.33606557377049184,0.1353350614439324,0.17242681111453603,0.0,0.0,0,0.29276317477644126,0.2740950711637195
pilot_v1_s2,S2,S2,0.25,0.1,uniform_high,64,5,5000,0.0774015013197835,0.6288100957000033,0.3354999999999999,0.2102006066849817,0.007919564850250305,0.0,0.0,0,0.10475970200940049,0.07733873193960263
pilot_v1_s2,S2,S2,0.25,0.1,patchy_high,32,5,5000,0.2792256978356927,0.3192309688832584,0.33606557377049184,0.20983168377321604,-0.11778993628147105,0.0,0.0,0,0.2943806861261527,0.2767070756936746
pilot_v1_s2,S2,S2,0.25,0.1,patchy_high,64,5,5000,0.07790395382520185,0.6158009391213064,0.3354999999999999,0.20965640262515262,0.017989973024580268,0.0,0.0,0,0.10195204367228707,0.0778269562362953
pilot_v1_s2,S2,S2,0.25,0.1,split_high_low,32,5,5000,0.2598084904569847,0.4433666014550153,0.33606557377049184,0.20762114229856166,-0.14770484073390816,0.0,0.0,0,0.32963932274277613,0.3093116289593041
pilot_v1_s2,S2,S2,0.25,0.1,split_high_low,64,5,5000,0.13459732207091177,0.681779256168237,0.3354999999999999,0.21046197725885227,-0.005418649634381788,0.0,0.0,0,0.15522387511323274,0.14270943850329623
pilot_v1_s2,S2,S2,0.25,0.1,uniform_high,32,6,5000,0.2917577956353111,0.39449818335587494,0.315061475409836,0.07635608678955454,0.12562244381357193,0.0,0.0,0,0.32642305278996797,0.3068896635902047
pilot_v1_s2,S2,S2,0.25,0.1,uniform_high,64,6,5000,0.04955710417990264,0.6745072235484972,0.366625,0.23876533280316176,0.027979833920951148,0.0,0.0,0,0.08876284019905675,0.06399513404646733
pilot_v1_s2,S2,S2,0.25,0.1,patchy_high,32,6,5000,0.30357937327801443,0.3591194207102839,0.315061475409836,0.10673723118279571,0.1763568345261256,0.0,0.0,0,0.38416100642563245,0.37531778859043174
pilot_v1_s2,S2,S2,0.25,0.1,patchy_high,64,6,5000,0.04818961063273971,0.6568400025295562,0.366625,0.26997848186170553,-0.31261715172157195,0.0,0.0,0,0.14024331850989785,0.12132196057614801
pilot_v1_s2,S2,S2,0.25,0.1,split_high_low,32,6,5000,0.2319952714982485,0.4047960696919082,0.315061475409836,0.044732862903225805,0.05409486956417108,0.0,0.0,0,0.2637755387189142,0.23798248497705246
pilot_v1_s2,S2,S2,0.25,0.1,split_high_low,64,6,5000,0.05172776209205076,0.7371273215542717,0.366625,0.20627083534155904,0.026812592654724833,0.0,0.0,0,0.07467133391115607,0.05171960046854045
pilot_v1_s2,S2,S2,0.25,0.1,uniform_high,32,7,5000,0.2998419596976325,0.2669289107128996,0.3212090163934427,0.12243583589349719,0.09814465800896544,0.0,0.0,0,0.3339652358047522,0.32097941686056286
pilot_v1_s2,S2,S2,0.25,0.1,uniform_high,64,7,5000,0.09124482187578425,0.6345193399244788,0.35462499999999997,0.2247212422993673,0.0650659799750508,0.0,0.0,0,0.13354620586153337,0.10935933202377474
pilot_v1_s2,S2,S2,0.25,0.1,patchy_high,32,7,5000,0.2867953322922108,0.31072375917044526,0.3212090163934427,0.06572020609318996,-0.01264742442982277,0.0,0.0,0,0.3319081772603978,0.31814104752197464
pilot_v1_s2,S2,S2,0.25,0.1,patchy_high,64,7,5000,0.09196166555007292,0.6319140577298652,0.35462499999999997,0.19470455759518257,0.07047649307687211,0.0,0.0,0,0.14796612795740455,0.1262631266488433
pilot_v1_s2,S2,S2,0.25,0.1,split_high_low,32,7,5000,0.3075261416394963,0.48321393679365987,0.3212090163934427,0.22284026177675373,-0.20066961803986172,0.0,0.0,0,0.3144707734018017,0.29899159125102104
pilot_v1_s2,S2,S2,0.25,0.1,split_high_low,64,7,5000,0.17232516675460857,0.6928558207211859,0.35462499999999997,0.21391434086746586,0.07361001082387478,0.0,0.0,0,0.19773188562231553,0.18057468738134685
pilot_v1_s2,S2,S2,0.25,0.1,uniform_high,32,8,5000,0.24469957601499837,0.3753599664740541,0.3258196721311475,0.16312851295210165,0.20325784124466875,0.0,0.0,0,0.3119421977063529,0.29556802464631454
pilot_v1_s2,S2,S2,0.25,0.1,uniform_high,64,8,5000,0.03989852827717946,0.7435383735148509,0.348125,0.20645712794150295,0.1506310190757512,0.0,0.0,0,0.07209611412438162,0.03993053901720621
pilot_v1_s2,S2,S2,0.25,0.1,patchy_high,32,8,5000,0.24536632535095837,0.3868942491140719,0.3258196721311475,0.1519489247311828,0.19324698792024927,0.0,0.0,0,0.26729052622470534,0.24465233614468057
pilot_v1_s2,S2,S2,0.25,0.1,patchy_high,64,8,5000,0.04097685058731798,0.7596082044667019,0.348125,0.20972822750166503,-0.045844176802526775,0.0,0.0,0,0.1469928739849039,0.08081395473272945
pilot_v1_s2,S2,S2,0.25,0.1,split_high_low,32,8,5000,0.314026901628187,0.5093575922812486,0.3258196721311475,0.22019871089931575,-0.10177071080224696,0.0,0.0,0,0.38890245672286244,0.3829935239185409
pilot_v1_s2,S2,S2,0.25,0.1,split_high_low,64,8,5000,0.09328829811715662,0.7640618082917674,0.348125,0.23192159403096904,-0.03327191184404143,0.0,0.0,0,0.10667923555670941,0.09300844938737357
pilot_v1_s2,S2,S2,0.25,0.1,uniform_high,32,9,5000,0.2647084005713856,0.29672982009975746,0.30942622950819665,0.09501926165232616,0.184455410426167,0.0,0.0,0,0.29235546313782707,0.27779620732745075
pilot_v1_s2,S2,S2,0.25,0.1,uniform_high,64,9,5000,0.049104871691353205,0.4966755868856909,0.35325000000000006,0.18239430914909824,0.11490875665189147,0.0,0.0,0,0.11408847492310717,0.0741867420400371
pilot_v1_s2,S2,S2,0.25,0.1,patchy_high,32,9,5000,0.2915396096084143,0.2898914060997482,0.30942622950819665,0.04388440860215054,0.12621466734776857,0.0,0.0,0,0.3154395516793831,0.30578244396676685
pilot_v1_s2,S2,S2,0.25,0.1,patchy_high,64,9,5000,0.049623994511891374,0.4955264333463254,0.35325000000000006,0.18685371900953363,0.1851468824425935,0.0,0.0,0,0.08085064541138866,0.0498881658005674
pilot_v1_s2,S2,S2,0.25,0.1,split_high_low,32,9,5000,0.2534634163555486,0.3806825854645768,0.30942622950819665,0.13828332285993575,0.15570142144463295,0.0,0.0,0,0.2780352437766827,0.2509793240847646
pilot_v1_s2,S2,S2,0.25,0.1,split_high_low,64,9,5000,0.09001583489481167,0.6120055964445279,0.35325000000000006,0.14649904095410093,-0.18748980363606932,0.0,0.0,0,0.10295548898554069,0.08625630700663615
pilot_v1_r1_mu010,R1,R1,0.0,0.1,uniform_high,32,0,5000,0.28126065732008454,0.30937219637595104,0.275390625,0.09274193548387097,0.0,0.0036793661477060105,0.37161598091830705,24,0.30732769809649074,0.2928582778765273
pilot_v1_r1_mu010,R1,R1,0.0,0.1,uniform_high,64,0,5000,0.03319237537587594,0.5280253302778799,0.4014892578125,0.16939484126984128,0.05270548551313247,0.0132272708800517,1.3359543588852216,173,0.07560981100456927,0.03370816185289641
pilot_v1_r1_mu010,R1,R1,0.0,0.1,patchy_high,32,0,5000,0.28773658809352065,0.32494813430115754,0.23388671875,0.09274193548387097,0.0,0.0029094859396494245,0.2938580799045919,19,0.31530297226997006,0.3013355895366393
pilot_v1_r1_mu010,R1,R1,0.0,0.1,patchy_high,64,0,5000,0.033910573315969306,0.5250997693559052,0.405029296875,0.15370783730158727,0.08390381745047802,0.011855726647976992,1.1974283914456763,155,0.08618891596704782,0.038778348687926525
pilot_v1_r1_mu010,R1,R1,0.0,0.1,split_high_low,32,0,5000,0.3757634035750162,0.5051339306921259,0.251953125,0.10962701612903225,0.1784103100350158,0.00398165040117608,0.40214669051878404,26,0.40148706378850874,0.3966311526335295
pilot_v1_r1_mu010,R1,R1,0.0,0.1,split_high_low,64,0,5000,0.07094778590944298,0.629716170444542,0.45068359375,0.16499255952380953,0.24625437866616653,0.010567096617061875,1.0672767583232494,138,0.0924214058485364,0.0708844243545895
pilot_v1_r1_mu010,R1,R1,0.0,0.1,uniform_high,32,1,5000,0.3157032230156469,0.4278389814782977,0.2431640625,0.09097782258064516,0.07453559924999299,0.002139659813937807,0.21610564120771847,14,0.3311392272356076,0.31544652570133824
pilot_v1_r1_mu010,R1,R1,0.0,0.1,uniform_high,64,1,5000,0.041291069183733084,0.6572823020444216,0.44189453125,0.14434523809523808,0.2943920288775949,0.01567149551612341,1.5828210471284643,205,0.11883933968208443,0.08715393957042852
pilot_v1_r1_mu010,R1,R1,0.0,0.1,patchy_high,32,1,5000,0.32105715835215876,0.4013314665891836,0.2490234375,0.048639112903225805,0.10059909096557136,0.0021419673273230743,0.21633870005963052,14,0.35212811996882604,0.34082357897205434
pilot_v1_r1_mu010,R1,R1,0.0,0.1,patchy_high,64,1,5000,0.04111429089724219,0.6406373869941129,0.4564208984375,0.1652405753968254,0.17309608774554663,0.014994531582077088,1.5144476897897858,196,0.15792122985373117,0.13273369447489242
pilot_v1_r1_mu010,R1,R1,0.0,0.1,split_high_low,32,1,5000,0.2954999603282124,0.5490968491934671,0.2607421875,0.0660282258064516,-0.18549555830406728,0.00214432892305331,0.2165772212283843,14,0.3658602294039539,0.3572373189498271
pilot_v1_r1_mu010,R1,R1,0.0,0.1,split_high_low,64,1,5000,0.11758266568866847,0.7006202925416234,0.38037109375,0.1484375,0.03066958041521574,0.012258535767161264,1.2381121124832877,160,0.1362837197198087,0.12259999310965279
pilot_v1_r1_mu010,R1,R1,0.0,0.1,uniform_high,32,2,5000,0.22468075356946465,0.29818438925388,0.35009765625,0.0,nan,0.002446667258868347,0.24711339314570302,16,0.24278194801717473,0.22449918605835958
pilot_v1_r1_mu010,R1,R1,0.0,0.1,uniform_high,64,2,5000,0.06897649314636485,0.5774470171055543,0.4234619140625,0.17745535714285715,-0.0658731905947697,0.012706654662697263,1.2833721209324236,166,0.127822880371645,0.09635521065443457
pilot_v1_r1_mu010,R1,R1,0.0,0.1,patchy_high,32,2,5000,0.2249532242706152,0.2943503580502387,0.34130859375,0.0,nan,0.001983794495742301,0.2003632440699724,13,0.24855754614291306,0.22481279732657533
pilot_v1_r1_mu010,R1,R1,0.0,0.1,patchy_high,64,2,5000,0.06897349597132052,0.5794211581158097,0.4095458984375,0.18191964285714285,0.14797908710009705,0.01377129982536697,1.390901282362064,180,0.11525116459126608,0.08466451667202461
pilot_v1_r1_mu010,R1,R1,0.0,0.1,split_high_low,32,2,5000,0.26577561599016175,0.48288998179598797,0.30859375,0.04284274193548387,0.16481712868606582,0.004588634586191421,0.46345209320533354,30,0.27971295509106253,0.26537245772368206
pilot_v1_r1_mu010,R1,R1,0.0,0.1,split_high_low,64,2,5000,0.08619687221191992,0.7007315229373035,0.4273681640625,0.18154761904761904,0.2133162687143936,0.012553172006711513,1.2678703726778628,164,0.10209673177400148,0.07931223231904454
pilot_v1_r1_mu010,R1,R1,0.0,0.1,uniform_high,32,3,5000,0.17983336970977265,0.2723715080283784,0.2861328125,0.0,nan,0.00199082520058804,0.20107334525939202,13,0.24069585521383355,0.20618545980852152
pilot_v1_r1_mu010,R1,R1,0.0,0.1,uniform_high,64,3,5000,0.048398004625037815,0.5392428220502583,0.4075927734375,0.15749007936507936,0.14627791300504928,0.013540705864868535,1.367611292351722,177,0.11198505002671875,0.09190382639774716
pilot_v1_r1_mu010,R1,R1,0.0,0.1,patchy_high,32,3,5000,0.17967448182744664,0.24615649642627901,0.32666015625,0.0,nan,0.0035211392337802694,0.3556350626118072,23,0.20884791716621964,0.17980673177531972
pilot_v1_r1_mu010,R1,R1,0.0,0.1,patchy_high,64,3,5000,0.04926897995072157,0.5489757178898771,0.394775390625,0.1746031746031746,-0.20025046972870356,0.013328949025645126,1.3462238515901577,174,0.0788546341751546,0.04968400722850395
pilot_v1_r1_mu010,R1,R1,0.0,0.1,split_high_low,32,3,5000,0.28973028136650514,0.46524141802920393,0.3271484375,0.18119959677419356,-0.0316971540700131,0.007333023515245331,0.7406353750397784,48,0.31386205315292204,0.30187189395417197
pilot_v1_r1_mu010,R1,R1,0.0,0.1,split_high_low,64,3,5000,0.0853497706600922,0.7213569658430676,0.423828125,0.17385912698412698,-0.023492049286746978,0.01437946444382623,1.4523259088264493,188,0.14895533161412589,0.1352154290866326
pilot_v1_r1_mu010,R1,R1,0.0,0.1,uniform_high,32,4,5000,0.22106943680453892,0.37458525834201106,0.2490234375,0.11189516129032258,-0.28924061042487487,0.007628222981524694,0.770450521133994,50,0.2924099523043139,0.2740544067591898
pilot_v1_r1_mu010,R1,R1,0.0,0.1,uniform_high,64,4,5000,0.07411848354308273,0.5837008133989132,0.321044921875,0.18768601190476192,0.10295961744584722,0.008740966123750101,0.8828375784987602,114,0.12241649919864267,0.08163105670022887
pilot_v1_r1_mu010,R1,R1,0.0,0.1,patchy_high,32,4,5000,0.2170314257525255,0.37850450500699684,0.3056640625,0.15725806451612906,0.0,0.00657473659531899,0.664048396127218,43,0.2737859229533875,0.25385889590049626
pilot_v1_r1_mu010,R1,R1,0.0,0.1,patchy_high,64,4,5000,0.07331938061079533,0.570258172478473,0.3736572265625,0.18117559523809523,-0.17915620524375875,0.00988844424976953,0.9987328692267224,129,0.11223302537002905,0.08169139638454338
pilot_v1_r1_mu010,R1,R1,0.0,0.1,split_high_low,32,4,5000,0.22243408644795867,0.45276254801265803,0.27783203125,0.10257056451612903,0.3812435986321091,0.006567759972818219,0.6633437572546401,43,0.2710658499512082,0.2506049151923126
pilot_v1_r1_mu010,R1,R1,0.0,0.1,split_high_low,64,4,5000,0.06424558848371562,0.6450755530576537,0.362548828125,0.18706597222222224,0.16564920352333598,0.009971968944075631,1.0071688633516387,130,0.08522788214821266,0.06424061779636478
pilot_v1_r1_mu010,R1,R1,0.0,0.1,uniform_high,32,5,5000,0.2676651643818896,0.3460830526662939,0.3125,0.12273185483870966,-0.04545748056225229,0.0030583205529991914,0.30889037585291834,20,0.28363041277955064,0.26632732055273073
pilot_v1_r1_mu010,R1,R1,0.0,0.1,uniform_high,64,5,5000,0.09334789409499596,0.6268316312696969,0.39306640625,0.14174107142857142,0.08081220356417686,0.012693894253897251,1.2820833196436223,166,0.1282185672053137,0.10634816555294126
pilot_v1_r1_mu010,R1,R1,0.0,0.1,patchy_high,32,5,5000,0.2648746278233365,0.34654278035874997,0.32177734375,0.11189516129032258,-0.2025478734167333,0.0030629896621146946,0.30936195587358417,20,0.28505725375089924,0.26385879932357914
pilot_v1_r1_mu010,R1,R1,0.0,0.1,patchy_high,64,5,5000,0.07798712311387387,0.6149415059664436,0.3372802734375,0.1683407738095238,0.19740669742132733,0.011698787635043189,1.181577551139362,153,0.1284869135379866,0.0813554743428815
pilot_v1_r1_mu010,R1,R1,0.0,0.1,split_high_low,32,5,5000,0.2650260303269701,0.46285288096917765,0.29052734375,0.15221774193548387,0.0,0.005030731596166602,0.5081038912128268,33,0.28768870238170485,0.26556147264005747
pilot_v1_r1_mu010,R1,R1,0.0,0.1,split_high_low,64,5,5000,0.13479524034790605,0.6958100191834586,0.3614501953125,0.16840277777777776,0.10750852936584011,0.009726667446526952,0.9823934120992222,127,0.1612250967396973,0.14724319633469485
pilot_v1_r1_mu010,R1,R1,0.0,0.1,uniform_high,32,6,5000,0.2917990260563716,0.4106754345085839,0.27587890625,0.1383568548387097,0.2400076803686597,0.005058538054163206,0.5109123434704838,33,0.30781345523351855,0.29154963652617183
pilot_v1_r1_mu010,R1,R1,0.0,0.1,uniform_high,64,6,5000,0.04956736983225606,0.6677461358361474,0.395263671875,0.16710069444444445,0.33971029934130514,0.016120360761039863,1.628156436865026,211,0.11842605985454273,0.09329573658326687
pilot_v1_r1_mu010,R1,R1,0.0,0.1,patchy_high,32,6,5000,0.28767818685664354,0.39316072727886664,0.3037109375,0.03704637096774194,0.24886840673530203,0.0050490916712422635,0.5099582587954686,33,0.31346297532399503,0.290870242639698
pilot_v1_r1_mu010,R1,R1,0.0,0.1,patchy_high,64,6,5000,0.048169234931939364,0.6494678234501039,0.46337890625,0.232514880952381,-0.018686998800746417,0.0169571738901876,1.7126745629089477,222,0.1064299355675189,0.08162769059204628
pilot_v1_r1_mu010,R1,R1,0.0,0.1,split_high_low,32,6,5000,0.23277625008672853,0.40486013161902035,0.24951171875,0.12323588709677419,0.06064784348631228,0.005511964434368309,0.5567084078711992,36,0.2555537949904466,0.23259441289375135
pilot_v1_r1_mu010,R1,R1,0.0,0.1,split_high_low,64,6,5000,0.05607256126030886,0.7319048193033957,0.445068359375,0.19227430555555555,-0.03085531363205652,0.018698136249141722,1.888511761163314,245,0.07498877395119972,0.04956467881493031
pilot_v1_r1_mu010,R1,R1,0.0,0.1,uniform_high,32,7,5000,0.2507800264780128,0.3215730300654738,0.275390625,0.04863911290322581,0.08980265101338744,0.001988517687202772,0.20084028640747997,13,0.2705331539146034,0.2503089867441584
pilot_v1_r1_mu010,R1,R1,0.0,0.1,uniform_high,64,7,5000,0.0914233562711814,0.6368108720506882,0.3865966796875,0.13448660714285715,-0.0992683136226873,0.009426825817892536,0.9521094076071462,123,0.15604920094774502,0.1239179949406073
pilot_v1_r1_mu010,R1,R1,0.0,0.1,patchy_high,32,7,5000,0.27513666975140444,0.30081607745613637,0.3037109375,0.0,nan,0.005044422562126761,0.5094866787748028,33,0.3234013304572175,0.30508303539247017
pilot_v1_r1_mu010,R1,R1,0.0,0.1,patchy_high,64,7,5000,0.09209746612509212,0.6304857417858505,0.3743896484375,0.1708829365079365,0.05972810934315529,0.011178824339145398,1.1290612582536852,146,0.11720685547469577,0.09369847452295024
pilot_v1_r1_mu010,R1,R1,0.0,0.1,split_high_low,32,7,5000,0.310872070641797,0.4872278741529834,0.3505859375,0.13533266129032256,0.03688555567816588,0.008874930836567806,0.8963680144933484,58,0.31631760244633006,0.30464674369794975
pilot_v1_r1_mu010,R1,R1,0.0,0.1,split_high_low,64,7,5000,0.17222174098504406,0.7222413585720364,0.4150390625,0.17261904761904762,-0.10638335496669549,0.01133234158118907,1.1445664997000962,148,0.1941527100061809,0.18021370106376458
pilot_v1_r1_mu010,R1,R1,0.0,0.1,uniform_high,32,8,5000,0.2538716274935583,0.39246602306230205,0.2705078125,0.1597782258064516,0.08888888888888888,0.01053770892117412,1.064308601038586,69,0.27487898449714815,0.25108183977770493
pilot_v1_r1_mu010,R1,R1,0.0,0.1,uniform_high,64,8,5000,0.03986990436465106,0.7423834320079816,0.4254150390625,0.19773065476190477,-0.05117156796936604,0.01885215633968778,1.9040677903084657,247,0.0929427370863092,0.0699620532407828
pilot_v1_r1_mu010,R1,R1,0.0,0.1,patchy_high,32,8,5000,0.25656619745849907,0.38821546206843727,0.341796875,0.08140120967741936,0.1564921592871903,0.010065976548238322,1.0166636313720705,66,0.30407466125703436,0.26176990765513247
pilot_v1_r1_mu010,R1,R1,0.0,0.1,patchy_high,64,8,5000,0.0409767268209013,0.7616409536397326,0.4022216796875,0.21552579365079366,-0.13433209885189348,0.018246286128736015,1.8428748990023376,239,0.12366241434257631,0.06185356554484919
pilot_v1_r1_mu010,R1,R1,0.0,0.1,split_high_low,32,8,5000,0.31006977149693765,0.5065145147853285,0.33935546875,0.19657258064516128,-0.12474898809367206,0.01387003030008446,1.4008730603085304,91,0.3353128896080989,0.32303231128880144
pilot_v1_r1_mu010,R1,R1,0.0,0.1,split_high_low,64,8,5000,0.08992139076947653,0.7526217764464032,0.4400634765625,0.21546378968253965,0.28827174412539985,0.017335997851262358,1.750935782977498,227,0.1168092725908555,0.09964709261127329
pilot_v1_r1_mu010,R1,R1,0.0,0.1,uniform_high,32,9,5000,0.3008490805800954,0.2896851861423455,0.26220703125,0.11164314516129031,0.16749259603130773,0.006270090746118686,0.6332791653579872,41,0.3140119583121584,0.30073161708165663
pilot_v1_r1_mu010,R1,R1,0.0,0.1,uniform_high,64,9,5000,0.04909015525533007,0.49817220928085404,0.4163818359375,0.14756944444444445,0.17183452784475797,0.01019135241346642,1.0293265937601084,133,0.07881580089353384,0.04926128678062239
pilot_v1_r1_mu010,R1,R1,0.0,0.1,patchy_high,32,9,5000,0.29868866288694523,0.2883637599697051,0.328125,0.1045866935483871,0.3129712838069272,0.005665468156833579,0.5722122838401915,37,0.3125268168576721,0.2991546347911754
pilot_v1_r1_mu010,R1,R1,0.0,0.1,patchy_high,64,9,5000,0.04970373949511637,0.4941538791579507,0.3748779296875,0.1362847222222222,0.10244816651437659,0.009497939258119346,0.9592918650700539,124,0.09372184876582441,0.062228228732482904
pilot_v1_r1_mu010,R1,R1,0.0,0.1,split_high_low,32,9,5000,0.22863057663221192,0.384468858379738,0.34814453125,0.07762096774193548,0.19605723255834873,0.006561045629358832,0.662665608565242,43,0.2676740696945336,0.2494123309146954
pilot_v1_r1_mu010,R1,R1,0.0,0.1,split_high_low,64,9,5000,0.08632881429026933,0.6094520063204891,0.3306884765625,0.13696676587301587,0.01933834476267449,0.009267954752530557,0.9360634300055862,121,0.10720432578188667,0.08625941694114914
pilot_v1_r0_r1_mu010,"R0 (theta=0, matched mu=0.1)",R0,0.0,0.1,uniform_high,32,0,5000,0.26698489414700005,0.3220768506767724,0.29541015625,0.03704637096774194,0.25946325003864634,0.0036793661477060105,0.37161598091830705,24,0.29252181943688893,0.2744543879269561
pilot_v1_r0_r1_mu010,"R0 (theta=0, matched mu=0.1)",R0,0.0,0.1,uniform_high,64,0,5000,0.03314600141054406,0.5286262281641181,0.37890625,0.11210317460317461,-0.11006706567841756,0.0132272708800517,1.3359543588852216,173,0.07372069641291713,0.04620860440996787
pilot_v1_r0_r1_mu010,"R0 (theta=0, matched mu=0.1)",R0,0.0,0.1,patchy_high,32,0,5000,0.2965305832923202,0.3223222997607811,0.2470703125,0.06602822580645161,-0.20526320231631415,0.0029094859396494245,0.2938580799045919,19,0.31106321451528596,0.29633562140457337
pilot_v1_r0_r1_mu010,"R0 (theta=0, matched mu=0.1)",R0,0.0,0.1,patchy_high,64,0,5000,0.03397675495541277,0.5251048925953883,0.4580078125,0.15823412698412698,0.0,0.011855726647976992,1.1974283914456763,155,0.08539655998722862,0.04864560890207568
pilot_v1_r0_r1_mu010,"R0 (theta=0, matched mu=0.1)",R0,0.0,0.1,split_high_low,32,0,5000,0.37583793530640053,0.5052332677026687,0.2109375,0.12121975806451614,0.07050168600188524,0.00398165040117608,0.40214669051878404,26,0.38092736183482867,0.3753727884239955
pilot_v1_r0_r1_mu010,"R0 (theta=0, matched mu=0.1)",R0,0.0,0.1,split_high_low,64,0,5000,0.07093958487764374,0.6379114623782793,0.3853759765625,0.15811011904761904,-0.07426106572325059,0.010567096617061875,1.0672767583232494,138,0.14469900074904465,0.12651042112163688
pilot_v1_r0_r1_mu010,"R0 (theta=0, matched mu=0.1)",R0,0.0,0.1,uniform_high,32,1,5000,0.30231019024522837,0.4286645015080337,0.24365234375,0.048639112903225805,0.10059909096557136,0.002139659813937807,0.21610564120771847,14,0.3192807564377271,0.3018799577175671
pilot_v1_r0_r1_mu010,"R0 (theta=0, matched mu=0.1)",R0,0.0,0.1,uniform_high,64,1,5000,0.041197843362754866,0.657085895744369,0.40283203125,0.19308035714285715,0.0,0.01567149551612341,1.5828210471284643,205,0.11720401101770776,0.09028053125317442
pilot_v1_r0_r1_mu010,"R0 (theta=0, matched mu=0.1)",R0,0.0,0.1,patchy_high,32,1,5000,0.32801636963805875,0.39944142440295227,0.28369140625,0.09299395161290322,0.06085806194501845,0.0021419673273230743,0.21633870005963052,14,0.34057928143268096,0.3275466138528841
pilot_v1_r0_r1_mu010,"R0 (theta=0, matched mu=0.1)",R0,0.0,0.1,patchy_high,64,1,5000,0.04110045379384397,0.6420610149476793,0.39697265625,0.1763392857142857,0.02320595947546473,0.014994531582077088,1.5144476897897858,196,0.11873037603299276,0.09401290759610034
pilot_v1_r0_r1_mu010,"R0 (theta=0, matched mu=0.1)",R0,0.0,0.1,split_high_low,32,1,5000,0.32163575999931754,0.5503337060528759,0.2763671875,0.048639112903225805,0.08980265101338744,0.00214432892305331,0.2165772212283843,14,0.35521055470847873,0.34612960812588583
pilot_v1_r0_r1_mu010,"R0 (theta=0, matched mu=0.1)",R0,0.0,0.1,split_high_low,64,1,5000,0.11902999522905874,0.7009872783565403,0.416259765625,0.16654265873015872,-0.24306922096853661,0.012258535767161264,1.2381121124832877,160,0.14330009413557102,0.12713811617180518
pilot_v1_r0_r1_mu010,"R0 (theta=0, matched mu=0.1)",R0,0.0,0.1,uniform_high,32,2,5000,0.2248393268045962,0.29937200922288154,0.31982421875,0.0,nan,0.002446667258868347,0.24711339314570302,16,0.24281865417182072,0.22449918620848103
pilot_v1_r0_r1_mu010,"R0 (theta=0, matched mu=0.1)",R0,0.0,0.1,uniform_high,64,2,5000,0.06860414774331522,0.5779970379723303,0.4385986328125,0.22296626984126983,0.041063049467892535,0.012706654662697263,1.2833721209324236,166,0.11902156404626185,0.0769518002035356
pilot_v1_r0_r1_mu010,"R0 (theta=0, matched mu=0.1)",R0,0.0,0.1,patchy_high,32,2,5000,0.22496077091842914,0.2943707346290336,0.31689453125,0.0,nan,0.001983794495742301,0.2003632440699724,13,0.24847996153276686,0.2248127966614058
pilot_v1_r0_r1_mu010,"R0 (theta=0, matched mu=0.1)",R0,0.0,0.1,patchy_high,64,2,5000,0.0690248387623515,0.5778911294011855,0.435546875,0.1780753968253968,0.022480292828515557,0.01377129982536697,1.390901282362064,180,0.11389951423518827,0.08472322357757678
pilot_v1_r0_r1_mu010,"R0 (theta=0, matched mu=0.1)",R0,0.0,0.1,split_high_low,32,2,5000,0.26593848557239,0.47962886453355424,0.28466796875,0.10433467741935484,0.31672303298595833,0.004588634586191421,0.46345209320533354,30,0.280065757836054,0.26539638804053656
pilot_v1_r0_r1_mu010,"R0 (theta=0, matched mu=0.1)",R0,0.0,0.1,split_high_low,64,2,5000,0.07684122768945759,0.6961408620477085,0.3956298828125,0.18216765873015872,0.0,0.012553172006711513,1.2678703726778628,164,0.10044951007023888,0.07935912356272108
pilot_v1_r0_r1_mu010,"R0 (theta=0, matched mu=0.1)",R0,0.0,0.1,uniform_high,32,3,5000,0.17983190334916224,0.26990195954228646,0.32421875,0.0,nan,0.00199082520058804,0.20107334525939202,13,0.228083277628985,0.19992402757211544
pilot_v1_r0_r1_mu010,"R0 (theta=0, matched mu=0.1)",R0,0.0,0.1,uniform_high,64,3,5000,0.04838260194972989,0.5410506924264469,0.39306640625,0.1671626984126984,0.0,0.013540705864868535,1.367611292351722,177,0.09187016240418736,0.06253127140944155
pilot_v1_r0_r1_mu010,"R0 (theta=0, matched mu=0.1)",R0,0.0,0.1,patchy_high,32,3,5000,0.17967513579425412,0.249226697370593,0.31787109375,0.0,nan,0.0035211392337802694,0.3556350626118072,23,0.2088434002713364,0.17980671298374054
pilot_v1_r0_r1_mu010,"R0 (theta=0, matched mu=0.1)",R0,0.0,0.1,patchy_high,64,3,5000,0.04934848566499416,0.5487519150099096,0.3560791015625,0.1429191468253968,-0.10530483802224419,0.013328949025645126,1.3462238515901577,174,0.08743200195420278,0.05198529847602928
pilot_v1_r0_r1_mu010,"R0 (theta=0, matched mu=0.1)",R0,0.0,0.1,split_high_low,32,3,5000,0.284527599347766,0.47046843743797506,0.4091796875,0.1557459677419355,-0.3830588003743857,0.007333023515245331,0.7406353750397784,48,0.311914268653254,0.3015099495366889
pilot_v1_r0_r1_mu010,"R0 (theta=0, matched mu=0.1)",R0,0.0,0.1,split_high_low,64,3,5000,0.07572637069408979,0.7215039221540371,0.3853759765625,0.16300843253968253,0.03904344047215152,0.01437946444382623,1.4523259088264493,188,0.09373137440329841,0.07600087744548084
pilot_v1_r0_r1_mu010,"R0 (theta=0, matched mu=0.1)",R0,0.0,0.1,uniform_high,32,4,5000,0.23636228628057757,0.3660724680187599,0.294921875,0.13306451612903225,0.0,0.007628222981524694,0.770450521133994,50,0.31231574006438517,0.29926337213875376
pilot_v1_r0_r1_mu010,"R0 (theta=0, matched mu=0.1)",R0,0.0,0.1,uniform_high,64,4,5000,0.07408174948250525,0.5852913366059218,0.39453125,0.14583333333333334,-0.10796403203845778,0.008740966123750101,0.8828375784987602,114,0.11347701477696734,0.08128472710519351
pilot_v1_r0_r1_mu010,"R0 (theta=0, matched mu=0.1)",R0,0.0,0.1,patchy_high,32,4,5000,0.21712135616371817,0.3732386431810686,0.25732421875,0.13130040322580644,0.0519174131651165,0.00657473659531899,0.664048396127218,43,0.2558125662538805,0.23594384224537898
pilot_v1_r0_r1_mu010,"R0 (theta=0, matched mu=0.1)",R0,0.0,0.1,patchy_high,64,4,5000,0.07343559735188798,0.5681876970069542,0.3763427734375,0.19345238095238096,0.0,0.00988844424976953,0.9987328692267224,129,0.12968481404333126,0.09932667318359746
pilot_v1_r0_r1_mu010,"R0 (theta=0, matched mu=0.1)",R0,0.0,0.1,split_high_low,32,4,5000,0.2154562063863535,0.46692389482522123,0.29296875,0.13911290322580644,0.0,0.006567759972818219,0.6633437572546401,43,0.3248542264657094,0.30193030326608805
pilot_v1_r0_r1_mu010,"R0 (theta=0, matched mu=0.1)",R0,0.0,0.1,split_high_low,64,4,5000,0.06427180265115509,0.6449401091941176,0.3408203125,0.19549851190476186,0.043013239361934026,0.009971968944075631,1.0071688633516387,130,0.11411136994453326,0.09369897483694781
pilot_v1_r0_r1_mu010,"R0 (theta=0, matched mu=0.1)",R0,0.0,0.1,uniform_high,32,5,5000,0.2677780463295976,0.3498906546876783,0.28173828125,0.09274193548387097,0.0,0.0030583205529991914,0.30889037585291834,20,0.28398155618054216,0.2661994945997977
pilot_v1_r0_r1_mu010,"R0 (theta=0, matched mu=0.1)",R0,0.0,0.1,uniform_high,64,5,5000,0.09253964942939996,0.6265238660423389,0.362060546875,0.1736111111111111,0.11352801058843874,0.012693894253897251,1.2820833196436223,166,0.13928489169247935,0.11682893713332546
pilot_v1_r0_r1_mu010,"R0 (theta=0, matched mu=0.1)",R0,0.0,0.1,patchy_high,32,5,5000,0.26516276085376284,0.3256951590457471,0.29833984375,0.09274193548387097,0.0,0.0030629896621146946,0.30936195587358417,20,0.2826918197461081,0.2637590920134981
pilot_v1_r0_r1_mu010,"R0 (theta=0, matched mu=0.1)",R0,0.0,0.1,patchy_high,64,5,5000,0.0779402938293103,0.6148258027892528,0.39111328125,0.13764880952380953,0.05186106474522879,0.011698787635043189,1.181577551139362,153,0.13742797333170365,0.11718479088907868
pilot_v1_r0_r1_mu010,"R0 (theta=0, matched mu=0.1)",R0,0.0,0.1,split_high_low,32,5,5000,0.26509603789792135,0.469810068757883,0.2958984375,0.14163306451612903,-0.22188007849009164,0.005030731596166602,0.5081038912128268,33,0.3129933658374064,0.292196044715414
pilot_v1_r0_r1_mu010,"R0 (theta=0, matched mu=0.1)",R0,0.0,0.1,split_high_low,64,5,5000,0.13453095099842763,0.6936970188869653,0.3236083984375,0.1778893849206349,-0.04655781414331507,0.009726667446526952,0.9823934120992222,127,0.14811287162028652,0.13481498300277284
pilot_v1_r0_r1_mu010,"R0 (theta=0, matched mu=0.1)",R0,0.0,0.1,uniform_high,32,6,5000,0.2817960523004931,0.40930900570886775,0.31005859375,0.12424395161290323,0.20998026278290405,0.005058538054163206,0.5109123434704838,33,0.3182395827812616,0.30025556905697554
pilot_v1_r0_r1_mu010,"R0 (theta=0, matched mu=0.1)",R0,0.0,0.1,uniform_high,64,6,5000,0.04972540925847358,0.6684028560414204,0.446044921875,0.19599454365079366,0.1535903828399358,0.016120360761039863,1.628156436865026,211,0.08419662000156553,0.050341614298578
pilot_v1_r0_r1_mu010,"R0 (theta=0, matched mu=0.1)",R0,0.0,0.1,patchy_high,32,6,5000,0.2991808531295443,0.4010067185836679,0.2919921875,0.1388608870967742,-0.051626872844157755,0.0050490916712422635,0.5099582587954686,33,0.3155969558146821,0.2967909533290162
pilot_v1_r0_r1_mu010,"R0 (theta=0, matched mu=0.1)",R0,0.0,0.1,patchy_high,64,6,5000,0.04818760822888559,0.6492930130382821,0.380615234375,0.22098214285714285,-0.022962496541988994,0.0169571738901876,1.7126745629089477,222,0.1194694690053117,0.0954090941373021
pilot_v1_r0_r1_mu010,"R0 (theta=0, matched mu=0.1)",R0,0.0,0.1,split_high_low,32,6,5000,0.23265949799266267,0.41938454349093934,0.30078125,0.08341733870967741,-0.41204282171516454,0.005511964434368309,0.5567084078711992,36,0.28917916192418486,0.2544843918839542
pilot_v1_r0_r1_mu010,"R0 (theta=0, matched mu=0.1)",R0,0.0,0.1,split_high_low,64,6,5000,0.04934448950799861,0.7110323330495512,0.41650390625,0.19264632936507936,-0.05389533784565578,0.018698136249141722,1.888511761163314,245,0.09101490522531361,0.06841056412058749
pilot_v1_r0_r1_mu010,"R0 (theta=0, matched mu=0.1)",R0,0.0,0.1,uniform_high,32,7,5000,0.2507801980287446,0.3215124525707571,0.25634765625,0.054435483870967735,0.0,0.001988517687202772,0.20084028640747997,13,0.2705331539146034,0.2503089867441584
pilot_v1_r0_r1_mu010,"R0 (theta=0, matched mu=0.1)",R0,0.0,0.1,uniform_high,64,7,5000,0.09124315101200609,0.6386193415973231,0.3221435546875,0.15755208333333331,0.08814764755799083,0.009426825817892536,0.9521094076071462,123,0.11435087810311327,0.09101700723980909
pilot_v1_r0_r1_mu010,"R0 (theta=0, matched mu=0.1)",R0,0.0,0.1,patchy_high,32,7,5000,0.30043454548140625,0.29658793166257036,0.2861328125,0.12096774193548387,0.0,0.005044422562126761,0.5094866787748028,33,0.33317570025866894,0.3219095445293578
pilot_v1_r0_r1_mu010,"R0 (theta=0, matched mu=0.1)",R0,0.0,0.1,patchy_high,64,7,5000,0.09201760067208803,0.6286258870473811,0.3643798828125,0.13541666666666666,0.0,0.011178824339145398,1.1290612582536852,146,0.12204228436571408,0.0944580978652228
pilot_v1_r0_r1_mu010,"R0 (theta=0, matched mu=0.1)",R0,0.0,0.1,split_high_low,32,7,5000,0.29431247039984887,0.4981879823001223,0.32763671875,0.16129032258064516,0.0,0.008874930836567806,0.8963680144933484,58,0.3338390916955347,0.32332954362332245
pilot_v1_r0_r1_mu010,"R0 (theta=0, matched mu=0.1)",R0,0.0,0.1,split_high_low,64,7,5000,0.17171739047350237,0.7185751634901754,0.35205078125,0.13988095238095238,0.0,0.01133234158118907,1.1445664997000962,148,0.20236651461062188,0.19149394572270262
pilot_v1_r0_r1_mu010,"R0 (theta=0, matched mu=0.1)",R0,0.0,0.1,uniform_high,32,8,5000,0.2402315072111616,0.39851728355965754,0.3134765625,0.14314516129032256,0.0,0.01053770892117412,1.064308601038586,69,0.26284711875585653,0.23747711193183035
pilot_v1_r0_r1_mu010,"R0 (theta=0, matched mu=0.1)",R0,0.0,0.1,uniform_high,64,8,5000,0.03986974163947086,0.7434761618666623,0.4774169921875,0.1792534722222222,0.04483656941508639,0.01885215633968778,1.9040677903084657,247,0.07532147978735818,0.03988129810559379
pilot_v1_r0_r1_mu010,"R0 (theta=0, matched mu=0.1)",R0,0.0,0.1,patchy_high,32,8,5000,0.26872957712923046,0.40327156044662016,0.392578125,0.1350806451612903,0.0,0.010065976548238322,1.0166636313720705,66,0.32997785153572157,0.28199381667597323
pilot_v1_r0_r1_mu010,"R0 (theta=0, matched mu=0.1)",R0,0.0,0.1,patchy_high,64,8,5000,0.040976726820901296,0.761788865956484,0.4229736328125,0.16803075396825395,0.02140537663559785,0.018246286128736015,1.8428748990023376,239,0.07816170130760969,0.04098396549656719
pilot_v1_r0_r1_mu010,"R0 (theta=0, matched mu=0.1)",R0,0.0,0.1,split_high_low,32,8,5000,0.309168880363708,0.5076758628117344,0.42041015625,0.15725806451612903,-0.09459675396808043,0.01387003030008446,1.4008730603085304,91,0.34392968778218447,0.33510343233118567
pilot_v1_r0_r1_mu010,"R0 (theta=0, matched mu=0.1)",R0,0.0,0.1,split_high_low,64,8,5000,0.09494088350868565,0.7494005434192885,0.366943359375,0.19029017857142855,0.10811249552346706,0.017335997851262358,1.750935782977498,227,0.13094762442993707,0.11347793864656784
pilot_v1_r0_r1_mu010,"R0 (theta=0, matched mu=0.1)",R0,0.0,0.1,uniform_high,32,9,5000,0.30086791674612134,0.29215238753702644,0.27880859375,0.1166834677419355,-0.054029393231540525,0.006270090746118686,0.6332791653579872,41,0.3134248591505904,0.3008075612509799
pilot_v1_r0_r1_mu010,"R0 (theta=0, matched mu=0.1)",R0,0.0,0.1,uniform_high,64,9,5000,0.04909628211569459,0.49741101522433673,0.3990478515625,0.1480654761904762,-0.06212479719608431,0.01019135241346642,1.0293265937601084,133,0.1017039436550737,0.06580268394967055
pilot_v1_r0_r1_mu010,"R0 (theta=0, matched mu=0.1)",R0,0.0,0.1,patchy_high,32,9,5000,0.28996060314028543,0.29927321721948363,0.2646484375,0.11920362903225806,0.057306825506125286,0.005665468156833579,0.5722122838401915,37,0.31421226304823974,0.301823222853776
pilot_v1_r0_r1_mu010,"R0 (theta=0, matched mu=0.1)",R0,0.0,0.1,patchy_high,64,9,5000,0.04961691697750379,0.4940180860451773,0.38671875,0.15079365079365079,0.0,0.009497939258119346,0.9592918650700539,124,0.0796384836670193,0.0499617882908918
pilot_v1_r0_r1_mu010,"R0 (theta=0, matched mu=0.1)",R0,0.0,0.1,split_high_low,32,9,5000,0.2675105994469492,0.3902405961578461,0.31689453125,0.1461693548387097,-0.1889822365046136,0.006561045629358832,0.662665608565242,43,0.3720918141473171,0.35086479654162517
pilot_v1_r0_r1_mu010,"R0 (theta=0, matched mu=0.1)",R0,0.0,0.1,split_high_low,64,9,5000,0.09409880290356341,0.609418551159747,0.3544921875,0.16145833333333331,0.062359332526425656,0.009267954752530557,0.9360634300055862,121,0.11135518170829574,0.0940760554205384
pilot_v1_r2_mu010,R2,R2,0.25,0.1,uniform_high,32,0,5000,0.2878652614033438,0.3068052192169941,0.2470703125,0.08341733870967741,0.21908902300206645,0.003677004551975775,0.3713774597495533,24,0.31181375719598675,0.29845870033220506
pilot_v1_r2_mu010,R2,R2,0.25,0.1,uniform_high,64,0,5000,0.033117910758815546,0.5281398706542966,0.370361328125,0.15978422619047616,0.11591092448354293,0.013915988196428806,1.4055148078393094,182,0.09597293641396948,0.0671474947985551
pilot_v1_r2_mu010,R2,R2,0.25,0.1,patchy_high,32,0,5000,0.29653875596464524,0.32476882971046517,0.2578125,0.08140120967741934,0.2127980706395726,0.0032212165760404357,0.325342874180084,21,0.3133256655157791,0.29628538976263696
pilot_v1_r2_mu010,R2,R2,0.25,0.1,patchy_high,64,0,5000,0.033789049547506576,0.5252982577573586,0.4041748046875,0.15395585317460317,0.14599420875988073,0.01102702475223133,1.1137294999753642,144,0.11151267177952713,0.08940686944471089
pilot_v1_r2_mu010,R2,R2,0.25,0.1,split_high_low,32,0,5000,0.3781375126880571,0.5052102539956886,0.31005859375,0.15751008064516128,0.039489925183939484,0.004444523164302125,0.44889683959451465,29,0.3814637181512943,0.37555489679417065
pilot_v1_r2_mu010,R2,R2,0.25,0.1,split_high_low,64,0,5000,0.07246758648402447,0.6333422640955959,0.38232421875,0.20219494047619047,-0.03791171164674086,0.012007602118628325,1.2127678139814608,157,0.110004443032703,0.07961845814667884
pilot_v1_r2_mu010,R2,R2,0.25,0.1,uniform_high,32,1,5000,0.3157185671004769,0.4275575812085486,0.26318359375,0.08140120967741936,0.2034190510862431,0.0021466905187835453,0.21681574239713808,14,0.3306758415539416,0.31529589398256475
pilot_v1_r2_mu010,R2,R2,0.25,0.1,uniform_high,64,1,5000,0.04115834783340877,0.6573409959400638,0.389892578125,0.14329117063492064,0.09025217197084259,0.01453465185980728,1.4679998378405352,190,0.18302363834251043,0.1640954677857383
pilot_v1_r2_mu010,R2,R2,0.25,0.1,patchy_high,32,1,5000,0.3278900793747968,0.40087922412951693,0.24658203125,0.042842741935483875,0.19925419255468718,0.0021466905187835453,0.21681574239713808,14,0.3587341112667209,0.34858002978436664
pilot_v1_r2_mu010,R2,R2,0.25,0.1,patchy_high,64,1,5000,0.04108852744085263,0.6406078700323323,0.3746337890625,0.17646329365079366,0.0,0.016434806371323638,1.6599154435036874,215,0.08920511281255326,0.04132565837478057
pilot_v1_r2_mu010,R2,R2,0.25,0.1,split_high_low,32,1,5000,0.2961932544027901,0.5474258724150121,0.24267578125,0.0,nan,0.00214432892305331,0.2165772212283843,14,0.39317188313999246,0.38072410866634643
pilot_v1_r2_mu010,R2,R2,0.25,0.1,split_high_low,64,1,5000,0.12252527905607055,0.7010257925566348,0.371337890625,0.15104166666666666,0.06179264496471568,0.01157392380515416,1.1689663043205702,151,0.1362330896887209,0.12253836240738564
pilot_v1_r2_mu010,R2,R2,0.25,0.1,uniform_high,32,2,5000,0.2246755834621008,0.2977965333979615,0.3173828125,0.0,nan,0.002446667258868347,0.24711339314570302,16,0.24278194801717473,0.22449918605835958
pilot_v1_r2_mu010,R2,R2,0.25,0.1,uniform_high,64,2,5000,0.0684580874451711,0.5780108172505336,0.34912109375,0.15997023809523808,-0.05555856988265446,0.013776491903715998,1.3914256822753157,180,0.11574094271129691,0.08394176098632668
pilot_v1_r2_mu010,R2,R2,0.25,0.1,patchy_high,32,2,5000,0.2249532261421065,0.2919991026507789,0.35107421875,0.0,nan,0.002444305663138111,0.24687487197694924,16,0.24855754614291306,0.22481279732657533
pilot_v1_r2_mu010,R2,R2,0.25,0.1,patchy_high,64,2,5000,0.06898200327111415,0.5788605783023468,0.3936767578125,0.13969494047619047,0.13793171220826778,0.011859792178432423,1.1978390100216747,155,0.14464930732840509,0.11911849179296796
pilot_v1_r2_mu010,R2,R2,0.25,0.1,split_high_low,32,2,5000,0.2657822266690262,0.4835264823163581,0.3046875,0.03125,0.33405907626372927,0.003972258100600106,0.40119806816061065,26,0.2805492912795643,0.2652626285034163
pilot_v1_r2_mu010,R2,R2,0.25,0.1,split_high_low,64,2,5000,0.08673903262218306,0.6995446634653459,0.40234375,0.13578869047619047,0.14824986333222023,0.011943228306741587,1.2062660589809002,156,0.13068603713653704,0.1075838910232008
pilot_v1_r2_mu010,R2,R2,0.25,0.1,uniform_high,32,3,5000,0.17984232073939663,0.26327318515208065,0.3017578125,0.0,nan,0.002907178426264157,0.29362502105267985,19,0.22833517359060312,0.19992423094696563
pilot_v1_r2_mu010,R2,R2,0.25,0.1,uniform_high,64,3,5000,0.04854103332150214,0.5387976847828804,0.3299560546875,0.16821676587301587,0.017178460462566464,0.0117880285096938,1.1905908794790738,154,0.11049122442485514,0.08954897498569427
pilot_v1_r2_mu010,R2,R2,0.25,0.1,patchy_high,32,3,5000,0.17967705279033638,0.24380066494284436,0.3173828125,0.0,nan,0.0027559822171841545,0.2783542039355996,18,0.20884489187223643,0.1798067303477517
pilot_v1_r2_mu010,R2,R2,0.25,0.1,patchy_high,64,3,5000,0.049378478467654786,0.5487554920470834,0.3314208984375,0.15271577380952378,0.04321596346798654,0.01172222328107829,1.1839445513889073,153,0.11058111077767062,0.08046460379884424
pilot_v1_r2_mu010,R2,R2,0.25,0.1,split_high_low,32,3,5000,0.284808007760651,0.4714932138583767,0.30419921875,0.22253024193548387,0.2851490739130545,0.006874928025924723,0.6943677306183971,45,0.3107859578005407,0.30169952849025905
pilot_v1_r2_mu010,R2,R2,0.25,0.1,split_high_low,64,3,5000,0.08529149917908761,0.7207941442652142,0.4190673828125,0.17664930555555552,0.1383255155494116,0.013617271790070612,1.3753444507971317,178,0.12681288182320688,0.11060619666347093
pilot_v1_r2_mu010,R2,R2,0.25,0.1,uniform_high,32,4,5000,0.22222161545802013,0.3693866737481033,0.2509765625,0.13356854838709678,0.08968970586617499,0.008244438858940046,0.8326883247529445,54,0.2658462507639729,0.24120280419731976
pilot_v1_r2_mu010,R2,R2,0.25,0.1,uniform_high,64,4,5000,0.07416773100687171,0.5823575644783532,0.326171875,0.14384920634920634,-0.12415417104884018,0.0095884465476035,0.9684331013079535,125,0.10424366231520114,0.07456242427080262
pilot_v1_r2_mu010,R2,R2,0.25,0.1,patchy_high,32,4,5000,0.2192218536570362,0.37894016546748244,0.224609375,0.14213709677419356,0.2075997184430728,0.00626772915038845,0.6330406441892334,41,0.25275827418460917,0.22839541160495924
pilot_v1_r2_mu010,R2,R2,0.25,0.1,patchy_high,64,4,5000,0.07336972997073639,0.5688258823459458,0.309814453125,0.15178571428571427,0.13196577581477162,0.008517483479562975,0.8602658314358604,111,0.15901905294337945,0.13200182495460783
pilot_v1_r2_mu010,R2,R2,0.25,0.1,split_high_low,32,4,5000,0.211767461492872,0.4615925490097883,0.24462890625,0.15398185483870966,0.13725270326150327,0.006735271022629999,0.6802623732856299,44,0.24892068150848445,0.22359617818512434
pilot_v1_r2_mu010,R2,R2,0.25,0.1,split_high_low,64,4,5000,0.06423889478874342,0.6451311524876899,0.2928466796875,0.17683531746031744,-0.033238972795540736,0.008972708333167493,0.9062435416499168,117,0.08815556683524942,0.06425299422495058
pilot_v1_r2_mu010,R2,R2,0.25,0.1,uniform_high,32,5,5000,0.26766455649807147,0.3490026501347532,0.3115234375,0.13407258064516128,-0.18943203735377565,0.003060682148729427,0.3091288970216721,20,0.28371220966824134,0.26632732407297266
pilot_v1_r2_mu010,R2,R2,0.25,0.1,uniform_high,64,5,5000,0.07892718548119483,0.6272907746182863,0.344482421875,0.15215773809523808,0.09130690993565271,0.012389310033943031,1.2513203134282462,162,0.1174000001861673,0.08453897244743283
pilot_v1_r2_mu010,R2,R2,0.25,0.1,patchy_high,32,5,5000,0.265194353153628,0.32627451157980003,0.30322265625,0.14516129032258066,0.0,0.003360604806469261,0.33942108545339533,22,0.2821561536026951,0.2637589543264375
pilot_v1_r2_mu010,R2,R2,0.25,0.1,patchy_high,64,5,5000,0.07794379688543811,0.6154733477625425,0.3271484375,0.15885416666666666,0.06280742930213279,0.012235181453463542,1.2357533267998178,160,0.11973482393944125,0.09318419617158571
pilot_v1_r2_mu010,R2,R2,0.25,0.1,split_high_low,32,5,5000,0.2643618318645525,0.4596774030285118,0.318359375,0.14339717741935482,0.03940552031195504,0.004746807417772195,0.47942754919499164,31,0.31748732528294615,0.29158387140854314
pilot_v1_r2_mu010,R2,R2,0.25,0.1,split_high_low,64,5,5000,0.13503441327924956,0.6935221304193604,0.3475341796875,0.20052083333333334,0.22053564866828476,0.010558261568545392,1.0663844184230846,138,0.16804757718968755,0.1551802412482527
pilot_v1_r2_mu010,R2,R2,0.25,0.1,uniform_high,32,6,5000,0.28438161870697226,0.4090759847340555,0.30859375,0.11592741935483872,0.19548569999955004,0.005960775787802877,0.6020383545680906,39,0.3031707298537022,0.2806135060356987
pilot_v1_r2_mu010,R2,R2,0.25,0.1,uniform_high,64,6,5000,0.04965852412425424,0.6687197961628224,0.4134521484375,0.17354910714285715,0.23396569502825065,0.01725614235876206,1.7428703782349682,226,0.09180838445166907,0.05863529457042938
pilot_v1_r2_mu010,R2,R2,0.25,0.1,patchy_high,32,6,5000,0.29112098232880973,0.3988349041182111,0.26611328125,0.11920362903225806,0.05680190971230733,0.005970114006033884,0.6029815146094223,39,0.3407878667385098,0.3086856049366955
pilot_v1_r2_mu010,R2,R2,0.25,0.1,patchy_high,64,6,5000,0.04818103023367461,0.6497471356211573,0.361083984375,0.1956845238095238,0.04962582455458511,0.016946802307319566,1.7116270330392762,222,0.10840794811633296,0.0819367534166403
pilot_v1_r2_mu010,R2,R2,0.25,0.1,split_high_low,32,6,5000,0.23186746456342508,0.40327949798213925,0.29736328125,0.0486391129032258,0.0813451834782084,0.005514326030098545,0.556946929039953,36,0.29387079501296615,0.27527232395775636
pilot_v1_r2_mu010,R2,R2,0.25,0.1,split_high_low,64,6,5000,0.05611042809872422,0.7350241566982054,0.3892822265625,0.18880208333333331,0.10459527207369815,0.01839177378698791,1.857569152485779,241,0.1021648707778524,0.08133326600424624
pilot_v1_r2_mu010,R2,R2,0.25,0.1,uniform_high,32,7,5000,0.2507799338262252,0.32163036951615,0.26025390625,0.04863911290322581,0.09433332612731564,0.002295525132133312,0.23184803834546452,15,0.2705331539146034,0.2503089867441584
pilot_v1_r2_mu010,R2,R2,0.25,0.1,uniform_high,64,7,5000,0.09127413624854787,0.638494936969001,0.34326171875,0.15593998015873017,-0.08807069630145695,0.010651795874540567,1.0758313833285973,139,0.11845310085488323,0.091530784582573
pilot_v1_r2_mu010,R2,R2,0.25,0.1,patchy_high,32,7,5000,0.275087296101726,0.2991975099737023,0.255859375,0.0,nan,0.005049145753587231,0.5099637211123104,33,0.2980150600340528,0.27499709221583274
pilot_v1_r2_mu010,R2,R2,0.25,0.1,patchy_high,64,7,5000,0.0919949835693809,0.634385556662505,0.3480224609375,0.13200644841269843,0.014364486052568601,0.00965668181318368,0.9753248631315518,126,0.1150676204632297,0.09170771394539383
pilot_v1_r2_mu010,R2,R2,0.25,0.1,split_high_low,32,7,5000,0.3135017613060946,0.4961702719120604,0.2431640625,0.13130040322580647,0.053452248382484885,0.008874930836567806,0.8963680144933484,58,0.32783953453421977,0.3152205122811422
pilot_v1_r2_mu010,R2,R2,0.25,0.1,split_high_low,64,7,5000,0.16325821183095243,0.7203406123022187,0.3822021484375,0.11309523809523808,0.13259288069595498,0.011789799209023639,1.1907697201113876,154,0.22958267111687525,0.2204003947028724
pilot_v1_r2_mu010,R2,R2,0.25,0.1,uniform_high,32,8,5000,0.25294780725105415,0.39099695504138143,0.29296875,0.13659274193548387,0.23851391759997756,0.010233063071973813,1.0335393702693552,67,0.2810415122489202,0.25568875457209916
pilot_v1_r2_mu010,R2,R2,0.25,0.1,uniform_high,64,8,5000,0.0398698505004067,0.7427833458857003,0.3831787109375,0.1589781746031746,-0.09021102257685693,0.018830184363250263,1.9018486206882765,247,0.07713980882952978,0.0398816356156127
pilot_v1_r2_mu010,R2,R2,0.25,0.1,patchy_high,32,8,5000,0.26335827793373046,0.3890322470817802,0.359375,0.1484375,-0.09673016668133488,0.01112853401866807,1.123981935885475,73,0.28305646212034674,0.255296783558771
pilot_v1_r2_mu010,R2,R2,0.25,0.1,patchy_high,64,8,5000,0.040976726820901296,0.761755730580969,0.3941650390625,0.19872271825396826,0.12424273686742913,0.017866609839515327,1.804527593791048,234,0.11518070995833468,0.06998400704700031
pilot_v1_r2_mu010,R2,R2,0.25,0.1,split_high_low,32,8,5000,0.31187883105158887,0.5056409830646285,0.3720703125,0.19228830645161288,-0.1526762041381148,0.014023748713070659,1.4163986200201366,92,0.3274092314602892,0.31299102375342847
pilot_v1_r2_mu010,R2,R2,0.25,0.1,split_high_low,64,8,5000,0.08924425290656277,0.7522935122446688,0.3919677734375,0.16102430555555555,0.011941628680530642,0.01748481925623626,1.7659667448798624,229,0.11339671521309612,0.09311969651666223
pilot_v1_r2_mu010,R2,R2,0.25,0.1,uniform_high,32,9,5000,0.30100050527603217,0.2903922735158633,0.28857421875,0.14138104838709678,0.0445435403187374,0.005960775787802877,0.6020383545680906,39,0.3128593947425175,0.30115902245076454
pilot_v1_r2_mu010,R2,R2,0.25,0.1,uniform_high,64,9,5000,0.04923548068740129,0.4988387509836607,0.346435546875,0.1238219246031746,0.10462747009572408,0.010341876917885814,1.0445295687064673,135,0.08522559013373532,0.05801944605332571
pilot_v1_r2_mu010,R2,R2,0.25,0.1,patchy_high,32,9,5000,0.29147005496026557,0.2851979454976261,0.298828125,0.09274193548387097,0.0,0.00578623239428642,0.5844094718229285,38,0.3150295317205885,0.3036006185811737
pilot_v1_r2_mu010,R2,R2,0.25,0.1,patchy_high,64,9,5000,0.049664038500252604,0.4942713241398451,0.35791015625,0.1424231150793651,0.26974995838571975,0.010186561409246973,1.0288427023339444,133,0.08533636173694142,0.0500031128000663
pilot_v1_r2_mu010,R2,R2,0.25,0.1,split_high_low,32,9,5000,0.22826590149011738,0.3902133507961427,0.2734375,0.14012096774193547,0.16342704347623882,0.006879436526864262,0.6948230892132905,45,0.2507194489466636,0.2284580512863084
pilot_v1_r2_mu010,R2,R2,0.25,0.1,split_high_low,64,9,5000,0.08626636869710143,0.6068800647304735,0.401611328125,0.1519717261904762,0.04081916011224158,0.008739208948030024,0.8826601037510324,114,0.11141118418029562,0.09407602766079025
pilot_v1_r0_r2_mu010,"R0 (theta=0.25, matched mu=0.1)",R0,0.25,0.1,uniform_high,32,0,5000,0.26707203487079,0.3219833533172334,0.28271484375,0.04284274193548387,0.17821836774164518,0.003677004551975775,0.3713774597495533,24,0.3166353429102295,0.3021392223131972
pilot_v1_r0_r2_mu010,"R0 (theta=0.25, matched mu=0.1)",R0,0.25,0.1,uniform_high,64,0,5000,0.033111588214183,0.528530668744595,0.37109375,0.1613343253968254,0.2499909582451732,0.013915988196428806,1.4055148078393094,182,0.07287505564118535,0.03553998690808485
pilot_v1_r0_r2_mu010,"R0 (theta=0.25, matched mu=0.1)",R0,0.25,0.1,patchy_high,32,0,5000,0.2965698312197238,0.3223362762378075,0.24755859375,0.0889616935483871,0.07377111135633174,0.0032212165760404357,0.325342874180084,21,0.311008896708614,0.2963356212347738
pilot_v1_r0_r2_mu010,"R0 (theta=0.25, matched mu=0.1)",R0,0.25,0.1,patchy_high,64,0,5000,0.03379338982633036,0.5251037975713899,0.3660888671875,0.14998759920634921,-0.07064447993458298,0.01102702475223133,1.1137294999753642,144,0.0795149066878048,0.048129863698961384
pilot_v1_r0_r2_mu010,"R0 (theta=0.25, matched mu=0.1)",R0,0.25,0.1,split_high_low,32,0,5000,0.3778509575690023,0.5025760242721831,0.2822265625,0.15045362903225806,-0.12617605957530234,0.004444523164302125,0.44889683959451465,29,0.3774456277210702,0.37298734712246095
pilot_v1_r0_r2_mu010,"R0 (theta=0.25, matched mu=0.1)",R0,0.25,0.1,split_high_low,64,0,5000,0.08243486470045833,0.6262320182573666,0.3388671875,0.18272569444444445,0.09730672655996822,0.012007602118628325,1.2127678139814608,157,0.11190239772607362,0.09160873686309122
pilot_v1_r0_r2_mu010,"R0 (theta=0.25, matched mu=0.1)",R0,0.25,0.1,uniform_high,32,1,5000,0.3022513268569589,0.4299904101516543,0.28125,0.0486391129032258,0.08712136837380642,0.0021466905187835453,0.21681574239713808,14,0.3186613661472648,0.30174305074819413
pilot_v1_r0_r2_mu010,"R0 (theta=0.25, matched mu=0.1)",R0,0.25,0.1,uniform_high,64,1,5000,0.04130144956132546,0.6569170267473177,0.374267578125,0.19419642857142858,0.0,0.01453465185980728,1.4679998378405352,190,0.12172611818429718,0.09350102802541936
pilot_v1_r0_r2_mu010,"R0 (theta=0.25, matched mu=0.1)",R0,0.25,0.1,patchy_high,32,1,5000,0.3205373266770251,0.4068163401655649,0.28125,0.042842741935483875,0.17424273674761284,0.0021466905187835453,0.21681574239713808,14,0.3521396755651956,0.3408242163108084
pilot_v1_r0_r2_mu010,"R0 (theta=0.25, matched mu=0.1)",R0,0.25,0.1,patchy_high,64,1,5000,0.04182273258749138,0.6424645745952517,0.3900146484375,0.17553323412698413,-0.05667746790226606,0.016434806371323638,1.6599154435036874,215,0.11211066016939199,0.06831395264720144
pilot_v1_r0_r2_mu010,"R0 (theta=0.25, matched mu=0.1)",R0,0.25,0.1,split_high_low,32,1,5000,0.29827122963449576,0.5475531577395636,0.24169921875,0.060231854838709666,-0.09868274229828966,0.00214432892305331,0.2165772212283843,14,0.3570476125284943,0.3471034313815746
pilot_v1_r0_r2_mu010,"R0 (theta=0.25, matched mu=0.1)",R0,0.25,0.1,split_high_low,64,1,5000,0.11425994025335853,0.7079266041095766,0.4068603515625,0.14856150793650796,0.05367979137255424,0.01157392380515416,1.1689663043205702,151,0.12202257018715076,0.10254419209019952
pilot_v1_r0_r2_mu010,"R0 (theta=0.25, matched mu=0.1)",R0,0.25,0.1,uniform_high,32,2,5000,0.22468855586292882,0.29723309554931054,0.31982421875,0.0,nan,0.002446667258868347,0.24711339314570302,16,0.24281865417182072,0.22449918620848103
pilot_v1_r0_r2_mu010,"R0 (theta=0.25, matched mu=0.1)",R0,0.25,0.1,uniform_high,64,2,5000,0.06855207173872964,0.5783216100678976,0.365966796875,0.19115823412698413,-0.013254046208125736,0.013776491903715998,1.3914256822753157,180,0.14997515492790986,0.1291773734994808
pilot_v1_r0_r2_mu010,"R0 (theta=0.25, matched mu=0.1)",R0,0.25,0.1,patchy_high,32,2,5000,0.22495330455506354,0.29362663038955583,0.2978515625,0.0,nan,0.002444305663138111,0.24687487197694924,16,0.24847996153276686,0.2248127966614058
pilot_v1_r0_r2_mu010,"R0 (theta=0.25, matched mu=0.1)",R0,0.25,0.1,patchy_high,64,2,5000,0.0691213359450363,0.5782155155839599,0.36279296875,0.20442708333333331,-0.1419739003214338,0.011859792178432423,1.1978390100216747,155,0.15268618973184708,0.1349259161463684
pilot_v1_r0_r2_mu010,"R0 (theta=0.25, matched mu=0.1)",R0,0.25,0.1,split_high_low,32,2,5000,0.2657555101239478,0.47984485130069965,0.24169921875,0.0889616935483871,0.07302967433402216,0.003972258100600106,0.40119806816061065,26,0.2795159422962265,0.2653723704172617
pilot_v1_r0_r2_mu010,"R0 (theta=0.25, matched mu=0.1)",R0,0.25,0.1,split_high_low,64,2,5000,0.076928048302392,0.6965229472003573,0.32568359375,0.16573660714285715,-0.014794281451080138,0.011943228306741587,1.2062660589809002,156,0.1046533972078348,0.08470605737654024
pilot_v1_r0_r2_mu010,"R0 (theta=0.25, matched mu=0.1)",R0,0.25,0.1,uniform_high,32,3,5000,0.1798308724961556,0.2702556329895547,0.2705078125,0.0,nan,0.002907178426264157,0.29362502105267985,19,0.22824734206610914,0.19992404688068205
pilot_v1_r0_r2_mu010,"R0 (theta=0.25, matched mu=0.1)",R0,0.25,0.1,uniform_high,64,3,5000,0.0483800951239348,0.5414187476912422,0.3319091796875,0.18235367063492064,-0.04821260422141847,0.0117880285096938,1.1905908794790738,154,0.11352005721763511,0.08612558262316888
pilot_v1_r0_r2_mu010,"R0 (theta=0.25, matched mu=0.1)",R0,0.25,0.1,patchy_high,32,3,5000,0.1796771798664941,0.24447857557130503,0.30517578125,0.0,nan,0.0027559822171841545,0.2783542039355996,18,0.2090286647592151,0.1798068227660889
pilot_v1_r0_r2_mu010,"R0 (theta=0.25, matched mu=0.1)",R0,0.25,0.1,patchy_high,64,3,5000,0.04922529299914359,0.5480358106565701,0.331787109375,0.17410714285714285,-0.1513068831672006,0.01172222328107829,1.1839445513889073,153,0.1478123054647827,0.12225406972217207
pilot_v1_r0_r2_mu010,"R0 (theta=0.25, matched mu=0.1)",R0,0.25,0.1,split_high_low,32,3,5000,0.28478109131055024,0.47103161616412437,0.27294921875,0.1461693548387097,0.15311180047019055,0.006874928025924723,0.6943677306183971,45,0.31286572673782986,0.3019340407480689
pilot_v1_r0_r2_mu010,"R0 (theta=0.25, matched mu=0.1)",R0,0.25,0.1,split_high_low,64,3,5000,0.0757653719044331,0.7192156564346739,0.3662109375,0.17844742063492064,0.10060207375628455,0.013617271790070612,1.3753444507971317,178,0.12343923458777732,0.1073972806101826
pilot_v1_r0_r2_mu010,"R0 (theta=0.25, matched mu=0.1)",R0,0.25,0.1,uniform_high,32,4,5000,0.2352757321399518,0.3649199866308792,0.2861328125,0.14894153225806453,-0.045501575519329006,0.008244438858940046,0.8326883247529445,54,0.2758174417912471,0.2536367294873445
pilot_v1_r0_r2_mu010,"R0 (theta=0.25, matched mu=0.1)",R0,0.25,0.1,uniform_high,64,4,5000,0.07399604373746968,0.5853648977303669,0.3231201171875,0.17739335317460314,0.1293133146451505,0.0095884465476035,0.9684331013079535,125,0.12646228889295036,0.09306686163382244
pilot_v1_r0_r2_mu010,"R0 (theta=0.25, matched mu=0.1)",R0,0.25,0.1,patchy_high,32,4,5000,0.21746061003985612,0.37519435010981494,0.259765625,0.16255040322580644,-0.13801311186847082,0.00626772915038845,0.6330406441892334,41,0.2654305924036535,0.24189389986870025
pilot_v1_r0_r2_mu010,"R0 (theta=0.25, matched mu=0.1)",R0,0.25,0.1,patchy_high,64,4,5000,0.07341856533799244,0.5703389333686459,0.3717041015625,0.14384920634920634,-0.026297584151910854,0.008517483479562975,0.8602658314358604,111,0.11344773615034376,0.08299946631446145
pilot_v1_r0_r2_mu010,"R0 (theta=0.25, matched mu=0.1)",R0,0.25,0.1,split_high_low,32,4,5000,0.20815497986117554,0.46418427479811,0.26123046875,0.11743951612903225,0.08154355063002008,0.006735271022629999,0.6802623732856299,44,0.2750699456192826,0.24057856281987766
pilot_v1_r0_r2_mu010,"R0 (theta=0.25, matched mu=0.1)",R0,0.25,0.1,split_high_low,64,4,5000,0.0643516128147919,0.6443235229220086,0.3341064453125,0.21261160714285715,-0.013465494905398083,0.008972708333167493,0.9062435416499168,117,0.08394470124376872,0.06423928185843965
pilot_v1_r0_r2_mu010,"R0 (theta=0.25, matched mu=0.1)",R0,0.25,0.1,uniform_high,32,5,5000,0.267649002223161,0.34955615423642916,0.318359375,0.09274193548387097,0.0,0.003060682148729427,0.3091288970216721,20,0.2841101160081578,0.26632732124231373
pilot_v1_r0_r2_mu010,"R0 (theta=0.25, matched mu=0.1)",R0,0.25,0.1,uniform_high,64,5,5000,0.09254309913800463,0.6268313801994216,0.3133544921875,0.15290178571428573,-0.10913601593968006,0.012389310033943031,1.2513203134282462,162,0.11336167033830775,0.09258745796745992
pilot_v1_r0_r2_mu010,"R0 (theta=0.25, matched mu=0.1)",R0,0.25,0.1,patchy_high,32,5,5000,0.2655704777134338,0.3241764955572757,0.30517578125,0.09652217741935484,-0.05702659485122011,0.003360604806469261,0.33942108545339533,22,0.28360021163889143,0.26390957726776515
pilot_v1_r0_r2_mu010,"R0 (theta=0.25, matched mu=0.1)",R0,0.25,0.1,patchy_high,64,5,5000,0.07795025152437994,0.6146583543122675,0.3759765625,0.15184771825396823,-0.013167266013794234,0.012235181453463542,1.2357533267998178,160,0.10333345573292706,0.07805019886537458
pilot_v1_r0_r2_mu010,"R0 (theta=0.25, matched mu=0.1)",R0,0.25,0.1,split_high_low,32,5,5000,0.26458581343946136,0.46837107510054565,0.2666015625,0.1539818548387097,-0.23622779563076704,0.004746807417772195,0.47942754919499164,31,0.28902168891297664,0.2657082731726925
pilot_v1_r0_r2_mu010,"R0 (theta=0.25, matched mu=0.1)",R0,0.25,0.1,split_high_low,64,5,5000,0.1348400225857154,0.6931304810526517,0.33837890625,0.14087301587301587,-0.12239532630895221,0.010558261568545392,1.0663844184230846,138,0.1508562779059156,0.13824602634520797
pilot_v1_r0_r2_mu010,"R0 (theta=0.25, matched mu=0.1)",R0,0.25,0.1,uniform_high,32,6,5000,0.2918853255713744,0.4111307739797134,0.2724609375,0.1466733870967742,0.26233033431358116,0.005960775787802877,0.6020383545680906,39,0.3084658783767256,0.2914464601496831
pilot_v1_r0_r2_mu010,"R0 (theta=0.25, matched mu=0.1)",R0,0.25,0.1,uniform_high,64,6,5000,0.04968431297752308,0.6676430892989904,0.34375,0.2042410714285714,0.07503096398904105,0.01725614235876206,1.7428703782349682,226,0.08131975594336761,0.05045810867339386
pilot_v1_r0_r2_mu010,"R0 (theta=0.25, matched mu=0.1)",R0,0.25,0.1,patchy_high,32,6,5000,0.2951993772318398,0.407467709242763,0.29833984375,0.0,nan,0.005970114006033884,0.6029815146094223,39,0.31436875034134754,0.29488973899605037
pilot_v1_r0_r2_mu010,"R0 (theta=0.25, matched mu=0.1)",R0,0.25,0.1,patchy_high,64,6,5000,0.04822829217970285,0.648871417273374,0.30517578125,0.1730530753968254,-0.014621148776883754,0.016946802307319566,1.7116270330392762,222,0.09865570923080529,0.06658940027476158
pilot_v1_r0_r2_mu010,"R0 (theta=0.25, matched mu=0.1)",R0,0.25,0.1,split_high_low,32,6,5000,0.23279091142427163,0.394725729753727,0.24853515625,0.09299395161290322,0.07027283689263064,0.005514326030098545,0.556946929039953,36,0.3341967415205494,0.3158131060082486
pilot_v1_r0_r2_mu010,"R0 (theta=0.25, matched mu=0.1)",R0,0.25,0.1,split_high_low,64,6,5000,0.0506230130719286,0.7398727638641021,0.3167724609375,0.1980406746031746,-0.17760731757222906,0.01839177378698791,1.857569152485779,241,0.07934457964710574,0.050275845642335906
pilot_v1_r0_r2_mu010,"R0 (theta=0.25, matched mu=0.1)",R0,0.25,0.1,uniform_high,32,7,5000,0.2507797508720445,0.32078342283709516,0.26416015625,0.0,nan,0.002295525132133312,0.23184803834546452,15,0.272019464942078,0.2503091302670547
pilot_v1_r0_r2_mu010,"R0 (theta=0.25, matched mu=0.1)",R0,0.25,0.1,uniform_high,64,7,5000,0.09218435356717519,0.6388272361748002,0.333984375,0.16145833333333331,-0.06255777731473981,0.010651795874540567,1.0758313833285973,139,0.11791953047247491,0.09100606470663218
pilot_v1_r0_r2_mu010,"R0 (theta=0.25, matched mu=0.1)",R0,0.25,0.1,patchy_high,32,7,5000,0.3005646797214469,0.2974350677659463,0.26513671875,0.13079637096774194,-0.057306825506125286,0.005049145753587231,0.5099637211123104,33,0.3727716120892463,0.3652649990084671
pilot_v1_r0_r2_mu010,"R0 (theta=0.25, matched mu=0.1)",R0,0.25,0.1,patchy_high,64,7,5000,0.09201981056317327,0.631739637084612,0.3402099609375,0.16685267857142855,-0.07509701408239547,0.00965668181318368,0.9753248631315518,126,0.14487550538586527,0.11373032651326805
pilot_v1_r0_r2_mu010,"R0 (theta=0.25, matched mu=0.1)",R0,0.25,0.1,split_high_low,32,7,5000,0.29551744328461427,0.4951497660383748,0.24560546875,0.15700604838709678,-0.043195939772483115,0.008874930836567806,0.8963680144933484,58,0.30815499617504677,0.2944701065782999
pilot_v1_r0_r2_mu010,"R0 (theta=0.25, matched mu=0.1)",R0,0.25,0.1,split_high_low,64,7,5000,0.18072184016995338,0.7054217210148048,0.3343505859375,0.15432787698412698,-0.13340141265016836,0.011789799209023639,1.1907697201113876,154,0.2153213484628043,0.20854655074703124
pilot_v1_r0_r2_mu010,"R0 (theta=0.25, matched mu=0.1)",R0,0.25,0.1,uniform_high,32,8,5000,0.24165548709827692,0.39991720399439523,0.322265625,0.12903225806451613,0.0,0.010233063071973813,1.0335393702693552,67,0.2625445100015839,0.2374762848404636
pilot_v1_r0_r2_mu010,"R0 (theta=0.25, matched mu=0.1)",R0,0.25,0.1,uniform_high,64,8,5000,0.03986972939635204,0.7436620959456022,0.361083984375,0.17528521825396826,0.012422599874998832,0.018830184363250263,1.9018486206882765,247,0.07359208144598685,0.03986834125671896
pilot_v1_r0_r2_mu010,"R0 (theta=0.25, matched mu=0.1)",R0,0.25,0.1,patchy_high,32,8,5000,0.25254341349794773,0.4055318149773577,0.31982421875,0.09652217741935484,-0.055684604638970445,0.01112853401866807,1.123981935885475,73,0.27885642476212,0.25189655705535835
pilot_v1_r0_r2_mu010,"R0 (theta=0.25, matched mu=0.1)",R0,0.25,0.1,patchy_high,64,8,5000,0.041091278228916756,0.7615264283501555,0.3646240234375,0.18198164682539683,0.05856521650590677,0.017866609839515327,1.804527593791048,234,0.130417902379457,0.10015315166612819
pilot_v1_r0_r2_mu010,"R0 (theta=0.25, matched mu=0.1)",R0,0.25,0.1,split_high_low,32,8,5000,0.31406652235076343,0.5106679267333951,0.34814453125,0.1255040322580645,0.38778336716474066,0.014023748713070659,1.4163986200201366,92,0.3580558547670437,0.35159749880566543
pilot_v1_r0_r2_mu010,"R0 (theta=0.25, matched mu=0.1)",R0,0.25,0.1,split_high_low,64,8,5000,0.08989670012647234,0.7509807352489553,0.37353515625,0.16356646825396826,0.12146613839470925,0.01748481925623626,1.7659667448798624,229,0.11198204823897012,0.08973252507161807
pilot_v1_r0_r2_mu010,"R0 (theta=0.25, matched mu=0.1)",R0,0.25,0.1,uniform_high,32,9,5000,0.30110503769058217,0.29268906167209363,0.27197265625,0.1333165322580645,0.04724555912615341,0.005960775787802877,0.6020383545680906,39,0.32238612994237265,0.3102182219159687
pilot_v1_r0_r2_mu010,"R0 (theta=0.25, matched mu=0.1)",R0,0.25,0.1,uniform_high,64,9,5000,0.0490981307144604,0.4973440495127255,0.3507080078125,0.16263640873015875,-0.13181640873146153,0.010341876917885814,1.0445295687064673,135,0.08814153003678878,0.05811547743186882
pilot_v1_r0_r2_mu010,"R0 (theta=0.25, matched mu=0.1)",R0,0.25,0.1,patchy_high,32,9,5000,0.291834468542973,0.29663050785964096,0.31201171875,0.1297883064516129,0.12598815766974242,0.00578623239428642,0.5844094718229285,38,0.3153164318526191,0.30346891395256065
pilot_v1_r0_r2_mu010,"R0 (theta=0.25, matched mu=0.1)",R0,0.25,0.1,patchy_high,64,9,5000,0.0497146601906151,0.4943112962384706,0.33154296875,0.1476314484126984,0.07404360971988655,0.010186561409246973,1.0288427023339444,133,0.08242411544995644,0.055368342768592774
pilot_v1_r0_r2_mu010,"R0 (theta=0.25, matched mu=0.1)",R0,0.25,0.1,split_high_low,32,9,5000,0.26527884872870755,0.3958482861600756,0.36474609375,0.14087701612903225,0.22771001702132443,0.006879436526864262,0.6948230892132905,45,0.366547565987167,0.35428909418783816
pilot_v1_r0_r2_mu010,"R0 (theta=0.25, matched mu=0.1)",R0,0.25,0.1,split_high_low,64,9,5000,0.086282056428603,0.6100984270177652,0.291259765625,0.15866815476190477,-0.18257418583505533,0.008739208948030024,0.8826601037510324,114,0.11064710930495124,0.09343105656814084
pilot_v1_r3_mu010,R3,R3,1.0,0.1,uniform_high,32,0,5000,0.2811762595187188,0.3122595194921822,0.1943359375,0.0486391129032258,0.1290322580645161,0.0032188549803102004,0.3251043530113302,21,0.30686579639042183,0.29297847288468365
pilot_v1_r3_mu010,R3,R3,1.0,0.1,uniform_high,64,0,5000,0.03311362833493031,0.5284560137482144,0.2977294921875,0.1446552579365079,0.04918466525931812,0.01170808692732755,1.1825167796600824,153,0.09175313240558564,0.047393595213664944
pilot_v1_r3_mu010,R3,R3,1.0,0.1,patchy_high,32,0,5000,0.2964720390897982,0.3237252657387817,0.2197265625,0.08518145161290322,0.16329931618554522,0.0038281466787108095,0.38664281454979177,25,0.3133096774768864,0.2964079565568196
pilot_v1_r3_mu010,R3,R3,1.0,0.1,patchy_high,64,0,5000,0.03382810292901307,0.5251566215894392,0.271484375,0.20089285714285715,0.1040141006449737,0.012390913413475495,1.251482254761025,162,0.08418381178488166,0.0370289016454394
pilot_v1_r3_mu010,R3,R3,1.0,0.1,split_high_low,32,0,5000,0.3757323342708957,0.50489510291023,0.2451171875,0.11038306451612903,0.3675814405158154,0.004593357777651892,0.4639291355428411,30,0.38077679767364747,0.3754648318185424
pilot_v1_r3_mu010,R3,R3,1.0,0.1,split_high_low,64,0,5000,0.07099535561048143,0.6393667911019056,0.3255615234375,0.1616443452380952,0.29249055606802893,0.01079998550914497,1.090798536423642,141,0.09637260321848926,0.07091302861797161
pilot_v1_r3_mu010,R3,R3,1.0,0.1,uniform_high,32,1,5000,0.3023109145405379,0.42996017482893456,0.22412109375,0.06023185483870967,-0.10479250341244922,0.002139605731592839,0.21610017889087674,14,0.31966166867021617,0.3018827396010546
pilot_v1_r3_mu010,R3,R3,1.0,0.1,uniform_high,64,1,5000,0.041128422688438554,0.6568913865264252,0.297119140625,0.16604662698412698,0.03224338889377829,0.013997693878872355,1.4137670817661079,183,0.1512383404766225,0.12902945188488746
pilot_v1_r3_mu010,R3,R3,1.0,0.1,patchy_high,32,1,5000,0.32051924320330427,0.4076587249397885,0.25927734375,0.04284274193548387,0.19031442722792258,0.002139605731592839,0.21610017889087674,14,0.334023467262196,0.3198324880000058
pilot_v1_r3_mu010,R3,R3,1.0,0.1,patchy_high,64,1,5000,0.04135852481772824,0.6390878042492376,0.2818603515625,0.21515376984126985,-0.13420110701298454,0.015672683285632844,1.5829410118489173,205,0.14850178443643575,0.1245873422469921
pilot_v1_r3_mu010,R3,R3,1.0,0.1,split_high_low,32,1,5000,0.29878862423052477,0.5477193900296935,0.23828125,0.0,nan,0.00214432892305331,0.2165772212283843,14,0.36651728690428637,0.357915069697195
pilot_v1_r3_mu010,R3,R3,1.0,0.1,split_high_low,64,1,5000,0.11431808491655664,0.7037753235716653,0.2596435546875,0.18247767857142855,-0.020573779994945588,0.012175642114382273,1.2297398535526096,159,0.17297287627461463,0.15560275098755233
pilot_v1_r3_mu010,R3,R3,1.0,0.1,uniform_high,32,2,5000,0.22496794483473154,0.29710212868687313,0.27294921875,0.0,nan,0.002432712375007866,0.24570394987579447,16,0.24278194801717473,0.22449918605835958
pilot_v1_r3_mu010,R3,R3,1.0,0.1,uniform_high,64,2,5000,0.06862011420062485,0.5781871588576122,0.3289794921875,0.1440972222222222,-0.05877270993842334,0.01217672779627735,1.2298495074240123,159,0.1106436537744545,0.08337065263473821
pilot_v1_r3_mu010,R3,R3,1.0,0.1,patchy_high,32,2,5000,0.22499604039390037,0.293349651539182,0.28564453125,0.0,nan,0.002444305663138111,0.24687487197694924,16,0.24858550929734285,0.22481279768926563
pilot_v1_r3_mu010,R3,R3,1.0,0.1,patchy_high,64,2,5000,0.06900125779838724,0.5791508857724403,0.302734375,0.17553323412698413,0.04646766902382151,0.0135389131533108,1.3674302284843907,177,0.11004217842970991,0.08075455781178116
pilot_v1_r3_mu010,R3,R3,1.0,0.1,split_high_low,32,2,5000,0.26582911323588254,0.47975625314460846,0.3203125,0.12298387096774194,0.0,0.0039769272097156085,0.4016696481812765,26,0.27960802256619866,0.2654741794339773
pilot_v1_r3_mu010,R3,R3,1.0,0.1,split_high_low,64,2,5000,0.08666840749936916,0.6983133017760603,0.240966796875,0.12481398809523808,0.18948418223996677,0.01332417845942974,1.3457420244024036,174,0.12142759177719549,0.10094982678434312
pilot_v1_r3_mu010,R3,R3,1.0,0.1,uniform_high,32,3,5000,0.17983103644475285,0.2672689154054195,0.2607421875,0.0,nan,0.00245133636798385,0.24758497316636885,16,0.2263826453456552,0.19992243284319067
pilot_v1_r3_mu010,R3,R3,1.0,0.1,uniform_high,64,3,5000,0.04841357190863948,0.5393263315437788,0.3026123046875,0.16102430555555555,0.09036554505346997,0.013774795411493629,1.3912543365608565,180,0.09961594010920978,0.07358375248700616
pilot_v1_r3_mu010,R3,R3,1.0,0.1,patchy_high,32,3,5000,0.17967486246286565,0.2455823210782162,0.2939453125,0.0,nan,0.002444305663138111,0.24687487197694924,16,0.20882315327248097,0.17980672272741896
pilot_v1_r3_mu010,R3,R3,1.0,0.1,patchy_high,64,3,5000,0.04928244049835154,0.5491259422814958,0.3389892578125,0.14577132936507936,0.2549500904378066,0.013326043813880712,1.345930425201952,174,0.09909877945701778,0.07167472976243487
pilot_v1_r3_mu010,R3,R3,1.0,0.1,split_high_low,32,3,5000,0.2781272201702556,0.47082596959678513,0.271484375,0.11365927419354839,-0.3253000243161777,0.006888774745095269,0.6957662492546222,45,0.3278690565263549,0.31605232988910337
pilot_v1_r3_mu010,R3,R3,1.0,0.1,split_high_low,64,3,5000,0.0756141047396524,0.7207186719653638,0.303955078125,0.1593501984126984,0.1303270424902149,0.014532799617304457,1.46781276134775,190,0.12059439635601166,0.10294480654243746
pilot_v1_r3_mu010,R3,R3,1.0,0.1,uniform_high,32,4,5000,0.22128646109728278,0.3677222186885418,0.263671875,0.13205645161290322,0.19682713252204917,0.007653931761691384,0.7730471079308298,50,0.2821737392323513,0.25042756349745304
pilot_v1_r3_mu010,R3,R3,1.0,0.1,uniform_high,64,4,5000,0.07419491485352696,0.5839616272282728,0.263916015625,0.19301835317460317,0.016476468647377597,0.008518671142635097,0.8603857854061447,111,0.13236374215734428,0.10700225474289653
pilot_v1_r3_mu010,R3,R3,1.0,0.1,patchy_high,32,4,5000,0.2170475910142096,0.37763994206662765,0.1884765625,0.1393649193548387,0.5176775776887457,0.0059607217054579095,0.6020328922512489,39,0.2651786889881041,0.24531431995841724
pilot_v1_r3_mu010,R3,R3,1.0,0.1,patchy_high,64,4,5000,0.07400299129968146,0.5679046015028713,0.2606201171875,0.19320436507936506,-0.10457739712320042,0.009359100524005626,0.9452691529245683,122,0.20260887572840766,0.18767102571799532
pilot_v1_r3_mu010,R3,R3,1.0,0.1,split_high_low,32,4,5000,0.22108291173441008,0.44538227847414236,0.20703125,0.1774193548387097,-0.09245003270420485,0.0076353077687153995,0.7711660846402554,50,0.2965062688126416,0.2750638000540719
pilot_v1_r3_mu010,R3,R3,1.0,0.1,split_high_low,64,4,5000,0.06428308166750173,0.6445787817257975,0.2860107421875,0.19897073412698413,-0.01632319968685835,0.009887873895771488,0.9986752634729203,129,0.12298697697582059,0.10468795200939342
pilot_v1_r3_mu010,R3,R3,1.0,0.1,uniform_high,32,5,5000,0.26774574235672216,0.3476336840661265,0.26904296875,0.09652217741935484,-0.06611796049072861,0.0030629896621146946,0.30936195587358417,20,0.28419062272268675,0.2663273229380301
pilot_v1_r3_mu010,R3,R3,1.0,0.1,uniform_high,64,5,5000,0.09266586597592057,0.6263821757571699,0.2933349609375,0.16108630952380953,-0.03565340657590458,0.012394421177803866,1.2518365389581905,162,0.11271993538119435,0.09258614802527411
pilot_v1_r3_mu010,R3,R3,1.0,0.1,patchy_high,32,5,5000,0.26524406621779606,0.31687623940075205,0.2978515625,0.12903225806451613,0.0,0.003672281360515304,0.3709004174120457,24,0.282097658919658,0.26387543182371603
pilot_v1_r3_mu010,R3,R3,1.0,0.1,patchy_high,64,5,5000,0.07790115144897024,0.6156552510424995,0.267822265625,0.14967757936507933,0.11148690400964298,0.011009513476275865,1.1119608611038623,144,0.10127570473785635,0.07782773351881239
pilot_v1_r3_mu010,R3,R3,1.0,0.1,split_high_low,32,5,5000,0.26460847597229475,0.46487515234455645,0.2763671875,0.1328125,-0.043721722385596865,0.004125761823065376,0.41670194412960293,27,0.309917010329488,0.2903249901624959
pilot_v1_r3_mu010,R3,R3,1.0,0.1,split_high_low,64,5,5000,0.13488990589634897,0.6898525060007605,0.2679443359375,0.14818948412698413,0.1198330988467832,0.01079533714923607,1.090329052072843,141,0.15047658163461017,0.13803238230508733
pilot_v1_r3_mu010,R3,R3,1.0,0.1,uniform_high,32,6,5000,0.2814787659533577,0.4073109139562807,0.26611328125,0.04284274193548387,0.19031442722792258,0.005507241242907838,0.5562313655336917,36,0.3357992818847554,0.3199846074118529
pilot_v1_r3_mu010,R3,R3,1.0,0.1,uniform_high,64,6,5000,0.0496807752444154,0.6689473826171244,0.2666015625,0.1810515873015873,-0.03394755916906502,0.017259087818059137,1.743167869623973,226,0.10821873059152474,0.07651875365465766
pilot_v1_r3_mu010,R3,R3,1.0,0.1,patchy_high,32,6,5000,0.29588666613318915,0.40098530708680746,0.22900390625,0.06023185483870967,-0.10830607221477645,0.006279483046694659,0.6342277877161606,41,0.34846533822920034,0.29486282933937225
pilot_v1_r3_mu010,R3,R3,1.0,0.1,patchy_high,64,6,5000,0.04822843334993656,0.6493677894723351,0.2657470703125,0.21571180555555555,-0.08551851531978591,0.018705716966409155,1.8892774136073247,245,0.09333539760261864,0.06813125843054707
pilot_v1_r3_mu010,R3,R3,1.0,0.1,split_high_low,32,6,5000,0.24043884557961248,0.401689020595146,0.23681640625,0.16507056451612903,-0.05075913250845873,0.005814248687838378,0.5872391174716762,38,0.2729424207407671,0.2408416379260895
pilot_v1_r3_mu010,R3,R3,1.0,0.1,split_high_low,64,6,5000,0.05903039285374754,0.7421651068091273,0.2557373046875,0.17330109126984128,0.016911542981061366,0.018842493352260202,1.9030918285782805,247,0.08260954361963374,0.059626402535006555
pilot_v1_r3_mu010,R3,R3,1.0,0.1,uniform_high,32,7,5000,0.2507795130693833,0.32144587902506516,0.24658203125,0.04863911290322581,0.1016001016001524,0.002139659813937807,0.21610564120771847,14,0.2705331539146034,0.2503089867441584
pilot_v1_r3_mu010,R3,R3,1.0,0.1,uniform_high,64,7,5000,0.0912696839582387,0.6392493880833545,0.2476806640625,0.13814484126984125,0.08068622967065232,0.009426249175983314,0.9520511667743148,123,0.15367107198617413,0.133252257143626
pilot_v1_r3_mu010,R3,R3,1.0,0.1,patchy_high,32,7,5000,0.30015806230636,0.29908996165350876,0.244140625,0.054435483870967735,0.0,0.004888717852107219,0.49376050306282915,32,0.3450578221055619,0.3316483374649616
pilot_v1_r3_mu010,R3,R3,1.0,0.1,patchy_high,64,7,5000,0.0921055233682118,0.6310116304740421,0.280517578125,0.13919890873015872,0.15501624929965785,0.010500049645068297,1.060505014151898,137,0.12090164640425066,0.09438492571570908
pilot_v1_r3_mu010,R3,R3,1.0,0.1,split_high_low,32,7,5000,0.30069239087076644,0.4929660399862419,0.26171875,0.15977822580645162,0.09200874124564723,0.00872378870983277,0.8811026596931099,57,0.3252970201477142,0.308069135830943
pilot_v1_r3_mu010,R3,R3,1.0,0.1,split_high_low,64,7,5000,0.16908517021946717,0.7093326639370072,0.27392578125,0.15724206349206346,0.13882438749714268,0.011561117668428754,1.1676728845113042,151,0.1783524635144061,0.16515732476114406
pilot_v1_r3_mu010,R3,R3,1.0,0.1,uniform_high,32,8,5000,0.24189020201841724,0.40089209191818775,0.2412109375,0.15297379032258063,-0.05021623847698063,0.009309679141451957,0.9402775932866477,61,0.2697360767827388,0.24528598281382558
pilot_v1_r3_mu010,R3,R3,1.0,0.1,uniform_high,64,8,5000,0.03986972939635192,0.7427833615609483,0.258056640625,0.2162078373015873,-0.08502712798142949,0.01839880975342019,1.8582797850954391,241,0.137326607979023,0.11318331205442651
pilot_v1_r3_mu010,R3,R3,1.0,0.1,patchy_high,32,8,5000,0.2431506133742965,0.3949039646978836,0.267578125,0.12701612903225806,0.0,0.009621303252011972,0.9717516284532092,63,0.2704425050990485,0.24465257843239538
pilot_v1_r3_mu010,R3,R3,1.0,0.1,patchy_high,64,8,5000,0.040976727532943506,0.7616223016173667,0.2783203125,0.17987351190476192,0.12035915703197922,0.018620548117021542,1.8806753598191759,244,0.14510536232280874,0.12010649143315305
pilot_v1_r3_mu010,R3,R3,1.0,0.1,split_high_low,32,8,5000,0.32362169106548927,0.5049709366688839,0.28955078125,0.17943548387096775,0.06430527438921937,0.013872814783032044,1.4011542930862364,91,0.3517911077763705,0.34163893088963604
pilot_v1_r3_mu010,R3,R3,1.0,0.1,split_high_low,64,8,5000,0.08970155565430328,0.7526596522036679,0.2630615234375,0.19742063492063489,0.20293851577273642,0.01688247094566479,1.7051295655121437,221,0.11314070966949805,0.09309917941789932
pilot_v1_r3_mu010,R3,R3,1.0,0.1,uniform_high,32,9,5000,0.30106633786870324,0.29120322726474246,0.208984375,0.1323084677419355,-0.214422506967559,0.005660799047718076,0.5717407038195257,37,0.31869060673107963,0.30668570108848786
pilot_v1_r3_mu010,R3,R3,1.0,0.1,uniform_high,64,9,5000,0.04911161016771236,0.4979272027570658,0.27392578125,0.1521577380952381,0.11608434657339092,0.010558390068833438,1.0663973969521772,138,0.08762726601318704,0.05425407719468733
pilot_v1_r3_mu010,R3,R3,1.0,0.1,patchy_high,32,9,5000,0.2991294639704669,0.28785808959035,0.267578125,0.13659274193548387,0.27914526311954124,0.005795624694862394,0.5853580941811019,38,0.3375481948626108,0.3254079247108772
pilot_v1_r3_mu010,R3,R3,1.0,0.1,patchy_high,64,9,5000,0.04963279506937813,0.4944003439242626,0.259033203125,0.14254712301587302,0.0730601223963557,0.01025369653163666,1.0356233496953027,134,0.07945144207621135,0.04980760894353567
pilot_v1_r3_mu010,R3,R3,1.0,0.1,split_high_low,32,9,5000,0.235942142780908,0.3849048797012533,0.20361328125,0.11139112903225806,0.14497607525854997,0.008095712410280214,0.8176669534383015,53,0.2843104827013945,0.26739641798561026
pilot_v1_r3_mu010,R3,R3,1.0,0.1,split_high_low,64,9,5000,0.09289536490970177,0.6090604425612998,0.287353515625,0.1427331349206349,0.26570141144548565,0.008051074977212974,0.8131585726985103,105,0.11127814716386496,0.09407052743911998
pilot_v1_r0_r3_mu010,"R0 (theta=1, matched mu=0.1)",R0,1.0,0.1,uniform_high,32,0,5000,0.283336465250347,0.31697632900398975,0.2548828125,0.048639112903225805,0.09687189593929654,0.0032188549803102004,0.3251043530113302,21,0.31711667898970736,0.30184019824305297
pilot_v1_r0_r3_mu010,"R0 (theta=1, matched mu=0.1)",R0,1.0,0.1,uniform_high,64,0,5000,0.03316019215418626,0.5285614479433438,0.293212890625,0.154203869047619,0.2546158635794947,0.01170808692732755,1.1825167796600824,153,0.11992691334360103,0.09610606278310675
pilot_v1_r0_r3_mu010,"R0 (theta=1, matched mu=0.1)",R0,1.0,0.1,patchy_high,32,0,5000,0.28521225801324657,0.3159622301407796,0.20947265625,0.07787298387096775,0.408248290463863,0.0038281466787108095,0.38664281454979177,25,0.3279117287409827,0.31544140832814777
pilot_v1_r0_r3_mu010,"R0 (theta=1, matched mu=0.1)",R0,1.0,0.1,patchy_high,64,0,5000,0.03379971631386782,0.5251662033712405,0.2596435546875,0.16486855158730157,0.06582783029197999,0.012390913413475495,1.251482254761025,162,0.10442043627562343,0.07823718622393347
pilot_v1_r0_r3_mu010,"R0 (theta=1, matched mu=0.1)",R0,1.0,0.1,split_high_low,32,0,5000,0.3758417420437315,0.5026310749118164,0.25439453125,0.12474798387096775,-0.05143444998736397,0.004593357777651892,0.4639291355428411,30,0.38063549116306455,0.3754438643039066
pilot_v1_r0_r3_mu010,"R0 (theta=1, matched mu=0.1)",R0,1.0,0.1,split_high_low,64,0,5000,0.08243913390987916,0.6265581608165334,0.27880859375,0.18998015873015872,-0.10314212462587934,0.01079998550914497,1.090798536423642,141,0.1053606397816323,0.08363596265520426
pilot_v1_r0_r3_mu010,"R0 (theta=1, matched mu=0.1)",R0,1.0,0.1,uniform_high,32,1,5000,0.3022718266870741,0.4288130247671551,0.27587890625,0.04284274193548387,0.18102512888056815,0.002139605731592839,0.21610017889087674,14,0.31844536392720146,0.30174322158718914
pilot_v1_r0_r3_mu010,"R0 (theta=1, matched mu=0.1)",R0,1.0,0.1,uniform_high,64,1,5000,0.04112345466693515,0.6575600905738441,0.295654296875,0.1759672619047619,0.1251227276582732,0.013997693878872355,1.4137670817661079,183,0.12735119782728163,0.09940832305720713
pilot_v1_r0_r3_mu010,"R0 (theta=1, matched mu=0.1)",R0,1.0,0.1,patchy_high,32,1,5000,0.3205379546721266,0.40700291250092957,0.24462890625,0.0,nan,0.002139605731592839,0.21610017889087674,14,0.35237767027810946,0.3408230917400401
pilot_v1_r0_r3_mu010,"R0 (theta=1, matched mu=0.1)",R0,1.0,0.1,patchy_high,64,1,5000,0.04109245005344785,0.640422789370301,0.315185546875,0.1505456349206349,-0.09563650695950075,0.015672683285632844,1.5829410118489173,205,0.13250521095182216,0.10527869366501154
pilot_v1_r0_r3_mu010,"R0 (theta=1, matched mu=0.1)",R0,1.0,0.1,split_high_low,32,1,5000,0.3138787739318859,0.5468757148482426,0.27734375,0.1159274193548387,-0.25819888974716115,0.00214432892305331,0.2165772212283843,14,0.3466045914082256,0.3355828638547093
pilot_v1_r0_r3_mu010,"R0 (theta=1, matched mu=0.1)",R0,1.0,0.1,split_high_low,64,1,5000,0.12143757075854177,0.6972803550381637,0.28076171875,0.17782738095238093,0.035657124926707404,0.012175642114382273,1.2297398535526096,159,0.14965120659701484,0.13340837682279594
pilot_v1_r0_r3_mu010,"R0 (theta=1, matched mu=0.1)",R0,1.0,0.1,uniform_high,32,2,5000,0.22468931810224899,0.2958320980550999,0.27001953125,0.0,nan,0.002432712375007866,0.24570394987579447,16,0.24282708031120892,0.22449918685484074
pilot_v1_r0_r3_mu010,"R0 (theta=1, matched mu=0.1)",R0,1.0,0.1,uniform_high,64,2,5000,0.06845259576100075,0.57795322831823,0.2879638671875,0.16263640873015872,-0.01843631215417657,0.01217672779627735,1.2298495074240123,159,0.1437389911454451,0.12188830146285363
pilot_v1_r0_r3_mu010,"R0 (theta=1, matched mu=0.1)",R0,1.0,0.1,patchy_high,32,2,5000,0.2249591014411628,0.2935454437139027,0.28076171875,0.0,nan,0.002444305663138111,0.24687487197694924,16,0.24852259211170394,0.2248127970235387
pilot_v1_r0_r3_mu010,"R0 (theta=1, matched mu=0.1)",R0,1.0,0.1,patchy_high,64,2,5000,0.06911392116050946,0.5785522829638372,0.2401123046875,0.2126736111111111,-0.08067853610880688,0.0135389131533108,1.3674302284843907,177,0.10097442880854998,0.06963843233900856
pilot_v1_r0_r3_mu010,"R0 (theta=1, matched mu=0.1)",R0,1.0,0.1,split_high_low,32,2,5000,0.26566262094150866,0.47624594375497886,0.236328125,0.03704637096774194,0.3177762847994256,0.0039769272097156085,0.4016696481812765,26,0.2803312697073255,0.26539605032212926
pilot_v1_r0_r3_mu010,"R0 (theta=1, matched mu=0.1)",R0,1.0,0.1,split_high_low,64,2,5000,0.07689390083767772,0.6946708073061845,0.2769775390625,0.16015625,0.22443836178655088,0.01332417845942974,1.3457420244024036,174,0.10705452915802334,0.08714472935587819
pilot_v1_r0_r3_mu010,"R0 (theta=1, matched mu=0.1)",R0,1.0,0.1,uniform_high,32,3,5000,0.17983042021937373,0.27018365228712415,0.2705078125,0.0,nan,0.00245133636798385,0.24758497316636885,16,0.2281065337928904,0.19992403158836689
pilot_v1_r0_r3_mu010,"R0 (theta=1, matched mu=0.1)",R0,1.0,0.1,uniform_high,64,3,5000,0.04841024473996305,0.5389150330764247,0.260986328125,0.13895089285714285,-0.13382584475782772,0.013774795411493629,1.3912543365608565,180,0.10734208529383185,0.08279651966466071
pilot_v1_r0_r3_mu010,"R0 (theta=1, matched mu=0.1)",R0,1.0,0.1,patchy_high,32,3,5000,0.1796730132799606,0.24756537207444174,0.29150390625,0.0,nan,0.002444305663138111,0.24687487197694924,16,0.2089598275974111,0.17980672725441924
pilot_v1_r0_r3_mu010,"R0 (theta=1, matched mu=0.1)",R0,1.0,0.1,patchy_high,64,3,5000,0.04922500730611879,0.5492873194095491,0.2230224609375,0.16691468253968253,0.04428074427700477,0.013326043813880712,1.345930425201952,174,0.14994856070645238,0.12420375333528615
pilot_v1_r0_r3_mu010,"R0 (theta=1, matched mu=0.1)",R0,1.0,0.1,split_high_low,32,3,5000,0.283034801656549,0.47758164444527496,0.26025390625,0.12298387096774194,0.0,0.006888774745095269,0.6957662492546222,45,0.3083599560521479,0.2978669104006576
pilot_v1_r0_r3_mu010,"R0 (theta=1, matched mu=0.1)",R0,1.0,0.1,split_high_low,64,3,5000,0.07561658502951445,0.7255569136767221,0.263671875,0.1869419642857143,0.1268345423319388,0.014532799617304457,1.46781276134775,190,0.12764925428464588,0.11148751301899823
pilot_v1_r0_r3_mu010,"R0 (theta=1, matched mu=0.1)",R0,1.0,0.1,uniform_high,32,4,5000,0.2211209420342176,0.37612352342685385,0.22265625,0.12852822580645162,-0.10127393670836667,0.007653931761691384,0.7730471079308298,50,0.24461528752938122,0.22039580295167047
pilot_v1_r0_r3_mu010,"R0 (theta=1, matched mu=0.1)",R0,1.0,0.1,uniform_high,64,4,5000,0.07401999148698551,0.5834122973800715,0.24951171875,0.16524057539682538,-0.14462030521243743,0.008518671142635097,0.8603857854061447,111,0.11077663737399258,0.07456321529370934
pilot_v1_r0_r3_mu010,"R0 (theta=1, matched mu=0.1)",R0,1.0,0.1,patchy_high,32,4,5000,0.21713488181408835,0.3763228520577211,0.23388671875,0.15120967741935484,0.0,0.0059607217054579095,0.6020328922512489,39,0.24555232568989424,0.22433970184184474
pilot_v1_r0_r3_mu010,"R0 (theta=1, matched mu=0.1)",R0,1.0,0.1,patchy_high,64,4,5000,0.07331400258490084,0.5694774479656068,0.263671875,0.18718998015873015,-0.0564785622422862,0.009359100524005626,0.9452691529245683,122,0.12018565903417877,0.0876255843947294
pilot_v1_r0_r3_mu010,"R0 (theta=1, matched mu=0.1)",R0,1.0,0.1,split_high_low,32,4,5000,0.22397054135219538,0.4466477221718901,0.23291015625,0.15700604838709675,-0.05634361698190111,0.0076353077687153995,0.7711660846402554,50,0.2768037740085481,0.2588069809439948
pilot_v1_r0_r3_mu010,"R0 (theta=1, matched mu=0.1)",R0,1.0,0.1,split_high_low,64,4,5000,0.06431740718549007,0.6446919162775893,0.3076171875,0.20188492063492064,-0.06068272864507064,0.009887873895771488,0.9986752634729203,129,0.11650496281824015,0.0978206106496728
pilot_v1_r0_r3_mu010,"R0 (theta=1, matched mu=0.1)",R0,1.0,0.1,uniform_high,32,5,5000,0.2678594669029706,0.35154739153275716,0.28857421875,0.13029233870967744,-0.13852712896188304,0.0030629896621146946,0.30936195587358417,20,0.28409007404807446,0.2663273217832063
pilot_v1_r0_r3_mu010,"R0 (theta=1, matched mu=0.1)",R0,1.0,0.1,uniform_high,64,5,5000,0.07743209209779174,0.6269916233526587,0.2236328125,0.15029761904761907,0.0,0.012394421177803866,1.2518365389581905,162,0.11122663687422094,0.07803136163538336
pilot_v1_r0_r3_mu010,"R0 (theta=1, matched mu=0.1)",R0,1.0,0.1,patchy_high,32,5,5000,0.26537841279397284,0.33991382765472067,0.296875,0.1202116935483871,-0.15268361902382563,0.003672281360515304,0.3709004174120457,24,0.28306165404595457,0.2639095357629264
pilot_v1_r0_r3_mu010,"R0 (theta=1, matched mu=0.1)",R0,1.0,0.1,patchy_high,64,5,5000,0.0779078531596519,0.6139049483167058,0.25439453125,0.1576140873015873,0.27372166045202123,0.011009513476275865,1.1119608611038623,144,0.10463052086818697,0.07785560993449474
pilot_v1_r0_r3_mu010,"R0 (theta=1, matched mu=0.1)",R0,1.0,0.1,split_high_low,32,5,5000,0.26451679242428466,0.4689479423703826,0.25537109375,0.1003024193548387,-0.07715167498104596,0.004125761823065376,0.41670194412960293,27,0.29364424601747585,0.26625808251764377
pilot_v1_r0_r3_mu010,"R0 (theta=1, matched mu=0.1)",R0,1.0,0.1,split_high_low,64,5,5000,0.13517632889987483,0.687922758462649,0.20751953125,0.14794146825396826,-0.1475422227126635,0.01079533714923607,1.090329052072843,141,0.1593366894574752,0.14719492302283865
pilot_v1_r0_r3_mu010,"R0 (theta=1, matched mu=0.1)",R0,1.0,0.1,uniform_high,32,6,5000,0.2914773589503233,0.41142233328394195,0.27392578125,0.14213709677419353,-0.21276670993339103,0.005507241242907838,0.5562313655336917,36,0.3282251951143596,0.3126935392378687
pilot_v1_r0_r3_mu010,"R0 (theta=1, matched mu=0.1)",R0,1.0,0.1,uniform_high,64,6,5000,0.04958731770425914,0.6674048355092712,0.2821044921875,0.18898809523809523,0.06503742634273493,0.017259087818059137,1.743167869623973,226,0.0927772886876221,0.05851765586748001
pilot_v1_r0_r3_mu010,"R0 (theta=1, matched mu=0.1)",R0,1.0,0.1,patchy_high,32,6,5000,0.29614146648555206,0.39997490795806345,0.2490234375,0.10433467741935484,-0.14605934866804432,0.006279483046694659,0.6342277877161606,41,0.3108226083029344,0.2947501005012208
pilot_v1_r0_r3_mu010,"R0 (theta=1, matched mu=0.1)",R0,1.0,0.1,patchy_high,64,6,5000,0.04819149285165792,0.6496848577336021,0.2557373046875,0.20089285714285715,0.13863404914180547,0.018705716966409155,1.8892774136073247,245,0.08524942839952387,0.04897375847770718
pilot_v1_r0_r3_mu010,"R0 (theta=1, matched mu=0.1)",R0,1.0,0.1,split_high_low,32,6,5000,0.23279330454233668,0.40574998174027543,0.26123046875,0.10433467741935484,-0.1356127007241621,0.005814248687838378,0.5872391174716762,38,0.26162405271838485,0.2327806927016428
pilot_v1_r0_r3_mu010,"R0 (theta=1, matched mu=0.1)",R0,1.0,0.1,split_high_low,64,6,5000,0.056203571708478305,0.7398432968975925,0.2635498046875,0.21422371031746032,-0.01689366045759868,0.018842493352260202,1.9030918285782805,247,0.08417587716627344,0.05887713135511781
pilot_v1_r0_r3_mu010,"R0 (theta=1, matched mu=0.1)",R0,1.0,0.1,uniform_high,32,7,5000,0.250783318620994,0.3208538156649434,0.2236328125,0.054435483870967735,0.0,0.002139659813937807,0.21610564120771847,14,0.2923192442739882,0.26869375045665045
pilot_v1_r0_r3_mu010,"R0 (theta=1, matched mu=0.1)",R0,1.0,0.1,uniform_high,64,7,5000,0.09145936985853993,0.6406450143342071,0.256591796875,0.12425595238095238,0.08230491876769347,0.009426249175983314,0.9520511667743148,123,0.12094779861224285,0.09241992169624053
pilot_v1_r0_r3_mu010,"R0 (theta=1, matched mu=0.1)",R0,1.0,0.1,patchy_high,32,7,5000,0.27507605749406394,0.2994147430087193,0.2431640625,0.0,nan,0.004888717852107219,0.49376050306282915,32,0.3243473972378059,0.3053016136336032
pilot_v1_r0_r3_mu010,"R0 (theta=1, matched mu=0.1)",R0,1.0,0.1,patchy_high,64,7,5000,0.09278946210276619,0.6336949654115713,0.2442626953125,0.15122767857142855,-0.020865621238292043,0.010500049645068297,1.060505014151898,137,0.12204479456362541,0.09443453620540904
pilot_v1_r0_r3_mu010,"R0 (theta=1, matched mu=0.1)",R0,1.0,0.1,split_high_low,32,7,5000,0.30655523242443555,0.4878965701706146,0.2314453125,0.1796875,0.04828045495852675,0.00872378870983277,0.8811026596931099,57,0.3171236986288652,0.30522661233358034
pilot_v1_r0_r3_mu010,"R0 (theta=1, matched mu=0.1)",R0,1.0,0.1,split_high_low,64,7,5000,0.17302483354047724,0.7140189748146348,0.2296142578125,0.15376984126984128,-0.19422854419446123,0.011561117668428754,1.1676728845113042,151,0.23236721901629218,0.22551256950173623
pilot_v1_r0_r3_mu010,"R0 (theta=1, matched mu=0.1)",R0,1.0,0.1,uniform_high,32,8,5000,0.24119986219235146,0.3983067340172315,0.2431640625,0.14742943548387097,0.04868644955601477,0.009309679141451957,0.9402775932866477,61,0.2674760510298462,0.24040682702749103
pilot_v1_r0_r3_mu010,"R0 (theta=1, matched mu=0.1)",R0,1.0,0.1,uniform_high,64,8,5000,0.039869729396351916,0.7429031622167812,0.26171875,0.17553323412698413,-0.12294782215210807,0.01839880975342019,1.8582797850954391,241,0.1274701192828392,0.0814050108360899
pilot_v1_r0_r3_mu010,"R0 (theta=1, matched mu=0.1)",R0,1.0,0.1,patchy_high,32,8,5000,0.2596790531885549,0.39328906325407464,0.30029296875,0.13911290322580647,0.0,0.009621303252011972,0.9717516284532092,63,0.2893614402013696,0.258986859729
pilot_v1_r0_r3_mu010,"R0 (theta=1, matched mu=0.1)",R0,1.0,0.1,patchy_high,64,8,5000,0.04097672682091944,0.7617037429944364,0.275146484375,0.16635664682539683,0.18613347171140013,0.018620548117021542,1.8806753598191759,244,0.08868246972863852,0.06104323150510783
pilot_v1_r0_r3_mu010,"R0 (theta=1, matched mu=0.1)",R0,1.0,0.1,split_high_low,32,8,5000,0.30871172589896734,0.5095475911512499,0.24365234375,0.17565524193548387,-0.11915109374689987,0.013872814783032044,1.4011542930862364,91,0.32032344043322597,0.30650970649806425
pilot_v1_r0_r3_mu010,"R0 (theta=1, matched mu=0.1)",R0,1.0,0.1,split_high_low,64,8,5000,0.09255889276668934,0.7534116461990772,0.2978515625,0.20703125,-0.07554973565193743,0.01688247094566479,1.7051295655121437,221,0.12295407706296682,0.10373505476962092
pilot_v1_r0_r3_mu010,"R0 (theta=1, matched mu=0.1)",R0,1.0,0.1,uniform_high,32,9,5000,0.3010798831933143,0.2945671105993868,0.28662109375,0.1267641129032258,-0.050192512400306796,0.005660799047718076,0.5717407038195257,37,0.32447749555489064,0.31207510593532783
pilot_v1_r0_r3_mu010,"R0 (theta=1, matched mu=0.1)",R0,1.0,0.1,uniform_high,64,9,5000,0.04912120085300212,0.49686528349396597,0.2689208984375,0.14099702380952378,0.233076726009083,0.010558390068833438,1.0663973969521772,138,0.07594201750830959,0.04921787612356674
pilot_v1_r0_r3_mu010,"R0 (theta=1, matched mu=0.1)",R0,1.0,0.1,patchy_high,32,9,5000,0.28994950582294265,0.2924922905095346,0.23876953125,0.11517137096774194,0.0618984460590173,0.005795624694862394,0.5853580941811019,38,0.3028126196728167,0.29002509789944564
pilot_v1_r0_r3_mu010,"R0 (theta=1, matched mu=0.1)",R0,1.0,0.1,patchy_high,64,9,5000,0.04961516850102277,0.49390280011716214,0.29296875,0.14260912698412698,-0.07248022768068482,0.01025369653163666,1.0356233496953027,134,0.09776724453424526,0.07007215361872773
pilot_v1_r0_r3_mu010,"R0 (theta=1, matched mu=0.1)",R0,1.0,0.1,split_high_low,32,9,5000,0.23664960338553506,0.3918749422451566,0.271484375,0.1461693548387097,-0.17488688954238746,0.008095712410280214,0.8176669534383015,53,0.2604244098556436,0.23804849451117638
pilot_v1_r0_r3_mu010,"R0 (theta=1, matched mu=0.1)",R0,1.0,0.1,split_high_low,64,9,5000,0.08635921327725281,0.6101041281944459,0.23193359375,0.15674603174603174,0.0,0.008051074977212974,0.8131585726985103,105,0.10356557891512458,0.08625565611486544
