scenario,population,replicate,social_mode,rewiring,unique_policy_count,policy_entropy,policy_hamming_mean,policy_hamming_visit_weighted_mean,visited_state_fraction,total_training_state_visits,total_rewires,mean_rewires_per_agent,mean_prediction_error,visibility_gini,max_visibility_degree,max_visibility_share,reciprocity,degree_assortativity,policy_low_scarce,training_visit_fraction_scarce,policy_low_moderate,training_visit_fraction_moderate,policy_low_abundant,training_visit_fraction_abundant,training_visit_fraction_social_mostly_high,training_visit_fraction_social_mixed,training_visit_fraction_social_mostly_low,policy_low_scarce_mostly_high,training_visit_fraction_scarce_mostly_high,policy_low_scarce_mixed,training_visit_fraction_scarce_mixed,policy_low_scarce_mostly_low,training_visit_fraction_scarce_mostly_low,policy_low_moderate_mostly_high,training_visit_fraction_moderate_mostly_high,policy_low_moderate_mixed,training_visit_fraction_moderate_mixed,policy_low_moderate_mostly_low,training_visit_fraction_moderate_mostly_low,policy_low_abundant_mostly_high,training_visit_fraction_abundant_mostly_high,policy_low_abundant_mixed,training_visit_fraction_abundant_mixed,policy_low_abundant_mostly_low,training_visit_fraction_abundant_mostly_low
uniform_high,64,0,fixed,none,57,0.9615758137964493,0.47470238095238093,0.48945684058779765,0.6666666666666666,320000,0,0.0,0.20487599423035446,0.250244140625,8,0.03125,0.046875,0.011943863057700638,0.4427083333333333,0.9955750000000001,0.3125,0.004425,0.4791666666666667,0.0,0.5616625,0.3146625,0.123675,0.375,0.55989375,0.484375,0.313134375,0.46875,0.122546875,0.34375,0.00176875,0.34375,0.001528125,0.25,0.001128125,0.46875,0.0,0.578125,0.0,0.390625,0.0
patchy_high,64,0,fixed,none,61,0.984375,0.47343474426807763,0.45778179873511904,0.6666666666666666,320000,0,0.0,0.20318695221250188,0.250244140625,8,0.03125,0.046875,0.011943863057700638,0.3802083333333333,0.99591875,0.3385416666666667,0.00408125,0.4791666666666667,0.0,0.57831875,0.30590625,0.115775,0.328125,0.5767875,0.34375,0.3043125,0.46875,0.11481875,0.328125,0.00153125,0.359375,0.00159375,0.328125,0.00095625,0.46875,0.0,0.578125,0.0,0.390625,0.0
split_high_low,64,0,fixed,none,57,0.9615758137964493,0.46367945326278664,0.3948970904637897,0.6666666666666666,320000,0,0.0,0.1967810377011378,0.250244140625,8,0.03125,0.046875,0.011943863057700638,0.3177083333333333,0.9557875,0.375,0.0442125,0.4791666666666667,0.0,0.60659375,0.28849375,0.1049125,0.234375,0.583415625,0.28125,0.2740625,0.4375,0.098309375,0.3125,0.023178125,0.4375,0.01443125,0.375,0.006603125,0.46875,0.0,0.578125,0.0,0.390625,0.0
uniform_high,64,1,fixed,none,59,0.9739583333333334,0.4702932098765432,0.48492984250992066,0.6666666666666666,320000,0,0.0,0.22835679488073232,0.2432861328125,8,0.03125,0.1015625,-0.027131569911229572,0.40625,0.9947874999999999,0.296875,0.0052125,0.4895833333333333,0.0,0.44120000000000004,0.35338749999999997,0.2054125,0.4375,0.438778125,0.34375,0.351546875,0.4375,0.2044625,0.3125,0.002421875,0.25,0.001840625,0.328125,0.00095,0.421875,0.0,0.515625,0.0,0.53125,0.0
patchy_high,64,1,fixed,none,60,0.9772008137964493,0.46202601410934746,0.47881250930059527,0.6666666666666666,320000,0,0.0,0.22716842177709656,0.2432861328125,8,0.03125,0.1015625,-0.027131569911229572,0.390625,0.99566875,0.2708333333333333,0.00433125,0.4895833333333333,0.0,0.437825,0.35376874999999997,0.20840625,0.359375,0.436115625,0.390625,0.352090625,0.421875,0.2074625,0.28125,0.001709375,0.25,0.001678125,0.28125,0.00094375,0.421875,0.0,0.515625,0.0,0.53125,0.0
split_high_low,64,1,fixed,none,57,0.9615758137964493,0.4694113756613757,0.452799173797123,0.6666666666666666,320000,0,0.0,0.21170574513934154,0.2432861328125,8,0.03125,0.1015625,-0.027131569911229572,0.3645833333333333,0.99576875,0.328125,0.00423125,0.4895833333333333,0.0,0.518203125,0.32693125,0.154865625,0.328125,0.51629375,0.3125,0.325334375,0.453125,0.154140625,0.390625,0.001909375,0.328125,0.001596875,0.265625,0.000725,0.421875,0.0,0.515625,0.0,0.53125,0.0
uniform_high,64,2,fixed,none,54,0.943984960926232,0.47205687830687837,0.48977039465525796,0.6666666666666666,320000,0,0.0,0.21667860196837638,0.2734375,10,0.0390625,0.046875,-0.07997266950126411,0.40625,0.9959,0.3489583333333333,0.0040999999999999995,0.5,0.0,0.49230625,0.33948125,0.1682125,0.40625,0.490571875,0.40625,0.33790625,0.40625,0.167421875,0.359375,0.001734375,0.1875,0.001575,0.5,0.000790625,0.578125,0.0,0.515625,0.0,0.40625,0.0
patchy_high,64,2,fixed,none,58,0.96875,0.4696318342151675,0.46760667627728175,0.6666666666666666,320000,0,0.0,0.21795215909414645,0.2734375,10,0.0390625,0.046875,-0.07997266950126411,0.359375,0.9958562500000001,0.3541666666666667,0.00414375,0.5,0.0,0.49206875,0.339675,0.16825625,0.359375,0.490321875,0.359375,0.338065625,0.359375,0.16746875,0.34375,0.001746875,0.234375,0.001609375,0.484375,0.0007875,0.578125,0.0,0.515625,0.0,0.40625,0.0
split_high_low,64,2,fixed,none,62,0.9895833333333334,0.47767857142857145,0.46814004061259923,0.6666666666666666,320000,0,0.0,0.21666741245979615,0.2734375,10,0.0390625,0.046875,-0.07997266950126411,0.40625,0.994615625,0.359375,0.005384375,0.5,0.0,0.49583750000000004,0.33952499999999997,0.1646375,0.3125,0.4932,0.421875,0.337615625,0.484375,0.1638,0.40625,0.0026375,0.25,0.001909375,0.421875,0.0008375,0.578125,0.0,0.515625,0.0,0.40625,0.0
uniform_high,64,3,fixed,none,54,0.9420191080560146,0.45982142857142855,0.4199535776289683,0.6666666666666666,320000,0,0.0,0.19012195059690262,0.201416015625,7,0.02734375,0.0625,-0.009712437149596048,0.3645833333333333,0.995628125,0.3125,0.004371875,0.4739583333333333,0.0,0.6368375,0.27269375,0.09046875,0.25,0.634828125,0.390625,0.271165625,0.453125,0.089634375,0.265625,0.002009375,0.296875,0.001528125,0.375,0.000834375,0.59375,0.0,0.4375,0.0,0.390625,0.0
patchy_high,64,3,fixed,none,55,0.9459508137964493,0.4505070546737213,0.37518404792906745,0.6666666666666666,320000,0,0.0,0.18703818543419365,0.201416015625,7,0.02734375,0.0625,-0.009712437149596048,0.328125,0.995625,0.3333333333333333,0.004375,0.4739583333333333,0.0,0.63949375,0.270121875,0.090384375,0.21875,0.63759375,0.265625,0.268534375,0.5,0.089496875,0.34375,0.0019,0.25,0.0015875,0.40625,0.0008875,0.59375,0.0,0.4375,0.0,0.390625,0.0
split_high_low,64,3,fixed,none,61,0.984375,0.47530864197530864,0.4766395275297619,0.6666666666666666,320000,0,0.0,0.1919406177613833,0.201416015625,7,0.02734375,0.0625,-0.009712437149596048,0.3854166666666667,0.93254375,0.359375,0.06745625,0.4739583333333333,0.0,0.6343093750000001,0.2744375,0.09125312499999999,0.375,0.593928125,0.390625,0.254778125,0.390625,0.0838375,0.34375,0.04038125,0.265625,0.019659375,0.46875,0.007415625,0.59375,0.0,0.4375,0.0,0.390625,0.0
uniform_high,64,4,fixed,none,55,0.953125,0.44979056437389775,0.3229899739583333,0.6666666666666666,320000,0,0.0,0.13594316044778954,0.2760009765625,11,0.04296875,0.0859375,0.04087969639536487,0.265625,0.996053125,0.359375,0.003946875,0.4739583333333333,0.0,0.8437812499999999,0.13341875,0.022799999999999997,0.1875,0.842046875,0.25,0.131975,0.359375,0.02203125,0.34375,0.001734375,0.28125,0.00144375,0.453125,0.00076875,0.453125,0.0,0.46875,0.0,0.5,0.0
patchy_high,64,4,fixed,none,56,0.956367480463116,0.45370370370370366,0.34502267020089283,0.6666666666666666,320000,0,0.0,0.13472198812519753,0.2760009765625,11,0.04296875,0.0859375,0.04087969639536487,0.28125,0.9957437499999999,0.3489583333333333,0.00425625,0.4739583333333333,0.0,0.8405874999999999,0.136965625,0.022446874999999998,0.203125,0.83890625,0.296875,0.1352125,0.34375,0.021625,0.34375,0.00168125,0.265625,0.001753125,0.4375,0.000821875,0.453125,0.0,0.46875,0.0,0.5,0.0
split_high_low,64,4,fixed,none,57,0.9635416666666666,0.46059303350970016,0.35501134672619045,0.6666666666666666,320000,0,0.0,0.17756074638860248,0.2760009765625,11,0.04296875,0.0859375,0.04087969639536487,0.296875,0.9624468749999999,0.4010416666666667,0.03755312500000001,0.4739583333333333,0.0,0.7144937499999999,0.224890625,0.060615625000000006,0.203125,0.693046875,0.25,0.212975,0.4375,0.056425,0.4375,0.021446875,0.28125,0.011915625,0.484375,0.004190625,0.453125,0.0,0.46875,0.0,0.5,0.0
uniform_high,64,5,fixed,none,56,0.9469673750609369,0.46412037037037035,0.4367121806795635,0.6666666666666666,320000,0,0.0,0.19812810468351028,0.2655029296875,8,0.03125,0.0703125,-0.0869134238502046,0.328125,0.9957375,0.3229166666666667,0.0042625,0.5104166666666666,0.0,0.59109375,0.29565625,0.11325,0.328125,0.58935625,0.265625,0.29415,0.390625,0.11223125,0.296875,0.0017375,0.3125,0.00150625,0.359375,0.00101875,0.53125,0.0,0.484375,0.0,0.515625,0.0
patchy_high,64,5,fixed,none,57,0.9615758137964493,0.4627425044091711,0.41326900576636905,0.6666666666666666,320000,0,0.0,0.20119760628171934,0.2655029296875,8,0.03125,0.0703125,-0.0869134238502046,0.3072916666666667,0.9957999999999999,0.3385416666666667,0.0042,0.5104166666666666,0.0,0.5867749999999999,0.2963125,0.1169125,0.25,0.58500625,0.359375,0.294828125,0.3125,0.115965625,0.296875,0.00176875,0.34375,0.001484375,0.375,0.000946875,0.53125,0.0,0.484375,0.0,0.515625,0.0
split_high_low,64,5,fixed,none,57,0.9635416666666666,0.46417548500881833,0.40311292627728174,0.6666666666666666,320000,0,0.0,0.20261093302382183,0.2655029296875,8,0.03125,0.0703125,-0.0869134238502046,0.3177083333333333,0.9965875,0.3489583333333333,0.0034124999999999997,0.5104166666666666,0.0,0.5853937499999999,0.305275,0.10933125,0.265625,0.584003125,0.25,0.30401875,0.4375,0.108565625,0.328125,0.001390625,0.328125,0.00125625,0.390625,0.000765625,0.53125,0.0,0.484375,0.0,0.515625,0.0
uniform_high,64,6,fixed,none,58,0.9667841471297827,0.4652226631393298,0.3075420727926587,0.6666666666666666,320000,0,0.0,0.17202788716354006,0.2601318359375,9,0.03515625,0.0859375,0.0,0.296875,0.9958,0.4114583333333333,0.0042,0.484375,0.0,0.73316875,0.21698125,0.04985,0.140625,0.731465625,0.375,0.21536875,0.375,0.048965625,0.421875,0.001703125,0.40625,0.0016125,0.40625,0.000884375,0.4375,0.0,0.53125,0.0,0.484375,0.0
patchy_high,64,6,fixed,none,57,0.959609960926232,0.46555335097001765,0.3082346447172619,0.6666666666666666,320000,0,0.0,0.16907059626184878,0.2601318359375,9,0.03515625,0.0859375,0.0,0.3125,0.9956468749999999,0.4166666666666667,0.004353125,0.484375,0.0,0.708653125,0.235653125,0.05569375,0.140625,0.706878125,0.328125,0.233971875,0.46875,0.054796875,0.453125,0.001775,0.390625,0.00168125,0.40625,0.000896875,0.4375,0.0,0.53125,0.0,0.484375,0.0
split_high_low,64,6,fixed,none,55,0.9491932942595653,0.47293871252204583,0.4196714301215278,0.6666666666666666,320000,0,0.0,0.1994078008429261,0.2601318359375,9,0.03515625,0.0859375,0.0,0.296875,0.97826875,0.4114583333333333,0.021731249999999997,0.484375,0.0,0.558984375,0.31833125,0.122684375,0.28125,0.549025,0.296875,0.310440625,0.3125,0.118803125,0.4375,0.009959375,0.375,0.007890625,0.421875,0.00388125,0.4375,0.0,0.53125,0.0,0.484375,0.0
uniform_high,64,7,fixed,none,52,0.931602441389348,0.45877425044091713,0.4059846617683532,0.6666666666666666,320000,0,0.0,0.18849630705054782,0.278564453125,9,0.03515625,0.078125,0.03540276492222602,0.2760416666666667,0.9956531249999999,0.3645833333333333,0.004346875,0.4739583333333333,0.0,0.62564375,0.272421875,0.10193437500000001,0.265625,0.62409375,0.3125,0.270803125,0.25,0.10075625,0.359375,0.00155,0.375,0.00161875,0.359375,0.001178125,0.53125,0.0,0.484375,0.0,0.40625,0.0
patchy_high,64,7,fixed,none,57,0.9615758137964493,0.4676477072310406,0.4062286148313492,0.6666666666666666,320000,0,0.0,0.19169712096566527,0.278564453125,9,0.03515625,0.078125,0.03540276492222602,0.3125,0.996275,0.3645833333333333,0.003725,0.4739583333333333,0.0,0.620459375,0.277721875,0.10181875,0.25,0.619225,0.3125,0.27634375,0.375,0.10070625,0.359375,0.001234375,0.359375,0.001378125,0.375,0.0011125,0.53125,0.0,0.484375,0.0,0.40625,0.0
split_high_low,64,7,fixed,none,57,0.9635416666666666,0.45337301587301587,0.3429876720610119,0.6666666666666666,320000,0,0.0,0.19164262844246913,0.278564453125,9,0.03515625,0.078125,0.03540276492222602,0.23958333333333334,0.959515625,0.421875,0.040484374999999996,0.4739583333333333,0.0,0.612378125,0.285278125,0.10234375,0.171875,0.59028125,0.296875,0.2715375,0.25,0.097696875,0.390625,0.022096875,0.453125,0.013740625,0.421875,0.004646875,0.53125,0.0,0.484375,0.0,0.40625,0.0
uniform_high,64,8,fixed,none,52,0.9303258137964493,0.44031084656084657,0.3674910590277778,0.6666666666666666,320000,0,0.0,0.16470865317180639,0.2635498046875,9,0.03515625,0.046875,-0.04370441223776762,0.2760416666666667,0.9802500000000001,0.3020833333333333,0.019749999999999997,0.5416666666666666,0.0,0.732453125,0.21150000000000002,0.056046874999999996,0.21875,0.7165,0.28125,0.208409375,0.328125,0.055340625,0.3125,0.015953125,0.203125,0.003090625,0.390625,0.00070625,0.5625,0.0,0.5625,0.0,0.5,0.0
patchy_high,64,8,fixed,none,51,0.9231516275928987,0.4443893298059965,0.3573478019593254,0.6666666666666666,320000,0,0.0,0.16380548390291583,0.2635498046875,9,0.03515625,0.046875,-0.04370441223776762,0.2760416666666667,0.97011875,0.3125,0.029881249999999998,0.5416666666666666,0.0,0.73498125,0.21379375,0.051225,0.203125,0.7094875,0.296875,0.210265625,0.328125,0.050365625,0.28125,0.02549375,0.265625,0.003528125,0.390625,0.000859375,0.5625,0.0,0.5625,0.0,0.5,0.0
split_high_low,64,8,fixed,none,54,0.9459508137964493,0.42779982363315694,0.27107093718998015,0.6666666666666666,320000,0,0.0,0.14777788399513697,0.2635498046875,9,0.03515625,0.046875,-0.04370441223776762,0.22395833333333334,0.996303125,0.328125,0.0036968749999999996,0.5416666666666666,0.0,0.78558125,0.177465625,0.036953124999999996,0.140625,0.78371875,0.21875,0.176215625,0.3125,0.03636875,0.3125,0.0018625,0.25,0.00125,0.421875,0.000584375,0.5625,0.0,0.5625,0.0,0.5,0.0
uniform_high,64,9,fixed,none,55,0.9491932942595653,0.45679012345679015,0.3783327551463293,0.6666666666666666,320000,0,0.0,0.15215395843991597,0.242431640625,9,0.03515625,0.109375,-0.0013384007427708069,0.3072916666666667,0.9958375,0.3385416666666667,0.0041625,0.4895833333333333,0.0,0.7721812499999999,0.18856875,0.03925,0.234375,0.7704,0.28125,0.186965625,0.40625,0.038471875,0.375,0.00178125,0.234375,0.001603125,0.40625,0.000778125,0.515625,0.0,0.4375,0.0,0.515625,0.0
patchy_high,64,9,fixed,none,56,0.9583333333333334,0.44637345679012347,0.32863537791418646,0.6666666666666666,320000,0,0.0,0.15165541182737685,0.242431640625,9,0.03515625,0.109375,-0.0013384007427708069,0.2760416666666667,0.995778125,0.34375,0.004221875,0.4895833333333333,0.0,0.7570843749999999,0.199934375,0.04298125,0.1875,0.755115625,0.234375,0.198365625,0.40625,0.042296875,0.390625,0.00196875,0.234375,0.00156875,0.40625,0.000684375,0.515625,0.0,0.4375,0.0,0.515625,0.0
split_high_low,64,9,fixed,none,55,0.953125,0.44962522045855374,0.31116535218253966,0.6666666666666666,320000,0,0.0,0.1770869557004649,0.242431640625,9,0.03515625,0.109375,-0.0013384007427708069,0.28125,0.98296875,0.3645833333333333,0.01703125,0.4895833333333333,0.0,0.671875,0.251125,0.077,0.140625,0.66304375,0.296875,0.245025,0.40625,0.0749,0.421875,0.00883125,0.25,0.0061,0.421875,0.0021,0.515625,0.0,0.4375,0.0,0.515625,0.0
uniform_high,64,10,fixed,none,53,0.9387766275928987,0.44527116402116407,0.3717874348958333,0.6666666666666666,320000,0,0.0,0.16901221616401013,0.3492431640625,11,0.04296875,0.0703125,0.005724245827291325,0.2916666666666667,0.9953218749999999,0.3020833333333333,0.004678125,0.5364583333333334,0.0,0.712990625,0.230171875,0.0568375,0.21875,0.7114375,0.296875,0.228365625,0.359375,0.05551875,0.328125,0.001553125,0.21875,0.00180625,0.359375,0.00131875,0.59375,0.0,0.5,0.0,0.515625,0.0
patchy_high,64,10,fixed,none,56,0.9583333333333334,0.45359347442680775,0.3955189034598214,0.6666666666666666,320000,0,0.0,0.1744721338201557,0.3492431640625,11,0.04296875,0.0703125,0.005724245827291325,0.3072916666666667,0.99579375,0.3229166666666667,0.00420625,0.5364583333333334,0.0,0.681009375,0.24863125,0.070359375,0.265625,0.679675,0.234375,0.246959375,0.421875,0.069159375,0.375,0.001334375,0.265625,0.001671875,0.328125,0.0012,0.59375,0.0,0.5,0.0,0.515625,0.0
split_high_low,64,10,fixed,none,56,0.9583333333333334,0.4566247795414462,0.33314408792162703,0.6666666666666666,320000,0,0.0,0.17774682394642488,0.3492431640625,11,0.04296875,0.0703125,0.005724245827291325,0.2760416666666667,0.9702125,0.4010416666666667,0.0297875,0.5364583333333334,0.0,0.70578125,0.2315375,0.06268125,0.171875,0.68613125,0.28125,0.223984375,0.375,0.060096875,0.390625,0.01965,0.3125,0.007553125,0.5,0.002584375,0.59375,0.0,0.5,0.0,0.515625,0.0
uniform_high,64,11,fixed,none,58,0.96875,0.45513668430335097,0.4474563523065476,0.6666666666666666,320000,0,0.0,0.19034004899207946,0.2777099609375,10,0.0390625,0.0546875,-0.05977764761996973,0.3385416666666667,0.9957375,0.28125,0.0042625,0.5364583333333334,0.0,0.5939249999999999,0.29565625,0.11041875000000001,0.328125,0.5919125,0.3125,0.294125,0.375,0.1097,0.265625,0.0020125,0.25,0.00153125,0.328125,0.00071875,0.515625,0.0,0.515625,0.0,0.578125,0.0
patchy_high,64,11,fixed,none,56,0.956367480463116,0.4593253968253968,0.4462427734375,0.6666666666666666,320000,0,0.0,0.19548316381972186,0.2777099609375,10,0.0390625,0.0546875,-0.05977764761996973,0.3645833333333333,0.9946937499999999,0.2864583333333333,0.00530625,0.5364583333333334,0.0,0.56039375,0.31120625,0.1284,0.28125,0.558125,0.421875,0.30918125,0.390625,0.1273875,0.34375,0.00226875,0.234375,0.002025,0.28125,0.0010125,0.515625,0.0,0.515625,0.0,0.578125,0.0
split_high_low,64,11,fixed,none,61,0.984375,0.4731040564373898,0.4934934337797619,0.6666666666666666,320000,0,0.0,0.2286550007137797,0.2777099609375,10,0.0390625,0.0546875,-0.05977764761996973,0.4375,0.9965124999999999,0.296875,0.0034875,0.5364583333333334,0.0,0.43108125,0.35912499999999997,0.20979375,0.515625,0.42975625,0.375,0.3577125,0.421875,0.20904375,0.328125,0.001325,0.296875,0.0014125,0.265625,0.00075,0.515625,0.0,0.515625,0.0,0.578125,0.0
uniform_high,64,12,fixed,none,54,0.9479166666666666,0.44042107583774254,0.24279390190972222,0.6666666666666666,320000,0,0.0,0.16544028694766008,0.260498046875,8,0.03125,0.0703125,0.001260737367510127,0.23958333333333334,0.995778125,0.3854166666666667,0.004221875,0.5364583333333334,0.0,0.759590625,0.203253125,0.03715625,0.109375,0.757871875,0.234375,0.20179375,0.375,0.0361125,0.421875,0.00171875,0.359375,0.001459375,0.375,0.00104375,0.4375,0.0,0.578125,0.0,0.59375,0.0
patchy_high,64,12,fixed,none,53,0.9427083333333334,0.4339726631393298,0.283041759672619,0.6666666666666666,320000,0,0.0,0.16141216298073924,0.260498046875,8,0.03125,0.0703125,0.001260737367510127,0.21875,0.9941343749999999,0.3697916666666667,0.005865625,0.5364583333333334,0.0,0.7705718749999999,0.19275625,0.036671875,0.15625,0.767553125,0.1875,0.19099375,0.3125,0.0355875,0.4375,0.00301875,0.328125,0.0017625,0.34375,0.001084375,0.4375,0.0,0.578125,0.0,0.59375,0.0
split_high_low,64,12,fixed,none,60,0.9772008137964493,0.46935626102292766,0.4212945870535714,0.6666666666666666,320000,0,0.0,0.18498215331730758,0.260498046875,8,0.03125,0.0703125,0.001260737367510127,0.3020833333333333,0.9352437499999999,0.4114583333333333,0.06475625,0.5364583333333334,0.0,0.638128125,0.274753125,0.08711875,0.296875,0.59265625,0.25,0.259459375,0.359375,0.083128125,0.46875,0.045471875,0.375,0.01529375,0.390625,0.003990625,0.4375,0.0,0.578125,0.0,0.59375,0.0
uniform_high,64,13,fixed,none,57,0.9635416666666666,0.46726190476190477,0.44649360429067453,0.6666666666666666,320000,0,0.0,0.19013145063296782,0.266845703125,8,0.03125,0.046875,0.031053738654249135,0.3645833333333333,0.995640625,0.3125,0.004359375,0.53125,0.0,0.6125124999999999,0.285309375,0.10217812500000001,0.3125,0.610821875,0.328125,0.2836875,0.453125,0.10113125,0.328125,0.001690625,0.265625,0.001621875,0.34375,0.001046875,0.5,0.0,0.546875,0.0,0.546875,0.0
patchy_high,64,13,fixed,none,57,0.9583333333333334,0.4537037037037036,0.37772529761904766,0.6666666666666666,320000,0,0.0,0.19109597346512602,0.266845703125,8,0.03125,0.046875,0.031053738654249135,0.28125,0.9956812500000001,0.3333333333333333,0.00431875,0.53125,0.0,0.60354375,0.289321875,0.10713437499999999,0.21875,0.6018875,0.28125,0.287728125,0.34375,0.106065625,0.359375,0.00165625,0.3125,0.00159375,0.328125,0.00106875,0.5,0.0,0.546875,0.0,0.546875,0.0
split_high_low,64,13,fixed,none,58,0.9667841471297827,0.47453703703703703,0.4518297727554563,0.6666666666666666,320000,0,0.0,0.1987903345673352,0.266845703125,8,0.03125,0.046875,0.031053738654249135,0.328125,0.9655999999999999,0.3697916666666667,0.0344,0.53125,0.0,0.577946875,0.309225,0.112828125,0.328125,0.558175,0.359375,0.298509375,0.296875,0.108915625,0.34375,0.019771875,0.359375,0.010715625,0.40625,0.0039125,0.5,0.0,0.546875,0.0,0.546875,0.0
uniform_high,64,14,fixed,none,57,0.9615758137964493,0.4770171957671958,0.48924157056051587,0.6666666666666666,320000,0,0.0,0.2146970735241661,0.2569580078125,8,0.03125,0.03125,-0.08386189264832873,0.3958333333333333,0.9954843750000001,0.34375,0.004515625,0.546875,0.0,0.518940625,0.325184375,0.155875,0.421875,0.51715,0.40625,0.323478125,0.359375,0.15485625,0.3125,0.001790625,0.296875,0.00170625,0.421875,0.00101875,0.453125,0.0,0.59375,0.0,0.59375,0.0
patchy_high,64,14,fixed,none,58,0.96875,0.46814373897707234,0.4687337317088294,0.6666666666666666,320000,0,0.0,0.21766568395906247,0.2569580078125,8,0.03125,0.03125,-0.08386189264832873,0.359375,0.99509375,0.34375,0.00490625,0.546875,0.0,0.47855625,0.341134375,0.180309375,0.359375,0.476509375,0.375,0.33918125,0.34375,0.179403125,0.28125,0.002046875,0.28125,0.001953125,0.46875,0.00090625,0.453125,0.0,0.59375,0.0,0.59375,0.0
split_high_low,64,14,fixed,none,58,0.9667841471297827,0.47034832451499115,0.4454468858506944,0.6666666666666666,320000,0,0.0,0.20186353729582912,0.2569580078125,8,0.03125,0.03125,-0.08386189264832873,0.328125,0.9534812500000001,0.4166666666666667,0.046518750000000005,0.546875,0.0,0.57544375,0.306334375,0.11822187499999999,0.359375,0.54168125,0.265625,0.2962,0.359375,0.1156,0.296875,0.0337625,0.40625,0.010134375,0.546875,0.002621875,0.453125,0.0,0.59375,0.0,0.59375,0.0
uniform_high,64,15,fixed,none,53,0.940742480463116,0.4358465608465608,0.3347056485615079,0.6666666666666666,320000,0,0.0,0.17808337995940687,0.2471923828125,9,0.03515625,0.0625,-0.022011492374168974,0.234375,0.9955343750000001,0.34375,0.004465625,0.515625,0.0,0.668065625,0.257628125,0.07430625,0.1875,0.666384375,0.25,0.255759375,0.265625,0.073390625,0.421875,0.00168125,0.21875,0.00186875,0.390625,0.000915625,0.53125,0.0,0.5625,0.0,0.453125,0.0
patchy_high,64,15,fixed,none,56,0.9544016275928987,0.45667989417989424,0.38482558593749994,0.6666666666666666,320000,0,0.0,0.17616592778547238,0.2471923828125,9,0.03515625,0.0625,-0.022011492374168974,0.3385416666666667,0.9956343750000001,0.34375,0.004365625,0.515625,0.0,0.667809375,0.25997499999999996,0.072215625,0.21875,0.66628125,0.328125,0.25813125,0.46875,0.071221875,0.4375,0.001528125,0.1875,0.00184375,0.40625,0.00099375,0.53125,0.0,0.5625,0.0,0.453125,0.0
split_high_low,64,15,fixed,none,60,0.9772008137964493,0.46819885361552027,0.4452430323040674,0.6666666666666666,320000,0,0.0,0.20400168538426297,0.2471923828125,9,0.03515625,0.0625,-0.022011492374168974,0.3697916666666667,0.962284375,0.359375,0.037715624999999996,0.515625,0.0,0.56231875,0.31495625000000005,0.122725,0.375,0.543121875,0.234375,0.30155625,0.5,0.11760625,0.421875,0.019196875,0.234375,0.0134,0.421875,0.00511875,0.53125,0.0,0.5625,0.0,0.453125,0.0
uniform_high,64,16,fixed,none,59,0.9739583333333334,0.4479166666666667,0.345167683531746,0.6666666666666666,320000,0,0.0,0.18252588439634315,0.2860107421875,10,0.0390625,0.0703125,-0.038957332884904564,0.296875,0.99581875,0.3333333333333333,0.00418125,0.5,0.0,0.61628125,0.28212187499999997,0.101596875,0.171875,0.614425,0.28125,0.28070625,0.4375,0.1006875,0.3125,0.00185625,0.296875,0.001415625,0.390625,0.000909375,0.4375,0.0,0.453125,0.0,0.609375,0.0
patchy_high,64,16,fixed,none,59,0.971992480463116,0.4487433862433862,0.4117868257068452,0.6666666666666666,320000,0,0.0,0.1862115249617649,0.2860107421875,10,0.0390625,0.0703125,-0.038957332884904564,0.2916666666666667,0.9952875,0.3125,0.0047125000000000005,0.5,0.0,0.632559375,0.2728875,0.094553125,0.265625,0.63034375,0.328125,0.271278125,0.28125,0.093665625,0.265625,0.002215625,0.296875,0.001609375,0.375,0.0008875,0.4375,0.0,0.453125,0.0,0.609375,0.0
split_high_low,64,16,fixed,none,61,0.984375,0.4753637566137566,0.4672361731150794,0.6666666666666666,320000,0,0.0,0.21426394181868763,0.2860107421875,10,0.0390625,0.0703125,-0.038957332884904564,0.3697916666666667,0.987953125,0.3645833333333333,0.012046875,0.5,0.0,0.494303125,0.33948125,0.166215625,0.46875,0.488415625,0.28125,0.3352625,0.359375,0.164275,0.34375,0.0058875,0.34375,0.00421875,0.40625,0.001940625,0.4375,0.0,0.453125,0.0,0.609375,0.0
uniform_high,64,17,fixed,none,55,0.953125,0.47244268077601403,0.44590595703125,0.6666666666666666,320000,0,0.0,0.20189916299732857,0.2420654296875,10,0.0390625,0.078125,0.04262071534137768,0.3333333333333333,0.994459375,0.359375,0.005540625,0.4947916666666667,0.0,0.5567437500000001,0.31221875,0.1310375,0.34375,0.554240625,0.28125,0.310128125,0.375,0.130090625,0.328125,0.002503125,0.359375,0.002090625,0.390625,0.000946875,0.4375,0.0,0.5625,0.0,0.484375,0.0
patchy_high,64,17,fixed,none,58,0.9667841471297827,0.4774029982363316,0.43663425719246035,0.6666666666666666,320000,0,0.0,0.19865074954043788,0.2420654296875,10,0.0390625,0.078125,0.04262071534137768,0.3645833333333333,0.99531875,0.3697916666666667,0.00468125,0.4947916666666667,0.0,0.57764375,0.302659375,0.119696875,0.28125,0.575509375,0.34375,0.301084375,0.46875,0.118725,0.375,0.002134375,0.328125,0.001575,0.40625,0.000971875,0.4375,0.0,0.5625,0.0,0.484375,0.0
split_high_low,64,17,fixed,none,59,0.971992480463116,0.4855048500881834,0.47940406746031744,0.6666666666666666,320000,0,0.0,0.20737735215841568,0.2420654296875,10,0.0390625,0.078125,0.04262071534137768,0.3697916666666667,0.9794031249999999,0.4010416666666667,0.020596875,0.4947916666666667,0.0,0.538809375,0.314046875,0.14714375000000002,0.453125,0.5230625,0.34375,0.310359375,0.3125,0.14598125,0.40625,0.015746875,0.40625,0.0036875,0.390625,0.0011625,0.4375,0.0,0.5625,0.0,0.484375,0.0
uniform_high,64,18,fixed,none,54,0.943984960926232,0.4501763668430335,0.43510568266369043,0.6666666666666666,320000,0,0.0,0.2092920959500794,0.272216796875,8,0.03125,0.046875,-0.16637674468861757,0.3385416666666667,0.9959843750000001,0.28125,0.004015625,0.5052083333333334,0.0,0.553678125,0.315175,0.131146875,0.28125,0.55176875,0.34375,0.313715625,0.390625,0.1305,0.296875,0.001909375,0.203125,0.001459375,0.34375,0.000646875,0.515625,0.0,0.40625,0.0,0.59375,0.0
patchy_high,64,18,fixed,none,59,0.9739583333333334,0.45618386243386244,0.4844566065228174,0.6666666666666666,320000,0,0.0,0.2122762542973957,0.272216796875,8,0.03125,0.046875,-0.16637674468861757,0.421875,0.9959437499999999,0.265625,0.00405625,0.5052083333333334,0.0,0.51778125,0.327921875,0.154296875,0.390625,0.515853125,0.375,0.32653125,0.5,0.153559375,0.234375,0.001928125,0.1875,0.001390625,0.375,0.0007375,0.515625,0.0,0.40625,0.0,0.59375,0.0
split_high_low,64,18,fixed,none,57,0.9615758137964493,0.44973544973544977,0.42645819227430554,0.6666666666666666,320000,0,0.0,0.18387169481333865,0.272216796875,8,0.03125,0.046875,-0.16637674468861757,0.3333333333333333,0.9933406249999999,0.2864583333333333,0.006659375,0.5052083333333334,0.0,0.62339375,0.2816875,0.09491875,0.265625,0.620059375,0.390625,0.279084375,0.34375,0.094196875,0.25,0.003334375,0.234375,0.002603125,0.375,0.000721875,0.515625,0.0,0.40625,0.0,0.59375,0.0
uniform_high,64,19,fixed,none,56,0.9583333333333334,0.46119929453262787,0.48509584108382936,0.6666666666666666,320000,0,0.0,0.2257148807266831,0.25537109375,10,0.0390625,0.0546875,-0.02990551115897335,0.3958333333333333,0.996103125,0.2916666666666667,0.0038968749999999997,0.59375,0.0,0.46139375,0.348734375,0.189871875,0.46875,0.459925,0.359375,0.34723125,0.359375,0.188946875,0.328125,0.00146875,0.21875,0.001503125,0.328125,0.000925,0.59375,0.0,0.5625,0.0,0.625,0.0
patchy_high,64,19,fixed,none,60,0.9772008137964493,0.4679232804232804,0.4849992931547619,0.6666666666666666,320000,0,0.0,0.22576686162863446,0.25537109375,10,0.0390625,0.0546875,-0.02990551115897335,0.3958333333333333,0.9958031249999999,0.3125,0.004196875,0.59375,0.0,0.457596875,0.348815625,0.1935875,0.40625,0.456084375,0.375,0.34715625,0.40625,0.1925625,0.390625,0.0015125,0.25,0.001659375,0.296875,0.001025,0.59375,0.0,0.5625,0.0,0.625,0.0
split_high_low,64,19,fixed,none,53,0.9375,0.45535714285714285,0.43268169022817465,0.6666666666666666,320000,0,0.0,0.1919773760943295,0.25537109375,10,0.0390625,0.0546875,-0.02990551115897335,0.328125,0.979015625,0.328125,0.020984375,0.59375,0.0,0.6162875,0.28460625,0.09910624999999999,0.296875,0.60586875,0.3125,0.2771375,0.375,0.096009375,0.40625,0.01041875,0.203125,0.00746875,0.375,0.003096875,0.59375,0.0,0.5625,0.0,0.625,0.0
uniform_high,64,20,fixed,none,55,0.9417590417276035,0.4502865961199295,0.42892814360119047,0.6666666666666666,320000,0,0.0,0.17897160382393804,0.3106689453125,13,0.05078125,0.0625,0.015655367460223824,0.3333333333333333,0.996078125,0.28125,0.003921875,0.5,0.0,0.6772625,0.250928125,0.071809375,0.28125,0.67581875,0.359375,0.249434375,0.359375,0.070825,0.234375,0.00144375,0.25,0.00149375,0.359375,0.000984375,0.421875,0.0,0.59375,0.0,0.484375,0.0
patchy_high,64,20,fixed,none,53,0.9355341471297827,0.42647707231040566,0.3184126240079365,0.6666666666666666,320000,0,0.0,0.1650057216136515,0.3106689453125,13,0.05078125,0.0625,0.015655367460223824,0.25,0.9960625,0.2916666666666667,0.0039375,0.5,0.0,0.725875,0.215465625,0.058659375,0.171875,0.72440625,0.25,0.21395625,0.328125,0.0577,0.21875,0.00146875,0.265625,0.001509375,0.390625,0.000959375,0.421875,0.0,0.59375,0.0,0.484375,0.0
split_high_low,64,20,fixed,none,57,0.9635416666666666,0.4790564373897708,0.49141999162946426,0.6666666666666666,320000,0,0.0,0.2199985577661886,0.3106689453125,13,0.05078125,0.0625,0.015655367460223824,0.4166666666666667,0.966253125,0.34375,0.033746874999999996,0.5,0.0,0.4779875,0.3427,0.1793125,0.4375,0.46221875,0.390625,0.330171875,0.421875,0.1738625,0.25,0.01576875,0.34375,0.012528125,0.4375,0.00545,0.421875,0.0,0.59375,0.0,0.484375,0.0
uniform_high,64,21,fixed,none,59,0.9739583333333334,0.46224647266313934,0.4935688538566468,0.6666666666666666,320000,0,0.0,0.21281984932069578,0.218994140625,10,0.0390625,0.0390625,-0.05524639591802516,0.4479166666666667,0.996040625,0.296875,0.003959375,0.5520833333333334,0.0,0.5146875,0.327696875,0.157615625,0.390625,0.513065625,0.515625,0.326128125,0.4375,0.156846875,0.234375,0.001621875,0.21875,0.00156875,0.4375,0.00076875,0.53125,0.0,0.671875,0.0,0.453125,0.0
patchy_high,64,21,fixed,none,54,0.943984960926232,0.46268738977072316,0.48424582868303573,0.6666666666666666,320000,0,0.0,0.20905844897754616,0.218994140625,10,0.0390625,0.0390625,-0.05524639591802516,0.4322916666666667,0.996228125,0.3020833333333333,0.003771875,0.5520833333333334,0.0,0.53459375,0.31725000000000003,0.14815625,0.390625,0.532978125,0.375,0.315871875,0.53125,0.147378125,0.234375,0.001615625,0.25,0.001378125,0.421875,0.000778125,0.53125,0.0,0.671875,0.0,0.453125,0.0
split_high_low,64,21,fixed,none,55,0.953125,0.47707231040564374,0.46969583953373023,0.6666666666666666,320000,0,0.0,0.20813768170498878,0.218994140625,10,0.0390625,0.0390625,-0.05524639591802516,0.4010416666666667,0.977459375,0.359375,0.022540625,0.5520833333333334,0.0,0.560384375,0.315596875,0.12401875,0.34375,0.55053125,0.375,0.3075375,0.484375,0.119390625,0.3125,0.009853125,0.359375,0.008059375,0.40625,0.004628125,0.53125,0.0,0.671875,0.0,0.453125,0.0
uniform_high,64,22,fixed,none,52,0.9355341471297827,0.44312169312169314,0.33506094370039685,0.6666666666666666,320000,0,0.0,0.16347909795160642,0.2552490234375,10,0.0390625,0.078125,0.10329400423739651,0.2864583333333333,0.9954625,0.3489583333333333,0.0045375,0.4479166666666667,0.0,0.73860625,0.204896875,0.056496874999999995,0.1875,0.736709375,0.25,0.2032875,0.421875,0.055465625,0.359375,0.001896875,0.375,0.001609375,0.3125,0.00103125,0.28125,0.0,0.515625,0.0,0.546875,0.0
patchy_high,64,22,fixed,none,54,0.9459508137964493,0.43276014109347444,0.2993323195684524,0.6666666666666666,320000,0,0.0,0.16248006245361835,0.2552490234375,10,0.0390625,0.078125,0.10329400423739651,0.23958333333333334,0.995809375,0.3541666666666667,0.004190625,0.4479166666666667,0.0,0.730090625,0.21146875,0.058440624999999996,0.15625,0.728465625,0.234375,0.209878125,0.328125,0.057465625,0.375,0.001625,0.34375,0.001590625,0.34375,0.000975,0.28125,0.0,0.515625,0.0,0.546875,0.0
split_high_low,64,22,fixed,none,59,0.971992480463116,0.4642305996472663,0.4135436988467262,0.6666666666666666,320000,0,0.0,0.1975250523129788,0.2552490234375,10,0.0390625,0.078125,0.10329400423739651,0.3177083333333333,0.969515625,0.3958333333333333,0.030484374999999998,0.4479166666666667,0.0,0.59534375,0.29501249999999996,0.10964375,0.25,0.575903125,0.328125,0.286903125,0.375,0.106709375,0.390625,0.019440625,0.4375,0.008109375,0.359375,0.002934375,0.28125,0.0,0.515625,0.0,0.546875,0.0
uniform_high,64,23,fixed,none,57,0.9635416666666666,0.4690255731922398,0.49266950644841273,0.6666666666666666,320000,0,0.0,0.22018427787244105,0.260986328125,9,0.03515625,0.0546875,0.014392601181946001,0.4322916666666667,0.9957875,0.2864583333333333,0.0042125,0.5,0.0,0.48540937500000003,0.341821875,0.17276875,0.40625,0.483840625,0.40625,0.340171875,0.484375,0.171775,0.25,0.00156875,0.234375,0.00165,0.375,0.00099375,0.4375,0.0,0.53125,0.0,0.53125,0.0
patchy_high,64,23,fixed,none,58,0.96875,0.4705136684303351,0.44983747984871036,0.6666666666666666,320000,0,0.0,0.21627431462465221,0.260986328125,9,0.03515625,0.0546875,0.014392601181946001,0.3645833333333333,0.99560625,0.328125,0.00439375,0.5,0.0,0.519565625,0.3299875,0.150446875,0.296875,0.51771875,0.359375,0.3282875,0.4375,0.1496,0.28125,0.001846875,0.3125,0.0017,0.390625,0.000846875,0.4375,0.0,0.53125,0.0,0.53125,0.0
split_high_low,64,23,fixed,none,58,0.9667841471297827,0.4509479717813051,0.3282045262896825,0.6666666666666666,320000,0,0.0,0.17291091057776858,0.260986328125,9,0.03515625,0.0546875,0.014392601181946001,0.28125,0.9936499999999999,0.34375,0.00635,0.5,0.0,0.700609375,0.23060624999999998,0.068784375,0.171875,0.698140625,0.265625,0.228234375,0.40625,0.067275,0.34375,0.00246875,0.3125,0.002371875,0.375,0.001509375,0.4375,0.0,0.53125,0.0,0.53125,0.0
uniform_high,64,24,fixed,none,56,0.9583333333333334,0.4604828042328042,0.37661358041914683,0.6666666666666666,320000,0,0.0,0.1610406799632889,0.232177734375,9,0.03515625,0.09375,-0.012705478597711326,0.34375,0.995746875,0.3541666666666667,0.004253125,0.4739583333333333,0.0,0.7572187499999999,0.193675,0.04910625,0.21875,0.75540625,0.34375,0.192203125,0.46875,0.0481375,0.453125,0.0018125,0.203125,0.001471875,0.40625,0.00096875,0.515625,0.0,0.484375,0.0,0.421875,0.0
patchy_high,64,24,fixed,none,59,0.971992480463116,0.45971119929453264,0.39432136501736115,0.6666666666666666,320000,0,0.0,0.16348278503092734,0.232177734375,9,0.03515625,0.09375,-0.012705478597711326,0.2916666666666667,0.9957875,0.375,0.0042125,0.4739583333333333,0.0,0.7368437499999999,0.208415625,0.054740624999999994,0.265625,0.7351125,0.234375,0.206909375,0.375,0.053765625,0.40625,0.00173125,0.265625,0.00150625,0.453125,0.000975,0.515625,0.0,0.484375,0.0,0.421875,0.0
split_high_low,64,24,fixed,none,55,0.9511591471297827,0.47045855379188706,0.38808142051091266,0.6666666666666666,320000,0,0.0,0.16753164784239477,0.232177734375,9,0.03515625,0.09375,-0.012705478597711326,0.328125,0.9952031250000001,0.4270833333333333,0.004796875,0.4739583333333333,0.0,0.72660625,0.21741875,0.055975000000000004,0.234375,0.72431875,0.3125,0.21559375,0.4375,0.055290625,0.53125,0.0022875,0.28125,0.001825,0.46875,0.000684375,0.515625,0.0,0.484375,0.0,0.421875,0.0
uniform_high,64,25,fixed,none,57,0.9635416666666666,0.470623897707231,0.4533642655629961,0.6666666666666666,320000,0,0.0,0.2216100025176579,0.3165283203125,9,0.03515625,0.0625,-0.04081519727499554,0.3541666666666667,0.99523125,0.3541666666666667,0.00476875,0.4427083333333333,0.0,0.48531250000000004,0.337228125,0.177459375,0.296875,0.48326875,0.390625,0.335440625,0.375,0.176521875,0.296875,0.00204375,0.3125,0.0017875,0.453125,0.0009375,0.515625,0.0,0.40625,0.0,0.40625,0.0
patchy_high,64,25,fixed,none,58,0.96875,0.4678681657848324,0.4650340463789683,0.6666666666666666,320000,0,0.0,0.2212784578425408,0.3165283203125,9,0.03515625,0.0625,-0.04081519727499554,0.390625,0.9954000000000001,0.3177083333333333,0.0046,0.4427083333333333,0.0,0.47633749999999997,0.34124375,0.18241875000000002,0.3125,0.474515625,0.390625,0.339403125,0.46875,0.18148125,0.265625,0.001821875,0.28125,0.001840625,0.40625,0.0009375,0.515625,0.0,0.40625,0.0,0.40625,0.0
split_high_low,64,25,fixed,none,60,0.9772008137964493,0.4618606701940035,0.4190788984995039,0.6666666666666666,320000,0,0.0,0.1843677605978692,0.3165283203125,9,0.03515625,0.0625,-0.04081519727499554,0.328125,0.960515625,0.34375,0.039484375,0.4427083333333333,0.0,0.65585625,0.26676875,0.077375,0.265625,0.6329125,0.34375,0.254546875,0.375,0.07305625,0.28125,0.02294375,0.296875,0.012221875,0.453125,0.00431875,0.515625,0.0,0.40625,0.0,0.40625,0.0
uniform_high,64,26,fixed,none,54,0.943984960926232,0.45282186948853614,0.3736071521577381,0.6666666666666666,320000,0,0.0,0.19838264412112538,0.24462890625,7,0.02734375,0.0390625,0.017259608682702408,0.3072916666666667,0.995859375,0.3229166666666667,0.004140625,0.453125,0.0,0.57586875,0.30049375,0.1236375,0.1875,0.574128125,0.328125,0.29888125,0.40625,0.12285,0.375,0.001740625,0.265625,0.0016125,0.328125,0.0007875,0.46875,0.0,0.46875,0.0,0.421875,0.0
patchy_high,64,26,fixed,none,58,0.9667841471297827,0.4642857142857143,0.43887627573164684,0.6666666666666666,320000,0,0.0,0.19691421231759854,0.24462890625,7,0.02734375,0.0390625,0.017259608682702408,0.3854166666666667,0.994846875,0.3072916666666667,0.005153125000000001,0.453125,0.0,0.5870125,0.29545,0.1175375,0.28125,0.584409375,0.359375,0.293678125,0.515625,0.116759375,0.359375,0.002603125,0.25,0.001771875,0.3125,0.000778125,0.46875,0.0,0.46875,0.0,0.421875,0.0
split_high_low,64,26,fixed,none,56,0.956367480463116,0.4576719576719577,0.42266012679811504,0.6666666666666666,320000,0,0.0,0.2020728460155985,0.24462890625,7,0.02734375,0.0390625,0.017259608682702408,0.3125,0.9839875,0.3177083333333333,0.0160125,0.453125,0.0,0.55961875,0.3128875,0.12749375,0.296875,0.545725,0.265625,0.311378125,0.375,0.126884375,0.359375,0.01389375,0.28125,0.001509375,0.3125,0.000609375,0.46875,0.0,0.46875,0.0,0.421875,0.0
uniform_high,64,27,fixed,none,57,0.9615758137964493,0.46064814814814814,0.43384214564732143,0.6666666666666666,320000,0,0.0,0.17832799644147385,0.2406005859375,9,0.03515625,0.0703125,0.0593612631690526,0.328125,0.995528125,0.3385416666666667,0.004471875,0.5104166666666666,0.0,0.6579375000000001,0.26046875,0.08159374999999999,0.328125,0.655625,0.25,0.2591375,0.40625,0.080765625,0.234375,0.0023125,0.359375,0.00133125,0.421875,0.000828125,0.421875,0.0,0.546875,0.0,0.5625,0.0
patchy_high,64,27,fixed,none,54,0.9420191080560146,0.44146825396825395,0.3445518818204365,0.6666666666666666,320000,0,0.0,0.178540901796387,0.2406005859375,9,0.03515625,0.0703125,0.0593612631690526,0.2552083333333333,0.9959875,0.3385416666666667,0.0040125,0.5104166666666666,0.0,0.662925,0.2542125,0.08286249999999999,0.203125,0.66101875,0.21875,0.2529125,0.34375,0.08205625,0.265625,0.00190625,0.328125,0.0013,0.421875,0.00080625,0.421875,0.0,0.546875,0.0,0.5625,0.0
split_high_low,64,27,fixed,none,54,0.9459508137964493,0.4685846560846561,0.4116945746527778,0.6666666666666666,320000,0,0.0,0.19364087999018204,0.2406005859375,9,0.03515625,0.0703125,0.0593612631690526,0.328125,0.9939500000000001,0.3697916666666667,0.00605,0.5104166666666666,0.0,0.600021875,0.295415625,0.1045625,0.265625,0.5973125,0.28125,0.2930875,0.4375,0.10355,0.359375,0.002709375,0.328125,0.002328125,0.421875,0.0010125,0.421875,0.0,0.546875,0.0,0.5625,0.0
uniform_high,64,28,fixed,none,54,0.9420191080560145,0.45778218694885364,0.3559171130952381,0.6666666666666666,320000,0,0.0,0.17502084553107067,0.269775390625,10,0.0390625,0.0703125,0.007859915275801717,0.2760416666666667,0.9959437499999999,0.3697916666666667,0.00405625,0.5416666666666666,0.0,0.683584375,0.2411625,0.07525312499999999,0.203125,0.682071875,0.265625,0.23953125,0.359375,0.074340625,0.375,0.0015125,0.328125,0.00163125,0.40625,0.0009125,0.53125,0.0,0.546875,0.0,0.546875,0.0
patchy_high,64,28,fixed,none,55,0.9511591471297827,0.4534832451499118,0.3175332232762897,0.6666666666666666,320000,0,0.0,0.16659101534920315,0.269775390625,10,0.0390625,0.0703125,0.007859915275801717,0.2604166666666667,0.99606875,0.3854166666666667,0.003931250000000001,0.5416666666666666,0.0,0.7079,0.227753125,0.064346875,0.15625,0.706375,0.3125,0.22628125,0.3125,0.0634125,0.453125,0.001525,0.328125,0.001471875,0.375,0.000934375,0.53125,0.0,0.546875,0.0,0.546875,0.0
split_high_low,64,28,fixed,none,56,0.9583333333333334,0.49487433862433866,0.48677413659474206,0.6666666666666666,320000,0,0.0,0.2034039101932922,0.269775390625,10,0.0390625,0.0703125,0.007859915275801717,0.3958333333333333,0.95084375,0.421875,0.049156250000000005,0.5416666666666666,0.0,0.5716718749999999,0.30825625,0.12007187500000001,0.390625,0.542071875,0.421875,0.294659375,0.375,0.1141125,0.40625,0.0296,0.4375,0.013596875,0.421875,0.005959375,0.53125,0.0,0.546875,0.0,0.546875,0.0
uniform_high,64,29,fixed,none,59,0.971992480463116,0.45078262786596124,0.4152570188492064,0.6666666666666666,320000,0,0.0,0.1900204227842591,0.2606201171875,8,0.03125,0.015625,-0.060443294721386494,0.3020833333333333,0.9964906250000001,0.34375,0.003509375,0.421875,0.0,0.615290625,0.28862187499999997,0.0960875,0.28125,0.61374375,0.28125,0.287278125,0.34375,0.09546875,0.21875,0.001546875,0.3125,0.00134375,0.5,0.00061875,0.4375,0.0,0.40625,0.0,0.421875,0.0
patchy_high,64,29,fixed,none,56,0.956367480463116,0.4573412698412698,0.43283767981150795,0.6666666666666666,320000,0,0.0,0.19031087129605376,0.2606201171875,8,0.03125,0.015625,-0.060443294721386494,0.3229166666666667,0.996596875,0.359375,0.003403125,0.421875,0.0,0.6317343750000001,0.27866562500000003,0.0896,0.3125,0.630421875,0.28125,0.277196875,0.375,0.088978125,0.234375,0.0013125,0.3125,0.00146875,0.53125,0.000621875,0.4375,0.0,0.40625,0.0,0.421875,0.0
split_high_low,64,29,fixed,none,53,0.9375,0.44538139329806,0.3783417550223214,0.6666666666666666,320000,0,0.0,0.17810266374242373,0.2606201171875,8,0.03125,0.015625,-0.060443294721386494,0.296875,0.9866249999999999,0.3489583333333333,0.013375,0.421875,0.0,0.656790625,0.252709375,0.0905,0.21875,0.650784375,0.296875,0.24783125,0.375,0.088009375,0.1875,0.00600625,0.34375,0.004878125,0.515625,0.002490625,0.4375,0.0,0.40625,0.0,0.421875,0.0
uniform_high,64,30,fixed,none,58,0.96875,0.46555335097001765,0.4445686879960318,0.6666666666666666,320000,0,0.0,0.2033355391188419,0.294921875,9,0.03515625,0.0625,-0.10159507178309082,0.3229166666666667,0.9957750000000001,0.359375,0.0042250000000000005,0.5,0.0,0.5681,0.30965312500000003,0.122246875,0.375,0.566253125,0.25,0.308059375,0.34375,0.1214625,0.328125,0.001846875,0.296875,0.00159375,0.453125,0.000784375,0.5,0.0,0.578125,0.0,0.421875,0.0
patchy_high,64,30,fixed,none,61,0.984375,0.4715057319223986,0.435892224702381,0.6666666666666666,320000,0,0.0,0.20010488216931183,0.294921875,9,0.03515625,0.0625,-0.10159507178309082,0.3385416666666667,0.9954562499999999,0.3541666666666667,0.00454375,0.5,0.0,0.5772750000000001,0.3042875,0.1184375,0.28125,0.575296875,0.359375,0.302671875,0.375,0.1174875,0.328125,0.001978125,0.34375,0.001615625,0.390625,0.00095,0.5,0.0,0.578125,0.0,0.421875,0.0
split_high_low,64,30,fixed,none,62,0.9895833333333334,0.4889219576719577,0.5067563089037699,0.6666666666666666,320000,0,0.0,0.23499753520631542,0.294921875,9,0.03515625,0.0625,-0.10159507178309082,0.484375,0.996184375,0.3541666666666667,0.003815625,0.5,0.0,0.397209375,0.362725,0.240065625,0.46875,0.395421875,0.484375,0.361390625,0.5,0.239371875,0.3125,0.0017875,0.328125,0.001334375,0.421875,0.00069375,0.5,0.0,0.578125,0.0,0.421875,0.0
uniform_high,64,31,fixed,none,58,0.96875,0.46158509700176364,0.47535533699156746,0.6666666666666666,320000,0,0.0,0.2273438137678634,0.221923828125,9,0.03515625,0.0390625,-0.0802059522544694,0.3958333333333333,0.995815625,0.2760416666666667,0.004184375000000001,0.4895833333333333,0.0,0.4435375,0.35028125,0.20618124999999998,0.390625,0.4418625,0.328125,0.34868125,0.46875,0.205271875,0.25,0.001675,0.21875,0.0016,0.359375,0.000909375,0.515625,0.0,0.46875,0.0,0.484375,0.0
patchy_high,64,31,fixed,none,59,0.971992480463116,0.46345899470899465,0.48553049045138896,0.6666666666666666,320000,0,0.0,0.22647694512944017,0.221923828125,9,0.03515625,0.0390625,-0.0802059522544694,0.4114583333333333,0.9954906250000001,0.2708333333333333,0.004509375,0.4895833333333333,0.0,0.44373125,0.34930937500000003,0.206959375,0.359375,0.441734375,0.453125,0.347740625,0.421875,0.206015625,0.265625,0.001996875,0.203125,0.00156875,0.34375,0.00094375,0.515625,0.0,0.46875,0.0,0.484375,0.0
split_high_low,64,31,fixed,none,59,0.9739583333333334,0.47040343915343913,0.47851326264880956,0.6666666666666666,320000,0,0.0,0.2228692033205035,0.221923828125,9,0.03515625,0.0390625,-0.0802059522544694,0.3802083333333333,0.99191875,0.3125,0.00808125,0.4895833333333333,0.0,0.46410625,0.348446875,0.18744687499999999,0.421875,0.46003125,0.34375,0.345659375,0.375,0.186228125,0.359375,0.004075,0.21875,0.0027875,0.359375,0.00121875,0.515625,0.0,0.46875,0.0,0.484375,0.0
uniform_high,64,32,fixed,none,52,0.9322916666666666,0.4447751322751323,0.3051541356646826,0.6666666666666666,320000,0,0.0,0.14597739275032073,0.2374267578125,8,0.03125,0.046875,-0.006899682314028929,0.24479166666666666,0.996346875,0.359375,0.0036531249999999997,0.4895833333333333,0.0,0.79935625,0.1659375,0.03470625,0.171875,0.797509375,0.21875,0.164734375,0.34375,0.034103125,0.390625,0.001846875,0.296875,0.001203125,0.390625,0.000603125,0.453125,0.0,0.53125,0.0,0.484375,0.0
patchy_high,64,32,fixed,none,54,0.9459508137964493,0.43667328042328046,0.29041536458333334,0.6666666666666666,320000,0,0.0,0.14271541807704113,0.2374267578125,8,0.03125,0.046875,-0.006899682314028929,0.234375,0.99670625,0.3333333333333333,0.0032937500000000002,0.4895833333333333,0.0,0.79630625,0.16893750000000002,0.034756249999999995,0.15625,0.794775,0.234375,0.1677625,0.3125,0.03416875,0.3125,0.00153125,0.296875,0.001175,0.390625,0.0005875,0.453125,0.0,0.53125,0.0,0.484375,0.0
split_high_low,64,32,fixed,none,60,0.9791666666666666,0.44995590828924165,0.35469982793898813,0.6666666666666666,320000,0,0.0,0.15795251017619028,0.2374267578125,8,0.03125,0.046875,-0.006899682314028929,0.2708333333333333,0.979975,0.34375,0.020025,0.4895833333333333,0.0,0.755525,0.197128125,0.047346875000000004,0.21875,0.739246875,0.21875,0.1943875,0.375,0.046340625,0.28125,0.016278125,0.359375,0.002740625,0.390625,0.00100625,0.453125,0.0,0.53125,0.0,0.484375,0.0
uniform_high,64,33,fixed,none,59,0.971992480463116,0.459049823633157,0.47764996744791666,0.6666666666666666,320000,0,0.0,0.21573876756697385,0.30859375,11,0.04296875,0.0859375,-0.06995772122784315,0.4010416666666667,0.9956875,0.3177083333333333,0.0043125,0.4010416666666667,0.0,0.510959375,0.32985,0.159190625,0.46875,0.50903125,0.296875,0.32825,0.4375,0.15840625,0.203125,0.001928125,0.28125,0.0016,0.46875,0.000784375,0.375,0.0,0.375,0.0,0.453125,0.0
patchy_high,64,33,fixed,none,58,0.9648182942595653,0.4500110229276896,0.46276188771081345,0.6666666666666666,320000,0,0.0,0.21860324298554945,0.30859375,11,0.04296875,0.0859375,-0.06995772122784315,0.4010416666666667,0.9955875000000001,0.296875,0.0044125,0.4010416666666667,0.0,0.49582187499999997,0.33002187499999996,0.17415624999999998,0.34375,0.493715625,0.328125,0.328490625,0.53125,0.17338125,0.203125,0.00210625,0.21875,0.00153125,0.46875,0.000775,0.375,0.0,0.375,0.0,0.453125,0.0
split_high_low,64,33,fixed,none,57,0.9615758137964493,0.46103395061728397,0.42415452318948405,0.6666666666666666,320000,0,0.0,0.17974507559228525,0.30859375,11,0.04296875,0.0859375,-0.06995772122784315,0.3385416666666667,0.988828125,0.3489583333333333,0.011171875000000001,0.4010416666666667,0.0,0.659090625,0.262340625,0.07856875,0.28125,0.65271875,0.3125,0.2587,0.421875,0.077409375,0.28125,0.006371875,0.3125,0.003640625,0.453125,0.001159375,0.375,0.0,0.375,0.0,0.453125,0.0
uniform_high,64,34,fixed,none,57,0.9615758137964493,0.47238756613756616,0.46116517547123015,0.6666666666666666,320000,0,0.0,0.21274042146210365,0.3095703125,9,0.03515625,0.0625,-0.021427478217774167,0.3958333333333333,0.97015,0.328125,0.02985,0.5,0.0,0.5145187499999999,0.33125312500000004,0.154228125,0.40625,0.5015,0.265625,0.320878125,0.515625,0.147771875,0.3125,0.01301875,0.3125,0.010375,0.359375,0.00645625,0.46875,0.0,0.484375,0.0,0.546875,0.0
patchy_high,64,34,fixed,none,60,0.9791666666666666,0.47646604938271603,0.47861018105158726,0.6666666666666666,320000,0,0.0,0.2037020768593362,0.3095703125,9,0.03515625,0.0625,-0.021427478217774167,0.375,0.9949625,0.3385416666666667,0.0050375,0.5,0.0,0.5414218749999999,0.32263125,0.13594687500000002,0.4375,0.5386,0.328125,0.321125,0.359375,0.1352375,0.296875,0.002821875,0.328125,0.00150625,0.390625,0.000709375,0.46875,0.0,0.484375,0.0,0.546875,0.0
split_high_low,64,34,fixed,none,57,0.9635416666666666,0.48495370370370366,0.470441142733135,0.6666666666666666,320000,0,0.0,0.19915826811890353,0.3095703125,9,0.03515625,0.0625,-0.021427478217774167,0.3802083333333333,0.96545625,0.375,0.03454375,0.5,0.0,0.5983406250000001,0.295990625,0.10566875,0.359375,0.581353125,0.359375,0.283728125,0.421875,0.100375,0.34375,0.0169875,0.34375,0.0122625,0.4375,0.00529375,0.46875,0.0,0.484375,0.0,0.546875,0.0
uniform_high,64,35,fixed,none,60,0.9791666666666666,0.4422949735449736,0.4160821723090278,0.6666666666666666,320000,0,0.0,0.19590781544317384,0.3172607421875,10,0.0390625,0.0390625,0.017837853599964808,0.296875,0.99551875,0.28125,0.00448125,0.46875,0.0,0.592128125,0.29369375000000003,0.114178125,0.265625,0.58984375,0.34375,0.292109375,0.28125,0.113565625,0.265625,0.002284375,0.25,0.001584375,0.328125,0.0006125,0.375,0.0,0.5,0.0,0.53125,0.0
patchy_high,64,35,fixed,none,59,0.971992480463116,0.45645943562610225,0.42968158792162703,0.6666666666666666,320000,0,0.0,0.19781064218205202,0.3172607421875,10,0.0390625,0.0390625,0.017837853599964808,0.328125,0.995771875,0.3072916666666667,0.004228125,0.46875,0.0,0.57321875,0.302846875,0.123934375,0.265625,0.570996875,0.40625,0.3014,0.3125,0.123375,0.3125,0.002221875,0.28125,0.001446875,0.328125,0.000559375,0.375,0.0,0.5,0.0,0.53125,0.0
split_high_low,64,35,fixed,none,60,0.9772008137964493,0.4709545855379188,0.4671509378100198,0.6666666666666666,320000,0,0.0,0.1868614259933197,0.3172607421875,10,0.0390625,0.0390625,0.017837853599964808,0.3489583333333333,0.9737468749999999,0.34375,0.026253125,0.46875,0.0,0.64135,0.2709,0.08775,0.359375,0.623828125,0.375,0.2640625,0.3125,0.08585625,0.375,0.017521875,0.296875,0.0068375,0.359375,0.00189375,0.375,0.0,0.5,0.0,0.53125,0.0
uniform_high,64,36,fixed,none,54,0.9427083333333334,0.46296296296296297,0.44684155505952383,0.6666666666666666,320000,0,0.0,0.19264635594583562,0.291748046875,10,0.0390625,0.0859375,-0.059726730579099226,0.3385416666666667,0.9962437500000001,0.3229166666666667,0.00375625,0.4947916666666667,0.0,0.6040375,0.2937875,0.102175,0.34375,0.6024,0.28125,0.292446875,0.390625,0.101396875,0.296875,0.0016375,0.25,0.001340625,0.421875,0.000778125,0.515625,0.0,0.4375,0.0,0.53125,0.0
patchy_high,64,36,fixed,none,55,0.9491932942595653,0.45436507936507936,0.4464437143477183,0.6666666666666666,320000,0,0.0,0.1926902852585419,0.291748046875,10,0.0390625,0.0859375,-0.059726730579099226,0.3333333333333333,0.99646875,0.296875,0.0035312499999999997,0.4947916666666667,0.0,0.59373125,0.29885937500000004,0.107409375,0.328125,0.5924,0.3125,0.2974375,0.359375,0.10663125,0.25,0.00133125,0.21875,0.001421875,0.421875,0.000778125,0.515625,0.0,0.4375,0.0,0.53125,0.0
split_high_low,64,36,fixed,none,57,0.9615758137964493,0.47872574955908287,0.4621387028769841,0.6666666666666666,320000,0,0.0,0.20273410810894577,0.291748046875,10,0.0390625,0.0859375,-0.059726730579099226,0.3645833333333333,0.9814156249999999,0.3697916666666667,0.018584375,0.4947916666666667,0.0,0.552953125,0.31609375,0.130953125,0.375,0.542925,0.296875,0.3101875,0.421875,0.128303125,0.328125,0.010028125,0.328125,0.00590625,0.453125,0.00265,0.515625,0.0,0.4375,0.0,0.53125,0.0
uniform_high,64,37,fixed,none,55,0.9511591471297827,0.47095458553791886,0.4585019221230159,0.6666666666666666,320000,0,0.0,0.20250975898588552,0.2376708984375,9,0.03515625,0.0390625,0.0521181633646391,0.359375,0.994528125,0.328125,0.005471875,0.4739583333333333,0.0,0.5611875,0.31337499999999996,0.1254375,0.328125,0.55904375,0.359375,0.311221875,0.390625,0.1242625,0.296875,0.00214375,0.328125,0.002153125,0.359375,0.001175,0.546875,0.0,0.46875,0.0,0.40625,0.0
patchy_high,64,37,fixed,none,57,0.9635416666666666,0.4732694003527337,0.4579840277777777,0.6666666666666666,320000,0,0.0,0.19888934870789093,0.2376708984375,9,0.03515625,0.0390625,0.0521181633646391,0.375,0.995115625,0.3333333333333333,0.004884375,0.4739583333333333,0.0,0.5712499999999999,0.311159375,0.117590625,0.3125,0.569425,0.390625,0.309240625,0.421875,0.11645,0.3125,0.001825,0.296875,0.00191875,0.390625,0.001140625,0.546875,0.0,0.46875,0.0,0.40625,0.0
split_high_low,64,37,fixed,none,58,0.96875,0.4809854497354497,0.4685070250496032,0.6666666666666666,320000,0,0.0,0.21880142835744346,0.2376708984375,9,0.03515625,0.0390625,0.0521181633646391,0.3645833333333333,0.9957625000000001,0.375,0.0042375,0.4739583333333333,0.0,0.49085,0.33892187500000004,0.170228125,0.34375,0.489465625,0.390625,0.3372125,0.359375,0.169084375,0.375,0.001384375,0.328125,0.001709375,0.421875,0.00114375,0.546875,0.0,0.46875,0.0,0.40625,0.0
uniform_high,64,38,fixed,none,55,0.953125,0.43016975308641975,0.315956963045635,0.6666666666666666,320000,0,0.0,0.17120316626816362,0.2559814453125,9,0.03515625,0.0859375,0.06579936102754179,0.2708333333333333,0.996453125,0.296875,0.0035468749999999997,0.5520833333333334,0.0,0.7060062500000001,0.229721875,0.064271875,0.171875,0.704490625,0.21875,0.228384375,0.421875,0.063578125,0.28125,0.001515625,0.21875,0.0013375,0.390625,0.00069375,0.59375,0.0,0.5625,0.0,0.5,0.0
patchy_high,64,38,fixed,none,52,0.9355341471297827,0.4169973544973545,0.2427250728546627,0.6666666666666666,320000,0,0.0,0.1699705878538716,0.2559814453125,9,0.03515625,0.0859375,0.06579936102754179,0.25,0.9966125,0.2916666666666667,0.0033875000000000003,0.5520833333333334,0.0,0.722259375,0.22034375,0.057396875,0.09375,0.72075,0.28125,0.219090625,0.375,0.056771875,0.28125,0.001509375,0.171875,0.001253125,0.421875,0.000625,0.59375,0.0,0.5625,0.0,0.5,0.0
split_high_low,64,38,fixed,none,57,0.9615758137964493,0.4502314814814815,0.4091060500372024,0.6666666666666666,320000,0,0.0,0.1709886901027116,0.2559814453125,9,0.03515625,0.0859375,0.06579936102754179,0.3333333333333333,0.9952968750000001,0.3489583333333333,0.004703125,0.5520833333333334,0.0,0.707675,0.235253125,0.057071874999999994,0.28125,0.70498125,0.25,0.233778125,0.46875,0.0565375,0.296875,0.00269375,0.203125,0.001475,0.546875,0.000534375,0.59375,0.0,0.5625,0.0,0.5,0.0
uniform_high,64,39,fixed,none,55,0.9491932942595653,0.46434082892416223,0.4700750310019841,0.6666666666666666,320000,0,0.0,0.20255612113070284,0.27001953125,9,0.03515625,0.09375,0.07898232427049619,0.3541666666666667,0.995459375,0.3020833333333333,0.0045406249999999995,0.515625,0.0,0.57445625,0.30808749999999996,0.11745625,0.375,0.572359375,0.359375,0.30650625,0.328125,0.11659375,0.28125,0.002096875,0.3125,0.00158125,0.3125,0.0008625,0.5625,0.0,0.4375,0.0,0.546875,0.0
patchy_high,64,39,fixed,none,56,0.9583333333333334,0.4685295414462081,0.45268297836061505,0.6666666666666666,320000,0,0.0,0.20107198363080542,0.27001953125,9,0.03515625,0.09375,0.07898232427049619,0.3697916666666667,0.9956468749999999,0.3177083333333333,0.004353124999999999,0.515625,0.0,0.5904875,0.300715625,0.108796875,0.3125,0.588509375,0.359375,0.299171875,0.4375,0.107965625,0.3125,0.001978125,0.265625,0.00154375,0.375,0.00083125,0.5625,0.0,0.4375,0.0,0.546875,0.0
split_high_low,64,39,fixed,none,57,0.9635416666666666,0.4711750440917108,0.4456767376612103,0.6666666666666666,320000,0,0.0,0.19796047788101928,0.27001953125,9,0.03515625,0.09375,0.07898232427049619,0.3177083333333333,0.995809375,0.3697916666666667,0.004190625,0.515625,0.0,0.5853437499999999,0.30103125000000003,0.113625,0.34375,0.5836625,0.296875,0.299340625,0.3125,0.11280625,0.375,0.00168125,0.34375,0.001690625,0.390625,0.00081875,0.5625,0.0,0.4375,0.0,0.546875,0.0
uniform_high,64,40,fixed,none,58,0.96875,0.46814373897707234,0.43057737320188494,0.6666666666666666,320000,0,0.0,0.19809937359174817,0.2525634765625,9,0.03515625,0.0703125,-0.02983703510380278,0.3072916666666667,0.991675,0.3697916666666667,0.008325,0.4791666666666667,0.0,0.604178125,0.288396875,0.10742499999999999,0.3125,0.600809375,0.28125,0.28528125,0.328125,0.105584375,0.328125,0.00336875,0.34375,0.003115625,0.4375,0.001840625,0.4375,0.0,0.46875,0.0,0.53125,0.0
patchy_high,64,40,fixed,none,60,0.9791666666666666,0.4650573192239859,0.4327848462301587,0.6666666666666666,320000,0,0.0,0.20003353882029012,0.2525634765625,9,0.03515625,0.0703125,-0.02983703510380278,0.3229166666666667,0.99598125,0.34375,0.00401875,0.4791666666666667,0.0,0.5978218750000001,0.29449375,0.107684375,0.28125,0.596365625,0.375,0.2929375,0.3125,0.106678125,0.265625,0.00145625,0.34375,0.00155625,0.421875,0.00100625,0.4375,0.0,0.46875,0.0,0.53125,0.0
split_high_low,64,40,fixed,none,48,0.9147008137964493,0.4572861552028219,0.3485991892981151,0.6666666666666666,320000,0,0.0,0.1852489739895474,0.2525634765625,9,0.03515625,0.0703125,-0.02983703510380278,0.2604166666666667,0.99555,0.390625,0.00445,0.4791666666666667,0.0,0.61818125,0.275675,0.10614375,0.1875,0.616625,0.265625,0.274028125,0.328125,0.104896875,0.375,0.00155625,0.390625,0.001646875,0.40625,0.001246875,0.4375,0.0,0.46875,0.0,0.53125,0.0
uniform_high,64,41,fixed,none,57,0.9615758137964493,0.4670965608465608,0.45885178881448413,0.6666666666666666,320000,0,0.0,0.20492239703752835,0.2320556640625,8,0.03125,0.046875,-0.07212570222482138,0.375,0.9963218749999999,0.3177083333333333,0.003678125,0.5625,0.0,0.559521875,0.313040625,0.1274375,0.359375,0.557890625,0.296875,0.311621875,0.46875,0.126809375,0.3125,0.00163125,0.265625,0.00141875,0.375,0.000628125,0.59375,0.0,0.546875,0.0,0.546875,0.0
patchy_high,64,41,fixed,none,56,0.9544016275928987,0.4611441798941799,0.42896201171875,0.6666666666666666,320000,0,0.0,0.20737103854352193,0.2320556640625,8,0.03125,0.046875,-0.07212570222482138,0.3489583333333333,0.9964000000000001,0.3229166666666667,0.0036,0.5625,0.0,0.5542374999999999,0.31362187500000005,0.13214062499999998,0.25,0.55260625,0.46875,0.312228125,0.328125,0.131565625,0.296875,0.00163125,0.28125,0.00139375,0.390625,0.000575,0.59375,0.0,0.546875,0.0,0.546875,0.0
split_high_low,64,41,fixed,none,62,0.9895833333333334,0.4635692239858907,0.4145951528397817,0.6666666666666666,320000,0,0.0,0.19939433189189798,0.2320556640625,8,0.03125,0.046875,-0.07212570222482138,0.3385416666666667,0.982015625,0.3333333333333333,0.017984375,0.5625,0.0,0.59051875,0.297709375,0.111771875,0.234375,0.58238125,0.40625,0.291453125,0.375,0.10818125,0.296875,0.0081375,0.3125,0.00625625,0.390625,0.003590625,0.59375,0.0,0.546875,0.0,0.546875,0.0
uniform_high,64,42,fixed,none,58,0.96875,0.4526014109347442,0.43321656436011907,0.6666666666666666,320000,0,0.0,0.18889379652795835,0.28125,8,0.03125,0.09375,0.04058098870913678,0.328125,0.9962031250000001,0.296875,0.003796875,0.4479166666666667,0.0,0.6243437500000001,0.279525,0.09613125,0.328125,0.62298125,0.25,0.278059375,0.40625,0.0951625,0.359375,0.0013625,0.28125,0.001465625,0.25,0.00096875,0.390625,0.0,0.453125,0.0,0.5,0.0
patchy_high,64,42,fixed,none,52,0.9303258137964493,0.4465939153439153,0.3851541031125992,0.6666666666666666,320000,0,0.0,0.1812725054107892,0.28125,8,0.03125,0.09375,0.04058098870913678,0.2864583333333333,0.9960156250000001,0.3125,0.003984375,0.4479166666666667,0.0,0.63238125,0.27754375,0.090075,0.25,0.6308375,0.234375,0.2760625,0.375,0.089115625,0.34375,0.00154375,0.328125,0.00148125,0.265625,0.000959375,0.390625,0.0,0.453125,0.0,0.5,0.0
split_high_low,64,42,fixed,none,54,0.9479166666666666,0.46836419753086417,0.43667649429563493,0.6666666666666666,320000,0,0.0,0.18629158552018288,0.28125,8,0.03125,0.09375,0.04058098870913678,0.3125,0.995309375,0.3645833333333333,0.004690625,0.4479166666666667,0.0,0.6108750000000001,0.286959375,0.102165625,0.3125,0.60888125,0.3125,0.285246875,0.3125,0.10118125,0.375,0.00199375,0.375,0.0017125,0.34375,0.000984375,0.390625,0.0,0.453125,0.0,0.5,0.0
uniform_high,64,43,fixed,none,53,0.9387766275928987,0.43490961199294537,0.313857287016369,0.6666666666666666,320000,0,0.0,0.18221379700309814,0.2601318359375,8,0.03125,0.0859375,-0.08992616473673812,0.234375,0.996290625,0.328125,0.003709375,0.4635416666666667,0.0,0.6862,0.2456625,0.06813749999999999,0.171875,0.6848125,0.21875,0.2442125,0.3125,0.067265625,0.3125,0.0013875,0.34375,0.00145,0.328125,0.000871875,0.484375,0.0,0.390625,0.0,0.515625,0.0
patchy_high,64,43,fixed,none,51,0.9303258137964493,0.43761022927689597,0.3249682632688492,0.6666666666666666,320000,0,0.0,0.18770233161568284,0.2601318359375,8,0.03125,0.0859375,-0.08992616473673812,0.2708333333333333,0.99625625,0.3072916666666667,0.00374375,0.4635416666666667,0.0,0.6586656249999999,0.2631875,0.07814687499999999,0.171875,0.657265625,0.234375,0.261721875,0.40625,0.07726875,0.296875,0.0014,0.296875,0.001465625,0.328125,0.000878125,0.484375,0.0,0.390625,0.0,0.515625,0.0
split_high_low,64,43,fixed,none,54,0.943984960926232,0.45778218694885364,0.38135999658978176,0.6666666666666666,320000,0,0.0,0.1925679721053602,0.2601318359375,8,0.03125,0.0859375,-0.08992616473673812,0.3020833333333333,0.9886218750000001,0.3489583333333333,0.011378125,0.4635416666666667,0.0,0.63048125,0.280465625,0.089053125,0.203125,0.62455625,0.375,0.2767125,0.328125,0.087353125,0.28125,0.005925,0.40625,0.003753125,0.359375,0.0017,0.484375,0.0,0.390625,0.0,0.515625,0.0
uniform_high,64,44,fixed,none,54,0.9479166666666666,0.45789241622574955,0.3687258308531746,0.6666666666666666,320000,0,0.0,0.19181224288665616,0.2711181640625,8,0.03125,0.0625,-0.0106841173976949,0.359375,0.9961093750000001,0.34375,0.003890625,0.4947916666666667,0.0,0.6478781250000001,0.264321875,0.08779999999999999,0.1875,0.646175,0.359375,0.262821875,0.53125,0.0871125,0.390625,0.001703125,0.234375,0.0015,0.40625,0.0006875,0.53125,0.0,0.546875,0.0,0.40625,0.0
patchy_high,64,44,fixed,none,60,0.9791666666666666,0.4584435626102292,0.422145425657242,0.6666666666666666,320000,0,0.0,0.19549431619251115,0.2711181640625,8,0.03125,0.0625,-0.0106841173976949,0.3177083333333333,0.9961687499999999,0.3333333333333333,0.00383125,0.4947916666666667,0.0,0.6304156249999999,0.274875,0.094709375,0.296875,0.628925,0.265625,0.273303125,0.390625,0.093940625,0.40625,0.001490625,0.234375,0.001571875,0.359375,0.00076875,0.53125,0.0,0.546875,0.0,0.40625,0.0
split_high_low,64,44,fixed,none,52,0.9335682942595653,0.46456128747795417,0.425013904389881,0.6666666666666666,320000,0,0.0,0.2107496101087081,0.2711181640625,8,0.03125,0.0625,-0.0106841173976949,0.3385416666666667,0.9772625000000001,0.3489583333333333,0.0227375,0.4947916666666667,0.0,0.5361375,0.32559375,0.13826875,0.25,0.52418125,0.359375,0.3180875,0.40625,0.13499375,0.453125,0.01195625,0.25,0.00750625,0.34375,0.003275,0.53125,0.0,0.546875,0.0,0.40625,0.0
uniform_high,64,45,fixed,none,57,0.9615758137964493,0.45679012345679015,0.4420248635912699,0.6666666666666666,320000,0,0.0,0.2062902539478279,0.2279052734375,9,0.03515625,0.0546875,0.033953599238658254,0.3333333333333333,0.9957374999999999,0.3072916666666667,0.0042625,0.5052083333333334,0.0,0.557553125,0.31780625,0.124640625,0.296875,0.555721875,0.359375,0.316134375,0.34375,0.12388125,0.265625,0.00183125,0.21875,0.001671875,0.4375,0.000759375,0.5,0.0,0.546875,0.0,0.46875,0.0
patchy_high,64,45,fixed,none,57,0.9615758137964493,0.4610339506172839,0.44479499007936507,0.6666666666666666,320000,0,0.0,0.2039954212577041,0.2279052734375,9,0.03515625,0.0546875,0.033953599238658254,0.3385416666666667,0.995796875,0.3072916666666667,0.004203125,0.5052083333333334,0.0,0.570259375,0.307946875,0.12179375,0.328125,0.56839375,0.296875,0.30639375,0.390625,0.121009375,0.265625,0.001865625,0.265625,0.001553125,0.390625,0.000784375,0.5,0.0,0.546875,0.0,0.46875,0.0
split_high_low,64,45,fixed,none,57,0.9615758137964493,0.48037918871252205,0.45937627263144837,0.6666666666666666,320000,0,0.0,0.1973978500223157,0.2279052734375,9,0.03515625,0.0546875,0.033953599238658254,0.3697916666666667,0.974146875,0.3645833333333333,0.025853125,0.5052083333333334,0.0,0.58724375,0.293565625,0.119190625,0.328125,0.572228125,0.359375,0.2866875,0.421875,0.11523125,0.34375,0.015015625,0.3125,0.006878125,0.4375,0.003959375,0.5,0.0,0.546875,0.0,0.46875,0.0
uniform_high,64,46,fixed,none,54,0.9427083333333334,0.4426807760141093,0.3506668759300595,0.6666666666666666,320000,0,0.0,0.19800262449450023,0.3009033203125,9,0.03515625,0.0703125,-0.11798571895358495,0.2760416666666667,0.9961156250000001,0.3072916666666667,0.003884375,0.4895833333333333,0.0,0.5927125000000001,0.292465625,0.114821875,0.1875,0.59101875,0.25,0.2910125,0.390625,0.114084375,0.328125,0.00169375,0.3125,0.001453125,0.28125,0.0007375,0.4375,0.0,0.515625,0.0,0.515625,0.0
patchy_high,64,46,fixed,none,54,0.9459508137964493,0.4447200176366843,0.3852755812872024,0.6666666666666666,320000,0,0.0,0.1913281210311535,0.3009033203125,9,0.03515625,0.0703125,-0.11798571895358495,0.2708333333333333,0.996003125,0.3072916666666667,0.003996875,0.4895833333333333,0.0,0.6332625,0.270175,0.0965625,0.234375,0.6314375,0.296875,0.26868125,0.28125,0.095884375,0.359375,0.001825,0.265625,0.00149375,0.296875,0.000678125,0.4375,0.0,0.515625,0.0,0.515625,0.0
split_high_low,64,46,fixed,none,57,0.9615758137964493,0.46643518518518523,0.42372068452380957,0.6666666666666666,320000,0,0.0,0.19790290368933197,0.3009033203125,9,0.03515625,0.0703125,-0.11798571895358495,0.3333333333333333,0.98231875,0.3385416666666667,0.01768125,0.4895833333333333,0.0,0.611759375,0.292784375,0.09545624999999999,0.296875,0.6016875,0.265625,0.287225,0.4375,0.09340625,0.34375,0.010071875,0.3125,0.005559375,0.359375,0.00205,0.4375,0.0,0.515625,0.0,0.515625,0.0
uniform_high,64,47,fixed,none,59,0.9739583333333334,0.4530423280423281,0.40414820963541664,0.6666666666666666,320000,0,0.0,0.17947982942649005,0.2747802734375,10,0.0390625,0.046875,0.052953418170869904,0.2916666666666667,0.9959875,0.328125,0.0040125000000000004,0.5364583333333334,0.0,0.6783843749999999,0.24250312499999999,0.0791125,0.28125,0.67669375,0.234375,0.24088125,0.359375,0.0784125,0.265625,0.001690625,0.3125,0.001621875,0.40625,0.0007,0.546875,0.0,0.5,0.0,0.5625,0.0
patchy_high,64,47,fixed,none,56,0.9583333333333334,0.44246031746031744,0.3390536396329365,0.6666666666666666,320000,0,0.0,0.17946142868030457,0.2747802734375,10,0.0390625,0.046875,0.052953418170869904,0.2604166666666667,0.995990625,0.3385416666666667,0.004009375,0.5364583333333334,0.0,0.655571875,0.256565625,0.0878625,0.171875,0.65375,0.3125,0.25498125,0.296875,0.087259375,0.25,0.001821875,0.3125,0.001584375,0.453125,0.000603125,0.546875,0.0,0.5,0.0,0.5625,0.0
split_high_low,64,47,fixed,none,55,0.9511591471297827,0.45651455026455023,0.3701043960813492,0.6666666666666666,320000,0,0.0,0.174289242882393,0.2747802734375,10,0.0390625,0.046875,0.052953418170869904,0.2916666666666667,0.98258125,0.3645833333333333,0.01741875,0.5364583333333334,0.0,0.711428125,0.22956875000000002,0.059003125,0.21875,0.698384375,0.28125,0.226021875,0.375,0.058175,0.25,0.01304375,0.375,0.003546875,0.46875,0.000828125,0.546875,0.0,0.5,0.0,0.5625,0.0
uniform_high,64,48,fixed,none,53,0.9387766275928987,0.44615299823633153,0.3153858041914683,0.6666666666666666,320000,0,0.0,0.17373332052554505,0.2672119140625,10,0.0390625,0.0390625,-0.05008647209184763,0.2916666666666667,0.99635625,0.3854166666666667,0.0036437500000000003,0.5260416666666666,0.0,0.69008125,0.23421875,0.07569999999999999,0.171875,0.68885,0.203125,0.232678125,0.5,0.074828125,0.359375,0.00123125,0.28125,0.001540625,0.515625,0.000871875,0.5625,0.0,0.5625,0.0,0.453125,0.0
patchy_high,64,48,fixed,none,58,0.96875,0.4523809523809524,0.4120507750496032,0.6666666666666666,320000,0,0.0,0.16471207004645178,0.2672119140625,10,0.0390625,0.0390625,-0.05008647209184763,0.3020833333333333,0.996290625,0.3489583333333333,0.003709375,0.5260416666666666,0.0,0.72695,0.208021875,0.065028125,0.296875,0.72540625,0.21875,0.206534375,0.390625,0.06435,0.296875,0.00154375,0.25,0.0014875,0.5,0.000678125,0.5625,0.0,0.5625,0.0,0.453125,0.0
split_high_low,64,48,fixed,none,57,0.9635416666666666,0.4584986772486772,0.35677866288442456,0.6666666666666666,320000,0,0.0,0.19285495729786495,0.2672119140625,10,0.0390625,0.0390625,-0.05008647209184763,0.2864583333333333,0.9923843749999999,0.4010416666666667,0.007615625,0.5260416666666666,0.0,0.6096468749999999,0.289359375,0.10099375,0.203125,0.60635,0.234375,0.286465625,0.421875,0.09956875,0.34375,0.003296875,0.359375,0.00289375,0.5,0.001425,0.5625,0.0,0.5625,0.0,0.453125,0.0
uniform_high,64,49,fixed,none,57,0.9615758137964493,0.4483024691358025,0.5016386377728175,0.6666666666666666,320000,0,0.0,0.21033360599967837,0.26416015625,9,0.03515625,0.078125,-0.008977155563388349,0.4427083333333333,0.9965218750000001,0.24479166666666666,0.003478125,0.4479166666666667,0.0,0.525540625,0.32239375,0.152065625,0.453125,0.52385,0.453125,0.321153125,0.421875,0.15151875,0.1875,0.001690625,0.15625,0.001240625,0.390625,0.000546875,0.4375,0.0,0.546875,0.0,0.359375,0.0
patchy_high,64,49,fixed,none,57,0.9635416666666666,0.4505070546737213,0.4938614660838293,0.6666666666666666,320000,0,0.0,0.2126137851241419,0.26416015625,9,0.03515625,0.078125,-0.008977155563388349,0.4427083333333333,0.9964781249999999,0.2552083333333333,0.003521875,0.4479166666666667,0.0,0.51935,0.322125,0.158525,0.390625,0.517671875,0.484375,0.32081875,0.453125,0.1579875,0.1875,0.001678125,0.171875,0.00130625,0.40625,0.0005375,0.4375,0.0,0.546875,0.0,0.359375,0.0
split_high_low,64,49,fixed,none,57,0.9635416666666666,0.4591049382716049,0.46236036086309523,0.6666666666666666,320000,0,0.0,0.21847086173821556,0.26416015625,9,0.03515625,0.078125,-0.008977155563388349,0.3854166666666667,0.9767999999999999,0.3125,0.023200000000000002,0.4479166666666667,0.0,0.49574687500000003,0.3379375,0.166315625,0.375,0.482721875,0.296875,0.330278125,0.484375,0.1638,0.296875,0.013025,0.203125,0.007659375,0.4375,0.002515625,0.4375,0.0,0.546875,0.0,0.359375,0.0
uniform_high,64,50,fixed,none,56,0.9583333333333334,0.42041446208112876,0.08399615265376983,0.6666666666666666,320000,0,0.0,0.10518667696373404,0.3173828125,9,0.03515625,0.0546875,-0.03218331298546528,0.20833333333333334,0.9965531249999999,0.390625,0.0034468750000000003,0.4947916666666667,0.0,0.923040625,0.068771875,0.0081875,0.03125,0.921834375,0.203125,0.06746875,0.390625,0.00725,0.5,0.00120625,0.28125,0.001303125,0.390625,0.0009375,0.53125,0.0,0.53125,0.0,0.421875,0.0
patchy_high,64,50,fixed,none,58,0.9667841471297827,0.4363977072310406,0.16809600694444443,0.6666666666666666,320000,0,0.0,0.10772252657755216,0.3173828125,9,0.03515625,0.0546875,-0.03218331298546528,0.24479166666666666,0.9960031249999999,0.40625,0.0039968749999999996,0.4947916666666667,0.0,0.909584375,0.079971875,0.01044375,0.078125,0.907934375,0.234375,0.078571875,0.421875,0.009496875,0.53125,0.00165,0.296875,0.0014,0.390625,0.000946875,0.53125,0.0,0.53125,0.0,0.421875,0.0
split_high_low,64,50,fixed,none,58,0.9648182942595653,0.4535934744268077,0.3147433795262897,0.6666666666666666,320000,0,0.0,0.17249959819096272,0.3173828125,9,0.03515625,0.0546875,-0.03218331298546528,0.265625,0.98218125,0.4583333333333333,0.01781875,0.4947916666666667,0.0,0.686596875,0.252221875,0.06118125,0.171875,0.67625,0.203125,0.246815625,0.421875,0.059115625,0.515625,0.010346875,0.328125,0.00540625,0.53125,0.002065625,0.53125,0.0,0.53125,0.0,0.421875,0.0
uniform_high,64,51,fixed,none,58,0.9667841471297827,0.45199514991181655,0.4630845486111111,0.6666666666666666,320000,0,0.0,0.2111591829791108,0.274658203125,8,0.03125,0.0703125,0.043998459471490996,0.375,0.995384375,0.2604166666666667,0.004615625,0.5052083333333334,0.0,0.5181343749999999,0.332675,0.14919062500000002,0.3125,0.51650625,0.4375,0.330815625,0.375,0.1480625,0.28125,0.001628125,0.171875,0.001859375,0.328125,0.001128125,0.5625,0.0,0.515625,0.0,0.4375,0.0
patchy_high,64,51,fixed,none,55,0.953125,0.46709656084656087,0.4650521112351191,0.6666666666666666,320000,0,0.0,0.21370890166427248,0.274658203125,8,0.03125,0.0703125,0.043998459471490996,0.3697916666666667,0.9953031250000001,0.3072916666666667,0.004696875,0.5052083333333334,0.0,0.513525,0.33594375,0.15053125,0.328125,0.511934375,0.390625,0.334078125,0.390625,0.149290625,0.296875,0.001590625,0.25,0.001865625,0.375,0.001240625,0.5625,0.0,0.515625,0.0,0.4375,0.0
split_high_low,64,51,fixed,none,56,0.956367480463116,0.4671516754850088,0.4698370163690476,0.6666666666666666,320000,0,0.0,0.2220684138359642,0.274658203125,8,0.03125,0.0703125,0.043998459471490996,0.3645833333333333,0.968125,0.3072916666666667,0.031875,0.5052083333333334,0.0,0.47531875,0.349265625,0.17541562500000002,0.375,0.458478125,0.359375,0.338859375,0.359375,0.1707875,0.25,0.016840625,0.3125,0.01040625,0.359375,0.004628125,0.5625,0.0,0.515625,0.0,0.4375,0.0
uniform_high,64,52,fixed,none,56,0.9583333333333334,0.45100308641975306,0.3786272941468254,0.6666666666666666,320000,0,0.0,0.19324553459699192,0.2540283203125,8,0.03125,0.0625,-0.028484030350007572,0.2916666666666667,0.9956281250000001,0.34375,0.004371875,0.484375,0.0,0.608465625,0.2882,0.103334375,0.203125,0.606540625,0.34375,0.28654375,0.328125,0.10254375,0.328125,0.001925,0.25,0.00165625,0.453125,0.000790625,0.46875,0.0,0.578125,0.0,0.40625,0.0
patchy_high,64,52,fixed,none,54,0.9459508137964493,0.46092372134038806,0.42068716672867057,0.6666666666666666,320000,0,0.0,0.19352097522009531,0.2540283203125,8,0.03125,0.0625,-0.028484030350007572,0.34375,0.99583125,0.34375,0.00416875,0.484375,0.0,0.612228125,0.28586875,0.101903125,0.25,0.610615625,0.390625,0.284234375,0.390625,0.10098125,0.375,0.0016125,0.203125,0.001634375,0.453125,0.000921875,0.46875,0.0,0.578125,0.0,0.40625,0.0
split_high_low,64,52,fixed,none,59,0.96875,0.480544532627866,0.47495269407242063,0.6666666666666666,320000,0,0.0,0.20500093694055865,0.2540283203125,8,0.03125,0.0625,-0.028484030350007572,0.4010416666666667,0.992534375,0.3802083333333333,0.007465625,0.484375,0.0,0.5429,0.32355,0.13355,0.40625,0.539471875,0.3125,0.320671875,0.484375,0.132390625,0.359375,0.003428125,0.296875,0.002878125,0.484375,0.001159375,0.46875,0.0,0.578125,0.0,0.40625,0.0
uniform_high,64,53,fixed,none,55,0.9491932942595653,0.458994708994709,0.45505988653273816,0.6666666666666666,320000,0,0.0,0.19795649842380947,0.26806640625,8,0.03125,0.03125,0.0010810482316119968,0.3385416666666667,0.9957812500000001,0.3020833333333333,0.00421875,0.4947916666666667,0.0,0.60098125,0.29437812500000005,0.104640625,0.34375,0.599396875,0.328125,0.292721875,0.34375,0.1036625,0.3125,0.001584375,0.203125,0.00165625,0.390625,0.000978125,0.5,0.0,0.53125,0.0,0.453125,0.0
patchy_high,64,53,fixed,none,55,0.947227441389348,0.4623015873015873,0.4352826822916667,0.6666666666666666,320000,0,0.0,0.19928422254067268,0.26806640625,8,0.03125,0.03125,0.0010810482316119968,0.3177083333333333,0.9959781250000002,0.3333333333333333,0.004021875,0.4947916666666667,0.0,0.584034375,0.300940625,0.115025,0.3125,0.5824875,0.296875,0.299378125,0.34375,0.1141125,0.390625,0.001546875,0.234375,0.0015625,0.375,0.0009125,0.5,0.0,0.53125,0.0,0.453125,0.0
split_high_low,64,53,fixed,none,57,0.9635416666666666,0.47723765432098764,0.4670670820932539,0.6666666666666666,320000,0,0.0,0.2021199389680778,0.26806640625,8,0.03125,0.03125,0.0010810482316119968,0.3489583333333333,0.9935999999999999,0.3697916666666667,0.0063999999999999994,0.4947916666666667,0.0,0.5610156249999999,0.32071249999999996,0.118271875,0.375,0.557328125,0.34375,0.318796875,0.328125,0.117475,0.359375,0.0036875,0.296875,0.001915625,0.453125,0.000796875,0.5,0.0,0.53125,0.0,0.453125,0.0
uniform_high,64,54,fixed,none,54,0.9479166666666666,0.45083774250440917,0.29649093036954366,0.6666666666666666,320000,0,0.0,0.15938601801687036,0.292236328125,11,0.04296875,0.0546875,0.03788891676857575,0.28125,0.996609375,0.3489583333333333,0.003390625,0.515625,0.0,0.75615625,0.19688125,0.0469625,0.140625,0.7548,0.328125,0.195559375,0.375,0.04625,0.3125,0.00135625,0.34375,0.001321875,0.390625,0.0007125,0.578125,0.0,0.5,0.0,0.46875,0.0
patchy_high,64,54,fixed,none,56,0.9583333333333334,0.4450507054673722,0.3647878317212302,0.6666666666666666,320000,0,0.0,0.16169639349293402,0.292236328125,11,0.04296875,0.0546875,0.03788891676857575,0.2552083333333333,0.9964000000000001,0.3385416666666667,0.0036000000000000003,0.515625,0.0,0.7599875,0.19370625,0.04630625,0.234375,0.75831875,0.21875,0.192440625,0.3125,0.045640625,0.265625,0.00166875,0.359375,0.001265625,0.390625,0.000665625,0.578125,0.0,0.5,0.0,0.46875,0.0
split_high_low,64,54,fixed,none,55,0.9459508137964493,0.4514440035273368,0.38886505766369045,0.6666666666666666,320000,0,0.0,0.16617088382579212,0.292236328125,11,0.04296875,0.0546875,0.03788891676857575,0.2708333333333333,0.9943,0.34375,0.0057,0.515625,0.0,0.6915312499999999,0.2355375,0.07293125,0.265625,0.68875625,0.21875,0.233421875,0.328125,0.072121875,0.328125,0.002775,0.296875,0.002115625,0.40625,0.000809375,0.578125,0.0,0.5,0.0,0.46875,0.0
uniform_high,64,55,fixed,none,55,0.9511591471297827,0.451223544973545,0.4404356646825397,0.6666666666666666,320000,0,0.0,0.19250002098871224,0.2225341796875,8,0.03125,0.09375,-0.03547056247070692,0.3333333333333333,0.9964375000000001,0.28125,0.0035625,0.5260416666666666,0.0,0.6080968750000001,0.28755624999999996,0.104346875,0.3125,0.606684375,0.3125,0.286165625,0.375,0.1035875,0.28125,0.0014125,0.1875,0.001390625,0.375,0.000759375,0.5,0.0,0.5625,0.0,0.515625,0.0
patchy_high,64,55,fixed,none,57,0.9615758137964493,0.4517195767195767,0.433976667906746,0.6666666666666666,320000,0,0.0,0.18952089523366955,0.2225341796875,8,0.03125,0.09375,-0.03547056247070692,0.34375,0.99619375,0.2760416666666667,0.0038062499999999997,0.5260416666666666,0.0,0.61555,0.28576562499999997,0.098684375,0.28125,0.613846875,0.359375,0.284353125,0.390625,0.09799375,0.28125,0.001703125,0.1875,0.0014125,0.359375,0.000690625,0.5,0.0,0.5625,0.0,0.515625,0.0
split_high_low,64,55,fixed,none,57,0.9635416666666666,0.4659391534391534,0.4669493350074405,0.6666666666666666,320000,0,0.0,0.20733216931018325,0.2225341796875,8,0.03125,0.09375,-0.03547056247070692,0.375,0.978996875,0.296875,0.021003125,0.5260416666666666,0.0,0.54169375,0.32923125000000003,0.12907500000000002,0.34375,0.526840625,0.375,0.324875,0.40625,0.12728125,0.265625,0.014853125,0.25,0.00435625,0.375,0.00179375,0.5,0.0,0.5625,0.0,0.515625,0.0
uniform_high,64,56,fixed,none,54,0.9459508137964493,0.4462081128747795,0.37866000744047623,0.6666666666666666,320000,0,0.0,0.1547769181425595,0.2742919921875,12,0.046875,0.0703125,-0.06153200777754706,0.296875,0.9964968750000001,0.296875,0.003503125,0.4479166666666667,0.0,0.75961875,0.19544375,0.0449375,0.234375,0.758271875,0.28125,0.194028125,0.375,0.044196875,0.25,0.001346875,0.328125,0.001415625,0.3125,0.000740625,0.421875,0.0,0.421875,0.0,0.5,0.0
patchy_high,64,56,fixed,none,56,0.9583333333333334,0.46257716049382713,0.441035021391369,0.6666666666666666,320000,0,0.0,0.15838620381153,0.2742919921875,12,0.046875,0.0703125,-0.06153200777754706,0.4010416666666667,0.9962375,0.2916666666666667,0.0037625000000000002,0.4479166666666667,0.0,0.7334375,0.2136125,0.05295,0.296875,0.731846875,0.390625,0.21221875,0.515625,0.052171875,0.234375,0.001590625,0.328125,0.00139375,0.3125,0.000778125,0.421875,0.0,0.421875,0.0,0.5,0.0
split_high_low,64,56,fixed,none,52,0.9355341471297827,0.4424052028218695,0.35260975942460315,0.6666666666666666,320000,0,0.0,0.17069388122836474,0.2742919921875,12,0.046875,0.0703125,-0.06153200777754706,0.296875,0.9532375000000001,0.3125,0.0467625,0.4479166666666667,0.0,0.718175,0.227759375,0.054065625,0.203125,0.68796875,0.25,0.215071875,0.4375,0.050196875,0.25,0.03020625,0.421875,0.0126875,0.265625,0.00386875,0.421875,0.0,0.421875,0.0,0.5,0.0
uniform_high,64,57,fixed,none,59,0.9739583333333334,0.45756172839506165,0.3936174649677579,0.6666666666666666,320000,0,0.0,0.1979046126037156,0.28515625,9,0.03515625,0.0390625,0.12411363988867535,0.3125,0.9955062499999999,0.34375,0.00449375,0.4583333333333333,0.0,0.5981875,0.294421875,0.107390625,0.265625,0.596578125,0.21875,0.2926375,0.453125,0.106290625,0.34375,0.001609375,0.328125,0.001784375,0.359375,0.0011,0.421875,0.0,0.421875,0.0,0.53125,0.0
patchy_high,64,57,fixed,none,59,0.9739583333333334,0.4720568783068783,0.4630898266989087,0.6666666666666666,320000,0,0.0,0.1987960139419308,0.28515625,9,0.03515625,0.0390625,0.12411363988867535,0.3489583333333333,0.9954562499999999,0.34375,0.004543749999999999,0.4583333333333333,0.0,0.579684375,0.3054875,0.11482812499999999,0.375,0.5779375,0.3125,0.303734375,0.359375,0.113784375,0.375,0.001746875,0.3125,0.001753125,0.34375,0.00104375,0.421875,0.0,0.421875,0.0,0.53125,0.0
split_high_low,64,57,fixed,none,60,0.9791666666666666,0.4547508818342152,0.34303182353670636,0.6666666666666666,320000,0,0.0,0.1664993808789376,0.28515625,9,0.03515625,0.0390625,0.12411363988867535,0.2864583333333333,0.9950656250000001,0.375,0.0049343749999999995,0.4583333333333333,0.0,0.730678125,0.212390625,0.05693125,0.203125,0.72814375,0.21875,0.210875,0.4375,0.056046875,0.375,0.002534375,0.328125,0.001515625,0.421875,0.000884375,0.421875,0.0,0.421875,0.0,0.53125,0.0
uniform_high,64,58,fixed,none,59,0.971992480463116,0.4662698412698413,0.4019055617559524,0.6666666666666666,320000,0,0.0,0.19793811016488036,0.2498779296875,8,0.03125,0.09375,-0.09526534566481094,0.3333333333333333,0.9933125,0.3541666666666667,0.006687500000000001,0.5104166666666666,0.0,0.616846875,0.2845125,0.098640625,0.234375,0.6141,0.328125,0.28219375,0.4375,0.09701875,0.359375,0.002746875,0.34375,0.00231875,0.359375,0.001621875,0.5625,0.0,0.40625,0.0,0.5625,0.0
patchy_high,64,58,fixed,none,57,0.9635416666666666,0.44020061728395055,0.3773384207589285,0.6666666666666666,320000,0,0.0,0.19997804587535367,0.2498779296875,8,0.03125,0.09375,-0.09526534566481094,0.24479166666666666,0.9910218749999999,0.3333333333333333,0.008978125,0.5104166666666666,0.0,0.601903125,0.29186875,0.10622812499999999,0.265625,0.59781875,0.203125,0.28875625,0.265625,0.104446875,0.359375,0.004084375,0.296875,0.0031125,0.34375,0.00178125,0.5625,0.0,0.40625,0.0,0.5625,0.0
split_high_low,64,58,fixed,none,56,0.9524357747226811,0.4654431216931217,0.3955878472222223,0.6666666666666666,320000,0,0.0,0.18043614209090067,0.2498779296875,8,0.03125,0.09375,-0.09526534566481094,0.3020833333333333,0.94425,0.390625,0.05575,0.5104166666666666,0.0,0.654475,0.2542375,0.09128750000000001,0.25,0.618134375,0.25,0.239703125,0.40625,0.0864125,0.359375,0.036340625,0.390625,0.014534375,0.421875,0.004875,0.5625,0.0,0.40625,0.0,0.5625,0.0
uniform_high,64,59,fixed,none,57,0.9635416666666666,0.44086199294532624,0.35126114521329366,0.6666666666666666,320000,0,0.0,0.19719334635974373,0.2857666015625,9,0.03515625,0.078125,0.04663641734489713,0.2760416666666667,0.9959656250000001,0.3177083333333333,0.004034375,0.4427083333333333,0.0,0.611128125,0.29083437500000003,0.0980375,0.1875,0.609434375,0.265625,0.289271875,0.375,0.097259375,0.234375,0.00169375,0.296875,0.0015625,0.421875,0.000778125,0.421875,0.0,0.4375,0.0,0.46875,0.0
patchy_high,64,59,fixed,none,55,0.953125,0.44135802469135804,0.3539138857886905,0.6666666666666666,320000,0,0.0,0.1963065025936371,0.2857666015625,9,0.03515625,0.078125,0.04663641734489713,0.2708333333333333,0.9953625,0.328125,0.0046375,0.4427083333333333,0.0,0.6095375,0.29299375,0.09746875,0.203125,0.607478125,0.234375,0.29119375,0.375,0.096690625,0.234375,0.002059375,0.3125,0.0018,0.4375,0.000778125,0.421875,0.0,0.4375,0.0,0.46875,0.0
split_high_low,64,59,fixed,none,55,0.953125,0.4524911816578483,0.3366650623139881,0.6666666666666666,320000,0,0.0,0.18972383595005843,0.2857666015625,9,0.03515625,0.078125,0.04663641734489713,0.328125,0.94790625,0.3541666666666667,0.05209375,0.4427083333333333,0.0,0.6249374999999999,0.28261875000000003,0.09244375,0.140625,0.59529375,0.359375,0.265021875,0.484375,0.087590625,0.265625,0.02964375,0.328125,0.017596875,0.46875,0.004853125,0.421875,0.0,0.4375,0.0,0.46875,0.0
uniform_high,64,60,fixed,none,55,0.9479166666666666,0.46009700176366836,0.42297820715525797,0.6666666666666666,320000,0,0.0,0.1845816285566344,0.239013671875,7,0.02734375,0.03125,0.023977207549649056,0.3229166666666667,0.9956625,0.3229166666666667,0.0043375,0.5104166666666666,0.0,0.6536531250000001,0.262578125,0.08376875,0.28125,0.65204375,0.3125,0.2608125,0.375,0.08280625,0.328125,0.001609375,0.28125,0.001765625,0.359375,0.0009625,0.484375,0.0,0.4375,0.0,0.609375,0.0
patchy_high,64,60,fixed,none,57,0.9635416666666666,0.445326278659612,0.3815331783234127,0.6666666666666666,320000,0,0.0,0.19095152081786587,0.239013671875,7,0.02734375,0.03125,0.023977207549649056,0.28125,0.995521875,0.3125,0.004478125,0.5104166666666666,0.0,0.6419906249999999,0.26974375,0.088265625,0.234375,0.640490625,0.265625,0.267859375,0.34375,0.087171875,0.34375,0.0015,0.25,0.001884375,0.34375,0.00109375,0.484375,0.0,0.4375,0.0,0.609375,0.0
split_high_low,64,60,fixed,none,55,0.9511591471297827,0.45078262786596124,0.3629763485863095,0.6666666666666666,320000,0,0.0,0.17245694264026246,0.239013671875,7,0.02734375,0.03125,0.023977207549649056,0.265625,0.9955062499999999,0.3645833333333333,0.00449375,0.5104166666666666,0.0,0.68286875,0.2469,0.07023125,0.21875,0.68105625,0.25,0.245165625,0.328125,0.069284375,0.421875,0.0018125,0.28125,0.001734375,0.390625,0.000946875,0.484375,0.0,0.4375,0.0,0.609375,0.0
uniform_high,64,61,fixed,none,54,0.9459508137964493,0.44135802469135804,0.3621285652281746,0.6666666666666666,320000,0,0.0,0.19130687331883617,0.2664794921875,9,0.03515625,0.0625,-0.026765086191229612,0.2760416666666667,0.99574375,0.328125,0.0042562500000000005,0.5,0.0,0.606228125,0.285921875,0.10785,0.21875,0.60471875,0.21875,0.28426875,0.390625,0.10675625,0.375,0.001509375,0.21875,0.001653125,0.390625,0.00109375,0.5625,0.0,0.390625,0.0,0.546875,0.0
patchy_high,64,61,fixed,none,55,0.9427083333333334,0.4444444444444444,0.39849356088789684,0.6666666666666666,320000,0,0.0,0.18786266486466338,0.2664794921875,9,0.03515625,0.0625,-0.026765086191229612,0.2864583333333333,0.9960000000000001,0.328125,0.004,0.5,0.0,0.60730625,0.28716562500000004,0.105528125,0.265625,0.605828125,0.25,0.285628125,0.34375,0.10454375,0.359375,0.001478125,0.1875,0.0015375,0.4375,0.000984375,0.5625,0.0,0.390625,0.0,0.546875,0.0
split_high_low,64,61,fixed,none,52,0.9335682942595653,0.4607583774250441,0.4217788798983135,0.6666666666666666,320000,0,0.0,0.1996412538292082,0.2664794921875,9,0.03515625,0.0625,-0.026765086191229612,0.296875,0.9717625,0.3802083333333333,0.028237500000000002,0.5,0.0,0.557790625,0.31160625000000003,0.13060312500000001,0.3125,0.540059375,0.25,0.30365625,0.328125,0.128046875,0.375,0.01773125,0.28125,0.00795,0.484375,0.00255625,0.5625,0.0,0.390625,0.0,0.546875,0.0
uniform_high,64,62,fixed,none,56,0.9544016275928987,0.4319334215167549,0.3272052594866071,0.6666666666666666,320000,0,0.0,0.17786442116011833,0.2626953125,9,0.03515625,0.1015625,-0.0318592047396197,0.265625,0.9957250000000001,0.328125,0.004275,0.4322916666666667,0.0,0.6793625000000001,0.24520937499999998,0.075428125,0.203125,0.6772875,0.15625,0.24365625,0.4375,0.07478125,0.28125,0.002075,0.28125,0.001553125,0.421875,0.000646875,0.515625,0.0,0.40625,0.0,0.375,0.0
patchy_high,64,62,fixed,none,56,0.9544016275928987,0.43981481481481477,0.36422487444196433,0.6666666666666666,320000,0,0.0,0.17659650437381622,0.2626953125,9,0.03515625,0.1015625,-0.0318592047396197,0.2552083333333333,0.9961562500000001,0.3333333333333333,0.00384375,0.4322916666666667,0.0,0.6793375,0.24760312499999998,0.073059375,0.21875,0.677634375,0.265625,0.246075,0.28125,0.072446875,0.296875,0.001703125,0.28125,0.001528125,0.421875,0.0006125,0.515625,0.0,0.40625,0.0,0.375,0.0
split_high_low,64,62,fixed,none,59,0.971992480463116,0.47938712522045857,0.46471832682291675,0.6666666666666666,320000,0,0.0,0.2014165124784013,0.2626953125,9,0.03515625,0.1015625,-0.0318592047396197,0.3854166666666667,0.9673125,0.3697916666666667,0.0326875,0.4322916666666667,0.0,0.5523625000000001,0.3129875,0.13465,0.34375,0.541521875,0.34375,0.30101875,0.46875,0.124771875,0.375,0.010840625,0.34375,0.01196875,0.390625,0.009878125,0.515625,0.0,0.40625,0.0,0.375,0.0
uniform_high,64,63,fixed,none,60,0.9791666666666666,0.4606481481481482,0.42507187810019836,0.6666666666666666,320000,0,0.0,0.20669833555362366,0.2384033203125,8,0.03125,0.078125,-0.054662397092837815,0.3229166666666667,0.996034375,0.3177083333333333,0.0039656249999999995,0.4947916666666667,0.0,0.55708125,0.307928125,0.134990625,0.265625,0.55511875,0.34375,0.30655625,0.359375,0.134359375,0.296875,0.0019625,0.296875,0.001371875,0.359375,0.00063125,0.5625,0.0,0.4375,0.0,0.484375,0.0
patchy_high,64,63,fixed,none,58,0.96875,0.4699625220458553,0.4811635137648809,0.6666666666666666,320000,0,0.0,0.20148375975580168,0.2384033203125,8,0.03125,0.078125,-0.054662397092837815,0.3854166666666667,0.9962656249999999,0.3020833333333333,0.0037343750000000003,0.4947916666666667,0.0,0.5819,0.298278125,0.119821875,0.390625,0.57995,0.375,0.29705625,0.390625,0.119259375,0.265625,0.00195,0.296875,0.001221875,0.34375,0.0005625,0.5625,0.0,0.4375,0.0,0.484375,0.0
split_high_low,64,63,fixed,none,55,0.9479166666666666,0.4688602292768959,0.44545632750496034,0.6666666666666666,320000,0,0.0,0.19171184325275975,0.2384033203125,8,0.03125,0.078125,-0.054662397092837815,0.3541666666666667,0.9966125,0.3229166666666667,0.0033875,0.4947916666666667,0.0,0.5706093750000001,0.311009375,0.11838125,0.296875,0.569059375,0.359375,0.30974375,0.40625,0.117809375,0.328125,0.00155,0.296875,0.001265625,0.34375,0.000571875,0.5625,0.0,0.4375,0.0,0.484375,0.0
uniform_high,64,64,fixed,none,51,0.928359960926232,0.4146274250440917,0.22529820033482142,0.6666666666666666,320000,0,0.0,0.12714050042803837,0.2972412109375,12,0.046875,0.0546875,-0.03397869771092336,0.22916666666666666,0.996915625,0.3020833333333333,0.003084375,0.5677083333333334,0.0,0.8675937499999999,0.11289062500000001,0.019515625,0.109375,0.866059375,0.265625,0.1117375,0.3125,0.01911875,0.359375,0.001534375,0.1875,0.001153125,0.359375,0.000396875,0.625,0.0,0.625,0.0,0.453125,0.0
patchy_high,64,64,fixed,none,55,0.9459508137964493,0.4157297178130511,0.16664351748511905,0.6666666666666666,320000,0,0.0,0.13109693198227895,0.2972412109375,12,0.046875,0.0546875,-0.03397869771092336,0.2552083333333333,0.99719375,0.3072916666666667,0.0028062499999999997,0.5677083333333334,0.0,0.861,0.11786875000000001,0.021131249999999997,0.0625,0.859790625,0.34375,0.116728125,0.359375,0.020675,0.359375,0.001209375,0.171875,0.001140625,0.390625,0.00045625,0.625,0.0,0.625,0.0,0.453125,0.0
split_high_low,64,64,fixed,none,56,0.9583333333333334,0.4330357142857143,0.25955204613095234,0.6666666666666666,320000,0,0.0,0.1400775947102128,0.2972412109375,12,0.046875,0.0546875,-0.03397869771092336,0.265625,0.986715625,0.3385416666666667,0.013284375000000001,0.5677083333333334,0.0,0.81191875,0.15788750000000001,0.030193750000000002,0.125,0.803775,0.265625,0.15353125,0.40625,0.029409375,0.3125,0.00814375,0.265625,0.00435625,0.4375,0.000784375,0.625,0.0,0.625,0.0,0.453125,0.0
uniform_high,64,65,fixed,none,56,0.9511591471297827,0.4497354497354497,0.393626449342758,0.6666666666666666,320000,0,0.0,0.18977915621920668,0.235595703125,8,0.03125,0.0859375,-0.04303979938881857,0.2916666666666667,0.9958937500000001,0.328125,0.00410625,0.5677083333333334,0.0,0.62865625,0.27563750000000004,0.09570625,0.25,0.627046875,0.265625,0.27406875,0.359375,0.094778125,0.296875,0.001609375,0.296875,0.00156875,0.390625,0.000928125,0.640625,0.0,0.578125,0.0,0.484375,0.0
patchy_high,64,65,fixed,none,58,0.96875,0.44934964726631393,0.4095486793154762,0.6666666666666666,320000,0,0.0,0.18459473197141954,0.235595703125,8,0.03125,0.0859375,-0.04303979938881857,0.2916666666666667,0.996103125,0.3229166666666667,0.003896875,0.5677083333333334,0.0,0.645471875,0.2675125,0.087015625,0.265625,0.64405625,0.3125,0.2659375,0.296875,0.086109375,0.265625,0.001415625,0.3125,0.001575,0.390625,0.00090625,0.640625,0.0,0.578125,0.0,0.484375,0.0
split_high_low,64,65,fixed,none,61,0.984375,0.4755842151675485,0.4626180090525794,0.6666666666666666,320000,0,0.0,0.19688286963902074,0.235595703125,8,0.03125,0.0859375,-0.04303979938881857,0.3854166666666667,0.99236875,0.3645833333333333,0.007631249999999999,0.5677083333333334,0.0,0.595125,0.298346875,0.106528125,0.359375,0.591565625,0.3125,0.295521875,0.484375,0.10528125,0.296875,0.003559375,0.390625,0.002825,0.40625,0.001246875,0.640625,0.0,0.578125,0.0,0.484375,0.0
uniform_high,64,66,fixed,none,57,0.9615758137964493,0.4475859788359788,0.39225125713045633,0.6666666666666666,320000,0,0.0,0.197838997344774,0.2579345703125,9,0.03515625,0.0390625,-0.03201077997035791,0.2916666666666667,0.9964593749999999,0.3385416666666667,0.0035406250000000004,0.4166666666666667,0.0,0.581715625,0.300965625,0.11731875,0.25,0.5803875,0.25,0.2995,0.375,0.116571875,0.359375,0.001328125,0.25,0.001465625,0.40625,0.000746875,0.328125,0.0,0.5,0.0,0.421875,0.0
patchy_high,64,66,fixed,none,58,0.96875,0.46445105820105814,0.4386366675967262,0.6666666666666666,320000,0,0.0,0.20208760872544512,0.2579345703125,9,0.03515625,0.0390625,-0.03201077997035791,0.3541666666666667,0.9961031250000001,0.3385416666666667,0.0038968749999999997,0.4166666666666667,0.0,0.5705,0.305465625,0.124034375,0.28125,0.569071875,0.359375,0.30381875,0.421875,0.1232125,0.375,0.001428125,0.28125,0.001646875,0.359375,0.000821875,0.328125,0.0,0.5,0.0,0.421875,0.0
split_high_low,64,66,fixed,none,57,0.9635416666666666,0.4661044973544973,0.4337057121155754,0.6666666666666666,320000,0,0.0,0.2076131207944964,0.2579345703125,9,0.03515625,0.0390625,-0.03201077997035791,0.328125,0.9880875,0.3645833333333333,0.011912500000000001,0.4166666666666667,0.0,0.5142875,0.331290625,0.154421875,0.296875,0.50900625,0.296875,0.326875,0.390625,0.15220625,0.359375,0.00528125,0.359375,0.004415625,0.375,0.002215625,0.328125,0.0,0.5,0.0,0.421875,0.0
uniform_high,64,67,fixed,none,53,0.9355341471297827,0.4289572310405644,0.2888574513268849,0.6666666666666666,320000,0,0.0,0.15867681328739047,0.26806640625,8,0.03125,0.0234375,0.10819765760653549,0.2916666666666667,0.99633125,0.3072916666666667,0.00366875,0.4583333333333333,0.0,0.7744968750000001,0.185846875,0.039656250000000004,0.140625,0.772753125,0.296875,0.18446875,0.4375,0.039109375,0.203125,0.00174375,0.21875,0.001378125,0.5,0.000546875,0.421875,0.0,0.453125,0.0,0.5,0.0
patchy_high,64,67,fixed,none,52,0.928359960926232,0.42542989417989424,0.31323804718501985,0.6666666666666666,320000,0,0.0,0.15503234398994004,0.26806640625,8,0.03125,0.0234375,0.10819765760653549,0.2604166666666667,0.9960187500000001,0.3072916666666667,0.00398125,0.4583333333333333,0.0,0.774959375,0.186665625,0.038375,0.171875,0.772946875,0.25,0.18529375,0.359375,0.037778125,0.21875,0.0020125,0.203125,0.001371875,0.5,0.000596875,0.421875,0.0,0.453125,0.0,0.5,0.0
split_high_low,64,67,fixed,none,60,0.9772008137964493,0.46213624338624343,0.43437954954117064,0.6666666666666666,320000,0,0.0,0.1952745734244935,0.26806640625,8,0.03125,0.0234375,0.10819765760653549,0.3645833333333333,0.9719,0.359375,0.028100000000000003,0.4583333333333333,0.0,0.592340625,0.299115625,0.10854375,0.28125,0.5754625,0.34375,0.290628125,0.46875,0.105809375,0.265625,0.016878125,0.25,0.0084875,0.5625,0.002734375,0.421875,0.0,0.453125,0.0,0.5,0.0
uniform_high,64,68,fixed,none,59,0.9739583333333334,0.4736000881834215,0.4676294255332341,0.6666666666666666,320000,0,0.0,0.21621499967743807,0.253662109375,8,0.03125,0.078125,-0.047206548666916204,0.4010416666666667,0.995071875,0.3333333333333333,0.004928125,0.4791666666666667,0.0,0.514378125,0.331884375,0.1537375,0.3125,0.512159375,0.4375,0.33006875,0.453125,0.15284375,0.28125,0.00221875,0.265625,0.001815625,0.453125,0.00089375,0.4375,0.0,0.46875,0.0,0.53125,0.0
patchy_high,64,68,fixed,none,55,0.9491932942595653,0.4630731922398589,0.43728169022817465,0.6666666666666666,320000,0,0.0,0.21949026042697206,0.253662109375,8,0.03125,0.078125,-0.047206548666916204,0.3385416666666667,0.994940625,0.3489583333333333,0.005059375,0.4791666666666667,0.0,0.5020218750000001,0.33655625,0.161421875,0.3125,0.49985,0.28125,0.3346,0.421875,0.160490625,0.296875,0.002171875,0.25,0.00195625,0.5,0.00093125,0.4375,0.0,0.46875,0.0,0.53125,0.0
split_high_low,64,68,fixed,none,61,0.984375,0.45728615520282184,0.3821598524305556,0.6666666666666666,320000,0,0.0,0.17081908433509624,0.253662109375,8,0.03125,0.078125,-0.047206548666916204,0.296875,0.9954000000000001,0.3645833333333333,0.0046,0.4791666666666667,0.0,0.7086250000000001,0.23095312499999998,0.060421875,0.234375,0.706534375,0.28125,0.229328125,0.375,0.0595375,0.328125,0.002090625,0.265625,0.001625,0.5,0.000884375,0.4375,0.0,0.46875,0.0,0.53125,0.0
uniform_high,64,69,fixed,none,55,0.9491932942595653,0.4640652557319224,0.4230106274801588,0.6666666666666666,320000,0,0.0,0.15911583090489365,0.25634765625,9,0.03515625,0.0859375,-0.10462294928123428,0.3072916666666667,0.99655625,0.3645833333333333,0.00344375,0.546875,0.0,0.7240531250000001,0.2207125,0.055234375,0.3125,0.7227375,0.234375,0.219328125,0.375,0.054490625,0.390625,0.001315625,0.34375,0.001384375,0.359375,0.00074375,0.609375,0.0,0.46875,0.0,0.5625,0.0
patchy_high,64,69,fixed,none,56,0.953125,0.4583884479717813,0.44589507223462305,0.6666666666666666,320000,0,0.0,0.1595024795304353,0.25634765625,9,0.03515625,0.0859375,-0.10462294928123428,0.3072916666666667,0.9962,0.328125,0.0038000000000000004,0.546875,0.0,0.7221468750000001,0.22260312499999999,0.05525,0.34375,0.720684375,0.28125,0.22119375,0.296875,0.054321875,0.328125,0.0014625,0.3125,0.001409375,0.34375,0.000928125,0.609375,0.0,0.46875,0.0,0.5625,0.0
split_high_low,64,69,fixed,none,55,0.9511591471297827,0.44670414462081126,0.36781110026041675,0.6666666666666666,320000,0,0.0,0.18213799604366865,0.25634765625,9,0.03515625,0.0859375,-0.10462294928123428,0.2604166666666667,0.995759375,0.34375,0.004240625,0.546875,0.0,0.63143125,0.276240625,0.092328125,0.234375,0.629615625,0.21875,0.274775,0.328125,0.09136875,0.3125,0.001815625,0.375,0.001465625,0.34375,0.000959375,0.609375,0.0,0.46875,0.0,0.5625,0.0
uniform_high,64,70,fixed,none,58,0.9635416666666666,0.45541225749559083,0.39857721509176586,0.6666666666666666,320000,0,0.0,0.1775155131859475,0.237548828125,9,0.03515625,0.046875,0.009367651796120702,0.34375,0.995740625,0.3177083333333333,0.004259375,0.46875,0.0,0.690559375,0.24313749999999998,0.066303125,0.234375,0.688978125,0.359375,0.2415125,0.4375,0.06525,0.453125,0.00158125,0.21875,0.001625,0.28125,0.001053125,0.421875,0.0,0.453125,0.0,0.53125,0.0
patchy_high,64,70,fixed,none,54,0.943984960926232,0.4476962081128747,0.339491902281746,0.6666666666666666,320000,0,0.0,0.18411338925833703,0.237548828125,9,0.03515625,0.046875,0.009367651796120702,0.2916666666666667,0.99573125,0.3385416666666667,0.00426875,0.46875,0.0,0.666365625,0.2574375,0.076196875,0.171875,0.664584375,0.296875,0.255909375,0.40625,0.0752375,0.453125,0.00178125,0.25,0.001528125,0.3125,0.000959375,0.421875,0.0,0.453125,0.0,0.53125,0.0
split_high_low,64,70,fixed,none,54,0.9459508137964493,0.45789241622574955,0.3691587456597222,0.6666666666666666,320000,0,0.0,0.1726093636811174,0.237548828125,9,0.03515625,0.046875,0.009367651796120702,0.3177083333333333,0.96695,0.3697916666666667,0.033049999999999996,0.46875,0.0,0.69650625,0.2424375,0.06105625,0.203125,0.671646875,0.3125,0.235771875,0.4375,0.05953125,0.453125,0.024859375,0.21875,0.006665625,0.4375,0.001525,0.421875,0.0,0.453125,0.0,0.53125,0.0
uniform_high,64,71,fixed,none,60,0.9791666666666666,0.4739307760141094,0.5017023127480159,0.6666666666666666,320000,0,0.0,0.23805173978703087,0.237060546875,9,0.03515625,0.0546875,-0.038501683169454536,0.4583333333333333,0.9955875000000001,0.296875,0.0044125,0.4583333333333333,0.0,0.37565,0.36474375,0.25960625,0.421875,0.37376875,0.5,0.363121875,0.453125,0.258696875,0.28125,0.00188125,0.234375,0.001621875,0.375,0.000909375,0.453125,0.0,0.421875,0.0,0.5,0.0
patchy_high,64,71,fixed,none,59,0.9739583333333334,0.46130952380952384,0.48213963758680556,0.6666666666666666,320000,0,0.0,0.23807490112168322,0.237060546875,9,0.03515625,0.0546875,-0.038501683169454536,0.4010416666666667,0.9955,0.2760416666666667,0.0045,0.4583333333333333,0.0,0.37103125,0.36874687500000003,0.260221875,0.46875,0.369128125,0.34375,0.36701875,0.390625,0.259353125,0.234375,0.001903125,0.234375,0.001728125,0.359375,0.00086875,0.453125,0.0,0.421875,0.0,0.5,0.0
split_high_low,64,71,fixed,none,58,0.96875,0.46930114638447973,0.4288355856274801,0.6666666666666666,320000,0,0.0,0.199482224766817,0.237060546875,9,0.03515625,0.0546875,-0.038501683169454536,0.3125,0.98429375,0.3697916666666667,0.01570625,0.4583333333333333,0.0,0.584315625,0.29767499999999997,0.118009375,0.296875,0.575546875,0.296875,0.29266875,0.34375,0.116078125,0.40625,0.00876875,0.3125,0.00500625,0.390625,0.00193125,0.453125,0.0,0.421875,0.0,0.5,0.0
uniform_high,64,72,fixed,none,56,0.956367480463116,0.4691358024691358,0.4615606026785714,0.6666666666666666,320000,0,0.0,0.2183226792244144,0.2772216796875,9,0.03515625,0.0625,0.046631907187050556,0.3385416666666667,0.99543125,0.3385416666666667,0.00456875,0.5,0.0,0.49295,0.346428125,0.160621875,0.375,0.490921875,0.34375,0.3446875,0.296875,0.159821875,0.390625,0.002028125,0.25,0.001740625,0.375,0.0008,0.5,0.0,0.484375,0.0,0.515625,0.0
patchy_high,64,72,fixed,none,58,0.9667841471297827,0.46246693121693117,0.44584682074652776,0.6666666666666666,320000,0,0.0,0.21683019368508982,0.2772216796875,9,0.03515625,0.0625,0.046631907187050556,0.34375,0.995740625,0.3072916666666667,0.004259375,0.5,0.0,0.48381250000000003,0.34988125,0.16630625,0.296875,0.481965625,0.34375,0.34820625,0.390625,0.16556875,0.34375,0.001846875,0.21875,0.001675,0.359375,0.0007375,0.5,0.0,0.484375,0.0,0.515625,0.0
split_high_low,64,72,fixed,none,59,0.971992480463116,0.48048941798941797,0.468571732390873,0.6666666666666666,320000,0,0.0,0.21844708142457808,0.2772216796875,9,0.03515625,0.0625,0.046631907187050556,0.375,0.991715625,0.3541666666666667,0.008284375,0.5,0.0,0.49718749999999995,0.338625,0.1641875,0.328125,0.492984375,0.421875,0.33566875,0.375,0.1630625,0.359375,0.004203125,0.296875,0.00295625,0.40625,0.001125,0.5,0.0,0.484375,0.0,0.515625,0.0
uniform_high,64,73,fixed,none,59,0.9739583333333334,0.4679232804232804,0.4451491009424603,0.6666666666666666,320000,0,0.0,0.18994662651565036,0.31298828125,8,0.03125,0.0390625,-0.030236372490612964,0.3697916666666667,0.9957031250000001,0.328125,0.004296875,0.5104166666666666,0.0,0.6510250000000001,0.267253125,0.081721875,0.3125,0.649375,0.328125,0.265646875,0.46875,0.08068125,0.3125,0.00165,0.28125,0.00160625,0.390625,0.001040625,0.5625,0.0,0.40625,0.0,0.5625,0.0
patchy_high,64,73,fixed,none,56,0.9583333333333334,0.45634920634920634,0.3634889276413691,0.6666666666666666,320000,0,0.0,0.18818210328500287,0.31298828125,8,0.03125,0.0390625,-0.030236372490612964,0.3541666666666667,0.9957125,0.34375,0.0042875,0.5104166666666666,0.0,0.6444531250000001,0.27244375,0.083103125,0.1875,0.6429375,0.328125,0.270721875,0.546875,0.082053125,0.3125,0.001515625,0.296875,0.001721875,0.421875,0.00105,0.5625,0.0,0.40625,0.0,0.5625,0.0
split_high_low,64,73,fixed,none,58,0.96875,0.45756172839506165,0.3624821552579365,0.6666666666666666,320000,0,0.0,0.18515426018516606,0.31298828125,8,0.03125,0.0390625,-0.030236372490612964,0.3645833333333333,0.966278125,0.3541666666666667,0.033721875,0.5104166666666666,0.0,0.647290625,0.26334375,0.089365625,0.1875,0.62729375,0.3125,0.252790625,0.59375,0.08619375,0.375,0.019996875,0.328125,0.010553125,0.359375,0.003171875,0.5625,0.0,0.40625,0.0,0.5625,0.0
uniform_high,64,74,fixed,none,55,0.9491932942595653,0.43816137566137564,0.33452733444940475,0.6666666666666666,320000,0,0.0,0.17858167641502332,0.2342529296875,8,0.03125,0.0703125,-0.04699108519826047,0.25,0.99633125,0.3333333333333333,0.00366875,0.4895833333333333,0.0,0.6748625,0.25161875,0.07351875000000001,0.203125,0.67325,0.1875,0.250240625,0.359375,0.072840625,0.359375,0.0016125,0.234375,0.001378125,0.40625,0.000678125,0.515625,0.0,0.515625,0.0,0.4375,0.0
patchy_high,64,74,fixed,none,56,0.956367480463116,0.4411375661375661,0.29661205357142856,0.6666666666666666,320000,0,0.0,0.1787423101662113,0.2342529296875,8,0.03125,0.0703125,-0.04699108519826047,0.2604166666666667,0.996271875,0.3333333333333333,0.003728125,0.4895833333333333,0.0,0.677684375,0.2538125,0.068503125,0.140625,0.675990625,0.25,0.252459375,0.390625,0.067821875,0.34375,0.00169375,0.28125,0.001353125,0.375,0.00068125,0.515625,0.0,0.515625,0.0,0.4375,0.0
split_high_low,64,74,fixed,none,54,0.9459508137964493,0.4377204585537919,0.3046140299479167,0.6666666666666666,320000,0,0.0,0.1704216245300325,0.2342529296875,8,0.03125,0.0703125,-0.04699108519826047,0.2552083333333333,0.9865625,0.328125,0.013437499999999998,0.4895833333333333,0.0,0.707453125,0.229409375,0.0631375,0.15625,0.70045,0.234375,0.224778125,0.375,0.061334375,0.359375,0.007003125,0.234375,0.00463125,0.390625,0.001803125,0.515625,0.0,0.515625,0.0,0.4375,0.0
uniform_high,64,75,fixed,none,59,0.9739583333333334,0.4679783950617284,0.47243103763640865,0.6666666666666666,320000,0,0.0,0.18112295957289376,0.2686767578125,8,0.03125,0.0625,-0.10580884925446515,0.375,0.996534375,0.3385416666666667,0.0034656250000000004,0.40625,0.0,0.656590625,0.2571375,0.086271875,0.390625,0.65525625,0.3125,0.255828125,0.421875,0.08545,0.28125,0.001334375,0.296875,0.001309375,0.4375,0.000821875,0.40625,0.0,0.453125,0.0,0.359375,0.0
patchy_high,64,75,fixed,none,57,0.9615758137964493,0.4375,0.36123268694196425,0.6666666666666666,320000,0,0.0,0.17965702353008334,0.2686767578125,8,0.03125,0.0625,-0.10580884925446515,0.265625,0.99675,0.3385416666666667,0.0032500000000000003,0.40625,0.0,0.675403125,0.24704375,0.077553125,0.25,0.67415625,0.15625,0.245803125,0.390625,0.076790625,0.296875,0.001246875,0.296875,0.001240625,0.421875,0.0007625,0.40625,0.0,0.453125,0.0,0.359375,0.0
split_high_low,64,75,fixed,none,55,0.9491932942595653,0.44598765432098764,0.3857677703373016,0.6666666666666666,320000,0,0.0,0.17023265714795005,0.2686767578125,8,0.03125,0.0625,-0.10580884925446515,0.3072916666666667,0.9964156250000001,0.328125,0.0035843750000000003,0.40625,0.0,0.6920468750000001,0.23579999999999998,0.072153125,0.25,0.690715625,0.234375,0.234353125,0.4375,0.071346875,0.28125,0.00133125,0.265625,0.001446875,0.4375,0.00080625,0.40625,0.0,0.453125,0.0,0.359375,0.0
uniform_high,64,76,fixed,none,61,0.9824091471297827,0.47448192239858905,0.4933131417410715,0.6666666666666666,320000,0,0.0,0.2116636917196749,0.2354736328125,10,0.0390625,0.078125,0.0437325104930049,0.4322916666666667,0.9961375,0.3072916666666667,0.0038625,0.5677083333333334,0.0,0.512209375,0.333503125,0.1542875,0.390625,0.510334375,0.46875,0.332125,0.4375,0.153678125,0.28125,0.001875,0.28125,0.001378125,0.359375,0.000609375,0.53125,0.0,0.578125,0.0,0.59375,0.0
patchy_high,64,76,fixed,none,60,0.9791666666666666,0.47784391534391535,0.4924428106398811,0.6666666666666666,320000,0,0.0,0.20736279909439087,0.2354736328125,10,0.0390625,0.078125,0.0437325104930049,0.4166666666666667,0.9960968750000001,0.328125,0.0039031249999999995,0.5677083333333334,0.0,0.5243625000000001,0.32994687500000003,0.145690625,0.40625,0.52255625,0.421875,0.32845,0.421875,0.145090625,0.328125,0.00180625,0.265625,0.001496875,0.390625,0.0006,0.53125,0.0,0.578125,0.0,0.59375,0.0
split_high_low,64,76,fixed,none,62,0.9895833333333334,0.48126102292768963,0.49304826078869046,0.6666666666666666,320000,0,0.0,0.2253866030916463,0.2354736328125,10,0.0390625,0.078125,0.0437325104930049,0.421875,0.9724343750000001,0.34375,0.027565625,0.5677083333333334,0.0,0.45869375,0.351996875,0.189309375,0.40625,0.445434375,0.4375,0.342325,0.421875,0.184675,0.28125,0.013259375,0.328125,0.009671875,0.421875,0.004634375,0.53125,0.0,0.578125,0.0,0.59375,0.0
uniform_high,64,77,fixed,none,56,0.9489332279311542,0.46830908289241624,0.4837257486979167,0.6666666666666666,320000,0,0.0,0.22235337808770456,0.305419921875,9,0.03515625,0.0703125,0.022064398595413964,0.40625,0.99551875,0.3020833333333333,0.00448125,0.4947916666666667,0.0,0.463834375,0.349740625,0.186425,0.359375,0.462078125,0.46875,0.34810625,0.390625,0.185334375,0.265625,0.00175625,0.234375,0.001634375,0.40625,0.001090625,0.546875,0.0,0.515625,0.0,0.421875,0.0
patchy_high,64,77,fixed,none,59,0.9739583333333334,0.45634920634920634,0.4541635044642857,0.6666666666666666,320000,0,0.0,0.22316315592205968,0.305419921875,9,0.03515625,0.0703125,0.022064398595413964,0.3645833333333333,0.995628125,0.2864583333333333,0.004371875,0.4947916666666667,0.0,0.459065625,0.35128125,0.189653125,0.328125,0.45725,0.3125,0.34975,0.453125,0.188628125,0.234375,0.001815625,0.234375,0.00153125,0.390625,0.001025,0.546875,0.0,0.515625,0.0,0.421875,0.0
split_high_low,64,77,fixed,none,58,0.96875,0.47845017636684306,0.47839550936259917,0.6666666666666666,320000,0,0.0,0.20795557696579697,0.305419921875,9,0.03515625,0.0703125,0.022064398595413964,0.3802083333333333,0.99615625,0.359375,0.00384375,0.4947916666666667,0.0,0.54529375,0.32192187499999997,0.132784375,0.390625,0.543459375,0.359375,0.3206,0.390625,0.132096875,0.328125,0.001834375,0.28125,0.001321875,0.46875,0.0006875,0.546875,0.0,0.515625,0.0,0.421875,0.0
uniform_high,64,78,fixed,none,58,0.9667841471297827,0.464836860670194,0.45187742435515876,0.6666666666666666,320000,0,0.0,0.2181057614029435,0.27685546875,9,0.03515625,0.1015625,-0.06914427262780841,0.3489583333333333,0.996015625,0.3125,0.003984375,0.515625,0.0,0.49003125000000003,0.341646875,0.16832187499999998,0.34375,0.488303125,0.296875,0.34016875,0.40625,0.16754375,0.265625,0.001728125,0.3125,0.001478125,0.359375,0.000778125,0.484375,0.0,0.484375,0.0,0.578125,0.0
patchy_high,64,78,fixed,none,53,0.940742480463116,0.47078924162257496,0.4973405660962302,0.6666666666666666,320000,0,0.0,0.21720489591023578,0.27685546875,9,0.03515625,0.1015625,-0.06914427262780841,0.421875,0.996221875,0.2916666666666667,0.003778125,0.515625,0.0,0.48996562499999996,0.3412375,0.168796875,0.453125,0.488384375,0.4375,0.339809375,0.375,0.168028125,0.234375,0.00158125,0.296875,0.001428125,0.34375,0.00076875,0.484375,0.0,0.484375,0.0,0.578125,0.0
split_high_low,64,78,fixed,none,59,0.9739583333333334,0.4851741622574956,0.4808203357514881,0.6666666666666666,320000,0,0.0,0.21556073272168375,0.27685546875,9,0.03515625,0.1015625,-0.06914427262780841,0.421875,0.986809375,0.3697916666666667,0.013190625000000001,0.515625,0.0,0.482128125,0.34508125,0.17279062499999998,0.34375,0.476875,0.4375,0.34029375,0.484375,0.169640625,0.28125,0.005253125,0.375,0.0047875,0.453125,0.00315,0.484375,0.0,0.484375,0.0,0.578125,0.0
uniform_high,64,79,fixed,none,53,0.9387766275928987,0.45893959435626097,0.4249355065724206,0.6666666666666666,320000,0,0.0,0.19960348124103633,0.3031005859375,11,0.04296875,0.046875,-0.013956127067924392,0.3125,0.9952281249999999,0.3385416666666667,0.004771875,0.5416666666666666,0.0,0.594521875,0.296140625,0.1093375,0.296875,0.592103125,0.28125,0.294465625,0.359375,0.108659375,0.296875,0.00241875,0.28125,0.001675,0.4375,0.000678125,0.546875,0.0,0.609375,0.0,0.46875,0.0
patchy_high,64,79,fixed,none,54,0.9427083333333334,0.46208112874779533,0.41243033234126986,0.6666666666666666,320000,0,0.0,0.1972424938148543,0.3031005859375,11,0.04296875,0.046875,-0.013956127067924392,0.34375,0.9954812500000001,0.34375,0.00451875,0.5416666666666666,0.0,0.604278125,0.29074375,0.10497812499999999,0.28125,0.601971875,0.25,0.289159375,0.5,0.10435,0.34375,0.00230625,0.296875,0.001584375,0.390625,0.000628125,0.546875,0.0,0.609375,0.0,0.46875,0.0
split_high_low,64,79,fixed,none,55,0.953125,0.4740961199294533,0.45334530319940475,0.6666666666666666,320000,0,0.0,0.1951806416421783,0.3031005859375,11,0.04296875,0.046875,-0.013956127067924392,0.3333333333333333,0.96628125,0.375,0.03371875,0.5416666666666666,0.0,0.6134562499999999,0.28974374999999997,0.0968,0.328125,0.593378125,0.359375,0.2792125,0.3125,0.093690625,0.40625,0.020078125,0.328125,0.01053125,0.390625,0.003109375,0.546875,0.0,0.609375,0.0,0.46875,0.0
uniform_high,64,80,fixed,none,55,0.9491932942595653,0.4313822751322751,0.30512943173363094,0.6666666666666666,320000,0,0.0,0.17353227537231009,0.259765625,10,0.0390625,0.0859375,-0.06267419388619754,0.24479166666666666,0.9860125000000001,0.3229166666666667,0.013987499999999998,0.4895833333333333,0.0,0.684103125,0.239625,0.076271875,0.140625,0.674471875,0.3125,0.23629375,0.28125,0.075246875,0.234375,0.00963125,0.3125,0.00333125,0.421875,0.001025,0.546875,0.0,0.53125,0.0,0.390625,0.0
patchy_high,64,80,fixed,none,51,0.9211857747226814,0.42846119929453264,0.3325493675595238,0.6666666666666666,320000,0,0.0,0.1729130636659253,0.259765625,10,0.0390625,0.0859375,-0.06267419388619754,0.22916666666666666,0.9955499999999999,0.3229166666666667,0.00445,0.4895833333333333,0.0,0.681646875,0.24320624999999998,0.075146875,0.1875,0.679634375,0.25,0.24155,0.25,0.074365625,0.25,0.0020125,0.28125,0.00165625,0.4375,0.00078125,0.546875,0.0,0.53125,0.0,0.390625,0.0
split_high_low,64,80,fixed,none,59,0.9739583333333334,0.4783399470899471,0.46673066716269834,0.6666666666666666,320000,0,0.0,0.1980304463474049,0.259765625,10,0.0390625,0.0859375,-0.06267419388619754,0.4114583333333333,0.93816875,0.3541666666666667,0.06183125,0.4895833333333333,0.0,0.5850124999999999,0.29769375,0.11729375,0.34375,0.5415125,0.375,0.2841125,0.515625,0.11254375,0.265625,0.0435,0.390625,0.01358125,0.40625,0.00475,0.546875,0.0,0.53125,0.0,0.390625,0.0
uniform_high,64,81,fixed,none,53,0.9368107747226814,0.4393187830687831,0.33470591517857146,0.6666666666666666,320000,0,0.0,0.1876768542782034,0.257568359375,9,0.03515625,0.09375,0.06110494438034777,0.24479166666666666,0.995815625,0.328125,0.004184375000000001,0.5052083333333334,0.0,0.6515875,0.26648125,0.08193125000000001,0.203125,0.6501,0.1875,0.26491875,0.34375,0.080796875,0.328125,0.0014875,0.34375,0.0015625,0.3125,0.001134375,0.546875,0.0,0.515625,0.0,0.453125,0.0
patchy_high,64,81,fixed,none,56,0.956367480463116,0.4656084656084656,0.4061039015997024,0.6666666666666666,320000,0,0.0,0.19008675300947267,0.257568359375,9,0.03515625,0.09375,0.06110494438034777,0.3333333333333333,0.9958718750000001,0.3385416666666667,0.004128125,0.5052083333333334,0.0,0.644209375,0.272421875,0.08336875,0.25,0.642825,0.3125,0.27075,0.4375,0.082296875,0.34375,0.001384375,0.375,0.001671875,0.296875,0.001071875,0.546875,0.0,0.515625,0.0,0.453125,0.0
split_high_low,64,81,fixed,none,55,0.9511591471297827,0.46825396825396826,0.4185598493303571,0.6666666666666666,320000,0,0.0,0.18525062177091114,0.257568359375,9,0.03515625,0.09375,0.06110494438034777,0.3229166666666667,0.9550656249999999,0.3697916666666667,0.044934375,0.5052083333333334,0.0,0.64510625,0.267065625,0.087828125,0.265625,0.62049375,0.328125,0.251915625,0.375,0.08265625,0.296875,0.0246125,0.484375,0.01515,0.328125,0.005171875,0.546875,0.0,0.515625,0.0,0.453125,0.0
uniform_high,64,82,fixed,none,57,0.9615758137964493,0.4673721340388007,0.48448733103918645,0.6666666666666666,320000,0,0.0,0.21985967325252484,0.2484130859375,9,0.03515625,0.125,0.003532238686876922,0.3854166666666667,0.99560625,0.3020833333333333,0.00439375,0.5,0.0,0.47871874999999997,0.34342500000000004,0.17785625,0.421875,0.476565625,0.390625,0.341909375,0.34375,0.17713125,0.3125,0.002153125,0.203125,0.001515625,0.390625,0.000725,0.46875,0.0,0.5,0.0,0.53125,0.0
patchy_high,64,82,fixed,none,57,0.9615758137964493,0.47398589065255725,0.4666901181175595,0.6666666666666666,320000,0,0.0,0.21917601623088417,0.2484130859375,9,0.03515625,0.125,0.003532238686876922,0.3697916666666667,0.9957843749999999,0.328125,0.004215625,0.5,0.0,0.471109375,0.34776875,0.181121875,0.328125,0.4691125,0.390625,0.34626875,0.390625,0.180403125,0.34375,0.001996875,0.265625,0.0015,0.375,0.00071875,0.46875,0.0,0.5,0.0,0.53125,0.0
split_high_low,64,82,fixed,none,61,0.984375,0.47624559082892415,0.48963502914186513,0.6666666666666666,320000,0,0.0,0.22252988757603986,0.2484130859375,9,0.03515625,0.125,0.003532238686876922,0.40625,0.9859468750000001,0.328125,0.014053125,0.5,0.0,0.455428125,0.35237500000000005,0.19219687500000002,0.40625,0.448709375,0.453125,0.34740625,0.359375,0.18983125,0.359375,0.00671875,0.21875,0.00496875,0.40625,0.002365625,0.46875,0.0,0.5,0.0,0.53125,0.0
uniform_high,64,83,fixed,none,55,0.9511591471297827,0.46164021164021163,0.46774872116815475,0.6666666666666666,320000,0,0.0,0.21156124257544812,0.25537109375,9,0.03515625,0.0390625,0.11568295194968307,0.3697916666666667,0.995378125,0.3177083333333333,0.004621875,0.59375,0.0,0.525946875,0.327265625,0.14678750000000002,0.359375,0.5239875,0.34375,0.32550625,0.40625,0.145884375,0.28125,0.001959375,0.28125,0.001759375,0.390625,0.000903125,0.65625,0.0,0.484375,0.0,0.640625,0.0
patchy_high,64,83,fixed,none,55,0.9491932942595653,0.46990740740740744,0.49029650142609127,0.6666666666666666,320000,0,0.0,0.2204298460831361,0.25537109375,9,0.03515625,0.0390625,0.11568295194968307,0.421875,0.99528125,0.3177083333333333,0.004718750000000001,0.59375,0.0,0.479709375,0.347940625,0.17235,0.40625,0.477678125,0.390625,0.346146875,0.46875,0.17145625,0.296875,0.00203125,0.296875,0.00179375,0.359375,0.00089375,0.65625,0.0,0.484375,0.0,0.640625,0.0
split_high_low,64,83,fixed,none,59,0.9739583333333334,0.48043430335097004,0.4996729244171627,0.6666666666666666,320000,0,0.0,0.2288600964625768,0.25537109375,9,0.03515625,0.0390625,0.11568295194968307,0.4479166666666667,0.993096875,0.359375,0.006903125,0.59375,0.0,0.42899375,0.3578375,0.21316875,0.4375,0.425990625,0.421875,0.355234375,0.484375,0.211871875,0.296875,0.003003125,0.359375,0.002603125,0.421875,0.001296875,0.65625,0.0,0.484375,0.0,0.640625,0.0
uniform_high,64,84,fixed,none,55,0.9491932942595653,0.46367945326278664,0.40050073939732145,0.6666666666666666,320000,0,0.0,0.18931158411885834,0.213134765625,8,0.03125,0.0703125,0.06824722697955915,0.328125,0.9960687500000001,0.3489583333333333,0.003931250000000001,0.515625,0.0,0.6268,0.27364062499999997,0.09955937499999999,0.234375,0.625271875,0.328125,0.2721625,0.421875,0.098634375,0.328125,0.001528125,0.28125,0.001478125,0.4375,0.000925,0.453125,0.0,0.515625,0.0,0.578125,0.0
patchy_high,64,84,fixed,none,58,0.96875,0.46841931216931215,0.44521277281746025,0.6666666666666666,320000,0,0.0,0.19064510454137257,0.213134765625,8,0.03125,0.0703125,0.06824722697955915,0.359375,0.996296875,0.328125,0.003703125,0.515625,0.0,0.6201625,0.278140625,0.101696875,0.296875,0.61856875,0.375,0.276796875,0.40625,0.10093125,0.328125,0.00159375,0.25,0.00134375,0.40625,0.000765625,0.453125,0.0,0.515625,0.0,0.578125,0.0
split_high_low,64,84,fixed,none,56,0.956367480463116,0.478505291005291,0.4713670820932539,0.6666666666666666,320000,0,0.0,0.2055264893285366,0.213134765625,8,0.03125,0.0703125,0.06824722697955915,0.3645833333333333,0.9933875,0.359375,0.0066125,0.515625,0.0,0.54079375,0.316890625,0.142315625,0.359375,0.537734375,0.390625,0.3145,0.34375,0.141153125,0.375,0.003059375,0.296875,0.002390625,0.40625,0.0011625,0.453125,0.0,0.515625,0.0,0.578125,0.0
uniform_high,64,85,fixed,none,55,0.9491932942595653,0.45690035273368607,0.4143736049107143,0.6666666666666666,320000,0,0.0,0.20221984881296973,0.3099365234375,9,0.03515625,0.0703125,0.15454165307193807,0.2916666666666667,0.9964,0.3333333333333333,0.0036000000000000003,0.5208333333333334,0.0,0.5590875000000001,0.303040625,0.13787187499999998,0.28125,0.55758125,0.28125,0.3017375,0.3125,0.13708125,0.34375,0.00150625,0.28125,0.001303125,0.375,0.000790625,0.515625,0.0,0.578125,0.0,0.46875,0.0
patchy_high,64,85,fixed,none,59,0.9739583333333334,0.468694885361552,0.43471915922619053,0.6666666666666666,320000,0,0.0,0.20037119296274794,0.3099365234375,9,0.03515625,0.0703125,0.15454165307193807,0.328125,0.996309375,0.3489583333333333,0.003690625,0.5208333333333334,0.0,0.5712843750000001,0.30250312500000004,0.12621249999999998,0.3125,0.5698625,0.28125,0.301109375,0.390625,0.1253375,0.3125,0.001421875,0.34375,0.00139375,0.390625,0.000875,0.515625,0.0,0.578125,0.0,0.46875,0.0
split_high_low,64,85,fixed,none,56,0.9583333333333334,0.46836419753086417,0.42097886749751984,0.6666666666666666,320000,0,0.0,0.19335993274006782,0.3099365234375,9,0.03515625,0.0703125,0.15454165307193807,0.3385416666666667,0.96940625,0.3697916666666667,0.030593750000000003,0.5208333333333334,0.0,0.616090625,0.28499375000000005,0.098915625,0.296875,0.601809375,0.25,0.274215625,0.46875,0.09338125,0.359375,0.01428125,0.296875,0.010778125,0.453125,0.005534375,0.515625,0.0,0.578125,0.0,0.46875,0.0
uniform_high,64,86,fixed,none,56,0.9511591471297827,0.4619157848324515,0.4452596183655754,0.6666666666666666,320000,0,0.0,0.20299370937894462,0.2679443359375,9,0.03515625,0.0703125,-0.004295850809023749,0.3385416666666667,0.9961375000000001,0.3229166666666667,0.0038624999999999996,0.4375,0.0,0.565871875,0.30511875,0.129009375,0.296875,0.56435,0.390625,0.30366875,0.328125,0.12811875,0.359375,0.001521875,0.234375,0.00145,0.375,0.000890625,0.484375,0.0,0.40625,0.0,0.421875,0.0
patchy_high,64,86,fixed,none,57,0.9583333333333334,0.4652777777777778,0.47182135106646833,0.6666666666666666,320000,0,0.0,0.19983524365490826,0.2679443359375,9,0.03515625,0.0703125,-0.004295850809023749,0.3645833333333333,0.995784375,0.3125,0.004215625000000001,0.4375,0.0,0.5819593750000001,0.29781250000000004,0.12022812499999999,0.359375,0.58005625,0.40625,0.296340625,0.328125,0.1193875,0.328125,0.001903125,0.234375,0.001471875,0.375,0.000840625,0.484375,0.0,0.40625,0.0,0.421875,0.0
split_high_low,64,86,fixed,none,57,0.9635416666666666,0.46268738977072316,0.3963101283482143,0.6666666666666666,320000,0,0.0,0.18395277271700405,0.2679443359375,9,0.03515625,0.0703125,-0.004295850809023749,0.3125,0.94659375,0.359375,0.053406249999999995,0.4375,0.0,0.6786968750000001,0.251140625,0.0701625,0.234375,0.644940625,0.328125,0.23718125,0.375,0.064471875,0.34375,0.03375625,0.296875,0.013959375,0.4375,0.005690625,0.484375,0.0,0.40625,0.0,0.421875,0.0
uniform_high,64,87,fixed,none,59,0.9739583333333334,0.45877425044091713,0.4023043898809524,0.6666666666666666,320000,0,0.0,0.18996740190842493,0.264404296875,8,0.03125,0.0625,0.0022217217055009297,0.296875,0.9962125,0.3333333333333333,0.0037875,0.5052083333333334,0.0,0.63625,0.27460625,0.08914375000000001,0.25,0.63466875,0.3125,0.273178125,0.328125,0.088365625,0.296875,0.00158125,0.390625,0.001428125,0.3125,0.000778125,0.515625,0.0,0.46875,0.0,0.53125,0.0
patchy_high,64,87,fixed,none,56,0.9583333333333334,0.46026234567901236,0.4305153521825396,0.6666666666666666,320000,0,0.0,0.19154319814130952,0.264404296875,8,0.03125,0.0625,0.0022217217055009297,0.3072916666666667,0.9959156249999999,0.328125,0.004084375,0.5052083333333334,0.0,0.6474781249999999,0.27142499999999997,0.08109687500000001,0.3125,0.645646875,0.28125,0.269990625,0.328125,0.080278125,0.328125,0.00183125,0.390625,0.001434375,0.265625,0.00081875,0.515625,0.0,0.46875,0.0,0.53125,0.0
split_high_low,64,87,fixed,none,56,0.953125,0.4721119929453263,0.3939902328249008,0.6666666666666666,320000,0,0.0,0.18109370178498135,0.264404296875,8,0.03125,0.0625,0.0022217217055009297,0.3229166666666667,0.9893093749999999,0.390625,0.010690624999999999,0.5052083333333334,0.0,0.6434875,0.276859375,0.07965312499999999,0.21875,0.638309375,0.375,0.273146875,0.375,0.077853125,0.453125,0.005178125,0.40625,0.0037125,0.3125,0.0018,0.515625,0.0,0.46875,0.0,0.53125,0.0
uniform_high,64,88,fixed,none,54,0.9459508137964493,0.435515873015873,0.3387274135044643,0.6666666666666666,320000,0,0.0,0.15161464246761786,0.2696533203125,10,0.0390625,0.0546875,-0.01425996244073621,0.234375,0.9960218750000001,0.3177083333333333,0.003978125,0.4791666666666667,0.0,0.771628125,0.18403437500000003,0.0443375,0.203125,0.770240625,0.234375,0.182396875,0.265625,0.043384375,0.375,0.0013875,0.265625,0.0016375,0.3125,0.000953125,0.484375,0.0,0.46875,0.0,0.484375,0.0
patchy_high,64,88,fixed,none,56,0.956367480463116,0.42741402116402116,0.2733553447420635,0.6666666666666666,320000,0,0.0,0.14899242463521312,0.2696533203125,10,0.0390625,0.0546875,-0.01425996244073621,0.22395833333333334,0.9958,0.3125,0.004200000000000001,0.4791666666666667,0.0,0.77110625,0.18306874999999997,0.045825,0.140625,0.769440625,0.21875,0.18144375,0.3125,0.044915625,0.375,0.001665625,0.265625,0.001625,0.296875,0.000909375,0.484375,0.0,0.46875,0.0,0.484375,0.0
split_high_low,64,88,fixed,none,58,0.9667841471297827,0.4697420634920635,0.4392872922867063,0.6666666666666666,320000,0,0.0,0.16947346096146176,0.2696533203125,10,0.0390625,0.0546875,-0.01425996244073621,0.328125,0.9717124999999999,0.34375,0.0282875,0.4791666666666667,0.0,0.70543125,0.233359375,0.061209375,0.3125,0.688609375,0.3125,0.2245875,0.359375,0.058515625,0.390625,0.016821875,0.34375,0.008771875,0.296875,0.00269375,0.484375,0.0,0.46875,0.0,0.484375,0.0
uniform_high,64,89,fixed,none,53,0.9387766275928987,0.4541997354497354,0.39966776878720245,0.6666666666666666,320000,0,0.0,0.18104385443847235,0.2330322265625,8,0.03125,0.109375,0.005943077991738764,0.296875,0.9968125,0.328125,0.0031875,0.5260416666666666,0.0,0.6779625,0.251175,0.07086250000000001,0.25,0.676678125,0.3125,0.249859375,0.328125,0.070275,0.28125,0.001284375,0.265625,0.001315625,0.4375,0.0005875,0.515625,0.0,0.5,0.0,0.5625,0.0
patchy_high,64,89,fixed,none,53,0.9387766275928987,0.4514991181657848,0.37974900793650795,0.6666666666666666,320000,0,0.0,0.1793756566472232,0.2330322265625,8,0.03125,0.109375,0.005943077991738764,0.3020833333333333,0.9968125000000001,0.3177083333333333,0.0031875000000000002,0.5260416666666666,0.0,0.6688375,0.257259375,0.073903125,0.21875,0.667546875,0.3125,0.256015625,0.375,0.07325,0.265625,0.001290625,0.265625,0.00124375,0.421875,0.000653125,0.515625,0.0,0.5,0.0,0.5625,0.0
split_high_low,64,89,fixed,none,56,0.9544016275928987,0.4499559082892416,0.36717065352182543,0.6666666666666666,320000,0,0.0,0.19283224019463935,0.2330322265625,8,0.03125,0.109375,0.005943077991738764,0.2760416666666667,0.969584375,0.34375,0.030415625,0.5260416666666666,0.0,0.614928125,0.28774375,0.097328125,0.203125,0.59468125,0.28125,0.27955,0.34375,0.095353125,0.3125,0.020246875,0.265625,0.00819375,0.453125,0.001975,0.515625,0.0,0.5,0.0,0.5625,0.0
uniform_high,64,90,fixed,none,54,0.9459508137964493,0.4662698412698413,0.4655187748015873,0.6666666666666666,320000,0,0.0,0.21840084751269206,0.2532958984375,8,0.03125,0.0625,-0.21993498051541588,0.3697916666666667,0.9961031249999999,0.3020833333333333,0.003896875,0.4947916666666667,0.0,0.46216562499999997,0.339596875,0.1982375,0.34375,0.46068125,0.34375,0.338084375,0.421875,0.1973375,0.28125,0.001484375,0.265625,0.0015125,0.359375,0.0009,0.5625,0.0,0.453125,0.0,0.46875,0.0
patchy_high,64,90,fixed,none,57,0.9615758137964493,0.47448192239858905,0.47388508649553573,0.6666666666666666,320000,0,0.0,0.21981229343953654,0.2532958984375,8,0.03125,0.0625,-0.21993498051541588,0.3802083333333333,0.995996875,0.328125,0.004003125,0.4947916666666667,0.0,0.44908125,0.34475312500000005,0.206165625,0.375,0.447690625,0.34375,0.343215625,0.421875,0.205090625,0.28125,0.001390625,0.3125,0.0015375,0.390625,0.001075,0.5625,0.0,0.453125,0.0,0.46875,0.0
split_high_low,64,90,fixed,none,58,0.9667841471297827,0.47971781305114636,0.4497530459449405,0.6666666666666666,320000,0,0.0,0.2064428012051483,0.2532958984375,8,0.03125,0.0625,-0.21993498051541588,0.3854166666666667,0.986153125,0.3697916666666667,0.013846875,0.4947916666666667,0.0,0.551353125,0.315853125,0.13279375,0.3125,0.543834375,0.328125,0.3113375,0.515625,0.13098125,0.34375,0.00751875,0.359375,0.004515625,0.40625,0.0018125,0.5625,0.0,0.453125,0.0,0.46875,0.0
uniform_high,64,91,fixed,none,57,0.9615758137964493,0.4500110229276896,0.3501894407242063,0.6666666666666666,320000,0,0.0,0.17281866262583512,0.2730712890625,9,0.03515625,0.078125,-0.07263891950441968,0.296875,0.99668125,0.3125,0.0033187499999999997,0.5104166666666666,0.0,0.704796875,0.229896875,0.06530625,0.1875,0.703684375,0.3125,0.228565625,0.390625,0.06443125,0.28125,0.0011125,0.359375,0.00133125,0.296875,0.000875,0.53125,0.0,0.53125,0.0,0.46875,0.0
patchy_high,64,91,fixed,none,55,0.9511591471297827,0.4466490299823633,0.36072729569692463,0.6666666666666666,320000,0,0.0,0.17049758313091773,0.2730712890625,9,0.03515625,0.078125,-0.07263891950441968,0.296875,0.9966906249999999,0.296875,0.003309375,0.5104166666666666,0.0,0.70570625,0.231109375,0.063184375,0.203125,0.704621875,0.296875,0.229678125,0.390625,0.062390625,0.3125,0.001084375,0.328125,0.00143125,0.25,0.00079375,0.53125,0.0,0.53125,0.0,0.46875,0.0
split_high_low,64,91,fixed,none,53,0.9375,0.4617504409171076,0.4194025266617063,0.6666666666666666,320000,0,0.0,0.1819858256050289,0.2730712890625,9,0.03515625,0.078125,-0.07263891950441968,0.3177083333333333,0.9964718749999999,0.328125,0.003528125,0.5104166666666666,0.0,0.64124375,0.26083125,0.09792500000000001,0.296875,0.63988125,0.25,0.259496875,0.40625,0.09709375,0.328125,0.0013625,0.34375,0.001334375,0.3125,0.00083125,0.53125,0.0,0.53125,0.0,0.46875,0.0
uniform_high,64,92,fixed,none,55,0.9511591471297827,0.4767967372134039,0.4878481460813492,0.6666666666666666,320000,0,0.0,0.22388316828310717,0.2410888671875,8,0.03125,0.046875,-0.03585105696005688,0.3958333333333333,0.9951687499999999,0.3229166666666667,0.0048312500000000005,0.515625,0.0,0.45091562500000004,0.349940625,0.19914375,0.421875,0.44904375,0.40625,0.348090625,0.359375,0.198034375,0.296875,0.001871875,0.296875,0.00185,0.375,0.001109375,0.515625,0.0,0.46875,0.0,0.5625,0.0
patchy_high,64,92,fixed,none,57,0.9615758137964493,0.4677028218694885,0.46596501271081353,0.6666666666666666,320000,0,0.0,0.22538445698110085,0.2410888671875,8,0.03125,0.046875,-0.03585105696005688,0.3489583333333333,0.994715625,0.3229166666666667,0.005284374999999999,0.515625,0.0,0.445475,0.3543875,0.2001375,0.390625,0.443359375,0.359375,0.35241875,0.296875,0.1989375,0.375,0.002115625,0.265625,0.00196875,0.328125,0.0012,0.515625,0.0,0.46875,0.0,0.5625,0.0
split_high_low,64,92,fixed,none,58,0.96875,0.46902557319223986,0.4246487382192461,0.6666666666666666,320000,0,0.0,0.19521174042360667,0.2410888671875,8,0.03125,0.046875,-0.03585105696005688,0.3125,0.99311875,0.3697916666666667,0.00688125,0.515625,0.0,0.574196875,0.30552812500000004,0.120275,0.3125,0.570340625,0.25,0.303509375,0.375,0.11926875,0.40625,0.00385625,0.328125,0.00201875,0.375,0.00100625,0.515625,0.0,0.46875,0.0,0.5625,0.0
uniform_high,64,93,fixed,none,54,0.9459508137964493,0.4338073192239859,0.3508284443204365,0.6666666666666666,320000,0,0.0,0.19714529453838314,0.2869873046875,9,0.03515625,0.03125,-0.022198238762574183,0.34375,0.9966124999999999,0.2760416666666667,0.0033875,0.4895833333333333,0.0,0.594078125,0.29389062499999996,0.11203125,0.1875,0.592565625,0.25,0.292571875,0.59375,0.111475,0.25,0.0015125,0.25,0.00131875,0.328125,0.00055625,0.4375,0.0,0.5,0.0,0.53125,0.0
patchy_high,64,93,fixed,none,55,0.953125,0.44345238095238093,0.39829908234126987,0.6666666666666666,320000,0,0.0,0.18847713028159213,0.2869873046875,9,0.03515625,0.03125,-0.022198238762574183,0.3072916666666667,0.9967124999999999,0.2760416666666667,0.0032875,0.4895833333333333,0.0,0.6355625,0.274253125,0.090184375,0.25,0.634146875,0.28125,0.27294375,0.390625,0.089621875,0.265625,0.001415625,0.21875,0.001309375,0.34375,0.0005625,0.4375,0.0,0.5,0.0,0.53125,0.0
split_high_low,64,93,fixed,none,59,0.9739583333333334,0.46544312169312163,0.4222293929811508,0.6666666666666666,320000,0,0.0,0.18216333584659203,0.2869873046875,9,0.03515625,0.03125,-0.022198238762574183,0.3541666666666667,0.9543281250000001,0.3177083333333333,0.045671875,0.4895833333333333,0.0,0.6717437500000001,0.25246875,0.0757875,0.265625,0.642703125,0.359375,0.2404,0.4375,0.071225,0.296875,0.029040625,0.28125,0.01206875,0.375,0.0045625,0.4375,0.0,0.5,0.0,0.53125,0.0
uniform_high,64,94,fixed,none,54,0.9459508137964493,0.4656084656084656,0.42567812344990086,0.6666666666666666,320000,0,0.0,0.19610693241271454,0.313232421875,9,0.03515625,0.0703125,-0.03735348481746144,0.3333333333333333,0.995446875,0.34375,0.004553125,0.53125,0.0,0.5732,0.298421875,0.12837812499999998,0.296875,0.571603125,0.265625,0.296459375,0.4375,0.127384375,0.421875,0.001596875,0.3125,0.0019625,0.296875,0.00099375,0.5625,0.0,0.5,0.0,0.53125,0.0
patchy_high,64,94,fixed,none,59,0.9739583333333334,0.47789902998236333,0.4672750697544643,0.6666666666666666,320000,0,0.0,0.20014129502446226,0.313232421875,9,0.03515625,0.0703125,-0.03735348481746144,0.375,0.995171875,0.3489583333333333,0.004828125,0.53125,0.0,0.5408906250000001,0.31206875,0.147040625,0.375,0.53938125,0.3125,0.309971875,0.4375,0.14581875,0.40625,0.001509375,0.328125,0.002096875,0.3125,0.001221875,0.5625,0.0,0.5,0.0,0.53125,0.0
split_high_low,64,94,fixed,none,57,0.9635416666666666,0.4853946208112875,0.47256569940476184,1.0,320000,0,0.0,0.19497877113044992,0.313232421875,9,0.03515625,0.0703125,-0.03735348481746144,0.3645833333333333,0.9880249999999999,0.390625,0.011909375,0.53125,6.5625e-05,0.59965,0.29202812499999997,0.10832187500000001,0.390625,0.593759375,0.328125,0.28809375,0.375,0.106171875,0.390625,0.005846875,0.421875,0.003915625,0.359375,0.002146875,0.5625,4.375e-05,0.5,1.875e-05,0.53125,3.125e-06
uniform_high,64,95,fixed,none,55,0.9479166666666666,0.4579475308641975,0.42751860739087305,0.6666666666666666,320000,0,0.0,0.17673009323225758,0.20751953125,8,0.03125,0.0859375,0.015202667457562002,0.34375,0.996415625,0.3177083333333333,0.003584375,0.5104166666666666,0.0,0.690834375,0.241628125,0.0675375,0.28125,0.68944375,0.34375,0.240265625,0.40625,0.06670625,0.40625,0.001390625,0.234375,0.0013625,0.3125,0.00083125,0.4375,0.0,0.640625,0.0,0.453125,0.0
patchy_high,64,95,fixed,none,52,0.9296365885191306,0.449239417989418,0.3488449900793651,0.6666666666666666,320000,0,0.0,0.16614317676089976,0.20751953125,8,0.03125,0.0859375,0.015202667457562002,0.2864583333333333,0.996475,0.34375,0.0035250000000000004,0.5104166666666666,0.0,0.733340625,0.216084375,0.050575,0.1875,0.732134375,0.34375,0.214709375,0.328125,0.04963125,0.421875,0.00120625,0.296875,0.001375,0.3125,0.00094375,0.4375,0.0,0.640625,0.0,0.453125,0.0
split_high_low,64,95,fixed,none,51,0.925117480463116,0.46042768959435626,0.38679284164186506,0.6666666666666666,320000,0,0.0,0.19016135999076295,0.20751953125,8,0.03125,0.0859375,0.015202667457562002,0.3125,0.9958374999999999,0.3854166666666667,0.0041624999999999995,0.5104166666666666,0.0,0.62863125,0.2737875,0.09758125,0.234375,0.62676875,0.265625,0.27224375,0.4375,0.096825,0.484375,0.0018625,0.3125,0.00154375,0.359375,0.00075625,0.4375,0.0,0.640625,0.0,0.453125,0.0
uniform_high,64,96,fixed,none,56,0.956367480463116,0.4509479717813051,0.37314642702132933,0.6666666666666666,320000,0,0.0,0.1613480538313903,0.2618408203125,8,0.03125,0.078125,-0.035008069195903414,0.28125,0.995078125,0.3489583333333333,0.004921875,0.5052083333333334,0.0,0.73180625,0.211234375,0.056959375,0.21875,0.7299,0.328125,0.20936875,0.296875,0.055809375,0.375,0.00190625,0.3125,0.001865625,0.359375,0.00115,0.640625,0.0,0.484375,0.0,0.390625,0.0
patchy_high,64,96,fixed,none,55,0.9491932942595653,0.4643959435626102,0.42978741939484133,0.6666666666666666,320000,0,0.0,0.16318819912810045,0.2618408203125,8,0.03125,0.078125,-0.035008069195903414,0.3333333333333333,0.996103125,0.3489583333333333,0.003896875,0.5052083333333334,0.0,0.7409625,0.207565625,0.051471875,0.296875,0.73963125,0.3125,0.206003125,0.390625,0.05046875,0.375,0.00133125,0.296875,0.0015625,0.375,0.001003125,0.640625,0.0,0.484375,0.0,0.390625,0.0
split_high_low,64,96,fixed,none,55,0.9511591471297827,0.45778218694885364,0.383243501984127,0.6666666666666666,320000,0,0.0,0.18773980841745058,0.2618408203125,8,0.03125,0.078125,-0.035008069195903414,0.3072916666666667,0.994690625,0.375,0.005309375,0.5052083333333334,0.0,0.624240625,0.27373125,0.10202812500000001,0.234375,0.62179375,0.25,0.271896875,0.4375,0.101,0.328125,0.002446875,0.359375,0.001834375,0.4375,0.001028125,0.640625,0.0,0.484375,0.0,0.390625,0.0
uniform_high,64,97,fixed,none,58,0.96875,0.47574955908289246,0.4632603593129961,0.6666666666666666,320000,0,0.0,0.21660654706932597,0.23291015625,8,0.03125,0.0625,0.07243566447377668,0.375,0.994984375,0.3385416666666667,0.005015625,0.453125,0.0,0.49854375,0.33806875,0.1633875,0.3125,0.496753125,0.40625,0.33615625,0.40625,0.162075,0.296875,0.001790625,0.328125,0.0019125,0.390625,0.0013125,0.4375,0.0,0.46875,0.0,0.453125,0.0
patchy_high,64,97,fixed,none,56,0.956367480463116,0.46389991181657847,0.43465040147569445,0.6666666666666666,320000,0,0.0,0.21823078047584799,0.23291015625,8,0.03125,0.0625,0.07243566447377668,0.328125,0.9949593749999999,0.328125,0.005040625,0.453125,0.0,0.485878125,0.34359687499999997,0.170525,0.28125,0.4841,0.328125,0.34168125,0.375,0.169178125,0.28125,0.001778125,0.3125,0.001915625,0.390625,0.001346875,0.4375,0.0,0.46875,0.0,0.453125,0.0
split_high_low,64,97,fixed,none,57,0.9583333333333334,0.46252204585537915,0.40635739397321424,0.6666666666666666,320000,0,0.0,0.20599564849635005,0.23291015625,8,0.03125,0.0625,0.07243566447377668,0.3072916666666667,0.991496875,0.3541666666666667,0.008503125,0.453125,0.0,0.5572625,0.31243437500000004,0.130303125,0.234375,0.55346875,0.34375,0.309465625,0.34375,0.1285625,0.296875,0.00379375,0.328125,0.00296875,0.4375,0.001740625,0.4375,0.0,0.46875,0.0,0.453125,0.0
uniform_high,64,98,fixed,none,56,0.953125,0.4654982363315697,0.48457834511408726,0.6666666666666666,320000,0,0.0,0.21587065511046566,0.2548828125,8,0.03125,0.0859375,-0.008879245747574751,0.3958333333333333,0.99485625,0.296875,0.00514375,0.484375,0.0,0.497640625,0.33831249999999996,0.164046875,0.453125,0.495396875,0.34375,0.33644375,0.390625,0.163015625,0.234375,0.00224375,0.328125,0.00186875,0.328125,0.00103125,0.375,0.0,0.515625,0.0,0.5625,0.0
patchy_high,64,98,fixed,none,58,0.96875,0.46235670194003525,0.48013464006696427,0.6666666666666666,320000,0,0.0,0.21430969866830546,0.2548828125,8,0.03125,0.0859375,-0.008879245747574751,0.3802083333333333,0.995034375,0.2864583333333333,0.004965625,0.484375,0.0,0.513078125,0.336353125,0.15056874999999997,0.40625,0.5109375,0.359375,0.3344625,0.375,0.149634375,0.265625,0.002140625,0.28125,0.001890625,0.3125,0.000934375,0.375,0.0,0.515625,0.0,0.5625,0.0
split_high_low,64,98,fixed,none,59,0.971992480463116,0.474592151675485,0.4775898313492063,0.6666666666666666,320000,0,0.0,0.21617135127678866,0.2548828125,8,0.03125,0.0859375,-0.008879245747574751,0.3802083333333333,0.98685,0.3385416666666667,0.01315,0.484375,0.0,0.515328125,0.332346875,0.152325,0.421875,0.508378125,0.328125,0.328146875,0.390625,0.150325,0.328125,0.00695,0.375,0.0042,0.3125,0.002,0.375,0.0,0.515625,0.0,0.5625,0.0
uniform_high,64,99,fixed,none,57,0.9615758137964493,0.46097883597883593,0.4253345548115079,0.6666666666666666,320000,0,0.0,0.20066608390064683,0.2353515625,8,0.03125,0.0625,0.017357341640558573,0.3125,0.99616875,0.3333333333333333,0.00383125,0.4895833333333333,0.0,0.575115625,0.30385,0.121034375,0.296875,0.573515625,0.28125,0.302346875,0.359375,0.12030625,0.328125,0.0016,0.25,0.001503125,0.421875,0.000728125,0.46875,0.0,0.5,0.0,0.5,0.0
patchy_high,64,99,fixed,none,58,0.96875,0.4721671075837743,0.45154131014384924,0.6666666666666666,320000,0,0.0,0.20272761167586004,0.2353515625,8,0.03125,0.0625,0.017357341640558573,0.3645833333333333,0.9957687500000001,0.3385416666666667,0.00423125,0.4895833333333333,0.0,0.5591406250000001,0.3086875,0.132171875,0.3125,0.557203125,0.34375,0.30714375,0.4375,0.131421875,0.3125,0.0019375,0.265625,0.00154375,0.4375,0.00075,0.46875,0.0,0.5,0.0,0.5,0.0
split_high_low,64,99,fixed,none,57,0.959609960926232,0.4757495590828924,0.4248213231646825,0.6666666666666666,320000,0,0.0,0.21515626038916458,0.2353515625,8,0.03125,0.0625,0.017357341640558573,0.3125,0.991784375,0.40625,0.008215625,0.4895833333333333,0.0,0.5291125,0.324315625,0.146571875,0.3125,0.52523125,0.25,0.321459375,0.375,0.14509375,0.375,0.00388125,0.4375,0.00285625,0.40625,0.001478125,0.46875,0.0,0.5,0.0,0.5,0.0
