run_id,analysis_label,scenario,population,replicate,metric,value
pilot_v1_b0,B0,uniform_high,32,0,eval_mean_mean_resource_fraction,0.28266078877391615
pilot_v1_b0,B0,uniform_high,32,0,eval_mean_mean_reserve_welfare,0.9743106194582866
pilot_v1_b0,B0,uniform_high,32,0,final_wealth_gini,0.3158396562267878
pilot_v1_b0,B0,uniform_high,64,0,eval_mean_mean_resource_fraction,0.09346374851927214
pilot_v1_b0,B0,uniform_high,64,0,eval_mean_mean_reserve_welfare,0.7921096418305597
pilot_v1_b0,B0,uniform_high,64,0,final_wealth_gini,0.39926641012037156
pilot_v1_b0,B0,patchy_high,32,0,eval_mean_mean_resource_fraction,0.2995070494769271
pilot_v1_b0,B0,patchy_high,32,0,eval_mean_mean_reserve_welfare,0.9753100551031498
pilot_v1_b0,B0,patchy_high,32,0,final_wealth_gini,0.3232710425183145
pilot_v1_b0,B0,patchy_high,64,0,eval_mean_mean_resource_fraction,0.09160989913715453
pilot_v1_b0,B0,patchy_high,64,0,eval_mean_mean_reserve_welfare,0.8078893262706682
pilot_v1_b0,B0,patchy_high,64,0,final_wealth_gini,0.38029083781471185
pilot_v1_b0,B0,split_high_low,32,0,eval_mean_mean_resource_fraction,0.3717476416706625
pilot_v1_b0,B0,split_high_low,32,0,eval_mean_mean_reserve_welfare,0.8052142721373425
pilot_v1_b0,B0,split_high_low,32,0,final_wealth_gini,0.5083797924150137
pilot_v1_b0,B0,split_high_low,64,0,eval_mean_mean_resource_fraction,0.08960238932731585
pilot_v1_b0,B0,split_high_low,64,0,eval_mean_mean_reserve_welfare,0.6572136930802147
pilot_v1_b0,B0,split_high_low,64,0,final_wealth_gini,0.5978055058204883
pilot_v1_b0,B0,uniform_high,32,1,eval_mean_mean_resource_fraction,0.31822226990249386
pilot_v1_b0,B0,uniform_high,32,1,eval_mean_mean_reserve_welfare,0.9720723364783348
pilot_v1_b0,B0,uniform_high,32,1,final_wealth_gini,0.4136512184246628
pilot_v1_b0,B0,uniform_high,64,1,eval_mean_mean_resource_fraction,0.16243875722493265
pilot_v1_b0,B0,uniform_high,64,1,eval_mean_mean_reserve_welfare,0.8711979862027606
pilot_v1_b0,B0,uniform_high,64,1,final_wealth_gini,0.42560914824970153
pilot_v1_b0,B0,patchy_high,32,1,eval_mean_mean_resource_fraction,0.33204893159114357
pilot_v1_b0,B0,patchy_high,32,1,eval_mean_mean_reserve_welfare,0.974288664374961
pilot_v1_b0,B0,patchy_high,32,1,final_wealth_gini,0.3937853063629182
pilot_v1_b0,B0,patchy_high,64,1,eval_mean_mean_resource_fraction,0.1304869023985105
pilot_v1_b0,B0,patchy_high,64,1,eval_mean_mean_reserve_welfare,0.8281540941920682
pilot_v1_b0,B0,patchy_high,64,1,final_wealth_gini,0.4663564949431569
pilot_v1_b0,B0,split_high_low,32,1,eval_mean_mean_resource_fraction,0.328814694581383
pilot_v1_b0,B0,split_high_low,32,1,eval_mean_mean_reserve_welfare,0.803747475155334
pilot_v1_b0,B0,split_high_low,32,1,final_wealth_gini,0.5500910580752811
pilot_v1_b0,B0,split_high_low,64,1,eval_mean_mean_resource_fraction,0.10927730919716824
pilot_v1_b0,B0,split_high_low,64,1,eval_mean_mean_reserve_welfare,0.5852230279896123
pilot_v1_b0,B0,split_high_low,64,1,final_wealth_gini,0.66846590304135
pilot_v1_b0,B0,uniform_high,32,2,eval_mean_mean_resource_fraction,0.24247131229024943
pilot_v1_b0,B0,uniform_high,32,2,eval_mean_mean_reserve_welfare,0.9979999999999998
pilot_v1_b0,B0,uniform_high,32,2,final_wealth_gini,0.2887967701195697
pilot_v1_b0,B0,uniform_high,64,2,eval_mean_mean_resource_fraction,0.13754475863815585
pilot_v1_b0,B0,uniform_high,64,2,eval_mean_mean_reserve_welfare,0.8361961287542932
pilot_v1_b0,B0,uniform_high,64,2,final_wealth_gini,0.4260991938286176
pilot_v1_b0,B0,patchy_high,32,2,eval_mean_mean_resource_fraction,0.2430984383140946
pilot_v1_b0,B0,patchy_high,32,2,eval_mean_mean_reserve_welfare,0.9979999999999998
pilot_v1_b0,B0,patchy_high,32,2,final_wealth_gini,0.28697302246617773
pilot_v1_b0,B0,patchy_high,64,2,eval_mean_mean_resource_fraction,0.12044441643524076
pilot_v1_b0,B0,patchy_high,64,2,eval_mean_mean_reserve_welfare,0.770420154314972
pilot_v1_b0,B0,patchy_high,64,2,final_wealth_gini,0.4656756462191949
pilot_v1_b0,B0,split_high_low,32,2,eval_mean_mean_resource_fraction,0.2794671780187672
pilot_v1_b0,B0,split_high_low,32,2,eval_mean_mean_reserve_welfare,0.8328139046547086
pilot_v1_b0,B0,split_high_low,32,2,final_wealth_gini,0.482823956621679
pilot_v1_b0,B0,split_high_low,64,2,eval_mean_mean_resource_fraction,0.09850585852067607
pilot_v1_b0,B0,split_high_low,64,2,eval_mean_mean_reserve_welfare,0.6152249669205495
pilot_v1_b0,B0,split_high_low,64,2,final_wealth_gini,0.6333611499136933
pilot_v1_b0,B0,uniform_high,32,3,eval_mean_mean_resource_fraction,0.20436742402425392
pilot_v1_b0,B0,uniform_high,32,3,eval_mean_mean_reserve_welfare,0.9979999999999998
pilot_v1_b0,B0,uniform_high,32,3,final_wealth_gini,0.2658497378918494
pilot_v1_b0,B0,uniform_high,64,3,eval_mean_mean_resource_fraction,0.07145145109670684
pilot_v1_b0,B0,uniform_high,64,3,eval_mean_mean_reserve_welfare,0.6868141069657088
pilot_v1_b0,B0,uniform_high,64,3,final_wealth_gini,0.4102739732091496
pilot_v1_b0,B0,patchy_high,32,3,eval_mean_mean_resource_fraction,0.2050655234538581
pilot_v1_b0,B0,patchy_high,32,3,eval_mean_mean_reserve_welfare,0.9979999999999998
pilot_v1_b0,B0,patchy_high,32,3,final_wealth_gini,0.25450924030390576
pilot_v1_b0,B0,patchy_high,64,3,eval_mean_mean_resource_fraction,0.0726404416355315
pilot_v1_b0,B0,patchy_high,64,3,eval_mean_mean_reserve_welfare,0.6900221622495444
pilot_v1_b0,B0,patchy_high,64,3,final_wealth_gini,0.42529718974711783
pilot_v1_b0,B0,split_high_low,32,3,eval_mean_mean_resource_fraction,0.28150871811766515
pilot_v1_b0,B0,split_high_low,32,3,eval_mean_mean_reserve_welfare,0.8143604356302524
pilot_v1_b0,B0,split_high_low,32,3,final_wealth_gini,0.4849677596364881
pilot_v1_b0,B0,split_high_low,64,3,eval_mean_mean_resource_fraction,0.10527040063442732
pilot_v1_b0,B0,split_high_low,64,3,eval_mean_mean_reserve_welfare,0.681918459681081
pilot_v1_b0,B0,split_high_low,64,3,final_wealth_gini,0.5918667158717867
pilot_v1_b0,B0,uniform_high,32,4,eval_mean_mean_resource_fraction,0.2587348776383259
pilot_v1_b0,B0,uniform_high,32,4,eval_mean_mean_reserve_welfare,0.9682983797625623
pilot_v1_b0,B0,uniform_high,32,4,final_wealth_gini,0.31398925511741904
pilot_v1_b0,B0,uniform_high,64,4,eval_mean_mean_resource_fraction,0.11612309554711377
pilot_v1_b0,B0,uniform_high,64,4,eval_mean_mean_reserve_welfare,0.7505853673371551
pilot_v1_b0,B0,uniform_high,64,4,final_wealth_gini,0.4787691181998408
pilot_v1_b0,B0,patchy_high,32,4,eval_mean_mean_resource_fraction,0.2555449142348272
pilot_v1_b0,B0,patchy_high,32,4,eval_mean_mean_reserve_welfare,0.9668648341717112
pilot_v1_b0,B0,patchy_high,32,4,final_wealth_gini,0.303595408388182
pilot_v1_b0,B0,patchy_high,64,4,eval_mean_mean_resource_fraction,0.10400530890466499
pilot_v1_b0,B0,patchy_high,64,4,eval_mean_mean_reserve_welfare,0.7282675687154213
pilot_v1_b0,B0,patchy_high,64,4,final_wealth_gini,0.4577543203873664
pilot_v1_b0,B0,split_high_low,32,4,eval_mean_mean_resource_fraction,0.24766393708563597
pilot_v1_b0,B0,split_high_low,32,4,eval_mean_mean_reserve_welfare,0.9116640136820043
pilot_v1_b0,B0,split_high_low,32,4,final_wealth_gini,0.43896747329644903
pilot_v1_b0,B0,split_high_low,64,4,eval_mean_mean_resource_fraction,0.08353032721077247
pilot_v1_b0,B0,split_high_low,64,4,eval_mean_mean_reserve_welfare,0.6418134615038426
pilot_v1_b0,B0,split_high_low,64,4,final_wealth_gini,0.5674256644499549
pilot_v1_b0,B0,uniform_high,32,5,eval_mean_mean_resource_fraction,0.2760293958512152
pilot_v1_b0,B0,uniform_high,32,5,eval_mean_mean_reserve_welfare,0.9672120407985357
pilot_v1_b0,B0,uniform_high,32,5,final_wealth_gini,0.35966726153889916
pilot_v1_b0,B0,uniform_high,64,5,eval_mean_mean_resource_fraction,0.1509030508751294
pilot_v1_b0,B0,uniform_high,64,5,eval_mean_mean_reserve_welfare,0.8579300179719036
pilot_v1_b0,B0,uniform_high,64,5,final_wealth_gini,0.399913179847011
pilot_v1_b0,B0,patchy_high,32,5,eval_mean_mean_resource_fraction,0.2710843193023096
pilot_v1_b0,B0,patchy_high,32,5,eval_mean_mean_reserve_welfare,0.9719370416740157
pilot_v1_b0,B0,patchy_high,32,5,final_wealth_gini,0.35003690765028006
pilot_v1_b0,B0,patchy_high,64,5,eval_mean_mean_resource_fraction,0.11650867334691987
pilot_v1_b0,B0,patchy_high,64,5,eval_mean_mean_reserve_welfare,0.827637296792383
pilot_v1_b0,B0,patchy_high,64,5,final_wealth_gini,0.41820925400074604
pilot_v1_b0,B0,split_high_low,32,5,eval_mean_mean_resource_fraction,0.2860414990800119
pilot_v1_b0,B0,split_high_low,32,5,eval_mean_mean_reserve_welfare,0.910233547131148
pilot_v1_b0,B0,split_high_low,32,5,final_wealth_gini,0.45383932212127265
pilot_v1_b0,B0,split_high_low,64,5,eval_mean_mean_resource_fraction,0.1492722388767786
pilot_v1_b0,B0,split_high_low,64,5,eval_mean_mean_reserve_welfare,0.6396937008245971
pilot_v1_b0,B0,split_high_low,64,5,final_wealth_gini,0.6413914629122721
pilot_v1_b0,B0,uniform_high,32,6,eval_mean_mean_resource_fraction,0.29486898996705435
pilot_v1_b0,B0,uniform_high,32,6,eval_mean_mean_reserve_welfare,0.8634896531211309
pilot_v1_b0,B0,uniform_high,32,6,final_wealth_gini,0.4241543000497663
pilot_v1_b0,B0,uniform_high,64,6,eval_mean_mean_resource_fraction,0.13020549123159633
pilot_v1_b0,B0,uniform_high,64,6,eval_mean_mean_reserve_welfare,0.8306683449129006
pilot_v1_b0,B0,uniform_high,64,6,final_wealth_gini,0.4078104420573798
pilot_v1_b0,B0,patchy_high,32,6,eval_mean_mean_resource_fraction,0.2956019993241062
pilot_v1_b0,B0,patchy_high,32,6,eval_mean_mean_reserve_welfare,0.8612680128190932
pilot_v1_b0,B0,patchy_high,32,6,final_wealth_gini,0.41896240647295735
pilot_v1_b0,B0,patchy_high,64,6,eval_mean_mean_resource_fraction,0.1149340260773702
pilot_v1_b0,B0,patchy_high,64,6,eval_mean_mean_reserve_welfare,0.7554991865310774
pilot_v1_b0,B0,patchy_high,64,6,final_wealth_gini,0.45269831746663436
pilot_v1_b0,B0,split_high_low,32,6,eval_mean_mean_resource_fraction,0.2497823440305361
pilot_v1_b0,B0,split_high_low,32,6,eval_mean_mean_reserve_welfare,0.9119363662150725
pilot_v1_b0,B0,split_high_low,32,6,final_wealth_gini,0.42765674828943223
pilot_v1_b0,B0,split_high_low,64,6,eval_mean_mean_resource_fraction,0.10677257113531212
pilot_v1_b0,B0,split_high_low,64,6,eval_mean_mean_reserve_welfare,0.6976118474567187
pilot_v1_b0,B0,split_high_low,64,6,final_wealth_gini,0.6086396195329291
pilot_v1_b0,B0,uniform_high,32,7,eval_mean_mean_resource_fraction,0.26874129249126577
pilot_v1_b0,B0,uniform_high,32,7,eval_mean_mean_reserve_welfare,0.9528727197292048
pilot_v1_b0,B0,uniform_high,32,7,final_wealth_gini,0.32229827426063506
pilot_v1_b0,B0,uniform_high,64,7,eval_mean_mean_resource_fraction,0.1205811937020996
pilot_v1_b0,B0,uniform_high,64,7,eval_mean_mean_reserve_welfare,0.7338202249464909
pilot_v1_b0,B0,uniform_high,64,7,final_wealth_gini,0.5151477296959068
pilot_v1_b0,B0,patchy_high,32,7,eval_mean_mean_resource_fraction,0.27259613395019117
pilot_v1_b0,B0,patchy_high,32,7,eval_mean_mean_reserve_welfare,0.9511995178167024
pilot_v1_b0,B0,patchy_high,32,7,final_wealth_gini,0.3286384256827779
pilot_v1_b0,B0,patchy_high,64,7,eval_mean_mean_resource_fraction,0.11626287474939594
pilot_v1_b0,B0,patchy_high,64,7,eval_mean_mean_reserve_welfare,0.6987626160110093
pilot_v1_b0,B0,patchy_high,64,7,final_wealth_gini,0.5488343937123692
pilot_v1_b0,B0,split_high_low,32,7,eval_mean_mean_resource_fraction,0.31920797455568684
pilot_v1_b0,B0,split_high_low,32,7,eval_mean_mean_reserve_welfare,0.8284191587567805
pilot_v1_b0,B0,split_high_low,32,7,final_wealth_gini,0.5059948216799335
pilot_v1_b0,B0,split_high_low,64,7,eval_mean_mean_resource_fraction,0.16909497415774974
pilot_v1_b0,B0,split_high_low,64,7,eval_mean_mean_reserve_welfare,0.5710267409029235
pilot_v1_b0,B0,split_high_low,64,7,final_wealth_gini,0.7021546012268312
pilot_v1_b0,B0,uniform_high,32,8,eval_mean_mean_resource_fraction,0.286393176479694
pilot_v1_b0,B0,uniform_high,32,8,eval_mean_mean_reserve_welfare,0.8948195099800232
pilot_v1_b0,B0,uniform_high,32,8,final_wealth_gini,0.3985592766510071
pilot_v1_b0,B0,uniform_high,64,8,eval_mean_mean_resource_fraction,0.10238258466589564
pilot_v1_b0,B0,uniform_high,64,8,eval_mean_mean_reserve_welfare,0.7570449054694904
pilot_v1_b0,B0,uniform_high,64,8,final_wealth_gini,0.46550882760940704
pilot_v1_b0,B0,patchy_high,32,8,eval_mean_mean_resource_fraction,0.2598393833017616
pilot_v1_b0,B0,patchy_high,32,8,eval_mean_mean_reserve_welfare,0.8657182814569021
pilot_v1_b0,B0,patchy_high,32,8,final_wealth_gini,0.40504759298638926
pilot_v1_b0,B0,patchy_high,64,8,eval_mean_mean_resource_fraction,0.1424722691370382
pilot_v1_b0,B0,patchy_high,64,8,eval_mean_mean_reserve_welfare,0.7818193990985413
pilot_v1_b0,B0,patchy_high,64,8,final_wealth_gini,0.5291899816140393
pilot_v1_b0,B0,split_high_low,32,8,eval_mean_mean_resource_fraction,0.30606101963501864
pilot_v1_b0,B0,split_high_low,32,8,eval_mean_mean_reserve_welfare,0.7581705830184639
pilot_v1_b0,B0,split_high_low,32,8,final_wealth_gini,0.5245349611748886
pilot_v1_b0,B0,split_high_low,64,8,eval_mean_mean_resource_fraction,0.09657243729309929
pilot_v1_b0,B0,split_high_low,64,8,eval_mean_mean_reserve_welfare,0.5711037930036387
pilot_v1_b0,B0,split_high_low,64,8,final_wealth_gini,0.696970204643824
pilot_v1_b0,B0,uniform_high,32,9,eval_mean_mean_resource_fraction,0.2815270827654432
pilot_v1_b0,B0,uniform_high,32,9,eval_mean_mean_reserve_welfare,0.9756522837805561
pilot_v1_b0,B0,uniform_high,32,9,final_wealth_gini,0.2875837807012884
pilot_v1_b0,B0,uniform_high,64,9,eval_mean_mean_resource_fraction,0.08815061696105879
pilot_v1_b0,B0,uniform_high,64,9,eval_mean_mean_reserve_welfare,0.7732853404889108
pilot_v1_b0,B0,uniform_high,64,9,final_wealth_gini,0.4040326853360592
pilot_v1_b0,B0,patchy_high,32,9,eval_mean_mean_resource_fraction,0.2876530370507577
pilot_v1_b0,B0,patchy_high,32,9,eval_mean_mean_reserve_welfare,0.9752989983693787
pilot_v1_b0,B0,patchy_high,32,9,final_wealth_gini,0.2837004623752055
pilot_v1_b0,B0,patchy_high,64,9,eval_mean_mean_resource_fraction,0.07669932933897107
pilot_v1_b0,B0,patchy_high,64,9,eval_mean_mean_reserve_welfare,0.7343143441229049
pilot_v1_b0,B0,patchy_high,64,9,final_wealth_gini,0.41256188487800727
pilot_v1_b0,B0,split_high_low,32,9,eval_mean_mean_resource_fraction,0.2517331499415871
pilot_v1_b0,B0,split_high_low,32,9,eval_mean_mean_reserve_welfare,0.8875502418055846
pilot_v1_b0,B0,split_high_low,32,9,final_wealth_gini,0.40569830035540866
pilot_v1_b0,B0,split_high_low,64,9,eval_mean_mean_resource_fraction,0.11017011741815635
pilot_v1_b0,B0,split_high_low,64,9,eval_mean_mean_reserve_welfare,0.7469175933114409
pilot_v1_b0,B0,split_high_low,64,9,final_wealth_gini,0.5174233829733412
pilot_v1_r0_r1_mu010,"R0 (theta=0, matched mu=0.1)",uniform_high,32,0,eval_mean_mean_resource_fraction,0.29252181943688893
pilot_v1_r0_r1_mu010,"R0 (theta=0, matched mu=0.1)",uniform_high,32,0,eval_mean_mean_reserve_welfare,0.9800921133909799
pilot_v1_r0_r1_mu010,"R0 (theta=0, matched mu=0.1)",uniform_high,32,0,final_wealth_gini,0.33374878729826585
pilot_v1_r0_r1_mu010,"R0 (theta=0, matched mu=0.1)",uniform_high,64,0,eval_mean_mean_resource_fraction,0.07372069641291713
pilot_v1_r0_r1_mu010,"R0 (theta=0, matched mu=0.1)",uniform_high,64,0,eval_mean_mean_reserve_welfare,0.7023685867972976
pilot_v1_r0_r1_mu010,"R0 (theta=0, matched mu=0.1)",uniform_high,64,0,final_wealth_gini,0.4087908673110203
pilot_v1_r0_r1_mu010,"R0 (theta=0, matched mu=0.1)",patchy_high,32,0,eval_mean_mean_resource_fraction,0.31106321451528596
pilot_v1_r0_r1_mu010,"R0 (theta=0, matched mu=0.1)",patchy_high,32,0,eval_mean_mean_reserve_welfare,0.9703739728645087
pilot_v1_r0_r1_mu010,"R0 (theta=0, matched mu=0.1)",patchy_high,32,0,final_wealth_gini,0.32633086076779017
pilot_v1_r0_r1_mu010,"R0 (theta=0, matched mu=0.1)",patchy_high,64,0,eval_mean_mean_resource_fraction,0.08539655998722862
pilot_v1_r0_r1_mu010,"R0 (theta=0, matched mu=0.1)",patchy_high,64,0,eval_mean_mean_reserve_welfare,0.7678130163599185
pilot_v1_r0_r1_mu010,"R0 (theta=0, matched mu=0.1)",patchy_high,64,0,final_wealth_gini,0.4017087957349932
pilot_v1_r0_r1_mu010,"R0 (theta=0, matched mu=0.1)",split_high_low,32,0,eval_mean_mean_resource_fraction,0.38092736183482867
pilot_v1_r0_r1_mu010,"R0 (theta=0, matched mu=0.1)",split_high_low,32,0,eval_mean_mean_reserve_welfare,0.8086960752568958
pilot_v1_r0_r1_mu010,"R0 (theta=0, matched mu=0.1)",split_high_low,32,0,final_wealth_gini,0.5023183785849885
pilot_v1_r0_r1_mu010,"R0 (theta=0, matched mu=0.1)",split_high_low,64,0,eval_mean_mean_resource_fraction,0.14469900074904465
pilot_v1_r0_r1_mu010,"R0 (theta=0, matched mu=0.1)",split_high_low,64,0,eval_mean_mean_reserve_welfare,0.6881075184616793
pilot_v1_r0_r1_mu010,"R0 (theta=0, matched mu=0.1)",split_high_low,64,0,final_wealth_gini,0.611991931140742
pilot_v1_r0_r1_mu010,"R0 (theta=0, matched mu=0.1)",uniform_high,32,1,eval_mean_mean_resource_fraction,0.3192807564377271
pilot_v1_r0_r1_mu010,"R0 (theta=0, matched mu=0.1)",uniform_high,32,1,eval_mean_mean_reserve_welfare,0.9723987386888026
pilot_v1_r0_r1_mu010,"R0 (theta=0, matched mu=0.1)",uniform_high,32,1,final_wealth_gini,0.41299129000755874
pilot_v1_r0_r1_mu010,"R0 (theta=0, matched mu=0.1)",uniform_high,64,1,eval_mean_mean_resource_fraction,0.11720401101770776
pilot_v1_r0_r1_mu010,"R0 (theta=0, matched mu=0.1)",uniform_high,64,1,eval_mean_mean_reserve_welfare,0.7869602701604224
pilot_v1_r0_r1_mu010,"R0 (theta=0, matched mu=0.1)",uniform_high,64,1,final_wealth_gini,0.46893554752884126
pilot_v1_r0_r1_mu010,"R0 (theta=0, matched mu=0.1)",patchy_high,32,1,eval_mean_mean_resource_fraction,0.34057928143268096
pilot_v1_r0_r1_mu010,"R0 (theta=0, matched mu=0.1)",patchy_high,32,1,eval_mean_mean_reserve_welfare,0.975790114514121
pilot_v1_r0_r1_mu010,"R0 (theta=0, matched mu=0.1)",patchy_high,32,1,final_wealth_gini,0.383829510375167
pilot_v1_r0_r1_mu010,"R0 (theta=0, matched mu=0.1)",patchy_high,64,1,eval_mean_mean_resource_fraction,0.11873037603299276
pilot_v1_r0_r1_mu010,"R0 (theta=0, matched mu=0.1)",patchy_high,64,1,eval_mean_mean_reserve_welfare,0.7047182291533136
pilot_v1_r0_r1_mu010,"R0 (theta=0, matched mu=0.1)",patchy_high,64,1,final_wealth_gini,0.523325867187713
pilot_v1_r0_r1_mu010,"R0 (theta=0, matched mu=0.1)",split_high_low,32,1,eval_mean_mean_resource_fraction,0.35521055470847873
pilot_v1_r0_r1_mu010,"R0 (theta=0, matched mu=0.1)",split_high_low,32,1,eval_mean_mean_reserve_welfare,0.8192627939748922
pilot_v1_r0_r1_mu010,"R0 (theta=0, matched mu=0.1)",split_high_low,32,1,final_wealth_gini,0.5382822185921718
pilot_v1_r0_r1_mu010,"R0 (theta=0, matched mu=0.1)",split_high_low,64,1,eval_mean_mean_resource_fraction,0.14330009413557102
pilot_v1_r0_r1_mu010,"R0 (theta=0, matched mu=0.1)",split_high_low,64,1,eval_mean_mean_reserve_welfare,0.6332978723938353
pilot_v1_r0_r1_mu010,"R0 (theta=0, matched mu=0.1)",split_high_low,64,1,final_wealth_gini,0.6670486131090161
pilot_v1_r0_r1_mu010,"R0 (theta=0, matched mu=0.1)",uniform_high,32,2,eval_mean_mean_resource_fraction,0.24281865417182072
pilot_v1_r0_r1_mu010,"R0 (theta=0, matched mu=0.1)",uniform_high,32,2,eval_mean_mean_reserve_welfare,0.9979999999999998
pilot_v1_r0_r1_mu010,"R0 (theta=0, matched mu=0.1)",uniform_high,32,2,final_wealth_gini,0.2889872311644699
pilot_v1_r0_r1_mu010,"R0 (theta=0, matched mu=0.1)",uniform_high,64,2,eval_mean_mean_resource_fraction,0.11902156404626185
pilot_v1_r0_r1_mu010,"R0 (theta=0, matched mu=0.1)",uniform_high,64,2,eval_mean_mean_reserve_welfare,0.7770495531793226
pilot_v1_r0_r1_mu010,"R0 (theta=0, matched mu=0.1)",uniform_high,64,2,final_wealth_gini,0.42661288590919666
pilot_v1_r0_r1_mu010,"R0 (theta=0, matched mu=0.1)",patchy_high,32,2,eval_mean_mean_resource_fraction,0.24847996153276686
pilot_v1_r0_r1_mu010,"R0 (theta=0, matched mu=0.1)",patchy_high,32,2,eval_mean_mean_reserve_welfare,0.9979999999999998
pilot_v1_r0_r1_mu010,"R0 (theta=0, matched mu=0.1)",patchy_high,32,2,final_wealth_gini,0.28458662213725683
pilot_v1_r0_r1_mu010,"R0 (theta=0, matched mu=0.1)",patchy_high,64,2,eval_mean_mean_resource_fraction,0.11389951423518827
pilot_v1_r0_r1_mu010,"R0 (theta=0, matched mu=0.1)",patchy_high,64,2,eval_mean_mean_reserve_welfare,0.771051866145294
pilot_v1_r0_r1_mu010,"R0 (theta=0, matched mu=0.1)",patchy_high,64,2,final_wealth_gini,0.4234962343496431
pilot_v1_r0_r1_mu010,"R0 (theta=0, matched mu=0.1)",split_high_low,32,2,eval_mean_mean_resource_fraction,0.280065757836054
pilot_v1_r0_r1_mu010,"R0 (theta=0, matched mu=0.1)",split_high_low,32,2,eval_mean_mean_reserve_welfare,0.8337301946083251
pilot_v1_r0_r1_mu010,"R0 (theta=0, matched mu=0.1)",split_high_low,32,2,final_wealth_gini,0.4828238044706654
pilot_v1_r0_r1_mu010,"R0 (theta=0, matched mu=0.1)",split_high_low,64,2,eval_mean_mean_resource_fraction,0.10044951007023888
pilot_v1_r0_r1_mu010,"R0 (theta=0, matched mu=0.1)",split_high_low,64,2,eval_mean_mean_reserve_welfare,0.6173070447061932
pilot_v1_r0_r1_mu010,"R0 (theta=0, matched mu=0.1)",split_high_low,64,2,final_wealth_gini,0.6259760861776611
pilot_v1_r0_r1_mu010,"R0 (theta=0, matched mu=0.1)",uniform_high,32,3,eval_mean_mean_resource_fraction,0.228083277628985
pilot_v1_r0_r1_mu010,"R0 (theta=0, matched mu=0.1)",uniform_high,32,3,eval_mean_mean_reserve_welfare,0.9979999999999998
pilot_v1_r0_r1_mu010,"R0 (theta=0, matched mu=0.1)",uniform_high,32,3,final_wealth_gini,0.2716652181562633
pilot_v1_r0_r1_mu010,"R0 (theta=0, matched mu=0.1)",uniform_high,64,3,eval_mean_mean_resource_fraction,0.09187016240418736
pilot_v1_r0_r1_mu010,"R0 (theta=0, matched mu=0.1)",uniform_high,64,3,eval_mean_mean_reserve_welfare,0.77029039716694
pilot_v1_r0_r1_mu010,"R0 (theta=0, matched mu=0.1)",uniform_high,64,3,final_wealth_gini,0.398243483415764
pilot_v1_r0_r1_mu010,"R0 (theta=0, matched mu=0.1)",patchy_high,32,3,eval_mean_mean_resource_fraction,0.2088434002713364
pilot_v1_r0_r1_mu010,"R0 (theta=0, matched mu=0.1)",patchy_high,32,3,eval_mean_mean_reserve_welfare,0.9979999999999998
pilot_v1_r0_r1_mu010,"R0 (theta=0, matched mu=0.1)",patchy_high,32,3,final_wealth_gini,0.25966896756293756
pilot_v1_r0_r1_mu010,"R0 (theta=0, matched mu=0.1)",patchy_high,64,3,eval_mean_mean_resource_fraction,0.08743200195420278
pilot_v1_r0_r1_mu010,"R0 (theta=0, matched mu=0.1)",patchy_high,64,3,eval_mean_mean_reserve_welfare,0.726848970965468
pilot_v1_r0_r1_mu010,"R0 (theta=0, matched mu=0.1)",patchy_high,64,3,final_wealth_gini,0.4205244617037478
pilot_v1_r0_r1_mu010,"R0 (theta=0, matched mu=0.1)",split_high_low,32,3,eval_mean_mean_resource_fraction,0.311914268653254
pilot_v1_r0_r1_mu010,"R0 (theta=0, matched mu=0.1)",split_high_low,32,3,eval_mean_mean_reserve_welfare,0.8185354368600729
pilot_v1_r0_r1_mu010,"R0 (theta=0, matched mu=0.1)",split_high_low,32,3,final_wealth_gini,0.47854860985949466
pilot_v1_r0_r1_mu010,"R0 (theta=0, matched mu=0.1)",split_high_low,64,3,eval_mean_mean_resource_fraction,0.09373137440329841
pilot_v1_r0_r1_mu010,"R0 (theta=0, matched mu=0.1)",split_high_low,64,3,eval_mean_mean_reserve_welfare,0.6153290654245309
pilot_v1_r0_r1_mu010,"R0 (theta=0, matched mu=0.1)",split_high_low,64,3,final_wealth_gini,0.6306840319671803
pilot_v1_r0_r1_mu010,"R0 (theta=0, matched mu=0.1)",uniform_high,32,4,eval_mean_mean_resource_fraction,0.31231574006438517
pilot_v1_r0_r1_mu010,"R0 (theta=0, matched mu=0.1)",uniform_high,32,4,eval_mean_mean_reserve_welfare,0.9741496513060656
pilot_v1_r0_r1_mu010,"R0 (theta=0, matched mu=0.1)",uniform_high,32,4,final_wealth_gini,0.3241374496346552
pilot_v1_r0_r1_mu010,"R0 (theta=0, matched mu=0.1)",uniform_high,64,4,eval_mean_mean_resource_fraction,0.11347701477696734
pilot_v1_r0_r1_mu010,"R0 (theta=0, matched mu=0.1)",uniform_high,64,4,eval_mean_mean_reserve_welfare,0.7377228729219583
pilot_v1_r0_r1_mu010,"R0 (theta=0, matched mu=0.1)",uniform_high,64,4,final_wealth_gini,0.46220469695612554
pilot_v1_r0_r1_mu010,"R0 (theta=0, matched mu=0.1)",patchy_high,32,4,eval_mean_mean_resource_fraction,0.2558125662538805
pilot_v1_r0_r1_mu010,"R0 (theta=0, matched mu=0.1)",patchy_high,32,4,eval_mean_mean_reserve_welfare,0.9641385762207387
pilot_v1_r0_r1_mu010,"R0 (theta=0, matched mu=0.1)",patchy_high,32,4,final_wealth_gini,0.3041733345645845
pilot_v1_r0_r1_mu010,"R0 (theta=0, matched mu=0.1)",patchy_high,64,4,eval_mean_mean_resource_fraction,0.12968481404333126
pilot_v1_r0_r1_mu010,"R0 (theta=0, matched mu=0.1)",patchy_high,64,4,eval_mean_mean_reserve_welfare,0.8454779155742289
pilot_v1_r0_r1_mu010,"R0 (theta=0, matched mu=0.1)",patchy_high,64,4,final_wealth_gini,0.39568566775680014
pilot_v1_r0_r1_mu010,"R0 (theta=0, matched mu=0.1)",split_high_low,32,4,eval_mean_mean_resource_fraction,0.3248542264657094
pilot_v1_r0_r1_mu010,"R0 (theta=0, matched mu=0.1)",split_high_low,32,4,eval_mean_mean_reserve_welfare,0.9588606459545531
pilot_v1_r0_r1_mu010,"R0 (theta=0, matched mu=0.1)",split_high_low,32,4,final_wealth_gini,0.4095158059568216
pilot_v1_r0_r1_mu010,"R0 (theta=0, matched mu=0.1)",split_high_low,64,4,eval_mean_mean_resource_fraction,0.11411136994453326
pilot_v1_r0_r1_mu010,"R0 (theta=0, matched mu=0.1)",split_high_low,64,4,eval_mean_mean_reserve_welfare,0.7372548504993622
pilot_v1_r0_r1_mu010,"R0 (theta=0, matched mu=0.1)",split_high_low,64,4,final_wealth_gini,0.5510167213500838
pilot_v1_r0_r1_mu010,"R0 (theta=0, matched mu=0.1)",uniform_high,32,5,eval_mean_mean_resource_fraction,0.28398155618054216
pilot_v1_r0_r1_mu010,"R0 (theta=0, matched mu=0.1)",uniform_high,32,5,eval_mean_mean_reserve_welfare,0.968885672383494
pilot_v1_r0_r1_mu010,"R0 (theta=0, matched mu=0.1)",uniform_high,32,5,final_wealth_gini,0.35256965105601235
pilot_v1_r0_r1_mu010,"R0 (theta=0, matched mu=0.1)",uniform_high,64,5,eval_mean_mean_resource_fraction,0.13928489169247935
pilot_v1_r0_r1_mu010,"R0 (theta=0, matched mu=0.1)",uniform_high,64,5,eval_mean_mean_reserve_welfare,0.8108532883038884
pilot_v1_r0_r1_mu010,"R0 (theta=0, matched mu=0.1)",uniform_high,64,5,final_wealth_gini,0.4261328278667751
pilot_v1_r0_r1_mu010,"R0 (theta=0, matched mu=0.1)",patchy_high,32,5,eval_mean_mean_resource_fraction,0.2826918197461081
pilot_v1_r0_r1_mu010,"R0 (theta=0, matched mu=0.1)",patchy_high,32,5,eval_mean_mean_reserve_welfare,0.9730199343034697
pilot_v1_r0_r1_mu010,"R0 (theta=0, matched mu=0.1)",patchy_high,32,5,final_wealth_gini,0.34310819696256667
pilot_v1_r0_r1_mu010,"R0 (theta=0, matched mu=0.1)",patchy_high,64,5,eval_mean_mean_resource_fraction,0.13742797333170365
pilot_v1_r0_r1_mu010,"R0 (theta=0, matched mu=0.1)",patchy_high,64,5,eval_mean_mean_reserve_welfare,0.8680684156838672
pilot_v1_r0_r1_mu010,"R0 (theta=0, matched mu=0.1)",patchy_high,64,5,final_wealth_gini,0.3983281523234783
pilot_v1_r0_r1_mu010,"R0 (theta=0, matched mu=0.1)",split_high_low,32,5,eval_mean_mean_resource_fraction,0.3129933658374064
pilot_v1_r0_r1_mu010,"R0 (theta=0, matched mu=0.1)",split_high_low,32,5,eval_mean_mean_reserve_welfare,0.9322958952728194
pilot_v1_r0_r1_mu010,"R0 (theta=0, matched mu=0.1)",split_high_low,32,5,final_wealth_gini,0.43604006201410006
pilot_v1_r0_r1_mu010,"R0 (theta=0, matched mu=0.1)",split_high_low,64,5,eval_mean_mean_resource_fraction,0.14811287162028652
pilot_v1_r0_r1_mu010,"R0 (theta=0, matched mu=0.1)",split_high_low,64,5,eval_mean_mean_reserve_welfare,0.6077953053636324
pilot_v1_r0_r1_mu010,"R0 (theta=0, matched mu=0.1)",split_high_low,64,5,final_wealth_gini,0.6476766739654922
pilot_v1_r0_r1_mu010,"R0 (theta=0, matched mu=0.1)",uniform_high,32,6,eval_mean_mean_resource_fraction,0.3182395827812616
pilot_v1_r0_r1_mu010,"R0 (theta=0, matched mu=0.1)",uniform_high,32,6,eval_mean_mean_reserve_welfare,0.9500803570111457
pilot_v1_r0_r1_mu010,"R0 (theta=0, matched mu=0.1)",uniform_high,32,6,final_wealth_gini,0.3861583491941596
pilot_v1_r0_r1_mu010,"R0 (theta=0, matched mu=0.1)",uniform_high,64,6,eval_mean_mean_resource_fraction,0.08419662000156553
pilot_v1_r0_r1_mu010,"R0 (theta=0, matched mu=0.1)",uniform_high,64,6,eval_mean_mean_reserve_welfare,0.6190710472942966
pilot_v1_r0_r1_mu010,"R0 (theta=0, matched mu=0.1)",uniform_high,64,6,final_wealth_gini,0.5032971229579359
pilot_v1_r0_r1_mu010,"R0 (theta=0, matched mu=0.1)",patchy_high,32,6,eval_mean_mean_resource_fraction,0.3155969558146821
pilot_v1_r0_r1_mu010,"R0 (theta=0, matched mu=0.1)",patchy_high,32,6,eval_mean_mean_reserve_welfare,0.8727376978234256
pilot_v1_r0_r1_mu010,"R0 (theta=0, matched mu=0.1)",patchy_high,32,6,final_wealth_gini,0.3848719847928239
pilot_v1_r0_r1_mu010,"R0 (theta=0, matched mu=0.1)",patchy_high,64,6,eval_mean_mean_resource_fraction,0.1194694690053117
pilot_v1_r0_r1_mu010,"R0 (theta=0, matched mu=0.1)",patchy_high,64,6,eval_mean_mean_reserve_welfare,0.7436703769912726
pilot_v1_r0_r1_mu010,"R0 (theta=0, matched mu=0.1)",patchy_high,64,6,final_wealth_gini,0.43242882199674293
pilot_v1_r0_r1_mu010,"R0 (theta=0, matched mu=0.1)",split_high_low,32,6,eval_mean_mean_resource_fraction,0.28917916192418486
pilot_v1_r0_r1_mu010,"R0 (theta=0, matched mu=0.1)",split_high_low,32,6,eval_mean_mean_reserve_welfare,0.9475173881135278
pilot_v1_r0_r1_mu010,"R0 (theta=0, matched mu=0.1)",split_high_low,32,6,final_wealth_gini,0.41260140647534116
pilot_v1_r0_r1_mu010,"R0 (theta=0, matched mu=0.1)",split_high_low,64,6,eval_mean_mean_resource_fraction,0.09101490522531361
pilot_v1_r0_r1_mu010,"R0 (theta=0, matched mu=0.1)",split_high_low,64,6,eval_mean_mean_reserve_welfare,0.554500875894653
pilot_v1_r0_r1_mu010,"R0 (theta=0, matched mu=0.1)",split_high_low,64,6,final_wealth_gini,0.6612424354941961
pilot_v1_r0_r1_mu010,"R0 (theta=0, matched mu=0.1)",uniform_high,32,7,eval_mean_mean_resource_fraction,0.2705331539146034
pilot_v1_r0_r1_mu010,"R0 (theta=0, matched mu=0.1)",uniform_high,32,7,eval_mean_mean_reserve_welfare,0.9534062085760813
pilot_v1_r0_r1_mu010,"R0 (theta=0, matched mu=0.1)",uniform_high,32,7,final_wealth_gini,0.3230968842421642
pilot_v1_r0_r1_mu010,"R0 (theta=0, matched mu=0.1)",uniform_high,64,7,eval_mean_mean_resource_fraction,0.11435087810311327
pilot_v1_r0_r1_mu010,"R0 (theta=0, matched mu=0.1)",uniform_high,64,7,eval_mean_mean_reserve_welfare,0.681374873413579
pilot_v1_r0_r1_mu010,"R0 (theta=0, matched mu=0.1)",uniform_high,64,7,final_wealth_gini,0.5424682578793449
pilot_v1_r0_r1_mu010,"R0 (theta=0, matched mu=0.1)",patchy_high,32,7,eval_mean_mean_resource_fraction,0.33317570025866894
pilot_v1_r0_r1_mu010,"R0 (theta=0, matched mu=0.1)",patchy_high,32,7,eval_mean_mean_reserve_welfare,0.9957610562646582
pilot_v1_r0_r1_mu010,"R0 (theta=0, matched mu=0.1)",patchy_high,32,7,final_wealth_gini,0.27134074899530347
pilot_v1_r0_r1_mu010,"R0 (theta=0, matched mu=0.1)",patchy_high,64,7,eval_mean_mean_resource_fraction,0.12204228436571408
pilot_v1_r0_r1_mu010,"R0 (theta=0, matched mu=0.1)",patchy_high,64,7,eval_mean_mean_reserve_welfare,0.7159872799605496
pilot_v1_r0_r1_mu010,"R0 (theta=0, matched mu=0.1)",patchy_high,64,7,final_wealth_gini,0.5249493135697207
pilot_v1_r0_r1_mu010,"R0 (theta=0, matched mu=0.1)",split_high_low,32,7,eval_mean_mean_resource_fraction,0.3338390916955347
pilot_v1_r0_r1_mu010,"R0 (theta=0, matched mu=0.1)",split_high_low,32,7,eval_mean_mean_reserve_welfare,0.8417483054152142
pilot_v1_r0_r1_mu010,"R0 (theta=0, matched mu=0.1)",split_high_low,32,7,final_wealth_gini,0.49734321395976555
pilot_v1_r0_r1_mu010,"R0 (theta=0, matched mu=0.1)",split_high_low,64,7,eval_mean_mean_resource_fraction,0.20236651461062188
pilot_v1_r0_r1_mu010,"R0 (theta=0, matched mu=0.1)",split_high_low,64,7,eval_mean_mean_reserve_welfare,0.6023646510078795
pilot_v1_r0_r1_mu010,"R0 (theta=0, matched mu=0.1)",split_high_low,64,7,final_wealth_gini,0.6985056424618803
pilot_v1_r0_r1_mu010,"R0 (theta=0, matched mu=0.1)",uniform_high,32,8,eval_mean_mean_resource_fraction,0.26284711875585653
pilot_v1_r0_r1_mu010,"R0 (theta=0, matched mu=0.1)",uniform_high,32,8,eval_mean_mean_reserve_welfare,0.8826192770655527
pilot_v1_r0_r1_mu010,"R0 (theta=0, matched mu=0.1)",uniform_high,32,8,final_wealth_gini,0.400325321177178
pilot_v1_r0_r1_mu010,"R0 (theta=0, matched mu=0.1)",uniform_high,64,8,eval_mean_mean_resource_fraction,0.07532147978735818
pilot_v1_r0_r1_mu010,"R0 (theta=0, matched mu=0.1)",uniform_high,64,8,eval_mean_mean_reserve_welfare,0.5767710493709869
pilot_v1_r0_r1_mu010,"R0 (theta=0, matched mu=0.1)",uniform_high,64,8,final_wealth_gini,0.4868974771469772
pilot_v1_r0_r1_mu010,"R0 (theta=0, matched mu=0.1)",patchy_high,32,8,eval_mean_mean_resource_fraction,0.32997785153572157
pilot_v1_r0_r1_mu010,"R0 (theta=0, matched mu=0.1)",patchy_high,32,8,eval_mean_mean_reserve_welfare,0.9132507373575948
pilot_v1_r0_r1_mu010,"R0 (theta=0, matched mu=0.1)",patchy_high,32,8,final_wealth_gini,0.3810391025468238
pilot_v1_r0_r1_mu010,"R0 (theta=0, matched mu=0.1)",patchy_high,64,8,eval_mean_mean_resource_fraction,0.07816170130760969
pilot_v1_r0_r1_mu010,"R0 (theta=0, matched mu=0.1)",patchy_high,64,8,eval_mean_mean_reserve_welfare,0.6068553213143227
pilot_v1_r0_r1_mu010,"R0 (theta=0, matched mu=0.1)",patchy_high,64,8,final_wealth_gini,0.4954924904523619
pilot_v1_r0_r1_mu010,"R0 (theta=0, matched mu=0.1)",split_high_low,32,8,eval_mean_mean_resource_fraction,0.34392968778218447
pilot_v1_r0_r1_mu010,"R0 (theta=0, matched mu=0.1)",split_high_low,32,8,eval_mean_mean_reserve_welfare,0.781240020268024
pilot_v1_r0_r1_mu010,"R0 (theta=0, matched mu=0.1)",split_high_low,32,8,final_wealth_gini,0.5177121008298318
pilot_v1_r0_r1_mu010,"R0 (theta=0, matched mu=0.1)",split_high_low,64,8,eval_mean_mean_resource_fraction,0.13094762442993707
pilot_v1_r0_r1_mu010,"R0 (theta=0, matched mu=0.1)",split_high_low,64,8,eval_mean_mean_reserve_welfare,0.6194494888619219
pilot_v1_r0_r1_mu010,"R0 (theta=0, matched mu=0.1)",split_high_low,64,8,final_wealth_gini,0.659944035707773
pilot_v1_r0_r1_mu010,"R0 (theta=0, matched mu=0.1)",uniform_high,32,9,eval_mean_mean_resource_fraction,0.3134248591505904
pilot_v1_r0_r1_mu010,"R0 (theta=0, matched mu=0.1)",uniform_high,32,9,eval_mean_mean_reserve_welfare,0.9663080840178391
pilot_v1_r0_r1_mu010,"R0 (theta=0, matched mu=0.1)",uniform_high,32,9,final_wealth_gini,0.289723179726868
pilot_v1_r0_r1_mu010,"R0 (theta=0, matched mu=0.1)",uniform_high,64,9,eval_mean_mean_resource_fraction,0.1017039436550737
pilot_v1_r0_r1_mu010,"R0 (theta=0, matched mu=0.1)",uniform_high,64,9,eval_mean_mean_reserve_welfare,0.8546576166607772
pilot_v1_r0_r1_mu010,"R0 (theta=0, matched mu=0.1)",uniform_high,64,9,final_wealth_gini,0.3502444557395019
pilot_v1_r0_r1_mu010,"R0 (theta=0, matched mu=0.1)",patchy_high,32,9,eval_mean_mean_resource_fraction,0.31421226304823974
pilot_v1_r0_r1_mu010,"R0 (theta=0, matched mu=0.1)",patchy_high,32,9,eval_mean_mean_reserve_welfare,0.9773316882327322
pilot_v1_r0_r1_mu010,"R0 (theta=0, matched mu=0.1)",patchy_high,32,9,final_wealth_gini,0.26763914040122727
pilot_v1_r0_r1_mu010,"R0 (theta=0, matched mu=0.1)",patchy_high,64,9,eval_mean_mean_resource_fraction,0.0796384836670193
pilot_v1_r0_r1_mu010,"R0 (theta=0, matched mu=0.1)",patchy_high,64,9,eval_mean_mean_reserve_welfare,0.7395374137084072
pilot_v1_r0_r1_mu010,"R0 (theta=0, matched mu=0.1)",patchy_high,64,9,final_wealth_gini,0.4052206862575989
pilot_v1_r0_r1_mu010,"R0 (theta=0, matched mu=0.1)",split_high_low,32,9,eval_mean_mean_resource_fraction,0.3720918141473171
pilot_v1_r0_r1_mu010,"R0 (theta=0, matched mu=0.1)",split_high_low,32,9,eval_mean_mean_reserve_welfare,0.9326906946990036
pilot_v1_r0_r1_mu010,"R0 (theta=0, matched mu=0.1)",split_high_low,32,9,final_wealth_gini,0.41704446105022686
pilot_v1_r0_r1_mu010,"R0 (theta=0, matched mu=0.1)",split_high_low,64,9,eval_mean_mean_resource_fraction,0.11135518170829574
pilot_v1_r0_r1_mu010,"R0 (theta=0, matched mu=0.1)",split_high_low,64,9,eval_mean_mean_reserve_welfare,0.7344353832696355
pilot_v1_r0_r1_mu010,"R0 (theta=0, matched mu=0.1)",split_high_low,64,9,final_wealth_gini,0.5301900833105557
pilot_v1_r0_r2_mu010,"R0 (theta=0.25, matched mu=0.1)",uniform_high,32,0,eval_mean_mean_resource_fraction,0.3166353429102295
pilot_v1_r0_r2_mu010,"R0 (theta=0.25, matched mu=0.1)",uniform_high,32,0,eval_mean_mean_reserve_welfare,0.9802750431398096
pilot_v1_r0_r2_mu010,"R0 (theta=0.25, matched mu=0.1)",uniform_high,32,0,final_wealth_gini,0.3528706286234058
pilot_v1_r0_r2_mu010,"R0 (theta=0.25, matched mu=0.1)",uniform_high,64,0,eval_mean_mean_resource_fraction,0.07287505564118535
pilot_v1_r0_r2_mu010,"R0 (theta=0.25, matched mu=0.1)",uniform_high,64,0,eval_mean_mean_reserve_welfare,0.7016793821821179
pilot_v1_r0_r2_mu010,"R0 (theta=0.25, matched mu=0.1)",uniform_high,64,0,final_wealth_gini,0.4268000368445124
pilot_v1_r0_r2_mu010,"R0 (theta=0.25, matched mu=0.1)",patchy_high,32,0,eval_mean_mean_resource_fraction,0.311008896708614
pilot_v1_r0_r2_mu010,"R0 (theta=0.25, matched mu=0.1)",patchy_high,32,0,eval_mean_mean_reserve_welfare,0.970354901321731
pilot_v1_r0_r2_mu010,"R0 (theta=0.25, matched mu=0.1)",patchy_high,32,0,final_wealth_gini,0.3263483499401463
pilot_v1_r0_r2_mu010,"R0 (theta=0.25, matched mu=0.1)",patchy_high,64,0,eval_mean_mean_resource_fraction,0.0795149066878048
pilot_v1_r0_r2_mu010,"R0 (theta=0.25, matched mu=0.1)",patchy_high,64,0,eval_mean_mean_reserve_welfare,0.7342421350328445
pilot_v1_r0_r2_mu010,"R0 (theta=0.25, matched mu=0.1)",patchy_high,64,0,final_wealth_gini,0.4096569680089308
pilot_v1_r0_r2_mu010,"R0 (theta=0.25, matched mu=0.1)",split_high_low,32,0,eval_mean_mean_resource_fraction,0.3774456277210702
pilot_v1_r0_r2_mu010,"R0 (theta=0.25, matched mu=0.1)",split_high_low,32,0,eval_mean_mean_reserve_welfare,0.80633254710958
pilot_v1_r0_r2_mu010,"R0 (theta=0.25, matched mu=0.1)",split_high_low,32,0,final_wealth_gini,0.505332300450714
pilot_v1_r0_r2_mu010,"R0 (theta=0.25, matched mu=0.1)",split_high_low,64,0,eval_mean_mean_resource_fraction,0.11190239772607362
pilot_v1_r0_r2_mu010,"R0 (theta=0.25, matched mu=0.1)",split_high_low,64,0,eval_mean_mean_reserve_welfare,0.6748110145260796
pilot_v1_r0_r2_mu010,"R0 (theta=0.25, matched mu=0.1)",split_high_low,64,0,final_wealth_gini,0.5968450829207677
pilot_v1_r0_r2_mu010,"R0 (theta=0.25, matched mu=0.1)",uniform_high,32,1,eval_mean_mean_resource_fraction,0.3186613661472648
pilot_v1_r0_r2_mu010,"R0 (theta=0.25, matched mu=0.1)",uniform_high,32,1,eval_mean_mean_reserve_welfare,0.9673338916142498
pilot_v1_r0_r2_mu010,"R0 (theta=0.25, matched mu=0.1)",uniform_high,32,1,final_wealth_gini,0.4138168705999621
pilot_v1_r0_r2_mu010,"R0 (theta=0.25, matched mu=0.1)",uniform_high,64,1,eval_mean_mean_resource_fraction,0.12172611818429718
pilot_v1_r0_r2_mu010,"R0 (theta=0.25, matched mu=0.1)",uniform_high,64,1,eval_mean_mean_reserve_welfare,0.7272399845581327
pilot_v1_r0_r2_mu010,"R0 (theta=0.25, matched mu=0.1)",uniform_high,64,1,final_wealth_gini,0.5296234556044424
pilot_v1_r0_r2_mu010,"R0 (theta=0.25, matched mu=0.1)",patchy_high,32,1,eval_mean_mean_resource_fraction,0.3521396755651956
pilot_v1_r0_r2_mu010,"R0 (theta=0.25, matched mu=0.1)",patchy_high,32,1,eval_mean_mean_reserve_welfare,0.9952785716434874
pilot_v1_r0_r2_mu010,"R0 (theta=0.25, matched mu=0.1)",patchy_high,32,1,final_wealth_gini,0.3979877625195176
pilot_v1_r0_r2_mu010,"R0 (theta=0.25, matched mu=0.1)",patchy_high,64,1,eval_mean_mean_resource_fraction,0.11211066016939199
pilot_v1_r0_r2_mu010,"R0 (theta=0.25, matched mu=0.1)",patchy_high,64,1,eval_mean_mean_reserve_welfare,0.7732231853743596
pilot_v1_r0_r2_mu010,"R0 (theta=0.25, matched mu=0.1)",patchy_high,64,1,final_wealth_gini,0.48020461158835137
pilot_v1_r0_r2_mu010,"R0 (theta=0.25, matched mu=0.1)",split_high_low,32,1,eval_mean_mean_resource_fraction,0.3570476125284943
pilot_v1_r0_r2_mu010,"R0 (theta=0.25, matched mu=0.1)",split_high_low,32,1,eval_mean_mean_reserve_welfare,0.8193280582204064
pilot_v1_r0_r2_mu010,"R0 (theta=0.25, matched mu=0.1)",split_high_low,32,1,final_wealth_gini,0.5593287760783303
pilot_v1_r0_r2_mu010,"R0 (theta=0.25, matched mu=0.1)",split_high_low,64,1,eval_mean_mean_resource_fraction,0.12202257018715076
pilot_v1_r0_r2_mu010,"R0 (theta=0.25, matched mu=0.1)",split_high_low,64,1,eval_mean_mean_reserve_welfare,0.5976186229211065
pilot_v1_r0_r2_mu010,"R0 (theta=0.25, matched mu=0.1)",split_high_low,64,1,final_wealth_gini,0.6701337505948082
pilot_v1_r0_r2_mu010,"R0 (theta=0.25, matched mu=0.1)",uniform_high,32,2,eval_mean_mean_resource_fraction,0.24281865417182072
pilot_v1_r0_r2_mu010,"R0 (theta=0.25, matched mu=0.1)",uniform_high,32,2,eval_mean_mean_reserve_welfare,0.9979999999999998
pilot_v1_r0_r2_mu010,"R0 (theta=0.25, matched mu=0.1)",uniform_high,32,2,final_wealth_gini,0.2889872311644699
pilot_v1_r0_r2_mu010,"R0 (theta=0.25, matched mu=0.1)",uniform_high,64,2,eval_mean_mean_resource_fraction,0.14997515492790986
pilot_v1_r0_r2_mu010,"R0 (theta=0.25, matched mu=0.1)",uniform_high,64,2,eval_mean_mean_reserve_welfare,0.7918589554102151
pilot_v1_r0_r2_mu010,"R0 (theta=0.25, matched mu=0.1)",uniform_high,64,2,final_wealth_gini,0.4600020564123286
pilot_v1_r0_r2_mu010,"R0 (theta=0.25, matched mu=0.1)",patchy_high,32,2,eval_mean_mean_resource_fraction,0.24847996153276686
pilot_v1_r0_r2_mu010,"R0 (theta=0.25, matched mu=0.1)",patchy_high,32,2,eval_mean_mean_reserve_welfare,0.9979999999999998
pilot_v1_r0_r2_mu010,"R0 (theta=0.25, matched mu=0.1)",patchy_high,32,2,final_wealth_gini,0.28458662213725683
pilot_v1_r0_r2_mu010,"R0 (theta=0.25, matched mu=0.1)",patchy_high,64,2,eval_mean_mean_resource_fraction,0.15268618973184708
pilot_v1_r0_r2_mu010,"R0 (theta=0.25, matched mu=0.1)",patchy_high,64,2,eval_mean_mean_reserve_welfare,0.7844601625490489
pilot_v1_r0_r2_mu010,"R0 (theta=0.25, matched mu=0.1)",patchy_high,64,2,final_wealth_gini,0.48947439185139174
pilot_v1_r0_r2_mu010,"R0 (theta=0.25, matched mu=0.1)",split_high_low,32,2,eval_mean_mean_resource_fraction,0.2795159422962265
pilot_v1_r0_r2_mu010,"R0 (theta=0.25, matched mu=0.1)",split_high_low,32,2,eval_mean_mean_reserve_welfare,0.8318889330733793
pilot_v1_r0_r2_mu010,"R0 (theta=0.25, matched mu=0.1)",split_high_low,32,2,final_wealth_gini,0.48308941715865683
pilot_v1_r0_r2_mu010,"R0 (theta=0.25, matched mu=0.1)",split_high_low,64,2,eval_mean_mean_resource_fraction,0.1046533972078348
pilot_v1_r0_r2_mu010,"R0 (theta=0.25, matched mu=0.1)",split_high_low,64,2,eval_mean_mean_reserve_welfare,0.6523623273338678
pilot_v1_r0_r2_mu010,"R0 (theta=0.25, matched mu=0.1)",split_high_low,64,2,final_wealth_gini,0.6030233627261752
pilot_v1_r0_r2_mu010,"R0 (theta=0.25, matched mu=0.1)",uniform_high,32,3,eval_mean_mean_resource_fraction,0.22824734206610914
pilot_v1_r0_r2_mu010,"R0 (theta=0.25, matched mu=0.1)",uniform_high,32,3,eval_mean_mean_reserve_welfare,0.9979999999999998
pilot_v1_r0_r2_mu010,"R0 (theta=0.25, matched mu=0.1)",uniform_high,32,3,final_wealth_gini,0.2717966115995192
pilot_v1_r0_r2_mu010,"R0 (theta=0.25, matched mu=0.1)",uniform_high,64,3,eval_mean_mean_resource_fraction,0.11352005721763511
pilot_v1_r0_r2_mu010,"R0 (theta=0.25, matched mu=0.1)",uniform_high,64,3,eval_mean_mean_reserve_welfare,0.8228472886761086
pilot_v1_r0_r2_mu010,"R0 (theta=0.25, matched mu=0.1)",uniform_high,64,3,final_wealth_gini,0.3944662784365387
pilot_v1_r0_r2_mu010,"R0 (theta=0.25, matched mu=0.1)",patchy_high,32,3,eval_mean_mean_resource_fraction,0.2090286647592151
pilot_v1_r0_r2_mu010,"R0 (theta=0.25, matched mu=0.1)",patchy_high,32,3,eval_mean_mean_reserve_welfare,0.9979999999999998
pilot_v1_r0_r2_mu010,"R0 (theta=0.25, matched mu=0.1)",patchy_high,32,3,final_wealth_gini,0.25939893851370677
pilot_v1_r0_r2_mu010,"R0 (theta=0.25, matched mu=0.1)",patchy_high,64,3,eval_mean_mean_resource_fraction,0.1478123054647827
pilot_v1_r0_r2_mu010,"R0 (theta=0.25, matched mu=0.1)",patchy_high,64,3,eval_mean_mean_reserve_welfare,0.82081116086037
pilot_v1_r0_r2_mu010,"R0 (theta=0.25, matched mu=0.1)",patchy_high,64,3,final_wealth_gini,0.4368252129860797
pilot_v1_r0_r2_mu010,"R0 (theta=0.25, matched mu=0.1)",split_high_low,32,3,eval_mean_mean_resource_fraction,0.31286572673782986
pilot_v1_r0_r2_mu010,"R0 (theta=0.25, matched mu=0.1)",split_high_low,32,3,eval_mean_mean_reserve_welfare,0.821832104739275
pilot_v1_r0_r2_mu010,"R0 (theta=0.25, matched mu=0.1)",split_high_low,32,3,final_wealth_gini,0.480292076474806
pilot_v1_r0_r2_mu010,"R0 (theta=0.25, matched mu=0.1)",split_high_low,64,3,eval_mean_mean_resource_fraction,0.12343923458777732
pilot_v1_r0_r2_mu010,"R0 (theta=0.25, matched mu=0.1)",split_high_low,64,3,eval_mean_mean_reserve_welfare,0.730184229777092
pilot_v1_r0_r2_mu010,"R0 (theta=0.25, matched mu=0.1)",split_high_low,64,3,final_wealth_gini,0.5640141317951262
pilot_v1_r0_r2_mu010,"R0 (theta=0.25, matched mu=0.1)",uniform_high,32,4,eval_mean_mean_resource_fraction,0.2758174417912471
pilot_v1_r0_r2_mu010,"R0 (theta=0.25, matched mu=0.1)",uniform_high,32,4,eval_mean_mean_reserve_welfare,0.9668471575445095
pilot_v1_r0_r2_mu010,"R0 (theta=0.25, matched mu=0.1)",uniform_high,32,4,final_wealth_gini,0.3077005822752663
pilot_v1_r0_r2_mu010,"R0 (theta=0.25, matched mu=0.1)",uniform_high,64,4,eval_mean_mean_resource_fraction,0.12646228889295036
pilot_v1_r0_r2_mu010,"R0 (theta=0.25, matched mu=0.1)",uniform_high,64,4,eval_mean_mean_reserve_welfare,0.7666583902797245
pilot_v1_r0_r2_mu010,"R0 (theta=0.25, matched mu=0.1)",uniform_high,64,4,final_wealth_gini,0.4555498248614527
pilot_v1_r0_r2_mu010,"R0 (theta=0.25, matched mu=0.1)",patchy_high,32,4,eval_mean_mean_resource_fraction,0.2654305924036535
pilot_v1_r0_r2_mu010,"R0 (theta=0.25, matched mu=0.1)",patchy_high,32,4,eval_mean_mean_reserve_welfare,0.9856303427868133
pilot_v1_r0_r2_mu010,"R0 (theta=0.25, matched mu=0.1)",patchy_high,32,4,final_wealth_gini,0.30640804392055365
pilot_v1_r0_r2_mu010,"R0 (theta=0.25, matched mu=0.1)",patchy_high,64,4,eval_mean_mean_resource_fraction,0.11344773615034376
pilot_v1_r0_r2_mu010,"R0 (theta=0.25, matched mu=0.1)",patchy_high,64,4,eval_mean_mean_reserve_welfare,0.7564931886365507
pilot_v1_r0_r2_mu010,"R0 (theta=0.25, matched mu=0.1)",patchy_high,64,4,final_wealth_gini,0.45173880421630574
pilot_v1_r0_r2_mu010,"R0 (theta=0.25, matched mu=0.1)",split_high_low,32,4,eval_mean_mean_resource_fraction,0.2750699456192826
pilot_v1_r0_r2_mu010,"R0 (theta=0.25, matched mu=0.1)",split_high_low,32,4,eval_mean_mean_reserve_welfare,0.9321489859321037
pilot_v1_r0_r2_mu010,"R0 (theta=0.25, matched mu=0.1)",split_high_low,32,4,final_wealth_gini,0.423026975999405
pilot_v1_r0_r2_mu010,"R0 (theta=0.25, matched mu=0.1)",split_high_low,64,4,eval_mean_mean_resource_fraction,0.08394470124376872
pilot_v1_r0_r2_mu010,"R0 (theta=0.25, matched mu=0.1)",split_high_low,64,4,eval_mean_mean_reserve_welfare,0.638128306225183
pilot_v1_r0_r2_mu010,"R0 (theta=0.25, matched mu=0.1)",split_high_low,64,4,final_wealth_gini,0.569361578085696
pilot_v1_r0_r2_mu010,"R0 (theta=0.25, matched mu=0.1)",uniform_high,32,5,eval_mean_mean_resource_fraction,0.2841101160081578
pilot_v1_r0_r2_mu010,"R0 (theta=0.25, matched mu=0.1)",uniform_high,32,5,eval_mean_mean_reserve_welfare,0.9708962947123347
pilot_v1_r0_r2_mu010,"R0 (theta=0.25, matched mu=0.1)",uniform_high,32,5,final_wealth_gini,0.3511946689275336
pilot_v1_r0_r2_mu010,"R0 (theta=0.25, matched mu=0.1)",uniform_high,64,5,eval_mean_mean_resource_fraction,0.11336167033830775
pilot_v1_r0_r2_mu010,"R0 (theta=0.25, matched mu=0.1)",uniform_high,64,5,eval_mean_mean_reserve_welfare,0.6746552883535171
pilot_v1_r0_r2_mu010,"R0 (theta=0.25, matched mu=0.1)",uniform_high,64,5,final_wealth_gini,0.514044532223453
pilot_v1_r0_r2_mu010,"R0 (theta=0.25, matched mu=0.1)",patchy_high,32,5,eval_mean_mean_resource_fraction,0.28360021163889143
pilot_v1_r0_r2_mu010,"R0 (theta=0.25, matched mu=0.1)",patchy_high,32,5,eval_mean_mean_reserve_welfare,0.9736669210492789
pilot_v1_r0_r2_mu010,"R0 (theta=0.25, matched mu=0.1)",patchy_high,32,5,final_wealth_gini,0.3423285204221995
pilot_v1_r0_r2_mu010,"R0 (theta=0.25, matched mu=0.1)",patchy_high,64,5,eval_mean_mean_resource_fraction,0.10333345573292706
pilot_v1_r0_r2_mu010,"R0 (theta=0.25, matched mu=0.1)",patchy_high,64,5,eval_mean_mean_reserve_welfare,0.7115141486906098
pilot_v1_r0_r2_mu010,"R0 (theta=0.25, matched mu=0.1)",patchy_high,64,5,final_wealth_gini,0.47377349687192827
pilot_v1_r0_r2_mu010,"R0 (theta=0.25, matched mu=0.1)",split_high_low,32,5,eval_mean_mean_resource_fraction,0.28902168891297664
pilot_v1_r0_r2_mu010,"R0 (theta=0.25, matched mu=0.1)",split_high_low,32,5,eval_mean_mean_reserve_welfare,0.9134677619663657
pilot_v1_r0_r2_mu010,"R0 (theta=0.25, matched mu=0.1)",split_high_low,32,5,final_wealth_gini,0.45270139929670905
pilot_v1_r0_r2_mu010,"R0 (theta=0.25, matched mu=0.1)",split_high_low,64,5,eval_mean_mean_resource_fraction,0.1508562779059156
pilot_v1_r0_r2_mu010,"R0 (theta=0.25, matched mu=0.1)",split_high_low,64,5,eval_mean_mean_reserve_welfare,0.6595991711034055
pilot_v1_r0_r2_mu010,"R0 (theta=0.25, matched mu=0.1)",split_high_low,64,5,final_wealth_gini,0.6220519260953434
pilot_v1_r0_r2_mu010,"R0 (theta=0.25, matched mu=0.1)",uniform_high,32,6,eval_mean_mean_resource_fraction,0.3084658783767256
pilot_v1_r0_r2_mu010,"R0 (theta=0.25, matched mu=0.1)",uniform_high,32,6,eval_mean_mean_reserve_welfare,0.8767560081306113
pilot_v1_r0_r2_mu010,"R0 (theta=0.25, matched mu=0.1)",uniform_high,32,6,final_wealth_gini,0.4000346971789577
pilot_v1_r0_r2_mu010,"R0 (theta=0.25, matched mu=0.1)",uniform_high,64,6,eval_mean_mean_resource_fraction,0.08131975594336761
pilot_v1_r0_r2_mu010,"R0 (theta=0.25, matched mu=0.1)",uniform_high,64,6,eval_mean_mean_reserve_welfare,0.6415369865455045
pilot_v1_r0_r2_mu010,"R0 (theta=0.25, matched mu=0.1)",uniform_high,64,6,final_wealth_gini,0.47624824878183714
pilot_v1_r0_r2_mu010,"R0 (theta=0.25, matched mu=0.1)",patchy_high,32,6,eval_mean_mean_resource_fraction,0.31436875034134754
pilot_v1_r0_r2_mu010,"R0 (theta=0.25, matched mu=0.1)",patchy_high,32,6,eval_mean_mean_reserve_welfare,0.8712834336974518
pilot_v1_r0_r2_mu010,"R0 (theta=0.25, matched mu=0.1)",patchy_high,32,6,final_wealth_gini,0.38888466044394376
pilot_v1_r0_r2_mu010,"R0 (theta=0.25, matched mu=0.1)",patchy_high,64,6,eval_mean_mean_resource_fraction,0.09865570923080529
pilot_v1_r0_r2_mu010,"R0 (theta=0.25, matched mu=0.1)",patchy_high,64,6,eval_mean_mean_reserve_welfare,0.6818657450740272
pilot_v1_r0_r2_mu010,"R0 (theta=0.25, matched mu=0.1)",patchy_high,64,6,final_wealth_gini,0.45616451533417
pilot_v1_r0_r2_mu010,"R0 (theta=0.25, matched mu=0.1)",split_high_low,32,6,eval_mean_mean_resource_fraction,0.3341967415205494
pilot_v1_r0_r2_mu010,"R0 (theta=0.25, matched mu=0.1)",split_high_low,32,6,eval_mean_mean_reserve_welfare,0.9928797652668636
pilot_v1_r0_r2_mu010,"R0 (theta=0.25, matched mu=0.1)",split_high_low,32,6,final_wealth_gini,0.4126654497184439
pilot_v1_r0_r2_mu010,"R0 (theta=0.25, matched mu=0.1)",split_high_low,64,6,eval_mean_mean_resource_fraction,0.07934457964710574
pilot_v1_r0_r2_mu010,"R0 (theta=0.25, matched mu=0.1)",split_high_low,64,6,eval_mean_mean_reserve_welfare,0.5682977917088767
pilot_v1_r0_r2_mu010,"R0 (theta=0.25, matched mu=0.1)",split_high_low,64,6,final_wealth_gini,0.6351851549020548
pilot_v1_r0_r2_mu010,"R0 (theta=0.25, matched mu=0.1)",uniform_high,32,7,eval_mean_mean_resource_fraction,0.272019464942078
pilot_v1_r0_r2_mu010,"R0 (theta=0.25, matched mu=0.1)",uniform_high,32,7,eval_mean_mean_reserve_welfare,0.9721915327549742
pilot_v1_r0_r2_mu010,"R0 (theta=0.25, matched mu=0.1)",uniform_high,32,7,final_wealth_gini,0.31855335509263627
pilot_v1_r0_r2_mu010,"R0 (theta=0.25, matched mu=0.1)",uniform_high,64,7,eval_mean_mean_resource_fraction,0.11791953047247491
pilot_v1_r0_r2_mu010,"R0 (theta=0.25, matched mu=0.1)",uniform_high,64,7,eval_mean_mean_reserve_welfare,0.7066495151339713
pilot_v1_r0_r2_mu010,"R0 (theta=0.25, matched mu=0.1)",uniform_high,64,7,final_wealth_gini,0.5233135052333453
pilot_v1_r0_r2_mu010,"R0 (theta=0.25, matched mu=0.1)",patchy_high,32,7,eval_mean_mean_resource_fraction,0.3727716120892463
pilot_v1_r0_r2_mu010,"R0 (theta=0.25, matched mu=0.1)",patchy_high,32,7,eval_mean_mean_reserve_welfare,0.9979921285402681
pilot_v1_r0_r2_mu010,"R0 (theta=0.25, matched mu=0.1)",patchy_high,32,7,final_wealth_gini,0.3123947907797173
pilot_v1_r0_r2_mu010,"R0 (theta=0.25, matched mu=0.1)",patchy_high,64,7,eval_mean_mean_resource_fraction,0.14487550538586527
pilot_v1_r0_r2_mu010,"R0 (theta=0.25, matched mu=0.1)",patchy_high,64,7,eval_mean_mean_reserve_welfare,0.8090027534982569
pilot_v1_r0_r2_mu010,"R0 (theta=0.25, matched mu=0.1)",patchy_high,64,7,final_wealth_gini,0.4652624050767944
pilot_v1_r0_r2_mu010,"R0 (theta=0.25, matched mu=0.1)",split_high_low,32,7,eval_mean_mean_resource_fraction,0.30815499617504677
pilot_v1_r0_r2_mu010,"R0 (theta=0.25, matched mu=0.1)",split_high_low,32,7,eval_mean_mean_reserve_welfare,0.8161066909332774
pilot_v1_r0_r2_mu010,"R0 (theta=0.25, matched mu=0.1)",split_high_low,32,7,final_wealth_gini,0.502232666910591
pilot_v1_r0_r2_mu010,"R0 (theta=0.25, matched mu=0.1)",split_high_low,64,7,eval_mean_mean_resource_fraction,0.2153213484628043
pilot_v1_r0_r2_mu010,"R0 (theta=0.25, matched mu=0.1)",split_high_low,64,7,eval_mean_mean_reserve_welfare,0.6071115627805471
pilot_v1_r0_r2_mu010,"R0 (theta=0.25, matched mu=0.1)",split_high_low,64,7,final_wealth_gini,0.6915438111106074
pilot_v1_r0_r2_mu010,"R0 (theta=0.25, matched mu=0.1)",uniform_high,32,8,eval_mean_mean_resource_fraction,0.2625445100015839
pilot_v1_r0_r2_mu010,"R0 (theta=0.25, matched mu=0.1)",uniform_high,32,8,eval_mean_mean_reserve_welfare,0.8754272158802393
pilot_v1_r0_r2_mu010,"R0 (theta=0.25, matched mu=0.1)",uniform_high,32,8,final_wealth_gini,0.40108292165132053
pilot_v1_r0_r2_mu010,"R0 (theta=0.25, matched mu=0.1)",uniform_high,64,8,eval_mean_mean_resource_fraction,0.07359208144598685
pilot_v1_r0_r2_mu010,"R0 (theta=0.25, matched mu=0.1)",uniform_high,64,8,eval_mean_mean_reserve_welfare,0.5609746679646119
pilot_v1_r0_r2_mu010,"R0 (theta=0.25, matched mu=0.1)",uniform_high,64,8,final_wealth_gini,0.47098483251773415
pilot_v1_r0_r2_mu010,"R0 (theta=0.25, matched mu=0.1)",patchy_high,32,8,eval_mean_mean_resource_fraction,0.27885642476212
pilot_v1_r0_r2_mu010,"R0 (theta=0.25, matched mu=0.1)",patchy_high,32,8,eval_mean_mean_reserve_welfare,0.8803151266305943
pilot_v1_r0_r2_mu010,"R0 (theta=0.25, matched mu=0.1)",patchy_high,32,8,final_wealth_gini,0.39386767684101653
pilot_v1_r0_r2_mu010,"R0 (theta=0.25, matched mu=0.1)",patchy_high,64,8,eval_mean_mean_resource_fraction,0.130417902379457
pilot_v1_r0_r2_mu010,"R0 (theta=0.25, matched mu=0.1)",patchy_high,64,8,eval_mean_mean_reserve_welfare,0.7636080802427756
pilot_v1_r0_r2_mu010,"R0 (theta=0.25, matched mu=0.1)",patchy_high,64,8,final_wealth_gini,0.49013337858282546
pilot_v1_r0_r2_mu010,"R0 (theta=0.25, matched mu=0.1)",split_high_low,32,8,eval_mean_mean_resource_fraction,0.3580558547670437
pilot_v1_r0_r2_mu010,"R0 (theta=0.25, matched mu=0.1)",split_high_low,32,8,eval_mean_mean_reserve_welfare,0.791543736485115
pilot_v1_r0_r2_mu010,"R0 (theta=0.25, matched mu=0.1)",split_high_low,32,8,final_wealth_gini,0.52836520479201
pilot_v1_r0_r2_mu010,"R0 (theta=0.25, matched mu=0.1)",split_high_low,64,8,eval_mean_mean_resource_fraction,0.11198204823897012
pilot_v1_r0_r2_mu010,"R0 (theta=0.25, matched mu=0.1)",split_high_low,64,8,eval_mean_mean_reserve_welfare,0.5661110934405706
pilot_v1_r0_r2_mu010,"R0 (theta=0.25, matched mu=0.1)",split_high_low,64,8,final_wealth_gini,0.66777403408831
pilot_v1_r0_r2_mu010,"R0 (theta=0.25, matched mu=0.1)",uniform_high,32,9,eval_mean_mean_resource_fraction,0.32238612994237265
pilot_v1_r0_r2_mu010,"R0 (theta=0.25, matched mu=0.1)",uniform_high,32,9,eval_mean_mean_reserve_welfare,0.9773307211361976
pilot_v1_r0_r2_mu010,"R0 (theta=0.25, matched mu=0.1)",uniform_high,32,9,final_wealth_gini,0.2665454070098088
pilot_v1_r0_r2_mu010,"R0 (theta=0.25, matched mu=0.1)",uniform_high,64,9,eval_mean_mean_resource_fraction,0.08814153003678878
pilot_v1_r0_r2_mu010,"R0 (theta=0.25, matched mu=0.1)",uniform_high,64,9,eval_mean_mean_reserve_welfare,0.7813932911284623
pilot_v1_r0_r2_mu010,"R0 (theta=0.25, matched mu=0.1)",uniform_high,64,9,final_wealth_gini,0.38984188178710566
pilot_v1_r0_r2_mu010,"R0 (theta=0.25, matched mu=0.1)",patchy_high,32,9,eval_mean_mean_resource_fraction,0.3153164318526191
pilot_v1_r0_r2_mu010,"R0 (theta=0.25, matched mu=0.1)",patchy_high,32,9,eval_mean_mean_reserve_welfare,0.9772897807545812
pilot_v1_r0_r2_mu010,"R0 (theta=0.25, matched mu=0.1)",patchy_high,32,9,final_wealth_gini,0.26595277595774913
pilot_v1_r0_r2_mu010,"R0 (theta=0.25, matched mu=0.1)",patchy_high,64,9,eval_mean_mean_resource_fraction,0.08242411544995644
pilot_v1_r0_r2_mu010,"R0 (theta=0.25, matched mu=0.1)",patchy_high,64,9,eval_mean_mean_reserve_welfare,0.747984039882692
pilot_v1_r0_r2_mu010,"R0 (theta=0.25, matched mu=0.1)",patchy_high,64,9,final_wealth_gini,0.39973440259471227
pilot_v1_r0_r2_mu010,"R0 (theta=0.25, matched mu=0.1)",split_high_low,32,9,eval_mean_mean_resource_fraction,0.366547565987167
pilot_v1_r0_r2_mu010,"R0 (theta=0.25, matched mu=0.1)",split_high_low,32,9,eval_mean_mean_reserve_welfare,0.9122217474291981
pilot_v1_r0_r2_mu010,"R0 (theta=0.25, matched mu=0.1)",split_high_low,32,9,final_wealth_gini,0.41800581230850753
pilot_v1_r0_r2_mu010,"R0 (theta=0.25, matched mu=0.1)",split_high_low,64,9,eval_mean_mean_resource_fraction,0.11064710930495124
pilot_v1_r0_r2_mu010,"R0 (theta=0.25, matched mu=0.1)",split_high_low,64,9,eval_mean_mean_reserve_welfare,0.7416006309908189
pilot_v1_r0_r2_mu010,"R0 (theta=0.25, matched mu=0.1)",split_high_low,64,9,final_wealth_gini,0.5150465346983182
pilot_v1_r0_r3_mu010,"R0 (theta=1, matched mu=0.1)",uniform_high,32,0,eval_mean_mean_resource_fraction,0.31711667898970736
pilot_v1_r0_r3_mu010,"R0 (theta=1, matched mu=0.1)",uniform_high,32,0,eval_mean_mean_reserve_welfare,0.9800777718349475
pilot_v1_r0_r3_mu010,"R0 (theta=1, matched mu=0.1)",uniform_high,32,0,final_wealth_gini,0.3246986600780606
pilot_v1_r0_r3_mu010,"R0 (theta=1, matched mu=0.1)",uniform_high,64,0,eval_mean_mean_resource_fraction,0.11992691334360103
pilot_v1_r0_r3_mu010,"R0 (theta=1, matched mu=0.1)",uniform_high,64,0,eval_mean_mean_reserve_welfare,0.7932463961470763
pilot_v1_r0_r3_mu010,"R0 (theta=1, matched mu=0.1)",uniform_high,64,0,final_wealth_gini,0.419066114226905
pilot_v1_r0_r3_mu010,"R0 (theta=1, matched mu=0.1)",patchy_high,32,0,eval_mean_mean_resource_fraction,0.3279117287409827
pilot_v1_r0_r3_mu010,"R0 (theta=1, matched mu=0.1)",patchy_high,32,0,eval_mean_mean_reserve_welfare,0.9699201098103
pilot_v1_r0_r3_mu010,"R0 (theta=1, matched mu=0.1)",patchy_high,32,0,final_wealth_gini,0.3646414597144856
pilot_v1_r0_r3_mu010,"R0 (theta=1, matched mu=0.1)",patchy_high,64,0,eval_mean_mean_resource_fraction,0.10442043627562343
pilot_v1_r0_r3_mu010,"R0 (theta=1, matched mu=0.1)",patchy_high,64,0,eval_mean_mean_reserve_welfare,0.8217723730383395
pilot_v1_r0_r3_mu010,"R0 (theta=1, matched mu=0.1)",patchy_high,64,0,final_wealth_gini,0.3859335519971372
pilot_v1_r0_r3_mu010,"R0 (theta=1, matched mu=0.1)",split_high_low,32,0,eval_mean_mean_resource_fraction,0.38063549116306455
pilot_v1_r0_r3_mu010,"R0 (theta=1, matched mu=0.1)",split_high_low,32,0,eval_mean_mean_reserve_welfare,0.8090896138998782
pilot_v1_r0_r3_mu010,"R0 (theta=1, matched mu=0.1)",split_high_low,32,0,final_wealth_gini,0.5022270234200301
pilot_v1_r0_r3_mu010,"R0 (theta=1, matched mu=0.1)",split_high_low,64,0,eval_mean_mean_resource_fraction,0.1053606397816323
pilot_v1_r0_r3_mu010,"R0 (theta=1, matched mu=0.1)",split_high_low,64,0,eval_mean_mean_reserve_welfare,0.6855187739188562
pilot_v1_r0_r3_mu010,"R0 (theta=1, matched mu=0.1)",split_high_low,64,0,final_wealth_gini,0.5863210226780604
pilot_v1_r0_r3_mu010,"R0 (theta=1, matched mu=0.1)",uniform_high,32,1,eval_mean_mean_resource_fraction,0.31844536392720146
pilot_v1_r0_r3_mu010,"R0 (theta=1, matched mu=0.1)",uniform_high,32,1,eval_mean_mean_reserve_welfare,0.9672551978522622
pilot_v1_r0_r3_mu010,"R0 (theta=1, matched mu=0.1)",uniform_high,32,1,final_wealth_gini,0.41370768112196155
pilot_v1_r0_r3_mu010,"R0 (theta=1, matched mu=0.1)",uniform_high,64,1,eval_mean_mean_resource_fraction,0.12735119782728163
pilot_v1_r0_r3_mu010,"R0 (theta=1, matched mu=0.1)",uniform_high,64,1,eval_mean_mean_reserve_welfare,0.7819625732572569
pilot_v1_r0_r3_mu010,"R0 (theta=1, matched mu=0.1)",uniform_high,64,1,final_wealth_gini,0.48574842851645883
pilot_v1_r0_r3_mu010,"R0 (theta=1, matched mu=0.1)",patchy_high,32,1,eval_mean_mean_resource_fraction,0.35237767027810946
pilot_v1_r0_r3_mu010,"R0 (theta=1, matched mu=0.1)",patchy_high,32,1,eval_mean_mean_reserve_welfare,0.9954736642502184
pilot_v1_r0_r3_mu010,"R0 (theta=1, matched mu=0.1)",patchy_high,32,1,final_wealth_gini,0.3987526332484139
pilot_v1_r0_r3_mu010,"R0 (theta=1, matched mu=0.1)",patchy_high,64,1,eval_mean_mean_resource_fraction,0.13250521095182216
pilot_v1_r0_r3_mu010,"R0 (theta=1, matched mu=0.1)",patchy_high,64,1,eval_mean_mean_reserve_welfare,0.8295156991020308
pilot_v1_r0_r3_mu010,"R0 (theta=1, matched mu=0.1)",patchy_high,64,1,final_wealth_gini,0.4413026845187602
pilot_v1_r0_r3_mu010,"R0 (theta=1, matched mu=0.1)",split_high_low,32,1,eval_mean_mean_resource_fraction,0.3466045914082256
pilot_v1_r0_r3_mu010,"R0 (theta=1, matched mu=0.1)",split_high_low,32,1,eval_mean_mean_reserve_welfare,0.819488668164453
pilot_v1_r0_r3_mu010,"R0 (theta=1, matched mu=0.1)",split_high_low,32,1,final_wealth_gini,0.5483843625690423
pilot_v1_r0_r3_mu010,"R0 (theta=1, matched mu=0.1)",split_high_low,64,1,eval_mean_mean_resource_fraction,0.14965120659701484
pilot_v1_r0_r3_mu010,"R0 (theta=1, matched mu=0.1)",split_high_low,64,1,eval_mean_mean_reserve_welfare,0.660411223036949
pilot_v1_r0_r3_mu010,"R0 (theta=1, matched mu=0.1)",split_high_low,64,1,final_wealth_gini,0.6558018864371744
pilot_v1_r0_r3_mu010,"R0 (theta=1, matched mu=0.1)",uniform_high,32,2,eval_mean_mean_resource_fraction,0.24282708031120892
pilot_v1_r0_r3_mu010,"R0 (theta=1, matched mu=0.1)",uniform_high,32,2,eval_mean_mean_reserve_welfare,0.9979999999999998
pilot_v1_r0_r3_mu010,"R0 (theta=1, matched mu=0.1)",uniform_high,32,2,final_wealth_gini,0.2889452112240265
pilot_v1_r0_r3_mu010,"R0 (theta=1, matched mu=0.1)",uniform_high,64,2,eval_mean_mean_resource_fraction,0.1437389911454451
pilot_v1_r0_r3_mu010,"R0 (theta=1, matched mu=0.1)",uniform_high,64,2,eval_mean_mean_reserve_welfare,0.811681836650947
pilot_v1_r0_r3_mu010,"R0 (theta=1, matched mu=0.1)",uniform_high,64,2,final_wealth_gini,0.46622106988048295
pilot_v1_r0_r3_mu010,"R0 (theta=1, matched mu=0.1)",patchy_high,32,2,eval_mean_mean_resource_fraction,0.24852259211170394
pilot_v1_r0_r3_mu010,"R0 (theta=1, matched mu=0.1)",patchy_high,32,2,eval_mean_mean_reserve_welfare,0.9979999999999998
pilot_v1_r0_r3_mu010,"R0 (theta=1, matched mu=0.1)",patchy_high,32,2,final_wealth_gini,0.28457906079911366
pilot_v1_r0_r3_mu010,"R0 (theta=1, matched mu=0.1)",patchy_high,64,2,eval_mean_mean_resource_fraction,0.10097442880854998
pilot_v1_r0_r3_mu010,"R0 (theta=1, matched mu=0.1)",patchy_high,64,2,eval_mean_mean_reserve_welfare,0.7118323927785967
pilot_v1_r0_r3_mu010,"R0 (theta=1, matched mu=0.1)",patchy_high,64,2,final_wealth_gini,0.45596090339064377
pilot_v1_r0_r3_mu010,"R0 (theta=1, matched mu=0.1)",split_high_low,32,2,eval_mean_mean_resource_fraction,0.2803312697073255
pilot_v1_r0_r3_mu010,"R0 (theta=1, matched mu=0.1)",split_high_low,32,2,eval_mean_mean_reserve_welfare,0.835205352098354
pilot_v1_r0_r3_mu010,"R0 (theta=1, matched mu=0.1)",split_high_low,32,2,final_wealth_gini,0.48243039113471964
pilot_v1_r0_r3_mu010,"R0 (theta=1, matched mu=0.1)",split_high_low,64,2,eval_mean_mean_resource_fraction,0.10705452915802334
pilot_v1_r0_r3_mu010,"R0 (theta=1, matched mu=0.1)",split_high_low,64,2,eval_mean_mean_reserve_welfare,0.6706065838907045
pilot_v1_r0_r3_mu010,"R0 (theta=1, matched mu=0.1)",split_high_low,64,2,final_wealth_gini,0.5908322631582796
pilot_v1_r0_r3_mu010,"R0 (theta=1, matched mu=0.1)",uniform_high,32,3,eval_mean_mean_resource_fraction,0.2281065337928904
pilot_v1_r0_r3_mu010,"R0 (theta=1, matched mu=0.1)",uniform_high,32,3,eval_mean_mean_reserve_welfare,0.9979999999999998
pilot_v1_r0_r3_mu010,"R0 (theta=1, matched mu=0.1)",uniform_high,32,3,final_wealth_gini,0.27170788354330666
pilot_v1_r0_r3_mu010,"R0 (theta=1, matched mu=0.1)",uniform_high,64,3,eval_mean_mean_resource_fraction,0.10734208529383185
pilot_v1_r0_r3_mu010,"R0 (theta=1, matched mu=0.1)",uniform_high,64,3,eval_mean_mean_reserve_welfare,0.7651207136083035
pilot_v1_r0_r3_mu010,"R0 (theta=1, matched mu=0.1)",uniform_high,64,3,final_wealth_gini,0.412699076231841
pilot_v1_r0_r3_mu010,"R0 (theta=1, matched mu=0.1)",patchy_high,32,3,eval_mean_mean_resource_fraction,0.2089598275974111
pilot_v1_r0_r3_mu010,"R0 (theta=1, matched mu=0.1)",patchy_high,32,3,eval_mean_mean_reserve_welfare,0.9979999999999998
pilot_v1_r0_r3_mu010,"R0 (theta=1, matched mu=0.1)",patchy_high,32,3,final_wealth_gini,0.2595166846959489
pilot_v1_r0_r3_mu010,"R0 (theta=1, matched mu=0.1)",patchy_high,64,3,eval_mean_mean_resource_fraction,0.14994856070645238
pilot_v1_r0_r3_mu010,"R0 (theta=1, matched mu=0.1)",patchy_high,64,3,eval_mean_mean_reserve_welfare,0.8374400958016334
pilot_v1_r0_r3_mu010,"R0 (theta=1, matched mu=0.1)",patchy_high,64,3,final_wealth_gini,0.42797161161869424
pilot_v1_r0_r3_mu010,"R0 (theta=1, matched mu=0.1)",split_high_low,32,3,eval_mean_mean_resource_fraction,0.3083599560521479
pilot_v1_r0_r3_mu010,"R0 (theta=1, matched mu=0.1)",split_high_low,32,3,eval_mean_mean_reserve_welfare,0.8172287478414184
pilot_v1_r0_r3_mu010,"R0 (theta=1, matched mu=0.1)",split_high_low,32,3,final_wealth_gini,0.4813036193599909
pilot_v1_r0_r3_mu010,"R0 (theta=1, matched mu=0.1)",split_high_low,64,3,eval_mean_mean_resource_fraction,0.12764925428464588
pilot_v1_r0_r3_mu010,"R0 (theta=1, matched mu=0.1)",split_high_low,64,3,eval_mean_mean_reserve_welfare,0.7273829502158653
pilot_v1_r0_r3_mu010,"R0 (theta=1, matched mu=0.1)",split_high_low,64,3,final_wealth_gini,0.5827039663285714
pilot_v1_r0_r3_mu010,"R0 (theta=1, matched mu=0.1)",uniform_high,32,4,eval_mean_mean_resource_fraction,0.24461528752938122
pilot_v1_r0_r3_mu010,"R0 (theta=1, matched mu=0.1)",uniform_high,32,4,eval_mean_mean_reserve_welfare,0.9139372294473281
pilot_v1_r0_r3_mu010,"R0 (theta=1, matched mu=0.1)",uniform_high,32,4,final_wealth_gini,0.3467144122154231
pilot_v1_r0_r3_mu010,"R0 (theta=1, matched mu=0.1)",uniform_high,64,4,eval_mean_mean_resource_fraction,0.11077663737399258
pilot_v1_r0_r3_mu010,"R0 (theta=1, matched mu=0.1)",uniform_high,64,4,eval_mean_mean_reserve_welfare,0.765702105929632
pilot_v1_r0_r3_mu010,"R0 (theta=1, matched mu=0.1)",uniform_high,64,4,final_wealth_gini,0.43419823978033256
pilot_v1_r0_r3_mu010,"R0 (theta=1, matched mu=0.1)",patchy_high,32,4,eval_mean_mean_resource_fraction,0.24555232568989424
pilot_v1_r0_r3_mu010,"R0 (theta=1, matched mu=0.1)",patchy_high,32,4,eval_mean_mean_reserve_welfare,0.9228341101543985
pilot_v1_r0_r3_mu010,"R0 (theta=1, matched mu=0.1)",patchy_high,32,4,final_wealth_gini,0.33698911144446764
pilot_v1_r0_r3_mu010,"R0 (theta=1, matched mu=0.1)",patchy_high,64,4,eval_mean_mean_resource_fraction,0.12018565903417877
pilot_v1_r0_r3_mu010,"R0 (theta=1, matched mu=0.1)",patchy_high,64,4,eval_mean_mean_reserve_welfare,0.7861805937602531
pilot_v1_r0_r3_mu010,"R0 (theta=1, matched mu=0.1)",patchy_high,64,4,final_wealth_gini,0.42781550401880075
pilot_v1_r0_r3_mu010,"R0 (theta=1, matched mu=0.1)",split_high_low,32,4,eval_mean_mean_resource_fraction,0.2768037740085481
pilot_v1_r0_r3_mu010,"R0 (theta=1, matched mu=0.1)",split_high_low,32,4,eval_mean_mean_reserve_welfare,0.9482094336553502
pilot_v1_r0_r3_mu010,"R0 (theta=1, matched mu=0.1)",split_high_low,32,4,final_wealth_gini,0.4300131515216403
pilot_v1_r0_r3_mu010,"R0 (theta=1, matched mu=0.1)",split_high_low,64,4,eval_mean_mean_resource_fraction,0.11650496281824015
pilot_v1_r0_r3_mu010,"R0 (theta=1, matched mu=0.1)",split_high_low,64,4,eval_mean_mean_reserve_welfare,0.7307591684863435
pilot_v1_r0_r3_mu010,"R0 (theta=1, matched mu=0.1)",split_high_low,64,4,final_wealth_gini,0.5581083866263576
pilot_v1_r0_r3_mu010,"R0 (theta=1, matched mu=0.1)",uniform_high,32,5,eval_mean_mean_resource_fraction,0.28409007404807446
pilot_v1_r0_r3_mu010,"R0 (theta=1, matched mu=0.1)",uniform_high,32,5,eval_mean_mean_reserve_welfare,0.9708576952062181
pilot_v1_r0_r3_mu010,"R0 (theta=1, matched mu=0.1)",uniform_high,32,5,final_wealth_gini,0.35111966262085614
pilot_v1_r0_r3_mu010,"R0 (theta=1, matched mu=0.1)",uniform_high,64,5,eval_mean_mean_resource_fraction,0.11122663687422094
pilot_v1_r0_r3_mu010,"R0 (theta=1, matched mu=0.1)",uniform_high,64,5,eval_mean_mean_reserve_welfare,0.787611567249548
pilot_v1_r0_r3_mu010,"R0 (theta=1, matched mu=0.1)",uniform_high,64,5,final_wealth_gini,0.4458383360501468
pilot_v1_r0_r3_mu010,"R0 (theta=1, matched mu=0.1)",patchy_high,32,5,eval_mean_mean_resource_fraction,0.28306165404595457
pilot_v1_r0_r3_mu010,"R0 (theta=1, matched mu=0.1)",patchy_high,32,5,eval_mean_mean_reserve_welfare,0.9737277884871985
pilot_v1_r0_r3_mu010,"R0 (theta=1, matched mu=0.1)",patchy_high,32,5,final_wealth_gini,0.34265830622146076
pilot_v1_r0_r3_mu010,"R0 (theta=1, matched mu=0.1)",patchy_high,64,5,eval_mean_mean_resource_fraction,0.10463052086818697
pilot_v1_r0_r3_mu010,"R0 (theta=1, matched mu=0.1)",patchy_high,64,5,eval_mean_mean_reserve_welfare,0.7297580076694783
pilot_v1_r0_r3_mu010,"R0 (theta=1, matched mu=0.1)",patchy_high,64,5,final_wealth_gini,0.46227019969107364
pilot_v1_r0_r3_mu010,"R0 (theta=1, matched mu=0.1)",split_high_low,32,5,eval_mean_mean_resource_fraction,0.29364424601747585
pilot_v1_r0_r3_mu010,"R0 (theta=1, matched mu=0.1)",split_high_low,32,5,eval_mean_mean_reserve_welfare,0.9244604651861239
pilot_v1_r0_r3_mu010,"R0 (theta=1, matched mu=0.1)",split_high_low,32,5,final_wealth_gini,0.452849674638073
pilot_v1_r0_r3_mu010,"R0 (theta=1, matched mu=0.1)",split_high_low,64,5,eval_mean_mean_resource_fraction,0.1593366894574752
pilot_v1_r0_r3_mu010,"R0 (theta=1, matched mu=0.1)",split_high_low,64,5,eval_mean_mean_reserve_welfare,0.6734326579121411
pilot_v1_r0_r3_mu010,"R0 (theta=1, matched mu=0.1)",split_high_low,64,5,final_wealth_gini,0.6207350199673591
pilot_v1_r0_r3_mu010,"R0 (theta=1, matched mu=0.1)",uniform_high,32,6,eval_mean_mean_resource_fraction,0.3282251951143596
pilot_v1_r0_r3_mu010,"R0 (theta=1, matched mu=0.1)",uniform_high,32,6,eval_mean_mean_reserve_welfare,0.893226881361938
pilot_v1_r0_r3_mu010,"R0 (theta=1, matched mu=0.1)",uniform_high,32,6,final_wealth_gini,0.4329208652074763
pilot_v1_r0_r3_mu010,"R0 (theta=1, matched mu=0.1)",uniform_high,64,6,eval_mean_mean_resource_fraction,0.0927772886876221
pilot_v1_r0_r3_mu010,"R0 (theta=1, matched mu=0.1)",uniform_high,64,6,eval_mean_mean_reserve_welfare,0.6634159688008068
pilot_v1_r0_r3_mu010,"R0 (theta=1, matched mu=0.1)",uniform_high,64,6,final_wealth_gini,0.4673544106004226
pilot_v1_r0_r3_mu010,"R0 (theta=1, matched mu=0.1)",patchy_high,32,6,eval_mean_mean_resource_fraction,0.3108226083029344
pilot_v1_r0_r3_mu010,"R0 (theta=1, matched mu=0.1)",patchy_high,32,6,eval_mean_mean_reserve_welfare,0.8638639611555868
pilot_v1_r0_r3_mu010,"R0 (theta=1, matched mu=0.1)",patchy_high,32,6,final_wealth_gini,0.3954034066570331
pilot_v1_r0_r3_mu010,"R0 (theta=1, matched mu=0.1)",patchy_high,64,6,eval_mean_mean_resource_fraction,0.08524942839952387
pilot_v1_r0_r3_mu010,"R0 (theta=1, matched mu=0.1)",patchy_high,64,6,eval_mean_mean_reserve_welfare,0.6510764817856309
pilot_v1_r0_r3_mu010,"R0 (theta=1, matched mu=0.1)",patchy_high,64,6,final_wealth_gini,0.4560893159860311
pilot_v1_r0_r3_mu010,"R0 (theta=1, matched mu=0.1)",split_high_low,32,6,eval_mean_mean_resource_fraction,0.26162405271838485
pilot_v1_r0_r3_mu010,"R0 (theta=1, matched mu=0.1)",split_high_low,32,6,eval_mean_mean_reserve_welfare,0.9216864983650662
pilot_v1_r0_r3_mu010,"R0 (theta=1, matched mu=0.1)",split_high_low,32,6,final_wealth_gini,0.4159577219451822
pilot_v1_r0_r3_mu010,"R0 (theta=1, matched mu=0.1)",split_high_low,64,6,eval_mean_mean_resource_fraction,0.08417587716627344
pilot_v1_r0_r3_mu010,"R0 (theta=1, matched mu=0.1)",split_high_low,64,6,eval_mean_mean_reserve_welfare,0.5641112651020738
pilot_v1_r0_r3_mu010,"R0 (theta=1, matched mu=0.1)",split_high_low,64,6,final_wealth_gini,0.6501223116321968
pilot_v1_r0_r3_mu010,"R0 (theta=1, matched mu=0.1)",uniform_high,32,7,eval_mean_mean_resource_fraction,0.2923192442739882
pilot_v1_r0_r3_mu010,"R0 (theta=1, matched mu=0.1)",uniform_high,32,7,eval_mean_mean_reserve_welfare,0.9587354843432775
pilot_v1_r0_r3_mu010,"R0 (theta=1, matched mu=0.1)",uniform_high,32,7,final_wealth_gini,0.3627821776666913
pilot_v1_r0_r3_mu010,"R0 (theta=1, matched mu=0.1)",uniform_high,64,7,eval_mean_mean_resource_fraction,0.12094779861224285
pilot_v1_r0_r3_mu010,"R0 (theta=1, matched mu=0.1)",uniform_high,64,7,eval_mean_mean_reserve_welfare,0.73089439244296
pilot_v1_r0_r3_mu010,"R0 (theta=1, matched mu=0.1)",uniform_high,64,7,final_wealth_gini,0.5118001798504674
pilot_v1_r0_r3_mu010,"R0 (theta=1, matched mu=0.1)",patchy_high,32,7,eval_mean_mean_resource_fraction,0.3243473972378059
pilot_v1_r0_r3_mu010,"R0 (theta=1, matched mu=0.1)",patchy_high,32,7,eval_mean_mean_reserve_welfare,0.9683439974155337
pilot_v1_r0_r3_mu010,"R0 (theta=1, matched mu=0.1)",patchy_high,32,7,final_wealth_gini,0.34213541111480583
pilot_v1_r0_r3_mu010,"R0 (theta=1, matched mu=0.1)",patchy_high,64,7,eval_mean_mean_resource_fraction,0.12204479456362541
pilot_v1_r0_r3_mu010,"R0 (theta=1, matched mu=0.1)",patchy_high,64,7,eval_mean_mean_reserve_welfare,0.7297535934961645
pilot_v1_r0_r3_mu010,"R0 (theta=1, matched mu=0.1)",patchy_high,64,7,final_wealth_gini,0.5268760188327946
pilot_v1_r0_r3_mu010,"R0 (theta=1, matched mu=0.1)",split_high_low,32,7,eval_mean_mean_resource_fraction,0.3171236986288652
pilot_v1_r0_r3_mu010,"R0 (theta=1, matched mu=0.1)",split_high_low,32,7,eval_mean_mean_reserve_welfare,0.8126134311199938
pilot_v1_r0_r3_mu010,"R0 (theta=1, matched mu=0.1)",split_high_low,32,7,final_wealth_gini,0.49521223705927886
pilot_v1_r0_r3_mu010,"R0 (theta=1, matched mu=0.1)",split_high_low,64,7,eval_mean_mean_resource_fraction,0.23236721901629218
pilot_v1_r0_r3_mu010,"R0 (theta=1, matched mu=0.1)",split_high_low,64,7,eval_mean_mean_reserve_welfare,0.6303290927364269
pilot_v1_r0_r3_mu010,"R0 (theta=1, matched mu=0.1)",split_high_low,64,7,final_wealth_gini,0.6895961740005594
pilot_v1_r0_r3_mu010,"R0 (theta=1, matched mu=0.1)",uniform_high,32,8,eval_mean_mean_resource_fraction,0.2674760510298462
pilot_v1_r0_r3_mu010,"R0 (theta=1, matched mu=0.1)",uniform_high,32,8,eval_mean_mean_reserve_welfare,0.893074113225162
pilot_v1_r0_r3_mu010,"R0 (theta=1, matched mu=0.1)",uniform_high,32,8,final_wealth_gini,0.38459928210415284
pilot_v1_r0_r3_mu010,"R0 (theta=1, matched mu=0.1)",uniform_high,64,8,eval_mean_mean_resource_fraction,0.1274701192828392
pilot_v1_r0_r3_mu010,"R0 (theta=1, matched mu=0.1)",uniform_high,64,8,eval_mean_mean_reserve_welfare,0.8083904246785314
pilot_v1_r0_r3_mu010,"R0 (theta=1, matched mu=0.1)",uniform_high,64,8,final_wealth_gini,0.43860456195142206
pilot_v1_r0_r3_mu010,"R0 (theta=1, matched mu=0.1)",patchy_high,32,8,eval_mean_mean_resource_fraction,0.2893614402013696
pilot_v1_r0_r3_mu010,"R0 (theta=1, matched mu=0.1)",patchy_high,32,8,eval_mean_mean_reserve_welfare,0.883096135567894
pilot_v1_r0_r3_mu010,"R0 (theta=1, matched mu=0.1)",patchy_high,32,8,final_wealth_gini,0.38111625570655905
pilot_v1_r0_r3_mu010,"R0 (theta=1, matched mu=0.1)",patchy_high,64,8,eval_mean_mean_resource_fraction,0.08868246972863852
pilot_v1_r0_r3_mu010,"R0 (theta=1, matched mu=0.1)",patchy_high,64,8,eval_mean_mean_reserve_welfare,0.6342445761201317
pilot_v1_r0_r3_mu010,"R0 (theta=1, matched mu=0.1)",patchy_high,64,8,final_wealth_gini,0.5133186950215705
pilot_v1_r0_r3_mu010,"R0 (theta=1, matched mu=0.1)",split_high_low,32,8,eval_mean_mean_resource_fraction,0.32032344043322597
pilot_v1_r0_r3_mu010,"R0 (theta=1, matched mu=0.1)",split_high_low,32,8,eval_mean_mean_reserve_welfare,0.763385621477546
pilot_v1_r0_r3_mu010,"R0 (theta=1, matched mu=0.1)",split_high_low,32,8,final_wealth_gini,0.5184413394004568
pilot_v1_r0_r3_mu010,"R0 (theta=1, matched mu=0.1)",split_high_low,64,8,eval_mean_mean_resource_fraction,0.12295407706296682
pilot_v1_r0_r3_mu010,"R0 (theta=1, matched mu=0.1)",split_high_low,64,8,eval_mean_mean_reserve_welfare,0.5894105142299388
pilot_v1_r0_r3_mu010,"R0 (theta=1, matched mu=0.1)",split_high_low,64,8,final_wealth_gini,0.6805518483768134
pilot_v1_r0_r3_mu010,"R0 (theta=1, matched mu=0.1)",uniform_high,32,9,eval_mean_mean_resource_fraction,0.32447749555489064
pilot_v1_r0_r3_mu010,"R0 (theta=1, matched mu=0.1)",uniform_high,32,9,eval_mean_mean_reserve_welfare,0.9780036020422703
pilot_v1_r0_r3_mu010,"R0 (theta=1, matched mu=0.1)",uniform_high,32,9,final_wealth_gini,0.26204773341148546
pilot_v1_r0_r3_mu010,"R0 (theta=1, matched mu=0.1)",uniform_high,64,9,eval_mean_mean_resource_fraction,0.07594201750830959
pilot_v1_r0_r3_mu010,"R0 (theta=1, matched mu=0.1)",uniform_high,64,9,eval_mean_mean_reserve_welfare,0.7292013821287766
pilot_v1_r0_r3_mu010,"R0 (theta=1, matched mu=0.1)",uniform_high,64,9,final_wealth_gini,0.3966454152876948
pilot_v1_r0_r3_mu010,"R0 (theta=1, matched mu=0.1)",patchy_high,32,9,eval_mean_mean_resource_fraction,0.3028126196728167
pilot_v1_r0_r3_mu010,"R0 (theta=1, matched mu=0.1)",patchy_high,32,9,eval_mean_mean_reserve_welfare,0.9643053066540024
pilot_v1_r0_r3_mu010,"R0 (theta=1, matched mu=0.1)",patchy_high,32,9,final_wealth_gini,0.29787942368792364
pilot_v1_r0_r3_mu010,"R0 (theta=1, matched mu=0.1)",patchy_high,64,9,eval_mean_mean_resource_fraction,0.09776724453424526
pilot_v1_r0_r3_mu010,"R0 (theta=1, matched mu=0.1)",patchy_high,64,9,eval_mean_mean_reserve_welfare,0.7926820658554554
pilot_v1_r0_r3_mu010,"R0 (theta=1, matched mu=0.1)",patchy_high,64,9,final_wealth_gini,0.40149792716917965
pilot_v1_r0_r3_mu010,"R0 (theta=1, matched mu=0.1)",split_high_low,32,9,eval_mean_mean_resource_fraction,0.2604244098556436
pilot_v1_r0_r3_mu010,"R0 (theta=1, matched mu=0.1)",split_high_low,32,9,eval_mean_mean_reserve_welfare,0.8903274118851353
pilot_v1_r0_r3_mu010,"R0 (theta=1, matched mu=0.1)",split_high_low,32,9,final_wealth_gini,0.39747816329565655
pilot_v1_r0_r3_mu010,"R0 (theta=1, matched mu=0.1)",split_high_low,64,9,eval_mean_mean_resource_fraction,0.10356557891512458
pilot_v1_r0_r3_mu010,"R0 (theta=1, matched mu=0.1)",split_high_low,64,9,eval_mean_mean_reserve_welfare,0.7017620700241134
pilot_v1_r0_r3_mu010,"R0 (theta=1, matched mu=0.1)",split_high_low,64,9,final_wealth_gini,0.5541527759961431
pilot_v1_r1_mu010,R1,uniform_high,32,0,eval_mean_mean_resource_fraction,0.30732769809649074
pilot_v1_r1_mu010,R1,uniform_high,32,0,eval_mean_mean_reserve_welfare,0.980271046880907
pilot_v1_r1_mu010,R1,uniform_high,32,0,final_wealth_gini,0.3310967162375664
pilot_v1_r1_mu010,R1,uniform_high,64,0,eval_mean_mean_resource_fraction,0.07560981100456927
pilot_v1_r1_mu010,R1,uniform_high,64,0,eval_mean_mean_reserve_welfare,0.7398690341083115
pilot_v1_r1_mu010,R1,uniform_high,64,0,final_wealth_gini,0.3854853447383544
pilot_v1_r1_mu010,R1,patchy_high,32,0,eval_mean_mean_resource_fraction,0.31530297226997006
pilot_v1_r1_mu010,R1,patchy_high,32,0,eval_mean_mean_reserve_welfare,0.977306778084756
pilot_v1_r1_mu010,R1,patchy_high,32,0,final_wealth_gini,0.33370665485627726
pilot_v1_r1_mu010,R1,patchy_high,64,0,eval_mean_mean_resource_fraction,0.08618891596704782
pilot_v1_r1_mu010,R1,patchy_high,64,0,eval_mean_mean_reserve_welfare,0.776052493162056
pilot_v1_r1_mu010,R1,patchy_high,64,0,final_wealth_gini,0.3881702024463112
pilot_v1_r1_mu010,R1,split_high_low,32,0,eval_mean_mean_resource_fraction,0.40148706378850874
pilot_v1_r1_mu010,R1,split_high_low,32,0,eval_mean_mean_reserve_welfare,0.8154123075747218
pilot_v1_r1_mu010,R1,split_high_low,32,0,final_wealth_gini,0.5328892275696757
pilot_v1_r1_mu010,R1,split_high_low,64,0,eval_mean_mean_resource_fraction,0.0924214058485364
pilot_v1_r1_mu010,R1,split_high_low,64,0,eval_mean_mean_reserve_welfare,0.649552898173522
pilot_v1_r1_mu010,R1,split_high_low,64,0,final_wealth_gini,0.5935840840666571
pilot_v1_r1_mu010,R1,uniform_high,32,1,eval_mean_mean_resource_fraction,0.3311392272356076
pilot_v1_r1_mu010,R1,uniform_high,32,1,eval_mean_mean_reserve_welfare,0.9740056526293575
pilot_v1_r1_mu010,R1,uniform_high,32,1,final_wealth_gini,0.4079689016956669
pilot_v1_r1_mu010,R1,uniform_high,64,1,eval_mean_mean_resource_fraction,0.11883933968208443
pilot_v1_r1_mu010,R1,uniform_high,64,1,eval_mean_mean_reserve_welfare,0.7541691521609935
pilot_v1_r1_mu010,R1,uniform_high,64,1,final_wealth_gini,0.4902134931328166
pilot_v1_r1_mu010,R1,patchy_high,32,1,eval_mean_mean_resource_fraction,0.35212811996882604
pilot_v1_r1_mu010,R1,patchy_high,32,1,eval_mean_mean_reserve_welfare,0.9952821828080103
pilot_v1_r1_mu010,R1,patchy_high,32,1,final_wealth_gini,0.39796652961322376
pilot_v1_r1_mu010,R1,patchy_high,64,1,eval_mean_mean_resource_fraction,0.15792122985373117
pilot_v1_r1_mu010,R1,patchy_high,64,1,eval_mean_mean_reserve_welfare,0.8673878028715203
pilot_v1_r1_mu010,R1,patchy_high,64,1,final_wealth_gini,0.4256982973764307
pilot_v1_r1_mu010,R1,split_high_low,32,1,eval_mean_mean_resource_fraction,0.3658602294039539
pilot_v1_r1_mu010,R1,split_high_low,32,1,eval_mean_mean_reserve_welfare,0.8191668509333838
pilot_v1_r1_mu010,R1,split_high_low,32,1,final_wealth_gini,0.5509003946038766
pilot_v1_r1_mu010,R1,split_high_low,64,1,eval_mean_mean_resource_fraction,0.1362837197198087
pilot_v1_r1_mu010,R1,split_high_low,64,1,eval_mean_mean_reserve_welfare,0.61315237908512
pilot_v1_r1_mu010,R1,split_high_low,64,1,final_wealth_gini,0.6641359929884167
pilot_v1_r1_mu010,R1,uniform_high,32,2,eval_mean_mean_resource_fraction,0.24278194801717473
pilot_v1_r1_mu010,R1,uniform_high,32,2,eval_mean_mean_reserve_welfare,0.9979999999999998
pilot_v1_r1_mu010,R1,uniform_high,32,2,final_wealth_gini,0.2889550777490397
pilot_v1_r1_mu010,R1,uniform_high,64,2,eval_mean_mean_resource_fraction,0.127822880371645
pilot_v1_r1_mu010,R1,uniform_high,64,2,eval_mean_mean_reserve_welfare,0.7819749808729094
pilot_v1_r1_mu010,R1,uniform_high,64,2,final_wealth_gini,0.45927846883444334
pilot_v1_r1_mu010,R1,patchy_high,32,2,eval_mean_mean_resource_fraction,0.24855754614291306
pilot_v1_r1_mu010,R1,patchy_high,32,2,eval_mean_mean_reserve_welfare,0.9979999999999998
pilot_v1_r1_mu010,R1,patchy_high,32,2,final_wealth_gini,0.2846307118846001
pilot_v1_r1_mu010,R1,patchy_high,64,2,eval_mean_mean_resource_fraction,0.11525116459126608
pilot_v1_r1_mu010,R1,patchy_high,64,2,eval_mean_mean_reserve_welfare,0.7892576481612132
pilot_v1_r1_mu010,R1,patchy_high,64,2,final_wealth_gini,0.4155526809475856
pilot_v1_r1_mu010,R1,split_high_low,32,2,eval_mean_mean_resource_fraction,0.27971295509106253
pilot_v1_r1_mu010,R1,split_high_low,32,2,eval_mean_mean_reserve_welfare,0.8323479534864638
pilot_v1_r1_mu010,R1,split_high_low,32,2,final_wealth_gini,0.4828494554061442
pilot_v1_r1_mu010,R1,split_high_low,64,2,eval_mean_mean_resource_fraction,0.10209673177400148
pilot_v1_r1_mu010,R1,split_high_low,64,2,eval_mean_mean_reserve_welfare,0.6263990685921631
pilot_v1_r1_mu010,R1,split_high_low,64,2,final_wealth_gini,0.6226325879627674
pilot_v1_r1_mu010,R1,uniform_high,32,3,eval_mean_mean_resource_fraction,0.24069585521383355
pilot_v1_r1_mu010,R1,uniform_high,32,3,eval_mean_mean_reserve_welfare,0.9979642308907937
pilot_v1_r1_mu010,R1,uniform_high,32,3,final_wealth_gini,0.2665590963542339
pilot_v1_r1_mu010,R1,uniform_high,64,3,eval_mean_mean_resource_fraction,0.11198505002671875
pilot_v1_r1_mu010,R1,uniform_high,64,3,eval_mean_mean_reserve_welfare,0.7631923225067251
pilot_v1_r1_mu010,R1,uniform_high,64,3,final_wealth_gini,0.4183431726987039
pilot_v1_r1_mu010,R1,patchy_high,32,3,eval_mean_mean_resource_fraction,0.20884791716621964
pilot_v1_r1_mu010,R1,patchy_high,32,3,eval_mean_mean_reserve_welfare,0.9979999999999998
pilot_v1_r1_mu010,R1,patchy_high,32,3,final_wealth_gini,0.259775841541086
pilot_v1_r1_mu010,R1,patchy_high,64,3,eval_mean_mean_resource_fraction,0.0788546341751546
pilot_v1_r1_mu010,R1,patchy_high,64,3,eval_mean_mean_reserve_welfare,0.715911748620564
pilot_v1_r1_mu010,R1,patchy_high,64,3,final_wealth_gini,0.404558095428579
pilot_v1_r1_mu010,R1,split_high_low,32,3,eval_mean_mean_resource_fraction,0.31386205315292204
pilot_v1_r1_mu010,R1,split_high_low,32,3,eval_mean_mean_reserve_welfare,0.8211890072300583
pilot_v1_r1_mu010,R1,split_high_low,32,3,final_wealth_gini,0.4778156795663937
pilot_v1_r1_mu010,R1,split_high_low,64,3,eval_mean_mean_resource_fraction,0.14895533161412589
pilot_v1_r1_mu010,R1,split_high_low,64,3,eval_mean_mean_reserve_welfare,0.7443711139342992
pilot_v1_r1_mu010,R1,split_high_low,64,3,final_wealth_gini,0.5737491730767608
pilot_v1_r1_mu010,R1,uniform_high,32,4,eval_mean_mean_resource_fraction,0.2924099523043139
pilot_v1_r1_mu010,R1,uniform_high,32,4,eval_mean_mean_reserve_welfare,0.9235918459100969
pilot_v1_r1_mu010,R1,uniform_high,32,4,final_wealth_gini,0.38262991372630206
pilot_v1_r1_mu010,R1,uniform_high,64,4,eval_mean_mean_resource_fraction,0.12241649919864267
pilot_v1_r1_mu010,R1,uniform_high,64,4,eval_mean_mean_reserve_welfare,0.7986103274799672
pilot_v1_r1_mu010,R1,uniform_high,64,4,final_wealth_gini,0.42383936928775734
pilot_v1_r1_mu010,R1,patchy_high,32,4,eval_mean_mean_resource_fraction,0.2737859229533875
pilot_v1_r1_mu010,R1,patchy_high,32,4,eval_mean_mean_reserve_welfare,0.9687061328670088
pilot_v1_r1_mu010,R1,patchy_high,32,4,final_wealth_gini,0.30473721129714515
pilot_v1_r1_mu010,R1,patchy_high,64,4,eval_mean_mean_resource_fraction,0.11223302537002905
pilot_v1_r1_mu010,R1,patchy_high,64,4,eval_mean_mean_reserve_welfare,0.7538270139893227
pilot_v1_r1_mu010,R1,patchy_high,64,4,final_wealth_gini,0.4534044759418734
pilot_v1_r1_mu010,R1,split_high_low,32,4,eval_mean_mean_resource_fraction,0.2710658499512082
pilot_v1_r1_mu010,R1,split_high_low,32,4,eval_mean_mean_reserve_welfare,0.9348971317810683
pilot_v1_r1_mu010,R1,split_high_low,32,4,final_wealth_gini,0.43765679008956626
pilot_v1_r1_mu010,R1,split_high_low,64,4,eval_mean_mean_resource_fraction,0.08522788214821266
pilot_v1_r1_mu010,R1,split_high_low,64,4,eval_mean_mean_reserve_welfare,0.645479502635706
pilot_v1_r1_mu010,R1,split_high_low,64,4,final_wealth_gini,0.5642226325248403
pilot_v1_r1_mu010,R1,uniform_high,32,5,eval_mean_mean_resource_fraction,0.28363041277955064
pilot_v1_r1_mu010,R1,uniform_high,32,5,eval_mean_mean_reserve_welfare,0.9682811510090849
pilot_v1_r1_mu010,R1,uniform_high,32,5,final_wealth_gini,0.35304136852408563
pilot_v1_r1_mu010,R1,uniform_high,64,5,eval_mean_mean_resource_fraction,0.1282185672053137
pilot_v1_r1_mu010,R1,uniform_high,64,5,eval_mean_mean_reserve_welfare,0.7559804330874881
pilot_v1_r1_mu010,R1,uniform_high,64,5,final_wealth_gini,0.47569534356178655
pilot_v1_r1_mu010,R1,patchy_high,32,5,eval_mean_mean_resource_fraction,0.28505725375089924
pilot_v1_r1_mu010,R1,patchy_high,32,5,eval_mean_mean_reserve_welfare,0.9726518840963421
pilot_v1_r1_mu010,R1,patchy_high,32,5,final_wealth_gini,0.3425390082999289
pilot_v1_r1_mu010,R1,patchy_high,64,5,eval_mean_mean_resource_fraction,0.1284869135379866
pilot_v1_r1_mu010,R1,patchy_high,64,5,eval_mean_mean_reserve_welfare,0.8499583838713763
pilot_v1_r1_mu010,R1,patchy_high,64,5,final_wealth_gini,0.4203087957113938
pilot_v1_r1_mu010,R1,split_high_low,32,5,eval_mean_mean_resource_fraction,0.28768870238170485
pilot_v1_r1_mu010,R1,split_high_low,32,5,eval_mean_mean_reserve_welfare,0.9117138279801211
pilot_v1_r1_mu010,R1,split_high_low,32,5,final_wealth_gini,0.45339602986663396
pilot_v1_r1_mu010,R1,split_high_low,64,5,eval_mean_mean_resource_fraction,0.1612250967396973
pilot_v1_r1_mu010,R1,split_high_low,64,5,eval_mean_mean_reserve_welfare,0.6876859493207726
pilot_v1_r1_mu010,R1,split_high_low,64,5,final_wealth_gini,0.6126343452039966
pilot_v1_r1_mu010,R1,uniform_high,32,6,eval_mean_mean_resource_fraction,0.30781345523351855
pilot_v1_r1_mu010,R1,uniform_high,32,6,eval_mean_mean_reserve_welfare,0.8661138525665508
pilot_v1_r1_mu010,R1,uniform_high,32,6,final_wealth_gini,0.40442033763823937
pilot_v1_r1_mu010,R1,uniform_high,64,6,eval_mean_mean_resource_fraction,0.11842605985454273
pilot_v1_r1_mu010,R1,uniform_high,64,6,eval_mean_mean_reserve_welfare,0.7040844017779195
pilot_v1_r1_mu010,R1,uniform_high,64,6,final_wealth_gini,0.4824255057693436
pilot_v1_r1_mu010,R1,patchy_high,32,6,eval_mean_mean_resource_fraction,0.31346297532399503
pilot_v1_r1_mu010,R1,patchy_high,32,6,eval_mean_mean_reserve_welfare,0.8861605832750301
pilot_v1_r1_mu010,R1,patchy_high,32,6,final_wealth_gini,0.3962743699298812
pilot_v1_r1_mu010,R1,patchy_high,64,6,eval_mean_mean_resource_fraction,0.1064299355675189
pilot_v1_r1_mu010,R1,patchy_high,64,6,eval_mean_mean_reserve_welfare,0.714258002769823
pilot_v1_r1_mu010,R1,patchy_high,64,6,final_wealth_gini,0.44494108970274193
pilot_v1_r1_mu010,R1,split_high_low,32,6,eval_mean_mean_resource_fraction,0.2555537949904466
pilot_v1_r1_mu010,R1,split_high_low,32,6,eval_mean_mean_reserve_welfare,0.9177926516224166
pilot_v1_r1_mu010,R1,split_high_low,32,6,final_wealth_gini,0.42129949492155827
pilot_v1_r1_mu010,R1,split_high_low,64,6,eval_mean_mean_resource_fraction,0.07498877395119972
pilot_v1_r1_mu010,R1,split_high_low,64,6,eval_mean_mean_reserve_welfare,0.5685515333233992
pilot_v1_r1_mu010,R1,split_high_low,64,6,final_wealth_gini,0.6281427569122653
pilot_v1_r1_mu010,R1,uniform_high,32,7,eval_mean_mean_resource_fraction,0.2705331539146034
pilot_v1_r1_mu010,R1,uniform_high,32,7,eval_mean_mean_reserve_welfare,0.9534062085760813
pilot_v1_r1_mu010,R1,uniform_high,32,7,final_wealth_gini,0.3230968842421642
pilot_v1_r1_mu010,R1,uniform_high,64,7,eval_mean_mean_resource_fraction,0.15604920094774502
pilot_v1_r1_mu010,R1,uniform_high,64,7,eval_mean_mean_reserve_welfare,0.8188617617241779
pilot_v1_r1_mu010,R1,uniform_high,64,7,final_wealth_gini,0.4673570888123051
pilot_v1_r1_mu010,R1,patchy_high,32,7,eval_mean_mean_resource_fraction,0.3234013304572175
pilot_v1_r1_mu010,R1,patchy_high,32,7,eval_mean_mean_reserve_welfare,0.9571460101105038
pilot_v1_r1_mu010,R1,patchy_high,32,7,final_wealth_gini,0.345038291722791
pilot_v1_r1_mu010,R1,patchy_high,64,7,eval_mean_mean_resource_fraction,0.11720685547469577
pilot_v1_r1_mu010,R1,patchy_high,64,7,eval_mean_mean_reserve_welfare,0.6880250970014051
pilot_v1_r1_mu010,R1,patchy_high,64,7,final_wealth_gini,0.5476525845545508
pilot_v1_r1_mu010,R1,split_high_low,32,7,eval_mean_mean_resource_fraction,0.31631760244633006
pilot_v1_r1_mu010,R1,split_high_low,32,7,eval_mean_mean_reserve_welfare,0.8121641173838788
pilot_v1_r1_mu010,R1,split_high_low,32,7,final_wealth_gini,0.49551915750859066
pilot_v1_r1_mu010,R1,split_high_low,64,7,eval_mean_mean_resource_fraction,0.1941527100061809
pilot_v1_r1_mu010,R1,split_high_low,64,7,eval_mean_mean_reserve_welfare,0.6041243166762568
pilot_v1_r1_mu010,R1,split_high_low,64,7,final_wealth_gini,0.6827239126449896
pilot_v1_r1_mu010,R1,uniform_high,32,8,eval_mean_mean_resource_fraction,0.27487898449714815
pilot_v1_r1_mu010,R1,uniform_high,32,8,eval_mean_mean_reserve_welfare,0.8796014025122899
pilot_v1_r1_mu010,R1,uniform_high,32,8,final_wealth_gini,0.3974131767645821
pilot_v1_r1_mu010,R1,uniform_high,64,8,eval_mean_mean_resource_fraction,0.0929427370863092
pilot_v1_r1_mu010,R1,uniform_high,64,8,eval_mean_mean_reserve_welfare,0.6123006425029803
pilot_v1_r1_mu010,R1,uniform_high,64,8,final_wealth_gini,0.4976239684322845
pilot_v1_r1_mu010,R1,patchy_high,32,8,eval_mean_mean_resource_fraction,0.30407466125703436
pilot_v1_r1_mu010,R1,patchy_high,32,8,eval_mean_mean_reserve_welfare,0.9056671441877922
pilot_v1_r1_mu010,R1,patchy_high,32,8,final_wealth_gini,0.36279184115723484
pilot_v1_r1_mu010,R1,patchy_high,64,8,eval_mean_mean_resource_fraction,0.12366241434257631
pilot_v1_r1_mu010,R1,patchy_high,64,8,eval_mean_mean_reserve_welfare,0.7476715100086626
pilot_v1_r1_mu010,R1,patchy_high,64,8,final_wealth_gini,0.4846040614130245
pilot_v1_r1_mu010,R1,split_high_low,32,8,eval_mean_mean_resource_fraction,0.3353128896080989
pilot_v1_r1_mu010,R1,split_high_low,32,8,eval_mean_mean_reserve_welfare,0.793869818888405
pilot_v1_r1_mu010,R1,split_high_low,32,8,final_wealth_gini,0.5272475042260083
pilot_v1_r1_mu010,R1,split_high_low,64,8,eval_mean_mean_resource_fraction,0.1168092725908555
pilot_v1_r1_mu010,R1,split_high_low,64,8,eval_mean_mean_reserve_welfare,0.5681711209029856
pilot_v1_r1_mu010,R1,split_high_low,64,8,final_wealth_gini,0.6917120618869692
pilot_v1_r1_mu010,R1,uniform_high,32,9,eval_mean_mean_resource_fraction,0.3140119583121584
pilot_v1_r1_mu010,R1,uniform_high,32,9,eval_mean_mean_reserve_welfare,0.9672550489572713
pilot_v1_r1_mu010,R1,uniform_high,32,9,final_wealth_gini,0.2887949536623102
pilot_v1_r1_mu010,R1,uniform_high,64,9,eval_mean_mean_resource_fraction,0.07881580089353384
pilot_v1_r1_mu010,R1,uniform_high,64,9,eval_mean_mean_reserve_welfare,0.7384841296393174
pilot_v1_r1_mu010,R1,uniform_high,64,9,final_wealth_gini,0.39592395015136983
pilot_v1_r1_mu010,R1,patchy_high,32,9,eval_mean_mean_resource_fraction,0.3125268168576721
pilot_v1_r1_mu010,R1,patchy_high,32,9,eval_mean_mean_reserve_welfare,0.9696560321209657
pilot_v1_r1_mu010,R1,patchy_high,32,9,final_wealth_gini,0.2912395799998302
pilot_v1_r1_mu010,R1,patchy_high,64,9,eval_mean_mean_resource_fraction,0.09372184876582441
pilot_v1_r1_mu010,R1,patchy_high,64,9,eval_mean_mean_reserve_welfare,0.7899734127126764
pilot_v1_r1_mu010,R1,patchy_high,64,9,final_wealth_gini,0.3888076668699112
pilot_v1_r1_mu010,R1,split_high_low,32,9,eval_mean_mean_resource_fraction,0.2676740696945336
pilot_v1_r1_mu010,R1,split_high_low,32,9,eval_mean_mean_reserve_welfare,0.8820415550529237
pilot_v1_r1_mu010,R1,split_high_low,32,9,final_wealth_gini,0.42578794397272235
pilot_v1_r1_mu010,R1,split_high_low,64,9,eval_mean_mean_resource_fraction,0.10720432578188667
pilot_v1_r1_mu010,R1,split_high_low,64,9,eval_mean_mean_reserve_welfare,0.710965950665646
pilot_v1_r1_mu010,R1,split_high_low,64,9,final_wealth_gini,0.5505393338389486
pilot_v1_r2_mu010,R2,uniform_high,32,0,eval_mean_mean_resource_fraction,0.31181375719598675
pilot_v1_r2_mu010,R2,uniform_high,32,0,eval_mean_mean_reserve_welfare,0.9802841178514943
pilot_v1_r2_mu010,R2,uniform_high,32,0,final_wealth_gini,0.3303554630999377
pilot_v1_r2_mu010,R2,uniform_high,64,0,eval_mean_mean_resource_fraction,0.09597293641396948
pilot_v1_r2_mu010,R2,uniform_high,64,0,eval_mean_mean_reserve_welfare,0.7747033641234284
pilot_v1_r2_mu010,R2,uniform_high,64,0,final_wealth_gini,0.40807030622302043
pilot_v1_r2_mu010,R2,patchy_high,32,0,eval_mean_mean_resource_fraction,0.3133256655157791
pilot_v1_r2_mu010,R2,patchy_high,32,0,eval_mean_mean_reserve_welfare,0.975992927856702
pilot_v1_r2_mu010,R2,patchy_high,32,0,final_wealth_gini,0.3172493912112966
pilot_v1_r2_mu010,R2,patchy_high,64,0,eval_mean_mean_resource_fraction,0.11151267177952713
pilot_v1_r2_mu010,R2,patchy_high,64,0,eval_mean_mean_reserve_welfare,0.855986309542883
pilot_v1_r2_mu010,R2,patchy_high,64,0,final_wealth_gini,0.3551711997839442
pilot_v1_r2_mu010,R2,split_high_low,32,0,eval_mean_mean_resource_fraction,0.3814637181512943
pilot_v1_r2_mu010,R2,split_high_low,32,0,eval_mean_mean_reserve_welfare,0.8106244783338923
pilot_v1_r2_mu010,R2,split_high_low,32,0,final_wealth_gini,0.5016727424088603
pilot_v1_r2_mu010,R2,split_high_low,64,0,eval_mean_mean_resource_fraction,0.110004443032703
pilot_v1_r2_mu010,R2,split_high_low,64,0,eval_mean_mean_reserve_welfare,0.696857270037475
pilot_v1_r2_mu010,R2,split_high_low,64,0,final_wealth_gini,0.5786319263059061
pilot_v1_r2_mu010,R2,uniform_high,32,1,eval_mean_mean_resource_fraction,0.3306758415539416
pilot_v1_r2_mu010,R2,uniform_high,32,1,eval_mean_mean_reserve_welfare,0.969471141899877
pilot_v1_r2_mu010,R2,uniform_high,32,1,final_wealth_gini,0.4089355883947001
pilot_v1_r2_mu010,R2,uniform_high,64,1,eval_mean_mean_resource_fraction,0.18302363834251043
pilot_v1_r2_mu010,R2,uniform_high,64,1,eval_mean_mean_reserve_welfare,0.8618302142640252
pilot_v1_r2_mu010,R2,uniform_high,64,1,final_wealth_gini,0.43384769990171645
pilot_v1_r2_mu010,R2,patchy_high,32,1,eval_mean_mean_resource_fraction,0.3587341112667209
pilot_v1_r2_mu010,R2,patchy_high,32,1,eval_mean_mean_reserve_welfare,0.9953034216354218
pilot_v1_r2_mu010,R2,patchy_high,32,1,final_wealth_gini,0.3911818617139866
pilot_v1_r2_mu010,R2,patchy_high,64,1,eval_mean_mean_resource_fraction,0.08920511281255326
pilot_v1_r2_mu010,R2,patchy_high,64,1,eval_mean_mean_reserve_welfare,0.663814990891005
pilot_v1_r2_mu010,R2,patchy_high,64,1,final_wealth_gini,0.4812915354867664
pilot_v1_r2_mu010,R2,split_high_low,32,1,eval_mean_mean_resource_fraction,0.39317188313999246
pilot_v1_r2_mu010,R2,split_high_low,32,1,eval_mean_mean_reserve_welfare,0.8375665979883684
pilot_v1_r2_mu010,R2,split_high_low,32,1,final_wealth_gini,0.5385391886954332
pilot_v1_r2_mu010,R2,split_high_low,64,1,eval_mean_mean_resource_fraction,0.1362330896887209
pilot_v1_r2_mu010,R2,split_high_low,64,1,eval_mean_mean_reserve_welfare,0.6183454363968177
pilot_v1_r2_mu010,R2,split_high_low,64,1,final_wealth_gini,0.6631243302610894
pilot_v1_r2_mu010,R2,uniform_high,32,2,eval_mean_mean_resource_fraction,0.24278194801717473
pilot_v1_r2_mu010,R2,uniform_high,32,2,eval_mean_mean_reserve_welfare,0.9979999999999998
pilot_v1_r2_mu010,R2,uniform_high,32,2,final_wealth_gini,0.2889550777490397
pilot_v1_r2_mu010,R2,uniform_high,64,2,eval_mean_mean_resource_fraction,0.11574094271129691
pilot_v1_r2_mu010,R2,uniform_high,64,2,eval_mean_mean_reserve_welfare,0.7904929611828393
pilot_v1_r2_mu010,R2,uniform_high,64,2,final_wealth_gini,0.4236245523998423
pilot_v1_r2_mu010,R2,patchy_high,32,2,eval_mean_mean_resource_fraction,0.24855754614291306
pilot_v1_r2_mu010,R2,patchy_high,32,2,eval_mean_mean_reserve_welfare,0.9979999999999998
pilot_v1_r2_mu010,R2,patchy_high,32,2,final_wealth_gini,0.2846307118846001
pilot_v1_r2_mu010,R2,patchy_high,64,2,eval_mean_mean_resource_fraction,0.14464930732840509
pilot_v1_r2_mu010,R2,patchy_high,64,2,eval_mean_mean_reserve_welfare,0.8332098753422027
pilot_v1_r2_mu010,R2,patchy_high,64,2,final_wealth_gini,0.4296000171965364
pilot_v1_r2_mu010,R2,split_high_low,32,2,eval_mean_mean_resource_fraction,0.2805492912795643
pilot_v1_r2_mu010,R2,split_high_low,32,2,eval_mean_mean_reserve_welfare,0.8372577787175424
pilot_v1_r2_mu010,R2,split_high_low,32,2,final_wealth_gini,0.48248556942340004
pilot_v1_r2_mu010,R2,split_high_low,64,2,eval_mean_mean_resource_fraction,0.13068603713653704
pilot_v1_r2_mu010,R2,split_high_low,64,2,eval_mean_mean_reserve_welfare,0.6492075571490727
pilot_v1_r2_mu010,R2,split_high_low,64,2,final_wealth_gini,0.626676783269799
pilot_v1_r2_mu010,R2,uniform_high,32,3,eval_mean_mean_resource_fraction,0.22833517359060312
pilot_v1_r2_mu010,R2,uniform_high,32,3,eval_mean_mean_reserve_welfare,0.9979999999999998
pilot_v1_r2_mu010,R2,uniform_high,32,3,final_wealth_gini,0.2713119968376949
pilot_v1_r2_mu010,R2,uniform_high,64,3,eval_mean_mean_resource_fraction,0.11049122442485514
pilot_v1_r2_mu010,R2,uniform_high,64,3,eval_mean_mean_reserve_welfare,0.7442627300286476
pilot_v1_r2_mu010,R2,uniform_high,64,3,final_wealth_gini,0.4202961983888811
pilot_v1_r2_mu010,R2,patchy_high,32,3,eval_mean_mean_resource_fraction,0.20884489187223643
pilot_v1_r2_mu010,R2,patchy_high,32,3,eval_mean_mean_reserve_welfare,0.9979999999999998
pilot_v1_r2_mu010,R2,patchy_high,32,3,final_wealth_gini,0.25978906289258763
pilot_v1_r2_mu010,R2,patchy_high,64,3,eval_mean_mean_resource_fraction,0.11058111077767062
pilot_v1_r2_mu010,R2,patchy_high,64,3,eval_mean_mean_reserve_welfare,0.783015945530338
pilot_v1_r2_mu010,R2,patchy_high,64,3,final_wealth_gini,0.4100885594999193
pilot_v1_r2_mu010,R2,split_high_low,32,3,eval_mean_mean_resource_fraction,0.3107859578005407
pilot_v1_r2_mu010,R2,split_high_low,32,3,eval_mean_mean_reserve_welfare,0.8140350913183779
pilot_v1_r2_mu010,R2,split_high_low,32,3,final_wealth_gini,0.47835990773713477
pilot_v1_r2_mu010,R2,split_high_low,64,3,eval_mean_mean_resource_fraction,0.12681288182320688
pilot_v1_r2_mu010,R2,split_high_low,64,3,eval_mean_mean_reserve_welfare,0.7139337919705935
pilot_v1_r2_mu010,R2,split_high_low,64,3,final_wealth_gini,0.586925158228327
pilot_v1_r2_mu010,R2,uniform_high,32,4,eval_mean_mean_resource_fraction,0.2658462507639729
pilot_v1_r2_mu010,R2,uniform_high,32,4,eval_mean_mean_reserve_welfare,0.9312305842368844
pilot_v1_r2_mu010,R2,uniform_high,32,4,final_wealth_gini,0.3560901615816292
pilot_v1_r2_mu010,R2,uniform_high,64,4,eval_mean_mean_resource_fraction,0.10424366231520114
pilot_v1_r2_mu010,R2,uniform_high,64,4,eval_mean_mean_reserve_welfare,0.7153582105893677
pilot_v1_r2_mu010,R2,uniform_high,64,4,final_wealth_gini,0.46466008427494465
pilot_v1_r2_mu010,R2,patchy_high,32,4,eval_mean_mean_resource_fraction,0.25275827418460917
pilot_v1_r2_mu010,R2,patchy_high,32,4,eval_mean_mean_reserve_welfare,0.9528352458183216
pilot_v1_r2_mu010,R2,patchy_high,32,4,final_wealth_gini,0.3260685981098843
pilot_v1_r2_mu010,R2,patchy_high,64,4,eval_mean_mean_resource_fraction,0.15901905294337945
pilot_v1_r2_mu010,R2,patchy_high,64,4,eval_mean_mean_reserve_welfare,0.8926075767588368
pilot_v1_r2_mu010,R2,patchy_high,64,4,final_wealth_gini,0.4052484409095265
pilot_v1_r2_mu010,R2,split_high_low,32,4,eval_mean_mean_resource_fraction,0.24892068150848445
pilot_v1_r2_mu010,R2,split_high_low,32,4,eval_mean_mean_reserve_welfare,0.9085005525046154
pilot_v1_r2_mu010,R2,split_high_low,32,4,final_wealth_gini,0.464470958436912
pilot_v1_r2_mu010,R2,split_high_low,64,4,eval_mean_mean_resource_fraction,0.08815556683524942
pilot_v1_r2_mu010,R2,split_high_low,64,4,eval_mean_mean_reserve_welfare,0.6562070341755023
pilot_v1_r2_mu010,R2,split_high_low,64,4,final_wealth_gini,0.5564843423522592
pilot_v1_r2_mu010,R2,uniform_high,32,5,eval_mean_mean_resource_fraction,0.28371220966824134
pilot_v1_r2_mu010,R2,uniform_high,32,5,eval_mean_mean_reserve_welfare,0.9682675120502156
pilot_v1_r2_mu010,R2,uniform_high,32,5,final_wealth_gini,0.35296327585339915
pilot_v1_r2_mu010,R2,uniform_high,64,5,eval_mean_mean_resource_fraction,0.1174000001861673
pilot_v1_r2_mu010,R2,uniform_high,64,5,eval_mean_mean_reserve_welfare,0.7699604375258022
pilot_v1_r2_mu010,R2,uniform_high,64,5,final_wealth_gini,0.4712968390755812
pilot_v1_r2_mu010,R2,patchy_high,32,5,eval_mean_mean_resource_fraction,0.2821561536026951
pilot_v1_r2_mu010,R2,patchy_high,32,5,eval_mean_mean_reserve_welfare,0.9729195409834273
pilot_v1_r2_mu010,R2,patchy_high,32,5,final_wealth_gini,0.3433808534869529
pilot_v1_r2_mu010,R2,patchy_high,64,5,eval_mean_mean_resource_fraction,0.11973482393944125
pilot_v1_r2_mu010,R2,patchy_high,64,5,eval_mean_mean_reserve_welfare,0.7999334696161109
pilot_v1_r2_mu010,R2,patchy_high,64,5,final_wealth_gini,0.422789384139711
pilot_v1_r2_mu010,R2,split_high_low,32,5,eval_mean_mean_resource_fraction,0.31748732528294615
pilot_v1_r2_mu010,R2,split_high_low,32,5,eval_mean_mean_reserve_welfare,0.9409311411123199
pilot_v1_r2_mu010,R2,split_high_low,32,5,final_wealth_gini,0.46017554896263935
pilot_v1_r2_mu010,R2,split_high_low,64,5,eval_mean_mean_resource_fraction,0.16804757718968755
pilot_v1_r2_mu010,R2,split_high_low,64,5,eval_mean_mean_reserve_welfare,0.7052205601880662
pilot_v1_r2_mu010,R2,split_high_low,64,5,final_wealth_gini,0.6013938497726303
pilot_v1_r2_mu010,R2,uniform_high,32,6,eval_mean_mean_resource_fraction,0.3031707298537022
pilot_v1_r2_mu010,R2,uniform_high,32,6,eval_mean_mean_reserve_welfare,0.8869975657860825
pilot_v1_r2_mu010,R2,uniform_high,32,6,final_wealth_gini,0.40789985926872063
pilot_v1_r2_mu010,R2,uniform_high,64,6,eval_mean_mean_resource_fraction,0.09180838445166907
pilot_v1_r2_mu010,R2,uniform_high,64,6,eval_mean_mean_reserve_welfare,0.6830160060772827
pilot_v1_r2_mu010,R2,uniform_high,64,6,final_wealth_gini,0.4628392600191591
pilot_v1_r2_mu010,R2,patchy_high,32,6,eval_mean_mean_resource_fraction,0.3407878667385098
pilot_v1_r2_mu010,R2,patchy_high,32,6,eval_mean_mean_reserve_welfare,0.9814440334262201
pilot_v1_r2_mu010,R2,patchy_high,32,6,final_wealth_gini,0.35194616870415607
pilot_v1_r2_mu010,R2,patchy_high,64,6,eval_mean_mean_resource_fraction,0.10840794811633296
pilot_v1_r2_mu010,R2,patchy_high,64,6,eval_mean_mean_reserve_welfare,0.6885299943530331
pilot_v1_r2_mu010,R2,patchy_high,64,6,final_wealth_gini,0.48196164791595697
pilot_v1_r2_mu010,R2,split_high_low,32,6,eval_mean_mean_resource_fraction,0.29387079501296615
pilot_v1_r2_mu010,R2,split_high_low,32,6,eval_mean_mean_reserve_welfare,0.9363356875418951
pilot_v1_r2_mu010,R2,split_high_low,32,6,final_wealth_gini,0.4228564262836958
pilot_v1_r2_mu010,R2,split_high_low,64,6,eval_mean_mean_resource_fraction,0.1021648707778524
pilot_v1_r2_mu010,R2,split_high_low,64,6,eval_mean_mean_reserve_welfare,0.6141081833145697
pilot_v1_r2_mu010,R2,split_high_low,64,6,final_wealth_gini,0.6419401437017269
pilot_v1_r2_mu010,R2,uniform_high,32,7,eval_mean_mean_resource_fraction,0.2705331539146034
pilot_v1_r2_mu010,R2,uniform_high,32,7,eval_mean_mean_reserve_welfare,0.9534062085760813
pilot_v1_r2_mu010,R2,uniform_high,32,7,final_wealth_gini,0.3230968842421642
pilot_v1_r2_mu010,R2,uniform_high,64,7,eval_mean_mean_resource_fraction,0.11845310085488323
pilot_v1_r2_mu010,R2,uniform_high,64,7,eval_mean_mean_reserve_welfare,0.7022984994639082
pilot_v1_r2_mu010,R2,uniform_high,64,7,final_wealth_gini,0.5295801426759217
pilot_v1_r2_mu010,R2,patchy_high,32,7,eval_mean_mean_resource_fraction,0.2980150600340528
pilot_v1_r2_mu010,R2,patchy_high,32,7,eval_mean_mean_reserve_welfare,0.9689165439620806
pilot_v1_r2_mu010,R2,patchy_high,32,7,final_wealth_gini,0.3010358391782675
pilot_v1_r2_mu010,R2,patchy_high,64,7,eval_mean_mean_resource_fraction,0.1150676204632297
pilot_v1_r2_mu010,R2,patchy_high,64,7,eval_mean_mean_reserve_welfare,0.6734292914925311
pilot_v1_r2_mu010,R2,patchy_high,64,7,final_wealth_gini,0.5588748384751419
pilot_v1_r2_mu010,R2,split_high_low,32,7,eval_mean_mean_resource_fraction,0.32783953453421977
pilot_v1_r2_mu010,R2,split_high_low,32,7,eval_mean_mean_reserve_welfare,0.8260359550417469
pilot_v1_r2_mu010,R2,split_high_low,32,7,final_wealth_gini,0.47404625325437677
pilot_v1_r2_mu010,R2,split_high_low,64,7,eval_mean_mean_resource_fraction,0.22958267111687525
pilot_v1_r2_mu010,R2,split_high_low,64,7,eval_mean_mean_reserve_welfare,0.6448089581287008
pilot_v1_r2_mu010,R2,split_high_low,64,7,final_wealth_gini,0.6845019859988053
pilot_v1_r2_mu010,R2,uniform_high,32,8,eval_mean_mean_resource_fraction,0.2810415122489202
pilot_v1_r2_mu010,R2,uniform_high,32,8,eval_mean_mean_reserve_welfare,0.8929951689260954
pilot_v1_r2_mu010,R2,uniform_high,32,8,final_wealth_gini,0.3783946010345285
pilot_v1_r2_mu010,R2,uniform_high,64,8,eval_mean_mean_resource_fraction,0.07713980882952978
pilot_v1_r2_mu010,R2,uniform_high,64,8,eval_mean_mean_reserve_welfare,0.6096513672847877
pilot_v1_r2_mu010,R2,uniform_high,64,8,final_wealth_gini,0.48959057392576777
pilot_v1_r2_mu010,R2,patchy_high,32,8,eval_mean_mean_resource_fraction,0.28305646212034674
pilot_v1_r2_mu010,R2,patchy_high,32,8,eval_mean_mean_reserve_welfare,0.9012162331368697
pilot_v1_r2_mu010,R2,patchy_high,32,8,final_wealth_gini,0.3651812949091915
pilot_v1_r2_mu010,R2,patchy_high,64,8,eval_mean_mean_resource_fraction,0.11518070995833468
pilot_v1_r2_mu010,R2,patchy_high,64,8,eval_mean_mean_reserve_welfare,0.7442163004897148
pilot_v1_r2_mu010,R2,patchy_high,64,8,final_wealth_gini,0.4955130876015068
pilot_v1_r2_mu010,R2,split_high_low,32,8,eval_mean_mean_resource_fraction,0.3274092314602892
pilot_v1_r2_mu010,R2,split_high_low,32,8,eval_mean_mean_reserve_welfare,0.7759049180771392
pilot_v1_r2_mu010,R2,split_high_low,32,8,final_wealth_gini,0.5062811378593557
pilot_v1_r2_mu010,R2,split_high_low,64,8,eval_mean_mean_resource_fraction,0.11339671521309612
pilot_v1_r2_mu010,R2,split_high_low,64,8,eval_mean_mean_reserve_welfare,0.5617793144714166
pilot_v1_r2_mu010,R2,split_high_low,64,8,final_wealth_gini,0.6826361380269257
pilot_v1_r2_mu010,R2,uniform_high,32,9,eval_mean_mean_resource_fraction,0.3128593947425175
pilot_v1_r2_mu010,R2,uniform_high,32,9,eval_mean_mean_reserve_welfare,0.9656165087348011
pilot_v1_r2_mu010,R2,uniform_high,32,9,final_wealth_gini,0.2906643808550755
pilot_v1_r2_mu010,R2,uniform_high,64,9,eval_mean_mean_resource_fraction,0.08522559013373532
pilot_v1_r2_mu010,R2,uniform_high,64,9,eval_mean_mean_reserve_welfare,0.7599203058981768
pilot_v1_r2_mu010,R2,uniform_high,64,9,final_wealth_gini,0.3988141983482123
pilot_v1_r2_mu010,R2,patchy_high,32,9,eval_mean_mean_resource_fraction,0.3150295317205885
pilot_v1_r2_mu010,R2,patchy_high,32,9,eval_mean_mean_reserve_welfare,0.9774179945248561
pilot_v1_r2_mu010,R2,patchy_high,32,9,final_wealth_gini,0.26524951748651016
pilot_v1_r2_mu010,R2,patchy_high,64,9,eval_mean_mean_resource_fraction,0.08533636173694142
pilot_v1_r2_mu010,R2,patchy_high,64,9,eval_mean_mean_reserve_welfare,0.7641824936001747
pilot_v1_r2_mu010,R2,patchy_high,64,9,final_wealth_gini,0.3998384164122373
pilot_v1_r2_mu010,R2,split_high_low,32,9,eval_mean_mean_resource_fraction,0.2507194489466636
pilot_v1_r2_mu010,R2,split_high_low,32,9,eval_mean_mean_reserve_welfare,0.8844421666864773
pilot_v1_r2_mu010,R2,split_high_low,32,9,final_wealth_gini,0.3860885170313104
pilot_v1_r2_mu010,R2,split_high_low,64,9,eval_mean_mean_resource_fraction,0.11141118418029562
pilot_v1_r2_mu010,R2,split_high_low,64,9,eval_mean_mean_reserve_welfare,0.7377541992222474
pilot_v1_r2_mu010,R2,split_high_low,64,9,final_wealth_gini,0.5289785516169507
pilot_v1_r3_mu010,R3,uniform_high,32,0,eval_mean_mean_resource_fraction,0.30686579639042183
pilot_v1_r3_mu010,R3,uniform_high,32,0,eval_mean_mean_reserve_welfare,0.9802519341610516
pilot_v1_r3_mu010,R3,uniform_high,32,0,final_wealth_gini,0.3308281980245067
pilot_v1_r3_mu010,R3,uniform_high,64,0,eval_mean_mean_resource_fraction,0.09175313240558564
pilot_v1_r3_mu010,R3,uniform_high,64,0,eval_mean_mean_reserve_welfare,0.7881324527314685
pilot_v1_r3_mu010,R3,uniform_high,64,0,final_wealth_gini,0.382741145000145
pilot_v1_r3_mu010,R3,patchy_high,32,0,eval_mean_mean_resource_fraction,0.3133096774768864
pilot_v1_r3_mu010,R3,patchy_high,32,0,eval_mean_mean_reserve_welfare,0.976004148053786
pilot_v1_r3_mu010,R3,patchy_high,32,0,final_wealth_gini,0.31718964585650333
pilot_v1_r3_mu010,R3,patchy_high,64,0,eval_mean_mean_resource_fraction,0.08418381178488166
pilot_v1_r3_mu010,R3,patchy_high,64,0,eval_mean_mean_reserve_welfare,0.7892413266599008
pilot_v1_r3_mu010,R3,patchy_high,64,0,final_wealth_gini,0.37359185518634597
pilot_v1_r3_mu010,R3,split_high_low,32,0,eval_mean_mean_resource_fraction,0.38077679767364747
pilot_v1_r3_mu010,R3,split_high_low,32,0,eval_mean_mean_reserve_welfare,0.8090736476614956
pilot_v1_r3_mu010,R3,split_high_low,32,0,final_wealth_gini,0.5021531001532971
pilot_v1_r3_mu010,R3,split_high_low,64,0,eval_mean_mean_resource_fraction,0.09637260321848926
pilot_v1_r3_mu010,R3,split_high_low,64,0,eval_mean_mean_reserve_welfare,0.6700475640593825
pilot_v1_r3_mu010,R3,split_high_low,64,0,final_wealth_gini,0.5883420616381283
pilot_v1_r3_mu010,R3,uniform_high,32,1,eval_mean_mean_resource_fraction,0.31966166867021617
pilot_v1_r3_mu010,R3,uniform_high,32,1,eval_mean_mean_reserve_welfare,0.9725568365219774
pilot_v1_r3_mu010,R3,uniform_high,32,1,final_wealth_gini,0.4124573376671312
pilot_v1_r3_mu010,R3,uniform_high,64,1,eval_mean_mean_resource_fraction,0.1512383404766225
pilot_v1_r3_mu010,R3,uniform_high,64,1,eval_mean_mean_reserve_welfare,0.7557220436709801
pilot_v1_r3_mu010,R3,uniform_high,64,1,final_wealth_gini,0.5118268011043543
pilot_v1_r3_mu010,R3,patchy_high,32,1,eval_mean_mean_resource_fraction,0.334023467262196
pilot_v1_r3_mu010,R3,patchy_high,32,1,eval_mean_mean_reserve_welfare,0.9757011959302058
pilot_v1_r3_mu010,R3,patchy_high,32,1,final_wealth_gini,0.39171747996174044
pilot_v1_r3_mu010,R3,patchy_high,64,1,eval_mean_mean_resource_fraction,0.14850178443643575
pilot_v1_r3_mu010,R3,patchy_high,64,1,eval_mean_mean_reserve_welfare,0.858911858354807
pilot_v1_r3_mu010,R3,patchy_high,64,1,final_wealth_gini,0.42226421329696584
pilot_v1_r3_mu010,R3,split_high_low,32,1,eval_mean_mean_resource_fraction,0.36651728690428637
pilot_v1_r3_mu010,R3,split_high_low,32,1,eval_mean_mean_reserve_welfare,0.8220963897088696
pilot_v1_r3_mu010,R3,split_high_low,32,1,final_wealth_gini,0.5511717468799628
pilot_v1_r3_mu010,R3,split_high_low,64,1,eval_mean_mean_resource_fraction,0.17297287627461463
pilot_v1_r3_mu010,R3,split_high_low,64,1,eval_mean_mean_reserve_welfare,0.6819334762635624
pilot_v1_r3_mu010,R3,split_high_low,64,1,final_wealth_gini,0.65502685709164
pilot_v1_r3_mu010,R3,uniform_high,32,2,eval_mean_mean_resource_fraction,0.24278194801717473
pilot_v1_r3_mu010,R3,uniform_high,32,2,eval_mean_mean_reserve_welfare,0.9979999999999998
pilot_v1_r3_mu010,R3,uniform_high,32,2,final_wealth_gini,0.2889550777490397
pilot_v1_r3_mu010,R3,uniform_high,64,2,eval_mean_mean_resource_fraction,0.1106436537744545
pilot_v1_r3_mu010,R3,uniform_high,64,2,eval_mean_mean_reserve_welfare,0.7635722080622802
pilot_v1_r3_mu010,R3,uniform_high,64,2,final_wealth_gini,0.417515282155118
pilot_v1_r3_mu010,R3,patchy_high,32,2,eval_mean_mean_resource_fraction,0.24858550929734285
pilot_v1_r3_mu010,R3,patchy_high,32,2,eval_mean_mean_reserve_welfare,0.9979999999999998
pilot_v1_r3_mu010,R3,patchy_high,32,2,final_wealth_gini,0.284596923312028
pilot_v1_r3_mu010,R3,patchy_high,64,2,eval_mean_mean_resource_fraction,0.11004217842970991
pilot_v1_r3_mu010,R3,patchy_high,64,2,eval_mean_mean_reserve_welfare,0.7784476035467153
pilot_v1_r3_mu010,R3,patchy_high,64,2,final_wealth_gini,0.41199888929682915
pilot_v1_r3_mu010,R3,split_high_low,32,2,eval_mean_mean_resource_fraction,0.27960802256619866
pilot_v1_r3_mu010,R3,split_high_low,32,2,eval_mean_mean_reserve_welfare,0.8329174428251642
pilot_v1_r3_mu010,R3,split_high_low,32,2,final_wealth_gini,0.4828163009941857
pilot_v1_r3_mu010,R3,split_high_low,64,2,eval_mean_mean_resource_fraction,0.12142759177719549
pilot_v1_r3_mu010,R3,split_high_low,64,2,eval_mean_mean_reserve_welfare,0.6361993250247717
pilot_v1_r3_mu010,R3,split_high_low,64,2,final_wealth_gini,0.6119927653993216
pilot_v1_r3_mu010,R3,uniform_high,32,3,eval_mean_mean_resource_fraction,0.2263826453456552
pilot_v1_r3_mu010,R3,uniform_high,32,3,eval_mean_mean_reserve_welfare,0.9979999999999998
pilot_v1_r3_mu010,R3,uniform_high,32,3,final_wealth_gini,0.2657481981321015
pilot_v1_r3_mu010,R3,uniform_high,64,3,eval_mean_mean_resource_fraction,0.09961594010920978
pilot_v1_r3_mu010,R3,uniform_high,64,3,eval_mean_mean_reserve_welfare,0.772262270726438
pilot_v1_r3_mu010,R3,uniform_high,64,3,final_wealth_gini,0.40965644737421014
pilot_v1_r3_mu010,R3,patchy_high,32,3,eval_mean_mean_resource_fraction,0.20882315327248097
pilot_v1_r3_mu010,R3,patchy_high,32,3,eval_mean_mean_reserve_welfare,0.9979999999999998
pilot_v1_r3_mu010,R3,patchy_high,32,3,final_wealth_gini,0.2597976776070898
pilot_v1_r3_mu010,R3,patchy_high,64,3,eval_mean_mean_resource_fraction,0.09909877945701778
pilot_v1_r3_mu010,R3,patchy_high,64,3,eval_mean_mean_reserve_welfare,0.7492378052543416
pilot_v1_r3_mu010,R3,patchy_high,64,3,final_wealth_gini,0.4567987478348472
pilot_v1_r3_mu010,R3,split_high_low,32,3,eval_mean_mean_resource_fraction,0.3278690565263549
pilot_v1_r3_mu010,R3,split_high_low,32,3,eval_mean_mean_reserve_welfare,0.8269904451926177
pilot_v1_r3_mu010,R3,split_high_low,32,3,final_wealth_gini,0.496612236219526
pilot_v1_r3_mu010,R3,split_high_low,64,3,eval_mean_mean_resource_fraction,0.12059439635601166
pilot_v1_r3_mu010,R3,split_high_low,64,3,eval_mean_mean_reserve_welfare,0.6824017691568784
pilot_v1_r3_mu010,R3,split_high_low,64,3,final_wealth_gini,0.5892192152268949
pilot_v1_r3_mu010,R3,uniform_high,32,4,eval_mean_mean_resource_fraction,0.2821737392323513
pilot_v1_r3_mu010,R3,uniform_high,32,4,eval_mean_mean_reserve_welfare,0.9510865400868115
pilot_v1_r3_mu010,R3,uniform_high,32,4,final_wealth_gini,0.3411538335743738
pilot_v1_r3_mu010,R3,uniform_high,64,4,eval_mean_mean_resource_fraction,0.13236374215734428
pilot_v1_r3_mu010,R3,uniform_high,64,4,eval_mean_mean_reserve_welfare,0.7628008543090187
pilot_v1_r3_mu010,R3,uniform_high,64,4,final_wealth_gini,0.47666129045997296
pilot_v1_r3_mu010,R3,patchy_high,32,4,eval_mean_mean_resource_fraction,0.2651786889881041
pilot_v1_r3_mu010,R3,patchy_high,32,4,eval_mean_mean_reserve_welfare,0.9503554635259847
pilot_v1_r3_mu010,R3,patchy_high,32,4,final_wealth_gini,0.32241009061905057
pilot_v1_r3_mu010,R3,patchy_high,64,4,eval_mean_mean_resource_fraction,0.20260887572840766
pilot_v1_r3_mu010,R3,patchy_high,64,4,eval_mean_mean_reserve_welfare,0.9177964640602223
pilot_v1_r3_mu010,R3,patchy_high,64,4,final_wealth_gini,0.4099231762812481
pilot_v1_r3_mu010,R3,split_high_low,32,4,eval_mean_mean_resource_fraction,0.2965062688126416
pilot_v1_r3_mu010,R3,split_high_low,32,4,eval_mean_mean_reserve_welfare,0.9668504913695048
pilot_v1_r3_mu010,R3,split_high_low,32,4,final_wealth_gini,0.4190380687515931
pilot_v1_r3_mu010,R3,split_high_low,64,4,eval_mean_mean_resource_fraction,0.12298697697582059
pilot_v1_r3_mu010,R3,split_high_low,64,4,eval_mean_mean_reserve_welfare,0.7653942819536752
pilot_v1_r3_mu010,R3,split_high_low,64,4,final_wealth_gini,0.511764254209965
pilot_v1_r3_mu010,R3,uniform_high,32,5,eval_mean_mean_resource_fraction,0.28419062272268675
pilot_v1_r3_mu010,R3,uniform_high,32,5,eval_mean_mean_reserve_welfare,0.9709849042132191
pilot_v1_r3_mu010,R3,uniform_high,32,5,final_wealth_gini,0.3511882732620004
pilot_v1_r3_mu010,R3,uniform_high,64,5,eval_mean_mean_resource_fraction,0.11271993538119435
pilot_v1_r3_mu010,R3,uniform_high,64,5,eval_mean_mean_reserve_welfare,0.6835853360684673
pilot_v1_r3_mu010,R3,uniform_high,64,5,final_wealth_gini,0.5062195641707925
pilot_v1_r3_mu010,R3,patchy_high,32,5,eval_mean_mean_resource_fraction,0.282097658919658
pilot_v1_r3_mu010,R3,patchy_high,32,5,eval_mean_mean_reserve_welfare,0.9729567443091788
pilot_v1_r3_mu010,R3,patchy_high,32,5,final_wealth_gini,0.3434912163574353
pilot_v1_r3_mu010,R3,patchy_high,64,5,eval_mean_mean_resource_fraction,0.10127570473785635
pilot_v1_r3_mu010,R3,patchy_high,64,5,eval_mean_mean_reserve_welfare,0.6926401636750407
pilot_v1_r3_mu010,R3,patchy_high,64,5,final_wealth_gini,0.48655010835885704
pilot_v1_r3_mu010,R3,split_high_low,32,5,eval_mean_mean_resource_fraction,0.309917010329488
pilot_v1_r3_mu010,R3,split_high_low,32,5,eval_mean_mean_reserve_welfare,0.932112038019933
pilot_v1_r3_mu010,R3,split_high_low,32,5,final_wealth_gini,0.4396888480799288
pilot_v1_r3_mu010,R3,split_high_low,64,5,eval_mean_mean_resource_fraction,0.15047658163461017
pilot_v1_r3_mu010,R3,split_high_low,64,5,eval_mean_mean_reserve_welfare,0.656641321016016
pilot_v1_r3_mu010,R3,split_high_low,64,5,final_wealth_gini,0.6215601445000909
pilot_v1_r3_mu010,R3,uniform_high,32,6,eval_mean_mean_resource_fraction,0.3357992818847554
pilot_v1_r3_mu010,R3,uniform_high,32,6,eval_mean_mean_reserve_welfare,0.9448664749740442
pilot_v1_r3_mu010,R3,uniform_high,32,6,final_wealth_gini,0.4265336852897461
pilot_v1_r3_mu010,R3,uniform_high,64,6,eval_mean_mean_resource_fraction,0.10821873059152474
pilot_v1_r3_mu010,R3,uniform_high,64,6,eval_mean_mean_reserve_welfare,0.6987278846320346
pilot_v1_r3_mu010,R3,uniform_high,64,6,final_wealth_gini,0.46334665510028405
pilot_v1_r3_mu010,R3,patchy_high,32,6,eval_mean_mean_resource_fraction,0.34846533822920034
pilot_v1_r3_mu010,R3,patchy_high,32,6,eval_mean_mean_reserve_welfare,0.9670868490287201
pilot_v1_r3_mu010,R3,patchy_high,32,6,final_wealth_gini,0.36019671840779166
pilot_v1_r3_mu010,R3,patchy_high,64,6,eval_mean_mean_resource_fraction,0.09333539760261864
pilot_v1_r3_mu010,R3,patchy_high,64,6,eval_mean_mean_reserve_welfare,0.6534860802145702
pilot_v1_r3_mu010,R3,patchy_high,64,6,final_wealth_gini,0.48384319394456354
pilot_v1_r3_mu010,R3,split_high_low,32,6,eval_mean_mean_resource_fraction,0.2729424207407671
pilot_v1_r3_mu010,R3,split_high_low,32,6,eval_mean_mean_reserve_welfare,0.9667445160338226
pilot_v1_r3_mu010,R3,split_high_low,32,6,final_wealth_gini,0.39044828374663787
pilot_v1_r3_mu010,R3,split_high_low,64,6,eval_mean_mean_resource_fraction,0.08260954361963374
pilot_v1_r3_mu010,R3,split_high_low,64,6,eval_mean_mean_reserve_welfare,0.5549131293734306
pilot_v1_r3_mu010,R3,split_high_low,64,6,final_wealth_gini,0.6404448500920468
pilot_v1_r3_mu010,R3,uniform_high,32,7,eval_mean_mean_resource_fraction,0.2705331539146034
pilot_v1_r3_mu010,R3,uniform_high,32,7,eval_mean_mean_reserve_welfare,0.9534062085760813
pilot_v1_r3_mu010,R3,uniform_high,32,7,final_wealth_gini,0.3230968842421642
pilot_v1_r3_mu010,R3,uniform_high,64,7,eval_mean_mean_resource_fraction,0.15367107198617413
pilot_v1_r3_mu010,R3,uniform_high,64,7,eval_mean_mean_reserve_welfare,0.8288942770195463
pilot_v1_r3_mu010,R3,uniform_high,64,7,final_wealth_gini,0.4487652572787617
pilot_v1_r3_mu010,R3,patchy_high,32,7,eval_mean_mean_resource_fraction,0.3450578221055619
pilot_v1_r3_mu010,R3,patchy_high,32,7,eval_mean_mean_reserve_welfare,0.9727231959470067
pilot_v1_r3_mu010,R3,patchy_high,32,7,final_wealth_gini,0.3307621416605475
pilot_v1_r3_mu010,R3,patchy_high,64,7,eval_mean_mean_resource_fraction,0.12090164640425066
pilot_v1_r3_mu010,R3,patchy_high,64,7,eval_mean_mean_reserve_welfare,0.7156703050504104
pilot_v1_r3_mu010,R3,patchy_high,64,7,final_wealth_gini,0.5291021934692066
pilot_v1_r3_mu010,R3,split_high_low,32,7,eval_mean_mean_resource_fraction,0.3252970201477142
pilot_v1_r3_mu010,R3,split_high_low,32,7,eval_mean_mean_reserve_welfare,0.8235293795376744
pilot_v1_r3_mu010,R3,split_high_low,32,7,final_wealth_gini,0.5112053787437976
pilot_v1_r3_mu010,R3,split_high_low,64,7,eval_mean_mean_resource_fraction,0.1783524635144061
pilot_v1_r3_mu010,R3,split_high_low,64,7,eval_mean_mean_reserve_welfare,0.5860786372257184
pilot_v1_r3_mu010,R3,split_high_low,64,7,final_wealth_gini,0.6855615790842033
pilot_v1_r3_mu010,R3,uniform_high,32,8,eval_mean_mean_resource_fraction,0.2697360767827388
pilot_v1_r3_mu010,R3,uniform_high,32,8,eval_mean_mean_reserve_welfare,0.8979014252843742
pilot_v1_r3_mu010,R3,uniform_high,32,8,final_wealth_gini,0.3787129806469236
pilot_v1_r3_mu010,R3,uniform_high,64,8,eval_mean_mean_resource_fraction,0.137326607979023
pilot_v1_r3_mu010,R3,uniform_high,64,8,eval_mean_mean_reserve_welfare,0.761941100778014
pilot_v1_r3_mu010,R3,uniform_high,64,8,final_wealth_gini,0.47318258228794674
pilot_v1_r3_mu010,R3,patchy_high,32,8,eval_mean_mean_resource_fraction,0.2704425050990485
pilot_v1_r3_mu010,R3,patchy_high,32,8,eval_mean_mean_reserve_welfare,0.9007625404601585
pilot_v1_r3_mu010,R3,patchy_high,32,8,final_wealth_gini,0.38295602334651746
pilot_v1_r3_mu010,R3,patchy_high,64,8,eval_mean_mean_resource_fraction,0.14510536232280874
pilot_v1_r3_mu010,R3,patchy_high,64,8,eval_mean_mean_reserve_welfare,0.7678251030955453
pilot_v1_r3_mu010,R3,patchy_high,64,8,final_wealth_gini,0.48325527501552634
pilot_v1_r3_mu010,R3,split_high_low,32,8,eval_mean_mean_resource_fraction,0.3517911077763705
pilot_v1_r3_mu010,R3,split_high_low,32,8,eval_mean_mean_reserve_welfare,0.7889784126011382
pilot_v1_r3_mu010,R3,split_high_low,32,8,final_wealth_gini,0.5090077043492731
pilot_v1_r3_mu010,R3,split_high_low,64,8,eval_mean_mean_resource_fraction,0.11314070966949805
pilot_v1_r3_mu010,R3,split_high_low,64,8,eval_mean_mean_reserve_welfare,0.585240744349325
pilot_v1_r3_mu010,R3,split_high_low,64,8,final_wealth_gini,0.6649130767088693
pilot_v1_r3_mu010,R3,uniform_high,32,9,eval_mean_mean_resource_fraction,0.31869060673107963
pilot_v1_r3_mu010,R3,uniform_high,32,9,eval_mean_mean_reserve_welfare,0.9774037780312443
pilot_v1_r3_mu010,R3,uniform_high,32,9,final_wealth_gini,0.2565827157361311
pilot_v1_r3_mu010,R3,uniform_high,64,9,eval_mean_mean_resource_fraction,0.08762726601318704
pilot_v1_r3_mu010,R3,uniform_high,64,9,eval_mean_mean_reserve_welfare,0.7662356330580797
pilot_v1_r3_mu010,R3,uniform_high,64,9,final_wealth_gini,0.39953181783141845
pilot_v1_r3_mu010,R3,patchy_high,32,9,eval_mean_mean_resource_fraction,0.3375481948626108
pilot_v1_r3_mu010,R3,patchy_high,32,9,eval_mean_mean_reserve_welfare,0.9788084216227623
pilot_v1_r3_mu010,R3,patchy_high,32,9,final_wealth_gini,0.27500713315561587
pilot_v1_r3_mu010,R3,patchy_high,64,9,eval_mean_mean_resource_fraction,0.07945144207621135
pilot_v1_r3_mu010,R3,patchy_high,64,9,eval_mean_mean_reserve_welfare,0.7514255804837373
pilot_v1_r3_mu010,R3,patchy_high,64,9,final_wealth_gini,0.3987665103727054
pilot_v1_r3_mu010,R3,split_high_low,32,9,eval_mean_mean_resource_fraction,0.2843104827013945
pilot_v1_r3_mu010,R3,split_high_low,32,9,eval_mean_mean_reserve_welfare,0.8898933630580745
pilot_v1_r3_mu010,R3,split_high_low,32,9,final_wealth_gini,0.38773202958430053
pilot_v1_r3_mu010,R3,split_high_low,64,9,eval_mean_mean_resource_fraction,0.11127814716386496
pilot_v1_r3_mu010,R3,split_high_low,64,9,eval_mean_mean_reserve_welfare,0.7027147124036411
pilot_v1_r3_mu010,R3,split_high_low,64,9,final_wealth_gini,0.557851935316368
pilot_v1_s1,S1,uniform_high,32,0,eval_mean_mean_resource_fraction,0.3069049188271479
pilot_v1_s1,S1,uniform_high,32,0,eval_mean_mean_reserve_welfare,0.9802355948563011
pilot_v1_s1,S1,uniform_high,32,0,final_wealth_gini,0.33116382414675494
pilot_v1_s1,S1,uniform_high,64,0,eval_mean_mean_resource_fraction,0.083838332086515
pilot_v1_s1,S1,uniform_high,64,0,eval_mean_mean_reserve_welfare,0.7648315482878795
pilot_v1_s1,S1,uniform_high,64,0,final_wealth_gini,0.40401607934514794
pilot_v1_s1,S1,patchy_high,32,0,eval_mean_mean_resource_fraction,0.32585100710352616
pilot_v1_s1,S1,patchy_high,32,0,eval_mean_mean_reserve_welfare,0.9747790665748025
pilot_v1_s1,S1,patchy_high,32,0,final_wealth_gini,0.33859570304046693
pilot_v1_s1,S1,patchy_high,64,0,eval_mean_mean_resource_fraction,0.06644927227906479
pilot_v1_s1,S1,patchy_high,64,0,eval_mean_mean_reserve_welfare,0.694661704972965
pilot_v1_s1,S1,patchy_high,64,0,final_wealth_gini,0.4085867272985091
pilot_v1_s1,S1,split_high_low,32,0,eval_mean_mean_resource_fraction,0.38084101333417936
pilot_v1_s1,S1,split_high_low,32,0,eval_mean_mean_reserve_welfare,0.8076221637811025
pilot_v1_s1,S1,split_high_low,32,0,final_wealth_gini,0.502405188722034
pilot_v1_s1,S1,split_high_low,64,0,eval_mean_mean_resource_fraction,0.10791186849013204
pilot_v1_s1,S1,split_high_low,64,0,eval_mean_mean_reserve_welfare,0.6890457684842937
pilot_v1_s1,S1,split_high_low,64,0,final_wealth_gini,0.57256316227221
pilot_v1_s1,S1,uniform_high,32,1,eval_mean_mean_resource_fraction,0.332007045396782
pilot_v1_s1,S1,uniform_high,32,1,eval_mean_mean_reserve_welfare,0.9745254154535508
pilot_v1_s1,S1,uniform_high,32,1,final_wealth_gini,0.40846478571052924
pilot_v1_s1,S1,uniform_high,64,1,eval_mean_mean_resource_fraction,0.1379772082861909
pilot_v1_s1,S1,uniform_high,64,1,eval_mean_mean_reserve_welfare,0.8289524424222927
pilot_v1_s1,S1,uniform_high,64,1,final_wealth_gini,0.470750299492279
pilot_v1_s1,S1,patchy_high,32,1,eval_mean_mean_resource_fraction,0.333837622889586
pilot_v1_s1,S1,patchy_high,32,1,eval_mean_mean_reserve_welfare,0.9756451594661352
pilot_v1_s1,S1,patchy_high,32,1,final_wealth_gini,0.39187255235755014
pilot_v1_s1,S1,patchy_high,64,1,eval_mean_mean_resource_fraction,0.11784434215988226
pilot_v1_s1,S1,patchy_high,64,1,eval_mean_mean_reserve_welfare,0.7771581020204376
pilot_v1_s1,S1,patchy_high,64,1,final_wealth_gini,0.47003440680864594
pilot_v1_s1,S1,split_high_low,32,1,eval_mean_mean_resource_fraction,0.35247316966148035
pilot_v1_s1,S1,split_high_low,32,1,eval_mean_mean_reserve_welfare,0.8218698311480905
pilot_v1_s1,S1,split_high_low,32,1,final_wealth_gini,0.5412167674948942
pilot_v1_s1,S1,split_high_low,64,1,eval_mean_mean_resource_fraction,0.13913124451976744
pilot_v1_s1,S1,split_high_low,64,1,eval_mean_mean_reserve_welfare,0.6307111812139693
pilot_v1_s1,S1,split_high_low,64,1,final_wealth_gini,0.6587309139863229
pilot_v1_s1,S1,uniform_high,32,2,eval_mean_mean_resource_fraction,0.24278194801717473
pilot_v1_s1,S1,uniform_high,32,2,eval_mean_mean_reserve_welfare,0.9979999999999998
pilot_v1_s1,S1,uniform_high,32,2,final_wealth_gini,0.2889550777490397
pilot_v1_s1,S1,uniform_high,64,2,eval_mean_mean_resource_fraction,0.11071087369386881
pilot_v1_s1,S1,uniform_high,64,2,eval_mean_mean_reserve_welfare,0.7459713730199236
pilot_v1_s1,S1,uniform_high,64,2,final_wealth_gini,0.4659300225129994
pilot_v1_s1,S1,patchy_high,32,2,eval_mean_mean_resource_fraction,0.24852259211170394
pilot_v1_s1,S1,patchy_high,32,2,eval_mean_mean_reserve_welfare,0.9979999999999998
pilot_v1_s1,S1,patchy_high,32,2,final_wealth_gini,0.28457906079911366
pilot_v1_s1,S1,patchy_high,64,2,eval_mean_mean_resource_fraction,0.15767395011472757
pilot_v1_s1,S1,patchy_high,64,2,eval_mean_mean_reserve_welfare,0.8119903582317991
pilot_v1_s1,S1,patchy_high,64,2,final_wealth_gini,0.46229796436116555
pilot_v1_s1,S1,split_high_low,32,2,eval_mean_mean_resource_fraction,0.2783752885437874
pilot_v1_s1,S1,split_high_low,32,2,eval_mean_mean_reserve_welfare,0.8254613535105637
pilot_v1_s1,S1,split_high_low,32,2,final_wealth_gini,0.483280868349226
pilot_v1_s1,S1,split_high_low,64,2,eval_mean_mean_resource_fraction,0.1178478133913354
pilot_v1_s1,S1,split_high_low,64,2,eval_mean_mean_reserve_welfare,0.6601111261610829
pilot_v1_s1,S1,split_high_low,64,2,final_wealth_gini,0.606546076440968
pilot_v1_s1,S1,uniform_high,32,3,eval_mean_mean_resource_fraction,0.23171292754766998
pilot_v1_s1,S1,uniform_high,32,3,eval_mean_mean_reserve_welfare,0.9979983699619464
pilot_v1_s1,S1,uniform_high,32,3,final_wealth_gini,0.26938151664739274
pilot_v1_s1,S1,uniform_high,64,3,eval_mean_mean_resource_fraction,0.08405153397369544
pilot_v1_s1,S1,uniform_high,64,3,eval_mean_mean_reserve_welfare,0.7574137239588092
pilot_v1_s1,S1,uniform_high,64,3,final_wealth_gini,0.38426777254986955
pilot_v1_s1,S1,patchy_high,32,3,eval_mean_mean_resource_fraction,0.2087844295492282
pilot_v1_s1,S1,patchy_high,32,3,eval_mean_mean_reserve_welfare,0.9979999999999998
pilot_v1_s1,S1,patchy_high,32,3,final_wealth_gini,0.25972103987998785
pilot_v1_s1,S1,patchy_high,64,3,eval_mean_mean_resource_fraction,0.13186673569789917
pilot_v1_s1,S1,patchy_high,64,3,eval_mean_mean_reserve_welfare,0.8545239710273512
pilot_v1_s1,S1,patchy_high,64,3,final_wealth_gini,0.4056978955363417
pilot_v1_s1,S1,split_high_low,32,3,eval_mean_mean_resource_fraction,0.31275213233052684
pilot_v1_s1,S1,split_high_low,32,3,eval_mean_mean_reserve_welfare,0.8227661492946827
pilot_v1_s1,S1,split_high_low,32,3,final_wealth_gini,0.4778049262205628
pilot_v1_s1,S1,split_high_low,64,3,eval_mean_mean_resource_fraction,0.12297721601478113
pilot_v1_s1,S1,split_high_low,64,3,eval_mean_mean_reserve_welfare,0.6895825050704076
pilot_v1_s1,S1,split_high_low,64,3,final_wealth_gini,0.612924658459693
pilot_v1_s1,S1,uniform_high,32,4,eval_mean_mean_resource_fraction,0.24711826330184505
pilot_v1_s1,S1,uniform_high,32,4,eval_mean_mean_reserve_welfare,0.9293064888143963
pilot_v1_s1,S1,uniform_high,32,4,final_wealth_gini,0.3412889593578645
pilot_v1_s1,S1,uniform_high,64,4,eval_mean_mean_resource_fraction,0.12982084656735177
pilot_v1_s1,S1,uniform_high,64,4,eval_mean_mean_reserve_welfare,0.7735830031783516
pilot_v1_s1,S1,uniform_high,64,4,final_wealth_gini,0.45808840255316263
pilot_v1_s1,S1,patchy_high,32,4,eval_mean_mean_resource_fraction,0.23982503550701018
pilot_v1_s1,S1,patchy_high,32,4,eval_mean_mean_reserve_welfare,0.9261818300444427
pilot_v1_s1,S1,patchy_high,32,4,final_wealth_gini,0.33717550692738274
pilot_v1_s1,S1,patchy_high,64,4,eval_mean_mean_resource_fraction,0.10533168437271541
pilot_v1_s1,S1,patchy_high,64,4,eval_mean_mean_reserve_welfare,0.7303107338949387
pilot_v1_s1,S1,patchy_high,64,4,final_wealth_gini,0.44055360662643417
pilot_v1_s1,S1,split_high_low,32,4,eval_mean_mean_resource_fraction,0.25004559286946065
pilot_v1_s1,S1,split_high_low,32,4,eval_mean_mean_reserve_welfare,0.9041299449559191
pilot_v1_s1,S1,split_high_low,32,4,final_wealth_gini,0.4369852108096166
pilot_v1_s1,S1,split_high_low,64,4,eval_mean_mean_resource_fraction,0.0887637575088807
pilot_v1_s1,S1,split_high_low,64,4,eval_mean_mean_reserve_welfare,0.6659813078470945
pilot_v1_s1,S1,split_high_low,64,4,final_wealth_gini,0.558527282581111
pilot_v1_s1,S1,uniform_high,32,5,eval_mean_mean_resource_fraction,0.28422101257771865
pilot_v1_s1,S1,uniform_high,32,5,eval_mean_mean_reserve_welfare,0.9709860660681253
pilot_v1_s1,S1,uniform_high,32,5,final_wealth_gini,0.3511492164751233
pilot_v1_s1,S1,uniform_high,64,5,eval_mean_mean_resource_fraction,0.11818464687739766
pilot_v1_s1,S1,uniform_high,64,5,eval_mean_mean_reserve_welfare,0.7399822621808602
pilot_v1_s1,S1,uniform_high,64,5,final_wealth_gini,0.4792300291334517
pilot_v1_s1,S1,patchy_high,32,5,eval_mean_mean_resource_fraction,0.28260079322588444
pilot_v1_s1,S1,patchy_high,32,5,eval_mean_mean_reserve_welfare,0.972957861055589
pilot_v1_s1,S1,patchy_high,32,5,final_wealth_gini,0.3431346392592267
pilot_v1_s1,S1,patchy_high,64,5,eval_mean_mean_resource_fraction,0.13588326694511574
pilot_v1_s1,S1,patchy_high,64,5,eval_mean_mean_reserve_welfare,0.853705553719579
pilot_v1_s1,S1,patchy_high,64,5,final_wealth_gini,0.396495895486463
pilot_v1_s1,S1,split_high_low,32,5,eval_mean_mean_resource_fraction,0.30758112813124266
pilot_v1_s1,S1,split_high_low,32,5,eval_mean_mean_reserve_welfare,0.9338798240026116
pilot_v1_s1,S1,split_high_low,32,5,final_wealth_gini,0.43486870458815496
pilot_v1_s1,S1,split_high_low,64,5,eval_mean_mean_resource_fraction,0.15133667216184796
pilot_v1_s1,S1,split_high_low,64,5,eval_mean_mean_reserve_welfare,0.6522999617208552
pilot_v1_s1,S1,split_high_low,64,5,final_wealth_gini,0.6221728775111761
pilot_v1_s1,S1,uniform_high,32,6,eval_mean_mean_resource_fraction,0.3182454186899183
pilot_v1_s1,S1,uniform_high,32,6,eval_mean_mean_reserve_welfare,0.9326960283501597
pilot_v1_s1,S1,uniform_high,32,6,final_wealth_gini,0.3894409539357997
pilot_v1_s1,S1,uniform_high,64,6,eval_mean_mean_resource_fraction,0.12230969523571295
pilot_v1_s1,S1,uniform_high,64,6,eval_mean_mean_reserve_welfare,0.7176775408874162
pilot_v1_s1,S1,uniform_high,64,6,final_wealth_gini,0.504845531126888
pilot_v1_s1,S1,patchy_high,32,6,eval_mean_mean_resource_fraction,0.3143919666303505
pilot_v1_s1,S1,patchy_high,32,6,eval_mean_mean_reserve_welfare,0.8711385250121829
pilot_v1_s1,S1,patchy_high,32,6,final_wealth_gini,0.3905411180752807
pilot_v1_s1,S1,patchy_high,64,6,eval_mean_mean_resource_fraction,0.08836332434114519
pilot_v1_s1,S1,patchy_high,64,6,eval_mean_mean_reserve_welfare,0.6646809272612172
pilot_v1_s1,S1,patchy_high,64,6,final_wealth_gini,0.42641088708222696
pilot_v1_s1,S1,split_high_low,32,6,eval_mean_mean_resource_fraction,0.31393368671602495
pilot_v1_s1,S1,split_high_low,32,6,eval_mean_mean_reserve_welfare,0.9912575948720468
pilot_v1_s1,S1,split_high_low,32,6,final_wealth_gini,0.3881834279898062
pilot_v1_s1,S1,split_high_low,64,6,eval_mean_mean_resource_fraction,0.08113154955261513
pilot_v1_s1,S1,split_high_low,64,6,eval_mean_mean_reserve_welfare,0.5510568853070987
pilot_v1_s1,S1,split_high_low,64,6,final_wealth_gini,0.6559263903915775
pilot_v1_s1,S1,uniform_high,32,7,eval_mean_mean_resource_fraction,0.2705331539146034
pilot_v1_s1,S1,uniform_high,32,7,eval_mean_mean_reserve_welfare,0.9534062085760813
pilot_v1_s1,S1,uniform_high,32,7,final_wealth_gini,0.3230968842421642
pilot_v1_s1,S1,uniform_high,64,7,eval_mean_mean_resource_fraction,0.11704973091648216
pilot_v1_s1,S1,uniform_high,64,7,eval_mean_mean_reserve_welfare,0.7029766999820365
pilot_v1_s1,S1,uniform_high,64,7,final_wealth_gini,0.5274909666673768
pilot_v1_s1,S1,patchy_high,32,7,eval_mean_mean_resource_fraction,0.32209357554207735
pilot_v1_s1,S1,patchy_high,32,7,eval_mean_mean_reserve_welfare,0.9549944559999417
pilot_v1_s1,S1,patchy_high,32,7,final_wealth_gini,0.3468697588871281
pilot_v1_s1,S1,patchy_high,64,7,eval_mean_mean_resource_fraction,0.11940710355588519
pilot_v1_s1,S1,patchy_high,64,7,eval_mean_mean_reserve_welfare,0.6949702705467256
pilot_v1_s1,S1,patchy_high,64,7,final_wealth_gini,0.5403873952990836
pilot_v1_s1,S1,split_high_low,32,7,eval_mean_mean_resource_fraction,0.3265455688120522
pilot_v1_s1,S1,split_high_low,32,7,eval_mean_mean_reserve_welfare,0.8249222866392794
pilot_v1_s1,S1,split_high_low,32,7,final_wealth_gini,0.4798469166699846
pilot_v1_s1,S1,split_high_low,64,7,eval_mean_mean_resource_fraction,0.1806315402601082
pilot_v1_s1,S1,split_high_low,64,7,eval_mean_mean_reserve_welfare,0.5854105023359645
pilot_v1_s1,S1,split_high_low,64,7,final_wealth_gini,0.6923554594920458
pilot_v1_s1,S1,uniform_high,32,8,eval_mean_mean_resource_fraction,0.26485256277934116
pilot_v1_s1,S1,uniform_high,32,8,eval_mean_mean_reserve_welfare,0.9051893071635911
pilot_v1_s1,S1,uniform_high,32,8,final_wealth_gini,0.39314697128207854
pilot_v1_s1,S1,uniform_high,64,8,eval_mean_mean_resource_fraction,0.09873084793767047
pilot_v1_s1,S1,uniform_high,64,8,eval_mean_mean_reserve_welfare,0.7017544057773716
pilot_v1_s1,S1,uniform_high,64,8,final_wealth_gini,0.47173425876409336
pilot_v1_s1,S1,patchy_high,32,8,eval_mean_mean_resource_fraction,0.3009632176268209
pilot_v1_s1,S1,patchy_high,32,8,eval_mean_mean_reserve_welfare,0.8848241985177531
pilot_v1_s1,S1,patchy_high,32,8,final_wealth_gini,0.4238446950703567
pilot_v1_s1,S1,patchy_high,64,8,eval_mean_mean_resource_fraction,0.10288616220132528
pilot_v1_s1,S1,patchy_high,64,8,eval_mean_mean_reserve_welfare,0.6813150279837369
pilot_v1_s1,S1,patchy_high,64,8,final_wealth_gini,0.4796140463186531
pilot_v1_s1,S1,split_high_low,32,8,eval_mean_mean_resource_fraction,0.3670594228629223
pilot_v1_s1,S1,split_high_low,32,8,eval_mean_mean_reserve_welfare,0.8017267149347658
pilot_v1_s1,S1,split_high_low,32,8,final_wealth_gini,0.5317947546947972
pilot_v1_s1,S1,split_high_low,64,8,eval_mean_mean_resource_fraction,0.1170228138240186
pilot_v1_s1,S1,split_high_low,64,8,eval_mean_mean_reserve_welfare,0.5686047346286875
pilot_v1_s1,S1,split_high_low,64,8,final_wealth_gini,0.6849047196727376
pilot_v1_s1,S1,uniform_high,32,9,eval_mean_mean_resource_fraction,0.31147076064182455
pilot_v1_s1,S1,uniform_high,32,9,eval_mean_mean_reserve_welfare,0.9645930340719733
pilot_v1_s1,S1,uniform_high,32,9,final_wealth_gini,0.29347897141434975
pilot_v1_s1,S1,uniform_high,64,9,eval_mean_mean_resource_fraction,0.08159079382103497
pilot_v1_s1,S1,uniform_high,64,9,eval_mean_mean_reserve_welfare,0.7721404119687615
pilot_v1_s1,S1,uniform_high,64,9,final_wealth_gini,0.3839686687207797
pilot_v1_s1,S1,patchy_high,32,9,eval_mean_mean_resource_fraction,0.3159424981374127
pilot_v1_s1,S1,patchy_high,32,9,eval_mean_mean_reserve_welfare,0.9663496638545289
pilot_v1_s1,S1,patchy_high,32,9,final_wealth_gini,0.3010339611054422
pilot_v1_s1,S1,patchy_high,64,9,eval_mean_mean_resource_fraction,0.08239480464459116
pilot_v1_s1,S1,patchy_high,64,9,eval_mean_mean_reserve_welfare,0.7540248387711123
pilot_v1_s1,S1,patchy_high,64,9,final_wealth_gini,0.40240062140178123
pilot_v1_s1,S1,split_high_low,32,9,eval_mean_mean_resource_fraction,0.26274732011905483
pilot_v1_s1,S1,split_high_low,32,9,eval_mean_mean_reserve_welfare,0.8797221725257329
pilot_v1_s1,S1,split_high_low,32,9,final_wealth_gini,0.3931004067667603
pilot_v1_s1,S1,split_high_low,64,9,eval_mean_mean_resource_fraction,0.10890539387788843
pilot_v1_s1,S1,split_high_low,64,9,eval_mean_mean_reserve_welfare,0.7390170351916832
pilot_v1_s1,S1,split_high_low,64,9,final_wealth_gini,0.5168375888743424
pilot_v1_s2,S2,uniform_high,32,0,eval_mean_mean_resource_fraction,0.31710128016017364
pilot_v1_s2,S2,uniform_high,32,0,eval_mean_mean_reserve_welfare,0.9802667722403883
pilot_v1_s2,S2,uniform_high,32,0,final_wealth_gini,0.32867155012423055
pilot_v1_s2,S2,uniform_high,64,0,eval_mean_mean_resource_fraction,0.09893550624596002
pilot_v1_s2,S2,uniform_high,64,0,eval_mean_mean_reserve_welfare,0.7496936627511257
pilot_v1_s2,S2,uniform_high,64,0,final_wealth_gini,0.3862538205327144
pilot_v1_s2,S2,patchy_high,32,0,eval_mean_mean_resource_fraction,0.32516866009228784
pilot_v1_s2,S2,patchy_high,32,0,eval_mean_mean_reserve_welfare,0.9752391571808412
pilot_v1_s2,S2,patchy_high,32,0,final_wealth_gini,0.33273520091407427
pilot_v1_s2,S2,patchy_high,64,0,eval_mean_mean_resource_fraction,0.0775615266607217
pilot_v1_s2,S2,patchy_high,64,0,eval_mean_mean_reserve_welfare,0.7391131106880959
pilot_v1_s2,S2,patchy_high,64,0,final_wealth_gini,0.38133578988863914
pilot_v1_s2,S2,split_high_low,32,0,eval_mean_mean_resource_fraction,0.3806214159173911
pilot_v1_s2,S2,split_high_low,32,0,eval_mean_mean_reserve_welfare,0.8091295641865976
pilot_v1_s2,S2,split_high_low,32,0,final_wealth_gini,0.5024731358393024
pilot_v1_s2,S2,split_high_low,64,0,eval_mean_mean_resource_fraction,0.09803836446353714
pilot_v1_s2,S2,split_high_low,64,0,eval_mean_mean_reserve_welfare,0.6675082017172198
pilot_v1_s2,S2,split_high_low,64,0,final_wealth_gini,0.5877390704582273
pilot_v1_s2,S2,uniform_high,32,1,eval_mean_mean_resource_fraction,0.38105157110228094
pilot_v1_s2,S2,uniform_high,32,1,eval_mean_mean_reserve_welfare,0.9734873183287368
pilot_v1_s2,S2,uniform_high,32,1,final_wealth_gini,0.42083898802764996
pilot_v1_s2,S2,uniform_high,64,1,eval_mean_mean_resource_fraction,0.11443948936380391
pilot_v1_s2,S2,uniform_high,64,1,eval_mean_mean_reserve_welfare,0.7204204026748549
pilot_v1_s2,S2,uniform_high,64,1,final_wealth_gini,0.5045866102254137
pilot_v1_s2,S2,patchy_high,32,1,eval_mean_mean_resource_fraction,0.3757579325137498
pilot_v1_s2,S2,patchy_high,32,1,eval_mean_mean_reserve_welfare,0.9689332025073389
pilot_v1_s2,S2,patchy_high,32,1,final_wealth_gini,0.3865397328279978
pilot_v1_s2,S2,patchy_high,64,1,eval_mean_mean_resource_fraction,0.12808419852182154
pilot_v1_s2,S2,patchy_high,64,1,eval_mean_mean_reserve_welfare,0.782648156172161
pilot_v1_s2,S2,patchy_high,64,1,final_wealth_gini,0.468852562522142
pilot_v1_s2,S2,split_high_low,32,1,eval_mean_mean_resource_fraction,0.3353526143121584
pilot_v1_s2,S2,split_high_low,32,1,eval_mean_mean_reserve_welfare,0.8048040275545711
pilot_v1_s2,S2,split_high_low,32,1,final_wealth_gini,0.5450663947200816
pilot_v1_s2,S2,split_high_low,64,1,eval_mean_mean_resource_fraction,0.1314701919017628
pilot_v1_s2,S2,split_high_low,64,1,eval_mean_mean_reserve_welfare,0.6040735456535761
pilot_v1_s2,S2,split_high_low,64,1,final_wealth_gini,0.6763016014013605
pilot_v1_s2,S2,uniform_high,32,2,eval_mean_mean_resource_fraction,0.2956503392195839
pilot_v1_s2,S2,uniform_high,32,2,eval_mean_mean_reserve_welfare,0.9979999999999998
pilot_v1_s2,S2,uniform_high,32,2,final_wealth_gini,0.26046148193749974
pilot_v1_s2,S2,uniform_high,64,2,eval_mean_mean_resource_fraction,0.12892362335938054
pilot_v1_s2,S2,uniform_high,64,2,eval_mean_mean_reserve_welfare,0.773120784451486
pilot_v1_s2,S2,uniform_high,64,2,final_wealth_gini,0.4516303967089419
pilot_v1_s2,S2,patchy_high,32,2,eval_mean_mean_resource_fraction,0.2597728346383527
pilot_v1_s2,S2,patchy_high,32,2,eval_mean_mean_reserve_welfare,0.9979999999999998
pilot_v1_s2,S2,patchy_high,32,2,final_wealth_gini,0.2872425368882239
pilot_v1_s2,S2,patchy_high,64,2,eval_mean_mean_resource_fraction,0.12808545572239782
pilot_v1_s2,S2,patchy_high,64,2,eval_mean_mean_reserve_welfare,0.8145715028994261
pilot_v1_s2,S2,patchy_high,64,2,final_wealth_gini,0.43470812466388487
pilot_v1_s2,S2,split_high_low,32,2,eval_mean_mean_resource_fraction,0.3372876530577341
pilot_v1_s2,S2,split_high_low,32,2,eval_mean_mean_reserve_welfare,0.8366453421947051
pilot_v1_s2,S2,split_high_low,32,2,final_wealth_gini,0.49238542901827187
pilot_v1_s2,S2,split_high_low,64,2,eval_mean_mean_resource_fraction,0.10042800180332095
pilot_v1_s2,S2,split_high_low,64,2,eval_mean_mean_reserve_welfare,0.6330753192321734
pilot_v1_s2,S2,split_high_low,64,2,final_wealth_gini,0.6201196803269333
pilot_v1_s2,S2,uniform_high,32,3,eval_mean_mean_resource_fraction,0.2190789851679931
pilot_v1_s2,S2,uniform_high,32,3,eval_mean_mean_reserve_welfare,0.9979999999999998
pilot_v1_s2,S2,uniform_high,32,3,final_wealth_gini,0.27872020855452617
pilot_v1_s2,S2,uniform_high,64,3,eval_mean_mean_resource_fraction,0.10116604681822602
pilot_v1_s2,S2,uniform_high,64,3,eval_mean_mean_reserve_welfare,0.7696953846435366
pilot_v1_s2,S2,uniform_high,64,3,final_wealth_gini,0.4146019705266024
pilot_v1_s2,S2,patchy_high,32,3,eval_mean_mean_resource_fraction,0.21383040018916857
pilot_v1_s2,S2,patchy_high,32,3,eval_mean_mean_reserve_welfare,0.9979999999999998
pilot_v1_s2,S2,patchy_high,32,3,final_wealth_gini,0.26291081244805214
pilot_v1_s2,S2,patchy_high,64,3,eval_mean_mean_resource_fraction,0.08668778405428829
pilot_v1_s2,S2,patchy_high,64,3,eval_mean_mean_reserve_welfare,0.7482062222965984
pilot_v1_s2,S2,patchy_high,64,3,final_wealth_gini,0.3991043045582692
pilot_v1_s2,S2,split_high_low,32,3,eval_mean_mean_resource_fraction,0.3115557508656922
pilot_v1_s2,S2,split_high_low,32,3,eval_mean_mean_reserve_welfare,0.8189247739867485
pilot_v1_s2,S2,split_high_low,32,3,final_wealth_gini,0.49182255248197904
pilot_v1_s2,S2,split_high_low,64,3,eval_mean_mean_resource_fraction,0.13820850996978112
pilot_v1_s2,S2,split_high_low,64,3,eval_mean_mean_reserve_welfare,0.7480425839773842
pilot_v1_s2,S2,split_high_low,64,3,final_wealth_gini,0.5570905586907682
pilot_v1_s2,S2,uniform_high,32,4,eval_mean_mean_resource_fraction,0.24501741899011273
pilot_v1_s2,S2,uniform_high,32,4,eval_mean_mean_reserve_welfare,0.9294878975276608
pilot_v1_s2,S2,uniform_high,32,4,final_wealth_gini,0.3411736046312781
pilot_v1_s2,S2,uniform_high,64,4,eval_mean_mean_resource_fraction,0.09894665184749404
pilot_v1_s2,S2,uniform_high,64,4,eval_mean_mean_reserve_welfare,0.7110598501317463
pilot_v1_s2,S2,uniform_high,64,4,final_wealth_gini,0.4699110025879081
pilot_v1_s2,S2,patchy_high,32,4,eval_mean_mean_resource_fraction,0.2417849542064342
pilot_v1_s2,S2,patchy_high,32,4,eval_mean_mean_reserve_welfare,0.9253317596006045
pilot_v1_s2,S2,patchy_high,32,4,final_wealth_gini,0.33898483387871914
pilot_v1_s2,S2,patchy_high,64,4,eval_mean_mean_resource_fraction,0.13090515094548283
pilot_v1_s2,S2,patchy_high,64,4,eval_mean_mean_reserve_welfare,0.7952698690080034
pilot_v1_s2,S2,patchy_high,64,4,final_wealth_gini,0.45489603452033234
pilot_v1_s2,S2,split_high_low,32,4,eval_mean_mean_resource_fraction,0.2538965653971628
pilot_v1_s2,S2,split_high_low,32,4,eval_mean_mean_reserve_welfare,0.9200902044163946
pilot_v1_s2,S2,split_high_low,32,4,final_wealth_gini,0.42308309260481214
pilot_v1_s2,S2,split_high_low,64,4,eval_mean_mean_resource_fraction,0.10297481252765746
pilot_v1_s2,S2,split_high_low,64,4,eval_mean_mean_reserve_welfare,0.7193876542881038
pilot_v1_s2,S2,split_high_low,64,4,final_wealth_gini,0.5462380235510664
pilot_v1_s2,S2,uniform_high,32,5,eval_mean_mean_resource_fraction,0.29276317477644126
pilot_v1_s2,S2,uniform_high,32,5,eval_mean_mean_reserve_welfare,0.9687361024522368
pilot_v1_s2,S2,uniform_high,32,5,final_wealth_gini,0.3417968216527958
pilot_v1_s2,S2,uniform_high,64,5,eval_mean_mean_resource_fraction,0.10475970200940049
pilot_v1_s2,S2,uniform_high,64,5,eval_mean_mean_reserve_welfare,0.723134191009055
pilot_v1_s2,S2,uniform_high,64,5,final_wealth_gini,0.48216016387155225
pilot_v1_s2,S2,patchy_high,32,5,eval_mean_mean_resource_fraction,0.2943806861261527
pilot_v1_s2,S2,patchy_high,32,5,eval_mean_mean_reserve_welfare,0.9736476186933967
pilot_v1_s2,S2,patchy_high,32,5,final_wealth_gini,0.34286737471558815
pilot_v1_s2,S2,patchy_high,64,5,eval_mean_mean_resource_fraction,0.10195204367228707
pilot_v1_s2,S2,patchy_high,64,5,eval_mean_mean_reserve_welfare,0.6854410422337252
pilot_v1_s2,S2,patchy_high,64,5,final_wealth_gini,0.4853281763753603
pilot_v1_s2,S2,split_high_low,32,5,eval_mean_mean_resource_fraction,0.32963932274277613
pilot_v1_s2,S2,split_high_low,32,5,eval_mean_mean_reserve_welfare,0.947865613283326
pilot_v1_s2,S2,split_high_low,32,5,final_wealth_gini,0.4461633964227445
pilot_v1_s2,S2,split_high_low,64,5,eval_mean_mean_resource_fraction,0.15522387511323274
pilot_v1_s2,S2,split_high_low,64,5,eval_mean_mean_reserve_welfare,0.6922632761505053
pilot_v1_s2,S2,split_high_low,64,5,final_wealth_gini,0.6160644341928232
pilot_v1_s2,S2,uniform_high,32,6,eval_mean_mean_resource_fraction,0.32642305278996797
pilot_v1_s2,S2,uniform_high,32,6,eval_mean_mean_reserve_welfare,0.8702169488434826
pilot_v1_s2,S2,uniform_high,32,6,final_wealth_gini,0.39955612375878724
pilot_v1_s2,S2,uniform_high,64,6,eval_mean_mean_resource_fraction,0.08876284019905675
pilot_v1_s2,S2,uniform_high,64,6,eval_mean_mean_reserve_welfare,0.6739020608105061
pilot_v1_s2,S2,uniform_high,64,6,final_wealth_gini,0.4904364011132465
pilot_v1_s2,S2,patchy_high,32,6,eval_mean_mean_resource_fraction,0.38416100642563245
pilot_v1_s2,S2,patchy_high,32,6,eval_mean_mean_reserve_welfare,0.9772311271380003
pilot_v1_s2,S2,patchy_high,32,6,final_wealth_gini,0.4219344948566228
pilot_v1_s2,S2,patchy_high,64,6,eval_mean_mean_resource_fraction,0.14024331850989785
pilot_v1_s2,S2,patchy_high,64,6,eval_mean_mean_reserve_welfare,0.7575332069350876
pilot_v1_s2,S2,patchy_high,64,6,final_wealth_gini,0.4705466922264945
pilot_v1_s2,S2,split_high_low,32,6,eval_mean_mean_resource_fraction,0.2637755387189142
pilot_v1_s2,S2,split_high_low,32,6,eval_mean_mean_reserve_welfare,0.9340779316102964
pilot_v1_s2,S2,split_high_low,32,6,final_wealth_gini,0.42655365442037185
pilot_v1_s2,S2,split_high_low,64,6,eval_mean_mean_resource_fraction,0.07467133391115607
pilot_v1_s2,S2,split_high_low,64,6,eval_mean_mean_reserve_welfare,0.5560520288725502
pilot_v1_s2,S2,split_high_low,64,6,final_wealth_gini,0.6365763656353447
pilot_v1_s2,S2,uniform_high,32,7,eval_mean_mean_resource_fraction,0.3339652358047522
pilot_v1_s2,S2,uniform_high,32,7,eval_mean_mean_reserve_welfare,0.9399602500142155
pilot_v1_s2,S2,uniform_high,32,7,final_wealth_gini,0.33191060671065786
pilot_v1_s2,S2,uniform_high,64,7,eval_mean_mean_resource_fraction,0.13354620586153337
pilot_v1_s2,S2,uniform_high,64,7,eval_mean_mean_reserve_welfare,0.6849750777053812
pilot_v1_s2,S2,uniform_high,64,7,final_wealth_gini,0.5476695010918542
pilot_v1_s2,S2,patchy_high,32,7,eval_mean_mean_resource_fraction,0.3319081772603978
pilot_v1_s2,S2,patchy_high,32,7,eval_mean_mean_reserve_welfare,0.9550907376785072
pilot_v1_s2,S2,patchy_high,32,7,final_wealth_gini,0.3471925429412859
pilot_v1_s2,S2,patchy_high,64,7,eval_mean_mean_resource_fraction,0.14796612795740455
pilot_v1_s2,S2,patchy_high,64,7,eval_mean_mean_reserve_welfare,0.7183749569390153
pilot_v1_s2,S2,patchy_high,64,7,final_wealth_gini,0.5353760649040151
pilot_v1_s2,S2,split_high_low,32,7,eval_mean_mean_resource_fraction,0.3144707734018017
pilot_v1_s2,S2,split_high_low,32,7,eval_mean_mean_reserve_welfare,0.8206146918377314
pilot_v1_s2,S2,split_high_low,32,7,final_wealth_gini,0.5029937209766271
pilot_v1_s2,S2,split_high_low,64,7,eval_mean_mean_resource_fraction,0.19773188562231553
pilot_v1_s2,S2,split_high_low,64,7,eval_mean_mean_reserve_welfare,0.5819593090169322
pilot_v1_s2,S2,split_high_low,64,7,final_wealth_gini,0.7065875683104796
pilot_v1_s2,S2,uniform_high,32,8,eval_mean_mean_resource_fraction,0.3119421977063529
pilot_v1_s2,S2,uniform_high,32,8,eval_mean_mean_reserve_welfare,0.8711344259720772
pilot_v1_s2,S2,uniform_high,32,8,final_wealth_gini,0.43515814956598375
pilot_v1_s2,S2,uniform_high,64,8,eval_mean_mean_resource_fraction,0.07209611412438162
pilot_v1_s2,S2,uniform_high,64,8,eval_mean_mean_reserve_welfare,0.5637440010524324
pilot_v1_s2,S2,uniform_high,64,8,final_wealth_gini,0.47660995860087385
pilot_v1_s2,S2,patchy_high,32,8,eval_mean_mean_resource_fraction,0.26729052622470534
pilot_v1_s2,S2,patchy_high,32,8,eval_mean_mean_reserve_welfare,0.8922331137295307
pilot_v1_s2,S2,patchy_high,32,8,final_wealth_gini,0.3830969904698498
pilot_v1_s2,S2,patchy_high,64,8,eval_mean_mean_resource_fraction,0.1469928739849039
pilot_v1_s2,S2,patchy_high,64,8,eval_mean_mean_reserve_welfare,0.8484619284423555
pilot_v1_s2,S2,patchy_high,64,8,final_wealth_gini,0.46684145916751496
pilot_v1_s2,S2,split_high_low,32,8,eval_mean_mean_resource_fraction,0.38890245672286244
pilot_v1_s2,S2,split_high_low,32,8,eval_mean_mean_reserve_welfare,0.8118512173867509
pilot_v1_s2,S2,split_high_low,32,8,final_wealth_gini,0.5493287029671425
pilot_v1_s2,S2,split_high_low,64,8,eval_mean_mean_resource_fraction,0.10667923555670941
pilot_v1_s2,S2,split_high_low,64,8,eval_mean_mean_reserve_welfare,0.5493205456777066
pilot_v1_s2,S2,split_high_low,64,8,final_wealth_gini,0.7010383440784322
pilot_v1_s2,S2,uniform_high,32,9,eval_mean_mean_resource_fraction,0.29235546313782707
pilot_v1_s2,S2,uniform_high,32,9,eval_mean_mean_reserve_welfare,0.974423373092995
pilot_v1_s2,S2,uniform_high,32,9,final_wealth_gini,0.30382078193792994
pilot_v1_s2,S2,uniform_high,64,9,eval_mean_mean_resource_fraction,0.11408847492310717
pilot_v1_s2,S2,uniform_high,64,9,eval_mean_mean_reserve_welfare,0.894265565145568
pilot_v1_s2,S2,uniform_high,64,9,final_wealth_gini,0.3533364499891223
pilot_v1_s2,S2,patchy_high,32,9,eval_mean_mean_resource_fraction,0.3154395516793831
pilot_v1_s2,S2,patchy_high,32,9,eval_mean_mean_reserve_welfare,0.9723725203191681
pilot_v1_s2,S2,patchy_high,32,9,final_wealth_gini,0.2908213638774533
pilot_v1_s2,S2,patchy_high,64,9,eval_mean_mean_resource_fraction,0.08085064541138866
pilot_v1_s2,S2,patchy_high,64,9,eval_mean_mean_reserve_welfare,0.7474056297046348
pilot_v1_s2,S2,patchy_high,64,9,final_wealth_gini,0.4032488040608204
pilot_v1_s2,S2,split_high_low,32,9,eval_mean_mean_resource_fraction,0.2780352437766827
pilot_v1_s2,S2,split_high_low,32,9,eval_mean_mean_reserve_welfare,0.8889387453030051
pilot_v1_s2,S2,split_high_low,32,9,final_wealth_gini,0.3886797703836353
pilot_v1_s2,S2,split_high_low,64,9,eval_mean_mean_resource_fraction,0.10295548898554069
pilot_v1_s2,S2,split_high_low,64,9,eval_mean_mean_reserve_welfare,0.7024902684939257
pilot_v1_s2,S2,split_high_low,64,9,final_wealth_gini,0.5517083941731664
