family,left_run,right_run,left_scenario,right_scenario,population,metric,n,n_total,mean,bootstrap_ci_low,bootstrap_ci_high
ecology,pilot_v1_r0_r1_mu010,pilot_v1_r0_r1_mu010,uniform_high,patchy_high,32,social_perception_error,10,10,-0.013040574596774194,-0.02901883820564517,0.0017809664818548418
ecology,pilot_v1_r0_r1_mu010,pilot_v1_r0_r1_mu010,uniform_high,split_high_low,32,social_perception_error,10,10,-0.054470766129032254,-0.07684116683467743,-0.0314509513608871
random_scope,pilot_v1_r0_r1_mu010,pilot_v1_r0_r2_mu010,uniform_high,uniform_high,32,social_perception_error,10,10,-0.0015095766129032246,-0.008495243195564509,0.005274792086693549
random_scope,pilot_v1_r0_r1_mu010,pilot_v1_r0_r3_mu010,uniform_high,uniform_high,32,social_perception_error,10,10,-0.0009299395161290406,-0.007499716481854848,0.005850617439516112
adaptive_minus_matched,pilot_v1_r1_mu010,pilot_v1_r0_r1_mu010,uniform_high,uniform_high,32,social_perception_error,10,10,0.003515625000000004,-0.005402532762096771,0.011797599546370961
ecology,pilot_v1_r0_r1_mu010,pilot_v1_r0_r1_mu010,uniform_high,patchy_high,32,majority_mismatch_rate,10,10,-0.0027486971770967874,-0.007692606047034578,0.0005129578754578754
ecology,pilot_v1_r0_r1_mu010,pilot_v1_r0_r1_mu010,uniform_high,split_high_low,32,majority_mismatch_rate,10,10,-0.02502999633092038,-0.04883363522081433,-0.007020017297664994
random_scope,pilot_v1_r0_r1_mu010,pilot_v1_r0_r2_mu010,uniform_high,uniform_high,32,majority_mismatch_rate,10,10,-0.00028249655192786433,-0.0014885678837291735,0.0005456730769230771
random_scope,pilot_v1_r0_r1_mu010,pilot_v1_r0_r3_mu010,uniform_high,uniform_high,32,majority_mismatch_rate,10,10,-0.0001473683649086876,-0.0012248796541899994,0.0007490694789081887
adaptive_minus_matched,pilot_v1_r1_mu010,pilot_v1_r0_r1_mu010,uniform_high,uniform_high,32,majority_mismatch_rate,10,10,0.001129143120042731,-0.00016752476296414,0.0032674938497727706
ecology,pilot_v1_r0_r1_mu010,pilot_v1_r0_r1_mu010,uniform_high,patchy_high,32,majority_tie_rate,10,10,-0.010624999999999999,-0.025312499999999995,0.004847656249999978
ecology,pilot_v1_r0_r1_mu010,pilot_v1_r0_r1_mu010,uniform_high,split_high_low,32,majority_tie_rate,10,10,-0.08937500000000001,-0.14158203124999993,-0.04124609375000003
random_scope,pilot_v1_r0_r1_mu010,pilot_v1_r0_r2_mu010,uniform_high,uniform_high,32,majority_tie_rate,10,10,0.002500000000000001,-0.004218749999999999,0.010468749999999999
random_scope,pilot_v1_r0_r1_mu010,pilot_v1_r0_r3_mu010,uniform_high,uniform_high,32,majority_tie_rate,10,10,-0.00546875,-0.017972656249999993,0.005312499999999999
adaptive_minus_matched,pilot_v1_r1_mu010,pilot_v1_r0_r1_mu010,uniform_high,uniform_high,32,majority_tie_rate,10,10,0.00375,-0.012660156249999992,0.0184375
ecology,pilot_v1_r0_r1_mu010,pilot_v1_r0_r1_mu010,uniform_high,patchy_high,32,visibility_gini,10,10,-0.0036035156250000034,-0.0267750244140625,0.017273925781249984
ecology,pilot_v1_r0_r1_mu010,pilot_v1_r0_r1_mu010,uniform_high,split_high_low,32,visibility_gini,10,10,-0.015515136718750006,-0.046184265136718736,0.015513793945312476
random_scope,pilot_v1_r0_r1_mu010,pilot_v1_r0_r2_mu010,uniform_high,uniform_high,32,visibility_gini,10,10,0.003598632812499991,-0.0123333740234375,0.019571350097656228
random_scope,pilot_v1_r0_r1_mu010,pilot_v1_r0_r3_mu010,uniform_high,uniform_high,32,visibility_gini,10,10,0.029143066406249994,0.00914495849609375,0.04706072998046874
adaptive_minus_matched,pilot_v1_r1_mu010,pilot_v1_r0_r1_mu010,uniform_high,uniform_high,32,visibility_gini,10,10,-0.0115966796875,-0.02867236328124999,0.0052839965820312374
ecology,pilot_v1_r0_r1_mu010,pilot_v1_r0_r1_mu010,uniform_high,patchy_high,32,low_extraction_rate,10,10,-0.006875000000000002,-0.0234375,0.007656249999999998
ecology,pilot_v1_r0_r1_mu010,pilot_v1_r0_r1_mu010,uniform_high,split_high_low,32,low_extraction_rate,10,10,-0.08531249999999999,-0.12109765624999999,-0.047968750000000004
random_scope,pilot_v1_r0_r1_mu010,pilot_v1_r0_r2_mu010,uniform_high,uniform_high,32,low_extraction_rate,10,10,0.00015624999999999979,-0.006249999999999999,0.007812499999999998
random_scope,pilot_v1_r0_r1_mu010,pilot_v1_r0_r3_mu010,uniform_high,uniform_high,32,low_extraction_rate,10,10,-0.0018749999999999965,-0.007499999999999995,0.00421875
adaptive_minus_matched,pilot_v1_r1_mu010,pilot_v1_r0_r1_mu010,uniform_high,uniform_high,32,low_extraction_rate,10,10,0.0034375000000000005,-0.0067187500000000025,0.012968750000000001
ecology,pilot_v1_r0_r1_mu010,pilot_v1_r0_r1_mu010,uniform_high,patchy_high,64,social_perception_error,10,10,0.0002979290674603313,-0.007142252604166655,0.007285853794642878
ecology,pilot_v1_r0_r1_mu010,pilot_v1_r0_r1_mu010,uniform_high,split_high_low,64,social_perception_error,10,10,0.0013898189484127105,-0.005036179315476176,0.009582101004464298
random_scope,pilot_v1_r0_r1_mu010,pilot_v1_r0_r2_mu010,uniform_high,uniform_high,64,social_perception_error,10,10,0.0012338789682539764,-0.0035900452628968202,0.0061086077008928605
random_scope,pilot_v1_r0_r1_mu010,pilot_v1_r0_r3_mu010,uniform_high,uniform_high,64,social_perception_error,10,10,0.0032828000992063565,-0.004025677393353162,0.009789659288194448
adaptive_minus_matched,pilot_v1_r1_mu010,pilot_v1_r0_r1_mu010,uniform_high,uniform_high,64,social_perception_error,10,10,-0.0036383928571428635,-0.010183996775793654,0.0027113172743055596
ecology,pilot_v1_r0_r1_mu010,pilot_v1_r0_r1_mu010,uniform_high,patchy_high,64,majority_mismatch_rate,10,10,0.008400696153294206,-0.021609646945369734,0.0362881412097098
ecology,pilot_v1_r0_r1_mu010,pilot_v1_r0_r1_mu010,uniform_high,split_high_low,64,majority_mismatch_rate,10,10,0.031764435035123065,-0.007990715214893182,0.07867367559326918
random_scope,pilot_v1_r0_r1_mu010,pilot_v1_r0_r2_mu010,uniform_high,uniform_high,64,majority_mismatch_rate,10,10,0.011326055100084591,-0.0037753482616399233,0.028790362946101822
random_scope,pilot_v1_r0_r1_mu010,pilot_v1_r0_r3_mu010,uniform_high,uniform_high,64,majority_mismatch_rate,10,10,0.0241251104677711,0.006401423933117678,0.043948983791526064
adaptive_minus_matched,pilot_v1_r1_mu010,pilot_v1_r0_r1_mu010,uniform_high,uniform_high,64,majority_mismatch_rate,10,10,-0.029821913937168276,-0.05170278860054099,-0.008539580043277076
ecology,pilot_v1_r0_r1_mu010,pilot_v1_r0_r1_mu010,uniform_high,patchy_high,64,majority_tie_rate,10,10,0.013906250000000005,-0.0035957031249999835,0.031798828125
ecology,pilot_v1_r0_r1_mu010,pilot_v1_r0_r1_mu010,uniform_high,split_high_low,64,majority_tie_rate,10,10,0.010078125000000009,-0.015863281249999993,0.038679687499999976
random_scope,pilot_v1_r0_r1_mu010,pilot_v1_r0_r2_mu010,uniform_high,uniform_high,64,majority_tie_rate,10,10,0.002343750000000003,-0.01883593749999998,0.024609375
random_scope,pilot_v1_r0_r1_mu010,pilot_v1_r0_r3_mu010,uniform_high,uniform_high,64,majority_tie_rate,10,10,0.011328125000000001,-0.008048828124999992,0.03219140624999998
adaptive_minus_matched,pilot_v1_r1_mu010,pilot_v1_r0_r1_mu010,uniform_high,uniform_high,64,majority_tie_rate,10,10,-0.013750000000000004,-0.038671875,0.011718749999999997
ecology,pilot_v1_r0_r1_mu010,pilot_v1_r0_r1_mu010,uniform_high,patchy_high,64,visibility_gini,10,10,0.0029956054687499956,-0.0232096405029297,0.028829284667968736
ecology,pilot_v1_r0_r1_mu010,pilot_v1_r0_r1_mu010,uniform_high,split_high_low,64,visibility_gini,10,10,0.027650146484375006,0.00515049743652343,0.051832504272460916
random_scope,pilot_v1_r0_r1_mu010,pilot_v1_r0_r2_mu010,uniform_high,uniform_high,64,visibility_gini,10,10,0.0539886474609375,0.029795227050781265,0.07726765441894527
random_scope,pilot_v1_r0_r1_mu010,pilot_v1_r0_r3_mu010,uniform_high,uniform_high,64,visibility_gini,10,10,0.1275469970703125,0.10350238037109376,0.1503178100585937
adaptive_minus_matched,pilot_v1_r1_mu010,pilot_v1_r0_r1_mu010,uniform_high,uniform_high,64,visibility_gini,10,10,-0.005779418945312498,-0.03132954406738281,0.020139144897460926
ecology,pilot_v1_r0_r1_mu010,pilot_v1_r0_r1_mu010,uniform_high,patchy_high,64,low_extraction_rate,10,10,0.004687499999999995,-0.005937500000000007,0.017111328124999995
ecology,pilot_v1_r0_r1_mu010,pilot_v1_r0_r1_mu010,uniform_high,split_high_low,64,low_extraction_rate,10,10,0.016093749999999993,-0.003908203124999996,0.03757812499999998
random_scope,pilot_v1_r0_r1_mu010,pilot_v1_r0_r2_mu010,uniform_high,uniform_high,64,low_extraction_rate,10,10,0.00390625,-0.008750000000000008,0.017499999999999995
random_scope,pilot_v1_r0_r1_mu010,pilot_v1_r0_r3_mu010,uniform_high,uniform_high,64,low_extraction_rate,10,10,0.0075000000000000015,-0.005156250000000001,0.020546875000000003
adaptive_minus_matched,pilot_v1_r1_mu010,pilot_v1_r0_r1_mu010,uniform_high,uniform_high,64,low_extraction_rate,10,10,-0.005937499999999993,-0.019142578124999983,0.007423828125
ecology,pilot_v1_r0_r1_mu010,pilot_v1_r0_r1_mu010,patchy_high,split_high_low,32,social_perception_error,10,10,-0.04143019153225806,-0.06613703377016128,-0.02058379536290324
random_scope,pilot_v1_r0_r1_mu010,pilot_v1_r0_r2_mu010,patchy_high,patchy_high,32,social_perception_error,10,10,0.010863155241935478,0.0017574974798386996,0.020101026965725806
random_scope,pilot_v1_r0_r1_mu010,pilot_v1_r0_r3_mu010,patchy_high,patchy_high,32,social_perception_error,10,10,0.00996849798387096,1.7924647177409445e-05,0.02091878780241935
adaptive_minus_matched,pilot_v1_r1_mu010,pilot_v1_r0_r1_mu010,patchy_high,patchy_high,32,social_perception_error,10,10,-0.01513608870967742,-0.02468576738911291,-0.00526061617943548
ecology,pilot_v1_r0_r1_mu010,pilot_v1_r0_r1_mu010,patchy_high,split_high_low,32,majority_mismatch_rate,10,10,-0.022281299153823594,-0.04146570156318328,-0.006263258091687348
random_scope,pilot_v1_r0_r1_mu010,pilot_v1_r0_r2_mu010,patchy_high,patchy_high,32,majority_mismatch_rate,10,10,0.0032948418763908195,0.0004378357604164056,0.00756260490889245
random_scope,pilot_v1_r0_r1_mu010,pilot_v1_r0_r3_mu010,patchy_high,patchy_high,32,majority_mismatch_rate,10,10,0.002183530049786639,0.00016915228993754093,0.004903510030662021
adaptive_minus_matched,pilot_v1_r1_mu010,pilot_v1_r0_r1_mu010,patchy_high,patchy_high,32,majority_mismatch_rate,10,10,-0.0028774181288780845,-0.007626029351627238,-7.122507122507148e-06
ecology,pilot_v1_r0_r1_mu010,pilot_v1_r0_r1_mu010,patchy_high,split_high_low,32,majority_tie_rate,10,10,-0.07875,-0.12265625,-0.03655859375000002
random_scope,pilot_v1_r0_r1_mu010,pilot_v1_r0_r2_mu010,patchy_high,patchy_high,32,majority_tie_rate,10,10,0.007343749999999999,-0.0010937499999999988,0.015468749999999995
random_scope,pilot_v1_r0_r1_mu010,pilot_v1_r0_r3_mu010,patchy_high,patchy_high,32,majority_tie_rate,10,10,0.0024999999999999974,-0.010781250000000001,0.013753906249999974
adaptive_minus_matched,pilot_v1_r1_mu010,pilot_v1_r0_r1_mu010,patchy_high,patchy_high,32,majority_tie_rate,10,10,-0.01765625,-0.02890625,-0.0075000000000000015
ecology,pilot_v1_r0_r1_mu010,pilot_v1_r0_r1_mu010,patchy_high,split_high_low,32,visibility_gini,10,10,-0.011911621093750002,-0.03253741455078125,0.007523437499999979
random_scope,pilot_v1_r0_r1_mu010,pilot_v1_r0_r2_mu010,patchy_high,patchy_high,32,visibility_gini,10,10,0.006931152343749994,-0.010653930664062478,0.02546173095703124
random_scope,pilot_v1_r0_r1_mu010,pilot_v1_r0_r3_mu010,patchy_high,patchy_high,32,visibility_gini,10,10,0.03379150390625,0.0218236083984375,0.048035339355468734
adaptive_minus_matched,pilot_v1_r1_mu010,pilot_v1_r0_r1_mu010,patchy_high,patchy_high,32,visibility_gini,10,10,0.01093017578125,-0.009990478515625,0.03107501220703125
ecology,pilot_v1_r0_r1_mu010,pilot_v1_r0_r1_mu010,patchy_high,split_high_low,32,low_extraction_rate,10,10,-0.07843750000000001,-0.11281250000000001,-0.046402343750000026
random_scope,pilot_v1_r0_r1_mu010,pilot_v1_r0_r2_mu010,patchy_high,patchy_high,32,low_extraction_rate,10,10,0.00796875,-0.0014062499999999943,0.016722656249999978
random_scope,pilot_v1_r0_r1_mu010,pilot_v1_r0_r3_mu010,patchy_high,patchy_high,32,low_extraction_rate,10,10,0.0034375000000000018,-0.009687499999999996,0.016097656249999984
adaptive_minus_matched,pilot_v1_r1_mu010,pilot_v1_r0_r1_mu010,patchy_high,patchy_high,32,low_extraction_rate,10,10,-0.0065625000000000015,-0.018445312499999988,0.004374999999999998
ecology,pilot_v1_r0_r1_mu010,pilot_v1_r0_r1_mu010,patchy_high,split_high_low,64,social_perception_error,10,10,0.0010918898809523792,-0.004056462363591271,0.006299107142857143
random_scope,pilot_v1_r0_r1_mu010,pilot_v1_r0_r2_mu010,patchy_high,patchy_high,64,social_perception_error,10,10,0.0025350322420634812,-0.0040876038566468285,0.009098880828373
random_scope,pilot_v1_r0_r1_mu010,pilot_v1_r0_r3_mu010,patchy_high,patchy_high,64,social_perception_error,10,10,0.0022805059523809484,-0.0029203171502976137,0.00798023623511904
adaptive_minus_matched,pilot_v1_r1_mu010,pilot_v1_r0_r1_mu010,patchy_high,patchy_high,64,social_perception_error,10,10,-0.003099578373015871,-0.007046324714781734,0.0007908683655754041
ecology,pilot_v1_r0_r1_mu010,pilot_v1_r0_r1_mu010,patchy_high,split_high_low,64,majority_mismatch_rate,10,10,0.023363738881828855,-0.005592000548148948,0.059146283680295904
random_scope,pilot_v1_r0_r1_mu010,pilot_v1_r0_r2_mu010,patchy_high,patchy_high,64,majority_mismatch_rate,10,10,0.011561088286721633,-0.004414981632021579,0.03086439113249786
random_scope,pilot_v1_r0_r1_mu010,pilot_v1_r0_r3_mu010,patchy_high,patchy_high,64,majority_mismatch_rate,10,10,0.016450065996339566,-0.004513022804408535,0.040683432619224934
adaptive_minus_matched,pilot_v1_r1_mu010,pilot_v1_r0_r1_mu010,patchy_high,patchy_high,64,majority_mismatch_rate,10,10,-0.025958538107410993,-0.04943951108243759,-0.0037892028155316728
ecology,pilot_v1_r0_r1_mu010,pilot_v1_r0_r1_mu010,patchy_high,split_high_low,64,majority_tie_rate,10,10,-0.0038281249999999973,-0.023906250000000007,0.018285156249999983
random_scope,pilot_v1_r0_r1_mu010,pilot_v1_r0_r2_mu010,patchy_high,patchy_high,64,majority_tie_rate,10,10,-0.014765625,-0.031173828125000004,0.002421875000000005
random_scope,pilot_v1_r0_r1_mu010,pilot_v1_r0_r3_mu010,patchy_high,patchy_high,64,majority_tie_rate,10,10,-0.002109375000000005,-0.026019531250000002,0.020156249999999994
adaptive_minus_matched,pilot_v1_r1_mu010,pilot_v1_r0_r1_mu010,patchy_high,patchy_high,64,majority_tie_rate,10,10,-0.015546874999999998,-0.028515624999999996,-0.004140625000000004
ecology,pilot_v1_r0_r1_mu010,pilot_v1_r0_r1_mu010,patchy_high,split_high_low,64,visibility_gini,10,10,0.02465454101562501,-0.002296585083007797,0.04755105590820313
random_scope,pilot_v1_r0_r1_mu010,pilot_v1_r0_r2_mu010,patchy_high,patchy_high,64,visibility_gini,10,10,0.043745727539062494,0.026366210937500002,0.06193710327148436
random_scope,pilot_v1_r0_r1_mu010,pilot_v1_r0_r3_mu010,patchy_high,patchy_high,64,visibility_gini,10,10,0.1328607177734375,0.11332756042480467,0.15604930114746093
adaptive_minus_matched,pilot_v1_r1_mu010,pilot_v1_r0_r1_mu010,patchy_high,patchy_high,64,visibility_gini,10,10,-0.0007611083984374933,-0.026952850341796876,0.025728317260742192
ecology,pilot_v1_r0_r1_mu010,pilot_v1_r0_r1_mu010,patchy_high,split_high_low,64,low_extraction_rate,10,10,0.011406249999999998,-0.008281249999999999,0.03227148437499997
random_scope,pilot_v1_r0_r1_mu010,pilot_v1_r0_r2_mu010,patchy_high,patchy_high,64,low_extraction_rate,10,10,0.004062499999999999,-0.004296875,0.012421874999999995
random_scope,pilot_v1_r0_r1_mu010,pilot_v1_r0_r3_mu010,patchy_high,patchy_high,64,low_extraction_rate,10,10,0.006484374999999998,-0.007734375000000004,0.01968749999999999
adaptive_minus_matched,pilot_v1_r1_mu010,pilot_v1_r0_r1_mu010,patchy_high,patchy_high,64,low_extraction_rate,10,10,-0.009296875,-0.02171874999999999,0.0025800781249999925
random_scope,pilot_v1_r0_r1_mu010,pilot_v1_r0_r2_mu010,split_high_low,split_high_low,32,social_perception_error,10,10,-0.00103956653225808,-0.010213709677419358,0.008640940020161272
random_scope,pilot_v1_r0_r1_mu010,pilot_v1_r0_r3_mu010,split_high_low,split_high_low,32,social_perception_error,10,10,-0.0019858870967741993,-0.011944493447580657,0.008100081905241922
adaptive_minus_matched,pilot_v1_r1_mu010,pilot_v1_r0_r1_mu010,split_high_low,split_high_low,32,social_perception_error,10,10,-0.009315776209677409,-0.02278909400201612,0.0037271295362903225
random_scope,pilot_v1_r0_r1_mu010,pilot_v1_r0_r2_mu010,split_high_low,split_high_low,32,majority_mismatch_rate,10,10,0.009663190732768043,-0.004265016559326581,0.02650657334070077
random_scope,pilot_v1_r0_r1_mu010,pilot_v1_r0_r3_mu010,split_high_low,split_high_low,32,majority_mismatch_rate,10,10,0.010902604705187221,-0.002720284788072646,0.02504065718555387
adaptive_minus_matched,pilot_v1_r1_mu010,pilot_v1_r0_r1_mu010,split_high_low,split_high_low,32,majority_mismatch_rate,10,10,-0.010471946561056813,-0.026159233171886606,0.003826206749371017
random_scope,pilot_v1_r0_r1_mu010,pilot_v1_r0_r2_mu010,split_high_low,split_high_low,32,majority_tie_rate,10,10,0.022499999999999996,-0.016253906250000002,0.06124999999999999
random_scope,pilot_v1_r0_r1_mu010,pilot_v1_r0_r3_mu010,split_high_low,split_high_low,32,majority_tie_rate,10,10,0.014374999999999999,-0.027503906249999998,0.05563671874999994
adaptive_minus_matched,pilot_v1_r1_mu010,pilot_v1_r0_r1_mu010,split_high_low,split_high_low,32,majority_tie_rate,10,10,-0.04,-0.09234765624999998,0.004843749999999999
random_scope,pilot_v1_r0_r1_mu010,pilot_v1_r0_r2_mu010,split_high_low,split_high_low,32,visibility_gini,10,10,0.028610839843750006,-0.003335388183593726,0.05994134521484372
random_scope,pilot_v1_r0_r1_mu010,pilot_v1_r0_r3_mu010,split_high_low,split_high_low,32,visibility_gini,10,10,0.053461914062500004,0.02074291992187502,0.08988067626953124
adaptive_minus_matched,pilot_v1_r1_mu010,pilot_v1_r0_r1_mu010,split_high_low,split_high_low,32,visibility_gini,10,10,-0.011894531250000007,-0.0358404541015625,0.010760314941406206
random_scope,pilot_v1_r0_r1_mu010,pilot_v1_r0_r2_mu010,split_high_low,split_high_low,32,low_extraction_rate,10,10,0.001562500000000002,-0.012972656249999989,0.01891015624999998
random_scope,pilot_v1_r0_r1_mu010,pilot_v1_r0_r3_mu010,split_high_low,split_high_low,32,low_extraction_rate,10,10,-0.0029687500000000005,-0.02844140625,0.025468749999999995
adaptive_minus_matched,pilot_v1_r1_mu010,pilot_v1_r0_r1_mu010,split_high_low,split_high_low,32,low_extraction_rate,10,10,-0.013593749999999998,-0.04921875,0.01547656249999996
random_scope,pilot_v1_r0_r1_mu010,pilot_v1_r0_r2_mu010,split_high_low,split_high_low,64,social_perception_error,10,10,-0.004608754960317466,-0.009495093936011905,-5.542379712303303e-05
random_scope,pilot_v1_r0_r1_mu010,pilot_v1_r0_r3_mu010,split_high_low,split_high_low,64,social_perception_error,10,10,-0.005287388392857145,-0.010070374503968242,-0.00036173890128970006
adaptive_minus_matched,pilot_v1_r1_mu010,pilot_v1_r0_r1_mu010,split_high_low,split_high_low,64,social_perception_error,10,10,-0.002280815972222225,-0.007629038008432548,0.00286485460069443
random_scope,pilot_v1_r0_r1_mu010,pilot_v1_r0_r2_mu010,split_high_low,split_high_low,64,majority_mismatch_rate,10,10,-0.008764074313829582,-0.033516180835224854,0.016343292023808527
random_scope,pilot_v1_r0_r1_mu010,pilot_v1_r0_r3_mu010,split_high_low,split_high_low,64,majority_mismatch_rate,10,10,-0.012725395001835855,-0.03292038463128441,0.008129961339308258
adaptive_minus_matched,pilot_v1_r1_mu010,pilot_v1_r0_r1_mu010,split_high_low,split_high_low,64,majority_mismatch_rate,10,10,-0.013706975951566957,-0.03278267564257938,0.0063535585857535
random_scope,pilot_v1_r0_r1_mu010,pilot_v1_r0_r2_mu010,split_high_low,split_high_low,64,majority_tie_rate,10,10,-0.0044531250000000066,-0.029298828125000002,0.023515624999999984
random_scope,pilot_v1_r0_r1_mu010,pilot_v1_r0_r3_mu010,split_high_low,split_high_low,64,majority_tie_rate,10,10,-0.006875000000000008,-0.025390625,0.015080078124999978
adaptive_minus_matched,pilot_v1_r1_mu010,pilot_v1_r0_r1_mu010,split_high_low,split_high_low,64,majority_tie_rate,10,10,-0.037265625,-0.06493359374999998,-0.00819335937500006
random_scope,pilot_v1_r0_r1_mu010,pilot_v1_r0_r2_mu010,split_high_low,split_high_low,64,visibility_gini,10,10,0.0296575927734375,0.008485565185546884,0.051072998046875
random_scope,pilot_v1_r0_r1_mu010,pilot_v1_r0_r3_mu010,split_high_low,split_high_low,64,visibility_gini,10,10,0.10580810546875,0.08289198303222656,0.12634286499023437
adaptive_minus_matched,pilot_v1_r1_mu010,pilot_v1_r0_r1_mu010,split_high_low,split_high_low,64,visibility_gini,10,10,0.025140380859375006,0.003069320678710949,0.046829833984375
random_scope,pilot_v1_r0_r1_mu010,pilot_v1_r0_r2_mu010,split_high_low,split_high_low,64,low_extraction_rate,10,10,-0.005078124999999994,-0.016798828124999988,0.007814453124999989
random_scope,pilot_v1_r0_r1_mu010,pilot_v1_r0_r3_mu010,split_high_low,split_high_low,64,low_extraction_rate,10,10,-0.013203124999999996,-0.01960937499999999,-0.006484374999999998
adaptive_minus_matched,pilot_v1_r1_mu010,pilot_v1_r0_r1_mu010,split_high_low,split_high_low,64,low_extraction_rate,10,10,7.812499999999833e-05,-0.01187890625,0.012580078124999991
ecology,pilot_v1_r0_r2_mu010,pilot_v1_r0_r2_mu010,uniform_high,patchy_high,32,social_perception_error,10,10,-0.0006678427419354912,-0.014283266129032267,0.007822706653225792
ecology,pilot_v1_r0_r2_mu010,pilot_v1_r0_r2_mu010,uniform_high,split_high_low,32,social_perception_error,10,10,-0.05400075604838711,-0.0783534211189516,-0.03143280619959679
random_scope,pilot_v1_r0_r2_mu010,pilot_v1_r0_r3_mu010,uniform_high,uniform_high,32,social_perception_error,10,10,0.0005796370967741844,-0.008183877268145165,0.008721081149193543
adaptive_minus_matched,pilot_v1_r2_mu010,pilot_v1_r0_r2_mu010,uniform_high,uniform_high,32,social_perception_error,10,10,-0.0009135584677419283,-0.011834456905241923,0.011342962449596783
ecology,pilot_v1_r0_r2_mu010,pilot_v1_r0_r2_mu010,uniform_high,patchy_high,32,majority_mismatch_rate,10,10,0.0008286412512218961,-0.000552995391705069,0.002705720220639574
ecology,pilot_v1_r0_r2_mu010,pilot_v1_r0_r2_mu010,uniform_high,split_high_low,32,majority_mismatch_rate,10,10,-0.015084309046224476,-0.027023000676109927,-0.0051570954074775174
random_scope,pilot_v1_r0_r2_mu010,pilot_v1_r0_r3_mu010,uniform_high,uniform_high,32,majority_mismatch_rate,10,10,0.00013512818701917674,-0.0009830361755000243,0.001169641934714237
adaptive_minus_matched,pilot_v1_r2_mu010,pilot_v1_r0_r2_mu010,uniform_high,uniform_high,32,majority_mismatch_rate,10,10,-0.0006583436215249341,-0.0022317263381779508,0.0003869684264567469
ecology,pilot_v1_r0_r2_mu010,pilot_v1_r0_r2_mu010,uniform_high,patchy_high,32,majority_tie_rate,10,10,-0.00578125,-0.01578125,0.002187500000000001
ecology,pilot_v1_r0_r2_mu010,pilot_v1_r0_r2_mu010,uniform_high,split_high_low,32,majority_tie_rate,10,10,-0.069375,-0.09860156249999999,-0.04249609375000002
random_scope,pilot_v1_r0_r2_mu010,pilot_v1_r0_r3_mu010,uniform_high,uniform_high,32,majority_tie_rate,10,10,-0.00796875,-0.024378906249999995,0.003906250000000001
adaptive_minus_matched,pilot_v1_r2_mu010,pilot_v1_r0_r2_mu010,uniform_high,uniform_high,32,majority_tie_rate,10,10,0.0006249999999999999,-0.0103125,0.01359765624999998
ecology,pilot_v1_r0_r2_mu010,pilot_v1_r0_r2_mu010,uniform_high,patchy_high,32,visibility_gini,10,10,-0.00027099609375000057,-0.016729125976562505,0.014156677246093744
ecology,pilot_v1_r0_r2_mu010,pilot_v1_r0_r2_mu010,uniform_high,split_high_low,32,visibility_gini,10,10,0.009497070312500012,-0.019413330078124975,0.0359847412109375
random_scope,pilot_v1_r0_r2_mu010,pilot_v1_r0_r3_mu010,uniform_high,uniform_high,32,visibility_gini,10,10,0.025544433593750006,0.00823370361328126,0.04268383789062499
adaptive_minus_matched,pilot_v1_r2_mu010,pilot_v1_r0_r2_mu010,uniform_high,uniform_high,32,visibility_gini,10,10,-0.001821289062500006,-0.015046691894531257,0.01304998779296874
ecology,pilot_v1_r0_r2_mu010,pilot_v1_r0_r2_mu010,uniform_high,patchy_high,32,low_extraction_rate,10,10,0.0009374999999999997,-0.0115625,0.009218750000000001
ecology,pilot_v1_r0_r2_mu010,pilot_v1_r0_r2_mu010,uniform_high,split_high_low,32,low_extraction_rate,10,10,-0.08390624999999999,-0.11703124999999999,-0.05327734375000001
random_scope,pilot_v1_r0_r2_mu010,pilot_v1_r0_r3_mu010,uniform_high,uniform_high,32,low_extraction_rate,10,10,-0.002031249999999996,-0.008437499999999995,0.0053125
adaptive_minus_matched,pilot_v1_r2_mu010,pilot_v1_r0_r2_mu010,uniform_high,uniform_high,32,low_extraction_rate,10,10,-0.002656249999999999,-0.011874999999999993,0.0073476562499999835
ecology,pilot_v1_r0_r2_mu010,pilot_v1_r0_r2_mu010,uniform_high,patchy_high,64,social_perception_error,10,10,0.0015990823412698363,-0.00728528800843255,0.0097305462549603
ecology,pilot_v1_r0_r2_mu010,pilot_v1_r0_r2_mu010,uniform_high,split_high_low,64,social_perception_error,10,10,-0.004452814980158731,-0.01275586712549602,0.00353912450396825
random_scope,pilot_v1_r0_r2_mu010,pilot_v1_r0_r3_mu010,uniform_high,uniform_high,64,social_perception_error,10,10,0.0020489211309523804,-0.005998364645337287,0.009068103608630964
adaptive_minus_matched,pilot_v1_r2_mu010,pilot_v1_r0_r2_mu010,uniform_high,uniform_high,64,social_perception_error,10,10,-0.0029786706349206383,-0.008698156932043654,0.0030543774801587258
ecology,pilot_v1_r0_r2_mu010,pilot_v1_r0_r2_mu010,uniform_high,patchy_high,64,majority_mismatch_rate,10,10,0.008635729339931245,-0.0196292337694319,0.03715613869098868
ecology,pilot_v1_r0_r2_mu010,pilot_v1_r0_r2_mu010,uniform_high,split_high_low,64,majority_mismatch_rate,10,10,0.011674305621208882,-0.03658062770193331,0.06781071838088962
random_scope,pilot_v1_r0_r2_mu010,pilot_v1_r0_r3_mu010,uniform_high,uniform_high,64,majority_mismatch_rate,10,10,0.01279905536768651,-0.008195588549270133,0.03167723145146277
adaptive_minus_matched,pilot_v1_r2_mu010,pilot_v1_r0_r2_mu010,uniform_high,uniform_high,64,majority_mismatch_rate,10,10,-0.020188591039358824,-0.0462604010285871,0.0037624633327257616
ecology,pilot_v1_r0_r2_mu010,pilot_v1_r0_r2_mu010,uniform_high,patchy_high,64,majority_tie_rate,10,10,-0.0032031249999999968,-0.03719140624999999,0.02469140624999998
ecology,pilot_v1_r0_r2_mu010,pilot_v1_r0_r2_mu010,uniform_high,split_high_low,64,majority_tie_rate,10,10,0.0032812499999999994,-0.024464843749999982,0.037191406249999975
random_scope,pilot_v1_r0_r2_mu010,pilot_v1_r0_r3_mu010,uniform_high,uniform_high,64,majority_tie_rate,10,10,0.008984375,-0.017890625,0.033986328124999986
adaptive_minus_matched,pilot_v1_r2_mu010,pilot_v1_r0_r2_mu010,uniform_high,uniform_high,64,majority_tie_rate,10,10,-0.017734375,-0.04539648437499999,0.010781249999999989
ecology,pilot_v1_r0_r2_mu010,pilot_v1_r0_r2_mu010,uniform_high,patchy_high,64,visibility_gini,10,10,-0.007247314453125003,-0.02360441589355468,0.006993087768554669
ecology,pilot_v1_r0_r2_mu010,pilot_v1_r0_r2_mu010,uniform_high,split_high_low,64,visibility_gini,10,10,0.0033190917968750123,-0.01398997497558592,0.021924667358398466
random_scope,pilot_v1_r0_r2_mu010,pilot_v1_r0_r3_mu010,uniform_high,uniform_high,64,visibility_gini,10,10,0.07355834960937499,0.06378115844726563,0.08240965270996094
adaptive_minus_matched,pilot_v1_r2_mu010,pilot_v1_r0_r2_mu010,uniform_high,uniform_high,64,visibility_gini,10,10,0.011036376953125,-0.005078155517578122,0.027820220947265616
ecology,pilot_v1_r0_r2_mu010,pilot_v1_r0_r2_mu010,uniform_high,patchy_high,64,low_extraction_rate,10,10,0.004843749999999994,-0.0065625000000000076,0.01570312499999999
ecology,pilot_v1_r0_r2_mu010,pilot_v1_r0_r2_mu010,uniform_high,split_high_low,64,low_extraction_rate,10,10,0.0071093749999999985,-0.020158203125,0.03414453124999998
random_scope,pilot_v1_r0_r2_mu010,pilot_v1_r0_r3_mu010,uniform_high,uniform_high,64,low_extraction_rate,10,10,0.003593750000000001,-0.013050781249999996,0.018283203124999987
adaptive_minus_matched,pilot_v1_r2_mu010,pilot_v1_r0_r2_mu010,uniform_high,uniform_high,64,low_extraction_rate,10,10,-0.010468750000000008,-0.024611328125000005,0.001876953124999988
ecology,pilot_v1_r0_r2_mu010,pilot_v1_r0_r2_mu010,patchy_high,split_high_low,32,social_perception_error,10,10,-0.05333291330645161,-0.07564938256048387,-0.03378893649193548
random_scope,pilot_v1_r0_r2_mu010,pilot_v1_r0_r3_mu010,patchy_high,patchy_high,32,social_perception_error,10,10,-0.0008946572580645183,-0.011416141633064519,0.01144940776209674
adaptive_minus_matched,pilot_v1_r2_mu010,pilot_v1_r0_r2_mu010,patchy_high,patchy_high,32,social_perception_error,10,10,0.005430947580645161,-0.008004473286290325,0.017604681199596753
ecology,pilot_v1_r0_r2_mu010,pilot_v1_r0_r2_mu010,patchy_high,split_high_low,32,majority_mismatch_rate,10,10,-0.01591295029744637,-0.02801202319037828,-0.005927941621127745
random_scope,pilot_v1_r0_r2_mu010,pilot_v1_r0_r3_mu010,patchy_high,patchy_high,32,majority_mismatch_rate,10,10,-0.0011113118266041803,-0.0028869949527830265,0.00021614925674992417
adaptive_minus_matched,pilot_v1_r2_mu010,pilot_v1_r0_r2_mu010,patchy_high,patchy_high,32,majority_mismatch_rate,10,10,0.003525027255116242,-9.785804974903975e-05,0.008888830917105387
ecology,pilot_v1_r0_r2_mu010,pilot_v1_r0_r2_mu010,patchy_high,split_high_low,32,majority_tie_rate,10,10,-0.06359374999999999,-0.08922265624999999,-0.03983984375000002
random_scope,pilot_v1_r0_r2_mu010,pilot_v1_r0_r3_mu010,patchy_high,patchy_high,32,majority_tie_rate,10,10,-0.004843750000000001,-0.013125000000000003,0.0034374999999999996
adaptive_minus_matched,pilot_v1_r2_mu010,pilot_v1_r0_r2_mu010,patchy_high,patchy_high,32,majority_tie_rate,10,10,0.00640625,-0.00703125,0.022035156249999976
ecology,pilot_v1_r0_r2_mu010,pilot_v1_r0_r2_mu010,patchy_high,split_high_low,32,visibility_gini,10,10,0.009768066406250012,-0.013811584472656237,0.03206933593750001
random_scope,pilot_v1_r0_r2_mu010,pilot_v1_r0_r3_mu010,patchy_high,patchy_high,32,visibility_gini,10,10,0.026860351562500006,0.01681054687500001,0.03690106201171874
adaptive_minus_matched,pilot_v1_r2_mu010,pilot_v1_r0_r2_mu010,patchy_high,patchy_high,32,visibility_gini,10,10,0.001621093749999991,-0.014079406738281246,0.01923223876953124
ecology,pilot_v1_r0_r2_mu010,pilot_v1_r0_r2_mu010,patchy_high,split_high_low,32,low_extraction_rate,10,10,-0.08484375000000001,-0.11063671874999997,-0.060152343750000024
random_scope,pilot_v1_r0_r2_mu010,pilot_v1_r0_r3_mu010,patchy_high,patchy_high,32,low_extraction_rate,10,10,-0.00453125,-0.013906249999999998,0.0060937499999999985
adaptive_minus_matched,pilot_v1_r2_mu010,pilot_v1_r0_r2_mu010,patchy_high,patchy_high,32,low_extraction_rate,10,10,0.0075000000000000015,-0.004531250000000001,0.019382812499999957
ecology,pilot_v1_r0_r2_mu010,pilot_v1_r0_r2_mu010,patchy_high,split_high_low,64,social_perception_error,10,10,-0.0060518973214285674,-0.015662876674107137,0.00302822730654762
random_scope,pilot_v1_r0_r2_mu010,pilot_v1_r0_r3_mu010,patchy_high,patchy_high,64,social_perception_error,10,10,-0.0002545262896825329,-0.0038434322296626894,0.003204667348710321
adaptive_minus_matched,pilot_v1_r2_mu010,pilot_v1_r0_r2_mu010,patchy_high,patchy_high,64,social_perception_error,10,10,-0.0012980530753968322,-0.005913147941468261,0.0031437406994047545
ecology,pilot_v1_r0_r2_mu010,pilot_v1_r0_r2_mu010,patchy_high,split_high_low,64,majority_mismatch_rate,10,10,0.0030385762812776404,-0.038255112024614846,0.04929843935559705
random_scope,pilot_v1_r0_r2_mu010,pilot_v1_r0_r3_mu010,patchy_high,patchy_high,64,majority_mismatch_rate,10,10,0.004888977709617935,-0.007978425699683963,0.0196310626539763
adaptive_minus_matched,pilot_v1_r2_mu010,pilot_v1_r0_r2_mu010,patchy_high,patchy_high,64,majority_mismatch_rate,10,10,-0.01924254111558046,-0.03772673402313504,-0.002760948630544165
ecology,pilot_v1_r0_r2_mu010,pilot_v1_r0_r2_mu010,patchy_high,split_high_low,64,majority_tie_rate,10,10,0.006484374999999996,-0.02523437500000001,0.03851757812499998
random_scope,pilot_v1_r0_r2_mu010,pilot_v1_r0_r3_mu010,patchy_high,patchy_high,64,majority_tie_rate,10,10,0.012656249999999997,-0.015236328125000009,0.04000390624999998
adaptive_minus_matched,pilot_v1_r2_mu010,pilot_v1_r0_r2_mu010,patchy_high,patchy_high,64,majority_tie_rate,10,10,-0.01703125,-0.045080078125,0.007580078124999994
ecology,pilot_v1_r0_r2_mu010,pilot_v1_r0_r2_mu010,patchy_high,split_high_low,64,visibility_gini,10,10,0.010566406250000016,-0.004452560424804671,0.025544998168945315
random_scope,pilot_v1_r0_r2_mu010,pilot_v1_r0_r3_mu010,patchy_high,patchy_high,64,visibility_gini,10,10,0.089114990234375,0.07273321533203125,0.10195576477050781
adaptive_minus_matched,pilot_v1_r2_mu010,pilot_v1_r0_r2_mu010,patchy_high,patchy_high,64,visibility_gini,10,10,0.004306640624999997,-0.0163651885986328,0.024380203247070305
ecology,pilot_v1_r0_r2_mu010,pilot_v1_r0_r2_mu010,patchy_high,split_high_low,64,low_extraction_rate,10,10,0.0022656250000000046,-0.02859960937499999,0.03156835937499998
random_scope,pilot_v1_r0_r2_mu010,pilot_v1_r0_r3_mu010,patchy_high,patchy_high,64,low_extraction_rate,10,10,0.0024218749999999982,-0.009533203124999997,0.014613281249999976
adaptive_minus_matched,pilot_v1_r2_mu010,pilot_v1_r0_r2_mu010,patchy_high,patchy_high,64,low_extraction_rate,10,10,0.0064062499999999935,-0.002578125000000006,0.015624999999999997
random_scope,pilot_v1_r0_r2_mu010,pilot_v1_r0_r3_mu010,split_high_low,split_high_low,32,social_perception_error,10,10,-0.000946320564516119,-0.00687433845766128,0.0065253276209677495
adaptive_minus_matched,pilot_v1_r2_mu010,pilot_v1_r0_r2_mu010,split_high_low,split_high_low,32,social_perception_error,10,10,-0.008239667338709681,-0.014392924647177452,-0.002374495967741944
random_scope,pilot_v1_r0_r2_mu010,pilot_v1_r0_r3_mu010,split_high_low,split_high_low,32,majority_mismatch_rate,10,10,0.0012394139724191788,-0.005800768161420267,0.00799850856846627
adaptive_minus_matched,pilot_v1_r2_mu010,pilot_v1_r0_r2_mu010,split_high_low,split_high_low,32,majority_mismatch_rate,10,10,-0.0074938981008958305,-0.01627561021606406,-0.00032470413516229763
random_scope,pilot_v1_r0_r2_mu010,pilot_v1_r0_r3_mu010,split_high_low,split_high_low,32,majority_tie_rate,10,10,-0.008124999999999999,-0.0303125,0.015312499999999996
adaptive_minus_matched,pilot_v1_r2_mu010,pilot_v1_r0_r2_mu010,split_high_low,split_high_low,32,majority_tie_rate,10,10,-0.012968750000000001,-0.03844140625,0.014687500000000001
random_scope,pilot_v1_r0_r2_mu010,pilot_v1_r0_r3_mu010,split_high_low,split_high_low,32,visibility_gini,10,10,0.024851074218749998,0.00019683837890624404,0.053257873535156215
adaptive_minus_matched,pilot_v1_r2_mu010,pilot_v1_r0_r2_mu010,split_high_low,split_high_low,32,visibility_gini,10,10,0.011965332031249998,-0.017606506347656245,0.035312561035156245
random_scope,pilot_v1_r0_r2_mu010,pilot_v1_r0_r3_mu010,split_high_low,split_high_low,32,low_extraction_rate,10,10,-0.004531250000000002,-0.018281250000000002,0.01109765624999998
adaptive_minus_matched,pilot_v1_r2_mu010,pilot_v1_r0_r2_mu010,split_high_low,split_high_low,32,low_extraction_rate,10,10,-0.005781249999999997,-0.023128906249999994,0.013750000000000002
random_scope,pilot_v1_r0_r2_mu010,pilot_v1_r0_r3_mu010,split_high_low,split_high_low,64,social_perception_error,10,10,-0.0006786334325396797,-0.0066021980406745975,0.005882324218750002
adaptive_minus_matched,pilot_v1_r2_mu010,pilot_v1_r0_r2_mu010,split_high_low,split_high_low,64,social_perception_error,10,10,-0.0048573908730158875,-0.011856406560019846,0.001464960007440448
random_scope,pilot_v1_r0_r2_mu010,pilot_v1_r0_r3_mu010,split_high_low,split_high_low,64,majority_mismatch_rate,10,10,-0.00396132068800627,-0.035792210444078126,0.024540578283755863
adaptive_minus_matched,pilot_v1_r2_mu010,pilot_v1_r0_r2_mu010,split_high_low,split_high_low,64,majority_mismatch_rate,10,10,-0.009222974018568194,-0.04336918400440413,0.03750968061100805
random_scope,pilot_v1_r0_r2_mu010,pilot_v1_r0_r3_mu010,split_high_low,split_high_low,64,majority_tie_rate,10,10,-0.0024218750000000013,-0.014298828124999998,0.009218749999999998
adaptive_minus_matched,pilot_v1_r2_mu010,pilot_v1_r0_r2_mu010,split_high_low,split_high_low,64,majority_tie_rate,10,10,-0.023515625000000005,-0.04609375,-0.0025781250000000006
random_scope,pilot_v1_r0_r2_mu010,pilot_v1_r0_r3_mu010,split_high_low,split_high_low,64,visibility_gini,10,10,0.07615051269531248,0.05865946960449219,0.09401921081542967
adaptive_minus_matched,pilot_v1_r2_mu010,pilot_v1_r0_r2_mu010,split_high_low,split_high_low,64,visibility_gini,10,10,0.031613769531250016,0.004946807861328151,0.0543153076171875
random_scope,pilot_v1_r0_r2_mu010,pilot_v1_r0_r3_mu010,split_high_low,split_high_low,64,low_extraction_rate,10,10,-0.008125000000000002,-0.018671874999999998,0.0030488281249999908
adaptive_minus_matched,pilot_v1_r2_mu010,pilot_v1_r0_r2_mu010,split_high_low,split_high_low,64,low_extraction_rate,10,10,0.002265624999999999,-0.011562500000000007,0.014376953124999984
ecology,pilot_v1_r0_r3_mu010,pilot_v1_r0_r3_mu010,uniform_high,patchy_high,32,social_perception_error,10,10,-0.002142137096774194,-0.006354775705645157,0.002501480594758063
ecology,pilot_v1_r0_r3_mu010,pilot_v1_r0_r3_mu010,uniform_high,split_high_low,32,social_perception_error,10,10,-0.05552671370967741,-0.08430213583669356,-0.02784765625
adaptive_minus_matched,pilot_v1_r3_mu010,pilot_v1_r0_r3_mu010,uniform_high,uniform_high,32,social_perception_error,10,10,-0.0051688508064516156,-0.014617975050403222,0.0042852192540322525
ecology,pilot_v1_r0_r3_mu010,pilot_v1_r0_r3_mu010,uniform_high,patchy_high,32,majority_mismatch_rate,10,10,-0.00041779876240146085,-0.003480204156754187,0.001817969067969068
ecology,pilot_v1_r0_r3_mu010,pilot_v1_r0_r3_mu010,uniform_high,split_high_low,32,majority_mismatch_rate,10,10,-0.01398002326082447,-0.027643724984551636,-0.0029286173369722284
adaptive_minus_matched,pilot_v1_r3_mu010,pilot_v1_r0_r3_mu010,uniform_high,uniform_high,32,majority_mismatch_rate,10,10,-0.0012829689711989492,-0.0029688574516160728,-0.00016129032258064516
ecology,pilot_v1_r0_r3_mu010,pilot_v1_r0_r3_mu010,uniform_high,patchy_high,32,majority_tie_rate,10,10,-0.0026562500000000006,-0.0121875,0.008749999999999997
ecology,pilot_v1_r0_r3_mu010,pilot_v1_r0_r3_mu010,uniform_high,split_high_low,32,majority_tie_rate,10,10,-0.06953125000000002,-0.11140625,-0.031875
adaptive_minus_matched,pilot_v1_r3_mu010,pilot_v1_r0_r3_mu010,uniform_high,uniform_high,32,majority_tie_rate,10,10,-0.013749999999999998,-0.030937499999999996,-0.00015625000000000084
ecology,pilot_v1_r0_r3_mu010,pilot_v1_r0_r3_mu010,uniform_high,patchy_high,32,visibility_gini,10,10,0.0010449218750000016,-0.017422363281249995,0.01977331542968749
ecology,pilot_v1_r0_r3_mu010,pilot_v1_r0_r3_mu010,uniform_high,split_high_low,32,visibility_gini,10,10,0.008803710937500004,0.0012156982421875047,0.01643566894531252
adaptive_minus_matched,pilot_v1_r3_mu010,pilot_v1_r0_r3_mu010,uniform_high,uniform_high,32,visibility_gini,10,10,-0.01676025390625,-0.0380238037109375,0.0035318603515624753
ecology,pilot_v1_r0_r3_mu010,pilot_v1_r0_r3_mu010,uniform_high,patchy_high,32,low_extraction_rate,10,10,-0.0015625000000000036,-0.005781250000000007,0.003124999999999997
ecology,pilot_v1_r0_r3_mu010,pilot_v1_r0_r3_mu010,uniform_high,split_high_low,32,low_extraction_rate,10,10,-0.08640624999999999,-0.12140624999999998,-0.04967968750000005
adaptive_minus_matched,pilot_v1_r3_mu010,pilot_v1_r0_r3_mu010,uniform_high,uniform_high,32,low_extraction_rate,10,10,-0.009374999999999998,-0.02016015624999999,0.0007812500000000021
ecology,pilot_v1_r0_r3_mu010,pilot_v1_r0_r3_mu010,uniform_high,patchy_high,64,social_perception_error,10,10,-0.0007043650793650769,-0.003955209883432539,0.002079256572420647
ecology,pilot_v1_r0_r3_mu010,pilot_v1_r0_r3_mu010,uniform_high,split_high_low,64,social_perception_error,10,10,-0.007180369543650792,-0.011493551587301584,-0.0024826388888889044
adaptive_minus_matched,pilot_v1_r3_mu010,pilot_v1_r0_r3_mu010,uniform_high,uniform_high,64,social_perception_error,10,10,-0.0015572296626984144,-0.007417216951884923,0.0043961356026785674
ecology,pilot_v1_r0_r3_mu010,pilot_v1_r0_r3_mu010,uniform_high,patchy_high,64,majority_mismatch_rate,10,10,0.0007256516818626709,-0.007612722204757063,0.008283322493064847
ecology,pilot_v1_r0_r3_mu010,pilot_v1_r0_r3_mu010,uniform_high,split_high_low,64,majority_mismatch_rate,10,10,-0.005086070434483894,-0.029180628120436196,0.020474584284984533
adaptive_minus_matched,pilot_v1_r3_mu010,pilot_v1_r0_r3_mu010,uniform_high,uniform_high,64,majority_mismatch_rate,10,10,-0.0036278662564048713,-0.024114268638620453,0.01732291337503916
ecology,pilot_v1_r0_r3_mu010,pilot_v1_r0_r3_mu010,uniform_high,patchy_high,64,majority_tie_rate,10,10,0.0004687499999999997,-0.01961914062499999,0.018828124999999994
ecology,pilot_v1_r0_r3_mu010,pilot_v1_r0_r3_mu010,uniform_high,split_high_low,64,majority_tie_rate,10,10,-0.008125,-0.029300781249999994,0.012345703124999994
adaptive_minus_matched,pilot_v1_r3_mu010,pilot_v1_r0_r3_mu010,uniform_high,uniform_high,64,majority_tie_rate,10,10,-0.01593750000000001,-0.03976562500000001,0.01062695312499998
ecology,pilot_v1_r0_r3_mu010,pilot_v1_r0_r3_mu010,uniform_high,patchy_high,64,visibility_gini,10,10,0.008309326171875001,-0.007313568115234358,0.02320541381835937
ecology,pilot_v1_r0_r3_mu010,pilot_v1_r0_r3_mu010,uniform_high,split_high_low,64,visibility_gini,10,10,0.0059112548828125,-0.010239791870117183,0.019717849731445292
adaptive_minus_matched,pilot_v1_r3_mu010,pilot_v1_r0_r3_mu010,uniform_high,uniform_high,64,visibility_gini,10,10,0.012467651367187502,-0.0021054687500000023,0.029196914672851557
ecology,pilot_v1_r0_r3_mu010,pilot_v1_r0_r3_mu010,uniform_high,patchy_high,64,low_extraction_rate,10,10,0.003671874999999991,-0.0060937500000000115,0.014142578124999989
ecology,pilot_v1_r0_r3_mu010,pilot_v1_r0_r3_mu010,uniform_high,split_high_low,64,low_extraction_rate,10,10,-0.004609375000000004,-0.028439453125,0.01734960937499997
adaptive_minus_matched,pilot_v1_r3_mu010,pilot_v1_r0_r3_mu010,uniform_high,uniform_high,64,low_extraction_rate,10,10,0.0035156250000000083,-0.009767578124999985,0.015703125
ecology,pilot_v1_r0_r3_mu010,pilot_v1_r0_r3_mu010,patchy_high,split_high_low,32,social_perception_error,10,10,-0.053384576612903224,-0.08091752772177419,-0.027364667338709677
adaptive_minus_matched,pilot_v1_r3_mu010,pilot_v1_r0_r3_mu010,patchy_high,patchy_high,32,social_perception_error,10,10,-0.0025,-0.012533077116935498,0.007148973034274181
ecology,pilot_v1_r0_r3_mu010,pilot_v1_r0_r3_mu010,patchy_high,split_high_low,32,majority_mismatch_rate,10,10,-0.013562224498423009,-0.02534958943377994,-0.003974616378569749
adaptive_minus_matched,pilot_v1_r3_mu010,pilot_v1_r0_r3_mu010,patchy_high,patchy_high,32,majority_mismatch_rate,10,10,-0.0009887911326151883,-0.003024380294787027,0.0009430407146656939
ecology,pilot_v1_r0_r3_mu010,pilot_v1_r0_r3_mu010,patchy_high,split_high_low,32,majority_tie_rate,10,10,-0.06687499999999999,-0.10515624999999999,-0.030625000000000003
adaptive_minus_matched,pilot_v1_r3_mu010,pilot_v1_r0_r3_mu010,patchy_high,patchy_high,32,majority_tie_rate,10,10,-0.013750000000000002,-0.033441406249999986,0.0009375000000000002
ecology,pilot_v1_r0_r3_mu010,pilot_v1_r0_r3_mu010,patchy_high,split_high_low,32,visibility_gini,10,10,0.007758789062500002,-0.012002868652343736,0.02841558837890624
adaptive_minus_matched,pilot_v1_r3_mu010,pilot_v1_r0_r3_mu010,patchy_high,patchy_high,32,visibility_gini,10,10,-0.003984374999999998,-0.0147900390625,0.0051391601562499915
ecology,pilot_v1_r0_r3_mu010,pilot_v1_r0_r3_mu010,patchy_high,split_high_low,32,low_extraction_rate,10,10,-0.08484375,-0.11922656249999998,-0.05046093750000004
adaptive_minus_matched,pilot_v1_r3_mu010,pilot_v1_r0_r3_mu010,patchy_high,patchy_high,32,low_extraction_rate,10,10,-0.0029687500000000013,-0.014999999999999996,0.007816406249999979
ecology,pilot_v1_r0_r3_mu010,pilot_v1_r0_r3_mu010,patchy_high,split_high_low,64,social_perception_error,10,10,-0.0064760044642857145,-0.011246520027281744,-0.0014765082465277766
adaptive_minus_matched,pilot_v1_r3_mu010,pilot_v1_r0_r3_mu010,patchy_high,patchy_high,64,social_perception_error,10,10,-0.0015057663690476203,-0.005771988157242057,0.0031750062003968148
ecology,pilot_v1_r0_r3_mu010,pilot_v1_r0_r3_mu010,patchy_high,split_high_low,64,majority_mismatch_rate,10,10,-0.005811722116346564,-0.027747107398469948,0.017649344633807414
adaptive_minus_matched,pilot_v1_r3_mu010,pilot_v1_r0_r3_mu010,patchy_high,patchy_high,64,majority_mismatch_rate,10,10,0.002909418489344795,-0.008540747839312577,0.01710075230249428
ecology,pilot_v1_r0_r3_mu010,pilot_v1_r0_r3_mu010,patchy_high,split_high_low,64,majority_tie_rate,10,10,-0.00859375,-0.029609375,0.010468750000000004
adaptive_minus_matched,pilot_v1_r3_mu010,pilot_v1_r0_r3_mu010,patchy_high,patchy_high,64,majority_tie_rate,10,10,0.003515624999999997,-0.023046875000000005,0.027191406249999984
ecology,pilot_v1_r0_r3_mu010,pilot_v1_r0_r3_mu010,patchy_high,split_high_low,64,visibility_gini,10,10,-0.0023980712890625004,-0.020781280517578125,0.01718771362304687
adaptive_minus_matched,pilot_v1_r3_mu010,pilot_v1_r0_r3_mu010,patchy_high,patchy_high,64,visibility_gini,10,10,0.016710815429687515,-0.00519544982910153,0.039609436035156195
ecology,pilot_v1_r0_r3_mu010,pilot_v1_r0_r3_mu010,patchy_high,split_high_low,64,low_extraction_rate,10,10,-0.008281249999999995,-0.029296874999999993,0.014689453124999993
adaptive_minus_matched,pilot_v1_r3_mu010,pilot_v1_r0_r3_mu010,patchy_high,patchy_high,64,low_extraction_rate,10,10,0.0061718749999999985,-0.007343750000000001,0.01789257812499999
adaptive_minus_matched,pilot_v1_r3_mu010,pilot_v1_r0_r3_mu010,split_high_low,split_high_low,32,social_perception_error,10,10,-0.005267137096774191,-0.012645476310483883,0.0013994140625000102
adaptive_minus_matched,pilot_v1_r3_mu010,pilot_v1_r0_r3_mu010,split_high_low,split_high_low,32,majority_mismatch_rate,10,10,-0.0013504209983478013,-0.009451841904354226,0.005434470005073427
adaptive_minus_matched,pilot_v1_r3_mu010,pilot_v1_r0_r3_mu010,split_high_low,split_high_low,32,majority_tie_rate,10,10,-0.0209375,-0.051718749999999994,0.009070312499999953
adaptive_minus_matched,pilot_v1_r3_mu010,pilot_v1_r0_r3_mu010,split_high_low,split_high_low,32,visibility_gini,10,10,0.003129882812500004,-0.023418701171874994,0.02792559814453125
adaptive_minus_matched,pilot_v1_r3_mu010,pilot_v1_r0_r3_mu010,split_high_low,split_high_low,32,low_extraction_rate,10,10,-0.012968750000000001,-0.029218750000000005,0.002816406249999987
adaptive_minus_matched,pilot_v1_r3_mu010,pilot_v1_r0_r3_mu010,split_high_low,split_high_low,64,social_perception_error,10,10,-0.0117733134920635,-0.01751393539186508,-0.007584511408730166
adaptive_minus_matched,pilot_v1_r3_mu010,pilot_v1_r0_r3_mu010,split_high_low,split_high_low,64,majority_mismatch_rate,10,10,-0.02875283796413681,-0.05638471658274658,-0.004865427282515795
adaptive_minus_matched,pilot_v1_r3_mu010,pilot_v1_r0_r3_mu010,split_high_low,split_high_low,64,majority_tie_rate,10,10,-0.038984375,-0.06445703124999999,-0.013828125000000002
adaptive_minus_matched,pilot_v1_r3_mu010,pilot_v1_r0_r3_mu010,split_high_low,split_high_low,64,visibility_gini,10,10,0.014796752929687499,-0.003925308227539062,0.031750762939453114
adaptive_minus_matched,pilot_v1_r3_mu010,pilot_v1_r0_r3_mu010,split_high_low,split_high_low,64,low_extraction_rate,10,10,-0.019374999999999996,-0.034999999999999996,-0.0032792968750000075
ecology,pilot_v1_r1_mu010,pilot_v1_r1_mu010,uniform_high,patchy_high,32,social_perception_error,10,10,0.005611139112903229,-0.00328291960685483,0.01451093119959678
ecology,pilot_v1_r1_mu010,pilot_v1_r1_mu010,uniform_high,split_high_low,32,social_perception_error,10,10,-0.04163936491935485,-0.0752254599294355,-0.01328843245967743
adaptive_scope,pilot_v1_r1_mu010,pilot_v1_r2_mu010,uniform_high,uniform_high,32,social_perception_error,10,10,0.002919606854838707,-0.007924017137096772,0.013106193296370965
adaptive_scope,pilot_v1_r1_mu010,pilot_v1_r3_mu010,uniform_high,uniform_high,32,social_perception_error,10,10,0.0077545362903225805,0.0011979586693548407,0.014272555443548383
ecology,pilot_v1_r1_mu010,pilot_v1_r1_mu010,uniform_high,patchy_high,32,majority_mismatch_rate,10,10,0.0012578640718240274,-0.00045595488226189,0.003265753835831701
ecology,pilot_v1_r1_mu010,pilot_v1_r1_mu010,uniform_high,split_high_low,32,majority_mismatch_rate,10,10,-0.013428906649820835,-0.029336179816042373,-0.0011326167964405029
adaptive_scope,pilot_v1_r1_mu010,pilot_v1_r2_mu010,uniform_high,uniform_high,32,majority_mismatch_rate,10,10,0.0015049901896398003,0.00016129032258064516,0.0037233994500123512
adaptive_scope,pilot_v1_r1_mu010,pilot_v1_r3_mu010,uniform_high,uniform_high,32,majority_mismatch_rate,10,10,0.0022647437263329925,1.5120967741935457e-05,0.004752799159035249
ecology,pilot_v1_r1_mu010,pilot_v1_r1_mu010,uniform_high,patchy_high,32,majority_tie_rate,10,10,0.010781250000000003,0.002187500000000001,0.02015625
ecology,pilot_v1_r1_mu010,pilot_v1_r1_mu010,uniform_high,split_high_low,32,majority_tie_rate,10,10,-0.045625,-0.08984375,-0.009527343750000023
adaptive_scope,pilot_v1_r1_mu010,pilot_v1_r2_mu010,uniform_high,uniform_high,32,majority_tie_rate,10,10,0.0056250000000000015,-0.008437499999999997,0.02109765624999998
adaptive_scope,pilot_v1_r1_mu010,pilot_v1_r3_mu010,uniform_high,uniform_high,32,majority_tie_rate,10,10,0.012031250000000002,0.001406250000000001,0.024375
ecology,pilot_v1_r1_mu010,pilot_v1_r1_mu010,uniform_high,patchy_high,32,visibility_gini,10,10,-0.026130371093750004,-0.043323242187500006,-0.007754394531250029
ecology,pilot_v1_r1_mu010,pilot_v1_r1_mu010,uniform_high,split_high_low,32,visibility_gini,10,10,-0.01521728515625,-0.040684814453125,0.008791687011718747
adaptive_scope,pilot_v1_r1_mu010,pilot_v1_r2_mu010,uniform_high,uniform_high,32,visibility_gini,10,10,-0.006176757812500003,-0.020512817382812507,0.008227600097656251
adaptive_scope,pilot_v1_r1_mu010,pilot_v1_r3_mu010,uniform_high,uniform_high,32,visibility_gini,10,10,0.034306640624999996,0.016579284667968753,0.051211486816406235
ecology,pilot_v1_r1_mu010,pilot_v1_r1_mu010,uniform_high,patchy_high,32,low_extraction_rate,10,10,0.0031249999999999993,-0.0034375000000000005,0.0096875
ecology,pilot_v1_r1_mu010,pilot_v1_r1_mu010,uniform_high,split_high_low,32,low_extraction_rate,10,10,-0.06828125,-0.11141015624999999,-0.03124609375000002
adaptive_scope,pilot_v1_r1_mu010,pilot_v1_r2_mu010,uniform_high,uniform_high,32,low_extraction_rate,10,10,0.006249999999999997,-0.006406250000000002,0.020785156249999978
adaptive_scope,pilot_v1_r1_mu010,pilot_v1_r3_mu010,uniform_high,uniform_high,32,low_extraction_rate,10,10,0.0109375,0.002656249999999999,0.0209375
ecology,pilot_v1_r1_mu010,pilot_v1_r1_mu010,uniform_high,patchy_high,64,social_perception_error,10,10,-0.0002408854166666613,-0.004138106088789662,0.004336115761408738
ecology,pilot_v1_r1_mu010,pilot_v1_r1_mu010,uniform_high,split_high_low,64,social_perception_error,10,10,3.22420634920717e-05,-0.00942744760664682,0.009367768787202383
adaptive_scope,pilot_v1_r1_mu010,pilot_v1_r2_mu010,uniform_high,uniform_high,64,social_perception_error,10,10,0.000574156746031751,-0.004274243551587295,0.0057137199280753986
adaptive_scope,pilot_v1_r1_mu010,pilot_v1_r3_mu010,uniform_high,uniform_high,64,social_perception_error,10,10,0.0012016369047619074,-0.00479710751488094,0.006445436507936508
ecology,pilot_v1_r1_mu010,pilot_v1_r1_mu010,uniform_high,patchy_high,64,majority_mismatch_rate,10,10,0.004537320323536929,-0.023110140383232138,0.034375605239901796
ecology,pilot_v1_r1_mu010,pilot_v1_r1_mu010,uniform_high,split_high_low,64,majority_mismatch_rate,10,10,0.015649497049521746,-0.01631468483274035,0.04843553158075038
adaptive_scope,pilot_v1_r1_mu010,pilot_v1_r2_mu010,uniform_high,uniform_high,64,majority_mismatch_rate,10,10,0.0016927322022751434,-0.009047676824404202,0.0151441763585328
adaptive_scope,pilot_v1_r1_mu010,pilot_v1_r3_mu010,uniform_high,uniform_high,64,majority_mismatch_rate,10,10,-0.002068937212992303,-0.02590530806343686,0.02093142490859971
ecology,pilot_v1_r1_mu010,pilot_v1_r1_mu010,uniform_high,patchy_high,64,majority_tie_rate,10,10,0.015703125000000002,-0.012970703125000003,0.042736328124999994
ecology,pilot_v1_r1_mu010,pilot_v1_r1_mu010,uniform_high,split_high_low,64,majority_tie_rate,10,10,0.03359375,0.005910156250000049,0.057892578125
adaptive_scope,pilot_v1_r1_mu010,pilot_v1_r2_mu010,uniform_high,uniform_high,64,majority_tie_rate,10,10,0.006328124999999999,-0.012037109374999992,0.02375195312499999
adaptive_scope,pilot_v1_r1_mu010,pilot_v1_r3_mu010,uniform_high,uniform_high,64,majority_tie_rate,10,10,0.013515625000000007,-0.010003906249999982,0.034455078125
ecology,pilot_v1_r1_mu010,pilot_v1_r1_mu010,uniform_high,patchy_high,64,visibility_gini,10,10,-0.0020227050781250087,-0.02673574829101563,0.018977569580078093
ecology,pilot_v1_r1_mu010,pilot_v1_r1_mu010,uniform_high,split_high_low,64,visibility_gini,10,10,-0.0032696533203124987,-0.029582015991210936,0.024787216186523416
adaptive_scope,pilot_v1_r1_mu010,pilot_v1_r2_mu010,uniform_high,uniform_high,64,visibility_gini,10,10,0.0371728515625,0.0157080078125,0.055270141601562496
adaptive_scope,pilot_v1_r1_mu010,pilot_v1_r3_mu010,uniform_high,uniform_high,64,visibility_gini,10,10,0.1092999267578125,0.09152740478515625,0.12802488708496096
ecology,pilot_v1_r1_mu010,pilot_v1_r1_mu010,uniform_high,patchy_high,64,low_extraction_rate,10,10,0.008046875,-0.0051562499999999985,0.020937499999999998
ecology,pilot_v1_r1_mu010,pilot_v1_r1_mu010,uniform_high,split_high_low,64,low_extraction_rate,10,10,0.010078125000000002,-0.016564453124999996,0.03671875
adaptive_scope,pilot_v1_r1_mu010,pilot_v1_r2_mu010,uniform_high,uniform_high,64,low_extraction_rate,10,10,0.008437500000000014,-0.0023437499999999834,0.02039062500000001
adaptive_scope,pilot_v1_r1_mu010,pilot_v1_r3_mu010,uniform_high,uniform_high,64,low_extraction_rate,10,10,-0.001953125,-0.013048828125000002,0.010236328125000001
ecology,pilot_v1_r1_mu010,pilot_v1_r1_mu010,patchy_high,split_high_low,32,social_perception_error,10,10,-0.04725050403225807,-0.07604334677419358,-0.020194020917338715
adaptive_scope,pilot_v1_r1_mu010,pilot_v1_r2_mu010,patchy_high,patchy_high,32,social_perception_error,10,10,-0.009703881048387101,-0.016671181955645164,-0.0029742313508064706
adaptive_scope,pilot_v1_r1_mu010,pilot_v1_r3_mu010,patchy_high,patchy_high,32,social_perception_error,10,10,-0.002667590725806459,-0.011994613155241942,0.007887821320564507
ecology,pilot_v1_r1_mu010,pilot_v1_r1_mu010,patchy_high,split_high_low,32,majority_mismatch_rate,10,10,-0.014686770721644865,-0.031792540220330005,-0.001687353145376644
adaptive_scope,pilot_v1_r1_mu010,pilot_v1_r2_mu010,patchy_high,patchy_high,32,majority_mismatch_rate,10,10,-0.0031076035076035074,-0.008392302333681644,-0.00019317432248466723
adaptive_scope,pilot_v1_r1_mu010,pilot_v1_r3_mu010,patchy_high,patchy_high,32,majority_mismatch_rate,10,10,0.00029490305352374317,0.0,0.0006995239753860444
ecology,pilot_v1_r1_mu010,pilot_v1_r1_mu010,patchy_high,split_high_low,32,majority_tie_rate,10,10,-0.056406250000000005,-0.09782031249999998,-0.019375
adaptive_scope,pilot_v1_r1_mu010,pilot_v1_r2_mu010,patchy_high,patchy_high,32,majority_tie_rate,10,10,-0.016718749999999998,-0.03125,-0.005
adaptive_scope,pilot_v1_r1_mu010,pilot_v1_r3_mu010,patchy_high,patchy_high,32,majority_tie_rate,10,10,-0.0014062500000000012,-0.007968750000000002,0.005624999999999998
ecology,pilot_v1_r1_mu010,pilot_v1_r1_mu010,patchy_high,split_high_low,32,visibility_gini,10,10,0.010913085937500006,-0.0068274536132812355,0.029098937988281236
adaptive_scope,pilot_v1_r1_mu010,pilot_v1_r2_mu010,patchy_high,patchy_high,32,visibility_gini,10,10,0.016240234375000002,-0.001345642089843745,0.03353662109375
adaptive_scope,pilot_v1_r1_mu010,pilot_v1_r3_mu010,patchy_high,patchy_high,32,visibility_gini,10,10,0.0487060546875,0.027783447265625004,0.06936865234374998
ecology,pilot_v1_r1_mu010,pilot_v1_r1_mu010,patchy_high,split_high_low,32,low_extraction_rate,10,10,-0.07140625,-0.11078124999999998,-0.0353125
adaptive_scope,pilot_v1_r1_mu010,pilot_v1_r2_mu010,patchy_high,patchy_high,32,low_extraction_rate,10,10,-0.006093749999999999,-0.015316406249999994,0.00281640624999998
adaptive_scope,pilot_v1_r1_mu010,pilot_v1_r3_mu010,patchy_high,patchy_high,32,low_extraction_rate,10,10,-0.00015624999999999805,-0.00969140624999999,0.010625000000000004
ecology,pilot_v1_r1_mu010,pilot_v1_r1_mu010,patchy_high,split_high_low,64,social_perception_error,10,10,0.000273127480158733,-0.006096904451884918,0.0063510432167658655
adaptive_scope,pilot_v1_r1_mu010,pilot_v1_r2_mu010,patchy_high,patchy_high,64,social_perception_error,10,10,0.0007335069444444426,-0.004422510540674604,0.005733793712797603
adaptive_scope,pilot_v1_r1_mu010,pilot_v1_r3_mu010,patchy_high,patchy_high,64,social_perception_error,10,10,0.0006866939484126977,-0.004004092261904772,0.005657575334821419
ecology,pilot_v1_r1_mu010,pilot_v1_r1_mu010,patchy_high,split_high_low,64,majority_mismatch_rate,10,10,0.01111217672598482,-0.0010670495097045464,0.02611050992576662
adaptive_scope,pilot_v1_r1_mu010,pilot_v1_r2_mu010,patchy_high,patchy_high,64,majority_mismatch_rate,10,10,0.004845091294891098,-0.013976790957051259,0.02392754514395538
adaptive_scope,pilot_v1_r1_mu010,pilot_v1_r3_mu010,patchy_high,patchy_high,64,majority_mismatch_rate,10,10,-0.012417890600416221,-0.042658269201340006,0.011234754535427304
ecology,pilot_v1_r1_mu010,pilot_v1_r1_mu010,patchy_high,split_high_low,64,majority_tie_rate,10,10,0.017890625,0.003437500000000004,0.035939453124999986
adaptive_scope,pilot_v1_r1_mu010,pilot_v1_r2_mu010,patchy_high,patchy_high,64,majority_tie_rate,10,10,-0.013281249999999998,-0.04109375,0.01625390624999998
adaptive_scope,pilot_v1_r1_mu010,pilot_v1_r3_mu010,patchy_high,patchy_high,64,majority_tie_rate,10,10,-0.021171875,-0.041642578124999996,0.0013300781249999901
ecology,pilot_v1_r1_mu010,pilot_v1_r1_mu010,patchy_high,split_high_low,64,visibility_gini,10,10,-0.00124694824218749,-0.023679046630859357,0.022045852661132813
adaptive_scope,pilot_v1_r1_mu010,pilot_v1_r2_mu010,patchy_high,patchy_high,64,visibility_gini,10,10,0.038677978515625,0.01863580322265625,0.06032489013671875
adaptive_scope,pilot_v1_r1_mu010,pilot_v1_r3_mu010,patchy_high,patchy_high,64,visibility_gini,10,10,0.1153887939453125,0.09406639099121095,0.1381790313720703
ecology,pilot_v1_r1_mu010,pilot_v1_r1_mu010,patchy_high,split_high_low,64,low_extraction_rate,10,10,0.002031250000000001,-0.01711328124999999,0.021955078124999975
adaptive_scope,pilot_v1_r1_mu010,pilot_v1_r2_mu010,patchy_high,patchy_high,64,low_extraction_rate,10,10,-0.011640624999999993,-0.02476562499999999,0.0008593750000000067
adaptive_scope,pilot_v1_r1_mu010,pilot_v1_r3_mu010,patchy_high,patchy_high,64,low_extraction_rate,10,10,-0.008984375,-0.021406249999999998,0.0012500000000000011
adaptive_scope,pilot_v1_r1_mu010,pilot_v1_r2_mu010,split_high_low,split_high_low,32,social_perception_error,10,10,-0.0021156754032258065,-0.012710118447580635,0.009233240927419352
adaptive_scope,pilot_v1_r1_mu010,pilot_v1_r3_mu010,split_high_low,split_high_low,32,social_perception_error,10,10,-0.006034526209677416,-0.022503150201612906,0.0069070375504032165
adaptive_scope,pilot_v1_r1_mu010,pilot_v1_r2_mu010,split_high_low,split_high_low,32,majority_mismatch_rate,10,10,0.006685142272607063,-0.00023108739465715962,0.015599905063077436
adaptive_scope,pilot_v1_r1_mu010,pilot_v1_r3_mu010,split_high_low,split_high_low,32,majority_mismatch_rate,10,10,0.00178107914247821,-0.004649155696555313,0.009078434036454164
adaptive_scope,pilot_v1_r1_mu010,pilot_v1_r2_mu010,split_high_low,split_high_low,32,majority_tie_rate,10,10,-0.004531250000000001,-0.04453125,0.0296875
adaptive_scope,pilot_v1_r1_mu010,pilot_v1_r3_mu010,split_high_low,split_high_low,32,majority_tie_rate,10,10,-0.004687499999999998,-0.03140625,0.024066406249999978
adaptive_scope,pilot_v1_r1_mu010,pilot_v1_r2_mu010,split_high_low,split_high_low,32,visibility_gini,10,10,0.004750976562500004,-0.023653259277343734,0.03448309326171873
adaptive_scope,pilot_v1_r1_mu010,pilot_v1_r3_mu010,split_high_low,split_high_low,32,visibility_gini,10,10,0.03843749999999999,0.014808715820312499,0.06633160400390616
adaptive_scope,pilot_v1_r1_mu010,pilot_v1_r2_mu010,split_high_low,split_high_low,32,low_extraction_rate,10,10,-0.006250000000000001,-0.025160156249999996,0.0159375
adaptive_scope,pilot_v1_r1_mu010,pilot_v1_r3_mu010,split_high_low,split_high_low,32,low_extraction_rate,10,10,-0.0035937499999999997,-0.026410156250000004,0.018281250000000006
adaptive_scope,pilot_v1_r1_mu010,pilot_v1_r2_mu010,split_high_low,split_high_low,64,social_perception_error,10,10,-0.0020321800595238027,-0.00924074590773809,0.005676370287698424
adaptive_scope,pilot_v1_r1_mu010,pilot_v1_r3_mu010,split_high_low,split_high_low,64,social_perception_error,10,10,0.00420510912698413,-0.0021803152901785712,0.011204582093253961
adaptive_scope,pilot_v1_r1_mu010,pilot_v1_r2_mu010,split_high_low,split_high_low,64,majority_mismatch_rate,10,10,-0.013248076246828347,-0.03587786848147542,0.0071408568972800585
adaptive_scope,pilot_v1_r1_mu010,pilot_v1_r3_mu010,split_high_low,split_high_low,64,majority_mismatch_rate,10,10,0.0023204670107339945,-0.014391906222270986,0.0247851202494681
adaptive_scope,pilot_v1_r1_mu010,pilot_v1_r2_mu010,split_high_low,split_high_low,64,majority_tie_rate,10,10,-0.018203124999999997,-0.03812890625,0.0020351562499999853
adaptive_scope,pilot_v1_r1_mu010,pilot_v1_r3_mu010,split_high_low,split_high_low,64,majority_tie_rate,10,10,-0.005156250000000001,-0.032740234374999996,0.020240234374999975
adaptive_scope,pilot_v1_r1_mu010,pilot_v1_r2_mu010,split_high_low,split_high_low,64,visibility_gini,10,10,0.023184204101562494,0.0007518768310546853,0.04311828613281249
adaptive_scope,pilot_v1_r1_mu010,pilot_v1_r3_mu010,split_high_low,split_high_low,64,visibility_gini,10,10,0.1161517333984375,0.09130653381347659,0.14007949829101562
adaptive_scope,pilot_v1_r1_mu010,pilot_v1_r2_mu010,split_high_low,split_high_low,64,low_extraction_rate,10,10,-0.007265624999999995,-0.02429882812499999,0.007423828124999998
adaptive_scope,pilot_v1_r1_mu010,pilot_v1_r3_mu010,split_high_low,split_high_low,64,low_extraction_rate,10,10,0.00625,-0.015392578125000007,0.024921875000000003
ecology,pilot_v1_r2_mu010,pilot_v1_r2_mu010,uniform_high,patchy_high,32,social_perception_error,10,10,-0.0070123487903225815,-0.018911384828629033,0.007680412046370945
ecology,pilot_v1_r2_mu010,pilot_v1_r2_mu010,uniform_high,split_high_low,32,social_perception_error,10,10,-0.04667464717741936,-0.07113120589717742,-0.024188949092741958
adaptive_scope,pilot_v1_r2_mu010,pilot_v1_r3_mu010,uniform_high,uniform_high,32,social_perception_error,10,10,0.004834929435483872,-0.005038495463709678,0.018116998487903227
ecology,pilot_v1_r2_mu010,pilot_v1_r2_mu010,uniform_high,patchy_high,32,majority_mismatch_rate,10,10,-0.0033547296254192796,-0.009217725657165311,0.000386955636955637
ecology,pilot_v1_r2_mu010,pilot_v1_r2_mu010,uniform_high,split_high_low,32,majority_mismatch_rate,10,10,-0.008248754566853577,-0.02019088781048656,-0.00111351703253643
adaptive_scope,pilot_v1_r2_mu010,pilot_v1_r3_mu010,uniform_high,uniform_high,32,majority_mismatch_rate,10,10,0.000759753536693192,-0.00015625,0.0017873735908488016
ecology,pilot_v1_r2_mu010,pilot_v1_r2_mu010,uniform_high,patchy_high,32,majority_tie_rate,10,10,-0.0115625,-0.029375000000000002,0.005781249999999999
ecology,pilot_v1_r2_mu010,pilot_v1_r2_mu010,uniform_high,split_high_low,32,majority_tie_rate,10,10,-0.055781250000000004,-0.09078515625,-0.023746093750000023
adaptive_scope,pilot_v1_r2_mu010,pilot_v1_r3_mu010,uniform_high,uniform_high,32,majority_tie_rate,10,10,0.00640625,-0.002031249999999999,0.016874999999999998
ecology,pilot_v1_r2_mu010,pilot_v1_r2_mu010,uniform_high,patchy_high,32,visibility_gini,10,10,-0.0037133789062499976,-0.01950714111328125,0.0122447509765625
ecology,pilot_v1_r2_mu010,pilot_v1_r2_mu010,uniform_high,split_high_low,32,visibility_gini,10,10,-0.004289550781249993,-0.025147583007812488,0.01270513916015626
adaptive_scope,pilot_v1_r2_mu010,pilot_v1_r3_mu010,uniform_high,uniform_high,32,visibility_gini,10,10,0.0404833984375,0.02350701904296875,0.055189025878906235
ecology,pilot_v1_r2_mu010,pilot_v1_r2_mu010,uniform_high,patchy_high,32,low_extraction_rate,10,10,-0.00921875,-0.023281249999999996,0.004843749999999998
ecology,pilot_v1_r2_mu010,pilot_v1_r2_mu010,uniform_high,split_high_low,32,low_extraction_rate,10,10,-0.08078125,-0.10921874999999999,-0.04953125
adaptive_scope,pilot_v1_r2_mu010,pilot_v1_r3_mu010,uniform_high,uniform_high,32,low_extraction_rate,10,10,0.004687500000000002,-0.005941406249999989,0.016874999999999998
ecology,pilot_v1_r2_mu010,pilot_v1_r2_mu010,uniform_high,patchy_high,64,social_perception_error,10,10,-8.15352182539697e-05,-0.005428796192956357,0.004389617435515865
ecology,pilot_v1_r2_mu010,pilot_v1_r2_mu010,uniform_high,split_high_low,64,social_perception_error,10,10,-0.0025740947420634817,-0.009105174231150794,0.003258401537698418
adaptive_scope,pilot_v1_r2_mu010,pilot_v1_r3_mu010,uniform_high,uniform_high,64,social_perception_error,10,10,0.0006274801587301565,-0.004687616257440477,0.006521112351190474
ecology,pilot_v1_r2_mu010,pilot_v1_r2_mu010,uniform_high,patchy_high,64,majority_mismatch_rate,10,10,0.007689679416152883,-0.01654701754815713,0.03043260127693796
ecology,pilot_v1_r2_mu010,pilot_v1_r2_mu010,uniform_high,split_high_low,64,majority_mismatch_rate,10,10,0.0007086886004182537,-0.03434078199037331,0.027742168285277723
adaptive_scope,pilot_v1_r2_mu010,pilot_v1_r3_mu010,uniform_high,uniform_high,64,majority_mismatch_rate,10,10,-0.003761669415267444,-0.027865798799874594,0.02032296156158735
ecology,pilot_v1_r2_mu010,pilot_v1_r2_mu010,uniform_high,patchy_high,64,majority_tie_rate,10,10,-0.0039062499999999957,-0.031802734374999975,0.023285156249999966
ecology,pilot_v1_r2_mu010,pilot_v1_r2_mu010,uniform_high,split_high_low,64,majority_tie_rate,10,10,0.009062500000000005,-0.01804687499999999,0.034999999999999996
adaptive_scope,pilot_v1_r2_mu010,pilot_v1_r3_mu010,uniform_high,uniform_high,64,majority_tie_rate,10,10,0.007187500000000008,-0.015089843749999969,0.03031445312499999
ecology,pilot_v1_r2_mu010,pilot_v1_r2_mu010,uniform_high,patchy_high,64,visibility_gini,10,10,-0.0005175781250000011,-0.017907272338867197,0.016522994995117196
ecology,pilot_v1_r2_mu010,pilot_v1_r2_mu010,uniform_high,split_high_low,64,visibility_gini,10,10,-0.017258300781250003,-0.04091586303710938,0.005234359741210923
adaptive_scope,pilot_v1_r2_mu010,pilot_v1_r3_mu010,uniform_high,uniform_high,64,visibility_gini,10,10,0.0721270751953125,0.047083541870117186,0.09753587341308592
ecology,pilot_v1_r2_mu010,pilot_v1_r2_mu010,uniform_high,patchy_high,64,low_extraction_rate,10,10,-0.012031250000000007,-0.022343750000000002,-0.0011718750000000108
ecology,pilot_v1_r2_mu010,pilot_v1_r2_mu010,uniform_high,split_high_low,64,low_extraction_rate,10,10,-0.005625000000000008,-0.02937890625,0.019765624999999988
adaptive_scope,pilot_v1_r2_mu010,pilot_v1_r3_mu010,uniform_high,uniform_high,64,low_extraction_rate,10,10,-0.010390625000000014,-0.023359375000000005,0.0038300781249999633
ecology,pilot_v1_r2_mu010,pilot_v1_r2_mu010,patchy_high,split_high_low,32,social_perception_error,10,10,-0.03966229838709678,-0.06708458291330645,-0.014257119455645185
adaptive_scope,pilot_v1_r2_mu010,pilot_v1_r3_mu010,patchy_high,patchy_high,32,social_perception_error,10,10,0.007036290322580643,-0.0024257812500000082,0.015866053427419348
ecology,pilot_v1_r2_mu010,pilot_v1_r2_mu010,patchy_high,split_high_low,32,majority_mismatch_rate,10,10,-0.004894024941434296,-0.011352314599095463,-0.00027276771619982887
adaptive_scope,pilot_v1_r2_mu010,pilot_v1_r3_mu010,patchy_high,patchy_high,32,majority_mismatch_rate,10,10,0.0034025065611272506,0.00019317432248466723,0.008934215138309965
ecology,pilot_v1_r2_mu010,pilot_v1_r2_mu010,patchy_high,split_high_low,32,majority_tie_rate,10,10,-0.044218749999999994,-0.08438281249999999,-0.008585937500000036
adaptive_scope,pilot_v1_r2_mu010,pilot_v1_r3_mu010,patchy_high,patchy_high,32,majority_tie_rate,10,10,0.015312499999999998,0.0035937499999999997,0.02765625
ecology,pilot_v1_r2_mu010,pilot_v1_r2_mu010,patchy_high,split_high_low,32,visibility_gini,10,10,-0.000576171874999995,-0.01817443847656249,0.015813354492187476
adaptive_scope,pilot_v1_r2_mu010,pilot_v1_r3_mu010,patchy_high,patchy_high,32,visibility_gini,10,10,0.0324658203125,0.016392517089843746,0.049009521484375
ecology,pilot_v1_r2_mu010,pilot_v1_r2_mu010,patchy_high,split_high_low,32,low_extraction_rate,10,10,-0.0715625,-0.10469140625,-0.03453125
adaptive_scope,pilot_v1_r2_mu010,pilot_v1_r3_mu010,patchy_high,patchy_high,32,low_extraction_rate,10,10,0.005937500000000003,-0.0023476562499999943,0.014218750000000006
ecology,pilot_v1_r2_mu010,pilot_v1_r2_mu010,patchy_high,split_high_low,64,social_perception_error,10,10,-0.0024925595238095124,-0.008941344246031734,0.0043771236359127046
adaptive_scope,pilot_v1_r2_mu010,pilot_v1_r3_mu010,patchy_high,patchy_high,64,social_perception_error,10,10,-4.6812996031744826e-05,-0.004857390873015868,0.004587479848710306
ecology,pilot_v1_r2_mu010,pilot_v1_r2_mu010,patchy_high,split_high_low,64,majority_mismatch_rate,10,10,-0.006980990815734627,-0.028651994244188374,0.01700230070941026
adaptive_scope,pilot_v1_r2_mu010,pilot_v1_r3_mu010,patchy_high,patchy_high,64,majority_mismatch_rate,10,10,-0.01726298189530732,-0.03902985718728285,-0.0013434495272934069
ecology,pilot_v1_r2_mu010,pilot_v1_r2_mu010,patchy_high,split_high_low,64,majority_tie_rate,10,10,0.012968750000000001,-0.012499999999999994,0.04485156249999995
adaptive_scope,pilot_v1_r2_mu010,pilot_v1_r3_mu010,patchy_high,patchy_high,64,majority_tie_rate,10,10,-0.007890625000000002,-0.02468749999999999,0.0067207031249999875
ecology,pilot_v1_r2_mu010,pilot_v1_r2_mu010,patchy_high,split_high_low,64,visibility_gini,10,10,-0.016740722656250002,-0.03806230163574219,0.00223806762695313
adaptive_scope,pilot_v1_r2_mu010,pilot_v1_r3_mu010,patchy_high,patchy_high,64,visibility_gini,10,10,0.0767108154296875,0.05303944396972656,0.09919970703124999
ecology,pilot_v1_r2_mu010,pilot_v1_r2_mu010,patchy_high,split_high_low,64,low_extraction_rate,10,10,0.00640625,-0.012031250000000002,0.028906249999999994
adaptive_scope,pilot_v1_r2_mu010,pilot_v1_r3_mu010,patchy_high,patchy_high,64,low_extraction_rate,10,10,0.0026562499999999933,-0.009298828124999999,0.014611328124999977
adaptive_scope,pilot_v1_r2_mu010,pilot_v1_r3_mu010,split_high_low,split_high_low,32,social_perception_error,10,10,-0.00391885080645161,-0.012757182459677408,0.0054552356350806444
adaptive_scope,pilot_v1_r2_mu010,pilot_v1_r3_mu010,split_high_low,split_high_low,32,majority_mismatch_rate,10,10,-0.004904063130128852,-0.008292200735184944,-0.0017510514216853073
adaptive_scope,pilot_v1_r2_mu010,pilot_v1_r3_mu010,split_high_low,split_high_low,32,majority_tie_rate,10,10,-0.00015624999999999737,-0.029062499999999998,0.04266406249999996
adaptive_scope,pilot_v1_r2_mu010,pilot_v1_r3_mu010,split_high_low,split_high_low,32,visibility_gini,10,10,0.03368652343749999,0.011801025390624992,0.05319677734374999
adaptive_scope,pilot_v1_r2_mu010,pilot_v1_r3_mu010,split_high_low,split_high_low,32,low_extraction_rate,10,10,0.0026562500000000015,-0.01625,0.026570312499999957
adaptive_scope,pilot_v1_r2_mu010,pilot_v1_r3_mu010,split_high_low,split_high_low,64,social_perception_error,10,10,0.006237289186507932,0.0011876395089285695,0.010863281249999994
adaptive_scope,pilot_v1_r2_mu010,pilot_v1_r3_mu010,split_high_low,split_high_low,64,majority_mismatch_rate,10,10,0.015568543257562342,-0.012249526718965698,0.05730192312519707
adaptive_scope,pilot_v1_r2_mu010,pilot_v1_r3_mu010,split_high_low,split_high_low,64,majority_tie_rate,10,10,0.013046874999999996,-0.01992578125,0.04289648437499996
adaptive_scope,pilot_v1_r2_mu010,pilot_v1_r3_mu010,split_high_low,split_high_low,64,visibility_gini,10,10,0.09296752929687502,0.0690160827636719,0.11514883422851564
adaptive_scope,pilot_v1_r2_mu010,pilot_v1_r3_mu010,split_high_low,split_high_low,64,low_extraction_rate,10,10,0.013515624999999995,-0.003673828125000015,0.02906445312499999
ecology,pilot_v1_r3_mu010,pilot_v1_r3_mu010,uniform_high,patchy_high,32,social_perception_error,10,10,-0.004810987903225811,-0.015507560483870973,0.0051178490423386975
ecology,pilot_v1_r3_mu010,pilot_v1_r3_mu010,uniform_high,split_high_low,32,social_perception_error,10,10,-0.055428427419354845,-0.07877677671370968,-0.03182289566532261
ecology,pilot_v1_r3_mu010,pilot_v1_r3_mu010,uniform_high,patchy_high,32,majority_mismatch_rate,10,10,-0.0007119766009852216,-0.0017687807881773398,0.0
ecology,pilot_v1_r3_mu010,pilot_v1_r3_mu010,uniform_high,split_high_low,32,majority_mismatch_rate,10,10,-0.013912571233675619,-0.027024821373214745,-0.0048076184659987704
ecology,pilot_v1_r3_mu010,pilot_v1_r3_mu010,uniform_high,patchy_high,32,majority_tie_rate,10,10,-0.0026562500000000015,-0.010316406249999993,0.0037499999999999986
ecology,pilot_v1_r3_mu010,pilot_v1_r3_mu010,uniform_high,split_high_low,32,majority_tie_rate,10,10,-0.06234374999999999,-0.09610156249999999,-0.03421875
ecology,pilot_v1_r3_mu010,pilot_v1_r3_mu010,uniform_high,patchy_high,32,visibility_gini,10,10,-0.011730957031250003,-0.032194946289062505,0.013708984374999966
ecology,pilot_v1_r3_mu010,pilot_v1_r3_mu010,uniform_high,split_high_low,32,visibility_gini,10,10,-0.011086425781250003,-0.030580383300781232,0.012550537109374945
ecology,pilot_v1_r3_mu010,pilot_v1_r3_mu010,uniform_high,patchy_high,32,low_extraction_rate,10,10,-0.007968749999999998,-0.017035156249999992,0.0010937500000000014
ecology,pilot_v1_r3_mu010,pilot_v1_r3_mu010,uniform_high,split_high_low,32,low_extraction_rate,10,10,-0.0828125,-0.11484765624999999,-0.048593750000000005
ecology,pilot_v1_r3_mu010,pilot_v1_r3_mu010,uniform_high,patchy_high,64,social_perception_error,10,10,-0.0007558283730158711,-0.006996016245039685,0.006718215215773803
ecology,pilot_v1_r3_mu010,pilot_v1_r3_mu010,uniform_high,split_high_low,64,social_perception_error,10,10,0.0030357142857142944,-0.004419146825396814,0.010732770647321447
ecology,pilot_v1_r3_mu010,pilot_v1_r3_mu010,uniform_high,patchy_high,64,majority_mismatch_rate,10,10,-0.005811633063886994,-0.018019219360267624,0.011842168394523293
ecology,pilot_v1_r3_mu010,pilot_v1_r3_mu010,uniform_high,split_high_low,64,majority_mismatch_rate,10,10,0.020038901273248044,-0.021414969915983007,0.07396758276747438
ecology,pilot_v1_r3_mu010,pilot_v1_r3_mu010,uniform_high,patchy_high,64,majority_tie_rate,10,10,-0.018984375000000005,-0.037816406250000004,-0.00015039062500003147
ecology,pilot_v1_r3_mu010,pilot_v1_r3_mu010,uniform_high,split_high_low,64,majority_tie_rate,10,10,0.014921874999999992,-0.027267578125000004,0.05625195312499999
ecology,pilot_v1_r3_mu010,pilot_v1_r3_mu010,uniform_high,patchy_high,64,visibility_gini,10,10,0.004066162109374988,-0.007381729125976562,0.01408663940429686
ecology,pilot_v1_r3_mu010,pilot_v1_r3_mu010,uniform_high,split_high_low,64,visibility_gini,10,10,0.0035821533203125033,-0.013608123779296866,0.0251803283691406
ecology,pilot_v1_r3_mu010,pilot_v1_r3_mu010,uniform_high,patchy_high,64,low_extraction_rate,10,10,0.0010156250000000005,-0.00671874999999999,0.010781249999999997
ecology,pilot_v1_r3_mu010,pilot_v1_r3_mu010,uniform_high,split_high_low,64,low_extraction_rate,10,10,0.018281250000000002,-0.01695312499999999,0.05547265624999999
ecology,pilot_v1_r3_mu010,pilot_v1_r3_mu010,patchy_high,split_high_low,32,social_perception_error,10,10,-0.05061743951612903,-0.07404933215725806,-0.029297694052419346
ecology,pilot_v1_r3_mu010,pilot_v1_r3_mu010,patchy_high,split_high_low,32,majority_mismatch_rate,10,10,-0.0132005946326904,-0.026188914858099276,-0.004144221470124888
ecology,pilot_v1_r3_mu010,pilot_v1_r3_mu010,patchy_high,split_high_low,32,majority_tie_rate,10,10,-0.05968749999999999,-0.09298437499999997,-0.03124609375000002
ecology,pilot_v1_r3_mu010,pilot_v1_r3_mu010,patchy_high,split_high_low,32,visibility_gini,10,10,0.0006445312499999995,-0.01580743408203124,0.019474182128906243
ecology,pilot_v1_r3_mu010,pilot_v1_r3_mu010,patchy_high,split_high_low,32,low_extraction_rate,10,10,-0.07484375,-0.10390625,-0.04607812500000009
ecology,pilot_v1_r3_mu010,pilot_v1_r3_mu010,patchy_high,split_high_low,64,social_perception_error,10,10,0.003791542658730165,-0.0020952690972222284,0.009097253224206342
ecology,pilot_v1_r3_mu010,pilot_v1_r3_mu010,patchy_high,split_high_low,64,majority_mismatch_rate,10,10,0.02585053433713504,-0.012420863268011896,0.08388721739585794
ecology,pilot_v1_r3_mu010,pilot_v1_r3_mu010,patchy_high,split_high_low,64,majority_tie_rate,10,10,0.03390624999999999,-0.00359374999999999,0.07390820312499999
ecology,pilot_v1_r3_mu010,pilot_v1_r3_mu010,patchy_high,split_high_low,64,visibility_gini,10,10,-0.0004840087890624845,-0.01756309509277341,0.0161195526123047
ecology,pilot_v1_r3_mu010,pilot_v1_r3_mu010,patchy_high,split_high_low,64,low_extraction_rate,10,10,0.017265625,-0.014457031249999993,0.05133007812499998
ecology,pilot_v1_s1,pilot_v1_s1,uniform_high,patchy_high,32,social_perception_error,10,10,-0.004041078629032267,-0.012828093497983889,0.002816752772177413
ecology,pilot_v1_s1,pilot_v1_s1,uniform_high,split_high_low,32,social_perception_error,10,10,-0.05251386088709677,-0.07662862273185483,-0.027132024949596774
fixed_structure,pilot_v1_s2,pilot_v1_s1,uniform_high,uniform_high,32,social_perception_error,10,10,0.025966896231009135,0.003585630324047032,0.04602734578334692
ecology,pilot_v1_s1,pilot_v1_s1,uniform_high,patchy_high,32,majority_mismatch_rate,10,10,0.000984404253154253,-0.0007071960297766749,0.003353383374803007
ecology,pilot_v1_s1,pilot_v1_s1,uniform_high,split_high_low,32,majority_mismatch_rate,10,10,-0.013150899832443394,-0.02934114022381761,-0.0017482181018084976
fixed_structure,pilot_v1_s2,pilot_v1_s1,uniform_high,uniform_high,32,majority_mismatch_rate,10,10,0.005283822093172761,0.001231388870426169,0.010189476766513042
ecology,pilot_v1_s1,pilot_v1_s1,uniform_high,patchy_high,32,majority_tie_rate,10,10,0.001406249999999999,-0.011875,0.01812890624999998
ecology,pilot_v1_s1,pilot_v1_s1,uniform_high,split_high_low,32,majority_tie_rate,10,10,-0.07828125,-0.11890624999999999,-0.03921875
fixed_structure,pilot_v1_s2,pilot_v1_s1,uniform_high,uniform_high,32,majority_tie_rate,10,10,0.031406250000000004,0.006398437500000016,0.05484765624999997
ecology,pilot_v1_s1,pilot_v1_s1,uniform_high,patchy_high,32,visibility_gini,10,10,0.0,0.0,0.0
ecology,pilot_v1_s1,pilot_v1_s1,uniform_high,split_high_low,32,visibility_gini,10,10,0.0,0.0,0.0
fixed_structure,pilot_v1_s2,pilot_v1_s1,uniform_high,uniform_high,32,visibility_gini,10,10,0.07196545210040979,0.04849855516777656,0.09716258564933393
ecology,pilot_v1_s1,pilot_v1_s1,uniform_high,patchy_high,32,low_extraction_rate,10,10,-0.001406249999999999,-0.0165625,0.01015625
ecology,pilot_v1_s1,pilot_v1_s1,uniform_high,split_high_low,32,low_extraction_rate,10,10,-0.07999999999999999,-0.11094140624999997,-0.04765625
fixed_structure,pilot_v1_s2,pilot_v1_s1,uniform_high,uniform_high,32,low_extraction_rate,10,10,0.013593749999999998,-0.007656250000000005,0.032499999999999994
ecology,pilot_v1_s1,pilot_v1_s1,uniform_high,patchy_high,64,social_perception_error,10,10,-0.0010704985119047521,-0.004284117683531747,0.0018304191468254012
ecology,pilot_v1_s1,pilot_v1_s1,uniform_high,split_high_low,64,social_perception_error,10,10,-0.0032899305555555538,-0.011644298735119034,0.007135548425099205
fixed_structure,pilot_v1_s2,pilot_v1_s1,uniform_high,uniform_high,64,social_perception_error,10,10,0.04504877304880629,0.034025284258490544,0.05588079444277756
ecology,pilot_v1_s1,pilot_v1_s1,uniform_high,patchy_high,64,majority_mismatch_rate,10,10,-0.012346107865948365,-0.03050819757493093,-6.847592708210788e-05
ecology,pilot_v1_s1,pilot_v1_s1,uniform_high,split_high_low,64,majority_mismatch_rate,10,10,0.010898711164720416,-0.025576179622202752,0.0469459104310057
fixed_structure,pilot_v1_s2,pilot_v1_s1,uniform_high,uniform_high,64,majority_mismatch_rate,10,10,0.05534248400662438,0.02872804464316597,0.0802675853231634
ecology,pilot_v1_s1,pilot_v1_s1,uniform_high,patchy_high,64,majority_tie_rate,10,10,-0.014765624999999996,-0.023517578124999987,-0.005546875000000004
ecology,pilot_v1_s1,pilot_v1_s1,uniform_high,split_high_low,64,majority_tie_rate,10,10,0.0035937499999999954,-0.027111328124999997,0.03328125
fixed_structure,pilot_v1_s2,pilot_v1_s1,uniform_high,uniform_high,64,majority_tie_rate,10,10,0.005781249999999999,-0.018048828124999992,0.02906249999999999
ecology,pilot_v1_s1,pilot_v1_s1,uniform_high,patchy_high,64,visibility_gini,10,10,0.0,0.0,0.0
ecology,pilot_v1_s1,pilot_v1_s1,uniform_high,split_high_low,64,visibility_gini,10,10,0.0,0.0,0.0
fixed_structure,pilot_v1_s2,pilot_v1_s1,uniform_high,uniform_high,64,visibility_gini,10,10,0.08663232421874999,0.07609859375000005,0.0972429467773437
ecology,pilot_v1_s1,pilot_v1_s1,uniform_high,patchy_high,64,low_extraction_rate,10,10,-0.010390624999999995,-0.018986328124999986,-0.0017968749999999977
ecology,pilot_v1_s1,pilot_v1_s1,uniform_high,split_high_low,64,low_extraction_rate,10,10,0.007656250000000003,-0.02578125,0.03750000000000001
fixed_structure,pilot_v1_s2,pilot_v1_s1,uniform_high,uniform_high,64,low_extraction_rate,10,10,0.0015625,-0.011484374999999996,0.013515625000000009
ecology,pilot_v1_s1,pilot_v1_s1,patchy_high,split_high_low,32,social_perception_error,10,10,-0.048472782258064506,-0.07464931955645161,-0.023470199092741926
fixed_structure,pilot_v1_s2,pilot_v1_s1,patchy_high,patchy_high,32,social_perception_error,10,10,0.026207419764375416,0.004818705775141631,0.04662728823875498
ecology,pilot_v1_s1,pilot_v1_s1,patchy_high,split_high_low,32,majority_mismatch_rate,10,10,-0.014135304085597647,-0.0324813371713931,-0.0016527963208308356
fixed_structure,pilot_v1_s2,pilot_v1_s1,patchy_high,patchy_high,32,majority_mismatch_rate,10,10,0.008859947589077176,0.002313440830787884,0.016276907807687663
ecology,pilot_v1_s1,pilot_v1_s1,patchy_high,split_high_low,32,majority_tie_rate,10,10,-0.0796875,-0.13015624999999997,-0.030777343750000016
fixed_structure,pilot_v1_s2,pilot_v1_s1,patchy_high,patchy_high,32,majority_tie_rate,10,10,0.04062500000000001,0.016558593750000006,0.06547265625
ecology,pilot_v1_s1,pilot_v1_s1,patchy_high,split_high_low,32,visibility_gini,10,10,0.0,0.0,0.0
fixed_structure,pilot_v1_s2,pilot_v1_s1,patchy_high,patchy_high,32,visibility_gini,10,10,0.07196545210040979,0.04753037749743846,0.09561551453637286
ecology,pilot_v1_s1,pilot_v1_s1,patchy_high,split_high_low,32,low_extraction_rate,10,10,-0.07859374999999999,-0.11265624999999999,-0.04359375
fixed_structure,pilot_v1_s2,pilot_v1_s1,patchy_high,patchy_high,32,low_extraction_rate,10,10,0.013125000000000001,-0.0035937499999999997,0.026875000000000003
ecology,pilot_v1_s1,pilot_v1_s1,patchy_high,split_high_low,64,social_perception_error,10,10,-0.002219432043650801,-0.01034236266121033,0.007111529637896804
fixed_structure,pilot_v1_s2,pilot_v1_s1,patchy_high,patchy_high,64,social_perception_error,10,10,0.044731057735344935,0.03512910143055916,0.053087060410428745
ecology,pilot_v1_s1,pilot_v1_s1,patchy_high,split_high_low,64,majority_mismatch_rate,10,10,0.02324481903066878,-0.01165362086280325,0.05806095544602082
fixed_structure,pilot_v1_s2,pilot_v1_s1,patchy_high,patchy_high,64,majority_mismatch_rate,10,10,0.038222875061052645,0.017796325800794873,0.060762375821125016
ecology,pilot_v1_s1,pilot_v1_s1,patchy_high,split_high_low,64,majority_tie_rate,10,10,0.01835937499999999,-0.00844335937499999,0.046650390624999954
fixed_structure,pilot_v1_s2,pilot_v1_s1,patchy_high,patchy_high,64,majority_tie_rate,10,10,-0.016171874999999992,-0.036249999999999984,0.00047070312499999874
ecology,pilot_v1_s1,pilot_v1_s1,patchy_high,split_high_low,64,visibility_gini,10,10,0.0,0.0,0.0
fixed_structure,pilot_v1_s2,pilot_v1_s1,patchy_high,patchy_high,64,visibility_gini,10,10,0.08663232421874999,0.07626362548828122,0.09758501464843748
ecology,pilot_v1_s1,pilot_v1_s1,patchy_high,split_high_low,64,low_extraction_rate,10,10,0.018046874999999997,-0.012031250000000004,0.045080078124999985
fixed_structure,pilot_v1_s2,pilot_v1_s1,patchy_high,patchy_high,64,low_extraction_rate,10,10,-0.014296874999999992,-0.027109374999999998,-0.0016367187500000086
fixed_structure,pilot_v1_s2,pilot_v1_s1,split_high_low,split_high_low,32,social_perception_error,10,10,0.030886627946985823,0.01399974274402514,0.04650767705147117
fixed_structure,pilot_v1_s2,pilot_v1_s1,split_high_low,split_high_low,32,majority_mismatch_rate,10,10,0.031001441396037797,0.017152648552780755,0.043809112592058885
fixed_structure,pilot_v1_s2,pilot_v1_s1,split_high_low,split_high_low,32,majority_tie_rate,10,10,0.028125000000000004,-0.00844140624999999,0.06907421874999993
fixed_structure,pilot_v1_s2,pilot_v1_s1,split_high_low,split_high_low,32,visibility_gini,10,10,0.07196545210040979,0.04980909003586059,0.09617637759349376
fixed_structure,pilot_v1_s2,pilot_v1_s1,split_high_low,split_high_low,32,low_extraction_rate,10,10,0.000937500000000005,-0.016406249999999994,0.017656250000000002
fixed_structure,pilot_v1_s2,pilot_v1_s1,split_high_low,split_high_low,64,social_perception_error,10,10,0.03894738147686884,0.03026689569178565,0.04676990128260711
fixed_structure,pilot_v1_s2,pilot_v1_s1,split_high_low,split_high_low,64,majority_mismatch_rate,10,10,0.03603297803046225,0.01884528678444079,0.05751372572446748
fixed_structure,pilot_v1_s2,pilot_v1_s1,split_high_low,split_high_low,64,majority_tie_rate,10,10,0.0010156250000000005,-0.02281640625,0.026330078124999996
fixed_structure,pilot_v1_s2,pilot_v1_s1,split_high_low,split_high_low,64,visibility_gini,10,10,0.08663232421874999,0.07602091796875002,0.09777126220703125
fixed_structure,pilot_v1_s2,pilot_v1_s1,split_high_low,split_high_low,64,low_extraction_rate,10,10,0.0021875000000000006,-0.015548828124999995,0.01812695312499999
ecology,pilot_v1_s2,pilot_v1_s2,uniform_high,patchy_high,32,social_perception_error,10,10,-0.00428160216239854,-0.01286922994505215,0.0030698096891487656
ecology,pilot_v1_s2,pilot_v1_s2,uniform_high,split_high_low,32,social_perception_error,10,10,-0.05743359260307346,-0.07909182624785889,-0.03289847322851043
ecology,pilot_v1_s2,pilot_v1_s2,uniform_high,patchy_high,32,majority_mismatch_rate,10,10,-0.002591721242750163,-0.009912062590785652,0.0032115878752756533
ecology,pilot_v1_s2,pilot_v1_s2,uniform_high,split_high_low,32,majority_mismatch_rate,10,10,-0.038868519135308435,-0.0584743178345644,-0.01967539316630285
ecology,pilot_v1_s2,pilot_v1_s2,uniform_high,patchy_high,32,majority_tie_rate,10,10,-0.007812500000000002,-0.02719531249999999,0.008753906249999978
ecology,pilot_v1_s2,pilot_v1_s2,uniform_high,split_high_low,32,majority_tie_rate,10,10,-0.07500000000000001,-0.10969531249999999,-0.04202734375000003
ecology,pilot_v1_s2,pilot_v1_s2,uniform_high,patchy_high,32,visibility_gini,10,10,0.0,0.0,0.0
ecology,pilot_v1_s2,pilot_v1_s2,uniform_high,split_high_low,32,visibility_gini,10,10,0.0,0.0,0.0
ecology,pilot_v1_s2,pilot_v1_s2,uniform_high,patchy_high,32,low_extraction_rate,10,10,-0.0009375000000000029,-0.011566406249999998,0.008906249999999996
ecology,pilot_v1_s2,pilot_v1_s2,uniform_high,split_high_low,32,low_extraction_rate,10,10,-0.06734375000000001,-0.09109375,-0.039367187500000046
ecology,pilot_v1_s2,pilot_v1_s2,uniform_high,patchy_high,64,social_perception_error,10,10,-0.0007527831984433964,-0.006739059604903045,0.004651045073451738
ecology,pilot_v1_s2,pilot_v1_s2,uniform_high,split_high_low,64,social_perception_error,10,10,0.0028114610163819053,-0.004385365609810507,0.008863127826263839
ecology,pilot_v1_s2,pilot_v1_s2,uniform_high,patchy_high,64,majority_mismatch_rate,10,10,0.004773501079623367,-0.01985015231248531,0.02565607768814719
ecology,pilot_v1_s2,pilot_v1_s2,uniform_high,split_high_low,64,majority_mismatch_rate,10,10,0.030208217140882548,-0.0012799454365389454,0.06059646657085438
ecology,pilot_v1_s2,pilot_v1_s2,uniform_high,patchy_high,64,majority_tie_rate,10,10,0.007187499999999994,-0.00968750000000001,0.02515624999999999
ecology,pilot_v1_s2,pilot_v1_s2,uniform_high,split_high_low,64,majority_tie_rate,10,10,0.008359374999999994,-0.018517578125000003,0.03414257812499998
ecology,pilot_v1_s2,pilot_v1_s2,uniform_high,patchy_high,64,visibility_gini,10,10,0.0,0.0,0.0
ecology,pilot_v1_s2,pilot_v1_s2,uniform_high,split_high_low,64,visibility_gini,10,10,0.0,0.0,0.0
ecology,pilot_v1_s2,pilot_v1_s2,uniform_high,patchy_high,64,low_extraction_rate,10,10,0.005468749999999997,-0.004609375000000004,0.014921874999999996
ecology,pilot_v1_s2,pilot_v1_s2,uniform_high,split_high_low,64,low_extraction_rate,10,10,0.007031250000000003,-0.016486328124999994,0.030472656249999987
ecology,pilot_v1_s2,pilot_v1_s2,patchy_high,split_high_low,32,social_perception_error,10,10,-0.05315199044067492,-0.0786846450893137,-0.025520947604283067
ecology,pilot_v1_s2,pilot_v1_s2,patchy_high,split_high_low,32,majority_mismatch_rate,10,10,-0.03627679789255827,-0.060783926281339,-0.014457865676150164
ecology,pilot_v1_s2,pilot_v1_s2,patchy_high,split_high_low,32,majority_tie_rate,10,10,-0.0671875,-0.10609765625,-0.02405859375000002
ecology,pilot_v1_s2,pilot_v1_s2,patchy_high,split_high_low,32,visibility_gini,10,10,0.0,0.0,0.0
ecology,pilot_v1_s2,pilot_v1_s2,patchy_high,split_high_low,32,low_extraction_rate,10,10,-0.06640625,-0.09407031249999996,-0.03359375
ecology,pilot_v1_s2,pilot_v1_s2,patchy_high,split_high_low,64,social_perception_error,10,10,0.003564244214825302,-0.0013175867721919722,0.008537035562344173
ecology,pilot_v1_s2,pilot_v1_s2,patchy_high,split_high_low,64,majority_mismatch_rate,10,10,0.02543471606125918,-0.012741973514939298,0.06722599357178831
ecology,pilot_v1_s2,pilot_v1_s2,patchy_high,split_high_low,64,majority_tie_rate,10,10,0.001171875,-0.02273828125,0.025859375000000007
ecology,pilot_v1_s2,pilot_v1_s2,patchy_high,split_high_low,64,visibility_gini,10,10,0.0,0.0,0.0
ecology,pilot_v1_s2,pilot_v1_s2,patchy_high,split_high_low,64,low_extraction_rate,10,10,0.0015625000000000055,-0.01570507812499999,0.019457031249999982
ecology,pilot_v1_r0_r1_mu010,pilot_v1_r0_r1_mu010,uniform_high,patchy_high,32,eval_mean_mean_resource_fraction,10,10,-0.009638649588671014,-0.030962820744049227,0.011743707694976506
ecology,pilot_v1_r0_r1_mu010,pilot_v1_r0_r1_mu010,uniform_high,split_high_low,32,eval_mean_mean_resource_fraction,10,10,-0.04609587723622914,-0.066796540836825,-0.024024454496593194
random_scope,pilot_v1_r0_r1_mu010,pilot_v1_r0_r2_mu010,uniform_high,uniform_high,32,eval_mean_mean_resource_fraction,10,10,0.001234027216507172,-0.00712099865114223,0.010718131049632002
random_scope,pilot_v1_r0_r1_mu010,pilot_v1_r0_r3_mu010,uniform_high,uniform_high,32,eval_mean_mean_resource_fraction,10,10,-0.000365248604888746,-0.012247045176225366,0.016813532303342798
adaptive_minus_matched,pilot_v1_r1_mu010,pilot_v1_r0_r1_mu010,uniform_high,uniform_high,32,eval_mean_mean_resource_fraction,10,10,0.0021176127081738716,-0.0048764191413654965,0.008143310619602285
ecology,pilot_v1_r0_r1_mu010,pilot_v1_r0_r1_mu010,uniform_high,patchy_high,32,eval_mean_mean_reserve_welfare,10,10,0.0005536324858711917,-0.01666761381541745,0.020393410241457303
ecology,pilot_v1_r0_r1_mu010,pilot_v1_r0_r1_mu010,uniform_high,split_high_low,32,eval_mean_mean_reserve_welfare,10,10,0.09693626520166322,0.056128419167788025,0.137663977233002
random_scope,pilot_v1_r0_r1_mu010,pilot_v1_r0_r2_mu010,uniform_high,uniform_high,32,eval_mean_mean_reserve_welfare,10,10,0.006088223752703481,-0.0050705290134967305,0.022890112707633633
random_scope,pilot_v1_r0_r1_mu010,pilot_v1_r0_r3_mu010,uniform_high,uniform_high,32,eval_mean_mean_reserve_welfare,10,10,0.009277212712655702,-0.004078748925200827,0.02785956334749283
adaptive_minus_matched,pilot_v1_r1_mu010,pilot_v1_r0_r1_mu010,uniform_high,uniform_high,32,eval_mean_mean_reserve_welfare,10,10,-0.013544966250752721,-0.033818805512401295,0.00016428004595125416
ecology,pilot_v1_r0_r1_mu010,pilot_v1_r0_r1_mu010,uniform_high,patchy_high,32,final_wealth_gini,10,10,0.017681489255111392,0.010206162834177081,0.026951283472984453
ecology,pilot_v1_r0_r1_mu010,pilot_v1_r0_r1_mu010,uniform_high,split_high_low,32,final_wealth_gini,10,10,-0.13088267001358123,-0.16314062673423388,-0.09706730372915412
random_scope,pilot_v1_r0_r1_mu010,pilot_v1_r0_r2_mu010,uniform_high,uniform_high,32,final_wealth_gini,10,10,0.0010820387534715037,-0.006154619390656036,0.00834383020153062
random_scope,pilot_v1_r0_r1_mu010,pilot_v1_r0_r3_mu010,uniform_high,uniform_high,32,final_wealth_gini,10,10,-0.005584020753584528,-0.019817108236555088,0.007846216674497801
adaptive_minus_matched,pilot_v1_r1_mu010,pilot_v1_r0_r1_mu010,uniform_high,uniform_high,32,final_wealth_gini,10,10,0.006057306493659542,-0.002533989661792788,0.018908883567660868
ecology,pilot_v1_r0_r1_mu010,pilot_v1_r0_r1_mu010,uniform_high,patchy_high,64,eval_mean_mean_resource_fraction,10,10,-0.004173191603267065,-0.013652393396418027,0.004251660301186715
ecology,pilot_v1_r0_r1_mu010,pilot_v1_r0_r1_mu010,uniform_high,split_high_low,64,eval_mean_mean_resource_fraction,10,10,-0.02499371849995096,-0.04491005356053089,-0.006222497940350553
random_scope,pilot_v1_r0_r1_mu010,pilot_v1_r0_r2_mu010,uniform_high,uniform_high,64,eval_mean_mean_resource_fraction,10,10,-0.0028741981203272314,-0.012526458385067872,0.006844967330640353
random_scope,pilot_v1_r0_r1_mu010,pilot_v1_r0_r3_mu010,uniform_high,uniform_high,64,eval_mean_mean_resource_fraction,10,10,-0.010734842405175542,-0.025418579756391932,0.004882516501530231
adaptive_minus_matched,pilot_v1_r1_mu010,pilot_v1_r0_r1_mu010,uniform_high,uniform_high,64,eval_mean_mean_resource_fraction,10,10,0.010097468437347313,-0.0009225582207374115,0.021132299479527196
ecology,pilot_v1_r0_r1_mu010,pilot_v1_r0_r1_mu010,uniform_high,patchy_high,64,eval_mean_mean_reserve_welfare,10,10,-0.01729092505871732,-0.06256311503600091,0.02982453170752298
ecology,pilot_v1_r0_r1_mu010,pilot_v1_r0_r1_mu010,uniform_high,split_high_low,64,eval_mean_mean_reserve_welfare,10,10,0.09072774993861457,0.04165173435023679,0.1370810313139175
random_scope,pilot_v1_r0_r1_mu010,pilot_v1_r0_r2_mu010,uniform_high,uniform_high,64,eval_mean_mean_reserve_welfare,10,10,0.014162580503710309,-0.017499330346116032,0.05212410902040567
random_scope,pilot_v1_r0_r1_mu010,pilot_v1_r0_r3_mu010,uniform_high,uniform_high,64,eval_mean_mean_reserve_welfare,10,10,-0.032010780562436926,-0.0867430234667099,0.01863959785871709
adaptive_minus_matched,pilot_v1_r1_mu010,pilot_v1_r0_r1_mu010,uniform_high,uniform_high,64,eval_mean_mean_reserve_welfare,10,10,0.01504076305913209,-0.027874816276956968,0.05896990086587354
ecology,pilot_v1_r0_r1_mu010,pilot_v1_r0_r1_mu010,uniform_high,patchy_high,64,final_wealth_gini,10,10,0.005266713137868284,-0.019333031635773944,0.03050453552540616
ecology,pilot_v1_r0_r1_mu010,pilot_v1_r0_r1_mu010,uniform_high,split_high_low,64,final_wealth_gini,10,10,-0.18104486319730978,-0.2031734963057613,-0.15630440253045236
random_scope,pilot_v1_r0_r1_mu010,pilot_v1_r0_r2_mu010,uniform_high,uniform_high,64,final_wealth_gini,10,10,-0.01670470299912672,-0.03904214234315913,0.004820265598763824
random_scope,pilot_v1_r0_r1_mu010,pilot_v1_r0_r3_mu010,uniform_high,uniform_high,64,final_wealth_gini,10,10,-0.00043482096646911826,-0.019268151513208966,0.018782295393999726
adaptive_minus_matched,pilot_v1_r1_mu010,pilot_v1_r0_r1_mu010,uniform_high,uniform_high,64,final_wealth_gini,10,10,0.0022358082707682357,-0.022635544834196174,0.024891303420511837
ecology,pilot_v1_r0_r1_mu010,pilot_v1_r0_r1_mu010,patchy_high,split_high_low,32,eval_mean_mean_resource_fraction,10,10,-0.03645722764755812,-0.05863358948533733,-0.013713742656632414
random_scope,pilot_v1_r0_r1_mu010,pilot_v1_r0_r2_mu010,patchy_high,patchy_high,32,eval_mean_mean_resource_fraction,10,10,-0.0010568207244298355,-0.01300930416520366,0.013299545812016502
random_scope,pilot_v1_r0_r1_mu010,pilot_v1_r0_r3_mu010,patchy_high,patchy_high,32,eval_mean_mean_resource_fraction,10,10,0.004670315053038848,-0.0037923902657762635,0.014251064902883508
adaptive_minus_matched,pilot_v1_r1_mu010,pilot_v1_r0_r1_mu010,patchy_high,patchy_high,32,eval_mean_mean_resource_fraction,10,10,-0.00032874982612366154,-0.007598358133406014,0.005965022590283198
ecology,pilot_v1_r0_r1_mu010,pilot_v1_r0_r1_mu010,patchy_high,split_high_low,32,eval_mean_mean_reserve_welfare,10,10,0.09638263271579203,0.04468993650150499,0.1439222081169266
random_scope,pilot_v1_r0_r1_mu010,pilot_v1_r0_r2_mu010,patchy_high,patchy_high,32,eval_mean_mean_reserve_welfare,10,10,-0.0009407428842957089,-0.008754600580078055,0.007872917383254317
random_scope,pilot_v1_r0_r1_mu010,pilot_v1_r0_r3_mu010,patchy_high,patchy_high,32,eval_mean_mean_reserve_welfare,10,10,0.01008387040861164,-0.0005859986143457115,0.02160112956207205
adaptive_minus_matched,pilot_v1_r1_mu010,pilot_v1_r0_r1_mu010,patchy_high,patchy_high,32,eval_mean_mean_reserve_welfare,10,10,-0.0009827030030839846,-0.011006246470629552,0.0073209265445473
ecology,pilot_v1_r0_r1_mu010,pilot_v1_r0_r1_mu010,patchy_high,split_high_low,32,final_wealth_gini,10,10,-0.14856415926869262,-0.18383497189396458,-0.11126192565522539
random_scope,pilot_v1_r0_r1_mu010,pilot_v1_r0_r2_mu010,patchy_high,patchy_high,32,final_wealth_gini,10,10,-0.007156967236932621,-0.015463685064391953,-0.0009502638482567008
random_scope,pilot_v1_r0_r1_mu010,pilot_v1_r0_r3_mu010,patchy_high,patchy_high,32,final_wealth_gini,10,10,-0.01970832841837309,-0.03466315302550039,-0.007228997469546772
adaptive_minus_matched,pilot_v1_r1_mu010,pilot_v1_r0_r1_mu010,patchy_high,patchy_high,32,final_wealth_gini,10,10,0.011211157119551719,-0.0010600316717904843,0.026836670859668687
ecology,pilot_v1_r0_r1_mu010,pilot_v1_r0_r1_mu010,patchy_high,split_high_low,64,eval_mean_mean_resource_fraction,10,10,-0.020820526896683893,-0.04095521523761104,-0.00047345019080238316
random_scope,pilot_v1_r0_r1_mu010,pilot_v1_r0_r2_mu010,patchy_high,patchy_high,64,eval_mean_mean_resource_fraction,10,10,-0.009339530845287925,-0.028250657865393762,0.009470591139105977
random_scope,pilot_v1_r0_r1_mu010,pilot_v1_r0_r3_mu010,patchy_high,patchy_high,64,eval_mean_mean_resource_fraction,10,10,-0.003452557594054466,-0.020771291241473644,0.012776812624574056
adaptive_minus_matched,pilot_v1_r1_mu010,pilot_v1_r0_r1_mu010,patchy_high,patchy_high,64,eval_mean_mean_resource_fraction,10,10,0.004807375971552862,-0.006855655898711452,0.017784517363948246
ecology,pilot_v1_r0_r1_mu010,pilot_v1_r0_r1_mu010,patchy_high,split_high_low,64,eval_mean_mean_reserve_welfare,10,10,0.10801867499733189,0.06315169236368222,0.15826804659241553
random_scope,pilot_v1_r0_r1_mu010,pilot_v1_r0_r2_mu010,patchy_high,patchy_high,64,eval_mean_mean_reserve_welfare,10,10,-0.009317579398489307,-0.06568727198537241,0.049870994697197746
random_scope,pilot_v1_r0_r1_mu010,pilot_v1_r0_r3_mu010,patchy_high,patchy_high,64,eval_mean_mean_reserve_welfare,10,10,-0.003422707355107213,-0.054908617113977196,0.04846543036802206
adaptive_minus_matched,pilot_v1_r1_mu010,pilot_v1_r0_r1_mu010,patchy_high,patchy_high,64,eval_mean_mean_reserve_welfare,10,10,0.02022943073119775,-0.024707397260192648,0.06795553147849756
ecology,pilot_v1_r0_r1_mu010,pilot_v1_r0_r1_mu010,patchy_high,split_high_low,64,final_wealth_gini,10,10,-0.1863115763351781,-0.21022835808200732,-0.16185864958050447
random_scope,pilot_v1_r0_r1_mu010,pilot_v1_r0_r2_mu010,patchy_high,patchy_high,64,final_wealth_gini,10,10,-0.013180769577868979,-0.039701603608533746,0.01207190189288705
random_scope,pilot_v1_r0_r1_mu010,pilot_v1_r0_r3_mu010,patchy_high,patchy_high,64,final_wealth_gini,10,10,-0.007787592091188555,-0.028213849809587764,0.01620008708387998
adaptive_minus_matched,pilot_v1_r1_mu010,pilot_v1_r0_r1_mu010,patchy_high,patchy_high,64,final_wealth_gini,10,10,-0.0047462540940397925,-0.03055609700156615,0.016971001827952144
random_scope,pilot_v1_r0_r1_mu010,pilot_v1_r0_r2_mu010,split_high_low,split_high_low,32,eval_mean_mean_resource_fraction,10,10,0.004708358861926531,-0.010511368221462107,0.020490437187246448
random_scope,pilot_v1_r0_r1_mu010,pilot_v1_r0_r3_mu010,split_high_low,split_high_low,32,eval_mean_mean_resource_fraction,10,10,0.025913036089204523,0.010009168494357734,0.047954642211351504
adaptive_minus_matched,pilot_v1_r1_mu010,pilot_v1_r0_r1_mu010,split_high_low,split_high_low,32,eval_mean_mean_resource_fraction,10,10,-0.021047008037618286,-0.044092783695496206,-0.0013643065603072269
random_scope,pilot_v1_r0_r1_mu010,pilot_v1_r0_r2_mu010,split_high_low,split_high_low,32,eval_mean_mean_reserve_welfare,10,10,0.0036827119267763718,-0.009594732663950587,0.015324203314391334
random_scope,pilot_v1_r0_r1_mu010,pilot_v1_r0_r3_mu010,split_high_low,split_high_low,32,eval_mean_mean_reserve_welfare,10,10,0.013288220673000905,0.004875434276459985,0.02251062225769353
adaptive_minus_matched,pilot_v1_r1_mu010,pilot_v1_r0_r1_mu010,split_high_low,split_high_low,32,eval_mean_mean_reserve_welfare,10,10,-0.013398222848988672,-0.026054297593574527,-0.0018003498194519598
random_scope,pilot_v1_r0_r1_mu010,pilot_v1_r0_r2_mu010,split_high_low,split_high_low,32,final_wealth_gini,10,10,-0.0072810017394766115,-0.011884909369397118,-0.0029056999183402744
random_scope,pilot_v1_r0_r1_mu010,pilot_v1_r0_r3_mu010,split_high_low,split_high_low,32,final_wealth_gini,10,10,-0.003206762255066331,-0.00934194445248099,0.0036795048454041366
adaptive_minus_matched,pilot_v1_r1_mu010,pilot_v1_r0_r1_mu010,split_high_low,split_high_low,32,final_wealth_gini,10,10,0.011313161593776266,0.00506341670359679,0.018064398484994804
random_scope,pilot_v1_r0_r1_mu010,pilot_v1_r0_r2_mu010,split_high_low,split_high_low,64,eval_mean_mean_resource_fraction,10,10,0.006597478238478882,-0.00530414151522955,0.018289098956113005
random_scope,pilot_v1_r0_r1_mu010,pilot_v1_r0_r3_mu010,split_high_low,split_high_low,64,eval_mean_mean_resource_fraction,10,10,-0.0028531587360547672,-0.014925285884377908,0.009878412660708822
adaptive_minus_matched,pilot_v1_r1_mu010,pilot_v1_r0_r1_mu010,split_high_low,split_high_low,64,eval_mean_mean_resource_fraction,10,10,-0.006072319672263583,-0.02170008799468605,0.010515867790769658
random_scope,pilot_v1_r0_r1_mu010,pilot_v1_r0_r2_mu010,split_high_low,split_high_low,64,eval_mean_mean_reserve_welfare,10,10,-0.0025982694924224447,-0.037721959920112354,0.030264490088910814
random_scope,pilot_v1_r0_r1_mu010,pilot_v1_r0_r3_mu010,split_high_low,split_high_low,64,eval_mean_mean_reserve_welfare,10,10,-0.022388224367008925,-0.051132522828183195,0.0016138908691705055
adaptive_minus_matched,pilot_v1_r1_mu010,pilot_v1_r0_r1_mu010,split_high_low,split_high_low,64,eval_mean_mean_reserve_welfare,10,10,0.0008611777426547395,-0.03463744612524137,0.04136742486866269
random_scope,pilot_v1_r0_r1_mu010,pilot_v1_r0_r2_mu010,split_high_low,split_high_low,64,final_wealth_gini,10,10,0.01492968876673737,0.0022116368691937924,0.029133338978533683
random_scope,pilot_v1_r0_r1_mu010,pilot_v1_r0_r3_mu010,split_high_low,split_high_low,64,final_wealth_gini,10,10,0.011535059948306548,-0.0020218424695105223,0.02573012853201565
adaptive_minus_matched,pilot_v1_r1_mu010,pilot_v1_r0_r1_mu010,split_high_low,split_high_low,64,final_wealth_gini,10,10,-0.010019937357796915,-0.0267666157451176,0.00618105337825682
ecology,pilot_v1_r0_r2_mu010,pilot_v1_r0_r2_mu010,uniform_high,patchy_high,32,eval_mean_mean_resource_fraction,10,10,-0.011929497529608021,-0.03388843815848263,0.004483970511296552
ecology,pilot_v1_r0_r2_mu010,pilot_v1_r0_r2_mu010,uniform_high,split_high_low,32,eval_mean_mean_resource_fraction,10,10,-0.04262154559080977,-0.061210286955653795,-0.025019617883943995
random_scope,pilot_v1_r0_r2_mu010,pilot_v1_r0_r3_mu010,uniform_high,uniform_high,32,eval_mean_mean_resource_fraction,10,10,-0.001599275821395918,-0.008740297878141639,0.007138402585249491
adaptive_minus_matched,pilot_v1_r2_mu010,pilot_v1_r0_r2_mu010,uniform_high,uniform_high,32,eval_mean_mean_resource_fraction,10,10,-9.362748079254913e-05,-0.004705292109546438,0.005362189173280542
ecology,pilot_v1_r0_r2_mu010,pilot_v1_r0_r2_mu010,uniform_high,patchy_high,32,eval_mean_mean_reserve_welfare,10,10,-0.006475334151127998,-0.014488526491473315,0.0008356452205604025
ecology,pilot_v1_r0_r2_mu010,pilot_v1_r0_r2_mu010,uniform_high,split_high_low,32,eval_mean_mean_reserve_welfare,10,10,0.0945307533757361,0.037268406536999886,0.1430977628317858
random_scope,pilot_v1_r0_r2_mu010,pilot_v1_r0_r3_mu010,uniform_high,uniform_high,32,eval_mean_mean_reserve_welfare,10,10,0.0031889889599522213,-0.006777268796325565,0.01576668866729193
adaptive_minus_matched,pilot_v1_r2_mu010,pilot_v1_r0_r2_mu010,uniform_high,uniform_high,32,eval_mean_mean_reserve_welfare,10,10,-0.0038789056851394332,-0.013485192772626331,0.003951869279250814
ecology,pilot_v1_r0_r2_mu010,pilot_v1_r0_r2_mu010,uniform_high,patchy_high,32,final_wealth_gini,10,10,0.009442483264707268,0.005080047023481713,0.01429731410832148
ecology,pilot_v1_r0_r2_mu010,pilot_v1_r0_r2_mu010,uniform_high,split_high_low,32,final_wealth_gini,10,10,-0.13924571050652934,-0.1689945775633134,-0.10519514280465016
random_scope,pilot_v1_r0_r2_mu010,pilot_v1_r0_r3_mu010,uniform_high,uniform_high,32,final_wealth_gini,10,10,-0.006666059507056033,-0.020481511407890337,0.007338880833338238
adaptive_minus_matched,pilot_v1_r2_mu010,pilot_v1_r0_r2_mu010,uniform_high,uniform_high,32,final_wealth_gini,10,10,0.003608431479400953,-0.00785413078986813,0.015897436994650887
ecology,pilot_v1_r0_r2_mu010,pilot_v1_r0_r2_mu010,uniform_high,patchy_high,64,eval_mean_mean_resource_fraction,10,10,-0.010638524328227759,-0.025492819573868994,0.0019222383299248762
ecology,pilot_v1_r0_r2_mu010,pilot_v1_r0_r2_mu010,uniform_high,split_high_low,64,eval_mean_mean_resource_fraction,10,10,-0.015522042141144846,-0.04081621280371923,0.007677538812449833
random_scope,pilot_v1_r0_r2_mu010,pilot_v1_r0_r3_mu010,uniform_high,uniform_high,64,eval_mean_mean_resource_fraction,10,10,-0.00786064428484831,-0.02325101578533698,0.004912126598746529
adaptive_minus_matched,pilot_v1_r2_mu010,pilot_v1_r0_r2_mu010,uniform_high,uniform_high,64,eval_mean_mean_resource_fraction,10,10,0.004060604556291402,-0.011050392056933131,0.020343592192232654
ecology,pilot_v1_r0_r2_mu010,pilot_v1_r0_r2_mu010,uniform_high,patchy_high,64,eval_mean_mean_reserve_welfare,10,10,-0.040771084960916935,-0.0832156006907156,-0.006441802082223285
ecology,pilot_v1_r0_r2_mu010,pilot_v1_r0_r2_mu010,uniform_high,split_high_low,64,eval_mean_mean_reserve_welfare,10,10,0.07396689994248182,0.04413773679299925,0.1046699033437533
random_scope,pilot_v1_r0_r2_mu010,pilot_v1_r0_r3_mu010,uniform_high,uniform_high,64,eval_mean_mean_reserve_welfare,10,10,-0.04617336106614724,-0.10205952277771384,0.0033959088397656776
adaptive_minus_matched,pilot_v1_r2_mu010,pilot_v1_r0_r2_mu010,uniform_high,uniform_high,64,eval_mean_mean_reserve_welfare,10,10,0.023600034620590005,-0.015539935895569477,0.06257415748227031
ecology,pilot_v1_r0_r2_mu010,pilot_v1_r0_r2_mu010,uniform_high,patchy_high,64,final_wealth_gini,10,10,0.008790646559126026,-0.01084001532697754,0.02890197870192194
ecology,pilot_v1_r0_r2_mu010,pilot_v1_r0_r2_mu010,uniform_high,split_high_low,64,final_wealth_gini,10,10,-0.1494104714314457,-0.16577693304953683,-0.13348984637823214
random_scope,pilot_v1_r0_r2_mu010,pilot_v1_r0_r3_mu010,uniform_high,uniform_high,64,final_wealth_gini,10,10,0.0162698820326576,0.002036321347399898,0.03292023437722378
adaptive_minus_matched,pilot_v1_r2_mu010,pilot_v1_r0_r2_mu010,uniform_high,uniform_high,64,final_wealth_gini,10,10,-0.013825479746970303,-0.03847447902534203,0.006143193642169789
ecology,pilot_v1_r0_r2_mu010,pilot_v1_r0_r2_mu010,patchy_high,split_high_low,32,eval_mean_mean_resource_fraction,10,10,-0.030692048061201755,-0.0569138746115557,-0.0014867855434904861
random_scope,pilot_v1_r0_r2_mu010,pilot_v1_r0_r3_mu010,patchy_high,patchy_high,32,eval_mean_mean_resource_fraction,10,10,0.005727135777468684,-0.0034891323852692525,0.017624722944101112
adaptive_minus_matched,pilot_v1_r2_mu010,pilot_v1_r0_r2_mu010,patchy_high,patchy_high,32,eval_mean_mean_resource_fraction,10,10,-0.0049735658455217855,-0.021913170581084065,0.007846249641391781
ecology,pilot_v1_r0_r2_mu010,pilot_v1_r0_r2_mu010,patchy_high,split_high_low,32,eval_mean_mean_reserve_welfare,10,10,0.1010060875268641,0.03873271529728431,0.1504986971615318
random_scope,pilot_v1_r0_r2_mu010,pilot_v1_r0_r3_mu010,patchy_high,patchy_high,32,eval_mean_mean_reserve_welfare,10,10,0.011024613292907348,0.001080885519710186,0.02453762416284098
adaptive_minus_matched,pilot_v1_r2_mu010,pilot_v1_r0_r2_mu010,patchy_high,patchy_high,32,eval_mean_mean_reserve_welfare,10,10,0.007423473491969335,-0.011796895729782424,0.03339040232134778
ecology,pilot_v1_r0_r2_mu010,pilot_v1_r0_r2_mu010,patchy_high,split_high_low,32,final_wealth_gini,10,10,-0.1486881937712366,-0.18010018825064708,-0.1135184495692136
random_scope,pilot_v1_r0_r2_mu010,pilot_v1_r0_r3_mu010,patchy_high,patchy_high,32,final_wealth_gini,10,10,-0.012551361181440467,-0.022886278639333974,-0.0019518035963840058
adaptive_minus_matched,pilot_v1_r2_mu010,pilot_v1_r0_r2_mu010,patchy_high,patchy_high,32,final_wealth_gini,10,10,-0.007244484189837408,-0.016526480439486686,0.002022780557914173
ecology,pilot_v1_r0_r2_mu010,pilot_v1_r0_r2_mu010,patchy_high,split_high_low,64,eval_mean_mean_resource_fraction,10,10,-0.0048835178129170865,-0.029621751597288935,0.017368330211976184
random_scope,pilot_v1_r0_r2_mu010,pilot_v1_r0_r3_mu010,patchy_high,patchy_high,64,eval_mean_mean_resource_fraction,10,10,0.00588697325123346,-0.007968231232784284,0.021694388083978142
adaptive_minus_matched,pilot_v1_r2_mu010,pilot_v1_r0_r2_mu010,patchy_high,patchy_high,64,eval_mean_mean_resource_fraction,10,10,-0.0006583766527365794,-0.015919359687047243,0.016398754429012445
ecology,pilot_v1_r0_r2_mu010,pilot_v1_r0_r2_mu010,patchy_high,split_high_low,64,eval_mean_mean_reserve_welfare,10,10,0.11473798490339875,0.07493677467381171,0.15174625576505113
random_scope,pilot_v1_r0_r2_mu010,pilot_v1_r0_r3_mu010,patchy_high,patchy_high,64,eval_mean_mean_reserve_welfare,10,10,0.005894872043382094,-0.03279284867719941,0.04537873677421175
adaptive_minus_matched,pilot_v1_r2_mu010,pilot_v1_r0_r2_mu010,patchy_high,patchy_high,64,eval_mean_mean_reserve_welfare,10,10,0.011572164777529481,-0.03751327329263755,0.06643132465190678
ecology,pilot_v1_r0_r2_mu010,pilot_v1_r0_r2_mu010,patchy_high,split_high_low,64,final_wealth_gini,10,10,-0.15820111799057174,-0.17998497183185563,-0.13566680511986234
random_scope,pilot_v1_r0_r2_mu010,pilot_v1_r0_r3_mu010,patchy_high,patchy_high,64,final_wealth_gini,10,10,0.005393177486680422,-0.01337006253179744,0.020959987820873428
adaptive_minus_matched,pilot_v1_r2_mu010,pilot_v1_r0_r2_mu010,patchy_high,patchy_high,64,final_wealth_gini,10,10,-0.011259105969024307,-0.03638650173375139,0.017720967751199777
random_scope,pilot_v1_r0_r2_mu010,pilot_v1_r0_r3_mu010,split_high_low,split_high_low,32,eval_mean_mean_resource_fraction,10,10,0.02120467722727799,0.0007552068865222797,0.04513810458599247
adaptive_minus_matched,pilot_v1_r2_mu010,pilot_v1_r0_r2_mu010,split_high_low,split_high_low,32,eval_mean_mean_resource_fraction,10,10,-0.01257038351487259,-0.04019444878160294,0.010366834531733983
random_scope,pilot_v1_r0_r2_mu010,pilot_v1_r0_r3_mu010,split_high_low,split_high_low,32,eval_mean_mean_reserve_welfare,10,10,0.009605508746224534,-0.0033373948987575415,0.025220854369007256
adaptive_minus_matched,pilot_v1_r2_mu010,pilot_v1_r0_r2_mu010,split_high_low,split_high_low,32,eval_mean_mean_reserve_welfare,10,10,-0.006611596383318952,-0.020931257599504507,0.007603621283284825
random_scope,pilot_v1_r0_r2_mu010,pilot_v1_r0_r3_mu010,split_high_low,split_high_low,32,final_wealth_gini,10,10,0.0040742394844102804,-0.0003922031949905369,0.008935296886698812
adaptive_minus_matched,pilot_v1_r2_mu010,pilot_v1_r0_r2_mu010,split_high_low,split_high_low,32,final_wealth_gini,10,10,-0.005006382909505525,-0.017492118830004528,0.008675571101230822
random_scope,pilot_v1_r0_r2_mu010,pilot_v1_r0_r3_mu010,split_high_low,split_high_low,64,eval_mean_mean_resource_fraction,10,10,-0.00945063697453365,-0.017627230588232175,-0.0018212149716650946
adaptive_minus_matched,pilot_v1_r2_mu010,pilot_v1_r0_r2_mu010,split_high_low,split_high_low,64,eval_mean_mean_resource_fraction,10,10,0.010238137248187193,0.004596951140847199,0.01653094635185479
random_scope,pilot_v1_r0_r2_mu010,pilot_v1_r0_r3_mu010,split_high_low,split_high_low,64,eval_mean_mean_reserve_welfare,10,10,-0.019789954874586478,-0.042776773820115924,0.0013051673778879298
adaptive_minus_matched,pilot_v1_r2_mu010,pilot_v1_r0_r2_mu010,split_high_low,split_high_low,64,eval_mean_mean_reserve_welfare,10,10,0.016239755424691426,0.004239067155192117,0.029434560550474966
random_scope,pilot_v1_r0_r2_mu010,pilot_v1_r0_r3_mu010,split_high_low,split_high_low,64,final_wealth_gini,10,10,-0.0033946288184308225,-0.013741626331098926,0.0057808240489508065
adaptive_minus_matched,pilot_v1_r2_mu010,pilot_v1_r0_r2_mu010,split_high_low,split_high_low,64,final_wealth_gini,10,10,0.0016313842517212684,-0.008321684907866752,0.010866628753994976
ecology,pilot_v1_r0_r3_mu010,pilot_v1_r0_r3_mu010,uniform_high,patchy_high,32,eval_mean_mean_resource_fraction,10,10,-0.00460308593074342,-0.016783074755601774,0.007017975360675185
ecology,pilot_v1_r0_r3_mu010,pilot_v1_r0_r3_mu010,uniform_high,split_high_low,32,eval_mean_mean_resource_fraction,10,10,-0.019817592542135866,-0.046528637668389806,0.00975949754710242
adaptive_minus_matched,pilot_v1_r3_mu010,pilot_v1_r0_r3_mu010,uniform_high,uniform_high,32,eval_mean_mean_resource_fraction,10,10,0.0009116535120134772,-0.007308659549153262,0.010544713410231022
ecology,pilot_v1_r0_r3_mu010,pilot_v1_r0_r3_mu010,uniform_high,patchy_high,32,eval_mean_mean_reserve_welfare,10,10,0.0013602901818271286,-0.008034933163772592,0.010060228995737172
ecology,pilot_v1_r0_r3_mu010,pilot_v1_r0_r3_mu010,uniform_high,split_high_low,32,eval_mean_mean_reserve_welfare,10,10,0.10094727316200842,0.050095603736542614,0.14489295610121128
adaptive_minus_matched,pilot_v1_r3_mu010,pilot_v1_r0_r3_mu010,uniform_high,uniform_high,32,eval_mean_mean_reserve_welfare,10,10,0.009329012653540003,-0.00020826840912069184,0.022419116638567858
ecology,pilot_v1_r0_r3_mu010,pilot_v1_r0_r3_mu010,uniform_high,patchy_high,32,final_wealth_gini,10,10,0.003557181590322833,-0.011053176644192714,0.017234063510296185
ecology,pilot_v1_r0_r3_mu010,pilot_v1_r0_r3_mu010,uniform_high,split_high_low,32,final_wealth_gini,10,10,-0.12850541151506303,-0.16257897310697184,-0.08570683652598829
adaptive_minus_matched,pilot_v1_r3_mu010,pilot_v1_r0_r3_mu010,uniform_high,uniform_high,32,final_wealth_gini,10,10,-0.006398638486932206,-0.014775972732957483,-0.0006792811954232177
ecology,pilot_v1_r0_r3_mu010,pilot_v1_r0_r3_mu010,uniform_high,patchy_high,64,eval_mean_mean_resource_fraction,10,10,0.0031090932078540108,-0.012437094093930779,0.017709675718584426
ecology,pilot_v1_r0_r3_mu010,pilot_v1_r0_r3_mu010,uniform_high,split_high_low,64,eval_mean_mean_resource_fraction,10,10,-0.017112034830830188,-0.043497903327888054,0.00450140807526531
adaptive_minus_matched,pilot_v1_r3_mu010,pilot_v1_r0_r3_mu010,uniform_high,uniform_high,64,eval_mean_mean_resource_fraction,10,10,0.004767873492493307,-0.00877975573883159,0.016640023353443254
ecology,pilot_v1_r0_r3_mu010,pilot_v1_r0_r3_mu010,uniform_high,patchy_high,64,eval_mean_mean_reserve_welfare,10,10,0.01129714814861239,-0.03169438275872964,0.058789391350038765
ecology,pilot_v1_r0_r3_mu010,pilot_v1_r0_r3_mu010,uniform_high,split_high_low,64,eval_mean_mean_reserve_welfare,10,10,0.10035030613404258,0.06698858999638632,0.13640117832113768
adaptive_minus_matched,pilot_v1_r3_mu010,pilot_v1_r0_r3_mu010,uniform_high,uniform_high,64,eval_mean_mean_reserve_welfare,10,10,-0.005535329983751081,-0.03820985995629142,0.027313790147008084
ecology,pilot_v1_r0_r3_mu010,pilot_v1_r0_r3_mu010,uniform_high,patchy_high,64,final_wealth_gini,10,10,-0.002086057986851153,-0.022021786887386076,0.015318934954288186
ecology,pilot_v1_r0_r3_mu010,pilot_v1_r0_r3_mu010,uniform_high,split_high_low,64,final_wealth_gini,10,10,-0.16907498228253412,-0.18979799293070573,-0.1502709182736608
adaptive_minus_matched,pilot_v1_r3_mu010,pilot_v1_r0_r3_mu010,uniform_high,uniform_high,64,final_wealth_gini,10,10,0.001127101038682987,-0.02290599093075282,0.024378706490411028
ecology,pilot_v1_r0_r3_mu010,pilot_v1_r0_r3_mu010,patchy_high,split_high_low,32,eval_mean_mean_resource_fraction,10,10,-0.015214506611392448,-0.04236507526521085,0.010244735450834666
adaptive_minus_matched,pilot_v1_r3_mu010,pilot_v1_r0_r3_mu010,patchy_high,patchy_high,32,eval_mean_mean_resource_fraction,10,10,0.005980215163410718,-0.005532941170289074,0.01865624702167904
ecology,pilot_v1_r0_r3_mu010,pilot_v1_r0_r3_mu010,patchy_high,split_high_low,32,eval_mean_mean_reserve_welfare,10,10,0.09958698298018129,0.04806870494002267,0.14808812149756276
adaptive_minus_matched,pilot_v1_r3_mu010,pilot_v1_r0_r3_mu010,patchy_high,patchy_high,32,eval_mean_mean_reserve_welfare,10,10,0.015283348538267039,-0.00024352209418632424,0.03795909275831523
ecology,pilot_v1_r0_r3_mu010,pilot_v1_r0_r3_mu010,patchy_high,split_high_low,32,final_wealth_gini,10,10,-0.13206259310538587,-0.1646776720179571,-0.0975162662464923
adaptive_minus_matched,pilot_v1_r3_mu010,pilot_v1_r0_r3_mu010,patchy_high,patchy_high,32,final_wealth_gini,10,10,-0.013554670300589211,-0.0243406497829365,-0.0046555662344754545
ecology,pilot_v1_r0_r3_mu010,pilot_v1_r0_r3_mu010,patchy_high,split_high_low,64,eval_mean_mean_resource_fraction,10,10,-0.020221128038684193,-0.04389155147494114,-0.0007750516628329077
adaptive_minus_matched,pilot_v1_r3_mu010,pilot_v1_r0_r3_mu010,patchy_high,patchy_high,64,eval_mean_mean_resource_fraction,10,10,0.007809622910935174,-0.013553854405774668,0.030967455940669585
ecology,pilot_v1_r0_r3_mu010,pilot_v1_r0_r3_mu010,patchy_high,split_high_low,64,eval_mean_mean_reserve_welfare,10,10,0.08905315798543019,0.06748062849728631,0.11441805339589513
adaptive_minus_matched,pilot_v1_r3_mu010,pilot_v1_r0_r3_mu010,patchy_high,patchy_high,64,eval_mean_mean_reserve_welfare,10,10,0.015042641098757647,-0.02784030596653896,0.059171261325914985
ecology,pilot_v1_r0_r3_mu010,pilot_v1_r0_r3_mu010,patchy_high,split_high_low,64,final_wealth_gini,10,10,-0.16698892429568296,-0.1827567246086172,-0.15134075800088545
adaptive_minus_matched,pilot_v1_r3_mu010,pilot_v1_r0_r3_mu010,patchy_high,patchy_high,64,final_wealth_gini,10,10,-0.004294224918759038,-0.01828468628723195,0.01003737690524747
adaptive_minus_matched,pilot_v1_r3_mu010,pilot_v1_r0_r3_mu010,split_high_low,split_high_low,32,eval_mean_mean_resource_fraction,10,10,0.014966054418595614,0.008706097276545035,0.020877879723392497
adaptive_minus_matched,pilot_v1_r3_mu010,pilot_v1_r0_r3_mu010,split_high_low,split_high_low,32,eval_mean_mean_reserve_welfare,10,10,0.011749088231497562,0.0038660992405242065,0.021885747675139736
adaptive_minus_matched,pilot_v1_r3_mu010,pilot_v1_r0_r3_mu010,split_high_low,split_high_low,32,final_wealth_gini,10,10,-0.0034423986841568112,-0.01088070603740541,0.004321765754448112
adaptive_minus_matched,pilot_v1_r3_mu010,pilot_v1_r0_r3_mu010,split_high_low,split_high_low,64,eval_mean_mean_resource_fraction,10,10,-0.003840814405354409,-0.016839169642662594,0.007115038371468564
adaptive_minus_matched,pilot_v1_r3_mu010,pilot_v1_r0_r3_mu010,split_high_low,split_high_low,64,eval_mean_mean_reserve_welfare,10,10,-0.0112159338727011,-0.02625306121320825,0.0035141613448981877
adaptive_minus_matched,pilot_v1_r3_mu010,pilot_v1_r0_r3_mu010,split_high_low,split_high_low,64,final_wealth_gini,10,10,-0.004224891593398716,-0.015834616196511754,0.005227022645730516
ecology,pilot_v1_r1_mu010,pilot_v1_r1_mu010,uniform_high,patchy_high,32,eval_mean_mean_resource_fraction,10,10,-0.007192287054373481,-0.021534697022074847,0.006497110576684252
ecology,pilot_v1_r1_mu010,pilot_v1_r1_mu010,uniform_high,split_high_low,32,eval_mean_mean_resource_fraction,10,10,-0.02293125649043698,-0.05144474111163815,0.006499074531346996
adaptive_scope,pilot_v1_r1_mu010,pilot_v1_r2_mu010,uniform_high,uniform_high,32,eval_mean_mean_resource_fraction,10,10,0.0034452674054735928,-0.0012987894448069613,0.009900917848317585
adaptive_scope,pilot_v1_r1_mu010,pilot_v1_r3_mu010,uniform_high,uniform_high,32,eval_mean_mean_resource_fraction,10,10,0.0008407105912716483,-0.006860476964594351,0.006913086291432958
ecology,pilot_v1_r1_mu010,pilot_v1_r1_mu010,uniform_high,patchy_high,32,eval_mean_mean_reserve_welfare,10,10,-0.012008630761797544,-0.021905897748323636,-0.0036170358088353687
ecology,pilot_v1_r1_mu010,pilot_v1_r1_mu010,uniform_high,split_high_low,32,eval_mean_mean_reserve_welfare,10,10,0.09678952179989916,0.04767607108749662,0.14140380957893478
adaptive_scope,pilot_v1_r1_mu010,pilot_v1_r2_mu010,uniform_high,uniform_high,32,eval_mean_mean_reserve_welfare,10,10,-0.003577836812909807,-0.008387770494313112,0.0006090004273734365
adaptive_scope,pilot_v1_r1_mu010,pilot_v1_r3_mu010,uniform_high,uniform_high,32,eval_mean_mean_reserve_welfare,10,10,-0.013596766191637022,-0.029763451232648345,-0.00193848718164454
ecology,pilot_v1_r1_mu010,pilot_v1_r1_mu010,uniform_high,patchy_high,32,final_wealth_gini,10,10,0.012527638629219217,-0.0010720121413623045,0.028774269816339782
ecology,pilot_v1_r1_mu010,pilot_v1_r1_mu010,uniform_high,split_high_low,32,final_wealth_gini,10,10,-0.13613852511369795,-0.17270219539899032,-0.09811346389522019
adaptive_scope,pilot_v1_r1_mu010,pilot_v1_r2_mu010,uniform_high,uniform_high,32,final_wealth_gini,10,10,0.0035309137677300927,-0.0017231043340340756,0.010597740108239209
adaptive_scope,pilot_v1_r1_mu010,pilot_v1_r3_mu010,uniform_high,uniform_high,32,final_wealth_gini,10,10,0.00687192422700722,-0.0034605243352216876,0.01809260817743143
ecology,pilot_v1_r1_mu010,pilot_v1_r1_mu010,uniform_high,patchy_high,64,eval_mean_mean_resource_fraction,10,10,0.0011169008625273869,-0.013571172466042202,0.016188387435906358
ecology,pilot_v1_r1_mu010,pilot_v1_r1_mu010,uniform_high,split_high_low,64,eval_mean_mean_resource_fraction,10,10,-0.008823930390340063,-0.025453708528085088,0.011216541404548341
adaptive_scope,pilot_v1_r1_mu010,pilot_v1_r2_mu010,uniform_high,uniform_high,64,eval_mean_mean_resource_fraction,10,10,0.003162665760728681,-0.015874388413919017,0.01779614297275747
adaptive_scope,pilot_v1_r1_mu010,pilot_v1_r3_mu010,uniform_high,uniform_high,64,eval_mean_mean_resource_fraction,10,10,-0.005405247460321535,-0.017864004838659672,0.006210981481674439
ecology,pilot_v1_r1_mu010,pilot_v1_r1_mu010,uniform_high,patchy_high,64,eval_mean_mean_reserve_welfare,10,10,-0.022479592730782982,-0.06875748753087364,0.03014384220609071
ecology,pilot_v1_r1_mu010,pilot_v1_r1_mu010,uniform_high,split_high_low,64,eval_mean_mean_reserve_welfare,10,10,0.10490733525509192,0.06537551737988316,0.14267383133264963
adaptive_scope,pilot_v1_r1_mu010,pilot_v1_r2_mu010,uniform_high,uniform_high,64,eval_mean_mean_reserve_welfare,10,10,0.005603308942252394,-0.02892446239987119,0.04270982282171548
adaptive_scope,pilot_v1_r1_mu010,pilot_v1_r3_mu010,uniform_high,uniform_high,64,eval_mean_mean_reserve_welfare,10,10,-0.011434687519553755,-0.046884406904562304,0.02112501458475806
ecology,pilot_v1_r1_mu010,pilot_v1_r1_mu010,uniform_high,patchy_high,64,final_wealth_gini,10,10,0.012248775502676312,-0.015720747899091374,0.03530158376517987
ecology,pilot_v1_r1_mu010,pilot_v1_r1_mu010,uniform_high,split_high_low,64,final_wealth_gini,10,10,-0.16878911756874465,-0.18514656650872416,-0.15269865909757138
adaptive_scope,pilot_v1_r1_mu010,pilot_v1_r2_mu010,uniform_high,uniform_high,64,final_wealth_gini,10,10,-0.0006434149813881795,-0.021112743748202392,0.019132973277822624
adaptive_scope,pilot_v1_r1_mu010,pilot_v1_r3_mu010,uniform_high,uniform_high,64,final_wealth_gini,10,10,0.0006738862656161304,-0.015847414803545064,0.017352808850776887
ecology,pilot_v1_r1_mu010,pilot_v1_r1_mu010,patchy_high,split_high_low,32,eval_mean_mean_resource_fraction,10,10,-0.015738969436063496,-0.04806874679006001,0.012505578661105417
adaptive_scope,pilot_v1_r1_mu010,pilot_v1_r2_mu010,patchy_high,patchy_high,32,eval_mean_mean_resource_fraction,10,10,0.003587995294968288,-0.00587309580773419,0.012631451030862235
adaptive_scope,pilot_v1_r1_mu010,pilot_v1_r3_mu010,patchy_high,patchy_high,32,eval_mean_mean_resource_fraction,10,10,-0.0016386499364955316,-0.0126021886296317,0.009296300540536975
ecology,pilot_v1_r1_mu010,pilot_v1_r1_mu010,patchy_high,split_high_low,32,eval_mean_mean_reserve_welfare,10,10,0.10879815256169671,0.0662282338618401,0.1500491739197774
adaptive_scope,pilot_v1_r1_mu010,pilot_v1_r2_mu010,patchy_high,patchy_high,32,eval_mean_mean_reserve_welfare,10,10,-0.009346919379349028,-0.029686675663605666,0.0034364555226250705
adaptive_scope,pilot_v1_r1_mu010,pilot_v1_r3_mu010,patchy_high,patchy_high,32,eval_mean_mean_reserve_welfare,10,10,-0.006182181132739384,-0.025005767338287466,0.007104877324420587
ecology,pilot_v1_r1_mu010,pilot_v1_r1_mu010,patchy_high,split_high_low,32,final_wealth_gini,10,10,-0.14866616374291716,-0.1784532308055981,-0.11379138554921707
adaptive_scope,pilot_v1_r1_mu010,pilot_v1_r2_mu010,patchy_high,patchy_high,32,final_wealth_gini,10,10,0.011298674072456504,-0.0005155350945189448,0.024808636148656787
adaptive_scope,pilot_v1_r1_mu010,pilot_v1_r3_mu010,patchy_high,patchy_high,32,final_wealth_gini,10,10,0.00505749900176784,-0.005218635310371843,0.015062001109539975
ecology,pilot_v1_r1_mu010,pilot_v1_r1_mu010,patchy_high,split_high_low,64,eval_mean_mean_resource_fraction,10,10,-0.00994083125286745,-0.034539028337803784,0.011520606210392458
adaptive_scope,pilot_v1_r1_mu010,pilot_v1_r2_mu010,patchy_high,patchy_high,64,eval_mean_mean_resource_fraction,10,10,-0.0038737782209984847,-0.02132030374328031,0.01756306861441411
adaptive_scope,pilot_v1_r1_mu010,pilot_v1_r3_mu010,patchy_high,patchy_high,64,eval_mean_mean_resource_fraction,10,10,-0.006454804533436778,-0.02952967943971331,0.009623970185123244
ecology,pilot_v1_r1_mu010,pilot_v1_r1_mu010,patchy_high,split_high_low,64,eval_mean_mean_reserve_welfare,10,10,0.1273869279858749,0.0795370183848305,0.17019446166217136
adaptive_scope,pilot_v1_r1_mu010,pilot_v1_r2_mu010,patchy_high,patchy_high,64,eval_mean_mean_reserve_welfare,10,10,-0.0006603134448210368,-0.0502603429957886,0.057239364142865186
adaptive_scope,pilot_v1_r1_mu010,pilot_v1_r3_mu010,patchy_high,patchy_high,64,eval_mean_mean_reserve_welfare,10,10,0.00176408227733289,-0.0481165391738642,0.04908513170214434
ecology,pilot_v1_r1_mu010,pilot_v1_r1_mu010,patchy_high,split_high_low,64,final_wealth_gini,10,10,-0.18103789307142096,-0.2028921738491959,-0.15918934278853195
adaptive_scope,pilot_v1_r1_mu010,pilot_v1_r2_mu010,patchy_high,patchy_high,64,final_wealth_gini,10,10,-0.006667917702884463,-0.02319877677494816,0.010964549542811187
adaptive_scope,pilot_v1_r1_mu010,pilot_v1_r3_mu010,patchy_high,patchy_high,64,final_wealth_gini,10,10,-0.008239621266469311,-0.029163717402229526,0.011844123521281306
adaptive_scope,pilot_v1_r1_mu010,pilot_v1_r2_mu010,split_high_low,split_high_low,32,eval_mean_mean_resource_fraction,10,10,-0.0037682656608191644,-0.01690906084307617,0.008770600644222387
adaptive_scope,pilot_v1_r1_mu010,pilot_v1_r3_mu010,split_high_low,split_high_low,32,eval_mean_mean_resource_fraction,10,10,-0.01010002636700938,-0.017412755177221215,-0.0018315250705085036
adaptive_scope,pilot_v1_r1_mu010,pilot_v1_r2_mu010,split_high_low,split_high_low,32,eval_mean_mean_reserve_welfare,10,10,-0.0031039145388933485,-0.013007197164794438,0.007075480157581824
adaptive_scope,pilot_v1_r1_mu010,pilot_v1_r3_mu010,split_high_low,split_high_low,32,eval_mean_mean_reserve_welfare,10,10,-0.01185909040748533,-0.02227354007695121,-0.0026851760429421273
adaptive_scope,pilot_v1_r1_mu010,pilot_v1_r2_mu010,split_high_low,split_high_low,32,final_wealth_gini,10,10,0.009038542763805179,-0.002310919196796466,0.020273115226939708
adaptive_scope,pilot_v1_r1_mu010,pilot_v1_r3_mu010,split_high_low,split_high_low,32,final_wealth_gini,10,10,0.011548798022866746,9.652730525701845e-05,0.023146135753938202
adaptive_scope,pilot_v1_r1_mu010,pilot_v1_r2_mu010,split_high_low,split_high_low,64,eval_mean_mean_resource_fraction,10,10,-0.009712978681971894,-0.020218658757275645,6.814921101549841e-06
adaptive_scope,pilot_v1_r1_mu010,pilot_v1_r3_mu010,split_high_low,split_high_low,64,eval_mean_mean_resource_fraction,10,10,-0.005084664002963942,-0.017575895618505165,0.0073040713057834885
adaptive_scope,pilot_v1_r1_mu010,pilot_v1_r2_mu010,split_high_low,split_high_low,64,eval_mean_mean_reserve_welfare,10,10,-0.017976847174459132,-0.03199959854493095,-0.002911951111160719
adaptive_scope,pilot_v1_r1_mu010,pilot_v1_r3_mu010,split_high_low,split_high_low,64,eval_mean_mean_reserve_welfare,10,10,-0.010311112751653084,-0.04234162784634531,0.018644146348367474
adaptive_scope,pilot_v1_r1_mu010,pilot_v1_r2_mu010,split_high_low,split_high_low,64,final_wealth_gini,10,10,0.0032783671572191864,-0.0036419918252911083,0.01042068090718128
adaptive_scope,pilot_v1_r1_mu010,pilot_v1_r3_mu010,split_high_low,split_high_low,64,final_wealth_gini,10,10,0.0057400141839083485,-0.004918453075290106,0.01889726434890133
ecology,pilot_v1_r2_mu010,pilot_v1_r2_mu010,uniform_high,patchy_high,32,eval_mean_mean_resource_fraction,10,10,-0.0070495591648787855,-0.017941441154226464,0.0034819645002078644
ecology,pilot_v1_r2_mu010,pilot_v1_r2_mu010,uniform_high,split_high_low,32,eval_mean_mean_resource_fraction,10,10,-0.030144789556729733,-0.054854717737329695,-0.0007343882993257342
adaptive_scope,pilot_v1_r2_mu010,pilot_v1_r3_mu010,uniform_high,uniform_high,32,eval_mean_mean_resource_fraction,10,10,-0.002604556814201944,-0.010424098508851735,0.004534809842932375
ecology,pilot_v1_r2_mu010,pilot_v1_r2_mu010,uniform_high,patchy_high,32,eval_mean_mean_reserve_welfare,10,10,-0.017777713328236765,-0.0366311135686166,-0.005042919454142777
ecology,pilot_v1_r2_mu010,pilot_v1_r2_mu010,uniform_high,split_high_low,32,eval_mean_mean_reserve_welfare,10,10,0.09726344407391563,0.05222154448576433,0.13847007379915224
adaptive_scope,pilot_v1_r2_mu010,pilot_v1_r3_mu010,uniform_high,uniform_high,32,eval_mean_mean_reserve_welfare,10,10,-0.010018929378727216,-0.022184172721567513,-0.0020275564554108174
ecology,pilot_v1_r2_mu010,pilot_v1_r2_mu010,uniform_high,patchy_high,32,final_wealth_gini,10,10,0.02029539893394563,0.012971445189863672,0.02951958431039298
ecology,pilot_v1_r2_mu010,pilot_v1_r2_mu010,uniform_high,split_high_low,32,final_wealth_gini,10,10,-0.13063089611762285,-0.16073242662234768,-0.09827992413230986
adaptive_scope,pilot_v1_r2_mu010,pilot_v1_r3_mu010,uniform_high,uniform_high,32,final_wealth_gini,10,10,0.0033410104592771273,-0.004073142201714305,0.011700414131313936
ecology,pilot_v1_r2_mu010,pilot_v1_r2_mu010,uniform_high,patchy_high,64,eval_mean_mean_resource_fraction,10,10,-0.005919543119199779,-0.02628815639228278,0.020211245664894906
ecology,pilot_v1_r2_mu010,pilot_v1_r2_mu010,uniform_high,split_high_low,64,eval_mean_mean_resource_fraction,10,10,-0.021699574833040636,-0.04718613045640982,0.0012744528289111172
adaptive_scope,pilot_v1_r2_mu010,pilot_v1_r3_mu010,uniform_high,uniform_high,64,eval_mean_mean_resource_fraction,10,10,-0.008567913221050216,-0.025396508431841946,0.00670830441422987
ecology,pilot_v1_r2_mu010,pilot_v1_r2_mu010,uniform_high,patchy_high,64,eval_mean_mean_reserve_welfare,10,10,-0.028743215117856415,-0.0848661316910946,0.02858281874120877
ecology,pilot_v1_r2_mu010,pilot_v1_r2_mu010,uniform_high,split_high_low,64,eval_mean_mean_reserve_welfare,10,10,0.0813271791383804,0.0485373360082217,0.12398051830952034
adaptive_scope,pilot_v1_r2_mu010,pilot_v1_r3_mu010,uniform_high,uniform_high,64,eval_mean_mean_reserve_welfare,10,10,-0.01703799646180615,-0.0641773535680295,0.031249986288398503
ecology,pilot_v1_r2_mu010,pilot_v1_r2_mu010,uniform_high,patchy_high,64,final_wealth_gini,10,10,0.006224272781180029,-0.014579183970329552,0.028404270863118704
ecology,pilot_v1_r2_mu010,pilot_v1_r2_mu010,uniform_high,split_high_low,64,final_wealth_gini,10,10,-0.16486733543013726,-0.1867045693224413,-0.13972666496211783
adaptive_scope,pilot_v1_r2_mu010,pilot_v1_r3_mu010,uniform_high,uniform_high,64,final_wealth_gini,10,10,0.00131730124700431,-0.023393774847964333,0.024339361971975868
ecology,pilot_v1_r2_mu010,pilot_v1_r2_mu010,patchy_high,split_high_low,32,eval_mean_mean_resource_fraction,10,10,-0.023095230391850952,-0.05153485517912336,0.006812083542741867
adaptive_scope,pilot_v1_r2_mu010,pilot_v1_r3_mu010,patchy_high,patchy_high,32,eval_mean_mean_resource_fraction,10,10,-0.00522664523146382,-0.017371702446966765,0.005886602740233018
ecology,pilot_v1_r2_mu010,pilot_v1_r2_mu010,patchy_high,split_high_low,32,eval_mean_mean_reserve_welfare,10,10,0.1150411574021524,0.08088538237569222,0.1481764396257261
adaptive_scope,pilot_v1_r2_mu010,pilot_v1_r3_mu010,patchy_high,patchy_high,32,eval_mean_mean_reserve_welfare,10,10,0.003164738246609644,-0.0006363835916973093,0.008474085056682507
ecology,pilot_v1_r2_mu010,pilot_v1_r2_mu010,patchy_high,split_high_low,32,final_wealth_gini,10,10,-0.1509262950515685,-0.17618962209376446,-0.1258740689343281
adaptive_scope,pilot_v1_r2_mu010,pilot_v1_r3_mu010,patchy_high,patchy_high,32,final_wealth_gini,10,10,-0.006241175070688665,-0.012760267997551585,-0.0007140280848571408
ecology,pilot_v1_r2_mu010,pilot_v1_r2_mu010,patchy_high,split_high_low,64,eval_mean_mean_resource_fraction,10,10,-0.015780031713840858,-0.04446611590775984,0.012067012457943222
adaptive_scope,pilot_v1_r2_mu010,pilot_v1_r3_mu010,patchy_high,patchy_high,64,eval_mean_mean_resource_fraction,10,10,-0.0025810263124382933,-0.02204650999537624,0.014957184910060711
ecology,pilot_v1_r2_mu010,pilot_v1_r2_mu010,patchy_high,split_high_low,64,eval_mean_mean_reserve_welfare,10,10,0.11007039425623681,0.06854535394836499,0.1533333892787766
adaptive_scope,pilot_v1_r2_mu010,pilot_v1_r3_mu010,patchy_high,patchy_high,64,eval_mean_mean_reserve_welfare,10,10,0.002424395722153927,-0.052721354693868426,0.04655962974632358
ecology,pilot_v1_r2_mu010,pilot_v1_r2_mu010,patchy_high,split_high_low,64,final_wealth_gini,10,10,-0.1710916082113173,-0.18893747382233328,-0.1526750951376769
adaptive_scope,pilot_v1_r2_mu010,pilot_v1_r3_mu010,patchy_high,patchy_high,64,final_wealth_gini,10,10,-0.0015717035635848474,-0.02336260005910739,0.019036184406789277
adaptive_scope,pilot_v1_r2_mu010,pilot_v1_r3_mu010,split_high_low,split_high_low,32,eval_mean_mean_resource_fraction,10,10,-0.0063317607061902145,-0.021092468807727572,0.0075194495071922215
adaptive_scope,pilot_v1_r2_mu010,pilot_v1_r3_mu010,split_high_low,split_high_low,32,eval_mean_mean_reserve_welfare,10,10,-0.00875517586859198,-0.02253786890244765,0.0026370222304912304
adaptive_scope,pilot_v1_r2_mu010,pilot_v1_r3_mu010,split_high_low,split_high_low,32,final_wealth_gini,10,10,0.0025102552590615668,-0.011551168338789448,0.016965884224291062
adaptive_scope,pilot_v1_r2_mu010,pilot_v1_r3_mu010,split_high_low,split_high_low,64,eval_mean_mean_resource_fraction,10,10,0.004628314679007953,-0.009409022790842174,0.019917468352427168
adaptive_scope,pilot_v1_r2_mu010,pilot_v1_r3_mu010,split_high_low,split_high_low,64,eval_mean_mean_reserve_welfare,10,10,0.0076657344228060476,-0.027671885412923394,0.03798748107899893
adaptive_scope,pilot_v1_r2_mu010,pilot_v1_r3_mu010,split_high_low,split_high_low,64,final_wealth_gini,10,10,0.002461647026689162,-0.009677271936219837,0.014118123633903615
ecology,pilot_v1_r3_mu010,pilot_v1_r3_mu010,uniform_high,patchy_high,32,eval_mean_mean_resource_fraction,10,10,-0.00967164758214066,-0.02659251002338832,0.0028985005318749395
ecology,pilot_v1_r3_mu010,pilot_v1_r3_mu010,uniform_high,split_high_low,32,eval_mean_mean_resource_fraction,10,10,-0.03387199344871801,-0.06238788273999219,-0.0017407777964864874
ecology,pilot_v1_r3_mu010,pilot_v1_r3_mu010,uniform_high,patchy_high,32,eval_mean_mean_reserve_welfare,10,10,-0.004594045702899907,-0.010091585516934934,4.654889241245868e-05
ecology,pilot_v1_r3_mu010,pilot_v1_r3_mu010,uniform_high,split_high_low,32,eval_mean_mean_reserve_welfare,10,10,0.09852719758405086,0.052964885404140814,0.1420082533797118
ecology,pilot_v1_r3_mu010,pilot_v1_r3_mu010,uniform_high,patchy_high,32,final_wealth_gini,10,10,0.010713213403979838,-0.0013382353076257134,0.026124454910166277
ecology,pilot_v1_r3_mu010,pilot_v1_r3_mu010,uniform_high,split_high_low,32,final_wealth_gini,10,10,-0.13146165131783843,-0.1695929898222325,-0.08345532592208463
ecology,pilot_v1_r3_mu010,pilot_v1_r3_mu010,uniform_high,patchy_high,64,eval_mean_mean_resource_fraction,10,10,6.734378941214425e-05,-0.016874651166639134,0.012778658781520428
ecology,pilot_v1_r3_mu010,pilot_v1_r3_mu010,uniform_high,split_high_low,64,eval_mean_mean_resource_fraction,10,10,-0.008503346932982467,-0.02084254198974467,0.004187234370307522
ecology,pilot_v1_r3_mu010,pilot_v1_r3_mu010,uniform_high,patchy_high,64,eval_mean_mean_reserve_welfare,10,10,-0.009280822933896338,-0.0547051760015856,0.03323155528961925
ecology,pilot_v1_r3_mu010,pilot_v1_r3_mu010,uniform_high,split_high_low,64,eval_mean_mean_reserve_welfare,10,10,0.10603091002299259,0.06483560818322875,0.14818233384112428
ecology,pilot_v1_r3_mu010,pilot_v1_r3_mu010,uniform_high,patchy_high,64,final_wealth_gini,10,10,0.003335267970590872,-0.025676405309581554,0.032698368572818264
ecology,pilot_v1_r3_mu010,pilot_v1_r3_mu010,uniform_high,split_high_low,64,final_wealth_gini,10,10,-0.16372298965045243,-0.1929965828906186,-0.12779586206248286
ecology,pilot_v1_r3_mu010,pilot_v1_r3_mu010,patchy_high,split_high_low,32,eval_mean_mean_resource_fraction,10,10,-0.024200345866577343,-0.05788979388200523,0.01221298943873848
ecology,pilot_v1_r3_mu010,pilot_v1_r3_mu010,patchy_high,split_high_low,32,eval_mean_mean_reserve_welfare,10,10,0.10312124328695078,0.058911129005612864,0.14334335921775823
ecology,pilot_v1_r3_mu010,pilot_v1_r3_mu010,patchy_high,split_high_low,32,final_wealth_gini,10,10,-0.14217486472181826,-0.17761661176023322,-0.10547843231866863
ecology,pilot_v1_r3_mu010,pilot_v1_r3_mu010,patchy_high,split_high_low,64,eval_mean_mean_resource_fraction,10,10,-0.008570690722394612,-0.030400923269262723,0.016352339103223416
ecology,pilot_v1_r3_mu010,pilot_v1_r3_mu010,patchy_high,split_high_low,64,eval_mean_mean_reserve_welfare,10,10,0.11531173295688894,0.08234550184340192,0.14464406229858562
ecology,pilot_v1_r3_mu010,pilot_v1_r3_mu010,patchy_high,split_high_low,64,final_wealth_gini,10,10,-0.1670582576210433,-0.1912731461902935,-0.14418756374925776
ecology,pilot_v1_s1,pilot_v1_s1,uniform_high,patchy_high,32,eval_mean_mean_resource_fraction,10,10,-0.00829647266295747,-0.0221211165754721,0.003462842602114252
ecology,pilot_v1_s1,pilot_v1_s1,uniform_high,split_high_low,32,eval_mean_mean_resource_fraction,10,10,-0.03425063116867059,-0.06133021946488196,-0.007686210265663511
fixed_structure,pilot_v1_s2,pilot_v1_s1,uniform_high,uniform_high,32,eval_mean_mean_resource_fraction,10,10,0.020550070716145997,0.0029769801469932337,0.03876864312284008
ecology,pilot_v1_s1,pilot_v1_s1,uniform_high,patchy_high,32,eval_mean_mean_reserve_welfare,10,10,0.008406575279074947,-0.0003323727790020807,0.021196499883305304
ecology,pilot_v1_s1,pilot_v1_s1,uniform_high,split_high_low,32,eval_mean_mean_reserve_welfare,10,10,0.09935784776513298,0.05089412137096901,0.14170269525839113
fixed_structure,pilot_v1_s2,pilot_v1_s1,uniform_high,uniform_high,32,eval_mean_mean_reserve_welfare,10,10,-0.010322342484433245,-0.024320663832840393,0.0004641683533680501
ecology,pilot_v1_s1,pilot_v1_s1,uniform_high,patchy_high,32,final_wealth_gini,10,10,-0.0027800874440839117,-0.011355038897999152,0.0055727439753523724
ecology,pilot_v1_s1,pilot_v1_s1,uniform_high,split_high_low,32,final_wealth_gini,10,10,-0.127992001134474,-0.16023560009484686,-0.08905155467781169
fixed_structure,pilot_v1_s2,pilot_v1_s1,uniform_high,uniform_high,32,final_wealth_gini,10,10,0.005254115594024245,-0.005073158179808266,0.015707364571962732
ecology,pilot_v1_s1,pilot_v1_s1,uniform_high,patchy_high,64,eval_mean_mean_resource_fraction,10,10,-0.0023836136916431635,-0.020040474661966436,0.013267458911612788
ecology,pilot_v1_s1,pilot_v1_s1,uniform_high,split_high_low,64,eval_mean_mean_resource_fraction,10,10,-0.013139536020545493,-0.0326979787913805,0.007389738652334964
fixed_structure,pilot_v1_s2,pilot_v1_s1,uniform_high,uniform_high,64,eval_mean_mean_resource_fraction,10,10,-0.0028599854643576172,-0.01774179230561092,0.011645585045353145
ecology,pilot_v1_s1,pilot_v1_s1,uniform_high,patchy_high,64,eval_mean_mean_reserve_welfare,10,10,-0.0012058076766159997,-0.04089085772881225,0.03533015817174017
ecology,pilot_v1_s1,pilot_v1_s1,uniform_high,split_high_low,64,eval_mean_mean_reserve_welfare,10,10,0.10734624037025653,0.0798387096191002,0.13708054714517293
fixed_structure,pilot_v1_s2,pilot_v1_s1,uniform_high,uniform_high,64,eval_mean_mean_reserve_welfare,10,10,-0.024127243128801035,-0.06645433961104628,0.018758308055792837
ecology,pilot_v1_s1,pilot_v1_s1,uniform_high,patchy_high,64,final_wealth_gini,10,10,0.011784258464674369,-0.007792470679251053,0.03591470118251964
ecology,pilot_v1_s1,pilot_v1_s1,uniform_high,split_high_low,64,final_wealth_gini,10,10,-0.16311670988161361,-0.1867909053743062,-0.14181820021088143
fixed_structure,pilot_v1_s2,pilot_v1_s1,uniform_high,uniform_high,64,final_wealth_gini,10,10,0.0026874244382181444,-0.009866811424464862,0.01546952471160782
ecology,pilot_v1_s1,pilot_v1_s1,patchy_high,split_high_low,32,eval_mean_mean_resource_fraction,10,10,-0.025954158505713115,-0.050444292570555424,-0.0008198132909480356
fixed_structure,pilot_v1_s2,pilot_v1_s1,patchy_high,patchy_high,32,eval_mean_mean_resource_fraction,10,10,0.011668199103266408,-0.0030793410659551456,0.02750437812650619
ecology,pilot_v1_s1,pilot_v1_s1,patchy_high,split_high_low,32,eval_mean_mean_reserve_welfare,10,10,0.09095127248605804,0.030933443768042843,0.14096125350120142
fixed_structure,pilot_v1_s2,pilot_v1_s1,patchy_high,patchy_high,32,eval_mean_mean_reserve_welfare,10,10,0.01132084763220117,-0.0008549507062496784,0.03326494778892565
ecology,pilot_v1_s1,pilot_v1_s1,patchy_high,split_high_low,32,final_wealth_gini,10,10,-0.12521191369039011,-0.15911928597740382,-0.08604558826218728
fixed_structure,pilot_v1_s2,pilot_v1_s1,patchy_high,patchy_high,32,final_wealth_gini,10,10,-0.0023042151584068637,-0.013033351784255057,0.008115169601720843
ecology,pilot_v1_s1,pilot_v1_s1,patchy_high,split_high_low,64,eval_mean_mean_resource_fraction,10,10,-0.010755922328902328,-0.0291060081403945,0.006802284908324777
fixed_structure,pilot_v1_s2,pilot_v1_s1,patchy_high,patchy_high,64,eval_mean_mean_resource_fraction,10,10,0.006122847912824246,-0.013550358924519444,0.025870031541475262
ecology,pilot_v1_s1,pilot_v1_s1,patchy_high,split_high_low,64,eval_mean_mean_reserve_welfare,10,10,0.1085520480468725,0.06994252319245403,0.1451287526994626
fixed_structure,pilot_v1_s2,pilot_v1_s1,patchy_high,patchy_high,64,eval_mean_mean_reserve_welfare,10,10,0.011968413688924073,-0.043530841640418434,0.06453837793349912
ecology,pilot_v1_s1,pilot_v1_s1,patchy_high,split_high_low,64,final_wealth_gini,10,10,-0.174900968346288,-0.1984298530077272,-0.1502464961308565
fixed_structure,pilot_v1_s2,pilot_v1_s1,patchy_high,patchy_high,64,final_wealth_gini,10,10,0.006775856666816837,-0.011711654389490733,0.03056756522446822
fixed_structure,pilot_v1_s2,pilot_v1_s1,split_high_low,split_high_low,32,eval_mean_mean_resource_fraction,10,10,0.0041183011532444245,-0.013515692491610443,0.022086556301672593
fixed_structure,pilot_v1_s2,pilot_v1_s1,split_high_low,split_high_low,32,eval_mean_mean_reserve_welfare,10,10,-0.00204159239046684,-0.016039388653479272,0.008526669313360512
fixed_structure,pilot_v1_s2,pilot_v1_s1,split_high_low,split_high_low,32,final_wealth_gini,10,10,0.009906267752913145,0.0010297638768616499,0.019244642143985347
fixed_structure,pilot_v1_s2,pilot_v1_s1,split_high_low,split_high_low,64,eval_mean_mean_resource_fraction,10,10,-0.0007278169746361126,-0.007851134319417873,0.006842307309007201
fixed_structure,pilot_v1_s2,pilot_v1_s1,split_high_low,split_high_low,64,eval_mean_mean_reserve_welfare,10,10,0.0022351725118940125,-0.01795204840322924,0.02409813768213393
fixed_structure,pilot_v1_s2,pilot_v1_s1,split_high_low,split_high_low,64,final_wealth_gini,10,10,0.0017974911136417581,-0.014630562068156685,0.015888906585331816
ecology,pilot_v1_s2,pilot_v1_s2,uniform_high,patchy_high,32,eval_mean_mean_resource_fraction,10,10,0.0005853989499221196,-0.016271693533951418,0.016609810795996882
ecology,pilot_v1_s2,pilot_v1_s2,uniform_high,split_high_low,32,eval_mean_mean_resource_fraction,10,10,-0.017818861605769017,-0.048047529318988286,0.013703547969281351
ecology,pilot_v1_s2,pilot_v1_s2,uniform_high,patchy_high,32,eval_mean_mean_reserve_welfare,10,10,-0.013236614837559469,-0.035106267528218126,0.0011391983513057626
ecology,pilot_v1_s2,pilot_v1_s2,uniform_high,split_high_low,32,eval_mean_mean_reserve_welfare,10,10,0.09107709767116659,0.0400098903963119,0.13800894006286535
ecology,pilot_v1_s2,pilot_v1_s2,uniform_high,patchy_high,32,final_wealth_gini,10,10,0.0047782433083471965,-0.00931194498414959,0.020057873930928553
ecology,pilot_v1_s2,pilot_v1_s2,uniform_high,split_high_low,32,final_wealth_gini,10,10,-0.13264415329336293,-0.16970392046799812,-0.09715922092016148
ecology,pilot_v1_s2,pilot_v1_s2,uniform_high,patchy_high,64,eval_mean_mean_resource_fraction,10,10,-0.011366447068825027,-0.03201290502829763,0.00711662761379131
ecology,pilot_v1_s2,pilot_v1_s2,uniform_high,split_high_low,64,eval_mean_mean_resource_fraction,10,10,-0.015271704510266996,-0.032939823189288064,0.0016364579263250187
ecology,pilot_v1_s2,pilot_v1_s2,uniform_high,patchy_high,64,eval_mean_mean_reserve_welfare,10,10,-0.03730146449434111,-0.10704257872167469,0.023435890008220783
ecology,pilot_v1_s2,pilot_v1_s2,uniform_high,split_high_low,64,eval_mean_mean_reserve_welfare,10,10,0.08098382472956148,0.04300700484767828,0.12007441248232786
ecology,pilot_v1_s2,pilot_v1_s2,uniform_high,patchy_high,64,final_wealth_gini,10,10,0.007695826236075676,-0.006649785545736366,0.018902288056651846
ecology,pilot_v1_s2,pilot_v1_s2,uniform_high,split_high_low,64,final_wealth_gini,10,10,-0.16222677655703724,-0.18639890789931074,-0.1372504735167396
ecology,pilot_v1_s2,pilot_v1_s2,patchy_high,split_high_low,32,eval_mean_mean_resource_fraction,10,10,-0.018404260555691134,-0.06075467191828322,0.025681330948653495
ecology,pilot_v1_s2,pilot_v1_s2,patchy_high,split_high_low,32,eval_mean_mean_reserve_welfare,10,10,0.10431371250872605,0.06756107624829259,0.140593769226803
ecology,pilot_v1_s2,pilot_v1_s2,patchy_high,split_high_low,32,final_wealth_gini,10,10,-0.13742239660171013,-0.17322977540893106,-0.09637523547580559
ecology,pilot_v1_s2,pilot_v1_s2,patchy_high,split_high_low,64,eval_mean_mean_resource_fraction,10,10,-0.00390525744144197,-0.027416500824897987,0.02050884232063281
ecology,pilot_v1_s2,pilot_v1_s2,patchy_high,split_high_low,64,eval_mean_mean_reserve_welfare,10,10,0.11828528922390258,0.061941010305341736,0.1786270912215979
ecology,pilot_v1_s2,pilot_v1_s2,patchy_high,split_high_low,64,final_wealth_gini,10,10,-0.16992260279311291,-0.19374528799996557,-0.14490191336908864
