run_id,analysis_label,scenario,population,replicate,metric,value,window_start_exclusive,window_end_inclusive,n_checkpoints,n_valid
pilot_v1_b0,B0,uniform_high,32,0,low_extraction_rate,0.0296875,4000,5000,20,20
pilot_v1_b0,B0,uniform_high,64,0,low_extraction_rate,0.17109375,4000,5000,20,20
pilot_v1_b0,B0,patchy_high,32,0,low_extraction_rate,0.0390625,4000,5000,20,20
pilot_v1_b0,B0,patchy_high,64,0,low_extraction_rate,0.1671875,4000,5000,20,20
pilot_v1_b0,B0,split_high_low,32,0,low_extraction_rate,0.1359375,4000,5000,20,20
pilot_v1_b0,B0,split_high_low,64,0,low_extraction_rate,0.23671875,4000,5000,20,20
pilot_v1_b0,B0,uniform_high,32,1,low_extraction_rate,0.0328125,4000,5000,20,20
pilot_v1_b0,B0,uniform_high,64,1,low_extraction_rate,0.303125,4000,5000,20,20
pilot_v1_b0,B0,patchy_high,32,1,low_extraction_rate,0.0421875,4000,5000,20,20
pilot_v1_b0,B0,patchy_high,64,1,low_extraction_rate,0.28828125,4000,5000,20,20
pilot_v1_b0,B0,split_high_low,32,1,low_extraction_rate,0.0328125,4000,5000,20,20
pilot_v1_b0,B0,split_high_low,64,1,low_extraction_rate,0.2140625,4000,5000,20,20
pilot_v1_b0,B0,uniform_high,32,2,low_extraction_rate,0.0109375,4000,5000,20,20
pilot_v1_b0,B0,uniform_high,64,2,low_extraction_rate,0.2375,4000,5000,20,20
pilot_v1_b0,B0,patchy_high,32,2,low_extraction_rate,0.0109375,4000,5000,20,20
pilot_v1_b0,B0,patchy_high,64,2,low_extraction_rate,0.2734375,4000,5000,20,20
pilot_v1_b0,B0,split_high_low,32,2,low_extraction_rate,0.0953125,4000,5000,20,20
pilot_v1_b0,B0,split_high_low,64,2,low_extraction_rate,0.2609375,4000,5000,20,20
pilot_v1_b0,B0,uniform_high,32,3,low_extraction_rate,0.015625,4000,5000,20,20
pilot_v1_b0,B0,uniform_high,64,3,low_extraction_rate,0.221875,4000,5000,20,20
pilot_v1_b0,B0,patchy_high,32,3,low_extraction_rate,0.015625,4000,5000,20,20
pilot_v1_b0,B0,patchy_high,64,3,low_extraction_rate,0.24921875,4000,5000,20,20
pilot_v1_b0,B0,split_high_low,32,3,low_extraction_rate,0.1515625,4000,5000,20,20
pilot_v1_b0,B0,split_high_low,64,3,low_extraction_rate,0.26484375,4000,5000,20,20
pilot_v1_b0,B0,uniform_high,32,4,low_extraction_rate,0.1015625,4000,5000,20,20
pilot_v1_b0,B0,uniform_high,64,4,low_extraction_rate,0.20390625,4000,5000,20,20
pilot_v1_b0,B0,patchy_high,32,4,low_extraction_rate,0.06875,4000,5000,20,20
pilot_v1_b0,B0,patchy_high,64,4,low_extraction_rate,0.20703125,4000,5000,20,20
pilot_v1_b0,B0,split_high_low,32,4,low_extraction_rate,0.1453125,4000,5000,20,20
pilot_v1_b0,B0,split_high_low,64,4,low_extraction_rate,0.24296875,4000,5000,20,20
pilot_v1_b0,B0,uniform_high,32,5,low_extraction_rate,0.0296875,4000,5000,20,20
pilot_v1_b0,B0,uniform_high,64,5,low_extraction_rate,0.15078125,4000,5000,20,20
pilot_v1_b0,B0,patchy_high,32,5,low_extraction_rate,0.0171875,4000,5000,20,20
pilot_v1_b0,B0,patchy_high,64,5,low_extraction_rate,0.20859375,4000,5000,20,20
pilot_v1_b0,B0,split_high_low,32,5,low_extraction_rate,0.090625,4000,5000,20,20
pilot_v1_b0,B0,split_high_low,64,5,low_extraction_rate,0.221875,4000,5000,20,20
pilot_v1_b0,B0,uniform_high,32,6,low_extraction_rate,0.109375,4000,5000,20,20
pilot_v1_b0,B0,uniform_high,64,6,low_extraction_rate,0.2515625,4000,5000,20,20
pilot_v1_b0,B0,patchy_high,32,6,low_extraction_rate,0.1171875,4000,5000,20,20
pilot_v1_b0,B0,patchy_high,64,6,low_extraction_rate,0.29140625,4000,5000,20,20
pilot_v1_b0,B0,split_high_low,32,6,low_extraction_rate,0.0921875,4000,5000,20,20
pilot_v1_b0,B0,split_high_low,64,6,low_extraction_rate,0.34140625,4000,5000,20,20
pilot_v1_b0,B0,uniform_high,32,7,low_extraction_rate,0.025,4000,5000,20,20
pilot_v1_b0,B0,uniform_high,64,7,low_extraction_rate,0.19921875,4000,5000,20,20
pilot_v1_b0,B0,patchy_high,32,7,low_extraction_rate,0.021875,4000,5000,20,20
pilot_v1_b0,B0,patchy_high,64,7,low_extraction_rate,0.26484375,4000,5000,20,20
pilot_v1_b0,B0,split_high_low,32,7,low_extraction_rate,0.175,4000,5000,20,20
pilot_v1_b0,B0,split_high_low,64,7,low_extraction_rate,0.18984375,4000,5000,20,20
pilot_v1_b0,B0,uniform_high,32,8,low_extraction_rate,0.090625,4000,5000,20,20
pilot_v1_b0,B0,uniform_high,64,8,low_extraction_rate,0.378125,4000,5000,20,20
pilot_v1_b0,B0,patchy_high,32,8,low_extraction_rate,0.1109375,4000,5000,20,20
pilot_v1_b0,B0,patchy_high,64,8,low_extraction_rate,0.41015625,4000,5000,20,20
pilot_v1_b0,B0,split_high_low,32,8,low_extraction_rate,0.3234375,4000,5000,20,20
pilot_v1_b0,B0,split_high_low,64,8,low_extraction_rate,0.325,4000,5000,20,20
pilot_v1_b0,B0,uniform_high,32,9,low_extraction_rate,0.0375,4000,5000,20,20
pilot_v1_b0,B0,uniform_high,64,9,low_extraction_rate,0.1640625,4000,5000,20,20
pilot_v1_b0,B0,patchy_high,32,9,low_extraction_rate,0.0640625,4000,5000,20,20
pilot_v1_b0,B0,patchy_high,64,9,low_extraction_rate,0.19140625,4000,5000,20,20
pilot_v1_b0,B0,split_high_low,32,9,low_extraction_rate,0.0703125,4000,5000,20,20
pilot_v1_b0,B0,split_high_low,64,9,low_extraction_rate,0.12578125,4000,5000,20,20
pilot_v1_r0_r1_mu010,"R0 (theta=0, matched mu=0.1)",uniform_high,32,0,social_perception_error,0.06496975806451613,4000,5000,20,20
pilot_v1_r0_r1_mu010,"R0 (theta=0, matched mu=0.1)",uniform_high,32,0,majority_mismatch_rate,0.0,4000,5000,20,20
pilot_v1_r0_r1_mu010,"R0 (theta=0, matched mu=0.1)",uniform_high,32,0,majority_tie_rate,0.003125,4000,5000,20,20
pilot_v1_r0_r1_mu010,"R0 (theta=0, matched mu=0.1)",uniform_high,32,0,visibility_gini,0.289306640625,4000,5000,20,20
pilot_v1_r0_r1_mu010,"R0 (theta=0, matched mu=0.1)",uniform_high,32,0,low_extraction_rate,0.046875,4000,5000,20,20
pilot_v1_r0_r1_mu010,"R0 (theta=0, matched mu=0.1)",uniform_high,64,0,social_perception_error,0.15655071924603173,4000,5000,20,20
pilot_v1_r0_r1_mu010,"R0 (theta=0, matched mu=0.1)",uniform_high,64,0,majority_mismatch_rate,0.0687022041723286,4000,5000,20,20
pilot_v1_r0_r1_mu010,"R0 (theta=0, matched mu=0.1)",uniform_high,64,0,majority_tie_rate,0.22890625,4000,5000,20,20
pilot_v1_r0_r1_mu010,"R0 (theta=0, matched mu=0.1)",uniform_high,64,0,visibility_gini,0.3774658203125,4000,5000,20,20
pilot_v1_r0_r1_mu010,"R0 (theta=0, matched mu=0.1)",uniform_high,64,0,low_extraction_rate,0.29140625,4000,5000,20,20
pilot_v1_r0_r1_mu010,"R0 (theta=0, matched mu=0.1)",patchy_high,32,0,social_perception_error,0.07430695564516128,4000,5000,20,20
pilot_v1_r0_r1_mu010,"R0 (theta=0, matched mu=0.1)",patchy_high,32,0,majority_mismatch_rate,0.0,4000,5000,20,20
pilot_v1_r0_r1_mu010,"R0 (theta=0, matched mu=0.1)",patchy_high,32,0,majority_tie_rate,0.0109375,4000,5000,20,20
pilot_v1_r0_r1_mu010,"R0 (theta=0, matched mu=0.1)",patchy_high,32,0,visibility_gini,0.2470703125,4000,5000,20,20
pilot_v1_r0_r1_mu010,"R0 (theta=0, matched mu=0.1)",patchy_high,32,0,low_extraction_rate,0.05,4000,5000,20,20
pilot_v1_r0_r1_mu010,"R0 (theta=0, matched mu=0.1)",patchy_high,64,0,social_perception_error,0.17768477182539683,4000,5000,20,20
pilot_v1_r0_r1_mu010,"R0 (theta=0, matched mu=0.1)",patchy_high,64,0,majority_mismatch_rate,0.09912672347337978,4000,5000,20,20
pilot_v1_r0_r1_mu010,"R0 (theta=0, matched mu=0.1)",patchy_high,64,0,majority_tie_rate,0.23203125,4000,5000,20,20
pilot_v1_r0_r1_mu010,"R0 (theta=0, matched mu=0.1)",patchy_high,64,0,visibility_gini,0.4579833984375,4000,5000,20,20
pilot_v1_r0_r1_mu010,"R0 (theta=0, matched mu=0.1)",patchy_high,64,0,low_extraction_rate,0.27890625,4000,5000,20,20
pilot_v1_r0_r1_mu010,"R0 (theta=0, matched mu=0.1)",split_high_low,32,0,social_perception_error,0.12885584677419354,4000,5000,20,20
pilot_v1_r0_r1_mu010,"R0 (theta=0, matched mu=0.1)",split_high_low,32,0,majority_mismatch_rate,0.005260118079917857,4000,5000,20,20
pilot_v1_r0_r1_mu010,"R0 (theta=0, matched mu=0.1)",split_high_low,32,0,majority_tie_rate,0.046875,4000,5000,20,20
pilot_v1_r0_r1_mu010,"R0 (theta=0, matched mu=0.1)",split_high_low,32,0,visibility_gini,0.2109375,4000,5000,20,20
pilot_v1_r0_r1_mu010,"R0 (theta=0, matched mu=0.1)",split_high_low,32,0,low_extraction_rate,0.134375,4000,5000,20,20
pilot_v1_r0_r1_mu010,"R0 (theta=0, matched mu=0.1)",split_high_low,64,0,social_perception_error,0.17393973214285713,4000,5000,20,20
pilot_v1_r0_r1_mu010,"R0 (theta=0, matched mu=0.1)",split_high_low,64,0,majority_mismatch_rate,0.10801181224806382,4000,5000,20,20
pilot_v1_r0_r1_mu010,"R0 (theta=0, matched mu=0.1)",split_high_low,64,0,majority_tie_rate,0.26484375,4000,5000,20,20
pilot_v1_r0_r1_mu010,"R0 (theta=0, matched mu=0.1)",split_high_low,64,0,visibility_gini,0.38397216796875,4000,5000,20,20
pilot_v1_r0_r1_mu010,"R0 (theta=0, matched mu=0.1)",split_high_low,64,0,low_extraction_rate,0.2671875,4000,5000,20,20
pilot_v1_r0_r1_mu010,"R0 (theta=0, matched mu=0.1)",uniform_high,32,1,social_perception_error,0.04722782258064515,4000,5000,20,20
pilot_v1_r0_r1_mu010,"R0 (theta=0, matched mu=0.1)",uniform_high,32,1,majority_mismatch_rate,0.0,4000,5000,20,20
pilot_v1_r0_r1_mu010,"R0 (theta=0, matched mu=0.1)",uniform_high,32,1,majority_tie_rate,0.0,4000,5000,20,20
pilot_v1_r0_r1_mu010,"R0 (theta=0, matched mu=0.1)",uniform_high,32,1,visibility_gini,0.24365234375,4000,5000,20,20
pilot_v1_r0_r1_mu010,"R0 (theta=0, matched mu=0.1)",uniform_high,32,1,low_extraction_rate,0.0328125,4000,5000,20,20
pilot_v1_r0_r1_mu010,"R0 (theta=0, matched mu=0.1)",uniform_high,64,1,social_perception_error,0.19213169642857142,4000,5000,20,20
pilot_v1_r0_r1_mu010,"R0 (theta=0, matched mu=0.1)",uniform_high,64,1,majority_mismatch_rate,0.2116211350892538,4000,5000,20,20
pilot_v1_r0_r1_mu010,"R0 (theta=0, matched mu=0.1)",uniform_high,64,1,majority_tie_rate,0.30078125,4000,5000,20,20
pilot_v1_r0_r1_mu010,"R0 (theta=0, matched mu=0.1)",uniform_high,64,1,visibility_gini,0.4,4000,5000,20,20
pilot_v1_r0_r1_mu010,"R0 (theta=0, matched mu=0.1)",uniform_high,64,1,low_extraction_rate,0.321875,4000,5000,20,20
pilot_v1_r0_r1_mu010,"R0 (theta=0, matched mu=0.1)",patchy_high,32,1,social_perception_error,0.06454133064516128,4000,5000,20,20
pilot_v1_r0_r1_mu010,"R0 (theta=0, matched mu=0.1)",patchy_high,32,1,majority_mismatch_rate,0.0,4000,5000,20,20
pilot_v1_r0_r1_mu010,"R0 (theta=0, matched mu=0.1)",patchy_high,32,1,majority_tie_rate,0.0046875,4000,5000,20,20
pilot_v1_r0_r1_mu010,"R0 (theta=0, matched mu=0.1)",patchy_high,32,1,visibility_gini,0.28369140625,4000,5000,20,20
pilot_v1_r0_r1_mu010,"R0 (theta=0, matched mu=0.1)",patchy_high,32,1,low_extraction_rate,0.04375,4000,5000,20,20
pilot_v1_r0_r1_mu010,"R0 (theta=0, matched mu=0.1)",patchy_high,64,1,social_perception_error,0.17388702876984125,4000,5000,20,20
pilot_v1_r0_r1_mu010,"R0 (theta=0, matched mu=0.1)",patchy_high,64,1,majority_mismatch_rate,0.10664756923090006,4000,5000,20,20
pilot_v1_r0_r1_mu010,"R0 (theta=0, matched mu=0.1)",patchy_high,64,1,majority_tie_rate,0.2484375,4000,5000,20,20
pilot_v1_r0_r1_mu010,"R0 (theta=0, matched mu=0.1)",patchy_high,64,1,visibility_gini,0.393212890625,4000,5000,20,20
pilot_v1_r0_r1_mu010,"R0 (theta=0, matched mu=0.1)",patchy_high,64,1,low_extraction_rate,0.275,4000,5000,20,20
pilot_v1_r0_r1_mu010,"R0 (theta=0, matched mu=0.1)",split_high_low,32,1,social_perception_error,0.06150453629032258,4000,5000,20,20
pilot_v1_r0_r1_mu010,"R0 (theta=0, matched mu=0.1)",split_high_low,32,1,majority_mismatch_rate,0.0,4000,5000,20,20
pilot_v1_r0_r1_mu010,"R0 (theta=0, matched mu=0.1)",split_high_low,32,1,majority_tie_rate,0.0046875,4000,5000,20,20
pilot_v1_r0_r1_mu010,"R0 (theta=0, matched mu=0.1)",split_high_low,32,1,visibility_gini,0.2763671875,4000,5000,20,20
pilot_v1_r0_r1_mu010,"R0 (theta=0, matched mu=0.1)",split_high_low,32,1,low_extraction_rate,0.0375,4000,5000,20,20
pilot_v1_r0_r1_mu010,"R0 (theta=0, matched mu=0.1)",split_high_low,64,1,social_perception_error,0.1619171626984127,4000,5000,20,20
pilot_v1_r0_r1_mu010,"R0 (theta=0, matched mu=0.1)",split_high_low,64,1,majority_mismatch_rate,0.06104599684164118,4000,5000,20,20
pilot_v1_r0_r1_mu010,"R0 (theta=0, matched mu=0.1)",split_high_low,64,1,majority_tie_rate,0.2203125,4000,5000,20,20
pilot_v1_r0_r1_mu010,"R0 (theta=0, matched mu=0.1)",split_high_low,64,1,visibility_gini,0.415460205078125,4000,5000,20,20
pilot_v1_r0_r1_mu010,"R0 (theta=0, matched mu=0.1)",split_high_low,64,1,low_extraction_rate,0.24921875,4000,5000,20,20
pilot_v1_r0_r1_mu010,"R0 (theta=0, matched mu=0.1)",uniform_high,32,2,social_perception_error,0.0355594758064516,4000,5000,20,20
pilot_v1_r0_r1_mu010,"R0 (theta=0, matched mu=0.1)",uniform_high,32,2,majority_mismatch_rate,0.0,4000,5000,20,20
pilot_v1_r0_r1_mu010,"R0 (theta=0, matched mu=0.1)",uniform_high,32,2,majority_tie_rate,0.0,4000,5000,20,20
pilot_v1_r0_r1_mu010,"R0 (theta=0, matched mu=0.1)",uniform_high,32,2,visibility_gini,0.31982421875,4000,5000,20,20
pilot_v1_r0_r1_mu010,"R0 (theta=0, matched mu=0.1)",uniform_high,32,2,low_extraction_rate,0.0203125,4000,5000,20,20
pilot_v1_r0_r1_mu010,"R0 (theta=0, matched mu=0.1)",uniform_high,64,2,social_perception_error,0.18057415674603175,4000,5000,20,20
pilot_v1_r0_r1_mu010,"R0 (theta=0, matched mu=0.1)",uniform_high,64,2,majority_mismatch_rate,0.1157568268065754,4000,5000,20,20
pilot_v1_r0_r1_mu010,"R0 (theta=0, matched mu=0.1)",uniform_high,64,2,majority_tie_rate,0.27734375,4000,5000,20,20
pilot_v1_r0_r1_mu010,"R0 (theta=0, matched mu=0.1)",uniform_high,64,2,visibility_gini,0.43536376953125,4000,5000,20,20
pilot_v1_r0_r1_mu010,"R0 (theta=0, matched mu=0.1)",uniform_high,64,2,low_extraction_rate,0.30078125,4000,5000,20,20
pilot_v1_r0_r1_mu010,"R0 (theta=0, matched mu=0.1)",patchy_high,32,2,social_perception_error,0.015347782258064515,4000,5000,20,20
pilot_v1_r0_r1_mu010,"R0 (theta=0, matched mu=0.1)",patchy_high,32,2,majority_mismatch_rate,0.0,4000,5000,20,20
pilot_v1_r0_r1_mu010,"R0 (theta=0, matched mu=0.1)",patchy_high,32,2,majority_tie_rate,0.0,4000,5000,20,20
pilot_v1_r0_r1_mu010,"R0 (theta=0, matched mu=0.1)",patchy_high,32,2,visibility_gini,0.31689453125,4000,5000,20,20
pilot_v1_r0_r1_mu010,"R0 (theta=0, matched mu=0.1)",patchy_high,32,2,low_extraction_rate,0.009375,4000,5000,20,20
pilot_v1_r0_r1_mu010,"R0 (theta=0, matched mu=0.1)",patchy_high,64,2,social_perception_error,0.17333209325396823,4000,5000,20,20
pilot_v1_r0_r1_mu010,"R0 (theta=0, matched mu=0.1)",patchy_high,64,2,majority_mismatch_rate,0.08496068026978593,4000,5000,20,20
pilot_v1_r0_r1_mu010,"R0 (theta=0, matched mu=0.1)",patchy_high,64,2,majority_tie_rate,0.2078125,4000,5000,20,20
pilot_v1_r0_r1_mu010,"R0 (theta=0, matched mu=0.1)",patchy_high,64,2,visibility_gini,0.4361328125,4000,5000,20,20
pilot_v1_r0_r1_mu010,"R0 (theta=0, matched mu=0.1)",patchy_high,64,2,low_extraction_rate,0.271875,4000,5000,20,20
pilot_v1_r0_r1_mu010,"R0 (theta=0, matched mu=0.1)",split_high_low,32,2,social_perception_error,0.09968497983870965,4000,5000,20,20
pilot_v1_r0_r1_mu010,"R0 (theta=0, matched mu=0.1)",split_high_low,32,2,majority_mismatch_rate,0.0,4000,5000,20,20
pilot_v1_r0_r1_mu010,"R0 (theta=0, matched mu=0.1)",split_high_low,32,2,majority_tie_rate,0.0046875,4000,5000,20,20
pilot_v1_r0_r1_mu010,"R0 (theta=0, matched mu=0.1)",split_high_low,32,2,visibility_gini,0.28466796875,4000,5000,20,20
pilot_v1_r0_r1_mu010,"R0 (theta=0, matched mu=0.1)",split_high_low,32,2,low_extraction_rate,0.0921875,4000,5000,20,20
pilot_v1_r0_r1_mu010,"R0 (theta=0, matched mu=0.1)",split_high_low,64,2,social_perception_error,0.1784784226190476,4000,5000,20,20
pilot_v1_r0_r1_mu010,"R0 (theta=0, matched mu=0.1)",split_high_low,64,2,majority_mismatch_rate,0.1082875060328673,4000,5000,20,20
pilot_v1_r0_r1_mu010,"R0 (theta=0, matched mu=0.1)",split_high_low,64,2,majority_tie_rate,0.25,4000,5000,20,20
pilot_v1_r0_r1_mu010,"R0 (theta=0, matched mu=0.1)",split_high_low,64,2,visibility_gini,0.392193603515625,4000,5000,20,20
pilot_v1_r0_r1_mu010,"R0 (theta=0, matched mu=0.1)",split_high_low,64,2,low_extraction_rate,0.2890625,4000,5000,20,20
pilot_v1_r0_r1_mu010,"R0 (theta=0, matched mu=0.1)",uniform_high,32,3,social_perception_error,0.02328629032258064,4000,5000,20,20
pilot_v1_r0_r1_mu010,"R0 (theta=0, matched mu=0.1)",uniform_high,32,3,majority_mismatch_rate,0.0,4000,5000,20,20
pilot_v1_r0_r1_mu010,"R0 (theta=0, matched mu=0.1)",uniform_high,32,3,majority_tie_rate,0.0,4000,5000,20,20
pilot_v1_r0_r1_mu010,"R0 (theta=0, matched mu=0.1)",uniform_high,32,3,visibility_gini,0.32421875,4000,5000,20,20
pilot_v1_r0_r1_mu010,"R0 (theta=0, matched mu=0.1)",uniform_high,32,3,low_extraction_rate,0.0140625,4000,5000,20,20
pilot_v1_r0_r1_mu010,"R0 (theta=0, matched mu=0.1)",uniform_high,64,3,social_perception_error,0.1779854910714286,4000,5000,20,20
pilot_v1_r0_r1_mu010,"R0 (theta=0, matched mu=0.1)",uniform_high,64,3,majority_mismatch_rate,0.10631181451924074,4000,5000,20,20
pilot_v1_r0_r1_mu010,"R0 (theta=0, matched mu=0.1)",uniform_high,64,3,majority_tie_rate,0.2296875,4000,5000,20,20
pilot_v1_r0_r1_mu010,"R0 (theta=0, matched mu=0.1)",uniform_high,64,3,visibility_gini,0.39766845703125,4000,5000,20,20
pilot_v1_r0_r1_mu010,"R0 (theta=0, matched mu=0.1)",uniform_high,64,3,low_extraction_rate,0.25234375,4000,5000,20,20
pilot_v1_r0_r1_mu010,"R0 (theta=0, matched mu=0.1)",patchy_high,32,3,social_perception_error,0.023865927419354838,4000,5000,20,20
pilot_v1_r0_r1_mu010,"R0 (theta=0, matched mu=0.1)",patchy_high,32,3,majority_mismatch_rate,0.0,4000,5000,20,20
pilot_v1_r0_r1_mu010,"R0 (theta=0, matched mu=0.1)",patchy_high,32,3,majority_tie_rate,0.0,4000,5000,20,20
pilot_v1_r0_r1_mu010,"R0 (theta=0, matched mu=0.1)",patchy_high,32,3,visibility_gini,0.31787109375,4000,5000,20,20
pilot_v1_r0_r1_mu010,"R0 (theta=0, matched mu=0.1)",patchy_high,32,3,low_extraction_rate,0.0140625,4000,5000,20,20
pilot_v1_r0_r1_mu010,"R0 (theta=0, matched mu=0.1)",patchy_high,64,3,social_perception_error,0.16164434523809523,4000,5000,20,20
pilot_v1_r0_r1_mu010,"R0 (theta=0, matched mu=0.1)",patchy_high,64,3,majority_mismatch_rate,0.0670326118705648,4000,5000,20,20
pilot_v1_r0_r1_mu010,"R0 (theta=0, matched mu=0.1)",patchy_high,64,3,majority_tie_rate,0.21171875,4000,5000,20,20
pilot_v1_r0_r1_mu010,"R0 (theta=0, matched mu=0.1)",patchy_high,64,3,visibility_gini,0.352593994140625,4000,5000,20,20
pilot_v1_r0_r1_mu010,"R0 (theta=0, matched mu=0.1)",patchy_high,64,3,low_extraction_rate,0.24375,4000,5000,20,20
pilot_v1_r0_r1_mu010,"R0 (theta=0, matched mu=0.1)",split_high_low,32,3,social_perception_error,0.1456905241935484,4000,5000,20,20
pilot_v1_r0_r1_mu010,"R0 (theta=0, matched mu=0.1)",split_high_low,32,3,majority_mismatch_rate,0.0305232858293499,4000,5000,20,20
pilot_v1_r0_r1_mu010,"R0 (theta=0, matched mu=0.1)",split_high_low,32,3,majority_tie_rate,0.1734375,4000,5000,20,20
pilot_v1_r0_r1_mu010,"R0 (theta=0, matched mu=0.1)",split_high_low,32,3,visibility_gini,0.3938720703125,4000,5000,20,20
pilot_v1_r0_r1_mu010,"R0 (theta=0, matched mu=0.1)",split_high_low,32,3,low_extraction_rate,0.19375,4000,5000,20,20
pilot_v1_r0_r1_mu010,"R0 (theta=0, matched mu=0.1)",split_high_low,64,3,social_perception_error,0.17518601190476188,4000,5000,20,20
pilot_v1_r0_r1_mu010,"R0 (theta=0, matched mu=0.1)",split_high_low,64,3,majority_mismatch_rate,0.09091676897840335,4000,5000,20,20
pilot_v1_r0_r1_mu010,"R0 (theta=0, matched mu=0.1)",split_high_low,64,3,majority_tie_rate,0.25234375,4000,5000,20,20
pilot_v1_r0_r1_mu010,"R0 (theta=0, matched mu=0.1)",split_high_low,64,3,visibility_gini,0.387548828125,4000,5000,20,20
pilot_v1_r0_r1_mu010,"R0 (theta=0, matched mu=0.1)",split_high_low,64,3,low_extraction_rate,0.29609375,4000,5000,20,20
pilot_v1_r0_r1_mu010,"R0 (theta=0, matched mu=0.1)",uniform_high,32,4,social_perception_error,0.13959173387096774,4000,5000,20,20
pilot_v1_r0_r1_mu010,"R0 (theta=0, matched mu=0.1)",uniform_high,32,4,majority_mismatch_rate,0.0057857142857142855,4000,5000,20,20
pilot_v1_r0_r1_mu010,"R0 (theta=0, matched mu=0.1)",uniform_high,32,4,majority_tie_rate,0.103125,4000,5000,20,20
pilot_v1_r0_r1_mu010,"R0 (theta=0, matched mu=0.1)",uniform_high,32,4,visibility_gini,0.28896484375,4000,5000,20,20
pilot_v1_r0_r1_mu010,"R0 (theta=0, matched mu=0.1)",uniform_high,32,4,low_extraction_rate,0.125,4000,5000,20,20
pilot_v1_r0_r1_mu010,"R0 (theta=0, matched mu=0.1)",uniform_high,64,4,social_perception_error,0.17594246031746036,4000,5000,20,20
pilot_v1_r0_r1_mu010,"R0 (theta=0, matched mu=0.1)",uniform_high,64,4,majority_mismatch_rate,0.13235591597251178,4000,5000,20,20
pilot_v1_r0_r1_mu010,"R0 (theta=0, matched mu=0.1)",uniform_high,64,4,majority_tie_rate,0.2703125,4000,5000,20,20
pilot_v1_r0_r1_mu010,"R0 (theta=0, matched mu=0.1)",uniform_high,64,4,visibility_gini,0.385272216796875,4000,5000,20,20
pilot_v1_r0_r1_mu010,"R0 (theta=0, matched mu=0.1)",uniform_high,64,4,low_extraction_rate,0.2703125,4000,5000,20,20
pilot_v1_r0_r1_mu010,"R0 (theta=0, matched mu=0.1)",patchy_high,32,4,social_perception_error,0.12234122983870965,4000,5000,20,20
pilot_v1_r0_r1_mu010,"R0 (theta=0, matched mu=0.1)",patchy_high,32,4,majority_mismatch_rate,0.0019230769230769232,4000,5000,20,20
pilot_v1_r0_r1_mu010,"R0 (theta=0, matched mu=0.1)",patchy_high,32,4,majority_tie_rate,0.05625,4000,5000,20,20
pilot_v1_r0_r1_mu010,"R0 (theta=0, matched mu=0.1)",patchy_high,32,4,visibility_gini,0.2533447265625,4000,5000,20,20
pilot_v1_r0_r1_mu010,"R0 (theta=0, matched mu=0.1)",patchy_high,32,4,low_extraction_rate,0.0921875,4000,5000,20,20
pilot_v1_r0_r1_mu010,"R0 (theta=0, matched mu=0.1)",patchy_high,64,4,social_perception_error,0.17795448908730155,4000,5000,20,20
pilot_v1_r0_r1_mu010,"R0 (theta=0, matched mu=0.1)",patchy_high,64,4,majority_mismatch_rate,0.11966597065571383,4000,5000,20,20
pilot_v1_r0_r1_mu010,"R0 (theta=0, matched mu=0.1)",patchy_high,64,4,majority_tie_rate,0.26171875,4000,5000,20,20
pilot_v1_r0_r1_mu010,"R0 (theta=0, matched mu=0.1)",patchy_high,64,4,visibility_gini,0.37237548828125,4000,5000,20,20
pilot_v1_r0_r1_mu010,"R0 (theta=0, matched mu=0.1)",patchy_high,64,4,low_extraction_rate,0.2703125,4000,5000,20,20
pilot_v1_r0_r1_mu010,"R0 (theta=0, matched mu=0.1)",split_high_low,32,4,social_perception_error,0.151171875,4000,5000,20,20
pilot_v1_r0_r1_mu010,"R0 (theta=0, matched mu=0.1)",split_high_low,32,4,majority_mismatch_rate,0.03875383312339834,4000,5000,20,20
pilot_v1_r0_r1_mu010,"R0 (theta=0, matched mu=0.1)",split_high_low,32,4,majority_tie_rate,0.16875,4000,5000,20,20
pilot_v1_r0_r1_mu010,"R0 (theta=0, matched mu=0.1)",split_high_low,32,4,visibility_gini,0.268017578125,4000,5000,20,20
pilot_v1_r0_r1_mu010,"R0 (theta=0, matched mu=0.1)",split_high_low,32,4,low_extraction_rate,0.196875,4000,5000,20,20
pilot_v1_r0_r1_mu010,"R0 (theta=0, matched mu=0.1)",split_high_low,64,4,social_perception_error,0.17662140376984128,4000,5000,20,20
pilot_v1_r0_r1_mu010,"R0 (theta=0, matched mu=0.1)",split_high_low,64,4,majority_mismatch_rate,0.06000957319963649,4000,5000,20,20
pilot_v1_r0_r1_mu010,"R0 (theta=0, matched mu=0.1)",split_high_low,64,4,majority_tie_rate,0.19921875,4000,5000,20,20
pilot_v1_r0_r1_mu010,"R0 (theta=0, matched mu=0.1)",split_high_low,64,4,visibility_gini,0.329095458984375,4000,5000,20,20
pilot_v1_r0_r1_mu010,"R0 (theta=0, matched mu=0.1)",split_high_low,64,4,low_extraction_rate,0.2546875,4000,5000,20,20
pilot_v1_r0_r1_mu010,"R0 (theta=0, matched mu=0.1)",uniform_high,32,5,social_perception_error,0.04974798387096773,4000,5000,20,20
pilot_v1_r0_r1_mu010,"R0 (theta=0, matched mu=0.1)",uniform_high,32,5,majority_mismatch_rate,0.0,4000,5000,20,20
pilot_v1_r0_r1_mu010,"R0 (theta=0, matched mu=0.1)",uniform_high,32,5,majority_tie_rate,0.0046875,4000,5000,20,20
pilot_v1_r0_r1_mu010,"R0 (theta=0, matched mu=0.1)",uniform_high,32,5,visibility_gini,0.287451171875,4000,5000,20,20
pilot_v1_r0_r1_mu010,"R0 (theta=0, matched mu=0.1)",uniform_high,32,5,low_extraction_rate,0.028125,4000,5000,20,20
pilot_v1_r0_r1_mu010,"R0 (theta=0, matched mu=0.1)",uniform_high,64,5,social_perception_error,0.15645771329365077,4000,5000,20,20
pilot_v1_r0_r1_mu010,"R0 (theta=0, matched mu=0.1)",uniform_high,64,5,majority_mismatch_rate,0.04034609350438921,4000,5000,20,20
pilot_v1_r0_r1_mu010,"R0 (theta=0, matched mu=0.1)",uniform_high,64,5,majority_tie_rate,0.18515625,4000,5000,20,20
pilot_v1_r0_r1_mu010,"R0 (theta=0, matched mu=0.1)",uniform_high,64,5,visibility_gini,0.35906982421875,4000,5000,20,20
pilot_v1_r0_r1_mu010,"R0 (theta=0, matched mu=0.1)",uniform_high,64,5,low_extraction_rate,0.21171875,4000,5000,20,20
pilot_v1_r0_r1_mu010,"R0 (theta=0, matched mu=0.1)",patchy_high,32,5,social_perception_error,0.09950856854838709,4000,5000,20,20
pilot_v1_r0_r1_mu010,"R0 (theta=0, matched mu=0.1)",patchy_high,32,5,majority_mismatch_rate,0.0,4000,5000,20,20
pilot_v1_r0_r1_mu010,"R0 (theta=0, matched mu=0.1)",patchy_high,32,5,majority_tie_rate,0.01875,4000,5000,20,20
pilot_v1_r0_r1_mu010,"R0 (theta=0, matched mu=0.1)",patchy_high,32,5,visibility_gini,0.29833984375,4000,5000,20,20
pilot_v1_r0_r1_mu010,"R0 (theta=0, matched mu=0.1)",patchy_high,32,5,low_extraction_rate,0.0765625,4000,5000,20,20
pilot_v1_r0_r1_mu010,"R0 (theta=0, matched mu=0.1)",patchy_high,64,5,social_perception_error,0.15581287202380953,4000,5000,20,20
pilot_v1_r0_r1_mu010,"R0 (theta=0, matched mu=0.1)",patchy_high,64,5,majority_mismatch_rate,0.028545884526811977,4000,5000,20,20
pilot_v1_r0_r1_mu010,"R0 (theta=0, matched mu=0.1)",patchy_high,64,5,majority_tie_rate,0.1671875,4000,5000,20,20
pilot_v1_r0_r1_mu010,"R0 (theta=0, matched mu=0.1)",patchy_high,64,5,visibility_gini,0.38585205078125,4000,5000,20,20
pilot_v1_r0_r1_mu010,"R0 (theta=0, matched mu=0.1)",patchy_high,64,5,low_extraction_rate,0.221875,4000,5000,20,20
pilot_v1_r0_r1_mu010,"R0 (theta=0, matched mu=0.1)",split_high_low,32,5,social_perception_error,0.12837701612903224,4000,5000,20,20
pilot_v1_r0_r1_mu010,"R0 (theta=0, matched mu=0.1)",split_high_low,32,5,majority_mismatch_rate,0.0,4000,5000,20,20
pilot_v1_r0_r1_mu010,"R0 (theta=0, matched mu=0.1)",split_high_low,32,5,majority_tie_rate,0.0625,4000,5000,20,20
pilot_v1_r0_r1_mu010,"R0 (theta=0, matched mu=0.1)",split_high_low,32,5,visibility_gini,0.2958984375,4000,5000,20,20
pilot_v1_r0_r1_mu010,"R0 (theta=0, matched mu=0.1)",split_high_low,32,5,low_extraction_rate,0.1109375,4000,5000,20,20
pilot_v1_r0_r1_mu010,"R0 (theta=0, matched mu=0.1)",split_high_low,64,5,social_perception_error,0.16003844246031745,4000,5000,20,20
pilot_v1_r0_r1_mu010,"R0 (theta=0, matched mu=0.1)",split_high_low,64,5,majority_mismatch_rate,0.03862612562283904,4000,5000,20,20
pilot_v1_r0_r1_mu010,"R0 (theta=0, matched mu=0.1)",split_high_low,64,5,majority_tie_rate,0.1875,4000,5000,20,20
pilot_v1_r0_r1_mu010,"R0 (theta=0, matched mu=0.1)",split_high_low,64,5,visibility_gini,0.317596435546875,4000,5000,20,20
pilot_v1_r0_r1_mu010,"R0 (theta=0, matched mu=0.1)",split_high_low,64,5,low_extraction_rate,0.20390625,4000,5000,20,20
pilot_v1_r0_r1_mu010,"R0 (theta=0, matched mu=0.1)",uniform_high,32,6,social_perception_error,0.11985887096774195,4000,5000,20,20
pilot_v1_r0_r1_mu010,"R0 (theta=0, matched mu=0.1)",uniform_high,32,6,majority_mismatch_rate,0.0017241379310344827,4000,5000,20,20
pilot_v1_r0_r1_mu010,"R0 (theta=0, matched mu=0.1)",uniform_high,32,6,majority_tie_rate,0.034375,4000,5000,20,20
pilot_v1_r0_r1_mu010,"R0 (theta=0, matched mu=0.1)",uniform_high,32,6,visibility_gini,0.3071533203125,4000,5000,20,20
pilot_v1_r0_r1_mu010,"R0 (theta=0, matched mu=0.1)",uniform_high,32,6,low_extraction_rate,0.1140625,4000,5000,20,20
pilot_v1_r0_r1_mu010,"R0 (theta=0, matched mu=0.1)",uniform_high,64,6,social_perception_error,0.19108072916666669,4000,5000,20,20
pilot_v1_r0_r1_mu010,"R0 (theta=0, matched mu=0.1)",uniform_high,64,6,majority_mismatch_rate,0.1458437943824294,4000,5000,20,20
pilot_v1_r0_r1_mu010,"R0 (theta=0, matched mu=0.1)",uniform_high,64,6,majority_tie_rate,0.27109375,4000,5000,20,20
pilot_v1_r0_r1_mu010,"R0 (theta=0, matched mu=0.1)",uniform_high,64,6,visibility_gini,0.43577880859375,4000,5000,20,20
pilot_v1_r0_r1_mu010,"R0 (theta=0, matched mu=0.1)",uniform_high,64,6,low_extraction_rate,0.35078125,4000,5000,20,20
pilot_v1_r0_r1_mu010,"R0 (theta=0, matched mu=0.1)",patchy_high,32,6,social_perception_error,0.1226688508064516,4000,5000,20,20
pilot_v1_r0_r1_mu010,"R0 (theta=0, matched mu=0.1)",patchy_high,32,6,majority_mismatch_rate,0.005077658303464755,4000,5000,20,20
pilot_v1_r0_r1_mu010,"R0 (theta=0, matched mu=0.1)",patchy_high,32,6,majority_tie_rate,0.0515625,4000,5000,20,20
pilot_v1_r0_r1_mu010,"R0 (theta=0, matched mu=0.1)",patchy_high,32,6,visibility_gini,0.283203125,4000,5000,20,20
pilot_v1_r0_r1_mu010,"R0 (theta=0, matched mu=0.1)",patchy_high,32,6,low_extraction_rate,0.1015625,4000,5000,20,20
pilot_v1_r0_r1_mu010,"R0 (theta=0, matched mu=0.1)",patchy_high,64,6,social_perception_error,0.20773499503968257,4000,5000,20,20
pilot_v1_r0_r1_mu010,"R0 (theta=0, matched mu=0.1)",patchy_high,64,6,majority_mismatch_rate,0.24059876056655197,4000,5000,20,20
pilot_v1_r0_r1_mu010,"R0 (theta=0, matched mu=0.1)",patchy_high,64,6,majority_tie_rate,0.30703125,4000,5000,20,20
pilot_v1_r0_r1_mu010,"R0 (theta=0, matched mu=0.1)",patchy_high,64,6,visibility_gini,0.373724365234375,4000,5000,20,20
pilot_v1_r0_r1_mu010,"R0 (theta=0, matched mu=0.1)",patchy_high,64,6,low_extraction_rate,0.36328125,4000,5000,20,20
pilot_v1_r0_r1_mu010,"R0 (theta=0, matched mu=0.1)",split_high_low,32,6,social_perception_error,0.11612903225806451,4000,5000,20,20
pilot_v1_r0_r1_mu010,"R0 (theta=0, matched mu=0.1)",split_high_low,32,6,majority_mismatch_rate,0.0,4000,5000,20,20
pilot_v1_r0_r1_mu010,"R0 (theta=0, matched mu=0.1)",split_high_low,32,6,majority_tie_rate,0.0421875,4000,5000,20,20
pilot_v1_r0_r1_mu010,"R0 (theta=0, matched mu=0.1)",split_high_low,32,6,visibility_gini,0.2948974609375,4000,5000,20,20
pilot_v1_r0_r1_mu010,"R0 (theta=0, matched mu=0.1)",split_high_low,32,6,low_extraction_rate,0.0921875,4000,5000,20,20
pilot_v1_r0_r1_mu010,"R0 (theta=0, matched mu=0.1)",split_high_low,64,6,social_perception_error,0.19057849702380952,4000,5000,20,20
pilot_v1_r0_r1_mu010,"R0 (theta=0, matched mu=0.1)",split_high_low,64,6,majority_mismatch_rate,0.19666371244580866,4000,5000,20,20
pilot_v1_r0_r1_mu010,"R0 (theta=0, matched mu=0.1)",split_high_low,64,6,majority_tie_rate,0.30625,4000,5000,20,20
pilot_v1_r0_r1_mu010,"R0 (theta=0, matched mu=0.1)",split_high_low,64,6,visibility_gini,0.409326171875,4000,5000,20,20
pilot_v1_r0_r1_mu010,"R0 (theta=0, matched mu=0.1)",split_high_low,64,6,low_extraction_rate,0.3609375,4000,5000,20,20
pilot_v1_r0_r1_mu010,"R0 (theta=0, matched mu=0.1)",uniform_high,32,7,social_perception_error,0.05153729838709677,4000,5000,20,20
pilot_v1_r0_r1_mu010,"R0 (theta=0, matched mu=0.1)",uniform_high,32,7,majority_mismatch_rate,0.0,4000,5000,20,20
pilot_v1_r0_r1_mu010,"R0 (theta=0, matched mu=0.1)",uniform_high,32,7,majority_tie_rate,0.0109375,4000,5000,20,20
pilot_v1_r0_r1_mu010,"R0 (theta=0, matched mu=0.1)",uniform_high,32,7,visibility_gini,0.25634765625,4000,5000,20,20
pilot_v1_r0_r1_mu010,"R0 (theta=0, matched mu=0.1)",uniform_high,32,7,low_extraction_rate,0.0328125,4000,5000,20,20
pilot_v1_r0_r1_mu010,"R0 (theta=0, matched mu=0.1)",uniform_high,64,7,social_perception_error,0.1531156994047619,4000,5000,20,20
pilot_v1_r0_r1_mu010,"R0 (theta=0, matched mu=0.1)",uniform_high,64,7,majority_mismatch_rate,0.03421684780368561,4000,5000,20,20
pilot_v1_r0_r1_mu010,"R0 (theta=0, matched mu=0.1)",uniform_high,64,7,majority_tie_rate,0.15390625,4000,5000,20,20
pilot_v1_r0_r1_mu010,"R0 (theta=0, matched mu=0.1)",uniform_high,64,7,visibility_gini,0.322802734375,4000,5000,20,20
pilot_v1_r0_r1_mu010,"R0 (theta=0, matched mu=0.1)",uniform_high,64,7,low_extraction_rate,0.2046875,4000,5000,20,20
pilot_v1_r0_r1_mu010,"R0 (theta=0, matched mu=0.1)",patchy_high,32,7,social_perception_error,0.11290322580645162,4000,5000,20,20
pilot_v1_r0_r1_mu010,"R0 (theta=0, matched mu=0.1)",patchy_high,32,7,majority_mismatch_rate,0.0017241379310344827,4000,5000,20,20
pilot_v1_r0_r1_mu010,"R0 (theta=0, matched mu=0.1)",patchy_high,32,7,majority_tie_rate,0.0515625,4000,5000,20,20
pilot_v1_r0_r1_mu010,"R0 (theta=0, matched mu=0.1)",patchy_high,32,7,visibility_gini,0.2879638671875,4000,5000,20,20
pilot_v1_r0_r1_mu010,"R0 (theta=0, matched mu=0.1)",patchy_high,32,7,low_extraction_rate,0.0875,4000,5000,20,20
pilot_v1_r0_r1_mu010,"R0 (theta=0, matched mu=0.1)",patchy_high,64,7,social_perception_error,0.14817708333333332,4000,5000,20,20
pilot_v1_r0_r1_mu010,"R0 (theta=0, matched mu=0.1)",patchy_high,64,7,majority_mismatch_rate,0.03315002201111491,4000,5000,20,20
pilot_v1_r0_r1_mu010,"R0 (theta=0, matched mu=0.1)",patchy_high,64,7,majority_tie_rate,0.16171875,4000,5000,20,20
pilot_v1_r0_r1_mu010,"R0 (theta=0, matched mu=0.1)",patchy_high,64,7,visibility_gini,0.361810302734375,4000,5000,20,20
pilot_v1_r0_r1_mu010,"R0 (theta=0, matched mu=0.1)",patchy_high,64,7,low_extraction_rate,0.21796875,4000,5000,20,20
pilot_v1_r0_r1_mu010,"R0 (theta=0, matched mu=0.1)",split_high_low,32,7,social_perception_error,0.1501008064516129,4000,5000,20,20
pilot_v1_r0_r1_mu010,"R0 (theta=0, matched mu=0.1)",split_high_low,32,7,majority_mismatch_rate,0.018581183614541936,4000,5000,20,20
pilot_v1_r0_r1_mu010,"R0 (theta=0, matched mu=0.1)",split_high_low,32,7,majority_tie_rate,0.134375,4000,5000,20,20
pilot_v1_r0_r1_mu010,"R0 (theta=0, matched mu=0.1)",split_high_low,32,7,visibility_gini,0.3106689453125,4000,5000,20,20
pilot_v1_r0_r1_mu010,"R0 (theta=0, matched mu=0.1)",split_high_low,32,7,low_extraction_rate,0.1828125,4000,5000,20,20
pilot_v1_r0_r1_mu010,"R0 (theta=0, matched mu=0.1)",split_high_low,64,7,social_perception_error,0.14898003472222224,4000,5000,20,20
pilot_v1_r0_r1_mu010,"R0 (theta=0, matched mu=0.1)",split_high_low,64,7,majority_mismatch_rate,0.02988236431249286,4000,5000,20,20
pilot_v1_r0_r1_mu010,"R0 (theta=0, matched mu=0.1)",split_high_low,64,7,majority_tie_rate,0.18671875,4000,5000,20,20
pilot_v1_r0_r1_mu010,"R0 (theta=0, matched mu=0.1)",split_high_low,64,7,visibility_gini,0.349273681640625,4000,5000,20,20
pilot_v1_r0_r1_mu010,"R0 (theta=0, matched mu=0.1)",split_high_low,64,7,low_extraction_rate,0.2140625,4000,5000,20,20
pilot_v1_r0_r1_mu010,"R0 (theta=0, matched mu=0.1)",uniform_high,32,8,social_perception_error,0.13752520161290321,4000,5000,20,20
pilot_v1_r0_r1_mu010,"R0 (theta=0, matched mu=0.1)",uniform_high,32,8,majority_mismatch_rate,0.0019230769230769232,4000,5000,20,20
pilot_v1_r0_r1_mu010,"R0 (theta=0, matched mu=0.1)",uniform_high,32,8,majority_tie_rate,0.0765625,4000,5000,20,20
pilot_v1_r0_r1_mu010,"R0 (theta=0, matched mu=0.1)",uniform_high,32,8,visibility_gini,0.3072998046875,4000,5000,20,20
pilot_v1_r0_r1_mu010,"R0 (theta=0, matched mu=0.1)",uniform_high,32,8,low_extraction_rate,0.15,4000,5000,20,20
pilot_v1_r0_r1_mu010,"R0 (theta=0, matched mu=0.1)",uniform_high,64,8,social_perception_error,0.19268353174603176,4000,5000,20,20
pilot_v1_r0_r1_mu010,"R0 (theta=0, matched mu=0.1)",uniform_high,64,8,majority_mismatch_rate,0.3178719266847283,4000,5000,20,20
pilot_v1_r0_r1_mu010,"R0 (theta=0, matched mu=0.1)",uniform_high,64,8,majority_tie_rate,0.353125,4000,5000,20,20
pilot_v1_r0_r1_mu010,"R0 (theta=0, matched mu=0.1)",uniform_high,64,8,visibility_gini,0.4638916015625,4000,5000,20,20
pilot_v1_r0_r1_mu010,"R0 (theta=0, matched mu=0.1)",uniform_high,64,8,low_extraction_rate,0.4203125,4000,5000,20,20
pilot_v1_r0_r1_mu010,"R0 (theta=0, matched mu=0.1)",patchy_high,32,8,social_perception_error,0.150390625,4000,5000,20,20
pilot_v1_r0_r1_mu010,"R0 (theta=0, matched mu=0.1)",patchy_high,32,8,majority_mismatch_rate,0.02496586108655074,4000,5000,20,20
pilot_v1_r0_r1_mu010,"R0 (theta=0, matched mu=0.1)",patchy_high,32,8,majority_tie_rate,0.128125,4000,5000,20,20
pilot_v1_r0_r1_mu010,"R0 (theta=0, matched mu=0.1)",patchy_high,32,8,visibility_gini,0.388134765625,4000,5000,20,20
pilot_v1_r0_r1_mu010,"R0 (theta=0, matched mu=0.1)",patchy_high,32,8,low_extraction_rate,0.153125,4000,5000,20,20
pilot_v1_r0_r1_mu010,"R0 (theta=0, matched mu=0.1)",patchy_high,64,8,social_perception_error,0.1950954861111111,4000,5000,20,20
pilot_v1_r0_r1_mu010,"R0 (theta=0, matched mu=0.1)",patchy_high,64,8,majority_mismatch_rate,0.30825728036548095,4000,5000,20,20
pilot_v1_r0_r1_mu010,"R0 (theta=0, matched mu=0.1)",patchy_high,64,8,majority_tie_rate,0.33203125,4000,5000,20,20
pilot_v1_r0_r1_mu010,"R0 (theta=0, matched mu=0.1)",patchy_high,64,8,visibility_gini,0.420977783203125,4000,5000,20,20
pilot_v1_r0_r1_mu010,"R0 (theta=0, matched mu=0.1)",patchy_high,64,8,low_extraction_rate,0.43046875,4000,5000,20,20
pilot_v1_r0_r1_mu010,"R0 (theta=0, matched mu=0.1)",split_high_low,32,8,social_perception_error,0.1816532258064516,4000,5000,20,20
pilot_v1_r0_r1_mu010,"R0 (theta=0, matched mu=0.1)",split_high_low,32,8,majority_mismatch_rate,0.11305474350211193,4000,5000,20,20
pilot_v1_r0_r1_mu010,"R0 (theta=0, matched mu=0.1)",split_high_low,32,8,majority_tie_rate,0.3,4000,5000,20,20
pilot_v1_r0_r1_mu010,"R0 (theta=0, matched mu=0.1)",split_high_low,32,8,visibility_gini,0.404541015625,4000,5000,20,20
pilot_v1_r0_r1_mu010,"R0 (theta=0, matched mu=0.1)",split_high_low,32,8,low_extraction_rate,0.2421875,4000,5000,20,20
pilot_v1_r0_r1_mu010,"R0 (theta=0, matched mu=0.1)",split_high_low,64,8,social_perception_error,0.1900297619047619,4000,5000,20,20
pilot_v1_r0_r1_mu010,"R0 (theta=0, matched mu=0.1)",split_high_low,64,8,majority_mismatch_rate,0.15447244085044104,4000,5000,20,20
pilot_v1_r0_r1_mu010,"R0 (theta=0, matched mu=0.1)",split_high_low,64,8,majority_tie_rate,0.29140625,4000,5000,20,20
pilot_v1_r0_r1_mu010,"R0 (theta=0, matched mu=0.1)",split_high_low,64,8,visibility_gini,0.35589599609375,4000,5000,20,20
pilot_v1_r0_r1_mu010,"R0 (theta=0, matched mu=0.1)",split_high_low,64,8,low_extraction_rate,0.33984375,4000,5000,20,20
pilot_v1_r0_r1_mu010,"R0 (theta=0, matched mu=0.1)",uniform_high,32,9,social_perception_error,0.11502016129032255,4000,5000,20,20
pilot_v1_r0_r1_mu010,"R0 (theta=0, matched mu=0.1)",uniform_high,32,9,majority_mismatch_rate,0.0034855769230769233,4000,5000,20,20
pilot_v1_r0_r1_mu010,"R0 (theta=0, matched mu=0.1)",uniform_high,32,9,majority_tie_rate,0.040625,4000,5000,20,20
pilot_v1_r0_r1_mu010,"R0 (theta=0, matched mu=0.1)",uniform_high,32,9,visibility_gini,0.280908203125,4000,5000,20,20
pilot_v1_r0_r1_mu010,"R0 (theta=0, matched mu=0.1)",uniform_high,32,9,low_extraction_rate,0.096875,4000,5000,20,20
pilot_v1_r0_r1_mu010,"R0 (theta=0, matched mu=0.1)",uniform_high,64,9,social_perception_error,0.1437562003968254,4000,5000,20,20
pilot_v1_r0_r1_mu010,"R0 (theta=0, matched mu=0.1)",uniform_high,64,9,majority_mismatch_rate,0.0035093120732866646,4000,5000,20,20
pilot_v1_r0_r1_mu010,"R0 (theta=0, matched mu=0.1)",uniform_high,64,9,majority_tie_rate,0.09765625,4000,5000,20,20
pilot_v1_r0_r1_mu010,"R0 (theta=0, matched mu=0.1)",uniform_high,64,9,visibility_gini,0.38985595703125,4000,5000,20,20
pilot_v1_r0_r1_mu010,"R0 (theta=0, matched mu=0.1)",uniform_high,64,9,low_extraction_rate,0.1828125,4000,5000,20,20
pilot_v1_r0_r1_mu010,"R0 (theta=0, matched mu=0.1)",patchy_high,32,9,social_perception_error,0.12885584677419354,4000,5000,20,20
pilot_v1_r0_r1_mu010,"R0 (theta=0, matched mu=0.1)",patchy_high,32,9,majority_mismatch_rate,0.0067147435897435895,4000,5000,20,20
pilot_v1_r0_r1_mu010,"R0 (theta=0, matched mu=0.1)",patchy_high,32,9,majority_tie_rate,0.0578125,4000,5000,20,20
pilot_v1_r0_r1_mu010,"R0 (theta=0, matched mu=0.1)",patchy_high,32,9,visibility_gini,0.2646484375,4000,5000,20,20
pilot_v1_r0_r1_mu010,"R0 (theta=0, matched mu=0.1)",patchy_high,32,9,low_extraction_rate,0.1015625,4000,5000,20,20
pilot_v1_r0_r1_mu010,"R0 (theta=0, matched mu=0.1)",patchy_high,64,9,social_perception_error,0.14597594246031748,4000,5000,20,20
pilot_v1_r0_r1_mu010,"R0 (theta=0, matched mu=0.1)",patchy_high,64,9,majority_mismatch_rate,0.004543406505183212,4000,5000,20,20
pilot_v1_r0_r1_mu010,"R0 (theta=0, matched mu=0.1)",patchy_high,64,9,majority_tie_rate,0.09921875,4000,5000,20,20
pilot_v1_r0_r1_mu010,"R0 (theta=0, matched mu=0.1)",patchy_high,64,9,visibility_gini,0.382550048828125,4000,5000,20,20
pilot_v1_r0_r1_mu010,"R0 (theta=0, matched mu=0.1)",patchy_high,64,9,low_extraction_rate,0.18671875,4000,5000,20,20
pilot_v1_r0_r1_mu010,"R0 (theta=0, matched mu=0.1)",split_high_low,32,9,social_perception_error,0.16586441532258062,4000,5000,20,20
pilot_v1_r0_r1_mu010,"R0 (theta=0, matched mu=0.1)",split_high_low,32,9,majority_mismatch_rate,0.05704530522278646,4000,5000,20,20
pilot_v1_r0_r1_mu010,"R0 (theta=0, matched mu=0.1)",split_high_low,32,9,majority_tie_rate,0.2296875,4000,5000,20,20
pilot_v1_r0_r1_mu010,"R0 (theta=0, matched mu=0.1)",split_high_low,32,9,visibility_gini,0.32041015625,4000,5000,20,20
pilot_v1_r0_r1_mu010,"R0 (theta=0, matched mu=0.1)",split_high_low,32,9,low_extraction_rate,0.23125,4000,5000,20,20
pilot_v1_r0_r1_mu010,"R0 (theta=0, matched mu=0.1)",split_high_low,64,9,social_perception_error,0.1506107390873016,4000,5000,20,20
pilot_v1_r0_r1_mu010,"R0 (theta=0, matched mu=0.1)",split_high_low,64,9,majority_mismatch_rate,0.010975220125005125,4000,5000,20,20
pilot_v1_r0_r1_mu010,"R0 (theta=0, matched mu=0.1)",split_high_low,64,9,majority_tie_rate,0.10859375,4000,5000,20,20
pilot_v1_r0_r1_mu010,"R0 (theta=0, matched mu=0.1)",split_high_low,64,9,visibility_gini,0.35030517578125,4000,5000,20,20
pilot_v1_r0_r1_mu010,"R0 (theta=0, matched mu=0.1)",split_high_low,64,9,low_extraction_rate,0.17109375,4000,5000,20,20
pilot_v1_r0_r2_mu010,"R0 (theta=0.25, matched mu=0.1)",uniform_high,32,0,social_perception_error,0.07358870967741934,4000,5000,20,20
pilot_v1_r0_r2_mu010,"R0 (theta=0.25, matched mu=0.1)",uniform_high,32,0,majority_mismatch_rate,0.0,4000,5000,20,20
pilot_v1_r0_r2_mu010,"R0 (theta=0.25, matched mu=0.1)",uniform_high,32,0,majority_tie_rate,0.00625,4000,5000,20,20
pilot_v1_r0_r2_mu010,"R0 (theta=0.25, matched mu=0.1)",uniform_high,32,0,visibility_gini,0.28056640625,4000,5000,20,20
pilot_v1_r0_r2_mu010,"R0 (theta=0.25, matched mu=0.1)",uniform_high,32,0,low_extraction_rate,0.0515625,4000,5000,20,20
pilot_v1_r0_r2_mu010,"R0 (theta=0.25, matched mu=0.1)",uniform_high,64,0,social_perception_error,0.15110367063492064,4000,5000,20,20
pilot_v1_r0_r2_mu010,"R0 (theta=0.25, matched mu=0.1)",uniform_high,64,0,majority_mismatch_rate,0.03231610250368784,4000,5000,20,20
pilot_v1_r0_r2_mu010,"R0 (theta=0.25, matched mu=0.1)",uniform_high,64,0,majority_tie_rate,0.1546875,4000,5000,20,20
pilot_v1_r0_r2_mu010,"R0 (theta=0.25, matched mu=0.1)",uniform_high,64,0,visibility_gini,0.37906494140625,4000,5000,20,20
pilot_v1_r0_r2_mu010,"R0 (theta=0.25, matched mu=0.1)",uniform_high,64,0,low_extraction_rate,0.2421875,4000,5000,20,20
pilot_v1_r0_r2_mu010,"R0 (theta=0.25, matched mu=0.1)",patchy_high,32,0,social_perception_error,0.06950604838709676,4000,5000,20,20
pilot_v1_r0_r2_mu010,"R0 (theta=0.25, matched mu=0.1)",patchy_high,32,0,majority_mismatch_rate,0.0,4000,5000,20,20
pilot_v1_r0_r2_mu010,"R0 (theta=0.25, matched mu=0.1)",patchy_high,32,0,majority_tie_rate,0.009375,4000,5000,20,20
pilot_v1_r0_r2_mu010,"R0 (theta=0.25, matched mu=0.1)",patchy_high,32,0,visibility_gini,0.247802734375,4000,5000,20,20
pilot_v1_r0_r2_mu010,"R0 (theta=0.25, matched mu=0.1)",patchy_high,32,0,low_extraction_rate,0.0484375,4000,5000,20,20
pilot_v1_r0_r2_mu010,"R0 (theta=0.25, matched mu=0.1)",patchy_high,64,0,social_perception_error,0.17564484126984128,4000,5000,20,20
pilot_v1_r0_r2_mu010,"R0 (theta=0.25, matched mu=0.1)",patchy_high,64,0,majority_mismatch_rate,0.1166222429417297,4000,5000,20,20
pilot_v1_r0_r2_mu010,"R0 (theta=0.25, matched mu=0.1)",patchy_high,64,0,majority_tie_rate,0.28671875,4000,5000,20,20
pilot_v1_r0_r2_mu010,"R0 (theta=0.25, matched mu=0.1)",patchy_high,64,0,visibility_gini,0.36868896484375,4000,5000,20,20
pilot_v1_r0_r2_mu010,"R0 (theta=0.25, matched mu=0.1)",patchy_high,64,0,low_extraction_rate,0.2796875,4000,5000,20,20
pilot_v1_r0_r2_mu010,"R0 (theta=0.25, matched mu=0.1)",split_high_low,32,0,social_perception_error,0.15806451612903225,4000,5000,20,20
pilot_v1_r0_r2_mu010,"R0 (theta=0.25, matched mu=0.1)",split_high_low,32,0,majority_mismatch_rate,0.016605616605616606,4000,5000,20,20
pilot_v1_r0_r2_mu010,"R0 (theta=0.25, matched mu=0.1)",split_high_low,32,0,majority_tie_rate,0.1390625,4000,5000,20,20
pilot_v1_r0_r2_mu010,"R0 (theta=0.25, matched mu=0.1)",split_high_low,32,0,visibility_gini,0.279248046875,4000,5000,20,20
pilot_v1_r0_r2_mu010,"R0 (theta=0.25, matched mu=0.1)",split_high_low,32,0,low_extraction_rate,0.15,4000,5000,20,20
pilot_v1_r0_r2_mu010,"R0 (theta=0.25, matched mu=0.1)",split_high_low,64,0,social_perception_error,0.1701140873015873,4000,5000,20,20
pilot_v1_r0_r2_mu010,"R0 (theta=0.25, matched mu=0.1)",split_high_low,64,0,majority_mismatch_rate,0.051213978944324515,4000,5000,20,20
pilot_v1_r0_r2_mu010,"R0 (theta=0.25, matched mu=0.1)",split_high_low,64,0,majority_tie_rate,0.184375,4000,5000,20,20
pilot_v1_r0_r2_mu010,"R0 (theta=0.25, matched mu=0.1)",split_high_low,64,0,visibility_gini,0.349176025390625,4000,5000,20,20
pilot_v1_r0_r2_mu010,"R0 (theta=0.25, matched mu=0.1)",split_high_low,64,0,low_extraction_rate,0.240625,4000,5000,20,20
pilot_v1_r0_r2_mu010,"R0 (theta=0.25, matched mu=0.1)",uniform_high,32,1,social_perception_error,0.04870211693548386,4000,5000,20,20
pilot_v1_r0_r2_mu010,"R0 (theta=0.25, matched mu=0.1)",uniform_high,32,1,majority_mismatch_rate,0.0,4000,5000,20,20
pilot_v1_r0_r2_mu010,"R0 (theta=0.25, matched mu=0.1)",uniform_high,32,1,majority_tie_rate,0.0015625,4000,5000,20,20
pilot_v1_r0_r2_mu010,"R0 (theta=0.25, matched mu=0.1)",uniform_high,32,1,visibility_gini,0.28125,4000,5000,20,20
pilot_v1_r0_r2_mu010,"R0 (theta=0.25, matched mu=0.1)",uniform_high,32,1,low_extraction_rate,0.034375,4000,5000,20,20
pilot_v1_r0_r2_mu010,"R0 (theta=0.25, matched mu=0.1)",uniform_high,64,1,social_perception_error,0.18262958829365078,4000,5000,20,20
pilot_v1_r0_r2_mu010,"R0 (theta=0.25, matched mu=0.1)",uniform_high,64,1,majority_mismatch_rate,0.19116273459903188,4000,5000,20,20
pilot_v1_r0_r2_mu010,"R0 (theta=0.25, matched mu=0.1)",uniform_high,64,1,majority_tie_rate,0.3203125,4000,5000,20,20
pilot_v1_r0_r2_mu010,"R0 (theta=0.25, matched mu=0.1)",uniform_high,64,1,visibility_gini,0.368243408203125,4000,5000,20,20
pilot_v1_r0_r2_mu010,"R0 (theta=0.25, matched mu=0.1)",uniform_high,64,1,low_extraction_rate,0.32109375,4000,5000,20,20
pilot_v1_r0_r2_mu010,"R0 (theta=0.25, matched mu=0.1)",patchy_high,32,1,social_perception_error,0.040587197580645155,4000,5000,20,20
pilot_v1_r0_r2_mu010,"R0 (theta=0.25, matched mu=0.1)",patchy_high,32,1,majority_mismatch_rate,0.0,4000,5000,20,20
pilot_v1_r0_r2_mu010,"R0 (theta=0.25, matched mu=0.1)",patchy_high,32,1,majority_tie_rate,0.0,4000,5000,20,20
pilot_v1_r0_r2_mu010,"R0 (theta=0.25, matched mu=0.1)",patchy_high,32,1,visibility_gini,0.28125,4000,5000,20,20
pilot_v1_r0_r2_mu010,"R0 (theta=0.25, matched mu=0.1)",patchy_high,32,1,low_extraction_rate,0.0296875,4000,5000,20,20
pilot_v1_r0_r2_mu010,"R0 (theta=0.25, matched mu=0.1)",patchy_high,64,1,social_perception_error,0.17632688492063492,4000,5000,20,20
pilot_v1_r0_r2_mu010,"R0 (theta=0.25, matched mu=0.1)",patchy_high,64,1,majority_mismatch_rate,0.1008555118877503,4000,5000,20,20
pilot_v1_r0_r2_mu010,"R0 (theta=0.25, matched mu=0.1)",patchy_high,64,1,majority_tie_rate,0.25234375,4000,5000,20,20
pilot_v1_r0_r2_mu010,"R0 (theta=0.25, matched mu=0.1)",patchy_high,64,1,visibility_gini,0.390240478515625,4000,5000,20,20
pilot_v1_r0_r2_mu010,"R0 (theta=0.25, matched mu=0.1)",patchy_high,64,1,low_extraction_rate,0.290625,4000,5000,20,20
pilot_v1_r0_r2_mu010,"R0 (theta=0.25, matched mu=0.1)",split_high_low,32,1,social_perception_error,0.06402469758064518,4000,5000,20,20
pilot_v1_r0_r2_mu010,"R0 (theta=0.25, matched mu=0.1)",split_high_low,32,1,majority_mismatch_rate,0.0,4000,5000,20,20
pilot_v1_r0_r2_mu010,"R0 (theta=0.25, matched mu=0.1)",split_high_low,32,1,majority_tie_rate,0.009375,4000,5000,20,20
pilot_v1_r0_r2_mu010,"R0 (theta=0.25, matched mu=0.1)",split_high_low,32,1,visibility_gini,0.24169921875,4000,5000,20,20
pilot_v1_r0_r2_mu010,"R0 (theta=0.25, matched mu=0.1)",split_high_low,32,1,low_extraction_rate,0.046875,4000,5000,20,20
pilot_v1_r0_r2_mu010,"R0 (theta=0.25, matched mu=0.1)",split_high_low,64,1,social_perception_error,0.16236979166666665,4000,5000,20,20
pilot_v1_r0_r2_mu010,"R0 (theta=0.25, matched mu=0.1)",split_high_low,64,1,majority_mismatch_rate,0.05171080218428672,4000,5000,20,20
pilot_v1_r0_r2_mu010,"R0 (theta=0.25, matched mu=0.1)",split_high_low,64,1,majority_tie_rate,0.21484375,4000,5000,20,20
pilot_v1_r0_r2_mu010,"R0 (theta=0.25, matched mu=0.1)",split_high_low,64,1,visibility_gini,0.39510498046875,4000,5000,20,20
pilot_v1_r0_r2_mu010,"R0 (theta=0.25, matched mu=0.1)",split_high_low,64,1,low_extraction_rate,0.23828125,4000,5000,20,20
pilot_v1_r0_r2_mu010,"R0 (theta=0.25, matched mu=0.1)",uniform_high,32,2,social_perception_error,0.020955141129032257,4000,5000,20,20
pilot_v1_r0_r2_mu010,"R0 (theta=0.25, matched mu=0.1)",uniform_high,32,2,majority_mismatch_rate,0.0,4000,5000,20,20
pilot_v1_r0_r2_mu010,"R0 (theta=0.25, matched mu=0.1)",uniform_high,32,2,majority_tie_rate,0.0,4000,5000,20,20
pilot_v1_r0_r2_mu010,"R0 (theta=0.25, matched mu=0.1)",uniform_high,32,2,visibility_gini,0.31982421875,4000,5000,20,20
pilot_v1_r0_r2_mu010,"R0 (theta=0.25, matched mu=0.1)",uniform_high,32,2,low_extraction_rate,0.0125,4000,5000,20,20
pilot_v1_r0_r2_mu010,"R0 (theta=0.25, matched mu=0.1)",uniform_high,64,2,social_perception_error,0.17958209325396823,4000,5000,20,20
pilot_v1_r0_r2_mu010,"R0 (theta=0.25, matched mu=0.1)",uniform_high,64,2,majority_mismatch_rate,0.09281505219097726,4000,5000,20,20
pilot_v1_r0_r2_mu010,"R0 (theta=0.25, matched mu=0.1)",uniform_high,64,2,majority_tie_rate,0.26015625,4000,5000,20,20
pilot_v1_r0_r2_mu010,"R0 (theta=0.25, matched mu=0.1)",uniform_high,64,2,visibility_gini,0.3624755859375,4000,5000,20,20
pilot_v1_r0_r2_mu010,"R0 (theta=0.25, matched mu=0.1)",uniform_high,64,2,low_extraction_rate,0.28359375,4000,5000,20,20
pilot_v1_r0_r2_mu010,"R0 (theta=0.25, matched mu=0.1)",patchy_high,32,2,social_perception_error,0.01592741935483871,4000,5000,20,20
pilot_v1_r0_r2_mu010,"R0 (theta=0.25, matched mu=0.1)",patchy_high,32,2,majority_mismatch_rate,0.0,4000,5000,20,20
pilot_v1_r0_r2_mu010,"R0 (theta=0.25, matched mu=0.1)",patchy_high,32,2,majority_tie_rate,0.0,4000,5000,20,20
pilot_v1_r0_r2_mu010,"R0 (theta=0.25, matched mu=0.1)",patchy_high,32,2,visibility_gini,0.2978515625,4000,5000,20,20
pilot_v1_r0_r2_mu010,"R0 (theta=0.25, matched mu=0.1)",patchy_high,32,2,low_extraction_rate,0.009375,4000,5000,20,20
pilot_v1_r0_r2_mu010,"R0 (theta=0.25, matched mu=0.1)",patchy_high,64,2,social_perception_error,0.16769903273809525,4000,5000,20,20
pilot_v1_r0_r2_mu010,"R0 (theta=0.25, matched mu=0.1)",patchy_high,64,2,majority_mismatch_rate,0.07995069064079748,4000,5000,20,20
pilot_v1_r0_r2_mu010,"R0 (theta=0.25, matched mu=0.1)",patchy_high,64,2,majority_tie_rate,0.24609375,4000,5000,20,20
pilot_v1_r0_r2_mu010,"R0 (theta=0.25, matched mu=0.1)",patchy_high,64,2,visibility_gini,0.360003662109375,4000,5000,20,20
pilot_v1_r0_r2_mu010,"R0 (theta=0.25, matched mu=0.1)",patchy_high,64,2,low_extraction_rate,0.28515625,4000,5000,20,20
pilot_v1_r0_r2_mu010,"R0 (theta=0.25, matched mu=0.1)",split_high_low,32,2,social_perception_error,0.11098790322580646,4000,5000,20,20
pilot_v1_r0_r2_mu010,"R0 (theta=0.25, matched mu=0.1)",split_high_low,32,2,majority_mismatch_rate,0.0,4000,5000,20,20
pilot_v1_r0_r2_mu010,"R0 (theta=0.25, matched mu=0.1)",split_high_low,32,2,majority_tie_rate,0.0078125,4000,5000,20,20
pilot_v1_r0_r2_mu010,"R0 (theta=0.25, matched mu=0.1)",split_high_low,32,2,visibility_gini,0.23837890625,4000,5000,20,20
pilot_v1_r0_r2_mu010,"R0 (theta=0.25, matched mu=0.1)",split_high_low,32,2,low_extraction_rate,0.103125,4000,5000,20,20
pilot_v1_r0_r2_mu010,"R0 (theta=0.25, matched mu=0.1)",split_high_low,64,2,social_perception_error,0.17391183035714286,4000,5000,20,20
pilot_v1_r0_r2_mu010,"R0 (theta=0.25, matched mu=0.1)",split_high_low,64,2,majority_mismatch_rate,0.06711881701335769,4000,5000,20,20
pilot_v1_r0_r2_mu010,"R0 (theta=0.25, matched mu=0.1)",split_high_low,64,2,majority_tie_rate,0.18828125,4000,5000,20,20
pilot_v1_r0_r2_mu010,"R0 (theta=0.25, matched mu=0.1)",split_high_low,64,2,visibility_gini,0.318389892578125,4000,5000,20,20
pilot_v1_r0_r2_mu010,"R0 (theta=0.25, matched mu=0.1)",split_high_low,64,2,low_extraction_rate,0.26875,4000,5000,20,20
pilot_v1_r0_r2_mu010,"R0 (theta=0.25, matched mu=0.1)",uniform_high,32,3,social_perception_error,0.023676915322580643,4000,5000,20,20
pilot_v1_r0_r2_mu010,"R0 (theta=0.25, matched mu=0.1)",uniform_high,32,3,majority_mismatch_rate,0.0,4000,5000,20,20
pilot_v1_r0_r2_mu010,"R0 (theta=0.25, matched mu=0.1)",uniform_high,32,3,majority_tie_rate,0.0015625,4000,5000,20,20
pilot_v1_r0_r2_mu010,"R0 (theta=0.25, matched mu=0.1)",uniform_high,32,3,visibility_gini,0.2705078125,4000,5000,20,20
pilot_v1_r0_r2_mu010,"R0 (theta=0.25, matched mu=0.1)",uniform_high,32,3,low_extraction_rate,0.0140625,4000,5000,20,20
pilot_v1_r0_r2_mu010,"R0 (theta=0.25, matched mu=0.1)",uniform_high,64,3,social_perception_error,0.18059895833333334,4000,5000,20,20
pilot_v1_r0_r2_mu010,"R0 (theta=0.25, matched mu=0.1)",uniform_high,64,3,majority_mismatch_rate,0.1062418323846269,4000,5000,20,20
pilot_v1_r0_r2_mu010,"R0 (theta=0.25, matched mu=0.1)",uniform_high,64,3,majority_tie_rate,0.2265625,4000,5000,20,20
pilot_v1_r0_r2_mu010,"R0 (theta=0.25, matched mu=0.1)",uniform_high,64,3,visibility_gini,0.32620849609375,4000,5000,20,20
pilot_v1_r0_r2_mu010,"R0 (theta=0.25, matched mu=0.1)",uniform_high,64,3,low_extraction_rate,0.24609375,4000,5000,20,20
pilot_v1_r0_r2_mu010,"R0 (theta=0.25, matched mu=0.1)",patchy_high,32,3,social_perception_error,0.02163558467741935,4000,5000,20,20
pilot_v1_r0_r2_mu010,"R0 (theta=0.25, matched mu=0.1)",patchy_high,32,3,majority_mismatch_rate,0.0,4000,5000,20,20
pilot_v1_r0_r2_mu010,"R0 (theta=0.25, matched mu=0.1)",patchy_high,32,3,majority_tie_rate,0.0015625,4000,5000,20,20
pilot_v1_r0_r2_mu010,"R0 (theta=0.25, matched mu=0.1)",patchy_high,32,3,visibility_gini,0.30517578125,4000,5000,20,20
pilot_v1_r0_r2_mu010,"R0 (theta=0.25, matched mu=0.1)",patchy_high,32,3,low_extraction_rate,0.0125,4000,5000,20,20
pilot_v1_r0_r2_mu010,"R0 (theta=0.25, matched mu=0.1)",patchy_high,64,3,social_perception_error,0.15451078869047616,4000,5000,20,20
pilot_v1_r0_r2_mu010,"R0 (theta=0.25, matched mu=0.1)",patchy_high,64,3,majority_mismatch_rate,0.05341805887470288,4000,5000,20,20
pilot_v1_r0_r2_mu010,"R0 (theta=0.25, matched mu=0.1)",patchy_high,64,3,majority_tie_rate,0.1984375,4000,5000,20,20
pilot_v1_r0_r2_mu010,"R0 (theta=0.25, matched mu=0.1)",patchy_high,64,3,visibility_gini,0.333447265625,4000,5000,20,20
pilot_v1_r0_r2_mu010,"R0 (theta=0.25, matched mu=0.1)",patchy_high,64,3,low_extraction_rate,0.22265625,4000,5000,20,20
pilot_v1_r0_r2_mu010,"R0 (theta=0.25, matched mu=0.1)",split_high_low,32,3,social_perception_error,0.14243951612903227,4000,5000,20,20
pilot_v1_r0_r2_mu010,"R0 (theta=0.25, matched mu=0.1)",split_high_low,32,3,majority_mismatch_rate,0.012271756978653531,4000,5000,20,20
pilot_v1_r0_r2_mu010,"R0 (theta=0.25, matched mu=0.1)",split_high_low,32,3,majority_tie_rate,0.1203125,4000,5000,20,20
pilot_v1_r0_r2_mu010,"R0 (theta=0.25, matched mu=0.1)",split_high_low,32,3,visibility_gini,0.27294921875,4000,5000,20,20
pilot_v1_r0_r2_mu010,"R0 (theta=0.25, matched mu=0.1)",split_high_low,32,3,low_extraction_rate,0.1765625,4000,5000,20,20
pilot_v1_r0_r2_mu010,"R0 (theta=0.25, matched mu=0.1)",split_high_low,64,3,social_perception_error,0.19415612599206347,4000,5000,20,20
pilot_v1_r0_r2_mu010,"R0 (theta=0.25, matched mu=0.1)",split_high_low,64,3,majority_mismatch_rate,0.14419196078814014,4000,5000,20,20
pilot_v1_r0_r2_mu010,"R0 (theta=0.25, matched mu=0.1)",split_high_low,64,3,majority_tie_rate,0.25078125,4000,5000,20,20
pilot_v1_r0_r2_mu010,"R0 (theta=0.25, matched mu=0.1)",split_high_low,64,3,visibility_gini,0.35877685546875,4000,5000,20,20
pilot_v1_r0_r2_mu010,"R0 (theta=0.25, matched mu=0.1)",split_high_low,64,3,low_extraction_rate,0.321875,4000,5000,20,20
pilot_v1_r0_r2_mu010,"R0 (theta=0.25, matched mu=0.1)",uniform_high,32,4,social_perception_error,0.14022177419354837,4000,5000,20,20
pilot_v1_r0_r2_mu010,"R0 (theta=0.25, matched mu=0.1)",uniform_high,32,4,majority_mismatch_rate,0.010850998463901688,4000,5000,20,20
pilot_v1_r0_r2_mu010,"R0 (theta=0.25, matched mu=0.1)",uniform_high,32,4,majority_tie_rate,0.075,4000,5000,20,20
pilot_v1_r0_r2_mu010,"R0 (theta=0.25, matched mu=0.1)",uniform_high,32,4,visibility_gini,0.27421875,4000,5000,20,20
pilot_v1_r0_r2_mu010,"R0 (theta=0.25, matched mu=0.1)",uniform_high,32,4,low_extraction_rate,0.121875,4000,5000,20,20
pilot_v1_r0_r2_mu010,"R0 (theta=0.25, matched mu=0.1)",uniform_high,64,4,social_perception_error,0.1603732638888889,4000,5000,20,20
pilot_v1_r0_r2_mu010,"R0 (theta=0.25, matched mu=0.1)",uniform_high,64,4,majority_mismatch_rate,0.06589312544161051,4000,5000,20,20
pilot_v1_r0_r2_mu010,"R0 (theta=0.25, matched mu=0.1)",uniform_high,64,4,majority_tie_rate,0.2234375,4000,5000,20,20
pilot_v1_r0_r2_mu010,"R0 (theta=0.25, matched mu=0.1)",uniform_high,64,4,visibility_gini,0.30517578125,4000,5000,20,20
pilot_v1_r0_r2_mu010,"R0 (theta=0.25, matched mu=0.1)",uniform_high,64,4,low_extraction_rate,0.26484375,4000,5000,20,20
pilot_v1_r0_r2_mu010,"R0 (theta=0.25, matched mu=0.1)",patchy_high,32,4,social_perception_error,0.1360257056451613,4000,5000,20,20
pilot_v1_r0_r2_mu010,"R0 (theta=0.25, matched mu=0.1)",patchy_high,32,4,majority_mismatch_rate,0.0022727272727272726,4000,5000,20,20
pilot_v1_r0_r2_mu010,"R0 (theta=0.25, matched mu=0.1)",patchy_high,32,4,majority_tie_rate,0.075,4000,5000,20,20
pilot_v1_r0_r2_mu010,"R0 (theta=0.25, matched mu=0.1)",patchy_high,32,4,visibility_gini,0.2463623046875,4000,5000,20,20
pilot_v1_r0_r2_mu010,"R0 (theta=0.25, matched mu=0.1)",patchy_high,32,4,low_extraction_rate,0.1140625,4000,5000,20,20
pilot_v1_r0_r2_mu010,"R0 (theta=0.25, matched mu=0.1)",patchy_high,64,4,social_perception_error,0.16835937500000003,4000,5000,20,20
pilot_v1_r0_r2_mu010,"R0 (theta=0.25, matched mu=0.1)",patchy_high,64,4,majority_mismatch_rate,0.07963102984895562,4000,5000,20,20
pilot_v1_r0_r2_mu010,"R0 (theta=0.25, matched mu=0.1)",patchy_high,64,4,majority_tie_rate,0.2296875,4000,5000,20,20
pilot_v1_r0_r2_mu010,"R0 (theta=0.25, matched mu=0.1)",patchy_high,64,4,visibility_gini,0.35828857421875,4000,5000,20,20
pilot_v1_r0_r2_mu010,"R0 (theta=0.25, matched mu=0.1)",patchy_high,64,4,low_extraction_rate,0.26484375,4000,5000,20,20
pilot_v1_r0_r2_mu010,"R0 (theta=0.25, matched mu=0.1)",split_high_low,32,4,social_perception_error,0.1603326612903226,4000,5000,20,20
pilot_v1_r0_r2_mu010,"R0 (theta=0.25, matched mu=0.1)",split_high_low,32,4,majority_mismatch_rate,0.03523467950050626,4000,5000,20,20
pilot_v1_r0_r2_mu010,"R0 (theta=0.25, matched mu=0.1)",split_high_low,32,4,majority_tie_rate,0.1359375,4000,5000,20,20
pilot_v1_r0_r2_mu010,"R0 (theta=0.25, matched mu=0.1)",split_high_low,32,4,visibility_gini,0.262744140625,4000,5000,20,20
pilot_v1_r0_r2_mu010,"R0 (theta=0.25, matched mu=0.1)",split_high_low,32,4,low_extraction_rate,0.18125,4000,5000,20,20
pilot_v1_r0_r2_mu010,"R0 (theta=0.25, matched mu=0.1)",split_high_low,64,4,social_perception_error,0.18798053075396826,4000,5000,20,20
pilot_v1_r0_r2_mu010,"R0 (theta=0.25, matched mu=0.1)",split_high_low,64,4,majority_mismatch_rate,0.136447832788695,4000,5000,20,20
pilot_v1_r0_r2_mu010,"R0 (theta=0.25, matched mu=0.1)",split_high_low,64,4,majority_tie_rate,0.26875,4000,5000,20,20
pilot_v1_r0_r2_mu010,"R0 (theta=0.25, matched mu=0.1)",split_high_low,64,4,visibility_gini,0.320477294921875,4000,5000,20,20
pilot_v1_r0_r2_mu010,"R0 (theta=0.25, matched mu=0.1)",split_high_low,64,4,low_extraction_rate,0.2796875,4000,5000,20,20
pilot_v1_r0_r2_mu010,"R0 (theta=0.25, matched mu=0.1)",uniform_high,32,5,social_perception_error,0.07225302419354837,4000,5000,20,20
pilot_v1_r0_r2_mu010,"R0 (theta=0.25, matched mu=0.1)",uniform_high,32,5,majority_mismatch_rate,0.0,4000,5000,20,20
pilot_v1_r0_r2_mu010,"R0 (theta=0.25, matched mu=0.1)",uniform_high,32,5,majority_tie_rate,0.0078125,4000,5000,20,20
pilot_v1_r0_r2_mu010,"R0 (theta=0.25, matched mu=0.1)",uniform_high,32,5,visibility_gini,0.318359375,4000,5000,20,20
pilot_v1_r0_r2_mu010,"R0 (theta=0.25, matched mu=0.1)",uniform_high,32,5,low_extraction_rate,0.0484375,4000,5000,20,20
pilot_v1_r0_r2_mu010,"R0 (theta=0.25, matched mu=0.1)",uniform_high,64,5,social_perception_error,0.15975012400793648,4000,5000,20,20
pilot_v1_r0_r2_mu010,"R0 (theta=0.25, matched mu=0.1)",uniform_high,64,5,majority_mismatch_rate,0.0545131421650202,4000,5000,20,20
pilot_v1_r0_r2_mu010,"R0 (theta=0.25, matched mu=0.1)",uniform_high,64,5,majority_tie_rate,0.178125,4000,5000,20,20
pilot_v1_r0_r2_mu010,"R0 (theta=0.25, matched mu=0.1)",uniform_high,64,5,visibility_gini,0.315545654296875,4000,5000,20,20
pilot_v1_r0_r2_mu010,"R0 (theta=0.25, matched mu=0.1)",uniform_high,64,5,low_extraction_rate,0.23828125,4000,5000,20,20
pilot_v1_r0_r2_mu010,"R0 (theta=0.25, matched mu=0.1)",patchy_high,32,5,social_perception_error,0.06499495967741935,4000,5000,20,20
pilot_v1_r0_r2_mu010,"R0 (theta=0.25, matched mu=0.1)",patchy_high,32,5,majority_mismatch_rate,0.0,4000,5000,20,20
pilot_v1_r0_r2_mu010,"R0 (theta=0.25, matched mu=0.1)",patchy_high,32,5,majority_tie_rate,0.009375,4000,5000,20,20
pilot_v1_r0_r2_mu010,"R0 (theta=0.25, matched mu=0.1)",patchy_high,32,5,visibility_gini,0.3149169921875,4000,5000,20,20
pilot_v1_r0_r2_mu010,"R0 (theta=0.25, matched mu=0.1)",patchy_high,32,5,low_extraction_rate,0.0421875,4000,5000,20,20
pilot_v1_r0_r2_mu010,"R0 (theta=0.25, matched mu=0.1)",patchy_high,64,5,social_perception_error,0.15909598214285717,4000,5000,20,20
pilot_v1_r0_r2_mu010,"R0 (theta=0.25, matched mu=0.1)",patchy_high,64,5,majority_mismatch_rate,0.04380584013787542,4000,5000,20,20
pilot_v1_r0_r2_mu010,"R0 (theta=0.25, matched mu=0.1)",patchy_high,64,5,majority_tie_rate,0.21640625,4000,5000,20,20
pilot_v1_r0_r2_mu010,"R0 (theta=0.25, matched mu=0.1)",patchy_high,64,5,visibility_gini,0.365936279296875,4000,5000,20,20
pilot_v1_r0_r2_mu010,"R0 (theta=0.25, matched mu=0.1)",patchy_high,64,5,low_extraction_rate,0.21875,4000,5000,20,20
pilot_v1_r0_r2_mu010,"R0 (theta=0.25, matched mu=0.1)",split_high_low,32,5,social_perception_error,0.1254914314516129,4000,5000,20,20
pilot_v1_r0_r2_mu010,"R0 (theta=0.25, matched mu=0.1)",split_high_low,32,5,majority_mismatch_rate,0.002,4000,5000,20,20
pilot_v1_r0_r2_mu010,"R0 (theta=0.25, matched mu=0.1)",split_high_low,32,5,majority_tie_rate,0.0578125,4000,5000,20,20
pilot_v1_r0_r2_mu010,"R0 (theta=0.25, matched mu=0.1)",split_high_low,32,5,visibility_gini,0.2697265625,4000,5000,20,20
pilot_v1_r0_r2_mu010,"R0 (theta=0.25, matched mu=0.1)",split_high_low,32,5,low_extraction_rate,0.1015625,4000,5000,20,20
pilot_v1_r0_r2_mu010,"R0 (theta=0.25, matched mu=0.1)",split_high_low,64,5,social_perception_error,0.16214347718253969,4000,5000,20,20
pilot_v1_r0_r2_mu010,"R0 (theta=0.25, matched mu=0.1)",split_high_low,64,5,majority_mismatch_rate,0.055006175022754386,4000,5000,20,20
pilot_v1_r0_r2_mu010,"R0 (theta=0.25, matched mu=0.1)",split_high_low,64,5,majority_tie_rate,0.20703125,4000,5000,20,20
pilot_v1_r0_r2_mu010,"R0 (theta=0.25, matched mu=0.1)",split_high_low,64,5,visibility_gini,0.329693603515625,4000,5000,20,20
pilot_v1_r0_r2_mu010,"R0 (theta=0.25, matched mu=0.1)",split_high_low,64,5,low_extraction_rate,0.23203125,4000,5000,20,20
pilot_v1_r0_r2_mu010,"R0 (theta=0.25, matched mu=0.1)",uniform_high,32,6,social_perception_error,0.10385584677419354,4000,5000,20,20
pilot_v1_r0_r2_mu010,"R0 (theta=0.25, matched mu=0.1)",uniform_high,32,6,majority_mismatch_rate,0.0016129032258064516,4000,5000,20,20
pilot_v1_r0_r2_mu010,"R0 (theta=0.25, matched mu=0.1)",uniform_high,32,6,majority_tie_rate,0.025,4000,5000,20,20
pilot_v1_r0_r2_mu010,"R0 (theta=0.25, matched mu=0.1)",uniform_high,32,6,visibility_gini,0.274462890625,4000,5000,20,20
pilot_v1_r0_r2_mu010,"R0 (theta=0.25, matched mu=0.1)",uniform_high,32,6,low_extraction_rate,0.0890625,4000,5000,20,20
pilot_v1_r0_r2_mu010,"R0 (theta=0.25, matched mu=0.1)",uniform_high,64,6,social_perception_error,0.1853670634920635,4000,5000,20,20
pilot_v1_r0_r2_mu010,"R0 (theta=0.25, matched mu=0.1)",uniform_high,64,6,majority_mismatch_rate,0.13440022512797975,4000,5000,20,20
pilot_v1_r0_r2_mu010,"R0 (theta=0.25, matched mu=0.1)",uniform_high,64,6,majority_tie_rate,0.29296875,4000,5000,20,20
pilot_v1_r0_r2_mu010,"R0 (theta=0.25, matched mu=0.1)",uniform_high,64,6,visibility_gini,0.32791748046875,4000,5000,20,20
pilot_v1_r0_r2_mu010,"R0 (theta=0.25, matched mu=0.1)",uniform_high,64,6,low_extraction_rate,0.3421875,4000,5000,20,20
pilot_v1_r0_r2_mu010,"R0 (theta=0.25, matched mu=0.1)",patchy_high,32,6,social_perception_error,0.08884828629032257,4000,5000,20,20
pilot_v1_r0_r2_mu010,"R0 (theta=0.25, matched mu=0.1)",patchy_high,32,6,majority_mismatch_rate,0.0,4000,5000,20,20
pilot_v1_r0_r2_mu010,"R0 (theta=0.25, matched mu=0.1)",patchy_high,32,6,majority_tie_rate,0.0265625,4000,5000,20,20
pilot_v1_r0_r2_mu010,"R0 (theta=0.25, matched mu=0.1)",patchy_high,32,6,visibility_gini,0.2944091796875,4000,5000,20,20
pilot_v1_r0_r2_mu010,"R0 (theta=0.25, matched mu=0.1)",patchy_high,32,6,low_extraction_rate,0.0765625,4000,5000,20,20
pilot_v1_r0_r2_mu010,"R0 (theta=0.25, matched mu=0.1)",patchy_high,64,6,social_perception_error,0.1825923859126984,4000,5000,20,20
pilot_v1_r0_r2_mu010,"R0 (theta=0.25, matched mu=0.1)",patchy_high,64,6,majority_mismatch_rate,0.16210621681534212,4000,5000,20,20
pilot_v1_r0_r2_mu010,"R0 (theta=0.25, matched mu=0.1)",patchy_high,64,6,majority_tie_rate,0.30390625,4000,5000,20,20
pilot_v1_r0_r2_mu010,"R0 (theta=0.25, matched mu=0.1)",patchy_high,64,6,visibility_gini,0.306402587890625,4000,5000,20,20
pilot_v1_r0_r2_mu010,"R0 (theta=0.25, matched mu=0.1)",patchy_high,64,6,low_extraction_rate,0.3375,4000,5000,20,20
pilot_v1_r0_r2_mu010,"R0 (theta=0.25, matched mu=0.1)",split_high_low,32,6,social_perception_error,0.12166078629032258,4000,5000,20,20
pilot_v1_r0_r2_mu010,"R0 (theta=0.25, matched mu=0.1)",split_high_low,32,6,majority_mismatch_rate,0.0038074712643678165,4000,5000,20,20
pilot_v1_r0_r2_mu010,"R0 (theta=0.25, matched mu=0.1)",split_high_low,32,6,majority_tie_rate,0.05625,4000,5000,20,20
pilot_v1_r0_r2_mu010,"R0 (theta=0.25, matched mu=0.1)",split_high_low,32,6,visibility_gini,0.2541748046875,4000,5000,20,20
pilot_v1_r0_r2_mu010,"R0 (theta=0.25, matched mu=0.1)",split_high_low,32,6,low_extraction_rate,0.1109375,4000,5000,20,20
pilot_v1_r0_r2_mu010,"R0 (theta=0.25, matched mu=0.1)",split_high_low,64,6,social_perception_error,0.19581163194444445,4000,5000,20,20
pilot_v1_r0_r2_mu010,"R0 (theta=0.25, matched mu=0.1)",split_high_low,64,6,majority_mismatch_rate,0.2322329957707645,4000,5000,20,20
pilot_v1_r0_r2_mu010,"R0 (theta=0.25, matched mu=0.1)",split_high_low,64,6,majority_tie_rate,0.31875,4000,5000,20,20
pilot_v1_r0_r2_mu010,"R0 (theta=0.25, matched mu=0.1)",split_high_low,64,6,visibility_gini,0.314923095703125,4000,5000,20,20
pilot_v1_r0_r2_mu010,"R0 (theta=0.25, matched mu=0.1)",split_high_low,64,6,low_extraction_rate,0.35859375,4000,5000,20,20
pilot_v1_r0_r2_mu010,"R0 (theta=0.25, matched mu=0.1)",uniform_high,32,7,social_perception_error,0.05724546370967741,4000,5000,20,20
pilot_v1_r0_r2_mu010,"R0 (theta=0.25, matched mu=0.1)",uniform_high,32,7,majority_mismatch_rate,0.0,4000,5000,20,20
pilot_v1_r0_r2_mu010,"R0 (theta=0.25, matched mu=0.1)",uniform_high,32,7,majority_tie_rate,0.0140625,4000,5000,20,20
pilot_v1_r0_r2_mu010,"R0 (theta=0.25, matched mu=0.1)",uniform_high,32,7,visibility_gini,0.2633056640625,4000,5000,20,20
pilot_v1_r0_r2_mu010,"R0 (theta=0.25, matched mu=0.1)",uniform_high,32,7,low_extraction_rate,0.0375,4000,5000,20,20
pilot_v1_r0_r2_mu010,"R0 (theta=0.25, matched mu=0.1)",uniform_high,64,7,social_perception_error,0.1537574404761905,4000,5000,20,20
pilot_v1_r0_r2_mu010,"R0 (theta=0.25, matched mu=0.1)",uniform_high,64,7,majority_mismatch_rate,0.029880573643210163,4000,5000,20,20
pilot_v1_r0_r2_mu010,"R0 (theta=0.25, matched mu=0.1)",uniform_high,64,7,majority_tie_rate,0.190625,4000,5000,20,20
pilot_v1_r0_r2_mu010,"R0 (theta=0.25, matched mu=0.1)",uniform_high,64,7,visibility_gini,0.336773681640625,4000,5000,20,20
pilot_v1_r0_r2_mu010,"R0 (theta=0.25, matched mu=0.1)",uniform_high,64,7,low_extraction_rate,0.2046875,4000,5000,20,20
pilot_v1_r0_r2_mu010,"R0 (theta=0.25, matched mu=0.1)",patchy_high,32,7,social_perception_error,0.1127898185483871,4000,5000,20,20
pilot_v1_r0_r2_mu010,"R0 (theta=0.25, matched mu=0.1)",patchy_high,32,7,majority_mismatch_rate,0.0016129032258064516,4000,5000,20,20
pilot_v1_r0_r2_mu010,"R0 (theta=0.25, matched mu=0.1)",patchy_high,32,7,majority_tie_rate,0.0390625,4000,5000,20,20
pilot_v1_r0_r2_mu010,"R0 (theta=0.25, matched mu=0.1)",patchy_high,32,7,visibility_gini,0.2611083984375,4000,5000,20,20
pilot_v1_r0_r2_mu010,"R0 (theta=0.25, matched mu=0.1)",patchy_high,32,7,low_extraction_rate,0.0859375,4000,5000,20,20
pilot_v1_r0_r2_mu010,"R0 (theta=0.25, matched mu=0.1)",patchy_high,64,7,social_perception_error,0.1665798611111111,4000,5000,20,20
pilot_v1_r0_r2_mu010,"R0 (theta=0.25, matched mu=0.1)",patchy_high,64,7,majority_mismatch_rate,0.04679536501328563,4000,5000,20,20
pilot_v1_r0_r2_mu010,"R0 (theta=0.25, matched mu=0.1)",patchy_high,64,7,majority_tie_rate,0.16796875,4000,5000,20,20
pilot_v1_r0_r2_mu010,"R0 (theta=0.25, matched mu=0.1)",patchy_high,64,7,visibility_gini,0.333624267578125,4000,5000,20,20
pilot_v1_r0_r2_mu010,"R0 (theta=0.25, matched mu=0.1)",patchy_high,64,7,low_extraction_rate,0.20234375,4000,5000,20,20
pilot_v1_r0_r2_mu010,"R0 (theta=0.25, matched mu=0.1)",split_high_low,32,7,social_perception_error,0.15578377016129036,4000,5000,20,20
pilot_v1_r0_r2_mu010,"R0 (theta=0.25, matched mu=0.1)",split_high_low,32,7,majority_mismatch_rate,0.03821435429194049,4000,5000,20,20
pilot_v1_r0_r2_mu010,"R0 (theta=0.25, matched mu=0.1)",split_high_low,32,7,majority_tie_rate,0.1390625,4000,5000,20,20
pilot_v1_r0_r2_mu010,"R0 (theta=0.25, matched mu=0.1)",split_high_low,32,7,visibility_gini,0.2472900390625,4000,5000,20,20
pilot_v1_r0_r2_mu010,"R0 (theta=0.25, matched mu=0.1)",split_high_low,32,7,low_extraction_rate,0.2140625,4000,5000,20,20
pilot_v1_r0_r2_mu010,"R0 (theta=0.25, matched mu=0.1)",split_high_low,64,7,social_perception_error,0.15983382936507934,4000,5000,20,20
pilot_v1_r0_r2_mu010,"R0 (theta=0.25, matched mu=0.1)",split_high_low,64,7,majority_mismatch_rate,0.05985433829257578,4000,5000,20,20
pilot_v1_r0_r2_mu010,"R0 (theta=0.25, matched mu=0.1)",split_high_low,64,7,majority_tie_rate,0.21953125,4000,5000,20,20
pilot_v1_r0_r2_mu010,"R0 (theta=0.25, matched mu=0.1)",split_high_low,64,7,visibility_gini,0.32967529296875,4000,5000,20,20
pilot_v1_r0_r2_mu010,"R0 (theta=0.25, matched mu=0.1)",split_high_low,64,7,low_extraction_rate,0.24609375,4000,5000,20,20
pilot_v1_r0_r2_mu010,"R0 (theta=0.25, matched mu=0.1)",uniform_high,32,8,social_perception_error,0.13364415322580644,4000,5000,20,20
pilot_v1_r0_r2_mu010,"R0 (theta=0.25, matched mu=0.1)",uniform_high,32,8,majority_mismatch_rate,0.0016129032258064516,4000,5000,20,20
pilot_v1_r0_r2_mu010,"R0 (theta=0.25, matched mu=0.1)",uniform_high,32,8,majority_tie_rate,0.059375,4000,5000,20,20
pilot_v1_r0_r2_mu010,"R0 (theta=0.25, matched mu=0.1)",uniform_high,32,8,visibility_gini,0.3208984375,4000,5000,20,20
pilot_v1_r0_r2_mu010,"R0 (theta=0.25, matched mu=0.1)",uniform_high,32,8,low_extraction_rate,0.1421875,4000,5000,20,20
pilot_v1_r0_r2_mu010,"R0 (theta=0.25, matched mu=0.1)",uniform_high,64,8,social_perception_error,0.1963107638888889,4000,5000,20,20
pilot_v1_r0_r2_mu010,"R0 (theta=0.25, matched mu=0.1)",uniform_high,64,8,majority_mismatch_rate,0.3187054274238838,4000,5000,20,20
pilot_v1_r0_r2_mu010,"R0 (theta=0.25, matched mu=0.1)",uniform_high,64,8,majority_tie_rate,0.3484375,4000,5000,20,20
pilot_v1_r0_r2_mu010,"R0 (theta=0.25, matched mu=0.1)",uniform_high,64,8,visibility_gini,0.357159423828125,4000,5000,20,20
pilot_v1_r0_r2_mu010,"R0 (theta=0.25, matched mu=0.1)",uniform_high,64,8,low_extraction_rate,0.41328125,4000,5000,20,20
pilot_v1_r0_r2_mu010,"R0 (theta=0.25, matched mu=0.1)",patchy_high,32,8,social_perception_error,0.14153225806451614,4000,5000,20,20
pilot_v1_r0_r2_mu010,"R0 (theta=0.25, matched mu=0.1)",patchy_high,32,8,majority_mismatch_rate,0.0035714285714285713,4000,5000,20,20
pilot_v1_r0_r2_mu010,"R0 (theta=0.25, matched mu=0.1)",patchy_high,32,8,majority_tie_rate,0.1,4000,5000,20,20
pilot_v1_r0_r2_mu010,"R0 (theta=0.25, matched mu=0.1)",patchy_high,32,8,visibility_gini,0.3109619140625,4000,5000,20,20
pilot_v1_r0_r2_mu010,"R0 (theta=0.25, matched mu=0.1)",patchy_high,32,8,low_extraction_rate,0.1421875,4000,5000,20,20
pilot_v1_r0_r2_mu010,"R0 (theta=0.25, matched mu=0.1)",patchy_high,64,8,social_perception_error,0.19643787202380952,4000,5000,20,20
pilot_v1_r0_r2_mu010,"R0 (theta=0.25, matched mu=0.1)",patchy_high,64,8,majority_mismatch_rate,0.2808670938166923,4000,5000,20,20
pilot_v1_r0_r2_mu010,"R0 (theta=0.25, matched mu=0.1)",patchy_high,64,8,majority_tie_rate,0.3609375,4000,5000,20,20
pilot_v1_r0_r2_mu010,"R0 (theta=0.25, matched mu=0.1)",patchy_high,64,8,visibility_gini,0.354620361328125,4000,5000,20,20
pilot_v1_r0_r2_mu010,"R0 (theta=0.25, matched mu=0.1)",patchy_high,64,8,low_extraction_rate,0.421875,4000,5000,20,20
pilot_v1_r0_r2_mu010,"R0 (theta=0.25, matched mu=0.1)",split_high_low,32,8,social_perception_error,0.15764868951612904,4000,5000,20,20
pilot_v1_r0_r2_mu010,"R0 (theta=0.25, matched mu=0.1)",split_high_low,32,8,majority_mismatch_rate,0.056452683403341294,4000,5000,20,20
pilot_v1_r0_r2_mu010,"R0 (theta=0.25, matched mu=0.1)",split_high_low,32,8,majority_tie_rate,0.16875,4000,5000,20,20
pilot_v1_r0_r2_mu010,"R0 (theta=0.25, matched mu=0.1)",split_high_low,32,8,visibility_gini,0.3447998046875,4000,5000,20,20
pilot_v1_r0_r2_mu010,"R0 (theta=0.25, matched mu=0.1)",split_high_low,32,8,low_extraction_rate,0.2453125,4000,5000,20,20
pilot_v1_r0_r2_mu010,"R0 (theta=0.25, matched mu=0.1)",split_high_low,64,8,social_perception_error,0.18552517361111112,4000,5000,20,20
pilot_v1_r0_r2_mu010,"R0 (theta=0.25, matched mu=0.1)",split_high_low,64,8,majority_mismatch_rate,0.12268262985031952,4000,5000,20,20
pilot_v1_r0_r2_mu010,"R0 (theta=0.25, matched mu=0.1)",split_high_low,64,8,majority_tie_rate,0.30078125,4000,5000,20,20
pilot_v1_r0_r2_mu010,"R0 (theta=0.25, matched mu=0.1)",split_high_low,64,8,visibility_gini,0.38055419921875,4000,5000,20,20
pilot_v1_r0_r2_mu010,"R0 (theta=0.25, matched mu=0.1)",split_high_low,64,8,low_extraction_rate,0.3359375,4000,5000,20,20
pilot_v1_r0_r2_mu010,"R0 (theta=0.25, matched mu=0.1)",uniform_high,32,9,social_perception_error,0.12527721774193548,4000,5000,20,20
pilot_v1_r0_r2_mu010,"R0 (theta=0.25, matched mu=0.1)",uniform_high,32,9,majority_mismatch_rate,0.0016666666666666666,4000,5000,20,20
pilot_v1_r0_r2_mu010,"R0 (theta=0.25, matched mu=0.1)",uniform_high,32,9,majority_tie_rate,0.0578125,4000,5000,20,20
pilot_v1_r0_r2_mu010,"R0 (theta=0.25, matched mu=0.1)",uniform_high,32,9,visibility_gini,0.2657470703125,4000,5000,20,20
pilot_v1_r0_r2_mu010,"R0 (theta=0.25, matched mu=0.1)",uniform_high,32,9,low_extraction_rate,0.1078125,4000,5000,20,20
pilot_v1_r0_r2_mu010,"R0 (theta=0.25, matched mu=0.1)",uniform_high,64,9,social_perception_error,0.15846664186507936,4000,5000,20,20
pilot_v1_r0_r2_mu010,"R0 (theta=0.25, matched mu=0.1)",uniform_high,64,9,majority_mismatch_rate,0.037347104527555255,4000,5000,20,20
pilot_v1_r0_r2_mu010,"R0 (theta=0.25, matched mu=0.1)",uniform_high,64,9,majority_tie_rate,0.14921875,4000,5000,20,20
pilot_v1_r0_r2_mu010,"R0 (theta=0.25, matched mu=0.1)",uniform_high,64,9,visibility_gini,0.34871826171875,4000,5000,20,20
pilot_v1_r0_r2_mu010,"R0 (theta=0.25, matched mu=0.1)",uniform_high,64,9,low_extraction_rate,0.21171875,4000,5000,20,20
pilot_v1_r0_r2_mu010,"R0 (theta=0.25, matched mu=0.1)",patchy_high,32,9,social_perception_error,0.1142515120967742,4000,5000,20,20
pilot_v1_r0_r2_mu010,"R0 (theta=0.25, matched mu=0.1)",patchy_high,32,9,majority_mismatch_rate,0.0,4000,5000,20,20
pilot_v1_r0_r2_mu010,"R0 (theta=0.25, matched mu=0.1)",patchy_high,32,9,majority_tie_rate,0.0453125,4000,5000,20,20
pilot_v1_r0_r2_mu010,"R0 (theta=0.25, matched mu=0.1)",patchy_high,32,9,visibility_gini,0.31201171875,4000,5000,20,20
pilot_v1_r0_r2_mu010,"R0 (theta=0.25, matched mu=0.1)",patchy_high,32,9,low_extraction_rate,0.0890625,4000,5000,20,20
pilot_v1_r0_r2_mu010,"R0 (theta=0.25, matched mu=0.1)",patchy_high,64,9,social_perception_error,0.14470176091269843,4000,5000,20,20
pilot_v1_r0_r2_mu010,"R0 (theta=0.25, matched mu=0.1)",patchy_high,64,9,majority_mismatch_rate,0.012865976631139678,4000,5000,20,20
pilot_v1_r0_r2_mu010,"R0 (theta=0.25, matched mu=0.1)",patchy_high,64,9,majority_tie_rate,0.1140625,4000,5000,20,20
pilot_v1_r0_r2_mu010,"R0 (theta=0.25, matched mu=0.1)",patchy_high,64,9,visibility_gini,0.32850341796875,4000,5000,20,20
pilot_v1_r0_r2_mu010,"R0 (theta=0.25, matched mu=0.1)",patchy_high,64,9,low_extraction_rate,0.19609375,4000,5000,20,20
pilot_v1_r0_r2_mu010,"R0 (theta=0.25, matched mu=0.1)",split_high_low,32,9,social_perception_error,0.1429939516129032,4000,5000,20,20
pilot_v1_r0_r2_mu010,"R0 (theta=0.25, matched mu=0.1)",split_high_low,32,9,majority_mismatch_rate,0.002,4000,5000,20,20
pilot_v1_r0_r2_mu010,"R0 (theta=0.25, matched mu=0.1)",split_high_low,32,9,majority_tie_rate,0.1078125,4000,5000,20,20
pilot_v1_r0_r2_mu010,"R0 (theta=0.25, matched mu=0.1)",split_high_low,32,9,visibility_gini,0.3631591796875,4000,5000,20,20
pilot_v1_r0_r2_mu010,"R0 (theta=0.25, matched mu=0.1)",split_high_low,32,9,low_extraction_rate,0.16875,4000,5000,20,20
pilot_v1_r0_r2_mu010,"R0 (theta=0.25, matched mu=0.1)",split_high_low,64,9,social_perception_error,0.1606212797619048,4000,5000,20,20
pilot_v1_r0_r2_mu010,"R0 (theta=0.25, matched mu=0.1)",split_high_low,64,9,majority_mismatch_rate,0.02607273314027646,4000,5000,20,20
pilot_v1_r0_r2_mu010,"R0 (theta=0.25, matched mu=0.1)",split_high_low,64,9,majority_tie_rate,0.15859375,4000,5000,20,20
pilot_v1_r0_r2_mu010,"R0 (theta=0.25, matched mu=0.1)",split_high_low,64,9,visibility_gini,0.297320556640625,4000,5000,20,20
pilot_v1_r0_r2_mu010,"R0 (theta=0.25, matched mu=0.1)",split_high_low,64,9,low_extraction_rate,0.175,4000,5000,20,20
pilot_v1_r0_r3_mu010,"R0 (theta=1, matched mu=0.1)",uniform_high,32,0,social_perception_error,0.04803427419354838,4000,5000,20,20
pilot_v1_r0_r3_mu010,"R0 (theta=1, matched mu=0.1)",uniform_high,32,0,majority_mismatch_rate,0.0,4000,5000,20,20
pilot_v1_r0_r3_mu010,"R0 (theta=1, matched mu=0.1)",uniform_high,32,0,majority_tie_rate,0.003125,4000,5000,20,20
pilot_v1_r0_r3_mu010,"R0 (theta=1, matched mu=0.1)",uniform_high,32,0,visibility_gini,0.254638671875,4000,5000,20,20
pilot_v1_r0_r3_mu010,"R0 (theta=1, matched mu=0.1)",uniform_high,32,0,low_extraction_rate,0.0328125,4000,5000,20,20
pilot_v1_r0_r3_mu010,"R0 (theta=1, matched mu=0.1)",uniform_high,64,0,social_perception_error,0.17553013392857145,4000,5000,20,20
pilot_v1_r0_r3_mu010,"R0 (theta=1, matched mu=0.1)",uniform_high,64,0,majority_mismatch_rate,0.07359889610944868,4000,5000,20,20
pilot_v1_r0_r3_mu010,"R0 (theta=1, matched mu=0.1)",uniform_high,64,0,majority_tie_rate,0.23671875,4000,5000,20,20
pilot_v1_r0_r3_mu010,"R0 (theta=1, matched mu=0.1)",uniform_high,64,0,visibility_gini,0.299639892578125,4000,5000,20,20
pilot_v1_r0_r3_mu010,"R0 (theta=1, matched mu=0.1)",uniform_high,64,0,low_extraction_rate,0.29140625,4000,5000,20,20
pilot_v1_r0_r3_mu010,"R0 (theta=1, matched mu=0.1)",patchy_high,32,0,social_perception_error,0.05574596774193548,4000,5000,20,20
pilot_v1_r0_r3_mu010,"R0 (theta=1, matched mu=0.1)",patchy_high,32,0,majority_mismatch_rate,0.0,4000,5000,20,20
pilot_v1_r0_r3_mu010,"R0 (theta=1, matched mu=0.1)",patchy_high,32,0,majority_tie_rate,0.009375,4000,5000,20,20
pilot_v1_r0_r3_mu010,"R0 (theta=1, matched mu=0.1)",patchy_high,32,0,visibility_gini,0.21376953125,4000,5000,20,20
pilot_v1_r0_r3_mu010,"R0 (theta=1, matched mu=0.1)",patchy_high,32,0,low_extraction_rate,0.04375,4000,5000,20,20
pilot_v1_r0_r3_mu010,"R0 (theta=1, matched mu=0.1)",patchy_high,64,0,social_perception_error,0.1724144345238095,4000,5000,20,20
pilot_v1_r0_r3_mu010,"R0 (theta=1, matched mu=0.1)",patchy_high,64,0,majority_mismatch_rate,0.06535120643602285,4000,5000,20,20
pilot_v1_r0_r3_mu010,"R0 (theta=1, matched mu=0.1)",patchy_high,64,0,majority_tie_rate,0.18828125,4000,5000,20,20
pilot_v1_r0_r3_mu010,"R0 (theta=1, matched mu=0.1)",patchy_high,64,0,visibility_gini,0.257452392578125,4000,5000,20,20
pilot_v1_r0_r3_mu010,"R0 (theta=1, matched mu=0.1)",patchy_high,64,0,low_extraction_rate,0.26015625,4000,5000,20,20
pilot_v1_r0_r3_mu010,"R0 (theta=1, matched mu=0.1)",split_high_low,32,0,social_perception_error,0.15102066532258066,4000,5000,20,20
pilot_v1_r0_r3_mu010,"R0 (theta=1, matched mu=0.1)",split_high_low,32,0,majority_mismatch_rate,0.0018518518518518517,4000,5000,20,20
pilot_v1_r0_r3_mu010,"R0 (theta=1, matched mu=0.1)",split_high_low,32,0,majority_tie_rate,0.125,4000,5000,20,20
pilot_v1_r0_r3_mu010,"R0 (theta=1, matched mu=0.1)",split_high_low,32,0,visibility_gini,0.24560546875,4000,5000,20,20
pilot_v1_r0_r3_mu010,"R0 (theta=1, matched mu=0.1)",split_high_low,32,0,low_extraction_rate,0.1546875,4000,5000,20,20
pilot_v1_r0_r3_mu010,"R0 (theta=1, matched mu=0.1)",split_high_low,64,0,social_perception_error,0.1877201140873016,4000,5000,20,20
pilot_v1_r0_r3_mu010,"R0 (theta=1, matched mu=0.1)",split_high_low,64,0,majority_mismatch_rate,0.10395956463525516,4000,5000,20,20
pilot_v1_r0_r3_mu010,"R0 (theta=1, matched mu=0.1)",split_high_low,64,0,majority_tie_rate,0.20546875,4000,5000,20,20
pilot_v1_r0_r3_mu010,"R0 (theta=1, matched mu=0.1)",split_high_low,64,0,visibility_gini,0.287127685546875,4000,5000,20,20
pilot_v1_r0_r3_mu010,"R0 (theta=1, matched mu=0.1)",split_high_low,64,0,low_extraction_rate,0.26875,4000,5000,20,20
pilot_v1_r0_r3_mu010,"R0 (theta=1, matched mu=0.1)",uniform_high,32,1,social_perception_error,0.04887852822580645,4000,5000,20,20
pilot_v1_r0_r3_mu010,"R0 (theta=1, matched mu=0.1)",uniform_high,32,1,majority_mismatch_rate,0.0,4000,5000,20,20
pilot_v1_r0_r3_mu010,"R0 (theta=1, matched mu=0.1)",uniform_high,32,1,majority_tie_rate,0.003125,4000,5000,20,20
pilot_v1_r0_r3_mu010,"R0 (theta=1, matched mu=0.1)",uniform_high,32,1,visibility_gini,0.27587890625,4000,5000,20,20
pilot_v1_r0_r3_mu010,"R0 (theta=1, matched mu=0.1)",uniform_high,32,1,low_extraction_rate,0.0359375,4000,5000,20,20
pilot_v1_r0_r3_mu010,"R0 (theta=1, matched mu=0.1)",uniform_high,64,1,social_perception_error,0.17792348710317457,4000,5000,20,20
pilot_v1_r0_r3_mu010,"R0 (theta=1, matched mu=0.1)",uniform_high,64,1,majority_mismatch_rate,0.12026810857232455,4000,5000,20,20
pilot_v1_r0_r3_mu010,"R0 (theta=1, matched mu=0.1)",uniform_high,64,1,majority_tie_rate,0.25546875,4000,5000,20,20
pilot_v1_r0_r3_mu010,"R0 (theta=1, matched mu=0.1)",uniform_high,64,1,visibility_gini,0.305084228515625,4000,5000,20,20
pilot_v1_r0_r3_mu010,"R0 (theta=1, matched mu=0.1)",uniform_high,64,1,low_extraction_rate,0.30390625,4000,5000,20,20
pilot_v1_r0_r3_mu010,"R0 (theta=1, matched mu=0.1)",patchy_high,32,1,social_perception_error,0.04936995967741935,4000,5000,20,20
pilot_v1_r0_r3_mu010,"R0 (theta=1, matched mu=0.1)",patchy_high,32,1,majority_mismatch_rate,0.0,4000,5000,20,20
pilot_v1_r0_r3_mu010,"R0 (theta=1, matched mu=0.1)",patchy_high,32,1,majority_tie_rate,0.0,4000,5000,20,20
pilot_v1_r0_r3_mu010,"R0 (theta=1, matched mu=0.1)",patchy_high,32,1,visibility_gini,0.24462890625,4000,5000,20,20
pilot_v1_r0_r3_mu010,"R0 (theta=1, matched mu=0.1)",patchy_high,32,1,low_extraction_rate,0.03125,4000,5000,20,20
pilot_v1_r0_r3_mu010,"R0 (theta=1, matched mu=0.1)",patchy_high,64,1,social_perception_error,0.17372271825396826,4000,5000,20,20
pilot_v1_r0_r3_mu010,"R0 (theta=1, matched mu=0.1)",patchy_high,64,1,majority_mismatch_rate,0.12065588546221276,4000,5000,20,20
pilot_v1_r0_r3_mu010,"R0 (theta=1, matched mu=0.1)",patchy_high,64,1,majority_tie_rate,0.2625,4000,5000,20,20
pilot_v1_r0_r3_mu010,"R0 (theta=1, matched mu=0.1)",patchy_high,64,1,visibility_gini,0.298175048828125,4000,5000,20,20
pilot_v1_r0_r3_mu010,"R0 (theta=1, matched mu=0.1)",patchy_high,64,1,low_extraction_rate,0.30546875,4000,5000,20,20
pilot_v1_r0_r3_mu010,"R0 (theta=1, matched mu=0.1)",split_high_low,32,1,social_perception_error,0.07531502016129031,4000,5000,20,20
pilot_v1_r0_r3_mu010,"R0 (theta=1, matched mu=0.1)",split_high_low,32,1,majority_mismatch_rate,0.0,4000,5000,20,20
pilot_v1_r0_r3_mu010,"R0 (theta=1, matched mu=0.1)",split_high_low,32,1,majority_tie_rate,0.0171875,4000,5000,20,20
pilot_v1_r0_r3_mu010,"R0 (theta=1, matched mu=0.1)",split_high_low,32,1,visibility_gini,0.27734375,4000,5000,20,20
pilot_v1_r0_r3_mu010,"R0 (theta=1, matched mu=0.1)",split_high_low,32,1,low_extraction_rate,0.05,4000,5000,20,20
pilot_v1_r0_r3_mu010,"R0 (theta=1, matched mu=0.1)",split_high_low,64,1,social_perception_error,0.1697420634920635,4000,5000,20,20
pilot_v1_r0_r3_mu010,"R0 (theta=1, matched mu=0.1)",split_high_low,64,1,majority_mismatch_rate,0.09595665018210114,4000,5000,20,20
pilot_v1_r0_r3_mu010,"R0 (theta=1, matched mu=0.1)",split_high_low,64,1,majority_tie_rate,0.2234375,4000,5000,20,20
pilot_v1_r0_r3_mu010,"R0 (theta=1, matched mu=0.1)",split_high_low,64,1,visibility_gini,0.274273681640625,4000,5000,20,20
pilot_v1_r0_r3_mu010,"R0 (theta=1, matched mu=0.1)",split_high_low,64,1,low_extraction_rate,0.265625,4000,5000,20,20
pilot_v1_r0_r3_mu010,"R0 (theta=1, matched mu=0.1)",uniform_high,32,2,social_perception_error,0.01869959677419355,4000,5000,20,20
pilot_v1_r0_r3_mu010,"R0 (theta=1, matched mu=0.1)",uniform_high,32,2,majority_mismatch_rate,0.0,4000,5000,20,20
pilot_v1_r0_r3_mu010,"R0 (theta=1, matched mu=0.1)",uniform_high,32,2,majority_tie_rate,0.0,4000,5000,20,20
pilot_v1_r0_r3_mu010,"R0 (theta=1, matched mu=0.1)",uniform_high,32,2,visibility_gini,0.27001953125,4000,5000,20,20
pilot_v1_r0_r3_mu010,"R0 (theta=1, matched mu=0.1)",uniform_high,32,2,low_extraction_rate,0.0109375,4000,5000,20,20
pilot_v1_r0_r3_mu010,"R0 (theta=1, matched mu=0.1)",uniform_high,64,2,social_perception_error,0.16829117063492066,4000,5000,20,20
pilot_v1_r0_r3_mu010,"R0 (theta=1, matched mu=0.1)",uniform_high,64,2,majority_mismatch_rate,0.06923653295967683,4000,5000,20,20
pilot_v1_r0_r3_mu010,"R0 (theta=1, matched mu=0.1)",uniform_high,64,2,majority_tie_rate,0.20546875,4000,5000,20,20
pilot_v1_r0_r3_mu010,"R0 (theta=1, matched mu=0.1)",uniform_high,64,2,visibility_gini,0.28748779296875,4000,5000,20,20
pilot_v1_r0_r3_mu010,"R0 (theta=1, matched mu=0.1)",uniform_high,64,2,low_extraction_rate,0.25390625,4000,5000,20,20
pilot_v1_r0_r3_mu010,"R0 (theta=1, matched mu=0.1)",patchy_high,32,2,social_perception_error,0.015057963709677416,4000,5000,20,20
pilot_v1_r0_r3_mu010,"R0 (theta=1, matched mu=0.1)",patchy_high,32,2,majority_mismatch_rate,0.0,4000,5000,20,20
pilot_v1_r0_r3_mu010,"R0 (theta=1, matched mu=0.1)",patchy_high,32,2,majority_tie_rate,0.0,4000,5000,20,20
pilot_v1_r0_r3_mu010,"R0 (theta=1, matched mu=0.1)",patchy_high,32,2,visibility_gini,0.28076171875,4000,5000,20,20
pilot_v1_r0_r3_mu010,"R0 (theta=1, matched mu=0.1)",patchy_high,32,2,low_extraction_rate,0.009375,4000,5000,20,20
pilot_v1_r0_r3_mu010,"R0 (theta=1, matched mu=0.1)",patchy_high,64,2,social_perception_error,0.16981336805555552,4000,5000,20,20
pilot_v1_r0_r3_mu010,"R0 (theta=1, matched mu=0.1)",patchy_high,64,2,majority_mismatch_rate,0.06696020407854573,4000,5000,20,20
pilot_v1_r0_r3_mu010,"R0 (theta=1, matched mu=0.1)",patchy_high,64,2,majority_tie_rate,0.215625,4000,5000,20,20
pilot_v1_r0_r3_mu010,"R0 (theta=1, matched mu=0.1)",patchy_high,64,2,visibility_gini,0.252691650390625,4000,5000,20,20
pilot_v1_r0_r3_mu010,"R0 (theta=1, matched mu=0.1)",patchy_high,64,2,low_extraction_rate,0.24296875,4000,5000,20,20
pilot_v1_r0_r3_mu010,"R0 (theta=1, matched mu=0.1)",split_high_low,32,2,social_perception_error,0.1190398185483871,4000,5000,20,20
pilot_v1_r0_r3_mu010,"R0 (theta=1, matched mu=0.1)",split_high_low,32,2,majority_mismatch_rate,0.0016129032258064516,4000,5000,20,20
pilot_v1_r0_r3_mu010,"R0 (theta=1, matched mu=0.1)",split_high_low,32,2,majority_tie_rate,0.021875,4000,5000,20,20
pilot_v1_r0_r3_mu010,"R0 (theta=1, matched mu=0.1)",split_high_low,32,2,visibility_gini,0.2412109375,4000,5000,20,20
pilot_v1_r0_r3_mu010,"R0 (theta=1, matched mu=0.1)",split_high_low,32,2,low_extraction_rate,0.1234375,4000,5000,20,20
pilot_v1_r0_r3_mu010,"R0 (theta=1, matched mu=0.1)",split_high_low,64,2,social_perception_error,0.16870039682539684,4000,5000,20,20
pilot_v1_r0_r3_mu010,"R0 (theta=1, matched mu=0.1)",split_high_low,64,2,majority_mismatch_rate,0.05032909502829793,4000,5000,20,20
pilot_v1_r0_r3_mu010,"R0 (theta=1, matched mu=0.1)",split_high_low,64,2,majority_tie_rate,0.20703125,4000,5000,20,20
pilot_v1_r0_r3_mu010,"R0 (theta=1, matched mu=0.1)",split_high_low,64,2,visibility_gini,0.274078369140625,4000,5000,20,20
pilot_v1_r0_r3_mu010,"R0 (theta=1, matched mu=0.1)",split_high_low,64,2,low_extraction_rate,0.284375,4000,5000,20,20
pilot_v1_r0_r3_mu010,"R0 (theta=1, matched mu=0.1)",uniform_high,32,3,social_perception_error,0.02047631048387096,4000,5000,20,20
pilot_v1_r0_r3_mu010,"R0 (theta=1, matched mu=0.1)",uniform_high,32,3,majority_mismatch_rate,0.0,4000,5000,20,20
pilot_v1_r0_r3_mu010,"R0 (theta=1, matched mu=0.1)",uniform_high,32,3,majority_tie_rate,0.0,4000,5000,20,20
pilot_v1_r0_r3_mu010,"R0 (theta=1, matched mu=0.1)",uniform_high,32,3,visibility_gini,0.2705078125,4000,5000,20,20
pilot_v1_r0_r3_mu010,"R0 (theta=1, matched mu=0.1)",uniform_high,32,3,low_extraction_rate,0.0125,4000,5000,20,20
pilot_v1_r0_r3_mu010,"R0 (theta=1, matched mu=0.1)",uniform_high,64,3,social_perception_error,0.15942770337301587,4000,5000,20,20
pilot_v1_r0_r3_mu010,"R0 (theta=1, matched mu=0.1)",uniform_high,64,3,majority_mismatch_rate,0.06199172590952893,4000,5000,20,20
pilot_v1_r0_r3_mu010,"R0 (theta=1, matched mu=0.1)",uniform_high,64,3,majority_tie_rate,0.18671875,4000,5000,20,20
pilot_v1_r0_r3_mu010,"R0 (theta=1, matched mu=0.1)",uniform_high,64,3,visibility_gini,0.254351806640625,4000,5000,20,20
pilot_v1_r0_r3_mu010,"R0 (theta=1, matched mu=0.1)",uniform_high,64,3,low_extraction_rate,0.228125,4000,5000,20,20
pilot_v1_r0_r3_mu010,"R0 (theta=1, matched mu=0.1)",patchy_high,32,3,social_perception_error,0.021333165322580644,4000,5000,20,20
pilot_v1_r0_r3_mu010,"R0 (theta=1, matched mu=0.1)",patchy_high,32,3,majority_mismatch_rate,0.0,4000,5000,20,20
pilot_v1_r0_r3_mu010,"R0 (theta=1, matched mu=0.1)",patchy_high,32,3,majority_tie_rate,0.0,4000,5000,20,20
pilot_v1_r0_r3_mu010,"R0 (theta=1, matched mu=0.1)",patchy_high,32,3,visibility_gini,0.29150390625,4000,5000,20,20
pilot_v1_r0_r3_mu010,"R0 (theta=1, matched mu=0.1)",patchy_high,32,3,low_extraction_rate,0.0140625,4000,5000,20,20
pilot_v1_r0_r3_mu010,"R0 (theta=1, matched mu=0.1)",patchy_high,64,3,social_perception_error,0.15846354166666665,4000,5000,20,20
pilot_v1_r0_r3_mu010,"R0 (theta=1, matched mu=0.1)",patchy_high,64,3,majority_mismatch_rate,0.04423748812753951,4000,5000,20,20
pilot_v1_r0_r3_mu010,"R0 (theta=1, matched mu=0.1)",patchy_high,64,3,majority_tie_rate,0.19921875,4000,5000,20,20
pilot_v1_r0_r3_mu010,"R0 (theta=1, matched mu=0.1)",patchy_high,64,3,visibility_gini,0.224591064453125,4000,5000,20,20
pilot_v1_r0_r3_mu010,"R0 (theta=1, matched mu=0.1)",patchy_high,64,3,low_extraction_rate,0.2296875,4000,5000,20,20
pilot_v1_r0_r3_mu010,"R0 (theta=1, matched mu=0.1)",split_high_low,32,3,social_perception_error,0.1384576612903226,4000,5000,20,20
pilot_v1_r0_r3_mu010,"R0 (theta=1, matched mu=0.1)",split_high_low,32,3,majority_mismatch_rate,0.0037087912087912086,4000,5000,20,20
pilot_v1_r0_r3_mu010,"R0 (theta=1, matched mu=0.1)",split_high_low,32,3,majority_tie_rate,0.0921875,4000,5000,20,20
pilot_v1_r0_r3_mu010,"R0 (theta=1, matched mu=0.1)",split_high_low,32,3,visibility_gini,0.26025390625,4000,5000,20,20
pilot_v1_r0_r3_mu010,"R0 (theta=1, matched mu=0.1)",split_high_low,32,3,low_extraction_rate,0.14375,4000,5000,20,20
pilot_v1_r0_r3_mu010,"R0 (theta=1, matched mu=0.1)",split_high_low,64,3,social_perception_error,0.1710968501984127,4000,5000,20,20
pilot_v1_r0_r3_mu010,"R0 (theta=1, matched mu=0.1)",split_high_low,64,3,majority_mismatch_rate,0.07189539148099912,4000,5000,20,20
pilot_v1_r0_r3_mu010,"R0 (theta=1, matched mu=0.1)",split_high_low,64,3,majority_tie_rate,0.2546875,4000,5000,20,20
pilot_v1_r0_r3_mu010,"R0 (theta=1, matched mu=0.1)",split_high_low,64,3,visibility_gini,0.26429443359375,4000,5000,20,20
pilot_v1_r0_r3_mu010,"R0 (theta=1, matched mu=0.1)",split_high_low,64,3,low_extraction_rate,0.30390625,4000,5000,20,20
pilot_v1_r0_r3_mu010,"R0 (theta=1, matched mu=0.1)",uniform_high,32,4,social_perception_error,0.1341733870967742,4000,5000,20,20
pilot_v1_r0_r3_mu010,"R0 (theta=1, matched mu=0.1)",uniform_high,32,4,majority_mismatch_rate,0.007422143629040182,4000,5000,20,20
pilot_v1_r0_r3_mu010,"R0 (theta=1, matched mu=0.1)",uniform_high,32,4,majority_tie_rate,0.0734375,4000,5000,20,20
pilot_v1_r0_r3_mu010,"R0 (theta=1, matched mu=0.1)",uniform_high,32,4,visibility_gini,0.22265625,4000,5000,20,20
pilot_v1_r0_r3_mu010,"R0 (theta=1, matched mu=0.1)",uniform_high,32,4,low_extraction_rate,0.128125,4000,5000,20,20
pilot_v1_r0_r3_mu010,"R0 (theta=1, matched mu=0.1)",uniform_high,64,4,social_perception_error,0.1722811259920635,4000,5000,20,20
pilot_v1_r0_r3_mu010,"R0 (theta=1, matched mu=0.1)",uniform_high,64,4,majority_mismatch_rate,0.09063558863568304,4000,5000,20,20
pilot_v1_r0_r3_mu010,"R0 (theta=1, matched mu=0.1)",uniform_high,64,4,majority_tie_rate,0.25390625,4000,5000,20,20
pilot_v1_r0_r3_mu010,"R0 (theta=1, matched mu=0.1)",uniform_high,64,4,visibility_gini,0.25897216796875,4000,5000,20,20
pilot_v1_r0_r3_mu010,"R0 (theta=1, matched mu=0.1)",uniform_high,64,4,low_extraction_rate,0.27578125,4000,5000,20,20
pilot_v1_r0_r3_mu010,"R0 (theta=1, matched mu=0.1)",patchy_high,32,4,social_perception_error,0.141960685483871,4000,5000,20,20
pilot_v1_r0_r3_mu010,"R0 (theta=1, matched mu=0.1)",patchy_high,32,4,majority_mismatch_rate,0.003337041156840934,4000,5000,20,20
pilot_v1_r0_r3_mu010,"R0 (theta=1, matched mu=0.1)",patchy_high,32,4,majority_tie_rate,0.1046875,4000,5000,20,20
pilot_v1_r0_r3_mu010,"R0 (theta=1, matched mu=0.1)",patchy_high,32,4,visibility_gini,0.223291015625,4000,5000,20,20
pilot_v1_r0_r3_mu010,"R0 (theta=1, matched mu=0.1)",patchy_high,32,4,low_extraction_rate,0.1375,4000,5000,20,20
pilot_v1_r0_r3_mu010,"R0 (theta=1, matched mu=0.1)",patchy_high,64,4,social_perception_error,0.1703466021825397,4000,5000,20,20
pilot_v1_r0_r3_mu010,"R0 (theta=1, matched mu=0.1)",patchy_high,64,4,majority_mismatch_rate,0.0749604056343569,4000,5000,20,20
pilot_v1_r0_r3_mu010,"R0 (theta=1, matched mu=0.1)",patchy_high,64,4,majority_tie_rate,0.21875,4000,5000,20,20
pilot_v1_r0_r3_mu010,"R0 (theta=1, matched mu=0.1)",patchy_high,64,4,visibility_gini,0.26094970703125,4000,5000,20,20
pilot_v1_r0_r3_mu010,"R0 (theta=1, matched mu=0.1)",patchy_high,64,4,low_extraction_rate,0.246875,4000,5000,20,20
pilot_v1_r0_r3_mu010,"R0 (theta=1, matched mu=0.1)",split_high_low,32,4,social_perception_error,0.1349798387096774,4000,5000,20,20
pilot_v1_r0_r3_mu010,"R0 (theta=1, matched mu=0.1)",split_high_low,32,4,majority_mismatch_rate,0.014146426290822842,4000,5000,20,20
pilot_v1_r0_r3_mu010,"R0 (theta=1, matched mu=0.1)",split_high_low,32,4,majority_tie_rate,0.0671875,4000,5000,20,20
pilot_v1_r0_r3_mu010,"R0 (theta=1, matched mu=0.1)",split_high_low,32,4,visibility_gini,0.228271484375,4000,5000,20,20
pilot_v1_r0_r3_mu010,"R0 (theta=1, matched mu=0.1)",split_high_low,32,4,low_extraction_rate,0.1375,4000,5000,20,20
pilot_v1_r0_r3_mu010,"R0 (theta=1, matched mu=0.1)",split_high_low,64,4,social_perception_error,0.18684895833333331,4000,5000,20,20
pilot_v1_r0_r3_mu010,"R0 (theta=1, matched mu=0.1)",split_high_low,64,4,majority_mismatch_rate,0.10668657086823777,4000,5000,20,20
pilot_v1_r0_r3_mu010,"R0 (theta=1, matched mu=0.1)",split_high_low,64,4,majority_tie_rate,0.23359375,4000,5000,20,20
pilot_v1_r0_r3_mu010,"R0 (theta=1, matched mu=0.1)",split_high_low,64,4,visibility_gini,0.296295166015625,4000,5000,20,20
pilot_v1_r0_r3_mu010,"R0 (theta=1, matched mu=0.1)",split_high_low,64,4,low_extraction_rate,0.26328125,4000,5000,20,20
pilot_v1_r0_r3_mu010,"R0 (theta=1, matched mu=0.1)",uniform_high,32,5,social_perception_error,0.05890877016129033,4000,5000,20,20
pilot_v1_r0_r3_mu010,"R0 (theta=1, matched mu=0.1)",uniform_high,32,5,majority_mismatch_rate,0.0,4000,5000,20,20
pilot_v1_r0_r3_mu010,"R0 (theta=1, matched mu=0.1)",uniform_high,32,5,majority_tie_rate,0.00625,4000,5000,20,20
pilot_v1_r0_r3_mu010,"R0 (theta=1, matched mu=0.1)",uniform_high,32,5,visibility_gini,0.28857421875,4000,5000,20,20
pilot_v1_r0_r3_mu010,"R0 (theta=1, matched mu=0.1)",uniform_high,32,5,low_extraction_rate,0.0375,4000,5000,20,20
pilot_v1_r0_r3_mu010,"R0 (theta=1, matched mu=0.1)",uniform_high,64,5,social_perception_error,0.15985863095238098,4000,5000,20,20
pilot_v1_r0_r3_mu010,"R0 (theta=1, matched mu=0.1)",uniform_high,64,5,majority_mismatch_rate,0.03590919914200112,4000,5000,20,20
pilot_v1_r0_r3_mu010,"R0 (theta=1, matched mu=0.1)",uniform_high,64,5,majority_tie_rate,0.1703125,4000,5000,20,20
pilot_v1_r0_r3_mu010,"R0 (theta=1, matched mu=0.1)",uniform_high,64,5,visibility_gini,0.22940673828125,4000,5000,20,20
pilot_v1_r0_r3_mu010,"R0 (theta=1, matched mu=0.1)",uniform_high,64,5,low_extraction_rate,0.215625,4000,5000,20,20
pilot_v1_r0_r3_mu010,"R0 (theta=1, matched mu=0.1)",patchy_high,32,5,social_perception_error,0.07294606854838707,4000,5000,20,20
pilot_v1_r0_r3_mu010,"R0 (theta=1, matched mu=0.1)",patchy_high,32,5,majority_mismatch_rate,0.0,4000,5000,20,20
pilot_v1_r0_r3_mu010,"R0 (theta=1, matched mu=0.1)",patchy_high,32,5,majority_tie_rate,0.0140625,4000,5000,20,20
pilot_v1_r0_r3_mu010,"R0 (theta=1, matched mu=0.1)",patchy_high,32,5,visibility_gini,0.302734375,4000,5000,20,20
pilot_v1_r0_r3_mu010,"R0 (theta=1, matched mu=0.1)",patchy_high,32,5,low_extraction_rate,0.04375,4000,5000,20,20
pilot_v1_r0_r3_mu010,"R0 (theta=1, matched mu=0.1)",patchy_high,64,5,social_perception_error,0.15539434523809526,4000,5000,20,20
pilot_v1_r0_r3_mu010,"R0 (theta=1, matched mu=0.1)",patchy_high,64,5,majority_mismatch_rate,0.029088257879288038,4000,5000,20,20
pilot_v1_r0_r3_mu010,"R0 (theta=1, matched mu=0.1)",patchy_high,64,5,majority_tie_rate,0.15,4000,5000,20,20
pilot_v1_r0_r3_mu010,"R0 (theta=1, matched mu=0.1)",patchy_high,64,5,visibility_gini,0.256219482421875,4000,5000,20,20
pilot_v1_r0_r3_mu010,"R0 (theta=1, matched mu=0.1)",patchy_high,64,5,low_extraction_rate,0.2171875,4000,5000,20,20
pilot_v1_r0_r3_mu010,"R0 (theta=1, matched mu=0.1)",split_high_low,32,5,social_perception_error,0.12878024193548382,4000,5000,20,20
pilot_v1_r0_r3_mu010,"R0 (theta=1, matched mu=0.1)",split_high_low,32,5,majority_mismatch_rate,0.0034523809523809524,4000,5000,20,20
pilot_v1_r0_r3_mu010,"R0 (theta=1, matched mu=0.1)",split_high_low,32,5,majority_tie_rate,0.0765625,4000,5000,20,20
pilot_v1_r0_r3_mu010,"R0 (theta=1, matched mu=0.1)",split_high_low,32,5,visibility_gini,0.264990234375,4000,5000,20,20
pilot_v1_r0_r3_mu010,"R0 (theta=1, matched mu=0.1)",split_high_low,32,5,low_extraction_rate,0.1484375,4000,5000,20,20
pilot_v1_r0_r3_mu010,"R0 (theta=1, matched mu=0.1)",split_high_low,64,5,social_perception_error,0.16692088293650792,4000,5000,20,20
pilot_v1_r0_r3_mu010,"R0 (theta=1, matched mu=0.1)",split_high_low,64,5,majority_mismatch_rate,0.06273932158165992,4000,5000,20,20
pilot_v1_r0_r3_mu010,"R0 (theta=1, matched mu=0.1)",split_high_low,64,5,majority_tie_rate,0.20625,4000,5000,20,20
pilot_v1_r0_r3_mu010,"R0 (theta=1, matched mu=0.1)",split_high_low,64,5,visibility_gini,0.219952392578125,4000,5000,20,20
pilot_v1_r0_r3_mu010,"R0 (theta=1, matched mu=0.1)",split_high_low,64,5,low_extraction_rate,0.228125,4000,5000,20,20
pilot_v1_r0_r3_mu010,"R0 (theta=1, matched mu=0.1)",uniform_high,32,6,social_perception_error,0.13353074596774192,4000,5000,20,20
pilot_v1_r0_r3_mu010,"R0 (theta=1, matched mu=0.1)",uniform_high,32,6,majority_mismatch_rate,0.005357142857142857,4000,5000,20,20
pilot_v1_r0_r3_mu010,"R0 (theta=1, matched mu=0.1)",uniform_high,32,6,majority_tie_rate,0.0796875,4000,5000,20,20
pilot_v1_r0_r3_mu010,"R0 (theta=1, matched mu=0.1)",uniform_high,32,6,visibility_gini,0.27158203125,4000,5000,20,20
pilot_v1_r0_r3_mu010,"R0 (theta=1, matched mu=0.1)",uniform_high,32,6,low_extraction_rate,0.10625,4000,5000,20,20
pilot_v1_r0_r3_mu010,"R0 (theta=1, matched mu=0.1)",uniform_high,64,6,social_perception_error,0.1775452628968254,4000,5000,20,20
pilot_v1_r0_r3_mu010,"R0 (theta=1, matched mu=0.1)",uniform_high,64,6,majority_mismatch_rate,0.1218398994980614,4000,5000,20,20
pilot_v1_r0_r3_mu010,"R0 (theta=1, matched mu=0.1)",uniform_high,64,6,majority_tie_rate,0.27734375,4000,5000,20,20
pilot_v1_r0_r3_mu010,"R0 (theta=1, matched mu=0.1)",uniform_high,64,6,visibility_gini,0.276593017578125,4000,5000,20,20
pilot_v1_r0_r3_mu010,"R0 (theta=1, matched mu=0.1)",uniform_high,64,6,low_extraction_rate,0.31953125,4000,5000,20,20
pilot_v1_r0_r3_mu010,"R0 (theta=1, matched mu=0.1)",patchy_high,32,6,social_perception_error,0.11875,4000,5000,20,20
pilot_v1_r0_r3_mu010,"R0 (theta=1, matched mu=0.1)",patchy_high,32,6,majority_mismatch_rate,0.0,4000,5000,20,20
pilot_v1_r0_r3_mu010,"R0 (theta=1, matched mu=0.1)",patchy_high,32,6,majority_tie_rate,0.040625,4000,5000,20,20
pilot_v1_r0_r3_mu010,"R0 (theta=1, matched mu=0.1)",patchy_high,32,6,visibility_gini,0.248486328125,4000,5000,20,20
pilot_v1_r0_r3_mu010,"R0 (theta=1, matched mu=0.1)",patchy_high,32,6,low_extraction_rate,0.0921875,4000,5000,20,20
pilot_v1_r0_r3_mu010,"R0 (theta=1, matched mu=0.1)",patchy_high,64,6,social_perception_error,0.1853608630952381,4000,5000,20,20
pilot_v1_r0_r3_mu010,"R0 (theta=1, matched mu=0.1)",patchy_high,64,6,majority_mismatch_rate,0.13673305998420926,4000,5000,20,20
pilot_v1_r0_r3_mu010,"R0 (theta=1, matched mu=0.1)",patchy_high,64,6,majority_tie_rate,0.27578125,4000,5000,20,20
pilot_v1_r0_r3_mu010,"R0 (theta=1, matched mu=0.1)",patchy_high,64,6,visibility_gini,0.244036865234375,4000,5000,20,20
pilot_v1_r0_r3_mu010,"R0 (theta=1, matched mu=0.1)",patchy_high,64,6,low_extraction_rate,0.3296875,4000,5000,20,20
pilot_v1_r0_r3_mu010,"R0 (theta=1, matched mu=0.1)",split_high_low,32,6,social_perception_error,0.1302671370967742,4000,5000,20,20
pilot_v1_r0_r3_mu010,"R0 (theta=1, matched mu=0.1)",split_high_low,32,6,majority_mismatch_rate,0.0034523809523809524,4000,5000,20,20
pilot_v1_r0_r3_mu010,"R0 (theta=1, matched mu=0.1)",split_high_low,32,6,majority_tie_rate,0.0609375,4000,5000,20,20
pilot_v1_r0_r3_mu010,"R0 (theta=1, matched mu=0.1)",split_high_low,32,6,visibility_gini,0.25087890625,4000,5000,20,20
pilot_v1_r0_r3_mu010,"R0 (theta=1, matched mu=0.1)",split_high_low,32,6,low_extraction_rate,0.1109375,4000,5000,20,20
pilot_v1_r0_r3_mu010,"R0 (theta=1, matched mu=0.1)",split_high_low,64,6,social_perception_error,0.19506138392857142,4000,5000,20,20
pilot_v1_r0_r3_mu010,"R0 (theta=1, matched mu=0.1)",split_high_low,64,6,majority_mismatch_rate,0.19862717265104726,4000,5000,20,20
pilot_v1_r0_r3_mu010,"R0 (theta=1, matched mu=0.1)",split_high_low,64,6,majority_tie_rate,0.3171875,4000,5000,20,20
pilot_v1_r0_r3_mu010,"R0 (theta=1, matched mu=0.1)",split_high_low,64,6,visibility_gini,0.248956298828125,4000,5000,20,20
pilot_v1_r0_r3_mu010,"R0 (theta=1, matched mu=0.1)",split_high_low,64,6,low_extraction_rate,0.36875,4000,5000,20,20
pilot_v1_r0_r3_mu010,"R0 (theta=1, matched mu=0.1)",uniform_high,32,7,social_perception_error,0.06740171370967742,4000,5000,20,20
pilot_v1_r0_r3_mu010,"R0 (theta=1, matched mu=0.1)",uniform_high,32,7,majority_mismatch_rate,0.0,4000,5000,20,20
pilot_v1_r0_r3_mu010,"R0 (theta=1, matched mu=0.1)",uniform_high,32,7,majority_tie_rate,0.0109375,4000,5000,20,20
pilot_v1_r0_r3_mu010,"R0 (theta=1, matched mu=0.1)",uniform_high,32,7,visibility_gini,0.227294921875,4000,5000,20,20
pilot_v1_r0_r3_mu010,"R0 (theta=1, matched mu=0.1)",uniform_high,32,7,low_extraction_rate,0.0453125,4000,5000,20,20
pilot_v1_r0_r3_mu010,"R0 (theta=1, matched mu=0.1)",uniform_high,64,7,social_perception_error,0.15833023313492062,4000,5000,20,20
pilot_v1_r0_r3_mu010,"R0 (theta=1, matched mu=0.1)",uniform_high,64,7,majority_mismatch_rate,0.04727740285522011,4000,5000,20,20
pilot_v1_r0_r3_mu010,"R0 (theta=1, matched mu=0.1)",uniform_high,64,7,majority_tie_rate,0.19921875,4000,5000,20,20
pilot_v1_r0_r3_mu010,"R0 (theta=1, matched mu=0.1)",uniform_high,64,7,visibility_gini,0.2559326171875,4000,5000,20,20
pilot_v1_r0_r3_mu010,"R0 (theta=1, matched mu=0.1)",uniform_high,64,7,low_extraction_rate,0.23125,4000,5000,20,20
pilot_v1_r0_r3_mu010,"R0 (theta=1, matched mu=0.1)",patchy_high,32,7,social_perception_error,0.06752772177419356,4000,5000,20,20
pilot_v1_r0_r3_mu010,"R0 (theta=1, matched mu=0.1)",patchy_high,32,7,majority_mismatch_rate,0.0,4000,5000,20,20
pilot_v1_r0_r3_mu010,"R0 (theta=1, matched mu=0.1)",patchy_high,32,7,majority_tie_rate,0.0171875,4000,5000,20,20
pilot_v1_r0_r3_mu010,"R0 (theta=1, matched mu=0.1)",patchy_high,32,7,visibility_gini,0.24853515625,4000,5000,20,20
pilot_v1_r0_r3_mu010,"R0 (theta=1, matched mu=0.1)",patchy_high,32,7,low_extraction_rate,0.05,4000,5000,20,20
pilot_v1_r0_r3_mu010,"R0 (theta=1, matched mu=0.1)",patchy_high,64,7,social_perception_error,0.15685453869047616,4000,5000,20,20
pilot_v1_r0_r3_mu010,"R0 (theta=1, matched mu=0.1)",patchy_high,64,7,majority_mismatch_rate,0.06113203898563317,4000,5000,20,20
pilot_v1_r0_r3_mu010,"R0 (theta=1, matched mu=0.1)",patchy_high,64,7,majority_tie_rate,0.2109375,4000,5000,20,20
pilot_v1_r0_r3_mu010,"R0 (theta=1, matched mu=0.1)",patchy_high,64,7,visibility_gini,0.251763916015625,4000,5000,20,20
pilot_v1_r0_r3_mu010,"R0 (theta=1, matched mu=0.1)",patchy_high,64,7,low_extraction_rate,0.234375,4000,5000,20,20
pilot_v1_r0_r3_mu010,"R0 (theta=1, matched mu=0.1)",split_high_low,32,7,social_perception_error,0.1658266129032258,4000,5000,20,20
pilot_v1_r0_r3_mu010,"R0 (theta=1, matched mu=0.1)",split_high_low,32,7,majority_mismatch_rate,0.05052006422696078,4000,5000,20,20
pilot_v1_r0_r3_mu010,"R0 (theta=1, matched mu=0.1)",split_high_low,32,7,majority_tie_rate,0.2109375,4000,5000,20,20
pilot_v1_r0_r3_mu010,"R0 (theta=1, matched mu=0.1)",split_high_low,32,7,visibility_gini,0.2397216796875,4000,5000,20,20
pilot_v1_r0_r3_mu010,"R0 (theta=1, matched mu=0.1)",split_high_low,32,7,low_extraction_rate,0.2421875,4000,5000,20,20
pilot_v1_r0_r3_mu010,"R0 (theta=1, matched mu=0.1)",split_high_low,64,7,social_perception_error,0.16764942956349205,4000,5000,20,20
pilot_v1_r0_r3_mu010,"R0 (theta=1, matched mu=0.1)",split_high_low,64,7,majority_mismatch_rate,0.055805155969368345,4000,5000,20,20
pilot_v1_r0_r3_mu010,"R0 (theta=1, matched mu=0.1)",split_high_low,64,7,majority_tie_rate,0.203125,4000,5000,20,20
pilot_v1_r0_r3_mu010,"R0 (theta=1, matched mu=0.1)",split_high_low,64,7,visibility_gini,0.23350830078125,4000,5000,20,20
pilot_v1_r0_r3_mu010,"R0 (theta=1, matched mu=0.1)",split_high_low,64,7,low_extraction_rate,0.234375,4000,5000,20,20
pilot_v1_r0_r3_mu010,"R0 (theta=1, matched mu=0.1)",uniform_high,32,8,social_perception_error,0.14038558467741938,4000,5000,20,20
pilot_v1_r0_r3_mu010,"R0 (theta=1, matched mu=0.1)",uniform_high,32,8,majority_mismatch_rate,0.0,4000,5000,20,20
pilot_v1_r0_r3_mu010,"R0 (theta=1, matched mu=0.1)",uniform_high,32,8,majority_tie_rate,0.1078125,4000,5000,20,20
pilot_v1_r0_r3_mu010,"R0 (theta=1, matched mu=0.1)",uniform_high,32,8,visibility_gini,0.2459228515625,4000,5000,20,20
pilot_v1_r0_r3_mu010,"R0 (theta=1, matched mu=0.1)",uniform_high,32,8,low_extraction_rate,0.159375,4000,5000,20,20
pilot_v1_r0_r3_mu010,"R0 (theta=1, matched mu=0.1)",uniform_high,64,8,social_perception_error,0.19207589285714285,4000,5000,20,20
pilot_v1_r0_r3_mu010,"R0 (theta=1, matched mu=0.1)",uniform_high,64,8,majority_mismatch_rate,0.3038079666548269,4000,5000,20,20
pilot_v1_r0_r3_mu010,"R0 (theta=1, matched mu=0.1)",uniform_high,64,8,majority_tie_rate,0.36328125,4000,5000,20,20
pilot_v1_r0_r3_mu010,"R0 (theta=1, matched mu=0.1)",uniform_high,64,8,visibility_gini,0.260113525390625,4000,5000,20,20
pilot_v1_r0_r3_mu010,"R0 (theta=1, matched mu=0.1)",uniform_high,64,8,low_extraction_rate,0.42578125,4000,5000,20,20
pilot_v1_r0_r3_mu010,"R0 (theta=1, matched mu=0.1)",patchy_high,32,8,social_perception_error,0.1467741935483871,4000,5000,20,20
pilot_v1_r0_r3_mu010,"R0 (theta=1, matched mu=0.1)",patchy_high,32,8,majority_mismatch_rate,0.011643392589419575,4000,5000,20,20
pilot_v1_r0_r3_mu010,"R0 (theta=1, matched mu=0.1)",patchy_high,32,8,majority_tie_rate,0.1203125,4000,5000,20,20
pilot_v1_r0_r3_mu010,"R0 (theta=1, matched mu=0.1)",patchy_high,32,8,visibility_gini,0.3025634765625,4000,5000,20,20
pilot_v1_r0_r3_mu010,"R0 (theta=1, matched mu=0.1)",patchy_high,32,8,low_extraction_rate,0.1671875,4000,5000,20,20
pilot_v1_r0_r3_mu010,"R0 (theta=1, matched mu=0.1)",patchy_high,64,8,social_perception_error,0.19513888888888892,4000,5000,20,20
pilot_v1_r0_r3_mu010,"R0 (theta=1, matched mu=0.1)",patchy_high,64,8,majority_mismatch_rate,0.2955634340475851,4000,5000,20,20
pilot_v1_r0_r3_mu010,"R0 (theta=1, matched mu=0.1)",patchy_high,64,8,majority_tie_rate,0.35234375,4000,5000,20,20
pilot_v1_r0_r3_mu010,"R0 (theta=1, matched mu=0.1)",patchy_high,64,8,visibility_gini,0.2700439453125,4000,5000,20,20
pilot_v1_r0_r3_mu010,"R0 (theta=1, matched mu=0.1)",patchy_high,64,8,low_extraction_rate,0.4171875,4000,5000,20,20
pilot_v1_r0_r3_mu010,"R0 (theta=1, matched mu=0.1)",split_high_low,32,8,social_perception_error,0.15438508064516127,4000,5000,20,20
pilot_v1_r0_r3_mu010,"R0 (theta=1, matched mu=0.1)",split_high_low,32,8,majority_mismatch_rate,0.05544808812257325,4000,5000,20,20
pilot_v1_r0_r3_mu010,"R0 (theta=1, matched mu=0.1)",split_high_low,32,8,majority_tie_rate,0.2125,4000,5000,20,20
pilot_v1_r0_r3_mu010,"R0 (theta=1, matched mu=0.1)",split_high_low,32,8,visibility_gini,0.238916015625,4000,5000,20,20
pilot_v1_r0_r3_mu010,"R0 (theta=1, matched mu=0.1)",split_high_low,32,8,low_extraction_rate,0.2640625,4000,5000,20,20
pilot_v1_r0_r3_mu010,"R0 (theta=1, matched mu=0.1)",split_high_low,64,8,social_perception_error,0.19247891865079367,4000,5000,20,20
pilot_v1_r0_r3_mu010,"R0 (theta=1, matched mu=0.1)",split_high_low,64,8,majority_mismatch_rate,0.22688476676736116,4000,5000,20,20
pilot_v1_r0_r3_mu010,"R0 (theta=1, matched mu=0.1)",split_high_low,64,8,majority_tie_rate,0.33671875,4000,5000,20,20
pilot_v1_r0_r3_mu010,"R0 (theta=1, matched mu=0.1)",split_high_low,64,8,visibility_gini,0.295574951171875,4000,5000,20,20
pilot_v1_r0_r3_mu010,"R0 (theta=1, matched mu=0.1)",split_high_low,64,8,low_extraction_rate,0.36953125,4000,5000,20,20
pilot_v1_r0_r3_mu010,"R0 (theta=1, matched mu=0.1)",uniform_high,32,9,social_perception_error,0.1231350806451613,4000,5000,20,20
pilot_v1_r0_r3_mu010,"R0 (theta=1, matched mu=0.1)",uniform_high,32,9,majority_mismatch_rate,0.0016129032258064516,4000,5000,20,20
pilot_v1_r0_r3_mu010,"R0 (theta=1, matched mu=0.1)",uniform_high,32,9,majority_tie_rate,0.04375,4000,5000,20,20
pilot_v1_r0_r3_mu010,"R0 (theta=1, matched mu=0.1)",uniform_high,32,9,visibility_gini,0.28662109375,4000,5000,20,20
pilot_v1_r0_r3_mu010,"R0 (theta=1, matched mu=0.1)",uniform_high,32,9,low_extraction_rate,0.1109375,4000,5000,20,20
pilot_v1_r0_r3_mu010,"R0 (theta=1, matched mu=0.1)",uniform_high,64,9,social_perception_error,0.14618675595238093,4000,5000,20,20
pilot_v1_r0_r3_mu010,"R0 (theta=1, matched mu=0.1)",uniform_high,64,9,majority_mismatch_rate,0.010719445993946902,4000,5000,20,20
pilot_v1_r0_r3_mu010,"R0 (theta=1, matched mu=0.1)",uniform_high,64,9,majority_tie_rate,0.10625,4000,5000,20,20
pilot_v1_r0_r3_mu010,"R0 (theta=1, matched mu=0.1)",uniform_high,64,9,visibility_gini,0.264117431640625,4000,5000,20,20
pilot_v1_r0_r3_mu010,"R0 (theta=1, matched mu=0.1)",uniform_high,64,9,low_extraction_rate,0.18671875,4000,5000,20,20
pilot_v1_r0_r3_mu010,"R0 (theta=1, matched mu=0.1)",patchy_high,32,9,social_perception_error,0.1255796370967742,4000,5000,20,20
pilot_v1_r0_r3_mu010,"R0 (theta=1, matched mu=0.1)",patchy_high,32,9,majority_mismatch_rate,0.0035897435897435893,4000,5000,20,20
pilot_v1_r0_r3_mu010,"R0 (theta=1, matched mu=0.1)",patchy_high,32,9,majority_tie_rate,0.0484375,4000,5000,20,20
pilot_v1_r0_r3_mu010,"R0 (theta=1, matched mu=0.1)",patchy_high,32,9,visibility_gini,0.24697265625,4000,5000,20,20
pilot_v1_r0_r3_mu010,"R0 (theta=1, matched mu=0.1)",patchy_high,32,9,low_extraction_rate,0.10625,4000,5000,20,20
pilot_v1_r0_r3_mu010,"R0 (theta=1, matched mu=0.1)",patchy_high,64,9,social_perception_error,0.15698474702380952,4000,5000,20,20
pilot_v1_r0_r3_mu010,"R0 (theta=1, matched mu=0.1)",patchy_high,64,9,majority_mismatch_rate,0.033346268876698414,4000,5000,20,20
pilot_v1_r0_r3_mu010,"R0 (theta=1, matched mu=0.1)",patchy_high,64,9,majority_tie_rate,0.1765625,4000,5000,20,20
pilot_v1_r0_r3_mu010,"R0 (theta=1, matched mu=0.1)",patchy_high,64,9,visibility_gini,0.292681884765625,4000,5000,20,20
pilot_v1_r0_r3_mu010,"R0 (theta=1, matched mu=0.1)",patchy_high,64,9,low_extraction_rate,0.21171875,4000,5000,20,20
pilot_v1_r0_r3_mu010,"R0 (theta=1, matched mu=0.1)",split_high_low,32,9,social_perception_error,0.15081905241935484,4000,5000,20,20
pilot_v1_r0_r3_mu010,"R0 (theta=1, matched mu=0.1)",split_high_low,32,9,majority_mismatch_rate,0.019999535488665923,4000,5000,20,20
pilot_v1_r0_r3_mu010,"R0 (theta=1, matched mu=0.1)",split_high_low,32,9,majority_tie_rate,0.1390625,4000,5000,20,20
pilot_v1_r0_r3_mu010,"R0 (theta=1, matched mu=0.1)",split_high_low,32,9,visibility_gini,0.278466796875,4000,5000,20,20
pilot_v1_r0_r3_mu010,"R0 (theta=1, matched mu=0.1)",split_high_low,32,9,low_extraction_rate,0.16875,4000,5000,20,20
pilot_v1_r0_r3_mu010,"R0 (theta=1, matched mu=0.1)",split_high_low,64,9,social_perception_error,0.15303509424603173,4000,5000,20,20
pilot_v1_r0_r3_mu010,"R0 (theta=1, matched mu=0.1)",split_high_low,64,9,majority_mismatch_rate,0.013261781511229597,4000,5000,20,20
pilot_v1_r0_r3_mu010,"R0 (theta=1, matched mu=0.1)",split_high_low,64,9,majority_tie_rate,0.1484375,4000,5000,20,20
pilot_v1_r0_r3_mu010,"R0 (theta=1, matched mu=0.1)",split_high_low,64,9,visibility_gini,0.238525390625,4000,5000,20,20
pilot_v1_r0_r3_mu010,"R0 (theta=1, matched mu=0.1)",split_high_low,64,9,low_extraction_rate,0.19140625,4000,5000,20,20
pilot_v1_r1_mu010,R1,uniform_high,32,0,social_perception_error,0.0805695564516129,4000,5000,20,20
pilot_v1_r1_mu010,R1,uniform_high,32,0,majority_mismatch_rate,0.0,4000,5000,20,20
pilot_v1_r1_mu010,R1,uniform_high,32,0,majority_tie_rate,0.0140625,4000,5000,20,20
pilot_v1_r1_mu010,R1,uniform_high,32,0,visibility_gini,0.2661865234375,4000,5000,20,20
pilot_v1_r1_mu010,R1,uniform_high,32,0,low_extraction_rate,0.053125,4000,5000,20,20
pilot_v1_r1_mu010,R1,uniform_high,64,0,social_perception_error,0.17155567956349208,4000,5000,20,20
pilot_v1_r1_mu010,R1,uniform_high,64,0,majority_mismatch_rate,0.06772192599327848,4000,5000,20,20
pilot_v1_r1_mu010,R1,uniform_high,64,0,majority_tie_rate,0.2015625,4000,5000,20,20
pilot_v1_r1_mu010,R1,uniform_high,64,0,visibility_gini,0.382867431640625,4000,5000,20,20
pilot_v1_r1_mu010,R1,uniform_high,64,0,low_extraction_rate,0.2484375,4000,5000,20,20
pilot_v1_r1_mu010,R1,patchy_high,32,0,social_perception_error,0.05835433467741935,4000,5000,20,20
pilot_v1_r1_mu010,R1,patchy_high,32,0,majority_mismatch_rate,0.0,4000,5000,20,20
pilot_v1_r1_mu010,R1,patchy_high,32,0,majority_tie_rate,0.0046875,4000,5000,20,20
pilot_v1_r1_mu010,R1,patchy_high,32,0,visibility_gini,0.23388671875,4000,5000,20,20
pilot_v1_r1_mu010,R1,patchy_high,32,0,low_extraction_rate,0.0375,4000,5000,20,20
pilot_v1_r1_mu010,R1,patchy_high,64,0,social_perception_error,0.173211185515873,4000,5000,20,20
pilot_v1_r1_mu010,R1,patchy_high,64,0,majority_mismatch_rate,0.09345662102417941,4000,5000,20,20
pilot_v1_r1_mu010,R1,patchy_high,64,0,majority_tie_rate,0.22890625,4000,5000,20,20
pilot_v1_r1_mu010,R1,patchy_high,64,0,visibility_gini,0.394384765625,4000,5000,20,20
pilot_v1_r1_mu010,R1,patchy_high,64,0,low_extraction_rate,0.2734375,4000,5000,20,20
pilot_v1_r1_mu010,R1,split_high_low,32,0,social_perception_error,0.1297505040322581,4000,5000,20,20
pilot_v1_r1_mu010,R1,split_high_low,32,0,majority_mismatch_rate,0.0016129032258064516,4000,5000,20,20
pilot_v1_r1_mu010,R1,split_high_low,32,0,majority_tie_rate,0.040625,4000,5000,20,20
pilot_v1_r1_mu010,R1,split_high_low,32,0,visibility_gini,0.2517333984375,4000,5000,20,20
pilot_v1_r1_mu010,R1,split_high_low,32,0,low_extraction_rate,0.1453125,4000,5000,20,20
pilot_v1_r1_mu010,R1,split_high_low,64,0,social_perception_error,0.15752108134920637,4000,5000,20,20
pilot_v1_r1_mu010,R1,split_high_low,64,0,majority_mismatch_rate,0.02810098860670532,4000,5000,20,20
pilot_v1_r1_mu010,R1,split_high_low,64,0,majority_tie_rate,0.14140625,4000,5000,20,20
pilot_v1_r1_mu010,R1,split_high_low,64,0,visibility_gini,0.441986083984375,4000,5000,20,20
pilot_v1_r1_mu010,R1,split_high_low,64,0,low_extraction_rate,0.2546875,4000,5000,20,20
pilot_v1_r1_mu010,R1,uniform_high,32,1,social_perception_error,0.07191280241935484,4000,5000,20,20
pilot_v1_r1_mu010,R1,uniform_high,32,1,majority_mismatch_rate,0.0,4000,5000,20,20
pilot_v1_r1_mu010,R1,uniform_high,32,1,majority_tie_rate,0.0015625,4000,5000,20,20
pilot_v1_r1_mu010,R1,uniform_high,32,1,visibility_gini,0.2431640625,4000,5000,20,20
pilot_v1_r1_mu010,R1,uniform_high,32,1,low_extraction_rate,0.0515625,4000,5000,20,20
pilot_v1_r1_mu010,R1,uniform_high,64,1,social_perception_error,0.18052455357142855,4000,5000,20,20
pilot_v1_r1_mu010,R1,uniform_high,64,1,majority_mismatch_rate,0.13250601248697774,4000,5000,20,20
pilot_v1_r1_mu010,R1,uniform_high,64,1,majority_tie_rate,0.26328125,4000,5000,20,20
pilot_v1_r1_mu010,R1,uniform_high,64,1,visibility_gini,0.435076904296875,4000,5000,20,20
pilot_v1_r1_mu010,R1,uniform_high,64,1,low_extraction_rate,0.3171875,4000,5000,20,20
pilot_v1_r1_mu010,R1,patchy_high,32,1,social_perception_error,0.07665070564516129,4000,5000,20,20
pilot_v1_r1_mu010,R1,patchy_high,32,1,majority_mismatch_rate,0.0,4000,5000,20,20
pilot_v1_r1_mu010,R1,patchy_high,32,1,majority_tie_rate,0.0046875,4000,5000,20,20
pilot_v1_r1_mu010,R1,patchy_high,32,1,visibility_gini,0.2490234375,4000,5000,20,20
pilot_v1_r1_mu010,R1,patchy_high,32,1,low_extraction_rate,0.05625,4000,5000,20,20
pilot_v1_r1_mu010,R1,patchy_high,64,1,social_perception_error,0.16694258432539683,4000,5000,20,20
pilot_v1_r1_mu010,R1,patchy_high,64,1,majority_mismatch_rate,0.05880598483447428,4000,5000,20,20
pilot_v1_r1_mu010,R1,patchy_high,64,1,majority_tie_rate,0.2046875,4000,5000,20,20
pilot_v1_r1_mu010,R1,patchy_high,64,1,visibility_gini,0.443988037109375,4000,5000,20,20
pilot_v1_r1_mu010,R1,patchy_high,64,1,low_extraction_rate,0.296875,4000,5000,20,20
pilot_v1_r1_mu010,R1,split_high_low,32,1,social_perception_error,0.05564516129032258,4000,5000,20,20
pilot_v1_r1_mu010,R1,split_high_low,32,1,majority_mismatch_rate,0.0,4000,5000,20,20
pilot_v1_r1_mu010,R1,split_high_low,32,1,majority_tie_rate,0.0,4000,5000,20,20
pilot_v1_r1_mu010,R1,split_high_low,32,1,visibility_gini,0.2607421875,4000,5000,20,20
pilot_v1_r1_mu010,R1,split_high_low,32,1,low_extraction_rate,0.0375,4000,5000,20,20
pilot_v1_r1_mu010,R1,split_high_low,64,1,social_perception_error,0.16108320932539683,4000,5000,20,20
pilot_v1_r1_mu010,R1,split_high_low,64,1,majority_mismatch_rate,0.0573225824101386,4000,5000,20,20
pilot_v1_r1_mu010,R1,split_high_low,64,1,majority_tie_rate,0.18359375,4000,5000,20,20
pilot_v1_r1_mu010,R1,split_high_low,64,1,visibility_gini,0.371868896484375,4000,5000,20,20
pilot_v1_r1_mu010,R1,split_high_low,64,1,low_extraction_rate,0.23671875,4000,5000,20,20
pilot_v1_r1_mu010,R1,uniform_high,32,2,social_perception_error,0.015448588709677418,4000,5000,20,20
pilot_v1_r1_mu010,R1,uniform_high,32,2,majority_mismatch_rate,0.0,4000,5000,20,20
pilot_v1_r1_mu010,R1,uniform_high,32,2,majority_tie_rate,0.0,4000,5000,20,20
pilot_v1_r1_mu010,R1,uniform_high,32,2,visibility_gini,0.35009765625,4000,5000,20,20
pilot_v1_r1_mu010,R1,uniform_high,32,2,low_extraction_rate,0.009375,4000,5000,20,20
pilot_v1_r1_mu010,R1,uniform_high,64,2,social_perception_error,0.16598772321428573,4000,5000,20,20
pilot_v1_r1_mu010,R1,uniform_high,64,2,majority_mismatch_rate,0.10468504335598601,4000,5000,20,20
pilot_v1_r1_mu010,R1,uniform_high,64,2,majority_tie_rate,0.253125,4000,5000,20,20
pilot_v1_r1_mu010,R1,uniform_high,64,2,visibility_gini,0.402777099609375,4000,5000,20,20
pilot_v1_r1_mu010,R1,uniform_high,64,2,low_extraction_rate,0.28046875,4000,5000,20,20
pilot_v1_r1_mu010,R1,patchy_high,32,2,social_perception_error,0.015738407258064517,4000,5000,20,20
pilot_v1_r1_mu010,R1,patchy_high,32,2,majority_mismatch_rate,0.0,4000,5000,20,20
pilot_v1_r1_mu010,R1,patchy_high,32,2,majority_tie_rate,0.0,4000,5000,20,20
pilot_v1_r1_mu010,R1,patchy_high,32,2,visibility_gini,0.34130859375,4000,5000,20,20
pilot_v1_r1_mu010,R1,patchy_high,32,2,low_extraction_rate,0.009375,4000,5000,20,20
pilot_v1_r1_mu010,R1,patchy_high,64,2,social_perception_error,0.17316158234126983,4000,5000,20,20
pilot_v1_r1_mu010,R1,patchy_high,64,2,majority_mismatch_rate,0.06643911967329216,4000,5000,20,20
pilot_v1_r1_mu010,R1,patchy_high,64,2,majority_tie_rate,0.21640625,4000,5000,20,20
pilot_v1_r1_mu010,R1,patchy_high,64,2,visibility_gini,0.398211669921875,4000,5000,20,20
pilot_v1_r1_mu010,R1,patchy_high,64,2,low_extraction_rate,0.2578125,4000,5000,20,20
pilot_v1_r1_mu010,R1,split_high_low,32,2,social_perception_error,0.06358366935483871,4000,5000,20,20
pilot_v1_r1_mu010,R1,split_high_low,32,2,majority_mismatch_rate,0.0,4000,5000,20,20
pilot_v1_r1_mu010,R1,split_high_low,32,2,majority_tie_rate,0.0046875,4000,5000,20,20
pilot_v1_r1_mu010,R1,split_high_low,32,2,visibility_gini,0.30859375,4000,5000,20,20
pilot_v1_r1_mu010,R1,split_high_low,32,2,low_extraction_rate,0.0515625,4000,5000,20,20
pilot_v1_r1_mu010,R1,split_high_low,64,2,social_perception_error,0.18389446924603176,4000,5000,20,20
pilot_v1_r1_mu010,R1,split_high_low,64,2,majority_mismatch_rate,0.0605593097881888,4000,5000,20,20
pilot_v1_r1_mu010,R1,split_high_low,64,2,majority_tie_rate,0.1859375,4000,5000,20,20
pilot_v1_r1_mu010,R1,split_high_low,64,2,visibility_gini,0.41573486328125,4000,5000,20,20
pilot_v1_r1_mu010,R1,split_high_low,64,2,low_extraction_rate,0.29609375,4000,5000,20,20
pilot_v1_r1_mu010,R1,uniform_high,32,3,social_perception_error,0.023865927419354838,4000,5000,20,20
pilot_v1_r1_mu010,R1,uniform_high,32,3,majority_mismatch_rate,0.0,4000,5000,20,20
pilot_v1_r1_mu010,R1,uniform_high,32,3,majority_tie_rate,0.0,4000,5000,20,20
pilot_v1_r1_mu010,R1,uniform_high,32,3,visibility_gini,0.2861328125,4000,5000,20,20
pilot_v1_r1_mu010,R1,uniform_high,32,3,low_extraction_rate,0.0140625,4000,5000,20,20
pilot_v1_r1_mu010,R1,uniform_high,64,3,social_perception_error,0.15686073908730164,4000,5000,20,20
pilot_v1_r1_mu010,R1,uniform_high,64,3,majority_mismatch_rate,0.03273335551785865,4000,5000,20,20
pilot_v1_r1_mu010,R1,uniform_high,64,3,majority_tie_rate,0.175,4000,5000,20,20
pilot_v1_r1_mu010,R1,uniform_high,64,3,visibility_gini,0.3947265625,4000,5000,20,20
pilot_v1_r1_mu010,R1,uniform_high,64,3,low_extraction_rate,0.21953125,4000,5000,20,20
pilot_v1_r1_mu010,R1,patchy_high,32,3,social_perception_error,0.022127016129032256,4000,5000,20,20
pilot_v1_r1_mu010,R1,patchy_high,32,3,majority_mismatch_rate,0.0,4000,5000,20,20
pilot_v1_r1_mu010,R1,patchy_high,32,3,majority_tie_rate,0.0,4000,5000,20,20
pilot_v1_r1_mu010,R1,patchy_high,32,3,visibility_gini,0.32666015625,4000,5000,20,20
pilot_v1_r1_mu010,R1,patchy_high,32,3,low_extraction_rate,0.0140625,4000,5000,20,20
pilot_v1_r1_mu010,R1,patchy_high,64,3,social_perception_error,0.16511966765873015,4000,5000,20,20
pilot_v1_r1_mu010,R1,patchy_high,64,3,majority_mismatch_rate,0.07316221205644102,4000,5000,20,20
pilot_v1_r1_mu010,R1,patchy_high,64,3,majority_tie_rate,0.2078125,4000,5000,20,20
pilot_v1_r1_mu010,R1,patchy_high,64,3,visibility_gini,0.389251708984375,4000,5000,20,20
pilot_v1_r1_mu010,R1,patchy_high,64,3,low_extraction_rate,0.246875,4000,5000,20,20
pilot_v1_r1_mu010,R1,split_high_low,32,3,social_perception_error,0.15381804435483873,4000,5000,20,20
pilot_v1_r1_mu010,R1,split_high_low,32,3,majority_mismatch_rate,0.013099902970592625,4000,5000,20,20
pilot_v1_r1_mu010,R1,split_high_low,32,3,majority_tie_rate,0.134375,4000,5000,20,20
pilot_v1_r1_mu010,R1,split_high_low,32,3,visibility_gini,0.3177734375,4000,5000,20,20
pilot_v1_r1_mu010,R1,split_high_low,32,3,low_extraction_rate,0.1703125,4000,5000,20,20
pilot_v1_r1_mu010,R1,split_high_low,64,3,social_perception_error,0.1746434771825397,4000,5000,20,20
pilot_v1_r1_mu010,R1,split_high_low,64,3,majority_mismatch_rate,0.07967024924038503,4000,5000,20,20
pilot_v1_r1_mu010,R1,split_high_low,64,3,majority_tie_rate,0.1984375,4000,5000,20,20
pilot_v1_r1_mu010,R1,split_high_low,64,3,visibility_gini,0.42059326171875,4000,5000,20,20
pilot_v1_r1_mu010,R1,split_high_low,64,3,low_extraction_rate,0.28671875,4000,5000,20,20
pilot_v1_r1_mu010,R1,uniform_high,32,4,social_perception_error,0.12293346774193545,4000,5000,20,20
pilot_v1_r1_mu010,R1,uniform_high,32,4,majority_mismatch_rate,0.005003707823507601,4000,5000,20,20
pilot_v1_r1_mu010,R1,uniform_high,32,4,majority_tie_rate,0.0484375,4000,5000,20,20
pilot_v1_r1_mu010,R1,uniform_high,32,4,visibility_gini,0.249072265625,4000,5000,20,20
pilot_v1_r1_mu010,R1,uniform_high,32,4,low_extraction_rate,0.0953125,4000,5000,20,20
pilot_v1_r1_mu010,R1,uniform_high,64,4,social_perception_error,0.16466393849206346,4000,5000,20,20
pilot_v1_r1_mu010,R1,uniform_high,64,4,majority_mismatch_rate,0.04972735032548168,4000,5000,20,20
pilot_v1_r1_mu010,R1,uniform_high,64,4,majority_tie_rate,0.190625,4000,5000,20,20
pilot_v1_r1_mu010,R1,uniform_high,64,4,visibility_gini,0.334246826171875,4000,5000,20,20
pilot_v1_r1_mu010,R1,uniform_high,64,4,low_extraction_rate,0.26640625,4000,5000,20,20
pilot_v1_r1_mu010,R1,patchy_high,32,4,social_perception_error,0.1124117943548387,4000,5000,20,20
pilot_v1_r1_mu010,R1,patchy_high,32,4,majority_mismatch_rate,0.0018518518518518517,4000,5000,20,20
pilot_v1_r1_mu010,R1,patchy_high,32,4,majority_tie_rate,0.04375,4000,5000,20,20
pilot_v1_r1_mu010,R1,patchy_high,32,4,visibility_gini,0.3061279296875,4000,5000,20,20
pilot_v1_r1_mu010,R1,patchy_high,32,4,low_extraction_rate,0.0890625,4000,5000,20,20
pilot_v1_r1_mu010,R1,patchy_high,64,4,social_perception_error,0.17065352182539684,4000,5000,20,20
pilot_v1_r1_mu010,R1,patchy_high,64,4,majority_mismatch_rate,0.09244224261388087,4000,5000,20,20
pilot_v1_r1_mu010,R1,patchy_high,64,4,majority_tie_rate,0.2484375,4000,5000,20,20
pilot_v1_r1_mu010,R1,patchy_high,64,4,visibility_gini,0.37542724609375,4000,5000,20,20
pilot_v1_r1_mu010,R1,patchy_high,64,4,low_extraction_rate,0.275,4000,5000,20,20
pilot_v1_r1_mu010,R1,split_high_low,32,4,social_perception_error,0.11539818548387096,4000,5000,20,20
pilot_v1_r1_mu010,R1,split_high_low,32,4,majority_mismatch_rate,0.0,4000,5000,20,20
pilot_v1_r1_mu010,R1,split_high_low,32,4,majority_tie_rate,0.0234375,4000,5000,20,20
pilot_v1_r1_mu010,R1,split_high_low,32,4,visibility_gini,0.2628173828125,4000,5000,20,20
pilot_v1_r1_mu010,R1,split_high_low,32,4,low_extraction_rate,0.10625,4000,5000,20,20
pilot_v1_r1_mu010,R1,split_high_low,64,4,social_perception_error,0.18587549603174602,4000,5000,20,20
pilot_v1_r1_mu010,R1,split_high_low,64,4,majority_mismatch_rate,0.0830821692878788,4000,5000,20,20
pilot_v1_r1_mu010,R1,split_high_low,64,4,majority_tie_rate,0.23828125,4000,5000,20,20
pilot_v1_r1_mu010,R1,split_high_low,64,4,visibility_gini,0.351458740234375,4000,5000,20,20
pilot_v1_r1_mu010,R1,split_high_low,64,4,low_extraction_rate,0.29296875,4000,5000,20,20
pilot_v1_r1_mu010,R1,uniform_high,32,5,social_perception_error,0.06833417338709677,4000,5000,20,20
pilot_v1_r1_mu010,R1,uniform_high,32,5,majority_mismatch_rate,0.0,4000,5000,20,20
pilot_v1_r1_mu010,R1,uniform_high,32,5,majority_tie_rate,0.0125,4000,5000,20,20
pilot_v1_r1_mu010,R1,uniform_high,32,5,visibility_gini,0.3125,4000,5000,20,20
pilot_v1_r1_mu010,R1,uniform_high,32,5,low_extraction_rate,0.0453125,4000,5000,20,20
pilot_v1_r1_mu010,R1,uniform_high,64,5,social_perception_error,0.1577659970238095,4000,5000,20,20
pilot_v1_r1_mu010,R1,uniform_high,64,5,majority_mismatch_rate,0.05007109891936549,4000,5000,20,20
pilot_v1_r1_mu010,R1,uniform_high,64,5,majority_tie_rate,0.21796875,4000,5000,20,20
pilot_v1_r1_mu010,R1,uniform_high,64,5,visibility_gini,0.38369140625,4000,5000,20,20
pilot_v1_r1_mu010,R1,uniform_high,64,5,low_extraction_rate,0.228125,4000,5000,20,20
pilot_v1_r1_mu010,R1,patchy_high,32,5,social_perception_error,0.05836693548387095,4000,5000,20,20
pilot_v1_r1_mu010,R1,patchy_high,32,5,majority_mismatch_rate,0.0,4000,5000,20,20
pilot_v1_r1_mu010,R1,patchy_high,32,5,majority_tie_rate,0.009375,4000,5000,20,20
pilot_v1_r1_mu010,R1,patchy_high,32,5,visibility_gini,0.32177734375,4000,5000,20,20
pilot_v1_r1_mu010,R1,patchy_high,32,5,low_extraction_rate,0.0359375,4000,5000,20,20
pilot_v1_r1_mu010,R1,patchy_high,64,5,social_perception_error,0.15779389880952382,4000,5000,20,20
pilot_v1_r1_mu010,R1,patchy_high,64,5,majority_mismatch_rate,0.04200762240697799,4000,5000,20,20
pilot_v1_r1_mu010,R1,patchy_high,64,5,majority_tie_rate,0.16015625,4000,5000,20,20
pilot_v1_r1_mu010,R1,patchy_high,64,5,visibility_gini,0.340283203125,4000,5000,20,20
pilot_v1_r1_mu010,R1,patchy_high,64,5,low_extraction_rate,0.22578125,4000,5000,20,20
pilot_v1_r1_mu010,R1,split_high_low,32,5,social_perception_error,0.13189264112903226,4000,5000,20,20
pilot_v1_r1_mu010,R1,split_high_low,32,5,majority_mismatch_rate,0.0035359801488833746,4000,5000,20,20
pilot_v1_r1_mu010,R1,split_high_low,32,5,majority_tie_rate,0.0703125,4000,5000,20,20
pilot_v1_r1_mu010,R1,split_high_low,32,5,visibility_gini,0.281298828125,4000,5000,20,20
pilot_v1_r1_mu010,R1,split_high_low,32,5,low_extraction_rate,0.140625,4000,5000,20,20
pilot_v1_r1_mu010,R1,split_high_low,64,5,social_perception_error,0.14652157738095237,4000,5000,20,20
pilot_v1_r1_mu010,R1,split_high_low,64,5,majority_mismatch_rate,0.015944838214107585,4000,5000,20,20
pilot_v1_r1_mu010,R1,split_high_low,64,5,majority_tie_rate,0.1578125,4000,5000,20,20
pilot_v1_r1_mu010,R1,split_high_low,64,5,visibility_gini,0.355462646484375,4000,5000,20,20
pilot_v1_r1_mu010,R1,split_high_low,64,5,low_extraction_rate,0.21875,4000,5000,20,20
pilot_v1_r1_mu010,R1,uniform_high,32,6,social_perception_error,0.1313382056451613,4000,5000,20,20
pilot_v1_r1_mu010,R1,uniform_high,32,6,majority_mismatch_rate,0.0016129032258064516,4000,5000,20,20
pilot_v1_r1_mu010,R1,uniform_high,32,6,majority_tie_rate,0.053125,4000,5000,20,20
pilot_v1_r1_mu010,R1,uniform_high,32,6,visibility_gini,0.2713134765625,4000,5000,20,20
pilot_v1_r1_mu010,R1,uniform_high,32,6,low_extraction_rate,0.1203125,4000,5000,20,20
pilot_v1_r1_mu010,R1,uniform_high,64,6,social_perception_error,0.1911985367063492,4000,5000,20,20
pilot_v1_r1_mu010,R1,uniform_high,64,6,majority_mismatch_rate,0.10087604259764822,4000,5000,20,20
pilot_v1_r1_mu010,R1,uniform_high,64,6,majority_tie_rate,0.2421875,4000,5000,20,20
pilot_v1_r1_mu010,R1,uniform_high,64,6,visibility_gini,0.361407470703125,4000,5000,20,20
pilot_v1_r1_mu010,R1,uniform_high,64,6,low_extraction_rate,0.33984375,4000,5000,20,20
pilot_v1_r1_mu010,R1,patchy_high,32,6,social_perception_error,0.09979838709677419,4000,5000,20,20
pilot_v1_r1_mu010,R1,patchy_high,32,6,majority_mismatch_rate,0.005233990147783251,4000,5000,20,20
pilot_v1_r1_mu010,R1,patchy_high,32,6,majority_tie_rate,0.0265625,4000,5000,20,20
pilot_v1_r1_mu010,R1,patchy_high,32,6,visibility_gini,0.3037109375,4000,5000,20,20
pilot_v1_r1_mu010,R1,patchy_high,32,6,low_extraction_rate,0.0984375,4000,5000,20,20
pilot_v1_r1_mu010,R1,patchy_high,64,6,social_perception_error,0.19072110615079363,4000,5000,20,20
pilot_v1_r1_mu010,R1,patchy_high,64,6,majority_mismatch_rate,0.15126882084787846,4000,5000,20,20
pilot_v1_r1_mu010,R1,patchy_high,64,6,majority_tie_rate,0.27734375,4000,5000,20,20
pilot_v1_r1_mu010,R1,patchy_high,64,6,visibility_gini,0.449346923828125,4000,5000,20,20
pilot_v1_r1_mu010,R1,patchy_high,64,6,low_extraction_rate,0.31796875,4000,5000,20,20
pilot_v1_r1_mu010,R1,split_high_low,32,6,social_perception_error,0.13021673387096772,4000,5000,20,20
pilot_v1_r1_mu010,R1,split_high_low,32,6,majority_mismatch_rate,0.011061179087875416,4000,5000,20,20
pilot_v1_r1_mu010,R1,split_high_low,32,6,majority_tie_rate,0.0625,4000,5000,20,20
pilot_v1_r1_mu010,R1,split_high_low,32,6,visibility_gini,0.2462646484375,4000,5000,20,20
pilot_v1_r1_mu010,R1,split_high_low,32,6,low_extraction_rate,0.121875,4000,5000,20,20
pilot_v1_r1_mu010,R1,split_high_low,64,6,social_perception_error,0.20088355654761902,4000,5000,20,20
pilot_v1_r1_mu010,R1,split_high_low,64,6,majority_mismatch_rate,0.17451750880716566,4000,5000,20,20
pilot_v1_r1_mu010,R1,split_high_low,64,6,majority_tie_rate,0.25625,4000,5000,20,20
pilot_v1_r1_mu010,R1,split_high_low,64,6,visibility_gini,0.423223876953125,4000,5000,20,20
pilot_v1_r1_mu010,R1,split_high_low,64,6,low_extraction_rate,0.35,4000,5000,20,20
pilot_v1_r1_mu010,R1,uniform_high,32,7,social_perception_error,0.048739919354838714,4000,5000,20,20
pilot_v1_r1_mu010,R1,uniform_high,32,7,majority_mismatch_rate,0.0,4000,5000,20,20
pilot_v1_r1_mu010,R1,uniform_high,32,7,majority_tie_rate,0.009375,4000,5000,20,20
pilot_v1_r1_mu010,R1,uniform_high,32,7,visibility_gini,0.275390625,4000,5000,20,20
pilot_v1_r1_mu010,R1,uniform_high,32,7,low_extraction_rate,0.034375,4000,5000,20,20
pilot_v1_r1_mu010,R1,uniform_high,64,7,social_perception_error,0.15033482142857146,4000,5000,20,20
pilot_v1_r1_mu010,R1,uniform_high,64,7,majority_mismatch_rate,0.034535960275860964,4000,5000,20,20
pilot_v1_r1_mu010,R1,uniform_high,64,7,majority_tie_rate,0.20234375,4000,5000,20,20
pilot_v1_r1_mu010,R1,uniform_high,64,7,visibility_gini,0.38504638671875,4000,5000,20,20
pilot_v1_r1_mu010,R1,uniform_high,64,7,low_extraction_rate,0.23671875,4000,5000,20,20
pilot_v1_r1_mu010,R1,patchy_high,32,7,social_perception_error,0.07203881048387097,4000,5000,20,20
pilot_v1_r1_mu010,R1,patchy_high,32,7,majority_mismatch_rate,0.0,4000,5000,20,20
pilot_v1_r1_mu010,R1,patchy_high,32,7,majority_tie_rate,0.0109375,4000,5000,20,20
pilot_v1_r1_mu010,R1,patchy_high,32,7,visibility_gini,0.3037109375,4000,5000,20,20
pilot_v1_r1_mu010,R1,patchy_high,32,7,low_extraction_rate,0.053125,4000,5000,20,20
pilot_v1_r1_mu010,R1,patchy_high,64,7,social_perception_error,0.15546875,4000,5000,20,20
pilot_v1_r1_mu010,R1,patchy_high,64,7,majority_mismatch_rate,0.03589801348724076,4000,5000,20,20
pilot_v1_r1_mu010,R1,patchy_high,64,7,majority_tie_rate,0.125,4000,5000,20,20
pilot_v1_r1_mu010,R1,patchy_high,64,7,visibility_gini,0.369146728515625,4000,5000,20,20
pilot_v1_r1_mu010,R1,patchy_high,64,7,low_extraction_rate,0.2109375,4000,5000,20,20
pilot_v1_r1_mu010,R1,split_high_low,32,7,social_perception_error,0.17153477822580646,4000,5000,20,20
pilot_v1_r1_mu010,R1,split_high_low,32,7,majority_mismatch_rate,0.04785119872076394,4000,5000,20,20
pilot_v1_r1_mu010,R1,split_high_low,32,7,majority_tie_rate,0.2015625,4000,5000,20,20
pilot_v1_r1_mu010,R1,split_high_low,32,7,visibility_gini,0.33046875,4000,5000,20,20
pilot_v1_r1_mu010,R1,split_high_low,32,7,low_extraction_rate,0.2359375,4000,5000,20,20
pilot_v1_r1_mu010,R1,split_high_low,64,7,social_perception_error,0.14637586805555552,4000,5000,20,20
pilot_v1_r1_mu010,R1,split_high_low,64,7,majority_mismatch_rate,0.02579104013363981,4000,5000,20,20
pilot_v1_r1_mu010,R1,split_high_low,64,7,majority_tie_rate,0.14296875,4000,5000,20,20
pilot_v1_r1_mu010,R1,split_high_low,64,7,visibility_gini,0.399530029296875,4000,5000,20,20
pilot_v1_r1_mu010,R1,split_high_low,64,7,low_extraction_rate,0.20703125,4000,5000,20,20
pilot_v1_r1_mu010,R1,uniform_high,32,8,social_perception_error,0.1432711693548387,4000,5000,20,20
pilot_v1_r1_mu010,R1,uniform_high,32,8,majority_mismatch_rate,0.012279444693237797,4000,5000,20,20
pilot_v1_r1_mu010,R1,uniform_high,32,8,majority_tie_rate,0.13125,4000,5000,20,20
pilot_v1_r1_mu010,R1,uniform_high,32,8,visibility_gini,0.263818359375,4000,5000,20,20
pilot_v1_r1_mu010,R1,uniform_high,32,8,low_extraction_rate,0.178125,4000,5000,20,20
pilot_v1_r1_mu010,R1,uniform_high,64,8,social_perception_error,0.1921037946428571,4000,5000,20,20
pilot_v1_r1_mu010,R1,uniform_high,64,8,majority_mismatch_rate,0.2979975571448591,4000,5000,20,20
pilot_v1_r1_mu010,R1,uniform_high,64,8,majority_tie_rate,0.38046875,4000,5000,20,20
pilot_v1_r1_mu010,R1,uniform_high,64,8,visibility_gini,0.421868896484375,4000,5000,20,20
pilot_v1_r1_mu010,R1,uniform_high,64,8,low_extraction_rate,0.42890625,4000,5000,20,20
pilot_v1_r1_mu010,R1,patchy_high,32,8,social_perception_error,0.13825604838709676,4000,5000,20,20
pilot_v1_r1_mu010,R1,patchy_high,32,8,majority_mismatch_rate,0.004545454545454545,4000,5000,20,20
pilot_v1_r1_mu010,R1,patchy_high,32,8,majority_tie_rate,0.0859375,4000,5000,20,20
pilot_v1_r1_mu010,R1,patchy_high,32,8,visibility_gini,0.33583984375,4000,5000,20,20
pilot_v1_r1_mu010,R1,patchy_high,32,8,low_extraction_rate,0.178125,4000,5000,20,20
pilot_v1_r1_mu010,R1,patchy_high,64,8,social_perception_error,0.19049169146825395,4000,5000,20,20
pilot_v1_r1_mu010,R1,patchy_high,64,8,majority_mismatch_rate,0.21091317119676595,4000,5000,20,20
pilot_v1_r1_mu010,R1,patchy_high,64,8,majority_tie_rate,0.346875,4000,5000,20,20
pilot_v1_r1_mu010,R1,patchy_high,64,8,visibility_gini,0.39866943359375,4000,5000,20,20
pilot_v1_r1_mu010,R1,patchy_high,64,8,low_extraction_rate,0.3890625,4000,5000,20,20
pilot_v1_r1_mu010,R1,split_high_low,32,8,social_perception_error,0.16238659274193545,4000,5000,20,20
pilot_v1_r1_mu010,R1,split_high_low,32,8,majority_mismatch_rate,0.0813378396076165,4000,5000,20,20
pilot_v1_r1_mu010,R1,split_high_low,32,8,majority_tie_rate,0.196875,4000,5000,20,20
pilot_v1_r1_mu010,R1,split_high_low,32,8,visibility_gini,0.336865234375,4000,5000,20,20
pilot_v1_r1_mu010,R1,split_high_low,32,8,low_extraction_rate,0.25,4000,5000,20,20
pilot_v1_r1_mu010,R1,split_high_low,64,8,social_perception_error,0.18895089285714284,4000,5000,20,20
pilot_v1_r1_mu010,R1,split_high_low,64,8,majority_mismatch_rate,0.19430433902113578,4000,5000,20,20
pilot_v1_r1_mu010,R1,split_high_low,64,8,majority_tie_rate,0.3296875,4000,5000,20,20
pilot_v1_r1_mu010,R1,split_high_low,64,8,visibility_gini,0.4362060546875,4000,5000,20,20
pilot_v1_r1_mu010,R1,split_high_low,64,8,low_extraction_rate,0.36328125,4000,5000,20,20
pilot_v1_r1_mu010,R1,uniform_high,32,9,social_perception_error,0.1130670362903226,4000,5000,20,20
pilot_v1_r1_mu010,R1,uniform_high,32,9,majority_mismatch_rate,0.005313881520778073,4000,5000,20,20
pilot_v1_r1_mu010,R1,uniform_high,32,9,majority_tie_rate,0.040625,4000,5000,20,20
pilot_v1_r1_mu010,R1,uniform_high,32,9,visibility_gini,0.271484375,4000,5000,20,20
pilot_v1_r1_mu010,R1,uniform_high,32,9,low_extraction_rate,0.09375,4000,5000,20,20
pilot_v1_r1_mu010,R1,uniform_high,64,9,social_perception_error,0.15289868551587305,4000,5000,20,20
pilot_v1_r1_mu010,R1,uniform_high,64,9,majority_mismatch_rate,0.007462385019430433,4000,5000,20,20
pilot_v1_r1_mu010,R1,uniform_high,64,9,majority_tie_rate,0.10390625,4000,5000,20,20
pilot_v1_r1_mu010,R1,uniform_high,64,9,visibility_gini,0.407666015625,4000,5000,20,20
pilot_v1_r1_mu010,R1,uniform_high,64,9,low_extraction_rate,0.18203125,4000,5000,20,20
pilot_v1_r1_mu010,R1,patchy_high,32,9,social_perception_error,0.10962701612903225,4000,5000,20,20
pilot_v1_r1_mu010,R1,patchy_high,32,9,majority_mismatch_rate,0.0,4000,5000,20,20
pilot_v1_r1_mu010,R1,patchy_high,32,9,majority_tie_rate,0.0171875,4000,5000,20,20
pilot_v1_r1_mu010,R1,patchy_high,32,9,visibility_gini,0.32841796875,4000,5000,20,20
pilot_v1_r1_mu010,R1,patchy_high,32,9,low_extraction_rate,0.0921875,4000,5000,20,20
pilot_v1_r1_mu010,R1,patchy_high,64,9,social_perception_error,0.14273933531746033,4000,5000,20,20
pilot_v1_r1_mu010,R1,patchy_high,64,9,majority_mismatch_rate,0.008549720260246576,4000,5000,20,20
pilot_v1_r1_mu010,R1,patchy_high,64,9,majority_tie_rate,0.0578125,4000,5000,20,20
pilot_v1_r1_mu010,R1,patchy_high,64,9,visibility_gini,0.370892333984375,4000,5000,20,20
pilot_v1_r1_mu010,R1,patchy_high,64,9,low_extraction_rate,0.1734375,4000,5000,20,20
pilot_v1_r1_mu010,R1,split_high_low,32,9,social_perception_error,0.12164818548387098,4000,5000,20,20
pilot_v1_r1_mu010,R1,split_high_low,32,9,majority_mismatch_rate,0.0,4000,5000,20,20
pilot_v1_r1_mu010,R1,split_high_low,32,9,majority_tie_rate,0.0328125,4000,5000,20,20
pilot_v1_r1_mu010,R1,split_high_low,32,9,visibility_gini,0.344775390625,4000,5000,20,20
pilot_v1_r1_mu010,R1,split_high_low,32,9,low_extraction_rate,0.11875,4000,5000,20,20
pilot_v1_r1_mu010,R1,split_high_low,64,9,social_perception_error,0.13782242063492062,4000,5000,20,20
pilot_v1_r1_mu010,R1,split_high_low,64,9,majority_mismatch_rate,0.002528735632183908,4000,5000,20,20
pilot_v1_r1_mu010,R1,split_high_low,64,9,majority_tie_rate,0.06015625,4000,5000,20,20
pilot_v1_r1_mu010,R1,split_high_low,64,9,visibility_gini,0.326007080078125,4000,5000,20,20
pilot_v1_r1_mu010,R1,split_high_low,64,9,low_extraction_rate,0.140625,4000,5000,20,20
pilot_v1_r2_mu010,R2,uniform_high,32,0,social_perception_error,0.1178427419354839,4000,5000,20,20
pilot_v1_r2_mu010,R2,uniform_high,32,0,majority_mismatch_rate,0.0,4000,5000,20,20
pilot_v1_r2_mu010,R2,uniform_high,32,0,majority_tie_rate,0.0546875,4000,5000,20,20
pilot_v1_r2_mu010,R2,uniform_high,32,0,visibility_gini,0.24921875,4000,5000,20,20
pilot_v1_r2_mu010,R2,uniform_high,32,0,low_extraction_rate,0.0859375,4000,5000,20,20
pilot_v1_r2_mu010,R2,uniform_high,64,0,social_perception_error,0.1652436755952381,4000,5000,20,20
pilot_v1_r2_mu010,R2,uniform_high,64,0,majority_mismatch_rate,0.06312767173808598,4000,5000,20,20
pilot_v1_r2_mu010,R2,uniform_high,64,0,majority_tie_rate,0.215625,4000,5000,20,20
pilot_v1_r2_mu010,R2,uniform_high,64,0,visibility_gini,0.355487060546875,4000,5000,20,20
pilot_v1_r2_mu010,R2,uniform_high,64,0,low_extraction_rate,0.2640625,4000,5000,20,20
pilot_v1_r2_mu010,R2,patchy_high,32,0,social_perception_error,0.06922883064516128,4000,5000,20,20
pilot_v1_r2_mu010,R2,patchy_high,32,0,majority_mismatch_rate,0.0,4000,5000,20,20
pilot_v1_r2_mu010,R2,patchy_high,32,0,majority_tie_rate,0.015625,4000,5000,20,20
pilot_v1_r2_mu010,R2,patchy_high,32,0,visibility_gini,0.2578125,4000,5000,20,20
pilot_v1_r2_mu010,R2,patchy_high,32,0,low_extraction_rate,0.0546875,4000,5000,20,20
pilot_v1_r2_mu010,R2,patchy_high,64,0,social_perception_error,0.1640656001984127,4000,5000,20,20
pilot_v1_r2_mu010,R2,patchy_high,64,0,majority_mismatch_rate,0.032634883295706546,4000,5000,20,20
pilot_v1_r2_mu010,R2,patchy_high,64,0,majority_tie_rate,0.17265625,4000,5000,20,20
pilot_v1_r2_mu010,R2,patchy_high,64,0,visibility_gini,0.398992919921875,4000,5000,20,20
pilot_v1_r2_mu010,R2,patchy_high,64,0,low_extraction_rate,0.26015625,4000,5000,20,20
pilot_v1_r2_mu010,R2,split_high_low,32,0,social_perception_error,0.14579133064516128,4000,5000,20,20
pilot_v1_r2_mu010,R2,split_high_low,32,0,majority_mismatch_rate,0.004545454545454545,4000,5000,20,20
pilot_v1_r2_mu010,R2,split_high_low,32,0,majority_tie_rate,0.1921875,4000,5000,20,20
pilot_v1_r2_mu010,R2,split_high_low,32,0,visibility_gini,0.3064208984375,4000,5000,20,20
pilot_v1_r2_mu010,R2,split_high_low,32,0,low_extraction_rate,0.2,4000,5000,20,20
pilot_v1_r2_mu010,R2,split_high_low,64,0,social_perception_error,0.16510416666666666,4000,5000,20,20
pilot_v1_r2_mu010,R2,split_high_low,64,0,majority_mismatch_rate,0.06605699397735443,4000,5000,20,20
pilot_v1_r2_mu010,R2,split_high_low,64,0,majority_tie_rate,0.1859375,4000,5000,20,20
pilot_v1_r2_mu010,R2,split_high_low,64,0,visibility_gini,0.372735595703125,4000,5000,20,20
pilot_v1_r2_mu010,R2,split_high_low,64,0,low_extraction_rate,0.27578125,4000,5000,20,20
pilot_v1_r2_mu010,R2,uniform_high,32,1,social_perception_error,0.07050151209677417,4000,5000,20,20
pilot_v1_r2_mu010,R2,uniform_high,32,1,majority_mismatch_rate,0.0,4000,5000,20,20
pilot_v1_r2_mu010,R2,uniform_high,32,1,majority_tie_rate,0.0,4000,5000,20,20
pilot_v1_r2_mu010,R2,uniform_high,32,1,visibility_gini,0.26318359375,4000,5000,20,20
pilot_v1_r2_mu010,R2,uniform_high,32,1,low_extraction_rate,0.05,4000,5000,20,20
pilot_v1_r2_mu010,R2,uniform_high,64,1,social_perception_error,0.1634207589285714,4000,5000,20,20
pilot_v1_r2_mu010,R2,uniform_high,64,1,majority_mismatch_rate,0.0814880971200068,4000,5000,20,20
pilot_v1_r2_mu010,R2,uniform_high,64,1,majority_tie_rate,0.2328125,4000,5000,20,20
pilot_v1_r2_mu010,R2,uniform_high,64,1,visibility_gini,0.38580322265625,4000,5000,20,20
pilot_v1_r2_mu010,R2,uniform_high,64,1,low_extraction_rate,0.27265625,4000,5000,20,20
pilot_v1_r2_mu010,R2,patchy_high,32,1,social_perception_error,0.07065272177419357,4000,5000,20,20
pilot_v1_r2_mu010,R2,patchy_high,32,1,majority_mismatch_rate,0.0,4000,5000,20,20
pilot_v1_r2_mu010,R2,patchy_high,32,1,majority_tie_rate,0.0015625,4000,5000,20,20
pilot_v1_r2_mu010,R2,patchy_high,32,1,visibility_gini,0.24658203125,4000,5000,20,20
pilot_v1_r2_mu010,R2,patchy_high,32,1,low_extraction_rate,0.05625,4000,5000,20,20
pilot_v1_r2_mu010,R2,patchy_high,64,1,social_perception_error,0.18096788194444444,4000,5000,20,20
pilot_v1_r2_mu010,R2,patchy_high,64,1,majority_mismatch_rate,0.1109046116966621,4000,5000,20,20
pilot_v1_r2_mu010,R2,patchy_high,64,1,majority_tie_rate,0.28359375,4000,5000,20,20
pilot_v1_r2_mu010,R2,patchy_high,64,1,visibility_gini,0.362420654296875,4000,5000,20,20
pilot_v1_r2_mu010,R2,patchy_high,64,1,low_extraction_rate,0.2953125,4000,5000,20,20
pilot_v1_r2_mu010,R2,split_high_low,32,1,social_perception_error,0.06597782258064516,4000,5000,20,20
pilot_v1_r2_mu010,R2,split_high_low,32,1,majority_mismatch_rate,0.0,4000,5000,20,20
pilot_v1_r2_mu010,R2,split_high_low,32,1,majority_tie_rate,0.0078125,4000,5000,20,20
pilot_v1_r2_mu010,R2,split_high_low,32,1,visibility_gini,0.24267578125,4000,5000,20,20
pilot_v1_r2_mu010,R2,split_high_low,32,1,low_extraction_rate,0.0421875,4000,5000,20,20
pilot_v1_r2_mu010,R2,split_high_low,64,1,social_perception_error,0.15980902777777778,4000,5000,20,20
pilot_v1_r2_mu010,R2,split_high_low,64,1,majority_mismatch_rate,0.03391109324635293,4000,5000,20,20
pilot_v1_r2_mu010,R2,split_high_low,64,1,majority_tie_rate,0.15625,4000,5000,20,20
pilot_v1_r2_mu010,R2,split_high_low,64,1,visibility_gini,0.35333251953125,4000,5000,20,20
pilot_v1_r2_mu010,R2,split_high_low,64,1,low_extraction_rate,0.234375,4000,5000,20,20
pilot_v1_r2_mu010,R2,uniform_high,32,2,social_perception_error,0.016028225806451614,4000,5000,20,20
pilot_v1_r2_mu010,R2,uniform_high,32,2,majority_mismatch_rate,0.0,4000,5000,20,20
pilot_v1_r2_mu010,R2,uniform_high,32,2,majority_tie_rate,0.0,4000,5000,20,20
pilot_v1_r2_mu010,R2,uniform_high,32,2,visibility_gini,0.3173828125,4000,5000,20,20
pilot_v1_r2_mu010,R2,uniform_high,32,2,low_extraction_rate,0.009375,4000,5000,20,20
pilot_v1_r2_mu010,R2,uniform_high,64,2,social_perception_error,0.17690352182539684,4000,5000,20,20
pilot_v1_r2_mu010,R2,uniform_high,64,2,majority_mismatch_rate,0.11434461765779647,4000,5000,20,20
pilot_v1_r2_mu010,R2,uniform_high,64,2,majority_tie_rate,0.2640625,4000,5000,20,20
pilot_v1_r2_mu010,R2,uniform_high,64,2,visibility_gini,0.338848876953125,4000,5000,20,20
pilot_v1_r2_mu010,R2,uniform_high,64,2,low_extraction_rate,0.2953125,4000,5000,20,20
pilot_v1_r2_mu010,R2,patchy_high,32,2,social_perception_error,0.016028225806451614,4000,5000,20,20
pilot_v1_r2_mu010,R2,patchy_high,32,2,majority_mismatch_rate,0.0,4000,5000,20,20
pilot_v1_r2_mu010,R2,patchy_high,32,2,majority_tie_rate,0.0,4000,5000,20,20
pilot_v1_r2_mu010,R2,patchy_high,32,2,visibility_gini,0.35107421875,4000,5000,20,20
pilot_v1_r2_mu010,R2,patchy_high,32,2,low_extraction_rate,0.009375,4000,5000,20,20
pilot_v1_r2_mu010,R2,patchy_high,64,2,social_perception_error,0.1646236359126984,4000,5000,20,20
pilot_v1_r2_mu010,R2,patchy_high,64,2,majority_mismatch_rate,0.0443937376782763,4000,5000,20,20
pilot_v1_r2_mu010,R2,patchy_high,64,2,majority_tie_rate,0.19921875,4000,5000,20,20
pilot_v1_r2_mu010,R2,patchy_high,64,2,visibility_gini,0.38807373046875,4000,5000,20,20
pilot_v1_r2_mu010,R2,patchy_high,64,2,low_extraction_rate,0.2765625,4000,5000,20,20
pilot_v1_r2_mu010,R2,split_high_low,32,2,social_perception_error,0.09466985887096775,4000,5000,20,20
pilot_v1_r2_mu010,R2,split_high_low,32,2,majority_mismatch_rate,0.0,4000,5000,20,20
pilot_v1_r2_mu010,R2,split_high_low,32,2,majority_tie_rate,0.00625,4000,5000,20,20
pilot_v1_r2_mu010,R2,split_high_low,32,2,visibility_gini,0.30390625,4000,5000,20,20
pilot_v1_r2_mu010,R2,split_high_low,32,2,low_extraction_rate,0.090625,4000,5000,20,20
pilot_v1_r2_mu010,R2,split_high_low,64,2,social_perception_error,0.16135912698412697,4000,5000,20,20
pilot_v1_r2_mu010,R2,split_high_low,64,2,majority_mismatch_rate,0.040411138785604005,4000,5000,20,20
pilot_v1_r2_mu010,R2,split_high_low,64,2,majority_tie_rate,0.20625,4000,5000,20,20
pilot_v1_r2_mu010,R2,split_high_low,64,2,visibility_gini,0.385418701171875,4000,5000,20,20
pilot_v1_r2_mu010,R2,split_high_low,64,2,low_extraction_rate,0.26640625,4000,5000,20,20
pilot_v1_r2_mu010,R2,uniform_high,32,3,social_perception_error,0.022051411290322575,4000,5000,20,20
pilot_v1_r2_mu010,R2,uniform_high,32,3,majority_mismatch_rate,0.0,4000,5000,20,20
pilot_v1_r2_mu010,R2,uniform_high,32,3,majority_tie_rate,0.0,4000,5000,20,20
pilot_v1_r2_mu010,R2,uniform_high,32,3,visibility_gini,0.3017578125,4000,5000,20,20
pilot_v1_r2_mu010,R2,uniform_high,32,3,low_extraction_rate,0.0140625,4000,5000,20,20
pilot_v1_r2_mu010,R2,uniform_high,64,3,social_perception_error,0.1624782986111111,4000,5000,20,20
pilot_v1_r2_mu010,R2,uniform_high,64,3,majority_mismatch_rate,0.04709972678781271,4000,5000,20,20
pilot_v1_r2_mu010,R2,uniform_high,64,3,majority_tie_rate,0.14140625,4000,5000,20,20
pilot_v1_r2_mu010,R2,uniform_high,64,3,visibility_gini,0.324505615234375,4000,5000,20,20
pilot_v1_r2_mu010,R2,uniform_high,64,3,low_extraction_rate,0.21875,4000,5000,20,20
pilot_v1_r2_mu010,R2,patchy_high,32,3,social_perception_error,0.021459173387096776,4000,5000,20,20
pilot_v1_r2_mu010,R2,patchy_high,32,3,majority_mismatch_rate,0.0,4000,5000,20,20
pilot_v1_r2_mu010,R2,patchy_high,32,3,majority_tie_rate,0.0,4000,5000,20,20
pilot_v1_r2_mu010,R2,patchy_high,32,3,visibility_gini,0.3173828125,4000,5000,20,20
pilot_v1_r2_mu010,R2,patchy_high,32,3,low_extraction_rate,0.0140625,4000,5000,20,20
pilot_v1_r2_mu010,R2,patchy_high,64,3,social_perception_error,0.16003224206349204,4000,5000,20,20
pilot_v1_r2_mu010,R2,patchy_high,64,3,majority_mismatch_rate,0.060569505972535756,4000,5000,20,20
pilot_v1_r2_mu010,R2,patchy_high,64,3,majority_tie_rate,0.21484375,4000,5000,20,20
pilot_v1_r2_mu010,R2,patchy_high,64,3,visibility_gini,0.328656005859375,4000,5000,20,20
pilot_v1_r2_mu010,R2,patchy_high,64,3,low_extraction_rate,0.2484375,4000,5000,20,20
pilot_v1_r2_mu010,R2,split_high_low,32,3,social_perception_error,0.14199848790322583,4000,5000,20,20
pilot_v1_r2_mu010,R2,split_high_low,32,3,majority_mismatch_rate,0.0034482758620689655,4000,5000,20,20
pilot_v1_r2_mu010,R2,split_high_low,32,3,majority_tie_rate,0.078125,4000,5000,20,20
pilot_v1_r2_mu010,R2,split_high_low,32,3,visibility_gini,0.30419921875,4000,5000,20,20
pilot_v1_r2_mu010,R2,split_high_low,32,3,low_extraction_rate,0.1625,4000,5000,20,20
pilot_v1_r2_mu010,R2,split_high_low,64,3,social_perception_error,0.16552889384920633,4000,5000,20,20
pilot_v1_r2_mu010,R2,split_high_low,64,3,majority_mismatch_rate,0.04718892567056076,4000,5000,20,20
pilot_v1_r2_mu010,R2,split_high_low,64,3,majority_tie_rate,0.196875,4000,5000,20,20
pilot_v1_r2_mu010,R2,split_high_low,64,3,visibility_gini,0.413177490234375,4000,5000,20,20
pilot_v1_r2_mu010,R2,split_high_low,64,3,low_extraction_rate,0.29296875,4000,5000,20,20
pilot_v1_r2_mu010,R2,uniform_high,32,4,social_perception_error,0.11583921370967742,4000,5000,20,20
pilot_v1_r2_mu010,R2,uniform_high,32,4,majority_mismatch_rate,0.0038461538461538464,4000,5000,20,20
pilot_v1_r2_mu010,R2,uniform_high,32,4,majority_tie_rate,0.04375,4000,5000,20,20
pilot_v1_r2_mu010,R2,uniform_high,32,4,visibility_gini,0.2456298828125,4000,5000,20,20
pilot_v1_r2_mu010,R2,uniform_high,32,4,low_extraction_rate,0.1,4000,5000,20,20
pilot_v1_r2_mu010,R2,uniform_high,64,4,social_perception_error,0.1601655505952381,4000,5000,20,20
pilot_v1_r2_mu010,R2,uniform_high,64,4,majority_mismatch_rate,0.07557826583447053,4000,5000,20,20
pilot_v1_r2_mu010,R2,uniform_high,64,4,majority_tie_rate,0.23046875,4000,5000,20,20
pilot_v1_r2_mu010,R2,uniform_high,64,4,visibility_gini,0.329107666015625,4000,5000,20,20
pilot_v1_r2_mu010,R2,uniform_high,64,4,low_extraction_rate,0.2640625,4000,5000,20,20
pilot_v1_r2_mu010,R2,patchy_high,32,4,social_perception_error,0.1349546370967742,4000,5000,20,20
pilot_v1_r2_mu010,R2,patchy_high,32,4,majority_mismatch_rate,0.0018518518518518517,4000,5000,20,20
pilot_v1_r2_mu010,R2,patchy_high,32,4,majority_tie_rate,0.05625,4000,5000,20,20
pilot_v1_r2_mu010,R2,patchy_high,32,4,visibility_gini,0.2372802734375,4000,5000,20,20
pilot_v1_r2_mu010,R2,patchy_high,32,4,low_extraction_rate,0.121875,4000,5000,20,20
pilot_v1_r2_mu010,R2,patchy_high,64,4,social_perception_error,0.1574621775793651,4000,5000,20,20
pilot_v1_r2_mu010,R2,patchy_high,64,4,majority_mismatch_rate,0.04833738169627951,4000,5000,20,20
pilot_v1_r2_mu010,R2,patchy_high,64,4,majority_tie_rate,0.1859375,4000,5000,20,20
pilot_v1_r2_mu010,R2,patchy_high,64,4,visibility_gini,0.308935546875,4000,5000,20,20
pilot_v1_r2_mu010,R2,patchy_high,64,4,low_extraction_rate,0.25859375,4000,5000,20,20
pilot_v1_r2_mu010,R2,split_high_low,32,4,social_perception_error,0.13394657258064513,4000,5000,20,20
pilot_v1_r2_mu010,R2,split_high_low,32,4,majority_mismatch_rate,0.0034523809523809524,4000,5000,20,20
pilot_v1_r2_mu010,R2,split_high_low,32,4,majority_tie_rate,0.0546875,4000,5000,20,20
pilot_v1_r2_mu010,R2,split_high_low,32,4,visibility_gini,0.2365234375,4000,5000,20,20
pilot_v1_r2_mu010,R2,split_high_low,32,4,low_extraction_rate,0.1375,4000,5000,20,20
pilot_v1_r2_mu010,R2,split_high_low,64,4,social_perception_error,0.18123139880952382,4000,5000,20,20
pilot_v1_r2_mu010,R2,split_high_low,64,4,majority_mismatch_rate,0.0902425908741005,4000,5000,20,20
pilot_v1_r2_mu010,R2,split_high_low,64,4,majority_tie_rate,0.23984375,4000,5000,20,20
pilot_v1_r2_mu010,R2,split_high_low,64,4,visibility_gini,0.2947509765625,4000,5000,20,20
pilot_v1_r2_mu010,R2,split_high_low,64,4,low_extraction_rate,0.27265625,4000,5000,20,20
pilot_v1_r2_mu010,R2,uniform_high,32,5,social_perception_error,0.05249495967741935,4000,5000,20,20
pilot_v1_r2_mu010,R2,uniform_high,32,5,majority_mismatch_rate,0.0,4000,5000,20,20
pilot_v1_r2_mu010,R2,uniform_high,32,5,majority_tie_rate,0.0078125,4000,5000,20,20
pilot_v1_r2_mu010,R2,uniform_high,32,5,visibility_gini,0.3115234375,4000,5000,20,20
pilot_v1_r2_mu010,R2,uniform_high,32,5,low_extraction_rate,0.0328125,4000,5000,20,20
pilot_v1_r2_mu010,R2,uniform_high,64,5,social_perception_error,0.16708209325396822,4000,5000,20,20
pilot_v1_r2_mu010,R2,uniform_high,64,5,majority_mismatch_rate,0.044091934415450465,4000,5000,20,20
pilot_v1_r2_mu010,R2,uniform_high,64,5,majority_tie_rate,0.19453125,4000,5000,20,20
pilot_v1_r2_mu010,R2,uniform_high,64,5,visibility_gini,0.330517578125,4000,5000,20,20
pilot_v1_r2_mu010,R2,uniform_high,64,5,low_extraction_rate,0.2171875,4000,5000,20,20
pilot_v1_r2_mu010,R2,patchy_high,32,5,social_perception_error,0.07115675403225806,4000,5000,20,20
pilot_v1_r2_mu010,R2,patchy_high,32,5,majority_mismatch_rate,0.0,4000,5000,20,20
pilot_v1_r2_mu010,R2,patchy_high,32,5,majority_tie_rate,0.0109375,4000,5000,20,20
pilot_v1_r2_mu010,R2,patchy_high,32,5,visibility_gini,0.3018310546875,4000,5000,20,20
pilot_v1_r2_mu010,R2,patchy_high,32,5,low_extraction_rate,0.0546875,4000,5000,20,20
pilot_v1_r2_mu010,R2,patchy_high,64,5,social_perception_error,0.16084759424603173,4000,5000,20,20
pilot_v1_r2_mu010,R2,patchy_high,64,5,majority_mismatch_rate,0.05217497157022462,4000,5000,20,20
pilot_v1_r2_mu010,R2,patchy_high,64,5,majority_tie_rate,0.19375,4000,5000,20,20
pilot_v1_r2_mu010,R2,patchy_high,64,5,visibility_gini,0.31246337890625,4000,5000,20,20
pilot_v1_r2_mu010,R2,patchy_high,64,5,low_extraction_rate,0.225,4000,5000,20,20
pilot_v1_r2_mu010,R2,split_high_low,32,5,social_perception_error,0.11938004032258065,4000,5000,20,20
pilot_v1_r2_mu010,R2,split_high_low,32,5,majority_mismatch_rate,0.0054482758620689655,4000,5000,20,20
pilot_v1_r2_mu010,R2,split_high_low,32,5,majority_tie_rate,0.0625,4000,5000,20,20
pilot_v1_r2_mu010,R2,split_high_low,32,5,visibility_gini,0.31484375,4000,5000,20,20
pilot_v1_r2_mu010,R2,split_high_low,32,5,low_extraction_rate,0.1390625,4000,5000,20,20
pilot_v1_r2_mu010,R2,split_high_low,64,5,social_perception_error,0.16916542658730155,4000,5000,20,20
pilot_v1_r2_mu010,R2,split_high_low,64,5,majority_mismatch_rate,0.039938031338346044,4000,5000,20,20
pilot_v1_r2_mu010,R2,split_high_low,64,5,majority_tie_rate,0.19140625,4000,5000,20,20
pilot_v1_r2_mu010,R2,split_high_low,64,5,visibility_gini,0.346759033203125,4000,5000,20,20
pilot_v1_r2_mu010,R2,split_high_low,64,5,low_extraction_rate,0.23515625,4000,5000,20,20
pilot_v1_r2_mu010,R2,uniform_high,32,6,social_perception_error,0.09769405241935483,4000,5000,20,20
pilot_v1_r2_mu010,R2,uniform_high,32,6,majority_mismatch_rate,0.0,4000,5000,20,20
pilot_v1_r2_mu010,R2,uniform_high,32,6,majority_tie_rate,0.021875,4000,5000,20,20
pilot_v1_r2_mu010,R2,uniform_high,32,6,visibility_gini,0.308642578125,4000,5000,20,20
pilot_v1_r2_mu010,R2,uniform_high,32,6,low_extraction_rate,0.06875,4000,5000,20,20
pilot_v1_r2_mu010,R2,uniform_high,64,6,social_perception_error,0.18332403273809525,4000,5000,20,20
pilot_v1_r2_mu010,R2,uniform_high,64,6,majority_mismatch_rate,0.09269110613769739,4000,5000,20,20
pilot_v1_r2_mu010,R2,uniform_high,64,6,majority_tie_rate,0.27890625,4000,5000,20,20
pilot_v1_r2_mu010,R2,uniform_high,64,6,visibility_gini,0.396990966796875,4000,5000,20,20
pilot_v1_r2_mu010,R2,uniform_high,64,6,low_extraction_rate,0.33515625,4000,5000,20,20
pilot_v1_r2_mu010,R2,patchy_high,32,6,social_perception_error,0.13084677419354837,4000,5000,20,20
pilot_v1_r2_mu010,R2,patchy_high,32,6,majority_mismatch_rate,0.007165733372629923,4000,5000,20,20
pilot_v1_r2_mu010,R2,patchy_high,32,6,majority_tie_rate,0.08125,4000,5000,20,20
pilot_v1_r2_mu010,R2,patchy_high,32,6,visibility_gini,0.262939453125,4000,5000,20,20
pilot_v1_r2_mu010,R2,patchy_high,32,6,low_extraction_rate,0.1203125,4000,5000,20,20
pilot_v1_r2_mu010,R2,patchy_high,64,6,social_perception_error,0.19224950396825397,4000,5000,20,20
pilot_v1_r2_mu010,R2,patchy_high,64,6,majority_mismatch_rate,0.16267549407869178,4000,5000,20,20
pilot_v1_r2_mu010,R2,patchy_high,64,6,majority_tie_rate,0.3390625,4000,5000,20,20
pilot_v1_r2_mu010,R2,patchy_high,64,6,visibility_gini,0.351104736328125,4000,5000,20,20
pilot_v1_r2_mu010,R2,patchy_high,64,6,low_extraction_rate,0.36640625,4000,5000,20,20
pilot_v1_r2_mu010,R2,split_high_low,32,6,social_perception_error,0.11620463709677423,4000,5000,20,20
pilot_v1_r2_mu010,R2,split_high_low,32,6,majority_mismatch_rate,0.003229166666666666,4000,5000,20,20
pilot_v1_r2_mu010,R2,split_high_low,32,6,majority_tie_rate,0.0375,4000,5000,20,20
pilot_v1_r2_mu010,R2,split_high_low,32,6,visibility_gini,0.2956787109375,4000,5000,20,20
pilot_v1_r2_mu010,R2,split_high_low,32,6,low_extraction_rate,0.1046875,4000,5000,20,20
pilot_v1_r2_mu010,R2,split_high_low,64,6,social_perception_error,0.2015190972222222,4000,5000,20,20
pilot_v1_r2_mu010,R2,split_high_low,64,6,majority_mismatch_rate,0.2150391880557793,4000,5000,20,20
pilot_v1_r2_mu010,R2,split_high_low,64,6,majority_tie_rate,0.32421875,4000,5000,20,20
pilot_v1_r2_mu010,R2,split_high_low,64,6,visibility_gini,0.380621337890625,4000,5000,20,20
pilot_v1_r2_mu010,R2,split_high_low,64,6,low_extraction_rate,0.36953125,4000,5000,20,20
pilot_v1_r2_mu010,R2,uniform_high,32,7,social_perception_error,0.04729082661290322,4000,5000,20,20
pilot_v1_r2_mu010,R2,uniform_high,32,7,majority_mismatch_rate,0.0,4000,5000,20,20
pilot_v1_r2_mu010,R2,uniform_high,32,7,majority_tie_rate,0.009375,4000,5000,20,20
pilot_v1_r2_mu010,R2,uniform_high,32,7,visibility_gini,0.2598876953125,4000,5000,20,20
pilot_v1_r2_mu010,R2,uniform_high,32,7,low_extraction_rate,0.03125,4000,5000,20,20
pilot_v1_r2_mu010,R2,uniform_high,64,7,social_perception_error,0.1560484871031746,4000,5000,20,20
pilot_v1_r2_mu010,R2,uniform_high,64,7,majority_mismatch_rate,0.036540171551417,4000,5000,20,20
pilot_v1_r2_mu010,R2,uniform_high,64,7,majority_tie_rate,0.1515625,4000,5000,20,20
pilot_v1_r2_mu010,R2,uniform_high,64,7,visibility_gini,0.34759521484375,4000,5000,20,20
pilot_v1_r2_mu010,R2,uniform_high,64,7,low_extraction_rate,0.20234375,4000,5000,20,20
pilot_v1_r2_mu010,R2,patchy_high,32,7,social_perception_error,0.0726436491935484,4000,5000,20,20
pilot_v1_r2_mu010,R2,patchy_high,32,7,majority_mismatch_rate,0.0,4000,5000,20,20
pilot_v1_r2_mu010,R2,patchy_high,32,7,majority_tie_rate,0.0140625,4000,5000,20,20
pilot_v1_r2_mu010,R2,patchy_high,32,7,visibility_gini,0.2584228515625,4000,5000,20,20
pilot_v1_r2_mu010,R2,patchy_high,32,7,low_extraction_rate,0.0515625,4000,5000,20,20
pilot_v1_r2_mu010,R2,patchy_high,64,7,social_perception_error,0.15474950396825396,4000,5000,20,20
pilot_v1_r2_mu010,R2,patchy_high,64,7,majority_mismatch_rate,0.024338218037797867,4000,5000,20,20
pilot_v1_r2_mu010,R2,patchy_high,64,7,majority_tie_rate,0.1703125,4000,5000,20,20
pilot_v1_r2_mu010,R2,patchy_high,64,7,visibility_gini,0.345965576171875,4000,5000,20,20
pilot_v1_r2_mu010,R2,patchy_high,64,7,low_extraction_rate,0.225,4000,5000,20,20
pilot_v1_r2_mu010,R2,split_high_low,32,7,social_perception_error,0.14183467741935482,4000,5000,20,20
pilot_v1_r2_mu010,R2,split_high_low,32,7,majority_mismatch_rate,0.009213555920452473,4000,5000,20,20
pilot_v1_r2_mu010,R2,split_high_low,32,7,majority_tie_rate,0.103125,4000,5000,20,20
pilot_v1_r2_mu010,R2,split_high_low,32,7,visibility_gini,0.2456787109375,4000,5000,20,20
pilot_v1_r2_mu010,R2,split_high_low,32,7,low_extraction_rate,0.1671875,4000,5000,20,20
pilot_v1_r2_mu010,R2,split_high_low,64,7,social_perception_error,0.1523685515873016,4000,5000,20,20
pilot_v1_r2_mu010,R2,split_high_low,64,7,majority_mismatch_rate,0.024406947972648106,4000,5000,20,20
pilot_v1_r2_mu010,R2,split_high_low,64,7,majority_tie_rate,0.12109375,4000,5000,20,20
pilot_v1_r2_mu010,R2,split_high_low,64,7,visibility_gini,0.378851318359375,4000,5000,20,20
pilot_v1_r2_mu010,R2,split_high_low,64,7,low_extraction_rate,0.2140625,4000,5000,20,20
pilot_v1_r2_mu010,R2,uniform_high,32,8,social_perception_error,0.13671874999999997,4000,5000,20,20
pilot_v1_r2_mu010,R2,uniform_high,32,8,majority_mismatch_rate,0.0019230769230769232,4000,5000,20,20
pilot_v1_r2_mu010,R2,uniform_high,32,8,majority_tie_rate,0.0734375,4000,5000,20,20
pilot_v1_r2_mu010,R2,uniform_high,32,8,visibility_gini,0.3025634765625,4000,5000,20,20
pilot_v1_r2_mu010,R2,uniform_high,32,8,low_extraction_rate,0.1375,4000,5000,20,20
pilot_v1_r2_mu010,R2,uniform_high,64,8,social_perception_error,0.19545200892857142,4000,5000,20,20
pilot_v1_r2_mu010,R2,uniform_high,64,8,majority_mismatch_rate,0.29453998637052275,4000,5000,20,20
pilot_v1_r2_mu010,R2,uniform_high,64,8,majority_tie_rate,0.3640625,4000,5000,20,20
pilot_v1_r2_mu010,R2,uniform_high,64,8,visibility_gini,0.395794677734375,4000,5000,20,20
pilot_v1_r2_mu010,R2,uniform_high,64,8,low_extraction_rate,0.4203125,4000,5000,20,20
pilot_v1_r2_mu010,R2,patchy_high,32,8,social_perception_error,0.15800151209677418,4000,5000,20,20
pilot_v1_r2_mu010,R2,patchy_high,32,8,majority_mismatch_rate,0.030179894179894178,4000,5000,20,20
pilot_v1_r2_mu010,R2,patchy_high,32,8,majority_tie_rate,0.1390625,4000,5000,20,20
pilot_v1_r2_mu010,R2,patchy_high,32,8,visibility_gini,0.352783203125,4000,5000,20,20
pilot_v1_r2_mu010,R2,patchy_high,32,8,low_extraction_rate,0.1609375,4000,5000,20,20
pilot_v1_r2_mu010,R2,patchy_high,64,8,social_perception_error,0.19671999007936508,4000,5000,20,20
pilot_v1_r2_mu010,R2,patchy_high,64,8,majority_mismatch_rate,0.23972251205194817,4000,5000,20,20
pilot_v1_r2_mu010,R2,patchy_high,64,8,majority_tie_rate,0.33828125,4000,5000,20,20
pilot_v1_r2_mu010,R2,patchy_high,64,8,visibility_gini,0.404071044921875,4000,5000,20,20
pilot_v1_r2_mu010,R2,patchy_high,64,8,low_extraction_rate,0.421875,4000,5000,20,20
pilot_v1_r2_mu010,R2,split_high_low,32,8,social_perception_error,0.16616683467741936,4000,5000,20,20
pilot_v1_r2_mu010,R2,split_high_low,32,8,majority_mismatch_rate,0.060524756940660826,4000,5000,20,20
pilot_v1_r2_mu010,R2,split_high_low,32,8,majority_tie_rate,0.2265625,4000,5000,20,20
pilot_v1_r2_mu010,R2,split_high_low,32,8,visibility_gini,0.373779296875,4000,5000,20,20
pilot_v1_r2_mu010,R2,split_high_low,32,8,low_extraction_rate,0.25625,4000,5000,20,20
pilot_v1_r2_mu010,R2,split_high_low,64,8,social_perception_error,0.19684089781746028,4000,5000,20,20
pilot_v1_r2_mu010,R2,split_high_low,64,8,majority_mismatch_rate,0.2905198943908211,4000,5000,20,20
pilot_v1_r2_mu010,R2,split_high_low,64,8,majority_tie_rate,0.32734375,4000,5000,20,20
pilot_v1_r2_mu010,R2,split_high_low,64,8,visibility_gini,0.3959228515625,4000,5000,20,20
pilot_v1_r2_mu010,R2,split_high_low,64,8,low_extraction_rate,0.35078125,4000,5000,20,20
pilot_v1_r2_mu010,R2,uniform_high,32,9,social_perception_error,0.11382308467741938,4000,5000,20,20
pilot_v1_r2_mu010,R2,uniform_high,32,9,majority_mismatch_rate,0.0033908045977011497,4000,5000,20,20
pilot_v1_r2_mu010,R2,uniform_high,32,9,majority_tie_rate,0.04375,4000,5000,20,20
pilot_v1_r2_mu010,R2,uniform_high,32,9,visibility_gini,0.2911376953125,4000,5000,20,20
pilot_v1_r2_mu010,R2,uniform_high,32,9,low_extraction_rate,0.103125,4000,5000,20,20
pilot_v1_r2_mu010,R2,uniform_high,64,9,social_perception_error,0.14803447420634921,4000,5000,20,20
pilot_v1_r2_mu010,R2,uniform_high,64,9,majority_mismatch_rate,0.011887832000735225,4000,5000,20,20
pilot_v1_r2_mu010,R2,uniform_high,64,9,majority_tie_rate,0.09375,4000,5000,20,20
pilot_v1_r2_mu010,R2,uniform_high,64,9,visibility_gini,0.33299560546875,4000,5000,20,20
pilot_v1_r2_mu010,R2,uniform_high,64,9,low_extraction_rate,0.1734375,4000,5000,20,20
pilot_v1_r2_mu010,R2,patchy_high,32,9,social_perception_error,0.1154359879032258,4000,5000,20,20
pilot_v1_r2_mu010,R2,patchy_high,32,9,majority_mismatch_rate,0.003509852216748768,4000,5000,20,20
pilot_v1_r2_mu010,R2,patchy_high,32,9,majority_tie_rate,0.0515625,4000,5000,20,20
pilot_v1_r2_mu010,R2,patchy_high,32,9,visibility_gini,0.301953125,4000,5000,20,20
pilot_v1_r2_mu010,R2,patchy_high,32,9,low_extraction_rate,0.08125,4000,5000,20,20
pilot_v1_r2_mu010,R2,patchy_high,64,9,social_perception_error,0.14725012400793652,4000,5000,20,20
pilot_v1_r2_mu010,R2,patchy_high,64,9,majority_mismatch_rate,0.00874129937434385,4000,5000,20,20
pilot_v1_r2_mu010,R2,patchy_high,64,9,majority_tie_rate,0.10859375,4000,5000,20,20
pilot_v1_r2_mu010,R2,patchy_high,64,9,visibility_gini,0.342138671875,4000,5000,20,20
pilot_v1_r2_mu010,R2,patchy_high,64,9,low_extraction_rate,0.20625,4000,5000,20,20
pilot_v1_r2_mu010,R2,split_high_low,32,9,social_perception_error,0.1310609879032258,4000,5000,20,20
pilot_v1_r2_mu010,R2,split_high_low,32,9,majority_mismatch_rate,0.0017857142857142857,4000,5000,20,20
pilot_v1_r2_mu010,R2,split_high_low,32,9,majority_tie_rate,0.04375,4000,5000,20,20
pilot_v1_r2_mu010,R2,split_high_low,32,9,visibility_gini,0.2701171875,4000,5000,20,20
pilot_v1_r2_mu010,R2,split_high_low,32,9,low_extraction_rate,0.140625,4000,5000,20,20
pilot_v1_r2_mu010,R2,split_high_low,64,9,social_perception_error,0.1509672619047619,4000,5000,20,20
pilot_v1_r2_mu010,R2,split_high_low,64,9,majority_mismatch_rate,0.0065877192982456145,4000,5000,20,20
pilot_v1_r2_mu010,R2,split_high_low,64,9,majority_tie_rate,0.12734375,4000,5000,20,20
pilot_v1_r2_mu010,R2,split_high_low,64,9,visibility_gini,0.38865966796875,4000,5000,20,20
pilot_v1_r2_mu010,R2,split_high_low,64,9,low_extraction_rate,0.2078125,4000,5000,20,20
pilot_v1_r3_mu010,R3,uniform_high,32,0,social_perception_error,0.05866935483870968,4000,5000,20,20
pilot_v1_r3_mu010,R3,uniform_high,32,0,majority_mismatch_rate,0.0,4000,5000,20,20
pilot_v1_r3_mu010,R3,uniform_high,32,0,majority_tie_rate,0.009375,4000,5000,20,20
pilot_v1_r3_mu010,R3,uniform_high,32,0,visibility_gini,0.1943359375,4000,5000,20,20
pilot_v1_r3_mu010,R3,uniform_high,32,0,low_extraction_rate,0.0421875,4000,5000,20,20
pilot_v1_r3_mu010,R3,uniform_high,64,0,social_perception_error,0.15661582341269842,4000,5000,20,20
pilot_v1_r3_mu010,R3,uniform_high,64,0,majority_mismatch_rate,0.035129694577489795,4000,5000,20,20
pilot_v1_r3_mu010,R3,uniform_high,64,0,majority_tie_rate,0.16328125,4000,5000,20,20
pilot_v1_r3_mu010,R3,uniform_high,64,0,visibility_gini,0.286376953125,4000,5000,20,20
pilot_v1_r3_mu010,R3,uniform_high,64,0,low_extraction_rate,0.259375,4000,5000,20,20
pilot_v1_r3_mu010,R3,patchy_high,32,0,social_perception_error,0.06716229838709677,4000,5000,20,20
pilot_v1_r3_mu010,R3,patchy_high,32,0,majority_mismatch_rate,0.0,4000,5000,20,20
pilot_v1_r3_mu010,R3,patchy_high,32,0,majority_tie_rate,0.0125,4000,5000,20,20
pilot_v1_r3_mu010,R3,patchy_high,32,0,visibility_gini,0.2212890625,4000,5000,20,20
pilot_v1_r3_mu010,R3,patchy_high,32,0,low_extraction_rate,0.046875,4000,5000,20,20
pilot_v1_r3_mu010,R3,patchy_high,64,0,social_perception_error,0.1601593501984127,4000,5000,20,20
pilot_v1_r3_mu010,R3,patchy_high,64,0,majority_mismatch_rate,0.05823165331117881,4000,5000,20,20
pilot_v1_r3_mu010,R3,patchy_high,64,0,majority_tie_rate,0.20625,4000,5000,20,20
pilot_v1_r3_mu010,R3,patchy_high,64,0,visibility_gini,0.27103271484375,4000,5000,20,20
pilot_v1_r3_mu010,R3,patchy_high,64,0,low_extraction_rate,0.2609375,4000,5000,20,20
pilot_v1_r3_mu010,R3,split_high_low,32,0,social_perception_error,0.12094254032258063,4000,5000,20,20
pilot_v1_r3_mu010,R3,split_high_low,32,0,majority_mismatch_rate,0.0078125,4000,5000,20,20
pilot_v1_r3_mu010,R3,split_high_low,32,0,majority_tie_rate,0.021875,4000,5000,20,20
pilot_v1_r3_mu010,R3,split_high_low,32,0,visibility_gini,0.245556640625,4000,5000,20,20
pilot_v1_r3_mu010,R3,split_high_low,32,0,low_extraction_rate,0.1046875,4000,5000,20,20
pilot_v1_r3_mu010,R3,split_high_low,64,0,social_perception_error,0.15518663194444446,4000,5000,20,20
pilot_v1_r3_mu010,R3,split_high_low,64,0,majority_mismatch_rate,0.026085124177255177,4000,5000,20,20
pilot_v1_r3_mu010,R3,split_high_low,64,0,majority_tie_rate,0.13359375,4000,5000,20,20
pilot_v1_r3_mu010,R3,split_high_low,64,0,visibility_gini,0.319232177734375,4000,5000,20,20
pilot_v1_r3_mu010,R3,split_high_low,64,0,low_extraction_rate,0.23125,4000,5000,20,20
pilot_v1_r3_mu010,R3,uniform_high,32,1,social_perception_error,0.06859879032258065,4000,5000,20,20
pilot_v1_r3_mu010,R3,uniform_high,32,1,majority_mismatch_rate,0.0,4000,5000,20,20
pilot_v1_r3_mu010,R3,uniform_high,32,1,majority_tie_rate,0.0078125,4000,5000,20,20
pilot_v1_r3_mu010,R3,uniform_high,32,1,visibility_gini,0.22412109375,4000,5000,20,20
pilot_v1_r3_mu010,R3,uniform_high,32,1,low_extraction_rate,0.0484375,4000,5000,20,20
pilot_v1_r3_mu010,R3,uniform_high,64,1,social_perception_error,0.17355220734126983,4000,5000,20,20
pilot_v1_r3_mu010,R3,uniform_high,64,1,majority_mismatch_rate,0.08161289576428662,4000,5000,20,20
pilot_v1_r3_mu010,R3,uniform_high,64,1,majority_tie_rate,0.209375,4000,5000,20,20
pilot_v1_r3_mu010,R3,uniform_high,64,1,visibility_gini,0.29384765625,4000,5000,20,20
pilot_v1_r3_mu010,R3,uniform_high,64,1,low_extraction_rate,0.303125,4000,5000,20,20
pilot_v1_r3_mu010,R3,patchy_high,32,1,social_perception_error,0.04269153225806452,4000,5000,20,20
pilot_v1_r3_mu010,R3,patchy_high,32,1,majority_mismatch_rate,0.0,4000,5000,20,20
pilot_v1_r3_mu010,R3,patchy_high,32,1,majority_tie_rate,0.0015625,4000,5000,20,20
pilot_v1_r3_mu010,R3,patchy_high,32,1,visibility_gini,0.25927734375,4000,5000,20,20
pilot_v1_r3_mu010,R3,patchy_high,32,1,low_extraction_rate,0.03125,4000,5000,20,20
pilot_v1_r3_mu010,R3,patchy_high,64,1,social_perception_error,0.17500930059523806,4000,5000,20,20
pilot_v1_r3_mu010,R3,patchy_high,64,1,majority_mismatch_rate,0.11077371306174841,4000,5000,20,20
pilot_v1_r3_mu010,R3,patchy_high,64,1,majority_tie_rate,0.27265625,4000,5000,20,20
pilot_v1_r3_mu010,R3,patchy_high,64,1,visibility_gini,0.270526123046875,4000,5000,20,20
pilot_v1_r3_mu010,R3,patchy_high,64,1,low_extraction_rate,0.3,4000,5000,20,20
pilot_v1_r3_mu010,R3,split_high_low,32,1,social_perception_error,0.06958165322580644,4000,5000,20,20
pilot_v1_r3_mu010,R3,split_high_low,32,1,majority_mismatch_rate,0.0,4000,5000,20,20
pilot_v1_r3_mu010,R3,split_high_low,32,1,majority_tie_rate,0.003125,4000,5000,20,20
pilot_v1_r3_mu010,R3,split_high_low,32,1,visibility_gini,0.23828125,4000,5000,20,20
pilot_v1_r3_mu010,R3,split_high_low,32,1,low_extraction_rate,0.0484375,4000,5000,20,20
pilot_v1_r3_mu010,R3,split_high_low,64,1,social_perception_error,0.15493551587301585,4000,5000,20,20
pilot_v1_r3_mu010,R3,split_high_low,64,1,majority_mismatch_rate,0.03602320546457249,4000,5000,20,20
pilot_v1_r3_mu010,R3,split_high_low,64,1,majority_tie_rate,0.1375,4000,5000,20,20
pilot_v1_r3_mu010,R3,split_high_low,64,1,visibility_gini,0.27015380859375,4000,5000,20,20
pilot_v1_r3_mu010,R3,split_high_low,64,1,low_extraction_rate,0.21015625,4000,5000,20,20
pilot_v1_r3_mu010,R3,uniform_high,32,2,social_perception_error,0.028389616935483863,4000,5000,20,20
pilot_v1_r3_mu010,R3,uniform_high,32,2,majority_mismatch_rate,0.0,4000,5000,20,20
pilot_v1_r3_mu010,R3,uniform_high,32,2,majority_tie_rate,0.003125,4000,5000,20,20
pilot_v1_r3_mu010,R3,uniform_high,32,2,visibility_gini,0.27294921875,4000,5000,20,20
pilot_v1_r3_mu010,R3,uniform_high,32,2,low_extraction_rate,0.0171875,4000,5000,20,20
pilot_v1_r3_mu010,R3,uniform_high,64,2,social_perception_error,0.15556795634920634,4000,5000,20,20
pilot_v1_r3_mu010,R3,uniform_high,64,2,majority_mismatch_rate,0.04774934400132065,4000,5000,20,20
pilot_v1_r3_mu010,R3,uniform_high,64,2,majority_tie_rate,0.190625,4000,5000,20,20
pilot_v1_r3_mu010,R3,uniform_high,64,2,visibility_gini,0.327337646484375,4000,5000,20,20
pilot_v1_r3_mu010,R3,uniform_high,64,2,low_extraction_rate,0.2546875,4000,5000,20,20
pilot_v1_r3_mu010,R3,patchy_high,32,2,social_perception_error,0.01592741935483871,4000,5000,20,20
pilot_v1_r3_mu010,R3,patchy_high,32,2,majority_mismatch_rate,0.0,4000,5000,20,20
pilot_v1_r3_mu010,R3,patchy_high,32,2,majority_tie_rate,0.0,4000,5000,20,20
pilot_v1_r3_mu010,R3,patchy_high,32,2,visibility_gini,0.28564453125,4000,5000,20,20
pilot_v1_r3_mu010,R3,patchy_high,32,2,low_extraction_rate,0.009375,4000,5000,20,20
pilot_v1_r3_mu010,R3,patchy_high,64,2,social_perception_error,0.1621372767857143,4000,5000,20,20
pilot_v1_r3_mu010,R3,patchy_high,64,2,majority_mismatch_rate,0.06757160584139471,4000,5000,20,20
pilot_v1_r3_mu010,R3,patchy_high,64,2,majority_tie_rate,0.18203125,4000,5000,20,20
pilot_v1_r3_mu010,R3,patchy_high,64,2,visibility_gini,0.30621337890625,4000,5000,20,20
pilot_v1_r3_mu010,R3,patchy_high,64,2,low_extraction_rate,0.2484375,4000,5000,20,20
pilot_v1_r3_mu010,R3,split_high_low,32,2,social_perception_error,0.12864163306451615,4000,5000,20,20
pilot_v1_r3_mu010,R3,split_high_low,32,2,majority_mismatch_rate,0.0,4000,5000,20,20
pilot_v1_r3_mu010,R3,split_high_low,32,2,majority_tie_rate,0.053125,4000,5000,20,20
pilot_v1_r3_mu010,R3,split_high_low,32,2,visibility_gini,0.31884765625,4000,5000,20,20
pilot_v1_r3_mu010,R3,split_high_low,32,2,low_extraction_rate,0.121875,4000,5000,20,20
pilot_v1_r3_mu010,R3,split_high_low,64,2,social_perception_error,0.15617559523809527,4000,5000,20,20
pilot_v1_r3_mu010,R3,split_high_low,64,2,majority_mismatch_rate,0.052160604911668004,4000,5000,20,20
pilot_v1_r3_mu010,R3,split_high_low,64,2,majority_tie_rate,0.19609375,4000,5000,20,20
pilot_v1_r3_mu010,R3,split_high_low,64,2,visibility_gini,0.2503662109375,4000,5000,20,20
pilot_v1_r3_mu010,R3,split_high_low,64,2,low_extraction_rate,0.24921875,4000,5000,20,20
pilot_v1_r3_mu010,R3,uniform_high,32,3,social_perception_error,0.021333165322580644,4000,5000,20,20
pilot_v1_r3_mu010,R3,uniform_high,32,3,majority_mismatch_rate,0.0,4000,5000,20,20
pilot_v1_r3_mu010,R3,uniform_high,32,3,majority_tie_rate,0.0,4000,5000,20,20
pilot_v1_r3_mu010,R3,uniform_high,32,3,visibility_gini,0.2607421875,4000,5000,20,20
pilot_v1_r3_mu010,R3,uniform_high,32,3,low_extraction_rate,0.0125,4000,5000,20,20
pilot_v1_r3_mu010,R3,uniform_high,64,3,social_perception_error,0.15459449404761905,4000,5000,20,20
pilot_v1_r3_mu010,R3,uniform_high,64,3,majority_mismatch_rate,0.04183812315006116,4000,5000,20,20
pilot_v1_r3_mu010,R3,uniform_high,64,3,majority_tie_rate,0.16953125,4000,5000,20,20
pilot_v1_r3_mu010,R3,uniform_high,64,3,visibility_gini,0.312457275390625,4000,5000,20,20
pilot_v1_r3_mu010,R3,uniform_high,64,3,low_extraction_rate,0.2328125,4000,5000,20,20
pilot_v1_r3_mu010,R3,patchy_high,32,3,social_perception_error,0.02513860887096774,4000,5000,20,20
pilot_v1_r3_mu010,R3,patchy_high,32,3,majority_mismatch_rate,0.0,4000,5000,20,20
pilot_v1_r3_mu010,R3,patchy_high,32,3,majority_tie_rate,0.0,4000,5000,20,20
pilot_v1_r3_mu010,R3,patchy_high,32,3,visibility_gini,0.2939453125,4000,5000,20,20
pilot_v1_r3_mu010,R3,patchy_high,32,3,low_extraction_rate,0.015625,4000,5000,20,20
pilot_v1_r3_mu010,R3,patchy_high,64,3,social_perception_error,0.17199900793650794,4000,5000,20,20
pilot_v1_r3_mu010,R3,patchy_high,64,3,majority_mismatch_rate,0.05765066841030623,4000,5000,20,20
pilot_v1_r3_mu010,R3,patchy_high,64,3,majority_tie_rate,0.20390625,4000,5000,20,20
pilot_v1_r3_mu010,R3,patchy_high,64,3,visibility_gini,0.32271728515625,4000,5000,20,20
pilot_v1_r3_mu010,R3,patchy_high,64,3,low_extraction_rate,0.25,4000,5000,20,20
pilot_v1_r3_mu010,R3,split_high_low,32,3,social_perception_error,0.14187247983870968,4000,5000,20,20
pilot_v1_r3_mu010,R3,split_high_low,32,3,majority_mismatch_rate,0.018048088410991637,4000,5000,20,20
pilot_v1_r3_mu010,R3,split_high_low,32,3,majority_tie_rate,0.1171875,4000,5000,20,20
pilot_v1_r3_mu010,R3,split_high_low,32,3,visibility_gini,0.271484375,4000,5000,20,20
pilot_v1_r3_mu010,R3,split_high_low,32,3,low_extraction_rate,0.159375,4000,5000,20,20
pilot_v1_r3_mu010,R3,split_high_low,64,3,social_perception_error,0.17006758432539681,4000,5000,20,20
pilot_v1_r3_mu010,R3,split_high_low,64,3,majority_mismatch_rate,0.08261201458296377,4000,5000,20,20
pilot_v1_r3_mu010,R3,split_high_low,64,3,majority_tie_rate,0.24453125,4000,5000,20,20
pilot_v1_r3_mu010,R3,split_high_low,64,3,visibility_gini,0.29534912109375,4000,5000,20,20
pilot_v1_r3_mu010,R3,split_high_low,64,3,low_extraction_rate,0.3,4000,5000,20,20
pilot_v1_r3_mu010,R3,uniform_high,32,4,social_perception_error,0.11360887096774193,4000,5000,20,20
pilot_v1_r3_mu010,R3,uniform_high,32,4,majority_mismatch_rate,0.0,4000,5000,20,20
pilot_v1_r3_mu010,R3,uniform_high,32,4,majority_tie_rate,0.01875,4000,5000,20,20
pilot_v1_r3_mu010,R3,uniform_high,32,4,visibility_gini,0.263671875,4000,5000,20,20
pilot_v1_r3_mu010,R3,uniform_high,32,4,low_extraction_rate,0.096875,4000,5000,20,20
pilot_v1_r3_mu010,R3,uniform_high,64,4,social_perception_error,0.1678106398809524,4000,5000,20,20
pilot_v1_r3_mu010,R3,uniform_high,64,4,majority_mismatch_rate,0.057449360594987384,4000,5000,20,20
pilot_v1_r3_mu010,R3,uniform_high,64,4,majority_tie_rate,0.1953125,4000,5000,20,20
pilot_v1_r3_mu010,R3,uniform_high,64,4,visibility_gini,0.265106201171875,4000,5000,20,20
pilot_v1_r3_mu010,R3,uniform_high,64,4,low_extraction_rate,0.2671875,4000,5000,20,20
pilot_v1_r3_mu010,R3,patchy_high,32,4,social_perception_error,0.10991683467741935,4000,5000,20,20
pilot_v1_r3_mu010,R3,patchy_high,32,4,majority_mismatch_rate,0.0,4000,5000,20,20
pilot_v1_r3_mu010,R3,patchy_high,32,4,majority_tie_rate,0.0203125,4000,5000,20,20
pilot_v1_r3_mu010,R3,patchy_high,32,4,visibility_gini,0.1895751953125,4000,5000,20,20
pilot_v1_r3_mu010,R3,patchy_high,32,4,low_extraction_rate,0.0984375,4000,5000,20,20
pilot_v1_r3_mu010,R3,patchy_high,64,4,social_perception_error,0.16600942460317458,4000,5000,20,20
pilot_v1_r3_mu010,R3,patchy_high,64,4,majority_mismatch_rate,0.07450019949976724,4000,5000,20,20
pilot_v1_r3_mu010,R3,patchy_high,64,4,majority_tie_rate,0.246875,4000,5000,20,20
pilot_v1_r3_mu010,R3,patchy_high,64,4,visibility_gini,0.261785888671875,4000,5000,20,20
pilot_v1_r3_mu010,R3,patchy_high,64,4,low_extraction_rate,0.27421875,4000,5000,20,20
pilot_v1_r3_mu010,R3,split_high_low,32,4,social_perception_error,0.1409274193548387,4000,5000,20,20
pilot_v1_r3_mu010,R3,split_high_low,32,4,majority_mismatch_rate,0.012698740924547374,4000,5000,20,20
pilot_v1_r3_mu010,R3,split_high_low,32,4,majority_tie_rate,0.0828125,4000,5000,20,20
pilot_v1_r3_mu010,R3,split_high_low,32,4,visibility_gini,0.1952392578125,4000,5000,20,20
pilot_v1_r3_mu010,R3,split_high_low,32,4,low_extraction_rate,0.1546875,4000,5000,20,20
pilot_v1_r3_mu010,R3,split_high_low,64,4,social_perception_error,0.18347594246031745,4000,5000,20,20
pilot_v1_r3_mu010,R3,split_high_low,64,4,majority_mismatch_rate,0.09382344325753433,4000,5000,20,20
pilot_v1_r3_mu010,R3,split_high_low,64,4,majority_tie_rate,0.240625,4000,5000,20,20
pilot_v1_r3_mu010,R3,split_high_low,64,4,visibility_gini,0.286480712890625,4000,5000,20,20
pilot_v1_r3_mu010,R3,split_high_low,64,4,low_extraction_rate,0.265625,4000,5000,20,20
pilot_v1_r3_mu010,R3,uniform_high,32,5,social_perception_error,0.060786290322580636,4000,5000,20,20
pilot_v1_r3_mu010,R3,uniform_high,32,5,majority_mismatch_rate,0.0,4000,5000,20,20
pilot_v1_r3_mu010,R3,uniform_high,32,5,majority_tie_rate,0.0078125,4000,5000,20,20
pilot_v1_r3_mu010,R3,uniform_high,32,5,visibility_gini,0.26904296875,4000,5000,20,20
pilot_v1_r3_mu010,R3,uniform_high,32,5,low_extraction_rate,0.0359375,4000,5000,20,20
pilot_v1_r3_mu010,R3,uniform_high,64,5,social_perception_error,0.17743675595238093,4000,5000,20,20
pilot_v1_r3_mu010,R3,uniform_high,64,5,majority_mismatch_rate,0.09241469793580125,4000,5000,20,20
pilot_v1_r3_mu010,R3,uniform_high,64,5,majority_tie_rate,0.23828125,4000,5000,20,20
pilot_v1_r3_mu010,R3,uniform_high,64,5,visibility_gini,0.276776123046875,4000,5000,20,20
pilot_v1_r3_mu010,R3,uniform_high,64,5,low_extraction_rate,0.24765625,4000,5000,20,20
pilot_v1_r3_mu010,R3,patchy_high,32,5,social_perception_error,0.07381552419354839,4000,5000,20,20
pilot_v1_r3_mu010,R3,patchy_high,32,5,majority_mismatch_rate,0.0,4000,5000,20,20
pilot_v1_r3_mu010,R3,patchy_high,32,5,majority_tie_rate,0.0125,4000,5000,20,20
pilot_v1_r3_mu010,R3,patchy_high,32,5,visibility_gini,0.2978515625,4000,5000,20,20
pilot_v1_r3_mu010,R3,patchy_high,32,5,low_extraction_rate,0.0515625,4000,5000,20,20
pilot_v1_r3_mu010,R3,patchy_high,64,5,social_perception_error,0.15106646825396824,4000,5000,20,20
pilot_v1_r3_mu010,R3,patchy_high,64,5,majority_mismatch_rate,0.032703481572781315,4000,5000,20,20
pilot_v1_r3_mu010,R3,patchy_high,64,5,majority_tie_rate,0.20625,4000,5000,20,20
pilot_v1_r3_mu010,R3,patchy_high,64,5,visibility_gini,0.259100341796875,4000,5000,20,20
pilot_v1_r3_mu010,R3,patchy_high,64,5,low_extraction_rate,0.24921875,4000,5000,20,20
pilot_v1_r3_mu010,R3,split_high_low,32,5,social_perception_error,0.12297127016129032,4000,5000,20,20
pilot_v1_r3_mu010,R3,split_high_low,32,5,majority_mismatch_rate,0.003125,4000,5000,20,20
pilot_v1_r3_mu010,R3,split_high_low,32,5,majority_tie_rate,0.0359375,4000,5000,20,20
pilot_v1_r3_mu010,R3,split_high_low,32,5,visibility_gini,0.2739013671875,4000,5000,20,20
pilot_v1_r3_mu010,R3,split_high_low,32,5,low_extraction_rate,0.10625,4000,5000,20,20
pilot_v1_r3_mu010,R3,split_high_low,64,5,social_perception_error,0.1544363839285714,4000,5000,20,20
pilot_v1_r3_mu010,R3,split_high_low,64,5,majority_mismatch_rate,0.02595997084381435,4000,5000,20,20
pilot_v1_r3_mu010,R3,split_high_low,64,5,majority_tie_rate,0.13046875,4000,5000,20,20
pilot_v1_r3_mu010,R3,split_high_low,64,5,visibility_gini,0.272998046875,4000,5000,20,20
pilot_v1_r3_mu010,R3,split_high_low,64,5,low_extraction_rate,0.2046875,4000,5000,20,20
pilot_v1_r3_mu010,R3,uniform_high,32,6,social_perception_error,0.10681703629032258,4000,5000,20,20
pilot_v1_r3_mu010,R3,uniform_high,32,6,majority_mismatch_rate,0.0015625,4000,5000,20,20
pilot_v1_r3_mu010,R3,uniform_high,32,6,majority_tie_rate,0.01875,4000,5000,20,20
pilot_v1_r3_mu010,R3,uniform_high,32,6,visibility_gini,0.2686767578125,4000,5000,20,20
pilot_v1_r3_mu010,R3,uniform_high,32,6,low_extraction_rate,0.0953125,4000,5000,20,20
pilot_v1_r3_mu010,R3,uniform_high,64,6,social_perception_error,0.1883246527777778,4000,5000,20,20
pilot_v1_r3_mu010,R3,uniform_high,64,6,majority_mismatch_rate,0.16076717744782237,4000,5000,20,20
pilot_v1_r3_mu010,R3,uniform_high,64,6,majority_tie_rate,0.29140625,4000,5000,20,20
pilot_v1_r3_mu010,R3,uniform_high,64,6,visibility_gini,0.270916748046875,4000,5000,20,20
pilot_v1_r3_mu010,R3,uniform_high,64,6,low_extraction_rate,0.3375,4000,5000,20,20
pilot_v1_r3_mu010,R3,patchy_high,32,6,social_perception_error,0.12139616935483873,4000,5000,20,20
pilot_v1_r3_mu010,R3,patchy_high,32,6,majority_mismatch_rate,0.005233990147783251,4000,5000,20,20
pilot_v1_r3_mu010,R3,patchy_high,32,6,majority_tie_rate,0.05,4000,5000,20,20
pilot_v1_r3_mu010,R3,patchy_high,32,6,visibility_gini,0.23291015625,4000,5000,20,20
pilot_v1_r3_mu010,R3,patchy_high,32,6,low_extraction_rate,0.1109375,4000,5000,20,20
pilot_v1_r3_mu010,R3,patchy_high,64,6,social_perception_error,0.18874317956349204,4000,5000,20,20
pilot_v1_r3_mu010,R3,patchy_high,64,6,majority_mismatch_rate,0.16341589354077762,4000,5000,20,20
pilot_v1_r3_mu010,R3,patchy_high,64,6,majority_tie_rate,0.3296875,4000,5000,20,20
pilot_v1_r3_mu010,R3,patchy_high,64,6,visibility_gini,0.278338623046875,4000,5000,20,20
pilot_v1_r3_mu010,R3,patchy_high,64,6,low_extraction_rate,0.34140625,4000,5000,20,20
pilot_v1_r3_mu010,R3,split_high_low,32,6,social_perception_error,0.12769657258064515,4000,5000,20,20
pilot_v1_r3_mu010,R3,split_high_low,32,6,majority_mismatch_rate,0.003612903225806452,4000,5000,20,20
pilot_v1_r3_mu010,R3,split_high_low,32,6,majority_tie_rate,0.0671875,4000,5000,20,20
pilot_v1_r3_mu010,R3,split_high_low,32,6,visibility_gini,0.25283203125,4000,5000,20,20
pilot_v1_r3_mu010,R3,split_high_low,32,6,low_extraction_rate,0.1078125,4000,5000,20,20
pilot_v1_r3_mu010,R3,split_high_low,64,6,social_perception_error,0.18507874503968252,4000,5000,20,20
pilot_v1_r3_mu010,R3,split_high_low,64,6,majority_mismatch_rate,0.21295575089646443,4000,5000,20,20
pilot_v1_r3_mu010,R3,split_high_low,64,6,majority_tie_rate,0.33125,4000,5000,20,20
pilot_v1_r3_mu010,R3,split_high_low,64,6,visibility_gini,0.2681396484375,4000,5000,20,20
pilot_v1_r3_mu010,R3,split_high_low,64,6,low_extraction_rate,0.38359375,4000,5000,20,20
pilot_v1_r3_mu010,R3,uniform_high,32,7,social_perception_error,0.050075604838709674,4000,5000,20,20
pilot_v1_r3_mu010,R3,uniform_high,32,7,majority_mismatch_rate,0.0,4000,5000,20,20
pilot_v1_r3_mu010,R3,uniform_high,32,7,majority_tie_rate,0.0109375,4000,5000,20,20
pilot_v1_r3_mu010,R3,uniform_high,32,7,visibility_gini,0.244384765625,4000,5000,20,20
pilot_v1_r3_mu010,R3,uniform_high,32,7,low_extraction_rate,0.0328125,4000,5000,20,20
pilot_v1_r3_mu010,R3,uniform_high,64,7,social_perception_error,0.15372953869047618,4000,5000,20,20
pilot_v1_r3_mu010,R3,uniform_high,64,7,majority_mismatch_rate,0.023570155406866973,4000,5000,20,20
pilot_v1_r3_mu010,R3,uniform_high,64,7,majority_tie_rate,0.14609375,4000,5000,20,20
pilot_v1_r3_mu010,R3,uniform_high,64,7,visibility_gini,0.24779052734375,4000,5000,20,20
pilot_v1_r3_mu010,R3,uniform_high,64,7,low_extraction_rate,0.20625,4000,5000,20,20
pilot_v1_r3_mu010,R3,patchy_high,32,7,social_perception_error,0.09333417338709678,4000,5000,20,20
pilot_v1_r3_mu010,R3,patchy_high,32,7,majority_mismatch_rate,0.0,4000,5000,20,20
pilot_v1_r3_mu010,R3,patchy_high,32,7,majority_tie_rate,0.015625,4000,5000,20,20
pilot_v1_r3_mu010,R3,patchy_high,32,7,visibility_gini,0.246240234375,4000,5000,20,20
pilot_v1_r3_mu010,R3,patchy_high,32,7,low_extraction_rate,0.0734375,4000,5000,20,20
pilot_v1_r3_mu010,R3,patchy_high,64,7,social_perception_error,0.16333705357142855,4000,5000,20,20
pilot_v1_r3_mu010,R3,patchy_high,64,7,majority_mismatch_rate,0.03729007252596299,4000,5000,20,20
pilot_v1_r3_mu010,R3,patchy_high,64,7,majority_tie_rate,0.15078125,4000,5000,20,20
pilot_v1_r3_mu010,R3,patchy_high,64,7,visibility_gini,0.282550048828125,4000,5000,20,20
pilot_v1_r3_mu010,R3,patchy_high,64,7,low_extraction_rate,0.21953125,4000,5000,20,20
pilot_v1_r3_mu010,R3,split_high_low,32,7,social_perception_error,0.1524445564516129,4000,5000,20,20
pilot_v1_r3_mu010,R3,split_high_low,32,7,majority_mismatch_rate,0.020414122914122916,4000,5000,20,20
pilot_v1_r3_mu010,R3,split_high_low,32,7,majority_tie_rate,0.115625,4000,5000,20,20
pilot_v1_r3_mu010,R3,split_high_low,32,7,visibility_gini,0.2693603515625,4000,5000,20,20
pilot_v1_r3_mu010,R3,split_high_low,32,7,low_extraction_rate,0.1890625,4000,5000,20,20
pilot_v1_r3_mu010,R3,split_high_low,64,7,social_perception_error,0.1587735615079365,4000,5000,20,20
pilot_v1_r3_mu010,R3,split_high_low,64,7,majority_mismatch_rate,0.0500987920423208,4000,5000,20,20
pilot_v1_r3_mu010,R3,split_high_low,64,7,majority_tie_rate,0.21484375,4000,5000,20,20
pilot_v1_r3_mu010,R3,split_high_low,64,7,visibility_gini,0.278558349609375,4000,5000,20,20
pilot_v1_r3_mu010,R3,split_high_low,64,7,low_extraction_rate,0.259375,4000,5000,20,20
pilot_v1_r3_mu010,R3,uniform_high,32,8,social_perception_error,0.13530745967741936,4000,5000,20,20
pilot_v1_r3_mu010,R3,uniform_high,32,8,majority_mismatch_rate,0.0,4000,5000,20,20
pilot_v1_r3_mu010,R3,uniform_high,32,8,majority_tie_rate,0.078125,4000,5000,20,20
pilot_v1_r3_mu010,R3,uniform_high,32,8,visibility_gini,0.2356689453125,4000,5000,20,20
pilot_v1_r3_mu010,R3,uniform_high,32,8,low_extraction_rate,0.134375,4000,5000,20,20
pilot_v1_r3_mu010,R3,uniform_high,64,8,social_perception_error,0.1956535218253968,4000,5000,20,20
pilot_v1_r3_mu010,R3,uniform_high,64,8,majority_mismatch_rate,0.3390676294431997,4000,5000,20,20
pilot_v1_r3_mu010,R3,uniform_high,64,8,majority_tie_rate,0.36328125,4000,5000,20,20
pilot_v1_r3_mu010,R3,uniform_high,64,8,visibility_gini,0.255615234375,4000,5000,20,20
pilot_v1_r3_mu010,R3,uniform_high,64,8,low_extraction_rate,0.44765625,4000,5000,20,20
pilot_v1_r3_mu010,R3,patchy_high,32,8,social_perception_error,0.14410282258064516,4000,5000,20,20
pilot_v1_r3_mu010,R3,patchy_high,32,8,majority_mismatch_rate,0.0034482758620689655,4000,5000,20,20
pilot_v1_r3_mu010,R3,patchy_high,32,8,majority_tie_rate,0.084375,4000,5000,20,20
pilot_v1_r3_mu010,R3,patchy_high,32,8,visibility_gini,0.273388671875,4000,5000,20,20
pilot_v1_r3_mu010,R3,patchy_high,32,8,low_extraction_rate,0.14375,4000,5000,20,20
pilot_v1_r3_mu010,R3,patchy_high,64,8,social_perception_error,0.18811693948412703,4000,5000,20,20
pilot_v1_r3_mu010,R3,patchy_high,64,8,majority_mismatch_rate,0.34239218569155566,4000,5000,20,20
pilot_v1_r3_mu010,R3,patchy_high,64,8,majority_tie_rate,0.3734375,4000,5000,20,20
pilot_v1_r3_mu010,R3,patchy_high,64,8,visibility_gini,0.261175537109375,4000,5000,20,20
pilot_v1_r3_mu010,R3,patchy_high,64,8,low_extraction_rate,0.440625,4000,5000,20,20
pilot_v1_r3_mu010,R3,split_high_low,32,8,social_perception_error,0.1570186491935484,4000,5000,20,20
pilot_v1_r3_mu010,R3,split_high_low,32,8,majority_mismatch_rate,0.06739428997165571,4000,5000,20,20
pilot_v1_r3_mu010,R3,split_high_low,32,8,majority_tie_rate,0.2453125,4000,5000,20,20
pilot_v1_r3_mu010,R3,split_high_low,32,8,visibility_gini,0.2873291015625,4000,5000,20,20
pilot_v1_r3_mu010,R3,split_high_low,32,8,low_extraction_rate,0.278125,4000,5000,20,20
pilot_v1_r3_mu010,R3,split_high_low,64,8,social_perception_error,0.18206225198412695,4000,5000,20,20
pilot_v1_r3_mu010,R3,split_high_low,64,8,majority_mismatch_rate,0.10905006153627075,4000,5000,20,20
pilot_v1_r3_mu010,R3,split_high_low,64,8,majority_tie_rate,0.26875,4000,5000,20,20
pilot_v1_r3_mu010,R3,split_high_low,64,8,visibility_gini,0.261712646484375,4000,5000,20,20
pilot_v1_r3_mu010,R3,split_high_low,64,8,low_extraction_rate,0.31953125,4000,5000,20,20
pilot_v1_r3_mu010,R3,uniform_high,32,9,social_perception_error,0.0983492943548387,4000,5000,20,20
pilot_v1_r3_mu010,R3,uniform_high,32,9,majority_mismatch_rate,0.0,4000,5000,20,20
pilot_v1_r3_mu010,R3,uniform_high,32,9,majority_tie_rate,0.0359375,4000,5000,20,20
pilot_v1_r3_mu010,R3,uniform_high,32,9,visibility_gini,0.2125,4000,5000,20,20
pilot_v1_r3_mu010,R3,uniform_high,32,9,low_extraction_rate,0.0703125,4000,5000,20,20
pilot_v1_r3_mu010,R3,uniform_high,64,9,social_perception_error,0.14859250992063494,4000,5000,20,20
pilot_v1_r3_mu010,R3,uniform_high,64,9,majority_mismatch_rate,0.019407025444833872,4000,5000,20,20
pilot_v1_r3_mu010,R3,uniform_high,64,9,majority_tie_rate,0.128125,4000,5000,20,20
pilot_v1_r3_mu010,R3,uniform_high,64,9,visibility_gini,0.2801513671875,4000,5000,20,20
pilot_v1_r3_mu010,R3,uniform_high,64,9,low_extraction_rate,0.2109375,4000,5000,20,20
pilot_v1_r3_mu010,R3,patchy_high,32,9,social_perception_error,0.09655997983870968,4000,5000,20,20
pilot_v1_r3_mu010,R3,patchy_high,32,9,majority_mismatch_rate,0.0,4000,5000,20,20
pilot_v1_r3_mu010,R3,patchy_high,32,9,majority_tie_rate,0.0203125,4000,5000,20,20
pilot_v1_r3_mu010,R3,patchy_high,32,9,visibility_gini,0.26328125,4000,5000,20,20
pilot_v1_r3_mu010,R3,patchy_high,32,9,low_extraction_rate,0.084375,4000,5000,20,20
pilot_v1_r3_mu010,R3,patchy_high,64,9,social_perception_error,0.15285838293650794,4000,5000,20,20
pilot_v1_r3_mu010,R3,patchy_high,64,9,majority_mismatch_rate,0.01259296095006671,4000,5000,20,20
pilot_v1_r3_mu010,R3,patchy_high,64,9,majority_tie_rate,0.11328125,4000,5000,20,20
pilot_v1_r3_mu010,R3,patchy_high,64,9,visibility_gini,0.262274169921875,4000,5000,20,20
pilot_v1_r3_mu010,R3,patchy_high,64,9,low_extraction_rate,0.17265625,4000,5000,20,20
pilot_v1_r3_mu010,R3,split_high_low,32,9,social_perception_error,0.13412298387096772,4000,5000,20,20
pilot_v1_r3_mu010,R3,split_high_low,32,9,majority_mismatch_rate,0.007582566889632107,4000,5000,20,20
pilot_v1_r3_mu010,R3,split_high_low,32,9,majority_tie_rate,0.071875,4000,5000,20,20
pilot_v1_r3_mu010,R3,split_high_low,32,9,visibility_gini,0.2041259765625,4000,5000,20,20
pilot_v1_r3_mu010,R3,split_high_low,32,9,low_extraction_rate,0.14375,4000,5000,20,20
pilot_v1_r3_mu010,R3,split_high_low,64,9,social_perception_error,0.1413287450396825,4000,5000,20,20
pilot_v1_r3_mu010,R3,split_high_low,64,9,majority_mismatch_rate,0.009848123321325227,4000,5000,20,20
pilot_v1_r3_mu010,R3,split_high_low,64,9,majority_tie_rate,0.0484375,4000,5000,20,20
pilot_v1_r3_mu010,R3,split_high_low,64,9,visibility_gini,0.2775634765625,4000,5000,20,20
pilot_v1_r3_mu010,R3,split_high_low,64,9,low_extraction_rate,0.1609375,4000,5000,20,20
pilot_v1_s1,S1,uniform_high,32,0,social_perception_error,0.07195060483870966,4000,5000,20,20
pilot_v1_s1,S1,uniform_high,32,0,majority_mismatch_rate,0.0,4000,5000,20,20
pilot_v1_s1,S1,uniform_high,32,0,majority_tie_rate,0.0140625,4000,5000,20,20
pilot_v1_s1,S1,uniform_high,32,0,visibility_gini,0.21337890625,4000,5000,20,20
pilot_v1_s1,S1,uniform_high,32,0,low_extraction_rate,0.05,4000,5000,20,20
pilot_v1_s1,S1,uniform_high,64,0,social_perception_error,0.16681547619047618,4000,5000,20,20
pilot_v1_s1,S1,uniform_high,64,0,majority_mismatch_rate,0.07955931161366644,4000,5000,20,20
pilot_v1_s1,S1,uniform_high,64,0,majority_tie_rate,0.22578125,4000,5000,20,20
pilot_v1_s1,S1,uniform_high,64,0,visibility_gini,0.2823486328125,4000,5000,20,20
pilot_v1_s1,S1,uniform_high,64,0,low_extraction_rate,0.2703125,4000,5000,20,20
pilot_v1_s1,S1,patchy_high,32,0,social_perception_error,0.07299647177419354,4000,5000,20,20
pilot_v1_s1,S1,patchy_high,32,0,majority_mismatch_rate,0.0,4000,5000,20,20
pilot_v1_s1,S1,patchy_high,32,0,majority_tie_rate,0.0078125,4000,5000,20,20
pilot_v1_s1,S1,patchy_high,32,0,visibility_gini,0.21337890625,4000,5000,20,20
pilot_v1_s1,S1,patchy_high,32,0,low_extraction_rate,0.05,4000,5000,20,20
pilot_v1_s1,S1,patchy_high,64,0,social_perception_error,0.17070312499999998,4000,5000,20,20
pilot_v1_s1,S1,patchy_high,64,0,majority_mismatch_rate,0.08333279762335129,4000,5000,20,20
pilot_v1_s1,S1,patchy_high,64,0,majority_tie_rate,0.23046875,4000,5000,20,20
pilot_v1_s1,S1,patchy_high,64,0,visibility_gini,0.2823486328125,4000,5000,20,20
pilot_v1_s1,S1,patchy_high,64,0,low_extraction_rate,0.28203125,4000,5000,20,20
pilot_v1_s1,S1,split_high_low,32,0,social_perception_error,0.14789566532258064,4000,5000,20,20
pilot_v1_s1,S1,split_high_low,32,0,majority_mismatch_rate,0.0017857142857142857,4000,5000,20,20
pilot_v1_s1,S1,split_high_low,32,0,majority_tie_rate,0.1109375,4000,5000,20,20
pilot_v1_s1,S1,split_high_low,32,0,visibility_gini,0.21337890625,4000,5000,20,20
pilot_v1_s1,S1,split_high_low,32,0,low_extraction_rate,0.1328125,4000,5000,20,20
pilot_v1_s1,S1,split_high_low,64,0,social_perception_error,0.17244543650793648,4000,5000,20,20
pilot_v1_s1,S1,split_high_low,64,0,majority_mismatch_rate,0.054999373450037484,4000,5000,20,20
pilot_v1_s1,S1,split_high_low,64,0,majority_tie_rate,0.20390625,4000,5000,20,20
pilot_v1_s1,S1,split_high_low,64,0,visibility_gini,0.2823486328125,4000,5000,20,20
pilot_v1_s1,S1,split_high_low,64,0,low_extraction_rate,0.234375,4000,5000,20,20
pilot_v1_s1,S1,uniform_high,32,1,social_perception_error,0.05210433467741935,4000,5000,20,20
pilot_v1_s1,S1,uniform_high,32,1,majority_mismatch_rate,0.0,4000,5000,20,20
pilot_v1_s1,S1,uniform_high,32,1,majority_tie_rate,0.0046875,4000,5000,20,20
pilot_v1_s1,S1,uniform_high,32,1,visibility_gini,0.23046875,4000,5000,20,20
pilot_v1_s1,S1,uniform_high,32,1,low_extraction_rate,0.034375,4000,5000,20,20
pilot_v1_s1,S1,uniform_high,64,1,social_perception_error,0.18904079861111112,4000,5000,20,20
pilot_v1_s1,S1,uniform_high,64,1,majority_mismatch_rate,0.15075506920393716,4000,5000,20,20
pilot_v1_s1,S1,uniform_high,64,1,majority_tie_rate,0.28203125,4000,5000,20,20
pilot_v1_s1,S1,uniform_high,64,1,visibility_gini,0.2880859375,4000,5000,20,20
pilot_v1_s1,S1,uniform_high,64,1,low_extraction_rate,0.30234375,4000,5000,20,20
pilot_v1_s1,S1,patchy_high,32,1,social_perception_error,0.04897933467741935,4000,5000,20,20
pilot_v1_s1,S1,patchy_high,32,1,majority_mismatch_rate,0.0,4000,5000,20,20
pilot_v1_s1,S1,patchy_high,32,1,majority_tie_rate,0.0015625,4000,5000,20,20
pilot_v1_s1,S1,patchy_high,32,1,visibility_gini,0.23046875,4000,5000,20,20
pilot_v1_s1,S1,patchy_high,32,1,low_extraction_rate,0.0359375,4000,5000,20,20
pilot_v1_s1,S1,patchy_high,64,1,social_perception_error,0.18400297619047618,4000,5000,20,20
pilot_v1_s1,S1,patchy_high,64,1,majority_mismatch_rate,0.14793886861388172,4000,5000,20,20
pilot_v1_s1,S1,patchy_high,64,1,majority_tie_rate,0.2859375,4000,5000,20,20
pilot_v1_s1,S1,patchy_high,64,1,visibility_gini,0.2880859375,4000,5000,20,20
pilot_v1_s1,S1,patchy_high,64,1,low_extraction_rate,0.31640625,4000,5000,20,20
pilot_v1_s1,S1,split_high_low,32,1,social_perception_error,0.0748991935483871,4000,5000,20,20
pilot_v1_s1,S1,split_high_low,32,1,majority_mismatch_rate,0.0016129032258064516,4000,5000,20,20
pilot_v1_s1,S1,split_high_low,32,1,majority_tie_rate,0.015625,4000,5000,20,20
pilot_v1_s1,S1,split_high_low,32,1,visibility_gini,0.23046875,4000,5000,20,20
pilot_v1_s1,S1,split_high_low,32,1,low_extraction_rate,0.0484375,4000,5000,20,20
pilot_v1_s1,S1,split_high_low,64,1,social_perception_error,0.15264446924603176,4000,5000,20,20
pilot_v1_s1,S1,split_high_low,64,1,majority_mismatch_rate,0.04778504238258416,4000,5000,20,20
pilot_v1_s1,S1,split_high_low,64,1,majority_tie_rate,0.19140625,4000,5000,20,20
pilot_v1_s1,S1,split_high_low,64,1,visibility_gini,0.2880859375,4000,5000,20,20
pilot_v1_s1,S1,split_high_low,64,1,low_extraction_rate,0.22578125,4000,5000,20,20
pilot_v1_s1,S1,uniform_high,32,2,social_perception_error,0.019871471774193548,4000,5000,20,20
pilot_v1_s1,S1,uniform_high,32,2,majority_mismatch_rate,0.0,4000,5000,20,20
pilot_v1_s1,S1,uniform_high,32,2,majority_tie_rate,0.0015625,4000,5000,20,20
pilot_v1_s1,S1,uniform_high,32,2,visibility_gini,0.2978515625,4000,5000,20,20
pilot_v1_s1,S1,uniform_high,32,2,low_extraction_rate,0.0125,4000,5000,20,20
pilot_v1_s1,S1,uniform_high,64,2,social_perception_error,0.16270151289682538,4000,5000,20,20
pilot_v1_s1,S1,uniform_high,64,2,majority_mismatch_rate,0.0887755623936167,4000,5000,20,20
pilot_v1_s1,S1,uniform_high,64,2,majority_tie_rate,0.2109375,4000,5000,20,20
pilot_v1_s1,S1,uniform_high,64,2,visibility_gini,0.2679443359375,4000,5000,20,20
pilot_v1_s1,S1,uniform_high,64,2,low_extraction_rate,0.2734375,4000,5000,20,20
pilot_v1_s1,S1,patchy_high,32,2,social_perception_error,0.017552923387096773,4000,5000,20,20
pilot_v1_s1,S1,patchy_high,32,2,majority_mismatch_rate,0.0,4000,5000,20,20
pilot_v1_s1,S1,patchy_high,32,2,majority_tie_rate,0.0,4000,5000,20,20
pilot_v1_s1,S1,patchy_high,32,2,visibility_gini,0.2978515625,4000,5000,20,20
pilot_v1_s1,S1,patchy_high,32,2,low_extraction_rate,0.0109375,4000,5000,20,20
pilot_v1_s1,S1,patchy_high,64,2,social_perception_error,0.17126426091269842,4000,5000,20,20
pilot_v1_s1,S1,patchy_high,64,2,majority_mismatch_rate,0.11459292320771337,4000,5000,20,20
pilot_v1_s1,S1,patchy_high,64,2,majority_tie_rate,0.23359375,4000,5000,20,20
pilot_v1_s1,S1,patchy_high,64,2,visibility_gini,0.2679443359375,4000,5000,20,20
pilot_v1_s1,S1,patchy_high,64,2,low_extraction_rate,0.284375,4000,5000,20,20
pilot_v1_s1,S1,split_high_low,32,2,social_perception_error,0.10063004032258065,4000,5000,20,20
pilot_v1_s1,S1,split_high_low,32,2,majority_mismatch_rate,0.0,4000,5000,20,20
pilot_v1_s1,S1,split_high_low,32,2,majority_tie_rate,0.009375,4000,5000,20,20
pilot_v1_s1,S1,split_high_low,32,2,visibility_gini,0.2978515625,4000,5000,20,20
pilot_v1_s1,S1,split_high_low,32,2,low_extraction_rate,0.096875,4000,5000,20,20
pilot_v1_s1,S1,split_high_low,64,2,social_perception_error,0.16539558531746032,4000,5000,20,20
pilot_v1_s1,S1,split_high_low,64,2,majority_mismatch_rate,0.04419281848640083,4000,5000,20,20
pilot_v1_s1,S1,split_high_low,64,2,majority_tie_rate,0.21328125,4000,5000,20,20
pilot_v1_s1,S1,split_high_low,64,2,visibility_gini,0.2679443359375,4000,5000,20,20
pilot_v1_s1,S1,split_high_low,64,2,low_extraction_rate,0.24921875,4000,5000,20,20
pilot_v1_s1,S1,uniform_high,32,3,social_perception_error,0.023387096774193546,4000,5000,20,20
pilot_v1_s1,S1,uniform_high,32,3,majority_mismatch_rate,0.0,4000,5000,20,20
pilot_v1_s1,S1,uniform_high,32,3,majority_tie_rate,0.0,4000,5000,20,20
pilot_v1_s1,S1,uniform_high,32,3,visibility_gini,0.287109375,4000,5000,20,20
pilot_v1_s1,S1,uniform_high,32,3,low_extraction_rate,0.0140625,4000,5000,20,20
pilot_v1_s1,S1,uniform_high,64,3,social_perception_error,0.16028645833333335,4000,5000,20,20
pilot_v1_s1,S1,uniform_high,64,3,majority_mismatch_rate,0.0504099133607507,4000,5000,20,20
pilot_v1_s1,S1,uniform_high,64,3,majority_tie_rate,0.17265625,4000,5000,20,20
pilot_v1_s1,S1,uniform_high,64,3,visibility_gini,0.265625,4000,5000,20,20
pilot_v1_s1,S1,uniform_high,64,3,low_extraction_rate,0.21796875,4000,5000,20,20
pilot_v1_s1,S1,patchy_high,32,3,social_perception_error,0.022517641129032255,4000,5000,20,20
pilot_v1_s1,S1,patchy_high,32,3,majority_mismatch_rate,0.0,4000,5000,20,20
pilot_v1_s1,S1,patchy_high,32,3,majority_tie_rate,0.0,4000,5000,20,20
pilot_v1_s1,S1,patchy_high,32,3,visibility_gini,0.287109375,4000,5000,20,20
pilot_v1_s1,S1,patchy_high,32,3,low_extraction_rate,0.0140625,4000,5000,20,20
pilot_v1_s1,S1,patchy_high,64,3,social_perception_error,0.16004774305555558,4000,5000,20,20
pilot_v1_s1,S1,patchy_high,64,3,majority_mismatch_rate,0.05366433122057616,4000,5000,20,20
pilot_v1_s1,S1,patchy_high,64,3,majority_tie_rate,0.21015625,4000,5000,20,20
pilot_v1_s1,S1,patchy_high,64,3,visibility_gini,0.265625,4000,5000,20,20
pilot_v1_s1,S1,patchy_high,64,3,low_extraction_rate,0.23984375,4000,5000,20,20
pilot_v1_s1,S1,split_high_low,32,3,social_perception_error,0.14204889112903224,4000,5000,20,20
pilot_v1_s1,S1,split_high_low,32,3,majority_mismatch_rate,0.005337041156840935,4000,5000,20,20
pilot_v1_s1,S1,split_high_low,32,3,majority_tie_rate,0.1109375,4000,5000,20,20
pilot_v1_s1,S1,split_high_low,32,3,visibility_gini,0.287109375,4000,5000,20,20
pilot_v1_s1,S1,split_high_low,32,3,low_extraction_rate,0.1640625,4000,5000,20,20
pilot_v1_s1,S1,split_high_low,64,3,social_perception_error,0.18659164186507937,4000,5000,20,20
pilot_v1_s1,S1,split_high_low,64,3,majority_mismatch_rate,0.14362986184986085,4000,5000,20,20
pilot_v1_s1,S1,split_high_low,64,3,majority_tie_rate,0.26484375,4000,5000,20,20
pilot_v1_s1,S1,split_high_low,64,3,visibility_gini,0.265625,4000,5000,20,20
pilot_v1_s1,S1,split_high_low,64,3,low_extraction_rate,0.3203125,4000,5000,20,20
pilot_v1_s1,S1,uniform_high,32,4,social_perception_error,0.1282384072580645,4000,5000,20,20
pilot_v1_s1,S1,uniform_high,32,4,majority_mismatch_rate,0.00669392174432497,4000,5000,20,20
pilot_v1_s1,S1,uniform_high,32,4,majority_tie_rate,0.0453125,4000,5000,20,20
pilot_v1_s1,S1,uniform_high,32,4,visibility_gini,0.16455078125,4000,5000,20,20
pilot_v1_s1,S1,uniform_high,32,4,low_extraction_rate,0.1296875,4000,5000,20,20
pilot_v1_s1,S1,uniform_high,64,4,social_perception_error,0.17508990575396827,4000,5000,20,20
pilot_v1_s1,S1,uniform_high,64,4,majority_mismatch_rate,0.09178443888465157,4000,5000,20,20
pilot_v1_s1,S1,uniform_high,64,4,majority_tie_rate,0.27265625,4000,5000,20,20
pilot_v1_s1,S1,uniform_high,64,4,visibility_gini,0.2669677734375,4000,5000,20,20
pilot_v1_s1,S1,uniform_high,64,4,low_extraction_rate,0.28046875,4000,5000,20,20
pilot_v1_s1,S1,patchy_high,32,4,social_perception_error,0.13256048387096778,4000,5000,20,20
pilot_v1_s1,S1,patchy_high,32,4,majority_mismatch_rate,0.0034523809523809524,4000,5000,20,20
pilot_v1_s1,S1,patchy_high,32,4,majority_tie_rate,0.0578125,4000,5000,20,20
pilot_v1_s1,S1,patchy_high,32,4,visibility_gini,0.16455078125,4000,5000,20,20
pilot_v1_s1,S1,patchy_high,32,4,low_extraction_rate,0.115625,4000,5000,20,20
pilot_v1_s1,S1,patchy_high,64,4,social_perception_error,0.17045510912698408,4000,5000,20,20
pilot_v1_s1,S1,patchy_high,64,4,majority_mismatch_rate,0.0900629552976926,4000,5000,20,20
pilot_v1_s1,S1,patchy_high,64,4,majority_tie_rate,0.2578125,4000,5000,20,20
pilot_v1_s1,S1,patchy_high,64,4,visibility_gini,0.2669677734375,4000,5000,20,20
pilot_v1_s1,S1,patchy_high,64,4,low_extraction_rate,0.2703125,4000,5000,20,20
pilot_v1_s1,S1,split_high_low,32,4,social_perception_error,0.1342867943548387,4000,5000,20,20
pilot_v1_s1,S1,split_high_low,32,4,majority_mismatch_rate,0.0017241379310344827,4000,5000,20,20
pilot_v1_s1,S1,split_high_low,32,4,majority_tie_rate,0.0796875,4000,5000,20,20
pilot_v1_s1,S1,split_high_low,32,4,visibility_gini,0.16455078125,4000,5000,20,20
pilot_v1_s1,S1,split_high_low,32,4,low_extraction_rate,0.14375,4000,5000,20,20
pilot_v1_s1,S1,split_high_low,64,4,social_perception_error,0.18818204365079363,4000,5000,20,20
pilot_v1_s1,S1,split_high_low,64,4,majority_mismatch_rate,0.11930125385686448,4000,5000,20,20
pilot_v1_s1,S1,split_high_low,64,4,majority_tie_rate,0.26171875,4000,5000,20,20
pilot_v1_s1,S1,split_high_low,64,4,visibility_gini,0.2669677734375,4000,5000,20,20
pilot_v1_s1,S1,split_high_low,64,4,low_extraction_rate,0.28671875,4000,5000,20,20
pilot_v1_s1,S1,uniform_high,32,5,social_perception_error,0.07045110887096774,4000,5000,20,20
pilot_v1_s1,S1,uniform_high,32,5,majority_mismatch_rate,0.0,4000,5000,20,20
pilot_v1_s1,S1,uniform_high,32,5,majority_tie_rate,0.0109375,4000,5000,20,20
pilot_v1_s1,S1,uniform_high,32,5,visibility_gini,0.27197265625,4000,5000,20,20
pilot_v1_s1,S1,uniform_high,32,5,low_extraction_rate,0.0453125,4000,5000,20,20
pilot_v1_s1,S1,uniform_high,64,5,social_perception_error,0.15944940476190475,4000,5000,20,20
pilot_v1_s1,S1,uniform_high,64,5,majority_mismatch_rate,0.0549424097836983,4000,5000,20,20
pilot_v1_s1,S1,uniform_high,64,5,majority_tie_rate,0.2125,4000,5000,20,20
pilot_v1_s1,S1,uniform_high,64,5,visibility_gini,0.2606201171875,4000,5000,20,20
pilot_v1_s1,S1,uniform_high,64,5,low_extraction_rate,0.2359375,4000,5000,20,20
pilot_v1_s1,S1,patchy_high,32,5,social_perception_error,0.0756930443548387,4000,5000,20,20
pilot_v1_s1,S1,patchy_high,32,5,majority_mismatch_rate,0.0,4000,5000,20,20
pilot_v1_s1,S1,patchy_high,32,5,majority_tie_rate,0.0078125,4000,5000,20,20
pilot_v1_s1,S1,patchy_high,32,5,visibility_gini,0.27197265625,4000,5000,20,20
pilot_v1_s1,S1,patchy_high,32,5,low_extraction_rate,0.05,4000,5000,20,20
pilot_v1_s1,S1,patchy_high,64,5,social_perception_error,0.16065538194444445,4000,5000,20,20
pilot_v1_s1,S1,patchy_high,64,5,majority_mismatch_rate,0.06682547984754353,4000,5000,20,20
pilot_v1_s1,S1,patchy_high,64,5,majority_tie_rate,0.2171875,4000,5000,20,20
pilot_v1_s1,S1,patchy_high,64,5,visibility_gini,0.2606201171875,4000,5000,20,20
pilot_v1_s1,S1,patchy_high,64,5,low_extraction_rate,0.23828125,4000,5000,20,20
pilot_v1_s1,S1,split_high_low,32,5,social_perception_error,0.12991431451612903,4000,5000,20,20
pilot_v1_s1,S1,split_high_low,32,5,majority_mismatch_rate,0.016327955166430663,4000,5000,20,20
pilot_v1_s1,S1,split_high_low,32,5,majority_tie_rate,0.1171875,4000,5000,20,20
pilot_v1_s1,S1,split_high_low,32,5,visibility_gini,0.27197265625,4000,5000,20,20
pilot_v1_s1,S1,split_high_low,32,5,low_extraction_rate,0.125,4000,5000,20,20
pilot_v1_s1,S1,split_high_low,64,5,social_perception_error,0.16998077876984127,4000,5000,20,20
pilot_v1_s1,S1,split_high_low,64,5,majority_mismatch_rate,0.0504709186988757,4000,5000,20,20
pilot_v1_s1,S1,split_high_low,64,5,majority_tie_rate,0.1859375,4000,5000,20,20
pilot_v1_s1,S1,split_high_low,64,5,visibility_gini,0.2606201171875,4000,5000,20,20
pilot_v1_s1,S1,split_high_low,64,5,low_extraction_rate,0.20078125,4000,5000,20,20
pilot_v1_s1,S1,uniform_high,32,6,social_perception_error,0.08738659274193547,4000,5000,20,20
pilot_v1_s1,S1,uniform_high,32,6,majority_mismatch_rate,0.0,4000,5000,20,20
pilot_v1_s1,S1,uniform_high,32,6,majority_tie_rate,0.009375,4000,5000,20,20
pilot_v1_s1,S1,uniform_high,32,6,visibility_gini,0.25927734375,4000,5000,20,20
pilot_v1_s1,S1,uniform_high,32,6,low_extraction_rate,0.0609375,4000,5000,20,20
pilot_v1_s1,S1,uniform_high,64,6,social_perception_error,0.18106708829365079,4000,5000,20,20
pilot_v1_s1,S1,uniform_high,64,6,majority_mismatch_rate,0.1342851790411943,4000,5000,20,20
pilot_v1_s1,S1,uniform_high,64,6,majority_tie_rate,0.3015625,4000,5000,20,20
pilot_v1_s1,S1,uniform_high,64,6,visibility_gini,0.2545166015625,4000,5000,20,20
pilot_v1_s1,S1,uniform_high,64,6,low_extraction_rate,0.33203125,4000,5000,20,20
pilot_v1_s1,S1,patchy_high,32,6,social_perception_error,0.12312247983870969,4000,5000,20,20
pilot_v1_s1,S1,patchy_high,32,6,majority_mismatch_rate,0.0035359801488833746,4000,5000,20,20
pilot_v1_s1,S1,patchy_high,32,6,majority_tie_rate,0.0484375,4000,5000,20,20
pilot_v1_s1,S1,patchy_high,32,6,visibility_gini,0.25927734375,4000,5000,20,20
pilot_v1_s1,S1,patchy_high,32,6,low_extraction_rate,0.1171875,4000,5000,20,20
pilot_v1_s1,S1,patchy_high,64,6,social_perception_error,0.19046999007936508,4000,5000,20,20
pilot_v1_s1,S1,patchy_high,64,6,majority_mismatch_rate,0.21995013910591593,4000,5000,20,20
pilot_v1_s1,S1,patchy_high,64,6,majority_tie_rate,0.33046875,4000,5000,20,20
pilot_v1_s1,S1,patchy_high,64,6,visibility_gini,0.2545166015625,4000,5000,20,20
pilot_v1_s1,S1,patchy_high,64,6,low_extraction_rate,0.36953125,4000,5000,20,20
pilot_v1_s1,S1,split_high_low,32,6,social_perception_error,0.14107862903225807,4000,5000,20,20
pilot_v1_s1,S1,split_high_low,32,6,majority_mismatch_rate,0.0073924731182795685,4000,5000,20,20
pilot_v1_s1,S1,split_high_low,32,6,majority_tie_rate,0.0796875,4000,5000,20,20
pilot_v1_s1,S1,split_high_low,32,6,visibility_gini,0.25927734375,4000,5000,20,20
pilot_v1_s1,S1,split_high_low,32,6,low_extraction_rate,0.140625,4000,5000,20,20
pilot_v1_s1,S1,split_high_low,64,6,social_perception_error,0.19277343749999998,4000,5000,20,20
pilot_v1_s1,S1,split_high_low,64,6,majority_mismatch_rate,0.16541949356720725,4000,5000,20,20
pilot_v1_s1,S1,split_high_low,64,6,majority_tie_rate,0.30625,4000,5000,20,20
pilot_v1_s1,S1,split_high_low,64,6,visibility_gini,0.2545166015625,4000,5000,20,20
pilot_v1_s1,S1,split_high_low,64,6,low_extraction_rate,0.3515625,4000,5000,20,20
pilot_v1_s1,S1,uniform_high,32,7,social_perception_error,0.06902721774193547,4000,5000,20,20
pilot_v1_s1,S1,uniform_high,32,7,majority_mismatch_rate,0.0,4000,5000,20,20
pilot_v1_s1,S1,uniform_high,32,7,majority_tie_rate,0.0171875,4000,5000,20,20
pilot_v1_s1,S1,uniform_high,32,7,visibility_gini,0.22900390625,4000,5000,20,20
pilot_v1_s1,S1,uniform_high,32,7,low_extraction_rate,0.0484375,4000,5000,20,20
pilot_v1_s1,S1,uniform_high,64,7,social_perception_error,0.1527064732142857,4000,5000,20,20
pilot_v1_s1,S1,uniform_high,64,7,majority_mismatch_rate,0.012093146069134617,4000,5000,20,20
pilot_v1_s1,S1,uniform_high,64,7,majority_tie_rate,0.13515625,4000,5000,20,20
pilot_v1_s1,S1,uniform_high,64,7,visibility_gini,0.28857421875,4000,5000,20,20
pilot_v1_s1,S1,uniform_high,64,7,low_extraction_rate,0.190625,4000,5000,20,20
pilot_v1_s1,S1,patchy_high,32,7,social_perception_error,0.07052671370967742,4000,5000,20,20
pilot_v1_s1,S1,patchy_high,32,7,majority_mismatch_rate,0.0,4000,5000,20,20
pilot_v1_s1,S1,patchy_high,32,7,majority_tie_rate,0.0140625,4000,5000,20,20
pilot_v1_s1,S1,patchy_high,32,7,visibility_gini,0.22900390625,4000,5000,20,20
pilot_v1_s1,S1,patchy_high,32,7,low_extraction_rate,0.0515625,4000,5000,20,20
pilot_v1_s1,S1,patchy_high,64,7,social_perception_error,0.14926525297619045,4000,5000,20,20
pilot_v1_s1,S1,patchy_high,64,7,majority_mismatch_rate,0.00862525485370313,4000,5000,20,20
pilot_v1_s1,S1,patchy_high,64,7,majority_tie_rate,0.146875,4000,5000,20,20
pilot_v1_s1,S1,patchy_high,64,7,visibility_gini,0.28857421875,4000,5000,20,20
pilot_v1_s1,S1,patchy_high,64,7,low_extraction_rate,0.196875,4000,5000,20,20
pilot_v1_s1,S1,split_high_low,32,7,social_perception_error,0.1657006048387097,4000,5000,20,20
pilot_v1_s1,S1,split_high_low,32,7,majority_mismatch_rate,0.02921984948839169,4000,5000,20,20
pilot_v1_s1,S1,split_high_low,32,7,majority_tie_rate,0.2328125,4000,5000,20,20
pilot_v1_s1,S1,split_high_low,32,7,visibility_gini,0.22900390625,4000,5000,20,20
pilot_v1_s1,S1,split_high_low,32,7,low_extraction_rate,0.2078125,4000,5000,20,20
pilot_v1_s1,S1,split_high_low,64,7,social_perception_error,0.15067584325396827,4000,5000,20,20
pilot_v1_s1,S1,split_high_low,64,7,majority_mismatch_rate,0.03071128175610363,4000,5000,20,20
pilot_v1_s1,S1,split_high_low,64,7,majority_tie_rate,0.190625,4000,5000,20,20
pilot_v1_s1,S1,split_high_low,64,7,visibility_gini,0.28857421875,4000,5000,20,20
pilot_v1_s1,S1,split_high_low,64,7,low_extraction_rate,0.2203125,4000,5000,20,20
pilot_v1_s1,S1,uniform_high,32,8,social_perception_error,0.15175151209677418,4000,5000,20,20
pilot_v1_s1,S1,uniform_high,32,8,majority_mismatch_rate,0.020647197310990413,4000,5000,20,20
pilot_v1_s1,S1,uniform_high,32,8,majority_tie_rate,0.1234375,4000,5000,20,20
pilot_v1_s1,S1,uniform_high,32,8,visibility_gini,0.29931640625,4000,5000,20,20
pilot_v1_s1,S1,uniform_high,32,8,low_extraction_rate,0.1609375,4000,5000,20,20
pilot_v1_s1,S1,uniform_high,64,8,social_perception_error,0.19799727182539684,4000,5000,20,20
pilot_v1_s1,S1,uniform_high,64,8,majority_mismatch_rate,0.287622871258992,4000,5000,20,20
pilot_v1_s1,S1,uniform_high,64,8,majority_tie_rate,0.33046875,4000,5000,20,20
pilot_v1_s1,S1,uniform_high,64,8,visibility_gini,0.262939453125,4000,5000,20,20
pilot_v1_s1,S1,uniform_high,64,8,low_extraction_rate,0.41953125,4000,5000,20,20
pilot_v1_s1,S1,patchy_high,32,8,social_perception_error,0.13802923387096772,4000,5000,20,20
pilot_v1_s1,S1,patchy_high,32,8,majority_mismatch_rate,0.01057029177718833,4000,5000,20,20
pilot_v1_s1,S1,patchy_high,32,8,majority_tie_rate,0.0625,4000,5000,20,20
pilot_v1_s1,S1,patchy_high,32,8,visibility_gini,0.29931640625,4000,5000,20,20
pilot_v1_s1,S1,patchy_high,32,8,low_extraction_rate,0.1296875,4000,5000,20,20
pilot_v1_s1,S1,patchy_high,64,8,social_perception_error,0.19515128968253964,4000,5000,20,20
pilot_v1_s1,S1,patchy_high,64,8,majority_mismatch_rate,0.28045662840389507,4000,5000,20,20
pilot_v1_s1,S1,patchy_high,64,8,majority_tie_rate,0.3578125,4000,5000,20,20
pilot_v1_s1,S1,patchy_high,64,8,visibility_gini,0.262939453125,4000,5000,20,20
pilot_v1_s1,S1,patchy_high,64,8,low_extraction_rate,0.409375,4000,5000,20,20
pilot_v1_s1,S1,split_high_low,32,8,social_perception_error,0.16218497983870966,4000,5000,20,20
pilot_v1_s1,S1,split_high_low,32,8,majority_mismatch_rate,0.09884866051877199,4000,5000,20,20
pilot_v1_s1,S1,split_high_low,32,8,majority_tie_rate,0.2640625,4000,5000,20,20
pilot_v1_s1,S1,split_high_low,32,8,visibility_gini,0.29931640625,4000,5000,20,20
pilot_v1_s1,S1,split_high_low,32,8,low_extraction_rate,0.2875,4000,5000,20,20
pilot_v1_s1,S1,split_high_low,64,8,social_perception_error,0.19963107638888888,4000,5000,20,20
pilot_v1_s1,S1,split_high_low,64,8,majority_mismatch_rate,0.18187547259370188,4000,5000,20,20
pilot_v1_s1,S1,split_high_low,64,8,majority_tie_rate,0.27421875,4000,5000,20,20
pilot_v1_s1,S1,split_high_low,64,8,visibility_gini,0.262939453125,4000,5000,20,20
pilot_v1_s1,S1,split_high_low,64,8,low_extraction_rate,0.34375,4000,5000,20,20
pilot_v1_s1,S1,uniform_high,32,9,social_perception_error,0.12734375,4000,5000,20,20
pilot_v1_s1,S1,uniform_high,32,9,majority_mismatch_rate,0.0067894221092218866,4000,5000,20,20
pilot_v1_s1,S1,uniform_high,32,9,majority_tie_rate,0.0640625,4000,5000,20,20
pilot_v1_s1,S1,uniform_high,32,9,visibility_gini,0.24462890625,4000,5000,20,20
pilot_v1_s1,S1,uniform_high,32,9,low_extraction_rate,0.1203125,4000,5000,20,20
pilot_v1_s1,S1,uniform_high,64,9,social_perception_error,0.15222284226190474,4000,5000,20,20
pilot_v1_s1,S1,uniform_high,64,9,majority_mismatch_rate,0.018916675778605736,4000,5000,20,20
pilot_v1_s1,S1,uniform_high,64,9,majority_tie_rate,0.1234375,4000,5000,20,20
pilot_v1_s1,S1,uniform_high,64,9,visibility_gini,0.2685546875,4000,5000,20,20
pilot_v1_s1,S1,uniform_high,64,9,low_extraction_rate,0.19296875,4000,5000,20,20
pilot_v1_s1,S1,patchy_high,32,9,social_perception_error,0.13994455645161294,4000,5000,20,20
pilot_v1_s1,S1,patchy_high,32,9,majority_mismatch_rate,0.006727845754542083,4000,5000,20,20
pilot_v1_s1,S1,patchy_high,32,9,majority_tie_rate,0.0765625,4000,5000,20,20
pilot_v1_s1,S1,patchy_high,32,9,visibility_gini,0.24462890625,4000,5000,20,20
pilot_v1_s1,S1,patchy_high,32,9,low_extraction_rate,0.115625,4000,5000,20,20
pilot_v1_s1,S1,patchy_high,64,9,social_perception_error,0.1560670882936508,4000,5000,20,20
pilot_v1_s1,S1,patchy_high,64,9,majority_mismatch_rate,0.027156277873458375,4000,5000,20,20
pilot_v1_s1,S1,patchy_high,64,9,majority_tie_rate,0.14453125,4000,5000,20,20
pilot_v1_s1,S1,patchy_high,64,9,visibility_gini,0.2685546875,4000,5000,20,20
pilot_v1_s1,S1,patchy_high,64,9,low_extraction_rate,0.2125,4000,5000,20,20
pilot_v1_s1,S1,split_high_low,32,9,social_perception_error,0.12801159274193546,4000,5000,20,20
pilot_v1_s1,S1,split_high_low,32,9,majority_mismatch_rate,0.0033908045977011497,4000,5000,20,20
pilot_v1_s1,S1,split_high_low,32,9,majority_tie_rate,0.053125,4000,5000,20,20
pilot_v1_s1,S1,split_high_low,32,9,visibility_gini,0.24462890625,4000,5000,20,20
pilot_v1_s1,S1,split_high_low,32,9,low_extraction_rate,0.1296875,4000,5000,20,20
pilot_v1_s1,S1,split_high_low,64,9,social_perception_error,0.1519562251984127,4000,5000,20,20
pilot_v1_s1,S1,split_high_low,64,9,majority_mismatch_rate,0.02177194909940713,4000,5000,20,20
pilot_v1_s1,S1,split_high_low,64,9,majority_tie_rate,0.1390625,4000,5000,20,20
pilot_v1_s1,S1,split_high_low,64,9,visibility_gini,0.2685546875,4000,5000,20,20
pilot_v1_s1,S1,split_high_low,64,9,low_extraction_rate,0.20625,4000,5000,20,20
pilot_v1_s2,S2,uniform_high,32,0,social_perception_error,0.10120937586159359,4000,5000,20,20
pilot_v1_s2,S2,uniform_high,32,0,majority_mismatch_rate,0.005011520737327189,4000,5000,20,20
pilot_v1_s2,S2,uniform_high,32,0,majority_tie_rate,0.0609375,4000,5000,20,20
pilot_v1_s2,S2,uniform_high,32,0,visibility_gini,0.31864754098360654,4000,5000,20,20
pilot_v1_s2,S2,uniform_high,32,0,low_extraction_rate,0.071875,4000,5000,20,20
pilot_v1_s2,S2,uniform_high,64,0,social_perception_error,0.22662064714799088,4000,5000,20,20
pilot_v1_s2,S2,uniform_high,64,0,majority_mismatch_rate,0.18048614036404012,4000,5000,20,20
pilot_v1_s2,S2,uniform_high,64,0,majority_tie_rate,0.284375,4000,5000,20,20
pilot_v1_s2,S2,uniform_high,64,0,visibility_gini,0.344125,4000,5000,20,20
pilot_v1_s2,S2,uniform_high,64,0,low_extraction_rate,0.26015625,4000,5000,20,20
pilot_v1_s2,S2,patchy_high,32,0,social_perception_error,0.10150983509098428,4000,5000,20,20
pilot_v1_s2,S2,patchy_high,32,0,majority_mismatch_rate,0.002,4000,5000,20,20
pilot_v1_s2,S2,patchy_high,32,0,majority_tie_rate,0.0921875,4000,5000,20,20
pilot_v1_s2,S2,patchy_high,32,0,visibility_gini,0.31864754098360654,4000,5000,20,20
pilot_v1_s2,S2,patchy_high,32,0,low_extraction_rate,0.0625,4000,5000,20,20
pilot_v1_s2,S2,patchy_high,64,0,social_perception_error,0.22236023308288938,4000,5000,20,20
pilot_v1_s2,S2,patchy_high,64,0,majority_mismatch_rate,0.13837033220140132,4000,5000,20,20
pilot_v1_s2,S2,patchy_high,64,0,majority_tie_rate,0.21015625,4000,5000,20,20
pilot_v1_s2,S2,patchy_high,64,0,visibility_gini,0.344125,4000,5000,20,20
pilot_v1_s2,S2,patchy_high,64,0,low_extraction_rate,0.2390625,4000,5000,20,20
pilot_v1_s2,S2,split_high_low,32,0,social_perception_error,0.18674451164874553,4000,5000,20,20
pilot_v1_s2,S2,split_high_low,32,0,majority_mismatch_rate,0.05541074619507115,4000,5000,20,20
pilot_v1_s2,S2,split_high_low,32,0,majority_tie_rate,0.225,4000,5000,20,20
pilot_v1_s2,S2,split_high_low,32,0,visibility_gini,0.31864754098360654,4000,5000,20,20
pilot_v1_s2,S2,split_high_low,32,0,low_extraction_rate,0.1546875,4000,5000,20,20
pilot_v1_s2,S2,split_high_low,64,0,social_perception_error,0.21624844122891,4000,5000,20,20
pilot_v1_s2,S2,split_high_low,64,0,majority_mismatch_rate,0.12925089751586546,4000,5000,20,20
pilot_v1_s2,S2,split_high_low,64,0,majority_tie_rate,0.22890625,4000,5000,20,20
pilot_v1_s2,S2,split_high_low,64,0,visibility_gini,0.344125,4000,5000,20,20
pilot_v1_s2,S2,split_high_low,64,0,low_extraction_rate,0.25390625,4000,5000,20,20
pilot_v1_s2,S2,uniform_high,32,1,social_perception_error,0.07928091397849463,4000,5000,20,20
pilot_v1_s2,S2,uniform_high,32,1,majority_mismatch_rate,0.0,4000,5000,20,20
pilot_v1_s2,S2,uniform_high,32,1,majority_tie_rate,0.025,4000,5000,20,20
pilot_v1_s2,S2,uniform_high,32,1,visibility_gini,0.3288934426229508,4000,5000,20,20
pilot_v1_s2,S2,uniform_high,32,1,low_extraction_rate,0.0640625,4000,5000,20,20
pilot_v1_s2,S2,uniform_high,64,1,social_perception_error,0.21855326174030215,4000,5000,20,20
pilot_v1_s2,S2,uniform_high,64,1,majority_mismatch_rate,0.1958546179108691,4000,5000,20,20
pilot_v1_s2,S2,uniform_high,64,1,majority_tie_rate,0.284375,4000,5000,20,20
pilot_v1_s2,S2,uniform_high,64,1,visibility_gini,0.35962500000000014,4000,5000,20,20
pilot_v1_s2,S2,uniform_high,64,1,low_extraction_rate,0.31328125,4000,5000,20,20
pilot_v1_s2,S2,patchy_high,32,1,social_perception_error,0.08465242139133268,4000,5000,20,20
pilot_v1_s2,S2,patchy_high,32,1,majority_mismatch_rate,0.0,4000,5000,20,20
pilot_v1_s2,S2,patchy_high,32,1,majority_tie_rate,0.028125,4000,5000,20,20
pilot_v1_s2,S2,patchy_high,32,1,visibility_gini,0.3288934426229508,4000,5000,20,20
pilot_v1_s2,S2,patchy_high,32,1,low_extraction_rate,0.06875,4000,5000,20,20
pilot_v1_s2,S2,patchy_high,64,1,social_perception_error,0.218889867026356,4000,5000,20,20
pilot_v1_s2,S2,patchy_high,64,1,majority_mismatch_rate,0.16894569253762207,4000,5000,20,20
pilot_v1_s2,S2,patchy_high,64,1,majority_tie_rate,0.27421875,4000,5000,20,20
pilot_v1_s2,S2,patchy_high,64,1,visibility_gini,0.35962500000000014,4000,5000,20,20
pilot_v1_s2,S2,patchy_high,64,1,low_extraction_rate,0.290625,4000,5000,20,20
pilot_v1_s2,S2,split_high_low,32,1,social_perception_error,0.09764259276230043,4000,5000,20,20
pilot_v1_s2,S2,split_high_low,32,1,majority_mismatch_rate,0.0,4000,5000,20,20
pilot_v1_s2,S2,split_high_low,32,1,majority_tie_rate,0.065625,4000,5000,20,20
pilot_v1_s2,S2,split_high_low,32,1,visibility_gini,0.3288934426229508,4000,5000,20,20
pilot_v1_s2,S2,split_high_low,32,1,low_extraction_rate,0.0734375,4000,5000,20,20
pilot_v1_s2,S2,split_high_low,64,1,social_perception_error,0.21202545577890244,4000,5000,20,20
pilot_v1_s2,S2,split_high_low,64,1,majority_mismatch_rate,0.0876129691181571,4000,5000,20,20
pilot_v1_s2,S2,split_high_low,64,1,majority_tie_rate,0.21484375,4000,5000,20,20
pilot_v1_s2,S2,split_high_low,64,1,visibility_gini,0.35962500000000014,4000,5000,20,20
pilot_v1_s2,S2,split_high_low,64,1,low_extraction_rate,0.25,4000,5000,20,20
pilot_v1_s2,S2,uniform_high,32,2,social_perception_error,0.10494695296862636,4000,5000,20,20
pilot_v1_s2,S2,uniform_high,32,2,majority_mismatch_rate,0.0074894179894179885,4000,5000,20,20
pilot_v1_s2,S2,uniform_high,32,2,majority_tie_rate,0.071875,4000,5000,20,20
pilot_v1_s2,S2,uniform_high,32,2,visibility_gini,0.3365778688524589,4000,5000,20,20
pilot_v1_s2,S2,uniform_high,32,2,low_extraction_rate,0.0671875,4000,5000,20,20
pilot_v1_s2,S2,uniform_high,64,2,social_perception_error,0.2289220046446609,4000,5000,20,20
pilot_v1_s2,S2,uniform_high,64,2,majority_mismatch_rate,0.17268586333819522,4000,5000,20,20
pilot_v1_s2,S2,uniform_high,64,2,majority_tie_rate,0.259375,4000,5000,20,20
pilot_v1_s2,S2,uniform_high,64,2,visibility_gini,0.378125,4000,5000,20,20
pilot_v1_s2,S2,uniform_high,64,2,low_extraction_rate,0.28671875,4000,5000,20,20
pilot_v1_s2,S2,patchy_high,32,2,social_perception_error,0.09601206477214541,4000,5000,20,20
pilot_v1_s2,S2,patchy_high,32,2,majority_mismatch_rate,0.007142857142857143,4000,5000,20,20
pilot_v1_s2,S2,patchy_high,32,2,majority_tie_rate,0.09375,4000,5000,20,20
pilot_v1_s2,S2,patchy_high,32,2,visibility_gini,0.3365778688524589,4000,5000,20,20
pilot_v1_s2,S2,patchy_high,32,2,low_extraction_rate,0.0421875,4000,5000,20,20
pilot_v1_s2,S2,patchy_high,64,2,social_perception_error,0.22963142868416303,4000,5000,20,20
pilot_v1_s2,S2,patchy_high,64,2,majority_mismatch_rate,0.14633197645711132,4000,5000,20,20
pilot_v1_s2,S2,patchy_high,64,2,majority_tie_rate,0.23515625,4000,5000,20,20
pilot_v1_s2,S2,patchy_high,64,2,visibility_gini,0.378125,4000,5000,20,20
pilot_v1_s2,S2,patchy_high,64,2,low_extraction_rate,0.27890625,4000,5000,20,20
pilot_v1_s2,S2,split_high_low,32,2,social_perception_error,0.1755318485837639,4000,5000,20,20
pilot_v1_s2,S2,split_high_low,32,2,majority_mismatch_rate,0.05186433629949372,4000,5000,20,20
pilot_v1_s2,S2,split_high_low,32,2,majority_tie_rate,0.1765625,4000,5000,20,20
pilot_v1_s2,S2,split_high_low,32,2,visibility_gini,0.3365778688524589,4000,5000,20,20
pilot_v1_s2,S2,split_high_low,32,2,low_extraction_rate,0.1296875,4000,5000,20,20
pilot_v1_s2,S2,split_high_low,64,2,social_perception_error,0.22007024767766956,4000,5000,20,20
pilot_v1_s2,S2,split_high_low,64,2,majority_mismatch_rate,0.15779066703481434,4000,5000,20,20
pilot_v1_s2,S2,split_high_low,64,2,majority_tie_rate,0.30625,4000,5000,20,20
pilot_v1_s2,S2,split_high_low,64,2,visibility_gini,0.378125,4000,5000,20,20
pilot_v1_s2,S2,split_high_low,64,2,low_extraction_rate,0.27578125,4000,5000,20,20
pilot_v1_s2,S2,uniform_high,32,3,social_perception_error,0.04204001056067588,4000,5000,20,20
pilot_v1_s2,S2,uniform_high,32,3,majority_mismatch_rate,0.0,4000,5000,20,20
pilot_v1_s2,S2,uniform_high,32,3,majority_tie_rate,0.0125,4000,5000,20,20
pilot_v1_s2,S2,uniform_high,32,3,visibility_gini,0.3053278688524589,4000,5000,20,20
pilot_v1_s2,S2,uniform_high,32,3,low_extraction_rate,0.034375,4000,5000,20,20
pilot_v1_s2,S2,uniform_high,64,3,social_perception_error,0.21492810893661077,4000,5000,20,20
pilot_v1_s2,S2,uniform_high,64,3,majority_mismatch_rate,0.09626169306112495,4000,5000,20,20
pilot_v1_s2,S2,uniform_high,64,3,majority_tie_rate,0.20625,4000,5000,20,20
pilot_v1_s2,S2,uniform_high,64,3,visibility_gini,0.36624999999999996,4000,5000,20,20
pilot_v1_s2,S2,uniform_high,64,3,low_extraction_rate,0.23671875,4000,5000,20,20
pilot_v1_s2,S2,patchy_high,32,3,social_perception_error,0.05070604518689196,4000,5000,20,20
pilot_v1_s2,S2,patchy_high,32,3,majority_mismatch_rate,0.0015625,4000,5000,20,20
pilot_v1_s2,S2,patchy_high,32,3,majority_tie_rate,0.009375,4000,5000,20,20
pilot_v1_s2,S2,patchy_high,32,3,visibility_gini,0.3053278688524589,4000,5000,20,20
pilot_v1_s2,S2,patchy_high,32,3,low_extraction_rate,0.040625,4000,5000,20,20
pilot_v1_s2,S2,patchy_high,64,3,social_perception_error,0.2174295204132061,4000,5000,20,20
pilot_v1_s2,S2,patchy_high,64,3,majority_mismatch_rate,0.0867757967316811,4000,5000,20,20
pilot_v1_s2,S2,patchy_high,64,3,majority_tie_rate,0.23671875,4000,5000,20,20
pilot_v1_s2,S2,patchy_high,64,3,visibility_gini,0.36624999999999996,4000,5000,20,20
pilot_v1_s2,S2,patchy_high,64,3,low_extraction_rate,0.24453125,4000,5000,20,20
pilot_v1_s2,S2,split_high_low,32,3,social_perception_error,0.16036206317204302,4000,5000,20,20
pilot_v1_s2,S2,split_high_low,32,3,majority_mismatch_rate,0.030992730300433303,4000,5000,20,20
pilot_v1_s2,S2,split_high_low,32,3,majority_tie_rate,0.0859375,4000,5000,20,20
pilot_v1_s2,S2,split_high_low,32,3,visibility_gini,0.3053278688524589,4000,5000,20,20
pilot_v1_s2,S2,split_high_low,32,3,low_extraction_rate,0.146875,4000,5000,20,20
pilot_v1_s2,S2,split_high_low,64,3,social_perception_error,0.22768942416345905,4000,5000,20,20
pilot_v1_s2,S2,split_high_low,64,3,majority_mismatch_rate,0.1527745254965366,4000,5000,20,20
pilot_v1_s2,S2,split_high_low,64,3,majority_tie_rate,0.278125,4000,5000,20,20
pilot_v1_s2,S2,split_high_low,64,3,visibility_gini,0.36624999999999996,4000,5000,20,20
pilot_v1_s2,S2,split_high_low,64,3,low_extraction_rate,0.28828125,4000,5000,20,20
pilot_v1_s2,S2,uniform_high,32,4,social_perception_error,0.12429459485407066,4000,5000,20,20
pilot_v1_s2,S2,uniform_high,32,4,majority_mismatch_rate,0.007331730769230769,4000,5000,20,20
pilot_v1_s2,S2,uniform_high,32,4,majority_tie_rate,0.075,4000,5000,20,20
pilot_v1_s2,S2,uniform_high,32,4,visibility_gini,0.3201844262295081,4000,5000,20,20
pilot_v1_s2,S2,uniform_high,32,4,low_extraction_rate,0.1015625,4000,5000,20,20
pilot_v1_s2,S2,uniform_high,64,4,social_perception_error,0.23755549355158725,4000,5000,20,20
pilot_v1_s2,S2,uniform_high,64,4,majority_mismatch_rate,0.21191595901018973,4000,5000,20,20
pilot_v1_s2,S2,uniform_high,64,4,majority_tie_rate,0.2546875,4000,5000,20,20
pilot_v1_s2,S2,uniform_high,64,4,visibility_gini,0.36624999999999996,4000,5000,20,20
pilot_v1_s2,S2,uniform_high,64,4,low_extraction_rate,0.2734375,4000,5000,20,20
pilot_v1_s2,S2,patchy_high,32,4,social_perception_error,0.11655965674110835,4000,5000,20,20
pilot_v1_s2,S2,patchy_high,32,4,majority_mismatch_rate,0.0016129032258064516,4000,5000,20,20
pilot_v1_s2,S2,patchy_high,32,4,majority_tie_rate,0.05625,4000,5000,20,20
pilot_v1_s2,S2,patchy_high,32,4,visibility_gini,0.3201844262295081,4000,5000,20,20
pilot_v1_s2,S2,patchy_high,32,4,low_extraction_rate,0.1,4000,5000,20,20
pilot_v1_s2,S2,patchy_high,64,4,social_perception_error,0.2338544766865079,4000,5000,20,20
pilot_v1_s2,S2,patchy_high,64,4,majority_mismatch_rate,0.1759557280554206,4000,5000,20,20
pilot_v1_s2,S2,patchy_high,64,4,majority_tie_rate,0.240625,4000,5000,20,20
pilot_v1_s2,S2,patchy_high,64,4,visibility_gini,0.36624999999999996,4000,5000,20,20
pilot_v1_s2,S2,patchy_high,64,4,low_extraction_rate,0.25234375,4000,5000,20,20
pilot_v1_s2,S2,split_high_low,32,4,social_perception_error,0.1522962546526055,4000,5000,20,20
pilot_v1_s2,S2,split_high_low,32,4,majority_mismatch_rate,0.019162760775664,4000,5000,20,20
pilot_v1_s2,S2,split_high_low,32,4,majority_tie_rate,0.103125,4000,5000,20,20
pilot_v1_s2,S2,split_high_low,32,4,visibility_gini,0.3201844262295081,4000,5000,20,20
pilot_v1_s2,S2,split_high_low,32,4,low_extraction_rate,0.1390625,4000,5000,20,20
pilot_v1_s2,S2,split_high_low,64,4,social_perception_error,0.2282118055555556,4000,5000,20,20
pilot_v1_s2,S2,split_high_low,64,4,majority_mismatch_rate,0.15707305985974837,4000,5000,20,20
pilot_v1_s2,S2,split_high_low,64,4,majority_tie_rate,0.23828125,4000,5000,20,20
pilot_v1_s2,S2,split_high_low,64,4,visibility_gini,0.36624999999999996,4000,5000,20,20
pilot_v1_s2,S2,split_high_low,64,4,low_extraction_rate,0.2671875,4000,5000,20,20
pilot_v1_s2,S2,uniform_high,32,5,social_perception_error,0.11736345307917888,4000,5000,20,20
pilot_v1_s2,S2,uniform_high,32,5,majority_mismatch_rate,0.005348214285714285,4000,5000,20,20
pilot_v1_s2,S2,uniform_high,32,5,majority_tie_rate,0.109375,4000,5000,20,20
pilot_v1_s2,S2,uniform_high,32,5,visibility_gini,0.3360655737704919,4000,5000,20,20
pilot_v1_s2,S2,uniform_high,32,5,low_extraction_rate,0.0578125,4000,5000,20,20
pilot_v1_s2,S2,uniform_high,64,5,social_perception_error,0.18235257364163615,4000,5000,20,20
pilot_v1_s2,S2,uniform_high,64,5,majority_mismatch_rate,0.049347687890546846,4000,5000,20,20
pilot_v1_s2,S2,uniform_high,64,5,majority_tie_rate,0.1640625,4000,5000,20,20
pilot_v1_s2,S2,uniform_high,64,5,visibility_gini,0.33549999999999985,4000,5000,20,20
pilot_v1_s2,S2,uniform_high,64,5,low_extraction_rate,0.1890625,4000,5000,20,20
pilot_v1_s2,S2,patchy_high,32,5,social_perception_error,0.13420652012637901,4000,5000,20,20
pilot_v1_s2,S2,patchy_high,32,5,majority_mismatch_rate,0.02706323163303141,4000,5000,20,20
pilot_v1_s2,S2,patchy_high,32,5,majority_tie_rate,0.06875,4000,5000,20,20
pilot_v1_s2,S2,patchy_high,32,5,visibility_gini,0.3360655737704919,4000,5000,20,20
pilot_v1_s2,S2,patchy_high,32,5,low_extraction_rate,0.0921875,4000,5000,20,20
pilot_v1_s2,S2,patchy_high,64,5,social_perception_error,0.20086271367521363,4000,5000,20,20
pilot_v1_s2,S2,patchy_high,64,5,majority_mismatch_rate,0.06381102218247006,4000,5000,20,20
pilot_v1_s2,S2,patchy_high,64,5,majority_tie_rate,0.18046875,4000,5000,20,20
pilot_v1_s2,S2,patchy_high,64,5,visibility_gini,0.33549999999999985,4000,5000,20,20
pilot_v1_s2,S2,patchy_high,64,5,low_extraction_rate,0.215625,4000,5000,20,20
pilot_v1_s2,S2,split_high_low,32,5,social_perception_error,0.1907047723781595,4000,5000,20,20
pilot_v1_s2,S2,split_high_low,32,5,majority_mismatch_rate,0.06767539612367199,4000,5000,20,20
pilot_v1_s2,S2,split_high_low,32,5,majority_tie_rate,0.14375,4000,5000,20,20
pilot_v1_s2,S2,split_high_low,32,5,visibility_gini,0.3360655737704919,4000,5000,20,20
pilot_v1_s2,S2,split_high_low,32,5,low_extraction_rate,0.153125,4000,5000,20,20
pilot_v1_s2,S2,split_high_low,64,5,social_perception_error,0.20419876564407816,4000,5000,20,20
pilot_v1_s2,S2,split_high_low,64,5,majority_mismatch_rate,0.07886741042673624,4000,5000,20,20
pilot_v1_s2,S2,split_high_low,64,5,majority_tie_rate,0.19375,4000,5000,20,20
pilot_v1_s2,S2,split_high_low,64,5,visibility_gini,0.33549999999999985,4000,5000,20,20
pilot_v1_s2,S2,split_high_low,64,5,low_extraction_rate,0.2421875,4000,5000,20,20
pilot_v1_s2,S2,uniform_high,32,6,social_perception_error,0.12740837413594472,4000,5000,20,20
pilot_v1_s2,S2,uniform_high,32,6,majority_mismatch_rate,0.005,4000,5000,20,20
pilot_v1_s2,S2,uniform_high,32,6,majority_tie_rate,0.0578125,4000,5000,20,20
pilot_v1_s2,S2,uniform_high,32,6,visibility_gini,0.315061475409836,4000,5000,20,20
pilot_v1_s2,S2,uniform_high,32,6,low_extraction_rate,0.1046875,4000,5000,20,20
pilot_v1_s2,S2,uniform_high,64,6,social_perception_error,0.23127135496995693,4000,5000,20,20
pilot_v1_s2,S2,uniform_high,64,6,majority_mismatch_rate,0.2375008132184365,4000,5000,20,20
pilot_v1_s2,S2,uniform_high,64,6,majority_tie_rate,0.26875,4000,5000,20,20
pilot_v1_s2,S2,uniform_high,64,6,visibility_gini,0.366625,4000,5000,20,20
pilot_v1_s2,S2,uniform_high,64,6,low_extraction_rate,0.34453125,4000,5000,20,20
pilot_v1_s2,S2,patchy_high,32,6,social_perception_error,0.16021973406298007,4000,5000,20,20
pilot_v1_s2,S2,patchy_high,32,6,majority_mismatch_rate,0.02934839234839235,4000,5000,20,20
pilot_v1_s2,S2,patchy_high,32,6,majority_tie_rate,0.1296875,4000,5000,20,20
pilot_v1_s2,S2,patchy_high,32,6,visibility_gini,0.315061475409836,4000,5000,20,20
pilot_v1_s2,S2,patchy_high,32,6,low_extraction_rate,0.1265625,4000,5000,20,20
pilot_v1_s2,S2,patchy_high,64,6,social_perception_error,0.2450252082530043,4000,5000,20,20
pilot_v1_s2,S2,patchy_high,64,6,majority_mismatch_rate,0.3263019223161228,4000,5000,20,20
pilot_v1_s2,S2,patchy_high,64,6,majority_tie_rate,0.3015625,4000,5000,20,20
pilot_v1_s2,S2,patchy_high,64,6,visibility_gini,0.366625,4000,5000,20,20
pilot_v1_s2,S2,patchy_high,64,6,low_extraction_rate,0.35625,4000,5000,20,20
pilot_v1_s2,S2,split_high_low,32,6,social_perception_error,0.11102678571428573,4000,5000,20,20
pilot_v1_s2,S2,split_high_low,32,6,majority_mismatch_rate,0.0075625,4000,5000,20,20
pilot_v1_s2,S2,split_high_low,32,6,majority_tie_rate,0.04375,4000,5000,20,20
pilot_v1_s2,S2,split_high_low,32,6,visibility_gini,0.315061475409836,4000,5000,20,20
pilot_v1_s2,S2,split_high_low,32,6,low_extraction_rate,0.0875,4000,5000,20,20
pilot_v1_s2,S2,split_high_low,64,6,social_perception_error,0.22726413138214124,4000,5000,20,20
pilot_v1_s2,S2,split_high_low,64,6,majority_mismatch_rate,0.1837597274723556,4000,5000,20,20
pilot_v1_s2,S2,split_high_low,64,6,majority_tie_rate,0.23984375,4000,5000,20,20
pilot_v1_s2,S2,split_high_low,64,6,visibility_gini,0.366625,4000,5000,20,20
pilot_v1_s2,S2,split_high_low,64,6,low_extraction_rate,0.3484375,4000,5000,20,20
pilot_v1_s2,S2,uniform_high,32,7,social_perception_error,0.11983086917562724,4000,5000,20,20
pilot_v1_s2,S2,uniform_high,32,7,majority_mismatch_rate,0.012438423645320197,4000,5000,20,20
pilot_v1_s2,S2,uniform_high,32,7,majority_tie_rate,0.06875,4000,5000,20,20
pilot_v1_s2,S2,uniform_high,32,7,visibility_gini,0.3212090163934427,4000,5000,20,20
pilot_v1_s2,S2,uniform_high,32,7,low_extraction_rate,0.0890625,4000,5000,20,20
pilot_v1_s2,S2,uniform_high,64,7,social_perception_error,0.21223361057345427,4000,5000,20,20
pilot_v1_s2,S2,uniform_high,64,7,majority_mismatch_rate,0.06835249097652325,4000,5000,20,20
pilot_v1_s2,S2,uniform_high,64,7,majority_tie_rate,0.17109375,4000,5000,20,20
pilot_v1_s2,S2,uniform_high,64,7,visibility_gini,0.3546250000000001,4000,5000,20,20
pilot_v1_s2,S2,uniform_high,64,7,low_extraction_rate,0.22265625,4000,5000,20,20
pilot_v1_s2,S2,patchy_high,32,7,social_perception_error,0.10913588469662057,4000,5000,20,20
pilot_v1_s2,S2,patchy_high,32,7,majority_mismatch_rate,0.007213555920452472,4000,5000,20,20
pilot_v1_s2,S2,patchy_high,32,7,majority_tie_rate,0.0765625,4000,5000,20,20
pilot_v1_s2,S2,patchy_high,32,7,visibility_gini,0.3212090163934427,4000,5000,20,20
pilot_v1_s2,S2,patchy_high,32,7,low_extraction_rate,0.075,4000,5000,20,20
pilot_v1_s2,S2,patchy_high,64,7,social_perception_error,0.1970064831002331,4000,5000,20,20
pilot_v1_s2,S2,patchy_high,64,7,majority_mismatch_rate,0.03394574874278081,4000,5000,20,20
pilot_v1_s2,S2,patchy_high,64,7,majority_tie_rate,0.16484375,4000,5000,20,20
pilot_v1_s2,S2,patchy_high,64,7,visibility_gini,0.3546250000000001,4000,5000,20,20
pilot_v1_s2,S2,patchy_high,64,7,low_extraction_rate,0.21484375,4000,5000,20,20
pilot_v1_s2,S2,split_high_low,32,7,social_perception_error,0.19693280369943678,4000,5000,20,20
pilot_v1_s2,S2,split_high_low,32,7,majority_mismatch_rate,0.08587974480403267,4000,5000,20,20
pilot_v1_s2,S2,split_high_low,32,7,majority_tie_rate,0.1875,4000,5000,20,20
pilot_v1_s2,S2,split_high_low,32,7,visibility_gini,0.3212090163934427,4000,5000,20,20
pilot_v1_s2,S2,split_high_low,32,7,low_extraction_rate,0.1921875,4000,5000,20,20
pilot_v1_s2,S2,split_high_low,64,7,social_perception_error,0.19660148445304695,4000,5000,20,20
pilot_v1_s2,S2,split_high_low,64,7,majority_mismatch_rate,0.040056052516978344,4000,5000,20,20
pilot_v1_s2,S2,split_high_low,64,7,majority_tie_rate,0.16953125,4000,5000,20,20
pilot_v1_s2,S2,split_high_low,64,7,visibility_gini,0.3546250000000001,4000,5000,20,20
pilot_v1_s2,S2,split_high_low,64,7,low_extraction_rate,0.2140625,4000,5000,20,20
pilot_v1_s2,S2,uniform_high,32,8,social_perception_error,0.16637627535434993,4000,5000,20,20
pilot_v1_s2,S2,uniform_high,32,8,majority_mismatch_rate,0.04262531673821997,4000,5000,20,20
pilot_v1_s2,S2,uniform_high,32,8,majority_tie_rate,0.096875,4000,5000,20,20
pilot_v1_s2,S2,uniform_high,32,8,visibility_gini,0.32581967213114743,4000,5000,20,20
pilot_v1_s2,S2,uniform_high,32,8,low_extraction_rate,0.1625,4000,5000,20,20
pilot_v1_s2,S2,uniform_high,64,8,social_perception_error,0.22155208831966644,4000,5000,20,20
pilot_v1_s2,S2,uniform_high,64,8,majority_mismatch_rate,0.2869525493605503,4000,5000,20,20
pilot_v1_s2,S2,uniform_high,64,8,majority_tie_rate,0.28125,4000,5000,20,20
pilot_v1_s2,S2,uniform_high,64,8,visibility_gini,0.3481249999999999,4000,5000,20,20
pilot_v1_s2,S2,uniform_high,64,8,low_extraction_rate,0.4296875,4000,5000,20,20
pilot_v1_s2,S2,patchy_high,32,8,social_perception_error,0.1614159106182796,4000,5000,20,20
pilot_v1_s2,S2,patchy_high,32,8,majority_mismatch_rate,0.033494258391157716,4000,5000,20,20
pilot_v1_s2,S2,patchy_high,32,8,majority_tie_rate,0.0796875,4000,5000,20,20
pilot_v1_s2,S2,patchy_high,32,8,visibility_gini,0.32581967213114743,4000,5000,20,20
pilot_v1_s2,S2,patchy_high,32,8,low_extraction_rate,0.1453125,4000,5000,20,20
pilot_v1_s2,S2,patchy_high,64,8,social_perception_error,0.22189569003045562,4000,5000,20,20
pilot_v1_s2,S2,patchy_high,64,8,majority_mismatch_rate,0.31860386353086007,4000,5000,20,20
pilot_v1_s2,S2,patchy_high,64,8,majority_tie_rate,0.27265625,4000,5000,20,20
pilot_v1_s2,S2,patchy_high,64,8,visibility_gini,0.3481249999999999,4000,5000,20,20
pilot_v1_s2,S2,patchy_high,64,8,low_extraction_rate,0.4203125,4000,5000,20,20
pilot_v1_s2,S2,split_high_low,32,8,social_perception_error,0.20596006689882698,4000,5000,20,20
pilot_v1_s2,S2,split_high_low,32,8,majority_mismatch_rate,0.14230665663730052,4000,5000,20,20
pilot_v1_s2,S2,split_high_low,32,8,majority_tie_rate,0.246875,4000,5000,20,20
pilot_v1_s2,S2,split_high_low,32,8,visibility_gini,0.32581967213114743,4000,5000,20,20
pilot_v1_s2,S2,split_high_low,32,8,low_extraction_rate,0.2578125,4000,5000,20,20
pilot_v1_s2,S2,split_high_low,64,8,social_perception_error,0.21181800187659566,4000,5000,20,20
pilot_v1_s2,S2,split_high_low,64,8,majority_mismatch_rate,0.19572629867862446,4000,5000,20,20
pilot_v1_s2,S2,split_high_low,64,8,majority_tie_rate,0.240625,4000,5000,20,20
pilot_v1_s2,S2,split_high_low,64,8,visibility_gini,0.3481249999999999,4000,5000,20,20
pilot_v1_s2,S2,split_high_low,64,8,low_extraction_rate,0.36328125,4000,5000,20,20
pilot_v1_s2,S2,uniform_high,32,9,social_perception_error,0.07843023911572299,4000,5000,20,20
pilot_v1_s2,S2,uniform_high,32,9,majority_mismatch_rate,0.0017241379310344827,4000,5000,20,20
pilot_v1_s2,S2,uniform_high,32,9,majority_tie_rate,0.0265625,4000,5000,20,20
pilot_v1_s2,S2,uniform_high,32,9,visibility_gini,0.30942622950819665,4000,5000,20,20
pilot_v1_s2,S2,uniform_high,32,9,low_extraction_rate,0.059375,4000,5000,20,20
pilot_v1_s2,S2,uniform_high,64,9,social_perception_error,0.1738758191050543,4000,5000,20,20
pilot_v1_s2,S2,uniform_high,64,9,majority_mismatch_rate,0.023211602324015316,4000,5000,20,20
pilot_v1_s2,S2,uniform_high,64,9,majority_tie_rate,0.15078125,4000,5000,20,20
pilot_v1_s2,S2,uniform_high,64,9,visibility_gini,0.35325000000000006,4000,5000,20,20
pilot_v1_s2,S2,uniform_high,64,9,low_extraction_rate,0.175,4000,5000,20,20
pilot_v1_s2,S2,patchy_high,32,9,social_perception_error,0.08957900802154833,4000,5000,20,20
pilot_v1_s2,S2,patchy_high,32,9,majority_mismatch_rate,0.0034482758620689655,4000,5000,20,20
pilot_v1_s2,S2,patchy_high,32,9,majority_tie_rate,0.0484375,4000,5000,20,20
pilot_v1_s2,S2,patchy_high,32,9,visibility_gini,0.30942622950819665,4000,5000,20,20
pilot_v1_s2,S2,patchy_high,32,9,low_extraction_rate,0.06875,4000,5000,20,20
pilot_v1_s2,S2,patchy_high,64,9,social_perception_error,0.16843717366332495,4000,5000,20,20
pilot_v1_s2,S2,patchy_high,64,9,majority_mismatch_rate,0.015792323902787515,4000,5000,20,20
pilot_v1_s2,S2,patchy_high,64,9,majority_tie_rate,0.13671875,4000,5000,20,20
pilot_v1_s2,S2,patchy_high,64,9,visibility_gini,0.35325000000000006,4000,5000,20,20
pilot_v1_s2,S2,patchy_high,64,9,low_extraction_rate,0.1640625,4000,5000,20,20
pilot_v1_s2,S2,split_high_low,32,9,social_perception_error,0.15831528560485214,4000,5000,20,20
pilot_v1_s2,S2,split_high_low,32,9,majority_mismatch_rate,0.014799082313681869,4000,5000,20,20
pilot_v1_s2,S2,split_high_low,32,9,majority_tie_rate,0.0765625,4000,5000,20,20
pilot_v1_s2,S2,split_high_low,32,9,visibility_gini,0.30942622950819665,4000,5000,20,20
pilot_v1_s2,S2,split_high_low,32,9,low_extraction_rate,0.1515625,4000,5000,20,20
pilot_v1_s2,S2,split_high_low,64,9,social_perception_error,0.17562259470674235,4000,5000,20,20
pilot_v1_s2,S2,split_high_low,64,9,majority_mismatch_rate,0.03757563792584935,4000,5000,20,20
pilot_v1_s2,S2,split_high_low,64,9,majority_tie_rate,0.13125,4000,5000,20,20
pilot_v1_s2,S2,split_high_low,64,9,visibility_gini,0.35325000000000006,4000,5000,20,20
pilot_v1_s2,S2,split_high_low,64,9,low_extraction_rate,0.1578125,4000,5000,20,20
